 time            v(bufinp)       v(bufinn)       v(outp)         v(outn)        
 0.00000000e+00  1.80000000e+00  1.80000000e+00  3.01570958e+00  3.01570958e+00 
 5.00000000e-15  1.80000471e+00  1.79999529e+00  3.01571409e+00  3.01570507e+00 
 1.00000000e-14  1.80000942e+00  1.79999058e+00  3.01571851e+00  3.01570064e+00 
 2.00000000e-14  1.80001885e+00  1.79998115e+00  3.01572719e+00  3.01569197e+00 
 4.00000000e-14  1.80003770e+00  1.79996230e+00  3.01574355e+00  3.01567561e+00 
 8.00000000e-14  1.80007540e+00  1.79992460e+00  3.01577265e+00  3.01564651e+00 
 1.60000000e-13  1.80015080e+00  1.79984920e+00  3.01581868e+00  3.01560048e+00 
 3.20000000e-13  1.80030159e+00  1.79969841e+00  3.01587511e+00  3.01554405e+00 
 6.40000000e-13  1.80060318e+00  1.79939682e+00  3.01590302e+00  3.01551611e+00 
 1.14000000e-12  1.80107442e+00  1.79892558e+00  3.01582688e+00  3.01559189e+00 
 1.64000000e-12  1.80154564e+00  1.79845436e+00  3.01566515e+00  3.01575240e+00 
 2.14000000e-12  1.80201684e+00  1.79798316e+00  3.01544044e+00  3.01597462e+00 
 2.64000000e-12  1.80248803e+00  1.79751197e+00  3.01516245e+00  3.01624866e+00 
 3.14000000e-12  1.80295919e+00  1.79704081e+00  3.01483813e+00  3.01656747e+00 
 3.64000000e-12  1.80343032e+00  1.79656968e+00  3.01447262e+00  3.01692592e+00 
 4.14000000e-12  1.80390142e+00  1.79609858e+00  3.01407002e+00  3.01731997e+00 
 4.64000000e-12  1.80437248e+00  1.79562752e+00  3.01363377e+00  3.01774628e+00 
 5.14000000e-12  1.80484349e+00  1.79515651e+00  3.01316684e+00  3.01820199e+00 
 5.64000000e-12  1.80531446e+00  1.79468554e+00  3.01267187e+00  3.01868456e+00 
 6.14000000e-12  1.80578538e+00  1.79421462e+00  3.01215125e+00  3.01919171e+00 
 6.64000000e-12  1.80625624e+00  1.79374376e+00  3.01160712e+00  3.01972140e+00 
 7.14000000e-12  1.80672703e+00  1.79327297e+00  3.01104146e+00  3.02027173e+00 
 7.64000000e-12  1.80719777e+00  1.79280223e+00  3.01045607e+00  3.02084100e+00 
 8.14000000e-12  1.80766843e+00  1.79233157e+00  3.00985260e+00  3.02142762e+00 
 8.64000000e-12  1.80813901e+00  1.79186099e+00  3.00923257e+00  3.02203015e+00 
 9.14000000e-12  1.80860951e+00  1.79139049e+00  3.00859737e+00  3.02264725e+00 
 9.64000000e-12  1.80907993e+00  1.79092007e+00  3.00794828e+00  3.02327771e+00 
 1.01400000e-11  1.80955026e+00  1.79044974e+00  3.00728648e+00  3.02392039e+00 
 1.06400000e-11  1.81002050e+00  1.78997950e+00  3.00661304e+00  3.02457426e+00 
 1.11400000e-11  1.81049063e+00  1.78950937e+00  3.00592897e+00  3.02523837e+00 
 1.16400000e-11  1.81096066e+00  1.78903934e+00  3.00523516e+00  3.02591184e+00 
 1.21400000e-11  1.81143059e+00  1.78856941e+00  3.00453247e+00  3.02659386e+00 
 1.26400000e-11  1.81190040e+00  1.78809960e+00  3.00382167e+00  3.02728369e+00 
 1.31400000e-11  1.81237009e+00  1.78762991e+00  3.00310347e+00  3.02798063e+00 
 1.36400000e-11  1.81283967e+00  1.78716033e+00  3.00237852e+00  3.02868407e+00 
 1.41400000e-11  1.81330911e+00  1.78669089e+00  3.00164742e+00  3.02939341e+00 
 1.46400000e-11  1.81377842e+00  1.78622158e+00  3.00091074e+00  3.03010812e+00 
 1.51400000e-11  1.81424760e+00  1.78575240e+00  3.00016898e+00  3.03082770e+00 
 1.56400000e-11  1.81471664e+00  1.78528336e+00  2.99942262e+00  3.03155170e+00 
 1.61400000e-11  1.81518553e+00  1.78481447e+00  2.99867209e+00  3.03227970e+00 
 1.66400000e-11  1.81565427e+00  1.78434573e+00  2.99791779e+00  3.03301130e+00 
 1.71400000e-11  1.81612286e+00  1.78387714e+00  2.99716009e+00  3.03374614e+00 
 1.76400000e-11  1.81659129e+00  1.78340871e+00  2.99639933e+00  3.03448390e+00 
 1.81400000e-11  1.81705956e+00  1.78294044e+00  2.99563583e+00  3.03522427e+00 
 1.86400000e-11  1.81752765e+00  1.78247235e+00  2.99486988e+00  3.03596695e+00 
 1.91400000e-11  1.81799557e+00  1.78200443e+00  2.99410175e+00  3.03671170e+00 
 1.96400000e-11  1.81846332e+00  1.78153668e+00  2.99333168e+00  3.03745826e+00 
 2.01400000e-11  1.81893088e+00  1.78106912e+00  2.99255992e+00  3.03820641e+00 
 2.06400000e-11  1.81939826e+00  1.78060174e+00  2.99178666e+00  3.03895593e+00 
 2.11400000e-11  1.81986545e+00  1.78013455e+00  2.99101211e+00  3.03970665e+00 
 2.16400000e-11  1.82033244e+00  1.77966756e+00  2.99023646e+00  3.04045836e+00 
 2.21400000e-11  1.82079922e+00  1.77920078e+00  2.98945987e+00  3.04121091e+00 
 2.26400000e-11  1.82126581e+00  1.77873419e+00  2.98868250e+00  3.04196415e+00 
 2.31400000e-11  1.82173218e+00  1.77826782e+00  2.98790450e+00  3.04271791e+00 
 2.36400000e-11  1.82219834e+00  1.77780166e+00  2.98712601e+00  3.04347208e+00 
 2.41400000e-11  1.82266428e+00  1.77733572e+00  2.98634716e+00  3.04422651e+00 
 2.46400000e-11  1.82313000e+00  1.77687000e+00  2.98556806e+00  3.04498110e+00 
 2.51400000e-11  1.82359548e+00  1.77640452e+00  2.98478882e+00  3.04573573e+00 
 2.56400000e-11  1.82406074e+00  1.77593926e+00  2.98400956e+00  3.04649030e+00 
 2.61400000e-11  1.82452576e+00  1.77547424e+00  2.98323036e+00  3.04724471e+00 
 2.66400000e-11  1.82499053e+00  1.77500947e+00  2.98245133e+00  3.04799886e+00 
 2.71400000e-11  1.82545506e+00  1.77454494e+00  2.98167254e+00  3.04875268e+00 
 2.76400000e-11  1.82591934e+00  1.77408066e+00  2.98089408e+00  3.04950608e+00 
 2.81400000e-11  1.82638336e+00  1.77361664e+00  2.98011603e+00  3.05025898e+00 
 2.86400000e-11  1.82684712e+00  1.77315288e+00  2.97933845e+00  3.05101132e+00 
 2.91400000e-11  1.82731062e+00  1.77268938e+00  2.97856142e+00  3.05176301e+00 
 2.96400000e-11  1.82777384e+00  1.77222616e+00  2.97778500e+00  3.05251401e+00 
 3.01400000e-11  1.82823680e+00  1.77176320e+00  2.97700924e+00  3.05326424e+00 
 3.06400000e-11  1.82869947e+00  1.77130053e+00  2.97623422e+00  3.05401364e+00 
 3.11400000e-11  1.82916186e+00  1.77083814e+00  2.97545999e+00  3.05476216e+00 
 3.16400000e-11  1.82962396e+00  1.77037604e+00  2.97468659e+00  3.05550975e+00 
 3.21400000e-11  1.83008577e+00  1.76991423e+00  2.97391408e+00  3.05625635e+00 
 3.26400000e-11  1.83054729e+00  1.76945271e+00  2.97314251e+00  3.05700192e+00 
 3.31400000e-11  1.83100850e+00  1.76899150e+00  2.97237193e+00  3.05774640e+00 
 3.36400000e-11  1.83146941e+00  1.76853059e+00  2.97160237e+00  3.05848975e+00 
 3.41400000e-11  1.83193000e+00  1.76807000e+00  2.97083389e+00  3.05923192e+00 
 3.46400000e-11  1.83239028e+00  1.76760972e+00  2.97006652e+00  3.05997288e+00 
 3.51400000e-11  1.83285024e+00  1.76714976e+00  2.96930031e+00  3.06071258e+00 
 3.56400000e-11  1.83330988e+00  1.76669012e+00  2.96853529e+00  3.06145098e+00 
 3.61400000e-11  1.83376919e+00  1.76623081e+00  2.96777151e+00  3.06218804e+00 
 3.66400000e-11  1.83422816e+00  1.76577184e+00  2.96700899e+00  3.06292372e+00 
 3.71400000e-11  1.83468680e+00  1.76531320e+00  2.96624778e+00  3.06365798e+00 
 3.76400000e-11  1.83514509e+00  1.76485491e+00  2.96548791e+00  3.06439080e+00 
 3.81400000e-11  1.83560304e+00  1.76439696e+00  2.96472942e+00  3.06512213e+00 
 3.86400000e-11  1.83606064e+00  1.76393936e+00  2.96397233e+00  3.06585193e+00 
 3.91400000e-11  1.83651788e+00  1.76348212e+00  2.96321669e+00  3.06658018e+00 
 3.96400000e-11  1.83697476e+00  1.76302524e+00  2.96246251e+00  3.06730684e+00 
 4.01400000e-11  1.83743127e+00  1.76256873e+00  2.96170985e+00  3.06803188e+00 
 4.06400000e-11  1.83788742e+00  1.76211258e+00  2.96095872e+00  3.06875526e+00 
 4.11400000e-11  1.83834319e+00  1.76165681e+00  2.96020916e+00  3.06947695e+00 
 4.16400000e-11  1.83879858e+00  1.76120142e+00  2.95946119e+00  3.07019692e+00 
 4.21400000e-11  1.83925359e+00  1.76074641e+00  2.95871486e+00  3.07091513e+00 
 4.26400000e-11  1.83970821e+00  1.76029179e+00  2.95797018e+00  3.07163157e+00 
 4.31400000e-11  1.84016244e+00  1.75983756e+00  2.95722719e+00  3.07234619e+00 
 4.36400000e-11  1.84061628e+00  1.75938372e+00  2.95648591e+00  3.07305896e+00 
 4.41400000e-11  1.84106971e+00  1.75893029e+00  2.95574639e+00  3.07376986e+00 
 4.46400000e-11  1.84152274e+00  1.75847726e+00  2.95500863e+00  3.07447885e+00 
 4.51400000e-11  1.84197536e+00  1.75802464e+00  2.95427268e+00  3.07518591e+00 
 4.56400000e-11  1.84242756e+00  1.75757244e+00  2.95353855e+00  3.07589100e+00 
 4.61400000e-11  1.84287935e+00  1.75712065e+00  2.95280629e+00  3.07659410e+00 
 4.66400000e-11  1.84333071e+00  1.75666929e+00  2.95207591e+00  3.07729517e+00 
 4.71400000e-11  1.84378164e+00  1.75621836e+00  2.95134745e+00  3.07799419e+00 
 4.76400000e-11  1.84423215e+00  1.75576785e+00  2.95062092e+00  3.07869112e+00 
 4.81400000e-11  1.84468221e+00  1.75531779e+00  2.94989637e+00  3.07938594e+00 
 4.86400000e-11  1.84513184e+00  1.75486816e+00  2.94917381e+00  3.08007862e+00 
 4.91400000e-11  1.84558102e+00  1.75441898e+00  2.94845328e+00  3.08076913e+00 
 4.96400000e-11  1.84602974e+00  1.75397026e+00  2.94773480e+00  3.08145744e+00 
 5.01400000e-11  1.84647802e+00  1.75352198e+00  2.94701840e+00  3.08214352e+00 
 5.06400000e-11  1.84692584e+00  1.75307416e+00  2.94630411e+00  3.08282734e+00 
 5.11400000e-11  1.84737319e+00  1.75262681e+00  2.94559194e+00  3.08350888e+00 
 5.16400000e-11  1.84782008e+00  1.75217992e+00  2.94488194e+00  3.08418810e+00 
 5.21400000e-11  1.84826649e+00  1.75173351e+00  2.94417413e+00  3.08486498e+00 
 5.26400000e-11  1.84871243e+00  1.75128757e+00  2.94346853e+00  3.08553948e+00 
 5.31400000e-11  1.84915788e+00  1.75084212e+00  2.94276517e+00  3.08621159e+00 
 5.36400000e-11  1.84960286e+00  1.75039714e+00  2.94206408e+00  3.08688126e+00 
 5.41400000e-11  1.85004734e+00  1.74995266e+00  2.94136528e+00  3.08754848e+00 
 5.46400000e-11  1.85049133e+00  1.74950867e+00  2.94066881e+00  3.08821321e+00 
 5.51400000e-11  1.85093481e+00  1.74906519e+00  2.93997468e+00  3.08887543e+00 
 5.56400000e-11  1.85137780e+00  1.74862220e+00  2.93928294e+00  3.08953510e+00 
 5.61400000e-11  1.85182028e+00  1.74817972e+00  2.93859359e+00  3.09019220e+00 
 5.66400000e-11  1.85226225e+00  1.74773775e+00  2.93790668e+00  3.09084669e+00 
 5.71400000e-11  1.85270370e+00  1.74729630e+00  2.93722222e+00  3.09149856e+00 
 5.76400000e-11  1.85314463e+00  1.74685537e+00  2.93654025e+00  3.09214777e+00 
 5.81400000e-11  1.85358504e+00  1.74641496e+00  2.93586079e+00  3.09279430e+00 
 5.86400000e-11  1.85402492e+00  1.74597508e+00  2.93518386e+00  3.09343811e+00 
 5.91400000e-11  1.85446427e+00  1.74553573e+00  2.93450950e+00  3.09407918e+00 
 5.96400000e-11  1.85490308e+00  1.74509692e+00  2.93383773e+00  3.09471748e+00 
 6.01400000e-11  1.85534134e+00  1.74465866e+00  2.93316858e+00  3.09535298e+00 
 6.06400000e-11  1.85577906e+00  1.74422094e+00  2.93250208e+00  3.09598565e+00 
 6.11400000e-11  1.85621623e+00  1.74378377e+00  2.93183824e+00  3.09661547e+00 
 6.16400000e-11  1.85665285e+00  1.74334715e+00  2.93117711e+00  3.09724240e+00 
 6.21400000e-11  1.85708890e+00  1.74291110e+00  2.93051870e+00  3.09786642e+00 
 6.26400000e-11  1.85752440e+00  1.74247560e+00  2.92986305e+00  3.09848750e+00 
 6.31400000e-11  1.85795932e+00  1.74204068e+00  2.92921017e+00  3.09910561e+00 
 6.36400000e-11  1.85839367e+00  1.74160633e+00  2.92856010e+00  3.09972073e+00 
 6.41400000e-11  1.85882745e+00  1.74117255e+00  2.92791286e+00  3.10033283e+00 
 6.46400000e-11  1.85926064e+00  1.74073936e+00  2.92726849e+00  3.10094187e+00 
 6.51400000e-11  1.85969326e+00  1.74030674e+00  2.92662699e+00  3.10154784e+00 
 6.56400000e-11  1.86012528e+00  1.73987472e+00  2.92598842e+00  3.10215070e+00 
 6.61400000e-11  1.86055671e+00  1.73944329e+00  2.92535278e+00  3.10275042e+00 
 6.66400000e-11  1.86098754e+00  1.73901246e+00  2.92472011e+00  3.10334698e+00 
 6.71400000e-11  1.86141776e+00  1.73858224e+00  2.92409043e+00  3.10394036e+00 
 6.76400000e-11  1.86184739e+00  1.73815261e+00  2.92346377e+00  3.10453052e+00 
 6.81400000e-11  1.86227640e+00  1.73772360e+00  2.92284015e+00  3.10511744e+00 
 6.86400000e-11  1.86270480e+00  1.73729520e+00  2.92221961e+00  3.10570108e+00 
 6.91400000e-11  1.86313257e+00  1.73686743e+00  2.92160216e+00  3.10628143e+00 
 6.96400000e-11  1.86355973e+00  1.73644027e+00  2.92098784e+00  3.10685846e+00 
 7.01400000e-11  1.86398626e+00  1.73601374e+00  2.92037668e+00  3.10743214e+00 
 7.06400000e-11  1.86441215e+00  1.73558785e+00  2.91976868e+00  3.10800245e+00 
 7.11400000e-11  1.86483742e+00  1.73516258e+00  2.91916389e+00  3.10856935e+00 
 7.16400000e-11  1.86526204e+00  1.73473796e+00  2.91856233e+00  3.10913282e+00 
 7.21400000e-11  1.86568601e+00  1.73431399e+00  2.91796402e+00  3.10969284e+00 
 7.26400000e-11  1.86610934e+00  1.73389066e+00  2.91736900e+00  3.11024939e+00 
 7.31400000e-11  1.86653202e+00  1.73346798e+00  2.91677728e+00  3.11080242e+00 
 7.36400000e-11  1.86695404e+00  1.73304596e+00  2.91618888e+00  3.11135193e+00 
 7.41400000e-11  1.86737540e+00  1.73262460e+00  2.91560385e+00  3.11189789e+00 
 7.46400000e-11  1.86779609e+00  1.73220391e+00  2.91502220e+00  3.11244027e+00 
 7.51400000e-11  1.86821611e+00  1.73178389e+00  2.91444395e+00  3.11297904e+00 
 7.56400000e-11  1.86863547e+00  1.73136453e+00  2.91386913e+00  3.11351419e+00 
 7.61400000e-11  1.86905414e+00  1.73094586e+00  2.91329778e+00  3.11404569e+00 
 7.66400000e-11  1.86947213e+00  1.73052787e+00  2.91272990e+00  3.11457351e+00 
 7.71400000e-11  1.86988944e+00  1.73011056e+00  2.91216552e+00  3.11509764e+00 
 7.76400000e-11  1.87030606e+00  1.72969394e+00  2.91160468e+00  3.11561805e+00 
 7.81400000e-11  1.87072198e+00  1.72927802e+00  2.91104738e+00  3.11613472e+00 
 7.86400000e-11  1.87113720e+00  1.72886280e+00  2.91049367e+00  3.11664762e+00 
 7.91400000e-11  1.87155173e+00  1.72844827e+00  2.90994355e+00  3.11715674e+00 
 7.96400000e-11  1.87196554e+00  1.72803446e+00  2.90939706e+00  3.11766205e+00 
 8.01400000e-11  1.87237865e+00  1.72762135e+00  2.90885421e+00  3.11816353e+00 
 8.06400000e-11  1.87279104e+00  1.72720896e+00  2.90831504e+00  3.11866116e+00 
 8.11400000e-11  1.87320271e+00  1.72679729e+00  2.90777955e+00  3.11915493e+00 
 8.16400000e-11  1.87361367e+00  1.72638633e+00  2.90724778e+00  3.11964481e+00 
 8.21400000e-11  1.87402389e+00  1.72597611e+00  2.90671975e+00  3.12013078e+00 
 8.26400000e-11  1.87443338e+00  1.72556662e+00  2.90619547e+00  3.12061283e+00 
 8.31400000e-11  1.87484214e+00  1.72515786e+00  2.90567498e+00  3.12109093e+00 
 8.36400000e-11  1.87525016e+00  1.72474984e+00  2.90515828e+00  3.12156507e+00 
 8.41400000e-11  1.87565744e+00  1.72434256e+00  2.90464541e+00  3.12203524e+00 
 8.46400000e-11  1.87606397e+00  1.72393603e+00  2.90413638e+00  3.12250141e+00 
 8.51400000e-11  1.87646976e+00  1.72353024e+00  2.90363121e+00  3.12296356e+00 
 8.56400000e-11  1.87687478e+00  1.72312522e+00  2.90312992e+00  3.12342169e+00 
 8.61400000e-11  1.87727905e+00  1.72272095e+00  2.90263254e+00  3.12387579e+00 
 8.66400000e-11  1.87768255e+00  1.72231745e+00  2.90213908e+00  3.12432582e+00 
 8.71400000e-11  1.87808529e+00  1.72191471e+00  2.90164955e+00  3.12477179e+00 
 8.76400000e-11  1.87848726e+00  1.72151274e+00  2.90116399e+00  3.12521367e+00 
 8.81400000e-11  1.87888845e+00  1.72111155e+00  2.90068239e+00  3.12565146e+00 
 8.86400000e-11  1.87928886e+00  1.72071114e+00  2.90020480e+00  3.12608514e+00 
 8.91400000e-11  1.87968850e+00  1.72031150e+00  2.89973121e+00  3.12651471e+00 
 8.96400000e-11  1.88008734e+00  1.71991266e+00  2.89926165e+00  3.12694015e+00 
 9.01400000e-11  1.88048539e+00  1.71951461e+00  2.89879614e+00  3.12736145e+00 
 9.06400000e-11  1.88088265e+00  1.71911735e+00  2.89833468e+00  3.12777861e+00 
 9.11400000e-11  1.88127912e+00  1.71872088e+00  2.89787730e+00  3.12819161e+00 
 9.16400000e-11  1.88167478e+00  1.71832522e+00  2.89742400e+00  3.12860045e+00 
 9.21400000e-11  1.88206963e+00  1.71793037e+00  2.89697481e+00  3.12900513e+00 
 9.26400000e-11  1.88246367e+00  1.71753633e+00  2.89652974e+00  3.12940563e+00 
 9.31400000e-11  1.88285690e+00  1.71714310e+00  2.89608880e+00  3.12980195e+00 
 9.36400000e-11  1.88324931e+00  1.71675069e+00  2.89565200e+00  3.13019409e+00 
 9.41400000e-11  1.88364090e+00  1.71635910e+00  2.89521936e+00  3.13058205e+00 
 9.46400000e-11  1.88403167e+00  1.71596833e+00  2.89479088e+00  3.13096581e+00 
 9.51400000e-11  1.88442160e+00  1.71557840e+00  2.89436658e+00  3.13134539e+00 
 9.56400000e-11  1.88481071e+00  1.71518929e+00  2.89394647e+00  3.13172078e+00 
 9.61400000e-11  1.88519897e+00  1.71480103e+00  2.89353056e+00  3.13209197e+00 
 9.66400000e-11  1.88558640e+00  1.71441360e+00  2.89311886e+00  3.13245898e+00 
 9.71400000e-11  1.88597298e+00  1.71402702e+00  2.89271138e+00  3.13282180e+00 
 9.76400000e-11  1.88635871e+00  1.71364129e+00  2.89230812e+00  3.13318043e+00 
 9.81400000e-11  1.88674359e+00  1.71325641e+00  2.89190909e+00  3.13353488e+00 
 9.86400000e-11  1.88712761e+00  1.71287239e+00  2.89151430e+00  3.13388516e+00 
 9.91400000e-11  1.88751077e+00  1.71248923e+00  2.89112376e+00  3.13423127e+00 
 9.96400000e-11  1.88789307e+00  1.71210693e+00  2.89073746e+00  3.13457321e+00 
 1.00140000e-10  1.88827450e+00  1.71172550e+00  2.89035543e+00  3.13491099e+00 
 1.00640000e-10  1.88865506e+00  1.71134494e+00  2.88997765e+00  3.13524463e+00 
 1.01140000e-10  1.88903475e+00  1.71096525e+00  2.88960413e+00  3.13557412e+00 
 1.01640000e-10  1.88941355e+00  1.71058645e+00  2.88923488e+00  3.13589949e+00 
 1.02140000e-10  1.88979148e+00  1.71020852e+00  2.88886990e+00  3.13622074e+00 
 1.02640000e-10  1.89016851e+00  1.70983149e+00  2.88850919e+00  3.13653788e+00 
 1.03140000e-10  1.89054466e+00  1.70945534e+00  2.88815275e+00  3.13685093e+00 
 1.03640000e-10  1.89091992e+00  1.70908008e+00  2.88780058e+00  3.13715990e+00 
 1.04140000e-10  1.89129427e+00  1.70870573e+00  2.88745267e+00  3.13746481e+00 
 1.04640000e-10  1.89166773e+00  1.70833227e+00  2.88710903e+00  3.13776567e+00 
 1.05140000e-10  1.89204028e+00  1.70795972e+00  2.88676966e+00  3.13806249e+00 
 1.05640000e-10  1.89241192e+00  1.70758808e+00  2.88643454e+00  3.13835530e+00 
 1.06140000e-10  1.89278265e+00  1.70721735e+00  2.88610369e+00  3.13864412e+00 
 1.06640000e-10  1.89315247e+00  1.70684753e+00  2.88577708e+00  3.13892895e+00 
 1.07140000e-10  1.89352136e+00  1.70647864e+00  2.88545472e+00  3.13920984e+00 
 1.07640000e-10  1.89388934e+00  1.70611066e+00  2.88513660e+00  3.13948678e+00 
 1.08140000e-10  1.89425638e+00  1.70574362e+00  2.88482271e+00  3.13975982e+00 
 1.08640000e-10  1.89462250e+00  1.70537750e+00  2.88451304e+00  3.14002896e+00 
 1.09140000e-10  1.89498768e+00  1.70501232e+00  2.88420759e+00  3.14029423e+00 
 1.09640000e-10  1.89535193e+00  1.70464807e+00  2.88390635e+00  3.14055566e+00 
 1.10140000e-10  1.89571523e+00  1.70428477e+00  2.88360929e+00  3.14081328e+00 
 1.10640000e-10  1.89607759e+00  1.70392241e+00  2.88331642e+00  3.14106710e+00 
 1.11140000e-10  1.89643900e+00  1.70356100e+00  2.88302772e+00  3.14131716e+00 
 1.11640000e-10  1.89679946e+00  1.70320054e+00  2.88274317e+00  3.14156347e+00 
 1.12140000e-10  1.89715896e+00  1.70284104e+00  2.88246277e+00  3.14180608e+00 
 1.12640000e-10  1.89751750e+00  1.70248250e+00  2.88218649e+00  3.14204501e+00 
 1.13140000e-10  1.89787508e+00  1.70212492e+00  2.88191433e+00  3.14228029e+00 
 1.13640000e-10  1.89823170e+00  1.70176830e+00  2.88164626e+00  3.14251194e+00 
 1.14140000e-10  1.89858735e+00  1.70141265e+00  2.88138227e+00  3.14274000e+00 
 1.14640000e-10  1.89894202e+00  1.70105798e+00  2.88112233e+00  3.14296450e+00 
 1.15140000e-10  1.89929572e+00  1.70070428e+00  2.88086644e+00  3.14318548e+00 
 1.15640000e-10  1.89964843e+00  1.70035157e+00  2.88061456e+00  3.14340296e+00 
 1.16140000e-10  1.90000017e+00  1.69999983e+00  2.88036669e+00  3.14361697e+00 
 1.16640000e-10  1.90035091e+00  1.69964909e+00  2.88012279e+00  3.14382756e+00 
 1.17140000e-10  1.90070067e+00  1.69929933e+00  2.87988285e+00  3.14403475e+00 
 1.17640000e-10  1.90104943e+00  1.69895057e+00  2.87964683e+00  3.14423858e+00 
 1.18140000e-10  1.90139719e+00  1.69860281e+00  2.87941473e+00  3.14443909e+00 
 1.18640000e-10  1.90174396e+00  1.69825604e+00  2.87918651e+00  3.14463630e+00 
 1.19140000e-10  1.90208972e+00  1.69791028e+00  2.87896215e+00  3.14483026e+00 
 1.19640000e-10  1.90243447e+00  1.69756553e+00  2.87874161e+00  3.14502100e+00 
 1.20140000e-10  1.90277821e+00  1.69722179e+00  2.87852489e+00  3.14520855e+00 
 1.20640000e-10  1.90312094e+00  1.69687906e+00  2.87831194e+00  3.14539296e+00 
 1.21140000e-10  1.90346265e+00  1.69653735e+00  2.87810274e+00  3.14557426e+00 
 1.21640000e-10  1.90380333e+00  1.69619667e+00  2.87789726e+00  3.14575248e+00 
 1.22140000e-10  1.90414300e+00  1.69585700e+00  2.87769547e+00  3.14592767e+00 
 1.22640000e-10  1.90448163e+00  1.69551837e+00  2.87749734e+00  3.14609986e+00 
 1.23140000e-10  1.90481924e+00  1.69518076e+00  2.87730283e+00  3.14626909e+00 
 1.23640000e-10  1.90515581e+00  1.69484419e+00  2.87711193e+00  3.14643540e+00 
 1.24140000e-10  1.90549134e+00  1.69450866e+00  2.87692460e+00  3.14659882e+00 
 1.24640000e-10  1.90582583e+00  1.69417417e+00  2.87674079e+00  3.14675940e+00 
 1.25140000e-10  1.90615928e+00  1.69384072e+00  2.87656049e+00  3.14691717e+00 
 1.25640000e-10  1.90649168e+00  1.69350832e+00  2.87638365e+00  3.14707217e+00 
 1.26140000e-10  1.90682302e+00  1.69317698e+00  2.87621025e+00  3.14722443e+00 
 1.26640000e-10  1.90715332e+00  1.69284668e+00  2.87604025e+00  3.14737401e+00 
 1.27140000e-10  1.90748255e+00  1.69251745e+00  2.87587361e+00  3.14752092e+00 
 1.27640000e-10  1.90781073e+00  1.69218927e+00  2.87571030e+00  3.14766522e+00 
 1.28140000e-10  1.90813784e+00  1.69186216e+00  2.87555028e+00  3.14780695e+00 
 1.28640000e-10  1.90846388e+00  1.69153612e+00  2.87539352e+00  3.14794613e+00 
 1.29140000e-10  1.90878885e+00  1.69121115e+00  2.87523998e+00  3.14808281e+00 
 1.29640000e-10  1.90911275e+00  1.69088725e+00  2.87508963e+00  3.14821702e+00 
 1.30140000e-10  1.90943558e+00  1.69056442e+00  2.87494242e+00  3.14834881e+00 
 1.30640000e-10  1.90975732e+00  1.69024268e+00  2.87479832e+00  3.14847822e+00 
 1.31140000e-10  1.91007798e+00  1.68992202e+00  2.87465730e+00  3.14860526e+00 
 1.31640000e-10  1.91039755e+00  1.68960245e+00  2.87451931e+00  3.14873000e+00 
 1.32140000e-10  1.91071603e+00  1.68928397e+00  2.87438432e+00  3.14885246e+00 
 1.32640000e-10  1.91103342e+00  1.68896658e+00  2.87425229e+00  3.14897268e+00 
 1.33140000e-10  1.91134972e+00  1.68865028e+00  2.87412318e+00  3.14909070e+00 
 1.33640000e-10  1.91166491e+00  1.68833509e+00  2.87399695e+00  3.14920655e+00 
 1.34140000e-10  1.91197901e+00  1.68802099e+00  2.87387357e+00  3.14932028e+00 
 1.34640000e-10  1.91229199e+00  1.68770801e+00  2.87375299e+00  3.14943191e+00 
 1.35140000e-10  1.91260387e+00  1.68739613e+00  2.87363519e+00  3.14954148e+00 
 1.35640000e-10  1.91291464e+00  1.68708536e+00  2.87352011e+00  3.14964903e+00 
 1.36140000e-10  1.91322430e+00  1.68677570e+00  2.87340773e+00  3.14975460e+00 
 1.36640000e-10  1.91353283e+00  1.68646717e+00  2.87329799e+00  3.14985821e+00 
 1.37140000e-10  1.91384025e+00  1.68615975e+00  2.87319088e+00  3.14995991e+00 
 1.37640000e-10  1.91414654e+00  1.68585346e+00  2.87308634e+00  3.15005972e+00 
 1.38140000e-10  1.91445171e+00  1.68554829e+00  2.87298433e+00  3.15015769e+00 
 1.38640000e-10  1.91475575e+00  1.68524425e+00  2.87288483e+00  3.15025384e+00 
 1.39140000e-10  1.91505865e+00  1.68494135e+00  2.87278779e+00  3.15034821e+00 
 1.39640000e-10  1.91536042e+00  1.68463958e+00  2.87269318e+00  3.15044083e+00 
 1.40140000e-10  1.91566105e+00  1.68433895e+00  2.87260095e+00  3.15053173e+00 
 1.40640000e-10  1.91596054e+00  1.68403946e+00  2.87251107e+00  3.15062095e+00 
 1.41140000e-10  1.91625888e+00  1.68374112e+00  2.87242350e+00  3.15070852e+00 
 1.41640000e-10  1.91655608e+00  1.68344392e+00  2.87233821e+00  3.15079447e+00 
 1.42140000e-10  1.91685212e+00  1.68314788e+00  2.87225515e+00  3.15087883e+00 
 1.42640000e-10  1.91714701e+00  1.68285299e+00  2.87217429e+00  3.15096163e+00 
 1.43140000e-10  1.91744075e+00  1.68255925e+00  2.87209560e+00  3.15104291e+00 
 1.43640000e-10  1.91773333e+00  1.68226667e+00  2.87201904e+00  3.15112268e+00 
 1.44140000e-10  1.91802474e+00  1.68197526e+00  2.87194457e+00  3.15120099e+00 
 1.44640000e-10  1.91831499e+00  1.68168501e+00  2.87187216e+00  3.15127785e+00 
 1.45140000e-10  1.91860408e+00  1.68139592e+00  2.87180176e+00  3.15135331e+00 
 1.45640000e-10  1.91889199e+00  1.68110801e+00  2.87173336e+00  3.15142738e+00 
 1.46140000e-10  1.91917873e+00  1.68082127e+00  2.87166690e+00  3.15150010e+00 
 1.46640000e-10  1.91946429e+00  1.68053571e+00  2.87160236e+00  3.15157149e+00 
 1.47140000e-10  1.91974867e+00  1.68025133e+00  2.87153971e+00  3.15164157e+00 
 1.47640000e-10  1.92003188e+00  1.67996812e+00  2.87147890e+00  3.15171039e+00 
 1.48140000e-10  1.92031389e+00  1.67968611e+00  2.87141991e+00  3.15177796e+00 
 1.48640000e-10  1.92059472e+00  1.67940528e+00  2.87136271e+00  3.15184430e+00 
 1.49140000e-10  1.92087436e+00  1.67912564e+00  2.87130725e+00  3.15190945e+00 
 1.49640000e-10  1.92115281e+00  1.67884719e+00  2.87125351e+00  3.15197342e+00 
 1.50140000e-10  1.92143006e+00  1.67856994e+00  2.87120146e+00  3.15203625e+00 
 1.50640000e-10  1.92170611e+00  1.67829389e+00  2.87115106e+00  3.15209796e+00 
 1.51140000e-10  1.92198096e+00  1.67801904e+00  2.87110229e+00  3.15215857e+00 
 1.51640000e-10  1.92225461e+00  1.67774539e+00  2.87105510e+00  3.15221810e+00 
 1.52140000e-10  1.92252705e+00  1.67747295e+00  2.87100948e+00  3.15227657e+00 
 1.52640000e-10  1.92279828e+00  1.67720172e+00  2.87096540e+00  3.15233402e+00 
 1.53140000e-10  1.92306830e+00  1.67693170e+00  2.87092281e+00  3.15239046e+00 
 1.53640000e-10  1.92333710e+00  1.67666290e+00  2.87088170e+00  3.15244591e+00 
 1.54140000e-10  1.92360469e+00  1.67639531e+00  2.87084203e+00  3.15250040e+00 
 1.54640000e-10  1.92387106e+00  1.67612894e+00  2.87080378e+00  3.15255394e+00 
 1.55140000e-10  1.92413620e+00  1.67586380e+00  2.87076692e+00  3.15260656e+00 
 1.55640000e-10  1.92440012e+00  1.67559988e+00  2.87073143e+00  3.15265827e+00 
 1.56140000e-10  1.92466281e+00  1.67533719e+00  2.87069726e+00  3.15270910e+00 
 1.56640000e-10  1.92492428e+00  1.67507572e+00  2.87066441e+00  3.15275907e+00 
 1.57140000e-10  1.92518450e+00  1.67481550e+00  2.87063283e+00  3.15280819e+00 
 1.57640000e-10  1.92544350e+00  1.67455650e+00  2.87060251e+00  3.15285648e+00 
 1.58140000e-10  1.92570125e+00  1.67429875e+00  2.87057342e+00  3.15290397e+00 
 1.58640000e-10  1.92595777e+00  1.67404223e+00  2.87054554e+00  3.15295066e+00 
 1.59140000e-10  1.92621304e+00  1.67378696e+00  2.87051884e+00  3.15299659e+00 
 1.59640000e-10  1.92646706e+00  1.67353294e+00  2.87049329e+00  3.15304175e+00 
 1.60140000e-10  1.92671984e+00  1.67328016e+00  2.87046888e+00  3.15308618e+00 
 1.60640000e-10  1.92697137e+00  1.67302863e+00  2.87044557e+00  3.15312988e+00 
 1.61140000e-10  1.92722164e+00  1.67277836e+00  2.87042336e+00  3.15317288e+00 
 1.61640000e-10  1.92747066e+00  1.67252934e+00  2.87040220e+00  3.15321519e+00 
 1.62140000e-10  1.92771842e+00  1.67228158e+00  2.87038209e+00  3.15325682e+00 
 1.62640000e-10  1.92796492e+00  1.67203508e+00  2.87036300e+00  3.15329780e+00 
 1.63140000e-10  1.92821015e+00  1.67178985e+00  2.87034491e+00  3.15333813e+00 
 1.63640000e-10  1.92845412e+00  1.67154588e+00  2.87032779e+00  3.15337783e+00 
 1.64140000e-10  1.92869683e+00  1.67130317e+00  2.87031164e+00  3.15341691e+00 
 1.64640000e-10  1.92893826e+00  1.67106174e+00  2.87029642e+00  3.15345539e+00 
 1.65140000e-10  1.92917842e+00  1.67082158e+00  2.87028211e+00  3.15349329e+00 
 1.65640000e-10  1.92941731e+00  1.67058269e+00  2.87026871e+00  3.15353061e+00 
 1.66140000e-10  1.92965491e+00  1.67034509e+00  2.87025618e+00  3.15356737e+00 
 1.66640000e-10  1.92989124e+00  1.67010876e+00  2.87024452e+00  3.15360358e+00 
 1.67140000e-10  1.93012629e+00  1.66987371e+00  2.87023369e+00  3.15363925e+00 
 1.67640000e-10  1.93036005e+00  1.66963995e+00  2.87022369e+00  3.15367440e+00 
 1.68140000e-10  1.93059253e+00  1.66940747e+00  2.87021450e+00  3.15370904e+00 
 1.68640000e-10  1.93082371e+00  1.66917629e+00  2.87020609e+00  3.15374318e+00 
 1.69140000e-10  1.93105361e+00  1.66894639e+00  2.87019846e+00  3.15377683e+00 
 1.69640000e-10  1.93128221e+00  1.66871779e+00  2.87019158e+00  3.15381001e+00 
 1.70140000e-10  1.93150952e+00  1.66849048e+00  2.87018544e+00  3.15384272e+00 
 1.70640000e-10  1.93173553e+00  1.66826447e+00  2.87018002e+00  3.15387497e+00 
 1.71140000e-10  1.93196023e+00  1.66803977e+00  2.87017531e+00  3.15390678e+00 
 1.71640000e-10  1.93218364e+00  1.66781636e+00  2.87017129e+00  3.15393815e+00 
 1.72140000e-10  1.93240574e+00  1.66759426e+00  2.87016795e+00  3.15396910e+00 
 1.72640000e-10  1.93262654e+00  1.66737346e+00  2.87016527e+00  3.15399963e+00 
 1.73140000e-10  1.93284602e+00  1.66715398e+00  2.87016324e+00  3.15402976e+00 
 1.73640000e-10  1.93306419e+00  1.66693581e+00  2.87016184e+00  3.15405950e+00 
 1.74140000e-10  1.93328106e+00  1.66671894e+00  2.87016106e+00  3.15408885e+00 
 1.74640000e-10  1.93349660e+00  1.66650340e+00  2.87016089e+00  3.15411781e+00 
 1.75140000e-10  1.93371083e+00  1.66628917e+00  2.87016131e+00  3.15414642e+00 
 1.75640000e-10  1.93392374e+00  1.66607626e+00  2.87016232e+00  3.15417466e+00 
 1.76140000e-10  1.93413532e+00  1.66586468e+00  2.87016389e+00  3.15420255e+00 
 1.76640000e-10  1.93434559e+00  1.66565441e+00  2.87016601e+00  3.15423009e+00 
 1.77140000e-10  1.93455452e+00  1.66544548e+00  2.87016868e+00  3.15425730e+00 
 1.77640000e-10  1.93476213e+00  1.66523787e+00  2.87017188e+00  3.15428418e+00 
 1.78140000e-10  1.93496841e+00  1.66503159e+00  2.87017560e+00  3.15431074e+00 
 1.78640000e-10  1.93517336e+00  1.66482664e+00  2.87017983e+00  3.15433699e+00 
 1.79140000e-10  1.93537697e+00  1.66462303e+00  2.87018455e+00  3.15436294e+00 
 1.79640000e-10  1.93557925e+00  1.66442075e+00  2.87018976e+00  3.15438858e+00 
 1.80140000e-10  1.93578019e+00  1.66421981e+00  2.87019545e+00  3.15441393e+00 
 1.80640000e-10  1.93597978e+00  1.66402022e+00  2.87020160e+00  3.15443900e+00 
 1.81140000e-10  1.93617804e+00  1.66382196e+00  2.87020821e+00  3.15446379e+00 
 1.81640000e-10  1.93637495e+00  1.66362505e+00  2.87021526e+00  3.15448831e+00 
 1.82140000e-10  1.93657052e+00  1.66342948e+00  2.87022275e+00  3.15451256e+00 
 1.82640000e-10  1.93676474e+00  1.66323526e+00  2.87023067e+00  3.15453656e+00 
 1.83140000e-10  1.93695761e+00  1.66304239e+00  2.87023900e+00  3.15456030e+00 
 1.83640000e-10  1.93714912e+00  1.66285088e+00  2.87024774e+00  3.15458379e+00 
 1.84140000e-10  1.93733929e+00  1.66266071e+00  2.87025687e+00  3.15460704e+00 
 1.84640000e-10  1.93752809e+00  1.66247191e+00  2.87026640e+00  3.15463006e+00 
 1.85140000e-10  1.93771554e+00  1.66228446e+00  2.87027631e+00  3.15465284e+00 
 1.85640000e-10  1.93790163e+00  1.66209837e+00  2.87028659e+00  3.15467540e+00 
 1.86140000e-10  1.93808636e+00  1.66191364e+00  2.87029724e+00  3.15469774e+00 
 1.86640000e-10  1.93826973e+00  1.66173027e+00  2.87030825e+00  3.15471987e+00 
 1.87140000e-10  1.93845173e+00  1.66154827e+00  2.87031960e+00  3.15474178e+00 
 1.87640000e-10  1.93863237e+00  1.66136763e+00  2.87033130e+00  3.15476349e+00 
 1.88140000e-10  1.93881164e+00  1.66118836e+00  2.87034333e+00  3.15478500e+00 
 1.88640000e-10  1.93898954e+00  1.66101046e+00  2.87035569e+00  3.15480631e+00 
 1.89140000e-10  1.93916606e+00  1.66083394e+00  2.87036837e+00  3.15482743e+00 
 1.89640000e-10  1.93934121e+00  1.66065879e+00  2.87038136e+00  3.15484837e+00 
 1.90140000e-10  1.93951499e+00  1.66048501e+00  2.87039466e+00  3.15486912e+00 
 1.90640000e-10  1.93968739e+00  1.66031261e+00  2.87040826e+00  3.15488970e+00 
 1.91140000e-10  1.93985841e+00  1.66014159e+00  2.87042215e+00  3.15491010e+00 
 1.91640000e-10  1.94002806e+00  1.65997194e+00  2.87043633e+00  3.15493033e+00 
 1.92140000e-10  1.94019631e+00  1.65980369e+00  2.87045079e+00  3.15495039e+00 
 1.92640000e-10  1.94036319e+00  1.65963681e+00  2.87046552e+00  3.15497029e+00 
 1.93140000e-10  1.94052868e+00  1.65947132e+00  2.87048053e+00  3.15499004e+00 
 1.93640000e-10  1.94069278e+00  1.65930722e+00  2.87049580e+00  3.15500962e+00 
 1.94140000e-10  1.94085550e+00  1.65914450e+00  2.87051132e+00  3.15502906e+00 
 1.94640000e-10  1.94101682e+00  1.65898318e+00  2.87052710e+00  3.15504835e+00 
 1.95140000e-10  1.94117676e+00  1.65882324e+00  2.87054313e+00  3.15506749e+00 
 1.95640000e-10  1.94133530e+00  1.65866470e+00  2.87055940e+00  3.15508649e+00 
 1.96140000e-10  1.94149244e+00  1.65850756e+00  2.87057590e+00  3.15510535e+00 
 1.96640000e-10  1.94164819e+00  1.65835181e+00  2.87059264e+00  3.15512408e+00 
 1.97140000e-10  1.94180254e+00  1.65819746e+00  2.87060960e+00  3.15514268e+00 
 1.97640000e-10  1.94195549e+00  1.65804451e+00  2.87062679e+00  3.15516114e+00 
 1.98140000e-10  1.94210704e+00  1.65789296e+00  2.87064419e+00  3.15517948e+00 
 1.98640000e-10  1.94225719e+00  1.65774281e+00  2.87066181e+00  3.15519770e+00 
 1.99140000e-10  1.94240593e+00  1.65759407e+00  2.87067963e+00  3.15521580e+00 
 1.99640000e-10  1.94255327e+00  1.65744673e+00  2.87069766e+00  3.15523378e+00 
 2.00140000e-10  1.94269920e+00  1.65730080e+00  2.87071589e+00  3.15525164e+00 
 2.00640000e-10  1.94284372e+00  1.65715628e+00  2.87073431e+00  3.15526939e+00 
 2.01140000e-10  1.94298683e+00  1.65701317e+00  2.87075293e+00  3.15528703e+00 
 2.01640000e-10  1.94312853e+00  1.65687147e+00  2.87077173e+00  3.15530456e+00 
 2.02140000e-10  1.94326882e+00  1.65673118e+00  2.87079072e+00  3.15532199e+00 
 2.02640000e-10  1.94340769e+00  1.65659231e+00  2.87080989e+00  3.15533931e+00 
 2.03140000e-10  1.94354515e+00  1.65645485e+00  2.87082923e+00  3.15535654e+00 
 2.03640000e-10  1.94368120e+00  1.65631880e+00  2.87084875e+00  3.15537366e+00 
 2.04140000e-10  1.94381582e+00  1.65618418e+00  2.87086844e+00  3.15539069e+00 
 2.04640000e-10  1.94394902e+00  1.65605098e+00  2.87088829e+00  3.15540763e+00 
 2.05140000e-10  1.94408081e+00  1.65591919e+00  2.87090831e+00  3.15542447e+00 
 2.05640000e-10  1.94421117e+00  1.65578883e+00  2.87092848e+00  3.15544122e+00 
 2.06140000e-10  1.94434011e+00  1.65565989e+00  2.87094882e+00  3.15545789e+00 
 2.06640000e-10  1.94446762e+00  1.65553238e+00  2.87096930e+00  3.15547447e+00 
 2.07140000e-10  1.94459371e+00  1.65540629e+00  2.87098994e+00  3.15549096e+00 
 2.07640000e-10  1.94471837e+00  1.65528163e+00  2.87101072e+00  3.15550737e+00 
 2.08140000e-10  1.94484161e+00  1.65515839e+00  2.87103164e+00  3.15552370e+00 
 2.08640000e-10  1.94496341e+00  1.65503659e+00  2.87105271e+00  3.15553996e+00 
 2.09140000e-10  1.94508378e+00  1.65491622e+00  2.87107392e+00  3.15555613e+00 
 2.09640000e-10  1.94520272e+00  1.65479728e+00  2.87109526e+00  3.15557223e+00 
 2.10140000e-10  1.94532023e+00  1.65467977e+00  2.87111674e+00  3.15558826e+00 
 2.10640000e-10  1.94543631e+00  1.65456369e+00  2.87113834e+00  3.15560421e+00 
 2.11140000e-10  1.94555094e+00  1.65444906e+00  2.87116008e+00  3.15562009e+00 
 2.11640000e-10  1.94566414e+00  1.65433586e+00  2.87118194e+00  3.15563591e+00 
 2.12140000e-10  1.94577591e+00  1.65422409e+00  2.87120392e+00  3.15565165e+00 
 2.12640000e-10  1.94588623e+00  1.65411377e+00  2.87122603e+00  3.15566733e+00 
 2.13140000e-10  1.94599512e+00  1.65400488e+00  2.87124825e+00  3.15568294e+00 
 2.13640000e-10  1.94610256e+00  1.65389744e+00  2.87127059e+00  3.15569849e+00 
 2.14140000e-10  1.94620857e+00  1.65379143e+00  2.87129304e+00  3.15571398e+00 
 2.14640000e-10  1.94631313e+00  1.65368687e+00  2.87131561e+00  3.15572940e+00 
 2.15140000e-10  1.94641624e+00  1.65358376e+00  2.87133828e+00  3.15574477e+00 
 2.15640000e-10  1.94651791e+00  1.65348209e+00  2.87136107e+00  3.15576008e+00 
 2.16140000e-10  1.94661814e+00  1.65338186e+00  2.87138396e+00  3.15577533e+00 
 2.16640000e-10  1.94671691e+00  1.65328309e+00  2.87140695e+00  3.15579052e+00 
 2.17140000e-10  1.94681424e+00  1.65318576e+00  2.87143005e+00  3.15580566e+00 
 2.17640000e-10  1.94691012e+00  1.65308988e+00  2.87145325e+00  3.15582075e+00 
 2.18140000e-10  1.94700455e+00  1.65299545e+00  2.87147654e+00  3.15583578e+00 
 2.18640000e-10  1.94709753e+00  1.65290247e+00  2.87149994e+00  3.15585076e+00 
 2.19140000e-10  1.94718906e+00  1.65281094e+00  2.87152342e+00  3.15586569e+00 
 2.19640000e-10  1.94727913e+00  1.65272087e+00  2.87154700e+00  3.15588057e+00 
 2.20140000e-10  1.94736775e+00  1.65263225e+00  2.87157068e+00  3.15589540e+00 
 2.20640000e-10  1.94745492e+00  1.65254508e+00  2.87159444e+00  3.15591018e+00 
 2.21140000e-10  1.94754063e+00  1.65245937e+00  2.87161829e+00  3.15592491e+00 
 2.21640000e-10  1.94762489e+00  1.65237511e+00  2.87164223e+00  3.15593960e+00 
 2.22140000e-10  1.94770769e+00  1.65229231e+00  2.87166625e+00  3.15595424e+00 
 2.22640000e-10  1.94778903e+00  1.65221097e+00  2.87169036e+00  3.15596884e+00 
 2.23140000e-10  1.94786891e+00  1.65213109e+00  2.87171455e+00  3.15598340e+00 
 2.23640000e-10  1.94794733e+00  1.65205267e+00  2.87173883e+00  3.15599791e+00 
 2.24140000e-10  1.94802429e+00  1.65197571e+00  2.87176318e+00  3.15601238e+00 
 2.24640000e-10  1.94809980e+00  1.65190020e+00  2.87178761e+00  3.15602681e+00 
 2.25140000e-10  1.94817383e+00  1.65182617e+00  2.87181212e+00  3.15604120e+00 
 2.25640000e-10  1.94824641e+00  1.65175359e+00  2.87183670e+00  3.15605555e+00 
 2.26140000e-10  1.94831753e+00  1.65168247e+00  2.87186136e+00  3.15606986e+00 
 2.26640000e-10  1.94838718e+00  1.65161282e+00  2.87188610e+00  3.15608413e+00 
 2.27140000e-10  1.94845536e+00  1.65154464e+00  2.87191090e+00  3.15609836e+00 
 2.27640000e-10  1.94852208e+00  1.65147792e+00  2.87193578e+00  3.15611256e+00 
 2.28140000e-10  1.94858734e+00  1.65141266e+00  2.87196073e+00  3.15612672e+00 
 2.28640000e-10  1.94865113e+00  1.65134887e+00  2.87198574e+00  3.15614085e+00 
 2.29140000e-10  1.94871345e+00  1.65128655e+00  2.87201083e+00  3.15615493e+00 
 2.29640000e-10  1.94877430e+00  1.65122570e+00  2.87203598e+00  3.15616899e+00 
 2.30140000e-10  1.94883368e+00  1.65116632e+00  2.87206120e+00  3.15618301e+00 
 2.30640000e-10  1.94889160e+00  1.65110840e+00  2.87208648e+00  3.15619700e+00 
 2.31140000e-10  1.94894805e+00  1.65105195e+00  2.87211183e+00  3.15621095e+00 
 2.31640000e-10  1.94900302e+00  1.65099698e+00  2.87213724e+00  3.15622487e+00 
 2.32140000e-10  1.94905653e+00  1.65094347e+00  2.87216271e+00  3.15623876e+00 
 2.32640000e-10  1.94910856e+00  1.65089144e+00  2.87218824e+00  3.15625262e+00 
 2.33140000e-10  1.94915913e+00  1.65084087e+00  2.87221384e+00  3.15626644e+00 
 2.33640000e-10  1.94920822e+00  1.65079178e+00  2.87223949e+00  3.15628024e+00 
 2.34140000e-10  1.94925584e+00  1.65074416e+00  2.87226520e+00  3.15629401e+00 
 2.34640000e-10  1.94930198e+00  1.65069802e+00  2.87229097e+00  3.15630774e+00 
 2.35140000e-10  1.94934665e+00  1.65065335e+00  2.87231680e+00  3.15632145e+00 
 2.35640000e-10  1.94938985e+00  1.65061015e+00  2.87234268e+00  3.15633512e+00 
 2.36140000e-10  1.94943158e+00  1.65056842e+00  2.87236862e+00  3.15634877e+00 
 2.36640000e-10  1.94947182e+00  1.65052818e+00  2.87239462e+00  3.15636239e+00 
 2.37140000e-10  1.94951060e+00  1.65048940e+00  2.87242067e+00  3.15637599e+00 
 2.37640000e-10  1.94954789e+00  1.65045211e+00  2.87244677e+00  3.15638955e+00 
 2.38140000e-10  1.94958372e+00  1.65041628e+00  2.87247293e+00  3.15640309e+00 
 2.38640000e-10  1.94961806e+00  1.65038194e+00  2.87249914e+00  3.15641660e+00 
 2.39140000e-10  1.94965093e+00  1.65034907e+00  2.87252539e+00  3.15643008e+00 
 2.39640000e-10  1.94968232e+00  1.65031768e+00  2.87255171e+00  3.15644354e+00 
 2.40140000e-10  1.94971224e+00  1.65028776e+00  2.87257807e+00  3.15645697e+00 
 2.40640000e-10  1.94974067e+00  1.65025933e+00  2.87260448e+00  3.15647038e+00 
 2.41140000e-10  1.94976763e+00  1.65023237e+00  2.87263094e+00  3.15648376e+00 
 2.41640000e-10  1.94979311e+00  1.65020689e+00  2.87265744e+00  3.15649712e+00 
 2.42140000e-10  1.94981712e+00  1.65018288e+00  2.87268400e+00  3.15651045e+00 
 2.42640000e-10  1.94983964e+00  1.65016036e+00  2.87271061e+00  3.15652375e+00 
 2.43140000e-10  1.94986068e+00  1.65013932e+00  2.87273726e+00  3.15653703e+00 
 2.43640000e-10  1.94988025e+00  1.65011975e+00  2.87276395e+00  3.15655029e+00 
 2.44140000e-10  1.94989834e+00  1.65010166e+00  2.87279070e+00  3.15656352e+00 
 2.44640000e-10  1.94991494e+00  1.65008506e+00  2.87281749e+00  3.15657673e+00 
 2.45140000e-10  1.94993007e+00  1.65006993e+00  2.87284432e+00  3.15658992e+00 
 2.45640000e-10  1.94994372e+00  1.65005628e+00  2.87287120e+00  3.15660308e+00 
 2.46140000e-10  1.94995589e+00  1.65004411e+00  2.87289812e+00  3.15661621e+00 
 2.46640000e-10  1.94996657e+00  1.65003343e+00  2.87292509e+00  3.15662933e+00 
 2.47140000e-10  1.94997578e+00  1.65002422e+00  2.87295210e+00  3.15664242e+00 
 2.47640000e-10  1.94998351e+00  1.65001649e+00  2.87297916e+00  3.15665549e+00 
 2.48140000e-10  1.94998976e+00  1.65001024e+00  2.87300625e+00  3.15666853e+00 
 2.48640000e-10  1.94999452e+00  1.65000548e+00  2.87303339e+00  3.15668155e+00 
 2.49140000e-10  1.94999781e+00  1.65000219e+00  2.87306057e+00  3.15669455e+00 
 2.49640000e-10  1.94999962e+00  1.65000038e+00  2.87308779e+00  3.15670753e+00 
 2.50140000e-10  1.94999994e+00  1.65000006e+00  2.87311506e+00  3.15672048e+00 
 2.50640000e-10  1.94999879e+00  1.65000121e+00  2.87314236e+00  3.15673342e+00 
 2.51140000e-10  1.94999615e+00  1.65000385e+00  2.87316971e+00  3.15674632e+00 
 2.51640000e-10  1.94999204e+00  1.65000796e+00  2.87319709e+00  3.15675921e+00 
 2.52140000e-10  1.94998644e+00  1.65001356e+00  2.87322452e+00  3.15677208e+00 
 2.52640000e-10  1.94997936e+00  1.65002064e+00  2.87325198e+00  3.15678492e+00 
 2.53140000e-10  1.94997081e+00  1.65002919e+00  2.87327948e+00  3.15679774e+00 
 2.53640000e-10  1.94996077e+00  1.65003923e+00  2.87330703e+00  3.15681053e+00 
 2.54140000e-10  1.94994925e+00  1.65005075e+00  2.87333461e+00  3.15682331e+00 
 2.54640000e-10  1.94993626e+00  1.65006374e+00  2.87336223e+00  3.15683606e+00 
 2.55140000e-10  1.94992178e+00  1.65007822e+00  2.87338989e+00  3.15684879e+00 
 2.55640000e-10  1.94990583e+00  1.65009417e+00  2.87341759e+00  3.15686150e+00 
 2.56140000e-10  1.94988839e+00  1.65011161e+00  2.87344532e+00  3.15687418e+00 
 2.56640000e-10  1.94986947e+00  1.65013053e+00  2.87347310e+00  3.15688685e+00 
 2.57140000e-10  1.94984908e+00  1.65015092e+00  2.87350091e+00  3.15689949e+00 
 2.57640000e-10  1.94982721e+00  1.65017279e+00  2.87352876e+00  3.15691210e+00 
 2.58140000e-10  1.94980386e+00  1.65019614e+00  2.87355664e+00  3.15692470e+00 
 2.58640000e-10  1.94977903e+00  1.65022097e+00  2.87358457e+00  3.15693727e+00 
 2.59140000e-10  1.94975272e+00  1.65024728e+00  2.87361253e+00  3.15694982e+00 
 2.59640000e-10  1.94972493e+00  1.65027507e+00  2.87364052e+00  3.15696235e+00 
 2.60140000e-10  1.94969567e+00  1.65030433e+00  2.87366856e+00  3.15697485e+00 
 2.60640000e-10  1.94966492e+00  1.65033508e+00  2.87369663e+00  3.15698733e+00 
 2.61140000e-10  1.94963271e+00  1.65036729e+00  2.87372473e+00  3.15699979e+00 
 2.61640000e-10  1.94959901e+00  1.65040099e+00  2.87375287e+00  3.15701223e+00 
 2.62140000e-10  1.94956384e+00  1.65043616e+00  2.87378105e+00  3.15702464e+00 
 2.62640000e-10  1.94952719e+00  1.65047281e+00  2.87380927e+00  3.15703702e+00 
 2.63140000e-10  1.94948907e+00  1.65051093e+00  2.87383752e+00  3.15704939e+00 
 2.63640000e-10  1.94944947e+00  1.65055053e+00  2.87386581e+00  3.15706173e+00 
 2.64140000e-10  1.94940839e+00  1.65059161e+00  2.87389413e+00  3.15707404e+00 
 2.64640000e-10  1.94936584e+00  1.65063416e+00  2.87392249e+00  3.15708633e+00 
 2.65140000e-10  1.94932182e+00  1.65067818e+00  2.87395088e+00  3.15709860e+00 
 2.65640000e-10  1.94927632e+00  1.65072368e+00  2.87397931e+00  3.15711084e+00 
 2.66140000e-10  1.94922935e+00  1.65077065e+00  2.87400778e+00  3.15712306e+00 
 2.66640000e-10  1.94918091e+00  1.65081909e+00  2.87403628e+00  3.15713525e+00 
 2.67140000e-10  1.94913099e+00  1.65086901e+00  2.87406482e+00  3.15714742e+00 
 2.67640000e-10  1.94907961e+00  1.65092039e+00  2.87409339e+00  3.15715956e+00 
 2.68140000e-10  1.94902675e+00  1.65097325e+00  2.87412200e+00  3.15717168e+00 
 2.68640000e-10  1.94897242e+00  1.65102758e+00  2.87415065e+00  3.15718377e+00 
 2.69140000e-10  1.94891662e+00  1.65108338e+00  2.87417933e+00  3.15719583e+00 
 2.69640000e-10  1.94885935e+00  1.65114065e+00  2.87420804e+00  3.15720787e+00 
 2.70140000e-10  1.94880061e+00  1.65119939e+00  2.87423679e+00  3.15721988e+00 
 2.70640000e-10  1.94874040e+00  1.65125960e+00  2.87426558e+00  3.15723186e+00 
 2.71140000e-10  1.94867873e+00  1.65132127e+00  2.87429441e+00  3.15724381e+00 
 2.71640000e-10  1.94861558e+00  1.65138442e+00  2.87432326e+00  3.15725574e+00 
 2.72140000e-10  1.94855098e+00  1.65144902e+00  2.87435216e+00  3.15726764e+00 
 2.72640000e-10  1.94848490e+00  1.65151510e+00  2.87438109e+00  3.15727951e+00 
 2.73140000e-10  1.94841736e+00  1.65158264e+00  2.87441006e+00  3.15729135e+00 
 2.73640000e-10  1.94834835e+00  1.65165165e+00  2.87443906e+00  3.15730316e+00 
 2.74140000e-10  1.94827788e+00  1.65172212e+00  2.87446811e+00  3.15731495e+00 
 2.74640000e-10  1.94820595e+00  1.65179405e+00  2.87449718e+00  3.15732670e+00 
 2.75140000e-10  1.94813255e+00  1.65186745e+00  2.87452630e+00  3.15733842e+00 
 2.75640000e-10  1.94805769e+00  1.65194231e+00  2.87455545e+00  3.15735011e+00 
 2.76140000e-10  1.94798137e+00  1.65201863e+00  2.87458464e+00  3.15736177e+00 
 2.76640000e-10  1.94790359e+00  1.65209641e+00  2.87461386e+00  3.15737340e+00 
 2.77140000e-10  1.94782436e+00  1.65217564e+00  2.87464312e+00  3.15738500e+00 
 2.77640000e-10  1.94774366e+00  1.65225634e+00  2.87467242e+00  3.15739656e+00 
 2.78140000e-10  1.94766150e+00  1.65233850e+00  2.87470176e+00  3.15740810e+00 
 2.78640000e-10  1.94757788e+00  1.65242212e+00  2.87473113e+00  3.15741959e+00 
 2.79140000e-10  1.94749281e+00  1.65250719e+00  2.87476055e+00  3.15743106e+00 
 2.79640000e-10  1.94740629e+00  1.65259371e+00  2.87479000e+00  3.15744249e+00 
 2.80140000e-10  1.94731831e+00  1.65268169e+00  2.87481949e+00  3.15745388e+00 
 2.80640000e-10  1.94722887e+00  1.65277113e+00  2.87484902e+00  3.15746524e+00 
 2.81140000e-10  1.94713798e+00  1.65286202e+00  2.87487859e+00  3.15747656e+00 
 2.81640000e-10  1.94704564e+00  1.65295436e+00  2.87490819e+00  3.15748784e+00 
 2.82140000e-10  1.94695185e+00  1.65304815e+00  2.87493784e+00  3.15749909e+00 
 2.82640000e-10  1.94685661e+00  1.65314339e+00  2.87496753e+00  3.15751030e+00 
 2.83140000e-10  1.94675992e+00  1.65324008e+00  2.87499725e+00  3.15752147e+00 
 2.83640000e-10  1.94666178e+00  1.65333822e+00  2.87502702e+00  3.15753261e+00 
 2.84140000e-10  1.94656219e+00  1.65343781e+00  2.87505683e+00  3.15754370e+00 
 2.84640000e-10  1.94646115e+00  1.65353885e+00  2.87508668e+00  3.15755475e+00 
 2.85140000e-10  1.94635867e+00  1.65364133e+00  2.87511657e+00  3.15756576e+00 
 2.85640000e-10  1.94625475e+00  1.65374525e+00  2.87514650e+00  3.15757673e+00 
 2.86140000e-10  1.94614938e+00  1.65385062e+00  2.87517647e+00  3.15758766e+00 
 2.86640000e-10  1.94604257e+00  1.65395743e+00  2.87520649e+00  3.15759854e+00 
 2.87140000e-10  1.94593432e+00  1.65406568e+00  2.87523655e+00  3.15760938e+00 
 2.87640000e-10  1.94582463e+00  1.65417537e+00  2.87526665e+00  3.15762017e+00 
 2.88140000e-10  1.94571350e+00  1.65428650e+00  2.87529680e+00  3.15763092e+00 
 2.88640000e-10  1.94560093e+00  1.65439907e+00  2.87532699e+00  3.15764162e+00 
 2.89140000e-10  1.94548692e+00  1.65451308e+00  2.87535723e+00  3.15765228e+00 
 2.89640000e-10  1.94537148e+00  1.65462852e+00  2.87538751e+00  3.15766288e+00 
 2.90140000e-10  1.94525460e+00  1.65474540e+00  2.87541783e+00  3.15767344e+00 
 2.90640000e-10  1.94513629e+00  1.65486371e+00  2.87544821e+00  3.15768395e+00 
 2.91140000e-10  1.94501655e+00  1.65498345e+00  2.87547863e+00  3.15769440e+00 
 2.91640000e-10  1.94489538e+00  1.65510462e+00  2.87550909e+00  3.15770481e+00 
 2.92140000e-10  1.94477277e+00  1.65522723e+00  2.87553961e+00  3.15771516e+00 
 2.92640000e-10  1.94464874e+00  1.65535126e+00  2.87557017e+00  3.15772546e+00 
 2.93140000e-10  1.94452328e+00  1.65547672e+00  2.87560078e+00  3.15773570e+00 
 2.93640000e-10  1.94439639e+00  1.65560361e+00  2.87563144e+00  3.15774589e+00 
 2.94140000e-10  1.94426808e+00  1.65573192e+00  2.87566215e+00  3.15775602e+00 
 2.94640000e-10  1.94413834e+00  1.65586166e+00  2.87569291e+00  3.15776609e+00 
 2.95140000e-10  1.94400719e+00  1.65599281e+00  2.87572372e+00  3.15777610e+00 
 2.95640000e-10  1.94387461e+00  1.65612539e+00  2.87575459e+00  3.15778606e+00 
 2.96140000e-10  1.94374061e+00  1.65625939e+00  2.87578550e+00  3.15779595e+00 
 2.96640000e-10  1.94360519e+00  1.65639481e+00  2.87581647e+00  3.15780578e+00 
 2.97140000e-10  1.94346835e+00  1.65653165e+00  2.87584750e+00  3.15781554e+00 
 2.97640000e-10  1.94333010e+00  1.65666990e+00  2.87587858e+00  3.15782524e+00 
 2.98140000e-10  1.94319043e+00  1.65680957e+00  2.87590971e+00  3.15783488e+00 
 2.98640000e-10  1.94304935e+00  1.65695065e+00  2.87594090e+00  3.15784444e+00 
 2.99140000e-10  1.94290686e+00  1.65709314e+00  2.87597215e+00  3.15785394e+00 
 2.99640000e-10  1.94276296e+00  1.65723704e+00  2.87600346e+00  3.15786337e+00 
 3.00140000e-10  1.94261765e+00  1.65738235e+00  2.87603482e+00  3.15787272e+00 
 3.00640000e-10  1.94247093e+00  1.65752907e+00  2.87606625e+00  3.15788200e+00 
 3.01140000e-10  1.94232281e+00  1.65767719e+00  2.87609773e+00  3.15789121e+00 
 3.01640000e-10  1.94217328e+00  1.65782672e+00  2.87612928e+00  3.15790034e+00 
 3.02140000e-10  1.94202234e+00  1.65797766e+00  2.87616089e+00  3.15790939e+00 
 3.02640000e-10  1.94187001e+00  1.65812999e+00  2.87619256e+00  3.15791837e+00 
 3.03140000e-10  1.94171627e+00  1.65828373e+00  2.87622430e+00  3.15792726e+00 
 3.03640000e-10  1.94156114e+00  1.65843886e+00  2.87625611e+00  3.15793607e+00 
 3.04140000e-10  1.94140461e+00  1.65859539e+00  2.87628798e+00  3.15794479e+00 
 3.04640000e-10  1.94124669e+00  1.65875331e+00  2.87631991e+00  3.15795343e+00 
 3.05140000e-10  1.94108737e+00  1.65891263e+00  2.87635192e+00  3.15796198e+00 
 3.05640000e-10  1.94092665e+00  1.65907335e+00  2.87638400e+00  3.15797044e+00 
 3.06140000e-10  1.94076455e+00  1.65923545e+00  2.87641614e+00  3.15797881e+00 
 3.06640000e-10  1.94060106e+00  1.65939894e+00  2.87644836e+00  3.15798709e+00 
 3.07140000e-10  1.94043618e+00  1.65956382e+00  2.87648066e+00  3.15799527e+00 
 3.07640000e-10  1.94026991e+00  1.65973009e+00  2.87651303e+00  3.15800335e+00 
 3.08140000e-10  1.94010226e+00  1.65989774e+00  2.87654547e+00  3.15801133e+00 
 3.08640000e-10  1.93993323e+00  1.66006677e+00  2.87657799e+00  3.15801921e+00 
 3.09140000e-10  1.93976281e+00  1.66023719e+00  2.87661059e+00  3.15802699e+00 
 3.09640000e-10  1.93959102e+00  1.66040898e+00  2.87664328e+00  3.15803466e+00 
 3.10140000e-10  1.93941785e+00  1.66058215e+00  2.87667604e+00  3.15804222e+00 
 3.10640000e-10  1.93924330e+00  1.66075670e+00  2.87670889e+00  3.15804967e+00 
 3.11140000e-10  1.93906738e+00  1.66093262e+00  2.87674182e+00  3.15805700e+00 
 3.11640000e-10  1.93889008e+00  1.66110992e+00  2.87677483e+00  3.15806423e+00 
 3.12140000e-10  1.93871142e+00  1.66128858e+00  2.87680794e+00  3.15807133e+00 
 3.12640000e-10  1.93853138e+00  1.66146862e+00  2.87684114e+00  3.15807831e+00 
 3.13140000e-10  1.93834998e+00  1.66165002e+00  2.87687442e+00  3.15808517e+00 
 3.13640000e-10  1.93816721e+00  1.66183279e+00  2.87690780e+00  3.15809190e+00 
 3.14140000e-10  1.93798308e+00  1.66201692e+00  2.87694128e+00  3.15809850e+00 
 3.14640000e-10  1.93779759e+00  1.66220241e+00  2.87697485e+00  3.15810497e+00 
 3.15140000e-10  1.93761074e+00  1.66238926e+00  2.87700852e+00  3.15811131e+00 
 3.15640000e-10  1.93742253e+00  1.66257747e+00  2.87704229e+00  3.15811750e+00 
 3.16140000e-10  1.93723296e+00  1.66276704e+00  2.87707616e+00  3.15812356e+00 
 3.16640000e-10  1.93704204e+00  1.66295796e+00  2.87711014e+00  3.15812947e+00 
 3.17140000e-10  1.93684977e+00  1.66315023e+00  2.87714422e+00  3.15813524e+00 
 3.17640000e-10  1.93665614e+00  1.66334386e+00  2.87717842e+00  3.15814085e+00 
 3.18140000e-10  1.93646117e+00  1.66353883e+00  2.87721272e+00  3.15814631e+00 
 3.18640000e-10  1.93626485e+00  1.66373515e+00  2.87724714e+00  3.15815162e+00 
 3.19140000e-10  1.93606718e+00  1.66393282e+00  2.87728167e+00  3.15815676e+00 
 3.19640000e-10  1.93586817e+00  1.66413183e+00  2.87731632e+00  3.15816173e+00 
 3.20140000e-10  1.93566783e+00  1.66433217e+00  2.87735109e+00  3.15816654e+00 
 3.20640000e-10  1.93546614e+00  1.66453386e+00  2.87738599e+00  3.15817118e+00 
 3.21140000e-10  1.93526311e+00  1.66473689e+00  2.87742100e+00  3.15817564e+00 
 3.21640000e-10  1.93505875e+00  1.66494125e+00  2.87745615e+00  3.15817992e+00 
 3.22140000e-10  1.93485306e+00  1.66514694e+00  2.87749143e+00  3.15818402e+00 
 3.22640000e-10  1.93464604e+00  1.66535396e+00  2.87752684e+00  3.15818792e+00 
 3.23140000e-10  1.93443768e+00  1.66556232e+00  2.87756239e+00  3.15819164e+00 
 3.23640000e-10  1.93422800e+00  1.66577200e+00  2.87759808e+00  3.15819515e+00 
 3.24140000e-10  1.93401700e+00  1.66598300e+00  2.87763391e+00  3.15819847e+00 
 3.24640000e-10  1.93380467e+00  1.66619533e+00  2.87766988e+00  3.15820158e+00 
 3.25140000e-10  1.93359102e+00  1.66640898e+00  2.87770600e+00  3.15820448e+00 
 3.25640000e-10  1.93337606e+00  1.66662394e+00  2.87774228e+00  3.15820716e+00 
 3.26140000e-10  1.93315978e+00  1.66684022e+00  2.87777871e+00  3.15820962e+00 
 3.26640000e-10  1.93294218e+00  1.66705782e+00  2.87781530e+00  3.15821185e+00 
 3.27140000e-10  1.93272327e+00  1.66727673e+00  2.87785205e+00  3.15821385e+00 
 3.27640000e-10  1.93250305e+00  1.66749695e+00  2.87788896e+00  3.15821561e+00 
 3.28140000e-10  1.93228152e+00  1.66771848e+00  2.87792605e+00  3.15821714e+00 
 3.28640000e-10  1.93205869e+00  1.66794131e+00  2.87796331e+00  3.15821841e+00 
 3.29140000e-10  1.93183456e+00  1.66816544e+00  2.87800074e+00  3.15821943e+00 
 3.29640000e-10  1.93160912e+00  1.66839088e+00  2.87803836e+00  3.15822019e+00 
 3.30140000e-10  1.93138239e+00  1.66861761e+00  2.87807616e+00  3.15822068e+00 
 3.30640000e-10  1.93115435e+00  1.66884565e+00  2.87811415e+00  3.15822090e+00 
 3.31140000e-10  1.93092503e+00  1.66907497e+00  2.87815233e+00  3.15822084e+00 
 3.31640000e-10  1.93069441e+00  1.66930559e+00  2.87819071e+00  3.15822050e+00 
 3.32140000e-10  1.93046250e+00  1.66953750e+00  2.87822929e+00  3.15821986e+00 
 3.32640000e-10  1.93022930e+00  1.66977070e+00  2.87826808e+00  3.15821892e+00 
 3.33140000e-10  1.92999482e+00  1.67000518e+00  2.87830709e+00  3.15821768e+00 
 3.33640000e-10  1.92975906e+00  1.67024094e+00  2.87834630e+00  3.15821612e+00 
 3.34140000e-10  1.92952201e+00  1.67047799e+00  2.87838574e+00  3.15821425e+00 
 3.34640000e-10  1.92928369e+00  1.67071631e+00  2.87842541e+00  3.15821204e+00 
 3.35140000e-10  1.92904409e+00  1.67095591e+00  2.87846531e+00  3.15820950e+00 
 3.35640000e-10  1.92880321e+00  1.67119679e+00  2.87850544e+00  3.15820661e+00 
 3.36140000e-10  1.92856107e+00  1.67143893e+00  2.87854582e+00  3.15820336e+00 
 3.36640000e-10  1.92831766e+00  1.67168234e+00  2.87858644e+00  3.15819976e+00 
 3.37140000e-10  1.92807298e+00  1.67192702e+00  2.87862732e+00  3.15819579e+00 
 3.37640000e-10  1.92782703e+00  1.67217297e+00  2.87866846e+00  3.15819144e+00 
 3.38140000e-10  1.92757983e+00  1.67242017e+00  2.87870987e+00  3.15818669e+00 
 3.38640000e-10  1.92733136e+00  1.67266864e+00  2.87875155e+00  3.15818156e+00 
 3.39140000e-10  1.92708164e+00  1.67291836e+00  2.87879351e+00  3.15817601e+00 
 3.39640000e-10  1.92683067e+00  1.67316933e+00  2.87883575e+00  3.15817005e+00 
 3.40140000e-10  1.92657844e+00  1.67342156e+00  2.87887829e+00  3.15816366e+00 
 3.40640000e-10  1.92632496e+00  1.67367504e+00  2.87892112e+00  3.15815683e+00 
 3.41140000e-10  1.92607024e+00  1.67392976e+00  2.87896426e+00  3.15814955e+00 
 3.41640000e-10  1.92581427e+00  1.67418573e+00  2.87900772e+00  3.15814182e+00 
 3.42140000e-10  1.92555706e+00  1.67444294e+00  2.87905150e+00  3.15813362e+00 
 3.42640000e-10  1.92529861e+00  1.67470139e+00  2.87909560e+00  3.15812493e+00 
 3.43140000e-10  1.92503893e+00  1.67496107e+00  2.87914005e+00  3.15811575e+00 
 3.43640000e-10  1.92477801e+00  1.67522199e+00  2.87918484e+00  3.15810607e+00 
 3.44140000e-10  1.92451586e+00  1.67548414e+00  2.87922998e+00  3.15809587e+00 
 3.44640000e-10  1.92425248e+00  1.67574752e+00  2.87927548e+00  3.15808514e+00 
 3.45140000e-10  1.92398787e+00  1.67601213e+00  2.87932135e+00  3.15807387e+00 
 3.45640000e-10  1.92372204e+00  1.67627796e+00  2.87936760e+00  3.15806204e+00 
 3.46140000e-10  1.92345499e+00  1.67654501e+00  2.87941425e+00  3.15804964e+00 
 3.46640000e-10  1.92318672e+00  1.67681328e+00  2.87946129e+00  3.15803666e+00 
 3.47140000e-10  1.92291724e+00  1.67708276e+00  2.87950873e+00  3.15802309e+00 
 3.47640000e-10  1.92264654e+00  1.67735346e+00  2.87955660e+00  3.15800890e+00 
 3.48140000e-10  1.92237463e+00  1.67762537e+00  2.87960489e+00  3.15799408e+00 
 3.48640000e-10  1.92210151e+00  1.67789849e+00  2.87965362e+00  3.15797863e+00 
 3.49140000e-10  1.92182719e+00  1.67817281e+00  2.87970279e+00  3.15796252e+00 
 3.49640000e-10  1.92155167e+00  1.67844833e+00  2.87975243e+00  3.15794573e+00 
 3.50140000e-10  1.92127495e+00  1.67872505e+00  2.87980254e+00  3.15792826e+00 
 3.50640000e-10  1.92099703e+00  1.67900297e+00  2.87985313e+00  3.15791008e+00 
 3.51140000e-10  1.92071791e+00  1.67928209e+00  2.87990421e+00  3.15789117e+00 
 3.51640000e-10  1.92043760e+00  1.67956240e+00  2.87995580e+00  3.15787153e+00 
 3.52140000e-10  1.92015611e+00  1.67984389e+00  2.88000791e+00  3.15785113e+00 
 3.52640000e-10  1.91987343e+00  1.68012657e+00  2.88006055e+00  3.15782995e+00 
 3.53140000e-10  1.91958956e+00  1.68041044e+00  2.88011373e+00  3.15780798e+00 
 3.53640000e-10  1.91930452e+00  1.68069548e+00  2.88016746e+00  3.15778519e+00 
 3.54140000e-10  1.91901830e+00  1.68098170e+00  2.88022177e+00  3.15776157e+00 
 3.54640000e-10  1.91873090e+00  1.68126910e+00  2.88027666e+00  3.15773709e+00 
 3.55140000e-10  1.91844233e+00  1.68155767e+00  2.88033215e+00  3.15771174e+00 
 3.55640000e-10  1.91815260e+00  1.68184740e+00  2.88038826e+00  3.15768550e+00 
 3.56140000e-10  1.91786169e+00  1.68213831e+00  2.88044499e+00  3.15765834e+00 
 3.56640000e-10  1.91756963e+00  1.68243037e+00  2.88050236e+00  3.15763024e+00 
 3.57140000e-10  1.91727640e+00  1.68272360e+00  2.88056039e+00  3.15760118e+00 
 3.57640000e-10  1.91698202e+00  1.68301798e+00  2.88061910e+00  3.15757114e+00 
 3.58140000e-10  1.91668648e+00  1.68331352e+00  2.88067850e+00  3.15754009e+00 
 3.58640000e-10  1.91638979e+00  1.68361021e+00  2.88073860e+00  3.15750800e+00 
 3.59140000e-10  1.91609195e+00  1.68390805e+00  2.88079943e+00  3.15747487e+00 
 3.59640000e-10  1.91579296e+00  1.68420704e+00  2.88086100e+00  3.15744065e+00 
 3.60140000e-10  1.91549284e+00  1.68450716e+00  2.88092333e+00  3.15740533e+00 
 3.60640000e-10  1.91519157e+00  1.68480843e+00  2.88098644e+00  3.15736888e+00 
 3.61140000e-10  1.91488916e+00  1.68511084e+00  2.88105035e+00  3.15733127e+00 
 3.61640000e-10  1.91458562e+00  1.68541438e+00  2.88111507e+00  3.15729248e+00 
 3.62140000e-10  1.91428096e+00  1.68571904e+00  2.88118063e+00  3.15725248e+00 
 3.62640000e-10  1.91397516e+00  1.68602484e+00  2.88124704e+00  3.15721123e+00 
 3.63140000e-10  1.91366824e+00  1.68633176e+00  2.88131433e+00  3.15716872e+00 
 3.63640000e-10  1.91336019e+00  1.68663981e+00  2.88138252e+00  3.15712491e+00 
 3.64140000e-10  1.91305103e+00  1.68694897e+00  2.88145162e+00  3.15707977e+00 
 3.64640000e-10  1.91274075e+00  1.68725925e+00  2.88152167e+00  3.15703327e+00 
 3.65140000e-10  1.91242936e+00  1.68757064e+00  2.88159267e+00  3.15698539e+00 
 3.65640000e-10  1.91211686e+00  1.68788314e+00  2.88166466e+00  3.15693609e+00 
 3.66140000e-10  1.91180325e+00  1.68819675e+00  2.88173766e+00  3.15688533e+00 
 3.66640000e-10  1.91148854e+00  1.68851146e+00  2.88181170e+00  3.15683309e+00 
 3.67140000e-10  1.91117273e+00  1.68882727e+00  2.88188678e+00  3.15677933e+00 
 3.67640000e-10  1.91085582e+00  1.68914418e+00  2.88196295e+00  3.15672403e+00 
 3.68140000e-10  1.91053782e+00  1.68946218e+00  2.88204023e+00  3.15666713e+00 
 3.68640000e-10  1.91021872e+00  1.68978128e+00  2.88211863e+00  3.15660862e+00 
 3.69140000e-10  1.90989854e+00  1.69010146e+00  2.88219819e+00  3.15654845e+00 
 3.69640000e-10  1.90957728e+00  1.69042272e+00  2.88227894e+00  3.15648658e+00 
 3.70140000e-10  1.90925493e+00  1.69074507e+00  2.88236090e+00  3.15642299e+00 
 3.70640000e-10  1.90893150e+00  1.69106850e+00  2.88244410e+00  3.15635764e+00 
 3.71140000e-10  1.90860700e+00  1.69139300e+00  2.88252856e+00  3.15629048e+00 
 3.71640000e-10  1.90828143e+00  1.69171857e+00  2.88261433e+00  3.15622148e+00 
 3.72140000e-10  1.90795479e+00  1.69204521e+00  2.88270141e+00  3.15615060e+00 
 3.72640000e-10  1.90762708e+00  1.69237292e+00  2.88278985e+00  3.15607779e+00 
 3.73140000e-10  1.90729831e+00  1.69270169e+00  2.88287968e+00  3.15600303e+00 
 3.73640000e-10  1.90696848e+00  1.69303152e+00  2.88297093e+00  3.15592627e+00 
 3.74140000e-10  1.90663760e+00  1.69336240e+00  2.88306362e+00  3.15584747e+00 
 3.74640000e-10  1.90630566e+00  1.69369434e+00  2.88315779e+00  3.15576658e+00 
 3.75140000e-10  1.90597268e+00  1.69402732e+00  2.88325347e+00  3.15568357e+00 
 3.75640000e-10  1.90563864e+00  1.69436136e+00  2.88335070e+00  3.15559840e+00 
 3.76140000e-10  1.90530357e+00  1.69469643e+00  2.88344951e+00  3.15551101e+00 
 3.76640000e-10  1.90496746e+00  1.69503254e+00  2.88354993e+00  3.15542137e+00 
 3.77140000e-10  1.90463031e+00  1.69536969e+00  2.88365200e+00  3.15532943e+00 
 3.77640000e-10  1.90429212e+00  1.69570788e+00  2.88375574e+00  3.15523515e+00 
 3.78140000e-10  1.90395291e+00  1.69604709e+00  2.88386121e+00  3.15513848e+00 
 3.78640000e-10  1.90361268e+00  1.69638732e+00  2.88396843e+00  3.15503938e+00 
 3.79140000e-10  1.90327142e+00  1.69672858e+00  2.88407744e+00  3.15493781e+00 
 3.79640000e-10  1.90292914e+00  1.69707086e+00  2.88418828e+00  3.15483371e+00 
 3.80140000e-10  1.90258584e+00  1.69741416e+00  2.88430098e+00  3.15472705e+00 
 3.80640000e-10  1.90224153e+00  1.69775847e+00  2.88441559e+00  3.15461776e+00 
 3.81140000e-10  1.90189622e+00  1.69810378e+00  2.88453213e+00  3.15450582e+00 
 3.81640000e-10  1.90154989e+00  1.69845011e+00  2.88465066e+00  3.15439117e+00 
 3.82140000e-10  1.90120257e+00  1.69879743e+00  2.88477121e+00  3.15427376e+00 
 3.82640000e-10  1.90085425e+00  1.69914575e+00  2.88489381e+00  3.15415355e+00 
 3.83140000e-10  1.90050493e+00  1.69949507e+00  2.88501852e+00  3.15403048e+00 
 3.83640000e-10  1.90015462e+00  1.69984538e+00  2.88514536e+00  3.15390452e+00 
 3.84140000e-10  1.89980332e+00  1.70019668e+00  2.88527439e+00  3.15377561e+00 
 3.84640000e-10  1.89945103e+00  1.70054897e+00  2.88540563e+00  3.15364371e+00 
 3.85140000e-10  1.89909777e+00  1.70090223e+00  2.88553915e+00  3.15350876e+00 
 3.85640000e-10  1.89874352e+00  1.70125648e+00  2.88567496e+00  3.15337073e+00 
 3.86140000e-10  1.89838830e+00  1.70161170e+00  2.88581313e+00  3.15322955e+00 
 3.86640000e-10  1.89803211e+00  1.70196789e+00  2.88595369e+00  3.15308519e+00 
 3.87140000e-10  1.89767496e+00  1.70232504e+00  2.88609668e+00  3.15293760e+00 
 3.87640000e-10  1.89731684e+00  1.70268316e+00  2.88624215e+00  3.15278672e+00 
 3.88140000e-10  1.89695775e+00  1.70304225e+00  2.88639014e+00  3.15263252e+00 
 3.88640000e-10  1.89659772e+00  1.70340228e+00  2.88654069e+00  3.15247493e+00 
 3.89140000e-10  1.89623672e+00  1.70376328e+00  2.88669385e+00  3.15231393e+00 
 3.89640000e-10  1.89587478e+00  1.70412522e+00  2.88684966e+00  3.15214946e+00 
 3.90140000e-10  1.89551189e+00  1.70448811e+00  2.88700817e+00  3.15198147e+00 
 3.90640000e-10  1.89514806e+00  1.70485194e+00  2.88716942e+00  3.15180991e+00 
 3.91140000e-10  1.89478329e+00  1.70521671e+00  2.88733345e+00  3.15163475e+00 
 3.91640000e-10  1.89441759e+00  1.70558241e+00  2.88750032e+00  3.15145594e+00 
 3.92140000e-10  1.89405095e+00  1.70594905e+00  2.88767005e+00  3.15127343e+00 
 3.92640000e-10  1.89368339e+00  1.70631661e+00  2.88784270e+00  3.15108718e+00 
 3.93140000e-10  1.89331490e+00  1.70668510e+00  2.88801832e+00  3.15089714e+00 
 3.93640000e-10  1.89294549e+00  1.70705451e+00  2.88819693e+00  3.15070328e+00 
 3.94140000e-10  1.89257516e+00  1.70742484e+00  2.88837860e+00  3.15050554e+00 
 3.94640000e-10  1.89220392e+00  1.70779608e+00  2.88856336e+00  3.15030390e+00 
 3.95140000e-10  1.89183176e+00  1.70816824e+00  2.88875126e+00  3.15009830e+00 
 3.95640000e-10  1.89145871e+00  1.70854129e+00  2.88894234e+00  3.14988871e+00 
 3.96140000e-10  1.89108474e+00  1.70891526e+00  2.88913664e+00  3.14967509e+00 
 3.96640000e-10  1.89070988e+00  1.70929012e+00  2.88933421e+00  3.14945740e+00 
 3.97140000e-10  1.89033413e+00  1.70966587e+00  2.88953508e+00  3.14923560e+00 
 3.97640000e-10  1.88995748e+00  1.71004252e+00  2.88973931e+00  3.14900966e+00 
 3.98140000e-10  1.88957995e+00  1.71042005e+00  2.88994694e+00  3.14877953e+00 
 3.98640000e-10  1.88920153e+00  1.71079847e+00  2.89015799e+00  3.14854520e+00 
 3.99140000e-10  1.88882223e+00  1.71117777e+00  2.89037252e+00  3.14830661e+00 
 3.99640000e-10  1.88844206e+00  1.71155794e+00  2.89059057e+00  3.14806375e+00 
 4.00140000e-10  1.88806101e+00  1.71193899e+00  2.89081218e+00  3.14781657e+00 
 4.00640000e-10  1.88767909e+00  1.71232091e+00  2.89103738e+00  3.14756506e+00 
 4.01140000e-10  1.88729631e+00  1.71270369e+00  2.89126621e+00  3.14730917e+00 
 4.01640000e-10  1.88691266e+00  1.71308734e+00  2.89149872e+00  3.14704888e+00 
 4.02140000e-10  1.88652816e+00  1.71347184e+00  2.89173493e+00  3.14678416e+00 
 4.02640000e-10  1.88614280e+00  1.71385720e+00  2.89197490e+00  3.14651500e+00 
 4.03140000e-10  1.88575660e+00  1.71424340e+00  2.89221864e+00  3.14624136e+00 
 4.03640000e-10  1.88536954e+00  1.71463046e+00  2.89246620e+00  3.14596321e+00 
 4.04140000e-10  1.88498165e+00  1.71501835e+00  2.89271762e+00  3.14568055e+00 
 4.04640000e-10  1.88459291e+00  1.71540709e+00  2.89297292e+00  3.14539334e+00 
 4.05140000e-10  1.88420334e+00  1.71579666e+00  2.89323214e+00  3.14510157e+00 
 4.05640000e-10  1.88381294e+00  1.71618706e+00  2.89349530e+00  3.14480523e+00 
 4.06140000e-10  1.88342172e+00  1.71657828e+00  2.89376246e+00  3.14450428e+00 
 4.06640000e-10  1.88302966e+00  1.71697034e+00  2.89403362e+00  3.14419872e+00 
 4.07140000e-10  1.88263679e+00  1.71736321e+00  2.89430882e+00  3.14388854e+00 
 4.07640000e-10  1.88224311e+00  1.71775689e+00  2.89458809e+00  3.14357371e+00 
 4.08140000e-10  1.88184861e+00  1.71815139e+00  2.89487146e+00  3.14325423e+00 
 4.08640000e-10  1.88145331e+00  1.71854669e+00  2.89515894e+00  3.14293009e+00 
 4.09140000e-10  1.88105720e+00  1.71894280e+00  2.89545058e+00  3.14260128e+00 
 4.09640000e-10  1.88066029e+00  1.71933971e+00  2.89574638e+00  3.14226779e+00 
 4.10140000e-10  1.88026258e+00  1.71973742e+00  2.89604638e+00  3.14192961e+00 
 4.10640000e-10  1.87986408e+00  1.72013592e+00  2.89635059e+00  3.14158674e+00 
 4.11140000e-10  1.87946480e+00  1.72053520e+00  2.89665904e+00  3.14123918e+00 
 4.11640000e-10  1.87906473e+00  1.72093527e+00  2.89697175e+00  3.14088692e+00 
 4.12140000e-10  1.87866388e+00  1.72133612e+00  2.89728872e+00  3.14052995e+00 
 4.12640000e-10  1.87826225e+00  1.72173775e+00  2.89760999e+00  3.14016829e+00 
 4.13140000e-10  1.87785985e+00  1.72214015e+00  2.89793557e+00  3.13980193e+00 
 4.13640000e-10  1.87745668e+00  1.72254332e+00  2.89826546e+00  3.13943087e+00 
 4.14140000e-10  1.87705275e+00  1.72294725e+00  2.89859970e+00  3.13905511e+00 
 4.14640000e-10  1.87664806e+00  1.72335194e+00  2.89893828e+00  3.13867467e+00 
 4.15140000e-10  1.87624261e+00  1.72375739e+00  2.89928122e+00  3.13828954e+00 
 4.15640000e-10  1.87583641e+00  1.72416359e+00  2.89962853e+00  3.13789973e+00 
 4.16140000e-10  1.87542946e+00  1.72457054e+00  2.89998022e+00  3.13750526e+00 
 4.16640000e-10  1.87502176e+00  1.72497824e+00  2.90033629e+00  3.13710612e+00 
 4.17140000e-10  1.87461333e+00  1.72538667e+00  2.90069676e+00  3.13670233e+00 
 4.17640000e-10  1.87420416e+00  1.72579584e+00  2.90106163e+00  3.13629389e+00 
 4.18140000e-10  1.87379425e+00  1.72620575e+00  2.90143090e+00  3.13588083e+00 
 4.18640000e-10  1.87338362e+00  1.72661638e+00  2.90180459e+00  3.13546315e+00 
 4.19140000e-10  1.87297227e+00  1.72702773e+00  2.90218268e+00  3.13504087e+00 
 4.19640000e-10  1.87256019e+00  1.72743981e+00  2.90256518e+00  3.13461400e+00 
 4.20140000e-10  1.87214740e+00  1.72785260e+00  2.90295209e+00  3.13418256e+00 
 4.20640000e-10  1.87173389e+00  1.72826611e+00  2.90334341e+00  3.13374656e+00 
 4.21140000e-10  1.87131968e+00  1.72868032e+00  2.90373914e+00  3.13330602e+00 
 4.21640000e-10  1.87090476e+00  1.72909524e+00  2.90413927e+00  3.13286096e+00 
 4.22140000e-10  1.87048915e+00  1.72951085e+00  2.90454381e+00  3.13241139e+00 
 4.22640000e-10  1.87007283e+00  1.72992717e+00  2.90495273e+00  3.13195734e+00 
 4.23140000e-10  1.86965583e+00  1.73034417e+00  2.90536605e+00  3.13149883e+00 
 4.23640000e-10  1.86923814e+00  1.73076186e+00  2.90578375e+00  3.13103588e+00 
 4.24140000e-10  1.86881977e+00  1.73118023e+00  2.90620582e+00  3.13056850e+00 
 4.24640000e-10  1.86840071e+00  1.73159929e+00  2.90663226e+00  3.13009672e+00 
 4.25140000e-10  1.86798098e+00  1.73201902e+00  2.90706304e+00  3.12962057e+00 
 4.25640000e-10  1.86756058e+00  1.73243942e+00  2.90749818e+00  3.12914006e+00 
 4.26140000e-10  1.86713952e+00  1.73286048e+00  2.90793764e+00  3.12865523e+00 
 4.26640000e-10  1.86671779e+00  1.73328221e+00  2.90838142e+00  3.12816609e+00 
 4.27140000e-10  1.86629540e+00  1.73370460e+00  2.90882950e+00  3.12767267e+00 
 4.27640000e-10  1.86587236e+00  1.73412764e+00  2.90928188e+00  3.12717500e+00 
 4.28140000e-10  1.86544867e+00  1.73455133e+00  2.90973852e+00  3.12667309e+00 
 4.28640000e-10  1.86502433e+00  1.73497567e+00  2.91019943e+00  3.12616699e+00 
 4.29140000e-10  1.86459935e+00  1.73540065e+00  2.91066458e+00  3.12565671e+00 
 4.29640000e-10  1.86417373e+00  1.73582627e+00  2.91113395e+00  3.12514228e+00 
 4.30140000e-10  1.86374748e+00  1.73625252e+00  2.91160753e+00  3.12462373e+00 
 4.30640000e-10  1.86332060e+00  1.73667940e+00  2.91208529e+00  3.12410109e+00 
 4.31140000e-10  1.86289310e+00  1.73710690e+00  2.91256722e+00  3.12357439e+00 
 4.31640000e-10  1.86246497e+00  1.73753503e+00  2.91305330e+00  3.12304364e+00 
 4.32140000e-10  1.86203623e+00  1.73796377e+00  2.91354350e+00  3.12250890e+00 
 4.32640000e-10  1.86160687e+00  1.73839313e+00  2.91403781e+00  3.12197017e+00 
 4.33140000e-10  1.86117691e+00  1.73882309e+00  2.91453620e+00  3.12142749e+00 
 4.33640000e-10  1.86074634e+00  1.73925366e+00  2.91503865e+00  3.12088090e+00 
 4.34140000e-10  1.86031518e+00  1.73968482e+00  2.91554513e+00  3.12033042e+00 
 4.34640000e-10  1.85988342e+00  1.74011658e+00  2.91605562e+00  3.11977608e+00 
 4.35140000e-10  1.85945107e+00  1.74054893e+00  2.91657011e+00  3.11921790e+00 
 4.35640000e-10  1.85901813e+00  1.74098187e+00  2.91708856e+00  3.11865593e+00 
 4.36140000e-10  1.85858461e+00  1.74141539e+00  2.91761094e+00  3.11809020e+00 
 4.36640000e-10  1.85815051e+00  1.74184949e+00  2.91813724e+00  3.11752072e+00 
 4.37140000e-10  1.85771583e+00  1.74228417e+00  2.91866742e+00  3.11694754e+00 
 4.37640000e-10  1.85728059e+00  1.74271941e+00  2.91920147e+00  3.11637069e+00 
 4.38140000e-10  1.85684478e+00  1.74315522e+00  2.91973934e+00  3.11579019e+00 
 4.38640000e-10  1.85640841e+00  1.74359159e+00  2.92028102e+00  3.11520607e+00 
 4.39140000e-10  1.85597149e+00  1.74402851e+00  2.92082649e+00  3.11461838e+00 
 4.39640000e-10  1.85553401e+00  1.74446599e+00  2.92137570e+00  3.11402713e+00 
 4.40140000e-10  1.85509598e+00  1.74490402e+00  2.92192863e+00  3.11343236e+00 
 4.40640000e-10  1.85465741e+00  1.74534259e+00  2.92248526e+00  3.11283411e+00 
 4.41140000e-10  1.85421830e+00  1.74578170e+00  2.92304556e+00  3.11223240e+00 
 4.41640000e-10  1.85377866e+00  1.74622134e+00  2.92360949e+00  3.11162726e+00 
 4.42140000e-10  1.85333848e+00  1.74666152e+00  2.92417703e+00  3.11101873e+00 
 4.42640000e-10  1.85289778e+00  1.74710222e+00  2.92474814e+00  3.11040684e+00 
 4.43140000e-10  1.85245655e+00  1.74754345e+00  2.92532281e+00  3.10979162e+00 
 4.43640000e-10  1.85201481e+00  1.74798519e+00  2.92590099e+00  3.10917310e+00 
 4.44140000e-10  1.85157256e+00  1.74842744e+00  2.92648266e+00  3.10855131e+00 
 4.44640000e-10  1.85112979e+00  1.74887021e+00  2.92706779e+00  3.10792629e+00 
 4.45140000e-10  1.85068652e+00  1.74931348e+00  2.92765635e+00  3.10729806e+00 
 4.45640000e-10  1.85024275e+00  1.74975725e+00  2.92824831e+00  3.10666665e+00 
 4.46140000e-10  1.84979849e+00  1.75020151e+00  2.92884364e+00  3.10603211e+00 
 4.46640000e-10  1.84935373e+00  1.75064627e+00  2.92944230e+00  3.10539445e+00 
 4.47140000e-10  1.84890849e+00  1.75109151e+00  2.93004426e+00  3.10475372e+00 
 4.47640000e-10  1.84846276e+00  1.75153724e+00  2.93064951e+00  3.10410994e+00 
 4.48140000e-10  1.84801656e+00  1.75198344e+00  2.93125799e+00  3.10346314e+00 
 4.48640000e-10  1.84756988e+00  1.75243012e+00  2.93186969e+00  3.10281335e+00 
 4.49140000e-10  1.84712273e+00  1.75287727e+00  2.93248457e+00  3.10216061e+00 
 4.49640000e-10  1.84667512e+00  1.75332488e+00  2.93310261e+00  3.10150494e+00 
 4.50140000e-10  1.84622704e+00  1.75377296e+00  2.93372376e+00  3.10084638e+00 
 4.50640000e-10  1.84577851e+00  1.75422149e+00  2.93434800e+00  3.10018496e+00 
 4.51140000e-10  1.84532953e+00  1.75467047e+00  2.93497530e+00  3.09952071e+00 
 4.51640000e-10  1.84488010e+00  1.75511990e+00  2.93560562e+00  3.09885366e+00 
 4.52140000e-10  1.84443023e+00  1.75556977e+00  2.93623894e+00  3.09818383e+00 
 4.52640000e-10  1.84397992e+00  1.75602008e+00  2.93687522e+00  3.09751127e+00 
 4.53140000e-10  1.84352917e+00  1.75647083e+00  2.93751443e+00  3.09683599e+00 
 4.53640000e-10  1.84307800e+00  1.75692200e+00  2.93815654e+00  3.09615804e+00 
 4.54140000e-10  1.84262640e+00  1.75737360e+00  2.93880153e+00  3.09547743e+00 
 4.54640000e-10  1.84217438e+00  1.75782562e+00  2.93944935e+00  3.09479421e+00 
 4.55140000e-10  1.84172194e+00  1.75827806e+00  2.94009997e+00  3.09410840e+00 
 4.55640000e-10  1.84126909e+00  1.75873091e+00  2.94075338e+00  3.09342003e+00 
 4.56140000e-10  1.84081584e+00  1.75918416e+00  2.94140952e+00  3.09272913e+00 
 4.56640000e-10  1.84036218e+00  1.75963782e+00  2.94206838e+00  3.09203573e+00 
 4.57140000e-10  1.83990812e+00  1.76009188e+00  2.94272992e+00  3.09133985e+00 
 4.57640000e-10  1.83945367e+00  1.76054633e+00  2.94339412e+00  3.09064154e+00 
 4.58140000e-10  1.83899883e+00  1.76100117e+00  2.94406093e+00  3.08994082e+00 
 4.58640000e-10  1.83854361e+00  1.76145639e+00  2.94473033e+00  3.08923771e+00 
 4.59140000e-10  1.83808800e+00  1.76191200e+00  2.94540229e+00  3.08853225e+00 
 4.59640000e-10  1.83763202e+00  1.76236798e+00  2.94607678e+00  3.08782446e+00 
 4.60140000e-10  1.83717567e+00  1.76282433e+00  2.94675376e+00  3.08711438e+00 
 4.60640000e-10  1.83671895e+00  1.76328105e+00  2.94743321e+00  3.08640203e+00 
 4.61140000e-10  1.83626187e+00  1.76373813e+00  2.94811509e+00  3.08568745e+00 
 4.61640000e-10  1.83580443e+00  1.76419557e+00  2.94879938e+00  3.08497065e+00 
 4.62140000e-10  1.83534663e+00  1.76465337e+00  2.94948604e+00  3.08425168e+00 
 4.62640000e-10  1.83488849e+00  1.76511151e+00  2.95017504e+00  3.08353055e+00 
 4.63140000e-10  1.83443000e+00  1.76557000e+00  2.95086636e+00  3.08280730e+00 
 4.63640000e-10  1.83397118e+00  1.76602882e+00  2.95155996e+00  3.08208195e+00 
 4.64140000e-10  1.83351202e+00  1.76648798e+00  2.95225581e+00  3.08135453e+00 
 4.64640000e-10  1.83305252e+00  1.76694748e+00  2.95295388e+00  3.08062508e+00 
 4.65140000e-10  1.83259270e+00  1.76740730e+00  2.95365415e+00  3.07989361e+00 
 4.65640000e-10  1.83213256e+00  1.76786744e+00  2.95435657e+00  3.07916016e+00 
 4.66140000e-10  1.83167211e+00  1.76832789e+00  2.95506113e+00  3.07842475e+00 
 4.66640000e-10  1.83121134e+00  1.76878866e+00  2.95576779e+00  3.07768741e+00 
 4.67140000e-10  1.83075026e+00  1.76924974e+00  2.95647653e+00  3.07694817e+00 
 4.67640000e-10  1.83028888e+00  1.76971112e+00  2.95718730e+00  3.07620705e+00 
 4.68140000e-10  1.82982720e+00  1.77017280e+00  2.95790009e+00  3.07546409e+00 
 4.68640000e-10  1.82936522e+00  1.77063478e+00  2.95861487e+00  3.07471931e+00 
 4.69140000e-10  1.82890296e+00  1.77109704e+00  2.95933159e+00  3.07397274e+00 
 4.69640000e-10  1.82844041e+00  1.77155959e+00  2.96005025e+00  3.07322440e+00 
 4.70140000e-10  1.82797758e+00  1.77202242e+00  2.96077079e+00  3.07247432e+00 
 4.70640000e-10  1.82751447e+00  1.77248553e+00  2.96149321e+00  3.07172252e+00 
 4.71140000e-10  1.82705109e+00  1.77294891e+00  2.96221746e+00  3.07096905e+00 
 4.71640000e-10  1.82658745e+00  1.77341255e+00  2.96294352e+00  3.07021391e+00 
 4.72140000e-10  1.82612354e+00  1.77387646e+00  2.96367136e+00  3.06945714e+00 
 4.72640000e-10  1.82565937e+00  1.77434063e+00  2.96440095e+00  3.06869877e+00 
 4.73140000e-10  1.82519495e+00  1.77480505e+00  2.96513227e+00  3.06793881e+00 
 4.73640000e-10  1.82473029e+00  1.77526971e+00  2.96586527e+00  3.06717730e+00 
 4.74140000e-10  1.82426538e+00  1.77573462e+00  2.96659995e+00  3.06641427e+00 
 4.74640000e-10  1.82380022e+00  1.77619978e+00  2.96733626e+00  3.06564973e+00 
 4.75140000e-10  1.82333484e+00  1.77666516e+00  2.96807417e+00  3.06488372e+00 
 4.75640000e-10  1.82286922e+00  1.77713078e+00  2.96881367e+00  3.06411626e+00 
 4.76140000e-10  1.82240338e+00  1.77759662e+00  2.96955472e+00  3.06334737e+00 
 4.76640000e-10  1.82193732e+00  1.77806268e+00  2.97029729e+00  3.06257709e+00 
 4.77140000e-10  1.82147104e+00  1.77852896e+00  2.97104136e+00  3.06180543e+00 
 4.77640000e-10  1.82100455e+00  1.77899545e+00  2.97178690e+00  3.06103243e+00 
 4.78140000e-10  1.82053785e+00  1.77946215e+00  2.97253388e+00  3.06025810e+00 
 4.78640000e-10  1.82007095e+00  1.77992905e+00  2.97328227e+00  3.05948249e+00 
 4.79140000e-10  1.81960385e+00  1.78039615e+00  2.97403204e+00  3.05870560e+00 
 4.79640000e-10  1.81913655e+00  1.78086345e+00  2.97478318e+00  3.05792746e+00 
 4.80140000e-10  1.81866907e+00  1.78133093e+00  2.97553564e+00  3.05714811e+00 
 4.80640000e-10  1.81820141e+00  1.78179859e+00  2.97628940e+00  3.05636756e+00 
 4.81140000e-10  1.81773356e+00  1.78226644e+00  2.97704444e+00  3.05558584e+00 
 4.81640000e-10  1.81726554e+00  1.78273446e+00  2.97780073e+00  3.05480297e+00 
 4.82140000e-10  1.81679735e+00  1.78320265e+00  2.97855824e+00  3.05401899e+00 
 4.82640000e-10  1.81632899e+00  1.78367101e+00  2.97931695e+00  3.05323391e+00 
 4.83140000e-10  1.81586047e+00  1.78413953e+00  2.98007682e+00  3.05244776e+00 
 4.83640000e-10  1.81539180e+00  1.78460820e+00  2.98083783e+00  3.05166057e+00 
 4.84140000e-10  1.81492297e+00  1.78507703e+00  2.98159996e+00  3.05087236e+00 
 4.84640000e-10  1.81445400e+00  1.78554600e+00  2.98236317e+00  3.05008315e+00 
 4.85140000e-10  1.81398488e+00  1.78601512e+00  2.98312745e+00  3.04929297e+00 
 4.85640000e-10  1.81351563e+00  1.78648437e+00  2.98389276e+00  3.04850184e+00 
 4.86140000e-10  1.81304624e+00  1.78695376e+00  2.98465908e+00  3.04770979e+00 
 4.86640000e-10  1.81257672e+00  1.78742328e+00  2.98542638e+00  3.04691684e+00 
 4.87140000e-10  1.81210708e+00  1.78789292e+00  2.98619464e+00  3.04612302e+00 
 4.87640000e-10  1.81163732e+00  1.78836268e+00  2.98696382e+00  3.04532836e+00 
 4.88140000e-10  1.81116744e+00  1.78883256e+00  2.98773392e+00  3.04453287e+00 
 4.88640000e-10  1.81069746e+00  1.78930254e+00  2.98850489e+00  3.04373658e+00 
 4.89140000e-10  1.81022737e+00  1.78977263e+00  2.98927671e+00  3.04293951e+00 
 4.89640000e-10  1.80975718e+00  1.79024282e+00  2.99004936e+00  3.04214169e+00 
 4.90140000e-10  1.80928689e+00  1.79071311e+00  2.99082282e+00  3.04134315e+00 
 4.90640000e-10  1.80881651e+00  1.79118349e+00  2.99159705e+00  3.04054391e+00 
 4.91140000e-10  1.80834604e+00  1.79165396e+00  2.99237203e+00  3.03974399e+00 
 4.91640000e-10  1.80787549e+00  1.79212451e+00  2.99314775e+00  3.03894341e+00 
 4.92140000e-10  1.80740486e+00  1.79259514e+00  2.99392416e+00  3.03814221e+00 
 4.92640000e-10  1.80693416e+00  1.79306584e+00  2.99470125e+00  3.03734041e+00 
 4.93140000e-10  1.80646340e+00  1.79353660e+00  2.99547900e+00  3.03653803e+00 
 4.93640000e-10  1.80599256e+00  1.79400744e+00  2.99625738e+00  3.03573509e+00 
 4.94140000e-10  1.80552167e+00  1.79447833e+00  2.99703636e+00  3.03493162e+00 
 4.94640000e-10  1.80505073e+00  1.79494927e+00  2.99781593e+00  3.03412766e+00 
 4.95140000e-10  1.80457973e+00  1.79542027e+00  2.99859605e+00  3.03332321e+00 
 4.95640000e-10  1.80410869e+00  1.79589131e+00  2.99937671e+00  3.03251831e+00 
 4.96140000e-10  1.80363761e+00  1.79636239e+00  3.00015788e+00  3.03171299e+00 
 4.96640000e-10  1.80316649e+00  1.79683351e+00  3.00093954e+00  3.03090726e+00 
 4.97140000e-10  1.80269534e+00  1.79730466e+00  3.00172167e+00  3.03010116e+00 
 4.97640000e-10  1.80222417e+00  1.79777583e+00  3.00250425e+00  3.02929471e+00 
 4.98140000e-10  1.80175297e+00  1.79824703e+00  3.00328724e+00  3.02848794e+00 
 4.98640000e-10  1.80128175e+00  1.79871825e+00  3.00407064e+00  3.02768087e+00 
 4.99140000e-10  1.80081053e+00  1.79918947e+00  3.00485442e+00  3.02687353e+00 
 4.99640000e-10  1.80033929e+00  1.79966071e+00  3.00563855e+00  3.02606596e+00 
 5.00140000e-10  1.79986805e+00  1.80013195e+00  3.00642303e+00  3.02525817e+00 
 5.00640000e-10  1.79939682e+00  1.80060318e+00  3.00720782e+00  3.02445020e+00 
 5.01140000e-10  1.79892558e+00  1.80107442e+00  3.00799291e+00  3.02364207e+00 
 5.01640000e-10  1.79845436e+00  1.80154564e+00  3.00877828e+00  3.02283381e+00 
 5.02140000e-10  1.79798316e+00  1.80201684e+00  3.00956390e+00  3.02202545e+00 
 5.02640000e-10  1.79751197e+00  1.80248803e+00  3.01034976e+00  3.02121702e+00 
 5.03140000e-10  1.79704081e+00  1.80295919e+00  3.01113583e+00  3.02040855e+00 
 5.03640000e-10  1.79656968e+00  1.80343032e+00  3.01192210e+00  3.01960006e+00 
 5.04140000e-10  1.79609858e+00  1.80390142e+00  3.01270855e+00  3.01879158e+00 
 5.04640000e-10  1.79562752e+00  1.80437248e+00  3.01349515e+00  3.01798314e+00 
 5.05140000e-10  1.79515651e+00  1.80484349e+00  3.01428188e+00  3.01717476e+00 
 5.05640000e-10  1.79468554e+00  1.80531446e+00  3.01506872e+00  3.01636647e+00 
 5.06140000e-10  1.79421462e+00  1.80578538e+00  3.01585564e+00  3.01555829e+00 
 5.06640000e-10  1.79374376e+00  1.80625624e+00  3.01664262e+00  3.01475025e+00 
 5.07140000e-10  1.79327297e+00  1.80672703e+00  3.01742964e+00  3.01394236e+00 
 5.07640000e-10  1.79280223e+00  1.80719777e+00  3.01821667e+00  3.01313465e+00 
 5.08140000e-10  1.79233157e+00  1.80766843e+00  3.01900367e+00  3.01232714e+00 
 5.08640000e-10  1.79186099e+00  1.80813901e+00  3.01979063e+00  3.01151983e+00 
 5.09140000e-10  1.79139049e+00  1.80860951e+00  3.02057751e+00  3.01071276e+00 
 5.09640000e-10  1.79092007e+00  1.80907993e+00  3.02136428e+00  3.00990593e+00 
 5.10140000e-10  1.79044974e+00  1.80955026e+00  3.02215090e+00  3.00909935e+00 
 5.10640000e-10  1.78997950e+00  1.81002050e+00  3.02293735e+00  3.00829306e+00 
 5.11140000e-10  1.78950937e+00  1.81049063e+00  3.02372359e+00  3.00748704e+00 
 5.11640000e-10  1.78903934e+00  1.81096066e+00  3.02450959e+00  3.00668132e+00 
 5.12140000e-10  1.78856941e+00  1.81143059e+00  3.02529532e+00  3.00587592e+00 
 5.12640000e-10  1.78809960e+00  1.81190040e+00  3.02608073e+00  3.00507083e+00 
 5.13140000e-10  1.78762991e+00  1.81237009e+00  3.02686579e+00  3.00426608e+00 
 5.13640000e-10  1.78716033e+00  1.81283967e+00  3.02765047e+00  3.00346168e+00 
 5.14140000e-10  1.78669089e+00  1.81330911e+00  3.02843474e+00  3.00265763e+00 
 5.14640000e-10  1.78622158e+00  1.81377842e+00  3.02921856e+00  3.00185395e+00 
 5.15140000e-10  1.78575240e+00  1.81424760e+00  3.03000190e+00  3.00105067e+00 
 5.15640000e-10  1.78528336e+00  1.81471664e+00  3.03078471e+00  3.00024777e+00 
 5.16140000e-10  1.78481447e+00  1.81518553e+00  3.03156698e+00  2.99944530e+00 
 5.16640000e-10  1.78434573e+00  1.81565427e+00  3.03234867e+00  2.99864325e+00 
 5.17140000e-10  1.78387714e+00  1.81612286e+00  3.03312975e+00  2.99784165e+00 
 5.17640000e-10  1.78340871e+00  1.81659129e+00  3.03391019e+00  2.99704051e+00 
 5.18140000e-10  1.78294044e+00  1.81705956e+00  3.03468995e+00  2.99623986e+00 
 5.18640000e-10  1.78247235e+00  1.81752765e+00  3.03546901e+00  2.99543970e+00 
 5.19140000e-10  1.78200443e+00  1.81799557e+00  3.03624734e+00  2.99464006e+00 
 5.19640000e-10  1.78153668e+00  1.81846332e+00  3.03702492e+00  2.99384097e+00 
 5.20140000e-10  1.78106912e+00  1.81893088e+00  3.03780171e+00  2.99304243e+00 
 5.20640000e-10  1.78060174e+00  1.81939826e+00  3.03857769e+00  2.99224447e+00 
 5.21140000e-10  1.78013455e+00  1.81986545e+00  3.03935283e+00  2.99144712e+00 
 5.21640000e-10  1.77966756e+00  1.82033244e+00  3.04012711e+00  2.99065039e+00 
 5.22140000e-10  1.77920078e+00  1.82079922e+00  3.04090050e+00  2.98985432e+00 
 5.22640000e-10  1.77873419e+00  1.82126581e+00  3.04167299e+00  2.98905891e+00 
 5.23140000e-10  1.77826782e+00  1.82173218e+00  3.04244453e+00  2.98826421e+00 
 5.23640000e-10  1.77780166e+00  1.82219834e+00  3.04321512e+00  2.98747022e+00 
 5.24140000e-10  1.77733572e+00  1.82266428e+00  3.04398472e+00  2.98667699e+00 
 5.24640000e-10  1.77687000e+00  1.82313000e+00  3.04475332e+00  2.98588452e+00 
 5.25140000e-10  1.77640452e+00  1.82359548e+00  3.04552089e+00  2.98509286e+00 
 5.25640000e-10  1.77593926e+00  1.82406074e+00  3.04628741e+00  2.98430201e+00 
 5.26140000e-10  1.77547424e+00  1.82452576e+00  3.04705286e+00  2.98351202e+00 
 5.26640000e-10  1.77500947e+00  1.82499053e+00  3.04781721e+00  2.98272290e+00 
 5.27140000e-10  1.77454494e+00  1.82545506e+00  3.04858044e+00  2.98193468e+00 
 5.27640000e-10  1.77408066e+00  1.82591934e+00  3.04934253e+00  2.98114739e+00 
 5.28140000e-10  1.77361664e+00  1.82638336e+00  3.05010345e+00  2.98036105e+00 
 5.28640000e-10  1.77315288e+00  1.82684712e+00  3.05086319e+00  2.97957569e+00 
 5.29140000e-10  1.77268938e+00  1.82731062e+00  3.05162172e+00  2.97879134e+00 
 5.29640000e-10  1.77222616e+00  1.82777384e+00  3.05237903e+00  2.97800803e+00 
 5.30140000e-10  1.77176320e+00  1.82823680e+00  3.05313508e+00  2.97722578e+00 
 5.30640000e-10  1.77130053e+00  1.82869947e+00  3.05388985e+00  2.97644461e+00 
 5.31140000e-10  1.77083814e+00  1.82916186e+00  3.05464333e+00  2.97566456e+00 
 5.31640000e-10  1.77037604e+00  1.82962396e+00  3.05539549e+00  2.97488565e+00 
 5.32140000e-10  1.76991423e+00  1.83008577e+00  3.05614630e+00  2.97410790e+00 
 5.32640000e-10  1.76945271e+00  1.83054729e+00  3.05689575e+00  2.97333135e+00 
 5.33140000e-10  1.76899150e+00  1.83100850e+00  3.05764381e+00  2.97255602e+00 
 5.33640000e-10  1.76853059e+00  1.83146941e+00  3.05839046e+00  2.97178194e+00 
 5.34140000e-10  1.76807000e+00  1.83193000e+00  3.05913568e+00  2.97100914e+00 
 5.34640000e-10  1.76760972e+00  1.83239028e+00  3.05987944e+00  2.97023763e+00 
 5.35140000e-10  1.76714976e+00  1.83285024e+00  3.06062172e+00  2.96946745e+00 
 5.35640000e-10  1.76669012e+00  1.83330988e+00  3.06136249e+00  2.96869863e+00 
 5.36140000e-10  1.76623081e+00  1.83376919e+00  3.06210174e+00  2.96793119e+00 
 5.36640000e-10  1.76577184e+00  1.83422816e+00  3.06283943e+00  2.96716515e+00 
 5.37140000e-10  1.76531320e+00  1.83468680e+00  3.06357555e+00  2.96640055e+00 
 5.37640000e-10  1.76485491e+00  1.83514509e+00  3.06431007e+00  2.96563741e+00 
 5.38140000e-10  1.76439696e+00  1.83560304e+00  3.06504296e+00  2.96487575e+00 
 5.38640000e-10  1.76393936e+00  1.83606064e+00  3.06577421e+00  2.96411561e+00 
 5.39140000e-10  1.76348212e+00  1.83651788e+00  3.06650378e+00  2.96335701e+00 
 5.39640000e-10  1.76302524e+00  1.83697476e+00  3.06723166e+00  2.96259997e+00 
 5.40140000e-10  1.76256873e+00  1.83743127e+00  3.06795781e+00  2.96184453e+00 
 5.40640000e-10  1.76211258e+00  1.83788742e+00  3.06868222e+00  2.96109070e+00 
 5.41140000e-10  1.76165681e+00  1.83834319e+00  3.06940485e+00  2.96033852e+00 
 5.41640000e-10  1.76120142e+00  1.83879858e+00  3.07012569e+00  2.95958800e+00 
 5.42140000e-10  1.76074641e+00  1.83925359e+00  3.07084470e+00  2.95883919e+00 
 5.42640000e-10  1.76029179e+00  1.83970821e+00  3.07156187e+00  2.95809210e+00 
 5.43140000e-10  1.75983756e+00  1.84016244e+00  3.07227717e+00  2.95734676e+00 
 5.43640000e-10  1.75938372e+00  1.84061628e+00  3.07299056e+00  2.95660319e+00 
 5.44140000e-10  1.75893029e+00  1.84106971e+00  3.07370203e+00  2.95586143e+00 
 5.44640000e-10  1.75847726e+00  1.84152274e+00  3.07441155e+00  2.95512150e+00 
 5.45140000e-10  1.75802464e+00  1.84197536e+00  3.07511909e+00  2.95438342e+00 
 5.45640000e-10  1.75757244e+00  1.84242756e+00  3.07582463e+00  2.95364722e+00 
 5.46140000e-10  1.75712065e+00  1.84287935e+00  3.07652814e+00  2.95291293e+00 
 5.46640000e-10  1.75666929e+00  1.84333071e+00  3.07722960e+00  2.95218057e+00 
 5.47140000e-10  1.75621836e+00  1.84378164e+00  3.07792897e+00  2.95145017e+00 
 5.47640000e-10  1.75576785e+00  1.84423215e+00  3.07862623e+00  2.95072176e+00 
 5.48140000e-10  1.75531779e+00  1.84468221e+00  3.07932136e+00  2.94999536e+00 
 5.48640000e-10  1.75486816e+00  1.84513184e+00  3.08001433e+00  2.94927100e+00 
 5.49140000e-10  1.75441898e+00  1.84558102e+00  3.08070511e+00  2.94854871e+00 
 5.49640000e-10  1.75397026e+00  1.84602974e+00  3.08139368e+00  2.94782850e+00 
 5.50140000e-10  1.75352198e+00  1.84647802e+00  3.08208000e+00  2.94711042e+00 
 5.50640000e-10  1.75307416e+00  1.84692584e+00  3.08276405e+00  2.94639447e+00 
 5.51140000e-10  1.75262681e+00  1.84737319e+00  3.08344581e+00  2.94568070e+00 
 5.51640000e-10  1.75217992e+00  1.84782008e+00  3.08412524e+00  2.94496913e+00 
 5.52140000e-10  1.75173351e+00  1.84826649e+00  3.08480233e+00  2.94425978e+00 
 5.52640000e-10  1.75128757e+00  1.84871243e+00  3.08547703e+00  2.94355268e+00 
 5.53140000e-10  1.75084212e+00  1.84915788e+00  3.08614933e+00  2.94284785e+00 
 5.53640000e-10  1.75039714e+00  1.84960286e+00  3.08681919e+00  2.94214533e+00 
 5.54140000e-10  1.74995266e+00  1.85004734e+00  3.08748660e+00  2.94144514e+00 
 5.54640000e-10  1.74950867e+00  1.85049133e+00  3.08815152e+00  2.94074730e+00 
 5.55140000e-10  1.74906519e+00  1.85093481e+00  3.08881392e+00  2.94005184e+00 
 5.55640000e-10  1.74862220e+00  1.85137780e+00  3.08947378e+00  2.93935880e+00 
 5.56140000e-10  1.74817972e+00  1.85182028e+00  3.09013106e+00  2.93866819e+00 
 5.56640000e-10  1.74773775e+00  1.85226225e+00  3.09078575e+00  2.93798004e+00 
 5.57140000e-10  1.74729630e+00  1.85270370e+00  3.09143781e+00  2.93729438e+00 
 5.57640000e-10  1.74685537e+00  1.85314463e+00  3.09208722e+00  2.93661123e+00 
 5.58140000e-10  1.74641496e+00  1.85358504e+00  3.09273395e+00  2.93593063e+00 
 5.58640000e-10  1.74597508e+00  1.85402492e+00  3.09337796e+00  2.93525259e+00 
 5.59140000e-10  1.74553573e+00  1.85446427e+00  3.09401924e+00  2.93457715e+00 
 5.59640000e-10  1.74509692e+00  1.85490308e+00  3.09465775e+00  2.93390434e+00 
 5.60140000e-10  1.74465866e+00  1.85534134e+00  3.09529347e+00  2.93323417e+00 
 5.60640000e-10  1.74422094e+00  1.85577906e+00  3.09592637e+00  2.93256667e+00 
 5.61140000e-10  1.74378377e+00  1.85621623e+00  3.09655642e+00  2.93190188e+00 
 5.61640000e-10  1.74334715e+00  1.85665285e+00  3.09718359e+00  2.93123981e+00 
 5.62140000e-10  1.74291110e+00  1.85708890e+00  3.09780786e+00  2.93058050e+00 
 5.62640000e-10  1.74247560e+00  1.85752440e+00  3.09842920e+00  2.92992397e+00 
 5.63140000e-10  1.74204068e+00  1.85795932e+00  3.09904757e+00  2.92927024e+00 
 5.63640000e-10  1.74160633e+00  1.85839367e+00  3.09966296e+00  2.92861936e+00 
 5.64140000e-10  1.74117255e+00  1.85882745e+00  3.10027533e+00  2.92797133e+00 
 5.64640000e-10  1.74073936e+00  1.85926064e+00  3.10088466e+00  2.92732619e+00 
 5.65140000e-10  1.74030674e+00  1.85969326e+00  3.10149092e+00  2.92668396e+00 
 5.65640000e-10  1.73987472e+00  1.86012528e+00  3.10209408e+00  2.92604467e+00 
 5.66140000e-10  1.73944329e+00  1.86055671e+00  3.10269412e+00  2.92540835e+00 
 5.66640000e-10  1.73901246e+00  1.86098754e+00  3.10329100e+00  2.92477503e+00 
 5.67140000e-10  1.73858224e+00  1.86141776e+00  3.10388471e+00  2.92414472e+00 
 5.67640000e-10  1.73815261e+00  1.86184739e+00  3.10447521e+00  2.92351746e+00 
 5.68140000e-10  1.73772360e+00  1.86227640e+00  3.10506247e+00  2.92289327e+00 
 5.68640000e-10  1.73729520e+00  1.86270480e+00  3.10564647e+00  2.92227217e+00 
 5.69140000e-10  1.73686743e+00  1.86313257e+00  3.10622719e+00  2.92165420e+00 
 5.69640000e-10  1.73644027e+00  1.86355973e+00  3.10680459e+00  2.92103939e+00 
 5.70140000e-10  1.73601374e+00  1.86398626e+00  3.10737866e+00  2.92042774e+00 
 5.70640000e-10  1.73558785e+00  1.86441215e+00  3.10794935e+00  2.91981930e+00 
 5.71140000e-10  1.73516258e+00  1.86483742e+00  3.10851666e+00  2.91921409e+00 
 5.71640000e-10  1.73473796e+00  1.86526204e+00  3.10908054e+00  2.91861212e+00 
 5.72140000e-10  1.73431399e+00  1.86568601e+00  3.10964098e+00  2.91801344e+00 
 5.72640000e-10  1.73389066e+00  1.86610934e+00  3.11019795e+00  2.91741806e+00 
 5.73140000e-10  1.73346798e+00  1.86653202e+00  3.11075143e+00  2.91682601e+00 
 5.73640000e-10  1.73304596e+00  1.86695404e+00  3.11130139e+00  2.91623732e+00 
 5.74140000e-10  1.73262460e+00  1.86737540e+00  3.11184780e+00  2.91565200e+00 
 5.74640000e-10  1.73220391e+00  1.86779609e+00  3.11239064e+00  2.91507009e+00 
 5.75140000e-10  1.73178389e+00  1.86821611e+00  3.11292989e+00  2.91449160e+00 
 5.75640000e-10  1.73136453e+00  1.86863547e+00  3.11346552e+00  2.91391657e+00 
 5.76140000e-10  1.73094586e+00  1.86905414e+00  3.11399751e+00  2.91334502e+00 
 5.76640000e-10  1.73052787e+00  1.86947213e+00  3.11452583e+00  2.91277697e+00 
 5.77140000e-10  1.73011056e+00  1.86988944e+00  3.11505047e+00  2.91221245e+00 
 5.77640000e-10  1.72969394e+00  1.87030606e+00  3.11557139e+00  2.91165147e+00 
 5.78140000e-10  1.72927802e+00  1.87072198e+00  3.11608858e+00  2.91109407e+00 
 5.78640000e-10  1.72886280e+00  1.87113720e+00  3.11660201e+00  2.91054027e+00 
 5.79140000e-10  1.72844827e+00  1.87155173e+00  3.11711167e+00  2.90999009e+00 
 5.79640000e-10  1.72803446e+00  1.87196554e+00  3.11761753e+00  2.90944355e+00 
 5.80140000e-10  1.72762135e+00  1.87237865e+00  3.11811956e+00  2.90890068e+00 
 5.80640000e-10  1.72720896e+00  1.87279104e+00  3.11861776e+00  2.90836149e+00 
 5.81140000e-10  1.72679729e+00  1.87320271e+00  3.11911209e+00  2.90782602e+00 
 5.81640000e-10  1.72638633e+00  1.87361367e+00  3.11960254e+00  2.90729427e+00 
 5.82140000e-10  1.72597611e+00  1.87402389e+00  3.12008910e+00  2.90676629e+00 
 5.82640000e-10  1.72556662e+00  1.87443338e+00  3.12057173e+00  2.90624207e+00 
 5.83140000e-10  1.72515786e+00  1.87484214e+00  3.12105042e+00  2.90572166e+00 
 5.83640000e-10  1.72474984e+00  1.87525016e+00  3.12152516e+00  2.90520506e+00 
 5.84140000e-10  1.72434256e+00  1.87565744e+00  3.12199593e+00  2.90469230e+00 
 5.84640000e-10  1.72393603e+00  1.87606397e+00  3.12246270e+00  2.90418339e+00 
 5.85140000e-10  1.72353024e+00  1.87646976e+00  3.12292547e+00  2.90367837e+00 
 5.85640000e-10  1.72312522e+00  1.87687478e+00  3.12338422e+00  2.90317724e+00 
 5.86140000e-10  1.72272095e+00  1.87727905e+00  3.12383893e+00  2.90268002e+00 
 5.86640000e-10  1.72231745e+00  1.87768255e+00  3.12428959e+00  2.90218674e+00 
 5.87140000e-10  1.72191471e+00  1.87808529e+00  3.12473619e+00  2.90169741e+00 
 5.87640000e-10  1.72151274e+00  1.87848726e+00  3.12517870e+00  2.90121205e+00 
 5.88140000e-10  1.72111155e+00  1.87888845e+00  3.12561712e+00  2.90073068e+00 
 5.88640000e-10  1.72071114e+00  1.87928886e+00  3.12605144e+00  2.90025332e+00 
 5.89140000e-10  1.72031150e+00  1.87968850e+00  3.12648165e+00  2.89977997e+00 
 5.89640000e-10  1.71991266e+00  1.88008734e+00  3.12690772e+00  2.89931066e+00 
 5.90140000e-10  1.71951461e+00  1.88048539e+00  3.12732966e+00  2.89884540e+00 
 5.90640000e-10  1.71911735e+00  1.88088265e+00  3.12774746e+00  2.89838421e+00 
 5.91140000e-10  1.71872088e+00  1.88127912e+00  3.12816110e+00  2.89792710e+00 
 5.91640000e-10  1.71832522e+00  1.88167478e+00  3.12857058e+00  2.89747408e+00 
 5.92140000e-10  1.71793037e+00  1.88206963e+00  3.12897589e+00  2.89702518e+00 
 5.92640000e-10  1.71753633e+00  1.88246367e+00  3.12937703e+00  2.89658039e+00 
 5.93140000e-10  1.71714310e+00  1.88285690e+00  3.12977399e+00  2.89613974e+00 
 5.93640000e-10  1.71675069e+00  1.88324931e+00  3.13016676e+00  2.89570324e+00 
 5.94140000e-10  1.71635910e+00  1.88364090e+00  3.13055534e+00  2.89527089e+00 
 5.94640000e-10  1.71596833e+00  1.88403167e+00  3.13093972e+00  2.89484271e+00 
 5.95140000e-10  1.71557840e+00  1.88442160e+00  3.13131992e+00  2.89441871e+00 
 5.95640000e-10  1.71518929e+00  1.88481071e+00  3.13169591e+00  2.89399889e+00 
 5.96140000e-10  1.71480103e+00  1.88519897e+00  3.13206771e+00  2.89358328e+00 
 5.96640000e-10  1.71441360e+00  1.88558640e+00  3.13243532e+00  2.89317187e+00 
 5.97140000e-10  1.71402702e+00  1.88597298e+00  3.13279873e+00  2.89276467e+00 
 5.97640000e-10  1.71364129e+00  1.88635871e+00  3.13315794e+00  2.89236169e+00 
 5.98140000e-10  1.71325641e+00  1.88674359e+00  3.13351297e+00  2.89196293e+00 
 5.98640000e-10  1.71287239e+00  1.88712761e+00  3.13386381e+00  2.89156841e+00 
 5.99140000e-10  1.71248923e+00  1.88751077e+00  3.13421047e+00  2.89117813e+00 
 5.99640000e-10  1.71210693e+00  1.88789307e+00  3.13455296e+00  2.89079208e+00 
 6.00140000e-10  1.71172550e+00  1.88827450e+00  3.13489127e+00  2.89041028e+00 
 6.00640000e-10  1.71134494e+00  1.88865506e+00  3.13522543e+00  2.89003273e+00 
 6.01140000e-10  1.71096525e+00  1.88903475e+00  3.13555543e+00  2.88965943e+00 
 6.01640000e-10  1.71058645e+00  1.88941355e+00  3.13588129e+00  2.88929039e+00 
 6.02140000e-10  1.71020852e+00  1.88979148e+00  3.13620302e+00  2.88892560e+00 
 6.02640000e-10  1.70983149e+00  1.89016851e+00  3.13652062e+00  2.88856506e+00 
 6.03140000e-10  1.70945534e+00  1.89054466e+00  3.13683412e+00  2.88820877e+00 
 6.03640000e-10  1.70908008e+00  1.89091992e+00  3.13714353e+00  2.88785674e+00 
 6.04140000e-10  1.70870573e+00  1.89129427e+00  3.13744885e+00  2.88750896e+00 
 6.04640000e-10  1.70833227e+00  1.89166773e+00  3.13775011e+00  2.88716542e+00 
 6.05140000e-10  1.70795972e+00  1.89204028e+00  3.13804731e+00  2.88682613e+00 
 6.05640000e-10  1.70758808e+00  1.89241192e+00  3.13834049e+00  2.88649109e+00 
 6.06140000e-10  1.70721735e+00  1.89278265e+00  3.13862965e+00  2.88616027e+00 
 6.06640000e-10  1.70684753e+00  1.89315247e+00  3.13891482e+00  2.88583369e+00 
 6.07140000e-10  1.70647864e+00  1.89352136e+00  3.13919601e+00  2.88551134e+00 
 6.07640000e-10  1.70611066e+00  1.89388934e+00  3.13947325e+00  2.88519320e+00 
 6.08140000e-10  1.70574362e+00  1.89425638e+00  3.13974655e+00  2.88487927e+00 
 6.08640000e-10  1.70537750e+00  1.89462250e+00  3.14001595e+00  2.88456954e+00 
 6.09140000e-10  1.70501232e+00  1.89498768e+00  3.14028146e+00  2.88426400e+00 
 6.09640000e-10  1.70464807e+00  1.89535193e+00  3.14054310e+00  2.88396265e+00 
 6.10140000e-10  1.70428477e+00  1.89571523e+00  3.14080091e+00  2.88366547e+00 
 6.10640000e-10  1.70392241e+00  1.89607759e+00  3.14105491e+00  2.88337244e+00 
 6.11140000e-10  1.70356100e+00  1.89643900e+00  3.14130513e+00  2.88308356e+00 
 6.11640000e-10  1.70320054e+00  1.89679946e+00  3.14155158e+00  2.88279882e+00 
 6.12140000e-10  1.70284104e+00  1.89715896e+00  3.14179431e+00  2.88251820e+00 
 6.12640000e-10  1.70248250e+00  1.89751750e+00  3.14203334e+00  2.88224168e+00 
 6.13140000e-10  1.70212492e+00  1.89787508e+00  3.14226870e+00  2.88196925e+00 
 6.13640000e-10  1.70176830e+00  1.89823170e+00  3.14250042e+00  2.88170089e+00 
 6.14140000e-10  1.70141265e+00  1.89858735e+00  3.14272853e+00  2.88143659e+00 
 6.14640000e-10  1.70105798e+00  1.89894202e+00  3.14295307e+00  2.88117633e+00 
 6.15140000e-10  1.70070428e+00  1.89929572e+00  3.14317406e+00  2.88092009e+00 
 6.15640000e-10  1.70035157e+00  1.89964843e+00  3.14339154e+00  2.88066784e+00 
 6.16140000e-10  1.69999983e+00  1.90000017e+00  3.14360555e+00  2.88041958e+00 
 6.16640000e-10  1.69964909e+00  1.90035091e+00  3.14381611e+00  2.88017528e+00 
 6.17140000e-10  1.69929933e+00  1.90070067e+00  3.14402326e+00  2.87993491e+00 
 6.17640000e-10  1.69895057e+00  1.90104943e+00  3.14422704e+00  2.87969846e+00 
 6.18140000e-10  1.69860281e+00  1.90139719e+00  3.14442748e+00  2.87946590e+00 
 6.18640000e-10  1.69825604e+00  1.90174396e+00  3.14462461e+00  2.87923721e+00 
 6.19140000e-10  1.69791028e+00  1.90208972e+00  3.14481849e+00  2.87901236e+00 
 6.19640000e-10  1.69756553e+00  1.90243447e+00  3.14500913e+00  2.87879133e+00 
 6.20140000e-10  1.69722179e+00  1.90277821e+00  3.14519658e+00  2.87857409e+00 
 6.20640000e-10  1.69687906e+00  1.90312094e+00  3.14538087e+00  2.87836061e+00 
 6.21140000e-10  1.69653735e+00  1.90346265e+00  3.14556205e+00  2.87815088e+00 
 6.21640000e-10  1.69619667e+00  1.90380333e+00  3.14574015e+00  2.87794485e+00 
 6.22140000e-10  1.69585700e+00  1.90414300e+00  3.14591521e+00  2.87774250e+00 
 6.22640000e-10  1.69551837e+00  1.90448163e+00  3.14608726e+00  2.87754381e+00 
 6.23140000e-10  1.69518076e+00  1.90481924e+00  3.14625635e+00  2.87734873e+00 
 6.23640000e-10  1.69484419e+00  1.90515581e+00  3.14642252e+00  2.87715725e+00 
 6.24140000e-10  1.69450866e+00  1.90549134e+00  3.14658579e+00  2.87696932e+00 
 6.24640000e-10  1.69417417e+00  1.90582583e+00  3.14674622e+00  2.87678493e+00 
 6.25140000e-10  1.69384072e+00  1.90615928e+00  3.14690384e+00  2.87660402e+00 
 6.25640000e-10  1.69350832e+00  1.90649168e+00  3.14705869e+00  2.87642659e+00 
 6.26140000e-10  1.69317698e+00  1.90682302e+00  3.14721081e+00  2.87625258e+00 
 6.26640000e-10  1.69284668e+00  1.90715332e+00  3.14736023e+00  2.87608196e+00 
 6.27140000e-10  1.69251745e+00  1.90748255e+00  3.14750700e+00  2.87591471e+00 
 6.27640000e-10  1.69218927e+00  1.90781073e+00  3.14765116e+00  2.87575079e+00 
 6.28140000e-10  1.69186216e+00  1.90813784e+00  3.14779274e+00  2.87559016e+00 
 6.28640000e-10  1.69153612e+00  1.90846388e+00  3.14793179e+00  2.87543278e+00 
 6.29140000e-10  1.69121115e+00  1.90878885e+00  3.14806833e+00  2.87527862e+00 
 6.29640000e-10  1.69088725e+00  1.90911275e+00  3.14820242e+00  2.87512765e+00 
 6.30140000e-10  1.69056442e+00  1.90943558e+00  3.14833408e+00  2.87497983e+00 
 6.30640000e-10  1.69024268e+00  1.90975732e+00  3.14846336e+00  2.87483512e+00 
 6.31140000e-10  1.68992202e+00  1.91007798e+00  3.14859030e+00  2.87469349e+00 
 6.31640000e-10  1.68960245e+00  1.91039755e+00  3.14871492e+00  2.87455489e+00 
 6.32140000e-10  1.68928397e+00  1.91071603e+00  3.14883728e+00  2.87441929e+00 
 6.32640000e-10  1.68896658e+00  1.91103342e+00  3.14895741e+00  2.87428666e+00 
 6.33140000e-10  1.68865028e+00  1.91134972e+00  3.14907533e+00  2.87415695e+00 
 6.33640000e-10  1.68833509e+00  1.91166491e+00  3.14919110e+00  2.87403013e+00 
 6.34140000e-10  1.68802099e+00  1.91197901e+00  3.14930475e+00  2.87390615e+00 
 6.34640000e-10  1.68770801e+00  1.91229199e+00  3.14941631e+00  2.87378499e+00 
 6.35140000e-10  1.68739613e+00  1.91260387e+00  3.14952583e+00  2.87366660e+00 
 6.35640000e-10  1.68708536e+00  1.91291464e+00  3.14963332e+00  2.87355095e+00 
 6.36140000e-10  1.68677570e+00  1.91322430e+00  3.14973884e+00  2.87343799e+00 
 6.36640000e-10  1.68646717e+00  1.91353283e+00  3.14984242e+00  2.87332769e+00 
 6.37140000e-10  1.68615975e+00  1.91384025e+00  3.14994408e+00  2.87322001e+00 
 6.37640000e-10  1.68585346e+00  1.91414654e+00  3.15004388e+00  2.87311491e+00 
 6.38140000e-10  1.68554829e+00  1.91445171e+00  3.15014183e+00  2.87301236e+00 
 6.38640000e-10  1.68524425e+00  1.91475575e+00  3.15023797e+00  2.87291231e+00 
 6.39140000e-10  1.68494135e+00  1.91505865e+00  3.15033234e+00  2.87281473e+00 
 6.39640000e-10  1.68463958e+00  1.91536042e+00  3.15042497e+00  2.87271958e+00 
 6.40140000e-10  1.68433895e+00  1.91566105e+00  3.15051589e+00  2.87262682e+00 
 6.40640000e-10  1.68403946e+00  1.91596054e+00  3.15060513e+00  2.87253641e+00 
 6.41140000e-10  1.68374112e+00  1.91625888e+00  3.15069273e+00  2.87244833e+00 
 6.41640000e-10  1.68344392e+00  1.91655608e+00  3.15077871e+00  2.87236252e+00 
 6.42140000e-10  1.68314788e+00  1.91685212e+00  3.15086312e+00  2.87227896e+00 
 6.42640000e-10  1.68285299e+00  1.91714701e+00  3.15094597e+00  2.87219761e+00 
 6.43140000e-10  1.68255925e+00  1.91744075e+00  3.15102730e+00  2.87211842e+00 
 6.43640000e-10  1.68226667e+00  1.91773333e+00  3.15110714e+00  2.87204137e+00 
 6.44140000e-10  1.68197526e+00  1.91802474e+00  3.15118551e+00  2.87196642e+00 
 6.44640000e-10  1.68168501e+00  1.91831499e+00  3.15126245e+00  2.87189353e+00 
 6.45140000e-10  1.68139592e+00  1.91860408e+00  3.15133799e+00  2.87182267e+00 
 6.45640000e-10  1.68110801e+00  1.91889199e+00  3.15141215e+00  2.87175380e+00 
 6.46140000e-10  1.68082127e+00  1.91917873e+00  3.15148496e+00  2.87168688e+00 
 6.46640000e-10  1.68053571e+00  1.91946429e+00  3.15155644e+00  2.87162189e+00 
 6.47140000e-10  1.68025133e+00  1.91974867e+00  3.15162664e+00  2.87155879e+00 
 6.47640000e-10  1.67996812e+00  1.92003188e+00  3.15169556e+00  2.87149754e+00 
 6.48140000e-10  1.67968611e+00  1.92031389e+00  3.15176324e+00  2.87143812e+00 
 6.48640000e-10  1.67940528e+00  1.92059472e+00  3.15182970e+00  2.87138048e+00 
 6.49140000e-10  1.67912564e+00  1.92087436e+00  3.15189497e+00  2.87132460e+00 
 6.49640000e-10  1.67884719e+00  1.92115281e+00  3.15195907e+00  2.87127045e+00 
 6.50140000e-10  1.67856994e+00  1.92143006e+00  3.15202203e+00  2.87121798e+00 
 6.50640000e-10  1.67829389e+00  1.92170611e+00  3.15208386e+00  2.87116718e+00 
 6.51140000e-10  1.67801904e+00  1.92198096e+00  3.15214461e+00  2.87111800e+00 
 6.51640000e-10  1.67774539e+00  1.92225461e+00  3.15220428e+00  2.87107042e+00 
 6.52140000e-10  1.67747295e+00  1.92252705e+00  3.15226289e+00  2.87102441e+00 
 6.52640000e-10  1.67720172e+00  1.92279828e+00  3.15232049e+00  2.87097994e+00 
 6.53140000e-10  1.67693170e+00  1.92306830e+00  3.15237707e+00  2.87093698e+00 
 6.53640000e-10  1.67666290e+00  1.92333710e+00  3.15243267e+00  2.87089549e+00 
 6.54140000e-10  1.67639531e+00  1.92360469e+00  3.15248731e+00  2.87085546e+00 
 6.54640000e-10  1.67612894e+00  1.92387106e+00  3.15254101e+00  2.87081685e+00 
 6.55140000e-10  1.67586380e+00  1.92413620e+00  3.15259378e+00  2.87077963e+00 
 6.55640000e-10  1.67559988e+00  1.92440012e+00  3.15264565e+00  2.87074378e+00 
 6.56140000e-10  1.67533719e+00  1.92466281e+00  3.15269664e+00  2.87070926e+00 
 6.56640000e-10  1.67507572e+00  1.92492428e+00  3.15274676e+00  2.87067606e+00 
 6.57140000e-10  1.67481550e+00  1.92518450e+00  3.15279605e+00  2.87064415e+00 
 6.57640000e-10  1.67455650e+00  1.92544350e+00  3.15284450e+00  2.87061350e+00 
 6.58140000e-10  1.67429875e+00  1.92570125e+00  3.15289215e+00  2.87058408e+00 
 6.58640000e-10  1.67404223e+00  1.92595777e+00  3.15293900e+00  2.87055588e+00 
 6.59140000e-10  1.67378696e+00  1.92621304e+00  3.15298509e+00  2.87052886e+00 
 6.59640000e-10  1.67353294e+00  1.92646706e+00  3.15303042e+00  2.87050300e+00 
 6.60140000e-10  1.67328016e+00  1.92671984e+00  3.15307501e+00  2.87047828e+00 
 6.60640000e-10  1.67302863e+00  1.92697137e+00  3.15311888e+00  2.87045467e+00 
 6.61140000e-10  1.67277836e+00  1.92722164e+00  3.15316204e+00  2.87043216e+00 
 6.61640000e-10  1.67252934e+00  1.92747066e+00  3.15320451e+00  2.87041071e+00 
 6.62140000e-10  1.67228158e+00  1.92771842e+00  3.15324631e+00  2.87039032e+00 
 6.62640000e-10  1.67203508e+00  1.92796492e+00  3.15328744e+00  2.87037094e+00 
 6.63140000e-10  1.67178985e+00  1.92821015e+00  3.15332793e+00  2.87035257e+00 
 6.63640000e-10  1.67154588e+00  1.92845412e+00  3.15336780e+00  2.87033518e+00 
 6.64140000e-10  1.67130317e+00  1.92869683e+00  3.15340704e+00  2.87031876e+00 
 6.64640000e-10  1.67106174e+00  1.92893826e+00  3.15344568e+00  2.87030327e+00 
 6.65140000e-10  1.67082158e+00  1.92917842e+00  3.15348374e+00  2.87028871e+00 
 6.65640000e-10  1.67058269e+00  1.92941731e+00  3.15352122e+00  2.87027505e+00 
 6.66140000e-10  1.67034509e+00  1.92965491e+00  3.15355813e+00  2.87026228e+00 
 6.66640000e-10  1.67010876e+00  1.92989124e+00  3.15359450e+00  2.87025036e+00 
 6.67140000e-10  1.66987371e+00  1.93012629e+00  3.15363033e+00  2.87023930e+00 
 6.67640000e-10  1.66963995e+00  1.93036005e+00  3.15366563e+00  2.87022906e+00 
 6.68140000e-10  1.66940747e+00  1.93059253e+00  3.15370043e+00  2.87021964e+00 
 6.68640000e-10  1.66917629e+00  1.93082371e+00  3.15373472e+00  2.87021100e+00 
 6.69140000e-10  1.66894639e+00  1.93105361e+00  3.15376852e+00  2.87020314e+00 
 6.69640000e-10  1.66871779e+00  1.93128221e+00  3.15380184e+00  2.87019605e+00 
 6.70140000e-10  1.66849048e+00  1.93150952e+00  3.15383469e+00  2.87018969e+00 
 6.70640000e-10  1.66826447e+00  1.93173553e+00  3.15386709e+00  2.87018407e+00 
 6.71140000e-10  1.66803977e+00  1.93196023e+00  3.15389904e+00  2.87017915e+00 
 6.71640000e-10  1.66781636e+00  1.93218364e+00  3.15393056e+00  2.87017493e+00 
 6.72140000e-10  1.66759426e+00  1.93240574e+00  3.15396165e+00  2.87017139e+00 
 6.72640000e-10  1.66737346e+00  1.93262654e+00  3.15399232e+00  2.87016852e+00 
 6.73140000e-10  1.66715398e+00  1.93284602e+00  3.15402259e+00  2.87016630e+00 
 6.73640000e-10  1.66693581e+00  1.93306419e+00  3.15405246e+00  2.87016472e+00 
 6.74140000e-10  1.66671894e+00  1.93328106e+00  3.15408194e+00  2.87016376e+00 
 6.74640000e-10  1.66650340e+00  1.93349660e+00  3.15411104e+00  2.87016341e+00 
 6.75140000e-10  1.66628917e+00  1.93371083e+00  3.15413977e+00  2.87016366e+00 
 6.75640000e-10  1.66607626e+00  1.93392374e+00  3.15416814e+00  2.87016450e+00 
 6.76140000e-10  1.66586468e+00  1.93413532e+00  3.15419616e+00  2.87016591e+00 
 6.76640000e-10  1.66565441e+00  1.93434559e+00  3.15422383e+00  2.87016787e+00 
 6.77140000e-10  1.66544548e+00  1.93455452e+00  3.15425116e+00  2.87017038e+00 
 6.77640000e-10  1.66523787e+00  1.93476213e+00  3.15427816e+00  2.87017343e+00 
 6.78140000e-10  1.66503159e+00  1.93496841e+00  3.15430484e+00  2.87017700e+00 
 6.78640000e-10  1.66482664e+00  1.93517336e+00  3.15433121e+00  2.87018109e+00 
 6.79140000e-10  1.66462303e+00  1.93537697e+00  3.15435727e+00  2.87018567e+00 
 6.79640000e-10  1.66442075e+00  1.93557925e+00  3.15438302e+00  2.87019075e+00 
 6.80140000e-10  1.66421981e+00  1.93578019e+00  3.15440849e+00  2.87019630e+00 
 6.80640000e-10  1.66402022e+00  1.93597978e+00  3.15443367e+00  2.87020232e+00 
 6.81140000e-10  1.66382196e+00  1.93617804e+00  3.15445856e+00  2.87020881e+00 
 6.81640000e-10  1.66362505e+00  1.93637495e+00  3.15448319e+00  2.87021574e+00 
 6.82140000e-10  1.66342948e+00  1.93657052e+00  3.15450755e+00  2.87022311e+00 
 6.82640000e-10  1.66323526e+00  1.93676474e+00  3.15453164e+00  2.87023091e+00 
 6.83140000e-10  1.66304239e+00  1.93695761e+00  3.15455548e+00  2.87023913e+00 
 6.83640000e-10  1.66285088e+00  1.93714912e+00  3.15457908e+00  2.87024776e+00 
 6.84140000e-10  1.66266071e+00  1.93733929e+00  3.15460243e+00  2.87025679e+00 
 6.84640000e-10  1.66247191e+00  1.93752809e+00  3.15462554e+00  2.87026622e+00 
 6.85140000e-10  1.66228446e+00  1.93771554e+00  3.15464842e+00  2.87027603e+00 
 6.85640000e-10  1.66209837e+00  1.93790163e+00  3.15467107e+00  2.87028621e+00 
 6.86140000e-10  1.66191364e+00  1.93808636e+00  3.15469350e+00  2.87029677e+00 
 6.86640000e-10  1.66173027e+00  1.93826973e+00  3.15471571e+00  2.87030769e+00 
 6.87140000e-10  1.66154827e+00  1.93845173e+00  3.15473771e+00  2.87031895e+00 
 6.87640000e-10  1.66136763e+00  1.93863237e+00  3.15475951e+00  2.87033057e+00 
 6.88140000e-10  1.66118836e+00  1.93881164e+00  3.15478110e+00  2.87034252e+00 
 6.88640000e-10  1.66101046e+00  1.93898954e+00  3.15480250e+00  2.87035480e+00 
 6.89140000e-10  1.66083394e+00  1.93916606e+00  3.15482370e+00  2.87036741e+00 
 6.89640000e-10  1.66065879e+00  1.93934121e+00  3.15484472e+00  2.87038033e+00 
 6.90140000e-10  1.66048501e+00  1.93951499e+00  3.15486555e+00  2.87039356e+00 
 6.90640000e-10  1.66031261e+00  1.93968739e+00  3.15488620e+00  2.87040709e+00 
 6.91140000e-10  1.66014159e+00  1.93985841e+00  3.15490667e+00  2.87042092e+00 
 6.91640000e-10  1.65997194e+00  1.94002806e+00  3.15492698e+00  2.87043504e+00 
 6.92140000e-10  1.65980369e+00  1.94019631e+00  3.15494711e+00  2.87044944e+00 
 6.92640000e-10  1.65963681e+00  1.94036319e+00  3.15496708e+00  2.87046412e+00 
 6.93140000e-10  1.65947132e+00  1.94052868e+00  3.15498689e+00  2.87047907e+00 
 6.93640000e-10  1.65930722e+00  1.94069278e+00  3.15500655e+00  2.87049429e+00 
 6.94140000e-10  1.65914450e+00  1.94085550e+00  3.15502605e+00  2.87050977e+00 
 6.94640000e-10  1.65898318e+00  1.94101682e+00  3.15504540e+00  2.87052550e+00 
 6.95140000e-10  1.65882324e+00  1.94117676e+00  3.15506461e+00  2.87054148e+00 
 6.95640000e-10  1.65866470e+00  1.94133530e+00  3.15508367e+00  2.87055771e+00 
 6.96140000e-10  1.65850756e+00  1.94149244e+00  3.15510259e+00  2.87057417e+00 
 6.96640000e-10  1.65835181e+00  1.94164819e+00  3.15512138e+00  2.87059087e+00 
 6.97140000e-10  1.65819746e+00  1.94180254e+00  3.15514004e+00  2.87060780e+00 
 6.97640000e-10  1.65804451e+00  1.94195549e+00  3.15515856e+00  2.87062495e+00 
 6.98140000e-10  1.65789296e+00  1.94210704e+00  3.15517695e+00  2.87064232e+00 
 6.98640000e-10  1.65774281e+00  1.94225719e+00  3.15519523e+00  2.87065991e+00 
 6.99140000e-10  1.65759407e+00  1.94240593e+00  3.15521337e+00  2.87067771e+00 
 6.99640000e-10  1.65744673e+00  1.94255327e+00  3.15523141e+00  2.87069571e+00 
 7.00140000e-10  1.65730080e+00  1.94269920e+00  3.15524932e+00  2.87071391e+00 
 7.00640000e-10  1.65715628e+00  1.94284372e+00  3.15526712e+00  2.87073231e+00 
 7.01140000e-10  1.65701317e+00  1.94298683e+00  3.15528481e+00  2.87075091e+00 
 7.01640000e-10  1.65687147e+00  1.94312853e+00  3.15530239e+00  2.87076970e+00 
 7.02140000e-10  1.65673118e+00  1.94326882e+00  3.15531986e+00  2.87078867e+00 
 7.02640000e-10  1.65659231e+00  1.94340769e+00  3.15533723e+00  2.87080782e+00 
 7.03140000e-10  1.65645485e+00  1.94354515e+00  3.15535450e+00  2.87082715e+00 
 7.03640000e-10  1.65631880e+00  1.94368120e+00  3.15537167e+00  2.87084665e+00 
 7.04140000e-10  1.65618418e+00  1.94381582e+00  3.15538874e+00  2.87086633e+00 
 7.04640000e-10  1.65605098e+00  1.94394902e+00  3.15540572e+00  2.87088617e+00 
 7.05140000e-10  1.65591919e+00  1.94408081e+00  3.15542260e+00  2.87090618e+00 
 7.05640000e-10  1.65578883e+00  1.94421117e+00  3.15543939e+00  2.87092635e+00 
 7.06140000e-10  1.65565989e+00  1.94434011e+00  3.15545610e+00  2.87094667e+00 
 7.06640000e-10  1.65553238e+00  1.94446762e+00  3.15547271e+00  2.87096715e+00 
 7.07140000e-10  1.65540629e+00  1.94459371e+00  3.15548924e+00  2.87098779e+00 
 7.07640000e-10  1.65528163e+00  1.94471837e+00  3.15550569e+00  2.87100857e+00 
 7.08140000e-10  1.65515839e+00  1.94484161e+00  3.15552206e+00  2.87102949e+00 
 7.08640000e-10  1.65503659e+00  1.94496341e+00  3.15553834e+00  2.87105056e+00 
 7.09140000e-10  1.65491622e+00  1.94508378e+00  3.15555455e+00  2.87107176e+00 
 7.09640000e-10  1.65479728e+00  1.94520272e+00  3.15557069e+00  2.87109311e+00 
 7.10140000e-10  1.65467977e+00  1.94532023e+00  3.15558674e+00  2.87111459e+00 
 7.10640000e-10  1.65456369e+00  1.94543631e+00  3.15560273e+00  2.87113620e+00 
 7.11140000e-10  1.65444906e+00  1.94555094e+00  3.15561864e+00  2.87115794e+00 
 7.11640000e-10  1.65433586e+00  1.94566414e+00  3.15563448e+00  2.87117980e+00 
 7.12140000e-10  1.65422409e+00  1.94577591e+00  3.15565026e+00  2.87120179e+00 
 7.12640000e-10  1.65411377e+00  1.94588623e+00  3.15566596e+00  2.87122390e+00 
 7.13140000e-10  1.65400488e+00  1.94599512e+00  3.15568160e+00  2.87124613e+00 
 7.13640000e-10  1.65389744e+00  1.94610256e+00  3.15569718e+00  2.87126848e+00 
 7.14140000e-10  1.65379143e+00  1.94620857e+00  3.15571269e+00  2.87129095e+00 
 7.14640000e-10  1.65368687e+00  1.94631313e+00  3.15572815e+00  2.87131352e+00 
 7.15140000e-10  1.65358376e+00  1.94641624e+00  3.15574354e+00  2.87133621e+00 
 7.15640000e-10  1.65348209e+00  1.94651791e+00  3.15575887e+00  2.87135900e+00 
 7.16140000e-10  1.65338186e+00  1.94661814e+00  3.15577414e+00  2.87138191e+00 
 7.16640000e-10  1.65328309e+00  1.94671691e+00  3.15578936e+00  2.87140491e+00 
 7.17140000e-10  1.65318576e+00  1.94681424e+00  3.15580452e+00  2.87142802e+00 
 7.17640000e-10  1.65308988e+00  1.94691012e+00  3.15581963e+00  2.87145123e+00 
 7.18140000e-10  1.65299545e+00  1.94700455e+00  3.15583468e+00  2.87147454e+00 
 7.18640000e-10  1.65290247e+00  1.94709753e+00  3.15584968e+00  2.87149795e+00 
 7.19140000e-10  1.65281094e+00  1.94718906e+00  3.15586463e+00  2.87152145e+00 
 7.19640000e-10  1.65272087e+00  1.94727913e+00  3.15587953e+00  2.87154505e+00 
 7.20140000e-10  1.65263225e+00  1.94736775e+00  3.15589438e+00  2.87156874e+00 
 7.20640000e-10  1.65254508e+00  1.94745492e+00  3.15590918e+00  2.87159252e+00 
 7.21140000e-10  1.65245937e+00  1.94754063e+00  3.15592394e+00  2.87161638e+00 
 7.21640000e-10  1.65237511e+00  1.94762489e+00  3.15593865e+00  2.87164034e+00 
 7.22140000e-10  1.65229231e+00  1.94770769e+00  3.15595331e+00  2.87166438e+00 
 7.22640000e-10  1.65221097e+00  1.94778903e+00  3.15596792e+00  2.87168851e+00 
 7.23140000e-10  1.65213109e+00  1.94786891e+00  3.15598250e+00  2.87171272e+00 
 7.23640000e-10  1.65205267e+00  1.94794733e+00  3.15599703e+00  2.87173701e+00 
 7.24140000e-10  1.65197571e+00  1.94802429e+00  3.15601151e+00  2.87176138e+00 
 7.24640000e-10  1.65190020e+00  1.94809980e+00  3.15602596e+00  2.87178583e+00 
 7.25140000e-10  1.65182617e+00  1.94817383e+00  3.15604036e+00  2.87181035e+00 
 7.25640000e-10  1.65175359e+00  1.94824641e+00  3.15605473e+00  2.87183496e+00 
 7.26140000e-10  1.65168247e+00  1.94831753e+00  3.15606905e+00  2.87185963e+00 
 7.26640000e-10  1.65161282e+00  1.94838718e+00  3.15608334e+00  2.87188439e+00 
 7.27140000e-10  1.65154464e+00  1.94845536e+00  3.15609758e+00  2.87190921e+00 
 7.27640000e-10  1.65147792e+00  1.94852208e+00  3.15611180e+00  2.87193411e+00 
 7.28140000e-10  1.65141266e+00  1.94858734e+00  3.15612597e+00  2.87195907e+00 
 7.28640000e-10  1.65134887e+00  1.94865113e+00  3.15614011e+00  2.87198411e+00 
 7.29140000e-10  1.65128655e+00  1.94871345e+00  3.15615421e+00  2.87200921e+00 
 7.29640000e-10  1.65122570e+00  1.94877430e+00  3.15616828e+00  2.87203439e+00 
 7.30140000e-10  1.65116632e+00  1.94883368e+00  3.15618231e+00  2.87205962e+00 
 7.30640000e-10  1.65110840e+00  1.94889160e+00  3.15619631e+00  2.87208493e+00 
 7.31140000e-10  1.65105195e+00  1.94894805e+00  3.15621027e+00  2.87211029e+00 
 7.31640000e-10  1.65099698e+00  1.94900302e+00  3.15622420e+00  2.87213572e+00 
 7.32140000e-10  1.65094347e+00  1.94905653e+00  3.15623811e+00  2.87216121e+00 
 7.32640000e-10  1.65089144e+00  1.94910856e+00  3.15625197e+00  2.87218677e+00 
 7.33140000e-10  1.65084087e+00  1.94915913e+00  3.15626581e+00  2.87221238e+00 
 7.33640000e-10  1.65079178e+00  1.94920822e+00  3.15627962e+00  2.87223806e+00 
 7.34140000e-10  1.65074416e+00  1.94925584e+00  3.15629339e+00  2.87226379e+00 
 7.34640000e-10  1.65069802e+00  1.94930198e+00  3.15630714e+00  2.87228958e+00 
 7.35140000e-10  1.65065335e+00  1.94934665e+00  3.15632085e+00  2.87231543e+00 
 7.35640000e-10  1.65061015e+00  1.94938985e+00  3.15633454e+00  2.87234133e+00 
 7.36140000e-10  1.65056842e+00  1.94943158e+00  3.15634820e+00  2.87236729e+00 
 7.36640000e-10  1.65052818e+00  1.94947182e+00  3.15636183e+00  2.87239330e+00 
 7.37140000e-10  1.65048940e+00  1.94951060e+00  3.15637543e+00  2.87241937e+00 
 7.37640000e-10  1.65045211e+00  1.94954789e+00  3.15638900e+00  2.87244549e+00 
 7.38140000e-10  1.65041628e+00  1.94958372e+00  3.15640255e+00  2.87247167e+00 
 7.38640000e-10  1.65038194e+00  1.94961806e+00  3.15641607e+00  2.87249790e+00 
 7.39140000e-10  1.65034907e+00  1.94965093e+00  3.15642956e+00  2.87252417e+00 
 7.39640000e-10  1.65031768e+00  1.94968232e+00  3.15644303e+00  2.87255050e+00 
 7.40140000e-10  1.65028776e+00  1.94971224e+00  3.15645647e+00  2.87257688e+00 
 7.40640000e-10  1.65025933e+00  1.94974067e+00  3.15646988e+00  2.87260331e+00 
 7.41140000e-10  1.65023237e+00  1.94976763e+00  3.15648327e+00  2.87262979e+00 
 7.41640000e-10  1.65020689e+00  1.94979311e+00  3.15649663e+00  2.87265632e+00 
 7.42140000e-10  1.65018288e+00  1.94981712e+00  3.15650997e+00  2.87268289e+00 
 7.42640000e-10  1.65016036e+00  1.94983964e+00  3.15652328e+00  2.87270951e+00 
 7.43140000e-10  1.65013932e+00  1.94986068e+00  3.15653657e+00  2.87273618e+00 
 7.43640000e-10  1.65011975e+00  1.94988025e+00  3.15654983e+00  2.87276290e+00 
 7.44140000e-10  1.65010166e+00  1.94989834e+00  3.15656307e+00  2.87278966e+00 
 7.44640000e-10  1.65008506e+00  1.94991494e+00  3.15657629e+00  2.87281647e+00 
 7.45140000e-10  1.65006993e+00  1.94993007e+00  3.15658948e+00  2.87284332e+00 
 7.45640000e-10  1.65005628e+00  1.94994372e+00  3.15660265e+00  2.87287021e+00 
 7.46140000e-10  1.65004411e+00  1.94995589e+00  3.15661579e+00  2.87289715e+00 
 7.46640000e-10  1.65003343e+00  1.94996657e+00  3.15662891e+00  2.87292414e+00 
 7.47140000e-10  1.65002422e+00  1.94997578e+00  3.15664201e+00  2.87295117e+00 
 7.47640000e-10  1.65001649e+00  1.94998351e+00  3.15665508e+00  2.87297824e+00 
 7.48140000e-10  1.65001024e+00  1.94998976e+00  3.15666813e+00  2.87300535e+00 
 7.48640000e-10  1.65000548e+00  1.94999452e+00  3.15668116e+00  2.87303250e+00 
 7.49140000e-10  1.65000219e+00  1.94999781e+00  3.15669416e+00  2.87305970e+00 
 7.49640000e-10  1.65000038e+00  1.94999962e+00  3.15670715e+00  2.87308694e+00 
 7.50140000e-10  1.65000006e+00  1.94999994e+00  3.15672011e+00  2.87311421e+00 
 7.50640000e-10  1.65000121e+00  1.94999879e+00  3.15673304e+00  2.87314153e+00 
 7.51140000e-10  1.65000385e+00  1.94999615e+00  3.15674596e+00  2.87316889e+00 
 7.51640000e-10  1.65000796e+00  1.94999204e+00  3.15675885e+00  2.87319629e+00 
 7.52140000e-10  1.65001356e+00  1.94998644e+00  3.15677172e+00  2.87322373e+00 
 7.52640000e-10  1.65002064e+00  1.94997936e+00  3.15678456e+00  2.87325121e+00 
 7.53140000e-10  1.65002919e+00  1.94997081e+00  3.15679739e+00  2.87327873e+00 
 7.53640000e-10  1.65003923e+00  1.94996077e+00  3.15681019e+00  2.87330629e+00 
 7.54140000e-10  1.65005075e+00  1.94994925e+00  3.15682297e+00  2.87333388e+00 
 7.54640000e-10  1.65006374e+00  1.94993626e+00  3.15683573e+00  2.87336152e+00 
 7.55140000e-10  1.65007822e+00  1.94992178e+00  3.15684846e+00  2.87338919e+00 
 7.55640000e-10  1.65009417e+00  1.94990583e+00  3.15686117e+00  2.87341690e+00 
 7.56140000e-10  1.65011161e+00  1.94988839e+00  3.15687386e+00  2.87344465e+00 
 7.56640000e-10  1.65013053e+00  1.94986947e+00  3.15688653e+00  2.87347244e+00 
 7.57140000e-10  1.65015092e+00  1.94984908e+00  3.15689917e+00  2.87350026e+00 
 7.57640000e-10  1.65017279e+00  1.94982721e+00  3.15691180e+00  2.87352812e+00 
 7.58140000e-10  1.65019614e+00  1.94980386e+00  3.15692440e+00  2.87355602e+00 
 7.58640000e-10  1.65022097e+00  1.94977903e+00  3.15693697e+00  2.87358396e+00 
 7.59140000e-10  1.65024728e+00  1.94975272e+00  3.15694953e+00  2.87361193e+00 
 7.59640000e-10  1.65027507e+00  1.94972493e+00  3.15696206e+00  2.87363994e+00 
 7.60140000e-10  1.65030433e+00  1.94969567e+00  3.15697456e+00  2.87366798e+00 
 7.60640000e-10  1.65033508e+00  1.94966492e+00  3.15698705e+00  2.87369606e+00 
 7.61140000e-10  1.65036729e+00  1.94963271e+00  3.15699951e+00  2.87372418e+00 
 7.61640000e-10  1.65040099e+00  1.94959901e+00  3.15701195e+00  2.87375234e+00 
 7.62140000e-10  1.65043616e+00  1.94956384e+00  3.15702436e+00  2.87378052e+00 
 7.62640000e-10  1.65047281e+00  1.94952719e+00  3.15703675e+00  2.87380875e+00 
 7.63140000e-10  1.65051093e+00  1.94948907e+00  3.15704912e+00  2.87383701e+00 
 7.63640000e-10  1.65055053e+00  1.94944947e+00  3.15706146e+00  2.87386531e+00 
 7.64140000e-10  1.65059161e+00  1.94940839e+00  3.15707378e+00  2.87389364e+00 
 7.64640000e-10  1.65063416e+00  1.94936584e+00  3.15708608e+00  2.87392201e+00 
 7.65140000e-10  1.65067818e+00  1.94932182e+00  3.15709835e+00  2.87395042e+00 
 7.65640000e-10  1.65072368e+00  1.94927632e+00  3.15711059e+00  2.87397886e+00 
 7.66140000e-10  1.65077065e+00  1.94922935e+00  3.15712281e+00  2.87400733e+00 
 7.66640000e-10  1.65081909e+00  1.94918091e+00  3.15713501e+00  2.87403584e+00 
 7.67140000e-10  1.65086901e+00  1.94913099e+00  3.15714718e+00  2.87406439e+00 
 7.67640000e-10  1.65092039e+00  1.94907961e+00  3.15715932e+00  2.87409297e+00 
 7.68140000e-10  1.65097325e+00  1.94902675e+00  3.15717144e+00  2.87412159e+00 
 7.68640000e-10  1.65102758e+00  1.94897242e+00  3.15718354e+00  2.87415024e+00 
 7.69140000e-10  1.65108338e+00  1.94891662e+00  3.15719560e+00  2.87417893e+00 
 7.69640000e-10  1.65114065e+00  1.94885935e+00  3.15720764e+00  2.87420766e+00 
 7.70140000e-10  1.65119939e+00  1.94880061e+00  3.15721965e+00  2.87423642e+00 
 7.70640000e-10  1.65125960e+00  1.94874040e+00  3.15723164e+00  2.87426521e+00 
 7.71140000e-10  1.65132127e+00  1.94867873e+00  3.15724360e+00  2.87429404e+00 
 7.71640000e-10  1.65138442e+00  1.94861558e+00  3.15725553e+00  2.87432291e+00 
 7.72140000e-10  1.65144902e+00  1.94855098e+00  3.15726743e+00  2.87435181e+00 
 7.72640000e-10  1.65151510e+00  1.94848490e+00  3.15727930e+00  2.87438075e+00 
 7.73140000e-10  1.65158264e+00  1.94841736e+00  3.15729115e+00  2.87440973e+00 
 7.73640000e-10  1.65165165e+00  1.94834835e+00  3.15730296e+00  2.87443874e+00 
 7.74140000e-10  1.65172212e+00  1.94827788e+00  3.15731475e+00  2.87446779e+00 
 7.74640000e-10  1.65179405e+00  1.94820595e+00  3.15732650e+00  2.87449687e+00 
 7.75140000e-10  1.65186745e+00  1.94813255e+00  3.15733823e+00  2.87452599e+00 
 7.75640000e-10  1.65194231e+00  1.94805769e+00  3.15734992e+00  2.87455515e+00 
 7.76140000e-10  1.65201863e+00  1.94798137e+00  3.15736158e+00  2.87458434e+00 
 7.76640000e-10  1.65209641e+00  1.94790359e+00  3.15737322e+00  2.87461358e+00 
 7.77140000e-10  1.65217564e+00  1.94782436e+00  3.15738481e+00  2.87464284e+00 
 7.77640000e-10  1.65225634e+00  1.94774366e+00  3.15739638e+00  2.87467215e+00 
 7.78140000e-10  1.65233850e+00  1.94766150e+00  3.15740791e+00  2.87470149e+00 
 7.78640000e-10  1.65242212e+00  1.94757788e+00  3.15741941e+00  2.87473087e+00 
 7.79140000e-10  1.65250719e+00  1.94749281e+00  3.15743088e+00  2.87476029e+00 
 7.79640000e-10  1.65259371e+00  1.94740629e+00  3.15744231e+00  2.87478975e+00 
 7.80140000e-10  1.65268169e+00  1.94731831e+00  3.15745371e+00  2.87481925e+00 
 7.80640000e-10  1.65277113e+00  1.94722887e+00  3.15746507e+00  2.87484878e+00 
 7.81140000e-10  1.65286202e+00  1.94713798e+00  3.15747639e+00  2.87487835e+00 
 7.81640000e-10  1.65295436e+00  1.94704564e+00  3.15748768e+00  2.87490797e+00 
 7.82140000e-10  1.65304815e+00  1.94695185e+00  3.15749893e+00  2.87493762e+00 
 7.82640000e-10  1.65314339e+00  1.94685661e+00  3.15751014e+00  2.87496731e+00 
 7.83140000e-10  1.65324008e+00  1.94675992e+00  3.15752132e+00  2.87499704e+00 
 7.83640000e-10  1.65333822e+00  1.94666178e+00  3.15753245e+00  2.87502681e+00 
 7.84140000e-10  1.65343781e+00  1.94656219e+00  3.15754354e+00  2.87505663e+00 
 7.84640000e-10  1.65353885e+00  1.94646115e+00  3.15755460e+00  2.87508648e+00 
 7.85140000e-10  1.65364133e+00  1.94635867e+00  3.15756561e+00  2.87511637e+00 
 7.85640000e-10  1.65374525e+00  1.94625475e+00  3.15757658e+00  2.87514631e+00 
 7.86140000e-10  1.65385062e+00  1.94614938e+00  3.15758751e+00  2.87517629e+00 
 7.86640000e-10  1.65395743e+00  1.94604257e+00  3.15759840e+00  2.87520631e+00 
 7.87140000e-10  1.65406568e+00  1.94593432e+00  3.15760924e+00  2.87523637e+00 
 7.87640000e-10  1.65417537e+00  1.94582463e+00  3.15762003e+00  2.87526648e+00 
 7.88140000e-10  1.65428650e+00  1.94571350e+00  3.15763078e+00  2.87529663e+00 
 7.88640000e-10  1.65439907e+00  1.94560093e+00  3.15764149e+00  2.87532683e+00 
 7.89140000e-10  1.65451308e+00  1.94548692e+00  3.15765214e+00  2.87535707e+00 
 7.89640000e-10  1.65462852e+00  1.94537148e+00  3.15766275e+00  2.87538735e+00 
 7.90140000e-10  1.65474540e+00  1.94525460e+00  3.15767331e+00  2.87541768e+00 
 7.90640000e-10  1.65486371e+00  1.94513629e+00  3.15768382e+00  2.87544806e+00 
 7.91140000e-10  1.65498345e+00  1.94501655e+00  3.15769428e+00  2.87547848e+00 
 7.91640000e-10  1.65510462e+00  1.94489538e+00  3.15770468e+00  2.87550895e+00 
 7.92140000e-10  1.65522723e+00  1.94477277e+00  3.15771504e+00  2.87553946e+00 
 7.92640000e-10  1.65535126e+00  1.94464874e+00  3.15772533e+00  2.87557003e+00 
 7.93140000e-10  1.65547672e+00  1.94452328e+00  3.15773558e+00  2.87560064e+00 
 7.93640000e-10  1.65560361e+00  1.94439639e+00  3.15774577e+00  2.87563131e+00 
 7.94140000e-10  1.65573192e+00  1.94426808e+00  3.15775590e+00  2.87566202e+00 
 7.94640000e-10  1.65586166e+00  1.94413834e+00  3.15776597e+00  2.87569278e+00 
 7.95140000e-10  1.65599281e+00  1.94400719e+00  3.15777599e+00  2.87572360e+00 
 7.95640000e-10  1.65612539e+00  1.94387461e+00  3.15778594e+00  2.87575447e+00 
 7.96140000e-10  1.65625939e+00  1.94374061e+00  3.15779584e+00  2.87578539e+00 
 7.96640000e-10  1.65639481e+00  1.94360519e+00  3.15780567e+00  2.87581636e+00 
 7.97140000e-10  1.65653165e+00  1.94346835e+00  3.15781544e+00  2.87584739e+00 
 7.97640000e-10  1.65666990e+00  1.94333010e+00  3.15782514e+00  2.87587847e+00 
 7.98140000e-10  1.65680957e+00  1.94319043e+00  3.15783477e+00  2.87590961e+00 
 7.98640000e-10  1.65695065e+00  1.94304935e+00  3.15784434e+00  2.87594080e+00 
 7.99140000e-10  1.65709314e+00  1.94290686e+00  3.15785384e+00  2.87597205e+00 
 7.99640000e-10  1.65723704e+00  1.94276296e+00  3.15786327e+00  2.87600336e+00 
 8.00140000e-10  1.65738235e+00  1.94261765e+00  3.15787262e+00  2.87603473e+00 
 8.00640000e-10  1.65752907e+00  1.94247093e+00  3.15788191e+00  2.87606615e+00 
 8.01140000e-10  1.65767719e+00  1.94232281e+00  3.15789111e+00  2.87609764e+00 
 8.01640000e-10  1.65782672e+00  1.94217328e+00  3.15790025e+00  2.87612919e+00 
 8.02140000e-10  1.65797766e+00  1.94202234e+00  3.15790930e+00  2.87616080e+00 
 8.02640000e-10  1.65812999e+00  1.94187001e+00  3.15791827e+00  2.87619248e+00 
 8.03140000e-10  1.65828373e+00  1.94171627e+00  3.15792717e+00  2.87622422e+00 
 8.03640000e-10  1.65843886e+00  1.94156114e+00  3.15793598e+00  2.87625602e+00 
 8.04140000e-10  1.65859539e+00  1.94140461e+00  3.15794470e+00  2.87628789e+00 
 8.04640000e-10  1.65875331e+00  1.94124669e+00  3.15795334e+00  2.87631983e+00 
 8.05140000e-10  1.65891263e+00  1.94108737e+00  3.15796190e+00  2.87635184e+00 
 8.05640000e-10  1.65907335e+00  1.94092665e+00  3.15797036e+00  2.87638392e+00 
 8.06140000e-10  1.65923545e+00  1.94076455e+00  3.15797873e+00  2.87641607e+00 
 8.06640000e-10  1.65939894e+00  1.94060106e+00  3.15798701e+00  2.87644829e+00 
 8.07140000e-10  1.65956382e+00  1.94043618e+00  3.15799519e+00  2.87648058e+00 
 8.07640000e-10  1.65973009e+00  1.94026991e+00  3.15800327e+00  2.87651295e+00 
 8.08140000e-10  1.65989774e+00  1.94010226e+00  3.15801125e+00  2.87654540e+00 
 8.08640000e-10  1.66006677e+00  1.93993323e+00  3.15801913e+00  2.87657792e+00 
 8.09140000e-10  1.66023719e+00  1.93976281e+00  3.15802691e+00  2.87661053e+00 
 8.09640000e-10  1.66040898e+00  1.93959102e+00  3.15803458e+00  2.87664321e+00 
 8.10140000e-10  1.66058215e+00  1.93941785e+00  3.15804214e+00  2.87667597e+00 
 8.10640000e-10  1.66075670e+00  1.93924330e+00  3.15804959e+00  2.87670882e+00 
 8.11140000e-10  1.66093262e+00  1.93906738e+00  3.15805693e+00  2.87674175e+00 
 8.11640000e-10  1.66110992e+00  1.93889008e+00  3.15806415e+00  2.87677477e+00 
 8.12140000e-10  1.66128858e+00  1.93871142e+00  3.15807126e+00  2.87680788e+00 
 8.12640000e-10  1.66146862e+00  1.93853138e+00  3.15807824e+00  2.87684108e+00 
 8.13140000e-10  1.66165002e+00  1.93834998e+00  3.15808510e+00  2.87687436e+00 
 8.13640000e-10  1.66183279e+00  1.93816721e+00  3.15809183e+00  2.87690775e+00 
 8.14140000e-10  1.66201692e+00  1.93798308e+00  3.15809843e+00  2.87694122e+00 
 8.14640000e-10  1.66220241e+00  1.93779759e+00  3.15810491e+00  2.87697479e+00 
 8.15140000e-10  1.66238926e+00  1.93761074e+00  3.15811124e+00  2.87700846e+00 
 8.15640000e-10  1.66257747e+00  1.93742253e+00  3.15811744e+00  2.87704224e+00 
 8.16140000e-10  1.66276704e+00  1.93723296e+00  3.15812350e+00  2.87707611e+00 
 8.16640000e-10  1.66295796e+00  1.93704204e+00  3.15812941e+00  2.87711009e+00 
 8.17140000e-10  1.66315023e+00  1.93684977e+00  3.15813518e+00  2.87714417e+00 
 8.17640000e-10  1.66334386e+00  1.93665614e+00  3.15814079e+00  2.87717837e+00 
 8.18140000e-10  1.66353883e+00  1.93646117e+00  3.15814625e+00  2.87721267e+00 
 8.18640000e-10  1.66373515e+00  1.93626485e+00  3.15815156e+00  2.87724709e+00 
 8.19140000e-10  1.66393282e+00  1.93606718e+00  3.15815670e+00  2.87728162e+00 
 8.19640000e-10  1.66413183e+00  1.93586817e+00  3.15816168e+00  2.87731628e+00 
 8.20140000e-10  1.66433217e+00  1.93566783e+00  3.15816649e+00  2.87735105e+00 
 8.20640000e-10  1.66453386e+00  1.93546614e+00  3.15817112e+00  2.87738594e+00 
 8.21140000e-10  1.66473689e+00  1.93526311e+00  3.15817559e+00  2.87742096e+00 
 8.21640000e-10  1.66494125e+00  1.93505875e+00  3.15817987e+00  2.87745611e+00 
 8.22140000e-10  1.66514694e+00  1.93485306e+00  3.15818396e+00  2.87749139e+00 
 8.22640000e-10  1.66535396e+00  1.93464604e+00  3.15818787e+00  2.87752680e+00 
 8.23140000e-10  1.66556232e+00  1.93443768e+00  3.15819159e+00  2.87756235e+00 
 8.23640000e-10  1.66577200e+00  1.93422800e+00  3.15819510e+00  2.87759804e+00 
 8.24140000e-10  1.66598300e+00  1.93401700e+00  3.15819842e+00  2.87763387e+00 
 8.24640000e-10  1.66619533e+00  1.93380467e+00  3.15820153e+00  2.87766984e+00 
 8.25140000e-10  1.66640898e+00  1.93359102e+00  3.15820443e+00  2.87770597e+00 
 8.25640000e-10  1.66662394e+00  1.93337606e+00  3.15820711e+00  2.87774224e+00 
 8.26140000e-10  1.66684022e+00  1.93315978e+00  3.15820957e+00  2.87777867e+00 
 8.26640000e-10  1.66705782e+00  1.93294218e+00  3.15821180e+00  2.87781526e+00 
 8.27140000e-10  1.66727673e+00  1.93272327e+00  3.15821381e+00  2.87785201e+00 
 8.27640000e-10  1.66749695e+00  1.93250305e+00  3.15821557e+00  2.87788893e+00 
 8.28140000e-10  1.66771848e+00  1.93228152e+00  3.15821709e+00  2.87792602e+00 
 8.28640000e-10  1.66794131e+00  1.93205869e+00  3.15821837e+00  2.87796327e+00 
 8.29140000e-10  1.66816544e+00  1.93183456e+00  3.15821939e+00  2.87800071e+00 
 8.29640000e-10  1.66839088e+00  1.93160912e+00  3.15822015e+00  2.87803833e+00 
 8.30140000e-10  1.66861761e+00  1.93138239e+00  3.15822064e+00  2.87807613e+00 
 8.30640000e-10  1.66884565e+00  1.93115435e+00  3.15822086e+00  2.87811412e+00 
 8.31140000e-10  1.66907497e+00  1.93092503e+00  3.15822080e+00  2.87815230e+00 
 8.31640000e-10  1.66930559e+00  1.93069441e+00  3.15822046e+00  2.87819068e+00 
 8.32140000e-10  1.66953750e+00  1.93046250e+00  3.15821982e+00  2.87822926e+00 
 8.32640000e-10  1.66977070e+00  1.93022930e+00  3.15821889e+00  2.87826805e+00 
 8.33140000e-10  1.67000518e+00  1.92999482e+00  3.15821764e+00  2.87830706e+00 
 8.33640000e-10  1.67024094e+00  1.92975906e+00  3.15821609e+00  2.87834627e+00 
 8.34140000e-10  1.67047799e+00  1.92952201e+00  3.15821421e+00  2.87838571e+00 
 8.34640000e-10  1.67071631e+00  1.92928369e+00  3.15821200e+00  2.87842538e+00 
 8.35140000e-10  1.67095591e+00  1.92904409e+00  3.15820946e+00  2.87846528e+00 
 8.35640000e-10  1.67119679e+00  1.92880321e+00  3.15820657e+00  2.87850541e+00 
 8.36140000e-10  1.67143893e+00  1.92856107e+00  3.15820333e+00  2.87854579e+00 
 8.36640000e-10  1.67168234e+00  1.92831766e+00  3.15819973e+00  2.87858642e+00 
 8.37140000e-10  1.67192702e+00  1.92807298e+00  3.15819575e+00  2.87862730e+00 
 8.37640000e-10  1.67217297e+00  1.92782703e+00  3.15819140e+00  2.87866844e+00 
 8.38140000e-10  1.67242017e+00  1.92757983e+00  3.15818666e+00  2.87870984e+00 
 8.38640000e-10  1.67266864e+00  1.92733136e+00  3.15818152e+00  2.87875152e+00 
 8.39140000e-10  1.67291836e+00  1.92708164e+00  3.15817598e+00  2.87879348e+00 
 8.39640000e-10  1.67316933e+00  1.92683067e+00  3.15817002e+00  2.87883573e+00 
 8.40140000e-10  1.67342156e+00  1.92657844e+00  3.15816363e+00  2.87887826e+00 
 8.40640000e-10  1.67367504e+00  1.92632496e+00  3.15815680e+00  2.87892110e+00 
 8.41140000e-10  1.67392976e+00  1.92607024e+00  3.15814952e+00  2.87896424e+00 
 8.41640000e-10  1.67418573e+00  1.92581427e+00  3.15814179e+00  2.87900770e+00 
 8.42140000e-10  1.67444294e+00  1.92555706e+00  3.15813359e+00  2.87905147e+00 
 8.42640000e-10  1.67470139e+00  1.92529861e+00  3.15812490e+00  2.87909558e+00 
 8.43140000e-10  1.67496107e+00  1.92503893e+00  3.15811572e+00  2.87914002e+00 
 8.43640000e-10  1.67522199e+00  1.92477801e+00  3.15810604e+00  2.87918481e+00 
 8.44140000e-10  1.67548414e+00  1.92451586e+00  3.15809584e+00  2.87922995e+00 
 8.44640000e-10  1.67574752e+00  1.92425248e+00  3.15808511e+00  2.87927546e+00 
 8.45140000e-10  1.67601213e+00  1.92398787e+00  3.15807384e+00  2.87932133e+00 
 8.45640000e-10  1.67627796e+00  1.92372204e+00  3.15806201e+00  2.87936758e+00 
 8.46140000e-10  1.67654501e+00  1.92345499e+00  3.15804962e+00  2.87941423e+00 
 8.46640000e-10  1.67681328e+00  1.92318672e+00  3.15803664e+00  2.87946126e+00 
 8.47140000e-10  1.67708276e+00  1.92291724e+00  3.15802306e+00  2.87950871e+00 
 8.47640000e-10  1.67735346e+00  1.92264654e+00  3.15800887e+00  2.87955658e+00 
 8.48140000e-10  1.67762537e+00  1.92237463e+00  3.15799406e+00  2.87960487e+00 
 8.48640000e-10  1.67789849e+00  1.92210151e+00  3.15797860e+00  2.87965360e+00 
 8.49140000e-10  1.67817281e+00  1.92182719e+00  3.15796249e+00  2.87970277e+00 
 8.49640000e-10  1.67844833e+00  1.92155167e+00  3.15794571e+00  2.87975241e+00 
 8.50140000e-10  1.67872505e+00  1.92127495e+00  3.15792823e+00  2.87980252e+00 
 8.50640000e-10  1.67900297e+00  1.92099703e+00  3.15791005e+00  2.87985311e+00 
 8.51140000e-10  1.67928209e+00  1.92071791e+00  3.15789115e+00  2.87990419e+00 
 8.51640000e-10  1.67956240e+00  1.92043760e+00  3.15787151e+00  2.87995578e+00 
 8.52140000e-10  1.67984389e+00  1.92015611e+00  3.15785111e+00  2.88000789e+00 
 8.52640000e-10  1.68012657e+00  1.91987343e+00  3.15782993e+00  2.88006053e+00 
 8.53140000e-10  1.68041044e+00  1.91958956e+00  3.15780795e+00  2.88011371e+00 
 8.53640000e-10  1.68069548e+00  1.91930452e+00  3.15778517e+00  2.88016745e+00 
 8.54140000e-10  1.68098170e+00  1.91901830e+00  3.15776155e+00  2.88022175e+00 
 8.54640000e-10  1.68126910e+00  1.91873090e+00  3.15773707e+00  2.88027665e+00 
 8.55140000e-10  1.68155767e+00  1.91844233e+00  3.15771172e+00  2.88033214e+00 
 8.55640000e-10  1.68184740e+00  1.91815260e+00  3.15768548e+00  2.88038824e+00 
 8.56140000e-10  1.68213831e+00  1.91786169e+00  3.15765832e+00  2.88044497e+00 
 8.56640000e-10  1.68243037e+00  1.91756963e+00  3.15763022e+00  2.88050234e+00 
 8.57140000e-10  1.68272360e+00  1.91727640e+00  3.15760116e+00  2.88056038e+00 
 8.57640000e-10  1.68301798e+00  1.91698202e+00  3.15757112e+00  2.88061908e+00 
 8.58140000e-10  1.68331352e+00  1.91668648e+00  3.15754007e+00  2.88067848e+00 
 8.58640000e-10  1.68361021e+00  1.91638979e+00  3.15750799e+00  2.88073859e+00 
 8.59140000e-10  1.68390805e+00  1.91609195e+00  3.15747485e+00  2.88079941e+00 
 8.59640000e-10  1.68420704e+00  1.91579296e+00  3.15744064e+00  2.88086099e+00 
 8.60140000e-10  1.68450716e+00  1.91549284e+00  3.15740532e+00  2.88092332e+00 
 8.60640000e-10  1.68480843e+00  1.91519157e+00  3.15736886e+00  2.88098643e+00 
 8.61140000e-10  1.68511084e+00  1.91488916e+00  3.15733126e+00  2.88105033e+00 
 8.61640000e-10  1.68541438e+00  1.91458562e+00  3.15729246e+00  2.88111505e+00 
 8.62140000e-10  1.68571904e+00  1.91428096e+00  3.15725246e+00  2.88118061e+00 
 8.62640000e-10  1.68602484e+00  1.91397516e+00  3.15721121e+00  2.88124703e+00 
 8.63140000e-10  1.68633176e+00  1.91366824e+00  3.15716870e+00  2.88131432e+00 
 8.63640000e-10  1.68663981e+00  1.91336019e+00  3.15712489e+00  2.88138250e+00 
 8.64140000e-10  1.68694897e+00  1.91305103e+00  3.15707975e+00  2.88145161e+00 
 8.64640000e-10  1.68725925e+00  1.91274075e+00  3.15703326e+00  2.88152165e+00 
 8.65140000e-10  1.68757064e+00  1.91242936e+00  3.15698537e+00  2.88159266e+00 
 8.65640000e-10  1.68788314e+00  1.91211686e+00  3.15693607e+00  2.88166465e+00 
 8.66140000e-10  1.68819675e+00  1.91180325e+00  3.15688532e+00  2.88173765e+00 
 8.66640000e-10  1.68851146e+00  1.91148854e+00  3.15683308e+00  2.88181168e+00 
 8.67140000e-10  1.68882727e+00  1.91117273e+00  3.15677932e+00  2.88188677e+00 
 8.67640000e-10  1.68914418e+00  1.91085582e+00  3.15672401e+00  2.88196294e+00 
 8.68140000e-10  1.68946218e+00  1.91053782e+00  3.15666712e+00  2.88204021e+00 
 8.68640000e-10  1.68978128e+00  1.91021872e+00  3.15660860e+00  2.88211862e+00 
 8.69140000e-10  1.69010146e+00  1.90989854e+00  3.15654843e+00  2.88219818e+00 
 8.69640000e-10  1.69042272e+00  1.90957728e+00  3.15648657e+00  2.88227893e+00 
 8.70140000e-10  1.69074507e+00  1.90925493e+00  3.15642298e+00  2.88236089e+00 
 8.70640000e-10  1.69106850e+00  1.90893150e+00  3.15635762e+00  2.88244409e+00 
 8.71140000e-10  1.69139300e+00  1.90860700e+00  3.15629046e+00  2.88252855e+00 
 8.71640000e-10  1.69171857e+00  1.90828143e+00  3.15622146e+00  2.88261431e+00 
 8.72140000e-10  1.69204521e+00  1.90795479e+00  3.15615058e+00  2.88270140e+00 
 8.72640000e-10  1.69237292e+00  1.90762708e+00  3.15607778e+00  2.88278984e+00 
 8.73140000e-10  1.69270169e+00  1.90729831e+00  3.15600302e+00  2.88287967e+00 
 8.73640000e-10  1.69303152e+00  1.90696848e+00  3.15592626e+00  2.88297091e+00 
 8.74140000e-10  1.69336240e+00  1.90663760e+00  3.15584746e+00  2.88306361e+00 
 8.74640000e-10  1.69369434e+00  1.90630566e+00  3.15576657e+00  2.88315778e+00 
 8.75140000e-10  1.69402732e+00  1.90597268e+00  3.15568356e+00  2.88325346e+00 
 8.75640000e-10  1.69436136e+00  1.90563864e+00  3.15559838e+00  2.88335069e+00 
 8.76140000e-10  1.69469643e+00  1.90530357e+00  3.15551100e+00  2.88344950e+00 
 8.76640000e-10  1.69503254e+00  1.90496746e+00  3.15542135e+00  2.88354992e+00 
 8.77140000e-10  1.69536969e+00  1.90463031e+00  3.15532942e+00  2.88365198e+00 
 8.77640000e-10  1.69570788e+00  1.90429212e+00  3.15523514e+00  2.88375573e+00 
 8.78140000e-10  1.69604709e+00  1.90395291e+00  3.15513847e+00  2.88386120e+00 
 8.78640000e-10  1.69638732e+00  1.90361268e+00  3.15503937e+00  2.88396842e+00 
 8.79140000e-10  1.69672858e+00  1.90327142e+00  3.15493780e+00  2.88407743e+00 
 8.79640000e-10  1.69707086e+00  1.90292914e+00  3.15483370e+00  2.88418827e+00 
 8.80140000e-10  1.69741416e+00  1.90258584e+00  3.15472703e+00  2.88430097e+00 
 8.80640000e-10  1.69775847e+00  1.90224153e+00  3.15461775e+00  2.88441558e+00 
 8.81140000e-10  1.69810378e+00  1.90189622e+00  3.15450581e+00  2.88453212e+00 
 8.81640000e-10  1.69845011e+00  1.90154989e+00  3.15439116e+00  2.88465065e+00 
 8.82140000e-10  1.69879743e+00  1.90120257e+00  3.15427375e+00  2.88477119e+00 
 8.82640000e-10  1.69914575e+00  1.90085425e+00  3.15415354e+00  2.88489380e+00 
 8.83140000e-10  1.69949507e+00  1.90050493e+00  3.15403047e+00  2.88501850e+00 
 8.83640000e-10  1.69984538e+00  1.90015462e+00  3.15390451e+00  2.88514535e+00 
 8.84140000e-10  1.70019668e+00  1.89980332e+00  3.15377560e+00  2.88527437e+00 
 8.84640000e-10  1.70054897e+00  1.89945103e+00  3.15364370e+00  2.88540562e+00 
 8.85140000e-10  1.70090223e+00  1.89909777e+00  3.15350875e+00  2.88553914e+00 
 8.85640000e-10  1.70125648e+00  1.89874352e+00  3.15337072e+00  2.88567495e+00 
 8.86140000e-10  1.70161170e+00  1.89838830e+00  3.15322954e+00  2.88581312e+00 
 8.86640000e-10  1.70196789e+00  1.89803211e+00  3.15308518e+00  2.88595368e+00 
 8.87140000e-10  1.70232504e+00  1.89767496e+00  3.15293759e+00  2.88609667e+00 
 8.87640000e-10  1.70268316e+00  1.89731684e+00  3.15278671e+00  2.88624214e+00 
 8.88140000e-10  1.70304225e+00  1.89695775e+00  3.15263251e+00  2.88639013e+00 
 8.88640000e-10  1.70340228e+00  1.89659772e+00  3.15247492e+00  2.88654068e+00 
 8.89140000e-10  1.70376328e+00  1.89623672e+00  3.15231392e+00  2.88669384e+00 
 8.89640000e-10  1.70412522e+00  1.89587478e+00  3.15214945e+00  2.88684965e+00 
 8.90140000e-10  1.70448811e+00  1.89551189e+00  3.15198146e+00  2.88700816e+00 
 8.90640000e-10  1.70485194e+00  1.89514806e+00  3.15180990e+00  2.88716941e+00 
 8.91140000e-10  1.70521671e+00  1.89478329e+00  3.15163474e+00  2.88733344e+00 
 8.91640000e-10  1.70558241e+00  1.89441759e+00  3.15145593e+00  2.88750031e+00 
 8.92140000e-10  1.70594905e+00  1.89405095e+00  3.15127342e+00  2.88767004e+00 
 8.92640000e-10  1.70631661e+00  1.89368339e+00  3.15108717e+00  2.88784269e+00 
 8.93140000e-10  1.70668510e+00  1.89331490e+00  3.15089713e+00  2.88801831e+00 
 8.93640000e-10  1.70705451e+00  1.89294549e+00  3.15070327e+00  2.88819692e+00 
 8.94140000e-10  1.70742484e+00  1.89257516e+00  3.15050554e+00  2.88837859e+00 
 8.94640000e-10  1.70779608e+00  1.89220392e+00  3.15030389e+00  2.88856335e+00 
 8.95140000e-10  1.70816824e+00  1.89183176e+00  3.15009829e+00  2.88875125e+00 
 8.95640000e-10  1.70854129e+00  1.89145871e+00  3.14988870e+00  2.88894233e+00 
 8.96140000e-10  1.70891526e+00  1.89108474e+00  3.14967508e+00  2.88913663e+00 
 8.96640000e-10  1.70929012e+00  1.89070988e+00  3.14945739e+00  2.88933420e+00 
 8.97140000e-10  1.70966587e+00  1.89033413e+00  3.14923559e+00  2.88953508e+00 
 8.97640000e-10  1.71004252e+00  1.88995748e+00  3.14900965e+00  2.88973930e+00 
 8.98140000e-10  1.71042005e+00  1.88957995e+00  3.14877952e+00  2.88994693e+00 
 8.98640000e-10  1.71079847e+00  1.88920153e+00  3.14854519e+00  2.89015798e+00 
 8.99140000e-10  1.71117777e+00  1.88882223e+00  3.14830660e+00  2.89037252e+00 
 8.99640000e-10  1.71155794e+00  1.88844206e+00  3.14806374e+00  2.89059056e+00 
 9.00140000e-10  1.71193899e+00  1.88806101e+00  3.14781656e+00  2.89081217e+00 
 9.00640000e-10  1.71232091e+00  1.88767909e+00  3.14756505e+00  2.89103737e+00 
 9.01140000e-10  1.71270369e+00  1.88729631e+00  3.14730916e+00  2.89126620e+00 
 9.01640000e-10  1.71308734e+00  1.88691266e+00  3.14704887e+00  2.89149871e+00 
 9.02140000e-10  1.71347184e+00  1.88652816e+00  3.14678416e+00  2.89173492e+00 
 9.02640000e-10  1.71385720e+00  1.88614280e+00  3.14651499e+00  2.89197489e+00 
 9.03140000e-10  1.71424340e+00  1.88575660e+00  3.14624135e+00  2.89221863e+00 
 9.03640000e-10  1.71463046e+00  1.88536954e+00  3.14596320e+00  2.89246619e+00 
 9.04140000e-10  1.71501835e+00  1.88498165e+00  3.14568054e+00  2.89271761e+00 
 9.04640000e-10  1.71540709e+00  1.88459291e+00  3.14539333e+00  2.89297291e+00 
 9.05140000e-10  1.71579666e+00  1.88420334e+00  3.14510157e+00  2.89323213e+00 
 9.05640000e-10  1.71618706e+00  1.88381294e+00  3.14480522e+00  2.89349530e+00 
 9.06140000e-10  1.71657828e+00  1.88342172e+00  3.14450427e+00  2.89376245e+00 
 9.06640000e-10  1.71697034e+00  1.88302966e+00  3.14419871e+00  2.89403361e+00 
 9.07140000e-10  1.71736321e+00  1.88263679e+00  3.14388853e+00  2.89430881e+00 
 9.07640000e-10  1.71775689e+00  1.88224311e+00  3.14357370e+00  2.89458808e+00 
 9.08140000e-10  1.71815139e+00  1.88184861e+00  3.14325422e+00  2.89487145e+00 
 9.08640000e-10  1.71854669e+00  1.88145331e+00  3.14293008e+00  2.89515893e+00 
 9.09140000e-10  1.71894280e+00  1.88105720e+00  3.14260127e+00  2.89545057e+00 
 9.09640000e-10  1.71933971e+00  1.88066029e+00  3.14226778e+00  2.89574637e+00 
 9.10140000e-10  1.71973742e+00  1.88026258e+00  3.14192960e+00  2.89604637e+00 
 9.10640000e-10  1.72013592e+00  1.87986408e+00  3.14158673e+00  2.89635058e+00 
 9.11140000e-10  1.72053520e+00  1.87946480e+00  3.14123917e+00  2.89665903e+00 
 9.11640000e-10  1.72093527e+00  1.87906473e+00  3.14088691e+00  2.89697174e+00 
 9.12140000e-10  1.72133612e+00  1.87866388e+00  3.14052995e+00  2.89728871e+00 
 9.12640000e-10  1.72173775e+00  1.87826225e+00  3.14016828e+00  2.89760998e+00 
 9.13140000e-10  1.72214015e+00  1.87785985e+00  3.13980192e+00  2.89793556e+00 
 9.13640000e-10  1.72254332e+00  1.87745668e+00  3.13943086e+00  2.89826545e+00 
 9.14140000e-10  1.72294725e+00  1.87705275e+00  3.13905511e+00  2.89859969e+00 
 9.14640000e-10  1.72335194e+00  1.87664806e+00  3.13867466e+00  2.89893827e+00 
 9.15140000e-10  1.72375739e+00  1.87624261e+00  3.13828953e+00  2.89928121e+00 
 9.15640000e-10  1.72416359e+00  1.87583641e+00  3.13789973e+00  2.89962852e+00 
 9.16140000e-10  1.72457054e+00  1.87542946e+00  3.13750525e+00  2.89998021e+00 
 9.16640000e-10  1.72497824e+00  1.87502176e+00  3.13710611e+00  2.90033628e+00 
 9.17140000e-10  1.72538667e+00  1.87461333e+00  3.13670232e+00  2.90069675e+00 
 9.17640000e-10  1.72579584e+00  1.87420416e+00  3.13629389e+00  2.90106162e+00 
 9.18140000e-10  1.72620575e+00  1.87379425e+00  3.13588083e+00  2.90143090e+00 
 9.18640000e-10  1.72661638e+00  1.87338362e+00  3.13546315e+00  2.90180458e+00 
 9.19140000e-10  1.72702773e+00  1.87297227e+00  3.13504087e+00  2.90218267e+00 
 9.19640000e-10  1.72743981e+00  1.87256019e+00  3.13461400e+00  2.90256517e+00 
 9.20140000e-10  1.72785260e+00  1.87214740e+00  3.13418255e+00  2.90295208e+00 
 9.20640000e-10  1.72826611e+00  1.87173389e+00  3.13374655e+00  2.90334340e+00 
 9.21140000e-10  1.72868032e+00  1.87131968e+00  3.13330601e+00  2.90373913e+00 
 9.21640000e-10  1.72909524e+00  1.87090476e+00  3.13286095e+00  2.90413926e+00 
 9.22140000e-10  1.72951085e+00  1.87048915e+00  3.13241139e+00  2.90454380e+00 
 9.22640000e-10  1.72992717e+00  1.87007283e+00  3.13195734e+00  2.90495273e+00 
 9.23140000e-10  1.73034417e+00  1.86965583e+00  3.13149882e+00  2.90536604e+00 
 9.23640000e-10  1.73076186e+00  1.86923814e+00  3.13103587e+00  2.90578374e+00 
 9.24140000e-10  1.73118023e+00  1.86881977e+00  3.13056849e+00  2.90620581e+00 
 9.24640000e-10  1.73159929e+00  1.86840071e+00  3.13009671e+00  2.90663225e+00 
 9.25140000e-10  1.73201902e+00  1.86798098e+00  3.12962056e+00  2.90706304e+00 
 9.25640000e-10  1.73243942e+00  1.86756058e+00  3.12914006e+00  2.90749817e+00 
 9.26140000e-10  1.73286048e+00  1.86713952e+00  3.12865522e+00  2.90793763e+00 
 9.26640000e-10  1.73328221e+00  1.86671779e+00  3.12816608e+00  2.90838141e+00 
 9.27140000e-10  1.73370460e+00  1.86629540e+00  3.12767266e+00  2.90882949e+00 
 9.27640000e-10  1.73412764e+00  1.86587236e+00  3.12717499e+00  2.90928187e+00 
 9.28140000e-10  1.73455133e+00  1.86544867e+00  3.12667309e+00  2.90973852e+00 
 9.28640000e-10  1.73497567e+00  1.86502433e+00  3.12616698e+00  2.91019942e+00 
 9.29140000e-10  1.73540065e+00  1.86459935e+00  3.12565670e+00  2.91066457e+00 
 9.29640000e-10  1.73582627e+00  1.86417373e+00  3.12514227e+00  2.91113394e+00 
 9.30140000e-10  1.73625252e+00  1.86374748e+00  3.12462373e+00  2.91160752e+00 
 9.30640000e-10  1.73667940e+00  1.86332060e+00  3.12410108e+00  2.91208528e+00 
 9.31140000e-10  1.73710690e+00  1.86289310e+00  3.12357438e+00  2.91256721e+00 
 9.31640000e-10  1.73753503e+00  1.86246497e+00  3.12304364e+00  2.91305329e+00 
 9.32140000e-10  1.73796377e+00  1.86203623e+00  3.12250889e+00  2.91354349e+00 
 9.32640000e-10  1.73839313e+00  1.86160687e+00  3.12197016e+00  2.91403780e+00 
 9.33140000e-10  1.73882309e+00  1.86117691e+00  3.12142749e+00  2.91453619e+00 
 9.33640000e-10  1.73925366e+00  1.86074634e+00  3.12088089e+00  2.91503864e+00 
 9.34140000e-10  1.73968482e+00  1.86031518e+00  3.12033041e+00  2.91554512e+00 
 9.34640000e-10  1.74011658e+00  1.85988342e+00  3.11977607e+00  2.91605562e+00 
 9.35140000e-10  1.74054893e+00  1.85945107e+00  3.11921790e+00  2.91657010e+00 
 9.35640000e-10  1.74098187e+00  1.85901813e+00  3.11865593e+00  2.91708855e+00 
 9.36140000e-10  1.74141539e+00  1.85858461e+00  3.11809019e+00  2.91761093e+00 
 9.36640000e-10  1.74184949e+00  1.85815051e+00  3.11752072e+00  2.91813723e+00 
 9.37140000e-10  1.74228417e+00  1.85771583e+00  3.11694753e+00  2.91866741e+00 
 9.37640000e-10  1.74271941e+00  1.85728059e+00  3.11637068e+00  2.91920146e+00 
 9.38140000e-10  1.74315522e+00  1.85684478e+00  3.11579018e+00  2.91973933e+00 
 9.38640000e-10  1.74359159e+00  1.85640841e+00  3.11520606e+00  2.92028102e+00 
 9.39140000e-10  1.74402851e+00  1.85597149e+00  3.11461837e+00  2.92082648e+00 
 9.39640000e-10  1.74446599e+00  1.85553401e+00  3.11402712e+00  2.92137569e+00 
 9.40140000e-10  1.74490402e+00  1.85509598e+00  3.11343236e+00  2.92192862e+00 
 9.40640000e-10  1.74534259e+00  1.85465741e+00  3.11283410e+00  2.92248525e+00 
 9.41140000e-10  1.74578170e+00  1.85421830e+00  3.11223239e+00  2.92304555e+00 
 9.41640000e-10  1.74622134e+00  1.85377866e+00  3.11162726e+00  2.92360948e+00 
 9.42140000e-10  1.74666152e+00  1.85333848e+00  3.11101873e+00  2.92417702e+00 
 9.42640000e-10  1.74710222e+00  1.85289778e+00  3.11040684e+00  2.92474813e+00 
 9.43140000e-10  1.74754345e+00  1.85245655e+00  3.10979161e+00  2.92532280e+00 
 9.43640000e-10  1.74798519e+00  1.85201481e+00  3.10917309e+00  2.92590098e+00 
 9.44140000e-10  1.74842744e+00  1.85157256e+00  3.10855130e+00  2.92648265e+00 
 9.44640000e-10  1.74887021e+00  1.85112979e+00  3.10792628e+00  2.92706779e+00 
 9.45140000e-10  1.74931348e+00  1.85068652e+00  3.10729805e+00  2.92765635e+00 
 9.45640000e-10  1.74975725e+00  1.85024275e+00  3.10666665e+00  2.92824830e+00 
 9.46140000e-10  1.75020151e+00  1.84979849e+00  3.10603210e+00  2.92884363e+00 
 9.46640000e-10  1.75064627e+00  1.84935373e+00  3.10539445e+00  2.92944229e+00 
 9.47140000e-10  1.75109151e+00  1.84890849e+00  3.10475371e+00  2.93004426e+00 
 9.47640000e-10  1.75153724e+00  1.84846276e+00  3.10410993e+00  2.93064950e+00 
 9.48140000e-10  1.75198344e+00  1.84801656e+00  3.10346313e+00  2.93125798e+00 
 9.48640000e-10  1.75243012e+00  1.84756988e+00  3.10281334e+00  2.93186968e+00 
 9.49140000e-10  1.75287727e+00  1.84712273e+00  3.10216060e+00  2.93248457e+00 
 9.49640000e-10  1.75332488e+00  1.84667512e+00  3.10150494e+00  2.93310260e+00 
 9.50140000e-10  1.75377296e+00  1.84622704e+00  3.10084638e+00  2.93372375e+00 
 9.50640000e-10  1.75422149e+00  1.84577851e+00  3.10018496e+00  2.93434799e+00 
 9.51140000e-10  1.75467047e+00  1.84532953e+00  3.09952070e+00  2.93497529e+00 
 9.51640000e-10  1.75511990e+00  1.84488010e+00  3.09885365e+00  2.93560561e+00 
 9.52140000e-10  1.75556977e+00  1.84443023e+00  3.09818382e+00  2.93623893e+00 
 9.52640000e-10  1.75602008e+00  1.84397992e+00  3.09751126e+00  2.93687521e+00 
 9.53140000e-10  1.75647083e+00  1.84352917e+00  3.09683599e+00  2.93751442e+00 
 9.53640000e-10  1.75692200e+00  1.84307800e+00  3.09615803e+00  2.93815653e+00 
 9.54140000e-10  1.75737360e+00  1.84262640e+00  3.09547743e+00  2.93880152e+00 
 9.54640000e-10  1.75782562e+00  1.84217438e+00  3.09479420e+00  2.93944934e+00 
 9.55140000e-10  1.75827806e+00  1.84172194e+00  3.09410839e+00  2.94009996e+00 
 9.55640000e-10  1.75873091e+00  1.84126909e+00  3.09342002e+00  2.94075337e+00 
 9.56140000e-10  1.75918416e+00  1.84081584e+00  3.09272912e+00  2.94140951e+00 
 9.56640000e-10  1.75963782e+00  1.84036218e+00  3.09203572e+00  2.94206837e+00 
 9.57140000e-10  1.76009188e+00  1.83990812e+00  3.09133985e+00  2.94272992e+00 
 9.57640000e-10  1.76054633e+00  1.83945367e+00  3.09064153e+00  2.94339411e+00 
 9.58140000e-10  1.76100117e+00  1.83899883e+00  3.08994081e+00  2.94406092e+00 
 9.58640000e-10  1.76145639e+00  1.83854361e+00  3.08923770e+00  2.94473032e+00 
 9.59140000e-10  1.76191200e+00  1.83808800e+00  3.08853224e+00  2.94540228e+00 
 9.59640000e-10  1.76236798e+00  1.83763202e+00  3.08782445e+00  2.94607677e+00 
 9.60140000e-10  1.76282433e+00  1.83717567e+00  3.08711437e+00  2.94675375e+00 
 9.60640000e-10  1.76328105e+00  1.83671895e+00  3.08640203e+00  2.94743320e+00 
 9.61140000e-10  1.76373813e+00  1.83626187e+00  3.08568744e+00  2.94811508e+00 
 9.61640000e-10  1.76419557e+00  1.83580443e+00  3.08497065e+00  2.94879937e+00 
 9.62140000e-10  1.76465337e+00  1.83534663e+00  3.08425167e+00  2.94948603e+00 
 9.62640000e-10  1.76511151e+00  1.83488849e+00  3.08353054e+00  2.95017503e+00 
 9.63140000e-10  1.76557000e+00  1.83443000e+00  3.08280729e+00  2.95086635e+00 
 9.63640000e-10  1.76602882e+00  1.83397118e+00  3.08208194e+00  2.95155995e+00 
 9.64140000e-10  1.76648798e+00  1.83351202e+00  3.08135453e+00  2.95225580e+00 
 9.64640000e-10  1.76694748e+00  1.83305252e+00  3.08062507e+00  2.95295387e+00 
 9.65140000e-10  1.76740730e+00  1.83259270e+00  3.07989360e+00  2.95365414e+00 
 9.65640000e-10  1.76786744e+00  1.83213256e+00  3.07916015e+00  2.95435656e+00 
 9.66140000e-10  1.76832789e+00  1.83167211e+00  3.07842474e+00  2.95506112e+00 
 9.66640000e-10  1.76878866e+00  1.83121134e+00  3.07768740e+00  2.95576779e+00 
 9.67140000e-10  1.76924974e+00  1.83075026e+00  3.07694816e+00  2.95647652e+00 
 9.67640000e-10  1.76971112e+00  1.83028888e+00  3.07620705e+00  2.95718729e+00 
 9.68140000e-10  1.77017280e+00  1.82982720e+00  3.07546409e+00  2.95790008e+00 
 9.68640000e-10  1.77063478e+00  1.82936522e+00  3.07471931e+00  2.95861486e+00 
 9.69140000e-10  1.77109704e+00  1.82890296e+00  3.07397273e+00  2.95933159e+00 
 9.69640000e-10  1.77155959e+00  1.82844041e+00  3.07322439e+00  2.96005024e+00 
 9.70140000e-10  1.77202242e+00  1.82797758e+00  3.07247431e+00  2.96077079e+00 
 9.70640000e-10  1.77248553e+00  1.82751447e+00  3.07172252e+00  2.96149320e+00 
 9.71140000e-10  1.77294891e+00  1.82705109e+00  3.07096904e+00  2.96221745e+00 
 9.71640000e-10  1.77341255e+00  1.82658745e+00  3.07021391e+00  2.96294351e+00 
 9.72140000e-10  1.77387646e+00  1.82612354e+00  3.06945714e+00  2.96367135e+00 
 9.72640000e-10  1.77434063e+00  1.82565937e+00  3.06869876e+00  2.96440095e+00 
 9.73140000e-10  1.77480505e+00  1.82519495e+00  3.06793881e+00  2.96513226e+00 
 9.73640000e-10  1.77526971e+00  1.82473029e+00  3.06717730e+00  2.96586527e+00 
 9.74140000e-10  1.77573462e+00  1.82426538e+00  3.06641426e+00  2.96659994e+00 
 9.74640000e-10  1.77619978e+00  1.82380022e+00  3.06564973e+00  2.96733625e+00 
 9.75140000e-10  1.77666516e+00  1.82333484e+00  3.06488371e+00  2.96807417e+00 
 9.75640000e-10  1.77713078e+00  1.82286922e+00  3.06411625e+00  2.96881366e+00 
 9.76140000e-10  1.77759662e+00  1.82240338e+00  3.06334737e+00  2.96955471e+00 
 9.76640000e-10  1.77806268e+00  1.82193732e+00  3.06257708e+00  2.97029729e+00 
 9.77140000e-10  1.77852896e+00  1.82147104e+00  3.06180543e+00  2.97104136e+00 
 9.77640000e-10  1.77899545e+00  1.82100455e+00  3.06103242e+00  2.97178689e+00 
 9.78140000e-10  1.77946215e+00  1.82053785e+00  3.06025810e+00  2.97253387e+00 
 9.78640000e-10  1.77992905e+00  1.82007095e+00  3.05948248e+00  2.97328226e+00 
 9.79140000e-10  1.78039615e+00  1.81960385e+00  3.05870559e+00  2.97403204e+00 
 9.79640000e-10  1.78086345e+00  1.81913655e+00  3.05792746e+00  2.97478317e+00 
 9.80140000e-10  1.78133093e+00  1.81866907e+00  3.05714810e+00  2.97553563e+00 
 9.80640000e-10  1.78179859e+00  1.81820141e+00  3.05636755e+00  2.97628940e+00 
 9.81140000e-10  1.78226644e+00  1.81773356e+00  3.05558583e+00  2.97704444e+00 
 9.81640000e-10  1.78273446e+00  1.81726554e+00  3.05480297e+00  2.97780073e+00 
 9.82140000e-10  1.78320265e+00  1.81679735e+00  3.05401899e+00  2.97855824e+00 
 9.82640000e-10  1.78367101e+00  1.81632899e+00  3.05323391e+00  2.97931694e+00 
 9.83140000e-10  1.78413953e+00  1.81586047e+00  3.05244776e+00  2.98007682e+00 
 9.83640000e-10  1.78460820e+00  1.81539180e+00  3.05166057e+00  2.98083783e+00 
 9.84140000e-10  1.78507703e+00  1.81492297e+00  3.05087235e+00  2.98159996e+00 
 9.84640000e-10  1.78554600e+00  1.81445400e+00  3.05008314e+00  2.98236317e+00 
 9.85140000e-10  1.78601512e+00  1.81398488e+00  3.04929296e+00  2.98312745e+00 
 9.85640000e-10  1.78648437e+00  1.81351563e+00  3.04850184e+00  2.98389276e+00 
 9.86140000e-10  1.78695376e+00  1.81304624e+00  3.04770979e+00  2.98465908e+00 
 9.86640000e-10  1.78742328e+00  1.81257672e+00  3.04691684e+00  2.98542638e+00 
 9.87140000e-10  1.78789292e+00  1.81210708e+00  3.04612302e+00  2.98619463e+00 
 9.87640000e-10  1.78836268e+00  1.81163732e+00  3.04532836e+00  2.98696382e+00 
 9.88140000e-10  1.78883256e+00  1.81116744e+00  3.04453287e+00  2.98773391e+00 
 9.88640000e-10  1.78930254e+00  1.81069746e+00  3.04373658e+00  2.98850489e+00 
 9.89140000e-10  1.78977263e+00  1.81022737e+00  3.04293951e+00  2.98927671e+00 
 9.89640000e-10  1.79024282e+00  1.80975718e+00  3.04214170e+00  2.99004936e+00 
 9.90140000e-10  1.79071311e+00  1.80928689e+00  3.04134315e+00  2.99082282e+00 
 9.90640000e-10  1.79118349e+00  1.80881651e+00  3.04054391e+00  2.99159705e+00 
 9.91140000e-10  1.79165396e+00  1.80834604e+00  3.03974399e+00  2.99237204e+00 
 9.91640000e-10  1.79212451e+00  1.80787549e+00  3.03894342e+00  2.99314775e+00 
 9.92140000e-10  1.79259514e+00  1.80740486e+00  3.03814222e+00  2.99392416e+00 
 9.92640000e-10  1.79306584e+00  1.80693416e+00  3.03734041e+00  2.99470126e+00 
 9.93140000e-10  1.79353660e+00  1.80646340e+00  3.03653803e+00  2.99547901e+00 
 9.93640000e-10  1.79400744e+00  1.80599256e+00  3.03573510e+00  2.99625739e+00 
 9.94140000e-10  1.79447833e+00  1.80552167e+00  3.03493163e+00  2.99703637e+00 
 9.94640000e-10  1.79494927e+00  1.80505073e+00  3.03412767e+00  2.99781594e+00 
 9.95140000e-10  1.79542027e+00  1.80457973e+00  3.03332322e+00  2.99859606e+00 
 9.95640000e-10  1.79589131e+00  1.80410869e+00  3.03251832e+00  2.99937672e+00 
 9.96140000e-10  1.79636239e+00  1.80363761e+00  3.03171300e+00  3.00015790e+00 
 9.96640000e-10  1.79683351e+00  1.80316649e+00  3.03090727e+00  3.00093956e+00 
 9.97140000e-10  1.79730466e+00  1.80269534e+00  3.03010117e+00  3.00172169e+00 
 9.97640000e-10  1.79777583e+00  1.80222417e+00  3.02929472e+00  3.00250426e+00 
 9.98140000e-10  1.79824703e+00  1.80175297e+00  3.02848795e+00  3.00328726e+00 
 9.98640000e-10  1.79871825e+00  1.80128175e+00  3.02768089e+00  3.00407066e+00 
 9.99140000e-10  1.79918947e+00  1.80081053e+00  3.02687356e+00  3.00485444e+00 
 9.99640000e-10  1.79966071e+00  1.80033929e+00  3.02606598e+00  3.00563858e+00 
 1.00014000e-09  1.80013195e+00  1.79986805e+00  3.02525820e+00  3.00642306e+00 
 1.00064000e-09  1.80060318e+00  1.79939682e+00  3.02445023e+00  3.00720785e+00 
 1.00114000e-09  1.80107442e+00  1.79892558e+00  3.02364210e+00  3.00799294e+00 
 1.00164000e-09  1.80154564e+00  1.79845436e+00  3.02283385e+00  3.00877831e+00 
 1.00214000e-09  1.80201684e+00  1.79798316e+00  3.02202549e+00  3.00956394e+00 
 1.00264000e-09  1.80248803e+00  1.79751197e+00  3.02121707e+00  3.01034980e+00 
 1.00314000e-09  1.80295919e+00  1.79704081e+00  3.02040860e+00  3.01113588e+00 
 1.00364000e-09  1.80343032e+00  1.79656968e+00  3.01960011e+00  3.01192215e+00 
 1.00414000e-09  1.80390142e+00  1.79609858e+00  3.01879163e+00  3.01270860e+00 
 1.00464000e-09  1.80437248e+00  1.79562752e+00  3.01798320e+00  3.01349520e+00 
 1.00514000e-09  1.80484349e+00  1.79515651e+00  3.01717482e+00  3.01428193e+00 
 1.00564000e-09  1.80531446e+00  1.79468554e+00  3.01636653e+00  3.01506878e+00 
 1.00614000e-09  1.80578538e+00  1.79421462e+00  3.01555836e+00  3.01585570e+00 
 1.00664000e-09  1.80625624e+00  1.79374376e+00  3.01475032e+00  3.01664269e+00 
 1.00714000e-09  1.80672703e+00  1.79327297e+00  3.01394243e+00  3.01742971e+00 
 1.00764000e-09  1.80719777e+00  1.79280223e+00  3.01313473e+00  3.01821674e+00 
 1.00814000e-09  1.80766843e+00  1.79233157e+00  3.01232721e+00  3.01900375e+00 
 1.00864000e-09  1.80813901e+00  1.79186099e+00  3.01151991e+00  3.01979071e+00 
 1.00914000e-09  1.80860951e+00  1.79139049e+00  3.01071284e+00  3.02057759e+00 
 1.00964000e-09  1.80907993e+00  1.79092007e+00  3.00990601e+00  3.02136435e+00 
 1.01014000e-09  1.80955026e+00  1.79044974e+00  3.00909944e+00  3.02215098e+00 
 1.01064000e-09  1.81002050e+00  1.78997950e+00  3.00829314e+00  3.02293743e+00 
 1.01114000e-09  1.81049063e+00  1.78950937e+00  3.00748712e+00  3.02372368e+00 
 1.01164000e-09  1.81096066e+00  1.78903934e+00  3.00668141e+00  3.02450967e+00 
 1.01214000e-09  1.81143059e+00  1.78856941e+00  3.00587600e+00  3.02529540e+00 
 1.01264000e-09  1.81190040e+00  1.78809960e+00  3.00507091e+00  3.02608081e+00 
 1.01314000e-09  1.81237009e+00  1.78762991e+00  3.00426616e+00  3.02686587e+00 
 1.01364000e-09  1.81283967e+00  1.78716033e+00  3.00346175e+00  3.02765055e+00 
 1.01414000e-09  1.81330911e+00  1.78669089e+00  3.00265770e+00  3.02843482e+00 
 1.01464000e-09  1.81377842e+00  1.78622158e+00  3.00185402e+00  3.02921863e+00 
 1.01514000e-09  1.81424760e+00  1.78575240e+00  3.00105073e+00  3.03000196e+00 
 1.01564000e-09  1.81471664e+00  1.78528336e+00  3.00024784e+00  3.03078478e+00 
 1.01614000e-09  1.81518553e+00  1.78481447e+00  2.99944536e+00  3.03156705e+00 
 1.01664000e-09  1.81565427e+00  1.78434573e+00  2.99864331e+00  3.03234873e+00 
 1.01714000e-09  1.81612286e+00  1.78387714e+00  2.99784170e+00  3.03312981e+00 
 1.01764000e-09  1.81659129e+00  1.78340871e+00  2.99704056e+00  3.03391024e+00 
 1.01814000e-09  1.81705956e+00  1.78294044e+00  2.99623990e+00  3.03469000e+00 
 1.01864000e-09  1.81752765e+00  1.78247235e+00  2.99543974e+00  3.03546905e+00 
 1.01914000e-09  1.81799557e+00  1.78200443e+00  2.99464010e+00  3.03624738e+00 
 1.01964000e-09  1.81846332e+00  1.78153668e+00  2.99384100e+00  3.03702495e+00 
 1.02014000e-09  1.81893088e+00  1.78106912e+00  2.99304246e+00  3.03780174e+00 
 1.02064000e-09  1.81939826e+00  1.78060174e+00  2.99224450e+00  3.03857772e+00 
 1.02114000e-09  1.81986545e+00  1.78013455e+00  2.99144714e+00  3.03935286e+00 
 1.02164000e-09  1.82033244e+00  1.77966756e+00  2.99065041e+00  3.04012713e+00 
 1.02214000e-09  1.82079922e+00  1.77920078e+00  2.98985433e+00  3.04090052e+00 
 1.02264000e-09  1.82126581e+00  1.77873419e+00  2.98905893e+00  3.04167300e+00 
 1.02314000e-09  1.82173218e+00  1.77826782e+00  2.98826422e+00  3.04244454e+00 
 1.02364000e-09  1.82219834e+00  1.77780166e+00  2.98747023e+00  3.04321513e+00 
 1.02414000e-09  1.82266428e+00  1.77733572e+00  2.98667699e+00  3.04398473e+00 
 1.02464000e-09  1.82313000e+00  1.77687000e+00  2.98588452e+00  3.04475333e+00 
 1.02514000e-09  1.82359548e+00  1.77640452e+00  2.98509285e+00  3.04552089e+00 
 1.02564000e-09  1.82406074e+00  1.77593926e+00  2.98430201e+00  3.04628741e+00 
 1.02614000e-09  1.82452576e+00  1.77547424e+00  2.98351201e+00  3.04705285e+00 
 1.02664000e-09  1.82499053e+00  1.77500947e+00  2.98272289e+00  3.04781720e+00 
 1.02714000e-09  1.82545506e+00  1.77454494e+00  2.98193467e+00  3.04858043e+00 
 1.02764000e-09  1.82591934e+00  1.77408066e+00  2.98114737e+00  3.04934251e+00 
 1.02814000e-09  1.82638336e+00  1.77361664e+00  2.98036103e+00  3.05010344e+00 
 1.02864000e-09  1.82684712e+00  1.77315288e+00  2.97957568e+00  3.05086318e+00 
 1.02914000e-09  1.82731062e+00  1.77268938e+00  2.97879133e+00  3.05162171e+00 
 1.02964000e-09  1.82777384e+00  1.77222616e+00  2.97800801e+00  3.05237901e+00 
 1.03014000e-09  1.82823680e+00  1.77176320e+00  2.97722575e+00  3.05313506e+00 
 1.03064000e-09  1.82869947e+00  1.77130053e+00  2.97644459e+00  3.05388983e+00 
 1.03114000e-09  1.82916186e+00  1.77083814e+00  2.97566453e+00  3.05464331e+00 
 1.03164000e-09  1.82962396e+00  1.77037604e+00  2.97488562e+00  3.05539546e+00 
 1.03214000e-09  1.83008577e+00  1.76991423e+00  2.97410788e+00  3.05614628e+00 
 1.03264000e-09  1.83054729e+00  1.76945271e+00  2.97333133e+00  3.05689573e+00 
 1.03314000e-09  1.83100850e+00  1.76899150e+00  2.97255600e+00  3.05764379e+00 
 1.03364000e-09  1.83146941e+00  1.76853059e+00  2.97178192e+00  3.05839044e+00 
 1.03414000e-09  1.83193000e+00  1.76807000e+00  2.97100911e+00  3.05913565e+00 
 1.03464000e-09  1.83239028e+00  1.76760972e+00  2.97023760e+00  3.05987941e+00 
 1.03514000e-09  1.83285024e+00  1.76714976e+00  2.96946742e+00  3.06062169e+00 
 1.03564000e-09  1.83330988e+00  1.76669012e+00  2.96869860e+00  3.06136246e+00 
 1.03614000e-09  1.83376919e+00  1.76623081e+00  2.96793116e+00  3.06210171e+00 
 1.03664000e-09  1.83422816e+00  1.76577184e+00  2.96716512e+00  3.06283940e+00 
 1.03714000e-09  1.83468680e+00  1.76531320e+00  2.96640052e+00  3.06357552e+00 
 1.03764000e-09  1.83514509e+00  1.76485491e+00  2.96563738e+00  3.06431004e+00 
 1.03814000e-09  1.83560304e+00  1.76439696e+00  2.96487572e+00  3.06504293e+00 
 1.03864000e-09  1.83606064e+00  1.76393936e+00  2.96411558e+00  3.06577418e+00 
 1.03914000e-09  1.83651788e+00  1.76348212e+00  2.96335698e+00  3.06650375e+00 
 1.03964000e-09  1.83697476e+00  1.76302524e+00  2.96259994e+00  3.06723163e+00 
 1.04014000e-09  1.83743127e+00  1.76256873e+00  2.96184449e+00  3.06795778e+00 
 1.04064000e-09  1.83788742e+00  1.76211258e+00  2.96109067e+00  3.06868219e+00 
 1.04114000e-09  1.83834319e+00  1.76165681e+00  2.96033848e+00  3.06940482e+00 
 1.04164000e-09  1.83879858e+00  1.76120142e+00  2.95958797e+00  3.07012566e+00 
 1.04214000e-09  1.83925359e+00  1.76074641e+00  2.95883916e+00  3.07084467e+00 
 1.04264000e-09  1.83970821e+00  1.76029179e+00  2.95809207e+00  3.07156184e+00 
 1.04314000e-09  1.84016244e+00  1.75983756e+00  2.95734673e+00  3.07227713e+00 
 1.04364000e-09  1.84061628e+00  1.75938372e+00  2.95660316e+00  3.07299053e+00 
 1.04414000e-09  1.84106971e+00  1.75893029e+00  2.95586140e+00  3.07370200e+00 
 1.04464000e-09  1.84152274e+00  1.75847726e+00  2.95512147e+00  3.07441152e+00 
 1.04514000e-09  1.84197536e+00  1.75802464e+00  2.95438339e+00  3.07511906e+00 
 1.04564000e-09  1.84242756e+00  1.75757244e+00  2.95364719e+00  3.07582460e+00 
 1.04614000e-09  1.84287935e+00  1.75712065e+00  2.95291290e+00  3.07652811e+00 
 1.04664000e-09  1.84333071e+00  1.75666929e+00  2.95218054e+00  3.07722957e+00 
 1.04714000e-09  1.84378164e+00  1.75621836e+00  2.95145014e+00  3.07792894e+00 
 1.04764000e-09  1.84423215e+00  1.75576785e+00  2.95072173e+00  3.07862621e+00 
 1.04814000e-09  1.84468221e+00  1.75531779e+00  2.94999533e+00  3.07932134e+00 
 1.04864000e-09  1.84513184e+00  1.75486816e+00  2.94927097e+00  3.08001430e+00 
 1.04914000e-09  1.84558102e+00  1.75441898e+00  2.94854868e+00  3.08070509e+00 
 1.04964000e-09  1.84602974e+00  1.75397026e+00  2.94782848e+00  3.08139365e+00 
 1.05014000e-09  1.84647802e+00  1.75352198e+00  2.94711039e+00  3.08207997e+00 
 1.05064000e-09  1.84692584e+00  1.75307416e+00  2.94639445e+00  3.08276403e+00 
 1.05114000e-09  1.84737319e+00  1.75262681e+00  2.94568068e+00  3.08344578e+00 
 1.05164000e-09  1.84782008e+00  1.75217992e+00  2.94496910e+00  3.08412522e+00 
 1.05214000e-09  1.84826649e+00  1.75173351e+00  2.94425975e+00  3.08480230e+00 
 1.05264000e-09  1.84871243e+00  1.75128757e+00  2.94355265e+00  3.08547701e+00 
 1.05314000e-09  1.84915788e+00  1.75084212e+00  2.94284783e+00  3.08614931e+00 
 1.05364000e-09  1.84960286e+00  1.75039714e+00  2.94214531e+00  3.08681917e+00 
 1.05414000e-09  1.85004734e+00  1.74995266e+00  2.94144511e+00  3.08748658e+00 
 1.05464000e-09  1.85049133e+00  1.74950867e+00  2.94074728e+00  3.08815149e+00 
 1.05514000e-09  1.85093481e+00  1.74906519e+00  2.94005182e+00  3.08881390e+00 
 1.05564000e-09  1.85137780e+00  1.74862220e+00  2.93935878e+00  3.08947375e+00 
 1.05614000e-09  1.85182028e+00  1.74817972e+00  2.93866817e+00  3.09013104e+00 
 1.05664000e-09  1.85226225e+00  1.74773775e+00  2.93798002e+00  3.09078573e+00 
 1.05714000e-09  1.85270370e+00  1.74729630e+00  2.93729436e+00  3.09143779e+00 
 1.05764000e-09  1.85314463e+00  1.74685537e+00  2.93661121e+00  3.09208720e+00 
 1.05814000e-09  1.85358504e+00  1.74641496e+00  2.93593061e+00  3.09273393e+00 
 1.05864000e-09  1.85402492e+00  1.74597508e+00  2.93525258e+00  3.09337794e+00 
 1.05914000e-09  1.85446427e+00  1.74553573e+00  2.93457714e+00  3.09401922e+00 
 1.05964000e-09  1.85490308e+00  1.74509692e+00  2.93390432e+00  3.09465774e+00 
 1.06014000e-09  1.85534134e+00  1.74465866e+00  2.93323415e+00  3.09529345e+00 
 1.06064000e-09  1.85577906e+00  1.74422094e+00  2.93256665e+00  3.09592635e+00 
 1.06114000e-09  1.85621623e+00  1.74378377e+00  2.93190186e+00  3.09655640e+00 
 1.06164000e-09  1.85665285e+00  1.74334715e+00  2.93123979e+00  3.09718358e+00 
 1.06214000e-09  1.85708890e+00  1.74291110e+00  2.93058048e+00  3.09780784e+00 
 1.06264000e-09  1.85752440e+00  1.74247560e+00  2.92992395e+00  3.09842918e+00 
 1.06314000e-09  1.85795932e+00  1.74204068e+00  2.92927023e+00  3.09904756e+00 
 1.06364000e-09  1.85839367e+00  1.74160633e+00  2.92861934e+00  3.09966294e+00 
 1.06414000e-09  1.85882745e+00  1.74117255e+00  2.92797131e+00  3.10027532e+00 
 1.06464000e-09  1.85926064e+00  1.74073936e+00  2.92732617e+00  3.10088465e+00 
 1.06514000e-09  1.85969326e+00  1.74030674e+00  2.92668395e+00  3.10149091e+00 
 1.06564000e-09  1.86012528e+00  1.73987472e+00  2.92604466e+00  3.10209407e+00 
 1.06614000e-09  1.86055671e+00  1.73944329e+00  2.92540834e+00  3.10269410e+00 
 1.06664000e-09  1.86098754e+00  1.73901246e+00  2.92477501e+00  3.10329099e+00 
 1.06714000e-09  1.86141776e+00  1.73858224e+00  2.92414471e+00  3.10388469e+00 
 1.06764000e-09  1.86184739e+00  1.73815261e+00  2.92351744e+00  3.10447519e+00 
 1.06814000e-09  1.86227640e+00  1.73772360e+00  2.92289325e+00  3.10506246e+00 
 1.06864000e-09  1.86270480e+00  1.73729520e+00  2.92227216e+00  3.10564646e+00 
 1.06914000e-09  1.86313257e+00  1.73686743e+00  2.92165419e+00  3.10622718e+00 
 1.06964000e-09  1.86355973e+00  1.73644027e+00  2.92103937e+00  3.10680458e+00 
 1.07014000e-09  1.86398626e+00  1.73601374e+00  2.92042773e+00  3.10737864e+00 
 1.07064000e-09  1.86441215e+00  1.73558785e+00  2.91981929e+00  3.10794934e+00 
 1.07114000e-09  1.86483742e+00  1.73516258e+00  2.91921407e+00  3.10851664e+00 
 1.07164000e-09  1.86526204e+00  1.73473796e+00  2.91861211e+00  3.10908053e+00 
 1.07214000e-09  1.86568601e+00  1.73431399e+00  2.91801343e+00  3.10964097e+00 
 1.07264000e-09  1.86610934e+00  1.73389066e+00  2.91741805e+00  3.11019794e+00 
 1.07314000e-09  1.86653202e+00  1.73346798e+00  2.91682600e+00  3.11075142e+00 
 1.07364000e-09  1.86695404e+00  1.73304596e+00  2.91623730e+00  3.11130138e+00 
 1.07414000e-09  1.86737540e+00  1.73262460e+00  2.91565199e+00  3.11184779e+00 
 1.07464000e-09  1.86779609e+00  1.73220391e+00  2.91507008e+00  3.11239063e+00 
 1.07514000e-09  1.86821611e+00  1.73178389e+00  2.91449159e+00  3.11292988e+00 
 1.07564000e-09  1.86863547e+00  1.73136453e+00  2.91391656e+00  3.11346551e+00 
 1.07614000e-09  1.86905414e+00  1.73094586e+00  2.91334501e+00  3.11399750e+00 
 1.07664000e-09  1.86947213e+00  1.73052787e+00  2.91277696e+00  3.11452582e+00 
 1.07714000e-09  1.86988944e+00  1.73011056e+00  2.91221244e+00  3.11505046e+00 
 1.07764000e-09  1.87030606e+00  1.72969394e+00  2.91165147e+00  3.11557138e+00 
 1.07814000e-09  1.87072198e+00  1.72927802e+00  2.91109407e+00  3.11608857e+00 
 1.07864000e-09  1.87113720e+00  1.72886280e+00  2.91054026e+00  3.11660201e+00 
 1.07914000e-09  1.87155173e+00  1.72844827e+00  2.90999008e+00  3.11711166e+00 
 1.07964000e-09  1.87196554e+00  1.72803446e+00  2.90944354e+00  3.11761752e+00 
 1.08014000e-09  1.87237865e+00  1.72762135e+00  2.90890067e+00  3.11811955e+00 
 1.08064000e-09  1.87279104e+00  1.72720896e+00  2.90836148e+00  3.11861775e+00 
 1.08114000e-09  1.87320271e+00  1.72679729e+00  2.90782601e+00  3.11911208e+00 
 1.08164000e-09  1.87361367e+00  1.72638633e+00  2.90729426e+00  3.11960253e+00 
 1.08214000e-09  1.87402389e+00  1.72597611e+00  2.90676628e+00  3.12008909e+00 
 1.08264000e-09  1.87443338e+00  1.72556662e+00  2.90624206e+00  3.12057172e+00 
 1.08314000e-09  1.87484214e+00  1.72515786e+00  2.90572165e+00  3.12105041e+00 
 1.08364000e-09  1.87525016e+00  1.72474984e+00  2.90520505e+00  3.12152515e+00 
 1.08414000e-09  1.87565744e+00  1.72434256e+00  2.90469229e+00  3.12199592e+00 
 1.08464000e-09  1.87606397e+00  1.72393603e+00  2.90418338e+00  3.12246270e+00 
 1.08514000e-09  1.87646976e+00  1.72353024e+00  2.90367836e+00  3.12292547e+00 
 1.08564000e-09  1.87687478e+00  1.72312522e+00  2.90317723e+00  3.12338422e+00 
 1.08614000e-09  1.87727905e+00  1.72272095e+00  2.90268001e+00  3.12383893e+00 
 1.08664000e-09  1.87768255e+00  1.72231745e+00  2.90218673e+00  3.12428959e+00 
 1.08714000e-09  1.87808529e+00  1.72191471e+00  2.90169740e+00  3.12473618e+00 
 1.08764000e-09  1.87848726e+00  1.72151274e+00  2.90121205e+00  3.12517869e+00 
 1.08814000e-09  1.87888845e+00  1.72111155e+00  2.90073068e+00  3.12561712e+00 
 1.08864000e-09  1.87928886e+00  1.72071114e+00  2.90025331e+00  3.12605144e+00 
 1.08914000e-09  1.87968850e+00  1.72031150e+00  2.89977996e+00  3.12648164e+00 
 1.08964000e-09  1.88008734e+00  1.71991266e+00  2.89931065e+00  3.12690772e+00 
 1.09014000e-09  1.88048539e+00  1.71951461e+00  2.89884539e+00  3.12732966e+00 
 1.09064000e-09  1.88088265e+00  1.71911735e+00  2.89838420e+00  3.12774745e+00 
 1.09114000e-09  1.88127912e+00  1.71872088e+00  2.89792709e+00  3.12816110e+00 
 1.09164000e-09  1.88167478e+00  1.71832522e+00  2.89747408e+00  3.12857058e+00 
 1.09214000e-09  1.88206963e+00  1.71793037e+00  2.89702517e+00  3.12897589e+00 
 1.09264000e-09  1.88246367e+00  1.71753633e+00  2.89658038e+00  3.12937702e+00 
 1.09314000e-09  1.88285690e+00  1.71714310e+00  2.89613973e+00  3.12977398e+00 
 1.09364000e-09  1.88324931e+00  1.71675069e+00  2.89570323e+00  3.13016675e+00 
 1.09414000e-09  1.88364090e+00  1.71635910e+00  2.89527088e+00  3.13055533e+00 
 1.09464000e-09  1.88403167e+00  1.71596833e+00  2.89484270e+00  3.13093972e+00 
 1.09514000e-09  1.88442160e+00  1.71557840e+00  2.89441870e+00  3.13131991e+00 
 1.09564000e-09  1.88481071e+00  1.71518929e+00  2.89399889e+00  3.13169591e+00 
 1.09614000e-09  1.88519897e+00  1.71480103e+00  2.89358327e+00  3.13206771e+00 
 1.09664000e-09  1.88558640e+00  1.71441360e+00  2.89317186e+00  3.13243531e+00 
 1.09714000e-09  1.88597298e+00  1.71402702e+00  2.89276466e+00  3.13279872e+00 
 1.09764000e-09  1.88635871e+00  1.71364129e+00  2.89236168e+00  3.13315794e+00 
 1.09814000e-09  1.88674359e+00  1.71325641e+00  2.89196293e+00  3.13351297e+00 
 1.09864000e-09  1.88712761e+00  1.71287239e+00  2.89156840e+00  3.13386381e+00 
 1.09914000e-09  1.88751077e+00  1.71248923e+00  2.89117812e+00  3.13421047e+00 
 1.09964000e-09  1.88789307e+00  1.71210693e+00  2.89079208e+00  3.13455295e+00 
 1.10014000e-09  1.88827450e+00  1.71172550e+00  2.89041028e+00  3.13489127e+00 
 1.10064000e-09  1.88865506e+00  1.71134494e+00  2.89003273e+00  3.13522542e+00 
 1.10114000e-09  1.88903475e+00  1.71096525e+00  2.88965943e+00  3.13555542e+00 
 1.10164000e-09  1.88941355e+00  1.71058645e+00  2.88929038e+00  3.13588128e+00 
 1.10214000e-09  1.88979148e+00  1.71020852e+00  2.88892559e+00  3.13620301e+00 
 1.10264000e-09  1.89016851e+00  1.70983149e+00  2.88856505e+00  3.13652062e+00 
 1.10314000e-09  1.89054466e+00  1.70945534e+00  2.88820877e+00  3.13683412e+00 
 1.10364000e-09  1.89091992e+00  1.70908008e+00  2.88785673e+00  3.13714352e+00 
 1.10414000e-09  1.89129427e+00  1.70870573e+00  2.88750895e+00  3.13744884e+00 
 1.10464000e-09  1.89166773e+00  1.70833227e+00  2.88716542e+00  3.13775010e+00 
 1.10514000e-09  1.89204028e+00  1.70795972e+00  2.88682613e+00  3.13804731e+00 
 1.10564000e-09  1.89241192e+00  1.70758808e+00  2.88649108e+00  3.13834049e+00 
 1.10614000e-09  1.89278265e+00  1.70721735e+00  2.88616027e+00  3.13862965e+00 
 1.10664000e-09  1.89315247e+00  1.70684753e+00  2.88583369e+00  3.13891481e+00 
 1.10714000e-09  1.89352136e+00  1.70647864e+00  2.88551133e+00  3.13919601e+00 
 1.10764000e-09  1.89388934e+00  1.70611066e+00  2.88519319e+00  3.13947324e+00 
 1.10814000e-09  1.89425638e+00  1.70574362e+00  2.88487926e+00  3.13974655e+00 
 1.10864000e-09  1.89462250e+00  1.70537750e+00  2.88456954e+00  3.14001594e+00 
 1.10914000e-09  1.89498768e+00  1.70501232e+00  2.88426400e+00  3.14028145e+00 
 1.10964000e-09  1.89535193e+00  1.70464807e+00  2.88396264e+00  3.14054310e+00 
 1.11014000e-09  1.89571523e+00  1.70428477e+00  2.88366546e+00  3.14080091e+00 
 1.11064000e-09  1.89607759e+00  1.70392241e+00  2.88337244e+00  3.14105491e+00 
 1.11114000e-09  1.89643900e+00  1.70356100e+00  2.88308356e+00  3.14130512e+00 
 1.11164000e-09  1.89679946e+00  1.70320054e+00  2.88279882e+00  3.14155158e+00 
 1.11214000e-09  1.89715896e+00  1.70284104e+00  2.88251819e+00  3.14179431e+00 
 1.11264000e-09  1.89751750e+00  1.70248250e+00  2.88224167e+00  3.14203334e+00 
 1.11314000e-09  1.89787508e+00  1.70212492e+00  2.88196924e+00  3.14226870e+00 
 1.11364000e-09  1.89823170e+00  1.70176830e+00  2.88170089e+00  3.14250042e+00 
 1.11414000e-09  1.89858735e+00  1.70141265e+00  2.88143659e+00  3.14272853e+00 
 1.11464000e-09  1.89894202e+00  1.70105798e+00  2.88117632e+00  3.14295307e+00 
 1.11514000e-09  1.89929572e+00  1.70070428e+00  2.88092008e+00  3.14317406e+00 
 1.11564000e-09  1.89964843e+00  1.70035157e+00  2.88066784e+00  3.14339154e+00 
 1.11614000e-09  1.90000017e+00  1.69999983e+00  2.88041958e+00  3.14360554e+00 
 1.11664000e-09  1.90035091e+00  1.69964909e+00  2.88017527e+00  3.14381610e+00 
 1.11714000e-09  1.90070067e+00  1.69929933e+00  2.87993491e+00  3.14402326e+00 
 1.11764000e-09  1.90104943e+00  1.69895057e+00  2.87969846e+00  3.14422703e+00 
 1.11814000e-09  1.90139719e+00  1.69860281e+00  2.87946590e+00  3.14442747e+00 
 1.11864000e-09  1.90174396e+00  1.69825604e+00  2.87923720e+00  3.14462461e+00 
 1.11914000e-09  1.90208972e+00  1.69791028e+00  2.87901236e+00  3.14481848e+00 
 1.11964000e-09  1.90243447e+00  1.69756553e+00  2.87879132e+00  3.14500912e+00 
 1.12014000e-09  1.90277821e+00  1.69722179e+00  2.87857408e+00  3.14519657e+00 
 1.12064000e-09  1.90312094e+00  1.69687906e+00  2.87836061e+00  3.14538087e+00 
 1.12114000e-09  1.90346265e+00  1.69653735e+00  2.87815087e+00  3.14556205e+00 
 1.12164000e-09  1.90380333e+00  1.69619667e+00  2.87794485e+00  3.14574015e+00 
 1.12214000e-09  1.90414300e+00  1.69585700e+00  2.87774250e+00  3.14591520e+00 
 1.12264000e-09  1.90448163e+00  1.69551837e+00  2.87754380e+00  3.14608726e+00 
 1.12314000e-09  1.90481924e+00  1.69518076e+00  2.87734873e+00  3.14625635e+00 
 1.12364000e-09  1.90515581e+00  1.69484419e+00  2.87715724e+00  3.14642251e+00 
 1.12414000e-09  1.90549134e+00  1.69450866e+00  2.87696932e+00  3.14658579e+00 
 1.12464000e-09  1.90582583e+00  1.69417417e+00  2.87678492e+00  3.14674622e+00 
 1.12514000e-09  1.90615928e+00  1.69384072e+00  2.87660402e+00  3.14690384e+00 
 1.12564000e-09  1.90649168e+00  1.69350832e+00  2.87642658e+00  3.14705869e+00 
 1.12614000e-09  1.90682302e+00  1.69317698e+00  2.87625257e+00  3.14721080e+00 
 1.12664000e-09  1.90715332e+00  1.69284668e+00  2.87608196e+00  3.14736023e+00 
 1.12714000e-09  1.90748255e+00  1.69251745e+00  2.87591471e+00  3.14750700e+00 
 1.12764000e-09  1.90781073e+00  1.69218927e+00  2.87575078e+00  3.14765116e+00 
 1.12814000e-09  1.90813784e+00  1.69186216e+00  2.87559015e+00  3.14779274e+00 
 1.12864000e-09  1.90846388e+00  1.69153612e+00  2.87543278e+00  3.14793178e+00 
 1.12914000e-09  1.90878885e+00  1.69121115e+00  2.87527862e+00  3.14806833e+00 
 1.12964000e-09  1.90911275e+00  1.69088725e+00  2.87512765e+00  3.14820241e+00 
 1.13014000e-09  1.90943558e+00  1.69056442e+00  2.87497983e+00  3.14833408e+00 
 1.13064000e-09  1.90975732e+00  1.69024268e+00  2.87483512e+00  3.14846336e+00 
 1.13114000e-09  1.91007798e+00  1.68992202e+00  2.87469348e+00  3.14859029e+00 
 1.13164000e-09  1.91039755e+00  1.68960245e+00  2.87455489e+00  3.14871492e+00 
 1.13214000e-09  1.91071603e+00  1.68928397e+00  2.87441929e+00  3.14883728e+00 
 1.13264000e-09  1.91103342e+00  1.68896658e+00  2.87428666e+00  3.14895740e+00 
 1.13314000e-09  1.91134972e+00  1.68865028e+00  2.87415695e+00  3.14907533e+00 
 1.13364000e-09  1.91166491e+00  1.68833509e+00  2.87403012e+00  3.14919110e+00 
 1.13414000e-09  1.91197901e+00  1.68802099e+00  2.87390615e+00  3.14930475e+00 
 1.13464000e-09  1.91229199e+00  1.68770801e+00  2.87378499e+00  3.14941631e+00 
 1.13514000e-09  1.91260387e+00  1.68739613e+00  2.87366660e+00  3.14952582e+00 
 1.13564000e-09  1.91291464e+00  1.68708536e+00  2.87355094e+00  3.14963332e+00 
 1.13614000e-09  1.91322430e+00  1.68677570e+00  2.87343799e+00  3.14973884e+00 
 1.13664000e-09  1.91353283e+00  1.68646717e+00  2.87332769e+00  3.14984242e+00 
 1.13714000e-09  1.91384025e+00  1.68615975e+00  2.87322001e+00  3.14994408e+00 
 1.13764000e-09  1.91414654e+00  1.68585346e+00  2.87311491e+00  3.15004387e+00 
 1.13814000e-09  1.91445171e+00  1.68554829e+00  2.87301235e+00  3.15014182e+00 
 1.13864000e-09  1.91475575e+00  1.68524425e+00  2.87291230e+00  3.15023797e+00 
 1.13914000e-09  1.91505865e+00  1.68494135e+00  2.87281472e+00  3.15033234e+00 
 1.13964000e-09  1.91536042e+00  1.68463958e+00  2.87271957e+00  3.15042496e+00 
 1.14014000e-09  1.91566105e+00  1.68433895e+00  2.87262681e+00  3.15051588e+00 
 1.14064000e-09  1.91596054e+00  1.68403946e+00  2.87253641e+00  3.15060513e+00 
 1.14114000e-09  1.91625888e+00  1.68374112e+00  2.87244833e+00  3.15069273e+00 
 1.14164000e-09  1.91655608e+00  1.68344392e+00  2.87236252e+00  3.15077871e+00 
 1.14214000e-09  1.91685212e+00  1.68314788e+00  2.87227896e+00  3.15086312e+00 
 1.14264000e-09  1.91714701e+00  1.68285299e+00  2.87219760e+00  3.15094597e+00 
 1.14314000e-09  1.91744075e+00  1.68255925e+00  2.87211842e+00  3.15102730e+00 
 1.14364000e-09  1.91773333e+00  1.68226667e+00  2.87204137e+00  3.15110713e+00 
 1.14414000e-09  1.91802474e+00  1.68197526e+00  2.87196642e+00  3.15118551e+00 
 1.14464000e-09  1.91831499e+00  1.68168501e+00  2.87189353e+00  3.15126245e+00 
 1.14514000e-09  1.91860408e+00  1.68139592e+00  2.87182266e+00  3.15133799e+00 
 1.14564000e-09  1.91889199e+00  1.68110801e+00  2.87175379e+00  3.15141215e+00 
 1.14614000e-09  1.91917873e+00  1.68082127e+00  2.87168688e+00  3.15148495e+00 
 1.14664000e-09  1.91946429e+00  1.68053571e+00  2.87162189e+00  3.15155644e+00 
 1.14714000e-09  1.91974867e+00  1.68025133e+00  2.87155879e+00  3.15162663e+00 
 1.14764000e-09  1.92003188e+00  1.67996812e+00  2.87149754e+00  3.15169556e+00 
 1.14814000e-09  1.92031389e+00  1.67968611e+00  2.87143812e+00  3.15176323e+00 
 1.14864000e-09  1.92059472e+00  1.67940528e+00  2.87138048e+00  3.15182970e+00 
 1.14914000e-09  1.92087436e+00  1.67912564e+00  2.87132460e+00  3.15189496e+00 
 1.14964000e-09  1.92115281e+00  1.67884719e+00  2.87127044e+00  3.15195907e+00 
 1.15014000e-09  1.92143006e+00  1.67856994e+00  2.87121798e+00  3.15202202e+00 
 1.15064000e-09  1.92170611e+00  1.67829389e+00  2.87116717e+00  3.15208386e+00 
 1.15114000e-09  1.92198096e+00  1.67801904e+00  2.87111800e+00  3.15214460e+00 
 1.15164000e-09  1.92225461e+00  1.67774539e+00  2.87107042e+00  3.15220427e+00 
 1.15214000e-09  1.92252705e+00  1.67747295e+00  2.87102441e+00  3.15226289e+00 
 1.15264000e-09  1.92279828e+00  1.67720172e+00  2.87097994e+00  3.15232048e+00 
 1.15314000e-09  1.92306830e+00  1.67693170e+00  2.87093697e+00  3.15237707e+00 
 1.15364000e-09  1.92333710e+00  1.67666290e+00  2.87089549e+00  3.15243267e+00 
 1.15414000e-09  1.92360469e+00  1.67639531e+00  2.87085546e+00  3.15248731e+00 
 1.15464000e-09  1.92387106e+00  1.67612894e+00  2.87081684e+00  3.15254100e+00 
 1.15514000e-09  1.92413620e+00  1.67586380e+00  2.87077963e+00  3.15259378e+00 
 1.15564000e-09  1.92440012e+00  1.67559988e+00  2.87074377e+00  3.15264565e+00 
 1.15614000e-09  1.92466281e+00  1.67533719e+00  2.87070926e+00  3.15269664e+00 
 1.15664000e-09  1.92492428e+00  1.67507572e+00  2.87067606e+00  3.15274676e+00 
 1.15714000e-09  1.92518450e+00  1.67481550e+00  2.87064415e+00  3.15279604e+00 
 1.15764000e-09  1.92544350e+00  1.67455650e+00  2.87061350e+00  3.15284450e+00 
 1.15814000e-09  1.92570125e+00  1.67429875e+00  2.87058408e+00  3.15289215e+00 
 1.15864000e-09  1.92595777e+00  1.67404223e+00  2.87055588e+00  3.15293900e+00 
 1.15914000e-09  1.92621304e+00  1.67378696e+00  2.87052886e+00  3.15298509e+00 
 1.15964000e-09  1.92646706e+00  1.67353294e+00  2.87050300e+00  3.15303042e+00 
 1.16014000e-09  1.92671984e+00  1.67328016e+00  2.87047828e+00  3.15307501e+00 
 1.16064000e-09  1.92697137e+00  1.67302863e+00  2.87045467e+00  3.15311887e+00 
 1.16114000e-09  1.92722164e+00  1.67277836e+00  2.87043216e+00  3.15316204e+00 
 1.16164000e-09  1.92747066e+00  1.67252934e+00  2.87041071e+00  3.15320451e+00 
 1.16214000e-09  1.92771842e+00  1.67228158e+00  2.87039031e+00  3.15324630e+00 
 1.16264000e-09  1.92796492e+00  1.67203508e+00  2.87037094e+00  3.15328744e+00 
 1.16314000e-09  1.92821015e+00  1.67178985e+00  2.87035257e+00  3.15332793e+00 
 1.16364000e-09  1.92845412e+00  1.67154588e+00  2.87033518e+00  3.15336779e+00 
 1.16414000e-09  1.92869683e+00  1.67130317e+00  2.87031876e+00  3.15340704e+00 
 1.16464000e-09  1.92893826e+00  1.67106174e+00  2.87030327e+00  3.15344568e+00 
 1.16514000e-09  1.92917842e+00  1.67082158e+00  2.87028871e+00  3.15348374e+00 
 1.16564000e-09  1.92941731e+00  1.67058269e+00  2.87027505e+00  3.15352121e+00 
 1.16614000e-09  1.92965491e+00  1.67034509e+00  2.87026227e+00  3.15355813e+00 
 1.16664000e-09  1.92989124e+00  1.67010876e+00  2.87025036e+00  3.15359450e+00 
 1.16714000e-09  1.93012629e+00  1.66987371e+00  2.87023930e+00  3.15363033e+00 
 1.16764000e-09  1.93036005e+00  1.66963995e+00  2.87022906e+00  3.15366563e+00 
 1.16814000e-09  1.93059253e+00  1.66940747e+00  2.87021963e+00  3.15370042e+00 
 1.16864000e-09  1.93082371e+00  1.66917629e+00  2.87021100e+00  3.15373471e+00 
 1.16914000e-09  1.93105361e+00  1.66894639e+00  2.87020314e+00  3.15376852e+00 
 1.16964000e-09  1.93128221e+00  1.66871779e+00  2.87019605e+00  3.15380184e+00 
 1.17014000e-09  1.93150952e+00  1.66849048e+00  2.87018969e+00  3.15383469e+00 
 1.17064000e-09  1.93173553e+00  1.66826447e+00  2.87018406e+00  3.15386709e+00 
 1.17114000e-09  1.93196023e+00  1.66803977e+00  2.87017915e+00  3.15389904e+00 
 1.17164000e-09  1.93218364e+00  1.66781636e+00  2.87017493e+00  3.15393056e+00 
 1.17214000e-09  1.93240574e+00  1.66759426e+00  2.87017139e+00  3.15396165e+00 
 1.17264000e-09  1.93262654e+00  1.66737346e+00  2.87016852e+00  3.15399232e+00 
 1.17314000e-09  1.93284602e+00  1.66715398e+00  2.87016630e+00  3.15402259e+00 
 1.17364000e-09  1.93306419e+00  1.66693581e+00  2.87016472e+00  3.15405246e+00 
 1.17414000e-09  1.93328106e+00  1.66671894e+00  2.87016376e+00  3.15408194e+00 
 1.17464000e-09  1.93349660e+00  1.66650340e+00  2.87016341e+00  3.15411104e+00 
 1.17514000e-09  1.93371083e+00  1.66628917e+00  2.87016366e+00  3.15413977e+00 
 1.17564000e-09  1.93392374e+00  1.66607626e+00  2.87016450e+00  3.15416814e+00 
 1.17614000e-09  1.93413532e+00  1.66586468e+00  2.87016590e+00  3.15419615e+00 
 1.17664000e-09  1.93434559e+00  1.66565441e+00  2.87016787e+00  3.15422382e+00 
 1.17714000e-09  1.93455452e+00  1.66544548e+00  2.87017038e+00  3.15425116e+00 
 1.17764000e-09  1.93476213e+00  1.66523787e+00  2.87017343e+00  3.15427816e+00 
 1.17814000e-09  1.93496841e+00  1.66503159e+00  2.87017700e+00  3.15430484e+00 
 1.17864000e-09  1.93517336e+00  1.66482664e+00  2.87018109e+00  3.15433121e+00 
 1.17914000e-09  1.93537697e+00  1.66462303e+00  2.87018567e+00  3.15435726e+00 
 1.17964000e-09  1.93557925e+00  1.66442075e+00  2.87019075e+00  3.15438302e+00 
 1.18014000e-09  1.93578019e+00  1.66421981e+00  2.87019630e+00  3.15440849e+00 
 1.18064000e-09  1.93597978e+00  1.66402022e+00  2.87020232e+00  3.15443367e+00 
 1.18114000e-09  1.93617804e+00  1.66382196e+00  2.87020881e+00  3.15445856e+00 
 1.18164000e-09  1.93637495e+00  1.66362505e+00  2.87021574e+00  3.15448319e+00 
 1.18214000e-09  1.93657052e+00  1.66342948e+00  2.87022311e+00  3.15450755e+00 
 1.18264000e-09  1.93676474e+00  1.66323526e+00  2.87023091e+00  3.15453164e+00 
 1.18314000e-09  1.93695761e+00  1.66304239e+00  2.87023912e+00  3.15455548e+00 
 1.18364000e-09  1.93714912e+00  1.66285088e+00  2.87024776e+00  3.15457908e+00 
 1.18414000e-09  1.93733929e+00  1.66266071e+00  2.87025679e+00  3.15460242e+00 
 1.18464000e-09  1.93752809e+00  1.66247191e+00  2.87026621e+00  3.15462554e+00 
 1.18514000e-09  1.93771554e+00  1.66228446e+00  2.87027603e+00  3.15464841e+00 
 1.18564000e-09  1.93790163e+00  1.66209837e+00  2.87028621e+00  3.15467107e+00 
 1.18614000e-09  1.93808636e+00  1.66191364e+00  2.87029677e+00  3.15469350e+00 
 1.18664000e-09  1.93826973e+00  1.66173027e+00  2.87030768e+00  3.15471571e+00 
 1.18714000e-09  1.93845173e+00  1.66154827e+00  2.87031895e+00  3.15473771e+00 
 1.18764000e-09  1.93863237e+00  1.66136763e+00  2.87033057e+00  3.15475951e+00 
 1.18814000e-09  1.93881164e+00  1.66118836e+00  2.87034252e+00  3.15478110e+00 
 1.18864000e-09  1.93898954e+00  1.66101046e+00  2.87035480e+00  3.15480250e+00 
 1.18914000e-09  1.93916606e+00  1.66083394e+00  2.87036740e+00  3.15482370e+00 
 1.18964000e-09  1.93934121e+00  1.66065879e+00  2.87038032e+00  3.15484472e+00 
 1.19014000e-09  1.93951499e+00  1.66048501e+00  2.87039355e+00  3.15486555e+00 
 1.19064000e-09  1.93968739e+00  1.66031261e+00  2.87040709e+00  3.15488620e+00 
 1.19114000e-09  1.93985841e+00  1.66014159e+00  2.87042092e+00  3.15490667e+00 
 1.19164000e-09  1.94002806e+00  1.65997194e+00  2.87043504e+00  3.15492697e+00 
 1.19214000e-09  1.94019631e+00  1.65980369e+00  2.87044944e+00  3.15494711e+00 
 1.19264000e-09  1.94036319e+00  1.65963681e+00  2.87046412e+00  3.15496708e+00 
 1.19314000e-09  1.94052868e+00  1.65947132e+00  2.87047907e+00  3.15498689e+00 
 1.19364000e-09  1.94069278e+00  1.65930722e+00  2.87049429e+00  3.15500655e+00 
 1.19414000e-09  1.94085550e+00  1.65914450e+00  2.87050977e+00  3.15502605e+00 
 1.19464000e-09  1.94101682e+00  1.65898318e+00  2.87052550e+00  3.15504540e+00 
 1.19514000e-09  1.94117676e+00  1.65882324e+00  2.87054148e+00  3.15506461e+00 
 1.19564000e-09  1.94133530e+00  1.65866470e+00  2.87055771e+00  3.15508367e+00 
 1.19614000e-09  1.94149244e+00  1.65850756e+00  2.87057417e+00  3.15510259e+00 
 1.19664000e-09  1.94164819e+00  1.65835181e+00  2.87059087e+00  3.15512138e+00 
 1.19714000e-09  1.94180254e+00  1.65819746e+00  2.87060780e+00  3.15514003e+00 
 1.19764000e-09  1.94195549e+00  1.65804451e+00  2.87062495e+00  3.15515856e+00 
 1.19814000e-09  1.94210704e+00  1.65789296e+00  2.87064232e+00  3.15517695e+00 
 1.19864000e-09  1.94225719e+00  1.65774281e+00  2.87065991e+00  3.15519522e+00 
 1.19914000e-09  1.94240593e+00  1.65759407e+00  2.87067770e+00  3.15521337e+00 
 1.19964000e-09  1.94255327e+00  1.65744673e+00  2.87069571e+00  3.15523140e+00 
 1.20014000e-09  1.94269920e+00  1.65730080e+00  2.87071391e+00  3.15524932e+00 
 1.20064000e-09  1.94284372e+00  1.65715628e+00  2.87073231e+00  3.15526712e+00 
 1.20114000e-09  1.94298683e+00  1.65701317e+00  2.87075091e+00  3.15528481e+00 
 1.20164000e-09  1.94312853e+00  1.65687147e+00  2.87076969e+00  3.15530239e+00 
 1.20214000e-09  1.94326882e+00  1.65673118e+00  2.87078867e+00  3.15531986e+00 
 1.20264000e-09  1.94340769e+00  1.65659231e+00  2.87080782e+00  3.15533723e+00 
 1.20314000e-09  1.94354515e+00  1.65645485e+00  2.87082715e+00  3.15535450e+00 
 1.20364000e-09  1.94368120e+00  1.65631880e+00  2.87084665e+00  3.15537167e+00 
 1.20414000e-09  1.94381582e+00  1.65618418e+00  2.87086633e+00  3.15538874e+00 
 1.20464000e-09  1.94394902e+00  1.65605098e+00  2.87088617e+00  3.15540572e+00 
 1.20514000e-09  1.94408081e+00  1.65591919e+00  2.87090618e+00  3.15542260e+00 
 1.20564000e-09  1.94421117e+00  1.65578883e+00  2.87092635e+00  3.15543939e+00 
 1.20614000e-09  1.94434011e+00  1.65565989e+00  2.87094667e+00  3.15545610e+00 
 1.20664000e-09  1.94446762e+00  1.65553238e+00  2.87096715e+00  3.15547271e+00 
 1.20714000e-09  1.94459371e+00  1.65540629e+00  2.87098778e+00  3.15548924e+00 
 1.20764000e-09  1.94471837e+00  1.65528163e+00  2.87100856e+00  3.15550569e+00 
 1.20814000e-09  1.94484161e+00  1.65515839e+00  2.87102949e+00  3.15552206e+00 
 1.20864000e-09  1.94496341e+00  1.65503659e+00  2.87105056e+00  3.15553834e+00 
 1.20914000e-09  1.94508378e+00  1.65491622e+00  2.87107176e+00  3.15555455e+00 
 1.20964000e-09  1.94520272e+00  1.65479728e+00  2.87109311e+00  3.15557068e+00 
 1.21014000e-09  1.94532023e+00  1.65467977e+00  2.87111459e+00  3.15558674e+00 
 1.21064000e-09  1.94543631e+00  1.65456369e+00  2.87113620e+00  3.15560273e+00 
 1.21114000e-09  1.94555094e+00  1.65444906e+00  2.87115793e+00  3.15561864e+00 
 1.21164000e-09  1.94566414e+00  1.65433586e+00  2.87117980e+00  3.15563448e+00 
 1.21214000e-09  1.94577591e+00  1.65422409e+00  2.87120179e+00  3.15565026e+00 
 1.21264000e-09  1.94588623e+00  1.65411377e+00  2.87122390e+00  3.15566596e+00 
 1.21314000e-09  1.94599512e+00  1.65400488e+00  2.87124613e+00  3.15568160e+00 
 1.21364000e-09  1.94610256e+00  1.65389744e+00  2.87126848e+00  3.15569718e+00 
 1.21414000e-09  1.94620857e+00  1.65379143e+00  2.87129094e+00  3.15571269e+00 
 1.21464000e-09  1.94631313e+00  1.65368687e+00  2.87131352e+00  3.15572815e+00 
 1.21514000e-09  1.94641624e+00  1.65358376e+00  2.87133621e+00  3.15574354e+00 
 1.21564000e-09  1.94651791e+00  1.65348209e+00  2.87135900e+00  3.15575887e+00 
 1.21614000e-09  1.94661814e+00  1.65338186e+00  2.87138190e+00  3.15577414e+00 
 1.21664000e-09  1.94671691e+00  1.65328309e+00  2.87140491e+00  3.15578936e+00 
 1.21714000e-09  1.94681424e+00  1.65318576e+00  2.87142802e+00  3.15580452e+00 
 1.21764000e-09  1.94691012e+00  1.65308988e+00  2.87145123e+00  3.15581963e+00 
 1.21814000e-09  1.94700455e+00  1.65299545e+00  2.87147454e+00  3.15583468e+00 
 1.21864000e-09  1.94709753e+00  1.65290247e+00  2.87149795e+00  3.15584968e+00 
 1.21914000e-09  1.94718906e+00  1.65281094e+00  2.87152145e+00  3.15586463e+00 
 1.21964000e-09  1.94727913e+00  1.65272087e+00  2.87154505e+00  3.15587953e+00 
 1.22014000e-09  1.94736775e+00  1.65263225e+00  2.87156874e+00  3.15589438e+00 
 1.22064000e-09  1.94745492e+00  1.65254508e+00  2.87159251e+00  3.15590918e+00 
 1.22114000e-09  1.94754063e+00  1.65245937e+00  2.87161638e+00  3.15592394e+00 
 1.22164000e-09  1.94762489e+00  1.65237511e+00  2.87164034e+00  3.15593864e+00 
 1.22214000e-09  1.94770769e+00  1.65229231e+00  2.87166438e+00  3.15595331e+00 
 1.22264000e-09  1.94778903e+00  1.65221097e+00  2.87168851e+00  3.15596792e+00 
 1.22314000e-09  1.94786891e+00  1.65213109e+00  2.87171271e+00  3.15598249e+00 
 1.22364000e-09  1.94794733e+00  1.65205267e+00  2.87173700e+00  3.15599702e+00 
 1.22414000e-09  1.94802429e+00  1.65197571e+00  2.87176138e+00  3.15601151e+00 
 1.22464000e-09  1.94809980e+00  1.65190020e+00  2.87178582e+00  3.15602596e+00 
 1.22514000e-09  1.94817383e+00  1.65182617e+00  2.87181035e+00  3.15604036e+00 
 1.22564000e-09  1.94824641e+00  1.65175359e+00  2.87183495e+00  3.15605472e+00 
 1.22614000e-09  1.94831753e+00  1.65168247e+00  2.87185963e+00  3.15606905e+00 
 1.22664000e-09  1.94838718e+00  1.65161282e+00  2.87188439e+00  3.15608334e+00 
 1.22714000e-09  1.94845536e+00  1.65154464e+00  2.87190921e+00  3.15609758e+00 
 1.22764000e-09  1.94852208e+00  1.65147792e+00  2.87193411e+00  3.15611179e+00 
 1.22814000e-09  1.94858734e+00  1.65141266e+00  2.87195907e+00  3.15612597e+00 
 1.22864000e-09  1.94865113e+00  1.65134887e+00  2.87198411e+00  3.15614011e+00 
 1.22914000e-09  1.94871345e+00  1.65128655e+00  2.87200921e+00  3.15615421e+00 
 1.22964000e-09  1.94877430e+00  1.65122570e+00  2.87203438e+00  3.15616827e+00 
 1.23014000e-09  1.94883368e+00  1.65116632e+00  2.87205962e+00  3.15618231e+00 
 1.23064000e-09  1.94889160e+00  1.65110840e+00  2.87208492e+00  3.15619631e+00 
 1.23114000e-09  1.94894805e+00  1.65105195e+00  2.87211029e+00  3.15621027e+00 
 1.23164000e-09  1.94900302e+00  1.65099698e+00  2.87213572e+00  3.15622420e+00 
 1.23214000e-09  1.94905653e+00  1.65094347e+00  2.87216121e+00  3.15623810e+00 
 1.23264000e-09  1.94910856e+00  1.65089144e+00  2.87218677e+00  3.15625197e+00 
 1.23314000e-09  1.94915913e+00  1.65084087e+00  2.87221238e+00  3.15626581e+00 
 1.23364000e-09  1.94920822e+00  1.65079178e+00  2.87223805e+00  3.15627962e+00 
 1.23414000e-09  1.94925584e+00  1.65074416e+00  2.87226379e+00  3.15629339e+00 
 1.23464000e-09  1.94930198e+00  1.65069802e+00  2.87228958e+00  3.15630714e+00 
 1.23514000e-09  1.94934665e+00  1.65065335e+00  2.87231542e+00  3.15632085e+00 
 1.23564000e-09  1.94938985e+00  1.65061015e+00  2.87234133e+00  3.15633454e+00 
 1.23614000e-09  1.94943158e+00  1.65056842e+00  2.87236729e+00  3.15634820e+00 
 1.23664000e-09  1.94947182e+00  1.65052818e+00  2.87239330e+00  3.15636183e+00 
 1.23714000e-09  1.94951060e+00  1.65048940e+00  2.87241937e+00  3.15637543e+00 
 1.23764000e-09  1.94954789e+00  1.65045211e+00  2.87244549e+00  3.15638900e+00 
 1.23814000e-09  1.94958372e+00  1.65041628e+00  2.87247167e+00  3.15640255e+00 
 1.23864000e-09  1.94961806e+00  1.65038194e+00  2.87249789e+00  3.15641607e+00 
 1.23914000e-09  1.94965093e+00  1.65034907e+00  2.87252417e+00  3.15642956e+00 
 1.23964000e-09  1.94968232e+00  1.65031768e+00  2.87255050e+00  3.15644303e+00 
 1.24014000e-09  1.94971224e+00  1.65028776e+00  2.87257688e+00  3.15645647e+00 
 1.24064000e-09  1.94974067e+00  1.65025933e+00  2.87260331e+00  3.15646988e+00 
 1.24114000e-09  1.94976763e+00  1.65023237e+00  2.87262979e+00  3.15648327e+00 
 1.24164000e-09  1.94979311e+00  1.65020689e+00  2.87265632e+00  3.15649663e+00 
 1.24214000e-09  1.94981712e+00  1.65018288e+00  2.87268289e+00  3.15650997e+00 
 1.24264000e-09  1.94983964e+00  1.65016036e+00  2.87270951e+00  3.15652328e+00 
 1.24314000e-09  1.94986068e+00  1.65013932e+00  2.87273618e+00  3.15653657e+00 
 1.24364000e-09  1.94988025e+00  1.65011975e+00  2.87276290e+00  3.15654983e+00 
 1.24414000e-09  1.94989834e+00  1.65010166e+00  2.87278966e+00  3.15656307e+00 
 1.24464000e-09  1.94991494e+00  1.65008506e+00  2.87281646e+00  3.15657629e+00 
 1.24514000e-09  1.94993007e+00  1.65006993e+00  2.87284332e+00  3.15658948e+00 
 1.24564000e-09  1.94994372e+00  1.65005628e+00  2.87287021e+00  3.15660265e+00 
 1.24614000e-09  1.94995589e+00  1.65004411e+00  2.87289715e+00  3.15661579e+00 
 1.24664000e-09  1.94996657e+00  1.65003343e+00  2.87292414e+00  3.15662891e+00 
 1.24714000e-09  1.94997578e+00  1.65002422e+00  2.87295116e+00  3.15664201e+00 
 1.24764000e-09  1.94998351e+00  1.65001649e+00  2.87297823e+00  3.15665508e+00 
 1.24814000e-09  1.94998976e+00  1.65001024e+00  2.87300535e+00  3.15666813e+00 
 1.24864000e-09  1.94999452e+00  1.65000548e+00  2.87303250e+00  3.15668116e+00 
 1.24914000e-09  1.94999781e+00  1.65000219e+00  2.87305970e+00  3.15669416e+00 
 1.24964000e-09  1.94999962e+00  1.65000038e+00  2.87308694e+00  3.15670715e+00 
 1.25014000e-09  1.94999994e+00  1.65000006e+00  2.87311421e+00  3.15672010e+00 
 1.25064000e-09  1.94999879e+00  1.65000121e+00  2.87314153e+00  3.15673304e+00 
 1.25114000e-09  1.94999615e+00  1.65000385e+00  2.87316889e+00  3.15674596e+00 
 1.25164000e-09  1.94999204e+00  1.65000796e+00  2.87319629e+00  3.15675885e+00 
 1.25214000e-09  1.94998644e+00  1.65001356e+00  2.87322373e+00  3.15677172e+00 
 1.25264000e-09  1.94997936e+00  1.65002064e+00  2.87325121e+00  3.15678456e+00 
 1.25314000e-09  1.94997081e+00  1.65002919e+00  2.87327873e+00  3.15679739e+00 
 1.25364000e-09  1.94996077e+00  1.65003923e+00  2.87330629e+00  3.15681019e+00 
 1.25414000e-09  1.94994925e+00  1.65005075e+00  2.87333388e+00  3.15682297e+00 
 1.25464000e-09  1.94993626e+00  1.65006374e+00  2.87336152e+00  3.15683573e+00 
 1.25514000e-09  1.94992178e+00  1.65007822e+00  2.87338919e+00  3.15684846e+00 
 1.25564000e-09  1.94990583e+00  1.65009417e+00  2.87341690e+00  3.15686117e+00 
 1.25614000e-09  1.94988839e+00  1.65011161e+00  2.87344465e+00  3.15687386e+00 
 1.25664000e-09  1.94986947e+00  1.65013053e+00  2.87347244e+00  3.15688653e+00 
 1.25714000e-09  1.94984908e+00  1.65015092e+00  2.87350026e+00  3.15689917e+00 
 1.25764000e-09  1.94982721e+00  1.65017279e+00  2.87352812e+00  3.15691179e+00 
 1.25814000e-09  1.94980386e+00  1.65019614e+00  2.87355602e+00  3.15692439e+00 
 1.25864000e-09  1.94977903e+00  1.65022097e+00  2.87358396e+00  3.15693697e+00 
 1.25914000e-09  1.94975272e+00  1.65024728e+00  2.87361193e+00  3.15694952e+00 
 1.25964000e-09  1.94972493e+00  1.65027507e+00  2.87363994e+00  3.15696206e+00 
 1.26014000e-09  1.94969567e+00  1.65030433e+00  2.87366798e+00  3.15697456e+00 
 1.26064000e-09  1.94966492e+00  1.65033508e+00  2.87369606e+00  3.15698705e+00 
 1.26114000e-09  1.94963271e+00  1.65036729e+00  2.87372418e+00  3.15699951e+00 
 1.26164000e-09  1.94959901e+00  1.65040099e+00  2.87375233e+00  3.15701195e+00 
 1.26214000e-09  1.94956384e+00  1.65043616e+00  2.87378052e+00  3.15702436e+00 
 1.26264000e-09  1.94952719e+00  1.65047281e+00  2.87380875e+00  3.15703675e+00 
 1.26314000e-09  1.94948907e+00  1.65051093e+00  2.87383701e+00  3.15704912e+00 
 1.26364000e-09  1.94944947e+00  1.65055053e+00  2.87386531e+00  3.15706146e+00 
 1.26414000e-09  1.94940839e+00  1.65059161e+00  2.87389364e+00  3.15707378e+00 
 1.26464000e-09  1.94936584e+00  1.65063416e+00  2.87392201e+00  3.15708608e+00 
 1.26514000e-09  1.94932182e+00  1.65067818e+00  2.87395042e+00  3.15709835e+00 
 1.26564000e-09  1.94927632e+00  1.65072368e+00  2.87397886e+00  3.15711059e+00 
 1.26614000e-09  1.94922935e+00  1.65077065e+00  2.87400733e+00  3.15712281e+00 
 1.26664000e-09  1.94918091e+00  1.65081909e+00  2.87403584e+00  3.15713501e+00 
 1.26714000e-09  1.94913099e+00  1.65086901e+00  2.87406439e+00  3.15714718e+00 
 1.26764000e-09  1.94907961e+00  1.65092039e+00  2.87409297e+00  3.15715932e+00 
 1.26814000e-09  1.94902675e+00  1.65097325e+00  2.87412159e+00  3.15717144e+00 
 1.26864000e-09  1.94897242e+00  1.65102758e+00  2.87415024e+00  3.15718353e+00 
 1.26914000e-09  1.94891662e+00  1.65108338e+00  2.87417893e+00  3.15719560e+00 
 1.26964000e-09  1.94885935e+00  1.65114065e+00  2.87420766e+00  3.15720764e+00 
 1.27014000e-09  1.94880061e+00  1.65119939e+00  2.87423642e+00  3.15721965e+00 
 1.27064000e-09  1.94874040e+00  1.65125960e+00  2.87426521e+00  3.15723164e+00 
 1.27114000e-09  1.94867873e+00  1.65132127e+00  2.87429404e+00  3.15724360e+00 
 1.27164000e-09  1.94861558e+00  1.65138442e+00  2.87432291e+00  3.15725553e+00 
 1.27214000e-09  1.94855098e+00  1.65144902e+00  2.87435181e+00  3.15726743e+00 
 1.27264000e-09  1.94848490e+00  1.65151510e+00  2.87438075e+00  3.15727930e+00 
 1.27314000e-09  1.94841736e+00  1.65158264e+00  2.87440973e+00  3.15729114e+00 
 1.27364000e-09  1.94834835e+00  1.65165165e+00  2.87443874e+00  3.15730296e+00 
 1.27414000e-09  1.94827788e+00  1.65172212e+00  2.87446779e+00  3.15731475e+00 
 1.27464000e-09  1.94820595e+00  1.65179405e+00  2.87449687e+00  3.15732650e+00 
 1.27514000e-09  1.94813255e+00  1.65186745e+00  2.87452599e+00  3.15733823e+00 
 1.27564000e-09  1.94805769e+00  1.65194231e+00  2.87455515e+00  3.15734992e+00 
 1.27614000e-09  1.94798137e+00  1.65201863e+00  2.87458434e+00  3.15736158e+00 
 1.27664000e-09  1.94790359e+00  1.65209641e+00  2.87461358e+00  3.15737321e+00 
 1.27714000e-09  1.94782436e+00  1.65217564e+00  2.87464284e+00  3.15738481e+00 
 1.27764000e-09  1.94774366e+00  1.65225634e+00  2.87467215e+00  3.15739638e+00 
 1.27814000e-09  1.94766150e+00  1.65233850e+00  2.87470149e+00  3.15740791e+00 
 1.27864000e-09  1.94757788e+00  1.65242212e+00  2.87473087e+00  3.15741941e+00 
 1.27914000e-09  1.94749281e+00  1.65250719e+00  2.87476029e+00  3.15743088e+00 
 1.27964000e-09  1.94740629e+00  1.65259371e+00  2.87478975e+00  3.15744231e+00 
 1.28014000e-09  1.94731831e+00  1.65268169e+00  2.87481925e+00  3.15745371e+00 
 1.28064000e-09  1.94722887e+00  1.65277113e+00  2.87484878e+00  3.15746507e+00 
 1.28114000e-09  1.94713798e+00  1.65286202e+00  2.87487835e+00  3.15747639e+00 
 1.28164000e-09  1.94704564e+00  1.65295436e+00  2.87490797e+00  3.15748768e+00 
 1.28214000e-09  1.94695185e+00  1.65304815e+00  2.87493762e+00  3.15749893e+00 
 1.28264000e-09  1.94685661e+00  1.65314339e+00  2.87496731e+00  3.15751014e+00 
 1.28314000e-09  1.94675992e+00  1.65324008e+00  2.87499704e+00  3.15752131e+00 
 1.28364000e-09  1.94666178e+00  1.65333822e+00  2.87502681e+00  3.15753245e+00 
 1.28414000e-09  1.94656219e+00  1.65343781e+00  2.87505662e+00  3.15754354e+00 
 1.28464000e-09  1.94646115e+00  1.65353885e+00  2.87508648e+00  3.15755460e+00 
 1.28514000e-09  1.94635867e+00  1.65364133e+00  2.87511637e+00  3.15756561e+00 
 1.28564000e-09  1.94625475e+00  1.65374525e+00  2.87514631e+00  3.15757658e+00 
 1.28614000e-09  1.94614938e+00  1.65385062e+00  2.87517629e+00  3.15758751e+00 
 1.28664000e-09  1.94604257e+00  1.65395743e+00  2.87520631e+00  3.15759839e+00 
 1.28714000e-09  1.94593432e+00  1.65406568e+00  2.87523637e+00  3.15760923e+00 
 1.28764000e-09  1.94582463e+00  1.65417537e+00  2.87526648e+00  3.15762003e+00 
 1.28814000e-09  1.94571350e+00  1.65428650e+00  2.87529663e+00  3.15763078e+00 
 1.28864000e-09  1.94560093e+00  1.65439907e+00  2.87532683e+00  3.15764148e+00 
 1.28914000e-09  1.94548692e+00  1.65451308e+00  2.87535706e+00  3.15765214e+00 
 1.28964000e-09  1.94537148e+00  1.65462852e+00  2.87538735e+00  3.15766275e+00 
 1.29014000e-09  1.94525460e+00  1.65474540e+00  2.87541768e+00  3.15767331e+00 
 1.29064000e-09  1.94513629e+00  1.65486371e+00  2.87544805e+00  3.15768382e+00 
 1.29114000e-09  1.94501655e+00  1.65498345e+00  2.87547848e+00  3.15769427e+00 
 1.29164000e-09  1.94489538e+00  1.65510462e+00  2.87550895e+00  3.15770468e+00 
 1.29214000e-09  1.94477277e+00  1.65522723e+00  2.87553946e+00  3.15771503e+00 
 1.29264000e-09  1.94464874e+00  1.65535126e+00  2.87557003e+00  3.15772533e+00 
 1.29314000e-09  1.94452328e+00  1.65547672e+00  2.87560064e+00  3.15773558e+00 
 1.29364000e-09  1.94439639e+00  1.65560361e+00  2.87563131e+00  3.15774577e+00 
 1.29414000e-09  1.94426808e+00  1.65573192e+00  2.87566202e+00  3.15775590e+00 
 1.29464000e-09  1.94413834e+00  1.65586166e+00  2.87569278e+00  3.15776597e+00 
 1.29514000e-09  1.94400719e+00  1.65599281e+00  2.87572360e+00  3.15777599e+00 
 1.29564000e-09  1.94387461e+00  1.65612539e+00  2.87575447e+00  3.15778594e+00 
 1.29614000e-09  1.94374061e+00  1.65625939e+00  2.87578539e+00  3.15779584e+00 
 1.29664000e-09  1.94360519e+00  1.65639481e+00  2.87581636e+00  3.15780567e+00 
 1.29714000e-09  1.94346835e+00  1.65653165e+00  2.87584739e+00  3.15781543e+00 
 1.29764000e-09  1.94333010e+00  1.65666990e+00  2.87587847e+00  3.15782514e+00 
 1.29814000e-09  1.94319043e+00  1.65680957e+00  2.87590960e+00  3.15783477e+00 
 1.29864000e-09  1.94304935e+00  1.65695065e+00  2.87594080e+00  3.15784434e+00 
 1.29914000e-09  1.94290686e+00  1.65709314e+00  2.87597205e+00  3.15785384e+00 
 1.29964000e-09  1.94276296e+00  1.65723704e+00  2.87600336e+00  3.15786327e+00 
 1.30014000e-09  1.94261765e+00  1.65738235e+00  2.87603472e+00  3.15787262e+00 
 1.30064000e-09  1.94247093e+00  1.65752907e+00  2.87606615e+00  3.15788191e+00 
 1.30114000e-09  1.94232281e+00  1.65767719e+00  2.87609764e+00  3.15789111e+00 
 1.30164000e-09  1.94217328e+00  1.65782672e+00  2.87612919e+00  3.15790025e+00 
 1.30214000e-09  1.94202234e+00  1.65797766e+00  2.87616080e+00  3.15790930e+00 
 1.30264000e-09  1.94187001e+00  1.65812999e+00  2.87619248e+00  3.15791827e+00 
 1.30314000e-09  1.94171627e+00  1.65828373e+00  2.87622422e+00  3.15792717e+00 
 1.30364000e-09  1.94156114e+00  1.65843886e+00  2.87625602e+00  3.15793598e+00 
 1.30414000e-09  1.94140461e+00  1.65859539e+00  2.87628789e+00  3.15794470e+00 
 1.30464000e-09  1.94124669e+00  1.65875331e+00  2.87631983e+00  3.15795334e+00 
 1.30514000e-09  1.94108737e+00  1.65891263e+00  2.87635184e+00  3.15796190e+00 
 1.30564000e-09  1.94092665e+00  1.65907335e+00  2.87638392e+00  3.15797036e+00 
 1.30614000e-09  1.94076455e+00  1.65923545e+00  2.87641607e+00  3.15797873e+00 
 1.30664000e-09  1.94060106e+00  1.65939894e+00  2.87644829e+00  3.15798700e+00 
 1.30714000e-09  1.94043618e+00  1.65956382e+00  2.87648058e+00  3.15799518e+00 
 1.30764000e-09  1.94026991e+00  1.65973009e+00  2.87651295e+00  3.15800327e+00 
 1.30814000e-09  1.94010226e+00  1.65989774e+00  2.87654540e+00  3.15801125e+00 
 1.30864000e-09  1.93993323e+00  1.66006677e+00  2.87657792e+00  3.15801913e+00 
 1.30914000e-09  1.93976281e+00  1.66023719e+00  2.87661053e+00  3.15802691e+00 
 1.30964000e-09  1.93959102e+00  1.66040898e+00  2.87664321e+00  3.15803458e+00 
 1.31014000e-09  1.93941785e+00  1.66058215e+00  2.87667597e+00  3.15804214e+00 
 1.31064000e-09  1.93924330e+00  1.66075670e+00  2.87670882e+00  3.15804959e+00 
 1.31114000e-09  1.93906738e+00  1.66093262e+00  2.87674175e+00  3.15805693e+00 
 1.31164000e-09  1.93889008e+00  1.66110992e+00  2.87677477e+00  3.15806415e+00 
 1.31214000e-09  1.93871142e+00  1.66128858e+00  2.87680788e+00  3.15807126e+00 
 1.31264000e-09  1.93853138e+00  1.66146862e+00  2.87684108e+00  3.15807824e+00 
 1.31314000e-09  1.93834998e+00  1.66165002e+00  2.87687436e+00  3.15808510e+00 
 1.31364000e-09  1.93816721e+00  1.66183279e+00  2.87690774e+00  3.15809183e+00 
 1.31414000e-09  1.93798308e+00  1.66201692e+00  2.87694122e+00  3.15809843e+00 
 1.31464000e-09  1.93779759e+00  1.66220241e+00  2.87697479e+00  3.15810490e+00 
 1.31514000e-09  1.93761074e+00  1.66238926e+00  2.87700846e+00  3.15811124e+00 
 1.31564000e-09  1.93742253e+00  1.66257747e+00  2.87704224e+00  3.15811744e+00 
 1.31614000e-09  1.93723296e+00  1.66276704e+00  2.87707611e+00  3.15812350e+00 
 1.31664000e-09  1.93704204e+00  1.66295796e+00  2.87711009e+00  3.15812941e+00 
 1.31714000e-09  1.93684977e+00  1.66315023e+00  2.87714417e+00  3.15813518e+00 
 1.31764000e-09  1.93665614e+00  1.66334386e+00  2.87717837e+00  3.15814079e+00 
 1.31814000e-09  1.93646117e+00  1.66353883e+00  2.87721267e+00  3.15814625e+00 
 1.31864000e-09  1.93626485e+00  1.66373515e+00  2.87724709e+00  3.15815156e+00 
 1.31914000e-09  1.93606718e+00  1.66393282e+00  2.87728162e+00  3.15815670e+00 
 1.31964000e-09  1.93586817e+00  1.66413183e+00  2.87731627e+00  3.15816168e+00 
 1.32014000e-09  1.93566783e+00  1.66433217e+00  2.87735105e+00  3.15816649e+00 
 1.32064000e-09  1.93546614e+00  1.66453386e+00  2.87738594e+00  3.15817112e+00 
 1.32114000e-09  1.93526311e+00  1.66473689e+00  2.87742096e+00  3.15817558e+00 
 1.32164000e-09  1.93505875e+00  1.66494125e+00  2.87745611e+00  3.15817987e+00 
 1.32214000e-09  1.93485306e+00  1.66514694e+00  2.87749139e+00  3.15818396e+00 
 1.32264000e-09  1.93464604e+00  1.66535396e+00  2.87752680e+00  3.15818787e+00 
 1.32314000e-09  1.93443768e+00  1.66556232e+00  2.87756235e+00  3.15819159e+00 
 1.32364000e-09  1.93422800e+00  1.66577200e+00  2.87759804e+00  3.15819510e+00 
 1.32414000e-09  1.93401700e+00  1.66598300e+00  2.87763387e+00  3.15819842e+00 
 1.32464000e-09  1.93380467e+00  1.66619533e+00  2.87766984e+00  3.15820153e+00 
 1.32514000e-09  1.93359102e+00  1.66640898e+00  2.87770597e+00  3.15820443e+00 
 1.32564000e-09  1.93337606e+00  1.66662394e+00  2.87774224e+00  3.15820711e+00 
 1.32614000e-09  1.93315978e+00  1.66684022e+00  2.87777867e+00  3.15820957e+00 
 1.32664000e-09  1.93294218e+00  1.66705782e+00  2.87781526e+00  3.15821180e+00 
 1.32714000e-09  1.93272327e+00  1.66727673e+00  2.87785201e+00  3.15821380e+00 
 1.32764000e-09  1.93250305e+00  1.66749695e+00  2.87788893e+00  3.15821557e+00 
 1.32814000e-09  1.93228152e+00  1.66771848e+00  2.87792601e+00  3.15821709e+00 
 1.32864000e-09  1.93205869e+00  1.66794131e+00  2.87796327e+00  3.15821837e+00 
 1.32914000e-09  1.93183456e+00  1.66816544e+00  2.87800071e+00  3.15821939e+00 
 1.32964000e-09  1.93160912e+00  1.66839088e+00  2.87803833e+00  3.15822015e+00 
 1.33014000e-09  1.93138239e+00  1.66861761e+00  2.87807613e+00  3.15822064e+00 
 1.33064000e-09  1.93115435e+00  1.66884565e+00  2.87811412e+00  3.15822086e+00 
 1.33114000e-09  1.93092503e+00  1.66907497e+00  2.87815230e+00  3.15822080e+00 
 1.33164000e-09  1.93069441e+00  1.66930559e+00  2.87819068e+00  3.15822046e+00 
 1.33214000e-09  1.93046250e+00  1.66953750e+00  2.87822926e+00  3.15821982e+00 
 1.33264000e-09  1.93022930e+00  1.66977070e+00  2.87826805e+00  3.15821888e+00 
 1.33314000e-09  1.92999482e+00  1.67000518e+00  2.87830706e+00  3.15821764e+00 
 1.33364000e-09  1.92975906e+00  1.67024094e+00  2.87834627e+00  3.15821609e+00 
 1.33414000e-09  1.92952201e+00  1.67047799e+00  2.87838571e+00  3.15821421e+00 
 1.33464000e-09  1.92928369e+00  1.67071631e+00  2.87842538e+00  3.15821200e+00 
 1.33514000e-09  1.92904409e+00  1.67095591e+00  2.87846528e+00  3.15820946e+00 
 1.33564000e-09  1.92880321e+00  1.67119679e+00  2.87850541e+00  3.15820657e+00 
 1.33614000e-09  1.92856107e+00  1.67143893e+00  2.87854579e+00  3.15820333e+00 
 1.33664000e-09  1.92831766e+00  1.67168234e+00  2.87858642e+00  3.15819973e+00 
 1.33714000e-09  1.92807298e+00  1.67192702e+00  2.87862730e+00  3.15819575e+00 
 1.33764000e-09  1.92782703e+00  1.67217297e+00  2.87866844e+00  3.15819140e+00 
 1.33814000e-09  1.92757983e+00  1.67242017e+00  2.87870984e+00  3.15818666e+00 
 1.33864000e-09  1.92733136e+00  1.67266864e+00  2.87875152e+00  3.15818152e+00 
 1.33914000e-09  1.92708164e+00  1.67291836e+00  2.87879348e+00  3.15817598e+00 
 1.33964000e-09  1.92683067e+00  1.67316933e+00  2.87883573e+00  3.15817001e+00 
 1.34014000e-09  1.92657844e+00  1.67342156e+00  2.87887826e+00  3.15816363e+00 
 1.34064000e-09  1.92632496e+00  1.67367504e+00  2.87892110e+00  3.15815680e+00 
 1.34114000e-09  1.92607024e+00  1.67392976e+00  2.87896424e+00  3.15814952e+00 
 1.34164000e-09  1.92581427e+00  1.67418573e+00  2.87900770e+00  3.15814179e+00 
 1.34214000e-09  1.92555706e+00  1.67444294e+00  2.87905147e+00  3.15813359e+00 
 1.34264000e-09  1.92529861e+00  1.67470139e+00  2.87909558e+00  3.15812490e+00 
 1.34314000e-09  1.92503893e+00  1.67496107e+00  2.87914002e+00  3.15811572e+00 
 1.34364000e-09  1.92477801e+00  1.67522199e+00  2.87918481e+00  3.15810604e+00 
 1.34414000e-09  1.92451586e+00  1.67548414e+00  2.87922995e+00  3.15809584e+00 
 1.34464000e-09  1.92425248e+00  1.67574752e+00  2.87927546e+00  3.15808511e+00 
 1.34514000e-09  1.92398787e+00  1.67601213e+00  2.87932133e+00  3.15807384e+00 
 1.34564000e-09  1.92372204e+00  1.67627796e+00  2.87936758e+00  3.15806201e+00 
 1.34614000e-09  1.92345499e+00  1.67654501e+00  2.87941422e+00  3.15804962e+00 
 1.34664000e-09  1.92318672e+00  1.67681328e+00  2.87946126e+00  3.15803664e+00 
 1.34714000e-09  1.92291724e+00  1.67708276e+00  2.87950871e+00  3.15802306e+00 
 1.34764000e-09  1.92264654e+00  1.67735346e+00  2.87955657e+00  3.15800887e+00 
 1.34814000e-09  1.92237463e+00  1.67762537e+00  2.87960487e+00  3.15799406e+00 
 1.34864000e-09  1.92210151e+00  1.67789849e+00  2.87965360e+00  3.15797860e+00 
 1.34914000e-09  1.92182719e+00  1.67817281e+00  2.87970277e+00  3.15796249e+00 
 1.34964000e-09  1.92155167e+00  1.67844833e+00  2.87975241e+00  3.15794571e+00 
 1.35014000e-09  1.92127495e+00  1.67872505e+00  2.87980252e+00  3.15792823e+00 
 1.35064000e-09  1.92099703e+00  1.67900297e+00  2.87985311e+00  3.15791005e+00 
 1.35114000e-09  1.92071791e+00  1.67928209e+00  2.87990419e+00  3.15789115e+00 
 1.35164000e-09  1.92043760e+00  1.67956240e+00  2.87995578e+00  3.15787151e+00 
 1.35214000e-09  1.92015611e+00  1.67984389e+00  2.88000789e+00  3.15785110e+00 
 1.35264000e-09  1.91987343e+00  1.68012657e+00  2.88006053e+00  3.15782993e+00 
 1.35314000e-09  1.91958956e+00  1.68041044e+00  2.88011371e+00  3.15780795e+00 
 1.35364000e-09  1.91930452e+00  1.68069548e+00  2.88016745e+00  3.15778517e+00 
 1.35414000e-09  1.91901830e+00  1.68098170e+00  2.88022175e+00  3.15776155e+00 
 1.35464000e-09  1.91873090e+00  1.68126910e+00  2.88027665e+00  3.15773707e+00 
 1.35514000e-09  1.91844233e+00  1.68155767e+00  2.88033214e+00  3.15771172e+00 
 1.35564000e-09  1.91815260e+00  1.68184740e+00  2.88038824e+00  3.15768548e+00 
 1.35614000e-09  1.91786169e+00  1.68213831e+00  2.88044497e+00  3.15765832e+00 
 1.35664000e-09  1.91756963e+00  1.68243037e+00  2.88050234e+00  3.15763022e+00 
 1.35714000e-09  1.91727640e+00  1.68272360e+00  2.88056038e+00  3.15760116e+00 
 1.35764000e-09  1.91698202e+00  1.68301798e+00  2.88061908e+00  3.15757112e+00 
 1.35814000e-09  1.91668648e+00  1.68331352e+00  2.88067848e+00  3.15754007e+00 
 1.35864000e-09  1.91638979e+00  1.68361021e+00  2.88073858e+00  3.15750799e+00 
 1.35914000e-09  1.91609195e+00  1.68390805e+00  2.88079941e+00  3.15747485e+00 
 1.35964000e-09  1.91579296e+00  1.68420704e+00  2.88086098e+00  3.15744064e+00 
 1.36014000e-09  1.91549284e+00  1.68450716e+00  2.88092332e+00  3.15740532e+00 
 1.36064000e-09  1.91519157e+00  1.68480843e+00  2.88098643e+00  3.15736886e+00 
 1.36114000e-09  1.91488916e+00  1.68511084e+00  2.88105033e+00  3.15733126e+00 
 1.36164000e-09  1.91458562e+00  1.68541438e+00  2.88111505e+00  3.15729246e+00 
 1.36214000e-09  1.91428096e+00  1.68571904e+00  2.88118061e+00  3.15725246e+00 
 1.36264000e-09  1.91397516e+00  1.68602484e+00  2.88124703e+00  3.15721121e+00 
 1.36314000e-09  1.91366824e+00  1.68633176e+00  2.88131432e+00  3.15716870e+00 
 1.36364000e-09  1.91336019e+00  1.68663981e+00  2.88138250e+00  3.15712489e+00 
 1.36414000e-09  1.91305103e+00  1.68694897e+00  2.88145161e+00  3.15707975e+00 
 1.36464000e-09  1.91274075e+00  1.68725925e+00  2.88152165e+00  3.15703326e+00 
 1.36514000e-09  1.91242936e+00  1.68757064e+00  2.88159266e+00  3.15698537e+00 
 1.36564000e-09  1.91211686e+00  1.68788314e+00  2.88166465e+00  3.15693607e+00 
 1.36614000e-09  1.91180325e+00  1.68819675e+00  2.88173765e+00  3.15688532e+00 
 1.36664000e-09  1.91148854e+00  1.68851146e+00  2.88181168e+00  3.15683308e+00 
 1.36714000e-09  1.91117273e+00  1.68882727e+00  2.88188677e+00  3.15677932e+00 
 1.36764000e-09  1.91085582e+00  1.68914418e+00  2.88196294e+00  3.15672401e+00 
 1.36814000e-09  1.91053782e+00  1.68946218e+00  2.88204021e+00  3.15666712e+00 
 1.36864000e-09  1.91021872e+00  1.68978128e+00  2.88211862e+00  3.15660860e+00 
 1.36914000e-09  1.90989854e+00  1.69010146e+00  2.88219818e+00  3.15654843e+00 
 1.36964000e-09  1.90957728e+00  1.69042272e+00  2.88227893e+00  3.15648657e+00 
 1.37014000e-09  1.90925493e+00  1.69074507e+00  2.88236089e+00  3.15642298e+00 
 1.37064000e-09  1.90893150e+00  1.69106850e+00  2.88244408e+00  3.15635762e+00 
 1.37114000e-09  1.90860700e+00  1.69139300e+00  2.88252855e+00  3.15629046e+00 
 1.37164000e-09  1.90828143e+00  1.69171857e+00  2.88261431e+00  3.15622146e+00 
 1.37214000e-09  1.90795479e+00  1.69204521e+00  2.88270140e+00  3.15615058e+00 
 1.37264000e-09  1.90762708e+00  1.69237292e+00  2.88278984e+00  3.15607778e+00 
 1.37314000e-09  1.90729831e+00  1.69270169e+00  2.88287967e+00  3.15600302e+00 
 1.37364000e-09  1.90696848e+00  1.69303152e+00  2.88297091e+00  3.15592626e+00 
 1.37414000e-09  1.90663760e+00  1.69336240e+00  2.88306361e+00  3.15584745e+00 
 1.37464000e-09  1.90630566e+00  1.69369434e+00  2.88315778e+00  3.15576657e+00 
 1.37514000e-09  1.90597268e+00  1.69402732e+00  2.88325346e+00  3.15568356e+00 
 1.37564000e-09  1.90563864e+00  1.69436136e+00  2.88335069e+00  3.15559838e+00 
 1.37614000e-09  1.90530357e+00  1.69469643e+00  2.88344950e+00  3.15551099e+00 
 1.37664000e-09  1.90496746e+00  1.69503254e+00  2.88354992e+00  3.15542135e+00 
 1.37714000e-09  1.90463031e+00  1.69536969e+00  2.88365198e+00  3.15532942e+00 
 1.37764000e-09  1.90429212e+00  1.69570788e+00  2.88375573e+00  3.15523514e+00 
 1.37814000e-09  1.90395291e+00  1.69604709e+00  2.88386120e+00  3.15513847e+00 
 1.37864000e-09  1.90361268e+00  1.69638732e+00  2.88396842e+00  3.15503937e+00 
 1.37914000e-09  1.90327142e+00  1.69672858e+00  2.88407743e+00  3.15493780e+00 
 1.37964000e-09  1.90292914e+00  1.69707086e+00  2.88418827e+00  3.15483370e+00 
 1.38014000e-09  1.90258584e+00  1.69741416e+00  2.88430097e+00  3.15472703e+00 
 1.38064000e-09  1.90224153e+00  1.69775847e+00  2.88441557e+00  3.15461775e+00 
 1.38114000e-09  1.90189622e+00  1.69810378e+00  2.88453212e+00  3.15450581e+00 
 1.38164000e-09  1.90154989e+00  1.69845011e+00  2.88465065e+00  3.15439116e+00 
 1.38214000e-09  1.90120257e+00  1.69879743e+00  2.88477119e+00  3.15427375e+00 
 1.38264000e-09  1.90085425e+00  1.69914575e+00  2.88489380e+00  3.15415353e+00 
 1.38314000e-09  1.90050493e+00  1.69949507e+00  2.88501850e+00  3.15403047e+00 
 1.38364000e-09  1.90015462e+00  1.69984538e+00  2.88514535e+00  3.15390451e+00 
 1.38414000e-09  1.89980332e+00  1.70019668e+00  2.88527437e+00  3.15377560e+00 
 1.38464000e-09  1.89945103e+00  1.70054897e+00  2.88540562e+00  3.15364370e+00 
 1.38514000e-09  1.89909777e+00  1.70090223e+00  2.88553913e+00  3.15350875e+00 
 1.38564000e-09  1.89874352e+00  1.70125648e+00  2.88567495e+00  3.15337072e+00 
 1.38614000e-09  1.89838830e+00  1.70161170e+00  2.88581312e+00  3.15322954e+00 
 1.38664000e-09  1.89803211e+00  1.70196789e+00  2.88595368e+00  3.15308518e+00 
 1.38714000e-09  1.89767496e+00  1.70232504e+00  2.88609667e+00  3.15293759e+00 
 1.38764000e-09  1.89731684e+00  1.70268316e+00  2.88624214e+00  3.15278671e+00 
 1.38814000e-09  1.89695775e+00  1.70304225e+00  2.88639013e+00  3.15263250e+00 
 1.38864000e-09  1.89659772e+00  1.70340228e+00  2.88654068e+00  3.15247492e+00 
 1.38914000e-09  1.89623672e+00  1.70376328e+00  2.88669384e+00  3.15231392e+00 
 1.38964000e-09  1.89587478e+00  1.70412522e+00  2.88684965e+00  3.15214945e+00 
 1.39014000e-09  1.89551189e+00  1.70448811e+00  2.88700816e+00  3.15198146e+00 
 1.39064000e-09  1.89514806e+00  1.70485194e+00  2.88716941e+00  3.15180990e+00 
 1.39114000e-09  1.89478329e+00  1.70521671e+00  2.88733344e+00  3.15163474e+00 
 1.39164000e-09  1.89441759e+00  1.70558241e+00  2.88750031e+00  3.15145593e+00 
 1.39214000e-09  1.89405095e+00  1.70594905e+00  2.88767004e+00  3.15127342e+00 
 1.39264000e-09  1.89368339e+00  1.70631661e+00  2.88784269e+00  3.15108717e+00 
 1.39314000e-09  1.89331490e+00  1.70668510e+00  2.88801830e+00  3.15089713e+00 
 1.39364000e-09  1.89294549e+00  1.70705451e+00  2.88819692e+00  3.15070327e+00 
 1.39414000e-09  1.89257516e+00  1.70742484e+00  2.88837859e+00  3.15050553e+00 
 1.39464000e-09  1.89220392e+00  1.70779608e+00  2.88856335e+00  3.15030389e+00 
 1.39514000e-09  1.89183176e+00  1.70816824e+00  2.88875125e+00  3.15009829e+00 
 1.39564000e-09  1.89145871e+00  1.70854129e+00  2.88894233e+00  3.14988870e+00 
 1.39614000e-09  1.89108474e+00  1.70891526e+00  2.88913663e+00  3.14967508e+00 
 1.39664000e-09  1.89070988e+00  1.70929012e+00  2.88933420e+00  3.14945739e+00 
 1.39714000e-09  1.89033413e+00  1.70966587e+00  2.88953507e+00  3.14923559e+00 
 1.39764000e-09  1.88995748e+00  1.71004252e+00  2.88973930e+00  3.14900965e+00 
 1.39814000e-09  1.88957995e+00  1.71042005e+00  2.88994693e+00  3.14877952e+00 
 1.39864000e-09  1.88920153e+00  1.71079847e+00  2.89015798e+00  3.14854519e+00 
 1.39914000e-09  1.88882223e+00  1.71117777e+00  2.89037251e+00  3.14830660e+00 
 1.39964000e-09  1.88844206e+00  1.71155794e+00  2.89059056e+00  3.14806374e+00 
 1.40014000e-09  1.88806101e+00  1.71193899e+00  2.89081217e+00  3.14781656e+00 
 1.40064000e-09  1.88767909e+00  1.71232091e+00  2.89103737e+00  3.14756505e+00 
 1.40114000e-09  1.88729631e+00  1.71270369e+00  2.89126620e+00  3.14730916e+00 
 1.40164000e-09  1.88691266e+00  1.71308734e+00  2.89149871e+00  3.14704887e+00 
 1.40214000e-09  1.88652816e+00  1.71347184e+00  2.89173492e+00  3.14678416e+00 
 1.40264000e-09  1.88614280e+00  1.71385720e+00  2.89197489e+00  3.14651499e+00 
 1.40314000e-09  1.88575660e+00  1.71424340e+00  2.89221863e+00  3.14624135e+00 
 1.40364000e-09  1.88536954e+00  1.71463046e+00  2.89246619e+00  3.14596320e+00 
 1.40414000e-09  1.88498165e+00  1.71501835e+00  2.89271761e+00  3.14568054e+00 
 1.40464000e-09  1.88459291e+00  1.71540709e+00  2.89297291e+00  3.14539333e+00 
 1.40514000e-09  1.88420334e+00  1.71579666e+00  2.89323213e+00  3.14510157e+00 
 1.40564000e-09  1.88381294e+00  1.71618706e+00  2.89349530e+00  3.14480522e+00 
 1.40614000e-09  1.88342172e+00  1.71657828e+00  2.89376245e+00  3.14450427e+00 
 1.40664000e-09  1.88302966e+00  1.71697034e+00  2.89403361e+00  3.14419871e+00 
 1.40714000e-09  1.88263679e+00  1.71736321e+00  2.89430881e+00  3.14388853e+00 
 1.40764000e-09  1.88224311e+00  1.71775689e+00  2.89458808e+00  3.14357370e+00 
 1.40814000e-09  1.88184861e+00  1.71815139e+00  2.89487145e+00  3.14325422e+00 
 1.40864000e-09  1.88145331e+00  1.71854669e+00  2.89515893e+00  3.14293008e+00 
 1.40914000e-09  1.88105720e+00  1.71894280e+00  2.89545057e+00  3.14260127e+00 
 1.40964000e-09  1.88066029e+00  1.71933971e+00  2.89574637e+00  3.14226778e+00 
 1.41014000e-09  1.88026258e+00  1.71973742e+00  2.89604637e+00  3.14192960e+00 
 1.41064000e-09  1.87986408e+00  1.72013592e+00  2.89635058e+00  3.14158673e+00 
 1.41114000e-09  1.87946480e+00  1.72053520e+00  2.89665903e+00  3.14123917e+00 
 1.41164000e-09  1.87906473e+00  1.72093527e+00  2.89697174e+00  3.14088691e+00 
 1.41214000e-09  1.87866388e+00  1.72133612e+00  2.89728871e+00  3.14052994e+00 
 1.41264000e-09  1.87826225e+00  1.72173775e+00  2.89760998e+00  3.14016828e+00 
 1.41314000e-09  1.87785985e+00  1.72214015e+00  2.89793556e+00  3.13980192e+00 
 1.41364000e-09  1.87745668e+00  1.72254332e+00  2.89826545e+00  3.13943086e+00 
 1.41414000e-09  1.87705275e+00  1.72294725e+00  2.89859969e+00  3.13905511e+00 
 1.41464000e-09  1.87664806e+00  1.72335194e+00  2.89893827e+00  3.13867466e+00 
 1.41514000e-09  1.87624261e+00  1.72375739e+00  2.89928121e+00  3.13828953e+00 
 1.41564000e-09  1.87583641e+00  1.72416359e+00  2.89962852e+00  3.13789973e+00 
 1.41614000e-09  1.87542946e+00  1.72457054e+00  2.89998021e+00  3.13750525e+00 
 1.41664000e-09  1.87502176e+00  1.72497824e+00  2.90033628e+00  3.13710611e+00 
 1.41714000e-09  1.87461333e+00  1.72538667e+00  2.90069675e+00  3.13670232e+00 
 1.41764000e-09  1.87420416e+00  1.72579584e+00  2.90106162e+00  3.13629389e+00 
 1.41814000e-09  1.87379425e+00  1.72620575e+00  2.90143090e+00  3.13588083e+00 
 1.41864000e-09  1.87338362e+00  1.72661638e+00  2.90180458e+00  3.13546315e+00 
 1.41914000e-09  1.87297227e+00  1.72702773e+00  2.90218267e+00  3.13504087e+00 
 1.41964000e-09  1.87256019e+00  1.72743981e+00  2.90256517e+00  3.13461400e+00 
 1.42014000e-09  1.87214740e+00  1.72785260e+00  2.90295208e+00  3.13418255e+00 
 1.42064000e-09  1.87173389e+00  1.72826611e+00  2.90334340e+00  3.13374655e+00 
 1.42114000e-09  1.87131968e+00  1.72868032e+00  2.90373913e+00  3.13330601e+00 
 1.42164000e-09  1.87090476e+00  1.72909524e+00  2.90413926e+00  3.13286095e+00 
 1.42214000e-09  1.87048915e+00  1.72951085e+00  2.90454380e+00  3.13241138e+00 
 1.42264000e-09  1.87007283e+00  1.72992717e+00  2.90495273e+00  3.13195734e+00 
 1.42314000e-09  1.86965583e+00  1.73034417e+00  2.90536604e+00  3.13149882e+00 
 1.42364000e-09  1.86923814e+00  1.73076186e+00  2.90578374e+00  3.13103587e+00 
 1.42414000e-09  1.86881977e+00  1.73118023e+00  2.90620581e+00  3.13056849e+00 
 1.42464000e-09  1.86840071e+00  1.73159929e+00  2.90663225e+00  3.13009671e+00 
 1.42514000e-09  1.86798098e+00  1.73201902e+00  2.90706304e+00  3.12962056e+00 
 1.42564000e-09  1.86756058e+00  1.73243942e+00  2.90749817e+00  3.12914006e+00 
 1.42614000e-09  1.86713952e+00  1.73286048e+00  2.90793763e+00  3.12865522e+00 
 1.42664000e-09  1.86671779e+00  1.73328221e+00  2.90838141e+00  3.12816608e+00 
 1.42714000e-09  1.86629540e+00  1.73370460e+00  2.90882949e+00  3.12767266e+00 
 1.42764000e-09  1.86587236e+00  1.73412764e+00  2.90928187e+00  3.12717499e+00 
 1.42814000e-09  1.86544867e+00  1.73455133e+00  2.90973852e+00  3.12667309e+00 
 1.42864000e-09  1.86502433e+00  1.73497567e+00  2.91019942e+00  3.12616698e+00 
 1.42914000e-09  1.86459935e+00  1.73540065e+00  2.91066457e+00  3.12565670e+00 
 1.42964000e-09  1.86417373e+00  1.73582627e+00  2.91113394e+00  3.12514227e+00 
 1.43014000e-09  1.86374748e+00  1.73625252e+00  2.91160752e+00  3.12462372e+00 
 1.43064000e-09  1.86332060e+00  1.73667940e+00  2.91208528e+00  3.12410108e+00 
 1.43114000e-09  1.86289310e+00  1.73710690e+00  2.91256721e+00  3.12357438e+00 
 1.43164000e-09  1.86246497e+00  1.73753503e+00  2.91305329e+00  3.12304364e+00 
 1.43214000e-09  1.86203623e+00  1.73796377e+00  2.91354349e+00  3.12250889e+00 
 1.43264000e-09  1.86160687e+00  1.73839313e+00  2.91403780e+00  3.12197016e+00 
 1.43314000e-09  1.86117691e+00  1.73882309e+00  2.91453619e+00  3.12142749e+00 
 1.43364000e-09  1.86074634e+00  1.73925366e+00  2.91503864e+00  3.12088089e+00 
 1.43414000e-09  1.86031518e+00  1.73968482e+00  2.91554512e+00  3.12033041e+00 
 1.43464000e-09  1.85988342e+00  1.74011658e+00  2.91605562e+00  3.11977607e+00 
 1.43514000e-09  1.85945107e+00  1.74054893e+00  2.91657010e+00  3.11921790e+00 
 1.43564000e-09  1.85901813e+00  1.74098187e+00  2.91708855e+00  3.11865593e+00 
 1.43614000e-09  1.85858461e+00  1.74141539e+00  2.91761093e+00  3.11809019e+00 
 1.43664000e-09  1.85815051e+00  1.74184949e+00  2.91813723e+00  3.11752071e+00 
 1.43714000e-09  1.85771583e+00  1.74228417e+00  2.91866741e+00  3.11694753e+00 
 1.43764000e-09  1.85728059e+00  1.74271941e+00  2.91920146e+00  3.11637068e+00 
 1.43814000e-09  1.85684478e+00  1.74315522e+00  2.91973933e+00  3.11579018e+00 
 1.43864000e-09  1.85640841e+00  1.74359159e+00  2.92028102e+00  3.11520606e+00 
 1.43914000e-09  1.85597149e+00  1.74402851e+00  2.92082648e+00  3.11461837e+00 
 1.43964000e-09  1.85553401e+00  1.74446599e+00  2.92137569e+00  3.11402712e+00 
 1.44014000e-09  1.85509598e+00  1.74490402e+00  2.92192862e+00  3.11343235e+00 
 1.44064000e-09  1.85465741e+00  1.74534259e+00  2.92248525e+00  3.11283410e+00 
 1.44114000e-09  1.85421830e+00  1.74578170e+00  2.92304555e+00  3.11223239e+00 
 1.44164000e-09  1.85377866e+00  1.74622134e+00  2.92360948e+00  3.11162725e+00 
 1.44214000e-09  1.85333848e+00  1.74666152e+00  2.92417702e+00  3.11101873e+00 
 1.44264000e-09  1.85289778e+00  1.74710222e+00  2.92474813e+00  3.11040683e+00 
 1.44314000e-09  1.85245655e+00  1.74754345e+00  2.92532280e+00  3.10979161e+00 
 1.44364000e-09  1.85201481e+00  1.74798519e+00  2.92590098e+00  3.10917309e+00 
 1.44414000e-09  1.85157256e+00  1.74842744e+00  2.92648265e+00  3.10855130e+00 
 1.44464000e-09  1.85112979e+00  1.74887021e+00  2.92706779e+00  3.10792628e+00 
 1.44514000e-09  1.85068652e+00  1.74931348e+00  2.92765634e+00  3.10729805e+00 
 1.44564000e-09  1.85024275e+00  1.74975725e+00  2.92824830e+00  3.10666665e+00 
 1.44614000e-09  1.84979849e+00  1.75020151e+00  2.92884363e+00  3.10603210e+00 
 1.44664000e-09  1.84935373e+00  1.75064627e+00  2.92944229e+00  3.10539445e+00 
 1.44714000e-09  1.84890849e+00  1.75109151e+00  2.93004426e+00  3.10475371e+00 
 1.44764000e-09  1.84846276e+00  1.75153724e+00  2.93064950e+00  3.10410993e+00 
 1.44814000e-09  1.84801656e+00  1.75198344e+00  2.93125798e+00  3.10346313e+00 
 1.44864000e-09  1.84756988e+00  1.75243012e+00  2.93186968e+00  3.10281334e+00 
 1.44914000e-09  1.84712273e+00  1.75287727e+00  2.93248456e+00  3.10216060e+00 
 1.44964000e-09  1.84667512e+00  1.75332488e+00  2.93310260e+00  3.10150493e+00 
 1.45014000e-09  1.84622704e+00  1.75377296e+00  2.93372375e+00  3.10084638e+00 
 1.45064000e-09  1.84577851e+00  1.75422149e+00  2.93434799e+00  3.10018495e+00 
 1.45114000e-09  1.84532953e+00  1.75467047e+00  2.93497529e+00  3.09952070e+00 
 1.45164000e-09  1.84488010e+00  1.75511990e+00  2.93560561e+00  3.09885365e+00 
 1.45214000e-09  1.84443023e+00  1.75556977e+00  2.93623893e+00  3.09818382e+00 
 1.45264000e-09  1.84397992e+00  1.75602008e+00  2.93687521e+00  3.09751126e+00 
 1.45314000e-09  1.84352917e+00  1.75647083e+00  2.93751442e+00  3.09683598e+00 
 1.45364000e-09  1.84307800e+00  1.75692200e+00  2.93815653e+00  3.09615803e+00 
 1.45414000e-09  1.84262640e+00  1.75737360e+00  2.93880152e+00  3.09547743e+00 
 1.45464000e-09  1.84217438e+00  1.75782562e+00  2.93944934e+00  3.09479420e+00 
 1.45514000e-09  1.84172194e+00  1.75827806e+00  2.94009996e+00  3.09410839e+00 
 1.45564000e-09  1.84126909e+00  1.75873091e+00  2.94075337e+00  3.09342002e+00 
 1.45614000e-09  1.84081584e+00  1.75918416e+00  2.94140951e+00  3.09272912e+00 
 1.45664000e-09  1.84036218e+00  1.75963782e+00  2.94206837e+00  3.09203572e+00 
 1.45714000e-09  1.83990812e+00  1.76009188e+00  2.94272992e+00  3.09133985e+00 
 1.45764000e-09  1.83945367e+00  1.76054633e+00  2.94339411e+00  3.09064153e+00 
 1.45814000e-09  1.83899883e+00  1.76100117e+00  2.94406092e+00  3.08994081e+00 
 1.45864000e-09  1.83854361e+00  1.76145639e+00  2.94473032e+00  3.08923770e+00 
 1.45914000e-09  1.83808800e+00  1.76191200e+00  2.94540228e+00  3.08853224e+00 
 1.45964000e-09  1.83763202e+00  1.76236798e+00  2.94607677e+00  3.08782445e+00 
 1.46014000e-09  1.83717567e+00  1.76282433e+00  2.94675375e+00  3.08711437e+00 
 1.46064000e-09  1.83671895e+00  1.76328105e+00  2.94743320e+00  3.08640203e+00 
 1.46114000e-09  1.83626187e+00  1.76373813e+00  2.94811508e+00  3.08568744e+00 
 1.46164000e-09  1.83580443e+00  1.76419557e+00  2.94879937e+00  3.08497065e+00 
 1.46214000e-09  1.83534663e+00  1.76465337e+00  2.94948603e+00  3.08425167e+00 
 1.46264000e-09  1.83488849e+00  1.76511151e+00  2.95017503e+00  3.08353054e+00 
 1.46314000e-09  1.83443000e+00  1.76557000e+00  2.95086635e+00  3.08280729e+00 
 1.46364000e-09  1.83397118e+00  1.76602882e+00  2.95155995e+00  3.08208194e+00 
 1.46414000e-09  1.83351202e+00  1.76648798e+00  2.95225580e+00  3.08135453e+00 
 1.46464000e-09  1.83305252e+00  1.76694748e+00  2.95295387e+00  3.08062507e+00 
 1.46514000e-09  1.83259270e+00  1.76740730e+00  2.95365414e+00  3.07989360e+00 
 1.46564000e-09  1.83213256e+00  1.76786744e+00  2.95435656e+00  3.07916015e+00 
 1.46614000e-09  1.83167211e+00  1.76832789e+00  2.95506112e+00  3.07842474e+00 
 1.46664000e-09  1.83121134e+00  1.76878866e+00  2.95576778e+00  3.07768740e+00 
 1.46714000e-09  1.83075026e+00  1.76924974e+00  2.95647652e+00  3.07694816e+00 
 1.46764000e-09  1.83028888e+00  1.76971112e+00  2.95718729e+00  3.07620705e+00 
 1.46814000e-09  1.82982720e+00  1.77017280e+00  2.95790008e+00  3.07546409e+00 
 1.46864000e-09  1.82936522e+00  1.77063478e+00  2.95861486e+00  3.07471930e+00 
 1.46914000e-09  1.82890296e+00  1.77109704e+00  2.95933158e+00  3.07397273e+00 
 1.46964000e-09  1.82844041e+00  1.77155959e+00  2.96005024e+00  3.07322439e+00 
 1.47014000e-09  1.82797758e+00  1.77202242e+00  2.96077079e+00  3.07247431e+00 
 1.47064000e-09  1.82751447e+00  1.77248553e+00  2.96149320e+00  3.07172252e+00 
 1.47114000e-09  1.82705109e+00  1.77294891e+00  2.96221745e+00  3.07096904e+00 
 1.47164000e-09  1.82658745e+00  1.77341255e+00  2.96294351e+00  3.07021390e+00 
 1.47214000e-09  1.82612354e+00  1.77387646e+00  2.96367135e+00  3.06945714e+00 
 1.47264000e-09  1.82565937e+00  1.77434063e+00  2.96440095e+00  3.06869876e+00 
 1.47314000e-09  1.82519495e+00  1.77480505e+00  2.96513226e+00  3.06793881e+00 
 1.47364000e-09  1.82473029e+00  1.77526971e+00  2.96586527e+00  3.06717730e+00 
 1.47414000e-09  1.82426538e+00  1.77573462e+00  2.96659994e+00  3.06641426e+00 
 1.47464000e-09  1.82380022e+00  1.77619978e+00  2.96733625e+00  3.06564973e+00 
 1.47514000e-09  1.82333484e+00  1.77666516e+00  2.96807417e+00  3.06488371e+00 
 1.47564000e-09  1.82286922e+00  1.77713078e+00  2.96881366e+00  3.06411625e+00 
 1.47614000e-09  1.82240338e+00  1.77759662e+00  2.96955471e+00  3.06334737e+00 
 1.47664000e-09  1.82193732e+00  1.77806268e+00  2.97029729e+00  3.06257708e+00 
 1.47714000e-09  1.82147104e+00  1.77852896e+00  2.97104136e+00  3.06180543e+00 
 1.47764000e-09  1.82100455e+00  1.77899545e+00  2.97178689e+00  3.06103242e+00 
 1.47814000e-09  1.82053785e+00  1.77946215e+00  2.97253387e+00  3.06025810e+00 
 1.47864000e-09  1.82007095e+00  1.77992905e+00  2.97328226e+00  3.05948248e+00 
 1.47914000e-09  1.81960385e+00  1.78039615e+00  2.97403204e+00  3.05870559e+00 
 1.47964000e-09  1.81913655e+00  1.78086345e+00  2.97478317e+00  3.05792746e+00 
 1.48014000e-09  1.81866907e+00  1.78133093e+00  2.97553563e+00  3.05714810e+00 
 1.48064000e-09  1.81820141e+00  1.78179859e+00  2.97628940e+00  3.05636755e+00 
 1.48114000e-09  1.81773356e+00  1.78226644e+00  2.97704444e+00  3.05558583e+00 
 1.48164000e-09  1.81726554e+00  1.78273446e+00  2.97780073e+00  3.05480297e+00 
 1.48214000e-09  1.81679735e+00  1.78320265e+00  2.97855824e+00  3.05401899e+00 
 1.48264000e-09  1.81632899e+00  1.78367101e+00  2.97931694e+00  3.05323391e+00 
 1.48314000e-09  1.81586047e+00  1.78413953e+00  2.98007682e+00  3.05244776e+00 
 1.48364000e-09  1.81539180e+00  1.78460820e+00  2.98083783e+00  3.05166057e+00 
 1.48414000e-09  1.81492297e+00  1.78507703e+00  2.98159996e+00  3.05087235e+00 
 1.48464000e-09  1.81445400e+00  1.78554600e+00  2.98236317e+00  3.05008314e+00 
 1.48514000e-09  1.81398488e+00  1.78601512e+00  2.98312745e+00  3.04929296e+00 
 1.48564000e-09  1.81351563e+00  1.78648437e+00  2.98389276e+00  3.04850184e+00 
 1.48614000e-09  1.81304624e+00  1.78695376e+00  2.98465908e+00  3.04770979e+00 
 1.48664000e-09  1.81257672e+00  1.78742328e+00  2.98542638e+00  3.04691684e+00 
 1.48714000e-09  1.81210708e+00  1.78789292e+00  2.98619463e+00  3.04612302e+00 
 1.48764000e-09  1.81163732e+00  1.78836268e+00  2.98696382e+00  3.04532836e+00 
 1.48814000e-09  1.81116744e+00  1.78883256e+00  2.98773391e+00  3.04453287e+00 
 1.48864000e-09  1.81069746e+00  1.78930254e+00  2.98850489e+00  3.04373658e+00 
 1.48914000e-09  1.81022737e+00  1.78977263e+00  2.98927671e+00  3.04293951e+00 
 1.48964000e-09  1.80975718e+00  1.79024282e+00  2.99004936e+00  3.04214169e+00 
 1.49014000e-09  1.80928689e+00  1.79071311e+00  2.99082282e+00  3.04134315e+00 
 1.49064000e-09  1.80881651e+00  1.79118349e+00  2.99159705e+00  3.04054391e+00 
 1.49114000e-09  1.80834604e+00  1.79165396e+00  2.99237204e+00  3.03974399e+00 
 1.49164000e-09  1.80787549e+00  1.79212451e+00  2.99314775e+00  3.03894342e+00 
 1.49214000e-09  1.80740486e+00  1.79259514e+00  2.99392416e+00  3.03814222e+00 
 1.49264000e-09  1.80693416e+00  1.79306584e+00  2.99470126e+00  3.03734041e+00 
 1.49314000e-09  1.80646340e+00  1.79353660e+00  2.99547901e+00  3.03653803e+00 
 1.49364000e-09  1.80599256e+00  1.79400744e+00  2.99625739e+00  3.03573510e+00 
 1.49414000e-09  1.80552167e+00  1.79447833e+00  2.99703637e+00  3.03493163e+00 
 1.49464000e-09  1.80505073e+00  1.79494927e+00  2.99781594e+00  3.03412767e+00 
 1.49514000e-09  1.80457973e+00  1.79542027e+00  2.99859606e+00  3.03332322e+00 
 1.49564000e-09  1.80410869e+00  1.79589131e+00  2.99937672e+00  3.03251832e+00 
 1.49614000e-09  1.80363761e+00  1.79636239e+00  3.00015789e+00  3.03171300e+00 
 1.49664000e-09  1.80316649e+00  1.79683351e+00  3.00093956e+00  3.03090727e+00 
 1.49714000e-09  1.80269534e+00  1.79730466e+00  3.00172169e+00  3.03010117e+00 
 1.49764000e-09  1.80222417e+00  1.79777583e+00  3.00250426e+00  3.02929472e+00 
 1.49814000e-09  1.80175297e+00  1.79824703e+00  3.00328726e+00  3.02848795e+00 
 1.49864000e-09  1.80128175e+00  1.79871825e+00  3.00407066e+00  3.02768089e+00 
 1.49914000e-09  1.80081053e+00  1.79918947e+00  3.00485444e+00  3.02687356e+00 
 1.49964000e-09  1.80033929e+00  1.79966071e+00  3.00563858e+00  3.02606598e+00 
 1.50014000e-09  1.79986805e+00  1.80013195e+00  3.00642306e+00  3.02525820e+00 
 1.50064000e-09  1.79939682e+00  1.80060318e+00  3.00720785e+00  3.02445023e+00 
 1.50114000e-09  1.79892558e+00  1.80107442e+00  3.00799294e+00  3.02364210e+00 
 1.50164000e-09  1.79845436e+00  1.80154564e+00  3.00877831e+00  3.02283385e+00 
 1.50214000e-09  1.79798316e+00  1.80201684e+00  3.00956394e+00  3.02202549e+00 
 1.50264000e-09  1.79751197e+00  1.80248803e+00  3.01034980e+00  3.02121707e+00 
 1.50314000e-09  1.79704081e+00  1.80295919e+00  3.01113588e+00  3.02040860e+00 
 1.50364000e-09  1.79656968e+00  1.80343032e+00  3.01192215e+00  3.01960011e+00 
 1.50414000e-09  1.79609858e+00  1.80390142e+00  3.01270860e+00  3.01879163e+00 
 1.50464000e-09  1.79562752e+00  1.80437248e+00  3.01349520e+00  3.01798320e+00 
 1.50514000e-09  1.79515651e+00  1.80484349e+00  3.01428193e+00  3.01717482e+00 
 1.50564000e-09  1.79468554e+00  1.80531446e+00  3.01506878e+00  3.01636653e+00 
 1.50614000e-09  1.79421462e+00  1.80578538e+00  3.01585570e+00  3.01555836e+00 
 1.50664000e-09  1.79374376e+00  1.80625624e+00  3.01664269e+00  3.01475032e+00 
 1.50714000e-09  1.79327297e+00  1.80672703e+00  3.01742971e+00  3.01394243e+00 
 1.50764000e-09  1.79280223e+00  1.80719777e+00  3.01821674e+00  3.01313473e+00 
 1.50814000e-09  1.79233157e+00  1.80766843e+00  3.01900375e+00  3.01232721e+00 
 1.50864000e-09  1.79186099e+00  1.80813901e+00  3.01979071e+00  3.01151991e+00 
 1.50914000e-09  1.79139049e+00  1.80860951e+00  3.02057759e+00  3.01071284e+00 
 1.50964000e-09  1.79092007e+00  1.80907993e+00  3.02136435e+00  3.00990601e+00 
 1.51014000e-09  1.79044974e+00  1.80955026e+00  3.02215098e+00  3.00909944e+00 
 1.51064000e-09  1.78997950e+00  1.81002050e+00  3.02293743e+00  3.00829314e+00 
 1.51114000e-09  1.78950937e+00  1.81049063e+00  3.02372368e+00  3.00748712e+00 
 1.51164000e-09  1.78903934e+00  1.81096066e+00  3.02450967e+00  3.00668140e+00 
 1.51214000e-09  1.78856941e+00  1.81143059e+00  3.02529540e+00  3.00587600e+00 
 1.51264000e-09  1.78809960e+00  1.81190040e+00  3.02608081e+00  3.00507091e+00 
 1.51314000e-09  1.78762991e+00  1.81237009e+00  3.02686587e+00  3.00426616e+00 
 1.51364000e-09  1.78716033e+00  1.81283967e+00  3.02765055e+00  3.00346175e+00 
 1.51414000e-09  1.78669089e+00  1.81330911e+00  3.02843482e+00  3.00265770e+00 
 1.51464000e-09  1.78622158e+00  1.81377842e+00  3.02921863e+00  3.00185402e+00 
 1.51514000e-09  1.78575240e+00  1.81424760e+00  3.03000196e+00  3.00105073e+00 
 1.51564000e-09  1.78528336e+00  1.81471664e+00  3.03078478e+00  3.00024784e+00 
 1.51614000e-09  1.78481447e+00  1.81518553e+00  3.03156705e+00  2.99944536e+00 
 1.51664000e-09  1.78434573e+00  1.81565427e+00  3.03234873e+00  2.99864331e+00 
 1.51714000e-09  1.78387714e+00  1.81612286e+00  3.03312981e+00  2.99784170e+00 
 1.51764000e-09  1.78340871e+00  1.81659129e+00  3.03391024e+00  2.99704056e+00 
 1.51814000e-09  1.78294044e+00  1.81705956e+00  3.03469000e+00  2.99623990e+00 
 1.51864000e-09  1.78247235e+00  1.81752765e+00  3.03546905e+00  2.99543974e+00 
 1.51914000e-09  1.78200443e+00  1.81799557e+00  3.03624738e+00  2.99464010e+00 
 1.51964000e-09  1.78153668e+00  1.81846332e+00  3.03702495e+00  2.99384100e+00 
 1.52014000e-09  1.78106912e+00  1.81893088e+00  3.03780174e+00  2.99304246e+00 
 1.52064000e-09  1.78060174e+00  1.81939826e+00  3.03857772e+00  2.99224450e+00 
 1.52114000e-09  1.78013455e+00  1.81986545e+00  3.03935285e+00  2.99144714e+00 
 1.52164000e-09  1.77966756e+00  1.82033244e+00  3.04012713e+00  2.99065041e+00 
 1.52214000e-09  1.77920078e+00  1.82079922e+00  3.04090052e+00  2.98985433e+00 
 1.52264000e-09  1.77873419e+00  1.82126581e+00  3.04167300e+00  2.98905893e+00 
 1.52314000e-09  1.77826782e+00  1.82173218e+00  3.04244454e+00  2.98826422e+00 
 1.52364000e-09  1.77780166e+00  1.82219834e+00  3.04321513e+00  2.98747023e+00 
 1.52414000e-09  1.77733572e+00  1.82266428e+00  3.04398473e+00  2.98667699e+00 
 1.52464000e-09  1.77687000e+00  1.82313000e+00  3.04475333e+00  2.98588452e+00 
 1.52514000e-09  1.77640452e+00  1.82359548e+00  3.04552089e+00  2.98509285e+00 
 1.52564000e-09  1.77593926e+00  1.82406074e+00  3.04628741e+00  2.98430201e+00 
 1.52614000e-09  1.77547424e+00  1.82452576e+00  3.04705285e+00  2.98351201e+00 
 1.52664000e-09  1.77500947e+00  1.82499053e+00  3.04781720e+00  2.98272289e+00 
 1.52714000e-09  1.77454494e+00  1.82545506e+00  3.04858043e+00  2.98193467e+00 
 1.52764000e-09  1.77408066e+00  1.82591934e+00  3.04934251e+00  2.98114737e+00 
 1.52814000e-09  1.77361664e+00  1.82638336e+00  3.05010344e+00  2.98036103e+00 
 1.52864000e-09  1.77315288e+00  1.82684712e+00  3.05086318e+00  2.97957568e+00 
 1.52914000e-09  1.77268938e+00  1.82731062e+00  3.05162171e+00  2.97879133e+00 
 1.52964000e-09  1.77222616e+00  1.82777384e+00  3.05237901e+00  2.97800801e+00 
 1.53014000e-09  1.77176320e+00  1.82823680e+00  3.05313506e+00  2.97722575e+00 
 1.53064000e-09  1.77130053e+00  1.82869947e+00  3.05388983e+00  2.97644459e+00 
 1.53114000e-09  1.77083814e+00  1.82916186e+00  3.05464331e+00  2.97566453e+00 
 1.53164000e-09  1.77037604e+00  1.82962396e+00  3.05539546e+00  2.97488562e+00 
 1.53214000e-09  1.76991423e+00  1.83008577e+00  3.05614628e+00  2.97410788e+00 
 1.53264000e-09  1.76945271e+00  1.83054729e+00  3.05689572e+00  2.97333133e+00 
 1.53314000e-09  1.76899150e+00  1.83100850e+00  3.05764379e+00  2.97255600e+00 
 1.53364000e-09  1.76853059e+00  1.83146941e+00  3.05839044e+00  2.97178192e+00 
 1.53414000e-09  1.76807000e+00  1.83193000e+00  3.05913565e+00  2.97100911e+00 
 1.53464000e-09  1.76760972e+00  1.83239028e+00  3.05987941e+00  2.97023760e+00 
 1.53514000e-09  1.76714976e+00  1.83285024e+00  3.06062169e+00  2.96946742e+00 
 1.53564000e-09  1.76669012e+00  1.83330988e+00  3.06136246e+00  2.96869860e+00 
 1.53614000e-09  1.76623081e+00  1.83376919e+00  3.06210171e+00  2.96793116e+00 
 1.53664000e-09  1.76577184e+00  1.83422816e+00  3.06283940e+00  2.96716512e+00 
 1.53714000e-09  1.76531320e+00  1.83468680e+00  3.06357552e+00  2.96640052e+00 
 1.53764000e-09  1.76485491e+00  1.83514509e+00  3.06431004e+00  2.96563738e+00 
 1.53814000e-09  1.76439696e+00  1.83560304e+00  3.06504293e+00  2.96487572e+00 
 1.53864000e-09  1.76393936e+00  1.83606064e+00  3.06577418e+00  2.96411558e+00 
 1.53914000e-09  1.76348212e+00  1.83651788e+00  3.06650375e+00  2.96335698e+00 
 1.53964000e-09  1.76302524e+00  1.83697476e+00  3.06723163e+00  2.96259994e+00 
 1.54014000e-09  1.76256873e+00  1.83743127e+00  3.06795778e+00  2.96184449e+00 
 1.54064000e-09  1.76211258e+00  1.83788742e+00  3.06868219e+00  2.96109067e+00 
 1.54114000e-09  1.76165681e+00  1.83834319e+00  3.06940482e+00  2.96033848e+00 
 1.54164000e-09  1.76120142e+00  1.83879858e+00  3.07012566e+00  2.95958797e+00 
 1.54214000e-09  1.76074641e+00  1.83925359e+00  3.07084467e+00  2.95883916e+00 
 1.54264000e-09  1.76029179e+00  1.83970821e+00  3.07156184e+00  2.95809207e+00 
 1.54314000e-09  1.75983756e+00  1.84016244e+00  3.07227713e+00  2.95734673e+00 
 1.54364000e-09  1.75938372e+00  1.84061628e+00  3.07299053e+00  2.95660316e+00 
 1.54414000e-09  1.75893029e+00  1.84106971e+00  3.07370200e+00  2.95586140e+00 
 1.54464000e-09  1.75847726e+00  1.84152274e+00  3.07441152e+00  2.95512147e+00 
 1.54514000e-09  1.75802464e+00  1.84197536e+00  3.07511906e+00  2.95438339e+00 
 1.54564000e-09  1.75757244e+00  1.84242756e+00  3.07582460e+00  2.95364719e+00 
 1.54614000e-09  1.75712065e+00  1.84287935e+00  3.07652811e+00  2.95291290e+00 
 1.54664000e-09  1.75666929e+00  1.84333071e+00  3.07722957e+00  2.95218054e+00 
 1.54714000e-09  1.75621836e+00  1.84378164e+00  3.07792894e+00  2.95145014e+00 
 1.54764000e-09  1.75576785e+00  1.84423215e+00  3.07862621e+00  2.95072173e+00 
 1.54814000e-09  1.75531779e+00  1.84468221e+00  3.07932134e+00  2.94999533e+00 
 1.54864000e-09  1.75486816e+00  1.84513184e+00  3.08001430e+00  2.94927097e+00 
 1.54914000e-09  1.75441898e+00  1.84558102e+00  3.08070509e+00  2.94854868e+00 
 1.54964000e-09  1.75397026e+00  1.84602974e+00  3.08139365e+00  2.94782847e+00 
 1.55014000e-09  1.75352198e+00  1.84647802e+00  3.08207997e+00  2.94711039e+00 
 1.55064000e-09  1.75307416e+00  1.84692584e+00  3.08276403e+00  2.94639445e+00 
 1.55114000e-09  1.75262681e+00  1.84737319e+00  3.08344578e+00  2.94568068e+00 
 1.55164000e-09  1.75217992e+00  1.84782008e+00  3.08412522e+00  2.94496910e+00 
 1.55214000e-09  1.75173351e+00  1.84826649e+00  3.08480230e+00  2.94425975e+00 
 1.55264000e-09  1.75128757e+00  1.84871243e+00  3.08547701e+00  2.94355265e+00 
 1.55314000e-09  1.75084212e+00  1.84915788e+00  3.08614930e+00  2.94284783e+00 
 1.55364000e-09  1.75039714e+00  1.84960286e+00  3.08681917e+00  2.94214530e+00 
 1.55414000e-09  1.74995266e+00  1.85004734e+00  3.08748658e+00  2.94144511e+00 
 1.55464000e-09  1.74950867e+00  1.85049133e+00  3.08815149e+00  2.94074728e+00 
 1.55514000e-09  1.74906519e+00  1.85093481e+00  3.08881390e+00  2.94005182e+00 
 1.55564000e-09  1.74862220e+00  1.85137780e+00  3.08947375e+00  2.93935878e+00 
 1.55614000e-09  1.74817972e+00  1.85182028e+00  3.09013104e+00  2.93866817e+00 
 1.55664000e-09  1.74773775e+00  1.85226225e+00  3.09078573e+00  2.93798002e+00 
 1.55714000e-09  1.74729630e+00  1.85270370e+00  3.09143779e+00  2.93729436e+00 
 1.55764000e-09  1.74685537e+00  1.85314463e+00  3.09208720e+00  2.93661121e+00 
 1.55814000e-09  1.74641496e+00  1.85358504e+00  3.09273393e+00  2.93593061e+00 
 1.55864000e-09  1.74597508e+00  1.85402492e+00  3.09337794e+00  2.93525258e+00 
 1.55914000e-09  1.74553573e+00  1.85446427e+00  3.09401922e+00  2.93457714e+00 
 1.55964000e-09  1.74509692e+00  1.85490308e+00  3.09465773e+00  2.93390432e+00 
 1.56014000e-09  1.74465866e+00  1.85534134e+00  3.09529345e+00  2.93323415e+00 
 1.56064000e-09  1.74422094e+00  1.85577906e+00  3.09592635e+00  2.93256665e+00 
 1.56114000e-09  1.74378377e+00  1.85621623e+00  3.09655640e+00  2.93190186e+00 
 1.56164000e-09  1.74334715e+00  1.85665285e+00  3.09718358e+00  2.93123979e+00 
 1.56214000e-09  1.74291110e+00  1.85708890e+00  3.09780784e+00  2.93058048e+00 
 1.56264000e-09  1.74247560e+00  1.85752440e+00  3.09842918e+00  2.92992395e+00 
 1.56314000e-09  1.74204068e+00  1.85795932e+00  3.09904755e+00  2.92927023e+00 
 1.56364000e-09  1.74160633e+00  1.85839367e+00  3.09966294e+00  2.92861934e+00 
 1.56414000e-09  1.74117255e+00  1.85882745e+00  3.10027532e+00  2.92797131e+00 
 1.56464000e-09  1.74073936e+00  1.85926064e+00  3.10088465e+00  2.92732617e+00 
 1.56514000e-09  1.74030674e+00  1.85969326e+00  3.10149091e+00  2.92668395e+00 
 1.56564000e-09  1.73987472e+00  1.86012528e+00  3.10209407e+00  2.92604466e+00 
 1.56614000e-09  1.73944329e+00  1.86055671e+00  3.10269410e+00  2.92540834e+00 
 1.56664000e-09  1.73901246e+00  1.86098754e+00  3.10329099e+00  2.92477501e+00 
 1.56714000e-09  1.73858224e+00  1.86141776e+00  3.10388469e+00  2.92414471e+00 
 1.56764000e-09  1.73815261e+00  1.86184739e+00  3.10447519e+00  2.92351744e+00 
 1.56814000e-09  1.73772360e+00  1.86227640e+00  3.10506246e+00  2.92289325e+00 
 1.56864000e-09  1.73729520e+00  1.86270480e+00  3.10564646e+00  2.92227216e+00 
 1.56914000e-09  1.73686743e+00  1.86313257e+00  3.10622718e+00  2.92165419e+00 
 1.56964000e-09  1.73644027e+00  1.86355973e+00  3.10680458e+00  2.92103937e+00 
 1.57014000e-09  1.73601374e+00  1.86398626e+00  3.10737864e+00  2.92042773e+00 
 1.57064000e-09  1.73558785e+00  1.86441215e+00  3.10794934e+00  2.91981929e+00 
 1.57114000e-09  1.73516258e+00  1.86483742e+00  3.10851664e+00  2.91921407e+00 
 1.57164000e-09  1.73473796e+00  1.86526204e+00  3.10908053e+00  2.91861211e+00 
 1.57214000e-09  1.73431399e+00  1.86568601e+00  3.10964097e+00  2.91801343e+00 
 1.57264000e-09  1.73389066e+00  1.86610934e+00  3.11019794e+00  2.91741805e+00 
 1.57314000e-09  1.73346798e+00  1.86653202e+00  3.11075142e+00  2.91682600e+00 
 1.57364000e-09  1.73304596e+00  1.86695404e+00  3.11130138e+00  2.91623730e+00 
 1.57414000e-09  1.73262460e+00  1.86737540e+00  3.11184779e+00  2.91565199e+00 
 1.57464000e-09  1.73220391e+00  1.86779609e+00  3.11239063e+00  2.91507008e+00 
 1.57514000e-09  1.73178389e+00  1.86821611e+00  3.11292988e+00  2.91449159e+00 
 1.57564000e-09  1.73136453e+00  1.86863547e+00  3.11346551e+00  2.91391656e+00 
 1.57614000e-09  1.73094586e+00  1.86905414e+00  3.11399750e+00  2.91334501e+00 
 1.57664000e-09  1.73052787e+00  1.86947213e+00  3.11452582e+00  2.91277696e+00 
 1.57714000e-09  1.73011056e+00  1.86988944e+00  3.11505046e+00  2.91221244e+00 
 1.57764000e-09  1.72969394e+00  1.87030606e+00  3.11557138e+00  2.91165146e+00 
 1.57814000e-09  1.72927802e+00  1.87072198e+00  3.11608857e+00  2.91109406e+00 
 1.57864000e-09  1.72886280e+00  1.87113720e+00  3.11660201e+00  2.91054026e+00 
 1.57914000e-09  1.72844827e+00  1.87155173e+00  3.11711166e+00  2.90999008e+00 
 1.57964000e-09  1.72803446e+00  1.87196554e+00  3.11761752e+00  2.90944354e+00 
 1.58014000e-09  1.72762135e+00  1.87237865e+00  3.11811955e+00  2.90890067e+00 
 1.58064000e-09  1.72720896e+00  1.87279104e+00  3.11861775e+00  2.90836148e+00 
 1.58114000e-09  1.72679729e+00  1.87320271e+00  3.11911208e+00  2.90782601e+00 
 1.58164000e-09  1.72638633e+00  1.87361367e+00  3.11960253e+00  2.90729426e+00 
 1.58214000e-09  1.72597611e+00  1.87402389e+00  3.12008909e+00  2.90676628e+00 
 1.58264000e-09  1.72556662e+00  1.87443338e+00  3.12057172e+00  2.90624206e+00 
 1.58314000e-09  1.72515786e+00  1.87484214e+00  3.12105041e+00  2.90572165e+00 
 1.58364000e-09  1.72474984e+00  1.87525016e+00  3.12152515e+00  2.90520505e+00 
 1.58414000e-09  1.72434256e+00  1.87565744e+00  3.12199592e+00  2.90469229e+00 
 1.58464000e-09  1.72393603e+00  1.87606397e+00  3.12246270e+00  2.90418338e+00 
 1.58514000e-09  1.72353024e+00  1.87646976e+00  3.12292547e+00  2.90367836e+00 
 1.58564000e-09  1.72312522e+00  1.87687478e+00  3.12338422e+00  2.90317723e+00 
 1.58614000e-09  1.72272095e+00  1.87727905e+00  3.12383893e+00  2.90268001e+00 
 1.58664000e-09  1.72231745e+00  1.87768255e+00  3.12428959e+00  2.90218673e+00 
 1.58714000e-09  1.72191471e+00  1.87808529e+00  3.12473618e+00  2.90169740e+00 
 1.58764000e-09  1.72151274e+00  1.87848726e+00  3.12517869e+00  2.90121205e+00 
 1.58814000e-09  1.72111155e+00  1.87888845e+00  3.12561712e+00  2.90073068e+00 
 1.58864000e-09  1.72071114e+00  1.87928886e+00  3.12605144e+00  2.90025331e+00 
 1.58914000e-09  1.72031150e+00  1.87968850e+00  3.12648164e+00  2.89977996e+00 
 1.58964000e-09  1.71991266e+00  1.88008734e+00  3.12690772e+00  2.89931065e+00 
 1.59014000e-09  1.71951461e+00  1.88048539e+00  3.12732966e+00  2.89884539e+00 
 1.59064000e-09  1.71911735e+00  1.88088265e+00  3.12774745e+00  2.89838420e+00 
 1.59114000e-09  1.71872088e+00  1.88127912e+00  3.12816110e+00  2.89792709e+00 
 1.59164000e-09  1.71832522e+00  1.88167478e+00  3.12857058e+00  2.89747408e+00 
 1.59214000e-09  1.71793037e+00  1.88206963e+00  3.12897589e+00  2.89702517e+00 
 1.59264000e-09  1.71753633e+00  1.88246367e+00  3.12937702e+00  2.89658038e+00 
 1.59314000e-09  1.71714310e+00  1.88285690e+00  3.12977398e+00  2.89613973e+00 
 1.59364000e-09  1.71675069e+00  1.88324931e+00  3.13016675e+00  2.89570323e+00 
 1.59414000e-09  1.71635910e+00  1.88364090e+00  3.13055533e+00  2.89527088e+00 
 1.59464000e-09  1.71596833e+00  1.88403167e+00  3.13093972e+00  2.89484270e+00 
 1.59514000e-09  1.71557840e+00  1.88442160e+00  3.13131991e+00  2.89441870e+00 
 1.59564000e-09  1.71518929e+00  1.88481071e+00  3.13169591e+00  2.89399889e+00 
 1.59614000e-09  1.71480103e+00  1.88519897e+00  3.13206771e+00  2.89358327e+00 
 1.59664000e-09  1.71441360e+00  1.88558640e+00  3.13243531e+00  2.89317186e+00 
 1.59714000e-09  1.71402702e+00  1.88597298e+00  3.13279872e+00  2.89276466e+00 
 1.59764000e-09  1.71364129e+00  1.88635871e+00  3.13315794e+00  2.89236168e+00 
 1.59814000e-09  1.71325641e+00  1.88674359e+00  3.13351297e+00  2.89196293e+00 
 1.59864000e-09  1.71287239e+00  1.88712761e+00  3.13386381e+00  2.89156840e+00 
 1.59914000e-09  1.71248923e+00  1.88751077e+00  3.13421047e+00  2.89117812e+00 
 1.59964000e-09  1.71210693e+00  1.88789307e+00  3.13455295e+00  2.89079208e+00 
 1.60014000e-09  1.71172550e+00  1.88827450e+00  3.13489127e+00  2.89041028e+00 
 1.60064000e-09  1.71134494e+00  1.88865506e+00  3.13522542e+00  2.89003273e+00 
 1.60114000e-09  1.71096525e+00  1.88903475e+00  3.13555542e+00  2.88965943e+00 
 1.60164000e-09  1.71058645e+00  1.88941355e+00  3.13588128e+00  2.88929038e+00 
 1.60214000e-09  1.71020852e+00  1.88979148e+00  3.13620301e+00  2.88892559e+00 
 1.60264000e-09  1.70983149e+00  1.89016851e+00  3.13652062e+00  2.88856505e+00 
 1.60314000e-09  1.70945534e+00  1.89054466e+00  3.13683412e+00  2.88820877e+00 
 1.60364000e-09  1.70908008e+00  1.89091992e+00  3.13714352e+00  2.88785673e+00 
 1.60414000e-09  1.70870573e+00  1.89129427e+00  3.13744884e+00  2.88750895e+00 
 1.60464000e-09  1.70833227e+00  1.89166773e+00  3.13775010e+00  2.88716542e+00 
 1.60514000e-09  1.70795972e+00  1.89204028e+00  3.13804731e+00  2.88682613e+00 
 1.60564000e-09  1.70758808e+00  1.89241192e+00  3.13834049e+00  2.88649108e+00 
 1.60614000e-09  1.70721735e+00  1.89278265e+00  3.13862965e+00  2.88616027e+00 
 1.60664000e-09  1.70684753e+00  1.89315247e+00  3.13891481e+00  2.88583369e+00 
 1.60714000e-09  1.70647864e+00  1.89352136e+00  3.13919601e+00  2.88551133e+00 
 1.60764000e-09  1.70611066e+00  1.89388934e+00  3.13947324e+00  2.88519319e+00 
 1.60814000e-09  1.70574362e+00  1.89425638e+00  3.13974655e+00  2.88487926e+00 
 1.60864000e-09  1.70537750e+00  1.89462250e+00  3.14001594e+00  2.88456954e+00 
 1.60914000e-09  1.70501232e+00  1.89498768e+00  3.14028145e+00  2.88426400e+00 
 1.60964000e-09  1.70464807e+00  1.89535193e+00  3.14054310e+00  2.88396264e+00 
 1.61014000e-09  1.70428477e+00  1.89571523e+00  3.14080091e+00  2.88366546e+00 
 1.61064000e-09  1.70392241e+00  1.89607759e+00  3.14105491e+00  2.88337244e+00 
 1.61114000e-09  1.70356100e+00  1.89643900e+00  3.14130512e+00  2.88308356e+00 
 1.61164000e-09  1.70320054e+00  1.89679946e+00  3.14155158e+00  2.88279881e+00 
 1.61214000e-09  1.70284104e+00  1.89715896e+00  3.14179431e+00  2.88251819e+00 
 1.61264000e-09  1.70248250e+00  1.89751750e+00  3.14203334e+00  2.88224167e+00 
 1.61314000e-09  1.70212492e+00  1.89787508e+00  3.14226870e+00  2.88196924e+00 
 1.61364000e-09  1.70176830e+00  1.89823170e+00  3.14250042e+00  2.88170089e+00 
 1.61414000e-09  1.70141265e+00  1.89858735e+00  3.14272853e+00  2.88143659e+00 
 1.61464000e-09  1.70105798e+00  1.89894202e+00  3.14295307e+00  2.88117632e+00 
 1.61514000e-09  1.70070428e+00  1.89929572e+00  3.14317406e+00  2.88092008e+00 
 1.61564000e-09  1.70035157e+00  1.89964843e+00  3.14339154e+00  2.88066784e+00 
 1.61614000e-09  1.69999983e+00  1.90000017e+00  3.14360554e+00  2.88041958e+00 
 1.61664000e-09  1.69964909e+00  1.90035091e+00  3.14381610e+00  2.88017527e+00 
 1.61714000e-09  1.69929933e+00  1.90070067e+00  3.14402326e+00  2.87993491e+00 
 1.61764000e-09  1.69895057e+00  1.90104943e+00  3.14422703e+00  2.87969846e+00 
 1.61814000e-09  1.69860281e+00  1.90139719e+00  3.14442747e+00  2.87946590e+00 
 1.61864000e-09  1.69825604e+00  1.90174396e+00  3.14462461e+00  2.87923720e+00 
 1.61914000e-09  1.69791028e+00  1.90208972e+00  3.14481848e+00  2.87901236e+00 
 1.61964000e-09  1.69756553e+00  1.90243447e+00  3.14500912e+00  2.87879132e+00 
 1.62014000e-09  1.69722179e+00  1.90277821e+00  3.14519657e+00  2.87857408e+00 
 1.62064000e-09  1.69687906e+00  1.90312094e+00  3.14538087e+00  2.87836061e+00 
 1.62114000e-09  1.69653735e+00  1.90346265e+00  3.14556205e+00  2.87815087e+00 
 1.62164000e-09  1.69619667e+00  1.90380333e+00  3.14574015e+00  2.87794484e+00 
 1.62214000e-09  1.69585700e+00  1.90414300e+00  3.14591520e+00  2.87774250e+00 
 1.62264000e-09  1.69551837e+00  1.90448163e+00  3.14608726e+00  2.87754380e+00 
 1.62314000e-09  1.69518076e+00  1.90481924e+00  3.14625635e+00  2.87734873e+00 
 1.62364000e-09  1.69484419e+00  1.90515581e+00  3.14642251e+00  2.87715724e+00 
 1.62414000e-09  1.69450866e+00  1.90549134e+00  3.14658579e+00  2.87696932e+00 
 1.62464000e-09  1.69417417e+00  1.90582583e+00  3.14674622e+00  2.87678492e+00 
 1.62514000e-09  1.69384072e+00  1.90615928e+00  3.14690384e+00  2.87660402e+00 
 1.62564000e-09  1.69350832e+00  1.90649168e+00  3.14705869e+00  2.87642658e+00 
 1.62614000e-09  1.69317698e+00  1.90682302e+00  3.14721080e+00  2.87625257e+00 
 1.62664000e-09  1.69284668e+00  1.90715332e+00  3.14736023e+00  2.87608196e+00 
 1.62714000e-09  1.69251745e+00  1.90748255e+00  3.14750700e+00  2.87591471e+00 
 1.62764000e-09  1.69218927e+00  1.90781073e+00  3.14765116e+00  2.87575078e+00 
 1.62814000e-09  1.69186216e+00  1.90813784e+00  3.14779274e+00  2.87559015e+00 
 1.62864000e-09  1.69153612e+00  1.90846388e+00  3.14793178e+00  2.87543278e+00 
 1.62914000e-09  1.69121115e+00  1.90878885e+00  3.14806833e+00  2.87527862e+00 
 1.62964000e-09  1.69088725e+00  1.90911275e+00  3.14820241e+00  2.87512765e+00 
 1.63014000e-09  1.69056442e+00  1.90943558e+00  3.14833408e+00  2.87497983e+00 
 1.63064000e-09  1.69024268e+00  1.90975732e+00  3.14846336e+00  2.87483512e+00 
 1.63114000e-09  1.68992202e+00  1.91007798e+00  3.14859029e+00  2.87469348e+00 
 1.63164000e-09  1.68960245e+00  1.91039755e+00  3.14871492e+00  2.87455489e+00 
 1.63214000e-09  1.68928397e+00  1.91071603e+00  3.14883728e+00  2.87441929e+00 
 1.63264000e-09  1.68896658e+00  1.91103342e+00  3.14895740e+00  2.87428666e+00 
 1.63314000e-09  1.68865028e+00  1.91134972e+00  3.14907533e+00  2.87415695e+00 
 1.63364000e-09  1.68833509e+00  1.91166491e+00  3.14919110e+00  2.87403012e+00 
 1.63414000e-09  1.68802099e+00  1.91197901e+00  3.14930475e+00  2.87390615e+00 
 1.63464000e-09  1.68770801e+00  1.91229199e+00  3.14941631e+00  2.87378499e+00 
 1.63514000e-09  1.68739613e+00  1.91260387e+00  3.14952582e+00  2.87366660e+00 
 1.63564000e-09  1.68708536e+00  1.91291464e+00  3.14963332e+00  2.87355094e+00 
 1.63614000e-09  1.68677570e+00  1.91322430e+00  3.14973884e+00  2.87343799e+00 
 1.63664000e-09  1.68646717e+00  1.91353283e+00  3.14984242e+00  2.87332769e+00 
 1.63714000e-09  1.68615975e+00  1.91384025e+00  3.14994408e+00  2.87322001e+00 
 1.63764000e-09  1.68585346e+00  1.91414654e+00  3.15004387e+00  2.87311491e+00 
 1.63814000e-09  1.68554829e+00  1.91445171e+00  3.15014182e+00  2.87301235e+00 
 1.63864000e-09  1.68524425e+00  1.91475575e+00  3.15023797e+00  2.87291230e+00 
 1.63914000e-09  1.68494135e+00  1.91505865e+00  3.15033234e+00  2.87281472e+00 
 1.63964000e-09  1.68463958e+00  1.91536042e+00  3.15042496e+00  2.87271957e+00 
 1.64014000e-09  1.68433895e+00  1.91566105e+00  3.15051588e+00  2.87262681e+00 
 1.64064000e-09  1.68403946e+00  1.91596054e+00  3.15060513e+00  2.87253641e+00 
 1.64114000e-09  1.68374112e+00  1.91625888e+00  3.15069273e+00  2.87244833e+00 
 1.64164000e-09  1.68344392e+00  1.91655608e+00  3.15077871e+00  2.87236252e+00 
 1.64214000e-09  1.68314788e+00  1.91685212e+00  3.15086312e+00  2.87227896e+00 
 1.64264000e-09  1.68285299e+00  1.91714701e+00  3.15094597e+00  2.87219760e+00 
 1.64314000e-09  1.68255925e+00  1.91744075e+00  3.15102730e+00  2.87211842e+00 
 1.64364000e-09  1.68226667e+00  1.91773333e+00  3.15110713e+00  2.87204137e+00 
 1.64414000e-09  1.68197526e+00  1.91802474e+00  3.15118551e+00  2.87196642e+00 
 1.64464000e-09  1.68168501e+00  1.91831499e+00  3.15126245e+00  2.87189353e+00 
 1.64514000e-09  1.68139592e+00  1.91860408e+00  3.15133799e+00  2.87182266e+00 
 1.64564000e-09  1.68110801e+00  1.91889199e+00  3.15141215e+00  2.87175379e+00 
 1.64614000e-09  1.68082127e+00  1.91917873e+00  3.15148495e+00  2.87168688e+00 
 1.64664000e-09  1.68053571e+00  1.91946429e+00  3.15155644e+00  2.87162189e+00 
 1.64714000e-09  1.68025133e+00  1.91974867e+00  3.15162663e+00  2.87155879e+00 
 1.64764000e-09  1.67996812e+00  1.92003188e+00  3.15169556e+00  2.87149754e+00 
 1.64814000e-09  1.67968611e+00  1.92031389e+00  3.15176323e+00  2.87143812e+00 
 1.64864000e-09  1.67940528e+00  1.92059472e+00  3.15182970e+00  2.87138048e+00 
 1.64914000e-09  1.67912564e+00  1.92087436e+00  3.15189496e+00  2.87132460e+00 
 1.64964000e-09  1.67884719e+00  1.92115281e+00  3.15195907e+00  2.87127044e+00 
 1.65014000e-09  1.67856994e+00  1.92143006e+00  3.15202202e+00  2.87121798e+00 
 1.65064000e-09  1.67829389e+00  1.92170611e+00  3.15208386e+00  2.87116717e+00 
 1.65114000e-09  1.67801904e+00  1.92198096e+00  3.15214460e+00  2.87111800e+00 
 1.65164000e-09  1.67774539e+00  1.92225461e+00  3.15220427e+00  2.87107042e+00 
 1.65214000e-09  1.67747295e+00  1.92252705e+00  3.15226289e+00  2.87102441e+00 
 1.65264000e-09  1.67720172e+00  1.92279828e+00  3.15232048e+00  2.87097994e+00 
 1.65314000e-09  1.67693170e+00  1.92306830e+00  3.15237707e+00  2.87093697e+00 
 1.65364000e-09  1.67666290e+00  1.92333710e+00  3.15243267e+00  2.87089549e+00 
 1.65414000e-09  1.67639531e+00  1.92360469e+00  3.15248731e+00  2.87085546e+00 
 1.65464000e-09  1.67612894e+00  1.92387106e+00  3.15254100e+00  2.87081684e+00 
 1.65514000e-09  1.67586380e+00  1.92413620e+00  3.15259378e+00  2.87077962e+00 
 1.65564000e-09  1.67559988e+00  1.92440012e+00  3.15264565e+00  2.87074377e+00 
 1.65614000e-09  1.67533719e+00  1.92466281e+00  3.15269664e+00  2.87070926e+00 
 1.65664000e-09  1.67507572e+00  1.92492428e+00  3.15274676e+00  2.87067606e+00 
 1.65714000e-09  1.67481550e+00  1.92518450e+00  3.15279604e+00  2.87064415e+00 
 1.65764000e-09  1.67455650e+00  1.92544350e+00  3.15284450e+00  2.87061350e+00 
 1.65814000e-09  1.67429875e+00  1.92570125e+00  3.15289215e+00  2.87058408e+00 
 1.65864000e-09  1.67404223e+00  1.92595777e+00  3.15293900e+00  2.87055588e+00 
 1.65914000e-09  1.67378696e+00  1.92621304e+00  3.15298509e+00  2.87052886e+00 
 1.65964000e-09  1.67353294e+00  1.92646706e+00  3.15303042e+00  2.87050300e+00 
 1.66014000e-09  1.67328016e+00  1.92671984e+00  3.15307501e+00  2.87047828e+00 
 1.66064000e-09  1.67302863e+00  1.92697137e+00  3.15311887e+00  2.87045467e+00 
 1.66114000e-09  1.67277836e+00  1.92722164e+00  3.15316204e+00  2.87043216e+00 
 1.66164000e-09  1.67252934e+00  1.92747066e+00  3.15320451e+00  2.87041071e+00 
 1.66214000e-09  1.67228158e+00  1.92771842e+00  3.15324630e+00  2.87039031e+00 
 1.66264000e-09  1.67203508e+00  1.92796492e+00  3.15328744e+00  2.87037094e+00 
 1.66314000e-09  1.67178985e+00  1.92821015e+00  3.15332793e+00  2.87035257e+00 
 1.66364000e-09  1.67154588e+00  1.92845412e+00  3.15336779e+00  2.87033518e+00 
 1.66414000e-09  1.67130317e+00  1.92869683e+00  3.15340704e+00  2.87031876e+00 
 1.66464000e-09  1.67106174e+00  1.92893826e+00  3.15344568e+00  2.87030327e+00 
 1.66514000e-09  1.67082158e+00  1.92917842e+00  3.15348374e+00  2.87028871e+00 
 1.66564000e-09  1.67058269e+00  1.92941731e+00  3.15352121e+00  2.87027505e+00 
 1.66614000e-09  1.67034509e+00  1.92965491e+00  3.15355813e+00  2.87026227e+00 
 1.66664000e-09  1.67010876e+00  1.92989124e+00  3.15359450e+00  2.87025036e+00 
 1.66714000e-09  1.66987371e+00  1.93012629e+00  3.15363033e+00  2.87023930e+00 
 1.66764000e-09  1.66963995e+00  1.93036005e+00  3.15366563e+00  2.87022906e+00 
 1.66814000e-09  1.66940747e+00  1.93059253e+00  3.15370042e+00  2.87021963e+00 
 1.66864000e-09  1.66917629e+00  1.93082371e+00  3.15373471e+00  2.87021100e+00 
 1.66914000e-09  1.66894639e+00  1.93105361e+00  3.15376852e+00  2.87020314e+00 
 1.66964000e-09  1.66871779e+00  1.93128221e+00  3.15380184e+00  2.87019605e+00 
 1.67014000e-09  1.66849048e+00  1.93150952e+00  3.15383469e+00  2.87018969e+00 
 1.67064000e-09  1.66826447e+00  1.93173553e+00  3.15386709e+00  2.87018406e+00 
 1.67114000e-09  1.66803977e+00  1.93196023e+00  3.15389904e+00  2.87017915e+00 
 1.67164000e-09  1.66781636e+00  1.93218364e+00  3.15393056e+00  2.87017493e+00 
 1.67214000e-09  1.66759426e+00  1.93240574e+00  3.15396165e+00  2.87017139e+00 
 1.67264000e-09  1.66737346e+00  1.93262654e+00  3.15399232e+00  2.87016852e+00 
 1.67314000e-09  1.66715398e+00  1.93284602e+00  3.15402259e+00  2.87016630e+00 
 1.67364000e-09  1.66693581e+00  1.93306419e+00  3.15405246e+00  2.87016472e+00 
 1.67414000e-09  1.66671894e+00  1.93328106e+00  3.15408194e+00  2.87016376e+00 
 1.67464000e-09  1.66650340e+00  1.93349660e+00  3.15411104e+00  2.87016341e+00 
 1.67514000e-09  1.66628917e+00  1.93371083e+00  3.15413977e+00  2.87016366e+00 
 1.67564000e-09  1.66607626e+00  1.93392374e+00  3.15416814e+00  2.87016450e+00 
 1.67614000e-09  1.66586468e+00  1.93413532e+00  3.15419615e+00  2.87016590e+00 
 1.67664000e-09  1.66565441e+00  1.93434559e+00  3.15422382e+00  2.87016787e+00 
 1.67714000e-09  1.66544548e+00  1.93455452e+00  3.15425116e+00  2.87017038e+00 
 1.67764000e-09  1.66523787e+00  1.93476213e+00  3.15427816e+00  2.87017343e+00 
 1.67814000e-09  1.66503159e+00  1.93496841e+00  3.15430484e+00  2.87017700e+00 
 1.67864000e-09  1.66482664e+00  1.93517336e+00  3.15433121e+00  2.87018109e+00 
 1.67914000e-09  1.66462303e+00  1.93537697e+00  3.15435726e+00  2.87018567e+00 
 1.67964000e-09  1.66442075e+00  1.93557925e+00  3.15438302e+00  2.87019075e+00 
 1.68014000e-09  1.66421981e+00  1.93578019e+00  3.15440849e+00  2.87019630e+00 
 1.68064000e-09  1.66402022e+00  1.93597978e+00  3.15443367e+00  2.87020232e+00 
 1.68114000e-09  1.66382196e+00  1.93617804e+00  3.15445856e+00  2.87020881e+00 
 1.68164000e-09  1.66362505e+00  1.93637495e+00  3.15448319e+00  2.87021574e+00 
 1.68214000e-09  1.66342948e+00  1.93657052e+00  3.15450755e+00  2.87022311e+00 
 1.68264000e-09  1.66323526e+00  1.93676474e+00  3.15453164e+00  2.87023091e+00 
 1.68314000e-09  1.66304239e+00  1.93695761e+00  3.15455548e+00  2.87023912e+00 
 1.68364000e-09  1.66285088e+00  1.93714912e+00  3.15457908e+00  2.87024776e+00 
 1.68414000e-09  1.66266071e+00  1.93733929e+00  3.15460242e+00  2.87025679e+00 
 1.68464000e-09  1.66247191e+00  1.93752809e+00  3.15462554e+00  2.87026621e+00 
 1.68514000e-09  1.66228446e+00  1.93771554e+00  3.15464841e+00  2.87027603e+00 
 1.68564000e-09  1.66209837e+00  1.93790163e+00  3.15467107e+00  2.87028621e+00 
 1.68614000e-09  1.66191364e+00  1.93808636e+00  3.15469350e+00  2.87029677e+00 
 1.68664000e-09  1.66173027e+00  1.93826973e+00  3.15471571e+00  2.87030768e+00 
 1.68714000e-09  1.66154827e+00  1.93845173e+00  3.15473771e+00  2.87031895e+00 
 1.68764000e-09  1.66136763e+00  1.93863237e+00  3.15475951e+00  2.87033057e+00 
 1.68814000e-09  1.66118836e+00  1.93881164e+00  3.15478110e+00  2.87034252e+00 
 1.68864000e-09  1.66101046e+00  1.93898954e+00  3.15480250e+00  2.87035480e+00 
 1.68914000e-09  1.66083394e+00  1.93916606e+00  3.15482370e+00  2.87036740e+00 
 1.68964000e-09  1.66065879e+00  1.93934121e+00  3.15484472e+00  2.87038032e+00 
 1.69014000e-09  1.66048501e+00  1.93951499e+00  3.15486555e+00  2.87039355e+00 
 1.69064000e-09  1.66031261e+00  1.93968739e+00  3.15488620e+00  2.87040709e+00 
 1.69114000e-09  1.66014159e+00  1.93985841e+00  3.15490667e+00  2.87042092e+00 
 1.69164000e-09  1.65997194e+00  1.94002806e+00  3.15492697e+00  2.87043504e+00 
 1.69214000e-09  1.65980369e+00  1.94019631e+00  3.15494711e+00  2.87044944e+00 
 1.69264000e-09  1.65963681e+00  1.94036319e+00  3.15496708e+00  2.87046412e+00 
 1.69314000e-09  1.65947132e+00  1.94052868e+00  3.15498689e+00  2.87047907e+00 
 1.69364000e-09  1.65930722e+00  1.94069278e+00  3.15500655e+00  2.87049429e+00 
 1.69414000e-09  1.65914450e+00  1.94085550e+00  3.15502605e+00  2.87050977e+00 
 1.69464000e-09  1.65898318e+00  1.94101682e+00  3.15504540e+00  2.87052550e+00 
 1.69514000e-09  1.65882324e+00  1.94117676e+00  3.15506461e+00  2.87054148e+00 
 1.69564000e-09  1.65866470e+00  1.94133530e+00  3.15508367e+00  2.87055771e+00 
 1.69614000e-09  1.65850756e+00  1.94149244e+00  3.15510259e+00  2.87057417e+00 
 1.69664000e-09  1.65835181e+00  1.94164819e+00  3.15512138e+00  2.87059087e+00 
 1.69714000e-09  1.65819746e+00  1.94180254e+00  3.15514003e+00  2.87060780e+00 
 1.69764000e-09  1.65804451e+00  1.94195549e+00  3.15515856e+00  2.87062495e+00 
 1.69814000e-09  1.65789296e+00  1.94210704e+00  3.15517695e+00  2.87064232e+00 
 1.69864000e-09  1.65774281e+00  1.94225719e+00  3.15519522e+00  2.87065991e+00 
 1.69914000e-09  1.65759407e+00  1.94240593e+00  3.15521337e+00  2.87067770e+00 
 1.69964000e-09  1.65744673e+00  1.94255327e+00  3.15523140e+00  2.87069571e+00 
 1.70014000e-09  1.65730080e+00  1.94269920e+00  3.15524932e+00  2.87071391e+00 
 1.70064000e-09  1.65715628e+00  1.94284372e+00  3.15526712e+00  2.87073231e+00 
 1.70114000e-09  1.65701317e+00  1.94298683e+00  3.15528481e+00  2.87075091e+00 
 1.70164000e-09  1.65687147e+00  1.94312853e+00  3.15530239e+00  2.87076969e+00 
 1.70214000e-09  1.65673118e+00  1.94326882e+00  3.15531986e+00  2.87078867e+00 
 1.70264000e-09  1.65659231e+00  1.94340769e+00  3.15533723e+00  2.87080782e+00 
 1.70314000e-09  1.65645485e+00  1.94354515e+00  3.15535450e+00  2.87082715e+00 
 1.70364000e-09  1.65631880e+00  1.94368120e+00  3.15537167e+00  2.87084665e+00 
 1.70414000e-09  1.65618418e+00  1.94381582e+00  3.15538874e+00  2.87086633e+00 
 1.70464000e-09  1.65605098e+00  1.94394902e+00  3.15540572e+00  2.87088617e+00 
 1.70514000e-09  1.65591919e+00  1.94408081e+00  3.15542260e+00  2.87090618e+00 
 1.70564000e-09  1.65578883e+00  1.94421117e+00  3.15543939e+00  2.87092635e+00 
 1.70614000e-09  1.65565989e+00  1.94434011e+00  3.15545609e+00  2.87094667e+00 
 1.70664000e-09  1.65553238e+00  1.94446762e+00  3.15547271e+00  2.87096715e+00 
 1.70714000e-09  1.65540629e+00  1.94459371e+00  3.15548924e+00  2.87098778e+00 
 1.70764000e-09  1.65528163e+00  1.94471837e+00  3.15550569e+00  2.87100856e+00 
 1.70814000e-09  1.65515839e+00  1.94484161e+00  3.15552206e+00  2.87102949e+00 
 1.70864000e-09  1.65503659e+00  1.94496341e+00  3.15553834e+00  2.87105056e+00 
 1.70914000e-09  1.65491622e+00  1.94508378e+00  3.15555455e+00  2.87107176e+00 
 1.70964000e-09  1.65479728e+00  1.94520272e+00  3.15557068e+00  2.87109311e+00 
 1.71014000e-09  1.65467977e+00  1.94532023e+00  3.15558674e+00  2.87111459e+00 
 1.71064000e-09  1.65456369e+00  1.94543631e+00  3.15560273e+00  2.87113620e+00 
 1.71114000e-09  1.65444906e+00  1.94555094e+00  3.15561864e+00  2.87115793e+00 
 1.71164000e-09  1.65433586e+00  1.94566414e+00  3.15563448e+00  2.87117980e+00 
 1.71214000e-09  1.65422409e+00  1.94577591e+00  3.15565026e+00  2.87120179e+00 
 1.71264000e-09  1.65411377e+00  1.94588623e+00  3.15566596e+00  2.87122390e+00 
 1.71314000e-09  1.65400488e+00  1.94599512e+00  3.15568160e+00  2.87124613e+00 
 1.71364000e-09  1.65389744e+00  1.94610256e+00  3.15569718e+00  2.87126848e+00 
 1.71414000e-09  1.65379143e+00  1.94620857e+00  3.15571269e+00  2.87129094e+00 
 1.71464000e-09  1.65368687e+00  1.94631313e+00  3.15572815e+00  2.87131352e+00 
 1.71514000e-09  1.65358376e+00  1.94641624e+00  3.15574354e+00  2.87133621e+00 
 1.71564000e-09  1.65348209e+00  1.94651791e+00  3.15575887e+00  2.87135900e+00 
 1.71614000e-09  1.65338186e+00  1.94661814e+00  3.15577414e+00  2.87138190e+00 
 1.71664000e-09  1.65328309e+00  1.94671691e+00  3.15578936e+00  2.87140491e+00 
 1.71714000e-09  1.65318576e+00  1.94681424e+00  3.15580452e+00  2.87142802e+00 
 1.71764000e-09  1.65308988e+00  1.94691012e+00  3.15581963e+00  2.87145123e+00 
 1.71814000e-09  1.65299545e+00  1.94700455e+00  3.15583468e+00  2.87147454e+00 
 1.71864000e-09  1.65290247e+00  1.94709753e+00  3.15584968e+00  2.87149795e+00 
 1.71914000e-09  1.65281094e+00  1.94718906e+00  3.15586463e+00  2.87152145e+00 
 1.71964000e-09  1.65272087e+00  1.94727913e+00  3.15587953e+00  2.87154505e+00 
 1.72014000e-09  1.65263225e+00  1.94736775e+00  3.15589438e+00  2.87156874e+00 
 1.72064000e-09  1.65254508e+00  1.94745492e+00  3.15590918e+00  2.87159251e+00 
 1.72114000e-09  1.65245937e+00  1.94754063e+00  3.15592394e+00  2.87161638e+00 
 1.72164000e-09  1.65237511e+00  1.94762489e+00  3.15593864e+00  2.87164034e+00 
 1.72214000e-09  1.65229231e+00  1.94770769e+00  3.15595331e+00  2.87166438e+00 
 1.72264000e-09  1.65221097e+00  1.94778903e+00  3.15596792e+00  2.87168851e+00 
 1.72314000e-09  1.65213109e+00  1.94786891e+00  3.15598249e+00  2.87171271e+00 
 1.72364000e-09  1.65205267e+00  1.94794733e+00  3.15599702e+00  2.87173700e+00 
 1.72414000e-09  1.65197571e+00  1.94802429e+00  3.15601151e+00  2.87176137e+00 
 1.72464000e-09  1.65190020e+00  1.94809980e+00  3.15602596e+00  2.87178582e+00 
 1.72514000e-09  1.65182617e+00  1.94817383e+00  3.15604036e+00  2.87181035e+00 
 1.72564000e-09  1.65175359e+00  1.94824641e+00  3.15605472e+00  2.87183495e+00 
 1.72614000e-09  1.65168247e+00  1.94831753e+00  3.15606905e+00  2.87185963e+00 
 1.72664000e-09  1.65161282e+00  1.94838718e+00  3.15608334e+00  2.87188439e+00 
 1.72714000e-09  1.65154464e+00  1.94845536e+00  3.15609758e+00  2.87190921e+00 
 1.72764000e-09  1.65147792e+00  1.94852208e+00  3.15611179e+00  2.87193411e+00 
 1.72814000e-09  1.65141266e+00  1.94858734e+00  3.15612597e+00  2.87195907e+00 
 1.72864000e-09  1.65134887e+00  1.94865113e+00  3.15614011e+00  2.87198411e+00 
 1.72914000e-09  1.65128655e+00  1.94871345e+00  3.15615421e+00  2.87200921e+00 
 1.72964000e-09  1.65122570e+00  1.94877430e+00  3.15616827e+00  2.87203438e+00 
 1.73014000e-09  1.65116632e+00  1.94883368e+00  3.15618231e+00  2.87205962e+00 
 1.73064000e-09  1.65110840e+00  1.94889160e+00  3.15619631e+00  2.87208492e+00 
 1.73114000e-09  1.65105195e+00  1.94894805e+00  3.15621027e+00  2.87211029e+00 
 1.73164000e-09  1.65099698e+00  1.94900302e+00  3.15622420e+00  2.87213572e+00 
 1.73214000e-09  1.65094347e+00  1.94905653e+00  3.15623810e+00  2.87216121e+00 
 1.73264000e-09  1.65089144e+00  1.94910856e+00  3.15625197e+00  2.87218677e+00 
 1.73314000e-09  1.65084087e+00  1.94915913e+00  3.15626581e+00  2.87221238e+00 
 1.73364000e-09  1.65079178e+00  1.94920822e+00  3.15627962e+00  2.87223805e+00 
 1.73414000e-09  1.65074416e+00  1.94925584e+00  3.15629339e+00  2.87226379e+00 
 1.73464000e-09  1.65069802e+00  1.94930198e+00  3.15630714e+00  2.87228958e+00 
 1.73514000e-09  1.65065335e+00  1.94934665e+00  3.15632085e+00  2.87231542e+00 
 1.73564000e-09  1.65061015e+00  1.94938985e+00  3.15633454e+00  2.87234133e+00 
 1.73614000e-09  1.65056842e+00  1.94943158e+00  3.15634820e+00  2.87236729e+00 
 1.73664000e-09  1.65052818e+00  1.94947182e+00  3.15636183e+00  2.87239330e+00 
 1.73714000e-09  1.65048940e+00  1.94951060e+00  3.15637543e+00  2.87241937e+00 
 1.73764000e-09  1.65045211e+00  1.94954789e+00  3.15638900e+00  2.87244549e+00 
 1.73814000e-09  1.65041628e+00  1.94958372e+00  3.15640255e+00  2.87247167e+00 
 1.73864000e-09  1.65038194e+00  1.94961806e+00  3.15641607e+00  2.87249789e+00 
 1.73914000e-09  1.65034907e+00  1.94965093e+00  3.15642956e+00  2.87252417e+00 
 1.73964000e-09  1.65031768e+00  1.94968232e+00  3.15644303e+00  2.87255050e+00 
 1.74014000e-09  1.65028776e+00  1.94971224e+00  3.15645647e+00  2.87257688e+00 
 1.74064000e-09  1.65025933e+00  1.94974067e+00  3.15646988e+00  2.87260331e+00 
 1.74114000e-09  1.65023237e+00  1.94976763e+00  3.15648327e+00  2.87262979e+00 
 1.74164000e-09  1.65020689e+00  1.94979311e+00  3.15649663e+00  2.87265632e+00 
 1.74214000e-09  1.65018288e+00  1.94981712e+00  3.15650997e+00  2.87268289e+00 
 1.74264000e-09  1.65016036e+00  1.94983964e+00  3.15652328e+00  2.87270951e+00 
 1.74314000e-09  1.65013932e+00  1.94986068e+00  3.15653657e+00  2.87273618e+00 
 1.74364000e-09  1.65011975e+00  1.94988025e+00  3.15654983e+00  2.87276290e+00 
 1.74414000e-09  1.65010166e+00  1.94989834e+00  3.15656307e+00  2.87278966e+00 
 1.74464000e-09  1.65008506e+00  1.94991494e+00  3.15657629e+00  2.87281646e+00 
 1.74514000e-09  1.65006993e+00  1.94993007e+00  3.15658948e+00  2.87284332e+00 
 1.74564000e-09  1.65005628e+00  1.94994372e+00  3.15660265e+00  2.87287021e+00 
 1.74614000e-09  1.65004411e+00  1.94995589e+00  3.15661579e+00  2.87289715e+00 
 1.74664000e-09  1.65003343e+00  1.94996657e+00  3.15662891e+00  2.87292414e+00 
 1.74714000e-09  1.65002422e+00  1.94997578e+00  3.15664201e+00  2.87295116e+00 
 1.74764000e-09  1.65001649e+00  1.94998351e+00  3.15665508e+00  2.87297823e+00 
 1.74814000e-09  1.65001024e+00  1.94998976e+00  3.15666813e+00  2.87300535e+00 
 1.74864000e-09  1.65000548e+00  1.94999452e+00  3.15668116e+00  2.87303250e+00 
 1.74914000e-09  1.65000219e+00  1.94999781e+00  3.15669416e+00  2.87305970e+00 
 1.74964000e-09  1.65000038e+00  1.94999962e+00  3.15670715e+00  2.87308693e+00 
 1.75014000e-09  1.65000006e+00  1.94999994e+00  3.15672010e+00  2.87311421e+00 
 1.75064000e-09  1.65000121e+00  1.94999879e+00  3.15673304e+00  2.87314153e+00 
 1.75114000e-09  1.65000385e+00  1.94999615e+00  3.15674596e+00  2.87316889e+00 
 1.75164000e-09  1.65000796e+00  1.94999204e+00  3.15675885e+00  2.87319629e+00 
 1.75214000e-09  1.65001356e+00  1.94998644e+00  3.15677172e+00  2.87322373e+00 
 1.75264000e-09  1.65002064e+00  1.94997936e+00  3.15678456e+00  2.87325121e+00 
 1.75314000e-09  1.65002919e+00  1.94997081e+00  3.15679739e+00  2.87327873e+00 
 1.75364000e-09  1.65003923e+00  1.94996077e+00  3.15681019e+00  2.87330629e+00 
 1.75414000e-09  1.65005075e+00  1.94994925e+00  3.15682297e+00  2.87333388e+00 
 1.75464000e-09  1.65006374e+00  1.94993626e+00  3.15683572e+00  2.87336152e+00 
 1.75514000e-09  1.65007822e+00  1.94992178e+00  3.15684846e+00  2.87338919e+00 
 1.75564000e-09  1.65009417e+00  1.94990583e+00  3.15686117e+00  2.87341690e+00 
 1.75614000e-09  1.65011161e+00  1.94988839e+00  3.15687386e+00  2.87344465e+00 
 1.75664000e-09  1.65013053e+00  1.94986947e+00  3.15688653e+00  2.87347244e+00 
 1.75714000e-09  1.65015092e+00  1.94984908e+00  3.15689917e+00  2.87350026e+00 
 1.75764000e-09  1.65017279e+00  1.94982721e+00  3.15691179e+00  2.87352812e+00 
 1.75814000e-09  1.65019614e+00  1.94980386e+00  3.15692439e+00  2.87355602e+00 
 1.75864000e-09  1.65022097e+00  1.94977903e+00  3.15693697e+00  2.87358396e+00 
 1.75914000e-09  1.65024728e+00  1.94975272e+00  3.15694952e+00  2.87361193e+00 
 1.75964000e-09  1.65027507e+00  1.94972493e+00  3.15696206e+00  2.87363994e+00 
 1.76014000e-09  1.65030433e+00  1.94969567e+00  3.15697456e+00  2.87366798e+00 
 1.76064000e-09  1.65033508e+00  1.94966492e+00  3.15698705e+00  2.87369606e+00 
 1.76114000e-09  1.65036729e+00  1.94963271e+00  3.15699951e+00  2.87372418e+00 
 1.76164000e-09  1.65040099e+00  1.94959901e+00  3.15701195e+00  2.87375233e+00 
 1.76214000e-09  1.65043616e+00  1.94956384e+00  3.15702436e+00  2.87378052e+00 
 1.76264000e-09  1.65047281e+00  1.94952719e+00  3.15703675e+00  2.87380875e+00 
 1.76314000e-09  1.65051093e+00  1.94948907e+00  3.15704912e+00  2.87383701e+00 
 1.76364000e-09  1.65055053e+00  1.94944947e+00  3.15706146e+00  2.87386531e+00 
 1.76414000e-09  1.65059161e+00  1.94940839e+00  3.15707378e+00  2.87389364e+00 
 1.76464000e-09  1.65063416e+00  1.94936584e+00  3.15708608e+00  2.87392201e+00 
 1.76514000e-09  1.65067818e+00  1.94932182e+00  3.15709835e+00  2.87395042e+00 
 1.76564000e-09  1.65072368e+00  1.94927632e+00  3.15711059e+00  2.87397886e+00 
 1.76614000e-09  1.65077065e+00  1.94922935e+00  3.15712281e+00  2.87400733e+00 
 1.76664000e-09  1.65081909e+00  1.94918091e+00  3.15713501e+00  2.87403584e+00 
 1.76714000e-09  1.65086901e+00  1.94913099e+00  3.15714718e+00  2.87406439e+00 
 1.76764000e-09  1.65092039e+00  1.94907961e+00  3.15715932e+00  2.87409297e+00 
 1.76814000e-09  1.65097325e+00  1.94902675e+00  3.15717144e+00  2.87412159e+00 
 1.76864000e-09  1.65102758e+00  1.94897242e+00  3.15718353e+00  2.87415024e+00 
 1.76914000e-09  1.65108338e+00  1.94891662e+00  3.15719560e+00  2.87417893e+00 
 1.76964000e-09  1.65114065e+00  1.94885935e+00  3.15720764e+00  2.87420766e+00 
 1.77014000e-09  1.65119939e+00  1.94880061e+00  3.15721965e+00  2.87423642e+00 
 1.77064000e-09  1.65125960e+00  1.94874040e+00  3.15723164e+00  2.87426521e+00 
 1.77114000e-09  1.65132127e+00  1.94867873e+00  3.15724360e+00  2.87429404e+00 
 1.77164000e-09  1.65138442e+00  1.94861558e+00  3.15725553e+00  2.87432291e+00 
 1.77214000e-09  1.65144902e+00  1.94855098e+00  3.15726743e+00  2.87435181e+00 
 1.77264000e-09  1.65151510e+00  1.94848490e+00  3.15727930e+00  2.87438075e+00 
 1.77314000e-09  1.65158264e+00  1.94841736e+00  3.15729114e+00  2.87440973e+00 
 1.77364000e-09  1.65165165e+00  1.94834835e+00  3.15730296e+00  2.87443874e+00 
 1.77414000e-09  1.65172212e+00  1.94827788e+00  3.15731475e+00  2.87446779e+00 
 1.77464000e-09  1.65179405e+00  1.94820595e+00  3.15732650e+00  2.87449687e+00 
 1.77514000e-09  1.65186745e+00  1.94813255e+00  3.15733823e+00  2.87452599e+00 
 1.77564000e-09  1.65194231e+00  1.94805769e+00  3.15734992e+00  2.87455515e+00 
 1.77614000e-09  1.65201863e+00  1.94798137e+00  3.15736158e+00  2.87458434e+00 
 1.77664000e-09  1.65209641e+00  1.94790359e+00  3.15737321e+00  2.87461358e+00 
 1.77714000e-09  1.65217564e+00  1.94782436e+00  3.15738481e+00  2.87464284e+00 
 1.77764000e-09  1.65225634e+00  1.94774366e+00  3.15739638e+00  2.87467215e+00 
 1.77814000e-09  1.65233850e+00  1.94766150e+00  3.15740791e+00  2.87470149e+00 
 1.77864000e-09  1.65242212e+00  1.94757788e+00  3.15741941e+00  2.87473087e+00 
 1.77914000e-09  1.65250719e+00  1.94749281e+00  3.15743088e+00  2.87476029e+00 
 1.77964000e-09  1.65259371e+00  1.94740629e+00  3.15744231e+00  2.87478975e+00 
 1.78014000e-09  1.65268169e+00  1.94731831e+00  3.15745371e+00  2.87481925e+00 
 1.78064000e-09  1.65277113e+00  1.94722887e+00  3.15746507e+00  2.87484878e+00 
 1.78114000e-09  1.65286202e+00  1.94713798e+00  3.15747639e+00  2.87487835e+00 
 1.78164000e-09  1.65295436e+00  1.94704564e+00  3.15748768e+00  2.87490797e+00 
 1.78214000e-09  1.65304815e+00  1.94695185e+00  3.15749893e+00  2.87493762e+00 
 1.78264000e-09  1.65314339e+00  1.94685661e+00  3.15751014e+00  2.87496731e+00 
 1.78314000e-09  1.65324008e+00  1.94675992e+00  3.15752131e+00  2.87499704e+00 
 1.78364000e-09  1.65333822e+00  1.94666178e+00  3.15753245e+00  2.87502681e+00 
 1.78414000e-09  1.65343781e+00  1.94656219e+00  3.15754354e+00  2.87505662e+00 
 1.78464000e-09  1.65353885e+00  1.94646115e+00  3.15755460e+00  2.87508648e+00 
 1.78514000e-09  1.65364133e+00  1.94635867e+00  3.15756561e+00  2.87511637e+00 
 1.78564000e-09  1.65374525e+00  1.94625475e+00  3.15757658e+00  2.87514631e+00 
 1.78614000e-09  1.65385062e+00  1.94614938e+00  3.15758751e+00  2.87517629e+00 
 1.78664000e-09  1.65395743e+00  1.94604257e+00  3.15759839e+00  2.87520631e+00 
 1.78714000e-09  1.65406568e+00  1.94593432e+00  3.15760923e+00  2.87523637e+00 
 1.78764000e-09  1.65417537e+00  1.94582463e+00  3.15762003e+00  2.87526648e+00 
 1.78814000e-09  1.65428650e+00  1.94571350e+00  3.15763078e+00  2.87529663e+00 
 1.78864000e-09  1.65439907e+00  1.94560093e+00  3.15764148e+00  2.87532682e+00 
 1.78914000e-09  1.65451308e+00  1.94548692e+00  3.15765214e+00  2.87535706e+00 
 1.78964000e-09  1.65462852e+00  1.94537148e+00  3.15766275e+00  2.87538735e+00 
 1.79014000e-09  1.65474540e+00  1.94525460e+00  3.15767331e+00  2.87541768e+00 
 1.79064000e-09  1.65486371e+00  1.94513629e+00  3.15768382e+00  2.87544805e+00 
 1.79114000e-09  1.65498345e+00  1.94501655e+00  3.15769427e+00  2.87547848e+00 
 1.79164000e-09  1.65510462e+00  1.94489538e+00  3.15770468e+00  2.87550895e+00 
 1.79214000e-09  1.65522723e+00  1.94477277e+00  3.15771503e+00  2.87553946e+00 
 1.79264000e-09  1.65535126e+00  1.94464874e+00  3.15772533e+00  2.87557003e+00 
 1.79314000e-09  1.65547672e+00  1.94452328e+00  3.15773558e+00  2.87560064e+00 
 1.79364000e-09  1.65560361e+00  1.94439639e+00  3.15774577e+00  2.87563131e+00 
 1.79414000e-09  1.65573192e+00  1.94426808e+00  3.15775590e+00  2.87566202e+00 
 1.79464000e-09  1.65586166e+00  1.94413834e+00  3.15776597e+00  2.87569278e+00 
 1.79514000e-09  1.65599281e+00  1.94400719e+00  3.15777599e+00  2.87572360e+00 
 1.79564000e-09  1.65612539e+00  1.94387461e+00  3.15778594e+00  2.87575447e+00 
 1.79614000e-09  1.65625939e+00  1.94374061e+00  3.15779584e+00  2.87578539e+00 
 1.79664000e-09  1.65639481e+00  1.94360519e+00  3.15780567e+00  2.87581636e+00 
 1.79714000e-09  1.65653165e+00  1.94346835e+00  3.15781543e+00  2.87584739e+00 
 1.79764000e-09  1.65666990e+00  1.94333010e+00  3.15782514e+00  2.87587847e+00 
 1.79814000e-09  1.65680957e+00  1.94319043e+00  3.15783477e+00  2.87590960e+00 
 1.79864000e-09  1.65695065e+00  1.94304935e+00  3.15784434e+00  2.87594080e+00 
 1.79914000e-09  1.65709314e+00  1.94290686e+00  3.15785384e+00  2.87597205e+00 
 1.79964000e-09  1.65723704e+00  1.94276296e+00  3.15786327e+00  2.87600336e+00 
 1.80014000e-09  1.65738235e+00  1.94261765e+00  3.15787262e+00  2.87603472e+00 
 1.80064000e-09  1.65752907e+00  1.94247093e+00  3.15788191e+00  2.87606615e+00 
 1.80114000e-09  1.65767719e+00  1.94232281e+00  3.15789111e+00  2.87609764e+00 
 1.80164000e-09  1.65782672e+00  1.94217328e+00  3.15790025e+00  2.87612919e+00 
 1.80214000e-09  1.65797766e+00  1.94202234e+00  3.15790930e+00  2.87616080e+00 
 1.80264000e-09  1.65812999e+00  1.94187001e+00  3.15791827e+00  2.87619248e+00 
 1.80314000e-09  1.65828373e+00  1.94171627e+00  3.15792717e+00  2.87622422e+00 
 1.80364000e-09  1.65843886e+00  1.94156114e+00  3.15793598e+00  2.87625602e+00 
 1.80414000e-09  1.65859539e+00  1.94140461e+00  3.15794470e+00  2.87628789e+00 
 1.80464000e-09  1.65875331e+00  1.94124669e+00  3.15795334e+00  2.87631983e+00 
 1.80514000e-09  1.65891263e+00  1.94108737e+00  3.15796190e+00  2.87635184e+00 
 1.80564000e-09  1.65907335e+00  1.94092665e+00  3.15797036e+00  2.87638392e+00 
 1.80614000e-09  1.65923545e+00  1.94076455e+00  3.15797873e+00  2.87641607e+00 
 1.80664000e-09  1.65939894e+00  1.94060106e+00  3.15798700e+00  2.87644829e+00 
 1.80714000e-09  1.65956382e+00  1.94043618e+00  3.15799518e+00  2.87648058e+00 
 1.80764000e-09  1.65973009e+00  1.94026991e+00  3.15800327e+00  2.87651295e+00 
 1.80814000e-09  1.65989774e+00  1.94010226e+00  3.15801125e+00  2.87654540e+00 
 1.80864000e-09  1.66006677e+00  1.93993323e+00  3.15801913e+00  2.87657792e+00 
 1.80914000e-09  1.66023719e+00  1.93976281e+00  3.15802691e+00  2.87661053e+00 
 1.80964000e-09  1.66040898e+00  1.93959102e+00  3.15803458e+00  2.87664321e+00 
 1.81014000e-09  1.66058215e+00  1.93941785e+00  3.15804214e+00  2.87667597e+00 
 1.81064000e-09  1.66075670e+00  1.93924330e+00  3.15804959e+00  2.87670882e+00 
 1.81114000e-09  1.66093262e+00  1.93906738e+00  3.15805693e+00  2.87674175e+00 
 1.81164000e-09  1.66110992e+00  1.93889008e+00  3.15806415e+00  2.87677477e+00 
 1.81214000e-09  1.66128858e+00  1.93871142e+00  3.15807126e+00  2.87680788e+00 
 1.81264000e-09  1.66146862e+00  1.93853138e+00  3.15807824e+00  2.87684108e+00 
 1.81314000e-09  1.66165002e+00  1.93834998e+00  3.15808510e+00  2.87687436e+00 
 1.81364000e-09  1.66183279e+00  1.93816721e+00  3.15809183e+00  2.87690774e+00 
 1.81414000e-09  1.66201692e+00  1.93798308e+00  3.15809843e+00  2.87694122e+00 
 1.81464000e-09  1.66220241e+00  1.93779759e+00  3.15810490e+00  2.87697479e+00 
 1.81514000e-09  1.66238926e+00  1.93761074e+00  3.15811124e+00  2.87700846e+00 
 1.81564000e-09  1.66257747e+00  1.93742253e+00  3.15811744e+00  2.87704224e+00 
 1.81614000e-09  1.66276704e+00  1.93723296e+00  3.15812350e+00  2.87707611e+00 
 1.81664000e-09  1.66295796e+00  1.93704204e+00  3.15812941e+00  2.87711009e+00 
 1.81714000e-09  1.66315023e+00  1.93684977e+00  3.15813518e+00  2.87714417e+00 
 1.81764000e-09  1.66334386e+00  1.93665614e+00  3.15814079e+00  2.87717837e+00 
 1.81814000e-09  1.66353883e+00  1.93646117e+00  3.15814625e+00  2.87721267e+00 
 1.81864000e-09  1.66373515e+00  1.93626485e+00  3.15815156e+00  2.87724709e+00 
 1.81914000e-09  1.66393282e+00  1.93606718e+00  3.15815670e+00  2.87728162e+00 
 1.81964000e-09  1.66413183e+00  1.93586817e+00  3.15816168e+00  2.87731627e+00 
 1.82014000e-09  1.66433217e+00  1.93566783e+00  3.15816649e+00  2.87735105e+00 
 1.82064000e-09  1.66453386e+00  1.93546614e+00  3.15817112e+00  2.87738594e+00 
 1.82114000e-09  1.66473689e+00  1.93526311e+00  3.15817558e+00  2.87742096e+00 
 1.82164000e-09  1.66494125e+00  1.93505875e+00  3.15817987e+00  2.87745611e+00 
 1.82214000e-09  1.66514694e+00  1.93485306e+00  3.15818396e+00  2.87749139e+00 
 1.82264000e-09  1.66535396e+00  1.93464604e+00  3.15818787e+00  2.87752680e+00 
 1.82314000e-09  1.66556232e+00  1.93443768e+00  3.15819159e+00  2.87756235e+00 
 1.82364000e-09  1.66577200e+00  1.93422800e+00  3.15819510e+00  2.87759804e+00 
 1.82414000e-09  1.66598300e+00  1.93401700e+00  3.15819842e+00  2.87763387e+00 
 1.82464000e-09  1.66619533e+00  1.93380467e+00  3.15820153e+00  2.87766984e+00 
 1.82514000e-09  1.66640898e+00  1.93359102e+00  3.15820443e+00  2.87770597e+00 
 1.82564000e-09  1.66662394e+00  1.93337606e+00  3.15820711e+00  2.87774224e+00 
 1.82614000e-09  1.66684022e+00  1.93315978e+00  3.15820957e+00  2.87777867e+00 
 1.82664000e-09  1.66705782e+00  1.93294218e+00  3.15821180e+00  2.87781526e+00 
 1.82714000e-09  1.66727673e+00  1.93272327e+00  3.15821380e+00  2.87785201e+00 
 1.82764000e-09  1.66749695e+00  1.93250305e+00  3.15821557e+00  2.87788893e+00 
 1.82814000e-09  1.66771848e+00  1.93228152e+00  3.15821709e+00  2.87792601e+00 
 1.82864000e-09  1.66794131e+00  1.93205869e+00  3.15821837e+00  2.87796327e+00 
 1.82914000e-09  1.66816544e+00  1.93183456e+00  3.15821939e+00  2.87800071e+00 
 1.82964000e-09  1.66839088e+00  1.93160912e+00  3.15822015e+00  2.87803833e+00 
 1.83014000e-09  1.66861761e+00  1.93138239e+00  3.15822064e+00  2.87807613e+00 
 1.83064000e-09  1.66884565e+00  1.93115435e+00  3.15822086e+00  2.87811412e+00 
 1.83114000e-09  1.66907497e+00  1.93092503e+00  3.15822080e+00  2.87815230e+00 
 1.83164000e-09  1.66930559e+00  1.93069441e+00  3.15822046e+00  2.87819068e+00 
 1.83214000e-09  1.66953750e+00  1.93046250e+00  3.15821982e+00  2.87822926e+00 
 1.83264000e-09  1.66977070e+00  1.93022930e+00  3.15821888e+00  2.87826805e+00 
 1.83314000e-09  1.67000518e+00  1.92999482e+00  3.15821764e+00  2.87830706e+00 
 1.83364000e-09  1.67024094e+00  1.92975906e+00  3.15821609e+00  2.87834627e+00 
 1.83414000e-09  1.67047799e+00  1.92952201e+00  3.15821421e+00  2.87838571e+00 
 1.83464000e-09  1.67071631e+00  1.92928369e+00  3.15821200e+00  2.87842538e+00 
 1.83514000e-09  1.67095591e+00  1.92904409e+00  3.15820946e+00  2.87846528e+00 
 1.83564000e-09  1.67119679e+00  1.92880321e+00  3.15820657e+00  2.87850541e+00 
 1.83614000e-09  1.67143893e+00  1.92856107e+00  3.15820333e+00  2.87854579e+00 
 1.83664000e-09  1.67168234e+00  1.92831766e+00  3.15819973e+00  2.87858642e+00 
 1.83714000e-09  1.67192702e+00  1.92807298e+00  3.15819575e+00  2.87862730e+00 
 1.83764000e-09  1.67217297e+00  1.92782703e+00  3.15819140e+00  2.87866844e+00 
 1.83814000e-09  1.67242017e+00  1.92757983e+00  3.15818666e+00  2.87870984e+00 
 1.83864000e-09  1.67266864e+00  1.92733136e+00  3.15818152e+00  2.87875152e+00 
 1.83914000e-09  1.67291836e+00  1.92708164e+00  3.15817598e+00  2.87879348e+00 
 1.83964000e-09  1.67316933e+00  1.92683067e+00  3.15817001e+00  2.87883573e+00 
 1.84014000e-09  1.67342156e+00  1.92657844e+00  3.15816363e+00  2.87887826e+00 
 1.84064000e-09  1.67367504e+00  1.92632496e+00  3.15815680e+00  2.87892110e+00 
 1.84114000e-09  1.67392976e+00  1.92607024e+00  3.15814952e+00  2.87896424e+00 
 1.84164000e-09  1.67418573e+00  1.92581427e+00  3.15814179e+00  2.87900770e+00 
 1.84214000e-09  1.67444294e+00  1.92555706e+00  3.15813359e+00  2.87905147e+00 
 1.84264000e-09  1.67470139e+00  1.92529861e+00  3.15812490e+00  2.87909558e+00 
 1.84314000e-09  1.67496107e+00  1.92503893e+00  3.15811572e+00  2.87914002e+00 
 1.84364000e-09  1.67522199e+00  1.92477801e+00  3.15810604e+00  2.87918481e+00 
 1.84414000e-09  1.67548414e+00  1.92451586e+00  3.15809584e+00  2.87922995e+00 
 1.84464000e-09  1.67574752e+00  1.92425248e+00  3.15808511e+00  2.87927546e+00 
 1.84514000e-09  1.67601213e+00  1.92398787e+00  3.15807384e+00  2.87932133e+00 
 1.84564000e-09  1.67627796e+00  1.92372204e+00  3.15806201e+00  2.87936758e+00 
 1.84614000e-09  1.67654501e+00  1.92345499e+00  3.15804962e+00  2.87941422e+00 
 1.84664000e-09  1.67681328e+00  1.92318672e+00  3.15803664e+00  2.87946126e+00 
 1.84714000e-09  1.67708276e+00  1.92291724e+00  3.15802306e+00  2.87950871e+00 
 1.84764000e-09  1.67735346e+00  1.92264654e+00  3.15800887e+00  2.87955657e+00 
 1.84814000e-09  1.67762537e+00  1.92237463e+00  3.15799406e+00  2.87960487e+00 
 1.84864000e-09  1.67789849e+00  1.92210151e+00  3.15797860e+00  2.87965360e+00 
 1.84914000e-09  1.67817281e+00  1.92182719e+00  3.15796249e+00  2.87970277e+00 
 1.84964000e-09  1.67844833e+00  1.92155167e+00  3.15794571e+00  2.87975241e+00 
 1.85014000e-09  1.67872505e+00  1.92127495e+00  3.15792823e+00  2.87980252e+00 
 1.85064000e-09  1.67900297e+00  1.92099703e+00  3.15791005e+00  2.87985311e+00 
 1.85114000e-09  1.67928209e+00  1.92071791e+00  3.15789115e+00  2.87990419e+00 
 1.85164000e-09  1.67956240e+00  1.92043760e+00  3.15787151e+00  2.87995578e+00 
 1.85214000e-09  1.67984389e+00  1.92015611e+00  3.15785110e+00  2.88000789e+00 
 1.85264000e-09  1.68012657e+00  1.91987343e+00  3.15782993e+00  2.88006053e+00 
 1.85314000e-09  1.68041044e+00  1.91958956e+00  3.15780795e+00  2.88011371e+00 
 1.85364000e-09  1.68069548e+00  1.91930452e+00  3.15778517e+00  2.88016745e+00 
 1.85414000e-09  1.68098170e+00  1.91901830e+00  3.15776155e+00  2.88022175e+00 
 1.85464000e-09  1.68126910e+00  1.91873090e+00  3.15773707e+00  2.88027665e+00 
 1.85514000e-09  1.68155767e+00  1.91844233e+00  3.15771172e+00  2.88033214e+00 
 1.85564000e-09  1.68184740e+00  1.91815260e+00  3.15768548e+00  2.88038824e+00 
 1.85614000e-09  1.68213831e+00  1.91786169e+00  3.15765832e+00  2.88044497e+00 
 1.85664000e-09  1.68243037e+00  1.91756963e+00  3.15763022e+00  2.88050234e+00 
 1.85714000e-09  1.68272360e+00  1.91727640e+00  3.15760116e+00  2.88056038e+00 
 1.85764000e-09  1.68301798e+00  1.91698202e+00  3.15757112e+00  2.88061908e+00 
 1.85814000e-09  1.68331352e+00  1.91668648e+00  3.15754007e+00  2.88067848e+00 
 1.85864000e-09  1.68361021e+00  1.91638979e+00  3.15750799e+00  2.88073858e+00 
 1.85914000e-09  1.68390805e+00  1.91609195e+00  3.15747485e+00  2.88079941e+00 
 1.85964000e-09  1.68420704e+00  1.91579296e+00  3.15744064e+00  2.88086098e+00 
 1.86014000e-09  1.68450716e+00  1.91549284e+00  3.15740532e+00  2.88092332e+00 
 1.86064000e-09  1.68480843e+00  1.91519157e+00  3.15736886e+00  2.88098643e+00 
 1.86114000e-09  1.68511084e+00  1.91488916e+00  3.15733126e+00  2.88105033e+00 
 1.86164000e-09  1.68541438e+00  1.91458562e+00  3.15729246e+00  2.88111505e+00 
 1.86214000e-09  1.68571904e+00  1.91428096e+00  3.15725246e+00  2.88118061e+00 
 1.86264000e-09  1.68602484e+00  1.91397516e+00  3.15721121e+00  2.88124703e+00 
 1.86314000e-09  1.68633176e+00  1.91366824e+00  3.15716870e+00  2.88131432e+00 
 1.86364000e-09  1.68663981e+00  1.91336019e+00  3.15712489e+00  2.88138250e+00 
 1.86414000e-09  1.68694897e+00  1.91305103e+00  3.15707975e+00  2.88145161e+00 
 1.86464000e-09  1.68725925e+00  1.91274075e+00  3.15703326e+00  2.88152165e+00 
 1.86514000e-09  1.68757064e+00  1.91242936e+00  3.15698537e+00  2.88159266e+00 
 1.86564000e-09  1.68788314e+00  1.91211686e+00  3.15693607e+00  2.88166465e+00 
 1.86614000e-09  1.68819675e+00  1.91180325e+00  3.15688532e+00  2.88173765e+00 
 1.86664000e-09  1.68851146e+00  1.91148854e+00  3.15683308e+00  2.88181168e+00 
 1.86714000e-09  1.68882727e+00  1.91117273e+00  3.15677932e+00  2.88188677e+00 
 1.86764000e-09  1.68914418e+00  1.91085582e+00  3.15672401e+00  2.88196294e+00 
 1.86814000e-09  1.68946218e+00  1.91053782e+00  3.15666712e+00  2.88204021e+00 
 1.86864000e-09  1.68978128e+00  1.91021872e+00  3.15660860e+00  2.88211862e+00 
 1.86914000e-09  1.69010146e+00  1.90989854e+00  3.15654843e+00  2.88219818e+00 
 1.86964000e-09  1.69042272e+00  1.90957728e+00  3.15648657e+00  2.88227893e+00 
 1.87014000e-09  1.69074507e+00  1.90925493e+00  3.15642298e+00  2.88236089e+00 
 1.87064000e-09  1.69106850e+00  1.90893150e+00  3.15635762e+00  2.88244408e+00 
 1.87114000e-09  1.69139300e+00  1.90860700e+00  3.15629046e+00  2.88252855e+00 
 1.87164000e-09  1.69171857e+00  1.90828143e+00  3.15622146e+00  2.88261431e+00 
 1.87214000e-09  1.69204521e+00  1.90795479e+00  3.15615058e+00  2.88270140e+00 
 1.87264000e-09  1.69237292e+00  1.90762708e+00  3.15607778e+00  2.88278984e+00 
 1.87314000e-09  1.69270169e+00  1.90729831e+00  3.15600302e+00  2.88287967e+00 
 1.87364000e-09  1.69303152e+00  1.90696848e+00  3.15592626e+00  2.88297091e+00 
 1.87414000e-09  1.69336240e+00  1.90663760e+00  3.15584745e+00  2.88306361e+00 
 1.87464000e-09  1.69369434e+00  1.90630566e+00  3.15576657e+00  2.88315778e+00 
 1.87514000e-09  1.69402732e+00  1.90597268e+00  3.15568356e+00  2.88325346e+00 
 1.87564000e-09  1.69436136e+00  1.90563864e+00  3.15559838e+00  2.88335069e+00 
 1.87614000e-09  1.69469643e+00  1.90530357e+00  3.15551099e+00  2.88344950e+00 
 1.87664000e-09  1.69503254e+00  1.90496746e+00  3.15542135e+00  2.88354992e+00 
 1.87714000e-09  1.69536969e+00  1.90463031e+00  3.15532942e+00  2.88365198e+00 
 1.87764000e-09  1.69570788e+00  1.90429212e+00  3.15523514e+00  2.88375573e+00 
 1.87814000e-09  1.69604709e+00  1.90395291e+00  3.15513847e+00  2.88386120e+00 
 1.87864000e-09  1.69638732e+00  1.90361268e+00  3.15503937e+00  2.88396842e+00 
 1.87914000e-09  1.69672858e+00  1.90327142e+00  3.15493780e+00  2.88407743e+00 
 1.87964000e-09  1.69707086e+00  1.90292914e+00  3.15483370e+00  2.88418827e+00 
 1.88014000e-09  1.69741416e+00  1.90258584e+00  3.15472703e+00  2.88430097e+00 
 1.88064000e-09  1.69775847e+00  1.90224153e+00  3.15461775e+00  2.88441557e+00 
 1.88114000e-09  1.69810378e+00  1.90189622e+00  3.15450581e+00  2.88453212e+00 
 1.88164000e-09  1.69845011e+00  1.90154989e+00  3.15439116e+00  2.88465065e+00 
 1.88214000e-09  1.69879743e+00  1.90120257e+00  3.15427375e+00  2.88477119e+00 
 1.88264000e-09  1.69914575e+00  1.90085425e+00  3.15415353e+00  2.88489380e+00 
 1.88314000e-09  1.69949507e+00  1.90050493e+00  3.15403047e+00  2.88501850e+00 
 1.88364000e-09  1.69984538e+00  1.90015462e+00  3.15390451e+00  2.88514535e+00 
 1.88414000e-09  1.70019668e+00  1.89980332e+00  3.15377560e+00  2.88527437e+00 
 1.88464000e-09  1.70054897e+00  1.89945103e+00  3.15364370e+00  2.88540562e+00 
 1.88514000e-09  1.70090223e+00  1.89909777e+00  3.15350875e+00  2.88553913e+00 
 1.88564000e-09  1.70125648e+00  1.89874352e+00  3.15337072e+00  2.88567495e+00 
 1.88614000e-09  1.70161170e+00  1.89838830e+00  3.15322954e+00  2.88581312e+00 
 1.88664000e-09  1.70196789e+00  1.89803211e+00  3.15308518e+00  2.88595368e+00 
 1.88714000e-09  1.70232504e+00  1.89767496e+00  3.15293759e+00  2.88609667e+00 
 1.88764000e-09  1.70268316e+00  1.89731684e+00  3.15278671e+00  2.88624214e+00 
 1.88814000e-09  1.70304225e+00  1.89695775e+00  3.15263250e+00  2.88639013e+00 
 1.88864000e-09  1.70340228e+00  1.89659772e+00  3.15247492e+00  2.88654068e+00 
 1.88914000e-09  1.70376328e+00  1.89623672e+00  3.15231392e+00  2.88669384e+00 
 1.88964000e-09  1.70412522e+00  1.89587478e+00  3.15214945e+00  2.88684965e+00 
 1.89014000e-09  1.70448811e+00  1.89551189e+00  3.15198146e+00  2.88700816e+00 
 1.89064000e-09  1.70485194e+00  1.89514806e+00  3.15180990e+00  2.88716941e+00 
 1.89114000e-09  1.70521671e+00  1.89478329e+00  3.15163474e+00  2.88733344e+00 
 1.89164000e-09  1.70558241e+00  1.89441759e+00  3.15145593e+00  2.88750031e+00 
 1.89214000e-09  1.70594905e+00  1.89405095e+00  3.15127342e+00  2.88767004e+00 
 1.89264000e-09  1.70631661e+00  1.89368339e+00  3.15108717e+00  2.88784269e+00 
 1.89314000e-09  1.70668510e+00  1.89331490e+00  3.15089713e+00  2.88801830e+00 
 1.89364000e-09  1.70705451e+00  1.89294549e+00  3.15070327e+00  2.88819692e+00 
 1.89414000e-09  1.70742484e+00  1.89257516e+00  3.15050553e+00  2.88837859e+00 
 1.89464000e-09  1.70779608e+00  1.89220392e+00  3.15030389e+00  2.88856335e+00 
 1.89514000e-09  1.70816824e+00  1.89183176e+00  3.15009829e+00  2.88875125e+00 
 1.89564000e-09  1.70854129e+00  1.89145871e+00  3.14988870e+00  2.88894233e+00 
 1.89614000e-09  1.70891526e+00  1.89108474e+00  3.14967508e+00  2.88913663e+00 
 1.89664000e-09  1.70929012e+00  1.89070988e+00  3.14945739e+00  2.88933420e+00 
 1.89714000e-09  1.70966587e+00  1.89033413e+00  3.14923559e+00  2.88953507e+00 
 1.89764000e-09  1.71004252e+00  1.88995748e+00  3.14900965e+00  2.88973930e+00 
 1.89814000e-09  1.71042005e+00  1.88957995e+00  3.14877952e+00  2.88994693e+00 
 1.89864000e-09  1.71079847e+00  1.88920153e+00  3.14854519e+00  2.89015798e+00 
 1.89914000e-09  1.71117777e+00  1.88882223e+00  3.14830660e+00  2.89037251e+00 
 1.89964000e-09  1.71155794e+00  1.88844206e+00  3.14806374e+00  2.89059056e+00 
 1.90014000e-09  1.71193899e+00  1.88806101e+00  3.14781656e+00  2.89081217e+00 
 1.90064000e-09  1.71232091e+00  1.88767909e+00  3.14756505e+00  2.89103737e+00 
 1.90114000e-09  1.71270369e+00  1.88729631e+00  3.14730916e+00  2.89126620e+00 
 1.90164000e-09  1.71308734e+00  1.88691266e+00  3.14704887e+00  2.89149871e+00 
 1.90214000e-09  1.71347184e+00  1.88652816e+00  3.14678416e+00  2.89173492e+00 
 1.90264000e-09  1.71385720e+00  1.88614280e+00  3.14651499e+00  2.89197489e+00 
 1.90314000e-09  1.71424340e+00  1.88575660e+00  3.14624135e+00  2.89221863e+00 
 1.90364000e-09  1.71463046e+00  1.88536954e+00  3.14596320e+00  2.89246619e+00 
 1.90414000e-09  1.71501835e+00  1.88498165e+00  3.14568054e+00  2.89271761e+00 
 1.90464000e-09  1.71540709e+00  1.88459291e+00  3.14539333e+00  2.89297291e+00 
 1.90514000e-09  1.71579666e+00  1.88420334e+00  3.14510157e+00  2.89323213e+00 
 1.90564000e-09  1.71618706e+00  1.88381294e+00  3.14480522e+00  2.89349530e+00 
 1.90614000e-09  1.71657828e+00  1.88342172e+00  3.14450427e+00  2.89376245e+00 
 1.90664000e-09  1.71697034e+00  1.88302966e+00  3.14419871e+00  2.89403361e+00 
 1.90714000e-09  1.71736321e+00  1.88263679e+00  3.14388853e+00  2.89430881e+00 
 1.90764000e-09  1.71775689e+00  1.88224311e+00  3.14357370e+00  2.89458808e+00 
 1.90814000e-09  1.71815139e+00  1.88184861e+00  3.14325422e+00  2.89487145e+00 
 1.90864000e-09  1.71854669e+00  1.88145331e+00  3.14293008e+00  2.89515893e+00 
 1.90914000e-09  1.71894280e+00  1.88105720e+00  3.14260127e+00  2.89545057e+00 
 1.90964000e-09  1.71933971e+00  1.88066029e+00  3.14226778e+00  2.89574637e+00 
 1.91014000e-09  1.71973742e+00  1.88026258e+00  3.14192960e+00  2.89604637e+00 
 1.91064000e-09  1.72013592e+00  1.87986408e+00  3.14158673e+00  2.89635058e+00 
 1.91114000e-09  1.72053520e+00  1.87946480e+00  3.14123917e+00  2.89665903e+00 
 1.91164000e-09  1.72093527e+00  1.87906473e+00  3.14088691e+00  2.89697174e+00 
 1.91214000e-09  1.72133612e+00  1.87866388e+00  3.14052994e+00  2.89728871e+00 
 1.91264000e-09  1.72173775e+00  1.87826225e+00  3.14016828e+00  2.89760998e+00 
 1.91314000e-09  1.72214015e+00  1.87785985e+00  3.13980192e+00  2.89793556e+00 
 1.91364000e-09  1.72254332e+00  1.87745668e+00  3.13943086e+00  2.89826545e+00 
 1.91414000e-09  1.72294725e+00  1.87705275e+00  3.13905511e+00  2.89859969e+00 
 1.91464000e-09  1.72335194e+00  1.87664806e+00  3.13867466e+00  2.89893827e+00 
 1.91514000e-09  1.72375739e+00  1.87624261e+00  3.13828953e+00  2.89928121e+00 
 1.91564000e-09  1.72416359e+00  1.87583641e+00  3.13789973e+00  2.89962852e+00 
 1.91614000e-09  1.72457054e+00  1.87542946e+00  3.13750525e+00  2.89998021e+00 
 1.91664000e-09  1.72497824e+00  1.87502176e+00  3.13710611e+00  2.90033628e+00 
 1.91714000e-09  1.72538667e+00  1.87461333e+00  3.13670232e+00  2.90069675e+00 
 1.91764000e-09  1.72579584e+00  1.87420416e+00  3.13629389e+00  2.90106162e+00 
 1.91814000e-09  1.72620575e+00  1.87379425e+00  3.13588082e+00  2.90143090e+00 
 1.91864000e-09  1.72661638e+00  1.87338362e+00  3.13546315e+00  2.90180458e+00 
 1.91914000e-09  1.72702773e+00  1.87297227e+00  3.13504087e+00  2.90218267e+00 
 1.91964000e-09  1.72743981e+00  1.87256019e+00  3.13461400e+00  2.90256517e+00 
 1.92014000e-09  1.72785260e+00  1.87214740e+00  3.13418255e+00  2.90295208e+00 
 1.92064000e-09  1.72826611e+00  1.87173389e+00  3.13374655e+00  2.90334340e+00 
 1.92114000e-09  1.72868032e+00  1.87131968e+00  3.13330601e+00  2.90373913e+00 
 1.92164000e-09  1.72909524e+00  1.87090476e+00  3.13286095e+00  2.90413926e+00 
 1.92214000e-09  1.72951085e+00  1.87048915e+00  3.13241138e+00  2.90454380e+00 
 1.92264000e-09  1.72992717e+00  1.87007283e+00  3.13195734e+00  2.90495273e+00 
 1.92314000e-09  1.73034417e+00  1.86965583e+00  3.13149882e+00  2.90536604e+00 
 1.92364000e-09  1.73076186e+00  1.86923814e+00  3.13103587e+00  2.90578374e+00 
 1.92414000e-09  1.73118023e+00  1.86881977e+00  3.13056849e+00  2.90620581e+00 
 1.92464000e-09  1.73159929e+00  1.86840071e+00  3.13009671e+00  2.90663225e+00 
 1.92514000e-09  1.73201902e+00  1.86798098e+00  3.12962056e+00  2.90706304e+00 
 1.92564000e-09  1.73243942e+00  1.86756058e+00  3.12914006e+00  2.90749817e+00 
 1.92614000e-09  1.73286048e+00  1.86713952e+00  3.12865522e+00  2.90793763e+00 
 1.92664000e-09  1.73328221e+00  1.86671779e+00  3.12816608e+00  2.90838141e+00 
 1.92714000e-09  1.73370460e+00  1.86629540e+00  3.12767266e+00  2.90882949e+00 
 1.92764000e-09  1.73412764e+00  1.86587236e+00  3.12717499e+00  2.90928187e+00 
 1.92814000e-09  1.73455133e+00  1.86544867e+00  3.12667309e+00  2.90973851e+00 
 1.92864000e-09  1.73497567e+00  1.86502433e+00  3.12616698e+00  2.91019942e+00 
 1.92914000e-09  1.73540065e+00  1.86459935e+00  3.12565670e+00  2.91066457e+00 
 1.92964000e-09  1.73582627e+00  1.86417373e+00  3.12514227e+00  2.91113394e+00 
 1.93014000e-09  1.73625252e+00  1.86374748e+00  3.12462372e+00  2.91160752e+00 
 1.93064000e-09  1.73667940e+00  1.86332060e+00  3.12410108e+00  2.91208528e+00 
 1.93114000e-09  1.73710690e+00  1.86289310e+00  3.12357438e+00  2.91256721e+00 
 1.93164000e-09  1.73753503e+00  1.86246497e+00  3.12304364e+00  2.91305329e+00 
 1.93214000e-09  1.73796377e+00  1.86203623e+00  3.12250889e+00  2.91354349e+00 
 1.93264000e-09  1.73839313e+00  1.86160687e+00  3.12197016e+00  2.91403780e+00 
 1.93314000e-09  1.73882309e+00  1.86117691e+00  3.12142749e+00  2.91453619e+00 
 1.93364000e-09  1.73925366e+00  1.86074634e+00  3.12088089e+00  2.91503864e+00 
 1.93414000e-09  1.73968482e+00  1.86031518e+00  3.12033041e+00  2.91554512e+00 
 1.93464000e-09  1.74011658e+00  1.85988342e+00  3.11977607e+00  2.91605562e+00 
 1.93514000e-09  1.74054893e+00  1.85945107e+00  3.11921790e+00  2.91657010e+00 
 1.93564000e-09  1.74098187e+00  1.85901813e+00  3.11865593e+00  2.91708855e+00 
 1.93614000e-09  1.74141539e+00  1.85858461e+00  3.11809019e+00  2.91761093e+00 
 1.93664000e-09  1.74184949e+00  1.85815051e+00  3.11752071e+00  2.91813723e+00 
 1.93714000e-09  1.74228417e+00  1.85771583e+00  3.11694753e+00  2.91866741e+00 
 1.93764000e-09  1.74271941e+00  1.85728059e+00  3.11637068e+00  2.91920146e+00 
 1.93814000e-09  1.74315522e+00  1.85684478e+00  3.11579018e+00  2.91973933e+00 
 1.93864000e-09  1.74359159e+00  1.85640841e+00  3.11520606e+00  2.92028102e+00 
 1.93914000e-09  1.74402851e+00  1.85597149e+00  3.11461837e+00  2.92082648e+00 
 1.93964000e-09  1.74446599e+00  1.85553401e+00  3.11402712e+00  2.92137569e+00 
 1.94014000e-09  1.74490402e+00  1.85509598e+00  3.11343235e+00  2.92192862e+00 
 1.94064000e-09  1.74534259e+00  1.85465741e+00  3.11283410e+00  2.92248525e+00 
 1.94114000e-09  1.74578170e+00  1.85421830e+00  3.11223239e+00  2.92304555e+00 
 1.94164000e-09  1.74622134e+00  1.85377866e+00  3.11162725e+00  2.92360948e+00 
 1.94214000e-09  1.74666152e+00  1.85333848e+00  3.11101873e+00  2.92417702e+00 
 1.94264000e-09  1.74710222e+00  1.85289778e+00  3.11040683e+00  2.92474813e+00 
 1.94314000e-09  1.74754345e+00  1.85245655e+00  3.10979161e+00  2.92532280e+00 
 1.94364000e-09  1.74798519e+00  1.85201481e+00  3.10917309e+00  2.92590098e+00 
 1.94414000e-09  1.74842744e+00  1.85157256e+00  3.10855130e+00  2.92648265e+00 
 1.94464000e-09  1.74887021e+00  1.85112979e+00  3.10792628e+00  2.92706779e+00 
 1.94514000e-09  1.74931348e+00  1.85068652e+00  3.10729805e+00  2.92765634e+00 
 1.94564000e-09  1.74975725e+00  1.85024275e+00  3.10666665e+00  2.92824830e+00 
 1.94614000e-09  1.75020151e+00  1.84979849e+00  3.10603210e+00  2.92884363e+00 
 1.94664000e-09  1.75064627e+00  1.84935373e+00  3.10539445e+00  2.92944229e+00 
 1.94714000e-09  1.75109151e+00  1.84890849e+00  3.10475371e+00  2.93004426e+00 
 1.94764000e-09  1.75153724e+00  1.84846276e+00  3.10410993e+00  2.93064950e+00 
 1.94814000e-09  1.75198344e+00  1.84801656e+00  3.10346313e+00  2.93125798e+00 
 1.94864000e-09  1.75243012e+00  1.84756988e+00  3.10281334e+00  2.93186968e+00 
 1.94914000e-09  1.75287727e+00  1.84712273e+00  3.10216060e+00  2.93248456e+00 
 1.94964000e-09  1.75332488e+00  1.84667512e+00  3.10150493e+00  2.93310260e+00 
 1.95014000e-09  1.75377296e+00  1.84622704e+00  3.10084638e+00  2.93372375e+00 
 1.95064000e-09  1.75422149e+00  1.84577851e+00  3.10018495e+00  2.93434799e+00 
 1.95114000e-09  1.75467047e+00  1.84532953e+00  3.09952070e+00  2.93497529e+00 
 1.95164000e-09  1.75511990e+00  1.84488010e+00  3.09885365e+00  2.93560561e+00 
 1.95214000e-09  1.75556977e+00  1.84443023e+00  3.09818382e+00  2.93623893e+00 
 1.95264000e-09  1.75602008e+00  1.84397992e+00  3.09751126e+00  2.93687521e+00 
 1.95314000e-09  1.75647083e+00  1.84352917e+00  3.09683598e+00  2.93751442e+00 
 1.95364000e-09  1.75692200e+00  1.84307800e+00  3.09615803e+00  2.93815653e+00 
 1.95414000e-09  1.75737360e+00  1.84262640e+00  3.09547743e+00  2.93880152e+00 
 1.95464000e-09  1.75782562e+00  1.84217438e+00  3.09479420e+00  2.93944934e+00 
 1.95514000e-09  1.75827806e+00  1.84172194e+00  3.09410839e+00  2.94009996e+00 
 1.95564000e-09  1.75873091e+00  1.84126909e+00  3.09342002e+00  2.94075337e+00 
 1.95614000e-09  1.75918416e+00  1.84081584e+00  3.09272912e+00  2.94140951e+00 
 1.95664000e-09  1.75963782e+00  1.84036218e+00  3.09203572e+00  2.94206837e+00 
 1.95714000e-09  1.76009188e+00  1.83990812e+00  3.09133985e+00  2.94272992e+00 
 1.95764000e-09  1.76054633e+00  1.83945367e+00  3.09064153e+00  2.94339411e+00 
 1.95814000e-09  1.76100117e+00  1.83899883e+00  3.08994081e+00  2.94406092e+00 
 1.95864000e-09  1.76145639e+00  1.83854361e+00  3.08923770e+00  2.94473032e+00 
 1.95914000e-09  1.76191200e+00  1.83808800e+00  3.08853224e+00  2.94540228e+00 
 1.95964000e-09  1.76236798e+00  1.83763202e+00  3.08782445e+00  2.94607677e+00 
 1.96014000e-09  1.76282433e+00  1.83717567e+00  3.08711437e+00  2.94675375e+00 
 1.96064000e-09  1.76328105e+00  1.83671895e+00  3.08640203e+00  2.94743320e+00 
 1.96114000e-09  1.76373813e+00  1.83626187e+00  3.08568744e+00  2.94811508e+00 
 1.96164000e-09  1.76419557e+00  1.83580443e+00  3.08497065e+00  2.94879937e+00 
 1.96214000e-09  1.76465337e+00  1.83534663e+00  3.08425167e+00  2.94948603e+00 
 1.96264000e-09  1.76511151e+00  1.83488849e+00  3.08353054e+00  2.95017503e+00 
 1.96314000e-09  1.76557000e+00  1.83443000e+00  3.08280729e+00  2.95086635e+00 
 1.96364000e-09  1.76602882e+00  1.83397118e+00  3.08208194e+00  2.95155995e+00 
 1.96414000e-09  1.76648798e+00  1.83351202e+00  3.08135453e+00  2.95225580e+00 
 1.96464000e-09  1.76694748e+00  1.83305252e+00  3.08062507e+00  2.95295387e+00 
 1.96514000e-09  1.76740730e+00  1.83259270e+00  3.07989360e+00  2.95365414e+00 
 1.96564000e-09  1.76786744e+00  1.83213256e+00  3.07916015e+00  2.95435656e+00 
 1.96614000e-09  1.76832789e+00  1.83167211e+00  3.07842474e+00  2.95506112e+00 
 1.96664000e-09  1.76878866e+00  1.83121134e+00  3.07768740e+00  2.95576778e+00 
 1.96714000e-09  1.76924974e+00  1.83075026e+00  3.07694816e+00  2.95647652e+00 
 1.96764000e-09  1.76971112e+00  1.83028888e+00  3.07620705e+00  2.95718729e+00 
 1.96814000e-09  1.77017280e+00  1.82982720e+00  3.07546409e+00  2.95790008e+00 
 1.96864000e-09  1.77063478e+00  1.82936522e+00  3.07471930e+00  2.95861486e+00 
 1.96914000e-09  1.77109704e+00  1.82890296e+00  3.07397273e+00  2.95933158e+00 
 1.96964000e-09  1.77155959e+00  1.82844041e+00  3.07322439e+00  2.96005024e+00 
 1.97014000e-09  1.77202242e+00  1.82797758e+00  3.07247431e+00  2.96077079e+00 
 1.97064000e-09  1.77248553e+00  1.82751447e+00  3.07172252e+00  2.96149320e+00 
 1.97114000e-09  1.77294891e+00  1.82705109e+00  3.07096904e+00  2.96221745e+00 
 1.97164000e-09  1.77341255e+00  1.82658745e+00  3.07021390e+00  2.96294351e+00 
 1.97214000e-09  1.77387646e+00  1.82612354e+00  3.06945714e+00  2.96367135e+00 
 1.97264000e-09  1.77434063e+00  1.82565937e+00  3.06869876e+00  2.96440095e+00 
 1.97314000e-09  1.77480505e+00  1.82519495e+00  3.06793881e+00  2.96513226e+00 
 1.97364000e-09  1.77526971e+00  1.82473029e+00  3.06717730e+00  2.96586527e+00 
 1.97414000e-09  1.77573462e+00  1.82426538e+00  3.06641426e+00  2.96659994e+00 
 1.97464000e-09  1.77619978e+00  1.82380022e+00  3.06564972e+00  2.96733625e+00 
 1.97514000e-09  1.77666516e+00  1.82333484e+00  3.06488371e+00  2.96807417e+00 
 1.97564000e-09  1.77713078e+00  1.82286922e+00  3.06411625e+00  2.96881366e+00 
 1.97614000e-09  1.77759662e+00  1.82240338e+00  3.06334737e+00  2.96955471e+00 
 1.97664000e-09  1.77806268e+00  1.82193732e+00  3.06257708e+00  2.97029729e+00 
 1.97714000e-09  1.77852896e+00  1.82147104e+00  3.06180543e+00  2.97104136e+00 
 1.97764000e-09  1.77899545e+00  1.82100455e+00  3.06103242e+00  2.97178689e+00 
 1.97814000e-09  1.77946215e+00  1.82053785e+00  3.06025810e+00  2.97253387e+00 
 1.97864000e-09  1.77992905e+00  1.82007095e+00  3.05948248e+00  2.97328226e+00 
 1.97914000e-09  1.78039615e+00  1.81960385e+00  3.05870559e+00  2.97403204e+00 
 1.97964000e-09  1.78086345e+00  1.81913655e+00  3.05792746e+00  2.97478317e+00 
 1.98014000e-09  1.78133093e+00  1.81866907e+00  3.05714810e+00  2.97553563e+00 
 1.98064000e-09  1.78179859e+00  1.81820141e+00  3.05636755e+00  2.97628940e+00 
 1.98114000e-09  1.78226644e+00  1.81773356e+00  3.05558583e+00  2.97704444e+00 
 1.98164000e-09  1.78273446e+00  1.81726554e+00  3.05480297e+00  2.97780073e+00 
 1.98214000e-09  1.78320265e+00  1.81679735e+00  3.05401899e+00  2.97855824e+00 
 1.98264000e-09  1.78367101e+00  1.81632899e+00  3.05323391e+00  2.97931694e+00 
 1.98314000e-09  1.78413953e+00  1.81586047e+00  3.05244776e+00  2.98007682e+00 
 1.98364000e-09  1.78460820e+00  1.81539180e+00  3.05166057e+00  2.98083783e+00 
 1.98414000e-09  1.78507703e+00  1.81492297e+00  3.05087235e+00  2.98159996e+00 
 1.98464000e-09  1.78554600e+00  1.81445400e+00  3.05008314e+00  2.98236317e+00 
 1.98514000e-09  1.78601512e+00  1.81398488e+00  3.04929296e+00  2.98312745e+00 
 1.98564000e-09  1.78648437e+00  1.81351563e+00  3.04850184e+00  2.98389276e+00 
 1.98614000e-09  1.78695376e+00  1.81304624e+00  3.04770979e+00  2.98465908e+00 
 1.98664000e-09  1.78742328e+00  1.81257672e+00  3.04691684e+00  2.98542638e+00 
 1.98714000e-09  1.78789292e+00  1.81210708e+00  3.04612302e+00  2.98619463e+00 
 1.98764000e-09  1.78836268e+00  1.81163732e+00  3.04532836e+00  2.98696382e+00 
 1.98814000e-09  1.78883256e+00  1.81116744e+00  3.04453287e+00  2.98773391e+00 
 1.98864000e-09  1.78930254e+00  1.81069746e+00  3.04373658e+00  2.98850489e+00 
 1.98914000e-09  1.78977263e+00  1.81022737e+00  3.04293951e+00  2.98927671e+00 
 1.98964000e-09  1.79024282e+00  1.80975718e+00  3.04214169e+00  2.99004936e+00 
 1.99014000e-09  1.79071311e+00  1.80928689e+00  3.04134315e+00  2.99082282e+00 
 1.99064000e-09  1.79118349e+00  1.80881651e+00  3.04054391e+00  2.99159705e+00 
 1.99114000e-09  1.79165396e+00  1.80834604e+00  3.03974399e+00  2.99237204e+00 
 1.99164000e-09  1.79212451e+00  1.80787549e+00  3.03894342e+00  2.99314775e+00 
 1.99214000e-09  1.79259514e+00  1.80740486e+00  3.03814222e+00  2.99392416e+00 
 1.99264000e-09  1.79306584e+00  1.80693416e+00  3.03734041e+00  2.99470126e+00 
 1.99314000e-09  1.79353660e+00  1.80646340e+00  3.03653803e+00  2.99547901e+00 
 1.99364000e-09  1.79400744e+00  1.80599256e+00  3.03573510e+00  2.99625739e+00 
 1.99414000e-09  1.79447833e+00  1.80552167e+00  3.03493163e+00  2.99703637e+00 
 1.99464000e-09  1.79494927e+00  1.80505073e+00  3.03412767e+00  2.99781594e+00 
 1.99514000e-09  1.79542027e+00  1.80457973e+00  3.03332322e+00  2.99859606e+00 
 1.99564000e-09  1.79589131e+00  1.80410869e+00  3.03251832e+00  2.99937672e+00 
 1.99614000e-09  1.79636239e+00  1.80363761e+00  3.03171300e+00  3.00015789e+00 
 1.99664000e-09  1.79683351e+00  1.80316649e+00  3.03090727e+00  3.00093956e+00 
 1.99714000e-09  1.79730466e+00  1.80269534e+00  3.03010117e+00  3.00172169e+00 
 1.99764000e-09  1.79777583e+00  1.80222417e+00  3.02929472e+00  3.00250426e+00 
 1.99814000e-09  1.79824703e+00  1.80175297e+00  3.02848795e+00  3.00328726e+00 
 1.99864000e-09  1.79871825e+00  1.80128175e+00  3.02768089e+00  3.00407066e+00 
 1.99914000e-09  1.79918947e+00  1.80081053e+00  3.02687356e+00  3.00485444e+00 
 1.99964000e-09  1.79966071e+00  1.80033929e+00  3.02606598e+00  3.00563858e+00 
 2.00014000e-09  1.80013195e+00  1.79986805e+00  3.02525820e+00  3.00642306e+00 
 2.00064000e-09  1.80060318e+00  1.79939682e+00  3.02445023e+00  3.00720785e+00 
 2.00114000e-09  1.80107442e+00  1.79892558e+00  3.02364210e+00  3.00799294e+00 
 2.00164000e-09  1.80154564e+00  1.79845436e+00  3.02283385e+00  3.00877831e+00 
 2.00214000e-09  1.80201684e+00  1.79798316e+00  3.02202549e+00  3.00956394e+00 
 2.00264000e-09  1.80248803e+00  1.79751197e+00  3.02121707e+00  3.01034980e+00 
 2.00314000e-09  1.80295919e+00  1.79704081e+00  3.02040860e+00  3.01113588e+00 
 2.00364000e-09  1.80343032e+00  1.79656968e+00  3.01960011e+00  3.01192215e+00 
 2.00414000e-09  1.80390142e+00  1.79609858e+00  3.01879163e+00  3.01270860e+00 
 2.00464000e-09  1.80437248e+00  1.79562752e+00  3.01798320e+00  3.01349520e+00 
 2.00514000e-09  1.80484349e+00  1.79515651e+00  3.01717482e+00  3.01428193e+00 
 2.00564000e-09  1.80531446e+00  1.79468554e+00  3.01636653e+00  3.01506878e+00 
 2.00614000e-09  1.80578538e+00  1.79421462e+00  3.01555836e+00  3.01585570e+00 
 2.00664000e-09  1.80625624e+00  1.79374376e+00  3.01475032e+00  3.01664269e+00 
 2.00714000e-09  1.80672703e+00  1.79327297e+00  3.01394243e+00  3.01742971e+00 
 2.00764000e-09  1.80719777e+00  1.79280223e+00  3.01313473e+00  3.01821674e+00 
 2.00814000e-09  1.80766843e+00  1.79233157e+00  3.01232721e+00  3.01900375e+00 
 2.00864000e-09  1.80813901e+00  1.79186099e+00  3.01151991e+00  3.01979071e+00 
 2.00914000e-09  1.80860951e+00  1.79139049e+00  3.01071284e+00  3.02057759e+00 
 2.00964000e-09  1.80907993e+00  1.79092007e+00  3.00990601e+00  3.02136435e+00 
 2.01014000e-09  1.80955026e+00  1.79044974e+00  3.00909944e+00  3.02215098e+00 
 2.01064000e-09  1.81002050e+00  1.78997950e+00  3.00829314e+00  3.02293743e+00 
 2.01114000e-09  1.81049063e+00  1.78950937e+00  3.00748712e+00  3.02372368e+00 
 2.01164000e-09  1.81096066e+00  1.78903934e+00  3.00668140e+00  3.02450967e+00 
 2.01214000e-09  1.81143059e+00  1.78856941e+00  3.00587600e+00  3.02529540e+00 
 2.01264000e-09  1.81190040e+00  1.78809960e+00  3.00507091e+00  3.02608081e+00 
 2.01314000e-09  1.81237009e+00  1.78762991e+00  3.00426616e+00  3.02686587e+00 
 2.01364000e-09  1.81283967e+00  1.78716033e+00  3.00346175e+00  3.02765055e+00 
 2.01414000e-09  1.81330911e+00  1.78669089e+00  3.00265770e+00  3.02843482e+00 
 2.01464000e-09  1.81377842e+00  1.78622158e+00  3.00185402e+00  3.02921863e+00 
 2.01514000e-09  1.81424760e+00  1.78575240e+00  3.00105073e+00  3.03000196e+00 
 2.01564000e-09  1.81471664e+00  1.78528336e+00  3.00024784e+00  3.03078478e+00 
 2.01614000e-09  1.81518553e+00  1.78481447e+00  2.99944536e+00  3.03156705e+00 
 2.01664000e-09  1.81565427e+00  1.78434573e+00  2.99864331e+00  3.03234873e+00 
 2.01714000e-09  1.81612286e+00  1.78387714e+00  2.99784170e+00  3.03312981e+00 
 2.01764000e-09  1.81659129e+00  1.78340871e+00  2.99704056e+00  3.03391024e+00 
 2.01814000e-09  1.81705956e+00  1.78294044e+00  2.99623990e+00  3.03469000e+00 
 2.01864000e-09  1.81752765e+00  1.78247235e+00  2.99543974e+00  3.03546905e+00 
 2.01914000e-09  1.81799557e+00  1.78200443e+00  2.99464010e+00  3.03624738e+00 
 2.01964000e-09  1.81846332e+00  1.78153668e+00  2.99384100e+00  3.03702495e+00 
 2.02014000e-09  1.81893088e+00  1.78106912e+00  2.99304246e+00  3.03780174e+00 
 2.02064000e-09  1.81939826e+00  1.78060174e+00  2.99224450e+00  3.03857772e+00 
 2.02114000e-09  1.81986545e+00  1.78013455e+00  2.99144714e+00  3.03935285e+00 
 2.02164000e-09  1.82033244e+00  1.77966756e+00  2.99065041e+00  3.04012713e+00 
 2.02214000e-09  1.82079922e+00  1.77920078e+00  2.98985433e+00  3.04090052e+00 
 2.02264000e-09  1.82126581e+00  1.77873419e+00  2.98905893e+00  3.04167300e+00 
 2.02314000e-09  1.82173218e+00  1.77826782e+00  2.98826422e+00  3.04244454e+00 
 2.02364000e-09  1.82219834e+00  1.77780166e+00  2.98747023e+00  3.04321513e+00 
 2.02414000e-09  1.82266428e+00  1.77733572e+00  2.98667699e+00  3.04398473e+00 
 2.02464000e-09  1.82313000e+00  1.77687000e+00  2.98588452e+00  3.04475333e+00 
 2.02514000e-09  1.82359548e+00  1.77640452e+00  2.98509285e+00  3.04552089e+00 
 2.02564000e-09  1.82406074e+00  1.77593926e+00  2.98430201e+00  3.04628741e+00 
 2.02614000e-09  1.82452576e+00  1.77547424e+00  2.98351201e+00  3.04705285e+00 
 2.02664000e-09  1.82499053e+00  1.77500947e+00  2.98272289e+00  3.04781720e+00 
 2.02714000e-09  1.82545506e+00  1.77454494e+00  2.98193467e+00  3.04858043e+00 
 2.02764000e-09  1.82591934e+00  1.77408066e+00  2.98114737e+00  3.04934251e+00 
 2.02814000e-09  1.82638336e+00  1.77361664e+00  2.98036103e+00  3.05010344e+00 
 2.02864000e-09  1.82684712e+00  1.77315288e+00  2.97957568e+00  3.05086318e+00 
 2.02914000e-09  1.82731062e+00  1.77268938e+00  2.97879133e+00  3.05162171e+00 
 2.02964000e-09  1.82777384e+00  1.77222616e+00  2.97800801e+00  3.05237901e+00 
 2.03014000e-09  1.82823680e+00  1.77176320e+00  2.97722575e+00  3.05313506e+00 
 2.03064000e-09  1.82869947e+00  1.77130053e+00  2.97644459e+00  3.05388983e+00 
 2.03114000e-09  1.82916186e+00  1.77083814e+00  2.97566453e+00  3.05464331e+00 
 2.03164000e-09  1.82962396e+00  1.77037604e+00  2.97488562e+00  3.05539546e+00 
 2.03214000e-09  1.83008577e+00  1.76991423e+00  2.97410788e+00  3.05614628e+00 
 2.03264000e-09  1.83054729e+00  1.76945271e+00  2.97333133e+00  3.05689572e+00 
 2.03314000e-09  1.83100850e+00  1.76899150e+00  2.97255600e+00  3.05764379e+00 
 2.03364000e-09  1.83146941e+00  1.76853059e+00  2.97178192e+00  3.05839044e+00 
 2.03414000e-09  1.83193000e+00  1.76807000e+00  2.97100911e+00  3.05913565e+00 
 2.03464000e-09  1.83239028e+00  1.76760972e+00  2.97023760e+00  3.05987941e+00 
 2.03514000e-09  1.83285024e+00  1.76714976e+00  2.96946742e+00  3.06062169e+00 
 2.03564000e-09  1.83330988e+00  1.76669012e+00  2.96869860e+00  3.06136246e+00 
 2.03614000e-09  1.83376919e+00  1.76623081e+00  2.96793116e+00  3.06210171e+00 
 2.03664000e-09  1.83422816e+00  1.76577184e+00  2.96716512e+00  3.06283940e+00 
 2.03714000e-09  1.83468680e+00  1.76531320e+00  2.96640052e+00  3.06357552e+00 
 2.03764000e-09  1.83514509e+00  1.76485491e+00  2.96563738e+00  3.06431004e+00 
 2.03814000e-09  1.83560304e+00  1.76439696e+00  2.96487572e+00  3.06504293e+00 
 2.03864000e-09  1.83606064e+00  1.76393936e+00  2.96411558e+00  3.06577418e+00 
 2.03914000e-09  1.83651788e+00  1.76348212e+00  2.96335698e+00  3.06650375e+00 
 2.03964000e-09  1.83697476e+00  1.76302524e+00  2.96259994e+00  3.06723163e+00 
 2.04014000e-09  1.83743127e+00  1.76256873e+00  2.96184449e+00  3.06795778e+00 
 2.04064000e-09  1.83788742e+00  1.76211258e+00  2.96109067e+00  3.06868219e+00 
 2.04114000e-09  1.83834319e+00  1.76165681e+00  2.96033848e+00  3.06940482e+00 
 2.04164000e-09  1.83879858e+00  1.76120142e+00  2.95958797e+00  3.07012566e+00 
 2.04214000e-09  1.83925359e+00  1.76074641e+00  2.95883916e+00  3.07084467e+00 
 2.04264000e-09  1.83970821e+00  1.76029179e+00  2.95809207e+00  3.07156184e+00 
 2.04314000e-09  1.84016244e+00  1.75983756e+00  2.95734673e+00  3.07227713e+00 
 2.04364000e-09  1.84061628e+00  1.75938372e+00  2.95660316e+00  3.07299053e+00 
 2.04414000e-09  1.84106971e+00  1.75893029e+00  2.95586140e+00  3.07370200e+00 
 2.04464000e-09  1.84152274e+00  1.75847726e+00  2.95512147e+00  3.07441152e+00 
 2.04514000e-09  1.84197536e+00  1.75802464e+00  2.95438339e+00  3.07511906e+00 
 2.04564000e-09  1.84242756e+00  1.75757244e+00  2.95364719e+00  3.07582460e+00 
 2.04614000e-09  1.84287935e+00  1.75712065e+00  2.95291290e+00  3.07652811e+00 
 2.04664000e-09  1.84333071e+00  1.75666929e+00  2.95218054e+00  3.07722957e+00 
 2.04714000e-09  1.84378164e+00  1.75621836e+00  2.95145014e+00  3.07792894e+00 
 2.04764000e-09  1.84423215e+00  1.75576785e+00  2.95072173e+00  3.07862621e+00 
 2.04814000e-09  1.84468221e+00  1.75531779e+00  2.94999533e+00  3.07932134e+00 
 2.04864000e-09  1.84513184e+00  1.75486816e+00  2.94927097e+00  3.08001430e+00 
 2.04914000e-09  1.84558102e+00  1.75441898e+00  2.94854868e+00  3.08070509e+00 
 2.04964000e-09  1.84602974e+00  1.75397026e+00  2.94782847e+00  3.08139365e+00 
 2.05014000e-09  1.84647802e+00  1.75352198e+00  2.94711039e+00  3.08207997e+00 
 2.05064000e-09  1.84692584e+00  1.75307416e+00  2.94639445e+00  3.08276403e+00 
 2.05114000e-09  1.84737319e+00  1.75262681e+00  2.94568068e+00  3.08344578e+00 
 2.05164000e-09  1.84782008e+00  1.75217992e+00  2.94496910e+00  3.08412522e+00 
 2.05214000e-09  1.84826649e+00  1.75173351e+00  2.94425975e+00  3.08480230e+00 
 2.05264000e-09  1.84871243e+00  1.75128757e+00  2.94355265e+00  3.08547701e+00 
 2.05314000e-09  1.84915788e+00  1.75084212e+00  2.94284783e+00  3.08614930e+00 
 2.05364000e-09  1.84960286e+00  1.75039714e+00  2.94214530e+00  3.08681917e+00 
 2.05414000e-09  1.85004734e+00  1.74995266e+00  2.94144511e+00  3.08748658e+00 
 2.05464000e-09  1.85049133e+00  1.74950867e+00  2.94074728e+00  3.08815149e+00 
 2.05514000e-09  1.85093481e+00  1.74906519e+00  2.94005182e+00  3.08881390e+00 
 2.05564000e-09  1.85137780e+00  1.74862220e+00  2.93935878e+00  3.08947375e+00 
 2.05614000e-09  1.85182028e+00  1.74817972e+00  2.93866817e+00  3.09013104e+00 
 2.05664000e-09  1.85226225e+00  1.74773775e+00  2.93798002e+00  3.09078573e+00 
 2.05714000e-09  1.85270370e+00  1.74729630e+00  2.93729436e+00  3.09143779e+00 
 2.05764000e-09  1.85314463e+00  1.74685537e+00  2.93661121e+00  3.09208720e+00 
 2.05814000e-09  1.85358504e+00  1.74641496e+00  2.93593061e+00  3.09273393e+00 
 2.05864000e-09  1.85402492e+00  1.74597508e+00  2.93525257e+00  3.09337794e+00 
 2.05914000e-09  1.85446427e+00  1.74553573e+00  2.93457714e+00  3.09401922e+00 
 2.05964000e-09  1.85490308e+00  1.74509692e+00  2.93390432e+00  3.09465773e+00 
 2.06014000e-09  1.85534134e+00  1.74465866e+00  2.93323415e+00  3.09529345e+00 
 2.06064000e-09  1.85577906e+00  1.74422094e+00  2.93256665e+00  3.09592635e+00 
 2.06114000e-09  1.85621623e+00  1.74378377e+00  2.93190186e+00  3.09655640e+00 
 2.06164000e-09  1.85665285e+00  1.74334715e+00  2.93123979e+00  3.09718357e+00 
 2.06214000e-09  1.85708890e+00  1.74291110e+00  2.93058048e+00  3.09780784e+00 
 2.06264000e-09  1.85752440e+00  1.74247560e+00  2.92992395e+00  3.09842918e+00 
 2.06314000e-09  1.85795932e+00  1.74204068e+00  2.92927023e+00  3.09904755e+00 
 2.06364000e-09  1.85839367e+00  1.74160633e+00  2.92861934e+00  3.09966294e+00 
 2.06414000e-09  1.85882745e+00  1.74117255e+00  2.92797131e+00  3.10027532e+00 
 2.06464000e-09  1.85926064e+00  1.74073936e+00  2.92732617e+00  3.10088465e+00 
 2.06514000e-09  1.85969326e+00  1.74030674e+00  2.92668395e+00  3.10149091e+00 
 2.06564000e-09  1.86012528e+00  1.73987472e+00  2.92604466e+00  3.10209407e+00 
 2.06614000e-09  1.86055671e+00  1.73944329e+00  2.92540834e+00  3.10269410e+00 
 2.06664000e-09  1.86098754e+00  1.73901246e+00  2.92477501e+00  3.10329099e+00 
 2.06714000e-09  1.86141776e+00  1.73858224e+00  2.92414470e+00  3.10388469e+00 
 2.06764000e-09  1.86184739e+00  1.73815261e+00  2.92351744e+00  3.10447519e+00 
 2.06814000e-09  1.86227640e+00  1.73772360e+00  2.92289325e+00  3.10506246e+00 
 2.06864000e-09  1.86270480e+00  1.73729520e+00  2.92227216e+00  3.10564646e+00 
 2.06914000e-09  1.86313257e+00  1.73686743e+00  2.92165419e+00  3.10622718e+00 
 2.06964000e-09  1.86355973e+00  1.73644027e+00  2.92103937e+00  3.10680458e+00 
 2.07014000e-09  1.86398626e+00  1.73601374e+00  2.92042773e+00  3.10737864e+00 
 2.07064000e-09  1.86441215e+00  1.73558785e+00  2.91981929e+00  3.10794934e+00 
 2.07114000e-09  1.86483742e+00  1.73516258e+00  2.91921407e+00  3.10851664e+00 
 2.07164000e-09  1.86526204e+00  1.73473796e+00  2.91861211e+00  3.10908053e+00 
 2.07214000e-09  1.86568601e+00  1.73431399e+00  2.91801343e+00  3.10964097e+00 
 2.07264000e-09  1.86610934e+00  1.73389066e+00  2.91741805e+00  3.11019794e+00 
 2.07314000e-09  1.86653202e+00  1.73346798e+00  2.91682600e+00  3.11075142e+00 
 2.07364000e-09  1.86695404e+00  1.73304596e+00  2.91623730e+00  3.11130138e+00 
 2.07414000e-09  1.86737540e+00  1.73262460e+00  2.91565199e+00  3.11184779e+00 
 2.07464000e-09  1.86779609e+00  1.73220391e+00  2.91507008e+00  3.11239063e+00 
 2.07514000e-09  1.86821611e+00  1.73178389e+00  2.91449159e+00  3.11292988e+00 
 2.07564000e-09  1.86863547e+00  1.73136453e+00  2.91391656e+00  3.11346551e+00 
 2.07614000e-09  1.86905414e+00  1.73094586e+00  2.91334501e+00  3.11399750e+00 
 2.07664000e-09  1.86947213e+00  1.73052787e+00  2.91277696e+00  3.11452582e+00 
 2.07714000e-09  1.86988944e+00  1.73011056e+00  2.91221244e+00  3.11505046e+00 
 2.07764000e-09  1.87030606e+00  1.72969394e+00  2.91165146e+00  3.11557138e+00 
 2.07814000e-09  1.87072198e+00  1.72927802e+00  2.91109406e+00  3.11608857e+00 
 2.07864000e-09  1.87113720e+00  1.72886280e+00  2.91054026e+00  3.11660201e+00 
 2.07914000e-09  1.87155173e+00  1.72844827e+00  2.90999008e+00  3.11711166e+00 
 2.07964000e-09  1.87196554e+00  1.72803446e+00  2.90944354e+00  3.11761752e+00 
 2.08014000e-09  1.87237865e+00  1.72762135e+00  2.90890067e+00  3.11811955e+00 
 2.08064000e-09  1.87279104e+00  1.72720896e+00  2.90836148e+00  3.11861775e+00 
 2.08114000e-09  1.87320271e+00  1.72679729e+00  2.90782601e+00  3.11911208e+00 
 2.08164000e-09  1.87361367e+00  1.72638633e+00  2.90729426e+00  3.11960253e+00 
 2.08214000e-09  1.87402389e+00  1.72597611e+00  2.90676628e+00  3.12008909e+00 
 2.08264000e-09  1.87443338e+00  1.72556662e+00  2.90624206e+00  3.12057172e+00 
 2.08314000e-09  1.87484214e+00  1.72515786e+00  2.90572165e+00  3.12105041e+00 
 2.08364000e-09  1.87525016e+00  1.72474984e+00  2.90520505e+00  3.12152515e+00 
 2.08414000e-09  1.87565744e+00  1.72434256e+00  2.90469229e+00  3.12199592e+00 
 2.08464000e-09  1.87606397e+00  1.72393603e+00  2.90418338e+00  3.12246270e+00 
 2.08514000e-09  1.87646976e+00  1.72353024e+00  2.90367836e+00  3.12292547e+00 
 2.08564000e-09  1.87687478e+00  1.72312522e+00  2.90317723e+00  3.12338422e+00 
 2.08614000e-09  1.87727905e+00  1.72272095e+00  2.90268001e+00  3.12383893e+00 
 2.08664000e-09  1.87768255e+00  1.72231745e+00  2.90218673e+00  3.12428959e+00 
 2.08714000e-09  1.87808529e+00  1.72191471e+00  2.90169740e+00  3.12473618e+00 
 2.08764000e-09  1.87848726e+00  1.72151274e+00  2.90121205e+00  3.12517869e+00 
 2.08814000e-09  1.87888845e+00  1.72111155e+00  2.90073068e+00  3.12561712e+00 
 2.08864000e-09  1.87928886e+00  1.72071114e+00  2.90025331e+00  3.12605144e+00 
 2.08914000e-09  1.87968850e+00  1.72031150e+00  2.89977996e+00  3.12648164e+00 
 2.08964000e-09  1.88008734e+00  1.71991266e+00  2.89931065e+00  3.12690772e+00 
 2.09014000e-09  1.88048539e+00  1.71951461e+00  2.89884539e+00  3.12732966e+00 
 2.09064000e-09  1.88088265e+00  1.71911735e+00  2.89838420e+00  3.12774745e+00 
 2.09114000e-09  1.88127912e+00  1.71872088e+00  2.89792709e+00  3.12816110e+00 
 2.09164000e-09  1.88167478e+00  1.71832522e+00  2.89747408e+00  3.12857058e+00 
 2.09214000e-09  1.88206963e+00  1.71793037e+00  2.89702517e+00  3.12897589e+00 
 2.09264000e-09  1.88246367e+00  1.71753633e+00  2.89658038e+00  3.12937702e+00 
 2.09314000e-09  1.88285690e+00  1.71714310e+00  2.89613973e+00  3.12977398e+00 
 2.09364000e-09  1.88324931e+00  1.71675069e+00  2.89570323e+00  3.13016675e+00 
 2.09414000e-09  1.88364090e+00  1.71635910e+00  2.89527088e+00  3.13055533e+00 
 2.09464000e-09  1.88403167e+00  1.71596833e+00  2.89484270e+00  3.13093972e+00 
 2.09514000e-09  1.88442160e+00  1.71557840e+00  2.89441870e+00  3.13131991e+00 
 2.09564000e-09  1.88481071e+00  1.71518929e+00  2.89399889e+00  3.13169591e+00 
 2.09614000e-09  1.88519897e+00  1.71480103e+00  2.89358327e+00  3.13206771e+00 
 2.09664000e-09  1.88558640e+00  1.71441360e+00  2.89317186e+00  3.13243531e+00 
 2.09714000e-09  1.88597298e+00  1.71402702e+00  2.89276466e+00  3.13279872e+00 
 2.09764000e-09  1.88635871e+00  1.71364129e+00  2.89236168e+00  3.13315794e+00 
 2.09814000e-09  1.88674359e+00  1.71325641e+00  2.89196293e+00  3.13351297e+00 
 2.09864000e-09  1.88712761e+00  1.71287239e+00  2.89156840e+00  3.13386381e+00 
 2.09914000e-09  1.88751077e+00  1.71248923e+00  2.89117812e+00  3.13421047e+00 
 2.09964000e-09  1.88789307e+00  1.71210693e+00  2.89079208e+00  3.13455295e+00 
 2.10014000e-09  1.88827450e+00  1.71172550e+00  2.89041028e+00  3.13489127e+00 
 2.10064000e-09  1.88865506e+00  1.71134494e+00  2.89003273e+00  3.13522542e+00 
 2.10114000e-09  1.88903475e+00  1.71096525e+00  2.88965943e+00  3.13555542e+00 
 2.10164000e-09  1.88941355e+00  1.71058645e+00  2.88929038e+00  3.13588128e+00 
 2.10214000e-09  1.88979148e+00  1.71020852e+00  2.88892559e+00  3.13620301e+00 
 2.10264000e-09  1.89016851e+00  1.70983149e+00  2.88856505e+00  3.13652062e+00 
 2.10314000e-09  1.89054466e+00  1.70945534e+00  2.88820877e+00  3.13683412e+00 
 2.10364000e-09  1.89091992e+00  1.70908008e+00  2.88785673e+00  3.13714352e+00 
 2.10414000e-09  1.89129427e+00  1.70870573e+00  2.88750895e+00  3.13744884e+00 
 2.10464000e-09  1.89166773e+00  1.70833227e+00  2.88716542e+00  3.13775010e+00 
 2.10514000e-09  1.89204028e+00  1.70795972e+00  2.88682613e+00  3.13804731e+00 
 2.10564000e-09  1.89241192e+00  1.70758808e+00  2.88649108e+00  3.13834049e+00 
 2.10614000e-09  1.89278265e+00  1.70721735e+00  2.88616027e+00  3.13862965e+00 
 2.10664000e-09  1.89315247e+00  1.70684753e+00  2.88583369e+00  3.13891481e+00 
 2.10714000e-09  1.89352136e+00  1.70647864e+00  2.88551133e+00  3.13919601e+00 
 2.10764000e-09  1.89388934e+00  1.70611066e+00  2.88519319e+00  3.13947324e+00 
 2.10814000e-09  1.89425638e+00  1.70574362e+00  2.88487926e+00  3.13974655e+00 
 2.10864000e-09  1.89462250e+00  1.70537750e+00  2.88456953e+00  3.14001594e+00 
 2.10914000e-09  1.89498768e+00  1.70501232e+00  2.88426400e+00  3.14028145e+00 
 2.10964000e-09  1.89535193e+00  1.70464807e+00  2.88396264e+00  3.14054310e+00 
 2.11014000e-09  1.89571523e+00  1.70428477e+00  2.88366546e+00  3.14080091e+00 
 2.11064000e-09  1.89607759e+00  1.70392241e+00  2.88337244e+00  3.14105491e+00 
 2.11114000e-09  1.89643900e+00  1.70356100e+00  2.88308356e+00  3.14130512e+00 
 2.11164000e-09  1.89679946e+00  1.70320054e+00  2.88279881e+00  3.14155158e+00 
 2.11214000e-09  1.89715896e+00  1.70284104e+00  2.88251819e+00  3.14179431e+00 
 2.11264000e-09  1.89751750e+00  1.70248250e+00  2.88224167e+00  3.14203334e+00 
 2.11314000e-09  1.89787508e+00  1.70212492e+00  2.88196924e+00  3.14226870e+00 
 2.11364000e-09  1.89823170e+00  1.70176830e+00  2.88170089e+00  3.14250042e+00 
 2.11414000e-09  1.89858735e+00  1.70141265e+00  2.88143659e+00  3.14272853e+00 
 2.11464000e-09  1.89894202e+00  1.70105798e+00  2.88117632e+00  3.14295307e+00 
 2.11514000e-09  1.89929572e+00  1.70070428e+00  2.88092008e+00  3.14317406e+00 
 2.11564000e-09  1.89964843e+00  1.70035157e+00  2.88066784e+00  3.14339154e+00 
 2.11614000e-09  1.90000017e+00  1.69999983e+00  2.88041958e+00  3.14360554e+00 
 2.11664000e-09  1.90035091e+00  1.69964909e+00  2.88017527e+00  3.14381610e+00 
 2.11714000e-09  1.90070067e+00  1.69929933e+00  2.87993491e+00  3.14402326e+00 
 2.11764000e-09  1.90104943e+00  1.69895057e+00  2.87969846e+00  3.14422703e+00 
 2.11814000e-09  1.90139719e+00  1.69860281e+00  2.87946590e+00  3.14442747e+00 
 2.11864000e-09  1.90174396e+00  1.69825604e+00  2.87923720e+00  3.14462461e+00 
 2.11914000e-09  1.90208972e+00  1.69791028e+00  2.87901236e+00  3.14481848e+00 
 2.11964000e-09  1.90243447e+00  1.69756553e+00  2.87879132e+00  3.14500912e+00 
 2.12014000e-09  1.90277821e+00  1.69722179e+00  2.87857408e+00  3.14519657e+00 
 2.12064000e-09  1.90312094e+00  1.69687906e+00  2.87836061e+00  3.14538087e+00 
 2.12114000e-09  1.90346265e+00  1.69653735e+00  2.87815087e+00  3.14556205e+00 
 2.12164000e-09  1.90380333e+00  1.69619667e+00  2.87794484e+00  3.14574015e+00 
 2.12214000e-09  1.90414300e+00  1.69585700e+00  2.87774250e+00  3.14591520e+00 
 2.12264000e-09  1.90448163e+00  1.69551837e+00  2.87754380e+00  3.14608726e+00 
 2.12314000e-09  1.90481924e+00  1.69518076e+00  2.87734873e+00  3.14625635e+00 
 2.12364000e-09  1.90515581e+00  1.69484419e+00  2.87715724e+00  3.14642251e+00 
 2.12414000e-09  1.90549134e+00  1.69450866e+00  2.87696932e+00  3.14658579e+00 
 2.12464000e-09  1.90582583e+00  1.69417417e+00  2.87678492e+00  3.14674622e+00 
 2.12514000e-09  1.90615928e+00  1.69384072e+00  2.87660402e+00  3.14690384e+00 
 2.12564000e-09  1.90649168e+00  1.69350832e+00  2.87642658e+00  3.14705869e+00 
 2.12614000e-09  1.90682302e+00  1.69317698e+00  2.87625257e+00  3.14721080e+00 
 2.12664000e-09  1.90715332e+00  1.69284668e+00  2.87608196e+00  3.14736023e+00 
 2.12714000e-09  1.90748255e+00  1.69251745e+00  2.87591471e+00  3.14750700e+00 
 2.12764000e-09  1.90781073e+00  1.69218927e+00  2.87575078e+00  3.14765116e+00 
 2.12814000e-09  1.90813784e+00  1.69186216e+00  2.87559015e+00  3.14779274e+00 
 2.12864000e-09  1.90846388e+00  1.69153612e+00  2.87543277e+00  3.14793178e+00 
 2.12914000e-09  1.90878885e+00  1.69121115e+00  2.87527862e+00  3.14806833e+00 
 2.12964000e-09  1.90911275e+00  1.69088725e+00  2.87512765e+00  3.14820241e+00 
 2.13014000e-09  1.90943558e+00  1.69056442e+00  2.87497983e+00  3.14833408e+00 
 2.13064000e-09  1.90975732e+00  1.69024268e+00  2.87483512e+00  3.14846336e+00 
 2.13114000e-09  1.91007798e+00  1.68992202e+00  2.87469348e+00  3.14859029e+00 
 2.13164000e-09  1.91039755e+00  1.68960245e+00  2.87455489e+00  3.14871492e+00 
 2.13214000e-09  1.91071603e+00  1.68928397e+00  2.87441929e+00  3.14883728e+00 
 2.13264000e-09  1.91103342e+00  1.68896658e+00  2.87428666e+00  3.14895740e+00 
 2.13314000e-09  1.91134972e+00  1.68865028e+00  2.87415695e+00  3.14907533e+00 
 2.13364000e-09  1.91166491e+00  1.68833509e+00  2.87403012e+00  3.14919110e+00 
 2.13414000e-09  1.91197901e+00  1.68802099e+00  2.87390615e+00  3.14930475e+00 
 2.13464000e-09  1.91229199e+00  1.68770801e+00  2.87378499e+00  3.14941631e+00 
 2.13514000e-09  1.91260387e+00  1.68739613e+00  2.87366660e+00  3.14952582e+00 
 2.13564000e-09  1.91291464e+00  1.68708536e+00  2.87355094e+00  3.14963332e+00 
 2.13614000e-09  1.91322430e+00  1.68677570e+00  2.87343799e+00  3.14973884e+00 
 2.13664000e-09  1.91353283e+00  1.68646717e+00  2.87332769e+00  3.14984242e+00 
 2.13714000e-09  1.91384025e+00  1.68615975e+00  2.87322001e+00  3.14994408e+00 
 2.13764000e-09  1.91414654e+00  1.68585346e+00  2.87311491e+00  3.15004387e+00 
 2.13814000e-09  1.91445171e+00  1.68554829e+00  2.87301235e+00  3.15014182e+00 
 2.13864000e-09  1.91475575e+00  1.68524425e+00  2.87291230e+00  3.15023797e+00 
 2.13914000e-09  1.91505865e+00  1.68494135e+00  2.87281472e+00  3.15033234e+00 
 2.13964000e-09  1.91536042e+00  1.68463958e+00  2.87271957e+00  3.15042496e+00 
 2.14014000e-09  1.91566105e+00  1.68433895e+00  2.87262681e+00  3.15051588e+00 
 2.14064000e-09  1.91596054e+00  1.68403946e+00  2.87253641e+00  3.15060513e+00 
 2.14114000e-09  1.91625888e+00  1.68374112e+00  2.87244833e+00  3.15069273e+00 
 2.14164000e-09  1.91655608e+00  1.68344392e+00  2.87236252e+00  3.15077871e+00 
 2.14214000e-09  1.91685212e+00  1.68314788e+00  2.87227896e+00  3.15086312e+00 
 2.14264000e-09  1.91714701e+00  1.68285299e+00  2.87219760e+00  3.15094597e+00 
 2.14314000e-09  1.91744075e+00  1.68255925e+00  2.87211842e+00  3.15102730e+00 
 2.14364000e-09  1.91773333e+00  1.68226667e+00  2.87204137e+00  3.15110713e+00 
 2.14414000e-09  1.91802474e+00  1.68197526e+00  2.87196642e+00  3.15118551e+00 
 2.14464000e-09  1.91831499e+00  1.68168501e+00  2.87189353e+00  3.15126245e+00 
 2.14514000e-09  1.91860408e+00  1.68139592e+00  2.87182266e+00  3.15133799e+00 
 2.14564000e-09  1.91889199e+00  1.68110801e+00  2.87175379e+00  3.15141215e+00 
 2.14614000e-09  1.91917873e+00  1.68082127e+00  2.87168688e+00  3.15148495e+00 
 2.14664000e-09  1.91946429e+00  1.68053571e+00  2.87162189e+00  3.15155644e+00 
 2.14714000e-09  1.91974867e+00  1.68025133e+00  2.87155879e+00  3.15162663e+00 
 2.14764000e-09  1.92003188e+00  1.67996812e+00  2.87149754e+00  3.15169555e+00 
 2.14814000e-09  1.92031389e+00  1.67968611e+00  2.87143812e+00  3.15176323e+00 
 2.14864000e-09  1.92059472e+00  1.67940528e+00  2.87138048e+00  3.15182970e+00 
 2.14914000e-09  1.92087436e+00  1.67912564e+00  2.87132460e+00  3.15189496e+00 
 2.14964000e-09  1.92115281e+00  1.67884719e+00  2.87127044e+00  3.15195907e+00 
 2.15014000e-09  1.92143006e+00  1.67856994e+00  2.87121798e+00  3.15202202e+00 
 2.15064000e-09  1.92170611e+00  1.67829389e+00  2.87116717e+00  3.15208386e+00 
 2.15114000e-09  1.92198096e+00  1.67801904e+00  2.87111800e+00  3.15214460e+00 
 2.15164000e-09  1.92225461e+00  1.67774539e+00  2.87107042e+00  3.15220427e+00 
 2.15214000e-09  1.92252705e+00  1.67747295e+00  2.87102441e+00  3.15226289e+00 
 2.15264000e-09  1.92279828e+00  1.67720172e+00  2.87097994e+00  3.15232048e+00 
 2.15314000e-09  1.92306830e+00  1.67693170e+00  2.87093697e+00  3.15237707e+00 
 2.15364000e-09  1.92333710e+00  1.67666290e+00  2.87089549e+00  3.15243267e+00 
 2.15414000e-09  1.92360469e+00  1.67639531e+00  2.87085546e+00  3.15248731e+00 
 2.15464000e-09  1.92387106e+00  1.67612894e+00  2.87081684e+00  3.15254100e+00 
 2.15514000e-09  1.92413620e+00  1.67586380e+00  2.87077962e+00  3.15259378e+00 
 2.15564000e-09  1.92440012e+00  1.67559988e+00  2.87074377e+00  3.15264565e+00 
 2.15614000e-09  1.92466281e+00  1.67533719e+00  2.87070926e+00  3.15269664e+00 
 2.15664000e-09  1.92492428e+00  1.67507572e+00  2.87067606e+00  3.15274676e+00 
 2.15714000e-09  1.92518450e+00  1.67481550e+00  2.87064415e+00  3.15279604e+00 
 2.15764000e-09  1.92544350e+00  1.67455650e+00  2.87061350e+00  3.15284450e+00 
 2.15814000e-09  1.92570125e+00  1.67429875e+00  2.87058408e+00  3.15289215e+00 
 2.15864000e-09  1.92595777e+00  1.67404223e+00  2.87055588e+00  3.15293900e+00 
 2.15914000e-09  1.92621304e+00  1.67378696e+00  2.87052886e+00  3.15298509e+00 
 2.15964000e-09  1.92646706e+00  1.67353294e+00  2.87050300e+00  3.15303042e+00 
 2.16014000e-09  1.92671984e+00  1.67328016e+00  2.87047828e+00  3.15307501e+00 
 2.16064000e-09  1.92697137e+00  1.67302863e+00  2.87045467e+00  3.15311887e+00 
 2.16114000e-09  1.92722164e+00  1.67277836e+00  2.87043216e+00  3.15316204e+00 
 2.16164000e-09  1.92747066e+00  1.67252934e+00  2.87041071e+00  3.15320451e+00 
 2.16214000e-09  1.92771842e+00  1.67228158e+00  2.87039031e+00  3.15324630e+00 
 2.16264000e-09  1.92796492e+00  1.67203508e+00  2.87037094e+00  3.15328744e+00 
 2.16314000e-09  1.92821015e+00  1.67178985e+00  2.87035257e+00  3.15332793e+00 
 2.16364000e-09  1.92845412e+00  1.67154588e+00  2.87033518e+00  3.15336779e+00 
 2.16414000e-09  1.92869683e+00  1.67130317e+00  2.87031876e+00  3.15340704e+00 
 2.16464000e-09  1.92893826e+00  1.67106174e+00  2.87030327e+00  3.15344568e+00 
 2.16514000e-09  1.92917842e+00  1.67082158e+00  2.87028871e+00  3.15348374e+00 
 2.16564000e-09  1.92941731e+00  1.67058269e+00  2.87027505e+00  3.15352121e+00 
 2.16614000e-09  1.92965491e+00  1.67034509e+00  2.87026227e+00  3.15355813e+00 
 2.16664000e-09  1.92989124e+00  1.67010876e+00  2.87025036e+00  3.15359450e+00 
 2.16714000e-09  1.93012629e+00  1.66987371e+00  2.87023930e+00  3.15363033e+00 
 2.16764000e-09  1.93036005e+00  1.66963995e+00  2.87022906e+00  3.15366563e+00 
 2.16814000e-09  1.93059253e+00  1.66940747e+00  2.87021963e+00  3.15370042e+00 
 2.16864000e-09  1.93082371e+00  1.66917629e+00  2.87021100e+00  3.15373471e+00 
 2.16914000e-09  1.93105361e+00  1.66894639e+00  2.87020314e+00  3.15376852e+00 
 2.16964000e-09  1.93128221e+00  1.66871779e+00  2.87019605e+00  3.15380184e+00 
 2.17014000e-09  1.93150952e+00  1.66849048e+00  2.87018969e+00  3.15383469e+00 
 2.17064000e-09  1.93173553e+00  1.66826447e+00  2.87018406e+00  3.15386709e+00 
 2.17114000e-09  1.93196023e+00  1.66803977e+00  2.87017915e+00  3.15389904e+00 
 2.17164000e-09  1.93218364e+00  1.66781636e+00  2.87017493e+00  3.15393056e+00 
 2.17214000e-09  1.93240574e+00  1.66759426e+00  2.87017139e+00  3.15396165e+00 
 2.17264000e-09  1.93262654e+00  1.66737346e+00  2.87016852e+00  3.15399232e+00 
 2.17314000e-09  1.93284602e+00  1.66715398e+00  2.87016630e+00  3.15402259e+00 
 2.17364000e-09  1.93306419e+00  1.66693581e+00  2.87016472e+00  3.15405246e+00 
 2.17414000e-09  1.93328106e+00  1.66671894e+00  2.87016376e+00  3.15408194e+00 
 2.17464000e-09  1.93349660e+00  1.66650340e+00  2.87016341e+00  3.15411104e+00 
 2.17514000e-09  1.93371083e+00  1.66628917e+00  2.87016366e+00  3.15413977e+00 
 2.17564000e-09  1.93392374e+00  1.66607626e+00  2.87016450e+00  3.15416814e+00 
 2.17614000e-09  1.93413532e+00  1.66586468e+00  2.87016590e+00  3.15419615e+00 
 2.17664000e-09  1.93434559e+00  1.66565441e+00  2.87016787e+00  3.15422382e+00 
 2.17714000e-09  1.93455452e+00  1.66544548e+00  2.87017038e+00  3.15425116e+00 
 2.17764000e-09  1.93476213e+00  1.66523787e+00  2.87017343e+00  3.15427816e+00 
 2.17814000e-09  1.93496841e+00  1.66503159e+00  2.87017700e+00  3.15430484e+00 
 2.17864000e-09  1.93517336e+00  1.66482664e+00  2.87018109e+00  3.15433121e+00 
 2.17914000e-09  1.93537697e+00  1.66462303e+00  2.87018567e+00  3.15435726e+00 
 2.17964000e-09  1.93557925e+00  1.66442075e+00  2.87019075e+00  3.15438302e+00 
 2.18014000e-09  1.93578019e+00  1.66421981e+00  2.87019630e+00  3.15440849e+00 
 2.18064000e-09  1.93597978e+00  1.66402022e+00  2.87020232e+00  3.15443367e+00 
 2.18114000e-09  1.93617804e+00  1.66382196e+00  2.87020881e+00  3.15445856e+00 
 2.18164000e-09  1.93637495e+00  1.66362505e+00  2.87021574e+00  3.15448319e+00 
 2.18214000e-09  1.93657052e+00  1.66342948e+00  2.87022311e+00  3.15450755e+00 
 2.18264000e-09  1.93676474e+00  1.66323526e+00  2.87023091e+00  3.15453164e+00 
 2.18314000e-09  1.93695761e+00  1.66304239e+00  2.87023912e+00  3.15455548e+00 
 2.18364000e-09  1.93714912e+00  1.66285088e+00  2.87024776e+00  3.15457908e+00 
 2.18414000e-09  1.93733929e+00  1.66266071e+00  2.87025679e+00  3.15460242e+00 
 2.18464000e-09  1.93752809e+00  1.66247191e+00  2.87026621e+00  3.15462554e+00 
 2.18514000e-09  1.93771554e+00  1.66228446e+00  2.87027603e+00  3.15464841e+00 
 2.18564000e-09  1.93790163e+00  1.66209837e+00  2.87028621e+00  3.15467107e+00 
 2.18614000e-09  1.93808636e+00  1.66191364e+00  2.87029677e+00  3.15469350e+00 
 2.18664000e-09  1.93826973e+00  1.66173027e+00  2.87030768e+00  3.15471571e+00 
 2.18714000e-09  1.93845173e+00  1.66154827e+00  2.87031895e+00  3.15473771e+00 
 2.18764000e-09  1.93863237e+00  1.66136763e+00  2.87033057e+00  3.15475951e+00 
 2.18814000e-09  1.93881164e+00  1.66118836e+00  2.87034252e+00  3.15478110e+00 
 2.18864000e-09  1.93898954e+00  1.66101046e+00  2.87035480e+00  3.15480250e+00 
 2.18914000e-09  1.93916606e+00  1.66083394e+00  2.87036740e+00  3.15482370e+00 
 2.18964000e-09  1.93934121e+00  1.66065879e+00  2.87038032e+00  3.15484472e+00 
 2.19014000e-09  1.93951499e+00  1.66048501e+00  2.87039355e+00  3.15486555e+00 
 2.19064000e-09  1.93968739e+00  1.66031261e+00  2.87040709e+00  3.15488620e+00 
 2.19114000e-09  1.93985841e+00  1.66014159e+00  2.87042092e+00  3.15490667e+00 
 2.19164000e-09  1.94002806e+00  1.65997194e+00  2.87043504e+00  3.15492697e+00 
 2.19214000e-09  1.94019631e+00  1.65980369e+00  2.87044944e+00  3.15494711e+00 
 2.19264000e-09  1.94036319e+00  1.65963681e+00  2.87046412e+00  3.15496708e+00 
 2.19314000e-09  1.94052868e+00  1.65947132e+00  2.87047907e+00  3.15498689e+00 
 2.19364000e-09  1.94069278e+00  1.65930722e+00  2.87049429e+00  3.15500655e+00 
 2.19414000e-09  1.94085550e+00  1.65914450e+00  2.87050977e+00  3.15502605e+00 
 2.19464000e-09  1.94101682e+00  1.65898318e+00  2.87052550e+00  3.15504540e+00 
 2.19514000e-09  1.94117676e+00  1.65882324e+00  2.87054148e+00  3.15506461e+00 
 2.19564000e-09  1.94133530e+00  1.65866470e+00  2.87055771e+00  3.15508367e+00 
 2.19614000e-09  1.94149244e+00  1.65850756e+00  2.87057417e+00  3.15510259e+00 
 2.19664000e-09  1.94164819e+00  1.65835181e+00  2.87059087e+00  3.15512138e+00 
 2.19714000e-09  1.94180254e+00  1.65819746e+00  2.87060780e+00  3.15514003e+00 
 2.19764000e-09  1.94195549e+00  1.65804451e+00  2.87062495e+00  3.15515856e+00 
 2.19814000e-09  1.94210704e+00  1.65789296e+00  2.87064232e+00  3.15517695e+00 
 2.19864000e-09  1.94225719e+00  1.65774281e+00  2.87065991e+00  3.15519522e+00 
 2.19914000e-09  1.94240593e+00  1.65759407e+00  2.87067770e+00  3.15521337e+00 
 2.19964000e-09  1.94255327e+00  1.65744673e+00  2.87069571e+00  3.15523140e+00 
 2.20014000e-09  1.94269920e+00  1.65730080e+00  2.87071391e+00  3.15524932e+00 
 2.20064000e-09  1.94284372e+00  1.65715628e+00  2.87073231e+00  3.15526712e+00 
 2.20114000e-09  1.94298683e+00  1.65701317e+00  2.87075091e+00  3.15528481e+00 
 2.20164000e-09  1.94312853e+00  1.65687147e+00  2.87076969e+00  3.15530239e+00 
 2.20214000e-09  1.94326882e+00  1.65673118e+00  2.87078867e+00  3.15531986e+00 
 2.20264000e-09  1.94340769e+00  1.65659231e+00  2.87080782e+00  3.15533723e+00 
 2.20314000e-09  1.94354515e+00  1.65645485e+00  2.87082715e+00  3.15535450e+00 
 2.20364000e-09  1.94368120e+00  1.65631880e+00  2.87084665e+00  3.15537167e+00 
 2.20414000e-09  1.94381582e+00  1.65618418e+00  2.87086633e+00  3.15538874e+00 
 2.20464000e-09  1.94394902e+00  1.65605098e+00  2.87088617e+00  3.15540572e+00 
 2.20514000e-09  1.94408081e+00  1.65591919e+00  2.87090618e+00  3.15542260e+00 
 2.20564000e-09  1.94421117e+00  1.65578883e+00  2.87092635e+00  3.15543939e+00 
 2.20614000e-09  1.94434011e+00  1.65565989e+00  2.87094667e+00  3.15545609e+00 
 2.20664000e-09  1.94446762e+00  1.65553238e+00  2.87096715e+00  3.15547271e+00 
 2.20714000e-09  1.94459371e+00  1.65540629e+00  2.87098778e+00  3.15548924e+00 
 2.20764000e-09  1.94471837e+00  1.65528163e+00  2.87100856e+00  3.15550569e+00 
 2.20814000e-09  1.94484161e+00  1.65515839e+00  2.87102949e+00  3.15552206e+00 
 2.20864000e-09  1.94496341e+00  1.65503659e+00  2.87105056e+00  3.15553834e+00 
 2.20914000e-09  1.94508378e+00  1.65491622e+00  2.87107176e+00  3.15555455e+00 
 2.20964000e-09  1.94520272e+00  1.65479728e+00  2.87109311e+00  3.15557068e+00 
 2.21014000e-09  1.94532023e+00  1.65467977e+00  2.87111459e+00  3.15558674e+00 
 2.21064000e-09  1.94543631e+00  1.65456369e+00  2.87113620e+00  3.15560273e+00 
 2.21114000e-09  1.94555094e+00  1.65444906e+00  2.87115793e+00  3.15561864e+00 
 2.21164000e-09  1.94566414e+00  1.65433586e+00  2.87117980e+00  3.15563448e+00 
 2.21214000e-09  1.94577591e+00  1.65422409e+00  2.87120179e+00  3.15565026e+00 
 2.21264000e-09  1.94588623e+00  1.65411377e+00  2.87122390e+00  3.15566596e+00 
 2.21314000e-09  1.94599512e+00  1.65400488e+00  2.87124613e+00  3.15568160e+00 
 2.21364000e-09  1.94610256e+00  1.65389744e+00  2.87126848e+00  3.15569718e+00 
 2.21414000e-09  1.94620857e+00  1.65379143e+00  2.87129094e+00  3.15571269e+00 
 2.21464000e-09  1.94631313e+00  1.65368687e+00  2.87131352e+00  3.15572815e+00 
 2.21514000e-09  1.94641624e+00  1.65358376e+00  2.87133621e+00  3.15574354e+00 
 2.21564000e-09  1.94651791e+00  1.65348209e+00  2.87135900e+00  3.15575887e+00 
 2.21614000e-09  1.94661814e+00  1.65338186e+00  2.87138190e+00  3.15577414e+00 
 2.21664000e-09  1.94671691e+00  1.65328309e+00  2.87140491e+00  3.15578936e+00 
 2.21714000e-09  1.94681424e+00  1.65318576e+00  2.87142802e+00  3.15580452e+00 
 2.21764000e-09  1.94691012e+00  1.65308988e+00  2.87145123e+00  3.15581963e+00 
 2.21814000e-09  1.94700455e+00  1.65299545e+00  2.87147454e+00  3.15583468e+00 
 2.21864000e-09  1.94709753e+00  1.65290247e+00  2.87149795e+00  3.15584968e+00 
 2.21914000e-09  1.94718906e+00  1.65281094e+00  2.87152145e+00  3.15586463e+00 
 2.21964000e-09  1.94727913e+00  1.65272087e+00  2.87154505e+00  3.15587953e+00 
 2.22014000e-09  1.94736775e+00  1.65263225e+00  2.87156874e+00  3.15589438e+00 
 2.22064000e-09  1.94745492e+00  1.65254508e+00  2.87159251e+00  3.15590918e+00 
 2.22114000e-09  1.94754063e+00  1.65245937e+00  2.87161638e+00  3.15592394e+00 
 2.22164000e-09  1.94762489e+00  1.65237511e+00  2.87164034e+00  3.15593864e+00 
 2.22214000e-09  1.94770769e+00  1.65229231e+00  2.87166438e+00  3.15595331e+00 
 2.22264000e-09  1.94778903e+00  1.65221097e+00  2.87168851e+00  3.15596792e+00 
 2.22314000e-09  1.94786891e+00  1.65213109e+00  2.87171271e+00  3.15598249e+00 
 2.22364000e-09  1.94794733e+00  1.65205267e+00  2.87173700e+00  3.15599702e+00 
 2.22414000e-09  1.94802429e+00  1.65197571e+00  2.87176137e+00  3.15601151e+00 
 2.22464000e-09  1.94809980e+00  1.65190020e+00  2.87178582e+00  3.15602596e+00 
 2.22514000e-09  1.94817383e+00  1.65182617e+00  2.87181035e+00  3.15604036e+00 
 2.22564000e-09  1.94824641e+00  1.65175359e+00  2.87183495e+00  3.15605472e+00 
 2.22614000e-09  1.94831753e+00  1.65168247e+00  2.87185963e+00  3.15606905e+00 
 2.22664000e-09  1.94838718e+00  1.65161282e+00  2.87188439e+00  3.15608334e+00 
 2.22714000e-09  1.94845536e+00  1.65154464e+00  2.87190921e+00  3.15609758e+00 
 2.22764000e-09  1.94852208e+00  1.65147792e+00  2.87193411e+00  3.15611179e+00 
 2.22814000e-09  1.94858734e+00  1.65141266e+00  2.87195907e+00  3.15612597e+00 
 2.22864000e-09  1.94865113e+00  1.65134887e+00  2.87198411e+00  3.15614011e+00 
 2.22914000e-09  1.94871345e+00  1.65128655e+00  2.87200921e+00  3.15615421e+00 
 2.22964000e-09  1.94877430e+00  1.65122570e+00  2.87203438e+00  3.15616827e+00 
 2.23014000e-09  1.94883368e+00  1.65116632e+00  2.87205962e+00  3.15618231e+00 
 2.23064000e-09  1.94889160e+00  1.65110840e+00  2.87208492e+00  3.15619631e+00 
 2.23114000e-09  1.94894805e+00  1.65105195e+00  2.87211029e+00  3.15621027e+00 
 2.23164000e-09  1.94900302e+00  1.65099698e+00  2.87213572e+00  3.15622420e+00 
 2.23214000e-09  1.94905653e+00  1.65094347e+00  2.87216121e+00  3.15623810e+00 
 2.23264000e-09  1.94910856e+00  1.65089144e+00  2.87218677e+00  3.15625197e+00 
 2.23314000e-09  1.94915913e+00  1.65084087e+00  2.87221238e+00  3.15626581e+00 
 2.23364000e-09  1.94920822e+00  1.65079178e+00  2.87223805e+00  3.15627962e+00 
 2.23414000e-09  1.94925584e+00  1.65074416e+00  2.87226379e+00  3.15629339e+00 
 2.23464000e-09  1.94930198e+00  1.65069802e+00  2.87228958e+00  3.15630714e+00 
 2.23514000e-09  1.94934665e+00  1.65065335e+00  2.87231542e+00  3.15632085e+00 
 2.23564000e-09  1.94938985e+00  1.65061015e+00  2.87234133e+00  3.15633454e+00 
 2.23614000e-09  1.94943158e+00  1.65056842e+00  2.87236729e+00  3.15634820e+00 
 2.23664000e-09  1.94947182e+00  1.65052818e+00  2.87239330e+00  3.15636183e+00 
 2.23714000e-09  1.94951060e+00  1.65048940e+00  2.87241937e+00  3.15637543e+00 
 2.23764000e-09  1.94954789e+00  1.65045211e+00  2.87244549e+00  3.15638900e+00 
 2.23814000e-09  1.94958372e+00  1.65041628e+00  2.87247167e+00  3.15640255e+00 
 2.23864000e-09  1.94961806e+00  1.65038194e+00  2.87249789e+00  3.15641607e+00 
 2.23914000e-09  1.94965093e+00  1.65034907e+00  2.87252417e+00  3.15642956e+00 
 2.23964000e-09  1.94968232e+00  1.65031768e+00  2.87255050e+00  3.15644303e+00 
 2.24014000e-09  1.94971224e+00  1.65028776e+00  2.87257688e+00  3.15645647e+00 
 2.24064000e-09  1.94974067e+00  1.65025933e+00  2.87260331e+00  3.15646988e+00 
 2.24114000e-09  1.94976763e+00  1.65023237e+00  2.87262979e+00  3.15648327e+00 
 2.24164000e-09  1.94979311e+00  1.65020689e+00  2.87265632e+00  3.15649663e+00 
 2.24214000e-09  1.94981712e+00  1.65018288e+00  2.87268289e+00  3.15650997e+00 
 2.24264000e-09  1.94983964e+00  1.65016036e+00  2.87270951e+00  3.15652328e+00 
 2.24314000e-09  1.94986068e+00  1.65013932e+00  2.87273618e+00  3.15653657e+00 
 2.24364000e-09  1.94988025e+00  1.65011975e+00  2.87276290e+00  3.15654983e+00 
 2.24414000e-09  1.94989834e+00  1.65010166e+00  2.87278966e+00  3.15656307e+00 
 2.24464000e-09  1.94991494e+00  1.65008506e+00  2.87281646e+00  3.15657629e+00 
 2.24514000e-09  1.94993007e+00  1.65006993e+00  2.87284332e+00  3.15658948e+00 
 2.24564000e-09  1.94994372e+00  1.65005628e+00  2.87287021e+00  3.15660265e+00 
 2.24614000e-09  1.94995589e+00  1.65004411e+00  2.87289715e+00  3.15661579e+00 
 2.24664000e-09  1.94996657e+00  1.65003343e+00  2.87292414e+00  3.15662891e+00 
 2.24714000e-09  1.94997578e+00  1.65002422e+00  2.87295116e+00  3.15664201e+00 
 2.24764000e-09  1.94998351e+00  1.65001649e+00  2.87297823e+00  3.15665508e+00 
 2.24814000e-09  1.94998976e+00  1.65001024e+00  2.87300535e+00  3.15666813e+00 
 2.24864000e-09  1.94999452e+00  1.65000548e+00  2.87303250e+00  3.15668116e+00 
 2.24914000e-09  1.94999781e+00  1.65000219e+00  2.87305970e+00  3.15669416e+00 
 2.24964000e-09  1.94999962e+00  1.65000038e+00  2.87308693e+00  3.15670715e+00 
 2.25014000e-09  1.94999994e+00  1.65000006e+00  2.87311421e+00  3.15672010e+00 
 2.25064000e-09  1.94999879e+00  1.65000121e+00  2.87314153e+00  3.15673304e+00 
 2.25114000e-09  1.94999615e+00  1.65000385e+00  2.87316889e+00  3.15674596e+00 
 2.25164000e-09  1.94999204e+00  1.65000796e+00  2.87319629e+00  3.15675885e+00 
 2.25214000e-09  1.94998644e+00  1.65001356e+00  2.87322373e+00  3.15677172e+00 
 2.25264000e-09  1.94997936e+00  1.65002064e+00  2.87325121e+00  3.15678456e+00 
 2.25314000e-09  1.94997081e+00  1.65002919e+00  2.87327873e+00  3.15679739e+00 
 2.25364000e-09  1.94996077e+00  1.65003923e+00  2.87330629e+00  3.15681019e+00 
 2.25414000e-09  1.94994925e+00  1.65005075e+00  2.87333388e+00  3.15682297e+00 
 2.25464000e-09  1.94993626e+00  1.65006374e+00  2.87336152e+00  3.15683572e+00 
 2.25514000e-09  1.94992178e+00  1.65007822e+00  2.87338919e+00  3.15684846e+00 
 2.25564000e-09  1.94990583e+00  1.65009417e+00  2.87341690e+00  3.15686117e+00 
 2.25614000e-09  1.94988839e+00  1.65011161e+00  2.87344465e+00  3.15687386e+00 
 2.25664000e-09  1.94986947e+00  1.65013053e+00  2.87347244e+00  3.15688653e+00 
 2.25714000e-09  1.94984908e+00  1.65015092e+00  2.87350026e+00  3.15689917e+00 
 2.25764000e-09  1.94982721e+00  1.65017279e+00  2.87352812e+00  3.15691179e+00 
 2.25814000e-09  1.94980386e+00  1.65019614e+00  2.87355602e+00  3.15692439e+00 
 2.25864000e-09  1.94977903e+00  1.65022097e+00  2.87358396e+00  3.15693697e+00 
 2.25914000e-09  1.94975272e+00  1.65024728e+00  2.87361193e+00  3.15694952e+00 
 2.25964000e-09  1.94972493e+00  1.65027507e+00  2.87363994e+00  3.15696206e+00 
 2.26014000e-09  1.94969567e+00  1.65030433e+00  2.87366798e+00  3.15697456e+00 
 2.26064000e-09  1.94966492e+00  1.65033508e+00  2.87369606e+00  3.15698705e+00 
 2.26114000e-09  1.94963271e+00  1.65036729e+00  2.87372418e+00  3.15699951e+00 
 2.26164000e-09  1.94959901e+00  1.65040099e+00  2.87375233e+00  3.15701195e+00 
 2.26214000e-09  1.94956384e+00  1.65043616e+00  2.87378052e+00  3.15702436e+00 
 2.26264000e-09  1.94952719e+00  1.65047281e+00  2.87380875e+00  3.15703675e+00 
 2.26314000e-09  1.94948907e+00  1.65051093e+00  2.87383701e+00  3.15704912e+00 
 2.26364000e-09  1.94944947e+00  1.65055053e+00  2.87386531e+00  3.15706146e+00 
 2.26414000e-09  1.94940839e+00  1.65059161e+00  2.87389364e+00  3.15707378e+00 
 2.26464000e-09  1.94936584e+00  1.65063416e+00  2.87392201e+00  3.15708608e+00 
 2.26514000e-09  1.94932182e+00  1.65067818e+00  2.87395042e+00  3.15709835e+00 
 2.26564000e-09  1.94927632e+00  1.65072368e+00  2.87397886e+00  3.15711059e+00 
 2.26614000e-09  1.94922935e+00  1.65077065e+00  2.87400733e+00  3.15712281e+00 
 2.26664000e-09  1.94918091e+00  1.65081909e+00  2.87403584e+00  3.15713501e+00 
 2.26714000e-09  1.94913099e+00  1.65086901e+00  2.87406439e+00  3.15714718e+00 
 2.26764000e-09  1.94907961e+00  1.65092039e+00  2.87409297e+00  3.15715932e+00 
 2.26814000e-09  1.94902675e+00  1.65097325e+00  2.87412159e+00  3.15717144e+00 
 2.26864000e-09  1.94897242e+00  1.65102758e+00  2.87415024e+00  3.15718353e+00 
 2.26914000e-09  1.94891662e+00  1.65108338e+00  2.87417893e+00  3.15719560e+00 
 2.26964000e-09  1.94885935e+00  1.65114065e+00  2.87420766e+00  3.15720764e+00 
 2.27014000e-09  1.94880061e+00  1.65119939e+00  2.87423642e+00  3.15721965e+00 
 2.27064000e-09  1.94874040e+00  1.65125960e+00  2.87426521e+00  3.15723164e+00 
 2.27114000e-09  1.94867873e+00  1.65132127e+00  2.87429404e+00  3.15724360e+00 
 2.27164000e-09  1.94861558e+00  1.65138442e+00  2.87432291e+00  3.15725553e+00 
 2.27214000e-09  1.94855098e+00  1.65144902e+00  2.87435181e+00  3.15726743e+00 
 2.27264000e-09  1.94848490e+00  1.65151510e+00  2.87438075e+00  3.15727930e+00 
 2.27314000e-09  1.94841736e+00  1.65158264e+00  2.87440973e+00  3.15729114e+00 
 2.27364000e-09  1.94834835e+00  1.65165165e+00  2.87443874e+00  3.15730296e+00 
 2.27414000e-09  1.94827788e+00  1.65172212e+00  2.87446779e+00  3.15731475e+00 
 2.27464000e-09  1.94820595e+00  1.65179405e+00  2.87449687e+00  3.15732650e+00 
 2.27514000e-09  1.94813255e+00  1.65186745e+00  2.87452599e+00  3.15733823e+00 
 2.27564000e-09  1.94805769e+00  1.65194231e+00  2.87455515e+00  3.15734992e+00 
 2.27614000e-09  1.94798137e+00  1.65201863e+00  2.87458434e+00  3.15736158e+00 
 2.27664000e-09  1.94790359e+00  1.65209641e+00  2.87461358e+00  3.15737321e+00 
 2.27714000e-09  1.94782436e+00  1.65217564e+00  2.87464284e+00  3.15738481e+00 
 2.27764000e-09  1.94774366e+00  1.65225634e+00  2.87467215e+00  3.15739638e+00 
 2.27814000e-09  1.94766150e+00  1.65233850e+00  2.87470149e+00  3.15740791e+00 
 2.27864000e-09  1.94757788e+00  1.65242212e+00  2.87473087e+00  3.15741941e+00 
 2.27914000e-09  1.94749281e+00  1.65250719e+00  2.87476029e+00  3.15743088e+00 
 2.27964000e-09  1.94740629e+00  1.65259371e+00  2.87478975e+00  3.15744231e+00 
 2.28014000e-09  1.94731831e+00  1.65268169e+00  2.87481925e+00  3.15745371e+00 
 2.28064000e-09  1.94722887e+00  1.65277113e+00  2.87484878e+00  3.15746507e+00 
 2.28114000e-09  1.94713798e+00  1.65286202e+00  2.87487835e+00  3.15747639e+00 
 2.28164000e-09  1.94704564e+00  1.65295436e+00  2.87490797e+00  3.15748768e+00 
 2.28214000e-09  1.94695185e+00  1.65304815e+00  2.87493762e+00  3.15749893e+00 
 2.28264000e-09  1.94685661e+00  1.65314339e+00  2.87496731e+00  3.15751014e+00 
 2.28314000e-09  1.94675992e+00  1.65324008e+00  2.87499704e+00  3.15752131e+00 
 2.28364000e-09  1.94666178e+00  1.65333822e+00  2.87502681e+00  3.15753245e+00 
 2.28414000e-09  1.94656219e+00  1.65343781e+00  2.87505662e+00  3.15754354e+00 
 2.28464000e-09  1.94646115e+00  1.65353885e+00  2.87508648e+00  3.15755460e+00 
 2.28514000e-09  1.94635867e+00  1.65364133e+00  2.87511637e+00  3.15756561e+00 
 2.28564000e-09  1.94625475e+00  1.65374525e+00  2.87514631e+00  3.15757658e+00 
 2.28614000e-09  1.94614938e+00  1.65385062e+00  2.87517629e+00  3.15758751e+00 
 2.28664000e-09  1.94604257e+00  1.65395743e+00  2.87520631e+00  3.15759839e+00 
 2.28714000e-09  1.94593432e+00  1.65406568e+00  2.87523637e+00  3.15760923e+00 
 2.28764000e-09  1.94582463e+00  1.65417537e+00  2.87526648e+00  3.15762003e+00 
 2.28814000e-09  1.94571350e+00  1.65428650e+00  2.87529663e+00  3.15763078e+00 
 2.28864000e-09  1.94560093e+00  1.65439907e+00  2.87532682e+00  3.15764148e+00 
 2.28914000e-09  1.94548692e+00  1.65451308e+00  2.87535706e+00  3.15765214e+00 
 2.28964000e-09  1.94537148e+00  1.65462852e+00  2.87538735e+00  3.15766275e+00 
 2.29014000e-09  1.94525460e+00  1.65474540e+00  2.87541768e+00  3.15767331e+00 
 2.29064000e-09  1.94513629e+00  1.65486371e+00  2.87544805e+00  3.15768382e+00 
 2.29114000e-09  1.94501655e+00  1.65498345e+00  2.87547848e+00  3.15769427e+00 
 2.29164000e-09  1.94489538e+00  1.65510462e+00  2.87550895e+00  3.15770468e+00 
 2.29214000e-09  1.94477277e+00  1.65522723e+00  2.87553946e+00  3.15771503e+00 
 2.29264000e-09  1.94464874e+00  1.65535126e+00  2.87557003e+00  3.15772533e+00 
 2.29314000e-09  1.94452328e+00  1.65547672e+00  2.87560064e+00  3.15773558e+00 
 2.29364000e-09  1.94439639e+00  1.65560361e+00  2.87563131e+00  3.15774577e+00 
 2.29414000e-09  1.94426808e+00  1.65573192e+00  2.87566202e+00  3.15775590e+00 
 2.29464000e-09  1.94413834e+00  1.65586166e+00  2.87569278e+00  3.15776597e+00 
 2.29514000e-09  1.94400719e+00  1.65599281e+00  2.87572360e+00  3.15777599e+00 
 2.29564000e-09  1.94387461e+00  1.65612539e+00  2.87575447e+00  3.15778594e+00 
 2.29614000e-09  1.94374061e+00  1.65625939e+00  2.87578539e+00  3.15779584e+00 
 2.29664000e-09  1.94360519e+00  1.65639481e+00  2.87581636e+00  3.15780567e+00 
 2.29714000e-09  1.94346835e+00  1.65653165e+00  2.87584739e+00  3.15781543e+00 
 2.29764000e-09  1.94333010e+00  1.65666990e+00  2.87587847e+00  3.15782514e+00 
 2.29814000e-09  1.94319043e+00  1.65680957e+00  2.87590960e+00  3.15783477e+00 
 2.29864000e-09  1.94304935e+00  1.65695065e+00  2.87594080e+00  3.15784434e+00 
 2.29914000e-09  1.94290686e+00  1.65709314e+00  2.87597205e+00  3.15785384e+00 
 2.29964000e-09  1.94276296e+00  1.65723704e+00  2.87600336e+00  3.15786327e+00 
 2.30014000e-09  1.94261765e+00  1.65738235e+00  2.87603472e+00  3.15787262e+00 
 2.30064000e-09  1.94247093e+00  1.65752907e+00  2.87606615e+00  3.15788190e+00 
 2.30114000e-09  1.94232281e+00  1.65767719e+00  2.87609764e+00  3.15789111e+00 
 2.30164000e-09  1.94217328e+00  1.65782672e+00  2.87612919e+00  3.15790025e+00 
 2.30214000e-09  1.94202234e+00  1.65797766e+00  2.87616080e+00  3.15790930e+00 
 2.30264000e-09  1.94187001e+00  1.65812999e+00  2.87619248e+00  3.15791827e+00 
 2.30314000e-09  1.94171627e+00  1.65828373e+00  2.87622421e+00  3.15792717e+00 
 2.30364000e-09  1.94156114e+00  1.65843886e+00  2.87625602e+00  3.15793598e+00 
 2.30414000e-09  1.94140461e+00  1.65859539e+00  2.87628789e+00  3.15794470e+00 
 2.30464000e-09  1.94124669e+00  1.65875331e+00  2.87631983e+00  3.15795334e+00 
 2.30514000e-09  1.94108737e+00  1.65891263e+00  2.87635184e+00  3.15796190e+00 
 2.30564000e-09  1.94092665e+00  1.65907335e+00  2.87638392e+00  3.15797036e+00 
 2.30614000e-09  1.94076455e+00  1.65923545e+00  2.87641607e+00  3.15797873e+00 
 2.30664000e-09  1.94060106e+00  1.65939894e+00  2.87644829e+00  3.15798700e+00 
 2.30714000e-09  1.94043618e+00  1.65956382e+00  2.87648058e+00  3.15799518e+00 
 2.30764000e-09  1.94026991e+00  1.65973009e+00  2.87651295e+00  3.15800327e+00 
 2.30814000e-09  1.94010226e+00  1.65989774e+00  2.87654540e+00  3.15801125e+00 
 2.30864000e-09  1.93993323e+00  1.66006677e+00  2.87657792e+00  3.15801913e+00 
 2.30914000e-09  1.93976281e+00  1.66023719e+00  2.87661053e+00  3.15802691e+00 
 2.30964000e-09  1.93959102e+00  1.66040898e+00  2.87664321e+00  3.15803458e+00 
 2.31014000e-09  1.93941785e+00  1.66058215e+00  2.87667597e+00  3.15804214e+00 
 2.31064000e-09  1.93924330e+00  1.66075670e+00  2.87670882e+00  3.15804959e+00 
 2.31114000e-09  1.93906738e+00  1.66093262e+00  2.87674175e+00  3.15805693e+00 
 2.31164000e-09  1.93889008e+00  1.66110992e+00  2.87677477e+00  3.15806415e+00 
 2.31214000e-09  1.93871142e+00  1.66128858e+00  2.87680788e+00  3.15807126e+00 
 2.31264000e-09  1.93853138e+00  1.66146862e+00  2.87684108e+00  3.15807824e+00 
 2.31314000e-09  1.93834998e+00  1.66165002e+00  2.87687436e+00  3.15808510e+00 
 2.31364000e-09  1.93816721e+00  1.66183279e+00  2.87690774e+00  3.15809183e+00 
 2.31414000e-09  1.93798308e+00  1.66201692e+00  2.87694122e+00  3.15809843e+00 
 2.31464000e-09  1.93779759e+00  1.66220241e+00  2.87697479e+00  3.15810490e+00 
 2.31514000e-09  1.93761074e+00  1.66238926e+00  2.87700846e+00  3.15811124e+00 
 2.31564000e-09  1.93742253e+00  1.66257747e+00  2.87704224e+00  3.15811744e+00 
 2.31614000e-09  1.93723296e+00  1.66276704e+00  2.87707611e+00  3.15812350e+00 
 2.31664000e-09  1.93704204e+00  1.66295796e+00  2.87711009e+00  3.15812941e+00 
 2.31714000e-09  1.93684977e+00  1.66315023e+00  2.87714417e+00  3.15813518e+00 
 2.31764000e-09  1.93665614e+00  1.66334386e+00  2.87717837e+00  3.15814079e+00 
 2.31814000e-09  1.93646117e+00  1.66353883e+00  2.87721267e+00  3.15814625e+00 
 2.31864000e-09  1.93626485e+00  1.66373515e+00  2.87724709e+00  3.15815156e+00 
 2.31914000e-09  1.93606718e+00  1.66393282e+00  2.87728162e+00  3.15815670e+00 
 2.31964000e-09  1.93586817e+00  1.66413183e+00  2.87731627e+00  3.15816168e+00 
 2.32014000e-09  1.93566783e+00  1.66433217e+00  2.87735105e+00  3.15816649e+00 
 2.32064000e-09  1.93546614e+00  1.66453386e+00  2.87738594e+00  3.15817112e+00 
 2.32114000e-09  1.93526311e+00  1.66473689e+00  2.87742096e+00  3.15817558e+00 
 2.32164000e-09  1.93505875e+00  1.66494125e+00  2.87745611e+00  3.15817987e+00 
 2.32214000e-09  1.93485306e+00  1.66514694e+00  2.87749139e+00  3.15818396e+00 
 2.32264000e-09  1.93464604e+00  1.66535396e+00  2.87752680e+00  3.15818787e+00 
 2.32314000e-09  1.93443768e+00  1.66556232e+00  2.87756235e+00  3.15819159e+00 
 2.32364000e-09  1.93422800e+00  1.66577200e+00  2.87759804e+00  3.15819510e+00 
 2.32414000e-09  1.93401700e+00  1.66598300e+00  2.87763387e+00  3.15819842e+00 
 2.32464000e-09  1.93380467e+00  1.66619533e+00  2.87766984e+00  3.15820153e+00 
 2.32514000e-09  1.93359102e+00  1.66640898e+00  2.87770597e+00  3.15820443e+00 
 2.32564000e-09  1.93337606e+00  1.66662394e+00  2.87774224e+00  3.15820711e+00 
 2.32614000e-09  1.93315978e+00  1.66684022e+00  2.87777867e+00  3.15820957e+00 
 2.32664000e-09  1.93294218e+00  1.66705782e+00  2.87781526e+00  3.15821180e+00 
 2.32714000e-09  1.93272327e+00  1.66727673e+00  2.87785201e+00  3.15821380e+00 
 2.32764000e-09  1.93250305e+00  1.66749695e+00  2.87788893e+00  3.15821557e+00 
 2.32814000e-09  1.93228152e+00  1.66771848e+00  2.87792601e+00  3.15821709e+00 
 2.32864000e-09  1.93205869e+00  1.66794131e+00  2.87796327e+00  3.15821837e+00 
 2.32914000e-09  1.93183456e+00  1.66816544e+00  2.87800071e+00  3.15821939e+00 
 2.32964000e-09  1.93160912e+00  1.66839088e+00  2.87803832e+00  3.15822015e+00 
 2.33014000e-09  1.93138239e+00  1.66861761e+00  2.87807613e+00  3.15822064e+00 
 2.33064000e-09  1.93115435e+00  1.66884565e+00  2.87811412e+00  3.15822086e+00 
 2.33114000e-09  1.93092503e+00  1.66907497e+00  2.87815230e+00  3.15822080e+00 
 2.33164000e-09  1.93069441e+00  1.66930559e+00  2.87819068e+00  3.15822046e+00 
 2.33214000e-09  1.93046250e+00  1.66953750e+00  2.87822926e+00  3.15821982e+00 
 2.33264000e-09  1.93022930e+00  1.66977070e+00  2.87826805e+00  3.15821888e+00 
 2.33314000e-09  1.92999482e+00  1.67000518e+00  2.87830706e+00  3.15821764e+00 
 2.33364000e-09  1.92975906e+00  1.67024094e+00  2.87834627e+00  3.15821609e+00 
 2.33414000e-09  1.92952201e+00  1.67047799e+00  2.87838571e+00  3.15821421e+00 
 2.33464000e-09  1.92928369e+00  1.67071631e+00  2.87842538e+00  3.15821200e+00 
 2.33514000e-09  1.92904409e+00  1.67095591e+00  2.87846528e+00  3.15820946e+00 
 2.33564000e-09  1.92880321e+00  1.67119679e+00  2.87850541e+00  3.15820657e+00 
 2.33614000e-09  1.92856107e+00  1.67143893e+00  2.87854579e+00  3.15820333e+00 
 2.33664000e-09  1.92831766e+00  1.67168234e+00  2.87858642e+00  3.15819973e+00 
 2.33714000e-09  1.92807298e+00  1.67192702e+00  2.87862730e+00  3.15819575e+00 
 2.33764000e-09  1.92782703e+00  1.67217297e+00  2.87866844e+00  3.15819140e+00 
 2.33814000e-09  1.92757983e+00  1.67242017e+00  2.87870984e+00  3.15818666e+00 
 2.33864000e-09  1.92733136e+00  1.67266864e+00  2.87875152e+00  3.15818152e+00 
 2.33914000e-09  1.92708164e+00  1.67291836e+00  2.87879348e+00  3.15817598e+00 
 2.33964000e-09  1.92683067e+00  1.67316933e+00  2.87883573e+00  3.15817001e+00 
 2.34014000e-09  1.92657844e+00  1.67342156e+00  2.87887826e+00  3.15816363e+00 
 2.34064000e-09  1.92632496e+00  1.67367504e+00  2.87892110e+00  3.15815680e+00 
 2.34114000e-09  1.92607024e+00  1.67392976e+00  2.87896424e+00  3.15814952e+00 
 2.34164000e-09  1.92581427e+00  1.67418573e+00  2.87900770e+00  3.15814179e+00 
 2.34214000e-09  1.92555706e+00  1.67444294e+00  2.87905147e+00  3.15813359e+00 
 2.34264000e-09  1.92529861e+00  1.67470139e+00  2.87909558e+00  3.15812490e+00 
 2.34314000e-09  1.92503893e+00  1.67496107e+00  2.87914002e+00  3.15811572e+00 
 2.34364000e-09  1.92477801e+00  1.67522199e+00  2.87918481e+00  3.15810604e+00 
 2.34414000e-09  1.92451586e+00  1.67548414e+00  2.87922995e+00  3.15809584e+00 
 2.34464000e-09  1.92425248e+00  1.67574752e+00  2.87927546e+00  3.15808511e+00 
 2.34514000e-09  1.92398787e+00  1.67601213e+00  2.87932133e+00  3.15807384e+00 
 2.34564000e-09  1.92372204e+00  1.67627796e+00  2.87936758e+00  3.15806201e+00 
 2.34614000e-09  1.92345499e+00  1.67654501e+00  2.87941422e+00  3.15804962e+00 
 2.34664000e-09  1.92318672e+00  1.67681328e+00  2.87946126e+00  3.15803664e+00 
 2.34714000e-09  1.92291724e+00  1.67708276e+00  2.87950871e+00  3.15802306e+00 
 2.34764000e-09  1.92264654e+00  1.67735346e+00  2.87955657e+00  3.15800887e+00 
 2.34814000e-09  1.92237463e+00  1.67762537e+00  2.87960487e+00  3.15799406e+00 
 2.34864000e-09  1.92210151e+00  1.67789849e+00  2.87965360e+00  3.15797860e+00 
 2.34914000e-09  1.92182719e+00  1.67817281e+00  2.87970277e+00  3.15796249e+00 
 2.34964000e-09  1.92155167e+00  1.67844833e+00  2.87975241e+00  3.15794571e+00 
 2.35014000e-09  1.92127495e+00  1.67872505e+00  2.87980252e+00  3.15792823e+00 
 2.35064000e-09  1.92099703e+00  1.67900297e+00  2.87985311e+00  3.15791005e+00 
 2.35114000e-09  1.92071791e+00  1.67928209e+00  2.87990419e+00  3.15789115e+00 
 2.35164000e-09  1.92043760e+00  1.67956240e+00  2.87995578e+00  3.15787151e+00 
 2.35214000e-09  1.92015611e+00  1.67984389e+00  2.88000789e+00  3.15785110e+00 
 2.35264000e-09  1.91987343e+00  1.68012657e+00  2.88006053e+00  3.15782993e+00 
 2.35314000e-09  1.91958956e+00  1.68041044e+00  2.88011371e+00  3.15780795e+00 
 2.35364000e-09  1.91930452e+00  1.68069548e+00  2.88016745e+00  3.15778517e+00 
 2.35414000e-09  1.91901830e+00  1.68098170e+00  2.88022175e+00  3.15776155e+00 
 2.35464000e-09  1.91873090e+00  1.68126910e+00  2.88027665e+00  3.15773707e+00 
 2.35514000e-09  1.91844233e+00  1.68155767e+00  2.88033214e+00  3.15771172e+00 
 2.35564000e-09  1.91815260e+00  1.68184740e+00  2.88038824e+00  3.15768548e+00 
 2.35614000e-09  1.91786169e+00  1.68213831e+00  2.88044497e+00  3.15765832e+00 
 2.35664000e-09  1.91756963e+00  1.68243037e+00  2.88050234e+00  3.15763022e+00 
 2.35714000e-09  1.91727640e+00  1.68272360e+00  2.88056038e+00  3.15760116e+00 
 2.35764000e-09  1.91698202e+00  1.68301798e+00  2.88061908e+00  3.15757112e+00 
 2.35814000e-09  1.91668648e+00  1.68331352e+00  2.88067848e+00  3.15754007e+00 
 2.35864000e-09  1.91638979e+00  1.68361021e+00  2.88073858e+00  3.15750799e+00 
 2.35914000e-09  1.91609195e+00  1.68390805e+00  2.88079941e+00  3.15747485e+00 
 2.35964000e-09  1.91579296e+00  1.68420704e+00  2.88086098e+00  3.15744064e+00 
 2.36014000e-09  1.91549284e+00  1.68450716e+00  2.88092332e+00  3.15740532e+00 
 2.36064000e-09  1.91519157e+00  1.68480843e+00  2.88098643e+00  3.15736886e+00 
 2.36114000e-09  1.91488916e+00  1.68511084e+00  2.88105033e+00  3.15733126e+00 
 2.36164000e-09  1.91458562e+00  1.68541438e+00  2.88111505e+00  3.15729246e+00 
 2.36214000e-09  1.91428096e+00  1.68571904e+00  2.88118061e+00  3.15725246e+00 
 2.36264000e-09  1.91397516e+00  1.68602484e+00  2.88124703e+00  3.15721121e+00 
 2.36314000e-09  1.91366824e+00  1.68633176e+00  2.88131432e+00  3.15716870e+00 
 2.36364000e-09  1.91336019e+00  1.68663981e+00  2.88138250e+00  3.15712489e+00 
 2.36414000e-09  1.91305103e+00  1.68694897e+00  2.88145161e+00  3.15707975e+00 
 2.36464000e-09  1.91274075e+00  1.68725925e+00  2.88152165e+00  3.15703326e+00 
 2.36514000e-09  1.91242936e+00  1.68757064e+00  2.88159266e+00  3.15698537e+00 
 2.36564000e-09  1.91211686e+00  1.68788314e+00  2.88166465e+00  3.15693607e+00 
 2.36614000e-09  1.91180325e+00  1.68819675e+00  2.88173765e+00  3.15688532e+00 
 2.36664000e-09  1.91148854e+00  1.68851146e+00  2.88181168e+00  3.15683308e+00 
 2.36714000e-09  1.91117273e+00  1.68882727e+00  2.88188677e+00  3.15677932e+00 
 2.36764000e-09  1.91085582e+00  1.68914418e+00  2.88196294e+00  3.15672401e+00 
 2.36814000e-09  1.91053782e+00  1.68946218e+00  2.88204021e+00  3.15666712e+00 
 2.36864000e-09  1.91021872e+00  1.68978128e+00  2.88211862e+00  3.15660860e+00 
 2.36914000e-09  1.90989854e+00  1.69010146e+00  2.88219818e+00  3.15654843e+00 
 2.36964000e-09  1.90957728e+00  1.69042272e+00  2.88227893e+00  3.15648657e+00 
 2.37014000e-09  1.90925493e+00  1.69074507e+00  2.88236089e+00  3.15642298e+00 
 2.37064000e-09  1.90893150e+00  1.69106850e+00  2.88244408e+00  3.15635762e+00 
 2.37114000e-09  1.90860700e+00  1.69139300e+00  2.88252855e+00  3.15629046e+00 
 2.37164000e-09  1.90828143e+00  1.69171857e+00  2.88261431e+00  3.15622146e+00 
 2.37214000e-09  1.90795479e+00  1.69204521e+00  2.88270140e+00  3.15615058e+00 
 2.37264000e-09  1.90762708e+00  1.69237292e+00  2.88278984e+00  3.15607778e+00 
 2.37314000e-09  1.90729831e+00  1.69270169e+00  2.88287967e+00  3.15600302e+00 
 2.37364000e-09  1.90696848e+00  1.69303152e+00  2.88297091e+00  3.15592626e+00 
 2.37414000e-09  1.90663760e+00  1.69336240e+00  2.88306361e+00  3.15584745e+00 
 2.37464000e-09  1.90630566e+00  1.69369434e+00  2.88315778e+00  3.15576657e+00 
 2.37514000e-09  1.90597268e+00  1.69402732e+00  2.88325346e+00  3.15568356e+00 
 2.37564000e-09  1.90563864e+00  1.69436136e+00  2.88335069e+00  3.15559838e+00 
 2.37614000e-09  1.90530357e+00  1.69469643e+00  2.88344950e+00  3.15551099e+00 
 2.37664000e-09  1.90496746e+00  1.69503254e+00  2.88354992e+00  3.15542135e+00 
 2.37714000e-09  1.90463031e+00  1.69536969e+00  2.88365198e+00  3.15532942e+00 
 2.37764000e-09  1.90429212e+00  1.69570788e+00  2.88375573e+00  3.15523514e+00 
 2.37814000e-09  1.90395291e+00  1.69604709e+00  2.88386120e+00  3.15513847e+00 
 2.37864000e-09  1.90361268e+00  1.69638732e+00  2.88396842e+00  3.15503937e+00 
 2.37914000e-09  1.90327142e+00  1.69672858e+00  2.88407743e+00  3.15493780e+00 
 2.37964000e-09  1.90292914e+00  1.69707086e+00  2.88418827e+00  3.15483370e+00 
 2.38014000e-09  1.90258584e+00  1.69741416e+00  2.88430097e+00  3.15472703e+00 
 2.38064000e-09  1.90224153e+00  1.69775847e+00  2.88441557e+00  3.15461775e+00 
 2.38114000e-09  1.90189622e+00  1.69810378e+00  2.88453212e+00  3.15450581e+00 
 2.38164000e-09  1.90154989e+00  1.69845011e+00  2.88465065e+00  3.15439116e+00 
 2.38214000e-09  1.90120257e+00  1.69879743e+00  2.88477119e+00  3.15427375e+00 
 2.38264000e-09  1.90085425e+00  1.69914575e+00  2.88489380e+00  3.15415353e+00 
 2.38314000e-09  1.90050493e+00  1.69949507e+00  2.88501850e+00  3.15403047e+00 
 2.38364000e-09  1.90015462e+00  1.69984538e+00  2.88514535e+00  3.15390451e+00 
 2.38414000e-09  1.89980332e+00  1.70019668e+00  2.88527437e+00  3.15377560e+00 
 2.38464000e-09  1.89945103e+00  1.70054897e+00  2.88540562e+00  3.15364370e+00 
 2.38514000e-09  1.89909777e+00  1.70090223e+00  2.88553913e+00  3.15350875e+00 
 2.38564000e-09  1.89874352e+00  1.70125648e+00  2.88567495e+00  3.15337072e+00 
 2.38614000e-09  1.89838830e+00  1.70161170e+00  2.88581312e+00  3.15322954e+00 
 2.38664000e-09  1.89803211e+00  1.70196789e+00  2.88595368e+00  3.15308518e+00 
 2.38714000e-09  1.89767496e+00  1.70232504e+00  2.88609667e+00  3.15293759e+00 
 2.38764000e-09  1.89731684e+00  1.70268316e+00  2.88624214e+00  3.15278671e+00 
 2.38814000e-09  1.89695775e+00  1.70304225e+00  2.88639013e+00  3.15263250e+00 
 2.38864000e-09  1.89659772e+00  1.70340228e+00  2.88654068e+00  3.15247492e+00 
 2.38914000e-09  1.89623672e+00  1.70376328e+00  2.88669384e+00  3.15231392e+00 
 2.38964000e-09  1.89587478e+00  1.70412522e+00  2.88684965e+00  3.15214945e+00 
 2.39014000e-09  1.89551189e+00  1.70448811e+00  2.88700816e+00  3.15198146e+00 
 2.39064000e-09  1.89514806e+00  1.70485194e+00  2.88716941e+00  3.15180990e+00 
 2.39114000e-09  1.89478329e+00  1.70521671e+00  2.88733344e+00  3.15163474e+00 
 2.39164000e-09  1.89441759e+00  1.70558241e+00  2.88750031e+00  3.15145593e+00 
 2.39214000e-09  1.89405095e+00  1.70594905e+00  2.88767004e+00  3.15127342e+00 
 2.39264000e-09  1.89368339e+00  1.70631661e+00  2.88784269e+00  3.15108717e+00 
 2.39314000e-09  1.89331490e+00  1.70668510e+00  2.88801830e+00  3.15089713e+00 
 2.39364000e-09  1.89294549e+00  1.70705451e+00  2.88819692e+00  3.15070327e+00 
 2.39414000e-09  1.89257516e+00  1.70742484e+00  2.88837859e+00  3.15050553e+00 
 2.39464000e-09  1.89220392e+00  1.70779608e+00  2.88856335e+00  3.15030389e+00 
 2.39514000e-09  1.89183176e+00  1.70816824e+00  2.88875125e+00  3.15009829e+00 
 2.39564000e-09  1.89145871e+00  1.70854129e+00  2.88894233e+00  3.14988870e+00 
 2.39614000e-09  1.89108474e+00  1.70891526e+00  2.88913663e+00  3.14967508e+00 
 2.39664000e-09  1.89070988e+00  1.70929012e+00  2.88933420e+00  3.14945739e+00 
 2.39714000e-09  1.89033413e+00  1.70966587e+00  2.88953507e+00  3.14923559e+00 
 2.39764000e-09  1.88995748e+00  1.71004252e+00  2.88973930e+00  3.14900965e+00 
 2.39814000e-09  1.88957995e+00  1.71042005e+00  2.88994693e+00  3.14877952e+00 
 2.39864000e-09  1.88920153e+00  1.71079847e+00  2.89015798e+00  3.14854519e+00 
 2.39914000e-09  1.88882223e+00  1.71117777e+00  2.89037251e+00  3.14830660e+00 
 2.39964000e-09  1.88844206e+00  1.71155794e+00  2.89059056e+00  3.14806374e+00 
 2.40014000e-09  1.88806101e+00  1.71193899e+00  2.89081217e+00  3.14781656e+00 
 2.40064000e-09  1.88767909e+00  1.71232091e+00  2.89103737e+00  3.14756505e+00 
 2.40114000e-09  1.88729631e+00  1.71270369e+00  2.89126620e+00  3.14730916e+00 
 2.40164000e-09  1.88691266e+00  1.71308734e+00  2.89149871e+00  3.14704887e+00 
 2.40214000e-09  1.88652816e+00  1.71347184e+00  2.89173492e+00  3.14678416e+00 
 2.40264000e-09  1.88614280e+00  1.71385720e+00  2.89197489e+00  3.14651499e+00 
 2.40314000e-09  1.88575660e+00  1.71424340e+00  2.89221863e+00  3.14624135e+00 
 2.40364000e-09  1.88536954e+00  1.71463046e+00  2.89246619e+00  3.14596320e+00 
 2.40414000e-09  1.88498165e+00  1.71501835e+00  2.89271761e+00  3.14568054e+00 
 2.40464000e-09  1.88459291e+00  1.71540709e+00  2.89297291e+00  3.14539333e+00 
 2.40514000e-09  1.88420334e+00  1.71579666e+00  2.89323213e+00  3.14510157e+00 
 2.40564000e-09  1.88381294e+00  1.71618706e+00  2.89349530e+00  3.14480522e+00 
 2.40614000e-09  1.88342172e+00  1.71657828e+00  2.89376245e+00  3.14450427e+00 
 2.40664000e-09  1.88302966e+00  1.71697034e+00  2.89403361e+00  3.14419871e+00 
 2.40714000e-09  1.88263679e+00  1.71736321e+00  2.89430881e+00  3.14388853e+00 
 2.40764000e-09  1.88224311e+00  1.71775689e+00  2.89458808e+00  3.14357370e+00 
 2.40814000e-09  1.88184861e+00  1.71815139e+00  2.89487145e+00  3.14325422e+00 
 2.40864000e-09  1.88145331e+00  1.71854669e+00  2.89515893e+00  3.14293008e+00 
 2.40914000e-09  1.88105720e+00  1.71894280e+00  2.89545057e+00  3.14260127e+00 
 2.40964000e-09  1.88066029e+00  1.71933971e+00  2.89574637e+00  3.14226778e+00 
 2.41014000e-09  1.88026258e+00  1.71973742e+00  2.89604637e+00  3.14192960e+00 
 2.41064000e-09  1.87986408e+00  1.72013592e+00  2.89635058e+00  3.14158673e+00 
 2.41114000e-09  1.87946480e+00  1.72053520e+00  2.89665903e+00  3.14123917e+00 
 2.41164000e-09  1.87906473e+00  1.72093527e+00  2.89697174e+00  3.14088691e+00 
 2.41214000e-09  1.87866388e+00  1.72133612e+00  2.89728871e+00  3.14052994e+00 
 2.41264000e-09  1.87826225e+00  1.72173775e+00  2.89760998e+00  3.14016828e+00 
 2.41314000e-09  1.87785985e+00  1.72214015e+00  2.89793556e+00  3.13980192e+00 
 2.41364000e-09  1.87745668e+00  1.72254332e+00  2.89826545e+00  3.13943086e+00 
 2.41414000e-09  1.87705275e+00  1.72294725e+00  2.89859969e+00  3.13905511e+00 
 2.41464000e-09  1.87664806e+00  1.72335194e+00  2.89893827e+00  3.13867466e+00 
 2.41514000e-09  1.87624261e+00  1.72375739e+00  2.89928121e+00  3.13828953e+00 
 2.41564000e-09  1.87583641e+00  1.72416359e+00  2.89962852e+00  3.13789973e+00 
 2.41614000e-09  1.87542946e+00  1.72457054e+00  2.89998021e+00  3.13750525e+00 
 2.41664000e-09  1.87502176e+00  1.72497824e+00  2.90033628e+00  3.13710611e+00 
 2.41714000e-09  1.87461333e+00  1.72538667e+00  2.90069675e+00  3.13670232e+00 
 2.41764000e-09  1.87420416e+00  1.72579584e+00  2.90106162e+00  3.13629389e+00 
 2.41814000e-09  1.87379425e+00  1.72620575e+00  2.90143090e+00  3.13588082e+00 
 2.41864000e-09  1.87338362e+00  1.72661638e+00  2.90180458e+00  3.13546315e+00 
 2.41914000e-09  1.87297227e+00  1.72702773e+00  2.90218267e+00  3.13504087e+00 
 2.41964000e-09  1.87256019e+00  1.72743981e+00  2.90256517e+00  3.13461400e+00 
 2.42014000e-09  1.87214740e+00  1.72785260e+00  2.90295208e+00  3.13418255e+00 
 2.42064000e-09  1.87173389e+00  1.72826611e+00  2.90334340e+00  3.13374655e+00 
 2.42114000e-09  1.87131968e+00  1.72868032e+00  2.90373913e+00  3.13330601e+00 
 2.42164000e-09  1.87090476e+00  1.72909524e+00  2.90413926e+00  3.13286095e+00 
 2.42214000e-09  1.87048915e+00  1.72951085e+00  2.90454380e+00  3.13241138e+00 
 2.42264000e-09  1.87007283e+00  1.72992717e+00  2.90495273e+00  3.13195734e+00 
 2.42314000e-09  1.86965583e+00  1.73034417e+00  2.90536604e+00  3.13149882e+00 
 2.42364000e-09  1.86923814e+00  1.73076186e+00  2.90578374e+00  3.13103587e+00 
 2.42414000e-09  1.86881977e+00  1.73118023e+00  2.90620581e+00  3.13056849e+00 
 2.42464000e-09  1.86840071e+00  1.73159929e+00  2.90663225e+00  3.13009671e+00 
 2.42514000e-09  1.86798098e+00  1.73201902e+00  2.90706304e+00  3.12962056e+00 
 2.42564000e-09  1.86756058e+00  1.73243942e+00  2.90749817e+00  3.12914006e+00 
 2.42614000e-09  1.86713952e+00  1.73286048e+00  2.90793763e+00  3.12865522e+00 
 2.42664000e-09  1.86671779e+00  1.73328221e+00  2.90838141e+00  3.12816608e+00 
 2.42714000e-09  1.86629540e+00  1.73370460e+00  2.90882949e+00  3.12767266e+00 
 2.42764000e-09  1.86587236e+00  1.73412764e+00  2.90928187e+00  3.12717499e+00 
 2.42814000e-09  1.86544867e+00  1.73455133e+00  2.90973851e+00  3.12667309e+00 
 2.42864000e-09  1.86502433e+00  1.73497567e+00  2.91019942e+00  3.12616698e+00 
 2.42914000e-09  1.86459935e+00  1.73540065e+00  2.91066457e+00  3.12565670e+00 
 2.42964000e-09  1.86417373e+00  1.73582627e+00  2.91113394e+00  3.12514227e+00 
 2.43014000e-09  1.86374748e+00  1.73625252e+00  2.91160752e+00  3.12462372e+00 
 2.43064000e-09  1.86332060e+00  1.73667940e+00  2.91208528e+00  3.12410108e+00 
 2.43114000e-09  1.86289310e+00  1.73710690e+00  2.91256721e+00  3.12357438e+00 
 2.43164000e-09  1.86246497e+00  1.73753503e+00  2.91305329e+00  3.12304364e+00 
 2.43214000e-09  1.86203623e+00  1.73796377e+00  2.91354349e+00  3.12250889e+00 
 2.43264000e-09  1.86160687e+00  1.73839313e+00  2.91403780e+00  3.12197016e+00 
 2.43314000e-09  1.86117691e+00  1.73882309e+00  2.91453619e+00  3.12142749e+00 
 2.43364000e-09  1.86074634e+00  1.73925366e+00  2.91503864e+00  3.12088089e+00 
 2.43414000e-09  1.86031518e+00  1.73968482e+00  2.91554512e+00  3.12033041e+00 
 2.43464000e-09  1.85988342e+00  1.74011658e+00  2.91605562e+00  3.11977607e+00 
 2.43514000e-09  1.85945107e+00  1.74054893e+00  2.91657010e+00  3.11921790e+00 
 2.43564000e-09  1.85901813e+00  1.74098187e+00  2.91708855e+00  3.11865593e+00 
 2.43614000e-09  1.85858461e+00  1.74141539e+00  2.91761093e+00  3.11809019e+00 
 2.43664000e-09  1.85815051e+00  1.74184949e+00  2.91813723e+00  3.11752071e+00 
 2.43714000e-09  1.85771583e+00  1.74228417e+00  2.91866741e+00  3.11694753e+00 
 2.43764000e-09  1.85728059e+00  1.74271941e+00  2.91920146e+00  3.11637068e+00 
 2.43814000e-09  1.85684478e+00  1.74315522e+00  2.91973933e+00  3.11579018e+00 
 2.43864000e-09  1.85640841e+00  1.74359159e+00  2.92028102e+00  3.11520606e+00 
 2.43914000e-09  1.85597149e+00  1.74402851e+00  2.92082648e+00  3.11461837e+00 
 2.43964000e-09  1.85553401e+00  1.74446599e+00  2.92137569e+00  3.11402712e+00 
 2.44014000e-09  1.85509598e+00  1.74490402e+00  2.92192862e+00  3.11343235e+00 
 2.44064000e-09  1.85465741e+00  1.74534259e+00  2.92248525e+00  3.11283410e+00 
 2.44114000e-09  1.85421830e+00  1.74578170e+00  2.92304555e+00  3.11223239e+00 
 2.44164000e-09  1.85377866e+00  1.74622134e+00  2.92360948e+00  3.11162725e+00 
 2.44214000e-09  1.85333848e+00  1.74666152e+00  2.92417702e+00  3.11101873e+00 
 2.44264000e-09  1.85289778e+00  1.74710222e+00  2.92474813e+00  3.11040683e+00 
 2.44314000e-09  1.85245655e+00  1.74754345e+00  2.92532280e+00  3.10979161e+00 
 2.44364000e-09  1.85201481e+00  1.74798519e+00  2.92590098e+00  3.10917309e+00 
 2.44414000e-09  1.85157256e+00  1.74842744e+00  2.92648265e+00  3.10855130e+00 
 2.44464000e-09  1.85112979e+00  1.74887021e+00  2.92706779e+00  3.10792628e+00 
 2.44514000e-09  1.85068652e+00  1.74931348e+00  2.92765634e+00  3.10729805e+00 
 2.44564000e-09  1.85024275e+00  1.74975725e+00  2.92824830e+00  3.10666665e+00 
 2.44614000e-09  1.84979849e+00  1.75020151e+00  2.92884363e+00  3.10603210e+00 
 2.44664000e-09  1.84935373e+00  1.75064627e+00  2.92944229e+00  3.10539445e+00 
 2.44714000e-09  1.84890849e+00  1.75109151e+00  2.93004426e+00  3.10475371e+00 
 2.44764000e-09  1.84846276e+00  1.75153724e+00  2.93064950e+00  3.10410993e+00 
 2.44814000e-09  1.84801656e+00  1.75198344e+00  2.93125798e+00  3.10346313e+00 
 2.44864000e-09  1.84756988e+00  1.75243012e+00  2.93186968e+00  3.10281334e+00 
 2.44914000e-09  1.84712273e+00  1.75287727e+00  2.93248456e+00  3.10216060e+00 
 2.44964000e-09  1.84667512e+00  1.75332488e+00  2.93310260e+00  3.10150493e+00 
 2.45014000e-09  1.84622704e+00  1.75377296e+00  2.93372375e+00  3.10084638e+00 
 2.45064000e-09  1.84577851e+00  1.75422149e+00  2.93434799e+00  3.10018495e+00 
 2.45114000e-09  1.84532953e+00  1.75467047e+00  2.93497529e+00  3.09952070e+00 
 2.45164000e-09  1.84488010e+00  1.75511990e+00  2.93560561e+00  3.09885365e+00 
 2.45214000e-09  1.84443023e+00  1.75556977e+00  2.93623893e+00  3.09818382e+00 
 2.45264000e-09  1.84397992e+00  1.75602008e+00  2.93687521e+00  3.09751126e+00 
 2.45314000e-09  1.84352917e+00  1.75647083e+00  2.93751442e+00  3.09683598e+00 
 2.45364000e-09  1.84307800e+00  1.75692200e+00  2.93815653e+00  3.09615803e+00 
 2.45414000e-09  1.84262640e+00  1.75737360e+00  2.93880152e+00  3.09547743e+00 
 2.45464000e-09  1.84217438e+00  1.75782562e+00  2.93944934e+00  3.09479420e+00 
 2.45514000e-09  1.84172194e+00  1.75827806e+00  2.94009996e+00  3.09410839e+00 
 2.45564000e-09  1.84126909e+00  1.75873091e+00  2.94075337e+00  3.09342002e+00 
 2.45614000e-09  1.84081584e+00  1.75918416e+00  2.94140951e+00  3.09272912e+00 
 2.45664000e-09  1.84036218e+00  1.75963782e+00  2.94206837e+00  3.09203572e+00 
 2.45714000e-09  1.83990812e+00  1.76009188e+00  2.94272992e+00  3.09133985e+00 
 2.45764000e-09  1.83945367e+00  1.76054633e+00  2.94339411e+00  3.09064153e+00 
 2.45814000e-09  1.83899883e+00  1.76100117e+00  2.94406092e+00  3.08994081e+00 
 2.45864000e-09  1.83854361e+00  1.76145639e+00  2.94473032e+00  3.08923770e+00 
 2.45914000e-09  1.83808800e+00  1.76191200e+00  2.94540228e+00  3.08853224e+00 
 2.45964000e-09  1.83763202e+00  1.76236798e+00  2.94607677e+00  3.08782445e+00 
 2.46014000e-09  1.83717567e+00  1.76282433e+00  2.94675375e+00  3.08711437e+00 
 2.46064000e-09  1.83671895e+00  1.76328105e+00  2.94743320e+00  3.08640203e+00 
 2.46114000e-09  1.83626187e+00  1.76373813e+00  2.94811508e+00  3.08568744e+00 
 2.46164000e-09  1.83580443e+00  1.76419557e+00  2.94879937e+00  3.08497065e+00 
 2.46214000e-09  1.83534663e+00  1.76465337e+00  2.94948603e+00  3.08425167e+00 
 2.46264000e-09  1.83488849e+00  1.76511151e+00  2.95017503e+00  3.08353054e+00 
 2.46314000e-09  1.83443000e+00  1.76557000e+00  2.95086635e+00  3.08280729e+00 
 2.46364000e-09  1.83397118e+00  1.76602882e+00  2.95155995e+00  3.08208194e+00 
 2.46414000e-09  1.83351202e+00  1.76648798e+00  2.95225580e+00  3.08135453e+00 
 2.46464000e-09  1.83305252e+00  1.76694748e+00  2.95295387e+00  3.08062507e+00 
 2.46514000e-09  1.83259270e+00  1.76740730e+00  2.95365414e+00  3.07989360e+00 
 2.46564000e-09  1.83213256e+00  1.76786744e+00  2.95435656e+00  3.07916015e+00 
 2.46614000e-09  1.83167211e+00  1.76832789e+00  2.95506112e+00  3.07842474e+00 
 2.46664000e-09  1.83121134e+00  1.76878866e+00  2.95576778e+00  3.07768740e+00 
 2.46714000e-09  1.83075026e+00  1.76924974e+00  2.95647652e+00  3.07694816e+00 
 2.46764000e-09  1.83028888e+00  1.76971112e+00  2.95718729e+00  3.07620705e+00 
 2.46814000e-09  1.82982720e+00  1.77017280e+00  2.95790008e+00  3.07546409e+00 
 2.46864000e-09  1.82936522e+00  1.77063478e+00  2.95861486e+00  3.07471930e+00 
 2.46914000e-09  1.82890296e+00  1.77109704e+00  2.95933158e+00  3.07397273e+00 
 2.46964000e-09  1.82844041e+00  1.77155959e+00  2.96005024e+00  3.07322439e+00 
 2.47014000e-09  1.82797758e+00  1.77202242e+00  2.96077079e+00  3.07247431e+00 
 2.47064000e-09  1.82751447e+00  1.77248553e+00  2.96149320e+00  3.07172252e+00 
 2.47114000e-09  1.82705109e+00  1.77294891e+00  2.96221745e+00  3.07096904e+00 
 2.47164000e-09  1.82658745e+00  1.77341255e+00  2.96294351e+00  3.07021390e+00 
 2.47214000e-09  1.82612354e+00  1.77387646e+00  2.96367135e+00  3.06945714e+00 
 2.47264000e-09  1.82565937e+00  1.77434063e+00  2.96440095e+00  3.06869876e+00 
 2.47314000e-09  1.82519495e+00  1.77480505e+00  2.96513226e+00  3.06793881e+00 
 2.47364000e-09  1.82473029e+00  1.77526971e+00  2.96586527e+00  3.06717730e+00 
 2.47414000e-09  1.82426538e+00  1.77573462e+00  2.96659994e+00  3.06641426e+00 
 2.47464000e-09  1.82380022e+00  1.77619978e+00  2.96733625e+00  3.06564972e+00 
 2.47514000e-09  1.82333484e+00  1.77666516e+00  2.96807417e+00  3.06488371e+00 
 2.47564000e-09  1.82286922e+00  1.77713078e+00  2.96881366e+00  3.06411625e+00 
 2.47614000e-09  1.82240338e+00  1.77759662e+00  2.96955471e+00  3.06334737e+00 
 2.47664000e-09  1.82193732e+00  1.77806268e+00  2.97029729e+00  3.06257708e+00 
 2.47714000e-09  1.82147104e+00  1.77852896e+00  2.97104136e+00  3.06180543e+00 
 2.47764000e-09  1.82100455e+00  1.77899545e+00  2.97178689e+00  3.06103242e+00 
 2.47814000e-09  1.82053785e+00  1.77946215e+00  2.97253387e+00  3.06025810e+00 
 2.47864000e-09  1.82007095e+00  1.77992905e+00  2.97328226e+00  3.05948248e+00 
 2.47914000e-09  1.81960385e+00  1.78039615e+00  2.97403204e+00  3.05870559e+00 
 2.47964000e-09  1.81913655e+00  1.78086345e+00  2.97478317e+00  3.05792746e+00 
 2.48014000e-09  1.81866907e+00  1.78133093e+00  2.97553563e+00  3.05714810e+00 
 2.48064000e-09  1.81820141e+00  1.78179859e+00  2.97628940e+00  3.05636755e+00 
 2.48114000e-09  1.81773356e+00  1.78226644e+00  2.97704444e+00  3.05558583e+00 
 2.48164000e-09  1.81726554e+00  1.78273446e+00  2.97780073e+00  3.05480297e+00 
 2.48214000e-09  1.81679735e+00  1.78320265e+00  2.97855824e+00  3.05401899e+00 
 2.48264000e-09  1.81632899e+00  1.78367101e+00  2.97931694e+00  3.05323391e+00 
 2.48314000e-09  1.81586047e+00  1.78413953e+00  2.98007682e+00  3.05244776e+00 
 2.48364000e-09  1.81539180e+00  1.78460820e+00  2.98083783e+00  3.05166057e+00 
 2.48414000e-09  1.81492297e+00  1.78507703e+00  2.98159996e+00  3.05087235e+00 
 2.48464000e-09  1.81445400e+00  1.78554600e+00  2.98236317e+00  3.05008314e+00 
 2.48514000e-09  1.81398488e+00  1.78601512e+00  2.98312745e+00  3.04929296e+00 
 2.48564000e-09  1.81351563e+00  1.78648437e+00  2.98389276e+00  3.04850184e+00 
 2.48614000e-09  1.81304624e+00  1.78695376e+00  2.98465908e+00  3.04770979e+00 
 2.48664000e-09  1.81257672e+00  1.78742328e+00  2.98542638e+00  3.04691684e+00 
 2.48714000e-09  1.81210708e+00  1.78789292e+00  2.98619463e+00  3.04612302e+00 
 2.48764000e-09  1.81163732e+00  1.78836268e+00  2.98696382e+00  3.04532836e+00 
 2.48814000e-09  1.81116744e+00  1.78883256e+00  2.98773391e+00  3.04453287e+00 
 2.48864000e-09  1.81069746e+00  1.78930254e+00  2.98850489e+00  3.04373658e+00 
 2.48914000e-09  1.81022737e+00  1.78977263e+00  2.98927671e+00  3.04293951e+00 
 2.48964000e-09  1.80975718e+00  1.79024282e+00  2.99004936e+00  3.04214169e+00 
 2.49014000e-09  1.80928689e+00  1.79071311e+00  2.99082282e+00  3.04134315e+00 
 2.49064000e-09  1.80881651e+00  1.79118349e+00  2.99159705e+00  3.04054391e+00 
 2.49114000e-09  1.80834604e+00  1.79165396e+00  2.99237204e+00  3.03974399e+00 
 2.49164000e-09  1.80787549e+00  1.79212451e+00  2.99314775e+00  3.03894342e+00 
 2.49214000e-09  1.80740486e+00  1.79259514e+00  2.99392416e+00  3.03814222e+00 
 2.49264000e-09  1.80693416e+00  1.79306584e+00  2.99470126e+00  3.03734041e+00 
 2.49314000e-09  1.80646340e+00  1.79353660e+00  2.99547901e+00  3.03653803e+00 
 2.49364000e-09  1.80599256e+00  1.79400744e+00  2.99625739e+00  3.03573510e+00 
 2.49414000e-09  1.80552167e+00  1.79447833e+00  2.99703637e+00  3.03493163e+00 
 2.49464000e-09  1.80505073e+00  1.79494927e+00  2.99781594e+00  3.03412767e+00 
 2.49514000e-09  1.80457973e+00  1.79542027e+00  2.99859606e+00  3.03332322e+00 
 2.49564000e-09  1.80410869e+00  1.79589131e+00  2.99937672e+00  3.03251832e+00 
 2.49614000e-09  1.80363761e+00  1.79636239e+00  3.00015789e+00  3.03171300e+00 
 2.49664000e-09  1.80316649e+00  1.79683351e+00  3.00093956e+00  3.03090727e+00 
 2.49714000e-09  1.80269534e+00  1.79730466e+00  3.00172169e+00  3.03010117e+00 
 2.49764000e-09  1.80222417e+00  1.79777583e+00  3.00250426e+00  3.02929472e+00 
 2.49814000e-09  1.80175297e+00  1.79824703e+00  3.00328726e+00  3.02848795e+00 
 2.49864000e-09  1.80128175e+00  1.79871825e+00  3.00407066e+00  3.02768089e+00 
 2.49914000e-09  1.80081053e+00  1.79918947e+00  3.00485444e+00  3.02687356e+00 
 2.49964000e-09  1.80033929e+00  1.79966071e+00  3.00563858e+00  3.02606598e+00 
 2.50014000e-09  1.79986805e+00  1.80013195e+00  3.00642306e+00  3.02525820e+00 
 2.50064000e-09  1.79939682e+00  1.80060318e+00  3.00720785e+00  3.02445023e+00 
 2.50114000e-09  1.79892558e+00  1.80107442e+00  3.00799294e+00  3.02364210e+00 
 2.50164000e-09  1.79845436e+00  1.80154564e+00  3.00877831e+00  3.02283385e+00 
 2.50214000e-09  1.79798316e+00  1.80201684e+00  3.00956394e+00  3.02202549e+00 
 2.50264000e-09  1.79751197e+00  1.80248803e+00  3.01034980e+00  3.02121707e+00 
 2.50314000e-09  1.79704081e+00  1.80295919e+00  3.01113588e+00  3.02040860e+00 
 2.50364000e-09  1.79656968e+00  1.80343032e+00  3.01192215e+00  3.01960011e+00 
 2.50414000e-09  1.79609858e+00  1.80390142e+00  3.01270860e+00  3.01879163e+00 
 2.50464000e-09  1.79562752e+00  1.80437248e+00  3.01349520e+00  3.01798320e+00 
 2.50514000e-09  1.79515651e+00  1.80484349e+00  3.01428193e+00  3.01717482e+00 
 2.50564000e-09  1.79468554e+00  1.80531446e+00  3.01506878e+00  3.01636653e+00 
 2.50614000e-09  1.79421462e+00  1.80578538e+00  3.01585570e+00  3.01555836e+00 
 2.50664000e-09  1.79374376e+00  1.80625624e+00  3.01664269e+00  3.01475032e+00 
 2.50714000e-09  1.79327297e+00  1.80672703e+00  3.01742971e+00  3.01394243e+00 
 2.50764000e-09  1.79280223e+00  1.80719777e+00  3.01821674e+00  3.01313473e+00 
 2.50814000e-09  1.79233157e+00  1.80766843e+00  3.01900375e+00  3.01232721e+00 
 2.50864000e-09  1.79186099e+00  1.80813901e+00  3.01979071e+00  3.01151991e+00 
 2.50914000e-09  1.79139049e+00  1.80860951e+00  3.02057759e+00  3.01071284e+00 
 2.50964000e-09  1.79092007e+00  1.80907993e+00  3.02136435e+00  3.00990601e+00 
 2.51014000e-09  1.79044974e+00  1.80955026e+00  3.02215098e+00  3.00909944e+00 
 2.51064000e-09  1.78997950e+00  1.81002050e+00  3.02293743e+00  3.00829314e+00 
 2.51114000e-09  1.78950937e+00  1.81049063e+00  3.02372368e+00  3.00748712e+00 
 2.51164000e-09  1.78903934e+00  1.81096066e+00  3.02450967e+00  3.00668140e+00 
 2.51214000e-09  1.78856941e+00  1.81143059e+00  3.02529540e+00  3.00587600e+00 
 2.51264000e-09  1.78809960e+00  1.81190040e+00  3.02608081e+00  3.00507091e+00 
 2.51314000e-09  1.78762991e+00  1.81237009e+00  3.02686587e+00  3.00426616e+00 
 2.51364000e-09  1.78716033e+00  1.81283967e+00  3.02765055e+00  3.00346175e+00 
 2.51414000e-09  1.78669089e+00  1.81330911e+00  3.02843482e+00  3.00265770e+00 
 2.51464000e-09  1.78622158e+00  1.81377842e+00  3.02921863e+00  3.00185402e+00 
 2.51514000e-09  1.78575240e+00  1.81424760e+00  3.03000196e+00  3.00105073e+00 
 2.51564000e-09  1.78528336e+00  1.81471664e+00  3.03078478e+00  3.00024784e+00 
 2.51614000e-09  1.78481447e+00  1.81518553e+00  3.03156705e+00  2.99944536e+00 
 2.51664000e-09  1.78434573e+00  1.81565427e+00  3.03234873e+00  2.99864331e+00 
 2.51714000e-09  1.78387714e+00  1.81612286e+00  3.03312981e+00  2.99784170e+00 
 2.51764000e-09  1.78340871e+00  1.81659129e+00  3.03391024e+00  2.99704056e+00 
 2.51814000e-09  1.78294044e+00  1.81705956e+00  3.03469000e+00  2.99623990e+00 
 2.51864000e-09  1.78247235e+00  1.81752765e+00  3.03546905e+00  2.99543974e+00 
 2.51914000e-09  1.78200443e+00  1.81799557e+00  3.03624738e+00  2.99464010e+00 
 2.51964000e-09  1.78153668e+00  1.81846332e+00  3.03702495e+00  2.99384100e+00 
 2.52014000e-09  1.78106912e+00  1.81893088e+00  3.03780174e+00  2.99304246e+00 
 2.52064000e-09  1.78060174e+00  1.81939826e+00  3.03857772e+00  2.99224450e+00 
 2.52114000e-09  1.78013455e+00  1.81986545e+00  3.03935285e+00  2.99144714e+00 
 2.52164000e-09  1.77966756e+00  1.82033244e+00  3.04012713e+00  2.99065041e+00 
 2.52214000e-09  1.77920078e+00  1.82079922e+00  3.04090052e+00  2.98985433e+00 
 2.52264000e-09  1.77873419e+00  1.82126581e+00  3.04167300e+00  2.98905893e+00 
 2.52314000e-09  1.77826782e+00  1.82173218e+00  3.04244454e+00  2.98826422e+00 
 2.52364000e-09  1.77780166e+00  1.82219834e+00  3.04321513e+00  2.98747023e+00 
 2.52414000e-09  1.77733572e+00  1.82266428e+00  3.04398473e+00  2.98667699e+00 
 2.52464000e-09  1.77687000e+00  1.82313000e+00  3.04475333e+00  2.98588452e+00 
 2.52514000e-09  1.77640452e+00  1.82359548e+00  3.04552089e+00  2.98509285e+00 
 2.52564000e-09  1.77593926e+00  1.82406074e+00  3.04628741e+00  2.98430201e+00 
 2.52614000e-09  1.77547424e+00  1.82452576e+00  3.04705285e+00  2.98351201e+00 
 2.52664000e-09  1.77500947e+00  1.82499053e+00  3.04781720e+00  2.98272289e+00 
 2.52714000e-09  1.77454494e+00  1.82545506e+00  3.04858043e+00  2.98193467e+00 
 2.52764000e-09  1.77408066e+00  1.82591934e+00  3.04934251e+00  2.98114737e+00 
 2.52814000e-09  1.77361664e+00  1.82638336e+00  3.05010344e+00  2.98036103e+00 
 2.52864000e-09  1.77315288e+00  1.82684712e+00  3.05086318e+00  2.97957568e+00 
 2.52914000e-09  1.77268938e+00  1.82731062e+00  3.05162171e+00  2.97879133e+00 
 2.52964000e-09  1.77222616e+00  1.82777384e+00  3.05237901e+00  2.97800801e+00 
 2.53014000e-09  1.77176320e+00  1.82823680e+00  3.05313506e+00  2.97722575e+00 
 2.53064000e-09  1.77130053e+00  1.82869947e+00  3.05388983e+00  2.97644459e+00 
 2.53114000e-09  1.77083814e+00  1.82916186e+00  3.05464331e+00  2.97566453e+00 
 2.53164000e-09  1.77037604e+00  1.82962396e+00  3.05539546e+00  2.97488562e+00 
 2.53214000e-09  1.76991423e+00  1.83008577e+00  3.05614628e+00  2.97410788e+00 
 2.53264000e-09  1.76945271e+00  1.83054729e+00  3.05689572e+00  2.97333133e+00 
 2.53314000e-09  1.76899150e+00  1.83100850e+00  3.05764379e+00  2.97255600e+00 
 2.53364000e-09  1.76853059e+00  1.83146941e+00  3.05839044e+00  2.97178192e+00 
 2.53414000e-09  1.76807000e+00  1.83193000e+00  3.05913565e+00  2.97100911e+00 
 2.53464000e-09  1.76760972e+00  1.83239028e+00  3.05987941e+00  2.97023760e+00 
 2.53514000e-09  1.76714976e+00  1.83285024e+00  3.06062169e+00  2.96946742e+00 
 2.53564000e-09  1.76669012e+00  1.83330988e+00  3.06136246e+00  2.96869860e+00 
 2.53614000e-09  1.76623081e+00  1.83376919e+00  3.06210171e+00  2.96793116e+00 
 2.53664000e-09  1.76577184e+00  1.83422816e+00  3.06283940e+00  2.96716512e+00 
 2.53714000e-09  1.76531320e+00  1.83468680e+00  3.06357552e+00  2.96640052e+00 
 2.53764000e-09  1.76485491e+00  1.83514509e+00  3.06431004e+00  2.96563738e+00 
 2.53814000e-09  1.76439696e+00  1.83560304e+00  3.06504293e+00  2.96487572e+00 
 2.53864000e-09  1.76393936e+00  1.83606064e+00  3.06577418e+00  2.96411558e+00 
 2.53914000e-09  1.76348212e+00  1.83651788e+00  3.06650375e+00  2.96335698e+00 
 2.53964000e-09  1.76302524e+00  1.83697476e+00  3.06723163e+00  2.96259994e+00 
 2.54014000e-09  1.76256873e+00  1.83743127e+00  3.06795778e+00  2.96184449e+00 
 2.54064000e-09  1.76211258e+00  1.83788742e+00  3.06868219e+00  2.96109067e+00 
 2.54114000e-09  1.76165681e+00  1.83834319e+00  3.06940482e+00  2.96033848e+00 
 2.54164000e-09  1.76120142e+00  1.83879858e+00  3.07012566e+00  2.95958797e+00 
 2.54214000e-09  1.76074641e+00  1.83925359e+00  3.07084467e+00  2.95883916e+00 
 2.54264000e-09  1.76029179e+00  1.83970821e+00  3.07156184e+00  2.95809207e+00 
 2.54314000e-09  1.75983756e+00  1.84016244e+00  3.07227713e+00  2.95734673e+00 
 2.54364000e-09  1.75938372e+00  1.84061628e+00  3.07299053e+00  2.95660316e+00 
 2.54414000e-09  1.75893029e+00  1.84106971e+00  3.07370200e+00  2.95586140e+00 
 2.54464000e-09  1.75847726e+00  1.84152274e+00  3.07441152e+00  2.95512147e+00 
 2.54514000e-09  1.75802464e+00  1.84197536e+00  3.07511906e+00  2.95438339e+00 
 2.54564000e-09  1.75757244e+00  1.84242756e+00  3.07582460e+00  2.95364719e+00 
 2.54614000e-09  1.75712065e+00  1.84287935e+00  3.07652811e+00  2.95291290e+00 
 2.54664000e-09  1.75666929e+00  1.84333071e+00  3.07722957e+00  2.95218054e+00 
 2.54714000e-09  1.75621836e+00  1.84378164e+00  3.07792894e+00  2.95145014e+00 
 2.54764000e-09  1.75576785e+00  1.84423215e+00  3.07862621e+00  2.95072173e+00 
 2.54814000e-09  1.75531779e+00  1.84468221e+00  3.07932134e+00  2.94999533e+00 
 2.54864000e-09  1.75486816e+00  1.84513184e+00  3.08001430e+00  2.94927097e+00 
 2.54914000e-09  1.75441898e+00  1.84558102e+00  3.08070509e+00  2.94854868e+00 
 2.54964000e-09  1.75397026e+00  1.84602974e+00  3.08139365e+00  2.94782847e+00 
 2.55014000e-09  1.75352198e+00  1.84647802e+00  3.08207997e+00  2.94711039e+00 
 2.55064000e-09  1.75307416e+00  1.84692584e+00  3.08276403e+00  2.94639445e+00 
 2.55114000e-09  1.75262681e+00  1.84737319e+00  3.08344578e+00  2.94568068e+00 
 2.55164000e-09  1.75217992e+00  1.84782008e+00  3.08412522e+00  2.94496910e+00 
 2.55214000e-09  1.75173351e+00  1.84826649e+00  3.08480230e+00  2.94425975e+00 
 2.55264000e-09  1.75128757e+00  1.84871243e+00  3.08547701e+00  2.94355265e+00 
 2.55314000e-09  1.75084212e+00  1.84915788e+00  3.08614930e+00  2.94284783e+00 
 2.55364000e-09  1.75039714e+00  1.84960286e+00  3.08681917e+00  2.94214530e+00 
 2.55414000e-09  1.74995266e+00  1.85004734e+00  3.08748658e+00  2.94144511e+00 
 2.55464000e-09  1.74950867e+00  1.85049133e+00  3.08815149e+00  2.94074728e+00 
 2.55514000e-09  1.74906519e+00  1.85093481e+00  3.08881390e+00  2.94005182e+00 
 2.55564000e-09  1.74862220e+00  1.85137780e+00  3.08947375e+00  2.93935878e+00 
 2.55614000e-09  1.74817972e+00  1.85182028e+00  3.09013104e+00  2.93866817e+00 
 2.55664000e-09  1.74773775e+00  1.85226225e+00  3.09078573e+00  2.93798002e+00 
 2.55714000e-09  1.74729630e+00  1.85270370e+00  3.09143779e+00  2.93729436e+00 
 2.55764000e-09  1.74685537e+00  1.85314463e+00  3.09208720e+00  2.93661121e+00 
 2.55814000e-09  1.74641496e+00  1.85358504e+00  3.09273393e+00  2.93593061e+00 
 2.55864000e-09  1.74597508e+00  1.85402492e+00  3.09337794e+00  2.93525257e+00 
 2.55914000e-09  1.74553573e+00  1.85446427e+00  3.09401922e+00  2.93457714e+00 
 2.55964000e-09  1.74509692e+00  1.85490308e+00  3.09465773e+00  2.93390432e+00 
 2.56014000e-09  1.74465866e+00  1.85534134e+00  3.09529345e+00  2.93323415e+00 
 2.56064000e-09  1.74422094e+00  1.85577906e+00  3.09592635e+00  2.93256665e+00 
 2.56114000e-09  1.74378377e+00  1.85621623e+00  3.09655640e+00  2.93190186e+00 
 2.56164000e-09  1.74334715e+00  1.85665285e+00  3.09718357e+00  2.93123979e+00 
 2.56214000e-09  1.74291110e+00  1.85708890e+00  3.09780784e+00  2.93058048e+00 
 2.56264000e-09  1.74247560e+00  1.85752440e+00  3.09842918e+00  2.92992395e+00 
 2.56314000e-09  1.74204068e+00  1.85795932e+00  3.09904755e+00  2.92927023e+00 
 2.56364000e-09  1.74160633e+00  1.85839367e+00  3.09966294e+00  2.92861934e+00 
 2.56414000e-09  1.74117255e+00  1.85882745e+00  3.10027532e+00  2.92797131e+00 
 2.56464000e-09  1.74073936e+00  1.85926064e+00  3.10088465e+00  2.92732617e+00 
 2.56514000e-09  1.74030674e+00  1.85969326e+00  3.10149091e+00  2.92668395e+00 
 2.56564000e-09  1.73987472e+00  1.86012528e+00  3.10209407e+00  2.92604466e+00 
 2.56614000e-09  1.73944329e+00  1.86055671e+00  3.10269410e+00  2.92540834e+00 
 2.56664000e-09  1.73901246e+00  1.86098754e+00  3.10329099e+00  2.92477501e+00 
 2.56714000e-09  1.73858224e+00  1.86141776e+00  3.10388469e+00  2.92414470e+00 
 2.56764000e-09  1.73815261e+00  1.86184739e+00  3.10447519e+00  2.92351744e+00 
 2.56814000e-09  1.73772360e+00  1.86227640e+00  3.10506246e+00  2.92289325e+00 
 2.56864000e-09  1.73729520e+00  1.86270480e+00  3.10564646e+00  2.92227216e+00 
 2.56914000e-09  1.73686743e+00  1.86313257e+00  3.10622718e+00  2.92165419e+00 
 2.56964000e-09  1.73644027e+00  1.86355973e+00  3.10680458e+00  2.92103937e+00 
 2.57014000e-09  1.73601374e+00  1.86398626e+00  3.10737864e+00  2.92042773e+00 
 2.57064000e-09  1.73558785e+00  1.86441215e+00  3.10794934e+00  2.91981929e+00 
 2.57114000e-09  1.73516258e+00  1.86483742e+00  3.10851664e+00  2.91921407e+00 
 2.57164000e-09  1.73473796e+00  1.86526204e+00  3.10908053e+00  2.91861211e+00 
 2.57214000e-09  1.73431399e+00  1.86568601e+00  3.10964097e+00  2.91801343e+00 
 2.57264000e-09  1.73389066e+00  1.86610934e+00  3.11019794e+00  2.91741805e+00 
 2.57314000e-09  1.73346798e+00  1.86653202e+00  3.11075142e+00  2.91682600e+00 
 2.57364000e-09  1.73304596e+00  1.86695404e+00  3.11130138e+00  2.91623730e+00 
 2.57414000e-09  1.73262460e+00  1.86737540e+00  3.11184779e+00  2.91565199e+00 
 2.57464000e-09  1.73220391e+00  1.86779609e+00  3.11239063e+00  2.91507008e+00 
 2.57514000e-09  1.73178389e+00  1.86821611e+00  3.11292988e+00  2.91449159e+00 
 2.57564000e-09  1.73136453e+00  1.86863547e+00  3.11346551e+00  2.91391656e+00 
 2.57614000e-09  1.73094586e+00  1.86905414e+00  3.11399750e+00  2.91334501e+00 
 2.57664000e-09  1.73052787e+00  1.86947213e+00  3.11452582e+00  2.91277696e+00 
 2.57714000e-09  1.73011056e+00  1.86988944e+00  3.11505046e+00  2.91221244e+00 
 2.57764000e-09  1.72969394e+00  1.87030606e+00  3.11557138e+00  2.91165146e+00 
 2.57814000e-09  1.72927802e+00  1.87072198e+00  3.11608857e+00  2.91109406e+00 
 2.57864000e-09  1.72886280e+00  1.87113720e+00  3.11660201e+00  2.91054026e+00 
 2.57914000e-09  1.72844827e+00  1.87155173e+00  3.11711166e+00  2.90999008e+00 
 2.57964000e-09  1.72803446e+00  1.87196554e+00  3.11761752e+00  2.90944354e+00 
 2.58014000e-09  1.72762135e+00  1.87237865e+00  3.11811955e+00  2.90890067e+00 
 2.58064000e-09  1.72720896e+00  1.87279104e+00  3.11861775e+00  2.90836148e+00 
 2.58114000e-09  1.72679729e+00  1.87320271e+00  3.11911208e+00  2.90782601e+00 
 2.58164000e-09  1.72638633e+00  1.87361367e+00  3.11960253e+00  2.90729426e+00 
 2.58214000e-09  1.72597611e+00  1.87402389e+00  3.12008909e+00  2.90676628e+00 
 2.58264000e-09  1.72556662e+00  1.87443338e+00  3.12057172e+00  2.90624206e+00 
 2.58314000e-09  1.72515786e+00  1.87484214e+00  3.12105041e+00  2.90572165e+00 
 2.58364000e-09  1.72474984e+00  1.87525016e+00  3.12152515e+00  2.90520505e+00 
 2.58414000e-09  1.72434256e+00  1.87565744e+00  3.12199592e+00  2.90469229e+00 
 2.58464000e-09  1.72393603e+00  1.87606397e+00  3.12246270e+00  2.90418338e+00 
 2.58514000e-09  1.72353024e+00  1.87646976e+00  3.12292547e+00  2.90367836e+00 
 2.58564000e-09  1.72312522e+00  1.87687478e+00  3.12338422e+00  2.90317723e+00 
 2.58614000e-09  1.72272095e+00  1.87727905e+00  3.12383893e+00  2.90268001e+00 
 2.58664000e-09  1.72231745e+00  1.87768255e+00  3.12428959e+00  2.90218673e+00 
 2.58714000e-09  1.72191471e+00  1.87808529e+00  3.12473618e+00  2.90169740e+00 
 2.58764000e-09  1.72151274e+00  1.87848726e+00  3.12517869e+00  2.90121205e+00 
 2.58814000e-09  1.72111155e+00  1.87888845e+00  3.12561712e+00  2.90073068e+00 
 2.58864000e-09  1.72071114e+00  1.87928886e+00  3.12605144e+00  2.90025331e+00 
 2.58914000e-09  1.72031150e+00  1.87968850e+00  3.12648164e+00  2.89977996e+00 
 2.58964000e-09  1.71991266e+00  1.88008734e+00  3.12690772e+00  2.89931065e+00 
 2.59014000e-09  1.71951461e+00  1.88048539e+00  3.12732966e+00  2.89884539e+00 
 2.59064000e-09  1.71911735e+00  1.88088265e+00  3.12774745e+00  2.89838420e+00 
 2.59114000e-09  1.71872088e+00  1.88127912e+00  3.12816110e+00  2.89792709e+00 
 2.59164000e-09  1.71832522e+00  1.88167478e+00  3.12857058e+00  2.89747408e+00 
 2.59214000e-09  1.71793037e+00  1.88206963e+00  3.12897589e+00  2.89702517e+00 
 2.59264000e-09  1.71753633e+00  1.88246367e+00  3.12937702e+00  2.89658038e+00 
 2.59314000e-09  1.71714310e+00  1.88285690e+00  3.12977398e+00  2.89613973e+00 
 2.59364000e-09  1.71675069e+00  1.88324931e+00  3.13016675e+00  2.89570323e+00 
 2.59414000e-09  1.71635910e+00  1.88364090e+00  3.13055533e+00  2.89527088e+00 
 2.59464000e-09  1.71596833e+00  1.88403167e+00  3.13093972e+00  2.89484270e+00 
 2.59514000e-09  1.71557840e+00  1.88442160e+00  3.13131991e+00  2.89441870e+00 
 2.59564000e-09  1.71518929e+00  1.88481071e+00  3.13169591e+00  2.89399889e+00 
 2.59614000e-09  1.71480103e+00  1.88519897e+00  3.13206771e+00  2.89358327e+00 
 2.59664000e-09  1.71441360e+00  1.88558640e+00  3.13243531e+00  2.89317186e+00 
 2.59714000e-09  1.71402702e+00  1.88597298e+00  3.13279872e+00  2.89276466e+00 
 2.59764000e-09  1.71364129e+00  1.88635871e+00  3.13315794e+00  2.89236168e+00 
 2.59814000e-09  1.71325641e+00  1.88674359e+00  3.13351297e+00  2.89196293e+00 
 2.59864000e-09  1.71287239e+00  1.88712761e+00  3.13386381e+00  2.89156840e+00 
 2.59914000e-09  1.71248923e+00  1.88751077e+00  3.13421047e+00  2.89117812e+00 
 2.59964000e-09  1.71210693e+00  1.88789307e+00  3.13455295e+00  2.89079208e+00 
 2.60014000e-09  1.71172550e+00  1.88827450e+00  3.13489127e+00  2.89041028e+00 
 2.60064000e-09  1.71134494e+00  1.88865506e+00  3.13522542e+00  2.89003273e+00 
 2.60114000e-09  1.71096525e+00  1.88903475e+00  3.13555542e+00  2.88965943e+00 
 2.60164000e-09  1.71058645e+00  1.88941355e+00  3.13588128e+00  2.88929038e+00 
 2.60214000e-09  1.71020852e+00  1.88979148e+00  3.13620301e+00  2.88892559e+00 
 2.60264000e-09  1.70983149e+00  1.89016851e+00  3.13652062e+00  2.88856505e+00 
 2.60314000e-09  1.70945534e+00  1.89054466e+00  3.13683412e+00  2.88820877e+00 
 2.60364000e-09  1.70908008e+00  1.89091992e+00  3.13714352e+00  2.88785673e+00 
 2.60414000e-09  1.70870573e+00  1.89129427e+00  3.13744884e+00  2.88750895e+00 
 2.60464000e-09  1.70833227e+00  1.89166773e+00  3.13775010e+00  2.88716542e+00 
 2.60514000e-09  1.70795972e+00  1.89204028e+00  3.13804731e+00  2.88682613e+00 
 2.60564000e-09  1.70758808e+00  1.89241192e+00  3.13834049e+00  2.88649108e+00 
 2.60614000e-09  1.70721735e+00  1.89278265e+00  3.13862965e+00  2.88616027e+00 
 2.60664000e-09  1.70684753e+00  1.89315247e+00  3.13891481e+00  2.88583369e+00 
 2.60714000e-09  1.70647864e+00  1.89352136e+00  3.13919601e+00  2.88551133e+00 
 2.60764000e-09  1.70611066e+00  1.89388934e+00  3.13947324e+00  2.88519319e+00 
 2.60814000e-09  1.70574362e+00  1.89425638e+00  3.13974655e+00  2.88487926e+00 
 2.60864000e-09  1.70537750e+00  1.89462250e+00  3.14001594e+00  2.88456953e+00 
 2.60914000e-09  1.70501232e+00  1.89498768e+00  3.14028145e+00  2.88426400e+00 
 2.60964000e-09  1.70464807e+00  1.89535193e+00  3.14054310e+00  2.88396264e+00 
 2.61014000e-09  1.70428477e+00  1.89571523e+00  3.14080091e+00  2.88366546e+00 
 2.61064000e-09  1.70392241e+00  1.89607759e+00  3.14105491e+00  2.88337244e+00 
 2.61114000e-09  1.70356100e+00  1.89643900e+00  3.14130512e+00  2.88308356e+00 
 2.61164000e-09  1.70320054e+00  1.89679946e+00  3.14155158e+00  2.88279881e+00 
 2.61214000e-09  1.70284104e+00  1.89715896e+00  3.14179431e+00  2.88251819e+00 
 2.61264000e-09  1.70248250e+00  1.89751750e+00  3.14203334e+00  2.88224167e+00 
 2.61314000e-09  1.70212492e+00  1.89787508e+00  3.14226870e+00  2.88196924e+00 
 2.61364000e-09  1.70176830e+00  1.89823170e+00  3.14250042e+00  2.88170089e+00 
 2.61414000e-09  1.70141265e+00  1.89858735e+00  3.14272853e+00  2.88143659e+00 
 2.61464000e-09  1.70105798e+00  1.89894202e+00  3.14295307e+00  2.88117632e+00 
 2.61514000e-09  1.70070428e+00  1.89929572e+00  3.14317406e+00  2.88092008e+00 
 2.61564000e-09  1.70035157e+00  1.89964843e+00  3.14339154e+00  2.88066784e+00 
 2.61614000e-09  1.69999983e+00  1.90000017e+00  3.14360554e+00  2.88041958e+00 
 2.61664000e-09  1.69964909e+00  1.90035091e+00  3.14381610e+00  2.88017527e+00 
 2.61714000e-09  1.69929933e+00  1.90070067e+00  3.14402325e+00  2.87993491e+00 
 2.61764000e-09  1.69895057e+00  1.90104943e+00  3.14422703e+00  2.87969846e+00 
 2.61814000e-09  1.69860281e+00  1.90139719e+00  3.14442747e+00  2.87946590e+00 
 2.61864000e-09  1.69825604e+00  1.90174396e+00  3.14462461e+00  2.87923720e+00 
 2.61914000e-09  1.69791028e+00  1.90208972e+00  3.14481848e+00  2.87901235e+00 
 2.61964000e-09  1.69756553e+00  1.90243447e+00  3.14500912e+00  2.87879132e+00 
 2.62014000e-09  1.69722179e+00  1.90277821e+00  3.14519657e+00  2.87857408e+00 
 2.62064000e-09  1.69687906e+00  1.90312094e+00  3.14538087e+00  2.87836061e+00 
 2.62114000e-09  1.69653735e+00  1.90346265e+00  3.14556205e+00  2.87815087e+00 
 2.62164000e-09  1.69619667e+00  1.90380333e+00  3.14574015e+00  2.87794484e+00 
 2.62214000e-09  1.69585700e+00  1.90414300e+00  3.14591520e+00  2.87774250e+00 
 2.62264000e-09  1.69551837e+00  1.90448163e+00  3.14608726e+00  2.87754380e+00 
 2.62314000e-09  1.69518076e+00  1.90481924e+00  3.14625635e+00  2.87734873e+00 
 2.62364000e-09  1.69484419e+00  1.90515581e+00  3.14642251e+00  2.87715724e+00 
 2.62414000e-09  1.69450866e+00  1.90549134e+00  3.14658579e+00  2.87696932e+00 
 2.62464000e-09  1.69417417e+00  1.90582583e+00  3.14674622e+00  2.87678492e+00 
 2.62514000e-09  1.69384072e+00  1.90615928e+00  3.14690384e+00  2.87660402e+00 
 2.62564000e-09  1.69350832e+00  1.90649168e+00  3.14705869e+00  2.87642658e+00 
 2.62614000e-09  1.69317698e+00  1.90682302e+00  3.14721080e+00  2.87625257e+00 
 2.62664000e-09  1.69284668e+00  1.90715332e+00  3.14736023e+00  2.87608196e+00 
 2.62714000e-09  1.69251745e+00  1.90748255e+00  3.14750700e+00  2.87591471e+00 
 2.62764000e-09  1.69218927e+00  1.90781073e+00  3.14765116e+00  2.87575078e+00 
 2.62814000e-09  1.69186216e+00  1.90813784e+00  3.14779274e+00  2.87559015e+00 
 2.62864000e-09  1.69153612e+00  1.90846388e+00  3.14793178e+00  2.87543277e+00 
 2.62914000e-09  1.69121115e+00  1.90878885e+00  3.14806833e+00  2.87527862e+00 
 2.62964000e-09  1.69088725e+00  1.90911275e+00  3.14820241e+00  2.87512765e+00 
 2.63014000e-09  1.69056442e+00  1.90943558e+00  3.14833408e+00  2.87497983e+00 
 2.63064000e-09  1.69024268e+00  1.90975732e+00  3.14846336e+00  2.87483512e+00 
 2.63114000e-09  1.68992202e+00  1.91007798e+00  3.14859029e+00  2.87469348e+00 
 2.63164000e-09  1.68960245e+00  1.91039755e+00  3.14871492e+00  2.87455489e+00 
 2.63214000e-09  1.68928397e+00  1.91071603e+00  3.14883728e+00  2.87441929e+00 
 2.63264000e-09  1.68896658e+00  1.91103342e+00  3.14895740e+00  2.87428666e+00 
 2.63314000e-09  1.68865028e+00  1.91134972e+00  3.14907533e+00  2.87415695e+00 
 2.63364000e-09  1.68833509e+00  1.91166491e+00  3.14919110e+00  2.87403012e+00 
 2.63414000e-09  1.68802099e+00  1.91197901e+00  3.14930475e+00  2.87390615e+00 
 2.63464000e-09  1.68770801e+00  1.91229199e+00  3.14941631e+00  2.87378499e+00 
 2.63514000e-09  1.68739613e+00  1.91260387e+00  3.14952582e+00  2.87366660e+00 
 2.63564000e-09  1.68708536e+00  1.91291464e+00  3.14963332e+00  2.87355094e+00 
 2.63614000e-09  1.68677570e+00  1.91322430e+00  3.14973884e+00  2.87343799e+00 
 2.63664000e-09  1.68646717e+00  1.91353283e+00  3.14984242e+00  2.87332769e+00 
 2.63714000e-09  1.68615975e+00  1.91384025e+00  3.14994408e+00  2.87322001e+00 
 2.63764000e-09  1.68585346e+00  1.91414654e+00  3.15004387e+00  2.87311491e+00 
 2.63814000e-09  1.68554829e+00  1.91445171e+00  3.15014182e+00  2.87301235e+00 
 2.63864000e-09  1.68524425e+00  1.91475575e+00  3.15023797e+00  2.87291230e+00 
 2.63914000e-09  1.68494135e+00  1.91505865e+00  3.15033234e+00  2.87281472e+00 
 2.63964000e-09  1.68463958e+00  1.91536042e+00  3.15042496e+00  2.87271957e+00 
 2.64014000e-09  1.68433895e+00  1.91566105e+00  3.15051588e+00  2.87262681e+00 
 2.64064000e-09  1.68403946e+00  1.91596054e+00  3.15060513e+00  2.87253641e+00 
 2.64114000e-09  1.68374112e+00  1.91625888e+00  3.15069273e+00  2.87244833e+00 
 2.64164000e-09  1.68344392e+00  1.91655608e+00  3.15077871e+00  2.87236252e+00 
 2.64214000e-09  1.68314788e+00  1.91685212e+00  3.15086312e+00  2.87227896e+00 
 2.64264000e-09  1.68285299e+00  1.91714701e+00  3.15094597e+00  2.87219760e+00 
 2.64314000e-09  1.68255925e+00  1.91744075e+00  3.15102730e+00  2.87211842e+00 
 2.64364000e-09  1.68226667e+00  1.91773333e+00  3.15110713e+00  2.87204137e+00 
 2.64414000e-09  1.68197526e+00  1.91802474e+00  3.15118551e+00  2.87196642e+00 
 2.64464000e-09  1.68168501e+00  1.91831499e+00  3.15126245e+00  2.87189353e+00 
 2.64514000e-09  1.68139592e+00  1.91860408e+00  3.15133799e+00  2.87182266e+00 
 2.64564000e-09  1.68110801e+00  1.91889199e+00  3.15141215e+00  2.87175379e+00 
 2.64614000e-09  1.68082127e+00  1.91917873e+00  3.15148495e+00  2.87168688e+00 
 2.64664000e-09  1.68053571e+00  1.91946429e+00  3.15155644e+00  2.87162189e+00 
 2.64714000e-09  1.68025133e+00  1.91974867e+00  3.15162663e+00  2.87155879e+00 
 2.64764000e-09  1.67996812e+00  1.92003188e+00  3.15169555e+00  2.87149754e+00 
 2.64814000e-09  1.67968611e+00  1.92031389e+00  3.15176323e+00  2.87143812e+00 
 2.64864000e-09  1.67940528e+00  1.92059472e+00  3.15182970e+00  2.87138048e+00 
 2.64914000e-09  1.67912564e+00  1.92087436e+00  3.15189496e+00  2.87132460e+00 
 2.64964000e-09  1.67884719e+00  1.92115281e+00  3.15195907e+00  2.87127044e+00 
 2.65014000e-09  1.67856994e+00  1.92143006e+00  3.15202202e+00  2.87121798e+00 
 2.65064000e-09  1.67829389e+00  1.92170611e+00  3.15208386e+00  2.87116717e+00 
 2.65114000e-09  1.67801904e+00  1.92198096e+00  3.15214460e+00  2.87111800e+00 
 2.65164000e-09  1.67774539e+00  1.92225461e+00  3.15220427e+00  2.87107042e+00 
 2.65214000e-09  1.67747295e+00  1.92252705e+00  3.15226289e+00  2.87102441e+00 
 2.65264000e-09  1.67720172e+00  1.92279828e+00  3.15232048e+00  2.87097994e+00 
 2.65314000e-09  1.67693170e+00  1.92306830e+00  3.15237707e+00  2.87093697e+00 
 2.65364000e-09  1.67666290e+00  1.92333710e+00  3.15243267e+00  2.87089549e+00 
 2.65414000e-09  1.67639531e+00  1.92360469e+00  3.15248731e+00  2.87085546e+00 
 2.65464000e-09  1.67612894e+00  1.92387106e+00  3.15254100e+00  2.87081684e+00 
 2.65514000e-09  1.67586380e+00  1.92413620e+00  3.15259378e+00  2.87077962e+00 
 2.65564000e-09  1.67559988e+00  1.92440012e+00  3.15264565e+00  2.87074377e+00 
 2.65614000e-09  1.67533719e+00  1.92466281e+00  3.15269664e+00  2.87070926e+00 
 2.65664000e-09  1.67507572e+00  1.92492428e+00  3.15274676e+00  2.87067606e+00 
 2.65714000e-09  1.67481550e+00  1.92518450e+00  3.15279604e+00  2.87064415e+00 
 2.65764000e-09  1.67455650e+00  1.92544350e+00  3.15284450e+00  2.87061350e+00 
 2.65814000e-09  1.67429875e+00  1.92570125e+00  3.15289215e+00  2.87058408e+00 
 2.65864000e-09  1.67404223e+00  1.92595777e+00  3.15293900e+00  2.87055588e+00 
 2.65914000e-09  1.67378696e+00  1.92621304e+00  3.15298509e+00  2.87052886e+00 
 2.65964000e-09  1.67353294e+00  1.92646706e+00  3.15303042e+00  2.87050300e+00 
 2.66014000e-09  1.67328016e+00  1.92671984e+00  3.15307501e+00  2.87047828e+00 
 2.66064000e-09  1.67302863e+00  1.92697137e+00  3.15311887e+00  2.87045467e+00 
 2.66114000e-09  1.67277836e+00  1.92722164e+00  3.15316204e+00  2.87043216e+00 
 2.66164000e-09  1.67252934e+00  1.92747066e+00  3.15320451e+00  2.87041071e+00 
 2.66214000e-09  1.67228158e+00  1.92771842e+00  3.15324630e+00  2.87039031e+00 
 2.66264000e-09  1.67203508e+00  1.92796492e+00  3.15328744e+00  2.87037094e+00 
 2.66314000e-09  1.67178985e+00  1.92821015e+00  3.15332793e+00  2.87035257e+00 
 2.66364000e-09  1.67154588e+00  1.92845412e+00  3.15336779e+00  2.87033518e+00 
 2.66414000e-09  1.67130317e+00  1.92869683e+00  3.15340704e+00  2.87031876e+00 
 2.66464000e-09  1.67106174e+00  1.92893826e+00  3.15344568e+00  2.87030327e+00 
 2.66514000e-09  1.67082158e+00  1.92917842e+00  3.15348374e+00  2.87028871e+00 
 2.66564000e-09  1.67058269e+00  1.92941731e+00  3.15352121e+00  2.87027505e+00 
 2.66614000e-09  1.67034509e+00  1.92965491e+00  3.15355813e+00  2.87026227e+00 
 2.66664000e-09  1.67010876e+00  1.92989124e+00  3.15359450e+00  2.87025036e+00 
 2.66714000e-09  1.66987371e+00  1.93012629e+00  3.15363033e+00  2.87023930e+00 
 2.66764000e-09  1.66963995e+00  1.93036005e+00  3.15366563e+00  2.87022906e+00 
 2.66814000e-09  1.66940747e+00  1.93059253e+00  3.15370042e+00  2.87021963e+00 
 2.66864000e-09  1.66917629e+00  1.93082371e+00  3.15373471e+00  2.87021100e+00 
 2.66914000e-09  1.66894639e+00  1.93105361e+00  3.15376852e+00  2.87020314e+00 
 2.66964000e-09  1.66871779e+00  1.93128221e+00  3.15380184e+00  2.87019605e+00 
 2.67014000e-09  1.66849048e+00  1.93150952e+00  3.15383469e+00  2.87018969e+00 
 2.67064000e-09  1.66826447e+00  1.93173553e+00  3.15386709e+00  2.87018406e+00 
 2.67114000e-09  1.66803977e+00  1.93196023e+00  3.15389904e+00  2.87017915e+00 
 2.67164000e-09  1.66781636e+00  1.93218364e+00  3.15393056e+00  2.87017493e+00 
 2.67214000e-09  1.66759426e+00  1.93240574e+00  3.15396165e+00  2.87017139e+00 
 2.67264000e-09  1.66737346e+00  1.93262654e+00  3.15399232e+00  2.87016852e+00 
 2.67314000e-09  1.66715398e+00  1.93284602e+00  3.15402259e+00  2.87016630e+00 
 2.67364000e-09  1.66693581e+00  1.93306419e+00  3.15405246e+00  2.87016472e+00 
 2.67414000e-09  1.66671894e+00  1.93328106e+00  3.15408194e+00  2.87016376e+00 
 2.67464000e-09  1.66650340e+00  1.93349660e+00  3.15411104e+00  2.87016341e+00 
 2.67514000e-09  1.66628917e+00  1.93371083e+00  3.15413977e+00  2.87016366e+00 
 2.67564000e-09  1.66607626e+00  1.93392374e+00  3.15416814e+00  2.87016450e+00 
 2.67614000e-09  1.66586468e+00  1.93413532e+00  3.15419615e+00  2.87016590e+00 
 2.67664000e-09  1.66565441e+00  1.93434559e+00  3.15422382e+00  2.87016787e+00 
 2.67714000e-09  1.66544548e+00  1.93455452e+00  3.15425116e+00  2.87017038e+00 
 2.67764000e-09  1.66523787e+00  1.93476213e+00  3.15427816e+00  2.87017343e+00 
 2.67814000e-09  1.66503159e+00  1.93496841e+00  3.15430484e+00  2.87017700e+00 
 2.67864000e-09  1.66482664e+00  1.93517336e+00  3.15433121e+00  2.87018109e+00 
 2.67914000e-09  1.66462303e+00  1.93537697e+00  3.15435726e+00  2.87018567e+00 
 2.67964000e-09  1.66442075e+00  1.93557925e+00  3.15438302e+00  2.87019075e+00 
 2.68014000e-09  1.66421981e+00  1.93578019e+00  3.15440849e+00  2.87019630e+00 
 2.68064000e-09  1.66402022e+00  1.93597978e+00  3.15443367e+00  2.87020232e+00 
 2.68114000e-09  1.66382196e+00  1.93617804e+00  3.15445856e+00  2.87020881e+00 
 2.68164000e-09  1.66362505e+00  1.93637495e+00  3.15448319e+00  2.87021574e+00 
 2.68214000e-09  1.66342948e+00  1.93657052e+00  3.15450755e+00  2.87022311e+00 
 2.68264000e-09  1.66323526e+00  1.93676474e+00  3.15453164e+00  2.87023091e+00 
 2.68314000e-09  1.66304239e+00  1.93695761e+00  3.15455548e+00  2.87023912e+00 
 2.68364000e-09  1.66285088e+00  1.93714912e+00  3.15457908e+00  2.87024776e+00 
 2.68414000e-09  1.66266071e+00  1.93733929e+00  3.15460242e+00  2.87025679e+00 
 2.68464000e-09  1.66247191e+00  1.93752809e+00  3.15462554e+00  2.87026621e+00 
 2.68514000e-09  1.66228446e+00  1.93771554e+00  3.15464841e+00  2.87027603e+00 
 2.68564000e-09  1.66209837e+00  1.93790163e+00  3.15467107e+00  2.87028621e+00 
 2.68614000e-09  1.66191364e+00  1.93808636e+00  3.15469350e+00  2.87029677e+00 
 2.68664000e-09  1.66173027e+00  1.93826973e+00  3.15471571e+00  2.87030768e+00 
 2.68714000e-09  1.66154827e+00  1.93845173e+00  3.15473771e+00  2.87031895e+00 
 2.68764000e-09  1.66136763e+00  1.93863237e+00  3.15475951e+00  2.87033057e+00 
 2.68814000e-09  1.66118836e+00  1.93881164e+00  3.15478110e+00  2.87034252e+00 
 2.68864000e-09  1.66101046e+00  1.93898954e+00  3.15480250e+00  2.87035480e+00 
 2.68914000e-09  1.66083394e+00  1.93916606e+00  3.15482370e+00  2.87036740e+00 
 2.68964000e-09  1.66065879e+00  1.93934121e+00  3.15484472e+00  2.87038032e+00 
 2.69014000e-09  1.66048501e+00  1.93951499e+00  3.15486555e+00  2.87039355e+00 
 2.69064000e-09  1.66031261e+00  1.93968739e+00  3.15488620e+00  2.87040709e+00 
 2.69114000e-09  1.66014159e+00  1.93985841e+00  3.15490667e+00  2.87042092e+00 
 2.69164000e-09  1.65997194e+00  1.94002806e+00  3.15492697e+00  2.87043504e+00 
 2.69214000e-09  1.65980369e+00  1.94019631e+00  3.15494711e+00  2.87044944e+00 
 2.69264000e-09  1.65963681e+00  1.94036319e+00  3.15496708e+00  2.87046412e+00 
 2.69314000e-09  1.65947132e+00  1.94052868e+00  3.15498689e+00  2.87047907e+00 
 2.69364000e-09  1.65930722e+00  1.94069278e+00  3.15500655e+00  2.87049429e+00 
 2.69414000e-09  1.65914450e+00  1.94085550e+00  3.15502605e+00  2.87050977e+00 
 2.69464000e-09  1.65898318e+00  1.94101682e+00  3.15504540e+00  2.87052550e+00 
 2.69514000e-09  1.65882324e+00  1.94117676e+00  3.15506461e+00  2.87054148e+00 
 2.69564000e-09  1.65866470e+00  1.94133530e+00  3.15508367e+00  2.87055771e+00 
 2.69614000e-09  1.65850756e+00  1.94149244e+00  3.15510259e+00  2.87057417e+00 
 2.69664000e-09  1.65835181e+00  1.94164819e+00  3.15512138e+00  2.87059087e+00 
 2.69714000e-09  1.65819746e+00  1.94180254e+00  3.15514003e+00  2.87060780e+00 
 2.69764000e-09  1.65804451e+00  1.94195549e+00  3.15515856e+00  2.87062495e+00 
 2.69814000e-09  1.65789296e+00  1.94210704e+00  3.15517695e+00  2.87064232e+00 
 2.69864000e-09  1.65774281e+00  1.94225719e+00  3.15519522e+00  2.87065991e+00 
 2.69914000e-09  1.65759407e+00  1.94240593e+00  3.15521337e+00  2.87067770e+00 
 2.69964000e-09  1.65744673e+00  1.94255327e+00  3.15523140e+00  2.87069571e+00 
 2.70014000e-09  1.65730080e+00  1.94269920e+00  3.15524932e+00  2.87071391e+00 
 2.70064000e-09  1.65715628e+00  1.94284372e+00  3.15526712e+00  2.87073231e+00 
 2.70114000e-09  1.65701317e+00  1.94298683e+00  3.15528481e+00  2.87075091e+00 
 2.70164000e-09  1.65687147e+00  1.94312853e+00  3.15530239e+00  2.87076969e+00 
 2.70214000e-09  1.65673118e+00  1.94326882e+00  3.15531986e+00  2.87078867e+00 
 2.70264000e-09  1.65659231e+00  1.94340769e+00  3.15533723e+00  2.87080782e+00 
 2.70314000e-09  1.65645485e+00  1.94354515e+00  3.15535450e+00  2.87082715e+00 
 2.70364000e-09  1.65631880e+00  1.94368120e+00  3.15537167e+00  2.87084665e+00 
 2.70414000e-09  1.65618418e+00  1.94381582e+00  3.15538874e+00  2.87086633e+00 
 2.70464000e-09  1.65605098e+00  1.94394902e+00  3.15540572e+00  2.87088617e+00 
 2.70514000e-09  1.65591919e+00  1.94408081e+00  3.15542260e+00  2.87090618e+00 
 2.70564000e-09  1.65578883e+00  1.94421117e+00  3.15543939e+00  2.87092635e+00 
 2.70614000e-09  1.65565989e+00  1.94434011e+00  3.15545609e+00  2.87094667e+00 
 2.70664000e-09  1.65553238e+00  1.94446762e+00  3.15547271e+00  2.87096715e+00 
 2.70714000e-09  1.65540629e+00  1.94459371e+00  3.15548924e+00  2.87098778e+00 
 2.70764000e-09  1.65528163e+00  1.94471837e+00  3.15550569e+00  2.87100856e+00 
 2.70814000e-09  1.65515839e+00  1.94484161e+00  3.15552206e+00  2.87102949e+00 
 2.70864000e-09  1.65503659e+00  1.94496341e+00  3.15553834e+00  2.87105056e+00 
 2.70914000e-09  1.65491622e+00  1.94508378e+00  3.15555455e+00  2.87107176e+00 
 2.70964000e-09  1.65479728e+00  1.94520272e+00  3.15557068e+00  2.87109311e+00 
 2.71014000e-09  1.65467977e+00  1.94532023e+00  3.15558674e+00  2.87111459e+00 
 2.71064000e-09  1.65456369e+00  1.94543631e+00  3.15560273e+00  2.87113620e+00 
 2.71114000e-09  1.65444906e+00  1.94555094e+00  3.15561864e+00  2.87115793e+00 
 2.71164000e-09  1.65433586e+00  1.94566414e+00  3.15563448e+00  2.87117980e+00 
 2.71214000e-09  1.65422409e+00  1.94577591e+00  3.15565026e+00  2.87120179e+00 
 2.71264000e-09  1.65411377e+00  1.94588623e+00  3.15566596e+00  2.87122390e+00 
 2.71314000e-09  1.65400488e+00  1.94599512e+00  3.15568160e+00  2.87124613e+00 
 2.71364000e-09  1.65389744e+00  1.94610256e+00  3.15569718e+00  2.87126848e+00 
 2.71414000e-09  1.65379143e+00  1.94620857e+00  3.15571269e+00  2.87129094e+00 
 2.71464000e-09  1.65368687e+00  1.94631313e+00  3.15572815e+00  2.87131352e+00 
 2.71514000e-09  1.65358376e+00  1.94641624e+00  3.15574354e+00  2.87133621e+00 
 2.71564000e-09  1.65348209e+00  1.94651791e+00  3.15575887e+00  2.87135900e+00 
 2.71614000e-09  1.65338186e+00  1.94661814e+00  3.15577414e+00  2.87138190e+00 
 2.71664000e-09  1.65328309e+00  1.94671691e+00  3.15578936e+00  2.87140491e+00 
 2.71714000e-09  1.65318576e+00  1.94681424e+00  3.15580452e+00  2.87142802e+00 
 2.71764000e-09  1.65308988e+00  1.94691012e+00  3.15581963e+00  2.87145123e+00 
 2.71814000e-09  1.65299545e+00  1.94700455e+00  3.15583468e+00  2.87147454e+00 
 2.71864000e-09  1.65290247e+00  1.94709753e+00  3.15584968e+00  2.87149795e+00 
 2.71914000e-09  1.65281094e+00  1.94718906e+00  3.15586463e+00  2.87152145e+00 
 2.71964000e-09  1.65272087e+00  1.94727913e+00  3.15587953e+00  2.87154505e+00 
 2.72014000e-09  1.65263225e+00  1.94736775e+00  3.15589438e+00  2.87156874e+00 
 2.72064000e-09  1.65254508e+00  1.94745492e+00  3.15590918e+00  2.87159251e+00 
 2.72114000e-09  1.65245937e+00  1.94754063e+00  3.15592394e+00  2.87161638e+00 
 2.72164000e-09  1.65237511e+00  1.94762489e+00  3.15593864e+00  2.87164034e+00 
 2.72214000e-09  1.65229231e+00  1.94770769e+00  3.15595331e+00  2.87166438e+00 
 2.72264000e-09  1.65221097e+00  1.94778903e+00  3.15596792e+00  2.87168851e+00 
 2.72314000e-09  1.65213109e+00  1.94786891e+00  3.15598249e+00  2.87171271e+00 
 2.72364000e-09  1.65205267e+00  1.94794733e+00  3.15599702e+00  2.87173700e+00 
 2.72414000e-09  1.65197571e+00  1.94802429e+00  3.15601151e+00  2.87176137e+00 
 2.72464000e-09  1.65190020e+00  1.94809980e+00  3.15602596e+00  2.87178582e+00 
 2.72514000e-09  1.65182617e+00  1.94817383e+00  3.15604036e+00  2.87181035e+00 
 2.72564000e-09  1.65175359e+00  1.94824641e+00  3.15605472e+00  2.87183495e+00 
 2.72614000e-09  1.65168247e+00  1.94831753e+00  3.15606905e+00  2.87185963e+00 
 2.72664000e-09  1.65161282e+00  1.94838718e+00  3.15608334e+00  2.87188439e+00 
 2.72714000e-09  1.65154464e+00  1.94845536e+00  3.15609758e+00  2.87190921e+00 
 2.72764000e-09  1.65147792e+00  1.94852208e+00  3.15611179e+00  2.87193411e+00 
 2.72814000e-09  1.65141266e+00  1.94858734e+00  3.15612597e+00  2.87195907e+00 
 2.72864000e-09  1.65134887e+00  1.94865113e+00  3.15614011e+00  2.87198411e+00 
 2.72914000e-09  1.65128655e+00  1.94871345e+00  3.15615421e+00  2.87200921e+00 
 2.72964000e-09  1.65122570e+00  1.94877430e+00  3.15616827e+00  2.87203438e+00 
 2.73014000e-09  1.65116632e+00  1.94883368e+00  3.15618231e+00  2.87205962e+00 
 2.73064000e-09  1.65110840e+00  1.94889160e+00  3.15619631e+00  2.87208492e+00 
 2.73114000e-09  1.65105195e+00  1.94894805e+00  3.15621027e+00  2.87211029e+00 
 2.73164000e-09  1.65099698e+00  1.94900302e+00  3.15622420e+00  2.87213572e+00 
 2.73214000e-09  1.65094347e+00  1.94905653e+00  3.15623810e+00  2.87216121e+00 
 2.73264000e-09  1.65089144e+00  1.94910856e+00  3.15625197e+00  2.87218677e+00 
 2.73314000e-09  1.65084087e+00  1.94915913e+00  3.15626581e+00  2.87221238e+00 
 2.73364000e-09  1.65079178e+00  1.94920822e+00  3.15627962e+00  2.87223805e+00 
 2.73414000e-09  1.65074416e+00  1.94925584e+00  3.15629339e+00  2.87226379e+00 
 2.73464000e-09  1.65069802e+00  1.94930198e+00  3.15630714e+00  2.87228958e+00 
 2.73514000e-09  1.65065335e+00  1.94934665e+00  3.15632085e+00  2.87231542e+00 
 2.73564000e-09  1.65061015e+00  1.94938985e+00  3.15633454e+00  2.87234133e+00 
 2.73614000e-09  1.65056842e+00  1.94943158e+00  3.15634820e+00  2.87236729e+00 
 2.73664000e-09  1.65052818e+00  1.94947182e+00  3.15636183e+00  2.87239330e+00 
 2.73714000e-09  1.65048940e+00  1.94951060e+00  3.15637543e+00  2.87241937e+00 
 2.73764000e-09  1.65045211e+00  1.94954789e+00  3.15638900e+00  2.87244549e+00 
 2.73814000e-09  1.65041628e+00  1.94958372e+00  3.15640255e+00  2.87247167e+00 
 2.73864000e-09  1.65038194e+00  1.94961806e+00  3.15641607e+00  2.87249789e+00 
 2.73914000e-09  1.65034907e+00  1.94965093e+00  3.15642956e+00  2.87252417e+00 
 2.73964000e-09  1.65031768e+00  1.94968232e+00  3.15644303e+00  2.87255050e+00 
 2.74014000e-09  1.65028776e+00  1.94971224e+00  3.15645647e+00  2.87257688e+00 
 2.74064000e-09  1.65025933e+00  1.94974067e+00  3.15646988e+00  2.87260331e+00 
 2.74114000e-09  1.65023237e+00  1.94976763e+00  3.15648327e+00  2.87262979e+00 
 2.74164000e-09  1.65020689e+00  1.94979311e+00  3.15649663e+00  2.87265632e+00 
 2.74214000e-09  1.65018288e+00  1.94981712e+00  3.15650997e+00  2.87268289e+00 
 2.74264000e-09  1.65016036e+00  1.94983964e+00  3.15652328e+00  2.87270951e+00 
 2.74314000e-09  1.65013932e+00  1.94986068e+00  3.15653657e+00  2.87273618e+00 
 2.74364000e-09  1.65011975e+00  1.94988025e+00  3.15654983e+00  2.87276290e+00 
 2.74414000e-09  1.65010166e+00  1.94989834e+00  3.15656307e+00  2.87278966e+00 
 2.74464000e-09  1.65008506e+00  1.94991494e+00  3.15657629e+00  2.87281646e+00 
 2.74514000e-09  1.65006993e+00  1.94993007e+00  3.15658948e+00  2.87284332e+00 
 2.74564000e-09  1.65005628e+00  1.94994372e+00  3.15660265e+00  2.87287021e+00 
 2.74614000e-09  1.65004411e+00  1.94995589e+00  3.15661579e+00  2.87289715e+00 
 2.74664000e-09  1.65003343e+00  1.94996657e+00  3.15662891e+00  2.87292414e+00 
 2.74714000e-09  1.65002422e+00  1.94997578e+00  3.15664201e+00  2.87295116e+00 
 2.74764000e-09  1.65001649e+00  1.94998351e+00  3.15665508e+00  2.87297823e+00 
 2.74814000e-09  1.65001024e+00  1.94998976e+00  3.15666813e+00  2.87300535e+00 
 2.74864000e-09  1.65000548e+00  1.94999452e+00  3.15668116e+00  2.87303250e+00 
 2.74914000e-09  1.65000219e+00  1.94999781e+00  3.15669416e+00  2.87305970e+00 
 2.74964000e-09  1.65000038e+00  1.94999962e+00  3.15670715e+00  2.87308693e+00 
 2.75014000e-09  1.65000006e+00  1.94999994e+00  3.15672010e+00  2.87311421e+00 
 2.75064000e-09  1.65000121e+00  1.94999879e+00  3.15673304e+00  2.87314153e+00 
 2.75114000e-09  1.65000385e+00  1.94999615e+00  3.15674596e+00  2.87316889e+00 
 2.75164000e-09  1.65000796e+00  1.94999204e+00  3.15675885e+00  2.87319629e+00 
 2.75214000e-09  1.65001356e+00  1.94998644e+00  3.15677172e+00  2.87322373e+00 
 2.75264000e-09  1.65002064e+00  1.94997936e+00  3.15678456e+00  2.87325121e+00 
 2.75314000e-09  1.65002919e+00  1.94997081e+00  3.15679739e+00  2.87327873e+00 
 2.75364000e-09  1.65003923e+00  1.94996077e+00  3.15681019e+00  2.87330629e+00 
 2.75414000e-09  1.65005075e+00  1.94994925e+00  3.15682297e+00  2.87333388e+00 
 2.75464000e-09  1.65006374e+00  1.94993626e+00  3.15683572e+00  2.87336152e+00 
 2.75514000e-09  1.65007822e+00  1.94992178e+00  3.15684846e+00  2.87338919e+00 
 2.75564000e-09  1.65009417e+00  1.94990583e+00  3.15686117e+00  2.87341690e+00 
 2.75614000e-09  1.65011161e+00  1.94988839e+00  3.15687386e+00  2.87344465e+00 
 2.75664000e-09  1.65013053e+00  1.94986947e+00  3.15688653e+00  2.87347244e+00 
 2.75714000e-09  1.65015092e+00  1.94984908e+00  3.15689917e+00  2.87350026e+00 
 2.75764000e-09  1.65017279e+00  1.94982721e+00  3.15691179e+00  2.87352812e+00 
 2.75814000e-09  1.65019614e+00  1.94980386e+00  3.15692439e+00  2.87355602e+00 
 2.75864000e-09  1.65022097e+00  1.94977903e+00  3.15693697e+00  2.87358396e+00 
 2.75914000e-09  1.65024728e+00  1.94975272e+00  3.15694952e+00  2.87361193e+00 
 2.75964000e-09  1.65027507e+00  1.94972493e+00  3.15696206e+00  2.87363994e+00 
 2.76014000e-09  1.65030433e+00  1.94969567e+00  3.15697456e+00  2.87366798e+00 
 2.76064000e-09  1.65033508e+00  1.94966492e+00  3.15698705e+00  2.87369606e+00 
 2.76114000e-09  1.65036729e+00  1.94963271e+00  3.15699951e+00  2.87372418e+00 
 2.76164000e-09  1.65040099e+00  1.94959901e+00  3.15701195e+00  2.87375233e+00 
 2.76214000e-09  1.65043616e+00  1.94956384e+00  3.15702436e+00  2.87378052e+00 
 2.76264000e-09  1.65047281e+00  1.94952719e+00  3.15703675e+00  2.87380875e+00 
 2.76314000e-09  1.65051093e+00  1.94948907e+00  3.15704912e+00  2.87383701e+00 
 2.76364000e-09  1.65055053e+00  1.94944947e+00  3.15706146e+00  2.87386531e+00 
 2.76414000e-09  1.65059161e+00  1.94940839e+00  3.15707378e+00  2.87389364e+00 
 2.76464000e-09  1.65063416e+00  1.94936584e+00  3.15708608e+00  2.87392201e+00 
 2.76514000e-09  1.65067818e+00  1.94932182e+00  3.15709835e+00  2.87395042e+00 
 2.76564000e-09  1.65072368e+00  1.94927632e+00  3.15711059e+00  2.87397886e+00 
 2.76614000e-09  1.65077065e+00  1.94922935e+00  3.15712281e+00  2.87400733e+00 
 2.76664000e-09  1.65081909e+00  1.94918091e+00  3.15713501e+00  2.87403584e+00 
 2.76714000e-09  1.65086901e+00  1.94913099e+00  3.15714718e+00  2.87406439e+00 
 2.76764000e-09  1.65092039e+00  1.94907961e+00  3.15715932e+00  2.87409297e+00 
 2.76814000e-09  1.65097325e+00  1.94902675e+00  3.15717144e+00  2.87412159e+00 
 2.76864000e-09  1.65102758e+00  1.94897242e+00  3.15718353e+00  2.87415024e+00 
 2.76914000e-09  1.65108338e+00  1.94891662e+00  3.15719560e+00  2.87417893e+00 
 2.76964000e-09  1.65114065e+00  1.94885935e+00  3.15720764e+00  2.87420766e+00 
 2.77014000e-09  1.65119939e+00  1.94880061e+00  3.15721965e+00  2.87423642e+00 
 2.77064000e-09  1.65125960e+00  1.94874040e+00  3.15723164e+00  2.87426521e+00 
 2.77114000e-09  1.65132127e+00  1.94867873e+00  3.15724360e+00  2.87429404e+00 
 2.77164000e-09  1.65138442e+00  1.94861558e+00  3.15725553e+00  2.87432291e+00 
 2.77214000e-09  1.65144902e+00  1.94855098e+00  3.15726743e+00  2.87435181e+00 
 2.77264000e-09  1.65151510e+00  1.94848490e+00  3.15727930e+00  2.87438075e+00 
 2.77314000e-09  1.65158264e+00  1.94841736e+00  3.15729114e+00  2.87440973e+00 
 2.77364000e-09  1.65165165e+00  1.94834835e+00  3.15730296e+00  2.87443874e+00 
 2.77414000e-09  1.65172212e+00  1.94827788e+00  3.15731475e+00  2.87446779e+00 
 2.77464000e-09  1.65179405e+00  1.94820595e+00  3.15732650e+00  2.87449687e+00 
 2.77514000e-09  1.65186745e+00  1.94813255e+00  3.15733823e+00  2.87452599e+00 
 2.77564000e-09  1.65194231e+00  1.94805769e+00  3.15734992e+00  2.87455515e+00 
 2.77614000e-09  1.65201863e+00  1.94798137e+00  3.15736158e+00  2.87458434e+00 
 2.77664000e-09  1.65209641e+00  1.94790359e+00  3.15737321e+00  2.87461358e+00 
 2.77714000e-09  1.65217564e+00  1.94782436e+00  3.15738481e+00  2.87464284e+00 
 2.77764000e-09  1.65225634e+00  1.94774366e+00  3.15739638e+00  2.87467215e+00 
 2.77814000e-09  1.65233850e+00  1.94766150e+00  3.15740791e+00  2.87470149e+00 
 2.77864000e-09  1.65242212e+00  1.94757788e+00  3.15741941e+00  2.87473087e+00 
 2.77914000e-09  1.65250719e+00  1.94749281e+00  3.15743088e+00  2.87476029e+00 
 2.77964000e-09  1.65259371e+00  1.94740629e+00  3.15744231e+00  2.87478975e+00 
 2.78014000e-09  1.65268169e+00  1.94731831e+00  3.15745371e+00  2.87481925e+00 
 2.78064000e-09  1.65277113e+00  1.94722887e+00  3.15746507e+00  2.87484878e+00 
 2.78114000e-09  1.65286202e+00  1.94713798e+00  3.15747639e+00  2.87487835e+00 
 2.78164000e-09  1.65295436e+00  1.94704564e+00  3.15748768e+00  2.87490797e+00 
 2.78214000e-09  1.65304815e+00  1.94695185e+00  3.15749893e+00  2.87493762e+00 
 2.78264000e-09  1.65314339e+00  1.94685661e+00  3.15751014e+00  2.87496731e+00 
 2.78314000e-09  1.65324008e+00  1.94675992e+00  3.15752131e+00  2.87499704e+00 
 2.78364000e-09  1.65333822e+00  1.94666178e+00  3.15753245e+00  2.87502681e+00 
 2.78414000e-09  1.65343781e+00  1.94656219e+00  3.15754354e+00  2.87505662e+00 
 2.78464000e-09  1.65353885e+00  1.94646115e+00  3.15755460e+00  2.87508648e+00 
 2.78514000e-09  1.65364133e+00  1.94635867e+00  3.15756561e+00  2.87511637e+00 
 2.78564000e-09  1.65374525e+00  1.94625475e+00  3.15757658e+00  2.87514631e+00 
 2.78614000e-09  1.65385062e+00  1.94614938e+00  3.15758751e+00  2.87517629e+00 
 2.78664000e-09  1.65395743e+00  1.94604257e+00  3.15759839e+00  2.87520631e+00 
 2.78714000e-09  1.65406568e+00  1.94593432e+00  3.15760923e+00  2.87523637e+00 
 2.78764000e-09  1.65417537e+00  1.94582463e+00  3.15762003e+00  2.87526648e+00 
 2.78814000e-09  1.65428650e+00  1.94571350e+00  3.15763078e+00  2.87529663e+00 
 2.78864000e-09  1.65439907e+00  1.94560093e+00  3.15764148e+00  2.87532682e+00 
 2.78914000e-09  1.65451308e+00  1.94548692e+00  3.15765214e+00  2.87535706e+00 
 2.78964000e-09  1.65462852e+00  1.94537148e+00  3.15766275e+00  2.87538735e+00 
 2.79014000e-09  1.65474540e+00  1.94525460e+00  3.15767331e+00  2.87541768e+00 
 2.79064000e-09  1.65486371e+00  1.94513629e+00  3.15768382e+00  2.87544805e+00 
 2.79114000e-09  1.65498345e+00  1.94501655e+00  3.15769427e+00  2.87547848e+00 
 2.79164000e-09  1.65510462e+00  1.94489538e+00  3.15770468e+00  2.87550895e+00 
 2.79214000e-09  1.65522723e+00  1.94477277e+00  3.15771503e+00  2.87553946e+00 
 2.79264000e-09  1.65535126e+00  1.94464874e+00  3.15772533e+00  2.87557003e+00 
 2.79314000e-09  1.65547672e+00  1.94452328e+00  3.15773558e+00  2.87560064e+00 
 2.79364000e-09  1.65560361e+00  1.94439639e+00  3.15774577e+00  2.87563131e+00 
 2.79414000e-09  1.65573192e+00  1.94426808e+00  3.15775590e+00  2.87566202e+00 
 2.79464000e-09  1.65586166e+00  1.94413834e+00  3.15776597e+00  2.87569278e+00 
 2.79514000e-09  1.65599281e+00  1.94400719e+00  3.15777599e+00  2.87572360e+00 
 2.79564000e-09  1.65612539e+00  1.94387461e+00  3.15778594e+00  2.87575447e+00 
 2.79614000e-09  1.65625939e+00  1.94374061e+00  3.15779584e+00  2.87578539e+00 
 2.79664000e-09  1.65639481e+00  1.94360519e+00  3.15780567e+00  2.87581636e+00 
 2.79714000e-09  1.65653165e+00  1.94346835e+00  3.15781543e+00  2.87584739e+00 
 2.79764000e-09  1.65666990e+00  1.94333010e+00  3.15782514e+00  2.87587847e+00 
 2.79814000e-09  1.65680957e+00  1.94319043e+00  3.15783477e+00  2.87590960e+00 
 2.79864000e-09  1.65695065e+00  1.94304935e+00  3.15784434e+00  2.87594080e+00 
 2.79914000e-09  1.65709314e+00  1.94290686e+00  3.15785384e+00  2.87597205e+00 
 2.79964000e-09  1.65723704e+00  1.94276296e+00  3.15786327e+00  2.87600336e+00 
 2.80014000e-09  1.65738235e+00  1.94261765e+00  3.15787262e+00  2.87603472e+00 
 2.80064000e-09  1.65752907e+00  1.94247093e+00  3.15788190e+00  2.87606615e+00 
 2.80114000e-09  1.65767719e+00  1.94232281e+00  3.15789111e+00  2.87609764e+00 
 2.80164000e-09  1.65782672e+00  1.94217328e+00  3.15790025e+00  2.87612919e+00 
 2.80214000e-09  1.65797766e+00  1.94202234e+00  3.15790930e+00  2.87616080e+00 
 2.80264000e-09  1.65812999e+00  1.94187001e+00  3.15791827e+00  2.87619248e+00 
 2.80314000e-09  1.65828373e+00  1.94171627e+00  3.15792717e+00  2.87622421e+00 
 2.80364000e-09  1.65843886e+00  1.94156114e+00  3.15793598e+00  2.87625602e+00 
 2.80414000e-09  1.65859539e+00  1.94140461e+00  3.15794470e+00  2.87628789e+00 
 2.80464000e-09  1.65875331e+00  1.94124669e+00  3.15795334e+00  2.87631983e+00 
 2.80514000e-09  1.65891263e+00  1.94108737e+00  3.15796190e+00  2.87635184e+00 
 2.80564000e-09  1.65907335e+00  1.94092665e+00  3.15797036e+00  2.87638392e+00 
 2.80614000e-09  1.65923545e+00  1.94076455e+00  3.15797873e+00  2.87641607e+00 
 2.80664000e-09  1.65939894e+00  1.94060106e+00  3.15798700e+00  2.87644829e+00 
 2.80714000e-09  1.65956382e+00  1.94043618e+00  3.15799518e+00  2.87648058e+00 
 2.80764000e-09  1.65973009e+00  1.94026991e+00  3.15800327e+00  2.87651295e+00 
 2.80814000e-09  1.65989774e+00  1.94010226e+00  3.15801125e+00  2.87654540e+00 
 2.80864000e-09  1.66006677e+00  1.93993323e+00  3.15801913e+00  2.87657792e+00 
 2.80914000e-09  1.66023719e+00  1.93976281e+00  3.15802691e+00  2.87661053e+00 
 2.80964000e-09  1.66040898e+00  1.93959102e+00  3.15803458e+00  2.87664321e+00 
 2.81014000e-09  1.66058215e+00  1.93941785e+00  3.15804214e+00  2.87667597e+00 
 2.81064000e-09  1.66075670e+00  1.93924330e+00  3.15804959e+00  2.87670882e+00 
 2.81114000e-09  1.66093262e+00  1.93906738e+00  3.15805693e+00  2.87674175e+00 
 2.81164000e-09  1.66110992e+00  1.93889008e+00  3.15806415e+00  2.87677477e+00 
 2.81214000e-09  1.66128858e+00  1.93871142e+00  3.15807126e+00  2.87680788e+00 
 2.81264000e-09  1.66146862e+00  1.93853138e+00  3.15807824e+00  2.87684108e+00 
 2.81314000e-09  1.66165002e+00  1.93834998e+00  3.15808510e+00  2.87687436e+00 
 2.81364000e-09  1.66183279e+00  1.93816721e+00  3.15809183e+00  2.87690774e+00 
 2.81414000e-09  1.66201692e+00  1.93798308e+00  3.15809843e+00  2.87694122e+00 
 2.81464000e-09  1.66220241e+00  1.93779759e+00  3.15810490e+00  2.87697479e+00 
 2.81514000e-09  1.66238926e+00  1.93761074e+00  3.15811124e+00  2.87700846e+00 
 2.81564000e-09  1.66257747e+00  1.93742253e+00  3.15811744e+00  2.87704224e+00 
 2.81614000e-09  1.66276704e+00  1.93723296e+00  3.15812350e+00  2.87707611e+00 
 2.81664000e-09  1.66295796e+00  1.93704204e+00  3.15812941e+00  2.87711009e+00 
 2.81714000e-09  1.66315023e+00  1.93684977e+00  3.15813518e+00  2.87714417e+00 
 2.81764000e-09  1.66334386e+00  1.93665614e+00  3.15814079e+00  2.87717837e+00 
 2.81814000e-09  1.66353883e+00  1.93646117e+00  3.15814625e+00  2.87721267e+00 
 2.81864000e-09  1.66373515e+00  1.93626485e+00  3.15815156e+00  2.87724709e+00 
 2.81914000e-09  1.66393282e+00  1.93606718e+00  3.15815670e+00  2.87728162e+00 
 2.81964000e-09  1.66413183e+00  1.93586817e+00  3.15816168e+00  2.87731627e+00 
 2.82014000e-09  1.66433217e+00  1.93566783e+00  3.15816649e+00  2.87735105e+00 
 2.82064000e-09  1.66453386e+00  1.93546614e+00  3.15817112e+00  2.87738594e+00 
 2.82114000e-09  1.66473689e+00  1.93526311e+00  3.15817558e+00  2.87742096e+00 
 2.82164000e-09  1.66494125e+00  1.93505875e+00  3.15817987e+00  2.87745611e+00 
 2.82214000e-09  1.66514694e+00  1.93485306e+00  3.15818396e+00  2.87749139e+00 
 2.82264000e-09  1.66535396e+00  1.93464604e+00  3.15818787e+00  2.87752680e+00 
 2.82314000e-09  1.66556232e+00  1.93443768e+00  3.15819159e+00  2.87756235e+00 
 2.82364000e-09  1.66577200e+00  1.93422800e+00  3.15819510e+00  2.87759804e+00 
 2.82414000e-09  1.66598300e+00  1.93401700e+00  3.15819842e+00  2.87763387e+00 
 2.82464000e-09  1.66619533e+00  1.93380467e+00  3.15820153e+00  2.87766984e+00 
 2.82514000e-09  1.66640898e+00  1.93359102e+00  3.15820443e+00  2.87770597e+00 
 2.82564000e-09  1.66662394e+00  1.93337606e+00  3.15820711e+00  2.87774224e+00 
 2.82614000e-09  1.66684022e+00  1.93315978e+00  3.15820957e+00  2.87777867e+00 
 2.82664000e-09  1.66705782e+00  1.93294218e+00  3.15821180e+00  2.87781526e+00 
 2.82714000e-09  1.66727673e+00  1.93272327e+00  3.15821380e+00  2.87785201e+00 
 2.82764000e-09  1.66749695e+00  1.93250305e+00  3.15821557e+00  2.87788893e+00 
 2.82814000e-09  1.66771848e+00  1.93228152e+00  3.15821709e+00  2.87792601e+00 
 2.82864000e-09  1.66794131e+00  1.93205869e+00  3.15821837e+00  2.87796327e+00 
 2.82914000e-09  1.66816544e+00  1.93183456e+00  3.15821939e+00  2.87800071e+00 
 2.82964000e-09  1.66839088e+00  1.93160912e+00  3.15822015e+00  2.87803832e+00 
 2.83014000e-09  1.66861761e+00  1.93138239e+00  3.15822064e+00  2.87807613e+00 
 2.83064000e-09  1.66884565e+00  1.93115435e+00  3.15822086e+00  2.87811412e+00 
 2.83114000e-09  1.66907497e+00  1.93092503e+00  3.15822080e+00  2.87815230e+00 
 2.83164000e-09  1.66930559e+00  1.93069441e+00  3.15822046e+00  2.87819068e+00 
 2.83214000e-09  1.66953750e+00  1.93046250e+00  3.15821982e+00  2.87822926e+00 
 2.83264000e-09  1.66977070e+00  1.93022930e+00  3.15821888e+00  2.87826805e+00 
 2.83314000e-09  1.67000518e+00  1.92999482e+00  3.15821764e+00  2.87830706e+00 
 2.83364000e-09  1.67024094e+00  1.92975906e+00  3.15821609e+00  2.87834627e+00 
 2.83414000e-09  1.67047799e+00  1.92952201e+00  3.15821421e+00  2.87838571e+00 
 2.83464000e-09  1.67071631e+00  1.92928369e+00  3.15821200e+00  2.87842538e+00 
 2.83514000e-09  1.67095591e+00  1.92904409e+00  3.15820946e+00  2.87846528e+00 
 2.83564000e-09  1.67119679e+00  1.92880321e+00  3.15820657e+00  2.87850541e+00 
 2.83614000e-09  1.67143893e+00  1.92856107e+00  3.15820333e+00  2.87854579e+00 
 2.83664000e-09  1.67168234e+00  1.92831766e+00  3.15819973e+00  2.87858642e+00 
 2.83714000e-09  1.67192702e+00  1.92807298e+00  3.15819575e+00  2.87862730e+00 
 2.83764000e-09  1.67217297e+00  1.92782703e+00  3.15819140e+00  2.87866844e+00 
 2.83814000e-09  1.67242017e+00  1.92757983e+00  3.15818666e+00  2.87870984e+00 
 2.83864000e-09  1.67266864e+00  1.92733136e+00  3.15818152e+00  2.87875152e+00 
 2.83914000e-09  1.67291836e+00  1.92708164e+00  3.15817598e+00  2.87879348e+00 
 2.83964000e-09  1.67316933e+00  1.92683067e+00  3.15817001e+00  2.87883573e+00 
 2.84014000e-09  1.67342156e+00  1.92657844e+00  3.15816363e+00  2.87887826e+00 
 2.84064000e-09  1.67367504e+00  1.92632496e+00  3.15815680e+00  2.87892110e+00 
 2.84114000e-09  1.67392976e+00  1.92607024e+00  3.15814952e+00  2.87896424e+00 
 2.84164000e-09  1.67418573e+00  1.92581427e+00  3.15814179e+00  2.87900770e+00 
 2.84214000e-09  1.67444294e+00  1.92555706e+00  3.15813359e+00  2.87905147e+00 
 2.84264000e-09  1.67470139e+00  1.92529861e+00  3.15812490e+00  2.87909558e+00 
 2.84314000e-09  1.67496107e+00  1.92503893e+00  3.15811572e+00  2.87914002e+00 
 2.84364000e-09  1.67522199e+00  1.92477801e+00  3.15810604e+00  2.87918481e+00 
 2.84414000e-09  1.67548414e+00  1.92451586e+00  3.15809584e+00  2.87922995e+00 
 2.84464000e-09  1.67574752e+00  1.92425248e+00  3.15808511e+00  2.87927546e+00 
 2.84514000e-09  1.67601213e+00  1.92398787e+00  3.15807384e+00  2.87932133e+00 
 2.84564000e-09  1.67627796e+00  1.92372204e+00  3.15806201e+00  2.87936758e+00 
 2.84614000e-09  1.67654501e+00  1.92345499e+00  3.15804962e+00  2.87941422e+00 
 2.84664000e-09  1.67681328e+00  1.92318672e+00  3.15803664e+00  2.87946126e+00 
 2.84714000e-09  1.67708276e+00  1.92291724e+00  3.15802306e+00  2.87950871e+00 
 2.84764000e-09  1.67735346e+00  1.92264654e+00  3.15800887e+00  2.87955657e+00 
 2.84814000e-09  1.67762537e+00  1.92237463e+00  3.15799406e+00  2.87960487e+00 
 2.84864000e-09  1.67789849e+00  1.92210151e+00  3.15797860e+00  2.87965360e+00 
 2.84914000e-09  1.67817281e+00  1.92182719e+00  3.15796249e+00  2.87970277e+00 
 2.84964000e-09  1.67844833e+00  1.92155167e+00  3.15794571e+00  2.87975241e+00 
 2.85014000e-09  1.67872505e+00  1.92127495e+00  3.15792823e+00  2.87980252e+00 
 2.85064000e-09  1.67900297e+00  1.92099703e+00  3.15791005e+00  2.87985311e+00 
 2.85114000e-09  1.67928209e+00  1.92071791e+00  3.15789115e+00  2.87990419e+00 
 2.85164000e-09  1.67956240e+00  1.92043760e+00  3.15787151e+00  2.87995578e+00 
 2.85214000e-09  1.67984389e+00  1.92015611e+00  3.15785110e+00  2.88000789e+00 
 2.85264000e-09  1.68012657e+00  1.91987343e+00  3.15782993e+00  2.88006053e+00 
 2.85314000e-09  1.68041044e+00  1.91958956e+00  3.15780795e+00  2.88011371e+00 
 2.85364000e-09  1.68069548e+00  1.91930452e+00  3.15778517e+00  2.88016745e+00 
 2.85414000e-09  1.68098170e+00  1.91901830e+00  3.15776155e+00  2.88022175e+00 
 2.85464000e-09  1.68126910e+00  1.91873090e+00  3.15773707e+00  2.88027665e+00 
 2.85514000e-09  1.68155767e+00  1.91844233e+00  3.15771172e+00  2.88033214e+00 
 2.85564000e-09  1.68184740e+00  1.91815260e+00  3.15768548e+00  2.88038824e+00 
 2.85614000e-09  1.68213831e+00  1.91786169e+00  3.15765832e+00  2.88044497e+00 
 2.85664000e-09  1.68243037e+00  1.91756963e+00  3.15763022e+00  2.88050234e+00 
 2.85714000e-09  1.68272360e+00  1.91727640e+00  3.15760116e+00  2.88056038e+00 
 2.85764000e-09  1.68301798e+00  1.91698202e+00  3.15757112e+00  2.88061908e+00 
 2.85814000e-09  1.68331352e+00  1.91668648e+00  3.15754007e+00  2.88067848e+00 
 2.85864000e-09  1.68361021e+00  1.91638979e+00  3.15750799e+00  2.88073858e+00 
 2.85914000e-09  1.68390805e+00  1.91609195e+00  3.15747485e+00  2.88079941e+00 
 2.85964000e-09  1.68420704e+00  1.91579296e+00  3.15744064e+00  2.88086098e+00 
 2.86014000e-09  1.68450716e+00  1.91549284e+00  3.15740532e+00  2.88092332e+00 
 2.86064000e-09  1.68480843e+00  1.91519157e+00  3.15736886e+00  2.88098643e+00 
 2.86114000e-09  1.68511084e+00  1.91488916e+00  3.15733126e+00  2.88105033e+00 
 2.86164000e-09  1.68541438e+00  1.91458562e+00  3.15729246e+00  2.88111505e+00 
 2.86214000e-09  1.68571904e+00  1.91428096e+00  3.15725246e+00  2.88118061e+00 
 2.86264000e-09  1.68602484e+00  1.91397516e+00  3.15721121e+00  2.88124703e+00 
 2.86314000e-09  1.68633176e+00  1.91366824e+00  3.15716870e+00  2.88131432e+00 
 2.86364000e-09  1.68663981e+00  1.91336019e+00  3.15712489e+00  2.88138250e+00 
 2.86414000e-09  1.68694897e+00  1.91305103e+00  3.15707975e+00  2.88145161e+00 
 2.86464000e-09  1.68725925e+00  1.91274075e+00  3.15703326e+00  2.88152165e+00 
 2.86514000e-09  1.68757064e+00  1.91242936e+00  3.15698537e+00  2.88159266e+00 
 2.86564000e-09  1.68788314e+00  1.91211686e+00  3.15693607e+00  2.88166465e+00 
 2.86614000e-09  1.68819675e+00  1.91180325e+00  3.15688532e+00  2.88173765e+00 
 2.86664000e-09  1.68851146e+00  1.91148854e+00  3.15683308e+00  2.88181168e+00 
 2.86714000e-09  1.68882727e+00  1.91117273e+00  3.15677932e+00  2.88188677e+00 
 2.86764000e-09  1.68914418e+00  1.91085582e+00  3.15672401e+00  2.88196294e+00 
 2.86814000e-09  1.68946218e+00  1.91053782e+00  3.15666712e+00  2.88204021e+00 
 2.86864000e-09  1.68978128e+00  1.91021872e+00  3.15660860e+00  2.88211862e+00 
 2.86914000e-09  1.69010146e+00  1.90989854e+00  3.15654843e+00  2.88219818e+00 
 2.86964000e-09  1.69042272e+00  1.90957728e+00  3.15648657e+00  2.88227893e+00 
 2.87014000e-09  1.69074507e+00  1.90925493e+00  3.15642298e+00  2.88236089e+00 
 2.87064000e-09  1.69106850e+00  1.90893150e+00  3.15635762e+00  2.88244408e+00 
 2.87114000e-09  1.69139300e+00  1.90860700e+00  3.15629046e+00  2.88252855e+00 
 2.87164000e-09  1.69171857e+00  1.90828143e+00  3.15622146e+00  2.88261431e+00 
 2.87214000e-09  1.69204521e+00  1.90795479e+00  3.15615058e+00  2.88270140e+00 
 2.87264000e-09  1.69237292e+00  1.90762708e+00  3.15607778e+00  2.88278984e+00 
 2.87314000e-09  1.69270169e+00  1.90729831e+00  3.15600302e+00  2.88287967e+00 
 2.87364000e-09  1.69303152e+00  1.90696848e+00  3.15592626e+00  2.88297091e+00 
 2.87414000e-09  1.69336240e+00  1.90663760e+00  3.15584745e+00  2.88306361e+00 
 2.87464000e-09  1.69369434e+00  1.90630566e+00  3.15576657e+00  2.88315778e+00 
 2.87514000e-09  1.69402732e+00  1.90597268e+00  3.15568356e+00  2.88325346e+00 
 2.87564000e-09  1.69436136e+00  1.90563864e+00  3.15559838e+00  2.88335069e+00 
 2.87614000e-09  1.69469643e+00  1.90530357e+00  3.15551099e+00  2.88344950e+00 
 2.87664000e-09  1.69503254e+00  1.90496746e+00  3.15542135e+00  2.88354992e+00 
 2.87714000e-09  1.69536969e+00  1.90463031e+00  3.15532942e+00  2.88365198e+00 
 2.87764000e-09  1.69570788e+00  1.90429212e+00  3.15523514e+00  2.88375573e+00 
 2.87814000e-09  1.69604709e+00  1.90395291e+00  3.15513847e+00  2.88386120e+00 
 2.87864000e-09  1.69638732e+00  1.90361268e+00  3.15503937e+00  2.88396842e+00 
 2.87914000e-09  1.69672858e+00  1.90327142e+00  3.15493780e+00  2.88407743e+00 
 2.87964000e-09  1.69707086e+00  1.90292914e+00  3.15483370e+00  2.88418827e+00 
 2.88014000e-09  1.69741416e+00  1.90258584e+00  3.15472703e+00  2.88430097e+00 
 2.88064000e-09  1.69775847e+00  1.90224153e+00  3.15461775e+00  2.88441557e+00 
 2.88114000e-09  1.69810378e+00  1.90189622e+00  3.15450581e+00  2.88453212e+00 
 2.88164000e-09  1.69845011e+00  1.90154989e+00  3.15439116e+00  2.88465065e+00 
 2.88214000e-09  1.69879743e+00  1.90120257e+00  3.15427375e+00  2.88477119e+00 
 2.88264000e-09  1.69914575e+00  1.90085425e+00  3.15415353e+00  2.88489380e+00 
 2.88314000e-09  1.69949507e+00  1.90050493e+00  3.15403047e+00  2.88501850e+00 
 2.88364000e-09  1.69984538e+00  1.90015462e+00  3.15390451e+00  2.88514535e+00 
 2.88414000e-09  1.70019668e+00  1.89980332e+00  3.15377560e+00  2.88527437e+00 
 2.88464000e-09  1.70054897e+00  1.89945103e+00  3.15364370e+00  2.88540562e+00 
 2.88514000e-09  1.70090223e+00  1.89909777e+00  3.15350875e+00  2.88553913e+00 
 2.88564000e-09  1.70125648e+00  1.89874352e+00  3.15337072e+00  2.88567495e+00 
 2.88614000e-09  1.70161170e+00  1.89838830e+00  3.15322954e+00  2.88581312e+00 
 2.88664000e-09  1.70196789e+00  1.89803211e+00  3.15308518e+00  2.88595368e+00 
 2.88714000e-09  1.70232504e+00  1.89767496e+00  3.15293759e+00  2.88609667e+00 
 2.88764000e-09  1.70268316e+00  1.89731684e+00  3.15278671e+00  2.88624214e+00 
 2.88814000e-09  1.70304225e+00  1.89695775e+00  3.15263250e+00  2.88639013e+00 
 2.88864000e-09  1.70340228e+00  1.89659772e+00  3.15247492e+00  2.88654068e+00 
 2.88914000e-09  1.70376328e+00  1.89623672e+00  3.15231392e+00  2.88669384e+00 
 2.88964000e-09  1.70412522e+00  1.89587478e+00  3.15214945e+00  2.88684965e+00 
 2.89014000e-09  1.70448811e+00  1.89551189e+00  3.15198146e+00  2.88700816e+00 
 2.89064000e-09  1.70485194e+00  1.89514806e+00  3.15180990e+00  2.88716941e+00 
 2.89114000e-09  1.70521671e+00  1.89478329e+00  3.15163474e+00  2.88733344e+00 
 2.89164000e-09  1.70558241e+00  1.89441759e+00  3.15145593e+00  2.88750031e+00 
 2.89214000e-09  1.70594905e+00  1.89405095e+00  3.15127342e+00  2.88767004e+00 
 2.89264000e-09  1.70631661e+00  1.89368339e+00  3.15108717e+00  2.88784269e+00 
 2.89314000e-09  1.70668510e+00  1.89331490e+00  3.15089713e+00  2.88801830e+00 
 2.89364000e-09  1.70705451e+00  1.89294549e+00  3.15070327e+00  2.88819692e+00 
 2.89414000e-09  1.70742484e+00  1.89257516e+00  3.15050553e+00  2.88837859e+00 
 2.89464000e-09  1.70779608e+00  1.89220392e+00  3.15030389e+00  2.88856335e+00 
 2.89514000e-09  1.70816824e+00  1.89183176e+00  3.15009829e+00  2.88875125e+00 
 2.89564000e-09  1.70854129e+00  1.89145871e+00  3.14988870e+00  2.88894233e+00 
 2.89614000e-09  1.70891526e+00  1.89108474e+00  3.14967508e+00  2.88913663e+00 
 2.89664000e-09  1.70929012e+00  1.89070988e+00  3.14945739e+00  2.88933420e+00 
 2.89714000e-09  1.70966587e+00  1.89033413e+00  3.14923559e+00  2.88953507e+00 
 2.89764000e-09  1.71004252e+00  1.88995748e+00  3.14900965e+00  2.88973930e+00 
 2.89814000e-09  1.71042005e+00  1.88957995e+00  3.14877952e+00  2.88994693e+00 
 2.89864000e-09  1.71079847e+00  1.88920153e+00  3.14854519e+00  2.89015798e+00 
 2.89914000e-09  1.71117777e+00  1.88882223e+00  3.14830660e+00  2.89037251e+00 
 2.89964000e-09  1.71155794e+00  1.88844206e+00  3.14806374e+00  2.89059056e+00 
 2.90014000e-09  1.71193899e+00  1.88806101e+00  3.14781656e+00  2.89081217e+00 
 2.90064000e-09  1.71232091e+00  1.88767909e+00  3.14756505e+00  2.89103737e+00 
 2.90114000e-09  1.71270369e+00  1.88729631e+00  3.14730916e+00  2.89126620e+00 
 2.90164000e-09  1.71308734e+00  1.88691266e+00  3.14704887e+00  2.89149871e+00 
 2.90214000e-09  1.71347184e+00  1.88652816e+00  3.14678416e+00  2.89173492e+00 
 2.90264000e-09  1.71385720e+00  1.88614280e+00  3.14651499e+00  2.89197489e+00 
 2.90314000e-09  1.71424340e+00  1.88575660e+00  3.14624135e+00  2.89221863e+00 
 2.90364000e-09  1.71463046e+00  1.88536954e+00  3.14596320e+00  2.89246619e+00 
 2.90414000e-09  1.71501835e+00  1.88498165e+00  3.14568054e+00  2.89271761e+00 
 2.90464000e-09  1.71540709e+00  1.88459291e+00  3.14539333e+00  2.89297291e+00 
 2.90514000e-09  1.71579666e+00  1.88420334e+00  3.14510157e+00  2.89323213e+00 
 2.90564000e-09  1.71618706e+00  1.88381294e+00  3.14480522e+00  2.89349530e+00 
 2.90614000e-09  1.71657828e+00  1.88342172e+00  3.14450427e+00  2.89376245e+00 
 2.90664000e-09  1.71697034e+00  1.88302966e+00  3.14419871e+00  2.89403361e+00 
 2.90714000e-09  1.71736321e+00  1.88263679e+00  3.14388853e+00  2.89430881e+00 
 2.90764000e-09  1.71775689e+00  1.88224311e+00  3.14357370e+00  2.89458808e+00 
 2.90814000e-09  1.71815139e+00  1.88184861e+00  3.14325422e+00  2.89487145e+00 
 2.90864000e-09  1.71854669e+00  1.88145331e+00  3.14293008e+00  2.89515893e+00 
 2.90914000e-09  1.71894280e+00  1.88105720e+00  3.14260127e+00  2.89545057e+00 
 2.90964000e-09  1.71933971e+00  1.88066029e+00  3.14226778e+00  2.89574637e+00 
 2.91014000e-09  1.71973742e+00  1.88026258e+00  3.14192960e+00  2.89604637e+00 
 2.91064000e-09  1.72013592e+00  1.87986408e+00  3.14158673e+00  2.89635058e+00 
 2.91114000e-09  1.72053520e+00  1.87946480e+00  3.14123917e+00  2.89665903e+00 
 2.91164000e-09  1.72093527e+00  1.87906473e+00  3.14088691e+00  2.89697174e+00 
 2.91214000e-09  1.72133612e+00  1.87866388e+00  3.14052994e+00  2.89728871e+00 
 2.91264000e-09  1.72173775e+00  1.87826225e+00  3.14016828e+00  2.89760998e+00 
 2.91314000e-09  1.72214015e+00  1.87785985e+00  3.13980192e+00  2.89793556e+00 
 2.91364000e-09  1.72254332e+00  1.87745668e+00  3.13943086e+00  2.89826545e+00 
 2.91414000e-09  1.72294725e+00  1.87705275e+00  3.13905511e+00  2.89859969e+00 
 2.91464000e-09  1.72335194e+00  1.87664806e+00  3.13867466e+00  2.89893827e+00 
 2.91514000e-09  1.72375739e+00  1.87624261e+00  3.13828953e+00  2.89928121e+00 
 2.91564000e-09  1.72416359e+00  1.87583641e+00  3.13789973e+00  2.89962852e+00 
 2.91614000e-09  1.72457054e+00  1.87542946e+00  3.13750525e+00  2.89998021e+00 
 2.91664000e-09  1.72497824e+00  1.87502176e+00  3.13710611e+00  2.90033628e+00 
 2.91714000e-09  1.72538667e+00  1.87461333e+00  3.13670232e+00  2.90069675e+00 
 2.91764000e-09  1.72579584e+00  1.87420416e+00  3.13629389e+00  2.90106162e+00 
 2.91814000e-09  1.72620575e+00  1.87379425e+00  3.13588082e+00  2.90143090e+00 
 2.91864000e-09  1.72661638e+00  1.87338362e+00  3.13546315e+00  2.90180458e+00 
 2.91914000e-09  1.72702773e+00  1.87297227e+00  3.13504087e+00  2.90218267e+00 
 2.91964000e-09  1.72743981e+00  1.87256019e+00  3.13461400e+00  2.90256517e+00 
 2.92014000e-09  1.72785260e+00  1.87214740e+00  3.13418255e+00  2.90295208e+00 
 2.92064000e-09  1.72826611e+00  1.87173389e+00  3.13374655e+00  2.90334340e+00 
 2.92114000e-09  1.72868032e+00  1.87131968e+00  3.13330601e+00  2.90373913e+00 
 2.92164000e-09  1.72909524e+00  1.87090476e+00  3.13286095e+00  2.90413926e+00 
 2.92214000e-09  1.72951085e+00  1.87048915e+00  3.13241138e+00  2.90454380e+00 
 2.92264000e-09  1.72992717e+00  1.87007283e+00  3.13195734e+00  2.90495273e+00 
 2.92314000e-09  1.73034417e+00  1.86965583e+00  3.13149882e+00  2.90536604e+00 
 2.92364000e-09  1.73076186e+00  1.86923814e+00  3.13103587e+00  2.90578374e+00 
 2.92414000e-09  1.73118023e+00  1.86881977e+00  3.13056849e+00  2.90620581e+00 
 2.92464000e-09  1.73159929e+00  1.86840071e+00  3.13009671e+00  2.90663225e+00 
 2.92514000e-09  1.73201902e+00  1.86798098e+00  3.12962056e+00  2.90706304e+00 
 2.92564000e-09  1.73243942e+00  1.86756058e+00  3.12914006e+00  2.90749817e+00 
 2.92614000e-09  1.73286048e+00  1.86713952e+00  3.12865522e+00  2.90793763e+00 
 2.92664000e-09  1.73328221e+00  1.86671779e+00  3.12816608e+00  2.90838141e+00 
 2.92714000e-09  1.73370460e+00  1.86629540e+00  3.12767266e+00  2.90882949e+00 
 2.92764000e-09  1.73412764e+00  1.86587236e+00  3.12717499e+00  2.90928187e+00 
 2.92814000e-09  1.73455133e+00  1.86544867e+00  3.12667309e+00  2.90973851e+00 
 2.92864000e-09  1.73497567e+00  1.86502433e+00  3.12616698e+00  2.91019942e+00 
 2.92914000e-09  1.73540065e+00  1.86459935e+00  3.12565670e+00  2.91066457e+00 
 2.92964000e-09  1.73582627e+00  1.86417373e+00  3.12514227e+00  2.91113394e+00 
 2.93014000e-09  1.73625252e+00  1.86374748e+00  3.12462372e+00  2.91160752e+00 
 2.93064000e-09  1.73667940e+00  1.86332060e+00  3.12410108e+00  2.91208528e+00 
 2.93114000e-09  1.73710690e+00  1.86289310e+00  3.12357438e+00  2.91256721e+00 
 2.93164000e-09  1.73753503e+00  1.86246497e+00  3.12304364e+00  2.91305329e+00 
 2.93214000e-09  1.73796377e+00  1.86203623e+00  3.12250889e+00  2.91354349e+00 
 2.93264000e-09  1.73839313e+00  1.86160687e+00  3.12197016e+00  2.91403780e+00 
 2.93314000e-09  1.73882309e+00  1.86117691e+00  3.12142749e+00  2.91453619e+00 
 2.93364000e-09  1.73925366e+00  1.86074634e+00  3.12088089e+00  2.91503864e+00 
 2.93414000e-09  1.73968482e+00  1.86031518e+00  3.12033041e+00  2.91554512e+00 
 2.93464000e-09  1.74011658e+00  1.85988342e+00  3.11977607e+00  2.91605562e+00 
 2.93514000e-09  1.74054893e+00  1.85945107e+00  3.11921790e+00  2.91657010e+00 
 2.93564000e-09  1.74098187e+00  1.85901813e+00  3.11865593e+00  2.91708855e+00 
 2.93614000e-09  1.74141539e+00  1.85858461e+00  3.11809019e+00  2.91761093e+00 
 2.93664000e-09  1.74184949e+00  1.85815051e+00  3.11752071e+00  2.91813723e+00 
 2.93714000e-09  1.74228417e+00  1.85771583e+00  3.11694753e+00  2.91866741e+00 
 2.93764000e-09  1.74271941e+00  1.85728059e+00  3.11637068e+00  2.91920146e+00 
 2.93814000e-09  1.74315522e+00  1.85684478e+00  3.11579018e+00  2.91973933e+00 
 2.93864000e-09  1.74359159e+00  1.85640841e+00  3.11520606e+00  2.92028102e+00 
 2.93914000e-09  1.74402851e+00  1.85597149e+00  3.11461837e+00  2.92082648e+00 
 2.93964000e-09  1.74446599e+00  1.85553401e+00  3.11402712e+00  2.92137569e+00 
 2.94014000e-09  1.74490402e+00  1.85509598e+00  3.11343235e+00  2.92192862e+00 
 2.94064000e-09  1.74534259e+00  1.85465741e+00  3.11283410e+00  2.92248525e+00 
 2.94114000e-09  1.74578170e+00  1.85421830e+00  3.11223239e+00  2.92304555e+00 
 2.94164000e-09  1.74622134e+00  1.85377866e+00  3.11162725e+00  2.92360948e+00 
 2.94214000e-09  1.74666152e+00  1.85333848e+00  3.11101873e+00  2.92417702e+00 
 2.94264000e-09  1.74710222e+00  1.85289778e+00  3.11040683e+00  2.92474813e+00 
 2.94314000e-09  1.74754345e+00  1.85245655e+00  3.10979161e+00  2.92532280e+00 
 2.94364000e-09  1.74798519e+00  1.85201481e+00  3.10917309e+00  2.92590098e+00 
 2.94414000e-09  1.74842744e+00  1.85157256e+00  3.10855130e+00  2.92648265e+00 
 2.94464000e-09  1.74887021e+00  1.85112979e+00  3.10792628e+00  2.92706779e+00 
 2.94514000e-09  1.74931348e+00  1.85068652e+00  3.10729805e+00  2.92765634e+00 
 2.94564000e-09  1.74975725e+00  1.85024275e+00  3.10666665e+00  2.92824830e+00 
 2.94614000e-09  1.75020151e+00  1.84979849e+00  3.10603210e+00  2.92884363e+00 
 2.94664000e-09  1.75064627e+00  1.84935373e+00  3.10539445e+00  2.92944229e+00 
 2.94714000e-09  1.75109151e+00  1.84890849e+00  3.10475371e+00  2.93004426e+00 
 2.94764000e-09  1.75153724e+00  1.84846276e+00  3.10410993e+00  2.93064950e+00 
 2.94814000e-09  1.75198344e+00  1.84801656e+00  3.10346313e+00  2.93125798e+00 
 2.94864000e-09  1.75243012e+00  1.84756988e+00  3.10281334e+00  2.93186968e+00 
 2.94914000e-09  1.75287727e+00  1.84712273e+00  3.10216060e+00  2.93248456e+00 
 2.94964000e-09  1.75332488e+00  1.84667512e+00  3.10150493e+00  2.93310260e+00 
 2.95014000e-09  1.75377296e+00  1.84622704e+00  3.10084638e+00  2.93372375e+00 
 2.95064000e-09  1.75422149e+00  1.84577851e+00  3.10018495e+00  2.93434799e+00 
 2.95114000e-09  1.75467047e+00  1.84532953e+00  3.09952070e+00  2.93497529e+00 
 2.95164000e-09  1.75511990e+00  1.84488010e+00  3.09885365e+00  2.93560561e+00 
 2.95214000e-09  1.75556977e+00  1.84443023e+00  3.09818382e+00  2.93623893e+00 
 2.95264000e-09  1.75602008e+00  1.84397992e+00  3.09751126e+00  2.93687521e+00 
 2.95314000e-09  1.75647083e+00  1.84352917e+00  3.09683598e+00  2.93751442e+00 
 2.95364000e-09  1.75692200e+00  1.84307800e+00  3.09615803e+00  2.93815653e+00 
 2.95414000e-09  1.75737360e+00  1.84262640e+00  3.09547743e+00  2.93880152e+00 
 2.95464000e-09  1.75782562e+00  1.84217438e+00  3.09479420e+00  2.93944934e+00 
 2.95514000e-09  1.75827806e+00  1.84172194e+00  3.09410839e+00  2.94009996e+00 
 2.95564000e-09  1.75873091e+00  1.84126909e+00  3.09342002e+00  2.94075337e+00 
 2.95614000e-09  1.75918416e+00  1.84081584e+00  3.09272912e+00  2.94140951e+00 
 2.95664000e-09  1.75963782e+00  1.84036218e+00  3.09203572e+00  2.94206837e+00 
 2.95714000e-09  1.76009188e+00  1.83990812e+00  3.09133985e+00  2.94272992e+00 
 2.95764000e-09  1.76054633e+00  1.83945367e+00  3.09064153e+00  2.94339411e+00 
 2.95814000e-09  1.76100117e+00  1.83899883e+00  3.08994081e+00  2.94406092e+00 
 2.95864000e-09  1.76145639e+00  1.83854361e+00  3.08923770e+00  2.94473032e+00 
 2.95914000e-09  1.76191200e+00  1.83808800e+00  3.08853224e+00  2.94540228e+00 
 2.95964000e-09  1.76236798e+00  1.83763202e+00  3.08782445e+00  2.94607677e+00 
 2.96014000e-09  1.76282433e+00  1.83717567e+00  3.08711437e+00  2.94675375e+00 
 2.96064000e-09  1.76328105e+00  1.83671895e+00  3.08640203e+00  2.94743320e+00 
 2.96114000e-09  1.76373813e+00  1.83626187e+00  3.08568744e+00  2.94811508e+00 
 2.96164000e-09  1.76419557e+00  1.83580443e+00  3.08497065e+00  2.94879937e+00 
 2.96214000e-09  1.76465337e+00  1.83534663e+00  3.08425167e+00  2.94948603e+00 
 2.96264000e-09  1.76511151e+00  1.83488849e+00  3.08353054e+00  2.95017503e+00 
 2.96314000e-09  1.76557000e+00  1.83443000e+00  3.08280729e+00  2.95086635e+00 
 2.96364000e-09  1.76602882e+00  1.83397118e+00  3.08208194e+00  2.95155995e+00 
 2.96414000e-09  1.76648798e+00  1.83351202e+00  3.08135453e+00  2.95225580e+00 
 2.96464000e-09  1.76694748e+00  1.83305252e+00  3.08062507e+00  2.95295387e+00 
 2.96514000e-09  1.76740730e+00  1.83259270e+00  3.07989360e+00  2.95365414e+00 
 2.96564000e-09  1.76786744e+00  1.83213256e+00  3.07916015e+00  2.95435656e+00 
 2.96614000e-09  1.76832789e+00  1.83167211e+00  3.07842474e+00  2.95506112e+00 
 2.96664000e-09  1.76878866e+00  1.83121134e+00  3.07768740e+00  2.95576778e+00 
 2.96714000e-09  1.76924974e+00  1.83075026e+00  3.07694816e+00  2.95647652e+00 
 2.96764000e-09  1.76971112e+00  1.83028888e+00  3.07620705e+00  2.95718729e+00 
 2.96814000e-09  1.77017280e+00  1.82982720e+00  3.07546409e+00  2.95790008e+00 
 2.96864000e-09  1.77063478e+00  1.82936522e+00  3.07471930e+00  2.95861486e+00 
 2.96914000e-09  1.77109704e+00  1.82890296e+00  3.07397273e+00  2.95933158e+00 
 2.96964000e-09  1.77155959e+00  1.82844041e+00  3.07322439e+00  2.96005024e+00 
 2.97014000e-09  1.77202242e+00  1.82797758e+00  3.07247431e+00  2.96077079e+00 
 2.97064000e-09  1.77248553e+00  1.82751447e+00  3.07172252e+00  2.96149320e+00 
 2.97114000e-09  1.77294891e+00  1.82705109e+00  3.07096904e+00  2.96221745e+00 
 2.97164000e-09  1.77341255e+00  1.82658745e+00  3.07021390e+00  2.96294351e+00 
 2.97214000e-09  1.77387646e+00  1.82612354e+00  3.06945714e+00  2.96367135e+00 
 2.97264000e-09  1.77434063e+00  1.82565937e+00  3.06869876e+00  2.96440095e+00 
 2.97314000e-09  1.77480505e+00  1.82519495e+00  3.06793881e+00  2.96513226e+00 
 2.97364000e-09  1.77526971e+00  1.82473029e+00  3.06717730e+00  2.96586527e+00 
 2.97414000e-09  1.77573462e+00  1.82426538e+00  3.06641426e+00  2.96659994e+00 
 2.97464000e-09  1.77619978e+00  1.82380022e+00  3.06564972e+00  2.96733625e+00 
 2.97514000e-09  1.77666516e+00  1.82333484e+00  3.06488371e+00  2.96807417e+00 
 2.97564000e-09  1.77713078e+00  1.82286922e+00  3.06411625e+00  2.96881366e+00 
 2.97614000e-09  1.77759662e+00  1.82240338e+00  3.06334737e+00  2.96955471e+00 
 2.97664000e-09  1.77806268e+00  1.82193732e+00  3.06257708e+00  2.97029729e+00 
 2.97714000e-09  1.77852896e+00  1.82147104e+00  3.06180543e+00  2.97104136e+00 
 2.97764000e-09  1.77899545e+00  1.82100455e+00  3.06103242e+00  2.97178689e+00 
 2.97814000e-09  1.77946215e+00  1.82053785e+00  3.06025810e+00  2.97253387e+00 
 2.97864000e-09  1.77992905e+00  1.82007095e+00  3.05948248e+00  2.97328226e+00 
 2.97914000e-09  1.78039615e+00  1.81960385e+00  3.05870559e+00  2.97403204e+00 
 2.97964000e-09  1.78086345e+00  1.81913655e+00  3.05792746e+00  2.97478317e+00 
 2.98014000e-09  1.78133093e+00  1.81866907e+00  3.05714810e+00  2.97553563e+00 
 2.98064000e-09  1.78179859e+00  1.81820141e+00  3.05636755e+00  2.97628940e+00 
 2.98114000e-09  1.78226644e+00  1.81773356e+00  3.05558583e+00  2.97704444e+00 
 2.98164000e-09  1.78273446e+00  1.81726554e+00  3.05480297e+00  2.97780073e+00 
 2.98214000e-09  1.78320265e+00  1.81679735e+00  3.05401899e+00  2.97855824e+00 
 2.98264000e-09  1.78367101e+00  1.81632899e+00  3.05323391e+00  2.97931694e+00 
 2.98314000e-09  1.78413953e+00  1.81586047e+00  3.05244776e+00  2.98007682e+00 
 2.98364000e-09  1.78460820e+00  1.81539180e+00  3.05166057e+00  2.98083783e+00 
 2.98414000e-09  1.78507703e+00  1.81492297e+00  3.05087235e+00  2.98159996e+00 
 2.98464000e-09  1.78554600e+00  1.81445400e+00  3.05008314e+00  2.98236317e+00 
 2.98514000e-09  1.78601512e+00  1.81398488e+00  3.04929296e+00  2.98312745e+00 
 2.98564000e-09  1.78648437e+00  1.81351563e+00  3.04850184e+00  2.98389276e+00 
 2.98614000e-09  1.78695376e+00  1.81304624e+00  3.04770979e+00  2.98465908e+00 
 2.98664000e-09  1.78742328e+00  1.81257672e+00  3.04691684e+00  2.98542638e+00 
 2.98714000e-09  1.78789292e+00  1.81210708e+00  3.04612302e+00  2.98619463e+00 
 2.98764000e-09  1.78836268e+00  1.81163732e+00  3.04532836e+00  2.98696382e+00 
 2.98814000e-09  1.78883256e+00  1.81116744e+00  3.04453287e+00  2.98773391e+00 
 2.98864000e-09  1.78930254e+00  1.81069746e+00  3.04373658e+00  2.98850489e+00 
 2.98914000e-09  1.78977263e+00  1.81022737e+00  3.04293951e+00  2.98927671e+00 
 2.98964000e-09  1.79024282e+00  1.80975718e+00  3.04214169e+00  2.99004936e+00 
 2.99014000e-09  1.79071311e+00  1.80928689e+00  3.04134315e+00  2.99082282e+00 
 2.99064000e-09  1.79118349e+00  1.80881651e+00  3.04054391e+00  2.99159705e+00 
 2.99114000e-09  1.79165396e+00  1.80834604e+00  3.03974399e+00  2.99237204e+00 
 2.99164000e-09  1.79212451e+00  1.80787549e+00  3.03894342e+00  2.99314775e+00 
 2.99214000e-09  1.79259514e+00  1.80740486e+00  3.03814222e+00  2.99392416e+00 
 2.99264000e-09  1.79306584e+00  1.80693416e+00  3.03734041e+00  2.99470126e+00 
 2.99314000e-09  1.79353660e+00  1.80646340e+00  3.03653803e+00  2.99547901e+00 
 2.99364000e-09  1.79400744e+00  1.80599256e+00  3.03573510e+00  2.99625739e+00 
 2.99414000e-09  1.79447833e+00  1.80552167e+00  3.03493163e+00  2.99703637e+00 
 2.99464000e-09  1.79494927e+00  1.80505073e+00  3.03412767e+00  2.99781594e+00 
 2.99514000e-09  1.79542027e+00  1.80457973e+00  3.03332322e+00  2.99859606e+00 
 2.99564000e-09  1.79589131e+00  1.80410869e+00  3.03251832e+00  2.99937672e+00 
 2.99614000e-09  1.79636239e+00  1.80363761e+00  3.03171300e+00  3.00015789e+00 
 2.99664000e-09  1.79683351e+00  1.80316649e+00  3.03090727e+00  3.00093956e+00 
 2.99714000e-09  1.79730466e+00  1.80269534e+00  3.03010117e+00  3.00172169e+00 
 2.99764000e-09  1.79777583e+00  1.80222417e+00  3.02929472e+00  3.00250426e+00 
 2.99814000e-09  1.79824703e+00  1.80175297e+00  3.02848795e+00  3.00328726e+00 
 2.99864000e-09  1.79871825e+00  1.80128175e+00  3.02768089e+00  3.00407066e+00 
 2.99914000e-09  1.79918947e+00  1.80081053e+00  3.02687356e+00  3.00485444e+00 
 2.99964000e-09  1.79966071e+00  1.80033929e+00  3.02606598e+00  3.00563858e+00 
 3.00014000e-09  1.80013195e+00  1.79986805e+00  3.02525820e+00  3.00642306e+00 
 3.00064000e-09  1.80060318e+00  1.79939682e+00  3.02445023e+00  3.00720785e+00 
 3.00114000e-09  1.80107442e+00  1.79892558e+00  3.02364210e+00  3.00799294e+00 
 3.00164000e-09  1.80154564e+00  1.79845436e+00  3.02283385e+00  3.00877831e+00 
 3.00214000e-09  1.80201684e+00  1.79798316e+00  3.02202549e+00  3.00956394e+00 
 3.00264000e-09  1.80248803e+00  1.79751197e+00  3.02121707e+00  3.01034980e+00 
 3.00314000e-09  1.80295919e+00  1.79704081e+00  3.02040860e+00  3.01113588e+00 
 3.00364000e-09  1.80343032e+00  1.79656968e+00  3.01960011e+00  3.01192215e+00 
 3.00414000e-09  1.80390142e+00  1.79609858e+00  3.01879163e+00  3.01270860e+00 
 3.00464000e-09  1.80437248e+00  1.79562752e+00  3.01798320e+00  3.01349520e+00 
 3.00514000e-09  1.80484349e+00  1.79515651e+00  3.01717482e+00  3.01428193e+00 
 3.00564000e-09  1.80531446e+00  1.79468554e+00  3.01636653e+00  3.01506878e+00 
 3.00614000e-09  1.80578538e+00  1.79421462e+00  3.01555836e+00  3.01585570e+00 
 3.00664000e-09  1.80625624e+00  1.79374376e+00  3.01475032e+00  3.01664269e+00 
 3.00714000e-09  1.80672703e+00  1.79327297e+00  3.01394243e+00  3.01742971e+00 
 3.00764000e-09  1.80719777e+00  1.79280223e+00  3.01313473e+00  3.01821674e+00 
 3.00814000e-09  1.80766843e+00  1.79233157e+00  3.01232721e+00  3.01900375e+00 
 3.00864000e-09  1.80813901e+00  1.79186099e+00  3.01151991e+00  3.01979071e+00 
 3.00914000e-09  1.80860951e+00  1.79139049e+00  3.01071284e+00  3.02057759e+00 
 3.00964000e-09  1.80907993e+00  1.79092007e+00  3.00990601e+00  3.02136435e+00 
 3.01014000e-09  1.80955026e+00  1.79044974e+00  3.00909944e+00  3.02215098e+00 
 3.01064000e-09  1.81002050e+00  1.78997950e+00  3.00829314e+00  3.02293743e+00 
 3.01114000e-09  1.81049063e+00  1.78950937e+00  3.00748712e+00  3.02372368e+00 
 3.01164000e-09  1.81096066e+00  1.78903934e+00  3.00668140e+00  3.02450967e+00 
 3.01214000e-09  1.81143059e+00  1.78856941e+00  3.00587600e+00  3.02529540e+00 
 3.01264000e-09  1.81190040e+00  1.78809960e+00  3.00507091e+00  3.02608081e+00 
 3.01314000e-09  1.81237009e+00  1.78762991e+00  3.00426616e+00  3.02686587e+00 
 3.01364000e-09  1.81283967e+00  1.78716033e+00  3.00346175e+00  3.02765055e+00 
 3.01414000e-09  1.81330911e+00  1.78669089e+00  3.00265770e+00  3.02843482e+00 
 3.01464000e-09  1.81377842e+00  1.78622158e+00  3.00185402e+00  3.02921863e+00 
 3.01514000e-09  1.81424760e+00  1.78575240e+00  3.00105073e+00  3.03000196e+00 
 3.01564000e-09  1.81471664e+00  1.78528336e+00  3.00024784e+00  3.03078478e+00 
 3.01614000e-09  1.81518553e+00  1.78481447e+00  2.99944536e+00  3.03156705e+00 
 3.01664000e-09  1.81565427e+00  1.78434573e+00  2.99864331e+00  3.03234873e+00 
 3.01714000e-09  1.81612286e+00  1.78387714e+00  2.99784170e+00  3.03312981e+00 
 3.01764000e-09  1.81659129e+00  1.78340871e+00  2.99704056e+00  3.03391024e+00 
 3.01814000e-09  1.81705956e+00  1.78294044e+00  2.99623990e+00  3.03469000e+00 
 3.01864000e-09  1.81752765e+00  1.78247235e+00  2.99543974e+00  3.03546905e+00 
 3.01914000e-09  1.81799557e+00  1.78200443e+00  2.99464010e+00  3.03624738e+00 
 3.01964000e-09  1.81846332e+00  1.78153668e+00  2.99384100e+00  3.03702495e+00 
 3.02014000e-09  1.81893088e+00  1.78106912e+00  2.99304246e+00  3.03780174e+00 
 3.02064000e-09  1.81939826e+00  1.78060174e+00  2.99224450e+00  3.03857772e+00 
 3.02114000e-09  1.81986545e+00  1.78013455e+00  2.99144714e+00  3.03935285e+00 
 3.02164000e-09  1.82033244e+00  1.77966756e+00  2.99065041e+00  3.04012713e+00 
 3.02214000e-09  1.82079922e+00  1.77920078e+00  2.98985433e+00  3.04090052e+00 
 3.02264000e-09  1.82126581e+00  1.77873419e+00  2.98905893e+00  3.04167300e+00 
 3.02314000e-09  1.82173218e+00  1.77826782e+00  2.98826422e+00  3.04244454e+00 
 3.02364000e-09  1.82219834e+00  1.77780166e+00  2.98747023e+00  3.04321513e+00 
 3.02414000e-09  1.82266428e+00  1.77733572e+00  2.98667699e+00  3.04398473e+00 
 3.02464000e-09  1.82313000e+00  1.77687000e+00  2.98588452e+00  3.04475333e+00 
 3.02514000e-09  1.82359548e+00  1.77640452e+00  2.98509285e+00  3.04552089e+00 
 3.02564000e-09  1.82406074e+00  1.77593926e+00  2.98430201e+00  3.04628741e+00 
 3.02614000e-09  1.82452576e+00  1.77547424e+00  2.98351201e+00  3.04705285e+00 
 3.02664000e-09  1.82499053e+00  1.77500947e+00  2.98272289e+00  3.04781720e+00 
 3.02714000e-09  1.82545506e+00  1.77454494e+00  2.98193467e+00  3.04858043e+00 
 3.02764000e-09  1.82591934e+00  1.77408066e+00  2.98114737e+00  3.04934251e+00 
 3.02814000e-09  1.82638336e+00  1.77361664e+00  2.98036103e+00  3.05010344e+00 
 3.02864000e-09  1.82684712e+00  1.77315288e+00  2.97957568e+00  3.05086318e+00 
 3.02914000e-09  1.82731062e+00  1.77268938e+00  2.97879133e+00  3.05162171e+00 
 3.02964000e-09  1.82777384e+00  1.77222616e+00  2.97800801e+00  3.05237901e+00 
 3.03014000e-09  1.82823680e+00  1.77176320e+00  2.97722575e+00  3.05313506e+00 
 3.03064000e-09  1.82869947e+00  1.77130053e+00  2.97644459e+00  3.05388983e+00 
 3.03114000e-09  1.82916186e+00  1.77083814e+00  2.97566453e+00  3.05464331e+00 
 3.03164000e-09  1.82962396e+00  1.77037604e+00  2.97488562e+00  3.05539546e+00 
 3.03214000e-09  1.83008577e+00  1.76991423e+00  2.97410788e+00  3.05614628e+00 
 3.03264000e-09  1.83054729e+00  1.76945271e+00  2.97333133e+00  3.05689572e+00 
 3.03314000e-09  1.83100850e+00  1.76899150e+00  2.97255600e+00  3.05764379e+00 
 3.03364000e-09  1.83146941e+00  1.76853059e+00  2.97178192e+00  3.05839044e+00 
 3.03414000e-09  1.83193000e+00  1.76807000e+00  2.97100911e+00  3.05913565e+00 
 3.03464000e-09  1.83239028e+00  1.76760972e+00  2.97023760e+00  3.05987941e+00 
 3.03514000e-09  1.83285024e+00  1.76714976e+00  2.96946742e+00  3.06062169e+00 
 3.03564000e-09  1.83330988e+00  1.76669012e+00  2.96869860e+00  3.06136246e+00 
 3.03614000e-09  1.83376919e+00  1.76623081e+00  2.96793116e+00  3.06210171e+00 
 3.03664000e-09  1.83422816e+00  1.76577184e+00  2.96716512e+00  3.06283940e+00 
 3.03714000e-09  1.83468680e+00  1.76531320e+00  2.96640052e+00  3.06357552e+00 
 3.03764000e-09  1.83514509e+00  1.76485491e+00  2.96563738e+00  3.06431004e+00 
 3.03814000e-09  1.83560304e+00  1.76439696e+00  2.96487572e+00  3.06504293e+00 
 3.03864000e-09  1.83606064e+00  1.76393936e+00  2.96411558e+00  3.06577418e+00 
 3.03914000e-09  1.83651788e+00  1.76348212e+00  2.96335698e+00  3.06650375e+00 
 3.03964000e-09  1.83697476e+00  1.76302524e+00  2.96259994e+00  3.06723163e+00 
 3.04014000e-09  1.83743127e+00  1.76256873e+00  2.96184449e+00  3.06795778e+00 
 3.04064000e-09  1.83788742e+00  1.76211258e+00  2.96109067e+00  3.06868219e+00 
 3.04114000e-09  1.83834319e+00  1.76165681e+00  2.96033848e+00  3.06940482e+00 
 3.04164000e-09  1.83879858e+00  1.76120142e+00  2.95958797e+00  3.07012566e+00 
 3.04214000e-09  1.83925359e+00  1.76074641e+00  2.95883916e+00  3.07084467e+00 
 3.04264000e-09  1.83970821e+00  1.76029179e+00  2.95809207e+00  3.07156184e+00 
 3.04314000e-09  1.84016244e+00  1.75983756e+00  2.95734673e+00  3.07227713e+00 
 3.04364000e-09  1.84061628e+00  1.75938372e+00  2.95660316e+00  3.07299053e+00 
 3.04414000e-09  1.84106971e+00  1.75893029e+00  2.95586140e+00  3.07370200e+00 
 3.04464000e-09  1.84152274e+00  1.75847726e+00  2.95512147e+00  3.07441152e+00 
 3.04514000e-09  1.84197536e+00  1.75802464e+00  2.95438339e+00  3.07511906e+00 
 3.04564000e-09  1.84242756e+00  1.75757244e+00  2.95364719e+00  3.07582460e+00 
 3.04614000e-09  1.84287935e+00  1.75712065e+00  2.95291290e+00  3.07652811e+00 
 3.04664000e-09  1.84333071e+00  1.75666929e+00  2.95218054e+00  3.07722957e+00 
 3.04714000e-09  1.84378164e+00  1.75621836e+00  2.95145014e+00  3.07792894e+00 
 3.04764000e-09  1.84423215e+00  1.75576785e+00  2.95072173e+00  3.07862621e+00 
 3.04814000e-09  1.84468221e+00  1.75531779e+00  2.94999533e+00  3.07932134e+00 
 3.04864000e-09  1.84513184e+00  1.75486816e+00  2.94927097e+00  3.08001430e+00 
 3.04914000e-09  1.84558102e+00  1.75441898e+00  2.94854868e+00  3.08070509e+00 
 3.04964000e-09  1.84602974e+00  1.75397026e+00  2.94782847e+00  3.08139365e+00 
 3.05014000e-09  1.84647802e+00  1.75352198e+00  2.94711039e+00  3.08207997e+00 
 3.05064000e-09  1.84692584e+00  1.75307416e+00  2.94639445e+00  3.08276403e+00 
 3.05114000e-09  1.84737319e+00  1.75262681e+00  2.94568068e+00  3.08344578e+00 
 3.05164000e-09  1.84782008e+00  1.75217992e+00  2.94496910e+00  3.08412522e+00 
 3.05214000e-09  1.84826649e+00  1.75173351e+00  2.94425975e+00  3.08480230e+00 
 3.05264000e-09  1.84871243e+00  1.75128757e+00  2.94355265e+00  3.08547701e+00 
 3.05314000e-09  1.84915788e+00  1.75084212e+00  2.94284783e+00  3.08614930e+00 
 3.05364000e-09  1.84960286e+00  1.75039714e+00  2.94214530e+00  3.08681917e+00 
 3.05414000e-09  1.85004734e+00  1.74995266e+00  2.94144511e+00  3.08748658e+00 
 3.05464000e-09  1.85049133e+00  1.74950867e+00  2.94074728e+00  3.08815149e+00 
 3.05514000e-09  1.85093481e+00  1.74906519e+00  2.94005182e+00  3.08881390e+00 
 3.05564000e-09  1.85137780e+00  1.74862220e+00  2.93935878e+00  3.08947375e+00 
 3.05614000e-09  1.85182028e+00  1.74817972e+00  2.93866817e+00  3.09013104e+00 
 3.05664000e-09  1.85226225e+00  1.74773775e+00  2.93798002e+00  3.09078573e+00 
 3.05714000e-09  1.85270370e+00  1.74729630e+00  2.93729436e+00  3.09143779e+00 
 3.05764000e-09  1.85314463e+00  1.74685537e+00  2.93661121e+00  3.09208720e+00 
 3.05814000e-09  1.85358504e+00  1.74641496e+00  2.93593061e+00  3.09273393e+00 
 3.05864000e-09  1.85402492e+00  1.74597508e+00  2.93525257e+00  3.09337794e+00 
 3.05914000e-09  1.85446427e+00  1.74553573e+00  2.93457714e+00  3.09401922e+00 
 3.05964000e-09  1.85490308e+00  1.74509692e+00  2.93390432e+00  3.09465773e+00 
 3.06014000e-09  1.85534134e+00  1.74465866e+00  2.93323415e+00  3.09529345e+00 
 3.06064000e-09  1.85577906e+00  1.74422094e+00  2.93256665e+00  3.09592635e+00 
 3.06114000e-09  1.85621623e+00  1.74378377e+00  2.93190186e+00  3.09655640e+00 
 3.06164000e-09  1.85665285e+00  1.74334715e+00  2.93123979e+00  3.09718357e+00 
 3.06214000e-09  1.85708890e+00  1.74291110e+00  2.93058048e+00  3.09780784e+00 
 3.06264000e-09  1.85752440e+00  1.74247560e+00  2.92992395e+00  3.09842918e+00 
 3.06314000e-09  1.85795932e+00  1.74204068e+00  2.92927023e+00  3.09904755e+00 
 3.06364000e-09  1.85839367e+00  1.74160633e+00  2.92861934e+00  3.09966294e+00 
 3.06414000e-09  1.85882745e+00  1.74117255e+00  2.92797131e+00  3.10027532e+00 
 3.06464000e-09  1.85926064e+00  1.74073936e+00  2.92732617e+00  3.10088465e+00 
 3.06514000e-09  1.85969326e+00  1.74030674e+00  2.92668395e+00  3.10149091e+00 
 3.06564000e-09  1.86012528e+00  1.73987472e+00  2.92604466e+00  3.10209407e+00 
 3.06614000e-09  1.86055671e+00  1.73944329e+00  2.92540834e+00  3.10269410e+00 
 3.06664000e-09  1.86098754e+00  1.73901246e+00  2.92477501e+00  3.10329099e+00 
 3.06714000e-09  1.86141776e+00  1.73858224e+00  2.92414470e+00  3.10388469e+00 
 3.06764000e-09  1.86184739e+00  1.73815261e+00  2.92351744e+00  3.10447519e+00 
 3.06814000e-09  1.86227640e+00  1.73772360e+00  2.92289325e+00  3.10506246e+00 
 3.06864000e-09  1.86270480e+00  1.73729520e+00  2.92227216e+00  3.10564646e+00 
 3.06914000e-09  1.86313257e+00  1.73686743e+00  2.92165419e+00  3.10622718e+00 
 3.06964000e-09  1.86355973e+00  1.73644027e+00  2.92103937e+00  3.10680458e+00 
 3.07014000e-09  1.86398626e+00  1.73601374e+00  2.92042773e+00  3.10737864e+00 
 3.07064000e-09  1.86441215e+00  1.73558785e+00  2.91981929e+00  3.10794934e+00 
 3.07114000e-09  1.86483742e+00  1.73516258e+00  2.91921407e+00  3.10851664e+00 
 3.07164000e-09  1.86526204e+00  1.73473796e+00  2.91861211e+00  3.10908053e+00 
 3.07214000e-09  1.86568601e+00  1.73431399e+00  2.91801343e+00  3.10964097e+00 
 3.07264000e-09  1.86610934e+00  1.73389066e+00  2.91741805e+00  3.11019794e+00 
 3.07314000e-09  1.86653202e+00  1.73346798e+00  2.91682600e+00  3.11075142e+00 
 3.07364000e-09  1.86695404e+00  1.73304596e+00  2.91623730e+00  3.11130138e+00 
 3.07414000e-09  1.86737540e+00  1.73262460e+00  2.91565199e+00  3.11184779e+00 
 3.07464000e-09  1.86779609e+00  1.73220391e+00  2.91507008e+00  3.11239063e+00 
 3.07514000e-09  1.86821611e+00  1.73178389e+00  2.91449159e+00  3.11292988e+00 
 3.07564000e-09  1.86863547e+00  1.73136453e+00  2.91391656e+00  3.11346551e+00 
 3.07614000e-09  1.86905414e+00  1.73094586e+00  2.91334501e+00  3.11399750e+00 
 3.07664000e-09  1.86947213e+00  1.73052787e+00  2.91277696e+00  3.11452582e+00 
 3.07714000e-09  1.86988944e+00  1.73011056e+00  2.91221244e+00  3.11505046e+00 
 3.07764000e-09  1.87030606e+00  1.72969394e+00  2.91165146e+00  3.11557138e+00 
 3.07814000e-09  1.87072198e+00  1.72927802e+00  2.91109406e+00  3.11608857e+00 
 3.07864000e-09  1.87113720e+00  1.72886280e+00  2.91054026e+00  3.11660201e+00 
 3.07914000e-09  1.87155173e+00  1.72844827e+00  2.90999008e+00  3.11711166e+00 
 3.07964000e-09  1.87196554e+00  1.72803446e+00  2.90944354e+00  3.11761752e+00 
 3.08014000e-09  1.87237865e+00  1.72762135e+00  2.90890067e+00  3.11811955e+00 
 3.08064000e-09  1.87279104e+00  1.72720896e+00  2.90836148e+00  3.11861775e+00 
 3.08114000e-09  1.87320271e+00  1.72679729e+00  2.90782601e+00  3.11911208e+00 
 3.08164000e-09  1.87361367e+00  1.72638633e+00  2.90729426e+00  3.11960253e+00 
 3.08214000e-09  1.87402389e+00  1.72597611e+00  2.90676628e+00  3.12008909e+00 
 3.08264000e-09  1.87443338e+00  1.72556662e+00  2.90624206e+00  3.12057172e+00 
 3.08314000e-09  1.87484214e+00  1.72515786e+00  2.90572165e+00  3.12105041e+00 
 3.08364000e-09  1.87525016e+00  1.72474984e+00  2.90520505e+00  3.12152515e+00 
 3.08414000e-09  1.87565744e+00  1.72434256e+00  2.90469229e+00  3.12199592e+00 
 3.08464000e-09  1.87606397e+00  1.72393603e+00  2.90418338e+00  3.12246270e+00 
 3.08514000e-09  1.87646976e+00  1.72353024e+00  2.90367836e+00  3.12292547e+00 
 3.08564000e-09  1.87687478e+00  1.72312522e+00  2.90317723e+00  3.12338422e+00 
 3.08614000e-09  1.87727905e+00  1.72272095e+00  2.90268001e+00  3.12383893e+00 
 3.08664000e-09  1.87768255e+00  1.72231745e+00  2.90218673e+00  3.12428959e+00 
 3.08714000e-09  1.87808529e+00  1.72191471e+00  2.90169740e+00  3.12473618e+00 
 3.08764000e-09  1.87848726e+00  1.72151274e+00  2.90121205e+00  3.12517869e+00 
 3.08814000e-09  1.87888845e+00  1.72111155e+00  2.90073068e+00  3.12561712e+00 
 3.08864000e-09  1.87928886e+00  1.72071114e+00  2.90025331e+00  3.12605144e+00 
 3.08914000e-09  1.87968850e+00  1.72031150e+00  2.89977996e+00  3.12648164e+00 
 3.08964000e-09  1.88008734e+00  1.71991266e+00  2.89931065e+00  3.12690772e+00 
 3.09014000e-09  1.88048539e+00  1.71951461e+00  2.89884539e+00  3.12732966e+00 
 3.09064000e-09  1.88088265e+00  1.71911735e+00  2.89838420e+00  3.12774745e+00 
 3.09114000e-09  1.88127912e+00  1.71872088e+00  2.89792709e+00  3.12816110e+00 
 3.09164000e-09  1.88167478e+00  1.71832522e+00  2.89747408e+00  3.12857058e+00 
 3.09214000e-09  1.88206963e+00  1.71793037e+00  2.89702517e+00  3.12897589e+00 
 3.09264000e-09  1.88246367e+00  1.71753633e+00  2.89658038e+00  3.12937702e+00 
 3.09314000e-09  1.88285690e+00  1.71714310e+00  2.89613973e+00  3.12977398e+00 
 3.09364000e-09  1.88324931e+00  1.71675069e+00  2.89570323e+00  3.13016675e+00 
 3.09414000e-09  1.88364090e+00  1.71635910e+00  2.89527088e+00  3.13055533e+00 
 3.09464000e-09  1.88403167e+00  1.71596833e+00  2.89484270e+00  3.13093972e+00 
 3.09514000e-09  1.88442160e+00  1.71557840e+00  2.89441870e+00  3.13131991e+00 
 3.09564000e-09  1.88481071e+00  1.71518929e+00  2.89399889e+00  3.13169591e+00 
 3.09614000e-09  1.88519897e+00  1.71480103e+00  2.89358327e+00  3.13206771e+00 
 3.09664000e-09  1.88558640e+00  1.71441360e+00  2.89317186e+00  3.13243531e+00 
 3.09714000e-09  1.88597298e+00  1.71402702e+00  2.89276466e+00  3.13279872e+00 
 3.09764000e-09  1.88635871e+00  1.71364129e+00  2.89236168e+00  3.13315794e+00 
 3.09814000e-09  1.88674359e+00  1.71325641e+00  2.89196293e+00  3.13351297e+00 
 3.09864000e-09  1.88712761e+00  1.71287239e+00  2.89156840e+00  3.13386381e+00 
 3.09914000e-09  1.88751077e+00  1.71248923e+00  2.89117812e+00  3.13421047e+00 
 3.09964000e-09  1.88789307e+00  1.71210693e+00  2.89079208e+00  3.13455295e+00 
 3.10014000e-09  1.88827450e+00  1.71172550e+00  2.89041028e+00  3.13489127e+00 
 3.10064000e-09  1.88865506e+00  1.71134494e+00  2.89003273e+00  3.13522542e+00 
 3.10114000e-09  1.88903475e+00  1.71096525e+00  2.88965943e+00  3.13555542e+00 
 3.10164000e-09  1.88941355e+00  1.71058645e+00  2.88929038e+00  3.13588128e+00 
 3.10214000e-09  1.88979148e+00  1.71020852e+00  2.88892559e+00  3.13620301e+00 
 3.10264000e-09  1.89016851e+00  1.70983149e+00  2.88856505e+00  3.13652062e+00 
 3.10314000e-09  1.89054466e+00  1.70945534e+00  2.88820877e+00  3.13683412e+00 
 3.10364000e-09  1.89091992e+00  1.70908008e+00  2.88785673e+00  3.13714352e+00 
 3.10414000e-09  1.89129427e+00  1.70870573e+00  2.88750895e+00  3.13744884e+00 
 3.10464000e-09  1.89166773e+00  1.70833227e+00  2.88716542e+00  3.13775010e+00 
 3.10514000e-09  1.89204028e+00  1.70795972e+00  2.88682613e+00  3.13804731e+00 
 3.10564000e-09  1.89241192e+00  1.70758808e+00  2.88649108e+00  3.13834048e+00 
 3.10614000e-09  1.89278265e+00  1.70721735e+00  2.88616027e+00  3.13862965e+00 
 3.10664000e-09  1.89315247e+00  1.70684753e+00  2.88583369e+00  3.13891481e+00 
 3.10714000e-09  1.89352136e+00  1.70647864e+00  2.88551133e+00  3.13919601e+00 
 3.10764000e-09  1.89388934e+00  1.70611066e+00  2.88519319e+00  3.13947324e+00 
 3.10814000e-09  1.89425638e+00  1.70574362e+00  2.88487926e+00  3.13974655e+00 
 3.10864000e-09  1.89462250e+00  1.70537750e+00  2.88456953e+00  3.14001594e+00 
 3.10914000e-09  1.89498768e+00  1.70501232e+00  2.88426400e+00  3.14028145e+00 
 3.10964000e-09  1.89535193e+00  1.70464807e+00  2.88396264e+00  3.14054310e+00 
 3.11014000e-09  1.89571523e+00  1.70428477e+00  2.88366546e+00  3.14080091e+00 
 3.11064000e-09  1.89607759e+00  1.70392241e+00  2.88337244e+00  3.14105491e+00 
 3.11114000e-09  1.89643900e+00  1.70356100e+00  2.88308356e+00  3.14130512e+00 
 3.11164000e-09  1.89679946e+00  1.70320054e+00  2.88279881e+00  3.14155158e+00 
 3.11214000e-09  1.89715896e+00  1.70284104e+00  2.88251819e+00  3.14179431e+00 
 3.11264000e-09  1.89751750e+00  1.70248250e+00  2.88224167e+00  3.14203334e+00 
 3.11314000e-09  1.89787508e+00  1.70212492e+00  2.88196924e+00  3.14226870e+00 
 3.11364000e-09  1.89823170e+00  1.70176830e+00  2.88170089e+00  3.14250042e+00 
 3.11414000e-09  1.89858735e+00  1.70141265e+00  2.88143659e+00  3.14272853e+00 
 3.11464000e-09  1.89894202e+00  1.70105798e+00  2.88117632e+00  3.14295307e+00 
 3.11514000e-09  1.89929572e+00  1.70070428e+00  2.88092008e+00  3.14317406e+00 
 3.11564000e-09  1.89964843e+00  1.70035157e+00  2.88066784e+00  3.14339154e+00 
 3.11614000e-09  1.90000017e+00  1.69999983e+00  2.88041958e+00  3.14360554e+00 
 3.11664000e-09  1.90035091e+00  1.69964909e+00  2.88017527e+00  3.14381610e+00 
 3.11714000e-09  1.90070067e+00  1.69929933e+00  2.87993491e+00  3.14402325e+00 
 3.11764000e-09  1.90104943e+00  1.69895057e+00  2.87969846e+00  3.14422703e+00 
 3.11814000e-09  1.90139719e+00  1.69860281e+00  2.87946590e+00  3.14442747e+00 
 3.11864000e-09  1.90174396e+00  1.69825604e+00  2.87923720e+00  3.14462461e+00 
 3.11914000e-09  1.90208972e+00  1.69791028e+00  2.87901235e+00  3.14481848e+00 
 3.11964000e-09  1.90243447e+00  1.69756553e+00  2.87879132e+00  3.14500912e+00 
 3.12014000e-09  1.90277821e+00  1.69722179e+00  2.87857408e+00  3.14519657e+00 
 3.12064000e-09  1.90312094e+00  1.69687906e+00  2.87836061e+00  3.14538087e+00 
 3.12114000e-09  1.90346265e+00  1.69653735e+00  2.87815087e+00  3.14556205e+00 
 3.12164000e-09  1.90380333e+00  1.69619667e+00  2.87794484e+00  3.14574015e+00 
 3.12214000e-09  1.90414300e+00  1.69585700e+00  2.87774250e+00  3.14591520e+00 
 3.12264000e-09  1.90448163e+00  1.69551837e+00  2.87754380e+00  3.14608726e+00 
 3.12314000e-09  1.90481924e+00  1.69518076e+00  2.87734873e+00  3.14625635e+00 
 3.12364000e-09  1.90515581e+00  1.69484419e+00  2.87715724e+00  3.14642251e+00 
 3.12414000e-09  1.90549134e+00  1.69450866e+00  2.87696932e+00  3.14658579e+00 
 3.12464000e-09  1.90582583e+00  1.69417417e+00  2.87678492e+00  3.14674622e+00 
 3.12514000e-09  1.90615928e+00  1.69384072e+00  2.87660402e+00  3.14690384e+00 
 3.12564000e-09  1.90649168e+00  1.69350832e+00  2.87642658e+00  3.14705869e+00 
 3.12614000e-09  1.90682302e+00  1.69317698e+00  2.87625257e+00  3.14721080e+00 
 3.12664000e-09  1.90715332e+00  1.69284668e+00  2.87608196e+00  3.14736023e+00 
 3.12714000e-09  1.90748255e+00  1.69251745e+00  2.87591471e+00  3.14750700e+00 
 3.12764000e-09  1.90781073e+00  1.69218927e+00  2.87575078e+00  3.14765116e+00 
 3.12814000e-09  1.90813784e+00  1.69186216e+00  2.87559015e+00  3.14779274e+00 
 3.12864000e-09  1.90846388e+00  1.69153612e+00  2.87543277e+00  3.14793178e+00 
 3.12914000e-09  1.90878885e+00  1.69121115e+00  2.87527862e+00  3.14806833e+00 
 3.12964000e-09  1.90911275e+00  1.69088725e+00  2.87512765e+00  3.14820241e+00 
 3.13014000e-09  1.90943558e+00  1.69056442e+00  2.87497983e+00  3.14833408e+00 
 3.13064000e-09  1.90975732e+00  1.69024268e+00  2.87483512e+00  3.14846336e+00 
 3.13114000e-09  1.91007798e+00  1.68992202e+00  2.87469348e+00  3.14859029e+00 
 3.13164000e-09  1.91039755e+00  1.68960245e+00  2.87455489e+00  3.14871492e+00 
 3.13214000e-09  1.91071603e+00  1.68928397e+00  2.87441929e+00  3.14883728e+00 
 3.13264000e-09  1.91103342e+00  1.68896658e+00  2.87428665e+00  3.14895740e+00 
 3.13314000e-09  1.91134972e+00  1.68865028e+00  2.87415695e+00  3.14907533e+00 
 3.13364000e-09  1.91166491e+00  1.68833509e+00  2.87403012e+00  3.14919110e+00 
 3.13414000e-09  1.91197901e+00  1.68802099e+00  2.87390615e+00  3.14930475e+00 
 3.13464000e-09  1.91229199e+00  1.68770801e+00  2.87378499e+00  3.14941631e+00 
 3.13514000e-09  1.91260387e+00  1.68739613e+00  2.87366660e+00  3.14952582e+00 
 3.13564000e-09  1.91291464e+00  1.68708536e+00  2.87355094e+00  3.14963332e+00 
 3.13614000e-09  1.91322430e+00  1.68677570e+00  2.87343799e+00  3.14973884e+00 
 3.13664000e-09  1.91353283e+00  1.68646717e+00  2.87332769e+00  3.14984242e+00 
 3.13714000e-09  1.91384025e+00  1.68615975e+00  2.87322001e+00  3.14994408e+00 
 3.13764000e-09  1.91414654e+00  1.68585346e+00  2.87311491e+00  3.15004387e+00 
 3.13814000e-09  1.91445171e+00  1.68554829e+00  2.87301235e+00  3.15014182e+00 
 3.13864000e-09  1.91475575e+00  1.68524425e+00  2.87291230e+00  3.15023797e+00 
 3.13914000e-09  1.91505865e+00  1.68494135e+00  2.87281472e+00  3.15033234e+00 
 3.13964000e-09  1.91536042e+00  1.68463958e+00  2.87271957e+00  3.15042496e+00 
 3.14014000e-09  1.91566105e+00  1.68433895e+00  2.87262681e+00  3.15051588e+00 
 3.14064000e-09  1.91596054e+00  1.68403946e+00  2.87253641e+00  3.15060513e+00 
 3.14114000e-09  1.91625888e+00  1.68374112e+00  2.87244833e+00  3.15069273e+00 
 3.14164000e-09  1.91655608e+00  1.68344392e+00  2.87236252e+00  3.15077871e+00 
 3.14214000e-09  1.91685212e+00  1.68314788e+00  2.87227896e+00  3.15086312e+00 
 3.14264000e-09  1.91714701e+00  1.68285299e+00  2.87219760e+00  3.15094597e+00 
 3.14314000e-09  1.91744075e+00  1.68255925e+00  2.87211842e+00  3.15102730e+00 
 3.14364000e-09  1.91773333e+00  1.68226667e+00  2.87204137e+00  3.15110713e+00 
 3.14414000e-09  1.91802474e+00  1.68197526e+00  2.87196642e+00  3.15118551e+00 
 3.14464000e-09  1.91831499e+00  1.68168501e+00  2.87189353e+00  3.15126245e+00 
 3.14514000e-09  1.91860408e+00  1.68139592e+00  2.87182266e+00  3.15133799e+00 
 3.14564000e-09  1.91889199e+00  1.68110801e+00  2.87175379e+00  3.15141215e+00 
 3.14614000e-09  1.91917873e+00  1.68082127e+00  2.87168688e+00  3.15148495e+00 
 3.14664000e-09  1.91946429e+00  1.68053571e+00  2.87162189e+00  3.15155644e+00 
 3.14714000e-09  1.91974867e+00  1.68025133e+00  2.87155879e+00  3.15162663e+00 
 3.14764000e-09  1.92003188e+00  1.67996812e+00  2.87149754e+00  3.15169555e+00 
 3.14814000e-09  1.92031389e+00  1.67968611e+00  2.87143812e+00  3.15176323e+00 
 3.14864000e-09  1.92059472e+00  1.67940528e+00  2.87138048e+00  3.15182970e+00 
 3.14914000e-09  1.92087436e+00  1.67912564e+00  2.87132460e+00  3.15189496e+00 
 3.14964000e-09  1.92115281e+00  1.67884719e+00  2.87127044e+00  3.15195907e+00 
 3.15014000e-09  1.92143006e+00  1.67856994e+00  2.87121798e+00  3.15202202e+00 
 3.15064000e-09  1.92170611e+00  1.67829389e+00  2.87116717e+00  3.15208386e+00 
 3.15114000e-09  1.92198096e+00  1.67801904e+00  2.87111800e+00  3.15214460e+00 
 3.15164000e-09  1.92225461e+00  1.67774539e+00  2.87107042e+00  3.15220427e+00 
 3.15214000e-09  1.92252705e+00  1.67747295e+00  2.87102441e+00  3.15226289e+00 
 3.15264000e-09  1.92279828e+00  1.67720172e+00  2.87097994e+00  3.15232048e+00 
 3.15314000e-09  1.92306830e+00  1.67693170e+00  2.87093697e+00  3.15237707e+00 
 3.15364000e-09  1.92333710e+00  1.67666290e+00  2.87089549e+00  3.15243267e+00 
 3.15414000e-09  1.92360469e+00  1.67639531e+00  2.87085546e+00  3.15248731e+00 
 3.15464000e-09  1.92387106e+00  1.67612894e+00  2.87081684e+00  3.15254100e+00 
 3.15514000e-09  1.92413620e+00  1.67586380e+00  2.87077962e+00  3.15259378e+00 
 3.15564000e-09  1.92440012e+00  1.67559988e+00  2.87074377e+00  3.15264565e+00 
 3.15614000e-09  1.92466281e+00  1.67533719e+00  2.87070926e+00  3.15269664e+00 
 3.15664000e-09  1.92492428e+00  1.67507572e+00  2.87067606e+00  3.15274676e+00 
 3.15714000e-09  1.92518450e+00  1.67481550e+00  2.87064415e+00  3.15279604e+00 
 3.15764000e-09  1.92544350e+00  1.67455650e+00  2.87061350e+00  3.15284450e+00 
 3.15814000e-09  1.92570125e+00  1.67429875e+00  2.87058408e+00  3.15289215e+00 
 3.15864000e-09  1.92595777e+00  1.67404223e+00  2.87055588e+00  3.15293900e+00 
 3.15914000e-09  1.92621304e+00  1.67378696e+00  2.87052886e+00  3.15298509e+00 
 3.15964000e-09  1.92646706e+00  1.67353294e+00  2.87050300e+00  3.15303042e+00 
 3.16014000e-09  1.92671984e+00  1.67328016e+00  2.87047828e+00  3.15307501e+00 
 3.16064000e-09  1.92697137e+00  1.67302863e+00  2.87045467e+00  3.15311887e+00 
 3.16114000e-09  1.92722164e+00  1.67277836e+00  2.87043216e+00  3.15316204e+00 
 3.16164000e-09  1.92747066e+00  1.67252934e+00  2.87041071e+00  3.15320451e+00 
 3.16214000e-09  1.92771842e+00  1.67228158e+00  2.87039031e+00  3.15324630e+00 
 3.16264000e-09  1.92796492e+00  1.67203508e+00  2.87037094e+00  3.15328744e+00 
 3.16314000e-09  1.92821015e+00  1.67178985e+00  2.87035257e+00  3.15332793e+00 
 3.16364000e-09  1.92845412e+00  1.67154588e+00  2.87033518e+00  3.15336779e+00 
 3.16414000e-09  1.92869683e+00  1.67130317e+00  2.87031876e+00  3.15340704e+00 
 3.16464000e-09  1.92893826e+00  1.67106174e+00  2.87030327e+00  3.15344568e+00 
 3.16514000e-09  1.92917842e+00  1.67082158e+00  2.87028871e+00  3.15348374e+00 
 3.16564000e-09  1.92941731e+00  1.67058269e+00  2.87027505e+00  3.15352121e+00 
 3.16614000e-09  1.92965491e+00  1.67034509e+00  2.87026227e+00  3.15355813e+00 
 3.16664000e-09  1.92989124e+00  1.67010876e+00  2.87025036e+00  3.15359450e+00 
 3.16714000e-09  1.93012629e+00  1.66987371e+00  2.87023930e+00  3.15363033e+00 
 3.16764000e-09  1.93036005e+00  1.66963995e+00  2.87022906e+00  3.15366563e+00 
 3.16814000e-09  1.93059253e+00  1.66940747e+00  2.87021963e+00  3.15370042e+00 
 3.16864000e-09  1.93082371e+00  1.66917629e+00  2.87021100e+00  3.15373471e+00 
 3.16914000e-09  1.93105361e+00  1.66894639e+00  2.87020314e+00  3.15376852e+00 
 3.16964000e-09  1.93128221e+00  1.66871779e+00  2.87019605e+00  3.15380184e+00 
 3.17014000e-09  1.93150952e+00  1.66849048e+00  2.87018969e+00  3.15383469e+00 
 3.17064000e-09  1.93173553e+00  1.66826447e+00  2.87018406e+00  3.15386709e+00 
 3.17114000e-09  1.93196023e+00  1.66803977e+00  2.87017915e+00  3.15389904e+00 
 3.17164000e-09  1.93218364e+00  1.66781636e+00  2.87017493e+00  3.15393056e+00 
 3.17214000e-09  1.93240574e+00  1.66759426e+00  2.87017139e+00  3.15396165e+00 
 3.17264000e-09  1.93262654e+00  1.66737346e+00  2.87016852e+00  3.15399232e+00 
 3.17314000e-09  1.93284602e+00  1.66715398e+00  2.87016630e+00  3.15402259e+00 
 3.17364000e-09  1.93306419e+00  1.66693581e+00  2.87016472e+00  3.15405246e+00 
 3.17414000e-09  1.93328106e+00  1.66671894e+00  2.87016376e+00  3.15408194e+00 
 3.17464000e-09  1.93349660e+00  1.66650340e+00  2.87016341e+00  3.15411104e+00 
 3.17514000e-09  1.93371083e+00  1.66628917e+00  2.87016366e+00  3.15413977e+00 
 3.17564000e-09  1.93392374e+00  1.66607626e+00  2.87016450e+00  3.15416814e+00 
 3.17614000e-09  1.93413532e+00  1.66586468e+00  2.87016590e+00  3.15419615e+00 
 3.17664000e-09  1.93434559e+00  1.66565441e+00  2.87016787e+00  3.15422382e+00 
 3.17714000e-09  1.93455452e+00  1.66544548e+00  2.87017038e+00  3.15425116e+00 
 3.17764000e-09  1.93476213e+00  1.66523787e+00  2.87017343e+00  3.15427816e+00 
 3.17814000e-09  1.93496841e+00  1.66503159e+00  2.87017700e+00  3.15430484e+00 
 3.17864000e-09  1.93517336e+00  1.66482664e+00  2.87018109e+00  3.15433121e+00 
 3.17914000e-09  1.93537697e+00  1.66462303e+00  2.87018567e+00  3.15435726e+00 
 3.17964000e-09  1.93557925e+00  1.66442075e+00  2.87019075e+00  3.15438302e+00 
 3.18014000e-09  1.93578019e+00  1.66421981e+00  2.87019630e+00  3.15440849e+00 
 3.18064000e-09  1.93597978e+00  1.66402022e+00  2.87020232e+00  3.15443367e+00 
 3.18114000e-09  1.93617804e+00  1.66382196e+00  2.87020881e+00  3.15445856e+00 
 3.18164000e-09  1.93637495e+00  1.66362505e+00  2.87021574e+00  3.15448319e+00 
 3.18214000e-09  1.93657052e+00  1.66342948e+00  2.87022311e+00  3.15450755e+00 
 3.18264000e-09  1.93676474e+00  1.66323526e+00  2.87023091e+00  3.15453164e+00 
 3.18314000e-09  1.93695761e+00  1.66304239e+00  2.87023912e+00  3.15455548e+00 
 3.18364000e-09  1.93714912e+00  1.66285088e+00  2.87024776e+00  3.15457908e+00 
 3.18414000e-09  1.93733929e+00  1.66266071e+00  2.87025679e+00  3.15460242e+00 
 3.18464000e-09  1.93752809e+00  1.66247191e+00  2.87026621e+00  3.15462554e+00 
 3.18514000e-09  1.93771554e+00  1.66228446e+00  2.87027603e+00  3.15464841e+00 
 3.18564000e-09  1.93790163e+00  1.66209837e+00  2.87028621e+00  3.15467107e+00 
 3.18614000e-09  1.93808636e+00  1.66191364e+00  2.87029677e+00  3.15469350e+00 
 3.18664000e-09  1.93826973e+00  1.66173027e+00  2.87030768e+00  3.15471571e+00 
 3.18714000e-09  1.93845173e+00  1.66154827e+00  2.87031895e+00  3.15473771e+00 
 3.18764000e-09  1.93863237e+00  1.66136763e+00  2.87033057e+00  3.15475951e+00 
 3.18814000e-09  1.93881164e+00  1.66118836e+00  2.87034252e+00  3.15478110e+00 
 3.18864000e-09  1.93898954e+00  1.66101046e+00  2.87035480e+00  3.15480250e+00 
 3.18914000e-09  1.93916606e+00  1.66083394e+00  2.87036740e+00  3.15482370e+00 
 3.18964000e-09  1.93934121e+00  1.66065879e+00  2.87038032e+00  3.15484472e+00 
 3.19014000e-09  1.93951499e+00  1.66048501e+00  2.87039355e+00  3.15486555e+00 
 3.19064000e-09  1.93968739e+00  1.66031261e+00  2.87040709e+00  3.15488620e+00 
 3.19114000e-09  1.93985841e+00  1.66014159e+00  2.87042092e+00  3.15490667e+00 
 3.19164000e-09  1.94002806e+00  1.65997194e+00  2.87043504e+00  3.15492697e+00 
 3.19214000e-09  1.94019631e+00  1.65980369e+00  2.87044944e+00  3.15494711e+00 
 3.19264000e-09  1.94036319e+00  1.65963681e+00  2.87046412e+00  3.15496708e+00 
 3.19314000e-09  1.94052868e+00  1.65947132e+00  2.87047907e+00  3.15498689e+00 
 3.19364000e-09  1.94069278e+00  1.65930722e+00  2.87049429e+00  3.15500655e+00 
 3.19414000e-09  1.94085550e+00  1.65914450e+00  2.87050977e+00  3.15502605e+00 
 3.19464000e-09  1.94101682e+00  1.65898318e+00  2.87052550e+00  3.15504540e+00 
 3.19514000e-09  1.94117676e+00  1.65882324e+00  2.87054148e+00  3.15506461e+00 
 3.19564000e-09  1.94133530e+00  1.65866470e+00  2.87055771e+00  3.15508367e+00 
 3.19614000e-09  1.94149244e+00  1.65850756e+00  2.87057417e+00  3.15510259e+00 
 3.19664000e-09  1.94164819e+00  1.65835181e+00  2.87059087e+00  3.15512138e+00 
 3.19714000e-09  1.94180254e+00  1.65819746e+00  2.87060780e+00  3.15514003e+00 
 3.19764000e-09  1.94195549e+00  1.65804451e+00  2.87062495e+00  3.15515856e+00 
 3.19814000e-09  1.94210704e+00  1.65789296e+00  2.87064232e+00  3.15517695e+00 
 3.19864000e-09  1.94225719e+00  1.65774281e+00  2.87065991e+00  3.15519522e+00 
 3.19914000e-09  1.94240593e+00  1.65759407e+00  2.87067770e+00  3.15521337e+00 
 3.19964000e-09  1.94255327e+00  1.65744673e+00  2.87069571e+00  3.15523140e+00 
 3.20014000e-09  1.94269920e+00  1.65730080e+00  2.87071391e+00  3.15524932e+00 
 3.20064000e-09  1.94284372e+00  1.65715628e+00  2.87073231e+00  3.15526712e+00 
 3.20114000e-09  1.94298683e+00  1.65701317e+00  2.87075091e+00  3.15528481e+00 
 3.20164000e-09  1.94312853e+00  1.65687147e+00  2.87076969e+00  3.15530239e+00 
 3.20214000e-09  1.94326882e+00  1.65673118e+00  2.87078867e+00  3.15531986e+00 
 3.20264000e-09  1.94340769e+00  1.65659231e+00  2.87080782e+00  3.15533723e+00 
 3.20314000e-09  1.94354515e+00  1.65645485e+00  2.87082715e+00  3.15535450e+00 
 3.20364000e-09  1.94368120e+00  1.65631880e+00  2.87084665e+00  3.15537167e+00 
 3.20414000e-09  1.94381582e+00  1.65618418e+00  2.87086633e+00  3.15538874e+00 
 3.20464000e-09  1.94394902e+00  1.65605098e+00  2.87088617e+00  3.15540572e+00 
 3.20514000e-09  1.94408081e+00  1.65591919e+00  2.87090618e+00  3.15542260e+00 
 3.20564000e-09  1.94421117e+00  1.65578883e+00  2.87092635e+00  3.15543939e+00 
 3.20614000e-09  1.94434011e+00  1.65565989e+00  2.87094667e+00  3.15545609e+00 
 3.20664000e-09  1.94446762e+00  1.65553238e+00  2.87096715e+00  3.15547271e+00 
 3.20714000e-09  1.94459371e+00  1.65540629e+00  2.87098778e+00  3.15548924e+00 
 3.20764000e-09  1.94471837e+00  1.65528163e+00  2.87100856e+00  3.15550569e+00 
 3.20814000e-09  1.94484161e+00  1.65515839e+00  2.87102949e+00  3.15552206e+00 
 3.20864000e-09  1.94496341e+00  1.65503659e+00  2.87105056e+00  3.15553834e+00 
 3.20914000e-09  1.94508378e+00  1.65491622e+00  2.87107176e+00  3.15555455e+00 
 3.20964000e-09  1.94520272e+00  1.65479728e+00  2.87109311e+00  3.15557068e+00 
 3.21014000e-09  1.94532023e+00  1.65467977e+00  2.87111459e+00  3.15558674e+00 
 3.21064000e-09  1.94543631e+00  1.65456369e+00  2.87113620e+00  3.15560273e+00 
 3.21114000e-09  1.94555094e+00  1.65444906e+00  2.87115793e+00  3.15561864e+00 
 3.21164000e-09  1.94566414e+00  1.65433586e+00  2.87117980e+00  3.15563448e+00 
 3.21214000e-09  1.94577591e+00  1.65422409e+00  2.87120179e+00  3.15565026e+00 
 3.21264000e-09  1.94588623e+00  1.65411377e+00  2.87122390e+00  3.15566596e+00 
 3.21314000e-09  1.94599512e+00  1.65400488e+00  2.87124613e+00  3.15568160e+00 
 3.21364000e-09  1.94610256e+00  1.65389744e+00  2.87126848e+00  3.15569718e+00 
 3.21414000e-09  1.94620857e+00  1.65379143e+00  2.87129094e+00  3.15571269e+00 
 3.21464000e-09  1.94631313e+00  1.65368687e+00  2.87131352e+00  3.15572815e+00 
 3.21514000e-09  1.94641624e+00  1.65358376e+00  2.87133621e+00  3.15574354e+00 
 3.21564000e-09  1.94651791e+00  1.65348209e+00  2.87135900e+00  3.15575887e+00 
 3.21614000e-09  1.94661814e+00  1.65338186e+00  2.87138190e+00  3.15577414e+00 
 3.21664000e-09  1.94671691e+00  1.65328309e+00  2.87140491e+00  3.15578936e+00 
 3.21714000e-09  1.94681424e+00  1.65318576e+00  2.87142802e+00  3.15580452e+00 
 3.21764000e-09  1.94691012e+00  1.65308988e+00  2.87145123e+00  3.15581963e+00 
 3.21814000e-09  1.94700455e+00  1.65299545e+00  2.87147454e+00  3.15583468e+00 
 3.21864000e-09  1.94709753e+00  1.65290247e+00  2.87149795e+00  3.15584968e+00 
 3.21914000e-09  1.94718906e+00  1.65281094e+00  2.87152145e+00  3.15586463e+00 
 3.21964000e-09  1.94727913e+00  1.65272087e+00  2.87154505e+00  3.15587953e+00 
 3.22014000e-09  1.94736775e+00  1.65263225e+00  2.87156874e+00  3.15589438e+00 
 3.22064000e-09  1.94745492e+00  1.65254508e+00  2.87159251e+00  3.15590918e+00 
 3.22114000e-09  1.94754063e+00  1.65245937e+00  2.87161638e+00  3.15592394e+00 
 3.22164000e-09  1.94762489e+00  1.65237511e+00  2.87164034e+00  3.15593864e+00 
 3.22214000e-09  1.94770769e+00  1.65229231e+00  2.87166438e+00  3.15595331e+00 
 3.22264000e-09  1.94778903e+00  1.65221097e+00  2.87168851e+00  3.15596792e+00 
 3.22314000e-09  1.94786891e+00  1.65213109e+00  2.87171271e+00  3.15598249e+00 
 3.22364000e-09  1.94794733e+00  1.65205267e+00  2.87173700e+00  3.15599702e+00 
 3.22414000e-09  1.94802429e+00  1.65197571e+00  2.87176137e+00  3.15601151e+00 
 3.22464000e-09  1.94809980e+00  1.65190020e+00  2.87178582e+00  3.15602596e+00 
 3.22514000e-09  1.94817383e+00  1.65182617e+00  2.87181035e+00  3.15604036e+00 
 3.22564000e-09  1.94824641e+00  1.65175359e+00  2.87183495e+00  3.15605472e+00 
 3.22614000e-09  1.94831753e+00  1.65168247e+00  2.87185963e+00  3.15606905e+00 
 3.22664000e-09  1.94838718e+00  1.65161282e+00  2.87188439e+00  3.15608334e+00 
 3.22714000e-09  1.94845536e+00  1.65154464e+00  2.87190921e+00  3.15609758e+00 
 3.22764000e-09  1.94852208e+00  1.65147792e+00  2.87193411e+00  3.15611179e+00 
 3.22814000e-09  1.94858734e+00  1.65141266e+00  2.87195907e+00  3.15612597e+00 
 3.22864000e-09  1.94865113e+00  1.65134887e+00  2.87198411e+00  3.15614011e+00 
 3.22914000e-09  1.94871345e+00  1.65128655e+00  2.87200921e+00  3.15615421e+00 
 3.22964000e-09  1.94877430e+00  1.65122570e+00  2.87203438e+00  3.15616827e+00 
 3.23014000e-09  1.94883368e+00  1.65116632e+00  2.87205962e+00  3.15618231e+00 
 3.23064000e-09  1.94889160e+00  1.65110840e+00  2.87208492e+00  3.15619631e+00 
 3.23114000e-09  1.94894805e+00  1.65105195e+00  2.87211029e+00  3.15621027e+00 
 3.23164000e-09  1.94900302e+00  1.65099698e+00  2.87213572e+00  3.15622420e+00 
 3.23214000e-09  1.94905653e+00  1.65094347e+00  2.87216121e+00  3.15623810e+00 
 3.23264000e-09  1.94910856e+00  1.65089144e+00  2.87218677e+00  3.15625197e+00 
 3.23314000e-09  1.94915913e+00  1.65084087e+00  2.87221238e+00  3.15626581e+00 
 3.23364000e-09  1.94920822e+00  1.65079178e+00  2.87223805e+00  3.15627962e+00 
 3.23414000e-09  1.94925584e+00  1.65074416e+00  2.87226379e+00  3.15629339e+00 
 3.23464000e-09  1.94930198e+00  1.65069802e+00  2.87228958e+00  3.15630714e+00 
 3.23514000e-09  1.94934665e+00  1.65065335e+00  2.87231542e+00  3.15632085e+00 
 3.23564000e-09  1.94938985e+00  1.65061015e+00  2.87234133e+00  3.15633454e+00 
 3.23614000e-09  1.94943158e+00  1.65056842e+00  2.87236729e+00  3.15634820e+00 
 3.23664000e-09  1.94947182e+00  1.65052818e+00  2.87239330e+00  3.15636183e+00 
 3.23714000e-09  1.94951060e+00  1.65048940e+00  2.87241937e+00  3.15637543e+00 
 3.23764000e-09  1.94954789e+00  1.65045211e+00  2.87244549e+00  3.15638900e+00 
 3.23814000e-09  1.94958372e+00  1.65041628e+00  2.87247167e+00  3.15640255e+00 
 3.23864000e-09  1.94961806e+00  1.65038194e+00  2.87249789e+00  3.15641607e+00 
 3.23914000e-09  1.94965093e+00  1.65034907e+00  2.87252417e+00  3.15642956e+00 
 3.23964000e-09  1.94968232e+00  1.65031768e+00  2.87255050e+00  3.15644303e+00 
 3.24014000e-09  1.94971224e+00  1.65028776e+00  2.87257688e+00  3.15645647e+00 
 3.24064000e-09  1.94974067e+00  1.65025933e+00  2.87260331e+00  3.15646988e+00 
 3.24114000e-09  1.94976763e+00  1.65023237e+00  2.87262979e+00  3.15648327e+00 
 3.24164000e-09  1.94979311e+00  1.65020689e+00  2.87265632e+00  3.15649663e+00 
 3.24214000e-09  1.94981712e+00  1.65018288e+00  2.87268289e+00  3.15650997e+00 
 3.24264000e-09  1.94983964e+00  1.65016036e+00  2.87270951e+00  3.15652328e+00 
 3.24314000e-09  1.94986068e+00  1.65013932e+00  2.87273618e+00  3.15653657e+00 
 3.24364000e-09  1.94988025e+00  1.65011975e+00  2.87276290e+00  3.15654983e+00 
 3.24414000e-09  1.94989834e+00  1.65010166e+00  2.87278966e+00  3.15656307e+00 
 3.24464000e-09  1.94991494e+00  1.65008506e+00  2.87281646e+00  3.15657629e+00 
 3.24514000e-09  1.94993007e+00  1.65006993e+00  2.87284332e+00  3.15658948e+00 
 3.24564000e-09  1.94994372e+00  1.65005628e+00  2.87287021e+00  3.15660265e+00 
 3.24614000e-09  1.94995589e+00  1.65004411e+00  2.87289715e+00  3.15661579e+00 
 3.24664000e-09  1.94996657e+00  1.65003343e+00  2.87292414e+00  3.15662891e+00 
 3.24714000e-09  1.94997578e+00  1.65002422e+00  2.87295116e+00  3.15664201e+00 
 3.24764000e-09  1.94998351e+00  1.65001649e+00  2.87297823e+00  3.15665508e+00 
 3.24814000e-09  1.94998976e+00  1.65001024e+00  2.87300535e+00  3.15666813e+00 
 3.24864000e-09  1.94999452e+00  1.65000548e+00  2.87303250e+00  3.15668116e+00 
 3.24914000e-09  1.94999781e+00  1.65000219e+00  2.87305970e+00  3.15669416e+00 
 3.24964000e-09  1.94999962e+00  1.65000038e+00  2.87308693e+00  3.15670715e+00 
 3.25014000e-09  1.94999994e+00  1.65000006e+00  2.87311421e+00  3.15672010e+00 
 3.25064000e-09  1.94999879e+00  1.65000121e+00  2.87314153e+00  3.15673304e+00 
 3.25114000e-09  1.94999615e+00  1.65000385e+00  2.87316889e+00  3.15674596e+00 
 3.25164000e-09  1.94999204e+00  1.65000796e+00  2.87319629e+00  3.15675885e+00 
 3.25214000e-09  1.94998644e+00  1.65001356e+00  2.87322373e+00  3.15677172e+00 
 3.25264000e-09  1.94997936e+00  1.65002064e+00  2.87325121e+00  3.15678456e+00 
 3.25314000e-09  1.94997081e+00  1.65002919e+00  2.87327873e+00  3.15679739e+00 
 3.25364000e-09  1.94996077e+00  1.65003923e+00  2.87330629e+00  3.15681019e+00 
 3.25414000e-09  1.94994925e+00  1.65005075e+00  2.87333388e+00  3.15682297e+00 
 3.25464000e-09  1.94993626e+00  1.65006374e+00  2.87336152e+00  3.15683572e+00 
 3.25514000e-09  1.94992178e+00  1.65007822e+00  2.87338919e+00  3.15684846e+00 
 3.25564000e-09  1.94990583e+00  1.65009417e+00  2.87341690e+00  3.15686117e+00 
 3.25614000e-09  1.94988839e+00  1.65011161e+00  2.87344465e+00  3.15687386e+00 
 3.25664000e-09  1.94986947e+00  1.65013053e+00  2.87347244e+00  3.15688653e+00 
 3.25714000e-09  1.94984908e+00  1.65015092e+00  2.87350026e+00  3.15689917e+00 
 3.25764000e-09  1.94982721e+00  1.65017279e+00  2.87352812e+00  3.15691179e+00 
 3.25814000e-09  1.94980386e+00  1.65019614e+00  2.87355602e+00  3.15692439e+00 
 3.25864000e-09  1.94977903e+00  1.65022097e+00  2.87358396e+00  3.15693697e+00 
 3.25914000e-09  1.94975272e+00  1.65024728e+00  2.87361193e+00  3.15694952e+00 
 3.25964000e-09  1.94972493e+00  1.65027507e+00  2.87363994e+00  3.15696206e+00 
 3.26014000e-09  1.94969567e+00  1.65030433e+00  2.87366798e+00  3.15697456e+00 
 3.26064000e-09  1.94966492e+00  1.65033508e+00  2.87369606e+00  3.15698705e+00 
 3.26114000e-09  1.94963271e+00  1.65036729e+00  2.87372418e+00  3.15699951e+00 
 3.26164000e-09  1.94959901e+00  1.65040099e+00  2.87375233e+00  3.15701195e+00 
 3.26214000e-09  1.94956384e+00  1.65043616e+00  2.87378052e+00  3.15702436e+00 
 3.26264000e-09  1.94952719e+00  1.65047281e+00  2.87380875e+00  3.15703675e+00 
 3.26314000e-09  1.94948907e+00  1.65051093e+00  2.87383701e+00  3.15704912e+00 
 3.26364000e-09  1.94944947e+00  1.65055053e+00  2.87386531e+00  3.15706146e+00 
 3.26414000e-09  1.94940839e+00  1.65059161e+00  2.87389364e+00  3.15707378e+00 
 3.26464000e-09  1.94936584e+00  1.65063416e+00  2.87392201e+00  3.15708608e+00 
 3.26514000e-09  1.94932182e+00  1.65067818e+00  2.87395042e+00  3.15709835e+00 
 3.26564000e-09  1.94927632e+00  1.65072368e+00  2.87397886e+00  3.15711059e+00 
 3.26614000e-09  1.94922935e+00  1.65077065e+00  2.87400733e+00  3.15712281e+00 
 3.26664000e-09  1.94918091e+00  1.65081909e+00  2.87403584e+00  3.15713501e+00 
 3.26714000e-09  1.94913099e+00  1.65086901e+00  2.87406439e+00  3.15714718e+00 
 3.26764000e-09  1.94907961e+00  1.65092039e+00  2.87409297e+00  3.15715932e+00 
 3.26814000e-09  1.94902675e+00  1.65097325e+00  2.87412159e+00  3.15717144e+00 
 3.26864000e-09  1.94897242e+00  1.65102758e+00  2.87415024e+00  3.15718353e+00 
 3.26914000e-09  1.94891662e+00  1.65108338e+00  2.87417893e+00  3.15719560e+00 
 3.26964000e-09  1.94885935e+00  1.65114065e+00  2.87420766e+00  3.15720764e+00 
 3.27014000e-09  1.94880061e+00  1.65119939e+00  2.87423642e+00  3.15721965e+00 
 3.27064000e-09  1.94874040e+00  1.65125960e+00  2.87426521e+00  3.15723164e+00 
 3.27114000e-09  1.94867873e+00  1.65132127e+00  2.87429404e+00  3.15724360e+00 
 3.27164000e-09  1.94861558e+00  1.65138442e+00  2.87432291e+00  3.15725553e+00 
 3.27214000e-09  1.94855098e+00  1.65144902e+00  2.87435181e+00  3.15726743e+00 
 3.27264000e-09  1.94848490e+00  1.65151510e+00  2.87438075e+00  3.15727930e+00 
 3.27314000e-09  1.94841736e+00  1.65158264e+00  2.87440973e+00  3.15729114e+00 
 3.27364000e-09  1.94834835e+00  1.65165165e+00  2.87443874e+00  3.15730296e+00 
 3.27414000e-09  1.94827788e+00  1.65172212e+00  2.87446779e+00  3.15731475e+00 
 3.27464000e-09  1.94820595e+00  1.65179405e+00  2.87449687e+00  3.15732650e+00 
 3.27514000e-09  1.94813255e+00  1.65186745e+00  2.87452599e+00  3.15733823e+00 
 3.27564000e-09  1.94805769e+00  1.65194231e+00  2.87455515e+00  3.15734992e+00 
 3.27614000e-09  1.94798137e+00  1.65201863e+00  2.87458434e+00  3.15736158e+00 
 3.27664000e-09  1.94790359e+00  1.65209641e+00  2.87461358e+00  3.15737321e+00 
 3.27714000e-09  1.94782436e+00  1.65217564e+00  2.87464284e+00  3.15738481e+00 
 3.27764000e-09  1.94774366e+00  1.65225634e+00  2.87467215e+00  3.15739638e+00 
 3.27814000e-09  1.94766150e+00  1.65233850e+00  2.87470149e+00  3.15740791e+00 
 3.27864000e-09  1.94757788e+00  1.65242212e+00  2.87473087e+00  3.15741941e+00 
 3.27914000e-09  1.94749281e+00  1.65250719e+00  2.87476029e+00  3.15743088e+00 
 3.27964000e-09  1.94740629e+00  1.65259371e+00  2.87478975e+00  3.15744231e+00 
 3.28014000e-09  1.94731831e+00  1.65268169e+00  2.87481925e+00  3.15745371e+00 
 3.28064000e-09  1.94722887e+00  1.65277113e+00  2.87484878e+00  3.15746507e+00 
 3.28114000e-09  1.94713798e+00  1.65286202e+00  2.87487835e+00  3.15747639e+00 
 3.28164000e-09  1.94704564e+00  1.65295436e+00  2.87490797e+00  3.15748768e+00 
 3.28214000e-09  1.94695185e+00  1.65304815e+00  2.87493762e+00  3.15749893e+00 
 3.28264000e-09  1.94685661e+00  1.65314339e+00  2.87496731e+00  3.15751014e+00 
 3.28314000e-09  1.94675992e+00  1.65324008e+00  2.87499704e+00  3.15752131e+00 
 3.28364000e-09  1.94666178e+00  1.65333822e+00  2.87502681e+00  3.15753245e+00 
 3.28414000e-09  1.94656219e+00  1.65343781e+00  2.87505662e+00  3.15754354e+00 
 3.28464000e-09  1.94646115e+00  1.65353885e+00  2.87508648e+00  3.15755460e+00 
 3.28514000e-09  1.94635867e+00  1.65364133e+00  2.87511637e+00  3.15756561e+00 
 3.28564000e-09  1.94625475e+00  1.65374525e+00  2.87514631e+00  3.15757658e+00 
 3.28614000e-09  1.94614938e+00  1.65385062e+00  2.87517629e+00  3.15758751e+00 
 3.28664000e-09  1.94604257e+00  1.65395743e+00  2.87520631e+00  3.15759839e+00 
 3.28714000e-09  1.94593432e+00  1.65406568e+00  2.87523637e+00  3.15760923e+00 
 3.28764000e-09  1.94582463e+00  1.65417537e+00  2.87526648e+00  3.15762003e+00 
 3.28814000e-09  1.94571350e+00  1.65428650e+00  2.87529663e+00  3.15763078e+00 
 3.28864000e-09  1.94560093e+00  1.65439907e+00  2.87532682e+00  3.15764148e+00 
 3.28914000e-09  1.94548692e+00  1.65451308e+00  2.87535706e+00  3.15765214e+00 
 3.28964000e-09  1.94537148e+00  1.65462852e+00  2.87538735e+00  3.15766275e+00 
 3.29014000e-09  1.94525460e+00  1.65474540e+00  2.87541768e+00  3.15767331e+00 
 3.29064000e-09  1.94513629e+00  1.65486371e+00  2.87544805e+00  3.15768382e+00 
 3.29114000e-09  1.94501655e+00  1.65498345e+00  2.87547848e+00  3.15769427e+00 
 3.29164000e-09  1.94489538e+00  1.65510462e+00  2.87550895e+00  3.15770468e+00 
 3.29214000e-09  1.94477277e+00  1.65522723e+00  2.87553946e+00  3.15771503e+00 
 3.29264000e-09  1.94464874e+00  1.65535126e+00  2.87557003e+00  3.15772533e+00 
 3.29314000e-09  1.94452328e+00  1.65547672e+00  2.87560064e+00  3.15773558e+00 
 3.29364000e-09  1.94439639e+00  1.65560361e+00  2.87563131e+00  3.15774577e+00 
 3.29414000e-09  1.94426808e+00  1.65573192e+00  2.87566202e+00  3.15775590e+00 
 3.29464000e-09  1.94413834e+00  1.65586166e+00  2.87569278e+00  3.15776597e+00 
 3.29514000e-09  1.94400719e+00  1.65599281e+00  2.87572360e+00  3.15777599e+00 
 3.29564000e-09  1.94387461e+00  1.65612539e+00  2.87575447e+00  3.15778594e+00 
 3.29614000e-09  1.94374061e+00  1.65625939e+00  2.87578539e+00  3.15779584e+00 
 3.29664000e-09  1.94360519e+00  1.65639481e+00  2.87581636e+00  3.15780567e+00 
 3.29714000e-09  1.94346835e+00  1.65653165e+00  2.87584739e+00  3.15781543e+00 
 3.29764000e-09  1.94333010e+00  1.65666990e+00  2.87587847e+00  3.15782514e+00 
 3.29814000e-09  1.94319043e+00  1.65680957e+00  2.87590960e+00  3.15783477e+00 
 3.29864000e-09  1.94304935e+00  1.65695065e+00  2.87594080e+00  3.15784434e+00 
 3.29914000e-09  1.94290686e+00  1.65709314e+00  2.87597205e+00  3.15785384e+00 
 3.29964000e-09  1.94276296e+00  1.65723704e+00  2.87600336e+00  3.15786327e+00 
 3.30014000e-09  1.94261765e+00  1.65738235e+00  2.87603472e+00  3.15787262e+00 
 3.30064000e-09  1.94247093e+00  1.65752907e+00  2.87606615e+00  3.15788190e+00 
 3.30114000e-09  1.94232281e+00  1.65767719e+00  2.87609764e+00  3.15789111e+00 
 3.30164000e-09  1.94217328e+00  1.65782672e+00  2.87612919e+00  3.15790025e+00 
 3.30214000e-09  1.94202234e+00  1.65797766e+00  2.87616080e+00  3.15790930e+00 
 3.30264000e-09  1.94187001e+00  1.65812999e+00  2.87619248e+00  3.15791827e+00 
 3.30314000e-09  1.94171627e+00  1.65828373e+00  2.87622421e+00  3.15792717e+00 
 3.30364000e-09  1.94156114e+00  1.65843886e+00  2.87625602e+00  3.15793598e+00 
 3.30414000e-09  1.94140461e+00  1.65859539e+00  2.87628789e+00  3.15794470e+00 
 3.30464000e-09  1.94124669e+00  1.65875331e+00  2.87631983e+00  3.15795334e+00 
 3.30514000e-09  1.94108737e+00  1.65891263e+00  2.87635184e+00  3.15796190e+00 
 3.30564000e-09  1.94092665e+00  1.65907335e+00  2.87638392e+00  3.15797036e+00 
 3.30614000e-09  1.94076455e+00  1.65923545e+00  2.87641607e+00  3.15797873e+00 
 3.30664000e-09  1.94060106e+00  1.65939894e+00  2.87644829e+00  3.15798700e+00 
 3.30714000e-09  1.94043618e+00  1.65956382e+00  2.87648058e+00  3.15799518e+00 
 3.30764000e-09  1.94026991e+00  1.65973009e+00  2.87651295e+00  3.15800327e+00 
 3.30814000e-09  1.94010226e+00  1.65989774e+00  2.87654540e+00  3.15801125e+00 
 3.30864000e-09  1.93993323e+00  1.66006677e+00  2.87657792e+00  3.15801913e+00 
 3.30914000e-09  1.93976281e+00  1.66023719e+00  2.87661053e+00  3.15802691e+00 
 3.30964000e-09  1.93959102e+00  1.66040898e+00  2.87664321e+00  3.15803458e+00 
 3.31014000e-09  1.93941785e+00  1.66058215e+00  2.87667597e+00  3.15804214e+00 
 3.31064000e-09  1.93924330e+00  1.66075670e+00  2.87670882e+00  3.15804959e+00 
 3.31114000e-09  1.93906738e+00  1.66093262e+00  2.87674175e+00  3.15805693e+00 
 3.31164000e-09  1.93889008e+00  1.66110992e+00  2.87677477e+00  3.15806415e+00 
 3.31214000e-09  1.93871142e+00  1.66128858e+00  2.87680788e+00  3.15807126e+00 
 3.31264000e-09  1.93853138e+00  1.66146862e+00  2.87684108e+00  3.15807824e+00 
 3.31314000e-09  1.93834998e+00  1.66165002e+00  2.87687436e+00  3.15808510e+00 
 3.31364000e-09  1.93816721e+00  1.66183279e+00  2.87690774e+00  3.15809183e+00 
 3.31414000e-09  1.93798308e+00  1.66201692e+00  2.87694122e+00  3.15809843e+00 
 3.31464000e-09  1.93779759e+00  1.66220241e+00  2.87697479e+00  3.15810490e+00 
 3.31514000e-09  1.93761074e+00  1.66238926e+00  2.87700846e+00  3.15811124e+00 
 3.31564000e-09  1.93742253e+00  1.66257747e+00  2.87704224e+00  3.15811744e+00 
 3.31614000e-09  1.93723296e+00  1.66276704e+00  2.87707611e+00  3.15812350e+00 
 3.31664000e-09  1.93704204e+00  1.66295796e+00  2.87711009e+00  3.15812941e+00 
 3.31714000e-09  1.93684977e+00  1.66315023e+00  2.87714417e+00  3.15813518e+00 
 3.31764000e-09  1.93665614e+00  1.66334386e+00  2.87717837e+00  3.15814079e+00 
 3.31814000e-09  1.93646117e+00  1.66353883e+00  2.87721267e+00  3.15814625e+00 
 3.31864000e-09  1.93626485e+00  1.66373515e+00  2.87724709e+00  3.15815156e+00 
 3.31914000e-09  1.93606718e+00  1.66393282e+00  2.87728162e+00  3.15815670e+00 
 3.31964000e-09  1.93586817e+00  1.66413183e+00  2.87731627e+00  3.15816168e+00 
 3.32014000e-09  1.93566783e+00  1.66433217e+00  2.87735105e+00  3.15816649e+00 
 3.32064000e-09  1.93546614e+00  1.66453386e+00  2.87738594e+00  3.15817112e+00 
 3.32114000e-09  1.93526311e+00  1.66473689e+00  2.87742096e+00  3.15817558e+00 
 3.32164000e-09  1.93505875e+00  1.66494125e+00  2.87745611e+00  3.15817987e+00 
 3.32214000e-09  1.93485306e+00  1.66514694e+00  2.87749139e+00  3.15818396e+00 
 3.32264000e-09  1.93464604e+00  1.66535396e+00  2.87752680e+00  3.15818787e+00 
 3.32314000e-09  1.93443768e+00  1.66556232e+00  2.87756235e+00  3.15819159e+00 
 3.32364000e-09  1.93422800e+00  1.66577200e+00  2.87759804e+00  3.15819510e+00 
 3.32414000e-09  1.93401700e+00  1.66598300e+00  2.87763387e+00  3.15819842e+00 
 3.32464000e-09  1.93380467e+00  1.66619533e+00  2.87766984e+00  3.15820153e+00 
 3.32514000e-09  1.93359102e+00  1.66640898e+00  2.87770597e+00  3.15820443e+00 
 3.32564000e-09  1.93337606e+00  1.66662394e+00  2.87774224e+00  3.15820711e+00 
 3.32614000e-09  1.93315978e+00  1.66684022e+00  2.87777867e+00  3.15820957e+00 
 3.32664000e-09  1.93294218e+00  1.66705782e+00  2.87781526e+00  3.15821180e+00 
 3.32714000e-09  1.93272327e+00  1.66727673e+00  2.87785201e+00  3.15821380e+00 
 3.32764000e-09  1.93250305e+00  1.66749695e+00  2.87788893e+00  3.15821557e+00 
 3.32814000e-09  1.93228152e+00  1.66771848e+00  2.87792601e+00  3.15821709e+00 
 3.32864000e-09  1.93205869e+00  1.66794131e+00  2.87796327e+00  3.15821837e+00 
 3.32914000e-09  1.93183456e+00  1.66816544e+00  2.87800071e+00  3.15821939e+00 
 3.32964000e-09  1.93160912e+00  1.66839088e+00  2.87803832e+00  3.15822015e+00 
 3.33014000e-09  1.93138239e+00  1.66861761e+00  2.87807613e+00  3.15822064e+00 
 3.33064000e-09  1.93115435e+00  1.66884565e+00  2.87811412e+00  3.15822086e+00 
 3.33114000e-09  1.93092503e+00  1.66907497e+00  2.87815230e+00  3.15822080e+00 
 3.33164000e-09  1.93069441e+00  1.66930559e+00  2.87819068e+00  3.15822046e+00 
 3.33214000e-09  1.93046250e+00  1.66953750e+00  2.87822926e+00  3.15821982e+00 
 3.33264000e-09  1.93022930e+00  1.66977070e+00  2.87826805e+00  3.15821888e+00 
 3.33314000e-09  1.92999482e+00  1.67000518e+00  2.87830706e+00  3.15821764e+00 
 3.33364000e-09  1.92975906e+00  1.67024094e+00  2.87834627e+00  3.15821609e+00 
 3.33414000e-09  1.92952201e+00  1.67047799e+00  2.87838571e+00  3.15821421e+00 
 3.33464000e-09  1.92928369e+00  1.67071631e+00  2.87842538e+00  3.15821200e+00 
 3.33514000e-09  1.92904409e+00  1.67095591e+00  2.87846528e+00  3.15820946e+00 
 3.33564000e-09  1.92880321e+00  1.67119679e+00  2.87850541e+00  3.15820657e+00 
 3.33614000e-09  1.92856107e+00  1.67143893e+00  2.87854579e+00  3.15820333e+00 
 3.33664000e-09  1.92831766e+00  1.67168234e+00  2.87858642e+00  3.15819973e+00 
 3.33714000e-09  1.92807298e+00  1.67192702e+00  2.87862730e+00  3.15819575e+00 
 3.33764000e-09  1.92782703e+00  1.67217297e+00  2.87866844e+00  3.15819140e+00 
 3.33814000e-09  1.92757983e+00  1.67242017e+00  2.87870984e+00  3.15818666e+00 
 3.33864000e-09  1.92733136e+00  1.67266864e+00  2.87875152e+00  3.15818152e+00 
 3.33914000e-09  1.92708164e+00  1.67291836e+00  2.87879348e+00  3.15817598e+00 
 3.33964000e-09  1.92683067e+00  1.67316933e+00  2.87883573e+00  3.15817001e+00 
 3.34014000e-09  1.92657844e+00  1.67342156e+00  2.87887826e+00  3.15816363e+00 
 3.34064000e-09  1.92632496e+00  1.67367504e+00  2.87892110e+00  3.15815680e+00 
 3.34114000e-09  1.92607024e+00  1.67392976e+00  2.87896424e+00  3.15814952e+00 
 3.34164000e-09  1.92581427e+00  1.67418573e+00  2.87900770e+00  3.15814179e+00 
 3.34214000e-09  1.92555706e+00  1.67444294e+00  2.87905147e+00  3.15813359e+00 
 3.34264000e-09  1.92529861e+00  1.67470139e+00  2.87909558e+00  3.15812490e+00 
 3.34314000e-09  1.92503893e+00  1.67496107e+00  2.87914002e+00  3.15811572e+00 
 3.34364000e-09  1.92477801e+00  1.67522199e+00  2.87918481e+00  3.15810604e+00 
 3.34414000e-09  1.92451586e+00  1.67548414e+00  2.87922995e+00  3.15809584e+00 
 3.34464000e-09  1.92425248e+00  1.67574752e+00  2.87927546e+00  3.15808511e+00 
 3.34514000e-09  1.92398787e+00  1.67601213e+00  2.87932133e+00  3.15807384e+00 
 3.34564000e-09  1.92372204e+00  1.67627796e+00  2.87936758e+00  3.15806201e+00 
 3.34614000e-09  1.92345499e+00  1.67654501e+00  2.87941422e+00  3.15804962e+00 
 3.34664000e-09  1.92318672e+00  1.67681328e+00  2.87946126e+00  3.15803664e+00 
 3.34714000e-09  1.92291724e+00  1.67708276e+00  2.87950871e+00  3.15802306e+00 
 3.34764000e-09  1.92264654e+00  1.67735346e+00  2.87955657e+00  3.15800887e+00 
 3.34814000e-09  1.92237463e+00  1.67762537e+00  2.87960487e+00  3.15799406e+00 
 3.34864000e-09  1.92210151e+00  1.67789849e+00  2.87965360e+00  3.15797860e+00 
 3.34914000e-09  1.92182719e+00  1.67817281e+00  2.87970277e+00  3.15796249e+00 
 3.34964000e-09  1.92155167e+00  1.67844833e+00  2.87975241e+00  3.15794571e+00 
 3.35014000e-09  1.92127495e+00  1.67872505e+00  2.87980252e+00  3.15792823e+00 
 3.35064000e-09  1.92099703e+00  1.67900297e+00  2.87985311e+00  3.15791005e+00 
 3.35114000e-09  1.92071791e+00  1.67928209e+00  2.87990419e+00  3.15789115e+00 
 3.35164000e-09  1.92043760e+00  1.67956240e+00  2.87995578e+00  3.15787151e+00 
 3.35214000e-09  1.92015611e+00  1.67984389e+00  2.88000789e+00  3.15785110e+00 
 3.35264000e-09  1.91987343e+00  1.68012657e+00  2.88006053e+00  3.15782993e+00 
 3.35314000e-09  1.91958956e+00  1.68041044e+00  2.88011371e+00  3.15780795e+00 
 3.35364000e-09  1.91930452e+00  1.68069548e+00  2.88016745e+00  3.15778517e+00 
 3.35414000e-09  1.91901830e+00  1.68098170e+00  2.88022175e+00  3.15776155e+00 
 3.35464000e-09  1.91873090e+00  1.68126910e+00  2.88027665e+00  3.15773707e+00 
 3.35514000e-09  1.91844233e+00  1.68155767e+00  2.88033214e+00  3.15771172e+00 
 3.35564000e-09  1.91815260e+00  1.68184740e+00  2.88038824e+00  3.15768548e+00 
 3.35614000e-09  1.91786169e+00  1.68213831e+00  2.88044497e+00  3.15765832e+00 
 3.35664000e-09  1.91756963e+00  1.68243037e+00  2.88050234e+00  3.15763022e+00 
 3.35714000e-09  1.91727640e+00  1.68272360e+00  2.88056038e+00  3.15760116e+00 
 3.35764000e-09  1.91698202e+00  1.68301798e+00  2.88061908e+00  3.15757112e+00 
 3.35814000e-09  1.91668648e+00  1.68331352e+00  2.88067848e+00  3.15754007e+00 
 3.35864000e-09  1.91638979e+00  1.68361021e+00  2.88073858e+00  3.15750799e+00 
 3.35914000e-09  1.91609195e+00  1.68390805e+00  2.88079941e+00  3.15747485e+00 
 3.35964000e-09  1.91579296e+00  1.68420704e+00  2.88086098e+00  3.15744064e+00 
 3.36014000e-09  1.91549284e+00  1.68450716e+00  2.88092332e+00  3.15740532e+00 
 3.36064000e-09  1.91519157e+00  1.68480843e+00  2.88098643e+00  3.15736886e+00 
 3.36114000e-09  1.91488916e+00  1.68511084e+00  2.88105033e+00  3.15733126e+00 
 3.36164000e-09  1.91458562e+00  1.68541438e+00  2.88111505e+00  3.15729246e+00 
 3.36214000e-09  1.91428096e+00  1.68571904e+00  2.88118061e+00  3.15725246e+00 
 3.36264000e-09  1.91397516e+00  1.68602484e+00  2.88124703e+00  3.15721121e+00 
 3.36314000e-09  1.91366824e+00  1.68633176e+00  2.88131432e+00  3.15716870e+00 
 3.36364000e-09  1.91336019e+00  1.68663981e+00  2.88138250e+00  3.15712489e+00 
 3.36414000e-09  1.91305103e+00  1.68694897e+00  2.88145161e+00  3.15707975e+00 
 3.36464000e-09  1.91274075e+00  1.68725925e+00  2.88152165e+00  3.15703326e+00 
 3.36514000e-09  1.91242936e+00  1.68757064e+00  2.88159266e+00  3.15698537e+00 
 3.36564000e-09  1.91211686e+00  1.68788314e+00  2.88166465e+00  3.15693607e+00 
 3.36614000e-09  1.91180325e+00  1.68819675e+00  2.88173765e+00  3.15688532e+00 
 3.36664000e-09  1.91148854e+00  1.68851146e+00  2.88181168e+00  3.15683308e+00 
 3.36714000e-09  1.91117273e+00  1.68882727e+00  2.88188677e+00  3.15677932e+00 
 3.36764000e-09  1.91085582e+00  1.68914418e+00  2.88196294e+00  3.15672401e+00 
 3.36814000e-09  1.91053782e+00  1.68946218e+00  2.88204021e+00  3.15666712e+00 
 3.36864000e-09  1.91021872e+00  1.68978128e+00  2.88211862e+00  3.15660860e+00 
 3.36914000e-09  1.90989854e+00  1.69010146e+00  2.88219818e+00  3.15654843e+00 
 3.36964000e-09  1.90957728e+00  1.69042272e+00  2.88227893e+00  3.15648657e+00 
 3.37014000e-09  1.90925493e+00  1.69074507e+00  2.88236089e+00  3.15642298e+00 
 3.37064000e-09  1.90893150e+00  1.69106850e+00  2.88244408e+00  3.15635762e+00 
 3.37114000e-09  1.90860700e+00  1.69139300e+00  2.88252855e+00  3.15629046e+00 
 3.37164000e-09  1.90828143e+00  1.69171857e+00  2.88261431e+00  3.15622146e+00 
 3.37214000e-09  1.90795479e+00  1.69204521e+00  2.88270140e+00  3.15615058e+00 
 3.37264000e-09  1.90762708e+00  1.69237292e+00  2.88278984e+00  3.15607778e+00 
 3.37314000e-09  1.90729831e+00  1.69270169e+00  2.88287967e+00  3.15600302e+00 
 3.37364000e-09  1.90696848e+00  1.69303152e+00  2.88297091e+00  3.15592626e+00 
 3.37414000e-09  1.90663760e+00  1.69336240e+00  2.88306361e+00  3.15584745e+00 
 3.37464000e-09  1.90630566e+00  1.69369434e+00  2.88315778e+00  3.15576657e+00 
 3.37514000e-09  1.90597268e+00  1.69402732e+00  2.88325346e+00  3.15568356e+00 
 3.37564000e-09  1.90563864e+00  1.69436136e+00  2.88335069e+00  3.15559838e+00 
 3.37614000e-09  1.90530357e+00  1.69469643e+00  2.88344950e+00  3.15551099e+00 
 3.37664000e-09  1.90496746e+00  1.69503254e+00  2.88354992e+00  3.15542135e+00 
 3.37714000e-09  1.90463031e+00  1.69536969e+00  2.88365198e+00  3.15532942e+00 
 3.37764000e-09  1.90429212e+00  1.69570788e+00  2.88375573e+00  3.15523514e+00 
 3.37814000e-09  1.90395291e+00  1.69604709e+00  2.88386120e+00  3.15513847e+00 
 3.37864000e-09  1.90361268e+00  1.69638732e+00  2.88396842e+00  3.15503937e+00 
 3.37914000e-09  1.90327142e+00  1.69672858e+00  2.88407743e+00  3.15493780e+00 
 3.37964000e-09  1.90292914e+00  1.69707086e+00  2.88418827e+00  3.15483370e+00 
 3.38014000e-09  1.90258584e+00  1.69741416e+00  2.88430097e+00  3.15472703e+00 
 3.38064000e-09  1.90224153e+00  1.69775847e+00  2.88441557e+00  3.15461775e+00 
 3.38114000e-09  1.90189622e+00  1.69810378e+00  2.88453212e+00  3.15450581e+00 
 3.38164000e-09  1.90154989e+00  1.69845011e+00  2.88465065e+00  3.15439116e+00 
 3.38214000e-09  1.90120257e+00  1.69879743e+00  2.88477119e+00  3.15427375e+00 
 3.38264000e-09  1.90085425e+00  1.69914575e+00  2.88489380e+00  3.15415353e+00 
 3.38314000e-09  1.90050493e+00  1.69949507e+00  2.88501850e+00  3.15403047e+00 
 3.38364000e-09  1.90015462e+00  1.69984538e+00  2.88514535e+00  3.15390451e+00 
 3.38414000e-09  1.89980332e+00  1.70019668e+00  2.88527437e+00  3.15377560e+00 
 3.38464000e-09  1.89945103e+00  1.70054897e+00  2.88540562e+00  3.15364370e+00 
 3.38514000e-09  1.89909777e+00  1.70090223e+00  2.88553913e+00  3.15350875e+00 
 3.38564000e-09  1.89874352e+00  1.70125648e+00  2.88567495e+00  3.15337072e+00 
 3.38614000e-09  1.89838830e+00  1.70161170e+00  2.88581312e+00  3.15322954e+00 
 3.38664000e-09  1.89803211e+00  1.70196789e+00  2.88595368e+00  3.15308518e+00 
 3.38714000e-09  1.89767496e+00  1.70232504e+00  2.88609667e+00  3.15293759e+00 
 3.38764000e-09  1.89731684e+00  1.70268316e+00  2.88624214e+00  3.15278671e+00 
 3.38814000e-09  1.89695775e+00  1.70304225e+00  2.88639013e+00  3.15263250e+00 
 3.38864000e-09  1.89659772e+00  1.70340228e+00  2.88654068e+00  3.15247492e+00 
 3.38914000e-09  1.89623672e+00  1.70376328e+00  2.88669384e+00  3.15231392e+00 
 3.38964000e-09  1.89587478e+00  1.70412522e+00  2.88684965e+00  3.15214945e+00 
 3.39014000e-09  1.89551189e+00  1.70448811e+00  2.88700816e+00  3.15198146e+00 
 3.39064000e-09  1.89514806e+00  1.70485194e+00  2.88716941e+00  3.15180990e+00 
 3.39114000e-09  1.89478329e+00  1.70521671e+00  2.88733344e+00  3.15163474e+00 
 3.39164000e-09  1.89441759e+00  1.70558241e+00  2.88750031e+00  3.15145593e+00 
 3.39214000e-09  1.89405095e+00  1.70594905e+00  2.88767004e+00  3.15127342e+00 
 3.39264000e-09  1.89368339e+00  1.70631661e+00  2.88784269e+00  3.15108717e+00 
 3.39314000e-09  1.89331490e+00  1.70668510e+00  2.88801830e+00  3.15089713e+00 
 3.39364000e-09  1.89294549e+00  1.70705451e+00  2.88819692e+00  3.15070327e+00 
 3.39414000e-09  1.89257516e+00  1.70742484e+00  2.88837859e+00  3.15050553e+00 
 3.39464000e-09  1.89220392e+00  1.70779608e+00  2.88856335e+00  3.15030389e+00 
 3.39514000e-09  1.89183176e+00  1.70816824e+00  2.88875125e+00  3.15009829e+00 
 3.39564000e-09  1.89145871e+00  1.70854129e+00  2.88894233e+00  3.14988870e+00 
 3.39614000e-09  1.89108474e+00  1.70891526e+00  2.88913663e+00  3.14967508e+00 
 3.39664000e-09  1.89070988e+00  1.70929012e+00  2.88933420e+00  3.14945739e+00 
 3.39714000e-09  1.89033413e+00  1.70966587e+00  2.88953507e+00  3.14923559e+00 
 3.39764000e-09  1.88995748e+00  1.71004252e+00  2.88973930e+00  3.14900965e+00 
 3.39814000e-09  1.88957995e+00  1.71042005e+00  2.88994693e+00  3.14877952e+00 
 3.39864000e-09  1.88920153e+00  1.71079847e+00  2.89015798e+00  3.14854519e+00 
 3.39914000e-09  1.88882223e+00  1.71117777e+00  2.89037251e+00  3.14830660e+00 
 3.39964000e-09  1.88844206e+00  1.71155794e+00  2.89059056e+00  3.14806374e+00 
 3.40014000e-09  1.88806101e+00  1.71193899e+00  2.89081217e+00  3.14781656e+00 
 3.40064000e-09  1.88767909e+00  1.71232091e+00  2.89103737e+00  3.14756505e+00 
 3.40114000e-09  1.88729631e+00  1.71270369e+00  2.89126620e+00  3.14730916e+00 
 3.40164000e-09  1.88691266e+00  1.71308734e+00  2.89149871e+00  3.14704887e+00 
 3.40214000e-09  1.88652816e+00  1.71347184e+00  2.89173492e+00  3.14678416e+00 
 3.40264000e-09  1.88614280e+00  1.71385720e+00  2.89197489e+00  3.14651499e+00 
 3.40314000e-09  1.88575660e+00  1.71424340e+00  2.89221863e+00  3.14624135e+00 
 3.40364000e-09  1.88536954e+00  1.71463046e+00  2.89246619e+00  3.14596320e+00 
 3.40414000e-09  1.88498165e+00  1.71501835e+00  2.89271761e+00  3.14568054e+00 
 3.40464000e-09  1.88459291e+00  1.71540709e+00  2.89297291e+00  3.14539333e+00 
 3.40514000e-09  1.88420334e+00  1.71579666e+00  2.89323213e+00  3.14510157e+00 
 3.40564000e-09  1.88381294e+00  1.71618706e+00  2.89349530e+00  3.14480522e+00 
 3.40614000e-09  1.88342172e+00  1.71657828e+00  2.89376245e+00  3.14450427e+00 
 3.40664000e-09  1.88302966e+00  1.71697034e+00  2.89403361e+00  3.14419871e+00 
 3.40714000e-09  1.88263679e+00  1.71736321e+00  2.89430881e+00  3.14388853e+00 
 3.40764000e-09  1.88224311e+00  1.71775689e+00  2.89458808e+00  3.14357370e+00 
 3.40814000e-09  1.88184861e+00  1.71815139e+00  2.89487145e+00  3.14325422e+00 
 3.40864000e-09  1.88145331e+00  1.71854669e+00  2.89515893e+00  3.14293008e+00 
 3.40914000e-09  1.88105720e+00  1.71894280e+00  2.89545057e+00  3.14260127e+00 
 3.40964000e-09  1.88066029e+00  1.71933971e+00  2.89574637e+00  3.14226778e+00 
 3.41014000e-09  1.88026258e+00  1.71973742e+00  2.89604637e+00  3.14192960e+00 
 3.41064000e-09  1.87986408e+00  1.72013592e+00  2.89635058e+00  3.14158673e+00 
 3.41114000e-09  1.87946480e+00  1.72053520e+00  2.89665903e+00  3.14123917e+00 
 3.41164000e-09  1.87906473e+00  1.72093527e+00  2.89697174e+00  3.14088691e+00 
 3.41214000e-09  1.87866388e+00  1.72133612e+00  2.89728871e+00  3.14052994e+00 
 3.41264000e-09  1.87826225e+00  1.72173775e+00  2.89760998e+00  3.14016828e+00 
 3.41314000e-09  1.87785985e+00  1.72214015e+00  2.89793556e+00  3.13980192e+00 
 3.41364000e-09  1.87745668e+00  1.72254332e+00  2.89826545e+00  3.13943086e+00 
 3.41414000e-09  1.87705275e+00  1.72294725e+00  2.89859969e+00  3.13905511e+00 
 3.41464000e-09  1.87664806e+00  1.72335194e+00  2.89893827e+00  3.13867466e+00 
 3.41514000e-09  1.87624261e+00  1.72375739e+00  2.89928121e+00  3.13828953e+00 
 3.41564000e-09  1.87583641e+00  1.72416359e+00  2.89962852e+00  3.13789973e+00 
 3.41614000e-09  1.87542946e+00  1.72457054e+00  2.89998021e+00  3.13750525e+00 
 3.41664000e-09  1.87502176e+00  1.72497824e+00  2.90033628e+00  3.13710611e+00 
 3.41714000e-09  1.87461333e+00  1.72538667e+00  2.90069675e+00  3.13670232e+00 
 3.41764000e-09  1.87420416e+00  1.72579584e+00  2.90106162e+00  3.13629389e+00 
 3.41814000e-09  1.87379425e+00  1.72620575e+00  2.90143090e+00  3.13588082e+00 
 3.41864000e-09  1.87338362e+00  1.72661638e+00  2.90180458e+00  3.13546315e+00 
 3.41914000e-09  1.87297227e+00  1.72702773e+00  2.90218267e+00  3.13504087e+00 
 3.41964000e-09  1.87256019e+00  1.72743981e+00  2.90256517e+00  3.13461400e+00 
 3.42014000e-09  1.87214740e+00  1.72785260e+00  2.90295208e+00  3.13418255e+00 
 3.42064000e-09  1.87173389e+00  1.72826611e+00  2.90334340e+00  3.13374655e+00 
 3.42114000e-09  1.87131968e+00  1.72868032e+00  2.90373913e+00  3.13330601e+00 
 3.42164000e-09  1.87090476e+00  1.72909524e+00  2.90413926e+00  3.13286095e+00 
 3.42214000e-09  1.87048915e+00  1.72951085e+00  2.90454380e+00  3.13241138e+00 
 3.42264000e-09  1.87007283e+00  1.72992717e+00  2.90495273e+00  3.13195734e+00 
 3.42314000e-09  1.86965583e+00  1.73034417e+00  2.90536604e+00  3.13149882e+00 
 3.42364000e-09  1.86923814e+00  1.73076186e+00  2.90578374e+00  3.13103587e+00 
 3.42414000e-09  1.86881977e+00  1.73118023e+00  2.90620581e+00  3.13056849e+00 
 3.42464000e-09  1.86840071e+00  1.73159929e+00  2.90663225e+00  3.13009671e+00 
 3.42514000e-09  1.86798098e+00  1.73201902e+00  2.90706304e+00  3.12962056e+00 
 3.42564000e-09  1.86756058e+00  1.73243942e+00  2.90749817e+00  3.12914006e+00 
 3.42614000e-09  1.86713952e+00  1.73286048e+00  2.90793763e+00  3.12865522e+00 
 3.42664000e-09  1.86671779e+00  1.73328221e+00  2.90838141e+00  3.12816608e+00 
 3.42714000e-09  1.86629540e+00  1.73370460e+00  2.90882949e+00  3.12767266e+00 
 3.42764000e-09  1.86587236e+00  1.73412764e+00  2.90928187e+00  3.12717499e+00 
 3.42814000e-09  1.86544867e+00  1.73455133e+00  2.90973851e+00  3.12667309e+00 
 3.42864000e-09  1.86502433e+00  1.73497567e+00  2.91019942e+00  3.12616698e+00 
 3.42914000e-09  1.86459935e+00  1.73540065e+00  2.91066457e+00  3.12565670e+00 
 3.42964000e-09  1.86417373e+00  1.73582627e+00  2.91113394e+00  3.12514227e+00 
 3.43014000e-09  1.86374748e+00  1.73625252e+00  2.91160752e+00  3.12462372e+00 
 3.43064000e-09  1.86332060e+00  1.73667940e+00  2.91208528e+00  3.12410108e+00 
 3.43114000e-09  1.86289310e+00  1.73710690e+00  2.91256721e+00  3.12357438e+00 
 3.43164000e-09  1.86246497e+00  1.73753503e+00  2.91305329e+00  3.12304364e+00 
 3.43214000e-09  1.86203623e+00  1.73796377e+00  2.91354349e+00  3.12250889e+00 
 3.43264000e-09  1.86160687e+00  1.73839313e+00  2.91403780e+00  3.12197016e+00 
 3.43314000e-09  1.86117691e+00  1.73882309e+00  2.91453619e+00  3.12142749e+00 
 3.43364000e-09  1.86074634e+00  1.73925366e+00  2.91503864e+00  3.12088089e+00 
 3.43414000e-09  1.86031518e+00  1.73968482e+00  2.91554512e+00  3.12033041e+00 
 3.43464000e-09  1.85988342e+00  1.74011658e+00  2.91605562e+00  3.11977607e+00 
 3.43514000e-09  1.85945107e+00  1.74054893e+00  2.91657010e+00  3.11921790e+00 
 3.43564000e-09  1.85901813e+00  1.74098187e+00  2.91708855e+00  3.11865593e+00 
 3.43614000e-09  1.85858461e+00  1.74141539e+00  2.91761093e+00  3.11809019e+00 
 3.43664000e-09  1.85815051e+00  1.74184949e+00  2.91813723e+00  3.11752071e+00 
 3.43714000e-09  1.85771583e+00  1.74228417e+00  2.91866741e+00  3.11694753e+00 
 3.43764000e-09  1.85728059e+00  1.74271941e+00  2.91920146e+00  3.11637068e+00 
 3.43814000e-09  1.85684478e+00  1.74315522e+00  2.91973933e+00  3.11579018e+00 
 3.43864000e-09  1.85640841e+00  1.74359159e+00  2.92028102e+00  3.11520606e+00 
 3.43914000e-09  1.85597149e+00  1.74402851e+00  2.92082648e+00  3.11461837e+00 
 3.43964000e-09  1.85553401e+00  1.74446599e+00  2.92137569e+00  3.11402712e+00 
 3.44014000e-09  1.85509598e+00  1.74490402e+00  2.92192862e+00  3.11343235e+00 
 3.44064000e-09  1.85465741e+00  1.74534259e+00  2.92248525e+00  3.11283410e+00 
 3.44114000e-09  1.85421830e+00  1.74578170e+00  2.92304555e+00  3.11223239e+00 
 3.44164000e-09  1.85377866e+00  1.74622134e+00  2.92360948e+00  3.11162725e+00 
 3.44214000e-09  1.85333848e+00  1.74666152e+00  2.92417702e+00  3.11101873e+00 
 3.44264000e-09  1.85289778e+00  1.74710222e+00  2.92474813e+00  3.11040683e+00 
 3.44314000e-09  1.85245655e+00  1.74754345e+00  2.92532280e+00  3.10979161e+00 
 3.44364000e-09  1.85201481e+00  1.74798519e+00  2.92590098e+00  3.10917309e+00 
 3.44414000e-09  1.85157256e+00  1.74842744e+00  2.92648265e+00  3.10855130e+00 
 3.44464000e-09  1.85112979e+00  1.74887021e+00  2.92706779e+00  3.10792628e+00 
 3.44514000e-09  1.85068652e+00  1.74931348e+00  2.92765634e+00  3.10729805e+00 
 3.44564000e-09  1.85024275e+00  1.74975725e+00  2.92824830e+00  3.10666665e+00 
 3.44614000e-09  1.84979849e+00  1.75020151e+00  2.92884363e+00  3.10603210e+00 
 3.44664000e-09  1.84935373e+00  1.75064627e+00  2.92944229e+00  3.10539445e+00 
 3.44714000e-09  1.84890849e+00  1.75109151e+00  2.93004426e+00  3.10475371e+00 
 3.44764000e-09  1.84846276e+00  1.75153724e+00  2.93064950e+00  3.10410993e+00 
 3.44814000e-09  1.84801656e+00  1.75198344e+00  2.93125798e+00  3.10346313e+00 
 3.44864000e-09  1.84756988e+00  1.75243012e+00  2.93186968e+00  3.10281334e+00 
 3.44914000e-09  1.84712273e+00  1.75287727e+00  2.93248456e+00  3.10216060e+00 
 3.44964000e-09  1.84667512e+00  1.75332488e+00  2.93310260e+00  3.10150493e+00 
 3.45014000e-09  1.84622704e+00  1.75377296e+00  2.93372375e+00  3.10084638e+00 
 3.45064000e-09  1.84577851e+00  1.75422149e+00  2.93434799e+00  3.10018495e+00 
 3.45114000e-09  1.84532953e+00  1.75467047e+00  2.93497529e+00  3.09952070e+00 
 3.45164000e-09  1.84488010e+00  1.75511990e+00  2.93560561e+00  3.09885365e+00 
 3.45214000e-09  1.84443023e+00  1.75556977e+00  2.93623893e+00  3.09818382e+00 
 3.45264000e-09  1.84397992e+00  1.75602008e+00  2.93687521e+00  3.09751126e+00 
 3.45314000e-09  1.84352917e+00  1.75647083e+00  2.93751442e+00  3.09683598e+00 
 3.45364000e-09  1.84307800e+00  1.75692200e+00  2.93815653e+00  3.09615803e+00 
 3.45414000e-09  1.84262640e+00  1.75737360e+00  2.93880152e+00  3.09547743e+00 
 3.45464000e-09  1.84217438e+00  1.75782562e+00  2.93944934e+00  3.09479420e+00 
 3.45514000e-09  1.84172194e+00  1.75827806e+00  2.94009996e+00  3.09410839e+00 
 3.45564000e-09  1.84126909e+00  1.75873091e+00  2.94075337e+00  3.09342002e+00 
 3.45614000e-09  1.84081584e+00  1.75918416e+00  2.94140951e+00  3.09272912e+00 
 3.45664000e-09  1.84036218e+00  1.75963782e+00  2.94206837e+00  3.09203572e+00 
 3.45714000e-09  1.83990812e+00  1.76009188e+00  2.94272992e+00  3.09133985e+00 
 3.45764000e-09  1.83945367e+00  1.76054633e+00  2.94339411e+00  3.09064153e+00 
 3.45814000e-09  1.83899883e+00  1.76100117e+00  2.94406092e+00  3.08994081e+00 
 3.45864000e-09  1.83854361e+00  1.76145639e+00  2.94473032e+00  3.08923770e+00 
 3.45914000e-09  1.83808800e+00  1.76191200e+00  2.94540228e+00  3.08853224e+00 
 3.45964000e-09  1.83763202e+00  1.76236798e+00  2.94607677e+00  3.08782445e+00 
 3.46014000e-09  1.83717567e+00  1.76282433e+00  2.94675375e+00  3.08711437e+00 
 3.46064000e-09  1.83671895e+00  1.76328105e+00  2.94743320e+00  3.08640203e+00 
 3.46114000e-09  1.83626187e+00  1.76373813e+00  2.94811508e+00  3.08568744e+00 
 3.46164000e-09  1.83580443e+00  1.76419557e+00  2.94879937e+00  3.08497065e+00 
 3.46214000e-09  1.83534663e+00  1.76465337e+00  2.94948603e+00  3.08425167e+00 
 3.46264000e-09  1.83488849e+00  1.76511151e+00  2.95017503e+00  3.08353054e+00 
 3.46314000e-09  1.83443000e+00  1.76557000e+00  2.95086635e+00  3.08280729e+00 
 3.46364000e-09  1.83397118e+00  1.76602882e+00  2.95155995e+00  3.08208194e+00 
 3.46414000e-09  1.83351202e+00  1.76648798e+00  2.95225580e+00  3.08135453e+00 
 3.46464000e-09  1.83305252e+00  1.76694748e+00  2.95295387e+00  3.08062507e+00 
 3.46514000e-09  1.83259270e+00  1.76740730e+00  2.95365414e+00  3.07989360e+00 
 3.46564000e-09  1.83213256e+00  1.76786744e+00  2.95435656e+00  3.07916015e+00 
 3.46614000e-09  1.83167211e+00  1.76832789e+00  2.95506112e+00  3.07842474e+00 
 3.46664000e-09  1.83121134e+00  1.76878866e+00  2.95576778e+00  3.07768740e+00 
 3.46714000e-09  1.83075026e+00  1.76924974e+00  2.95647652e+00  3.07694816e+00 
 3.46764000e-09  1.83028888e+00  1.76971112e+00  2.95718729e+00  3.07620705e+00 
 3.46814000e-09  1.82982720e+00  1.77017280e+00  2.95790008e+00  3.07546409e+00 
 3.46864000e-09  1.82936522e+00  1.77063478e+00  2.95861486e+00  3.07471930e+00 
 3.46914000e-09  1.82890296e+00  1.77109704e+00  2.95933158e+00  3.07397273e+00 
 3.46964000e-09  1.82844041e+00  1.77155959e+00  2.96005024e+00  3.07322439e+00 
 3.47014000e-09  1.82797758e+00  1.77202242e+00  2.96077079e+00  3.07247431e+00 
 3.47064000e-09  1.82751447e+00  1.77248553e+00  2.96149320e+00  3.07172252e+00 
 3.47114000e-09  1.82705109e+00  1.77294891e+00  2.96221745e+00  3.07096904e+00 
 3.47164000e-09  1.82658745e+00  1.77341255e+00  2.96294351e+00  3.07021390e+00 
 3.47214000e-09  1.82612354e+00  1.77387646e+00  2.96367135e+00  3.06945714e+00 
 3.47264000e-09  1.82565937e+00  1.77434063e+00  2.96440095e+00  3.06869876e+00 
 3.47314000e-09  1.82519495e+00  1.77480505e+00  2.96513226e+00  3.06793881e+00 
 3.47364000e-09  1.82473029e+00  1.77526971e+00  2.96586527e+00  3.06717730e+00 
 3.47414000e-09  1.82426538e+00  1.77573462e+00  2.96659994e+00  3.06641426e+00 
 3.47464000e-09  1.82380022e+00  1.77619978e+00  2.96733625e+00  3.06564972e+00 
 3.47514000e-09  1.82333484e+00  1.77666516e+00  2.96807417e+00  3.06488371e+00 
 3.47564000e-09  1.82286922e+00  1.77713078e+00  2.96881366e+00  3.06411625e+00 
 3.47614000e-09  1.82240338e+00  1.77759662e+00  2.96955471e+00  3.06334737e+00 
 3.47664000e-09  1.82193732e+00  1.77806268e+00  2.97029729e+00  3.06257708e+00 
 3.47714000e-09  1.82147104e+00  1.77852896e+00  2.97104136e+00  3.06180543e+00 
 3.47764000e-09  1.82100455e+00  1.77899545e+00  2.97178689e+00  3.06103242e+00 
 3.47814000e-09  1.82053785e+00  1.77946215e+00  2.97253387e+00  3.06025810e+00 
 3.47864000e-09  1.82007095e+00  1.77992905e+00  2.97328226e+00  3.05948248e+00 
 3.47914000e-09  1.81960385e+00  1.78039615e+00  2.97403204e+00  3.05870559e+00 
 3.47964000e-09  1.81913655e+00  1.78086345e+00  2.97478317e+00  3.05792746e+00 
 3.48014000e-09  1.81866907e+00  1.78133093e+00  2.97553563e+00  3.05714810e+00 
 3.48064000e-09  1.81820141e+00  1.78179859e+00  2.97628940e+00  3.05636755e+00 
 3.48114000e-09  1.81773356e+00  1.78226644e+00  2.97704444e+00  3.05558583e+00 
 3.48164000e-09  1.81726554e+00  1.78273446e+00  2.97780073e+00  3.05480297e+00 
 3.48214000e-09  1.81679735e+00  1.78320265e+00  2.97855824e+00  3.05401899e+00 
 3.48264000e-09  1.81632899e+00  1.78367101e+00  2.97931694e+00  3.05323391e+00 
 3.48314000e-09  1.81586047e+00  1.78413953e+00  2.98007682e+00  3.05244776e+00 
 3.48364000e-09  1.81539180e+00  1.78460820e+00  2.98083783e+00  3.05166057e+00 
 3.48414000e-09  1.81492297e+00  1.78507703e+00  2.98159996e+00  3.05087235e+00 
 3.48464000e-09  1.81445400e+00  1.78554600e+00  2.98236317e+00  3.05008314e+00 
 3.48514000e-09  1.81398488e+00  1.78601512e+00  2.98312745e+00  3.04929296e+00 
 3.48564000e-09  1.81351563e+00  1.78648437e+00  2.98389276e+00  3.04850184e+00 
 3.48614000e-09  1.81304624e+00  1.78695376e+00  2.98465908e+00  3.04770979e+00 
 3.48664000e-09  1.81257672e+00  1.78742328e+00  2.98542638e+00  3.04691684e+00 
 3.48714000e-09  1.81210708e+00  1.78789292e+00  2.98619463e+00  3.04612302e+00 
 3.48764000e-09  1.81163732e+00  1.78836268e+00  2.98696382e+00  3.04532836e+00 
 3.48814000e-09  1.81116744e+00  1.78883256e+00  2.98773391e+00  3.04453287e+00 
 3.48864000e-09  1.81069746e+00  1.78930254e+00  2.98850489e+00  3.04373658e+00 
 3.48914000e-09  1.81022737e+00  1.78977263e+00  2.98927671e+00  3.04293951e+00 
 3.48964000e-09  1.80975718e+00  1.79024282e+00  2.99004936e+00  3.04214169e+00 
 3.49014000e-09  1.80928689e+00  1.79071311e+00  2.99082282e+00  3.04134315e+00 
 3.49064000e-09  1.80881651e+00  1.79118349e+00  2.99159705e+00  3.04054391e+00 
 3.49114000e-09  1.80834604e+00  1.79165396e+00  2.99237204e+00  3.03974399e+00 
 3.49164000e-09  1.80787549e+00  1.79212451e+00  2.99314775e+00  3.03894342e+00 
 3.49214000e-09  1.80740486e+00  1.79259514e+00  2.99392416e+00  3.03814222e+00 
 3.49264000e-09  1.80693416e+00  1.79306584e+00  2.99470126e+00  3.03734041e+00 
 3.49314000e-09  1.80646340e+00  1.79353660e+00  2.99547901e+00  3.03653803e+00 
 3.49364000e-09  1.80599256e+00  1.79400744e+00  2.99625739e+00  3.03573510e+00 
 3.49414000e-09  1.80552167e+00  1.79447833e+00  2.99703637e+00  3.03493163e+00 
 3.49464000e-09  1.80505073e+00  1.79494927e+00  2.99781594e+00  3.03412767e+00 
 3.49514000e-09  1.80457973e+00  1.79542027e+00  2.99859606e+00  3.03332322e+00 
 3.49564000e-09  1.80410869e+00  1.79589131e+00  2.99937672e+00  3.03251832e+00 
 3.49614000e-09  1.80363761e+00  1.79636239e+00  3.00015789e+00  3.03171300e+00 
 3.49664000e-09  1.80316649e+00  1.79683351e+00  3.00093956e+00  3.03090727e+00 
 3.49714000e-09  1.80269534e+00  1.79730466e+00  3.00172169e+00  3.03010117e+00 
 3.49764000e-09  1.80222417e+00  1.79777583e+00  3.00250426e+00  3.02929472e+00 
 3.49814000e-09  1.80175297e+00  1.79824703e+00  3.00328726e+00  3.02848795e+00 
 3.49864000e-09  1.80128175e+00  1.79871825e+00  3.00407066e+00  3.02768089e+00 
 3.49914000e-09  1.80081053e+00  1.79918947e+00  3.00485444e+00  3.02687356e+00 
 3.49964000e-09  1.80033929e+00  1.79966071e+00  3.00563858e+00  3.02606598e+00 
 3.50014000e-09  1.79986805e+00  1.80013195e+00  3.00642306e+00  3.02525820e+00 
 3.50064000e-09  1.79939682e+00  1.80060318e+00  3.00720785e+00  3.02445023e+00 
 3.50114000e-09  1.79892558e+00  1.80107442e+00  3.00799294e+00  3.02364210e+00 
 3.50164000e-09  1.79845436e+00  1.80154564e+00  3.00877831e+00  3.02283385e+00 
 3.50214000e-09  1.79798316e+00  1.80201684e+00  3.00956394e+00  3.02202549e+00 
 3.50264000e-09  1.79751197e+00  1.80248803e+00  3.01034980e+00  3.02121707e+00 
 3.50314000e-09  1.79704081e+00  1.80295919e+00  3.01113588e+00  3.02040860e+00 
 3.50364000e-09  1.79656968e+00  1.80343032e+00  3.01192215e+00  3.01960011e+00 
 3.50414000e-09  1.79609858e+00  1.80390142e+00  3.01270860e+00  3.01879163e+00 
 3.50464000e-09  1.79562752e+00  1.80437248e+00  3.01349520e+00  3.01798320e+00 
 3.50514000e-09  1.79515651e+00  1.80484349e+00  3.01428193e+00  3.01717482e+00 
 3.50564000e-09  1.79468554e+00  1.80531446e+00  3.01506878e+00  3.01636653e+00 
 3.50614000e-09  1.79421462e+00  1.80578538e+00  3.01585570e+00  3.01555836e+00 
 3.50664000e-09  1.79374376e+00  1.80625624e+00  3.01664269e+00  3.01475032e+00 
 3.50714000e-09  1.79327297e+00  1.80672703e+00  3.01742971e+00  3.01394243e+00 
 3.50764000e-09  1.79280223e+00  1.80719777e+00  3.01821674e+00  3.01313473e+00 
 3.50814000e-09  1.79233157e+00  1.80766843e+00  3.01900375e+00  3.01232721e+00 
 3.50864000e-09  1.79186099e+00  1.80813901e+00  3.01979071e+00  3.01151991e+00 
 3.50914000e-09  1.79139049e+00  1.80860951e+00  3.02057759e+00  3.01071284e+00 
 3.50964000e-09  1.79092007e+00  1.80907993e+00  3.02136435e+00  3.00990601e+00 
 3.51014000e-09  1.79044974e+00  1.80955026e+00  3.02215098e+00  3.00909944e+00 
 3.51064000e-09  1.78997950e+00  1.81002050e+00  3.02293743e+00  3.00829314e+00 
 3.51114000e-09  1.78950937e+00  1.81049063e+00  3.02372368e+00  3.00748712e+00 
 3.51164000e-09  1.78903934e+00  1.81096066e+00  3.02450967e+00  3.00668140e+00 
 3.51214000e-09  1.78856941e+00  1.81143059e+00  3.02529540e+00  3.00587600e+00 
 3.51264000e-09  1.78809960e+00  1.81190040e+00  3.02608081e+00  3.00507091e+00 
 3.51314000e-09  1.78762991e+00  1.81237009e+00  3.02686587e+00  3.00426616e+00 
 3.51364000e-09  1.78716033e+00  1.81283967e+00  3.02765055e+00  3.00346175e+00 
 3.51414000e-09  1.78669089e+00  1.81330911e+00  3.02843482e+00  3.00265770e+00 
 3.51464000e-09  1.78622158e+00  1.81377842e+00  3.02921863e+00  3.00185402e+00 
 3.51514000e-09  1.78575240e+00  1.81424760e+00  3.03000196e+00  3.00105073e+00 
 3.51564000e-09  1.78528336e+00  1.81471664e+00  3.03078478e+00  3.00024784e+00 
 3.51614000e-09  1.78481447e+00  1.81518553e+00  3.03156705e+00  2.99944536e+00 
 3.51664000e-09  1.78434573e+00  1.81565427e+00  3.03234873e+00  2.99864331e+00 
 3.51714000e-09  1.78387714e+00  1.81612286e+00  3.03312981e+00  2.99784170e+00 
 3.51764000e-09  1.78340871e+00  1.81659129e+00  3.03391024e+00  2.99704056e+00 
 3.51814000e-09  1.78294044e+00  1.81705956e+00  3.03469000e+00  2.99623990e+00 
 3.51864000e-09  1.78247235e+00  1.81752765e+00  3.03546905e+00  2.99543974e+00 
 3.51914000e-09  1.78200443e+00  1.81799557e+00  3.03624738e+00  2.99464010e+00 
 3.51964000e-09  1.78153668e+00  1.81846332e+00  3.03702495e+00  2.99384100e+00 
 3.52014000e-09  1.78106912e+00  1.81893088e+00  3.03780174e+00  2.99304246e+00 
 3.52064000e-09  1.78060174e+00  1.81939826e+00  3.03857772e+00  2.99224450e+00 
 3.52114000e-09  1.78013455e+00  1.81986545e+00  3.03935285e+00  2.99144714e+00 
 3.52164000e-09  1.77966756e+00  1.82033244e+00  3.04012713e+00  2.99065041e+00 
 3.52214000e-09  1.77920078e+00  1.82079922e+00  3.04090052e+00  2.98985433e+00 
 3.52264000e-09  1.77873419e+00  1.82126581e+00  3.04167300e+00  2.98905893e+00 
 3.52314000e-09  1.77826782e+00  1.82173218e+00  3.04244454e+00  2.98826422e+00 
 3.52364000e-09  1.77780166e+00  1.82219834e+00  3.04321513e+00  2.98747023e+00 
 3.52414000e-09  1.77733572e+00  1.82266428e+00  3.04398473e+00  2.98667699e+00 
 3.52464000e-09  1.77687000e+00  1.82313000e+00  3.04475333e+00  2.98588452e+00 
 3.52514000e-09  1.77640452e+00  1.82359548e+00  3.04552089e+00  2.98509285e+00 
 3.52564000e-09  1.77593926e+00  1.82406074e+00  3.04628741e+00  2.98430201e+00 
 3.52614000e-09  1.77547424e+00  1.82452576e+00  3.04705285e+00  2.98351201e+00 
 3.52664000e-09  1.77500947e+00  1.82499053e+00  3.04781720e+00  2.98272289e+00 
 3.52714000e-09  1.77454494e+00  1.82545506e+00  3.04858043e+00  2.98193467e+00 
 3.52764000e-09  1.77408066e+00  1.82591934e+00  3.04934251e+00  2.98114737e+00 
 3.52814000e-09  1.77361664e+00  1.82638336e+00  3.05010344e+00  2.98036103e+00 
 3.52864000e-09  1.77315288e+00  1.82684712e+00  3.05086318e+00  2.97957568e+00 
 3.52914000e-09  1.77268938e+00  1.82731062e+00  3.05162171e+00  2.97879133e+00 
 3.52964000e-09  1.77222616e+00  1.82777384e+00  3.05237901e+00  2.97800801e+00 
 3.53014000e-09  1.77176320e+00  1.82823680e+00  3.05313506e+00  2.97722575e+00 
 3.53064000e-09  1.77130053e+00  1.82869947e+00  3.05388983e+00  2.97644459e+00 
 3.53114000e-09  1.77083814e+00  1.82916186e+00  3.05464331e+00  2.97566453e+00 
 3.53164000e-09  1.77037604e+00  1.82962396e+00  3.05539546e+00  2.97488562e+00 
 3.53214000e-09  1.76991423e+00  1.83008577e+00  3.05614628e+00  2.97410788e+00 
 3.53264000e-09  1.76945271e+00  1.83054729e+00  3.05689572e+00  2.97333133e+00 
 3.53314000e-09  1.76899150e+00  1.83100850e+00  3.05764379e+00  2.97255600e+00 
 3.53364000e-09  1.76853059e+00  1.83146941e+00  3.05839044e+00  2.97178192e+00 
 3.53414000e-09  1.76807000e+00  1.83193000e+00  3.05913565e+00  2.97100911e+00 
 3.53464000e-09  1.76760972e+00  1.83239028e+00  3.05987941e+00  2.97023760e+00 
 3.53514000e-09  1.76714976e+00  1.83285024e+00  3.06062169e+00  2.96946742e+00 
 3.53564000e-09  1.76669012e+00  1.83330988e+00  3.06136246e+00  2.96869860e+00 
 3.53614000e-09  1.76623081e+00  1.83376919e+00  3.06210171e+00  2.96793116e+00 
 3.53664000e-09  1.76577184e+00  1.83422816e+00  3.06283940e+00  2.96716512e+00 
 3.53714000e-09  1.76531320e+00  1.83468680e+00  3.06357552e+00  2.96640052e+00 
 3.53764000e-09  1.76485491e+00  1.83514509e+00  3.06431004e+00  2.96563738e+00 
 3.53814000e-09  1.76439696e+00  1.83560304e+00  3.06504293e+00  2.96487572e+00 
 3.53864000e-09  1.76393936e+00  1.83606064e+00  3.06577418e+00  2.96411558e+00 
 3.53914000e-09  1.76348212e+00  1.83651788e+00  3.06650375e+00  2.96335698e+00 
 3.53964000e-09  1.76302524e+00  1.83697476e+00  3.06723163e+00  2.96259994e+00 
 3.54014000e-09  1.76256873e+00  1.83743127e+00  3.06795778e+00  2.96184449e+00 
 3.54064000e-09  1.76211258e+00  1.83788742e+00  3.06868219e+00  2.96109067e+00 
 3.54114000e-09  1.76165681e+00  1.83834319e+00  3.06940482e+00  2.96033848e+00 
 3.54164000e-09  1.76120142e+00  1.83879858e+00  3.07012566e+00  2.95958797e+00 
 3.54214000e-09  1.76074641e+00  1.83925359e+00  3.07084467e+00  2.95883916e+00 
 3.54264000e-09  1.76029179e+00  1.83970821e+00  3.07156184e+00  2.95809207e+00 
 3.54314000e-09  1.75983756e+00  1.84016244e+00  3.07227713e+00  2.95734673e+00 
 3.54364000e-09  1.75938372e+00  1.84061628e+00  3.07299053e+00  2.95660316e+00 
 3.54414000e-09  1.75893029e+00  1.84106971e+00  3.07370200e+00  2.95586140e+00 
 3.54464000e-09  1.75847726e+00  1.84152274e+00  3.07441152e+00  2.95512147e+00 
 3.54514000e-09  1.75802464e+00  1.84197536e+00  3.07511906e+00  2.95438339e+00 
 3.54564000e-09  1.75757244e+00  1.84242756e+00  3.07582460e+00  2.95364719e+00 
 3.54614000e-09  1.75712065e+00  1.84287935e+00  3.07652811e+00  2.95291290e+00 
 3.54664000e-09  1.75666929e+00  1.84333071e+00  3.07722957e+00  2.95218054e+00 
 3.54714000e-09  1.75621836e+00  1.84378164e+00  3.07792894e+00  2.95145014e+00 
 3.54764000e-09  1.75576785e+00  1.84423215e+00  3.07862621e+00  2.95072173e+00 
 3.54814000e-09  1.75531779e+00  1.84468221e+00  3.07932134e+00  2.94999533e+00 
 3.54864000e-09  1.75486816e+00  1.84513184e+00  3.08001430e+00  2.94927097e+00 
 3.54914000e-09  1.75441898e+00  1.84558102e+00  3.08070509e+00  2.94854868e+00 
 3.54964000e-09  1.75397026e+00  1.84602974e+00  3.08139365e+00  2.94782847e+00 
 3.55014000e-09  1.75352198e+00  1.84647802e+00  3.08207997e+00  2.94711039e+00 
 3.55064000e-09  1.75307416e+00  1.84692584e+00  3.08276403e+00  2.94639445e+00 
 3.55114000e-09  1.75262681e+00  1.84737319e+00  3.08344578e+00  2.94568068e+00 
 3.55164000e-09  1.75217992e+00  1.84782008e+00  3.08412522e+00  2.94496910e+00 
 3.55214000e-09  1.75173351e+00  1.84826649e+00  3.08480230e+00  2.94425975e+00 
 3.55264000e-09  1.75128757e+00  1.84871243e+00  3.08547701e+00  2.94355265e+00 
 3.55314000e-09  1.75084212e+00  1.84915788e+00  3.08614930e+00  2.94284783e+00 
 3.55364000e-09  1.75039714e+00  1.84960286e+00  3.08681917e+00  2.94214530e+00 
 3.55414000e-09  1.74995266e+00  1.85004734e+00  3.08748658e+00  2.94144511e+00 
 3.55464000e-09  1.74950867e+00  1.85049133e+00  3.08815149e+00  2.94074728e+00 
 3.55514000e-09  1.74906519e+00  1.85093481e+00  3.08881390e+00  2.94005182e+00 
 3.55564000e-09  1.74862220e+00  1.85137780e+00  3.08947375e+00  2.93935878e+00 
 3.55614000e-09  1.74817972e+00  1.85182028e+00  3.09013104e+00  2.93866817e+00 
 3.55664000e-09  1.74773775e+00  1.85226225e+00  3.09078573e+00  2.93798002e+00 
 3.55714000e-09  1.74729630e+00  1.85270370e+00  3.09143779e+00  2.93729436e+00 
 3.55764000e-09  1.74685537e+00  1.85314463e+00  3.09208720e+00  2.93661121e+00 
 3.55814000e-09  1.74641496e+00  1.85358504e+00  3.09273393e+00  2.93593061e+00 
 3.55864000e-09  1.74597508e+00  1.85402492e+00  3.09337794e+00  2.93525257e+00 
 3.55914000e-09  1.74553573e+00  1.85446427e+00  3.09401922e+00  2.93457714e+00 
 3.55964000e-09  1.74509692e+00  1.85490308e+00  3.09465773e+00  2.93390432e+00 
 3.56014000e-09  1.74465866e+00  1.85534134e+00  3.09529345e+00  2.93323415e+00 
 3.56064000e-09  1.74422094e+00  1.85577906e+00  3.09592635e+00  2.93256665e+00 
 3.56114000e-09  1.74378377e+00  1.85621623e+00  3.09655640e+00  2.93190186e+00 
 3.56164000e-09  1.74334715e+00  1.85665285e+00  3.09718357e+00  2.93123979e+00 
 3.56214000e-09  1.74291110e+00  1.85708890e+00  3.09780784e+00  2.93058048e+00 
 3.56264000e-09  1.74247560e+00  1.85752440e+00  3.09842918e+00  2.92992395e+00 
 3.56314000e-09  1.74204068e+00  1.85795932e+00  3.09904755e+00  2.92927023e+00 
 3.56364000e-09  1.74160633e+00  1.85839367e+00  3.09966294e+00  2.92861934e+00 
 3.56414000e-09  1.74117255e+00  1.85882745e+00  3.10027532e+00  2.92797131e+00 
 3.56464000e-09  1.74073936e+00  1.85926064e+00  3.10088465e+00  2.92732617e+00 
 3.56514000e-09  1.74030674e+00  1.85969326e+00  3.10149091e+00  2.92668395e+00 
 3.56564000e-09  1.73987472e+00  1.86012528e+00  3.10209407e+00  2.92604466e+00 
 3.56614000e-09  1.73944329e+00  1.86055671e+00  3.10269410e+00  2.92540834e+00 
 3.56664000e-09  1.73901246e+00  1.86098754e+00  3.10329099e+00  2.92477501e+00 
 3.56714000e-09  1.73858224e+00  1.86141776e+00  3.10388469e+00  2.92414470e+00 
 3.56764000e-09  1.73815261e+00  1.86184739e+00  3.10447519e+00  2.92351744e+00 
 3.56814000e-09  1.73772360e+00  1.86227640e+00  3.10506246e+00  2.92289325e+00 
 3.56864000e-09  1.73729520e+00  1.86270480e+00  3.10564646e+00  2.92227216e+00 
 3.56914000e-09  1.73686743e+00  1.86313257e+00  3.10622718e+00  2.92165419e+00 
 3.56964000e-09  1.73644027e+00  1.86355973e+00  3.10680458e+00  2.92103937e+00 
 3.57014000e-09  1.73601374e+00  1.86398626e+00  3.10737864e+00  2.92042773e+00 
 3.57064000e-09  1.73558785e+00  1.86441215e+00  3.10794934e+00  2.91981929e+00 
 3.57114000e-09  1.73516258e+00  1.86483742e+00  3.10851664e+00  2.91921407e+00 
 3.57164000e-09  1.73473796e+00  1.86526204e+00  3.10908053e+00  2.91861211e+00 
 3.57214000e-09  1.73431399e+00  1.86568601e+00  3.10964097e+00  2.91801343e+00 
 3.57264000e-09  1.73389066e+00  1.86610934e+00  3.11019794e+00  2.91741805e+00 
 3.57314000e-09  1.73346798e+00  1.86653202e+00  3.11075142e+00  2.91682600e+00 
 3.57364000e-09  1.73304596e+00  1.86695404e+00  3.11130138e+00  2.91623730e+00 
 3.57414000e-09  1.73262460e+00  1.86737540e+00  3.11184779e+00  2.91565199e+00 
 3.57464000e-09  1.73220391e+00  1.86779609e+00  3.11239063e+00  2.91507008e+00 
 3.57514000e-09  1.73178389e+00  1.86821611e+00  3.11292988e+00  2.91449159e+00 
 3.57564000e-09  1.73136453e+00  1.86863547e+00  3.11346551e+00  2.91391656e+00 
 3.57614000e-09  1.73094586e+00  1.86905414e+00  3.11399750e+00  2.91334501e+00 
 3.57664000e-09  1.73052787e+00  1.86947213e+00  3.11452582e+00  2.91277696e+00 
 3.57714000e-09  1.73011056e+00  1.86988944e+00  3.11505046e+00  2.91221244e+00 
 3.57764000e-09  1.72969394e+00  1.87030606e+00  3.11557138e+00  2.91165146e+00 
 3.57814000e-09  1.72927802e+00  1.87072198e+00  3.11608857e+00  2.91109406e+00 
 3.57864000e-09  1.72886280e+00  1.87113720e+00  3.11660201e+00  2.91054026e+00 
 3.57914000e-09  1.72844827e+00  1.87155173e+00  3.11711166e+00  2.90999008e+00 
 3.57964000e-09  1.72803446e+00  1.87196554e+00  3.11761752e+00  2.90944354e+00 
 3.58014000e-09  1.72762135e+00  1.87237865e+00  3.11811955e+00  2.90890067e+00 
 3.58064000e-09  1.72720896e+00  1.87279104e+00  3.11861775e+00  2.90836148e+00 
 3.58114000e-09  1.72679729e+00  1.87320271e+00  3.11911208e+00  2.90782601e+00 
 3.58164000e-09  1.72638633e+00  1.87361367e+00  3.11960253e+00  2.90729426e+00 
 3.58214000e-09  1.72597611e+00  1.87402389e+00  3.12008909e+00  2.90676628e+00 
 3.58264000e-09  1.72556662e+00  1.87443338e+00  3.12057172e+00  2.90624206e+00 
 3.58314000e-09  1.72515786e+00  1.87484214e+00  3.12105041e+00  2.90572165e+00 
 3.58364000e-09  1.72474984e+00  1.87525016e+00  3.12152515e+00  2.90520505e+00 
 3.58414000e-09  1.72434256e+00  1.87565744e+00  3.12199592e+00  2.90469229e+00 
 3.58464000e-09  1.72393603e+00  1.87606397e+00  3.12246270e+00  2.90418338e+00 
 3.58514000e-09  1.72353024e+00  1.87646976e+00  3.12292547e+00  2.90367836e+00 
 3.58564000e-09  1.72312522e+00  1.87687478e+00  3.12338422e+00  2.90317723e+00 
 3.58614000e-09  1.72272095e+00  1.87727905e+00  3.12383893e+00  2.90268001e+00 
 3.58664000e-09  1.72231745e+00  1.87768255e+00  3.12428959e+00  2.90218673e+00 
 3.58714000e-09  1.72191471e+00  1.87808529e+00  3.12473618e+00  2.90169740e+00 
 3.58764000e-09  1.72151274e+00  1.87848726e+00  3.12517869e+00  2.90121205e+00 
 3.58814000e-09  1.72111155e+00  1.87888845e+00  3.12561712e+00  2.90073068e+00 
 3.58864000e-09  1.72071114e+00  1.87928886e+00  3.12605144e+00  2.90025331e+00 
 3.58914000e-09  1.72031150e+00  1.87968850e+00  3.12648164e+00  2.89977996e+00 
 3.58964000e-09  1.71991266e+00  1.88008734e+00  3.12690772e+00  2.89931065e+00 
 3.59014000e-09  1.71951461e+00  1.88048539e+00  3.12732966e+00  2.89884539e+00 
 3.59064000e-09  1.71911735e+00  1.88088265e+00  3.12774745e+00  2.89838420e+00 
 3.59114000e-09  1.71872088e+00  1.88127912e+00  3.12816110e+00  2.89792709e+00 
 3.59164000e-09  1.71832522e+00  1.88167478e+00  3.12857058e+00  2.89747408e+00 
 3.59214000e-09  1.71793037e+00  1.88206963e+00  3.12897589e+00  2.89702517e+00 
 3.59264000e-09  1.71753633e+00  1.88246367e+00  3.12937702e+00  2.89658038e+00 
 3.59314000e-09  1.71714310e+00  1.88285690e+00  3.12977398e+00  2.89613973e+00 
 3.59364000e-09  1.71675069e+00  1.88324931e+00  3.13016675e+00  2.89570323e+00 
 3.59414000e-09  1.71635910e+00  1.88364090e+00  3.13055533e+00  2.89527088e+00 
 3.59464000e-09  1.71596833e+00  1.88403167e+00  3.13093972e+00  2.89484270e+00 
 3.59514000e-09  1.71557840e+00  1.88442160e+00  3.13131991e+00  2.89441870e+00 
 3.59564000e-09  1.71518929e+00  1.88481071e+00  3.13169591e+00  2.89399889e+00 
 3.59614000e-09  1.71480103e+00  1.88519897e+00  3.13206771e+00  2.89358327e+00 
 3.59664000e-09  1.71441360e+00  1.88558640e+00  3.13243531e+00  2.89317186e+00 
 3.59714000e-09  1.71402702e+00  1.88597298e+00  3.13279872e+00  2.89276466e+00 
 3.59764000e-09  1.71364129e+00  1.88635871e+00  3.13315794e+00  2.89236168e+00 
 3.59814000e-09  1.71325641e+00  1.88674359e+00  3.13351297e+00  2.89196293e+00 
 3.59864000e-09  1.71287239e+00  1.88712761e+00  3.13386381e+00  2.89156840e+00 
 3.59914000e-09  1.71248923e+00  1.88751077e+00  3.13421047e+00  2.89117812e+00 
 3.59964000e-09  1.71210693e+00  1.88789307e+00  3.13455295e+00  2.89079208e+00 
 3.60014000e-09  1.71172550e+00  1.88827450e+00  3.13489127e+00  2.89041028e+00 
 3.60064000e-09  1.71134494e+00  1.88865506e+00  3.13522542e+00  2.89003273e+00 
 3.60114000e-09  1.71096525e+00  1.88903475e+00  3.13555542e+00  2.88965943e+00 
 3.60164000e-09  1.71058645e+00  1.88941355e+00  3.13588128e+00  2.88929038e+00 
 3.60214000e-09  1.71020852e+00  1.88979148e+00  3.13620301e+00  2.88892559e+00 
 3.60264000e-09  1.70983149e+00  1.89016851e+00  3.13652062e+00  2.88856505e+00 
 3.60314000e-09  1.70945534e+00  1.89054466e+00  3.13683412e+00  2.88820877e+00 
 3.60364000e-09  1.70908008e+00  1.89091992e+00  3.13714352e+00  2.88785673e+00 
 3.60414000e-09  1.70870573e+00  1.89129427e+00  3.13744884e+00  2.88750895e+00 
 3.60464000e-09  1.70833227e+00  1.89166773e+00  3.13775010e+00  2.88716542e+00 
 3.60514000e-09  1.70795972e+00  1.89204028e+00  3.13804731e+00  2.88682613e+00 
 3.60564000e-09  1.70758808e+00  1.89241192e+00  3.13834048e+00  2.88649108e+00 
 3.60614000e-09  1.70721735e+00  1.89278265e+00  3.13862965e+00  2.88616027e+00 
 3.60664000e-09  1.70684753e+00  1.89315247e+00  3.13891481e+00  2.88583369e+00 
 3.60714000e-09  1.70647864e+00  1.89352136e+00  3.13919601e+00  2.88551133e+00 
 3.60764000e-09  1.70611066e+00  1.89388934e+00  3.13947324e+00  2.88519319e+00 
 3.60814000e-09  1.70574362e+00  1.89425638e+00  3.13974655e+00  2.88487926e+00 
 3.60864000e-09  1.70537750e+00  1.89462250e+00  3.14001594e+00  2.88456953e+00 
 3.60914000e-09  1.70501232e+00  1.89498768e+00  3.14028145e+00  2.88426400e+00 
 3.60964000e-09  1.70464807e+00  1.89535193e+00  3.14054310e+00  2.88396264e+00 
 3.61014000e-09  1.70428477e+00  1.89571523e+00  3.14080091e+00  2.88366546e+00 
 3.61064000e-09  1.70392241e+00  1.89607759e+00  3.14105491e+00  2.88337244e+00 
 3.61114000e-09  1.70356100e+00  1.89643900e+00  3.14130512e+00  2.88308356e+00 
 3.61164000e-09  1.70320054e+00  1.89679946e+00  3.14155158e+00  2.88279881e+00 
 3.61214000e-09  1.70284104e+00  1.89715896e+00  3.14179431e+00  2.88251819e+00 
 3.61264000e-09  1.70248250e+00  1.89751750e+00  3.14203334e+00  2.88224167e+00 
 3.61314000e-09  1.70212492e+00  1.89787508e+00  3.14226870e+00  2.88196924e+00 
 3.61364000e-09  1.70176830e+00  1.89823170e+00  3.14250042e+00  2.88170089e+00 
 3.61414000e-09  1.70141265e+00  1.89858735e+00  3.14272853e+00  2.88143659e+00 
 3.61464000e-09  1.70105798e+00  1.89894202e+00  3.14295307e+00  2.88117632e+00 
 3.61514000e-09  1.70070428e+00  1.89929572e+00  3.14317406e+00  2.88092008e+00 
 3.61564000e-09  1.70035157e+00  1.89964843e+00  3.14339154e+00  2.88066784e+00 
 3.61614000e-09  1.69999983e+00  1.90000017e+00  3.14360554e+00  2.88041958e+00 
 3.61664000e-09  1.69964909e+00  1.90035091e+00  3.14381610e+00  2.88017527e+00 
 3.61714000e-09  1.69929933e+00  1.90070067e+00  3.14402325e+00  2.87993491e+00 
 3.61764000e-09  1.69895057e+00  1.90104943e+00  3.14422703e+00  2.87969846e+00 
 3.61814000e-09  1.69860281e+00  1.90139719e+00  3.14442747e+00  2.87946590e+00 
 3.61864000e-09  1.69825604e+00  1.90174396e+00  3.14462461e+00  2.87923720e+00 
 3.61914000e-09  1.69791028e+00  1.90208972e+00  3.14481848e+00  2.87901235e+00 
 3.61964000e-09  1.69756553e+00  1.90243447e+00  3.14500912e+00  2.87879132e+00 
 3.62014000e-09  1.69722179e+00  1.90277821e+00  3.14519657e+00  2.87857408e+00 
 3.62064000e-09  1.69687906e+00  1.90312094e+00  3.14538087e+00  2.87836061e+00 
 3.62114000e-09  1.69653735e+00  1.90346265e+00  3.14556205e+00  2.87815087e+00 
 3.62164000e-09  1.69619667e+00  1.90380333e+00  3.14574015e+00  2.87794484e+00 
 3.62214000e-09  1.69585700e+00  1.90414300e+00  3.14591520e+00  2.87774250e+00 
 3.62264000e-09  1.69551837e+00  1.90448163e+00  3.14608726e+00  2.87754380e+00 
 3.62314000e-09  1.69518076e+00  1.90481924e+00  3.14625635e+00  2.87734873e+00 
 3.62364000e-09  1.69484419e+00  1.90515581e+00  3.14642251e+00  2.87715724e+00 
 3.62414000e-09  1.69450866e+00  1.90549134e+00  3.14658579e+00  2.87696932e+00 
 3.62464000e-09  1.69417417e+00  1.90582583e+00  3.14674622e+00  2.87678492e+00 
 3.62514000e-09  1.69384072e+00  1.90615928e+00  3.14690384e+00  2.87660402e+00 
 3.62564000e-09  1.69350832e+00  1.90649168e+00  3.14705869e+00  2.87642658e+00 
 3.62614000e-09  1.69317698e+00  1.90682302e+00  3.14721080e+00  2.87625257e+00 
 3.62664000e-09  1.69284668e+00  1.90715332e+00  3.14736023e+00  2.87608196e+00 
 3.62714000e-09  1.69251745e+00  1.90748255e+00  3.14750700e+00  2.87591471e+00 
 3.62764000e-09  1.69218927e+00  1.90781073e+00  3.14765116e+00  2.87575078e+00 
 3.62814000e-09  1.69186216e+00  1.90813784e+00  3.14779274e+00  2.87559015e+00 
 3.62864000e-09  1.69153612e+00  1.90846388e+00  3.14793178e+00  2.87543277e+00 
 3.62914000e-09  1.69121115e+00  1.90878885e+00  3.14806833e+00  2.87527862e+00 
 3.62964000e-09  1.69088725e+00  1.90911275e+00  3.14820241e+00  2.87512765e+00 
 3.63014000e-09  1.69056442e+00  1.90943558e+00  3.14833408e+00  2.87497983e+00 
 3.63064000e-09  1.69024268e+00  1.90975732e+00  3.14846336e+00  2.87483512e+00 
 3.63114000e-09  1.68992202e+00  1.91007798e+00  3.14859029e+00  2.87469348e+00 
 3.63164000e-09  1.68960245e+00  1.91039755e+00  3.14871492e+00  2.87455489e+00 
 3.63214000e-09  1.68928397e+00  1.91071603e+00  3.14883728e+00  2.87441929e+00 
 3.63264000e-09  1.68896658e+00  1.91103342e+00  3.14895740e+00  2.87428665e+00 
 3.63314000e-09  1.68865028e+00  1.91134972e+00  3.14907533e+00  2.87415695e+00 
 3.63364000e-09  1.68833509e+00  1.91166491e+00  3.14919110e+00  2.87403012e+00 
 3.63414000e-09  1.68802099e+00  1.91197901e+00  3.14930475e+00  2.87390615e+00 
 3.63464000e-09  1.68770801e+00  1.91229199e+00  3.14941631e+00  2.87378499e+00 
 3.63514000e-09  1.68739613e+00  1.91260387e+00  3.14952582e+00  2.87366660e+00 
 3.63564000e-09  1.68708536e+00  1.91291464e+00  3.14963332e+00  2.87355094e+00 
 3.63614000e-09  1.68677570e+00  1.91322430e+00  3.14973884e+00  2.87343799e+00 
 3.63664000e-09  1.68646717e+00  1.91353283e+00  3.14984242e+00  2.87332769e+00 
 3.63714000e-09  1.68615975e+00  1.91384025e+00  3.14994408e+00  2.87322001e+00 
 3.63764000e-09  1.68585346e+00  1.91414654e+00  3.15004387e+00  2.87311491e+00 
 3.63814000e-09  1.68554829e+00  1.91445171e+00  3.15014182e+00  2.87301235e+00 
 3.63864000e-09  1.68524425e+00  1.91475575e+00  3.15023797e+00  2.87291230e+00 
 3.63914000e-09  1.68494135e+00  1.91505865e+00  3.15033234e+00  2.87281472e+00 
 3.63964000e-09  1.68463958e+00  1.91536042e+00  3.15042496e+00  2.87271957e+00 
 3.64014000e-09  1.68433895e+00  1.91566105e+00  3.15051588e+00  2.87262681e+00 
 3.64064000e-09  1.68403946e+00  1.91596054e+00  3.15060513e+00  2.87253641e+00 
 3.64114000e-09  1.68374112e+00  1.91625888e+00  3.15069273e+00  2.87244833e+00 
 3.64164000e-09  1.68344392e+00  1.91655608e+00  3.15077871e+00  2.87236252e+00 
 3.64214000e-09  1.68314788e+00  1.91685212e+00  3.15086312e+00  2.87227896e+00 
 3.64264000e-09  1.68285299e+00  1.91714701e+00  3.15094597e+00  2.87219760e+00 
 3.64314000e-09  1.68255925e+00  1.91744075e+00  3.15102730e+00  2.87211842e+00 
 3.64364000e-09  1.68226667e+00  1.91773333e+00  3.15110713e+00  2.87204137e+00 
 3.64414000e-09  1.68197526e+00  1.91802474e+00  3.15118551e+00  2.87196642e+00 
 3.64464000e-09  1.68168501e+00  1.91831499e+00  3.15126245e+00  2.87189353e+00 
 3.64514000e-09  1.68139592e+00  1.91860408e+00  3.15133799e+00  2.87182266e+00 
 3.64564000e-09  1.68110801e+00  1.91889199e+00  3.15141215e+00  2.87175379e+00 
 3.64614000e-09  1.68082127e+00  1.91917873e+00  3.15148495e+00  2.87168688e+00 
 3.64664000e-09  1.68053571e+00  1.91946429e+00  3.15155644e+00  2.87162189e+00 
 3.64714000e-09  1.68025133e+00  1.91974867e+00  3.15162663e+00  2.87155879e+00 
 3.64764000e-09  1.67996812e+00  1.92003188e+00  3.15169555e+00  2.87149754e+00 
 3.64814000e-09  1.67968611e+00  1.92031389e+00  3.15176323e+00  2.87143812e+00 
 3.64864000e-09  1.67940528e+00  1.92059472e+00  3.15182970e+00  2.87138048e+00 
 3.64914000e-09  1.67912564e+00  1.92087436e+00  3.15189496e+00  2.87132460e+00 
 3.64964000e-09  1.67884719e+00  1.92115281e+00  3.15195907e+00  2.87127044e+00 
 3.65014000e-09  1.67856994e+00  1.92143006e+00  3.15202202e+00  2.87121798e+00 
 3.65064000e-09  1.67829389e+00  1.92170611e+00  3.15208386e+00  2.87116717e+00 
 3.65114000e-09  1.67801904e+00  1.92198096e+00  3.15214460e+00  2.87111800e+00 
 3.65164000e-09  1.67774539e+00  1.92225461e+00  3.15220427e+00  2.87107042e+00 
 3.65214000e-09  1.67747295e+00  1.92252705e+00  3.15226289e+00  2.87102441e+00 
 3.65264000e-09  1.67720172e+00  1.92279828e+00  3.15232048e+00  2.87097994e+00 
 3.65314000e-09  1.67693170e+00  1.92306830e+00  3.15237707e+00  2.87093697e+00 
 3.65364000e-09  1.67666290e+00  1.92333710e+00  3.15243267e+00  2.87089549e+00 
 3.65414000e-09  1.67639531e+00  1.92360469e+00  3.15248731e+00  2.87085546e+00 
 3.65464000e-09  1.67612894e+00  1.92387106e+00  3.15254100e+00  2.87081684e+00 
 3.65514000e-09  1.67586380e+00  1.92413620e+00  3.15259378e+00  2.87077962e+00 
 3.65564000e-09  1.67559988e+00  1.92440012e+00  3.15264565e+00  2.87074377e+00 
 3.65614000e-09  1.67533719e+00  1.92466281e+00  3.15269664e+00  2.87070926e+00 
 3.65664000e-09  1.67507572e+00  1.92492428e+00  3.15274676e+00  2.87067606e+00 
 3.65714000e-09  1.67481550e+00  1.92518450e+00  3.15279604e+00  2.87064415e+00 
 3.65764000e-09  1.67455650e+00  1.92544350e+00  3.15284450e+00  2.87061350e+00 
 3.65814000e-09  1.67429875e+00  1.92570125e+00  3.15289215e+00  2.87058408e+00 
 3.65864000e-09  1.67404223e+00  1.92595777e+00  3.15293900e+00  2.87055588e+00 
 3.65914000e-09  1.67378696e+00  1.92621304e+00  3.15298509e+00  2.87052886e+00 
 3.65964000e-09  1.67353294e+00  1.92646706e+00  3.15303042e+00  2.87050300e+00 
 3.66014000e-09  1.67328016e+00  1.92671984e+00  3.15307501e+00  2.87047828e+00 
 3.66064000e-09  1.67302863e+00  1.92697137e+00  3.15311887e+00  2.87045467e+00 
 3.66114000e-09  1.67277836e+00  1.92722164e+00  3.15316204e+00  2.87043216e+00 
 3.66164000e-09  1.67252934e+00  1.92747066e+00  3.15320451e+00  2.87041071e+00 
 3.66214000e-09  1.67228158e+00  1.92771842e+00  3.15324630e+00  2.87039031e+00 
 3.66264000e-09  1.67203508e+00  1.92796492e+00  3.15328744e+00  2.87037094e+00 
 3.66314000e-09  1.67178985e+00  1.92821015e+00  3.15332793e+00  2.87035257e+00 
 3.66364000e-09  1.67154588e+00  1.92845412e+00  3.15336779e+00  2.87033518e+00 
 3.66414000e-09  1.67130317e+00  1.92869683e+00  3.15340704e+00  2.87031876e+00 
 3.66464000e-09  1.67106174e+00  1.92893826e+00  3.15344568e+00  2.87030327e+00 
 3.66514000e-09  1.67082158e+00  1.92917842e+00  3.15348374e+00  2.87028871e+00 
 3.66564000e-09  1.67058269e+00  1.92941731e+00  3.15352121e+00  2.87027505e+00 
 3.66614000e-09  1.67034509e+00  1.92965491e+00  3.15355813e+00  2.87026227e+00 
 3.66664000e-09  1.67010876e+00  1.92989124e+00  3.15359450e+00  2.87025036e+00 
 3.66714000e-09  1.66987371e+00  1.93012629e+00  3.15363033e+00  2.87023930e+00 
 3.66764000e-09  1.66963995e+00  1.93036005e+00  3.15366563e+00  2.87022906e+00 
 3.66814000e-09  1.66940747e+00  1.93059253e+00  3.15370042e+00  2.87021963e+00 
 3.66864000e-09  1.66917629e+00  1.93082371e+00  3.15373471e+00  2.87021100e+00 
 3.66914000e-09  1.66894639e+00  1.93105361e+00  3.15376852e+00  2.87020314e+00 
 3.66964000e-09  1.66871779e+00  1.93128221e+00  3.15380184e+00  2.87019605e+00 
 3.67014000e-09  1.66849048e+00  1.93150952e+00  3.15383469e+00  2.87018969e+00 
 3.67064000e-09  1.66826447e+00  1.93173553e+00  3.15386709e+00  2.87018406e+00 
 3.67114000e-09  1.66803977e+00  1.93196023e+00  3.15389904e+00  2.87017915e+00 
 3.67164000e-09  1.66781636e+00  1.93218364e+00  3.15393056e+00  2.87017493e+00 
 3.67214000e-09  1.66759426e+00  1.93240574e+00  3.15396165e+00  2.87017139e+00 
 3.67264000e-09  1.66737346e+00  1.93262654e+00  3.15399232e+00  2.87016852e+00 
 3.67314000e-09  1.66715398e+00  1.93284602e+00  3.15402259e+00  2.87016630e+00 
 3.67364000e-09  1.66693581e+00  1.93306419e+00  3.15405246e+00  2.87016472e+00 
 3.67414000e-09  1.66671894e+00  1.93328106e+00  3.15408194e+00  2.87016376e+00 
 3.67464000e-09  1.66650340e+00  1.93349660e+00  3.15411104e+00  2.87016341e+00 
 3.67514000e-09  1.66628917e+00  1.93371083e+00  3.15413977e+00  2.87016366e+00 
 3.67564000e-09  1.66607626e+00  1.93392374e+00  3.15416814e+00  2.87016450e+00 
 3.67614000e-09  1.66586468e+00  1.93413532e+00  3.15419615e+00  2.87016590e+00 
 3.67664000e-09  1.66565441e+00  1.93434559e+00  3.15422382e+00  2.87016787e+00 
 3.67714000e-09  1.66544548e+00  1.93455452e+00  3.15425116e+00  2.87017038e+00 
 3.67764000e-09  1.66523787e+00  1.93476213e+00  3.15427816e+00  2.87017343e+00 
 3.67814000e-09  1.66503159e+00  1.93496841e+00  3.15430484e+00  2.87017700e+00 
 3.67864000e-09  1.66482664e+00  1.93517336e+00  3.15433121e+00  2.87018109e+00 
 3.67914000e-09  1.66462303e+00  1.93537697e+00  3.15435726e+00  2.87018567e+00 
 3.67964000e-09  1.66442075e+00  1.93557925e+00  3.15438302e+00  2.87019075e+00 
 3.68014000e-09  1.66421981e+00  1.93578019e+00  3.15440849e+00  2.87019630e+00 
 3.68064000e-09  1.66402022e+00  1.93597978e+00  3.15443367e+00  2.87020232e+00 
 3.68114000e-09  1.66382196e+00  1.93617804e+00  3.15445856e+00  2.87020881e+00 
 3.68164000e-09  1.66362505e+00  1.93637495e+00  3.15448319e+00  2.87021574e+00 
 3.68214000e-09  1.66342948e+00  1.93657052e+00  3.15450755e+00  2.87022311e+00 
 3.68264000e-09  1.66323526e+00  1.93676474e+00  3.15453164e+00  2.87023091e+00 
 3.68314000e-09  1.66304239e+00  1.93695761e+00  3.15455548e+00  2.87023912e+00 
 3.68364000e-09  1.66285088e+00  1.93714912e+00  3.15457908e+00  2.87024776e+00 
 3.68414000e-09  1.66266071e+00  1.93733929e+00  3.15460242e+00  2.87025679e+00 
 3.68464000e-09  1.66247191e+00  1.93752809e+00  3.15462554e+00  2.87026621e+00 
 3.68514000e-09  1.66228446e+00  1.93771554e+00  3.15464841e+00  2.87027603e+00 
 3.68564000e-09  1.66209837e+00  1.93790163e+00  3.15467107e+00  2.87028621e+00 
 3.68614000e-09  1.66191364e+00  1.93808636e+00  3.15469350e+00  2.87029677e+00 
 3.68664000e-09  1.66173027e+00  1.93826973e+00  3.15471571e+00  2.87030768e+00 
 3.68714000e-09  1.66154827e+00  1.93845173e+00  3.15473771e+00  2.87031895e+00 
 3.68764000e-09  1.66136763e+00  1.93863237e+00  3.15475951e+00  2.87033057e+00 
 3.68814000e-09  1.66118836e+00  1.93881164e+00  3.15478110e+00  2.87034252e+00 
 3.68864000e-09  1.66101046e+00  1.93898954e+00  3.15480250e+00  2.87035480e+00 
 3.68914000e-09  1.66083394e+00  1.93916606e+00  3.15482370e+00  2.87036740e+00 
 3.68964000e-09  1.66065879e+00  1.93934121e+00  3.15484472e+00  2.87038032e+00 
 3.69014000e-09  1.66048501e+00  1.93951499e+00  3.15486555e+00  2.87039355e+00 
 3.69064000e-09  1.66031261e+00  1.93968739e+00  3.15488620e+00  2.87040709e+00 
 3.69114000e-09  1.66014159e+00  1.93985841e+00  3.15490667e+00  2.87042092e+00 
 3.69164000e-09  1.65997194e+00  1.94002806e+00  3.15492697e+00  2.87043504e+00 
 3.69214000e-09  1.65980369e+00  1.94019631e+00  3.15494711e+00  2.87044944e+00 
 3.69264000e-09  1.65963681e+00  1.94036319e+00  3.15496708e+00  2.87046412e+00 
 3.69314000e-09  1.65947132e+00  1.94052868e+00  3.15498689e+00  2.87047907e+00 
 3.69364000e-09  1.65930722e+00  1.94069278e+00  3.15500655e+00  2.87049429e+00 
 3.69414000e-09  1.65914450e+00  1.94085550e+00  3.15502605e+00  2.87050977e+00 
 3.69464000e-09  1.65898318e+00  1.94101682e+00  3.15504540e+00  2.87052550e+00 
 3.69514000e-09  1.65882324e+00  1.94117676e+00  3.15506461e+00  2.87054148e+00 
 3.69564000e-09  1.65866470e+00  1.94133530e+00  3.15508367e+00  2.87055771e+00 
 3.69614000e-09  1.65850756e+00  1.94149244e+00  3.15510259e+00  2.87057417e+00 
 3.69664000e-09  1.65835181e+00  1.94164819e+00  3.15512138e+00  2.87059087e+00 
 3.69714000e-09  1.65819746e+00  1.94180254e+00  3.15514003e+00  2.87060780e+00 
 3.69764000e-09  1.65804451e+00  1.94195549e+00  3.15515856e+00  2.87062495e+00 
 3.69814000e-09  1.65789296e+00  1.94210704e+00  3.15517695e+00  2.87064232e+00 
 3.69864000e-09  1.65774281e+00  1.94225719e+00  3.15519522e+00  2.87065991e+00 
 3.69914000e-09  1.65759407e+00  1.94240593e+00  3.15521337e+00  2.87067770e+00 
 3.69964000e-09  1.65744673e+00  1.94255327e+00  3.15523140e+00  2.87069571e+00 
 3.70014000e-09  1.65730080e+00  1.94269920e+00  3.15524932e+00  2.87071391e+00 
 3.70064000e-09  1.65715628e+00  1.94284372e+00  3.15526712e+00  2.87073231e+00 
 3.70114000e-09  1.65701317e+00  1.94298683e+00  3.15528481e+00  2.87075091e+00 
 3.70164000e-09  1.65687147e+00  1.94312853e+00  3.15530239e+00  2.87076969e+00 
 3.70214000e-09  1.65673118e+00  1.94326882e+00  3.15531986e+00  2.87078867e+00 
 3.70264000e-09  1.65659231e+00  1.94340769e+00  3.15533723e+00  2.87080782e+00 
 3.70314000e-09  1.65645485e+00  1.94354515e+00  3.15535450e+00  2.87082715e+00 
 3.70364000e-09  1.65631880e+00  1.94368120e+00  3.15537167e+00  2.87084665e+00 
 3.70414000e-09  1.65618418e+00  1.94381582e+00  3.15538874e+00  2.87086633e+00 
 3.70464000e-09  1.65605098e+00  1.94394902e+00  3.15540572e+00  2.87088617e+00 
 3.70514000e-09  1.65591919e+00  1.94408081e+00  3.15542260e+00  2.87090618e+00 
 3.70564000e-09  1.65578883e+00  1.94421117e+00  3.15543939e+00  2.87092635e+00 
 3.70614000e-09  1.65565989e+00  1.94434011e+00  3.15545609e+00  2.87094667e+00 
 3.70664000e-09  1.65553238e+00  1.94446762e+00  3.15547271e+00  2.87096715e+00 
 3.70714000e-09  1.65540629e+00  1.94459371e+00  3.15548924e+00  2.87098778e+00 
 3.70764000e-09  1.65528163e+00  1.94471837e+00  3.15550569e+00  2.87100856e+00 
 3.70814000e-09  1.65515839e+00  1.94484161e+00  3.15552206e+00  2.87102949e+00 
 3.70864000e-09  1.65503659e+00  1.94496341e+00  3.15553834e+00  2.87105056e+00 
 3.70914000e-09  1.65491622e+00  1.94508378e+00  3.15555455e+00  2.87107176e+00 
 3.70964000e-09  1.65479728e+00  1.94520272e+00  3.15557068e+00  2.87109311e+00 
 3.71014000e-09  1.65467977e+00  1.94532023e+00  3.15558674e+00  2.87111459e+00 
 3.71064000e-09  1.65456369e+00  1.94543631e+00  3.15560273e+00  2.87113620e+00 
 3.71114000e-09  1.65444906e+00  1.94555094e+00  3.15561864e+00  2.87115793e+00 
 3.71164000e-09  1.65433586e+00  1.94566414e+00  3.15563448e+00  2.87117980e+00 
 3.71214000e-09  1.65422409e+00  1.94577591e+00  3.15565026e+00  2.87120179e+00 
 3.71264000e-09  1.65411377e+00  1.94588623e+00  3.15566596e+00  2.87122390e+00 
 3.71314000e-09  1.65400488e+00  1.94599512e+00  3.15568160e+00  2.87124613e+00 
 3.71364000e-09  1.65389744e+00  1.94610256e+00  3.15569718e+00  2.87126848e+00 
 3.71414000e-09  1.65379143e+00  1.94620857e+00  3.15571269e+00  2.87129094e+00 
 3.71464000e-09  1.65368687e+00  1.94631313e+00  3.15572815e+00  2.87131352e+00 
 3.71514000e-09  1.65358376e+00  1.94641624e+00  3.15574354e+00  2.87133621e+00 
 3.71564000e-09  1.65348209e+00  1.94651791e+00  3.15575887e+00  2.87135900e+00 
 3.71614000e-09  1.65338186e+00  1.94661814e+00  3.15577414e+00  2.87138190e+00 
 3.71664000e-09  1.65328309e+00  1.94671691e+00  3.15578936e+00  2.87140491e+00 
 3.71714000e-09  1.65318576e+00  1.94681424e+00  3.15580452e+00  2.87142802e+00 
 3.71764000e-09  1.65308988e+00  1.94691012e+00  3.15581963e+00  2.87145123e+00 
 3.71814000e-09  1.65299545e+00  1.94700455e+00  3.15583468e+00  2.87147454e+00 
 3.71864000e-09  1.65290247e+00  1.94709753e+00  3.15584968e+00  2.87149795e+00 
 3.71914000e-09  1.65281094e+00  1.94718906e+00  3.15586463e+00  2.87152145e+00 
 3.71964000e-09  1.65272087e+00  1.94727913e+00  3.15587953e+00  2.87154505e+00 
 3.72014000e-09  1.65263225e+00  1.94736775e+00  3.15589438e+00  2.87156874e+00 
 3.72064000e-09  1.65254508e+00  1.94745492e+00  3.15590918e+00  2.87159251e+00 
 3.72114000e-09  1.65245937e+00  1.94754063e+00  3.15592394e+00  2.87161638e+00 
 3.72164000e-09  1.65237511e+00  1.94762489e+00  3.15593864e+00  2.87164034e+00 
 3.72214000e-09  1.65229231e+00  1.94770769e+00  3.15595331e+00  2.87166438e+00 
 3.72264000e-09  1.65221097e+00  1.94778903e+00  3.15596792e+00  2.87168851e+00 
 3.72314000e-09  1.65213109e+00  1.94786891e+00  3.15598249e+00  2.87171271e+00 
 3.72364000e-09  1.65205267e+00  1.94794733e+00  3.15599702e+00  2.87173700e+00 
 3.72414000e-09  1.65197571e+00  1.94802429e+00  3.15601151e+00  2.87176137e+00 
 3.72464000e-09  1.65190020e+00  1.94809980e+00  3.15602596e+00  2.87178582e+00 
 3.72514000e-09  1.65182617e+00  1.94817383e+00  3.15604036e+00  2.87181035e+00 
 3.72564000e-09  1.65175359e+00  1.94824641e+00  3.15605472e+00  2.87183495e+00 
 3.72614000e-09  1.65168247e+00  1.94831753e+00  3.15606905e+00  2.87185963e+00 
 3.72664000e-09  1.65161282e+00  1.94838718e+00  3.15608334e+00  2.87188439e+00 
 3.72714000e-09  1.65154464e+00  1.94845536e+00  3.15609758e+00  2.87190921e+00 
 3.72764000e-09  1.65147792e+00  1.94852208e+00  3.15611179e+00  2.87193411e+00 
 3.72814000e-09  1.65141266e+00  1.94858734e+00  3.15612597e+00  2.87195907e+00 
 3.72864000e-09  1.65134887e+00  1.94865113e+00  3.15614011e+00  2.87198411e+00 
 3.72914000e-09  1.65128655e+00  1.94871345e+00  3.15615421e+00  2.87200921e+00 
 3.72964000e-09  1.65122570e+00  1.94877430e+00  3.15616827e+00  2.87203438e+00 
 3.73014000e-09  1.65116632e+00  1.94883368e+00  3.15618231e+00  2.87205962e+00 
 3.73064000e-09  1.65110840e+00  1.94889160e+00  3.15619631e+00  2.87208492e+00 
 3.73114000e-09  1.65105195e+00  1.94894805e+00  3.15621027e+00  2.87211029e+00 
 3.73164000e-09  1.65099698e+00  1.94900302e+00  3.15622420e+00  2.87213572e+00 
 3.73214000e-09  1.65094347e+00  1.94905653e+00  3.15623810e+00  2.87216121e+00 
 3.73264000e-09  1.65089144e+00  1.94910856e+00  3.15625197e+00  2.87218677e+00 
 3.73314000e-09  1.65084087e+00  1.94915913e+00  3.15626581e+00  2.87221238e+00 
 3.73364000e-09  1.65079178e+00  1.94920822e+00  3.15627962e+00  2.87223805e+00 
 3.73414000e-09  1.65074416e+00  1.94925584e+00  3.15629339e+00  2.87226379e+00 
 3.73464000e-09  1.65069802e+00  1.94930198e+00  3.15630714e+00  2.87228958e+00 
 3.73514000e-09  1.65065335e+00  1.94934665e+00  3.15632085e+00  2.87231542e+00 
 3.73564000e-09  1.65061015e+00  1.94938985e+00  3.15633454e+00  2.87234133e+00 
 3.73614000e-09  1.65056842e+00  1.94943158e+00  3.15634820e+00  2.87236729e+00 
 3.73664000e-09  1.65052818e+00  1.94947182e+00  3.15636183e+00  2.87239330e+00 
 3.73714000e-09  1.65048940e+00  1.94951060e+00  3.15637543e+00  2.87241937e+00 
 3.73764000e-09  1.65045211e+00  1.94954789e+00  3.15638900e+00  2.87244549e+00 
 3.73814000e-09  1.65041628e+00  1.94958372e+00  3.15640255e+00  2.87247167e+00 
 3.73864000e-09  1.65038194e+00  1.94961806e+00  3.15641607e+00  2.87249789e+00 
 3.73914000e-09  1.65034907e+00  1.94965093e+00  3.15642956e+00  2.87252417e+00 
 3.73964000e-09  1.65031768e+00  1.94968232e+00  3.15644303e+00  2.87255050e+00 
 3.74014000e-09  1.65028776e+00  1.94971224e+00  3.15645647e+00  2.87257688e+00 
 3.74064000e-09  1.65025933e+00  1.94974067e+00  3.15646988e+00  2.87260331e+00 
 3.74114000e-09  1.65023237e+00  1.94976763e+00  3.15648327e+00  2.87262979e+00 
 3.74164000e-09  1.65020689e+00  1.94979311e+00  3.15649663e+00  2.87265632e+00 
 3.74214000e-09  1.65018288e+00  1.94981712e+00  3.15650997e+00  2.87268289e+00 
 3.74264000e-09  1.65016036e+00  1.94983964e+00  3.15652328e+00  2.87270951e+00 
 3.74314000e-09  1.65013932e+00  1.94986068e+00  3.15653657e+00  2.87273618e+00 
 3.74364000e-09  1.65011975e+00  1.94988025e+00  3.15654983e+00  2.87276290e+00 
 3.74414000e-09  1.65010166e+00  1.94989834e+00  3.15656307e+00  2.87278966e+00 
 3.74464000e-09  1.65008506e+00  1.94991494e+00  3.15657629e+00  2.87281646e+00 
 3.74514000e-09  1.65006993e+00  1.94993007e+00  3.15658948e+00  2.87284332e+00 
 3.74564000e-09  1.65005628e+00  1.94994372e+00  3.15660265e+00  2.87287021e+00 
 3.74614000e-09  1.65004411e+00  1.94995589e+00  3.15661579e+00  2.87289715e+00 
 3.74664000e-09  1.65003343e+00  1.94996657e+00  3.15662891e+00  2.87292414e+00 
 3.74714000e-09  1.65002422e+00  1.94997578e+00  3.15664201e+00  2.87295116e+00 
 3.74764000e-09  1.65001649e+00  1.94998351e+00  3.15665508e+00  2.87297823e+00 
 3.74814000e-09  1.65001024e+00  1.94998976e+00  3.15666813e+00  2.87300535e+00 
 3.74864000e-09  1.65000548e+00  1.94999452e+00  3.15668116e+00  2.87303250e+00 
 3.74914000e-09  1.65000219e+00  1.94999781e+00  3.15669416e+00  2.87305970e+00 
 3.74964000e-09  1.65000038e+00  1.94999962e+00  3.15670715e+00  2.87308693e+00 
 3.75014000e-09  1.65000006e+00  1.94999994e+00  3.15672010e+00  2.87311421e+00 
 3.75064000e-09  1.65000121e+00  1.94999879e+00  3.15673304e+00  2.87314153e+00 
 3.75114000e-09  1.65000385e+00  1.94999615e+00  3.15674596e+00  2.87316889e+00 
 3.75164000e-09  1.65000796e+00  1.94999204e+00  3.15675885e+00  2.87319629e+00 
 3.75214000e-09  1.65001356e+00  1.94998644e+00  3.15677172e+00  2.87322373e+00 
 3.75264000e-09  1.65002064e+00  1.94997936e+00  3.15678456e+00  2.87325121e+00 
 3.75314000e-09  1.65002919e+00  1.94997081e+00  3.15679739e+00  2.87327873e+00 
 3.75364000e-09  1.65003923e+00  1.94996077e+00  3.15681019e+00  2.87330629e+00 
 3.75414000e-09  1.65005075e+00  1.94994925e+00  3.15682297e+00  2.87333388e+00 
 3.75464000e-09  1.65006374e+00  1.94993626e+00  3.15683572e+00  2.87336152e+00 
 3.75514000e-09  1.65007822e+00  1.94992178e+00  3.15684846e+00  2.87338919e+00 
 3.75564000e-09  1.65009417e+00  1.94990583e+00  3.15686117e+00  2.87341690e+00 
 3.75614000e-09  1.65011161e+00  1.94988839e+00  3.15687386e+00  2.87344465e+00 
 3.75664000e-09  1.65013053e+00  1.94986947e+00  3.15688653e+00  2.87347244e+00 
 3.75714000e-09  1.65015092e+00  1.94984908e+00  3.15689917e+00  2.87350026e+00 
 3.75764000e-09  1.65017279e+00  1.94982721e+00  3.15691179e+00  2.87352812e+00 
 3.75814000e-09  1.65019614e+00  1.94980386e+00  3.15692439e+00  2.87355602e+00 
 3.75864000e-09  1.65022097e+00  1.94977903e+00  3.15693697e+00  2.87358396e+00 
 3.75914000e-09  1.65024728e+00  1.94975272e+00  3.15694952e+00  2.87361193e+00 
 3.75964000e-09  1.65027507e+00  1.94972493e+00  3.15696206e+00  2.87363994e+00 
 3.76014000e-09  1.65030433e+00  1.94969567e+00  3.15697456e+00  2.87366798e+00 
 3.76064000e-09  1.65033508e+00  1.94966492e+00  3.15698705e+00  2.87369606e+00 
 3.76114000e-09  1.65036729e+00  1.94963271e+00  3.15699951e+00  2.87372418e+00 
 3.76164000e-09  1.65040099e+00  1.94959901e+00  3.15701195e+00  2.87375233e+00 
 3.76214000e-09  1.65043616e+00  1.94956384e+00  3.15702436e+00  2.87378052e+00 
 3.76264000e-09  1.65047281e+00  1.94952719e+00  3.15703675e+00  2.87380875e+00 
 3.76314000e-09  1.65051093e+00  1.94948907e+00  3.15704912e+00  2.87383701e+00 
 3.76364000e-09  1.65055053e+00  1.94944947e+00  3.15706146e+00  2.87386531e+00 
 3.76414000e-09  1.65059161e+00  1.94940839e+00  3.15707378e+00  2.87389364e+00 
 3.76464000e-09  1.65063416e+00  1.94936584e+00  3.15708608e+00  2.87392201e+00 
 3.76514000e-09  1.65067818e+00  1.94932182e+00  3.15709835e+00  2.87395042e+00 
 3.76564000e-09  1.65072368e+00  1.94927632e+00  3.15711059e+00  2.87397886e+00 
 3.76614000e-09  1.65077065e+00  1.94922935e+00  3.15712281e+00  2.87400733e+00 
 3.76664000e-09  1.65081909e+00  1.94918091e+00  3.15713501e+00  2.87403584e+00 
 3.76714000e-09  1.65086901e+00  1.94913099e+00  3.15714718e+00  2.87406439e+00 
 3.76764000e-09  1.65092039e+00  1.94907961e+00  3.15715932e+00  2.87409297e+00 
 3.76814000e-09  1.65097325e+00  1.94902675e+00  3.15717144e+00  2.87412159e+00 
 3.76864000e-09  1.65102758e+00  1.94897242e+00  3.15718353e+00  2.87415024e+00 
 3.76914000e-09  1.65108338e+00  1.94891662e+00  3.15719560e+00  2.87417893e+00 
 3.76964000e-09  1.65114065e+00  1.94885935e+00  3.15720764e+00  2.87420766e+00 
 3.77014000e-09  1.65119939e+00  1.94880061e+00  3.15721965e+00  2.87423642e+00 
 3.77064000e-09  1.65125960e+00  1.94874040e+00  3.15723164e+00  2.87426521e+00 
 3.77114000e-09  1.65132127e+00  1.94867873e+00  3.15724360e+00  2.87429404e+00 
 3.77164000e-09  1.65138442e+00  1.94861558e+00  3.15725553e+00  2.87432291e+00 
 3.77214000e-09  1.65144902e+00  1.94855098e+00  3.15726743e+00  2.87435181e+00 
 3.77264000e-09  1.65151510e+00  1.94848490e+00  3.15727930e+00  2.87438075e+00 
 3.77314000e-09  1.65158264e+00  1.94841736e+00  3.15729114e+00  2.87440973e+00 
 3.77364000e-09  1.65165165e+00  1.94834835e+00  3.15730296e+00  2.87443874e+00 
 3.77414000e-09  1.65172212e+00  1.94827788e+00  3.15731475e+00  2.87446779e+00 
 3.77464000e-09  1.65179405e+00  1.94820595e+00  3.15732650e+00  2.87449687e+00 
 3.77514000e-09  1.65186745e+00  1.94813255e+00  3.15733823e+00  2.87452599e+00 
 3.77564000e-09  1.65194231e+00  1.94805769e+00  3.15734992e+00  2.87455515e+00 
 3.77614000e-09  1.65201863e+00  1.94798137e+00  3.15736158e+00  2.87458434e+00 
 3.77664000e-09  1.65209641e+00  1.94790359e+00  3.15737321e+00  2.87461358e+00 
 3.77714000e-09  1.65217564e+00  1.94782436e+00  3.15738481e+00  2.87464284e+00 
 3.77764000e-09  1.65225634e+00  1.94774366e+00  3.15739638e+00  2.87467215e+00 
 3.77814000e-09  1.65233850e+00  1.94766150e+00  3.15740791e+00  2.87470149e+00 
 3.77864000e-09  1.65242212e+00  1.94757788e+00  3.15741941e+00  2.87473087e+00 
 3.77914000e-09  1.65250719e+00  1.94749281e+00  3.15743088e+00  2.87476029e+00 
 3.77964000e-09  1.65259371e+00  1.94740629e+00  3.15744231e+00  2.87478975e+00 
 3.78014000e-09  1.65268169e+00  1.94731831e+00  3.15745371e+00  2.87481925e+00 
 3.78064000e-09  1.65277113e+00  1.94722887e+00  3.15746507e+00  2.87484878e+00 
 3.78114000e-09  1.65286202e+00  1.94713798e+00  3.15747639e+00  2.87487835e+00 
 3.78164000e-09  1.65295436e+00  1.94704564e+00  3.15748768e+00  2.87490797e+00 
 3.78214000e-09  1.65304815e+00  1.94695185e+00  3.15749893e+00  2.87493762e+00 
 3.78264000e-09  1.65314339e+00  1.94685661e+00  3.15751014e+00  2.87496731e+00 
 3.78314000e-09  1.65324008e+00  1.94675992e+00  3.15752131e+00  2.87499704e+00 
 3.78364000e-09  1.65333822e+00  1.94666178e+00  3.15753245e+00  2.87502681e+00 
 3.78414000e-09  1.65343781e+00  1.94656219e+00  3.15754354e+00  2.87505662e+00 
 3.78464000e-09  1.65353885e+00  1.94646115e+00  3.15755460e+00  2.87508648e+00 
 3.78514000e-09  1.65364133e+00  1.94635867e+00  3.15756561e+00  2.87511637e+00 
 3.78564000e-09  1.65374525e+00  1.94625475e+00  3.15757658e+00  2.87514631e+00 
 3.78614000e-09  1.65385062e+00  1.94614938e+00  3.15758751e+00  2.87517629e+00 
 3.78664000e-09  1.65395743e+00  1.94604257e+00  3.15759839e+00  2.87520631e+00 
 3.78714000e-09  1.65406568e+00  1.94593432e+00  3.15760923e+00  2.87523637e+00 
 3.78764000e-09  1.65417537e+00  1.94582463e+00  3.15762003e+00  2.87526648e+00 
 3.78814000e-09  1.65428650e+00  1.94571350e+00  3.15763078e+00  2.87529663e+00 
 3.78864000e-09  1.65439907e+00  1.94560093e+00  3.15764148e+00  2.87532682e+00 
 3.78914000e-09  1.65451308e+00  1.94548692e+00  3.15765214e+00  2.87535706e+00 
 3.78964000e-09  1.65462852e+00  1.94537148e+00  3.15766275e+00  2.87538735e+00 
 3.79014000e-09  1.65474540e+00  1.94525460e+00  3.15767331e+00  2.87541768e+00 
 3.79064000e-09  1.65486371e+00  1.94513629e+00  3.15768382e+00  2.87544805e+00 
 3.79114000e-09  1.65498345e+00  1.94501655e+00  3.15769427e+00  2.87547848e+00 
 3.79164000e-09  1.65510462e+00  1.94489538e+00  3.15770468e+00  2.87550895e+00 
 3.79214000e-09  1.65522723e+00  1.94477277e+00  3.15771503e+00  2.87553946e+00 
 3.79264000e-09  1.65535126e+00  1.94464874e+00  3.15772533e+00  2.87557003e+00 
 3.79314000e-09  1.65547672e+00  1.94452328e+00  3.15773558e+00  2.87560064e+00 
 3.79364000e-09  1.65560361e+00  1.94439639e+00  3.15774577e+00  2.87563131e+00 
 3.79414000e-09  1.65573192e+00  1.94426808e+00  3.15775590e+00  2.87566202e+00 
 3.79464000e-09  1.65586166e+00  1.94413834e+00  3.15776597e+00  2.87569278e+00 
 3.79514000e-09  1.65599281e+00  1.94400719e+00  3.15777599e+00  2.87572360e+00 
 3.79564000e-09  1.65612539e+00  1.94387461e+00  3.15778594e+00  2.87575447e+00 
 3.79614000e-09  1.65625939e+00  1.94374061e+00  3.15779584e+00  2.87578539e+00 
 3.79664000e-09  1.65639481e+00  1.94360519e+00  3.15780567e+00  2.87581636e+00 
 3.79714000e-09  1.65653165e+00  1.94346835e+00  3.15781543e+00  2.87584739e+00 
 3.79764000e-09  1.65666990e+00  1.94333010e+00  3.15782514e+00  2.87587847e+00 
 3.79814000e-09  1.65680957e+00  1.94319043e+00  3.15783477e+00  2.87590960e+00 
 3.79864000e-09  1.65695065e+00  1.94304935e+00  3.15784434e+00  2.87594080e+00 
 3.79914000e-09  1.65709314e+00  1.94290686e+00  3.15785384e+00  2.87597205e+00 
 3.79964000e-09  1.65723704e+00  1.94276296e+00  3.15786327e+00  2.87600336e+00 
 3.80014000e-09  1.65738235e+00  1.94261765e+00  3.15787262e+00  2.87603472e+00 
 3.80064000e-09  1.65752907e+00  1.94247093e+00  3.15788190e+00  2.87606615e+00 
 3.80114000e-09  1.65767719e+00  1.94232281e+00  3.15789111e+00  2.87609764e+00 
 3.80164000e-09  1.65782672e+00  1.94217328e+00  3.15790025e+00  2.87612919e+00 
 3.80214000e-09  1.65797766e+00  1.94202234e+00  3.15790930e+00  2.87616080e+00 
 3.80264000e-09  1.65812999e+00  1.94187001e+00  3.15791827e+00  2.87619248e+00 
 3.80314000e-09  1.65828373e+00  1.94171627e+00  3.15792717e+00  2.87622421e+00 
 3.80364000e-09  1.65843886e+00  1.94156114e+00  3.15793598e+00  2.87625602e+00 
 3.80414000e-09  1.65859539e+00  1.94140461e+00  3.15794470e+00  2.87628789e+00 
 3.80464000e-09  1.65875331e+00  1.94124669e+00  3.15795334e+00  2.87631983e+00 
 3.80514000e-09  1.65891263e+00  1.94108737e+00  3.15796190e+00  2.87635184e+00 
 3.80564000e-09  1.65907335e+00  1.94092665e+00  3.15797036e+00  2.87638392e+00 
 3.80614000e-09  1.65923545e+00  1.94076455e+00  3.15797873e+00  2.87641607e+00 
 3.80664000e-09  1.65939894e+00  1.94060106e+00  3.15798700e+00  2.87644829e+00 
 3.80714000e-09  1.65956382e+00  1.94043618e+00  3.15799518e+00  2.87648058e+00 
 3.80764000e-09  1.65973009e+00  1.94026991e+00  3.15800327e+00  2.87651295e+00 
 3.80814000e-09  1.65989774e+00  1.94010226e+00  3.15801125e+00  2.87654540e+00 
 3.80864000e-09  1.66006677e+00  1.93993323e+00  3.15801913e+00  2.87657792e+00 
 3.80914000e-09  1.66023719e+00  1.93976281e+00  3.15802691e+00  2.87661053e+00 
 3.80964000e-09  1.66040898e+00  1.93959102e+00  3.15803458e+00  2.87664321e+00 
 3.81014000e-09  1.66058215e+00  1.93941785e+00  3.15804214e+00  2.87667597e+00 
 3.81064000e-09  1.66075670e+00  1.93924330e+00  3.15804959e+00  2.87670882e+00 
 3.81114000e-09  1.66093262e+00  1.93906738e+00  3.15805693e+00  2.87674175e+00 
 3.81164000e-09  1.66110992e+00  1.93889008e+00  3.15806415e+00  2.87677477e+00 
 3.81214000e-09  1.66128858e+00  1.93871142e+00  3.15807126e+00  2.87680788e+00 
 3.81264000e-09  1.66146862e+00  1.93853138e+00  3.15807824e+00  2.87684108e+00 
 3.81314000e-09  1.66165002e+00  1.93834998e+00  3.15808510e+00  2.87687436e+00 
 3.81364000e-09  1.66183279e+00  1.93816721e+00  3.15809183e+00  2.87690774e+00 
 3.81414000e-09  1.66201692e+00  1.93798308e+00  3.15809843e+00  2.87694122e+00 
 3.81464000e-09  1.66220241e+00  1.93779759e+00  3.15810490e+00  2.87697479e+00 
 3.81514000e-09  1.66238926e+00  1.93761074e+00  3.15811124e+00  2.87700846e+00 
 3.81564000e-09  1.66257747e+00  1.93742253e+00  3.15811744e+00  2.87704224e+00 
 3.81614000e-09  1.66276704e+00  1.93723296e+00  3.15812350e+00  2.87707611e+00 
 3.81664000e-09  1.66295796e+00  1.93704204e+00  3.15812941e+00  2.87711009e+00 
 3.81714000e-09  1.66315023e+00  1.93684977e+00  3.15813518e+00  2.87714417e+00 
 3.81764000e-09  1.66334386e+00  1.93665614e+00  3.15814079e+00  2.87717837e+00 
 3.81814000e-09  1.66353883e+00  1.93646117e+00  3.15814625e+00  2.87721267e+00 
 3.81864000e-09  1.66373515e+00  1.93626485e+00  3.15815156e+00  2.87724709e+00 
 3.81914000e-09  1.66393282e+00  1.93606718e+00  3.15815670e+00  2.87728162e+00 
 3.81964000e-09  1.66413183e+00  1.93586817e+00  3.15816168e+00  2.87731627e+00 
 3.82014000e-09  1.66433217e+00  1.93566783e+00  3.15816649e+00  2.87735105e+00 
 3.82064000e-09  1.66453386e+00  1.93546614e+00  3.15817112e+00  2.87738594e+00 
 3.82114000e-09  1.66473689e+00  1.93526311e+00  3.15817558e+00  2.87742096e+00 
 3.82164000e-09  1.66494125e+00  1.93505875e+00  3.15817987e+00  2.87745611e+00 
 3.82214000e-09  1.66514694e+00  1.93485306e+00  3.15818396e+00  2.87749139e+00 
 3.82264000e-09  1.66535396e+00  1.93464604e+00  3.15818787e+00  2.87752680e+00 
 3.82314000e-09  1.66556232e+00  1.93443768e+00  3.15819159e+00  2.87756235e+00 
 3.82364000e-09  1.66577200e+00  1.93422800e+00  3.15819510e+00  2.87759804e+00 
 3.82414000e-09  1.66598300e+00  1.93401700e+00  3.15819842e+00  2.87763387e+00 
 3.82464000e-09  1.66619533e+00  1.93380467e+00  3.15820153e+00  2.87766984e+00 
 3.82514000e-09  1.66640898e+00  1.93359102e+00  3.15820443e+00  2.87770597e+00 
 3.82564000e-09  1.66662394e+00  1.93337606e+00  3.15820711e+00  2.87774224e+00 
 3.82614000e-09  1.66684022e+00  1.93315978e+00  3.15820957e+00  2.87777867e+00 
 3.82664000e-09  1.66705782e+00  1.93294218e+00  3.15821180e+00  2.87781526e+00 
 3.82714000e-09  1.66727673e+00  1.93272327e+00  3.15821380e+00  2.87785201e+00 
 3.82764000e-09  1.66749695e+00  1.93250305e+00  3.15821557e+00  2.87788893e+00 
 3.82814000e-09  1.66771848e+00  1.93228152e+00  3.15821709e+00  2.87792601e+00 
 3.82864000e-09  1.66794131e+00  1.93205869e+00  3.15821837e+00  2.87796327e+00 
 3.82914000e-09  1.66816544e+00  1.93183456e+00  3.15821939e+00  2.87800071e+00 
 3.82964000e-09  1.66839088e+00  1.93160912e+00  3.15822015e+00  2.87803832e+00 
 3.83014000e-09  1.66861761e+00  1.93138239e+00  3.15822064e+00  2.87807613e+00 
 3.83064000e-09  1.66884565e+00  1.93115435e+00  3.15822086e+00  2.87811412e+00 
 3.83114000e-09  1.66907497e+00  1.93092503e+00  3.15822080e+00  2.87815230e+00 
 3.83164000e-09  1.66930559e+00  1.93069441e+00  3.15822046e+00  2.87819068e+00 
 3.83214000e-09  1.66953750e+00  1.93046250e+00  3.15821982e+00  2.87822926e+00 
 3.83264000e-09  1.66977070e+00  1.93022930e+00  3.15821888e+00  2.87826805e+00 
 3.83314000e-09  1.67000518e+00  1.92999482e+00  3.15821764e+00  2.87830706e+00 
 3.83364000e-09  1.67024094e+00  1.92975906e+00  3.15821609e+00  2.87834627e+00 
 3.83414000e-09  1.67047799e+00  1.92952201e+00  3.15821421e+00  2.87838571e+00 
 3.83464000e-09  1.67071631e+00  1.92928369e+00  3.15821200e+00  2.87842538e+00 
 3.83514000e-09  1.67095591e+00  1.92904409e+00  3.15820946e+00  2.87846528e+00 
 3.83564000e-09  1.67119679e+00  1.92880321e+00  3.15820657e+00  2.87850541e+00 
 3.83614000e-09  1.67143893e+00  1.92856107e+00  3.15820333e+00  2.87854579e+00 
 3.83664000e-09  1.67168234e+00  1.92831766e+00  3.15819973e+00  2.87858642e+00 
 3.83714000e-09  1.67192702e+00  1.92807298e+00  3.15819575e+00  2.87862730e+00 
 3.83764000e-09  1.67217297e+00  1.92782703e+00  3.15819140e+00  2.87866844e+00 
 3.83814000e-09  1.67242017e+00  1.92757983e+00  3.15818666e+00  2.87870984e+00 
 3.83864000e-09  1.67266864e+00  1.92733136e+00  3.15818152e+00  2.87875152e+00 
 3.83914000e-09  1.67291836e+00  1.92708164e+00  3.15817598e+00  2.87879348e+00 
 3.83964000e-09  1.67316933e+00  1.92683067e+00  3.15817001e+00  2.87883573e+00 
 3.84014000e-09  1.67342156e+00  1.92657844e+00  3.15816363e+00  2.87887826e+00 
 3.84064000e-09  1.67367504e+00  1.92632496e+00  3.15815680e+00  2.87892110e+00 
 3.84114000e-09  1.67392976e+00  1.92607024e+00  3.15814952e+00  2.87896424e+00 
 3.84164000e-09  1.67418573e+00  1.92581427e+00  3.15814179e+00  2.87900770e+00 
 3.84214000e-09  1.67444294e+00  1.92555706e+00  3.15813359e+00  2.87905147e+00 
 3.84264000e-09  1.67470139e+00  1.92529861e+00  3.15812490e+00  2.87909558e+00 
 3.84314000e-09  1.67496107e+00  1.92503893e+00  3.15811572e+00  2.87914002e+00 
 3.84364000e-09  1.67522199e+00  1.92477801e+00  3.15810604e+00  2.87918481e+00 
 3.84414000e-09  1.67548414e+00  1.92451586e+00  3.15809584e+00  2.87922995e+00 
 3.84464000e-09  1.67574752e+00  1.92425248e+00  3.15808511e+00  2.87927546e+00 
 3.84514000e-09  1.67601213e+00  1.92398787e+00  3.15807384e+00  2.87932133e+00 
 3.84564000e-09  1.67627796e+00  1.92372204e+00  3.15806201e+00  2.87936758e+00 
 3.84614000e-09  1.67654501e+00  1.92345499e+00  3.15804962e+00  2.87941422e+00 
 3.84664000e-09  1.67681328e+00  1.92318672e+00  3.15803664e+00  2.87946126e+00 
 3.84714000e-09  1.67708276e+00  1.92291724e+00  3.15802306e+00  2.87950871e+00 
 3.84764000e-09  1.67735346e+00  1.92264654e+00  3.15800887e+00  2.87955657e+00 
 3.84814000e-09  1.67762537e+00  1.92237463e+00  3.15799406e+00  2.87960487e+00 
 3.84864000e-09  1.67789849e+00  1.92210151e+00  3.15797860e+00  2.87965360e+00 
 3.84914000e-09  1.67817281e+00  1.92182719e+00  3.15796249e+00  2.87970277e+00 
 3.84964000e-09  1.67844833e+00  1.92155167e+00  3.15794571e+00  2.87975241e+00 
 3.85014000e-09  1.67872505e+00  1.92127495e+00  3.15792823e+00  2.87980252e+00 
 3.85064000e-09  1.67900297e+00  1.92099703e+00  3.15791005e+00  2.87985311e+00 
 3.85114000e-09  1.67928209e+00  1.92071791e+00  3.15789115e+00  2.87990419e+00 
 3.85164000e-09  1.67956240e+00  1.92043760e+00  3.15787151e+00  2.87995578e+00 
 3.85214000e-09  1.67984389e+00  1.92015611e+00  3.15785110e+00  2.88000789e+00 
 3.85264000e-09  1.68012657e+00  1.91987343e+00  3.15782993e+00  2.88006053e+00 
 3.85314000e-09  1.68041044e+00  1.91958956e+00  3.15780795e+00  2.88011371e+00 
 3.85364000e-09  1.68069548e+00  1.91930452e+00  3.15778517e+00  2.88016745e+00 
 3.85414000e-09  1.68098170e+00  1.91901830e+00  3.15776155e+00  2.88022175e+00 
 3.85464000e-09  1.68126910e+00  1.91873090e+00  3.15773707e+00  2.88027665e+00 
 3.85514000e-09  1.68155767e+00  1.91844233e+00  3.15771172e+00  2.88033214e+00 
 3.85564000e-09  1.68184740e+00  1.91815260e+00  3.15768548e+00  2.88038824e+00 
 3.85614000e-09  1.68213831e+00  1.91786169e+00  3.15765832e+00  2.88044497e+00 
 3.85664000e-09  1.68243037e+00  1.91756963e+00  3.15763022e+00  2.88050234e+00 
 3.85714000e-09  1.68272360e+00  1.91727640e+00  3.15760116e+00  2.88056038e+00 
 3.85764000e-09  1.68301798e+00  1.91698202e+00  3.15757112e+00  2.88061908e+00 
 3.85814000e-09  1.68331352e+00  1.91668648e+00  3.15754007e+00  2.88067848e+00 
 3.85864000e-09  1.68361021e+00  1.91638979e+00  3.15750799e+00  2.88073858e+00 
 3.85914000e-09  1.68390805e+00  1.91609195e+00  3.15747485e+00  2.88079941e+00 
 3.85964000e-09  1.68420704e+00  1.91579296e+00  3.15744064e+00  2.88086098e+00 
 3.86014000e-09  1.68450716e+00  1.91549284e+00  3.15740532e+00  2.88092332e+00 
 3.86064000e-09  1.68480843e+00  1.91519157e+00  3.15736886e+00  2.88098643e+00 
 3.86114000e-09  1.68511084e+00  1.91488916e+00  3.15733126e+00  2.88105033e+00 
 3.86164000e-09  1.68541438e+00  1.91458562e+00  3.15729246e+00  2.88111505e+00 
 3.86214000e-09  1.68571904e+00  1.91428096e+00  3.15725246e+00  2.88118061e+00 
 3.86264000e-09  1.68602484e+00  1.91397516e+00  3.15721121e+00  2.88124703e+00 
 3.86314000e-09  1.68633176e+00  1.91366824e+00  3.15716870e+00  2.88131432e+00 
 3.86364000e-09  1.68663981e+00  1.91336019e+00  3.15712489e+00  2.88138250e+00 
 3.86414000e-09  1.68694897e+00  1.91305103e+00  3.15707975e+00  2.88145161e+00 
 3.86464000e-09  1.68725925e+00  1.91274075e+00  3.15703326e+00  2.88152165e+00 
 3.86514000e-09  1.68757064e+00  1.91242936e+00  3.15698537e+00  2.88159266e+00 
 3.86564000e-09  1.68788314e+00  1.91211686e+00  3.15693607e+00  2.88166465e+00 
 3.86614000e-09  1.68819675e+00  1.91180325e+00  3.15688532e+00  2.88173765e+00 
 3.86664000e-09  1.68851146e+00  1.91148854e+00  3.15683308e+00  2.88181168e+00 
 3.86714000e-09  1.68882727e+00  1.91117273e+00  3.15677932e+00  2.88188677e+00 
 3.86764000e-09  1.68914418e+00  1.91085582e+00  3.15672401e+00  2.88196294e+00 
 3.86814000e-09  1.68946218e+00  1.91053782e+00  3.15666712e+00  2.88204021e+00 
 3.86864000e-09  1.68978128e+00  1.91021872e+00  3.15660860e+00  2.88211862e+00 
 3.86914000e-09  1.69010146e+00  1.90989854e+00  3.15654843e+00  2.88219818e+00 
 3.86964000e-09  1.69042272e+00  1.90957728e+00  3.15648657e+00  2.88227893e+00 
 3.87014000e-09  1.69074507e+00  1.90925493e+00  3.15642298e+00  2.88236089e+00 
 3.87064000e-09  1.69106850e+00  1.90893150e+00  3.15635762e+00  2.88244408e+00 
 3.87114000e-09  1.69139300e+00  1.90860700e+00  3.15629046e+00  2.88252855e+00 
 3.87164000e-09  1.69171857e+00  1.90828143e+00  3.15622146e+00  2.88261431e+00 
 3.87214000e-09  1.69204521e+00  1.90795479e+00  3.15615058e+00  2.88270140e+00 
 3.87264000e-09  1.69237292e+00  1.90762708e+00  3.15607778e+00  2.88278984e+00 
 3.87314000e-09  1.69270169e+00  1.90729831e+00  3.15600302e+00  2.88287967e+00 
 3.87364000e-09  1.69303152e+00  1.90696848e+00  3.15592626e+00  2.88297091e+00 
 3.87414000e-09  1.69336240e+00  1.90663760e+00  3.15584745e+00  2.88306361e+00 
 3.87464000e-09  1.69369434e+00  1.90630566e+00  3.15576657e+00  2.88315778e+00 
 3.87514000e-09  1.69402732e+00  1.90597268e+00  3.15568356e+00  2.88325346e+00 
 3.87564000e-09  1.69436136e+00  1.90563864e+00  3.15559838e+00  2.88335069e+00 
 3.87614000e-09  1.69469643e+00  1.90530357e+00  3.15551099e+00  2.88344950e+00 
 3.87664000e-09  1.69503254e+00  1.90496746e+00  3.15542135e+00  2.88354992e+00 
 3.87714000e-09  1.69536969e+00  1.90463031e+00  3.15532942e+00  2.88365198e+00 
 3.87764000e-09  1.69570788e+00  1.90429212e+00  3.15523514e+00  2.88375573e+00 
 3.87814000e-09  1.69604709e+00  1.90395291e+00  3.15513847e+00  2.88386120e+00 
 3.87864000e-09  1.69638732e+00  1.90361268e+00  3.15503937e+00  2.88396842e+00 
 3.87914000e-09  1.69672858e+00  1.90327142e+00  3.15493780e+00  2.88407743e+00 
 3.87964000e-09  1.69707086e+00  1.90292914e+00  3.15483370e+00  2.88418827e+00 
 3.88014000e-09  1.69741416e+00  1.90258584e+00  3.15472703e+00  2.88430097e+00 
 3.88064000e-09  1.69775847e+00  1.90224153e+00  3.15461775e+00  2.88441557e+00 
 3.88114000e-09  1.69810378e+00  1.90189622e+00  3.15450581e+00  2.88453212e+00 
 3.88164000e-09  1.69845011e+00  1.90154989e+00  3.15439116e+00  2.88465065e+00 
 3.88214000e-09  1.69879743e+00  1.90120257e+00  3.15427375e+00  2.88477119e+00 
 3.88264000e-09  1.69914575e+00  1.90085425e+00  3.15415353e+00  2.88489380e+00 
 3.88314000e-09  1.69949507e+00  1.90050493e+00  3.15403047e+00  2.88501850e+00 
 3.88364000e-09  1.69984538e+00  1.90015462e+00  3.15390451e+00  2.88514535e+00 
 3.88414000e-09  1.70019668e+00  1.89980332e+00  3.15377560e+00  2.88527437e+00 
 3.88464000e-09  1.70054897e+00  1.89945103e+00  3.15364370e+00  2.88540562e+00 
 3.88514000e-09  1.70090223e+00  1.89909777e+00  3.15350875e+00  2.88553913e+00 
 3.88564000e-09  1.70125648e+00  1.89874352e+00  3.15337072e+00  2.88567495e+00 
 3.88614000e-09  1.70161170e+00  1.89838830e+00  3.15322954e+00  2.88581312e+00 
 3.88664000e-09  1.70196789e+00  1.89803211e+00  3.15308518e+00  2.88595368e+00 
 3.88714000e-09  1.70232504e+00  1.89767496e+00  3.15293759e+00  2.88609667e+00 
 3.88764000e-09  1.70268316e+00  1.89731684e+00  3.15278671e+00  2.88624214e+00 
 3.88814000e-09  1.70304225e+00  1.89695775e+00  3.15263250e+00  2.88639013e+00 
 3.88864000e-09  1.70340228e+00  1.89659772e+00  3.15247492e+00  2.88654068e+00 
 3.88914000e-09  1.70376328e+00  1.89623672e+00  3.15231392e+00  2.88669384e+00 
 3.88964000e-09  1.70412522e+00  1.89587478e+00  3.15214945e+00  2.88684965e+00 
 3.89014000e-09  1.70448811e+00  1.89551189e+00  3.15198146e+00  2.88700816e+00 
 3.89064000e-09  1.70485194e+00  1.89514806e+00  3.15180990e+00  2.88716941e+00 
 3.89114000e-09  1.70521671e+00  1.89478329e+00  3.15163474e+00  2.88733344e+00 
 3.89164000e-09  1.70558241e+00  1.89441759e+00  3.15145593e+00  2.88750031e+00 
 3.89214000e-09  1.70594905e+00  1.89405095e+00  3.15127342e+00  2.88767004e+00 
 3.89264000e-09  1.70631661e+00  1.89368339e+00  3.15108717e+00  2.88784269e+00 
 3.89314000e-09  1.70668510e+00  1.89331490e+00  3.15089713e+00  2.88801830e+00 
 3.89364000e-09  1.70705451e+00  1.89294549e+00  3.15070327e+00  2.88819692e+00 
 3.89414000e-09  1.70742484e+00  1.89257516e+00  3.15050553e+00  2.88837859e+00 
 3.89464000e-09  1.70779608e+00  1.89220392e+00  3.15030389e+00  2.88856335e+00 
 3.89514000e-09  1.70816824e+00  1.89183176e+00  3.15009829e+00  2.88875125e+00 
 3.89564000e-09  1.70854129e+00  1.89145871e+00  3.14988870e+00  2.88894233e+00 
 3.89614000e-09  1.70891526e+00  1.89108474e+00  3.14967508e+00  2.88913663e+00 
 3.89664000e-09  1.70929012e+00  1.89070988e+00  3.14945739e+00  2.88933420e+00 
 3.89714000e-09  1.70966587e+00  1.89033413e+00  3.14923559e+00  2.88953507e+00 
 3.89764000e-09  1.71004252e+00  1.88995748e+00  3.14900965e+00  2.88973930e+00 
 3.89814000e-09  1.71042005e+00  1.88957995e+00  3.14877952e+00  2.88994693e+00 
 3.89864000e-09  1.71079847e+00  1.88920153e+00  3.14854519e+00  2.89015798e+00 
 3.89914000e-09  1.71117777e+00  1.88882223e+00  3.14830660e+00  2.89037251e+00 
 3.89964000e-09  1.71155794e+00  1.88844206e+00  3.14806374e+00  2.89059056e+00 
 3.90014000e-09  1.71193899e+00  1.88806101e+00  3.14781656e+00  2.89081217e+00 
 3.90064000e-09  1.71232091e+00  1.88767909e+00  3.14756505e+00  2.89103737e+00 
 3.90114000e-09  1.71270369e+00  1.88729631e+00  3.14730916e+00  2.89126620e+00 
 3.90164000e-09  1.71308734e+00  1.88691266e+00  3.14704887e+00  2.89149871e+00 
 3.90214000e-09  1.71347184e+00  1.88652816e+00  3.14678416e+00  2.89173492e+00 
 3.90264000e-09  1.71385720e+00  1.88614280e+00  3.14651499e+00  2.89197489e+00 
 3.90314000e-09  1.71424340e+00  1.88575660e+00  3.14624135e+00  2.89221863e+00 
 3.90364000e-09  1.71463046e+00  1.88536954e+00  3.14596320e+00  2.89246619e+00 
 3.90414000e-09  1.71501835e+00  1.88498165e+00  3.14568054e+00  2.89271761e+00 
 3.90464000e-09  1.71540709e+00  1.88459291e+00  3.14539333e+00  2.89297291e+00 
 3.90514000e-09  1.71579666e+00  1.88420334e+00  3.14510157e+00  2.89323213e+00 
 3.90564000e-09  1.71618706e+00  1.88381294e+00  3.14480522e+00  2.89349530e+00 
 3.90614000e-09  1.71657828e+00  1.88342172e+00  3.14450427e+00  2.89376245e+00 
 3.90664000e-09  1.71697034e+00  1.88302966e+00  3.14419871e+00  2.89403361e+00 
 3.90714000e-09  1.71736321e+00  1.88263679e+00  3.14388853e+00  2.89430881e+00 
 3.90764000e-09  1.71775689e+00  1.88224311e+00  3.14357370e+00  2.89458808e+00 
 3.90814000e-09  1.71815139e+00  1.88184861e+00  3.14325422e+00  2.89487145e+00 
 3.90864000e-09  1.71854669e+00  1.88145331e+00  3.14293008e+00  2.89515893e+00 
 3.90914000e-09  1.71894280e+00  1.88105720e+00  3.14260127e+00  2.89545057e+00 
 3.90964000e-09  1.71933971e+00  1.88066029e+00  3.14226778e+00  2.89574637e+00 
 3.91014000e-09  1.71973742e+00  1.88026258e+00  3.14192960e+00  2.89604637e+00 
 3.91064000e-09  1.72013592e+00  1.87986408e+00  3.14158673e+00  2.89635058e+00 
 3.91114000e-09  1.72053520e+00  1.87946480e+00  3.14123917e+00  2.89665903e+00 
 3.91164000e-09  1.72093527e+00  1.87906473e+00  3.14088691e+00  2.89697174e+00 
 3.91214000e-09  1.72133612e+00  1.87866388e+00  3.14052994e+00  2.89728871e+00 
 3.91264000e-09  1.72173775e+00  1.87826225e+00  3.14016828e+00  2.89760998e+00 
 3.91314000e-09  1.72214015e+00  1.87785985e+00  3.13980192e+00  2.89793556e+00 
 3.91364000e-09  1.72254332e+00  1.87745668e+00  3.13943086e+00  2.89826545e+00 
 3.91414000e-09  1.72294725e+00  1.87705275e+00  3.13905511e+00  2.89859969e+00 
 3.91464000e-09  1.72335194e+00  1.87664806e+00  3.13867466e+00  2.89893827e+00 
 3.91514000e-09  1.72375739e+00  1.87624261e+00  3.13828953e+00  2.89928121e+00 
 3.91564000e-09  1.72416359e+00  1.87583641e+00  3.13789973e+00  2.89962852e+00 
 3.91614000e-09  1.72457054e+00  1.87542946e+00  3.13750525e+00  2.89998021e+00 
 3.91664000e-09  1.72497824e+00  1.87502176e+00  3.13710611e+00  2.90033628e+00 
 3.91714000e-09  1.72538667e+00  1.87461333e+00  3.13670232e+00  2.90069675e+00 
 3.91764000e-09  1.72579584e+00  1.87420416e+00  3.13629389e+00  2.90106162e+00 
 3.91814000e-09  1.72620575e+00  1.87379425e+00  3.13588082e+00  2.90143090e+00 
 3.91864000e-09  1.72661638e+00  1.87338362e+00  3.13546315e+00  2.90180458e+00 
 3.91914000e-09  1.72702773e+00  1.87297227e+00  3.13504087e+00  2.90218267e+00 
 3.91964000e-09  1.72743981e+00  1.87256019e+00  3.13461400e+00  2.90256517e+00 
 3.92014000e-09  1.72785260e+00  1.87214740e+00  3.13418255e+00  2.90295208e+00 
 3.92064000e-09  1.72826611e+00  1.87173389e+00  3.13374655e+00  2.90334340e+00 
 3.92114000e-09  1.72868032e+00  1.87131968e+00  3.13330601e+00  2.90373913e+00 
 3.92164000e-09  1.72909524e+00  1.87090476e+00  3.13286095e+00  2.90413926e+00 
 3.92214000e-09  1.72951085e+00  1.87048915e+00  3.13241138e+00  2.90454380e+00 
 3.92264000e-09  1.72992717e+00  1.87007283e+00  3.13195734e+00  2.90495273e+00 
 3.92314000e-09  1.73034417e+00  1.86965583e+00  3.13149882e+00  2.90536604e+00 
 3.92364000e-09  1.73076186e+00  1.86923814e+00  3.13103587e+00  2.90578374e+00 
 3.92414000e-09  1.73118023e+00  1.86881977e+00  3.13056849e+00  2.90620581e+00 
 3.92464000e-09  1.73159929e+00  1.86840071e+00  3.13009671e+00  2.90663225e+00 
 3.92514000e-09  1.73201902e+00  1.86798098e+00  3.12962056e+00  2.90706304e+00 
 3.92564000e-09  1.73243942e+00  1.86756058e+00  3.12914006e+00  2.90749817e+00 
 3.92614000e-09  1.73286048e+00  1.86713952e+00  3.12865522e+00  2.90793763e+00 
 3.92664000e-09  1.73328221e+00  1.86671779e+00  3.12816608e+00  2.90838141e+00 
 3.92714000e-09  1.73370460e+00  1.86629540e+00  3.12767266e+00  2.90882949e+00 
 3.92764000e-09  1.73412764e+00  1.86587236e+00  3.12717499e+00  2.90928187e+00 
 3.92814000e-09  1.73455133e+00  1.86544867e+00  3.12667309e+00  2.90973851e+00 
 3.92864000e-09  1.73497567e+00  1.86502433e+00  3.12616698e+00  2.91019942e+00 
 3.92914000e-09  1.73540065e+00  1.86459935e+00  3.12565670e+00  2.91066457e+00 
 3.92964000e-09  1.73582627e+00  1.86417373e+00  3.12514227e+00  2.91113394e+00 
 3.93014000e-09  1.73625252e+00  1.86374748e+00  3.12462372e+00  2.91160752e+00 
 3.93064000e-09  1.73667940e+00  1.86332060e+00  3.12410108e+00  2.91208528e+00 
 3.93114000e-09  1.73710690e+00  1.86289310e+00  3.12357438e+00  2.91256721e+00 
 3.93164000e-09  1.73753503e+00  1.86246497e+00  3.12304364e+00  2.91305329e+00 
 3.93214000e-09  1.73796377e+00  1.86203623e+00  3.12250889e+00  2.91354349e+00 
 3.93264000e-09  1.73839313e+00  1.86160687e+00  3.12197016e+00  2.91403780e+00 
 3.93314000e-09  1.73882309e+00  1.86117691e+00  3.12142749e+00  2.91453619e+00 
 3.93364000e-09  1.73925366e+00  1.86074634e+00  3.12088089e+00  2.91503864e+00 
 3.93414000e-09  1.73968482e+00  1.86031518e+00  3.12033041e+00  2.91554512e+00 
 3.93464000e-09  1.74011658e+00  1.85988342e+00  3.11977607e+00  2.91605562e+00 
 3.93514000e-09  1.74054893e+00  1.85945107e+00  3.11921790e+00  2.91657010e+00 
 3.93564000e-09  1.74098187e+00  1.85901813e+00  3.11865593e+00  2.91708855e+00 
 3.93614000e-09  1.74141539e+00  1.85858461e+00  3.11809019e+00  2.91761093e+00 
 3.93664000e-09  1.74184949e+00  1.85815051e+00  3.11752071e+00  2.91813723e+00 
 3.93714000e-09  1.74228417e+00  1.85771583e+00  3.11694753e+00  2.91866741e+00 
 3.93764000e-09  1.74271941e+00  1.85728059e+00  3.11637068e+00  2.91920146e+00 
 3.93814000e-09  1.74315522e+00  1.85684478e+00  3.11579018e+00  2.91973933e+00 
 3.93864000e-09  1.74359159e+00  1.85640841e+00  3.11520606e+00  2.92028102e+00 
 3.93914000e-09  1.74402851e+00  1.85597149e+00  3.11461837e+00  2.92082648e+00 
 3.93964000e-09  1.74446599e+00  1.85553401e+00  3.11402712e+00  2.92137569e+00 
 3.94014000e-09  1.74490402e+00  1.85509598e+00  3.11343235e+00  2.92192862e+00 
 3.94064000e-09  1.74534259e+00  1.85465741e+00  3.11283410e+00  2.92248525e+00 
 3.94114000e-09  1.74578170e+00  1.85421830e+00  3.11223239e+00  2.92304555e+00 
 3.94164000e-09  1.74622134e+00  1.85377866e+00  3.11162725e+00  2.92360948e+00 
 3.94214000e-09  1.74666152e+00  1.85333848e+00  3.11101873e+00  2.92417702e+00 
 3.94264000e-09  1.74710222e+00  1.85289778e+00  3.11040683e+00  2.92474813e+00 
 3.94314000e-09  1.74754345e+00  1.85245655e+00  3.10979161e+00  2.92532280e+00 
 3.94364000e-09  1.74798519e+00  1.85201481e+00  3.10917309e+00  2.92590098e+00 
 3.94414000e-09  1.74842744e+00  1.85157256e+00  3.10855130e+00  2.92648265e+00 
 3.94464000e-09  1.74887021e+00  1.85112979e+00  3.10792628e+00  2.92706779e+00 
 3.94514000e-09  1.74931348e+00  1.85068652e+00  3.10729805e+00  2.92765634e+00 
 3.94564000e-09  1.74975725e+00  1.85024275e+00  3.10666665e+00  2.92824830e+00 
 3.94614000e-09  1.75020151e+00  1.84979849e+00  3.10603210e+00  2.92884363e+00 
 3.94664000e-09  1.75064627e+00  1.84935373e+00  3.10539445e+00  2.92944229e+00 
 3.94714000e-09  1.75109151e+00  1.84890849e+00  3.10475371e+00  2.93004426e+00 
 3.94764000e-09  1.75153724e+00  1.84846276e+00  3.10410993e+00  2.93064950e+00 
 3.94814000e-09  1.75198344e+00  1.84801656e+00  3.10346313e+00  2.93125798e+00 
 3.94864000e-09  1.75243012e+00  1.84756988e+00  3.10281334e+00  2.93186968e+00 
 3.94914000e-09  1.75287727e+00  1.84712273e+00  3.10216060e+00  2.93248456e+00 
 3.94964000e-09  1.75332488e+00  1.84667512e+00  3.10150493e+00  2.93310260e+00 
 3.95014000e-09  1.75377296e+00  1.84622704e+00  3.10084638e+00  2.93372375e+00 
 3.95064000e-09  1.75422149e+00  1.84577851e+00  3.10018495e+00  2.93434799e+00 
 3.95114000e-09  1.75467047e+00  1.84532953e+00  3.09952070e+00  2.93497529e+00 
 3.95164000e-09  1.75511990e+00  1.84488010e+00  3.09885365e+00  2.93560561e+00 
 3.95214000e-09  1.75556977e+00  1.84443023e+00  3.09818382e+00  2.93623893e+00 
 3.95264000e-09  1.75602008e+00  1.84397992e+00  3.09751126e+00  2.93687521e+00 
 3.95314000e-09  1.75647083e+00  1.84352917e+00  3.09683598e+00  2.93751442e+00 
 3.95364000e-09  1.75692200e+00  1.84307800e+00  3.09615803e+00  2.93815653e+00 
 3.95414000e-09  1.75737360e+00  1.84262640e+00  3.09547743e+00  2.93880152e+00 
 3.95464000e-09  1.75782562e+00  1.84217438e+00  3.09479420e+00  2.93944934e+00 
 3.95514000e-09  1.75827806e+00  1.84172194e+00  3.09410839e+00  2.94009996e+00 
 3.95564000e-09  1.75873091e+00  1.84126909e+00  3.09342002e+00  2.94075337e+00 
 3.95614000e-09  1.75918416e+00  1.84081584e+00  3.09272912e+00  2.94140951e+00 
 3.95664000e-09  1.75963782e+00  1.84036218e+00  3.09203572e+00  2.94206837e+00 
 3.95714000e-09  1.76009188e+00  1.83990812e+00  3.09133985e+00  2.94272992e+00 
 3.95764000e-09  1.76054633e+00  1.83945367e+00  3.09064153e+00  2.94339411e+00 
 3.95814000e-09  1.76100117e+00  1.83899883e+00  3.08994081e+00  2.94406092e+00 
 3.95864000e-09  1.76145639e+00  1.83854361e+00  3.08923770e+00  2.94473032e+00 
 3.95914000e-09  1.76191200e+00  1.83808800e+00  3.08853224e+00  2.94540228e+00 
 3.95964000e-09  1.76236798e+00  1.83763202e+00  3.08782445e+00  2.94607677e+00 
 3.96014000e-09  1.76282433e+00  1.83717567e+00  3.08711437e+00  2.94675375e+00 
 3.96064000e-09  1.76328105e+00  1.83671895e+00  3.08640203e+00  2.94743320e+00 
 3.96114000e-09  1.76373813e+00  1.83626187e+00  3.08568744e+00  2.94811508e+00 
 3.96164000e-09  1.76419557e+00  1.83580443e+00  3.08497065e+00  2.94879937e+00 
 3.96214000e-09  1.76465337e+00  1.83534663e+00  3.08425167e+00  2.94948603e+00 
 3.96264000e-09  1.76511151e+00  1.83488849e+00  3.08353054e+00  2.95017503e+00 
 3.96314000e-09  1.76557000e+00  1.83443000e+00  3.08280729e+00  2.95086635e+00 
 3.96364000e-09  1.76602882e+00  1.83397118e+00  3.08208194e+00  2.95155995e+00 
 3.96414000e-09  1.76648798e+00  1.83351202e+00  3.08135453e+00  2.95225580e+00 
 3.96464000e-09  1.76694748e+00  1.83305252e+00  3.08062507e+00  2.95295387e+00 
 3.96514000e-09  1.76740730e+00  1.83259270e+00  3.07989360e+00  2.95365414e+00 
 3.96564000e-09  1.76786744e+00  1.83213256e+00  3.07916015e+00  2.95435656e+00 
 3.96614000e-09  1.76832789e+00  1.83167211e+00  3.07842474e+00  2.95506112e+00 
 3.96664000e-09  1.76878866e+00  1.83121134e+00  3.07768740e+00  2.95576778e+00 
 3.96714000e-09  1.76924974e+00  1.83075026e+00  3.07694816e+00  2.95647652e+00 
 3.96764000e-09  1.76971112e+00  1.83028888e+00  3.07620705e+00  2.95718729e+00 
 3.96814000e-09  1.77017280e+00  1.82982720e+00  3.07546409e+00  2.95790008e+00 
 3.96864000e-09  1.77063478e+00  1.82936522e+00  3.07471930e+00  2.95861486e+00 
 3.96914000e-09  1.77109704e+00  1.82890296e+00  3.07397273e+00  2.95933158e+00 
 3.96964000e-09  1.77155959e+00  1.82844041e+00  3.07322439e+00  2.96005024e+00 
 3.97014000e-09  1.77202242e+00  1.82797758e+00  3.07247431e+00  2.96077079e+00 
 3.97064000e-09  1.77248553e+00  1.82751447e+00  3.07172252e+00  2.96149320e+00 
 3.97114000e-09  1.77294891e+00  1.82705109e+00  3.07096904e+00  2.96221745e+00 
 3.97164000e-09  1.77341255e+00  1.82658745e+00  3.07021390e+00  2.96294351e+00 
 3.97214000e-09  1.77387646e+00  1.82612354e+00  3.06945714e+00  2.96367135e+00 
 3.97264000e-09  1.77434063e+00  1.82565937e+00  3.06869876e+00  2.96440095e+00 
 3.97314000e-09  1.77480505e+00  1.82519495e+00  3.06793881e+00  2.96513226e+00 
 3.97364000e-09  1.77526971e+00  1.82473029e+00  3.06717730e+00  2.96586527e+00 
 3.97414000e-09  1.77573462e+00  1.82426538e+00  3.06641426e+00  2.96659994e+00 
 3.97464000e-09  1.77619978e+00  1.82380022e+00  3.06564972e+00  2.96733625e+00 
 3.97514000e-09  1.77666516e+00  1.82333484e+00  3.06488371e+00  2.96807417e+00 
 3.97564000e-09  1.77713078e+00  1.82286922e+00  3.06411625e+00  2.96881366e+00 
 3.97614000e-09  1.77759662e+00  1.82240338e+00  3.06334737e+00  2.96955471e+00 
 3.97664000e-09  1.77806268e+00  1.82193732e+00  3.06257708e+00  2.97029729e+00 
 3.97714000e-09  1.77852896e+00  1.82147104e+00  3.06180543e+00  2.97104136e+00 
 3.97764000e-09  1.77899545e+00  1.82100455e+00  3.06103242e+00  2.97178689e+00 
 3.97814000e-09  1.77946215e+00  1.82053785e+00  3.06025810e+00  2.97253387e+00 
 3.97864000e-09  1.77992905e+00  1.82007095e+00  3.05948248e+00  2.97328226e+00 
 3.97914000e-09  1.78039615e+00  1.81960385e+00  3.05870559e+00  2.97403204e+00 
 3.97964000e-09  1.78086345e+00  1.81913655e+00  3.05792746e+00  2.97478317e+00 
 3.98014000e-09  1.78133093e+00  1.81866907e+00  3.05714810e+00  2.97553563e+00 
 3.98064000e-09  1.78179859e+00  1.81820141e+00  3.05636755e+00  2.97628940e+00 
 3.98114000e-09  1.78226644e+00  1.81773356e+00  3.05558583e+00  2.97704444e+00 
 3.98164000e-09  1.78273446e+00  1.81726554e+00  3.05480297e+00  2.97780073e+00 
 3.98214000e-09  1.78320265e+00  1.81679735e+00  3.05401899e+00  2.97855824e+00 
 3.98264000e-09  1.78367101e+00  1.81632899e+00  3.05323391e+00  2.97931694e+00 
 3.98314000e-09  1.78413953e+00  1.81586047e+00  3.05244776e+00  2.98007682e+00 
 3.98364000e-09  1.78460820e+00  1.81539180e+00  3.05166057e+00  2.98083783e+00 
 3.98414000e-09  1.78507703e+00  1.81492297e+00  3.05087235e+00  2.98159996e+00 
 3.98464000e-09  1.78554600e+00  1.81445400e+00  3.05008314e+00  2.98236317e+00 
 3.98514000e-09  1.78601512e+00  1.81398488e+00  3.04929296e+00  2.98312745e+00 
 3.98564000e-09  1.78648437e+00  1.81351563e+00  3.04850184e+00  2.98389276e+00 
 3.98614000e-09  1.78695376e+00  1.81304624e+00  3.04770979e+00  2.98465908e+00 
 3.98664000e-09  1.78742328e+00  1.81257672e+00  3.04691684e+00  2.98542638e+00 
 3.98714000e-09  1.78789292e+00  1.81210708e+00  3.04612302e+00  2.98619463e+00 
 3.98764000e-09  1.78836268e+00  1.81163732e+00  3.04532836e+00  2.98696382e+00 
 3.98814000e-09  1.78883256e+00  1.81116744e+00  3.04453287e+00  2.98773391e+00 
 3.98864000e-09  1.78930254e+00  1.81069746e+00  3.04373658e+00  2.98850489e+00 
 3.98914000e-09  1.78977263e+00  1.81022737e+00  3.04293951e+00  2.98927671e+00 
 3.98964000e-09  1.79024282e+00  1.80975718e+00  3.04214169e+00  2.99004936e+00 
 3.99014000e-09  1.79071311e+00  1.80928689e+00  3.04134315e+00  2.99082282e+00 
 3.99064000e-09  1.79118349e+00  1.80881651e+00  3.04054391e+00  2.99159705e+00 
 3.99114000e-09  1.79165396e+00  1.80834604e+00  3.03974399e+00  2.99237204e+00 
 3.99164000e-09  1.79212451e+00  1.80787549e+00  3.03894342e+00  2.99314775e+00 
 3.99214000e-09  1.79259514e+00  1.80740486e+00  3.03814222e+00  2.99392416e+00 
 3.99264000e-09  1.79306584e+00  1.80693416e+00  3.03734041e+00  2.99470126e+00 
 3.99314000e-09  1.79353660e+00  1.80646340e+00  3.03653803e+00  2.99547901e+00 
 3.99364000e-09  1.79400744e+00  1.80599256e+00  3.03573510e+00  2.99625739e+00 
 3.99414000e-09  1.79447833e+00  1.80552167e+00  3.03493163e+00  2.99703637e+00 
 3.99464000e-09  1.79494927e+00  1.80505073e+00  3.03412767e+00  2.99781594e+00 
 3.99514000e-09  1.79542027e+00  1.80457973e+00  3.03332322e+00  2.99859606e+00 
 3.99564000e-09  1.79589131e+00  1.80410869e+00  3.03251832e+00  2.99937672e+00 
 3.99614000e-09  1.79636239e+00  1.80363761e+00  3.03171300e+00  3.00015789e+00 
 3.99664000e-09  1.79683351e+00  1.80316649e+00  3.03090727e+00  3.00093956e+00 
 3.99714000e-09  1.79730466e+00  1.80269534e+00  3.03010117e+00  3.00172169e+00 
 3.99764000e-09  1.79777583e+00  1.80222417e+00  3.02929472e+00  3.00250426e+00 
 3.99814000e-09  1.79824703e+00  1.80175297e+00  3.02848795e+00  3.00328726e+00 
 3.99864000e-09  1.79871825e+00  1.80128175e+00  3.02768089e+00  3.00407066e+00 
 3.99914000e-09  1.79918947e+00  1.80081053e+00  3.02687356e+00  3.00485444e+00 
 3.99964000e-09  1.79966071e+00  1.80033929e+00  3.02606598e+00  3.00563858e+00 
 4.00014000e-09  1.80013195e+00  1.79986805e+00  3.02525820e+00  3.00642306e+00 
 4.00064000e-09  1.80060318e+00  1.79939682e+00  3.02445023e+00  3.00720785e+00 
 4.00114000e-09  1.80107442e+00  1.79892558e+00  3.02364210e+00  3.00799294e+00 
 4.00164000e-09  1.80154564e+00  1.79845436e+00  3.02283385e+00  3.00877831e+00 
 4.00214000e-09  1.80201684e+00  1.79798316e+00  3.02202549e+00  3.00956394e+00 
 4.00264000e-09  1.80248803e+00  1.79751197e+00  3.02121707e+00  3.01034980e+00 
 4.00314000e-09  1.80295919e+00  1.79704081e+00  3.02040860e+00  3.01113588e+00 
 4.00364000e-09  1.80343032e+00  1.79656968e+00  3.01960011e+00  3.01192215e+00 
 4.00414000e-09  1.80390142e+00  1.79609858e+00  3.01879163e+00  3.01270860e+00 
 4.00464000e-09  1.80437248e+00  1.79562752e+00  3.01798320e+00  3.01349520e+00 
 4.00514000e-09  1.80484349e+00  1.79515651e+00  3.01717482e+00  3.01428193e+00 
 4.00564000e-09  1.80531446e+00  1.79468554e+00  3.01636653e+00  3.01506878e+00 
 4.00614000e-09  1.80578538e+00  1.79421462e+00  3.01555836e+00  3.01585570e+00 
 4.00664000e-09  1.80625624e+00  1.79374376e+00  3.01475032e+00  3.01664269e+00 
 4.00714000e-09  1.80672703e+00  1.79327297e+00  3.01394243e+00  3.01742971e+00 
 4.00764000e-09  1.80719777e+00  1.79280223e+00  3.01313473e+00  3.01821674e+00 
 4.00814000e-09  1.80766843e+00  1.79233157e+00  3.01232721e+00  3.01900375e+00 
 4.00864000e-09  1.80813901e+00  1.79186099e+00  3.01151991e+00  3.01979071e+00 
 4.00914000e-09  1.80860951e+00  1.79139049e+00  3.01071284e+00  3.02057759e+00 
 4.00964000e-09  1.80907993e+00  1.79092007e+00  3.00990601e+00  3.02136435e+00 
 4.01014000e-09  1.80955026e+00  1.79044974e+00  3.00909944e+00  3.02215098e+00 
 4.01064000e-09  1.81002050e+00  1.78997950e+00  3.00829314e+00  3.02293743e+00 
 4.01114000e-09  1.81049063e+00  1.78950937e+00  3.00748712e+00  3.02372368e+00 
 4.01164000e-09  1.81096066e+00  1.78903934e+00  3.00668141e+00  3.02450967e+00 
 4.01214000e-09  1.81143059e+00  1.78856941e+00  3.00587600e+00  3.02529540e+00 
 4.01264000e-09  1.81190040e+00  1.78809960e+00  3.00507091e+00  3.02608081e+00 
 4.01314000e-09  1.81237009e+00  1.78762991e+00  3.00426616e+00  3.02686587e+00 
 4.01364000e-09  1.81283967e+00  1.78716033e+00  3.00346175e+00  3.02765055e+00 
 4.01414000e-09  1.81330911e+00  1.78669089e+00  3.00265770e+00  3.02843482e+00 
 4.01464000e-09  1.81377842e+00  1.78622158e+00  3.00185402e+00  3.02921863e+00 
 4.01514000e-09  1.81424760e+00  1.78575240e+00  3.00105073e+00  3.03000196e+00 
 4.01564000e-09  1.81471664e+00  1.78528336e+00  3.00024784e+00  3.03078478e+00 
 4.01614000e-09  1.81518553e+00  1.78481447e+00  2.99944536e+00  3.03156705e+00 
 4.01664000e-09  1.81565427e+00  1.78434573e+00  2.99864331e+00  3.03234873e+00 
 4.01714000e-09  1.81612286e+00  1.78387714e+00  2.99784170e+00  3.03312981e+00 
 4.01764000e-09  1.81659129e+00  1.78340871e+00  2.99704056e+00  3.03391024e+00 
 4.01814000e-09  1.81705956e+00  1.78294044e+00  2.99623990e+00  3.03469000e+00 
 4.01864000e-09  1.81752765e+00  1.78247235e+00  2.99543974e+00  3.03546905e+00 
 4.01914000e-09  1.81799557e+00  1.78200443e+00  2.99464010e+00  3.03624738e+00 
 4.01964000e-09  1.81846332e+00  1.78153668e+00  2.99384100e+00  3.03702495e+00 
 4.02014000e-09  1.81893088e+00  1.78106912e+00  2.99304246e+00  3.03780174e+00 
 4.02064000e-09  1.81939826e+00  1.78060174e+00  2.99224450e+00  3.03857772e+00 
 4.02114000e-09  1.81986545e+00  1.78013455e+00  2.99144714e+00  3.03935285e+00 
 4.02164000e-09  1.82033244e+00  1.77966756e+00  2.99065041e+00  3.04012713e+00 
 4.02214000e-09  1.82079922e+00  1.77920078e+00  2.98985433e+00  3.04090052e+00 
 4.02264000e-09  1.82126581e+00  1.77873419e+00  2.98905893e+00  3.04167300e+00 
 4.02314000e-09  1.82173218e+00  1.77826782e+00  2.98826422e+00  3.04244454e+00 
 4.02364000e-09  1.82219834e+00  1.77780166e+00  2.98747023e+00  3.04321513e+00 
 4.02414000e-09  1.82266428e+00  1.77733572e+00  2.98667699e+00  3.04398473e+00 
 4.02464000e-09  1.82313000e+00  1.77687000e+00  2.98588452e+00  3.04475333e+00 
 4.02514000e-09  1.82359548e+00  1.77640452e+00  2.98509285e+00  3.04552089e+00 
 4.02564000e-09  1.82406074e+00  1.77593926e+00  2.98430201e+00  3.04628741e+00 
 4.02614000e-09  1.82452576e+00  1.77547424e+00  2.98351201e+00  3.04705285e+00 
 4.02664000e-09  1.82499053e+00  1.77500947e+00  2.98272289e+00  3.04781720e+00 
 4.02714000e-09  1.82545506e+00  1.77454494e+00  2.98193467e+00  3.04858043e+00 
 4.02764000e-09  1.82591934e+00  1.77408066e+00  2.98114737e+00  3.04934251e+00 
 4.02814000e-09  1.82638336e+00  1.77361664e+00  2.98036103e+00  3.05010344e+00 
 4.02864000e-09  1.82684712e+00  1.77315288e+00  2.97957568e+00  3.05086318e+00 
 4.02914000e-09  1.82731062e+00  1.77268938e+00  2.97879133e+00  3.05162171e+00 
 4.02964000e-09  1.82777384e+00  1.77222616e+00  2.97800801e+00  3.05237901e+00 
 4.03014000e-09  1.82823680e+00  1.77176320e+00  2.97722575e+00  3.05313506e+00 
 4.03064000e-09  1.82869947e+00  1.77130053e+00  2.97644459e+00  3.05388983e+00 
 4.03114000e-09  1.82916186e+00  1.77083814e+00  2.97566453e+00  3.05464331e+00 
 4.03164000e-09  1.82962396e+00  1.77037604e+00  2.97488562e+00  3.05539546e+00 
 4.03214000e-09  1.83008577e+00  1.76991423e+00  2.97410788e+00  3.05614628e+00 
 4.03264000e-09  1.83054729e+00  1.76945271e+00  2.97333133e+00  3.05689572e+00 
 4.03314000e-09  1.83100850e+00  1.76899150e+00  2.97255600e+00  3.05764379e+00 
 4.03364000e-09  1.83146941e+00  1.76853059e+00  2.97178192e+00  3.05839044e+00 
 4.03414000e-09  1.83193000e+00  1.76807000e+00  2.97100911e+00  3.05913565e+00 
 4.03464000e-09  1.83239028e+00  1.76760972e+00  2.97023760e+00  3.05987941e+00 
 4.03514000e-09  1.83285024e+00  1.76714976e+00  2.96946742e+00  3.06062169e+00 
 4.03564000e-09  1.83330988e+00  1.76669012e+00  2.96869860e+00  3.06136246e+00 
 4.03614000e-09  1.83376919e+00  1.76623081e+00  2.96793116e+00  3.06210171e+00 
 4.03664000e-09  1.83422816e+00  1.76577184e+00  2.96716512e+00  3.06283940e+00 
 4.03714000e-09  1.83468680e+00  1.76531320e+00  2.96640052e+00  3.06357552e+00 
 4.03764000e-09  1.83514509e+00  1.76485491e+00  2.96563738e+00  3.06431004e+00 
 4.03814000e-09  1.83560304e+00  1.76439696e+00  2.96487572e+00  3.06504293e+00 
 4.03864000e-09  1.83606064e+00  1.76393936e+00  2.96411558e+00  3.06577418e+00 
 4.03914000e-09  1.83651788e+00  1.76348212e+00  2.96335698e+00  3.06650375e+00 
 4.03964000e-09  1.83697476e+00  1.76302524e+00  2.96259994e+00  3.06723163e+00 
 4.04014000e-09  1.83743127e+00  1.76256873e+00  2.96184449e+00  3.06795778e+00 
 4.04064000e-09  1.83788742e+00  1.76211258e+00  2.96109067e+00  3.06868219e+00 
 4.04114000e-09  1.83834319e+00  1.76165681e+00  2.96033848e+00  3.06940482e+00 
 4.04164000e-09  1.83879858e+00  1.76120142e+00  2.95958797e+00  3.07012566e+00 
 4.04214000e-09  1.83925359e+00  1.76074641e+00  2.95883916e+00  3.07084467e+00 
 4.04264000e-09  1.83970821e+00  1.76029179e+00  2.95809207e+00  3.07156184e+00 
 4.04314000e-09  1.84016244e+00  1.75983756e+00  2.95734673e+00  3.07227713e+00 
 4.04364000e-09  1.84061628e+00  1.75938372e+00  2.95660316e+00  3.07299053e+00 
 4.04414000e-09  1.84106971e+00  1.75893029e+00  2.95586140e+00  3.07370200e+00 
 4.04464000e-09  1.84152274e+00  1.75847726e+00  2.95512147e+00  3.07441152e+00 
 4.04514000e-09  1.84197536e+00  1.75802464e+00  2.95438339e+00  3.07511906e+00 
 4.04564000e-09  1.84242756e+00  1.75757244e+00  2.95364719e+00  3.07582460e+00 
 4.04614000e-09  1.84287935e+00  1.75712065e+00  2.95291290e+00  3.07652811e+00 
 4.04664000e-09  1.84333071e+00  1.75666929e+00  2.95218054e+00  3.07722957e+00 
 4.04714000e-09  1.84378164e+00  1.75621836e+00  2.95145014e+00  3.07792894e+00 
 4.04764000e-09  1.84423215e+00  1.75576785e+00  2.95072173e+00  3.07862621e+00 
 4.04814000e-09  1.84468221e+00  1.75531779e+00  2.94999533e+00  3.07932134e+00 
 4.04864000e-09  1.84513184e+00  1.75486816e+00  2.94927097e+00  3.08001430e+00 
 4.04914000e-09  1.84558102e+00  1.75441898e+00  2.94854868e+00  3.08070509e+00 
 4.04964000e-09  1.84602974e+00  1.75397026e+00  2.94782847e+00  3.08139365e+00 
 4.05014000e-09  1.84647802e+00  1.75352198e+00  2.94711039e+00  3.08207997e+00 
 4.05064000e-09  1.84692584e+00  1.75307416e+00  2.94639445e+00  3.08276403e+00 
 4.05114000e-09  1.84737319e+00  1.75262681e+00  2.94568068e+00  3.08344578e+00 
 4.05164000e-09  1.84782008e+00  1.75217992e+00  2.94496910e+00  3.08412522e+00 
 4.05214000e-09  1.84826649e+00  1.75173351e+00  2.94425975e+00  3.08480230e+00 
 4.05264000e-09  1.84871243e+00  1.75128757e+00  2.94355265e+00  3.08547701e+00 
 4.05314000e-09  1.84915788e+00  1.75084212e+00  2.94284783e+00  3.08614930e+00 
 4.05364000e-09  1.84960286e+00  1.75039714e+00  2.94214530e+00  3.08681917e+00 
 4.05414000e-09  1.85004734e+00  1.74995266e+00  2.94144511e+00  3.08748658e+00 
 4.05464000e-09  1.85049133e+00  1.74950867e+00  2.94074728e+00  3.08815149e+00 
 4.05514000e-09  1.85093481e+00  1.74906519e+00  2.94005182e+00  3.08881390e+00 
 4.05564000e-09  1.85137780e+00  1.74862220e+00  2.93935878e+00  3.08947375e+00 
 4.05614000e-09  1.85182028e+00  1.74817972e+00  2.93866817e+00  3.09013104e+00 
 4.05664000e-09  1.85226225e+00  1.74773775e+00  2.93798002e+00  3.09078573e+00 
 4.05714000e-09  1.85270370e+00  1.74729630e+00  2.93729436e+00  3.09143779e+00 
 4.05764000e-09  1.85314463e+00  1.74685537e+00  2.93661121e+00  3.09208720e+00 
 4.05814000e-09  1.85358504e+00  1.74641496e+00  2.93593061e+00  3.09273393e+00 
 4.05864000e-09  1.85402492e+00  1.74597508e+00  2.93525257e+00  3.09337794e+00 
 4.05914000e-09  1.85446427e+00  1.74553573e+00  2.93457714e+00  3.09401922e+00 
 4.05964000e-09  1.85490308e+00  1.74509692e+00  2.93390432e+00  3.09465773e+00 
 4.06014000e-09  1.85534134e+00  1.74465866e+00  2.93323415e+00  3.09529345e+00 
 4.06064000e-09  1.85577906e+00  1.74422094e+00  2.93256665e+00  3.09592635e+00 
 4.06114000e-09  1.85621623e+00  1.74378377e+00  2.93190186e+00  3.09655640e+00 
 4.06164000e-09  1.85665285e+00  1.74334715e+00  2.93123979e+00  3.09718357e+00 
 4.06214000e-09  1.85708890e+00  1.74291110e+00  2.93058048e+00  3.09780784e+00 
 4.06264000e-09  1.85752440e+00  1.74247560e+00  2.92992395e+00  3.09842918e+00 
 4.06314000e-09  1.85795932e+00  1.74204068e+00  2.92927023e+00  3.09904755e+00 
 4.06364000e-09  1.85839367e+00  1.74160633e+00  2.92861934e+00  3.09966294e+00 
 4.06414000e-09  1.85882745e+00  1.74117255e+00  2.92797131e+00  3.10027532e+00 
 4.06464000e-09  1.85926064e+00  1.74073936e+00  2.92732617e+00  3.10088465e+00 
 4.06514000e-09  1.85969326e+00  1.74030674e+00  2.92668395e+00  3.10149091e+00 
 4.06564000e-09  1.86012528e+00  1.73987472e+00  2.92604466e+00  3.10209407e+00 
 4.06614000e-09  1.86055671e+00  1.73944329e+00  2.92540834e+00  3.10269410e+00 
 4.06664000e-09  1.86098754e+00  1.73901246e+00  2.92477501e+00  3.10329099e+00 
 4.06714000e-09  1.86141776e+00  1.73858224e+00  2.92414470e+00  3.10388469e+00 
 4.06764000e-09  1.86184739e+00  1.73815261e+00  2.92351744e+00  3.10447519e+00 
 4.06814000e-09  1.86227640e+00  1.73772360e+00  2.92289325e+00  3.10506246e+00 
 4.06864000e-09  1.86270480e+00  1.73729520e+00  2.92227216e+00  3.10564646e+00 
 4.06914000e-09  1.86313257e+00  1.73686743e+00  2.92165419e+00  3.10622718e+00 
 4.06964000e-09  1.86355973e+00  1.73644027e+00  2.92103937e+00  3.10680458e+00 
 4.07014000e-09  1.86398626e+00  1.73601374e+00  2.92042773e+00  3.10737864e+00 
 4.07064000e-09  1.86441215e+00  1.73558785e+00  2.91981929e+00  3.10794934e+00 
 4.07114000e-09  1.86483742e+00  1.73516258e+00  2.91921407e+00  3.10851664e+00 
 4.07164000e-09  1.86526204e+00  1.73473796e+00  2.91861211e+00  3.10908053e+00 
 4.07214000e-09  1.86568601e+00  1.73431399e+00  2.91801343e+00  3.10964097e+00 
 4.07264000e-09  1.86610934e+00  1.73389066e+00  2.91741805e+00  3.11019794e+00 
 4.07314000e-09  1.86653202e+00  1.73346798e+00  2.91682600e+00  3.11075142e+00 
 4.07364000e-09  1.86695404e+00  1.73304596e+00  2.91623730e+00  3.11130138e+00 
 4.07414000e-09  1.86737540e+00  1.73262460e+00  2.91565199e+00  3.11184779e+00 
 4.07464000e-09  1.86779609e+00  1.73220391e+00  2.91507008e+00  3.11239063e+00 
 4.07514000e-09  1.86821611e+00  1.73178389e+00  2.91449159e+00  3.11292988e+00 
 4.07564000e-09  1.86863547e+00  1.73136453e+00  2.91391656e+00  3.11346551e+00 
 4.07614000e-09  1.86905414e+00  1.73094586e+00  2.91334501e+00  3.11399750e+00 
 4.07664000e-09  1.86947213e+00  1.73052787e+00  2.91277696e+00  3.11452582e+00 
 4.07714000e-09  1.86988944e+00  1.73011056e+00  2.91221244e+00  3.11505046e+00 
 4.07764000e-09  1.87030606e+00  1.72969394e+00  2.91165146e+00  3.11557138e+00 
 4.07814000e-09  1.87072198e+00  1.72927802e+00  2.91109406e+00  3.11608857e+00 
 4.07864000e-09  1.87113720e+00  1.72886280e+00  2.91054026e+00  3.11660201e+00 
 4.07914000e-09  1.87155173e+00  1.72844827e+00  2.90999008e+00  3.11711166e+00 
 4.07964000e-09  1.87196554e+00  1.72803446e+00  2.90944354e+00  3.11761752e+00 
 4.08014000e-09  1.87237865e+00  1.72762135e+00  2.90890067e+00  3.11811955e+00 
 4.08064000e-09  1.87279104e+00  1.72720896e+00  2.90836148e+00  3.11861775e+00 
 4.08114000e-09  1.87320271e+00  1.72679729e+00  2.90782601e+00  3.11911208e+00 
 4.08164000e-09  1.87361367e+00  1.72638633e+00  2.90729426e+00  3.11960253e+00 
 4.08214000e-09  1.87402389e+00  1.72597611e+00  2.90676628e+00  3.12008909e+00 
 4.08264000e-09  1.87443338e+00  1.72556662e+00  2.90624206e+00  3.12057172e+00 
 4.08314000e-09  1.87484214e+00  1.72515786e+00  2.90572165e+00  3.12105041e+00 
 4.08364000e-09  1.87525016e+00  1.72474984e+00  2.90520505e+00  3.12152515e+00 
 4.08414000e-09  1.87565744e+00  1.72434256e+00  2.90469229e+00  3.12199592e+00 
 4.08464000e-09  1.87606397e+00  1.72393603e+00  2.90418338e+00  3.12246270e+00 
 4.08514000e-09  1.87646976e+00  1.72353024e+00  2.90367836e+00  3.12292547e+00 
 4.08564000e-09  1.87687478e+00  1.72312522e+00  2.90317723e+00  3.12338422e+00 
 4.08614000e-09  1.87727905e+00  1.72272095e+00  2.90268001e+00  3.12383893e+00 
 4.08664000e-09  1.87768255e+00  1.72231745e+00  2.90218673e+00  3.12428959e+00 
 4.08714000e-09  1.87808529e+00  1.72191471e+00  2.90169740e+00  3.12473618e+00 
 4.08764000e-09  1.87848726e+00  1.72151274e+00  2.90121205e+00  3.12517869e+00 
 4.08814000e-09  1.87888845e+00  1.72111155e+00  2.90073068e+00  3.12561712e+00 
 4.08864000e-09  1.87928886e+00  1.72071114e+00  2.90025331e+00  3.12605144e+00 
 4.08914000e-09  1.87968850e+00  1.72031150e+00  2.89977996e+00  3.12648164e+00 
 4.08964000e-09  1.88008734e+00  1.71991266e+00  2.89931065e+00  3.12690772e+00 
 4.09014000e-09  1.88048539e+00  1.71951461e+00  2.89884539e+00  3.12732966e+00 
 4.09064000e-09  1.88088265e+00  1.71911735e+00  2.89838420e+00  3.12774745e+00 
 4.09114000e-09  1.88127912e+00  1.71872088e+00  2.89792709e+00  3.12816110e+00 
 4.09164000e-09  1.88167478e+00  1.71832522e+00  2.89747408e+00  3.12857058e+00 
 4.09214000e-09  1.88206963e+00  1.71793037e+00  2.89702517e+00  3.12897589e+00 
 4.09264000e-09  1.88246367e+00  1.71753633e+00  2.89658038e+00  3.12937702e+00 
 4.09314000e-09  1.88285690e+00  1.71714310e+00  2.89613973e+00  3.12977398e+00 
 4.09364000e-09  1.88324931e+00  1.71675069e+00  2.89570323e+00  3.13016675e+00 
 4.09414000e-09  1.88364090e+00  1.71635910e+00  2.89527088e+00  3.13055533e+00 
 4.09464000e-09  1.88403167e+00  1.71596833e+00  2.89484270e+00  3.13093972e+00 
 4.09514000e-09  1.88442160e+00  1.71557840e+00  2.89441870e+00  3.13131991e+00 
 4.09564000e-09  1.88481071e+00  1.71518929e+00  2.89399889e+00  3.13169591e+00 
 4.09614000e-09  1.88519897e+00  1.71480103e+00  2.89358327e+00  3.13206771e+00 
 4.09664000e-09  1.88558640e+00  1.71441360e+00  2.89317186e+00  3.13243531e+00 
 4.09714000e-09  1.88597298e+00  1.71402702e+00  2.89276466e+00  3.13279872e+00 
 4.09764000e-09  1.88635871e+00  1.71364129e+00  2.89236168e+00  3.13315794e+00 
 4.09814000e-09  1.88674359e+00  1.71325641e+00  2.89196293e+00  3.13351297e+00 
 4.09864000e-09  1.88712761e+00  1.71287239e+00  2.89156840e+00  3.13386381e+00 
 4.09914000e-09  1.88751077e+00  1.71248923e+00  2.89117812e+00  3.13421047e+00 
 4.09964000e-09  1.88789307e+00  1.71210693e+00  2.89079208e+00  3.13455295e+00 
 4.10014000e-09  1.88827450e+00  1.71172550e+00  2.89041028e+00  3.13489127e+00 
 4.10064000e-09  1.88865506e+00  1.71134494e+00  2.89003273e+00  3.13522542e+00 
 4.10114000e-09  1.88903475e+00  1.71096525e+00  2.88965943e+00  3.13555542e+00 
 4.10164000e-09  1.88941355e+00  1.71058645e+00  2.88929038e+00  3.13588128e+00 
 4.10214000e-09  1.88979148e+00  1.71020852e+00  2.88892559e+00  3.13620301e+00 
 4.10264000e-09  1.89016851e+00  1.70983149e+00  2.88856505e+00  3.13652062e+00 
 4.10314000e-09  1.89054466e+00  1.70945534e+00  2.88820877e+00  3.13683412e+00 
 4.10364000e-09  1.89091992e+00  1.70908008e+00  2.88785673e+00  3.13714352e+00 
 4.10414000e-09  1.89129427e+00  1.70870573e+00  2.88750895e+00  3.13744884e+00 
 4.10464000e-09  1.89166773e+00  1.70833227e+00  2.88716542e+00  3.13775010e+00 
 4.10514000e-09  1.89204028e+00  1.70795972e+00  2.88682613e+00  3.13804731e+00 
 4.10564000e-09  1.89241192e+00  1.70758808e+00  2.88649108e+00  3.13834048e+00 
 4.10614000e-09  1.89278265e+00  1.70721735e+00  2.88616027e+00  3.13862965e+00 
 4.10664000e-09  1.89315247e+00  1.70684753e+00  2.88583369e+00  3.13891481e+00 
 4.10714000e-09  1.89352136e+00  1.70647864e+00  2.88551133e+00  3.13919601e+00 
 4.10764000e-09  1.89388934e+00  1.70611066e+00  2.88519319e+00  3.13947324e+00 
 4.10814000e-09  1.89425638e+00  1.70574362e+00  2.88487926e+00  3.13974655e+00 
 4.10864000e-09  1.89462250e+00  1.70537750e+00  2.88456953e+00  3.14001594e+00 
 4.10914000e-09  1.89498768e+00  1.70501232e+00  2.88426400e+00  3.14028145e+00 
 4.10964000e-09  1.89535193e+00  1.70464807e+00  2.88396264e+00  3.14054310e+00 
 4.11014000e-09  1.89571523e+00  1.70428477e+00  2.88366546e+00  3.14080091e+00 
 4.11064000e-09  1.89607759e+00  1.70392241e+00  2.88337244e+00  3.14105491e+00 
 4.11114000e-09  1.89643900e+00  1.70356100e+00  2.88308356e+00  3.14130512e+00 
 4.11164000e-09  1.89679946e+00  1.70320054e+00  2.88279881e+00  3.14155158e+00 
 4.11214000e-09  1.89715896e+00  1.70284104e+00  2.88251819e+00  3.14179431e+00 
 4.11264000e-09  1.89751750e+00  1.70248250e+00  2.88224167e+00  3.14203334e+00 
 4.11314000e-09  1.89787508e+00  1.70212492e+00  2.88196924e+00  3.14226870e+00 
 4.11364000e-09  1.89823170e+00  1.70176830e+00  2.88170089e+00  3.14250042e+00 
 4.11414000e-09  1.89858735e+00  1.70141265e+00  2.88143659e+00  3.14272853e+00 
 4.11464000e-09  1.89894202e+00  1.70105798e+00  2.88117632e+00  3.14295307e+00 
 4.11514000e-09  1.89929572e+00  1.70070428e+00  2.88092008e+00  3.14317406e+00 
 4.11564000e-09  1.89964843e+00  1.70035157e+00  2.88066784e+00  3.14339154e+00 
 4.11614000e-09  1.90000017e+00  1.69999983e+00  2.88041958e+00  3.14360554e+00 
 4.11664000e-09  1.90035091e+00  1.69964909e+00  2.88017527e+00  3.14381610e+00 
 4.11714000e-09  1.90070067e+00  1.69929933e+00  2.87993491e+00  3.14402325e+00 
 4.11764000e-09  1.90104943e+00  1.69895057e+00  2.87969846e+00  3.14422703e+00 
 4.11814000e-09  1.90139719e+00  1.69860281e+00  2.87946590e+00  3.14442747e+00 
 4.11864000e-09  1.90174396e+00  1.69825604e+00  2.87923720e+00  3.14462461e+00 
 4.11914000e-09  1.90208972e+00  1.69791028e+00  2.87901235e+00  3.14481848e+00 
 4.11964000e-09  1.90243447e+00  1.69756553e+00  2.87879132e+00  3.14500912e+00 
 4.12014000e-09  1.90277821e+00  1.69722179e+00  2.87857408e+00  3.14519657e+00 
 4.12064000e-09  1.90312094e+00  1.69687906e+00  2.87836061e+00  3.14538087e+00 
 4.12114000e-09  1.90346265e+00  1.69653735e+00  2.87815087e+00  3.14556205e+00 
 4.12164000e-09  1.90380333e+00  1.69619667e+00  2.87794484e+00  3.14574015e+00 
 4.12214000e-09  1.90414300e+00  1.69585700e+00  2.87774250e+00  3.14591520e+00 
 4.12264000e-09  1.90448163e+00  1.69551837e+00  2.87754380e+00  3.14608726e+00 
 4.12314000e-09  1.90481924e+00  1.69518076e+00  2.87734873e+00  3.14625635e+00 
 4.12364000e-09  1.90515581e+00  1.69484419e+00  2.87715724e+00  3.14642251e+00 
 4.12414000e-09  1.90549134e+00  1.69450866e+00  2.87696932e+00  3.14658579e+00 
 4.12464000e-09  1.90582583e+00  1.69417417e+00  2.87678492e+00  3.14674622e+00 
 4.12514000e-09  1.90615928e+00  1.69384072e+00  2.87660402e+00  3.14690384e+00 
 4.12564000e-09  1.90649168e+00  1.69350832e+00  2.87642658e+00  3.14705869e+00 
 4.12614000e-09  1.90682302e+00  1.69317698e+00  2.87625257e+00  3.14721080e+00 
 4.12664000e-09  1.90715332e+00  1.69284668e+00  2.87608196e+00  3.14736023e+00 
 4.12714000e-09  1.90748255e+00  1.69251745e+00  2.87591471e+00  3.14750700e+00 
 4.12764000e-09  1.90781073e+00  1.69218927e+00  2.87575078e+00  3.14765116e+00 
 4.12814000e-09  1.90813784e+00  1.69186216e+00  2.87559015e+00  3.14779274e+00 
 4.12864000e-09  1.90846388e+00  1.69153612e+00  2.87543277e+00  3.14793178e+00 
 4.12914000e-09  1.90878885e+00  1.69121115e+00  2.87527862e+00  3.14806833e+00 
 4.12964000e-09  1.90911275e+00  1.69088725e+00  2.87512765e+00  3.14820241e+00 
 4.13014000e-09  1.90943558e+00  1.69056442e+00  2.87497983e+00  3.14833408e+00 
 4.13064000e-09  1.90975732e+00  1.69024268e+00  2.87483512e+00  3.14846336e+00 
 4.13114000e-09  1.91007798e+00  1.68992202e+00  2.87469348e+00  3.14859029e+00 
 4.13164000e-09  1.91039755e+00  1.68960245e+00  2.87455489e+00  3.14871492e+00 
 4.13214000e-09  1.91071603e+00  1.68928397e+00  2.87441929e+00  3.14883728e+00 
 4.13264000e-09  1.91103342e+00  1.68896658e+00  2.87428665e+00  3.14895740e+00 
 4.13314000e-09  1.91134972e+00  1.68865028e+00  2.87415695e+00  3.14907533e+00 
 4.13364000e-09  1.91166491e+00  1.68833509e+00  2.87403012e+00  3.14919110e+00 
 4.13414000e-09  1.91197901e+00  1.68802099e+00  2.87390615e+00  3.14930475e+00 
 4.13464000e-09  1.91229199e+00  1.68770801e+00  2.87378499e+00  3.14941631e+00 
 4.13514000e-09  1.91260387e+00  1.68739613e+00  2.87366660e+00  3.14952582e+00 
 4.13564000e-09  1.91291464e+00  1.68708536e+00  2.87355094e+00  3.14963332e+00 
 4.13614000e-09  1.91322430e+00  1.68677570e+00  2.87343799e+00  3.14973884e+00 
 4.13664000e-09  1.91353283e+00  1.68646717e+00  2.87332769e+00  3.14984242e+00 
 4.13714000e-09  1.91384025e+00  1.68615975e+00  2.87322001e+00  3.14994408e+00 
 4.13764000e-09  1.91414654e+00  1.68585346e+00  2.87311491e+00  3.15004387e+00 
 4.13814000e-09  1.91445171e+00  1.68554829e+00  2.87301235e+00  3.15014182e+00 
 4.13864000e-09  1.91475575e+00  1.68524425e+00  2.87291230e+00  3.15023797e+00 
 4.13914000e-09  1.91505865e+00  1.68494135e+00  2.87281472e+00  3.15033234e+00 
 4.13964000e-09  1.91536042e+00  1.68463958e+00  2.87271957e+00  3.15042496e+00 
 4.14014000e-09  1.91566105e+00  1.68433895e+00  2.87262681e+00  3.15051588e+00 
 4.14064000e-09  1.91596054e+00  1.68403946e+00  2.87253641e+00  3.15060513e+00 
 4.14114000e-09  1.91625888e+00  1.68374112e+00  2.87244833e+00  3.15069273e+00 
 4.14164000e-09  1.91655608e+00  1.68344392e+00  2.87236252e+00  3.15077871e+00 
 4.14214000e-09  1.91685212e+00  1.68314788e+00  2.87227896e+00  3.15086312e+00 
 4.14264000e-09  1.91714701e+00  1.68285299e+00  2.87219760e+00  3.15094597e+00 
 4.14314000e-09  1.91744075e+00  1.68255925e+00  2.87211842e+00  3.15102730e+00 
 4.14364000e-09  1.91773333e+00  1.68226667e+00  2.87204137e+00  3.15110713e+00 
 4.14414000e-09  1.91802474e+00  1.68197526e+00  2.87196642e+00  3.15118551e+00 
 4.14464000e-09  1.91831499e+00  1.68168501e+00  2.87189353e+00  3.15126245e+00 
 4.14514000e-09  1.91860408e+00  1.68139592e+00  2.87182266e+00  3.15133799e+00 
 4.14564000e-09  1.91889199e+00  1.68110801e+00  2.87175379e+00  3.15141215e+00 
 4.14614000e-09  1.91917873e+00  1.68082127e+00  2.87168688e+00  3.15148495e+00 
 4.14664000e-09  1.91946429e+00  1.68053571e+00  2.87162189e+00  3.15155644e+00 
 4.14714000e-09  1.91974867e+00  1.68025133e+00  2.87155879e+00  3.15162663e+00 
 4.14764000e-09  1.92003188e+00  1.67996812e+00  2.87149754e+00  3.15169555e+00 
 4.14814000e-09  1.92031389e+00  1.67968611e+00  2.87143812e+00  3.15176323e+00 
 4.14864000e-09  1.92059472e+00  1.67940528e+00  2.87138048e+00  3.15182970e+00 
 4.14914000e-09  1.92087436e+00  1.67912564e+00  2.87132460e+00  3.15189496e+00 
 4.14964000e-09  1.92115281e+00  1.67884719e+00  2.87127044e+00  3.15195907e+00 
 4.15014000e-09  1.92143006e+00  1.67856994e+00  2.87121798e+00  3.15202202e+00 
 4.15064000e-09  1.92170611e+00  1.67829389e+00  2.87116717e+00  3.15208386e+00 
 4.15114000e-09  1.92198096e+00  1.67801904e+00  2.87111800e+00  3.15214460e+00 
 4.15164000e-09  1.92225461e+00  1.67774539e+00  2.87107042e+00  3.15220427e+00 
 4.15214000e-09  1.92252705e+00  1.67747295e+00  2.87102441e+00  3.15226289e+00 
 4.15264000e-09  1.92279828e+00  1.67720172e+00  2.87097994e+00  3.15232048e+00 
 4.15314000e-09  1.92306830e+00  1.67693170e+00  2.87093697e+00  3.15237707e+00 
 4.15364000e-09  1.92333710e+00  1.67666290e+00  2.87089549e+00  3.15243267e+00 
 4.15414000e-09  1.92360469e+00  1.67639531e+00  2.87085546e+00  3.15248731e+00 
 4.15464000e-09  1.92387106e+00  1.67612894e+00  2.87081684e+00  3.15254100e+00 
 4.15514000e-09  1.92413620e+00  1.67586380e+00  2.87077962e+00  3.15259378e+00 
 4.15564000e-09  1.92440012e+00  1.67559988e+00  2.87074377e+00  3.15264565e+00 
 4.15614000e-09  1.92466281e+00  1.67533719e+00  2.87070926e+00  3.15269664e+00 
 4.15664000e-09  1.92492428e+00  1.67507572e+00  2.87067606e+00  3.15274676e+00 
 4.15714000e-09  1.92518450e+00  1.67481550e+00  2.87064415e+00  3.15279604e+00 
 4.15764000e-09  1.92544350e+00  1.67455650e+00  2.87061350e+00  3.15284450e+00 
 4.15814000e-09  1.92570125e+00  1.67429875e+00  2.87058408e+00  3.15289215e+00 
 4.15864000e-09  1.92595777e+00  1.67404223e+00  2.87055588e+00  3.15293900e+00 
 4.15914000e-09  1.92621304e+00  1.67378696e+00  2.87052886e+00  3.15298509e+00 
 4.15964000e-09  1.92646706e+00  1.67353294e+00  2.87050300e+00  3.15303042e+00 
 4.16014000e-09  1.92671984e+00  1.67328016e+00  2.87047828e+00  3.15307501e+00 
 4.16064000e-09  1.92697137e+00  1.67302863e+00  2.87045467e+00  3.15311887e+00 
 4.16114000e-09  1.92722164e+00  1.67277836e+00  2.87043216e+00  3.15316204e+00 
 4.16164000e-09  1.92747066e+00  1.67252934e+00  2.87041071e+00  3.15320451e+00 
 4.16214000e-09  1.92771842e+00  1.67228158e+00  2.87039031e+00  3.15324630e+00 
 4.16264000e-09  1.92796492e+00  1.67203508e+00  2.87037094e+00  3.15328744e+00 
 4.16314000e-09  1.92821015e+00  1.67178985e+00  2.87035257e+00  3.15332793e+00 
 4.16364000e-09  1.92845412e+00  1.67154588e+00  2.87033518e+00  3.15336779e+00 
 4.16414000e-09  1.92869683e+00  1.67130317e+00  2.87031876e+00  3.15340704e+00 
 4.16464000e-09  1.92893826e+00  1.67106174e+00  2.87030327e+00  3.15344568e+00 
 4.16514000e-09  1.92917842e+00  1.67082158e+00  2.87028871e+00  3.15348374e+00 
 4.16564000e-09  1.92941731e+00  1.67058269e+00  2.87027505e+00  3.15352121e+00 
 4.16614000e-09  1.92965491e+00  1.67034509e+00  2.87026227e+00  3.15355813e+00 
 4.16664000e-09  1.92989124e+00  1.67010876e+00  2.87025036e+00  3.15359450e+00 
 4.16714000e-09  1.93012629e+00  1.66987371e+00  2.87023930e+00  3.15363033e+00 
 4.16764000e-09  1.93036005e+00  1.66963995e+00  2.87022906e+00  3.15366563e+00 
 4.16814000e-09  1.93059253e+00  1.66940747e+00  2.87021963e+00  3.15370042e+00 
 4.16864000e-09  1.93082371e+00  1.66917629e+00  2.87021100e+00  3.15373471e+00 
 4.16914000e-09  1.93105361e+00  1.66894639e+00  2.87020314e+00  3.15376852e+00 
 4.16964000e-09  1.93128221e+00  1.66871779e+00  2.87019605e+00  3.15380184e+00 
 4.17014000e-09  1.93150952e+00  1.66849048e+00  2.87018969e+00  3.15383469e+00 
 4.17064000e-09  1.93173553e+00  1.66826447e+00  2.87018406e+00  3.15386709e+00 
 4.17114000e-09  1.93196023e+00  1.66803977e+00  2.87017915e+00  3.15389904e+00 
 4.17164000e-09  1.93218364e+00  1.66781636e+00  2.87017493e+00  3.15393056e+00 
 4.17214000e-09  1.93240574e+00  1.66759426e+00  2.87017139e+00  3.15396165e+00 
 4.17264000e-09  1.93262654e+00  1.66737346e+00  2.87016852e+00  3.15399232e+00 
 4.17314000e-09  1.93284602e+00  1.66715398e+00  2.87016630e+00  3.15402259e+00 
 4.17364000e-09  1.93306419e+00  1.66693581e+00  2.87016472e+00  3.15405246e+00 
 4.17414000e-09  1.93328106e+00  1.66671894e+00  2.87016376e+00  3.15408194e+00 
 4.17464000e-09  1.93349660e+00  1.66650340e+00  2.87016341e+00  3.15411104e+00 
 4.17514000e-09  1.93371083e+00  1.66628917e+00  2.87016366e+00  3.15413977e+00 
 4.17564000e-09  1.93392374e+00  1.66607626e+00  2.87016450e+00  3.15416814e+00 
 4.17614000e-09  1.93413532e+00  1.66586468e+00  2.87016590e+00  3.15419615e+00 
 4.17664000e-09  1.93434559e+00  1.66565441e+00  2.87016787e+00  3.15422382e+00 
 4.17714000e-09  1.93455452e+00  1.66544548e+00  2.87017038e+00  3.15425116e+00 
 4.17764000e-09  1.93476213e+00  1.66523787e+00  2.87017343e+00  3.15427816e+00 
 4.17814000e-09  1.93496841e+00  1.66503159e+00  2.87017700e+00  3.15430484e+00 
 4.17864000e-09  1.93517336e+00  1.66482664e+00  2.87018109e+00  3.15433121e+00 
 4.17914000e-09  1.93537697e+00  1.66462303e+00  2.87018567e+00  3.15435726e+00 
 4.17964000e-09  1.93557925e+00  1.66442075e+00  2.87019075e+00  3.15438302e+00 
 4.18014000e-09  1.93578019e+00  1.66421981e+00  2.87019630e+00  3.15440849e+00 
 4.18064000e-09  1.93597978e+00  1.66402022e+00  2.87020232e+00  3.15443367e+00 
 4.18114000e-09  1.93617804e+00  1.66382196e+00  2.87020881e+00  3.15445856e+00 
 4.18164000e-09  1.93637495e+00  1.66362505e+00  2.87021574e+00  3.15448319e+00 
 4.18214000e-09  1.93657052e+00  1.66342948e+00  2.87022311e+00  3.15450755e+00 
 4.18264000e-09  1.93676474e+00  1.66323526e+00  2.87023091e+00  3.15453164e+00 
 4.18314000e-09  1.93695761e+00  1.66304239e+00  2.87023912e+00  3.15455548e+00 
 4.18364000e-09  1.93714912e+00  1.66285088e+00  2.87024776e+00  3.15457908e+00 
 4.18414000e-09  1.93733929e+00  1.66266071e+00  2.87025679e+00  3.15460242e+00 
 4.18464000e-09  1.93752809e+00  1.66247191e+00  2.87026621e+00  3.15462554e+00 
 4.18514000e-09  1.93771554e+00  1.66228446e+00  2.87027603e+00  3.15464841e+00 
 4.18564000e-09  1.93790163e+00  1.66209837e+00  2.87028621e+00  3.15467107e+00 
 4.18614000e-09  1.93808636e+00  1.66191364e+00  2.87029677e+00  3.15469350e+00 
 4.18664000e-09  1.93826973e+00  1.66173027e+00  2.87030768e+00  3.15471571e+00 
 4.18714000e-09  1.93845173e+00  1.66154827e+00  2.87031895e+00  3.15473771e+00 
 4.18764000e-09  1.93863237e+00  1.66136763e+00  2.87033057e+00  3.15475951e+00 
 4.18814000e-09  1.93881164e+00  1.66118836e+00  2.87034252e+00  3.15478110e+00 
 4.18864000e-09  1.93898954e+00  1.66101046e+00  2.87035480e+00  3.15480250e+00 
 4.18914000e-09  1.93916606e+00  1.66083394e+00  2.87036740e+00  3.15482370e+00 
 4.18964000e-09  1.93934121e+00  1.66065879e+00  2.87038032e+00  3.15484472e+00 
 4.19014000e-09  1.93951499e+00  1.66048501e+00  2.87039355e+00  3.15486555e+00 
 4.19064000e-09  1.93968739e+00  1.66031261e+00  2.87040709e+00  3.15488620e+00 
 4.19114000e-09  1.93985841e+00  1.66014159e+00  2.87042092e+00  3.15490667e+00 
 4.19164000e-09  1.94002806e+00  1.65997194e+00  2.87043504e+00  3.15492697e+00 
 4.19214000e-09  1.94019631e+00  1.65980369e+00  2.87044944e+00  3.15494711e+00 
 4.19264000e-09  1.94036319e+00  1.65963681e+00  2.87046412e+00  3.15496708e+00 
 4.19314000e-09  1.94052868e+00  1.65947132e+00  2.87047907e+00  3.15498689e+00 
 4.19364000e-09  1.94069278e+00  1.65930722e+00  2.87049429e+00  3.15500655e+00 
 4.19414000e-09  1.94085550e+00  1.65914450e+00  2.87050977e+00  3.15502605e+00 
 4.19464000e-09  1.94101682e+00  1.65898318e+00  2.87052550e+00  3.15504540e+00 
 4.19514000e-09  1.94117676e+00  1.65882324e+00  2.87054148e+00  3.15506461e+00 
 4.19564000e-09  1.94133530e+00  1.65866470e+00  2.87055771e+00  3.15508367e+00 
 4.19614000e-09  1.94149244e+00  1.65850756e+00  2.87057417e+00  3.15510259e+00 
 4.19664000e-09  1.94164819e+00  1.65835181e+00  2.87059087e+00  3.15512138e+00 
 4.19714000e-09  1.94180254e+00  1.65819746e+00  2.87060780e+00  3.15514003e+00 
 4.19764000e-09  1.94195549e+00  1.65804451e+00  2.87062495e+00  3.15515856e+00 
 4.19814000e-09  1.94210704e+00  1.65789296e+00  2.87064232e+00  3.15517695e+00 
 4.19864000e-09  1.94225719e+00  1.65774281e+00  2.87065991e+00  3.15519522e+00 
 4.19914000e-09  1.94240593e+00  1.65759407e+00  2.87067770e+00  3.15521337e+00 
 4.19964000e-09  1.94255327e+00  1.65744673e+00  2.87069571e+00  3.15523140e+00 
 4.20014000e-09  1.94269920e+00  1.65730080e+00  2.87071391e+00  3.15524932e+00 
 4.20064000e-09  1.94284372e+00  1.65715628e+00  2.87073231e+00  3.15526712e+00 
 4.20114000e-09  1.94298683e+00  1.65701317e+00  2.87075091e+00  3.15528481e+00 
 4.20164000e-09  1.94312853e+00  1.65687147e+00  2.87076969e+00  3.15530239e+00 
 4.20214000e-09  1.94326882e+00  1.65673118e+00  2.87078867e+00  3.15531986e+00 
 4.20264000e-09  1.94340769e+00  1.65659231e+00  2.87080782e+00  3.15533723e+00 
 4.20314000e-09  1.94354515e+00  1.65645485e+00  2.87082715e+00  3.15535450e+00 
 4.20364000e-09  1.94368120e+00  1.65631880e+00  2.87084665e+00  3.15537167e+00 
 4.20414000e-09  1.94381582e+00  1.65618418e+00  2.87086633e+00  3.15538874e+00 
 4.20464000e-09  1.94394902e+00  1.65605098e+00  2.87088617e+00  3.15540572e+00 
 4.20514000e-09  1.94408081e+00  1.65591919e+00  2.87090618e+00  3.15542260e+00 
 4.20564000e-09  1.94421117e+00  1.65578883e+00  2.87092635e+00  3.15543939e+00 
 4.20614000e-09  1.94434011e+00  1.65565989e+00  2.87094667e+00  3.15545609e+00 
 4.20664000e-09  1.94446762e+00  1.65553238e+00  2.87096715e+00  3.15547271e+00 
 4.20714000e-09  1.94459371e+00  1.65540629e+00  2.87098778e+00  3.15548924e+00 
 4.20764000e-09  1.94471837e+00  1.65528163e+00  2.87100856e+00  3.15550569e+00 
 4.20814000e-09  1.94484161e+00  1.65515839e+00  2.87102949e+00  3.15552206e+00 
 4.20864000e-09  1.94496341e+00  1.65503659e+00  2.87105056e+00  3.15553834e+00 
 4.20914000e-09  1.94508378e+00  1.65491622e+00  2.87107176e+00  3.15555455e+00 
 4.20964000e-09  1.94520272e+00  1.65479728e+00  2.87109311e+00  3.15557068e+00 
 4.21014000e-09  1.94532023e+00  1.65467977e+00  2.87111459e+00  3.15558674e+00 
 4.21064000e-09  1.94543631e+00  1.65456369e+00  2.87113620e+00  3.15560273e+00 
 4.21114000e-09  1.94555094e+00  1.65444906e+00  2.87115793e+00  3.15561864e+00 
 4.21164000e-09  1.94566414e+00  1.65433586e+00  2.87117980e+00  3.15563448e+00 
 4.21214000e-09  1.94577591e+00  1.65422409e+00  2.87120179e+00  3.15565026e+00 
 4.21264000e-09  1.94588623e+00  1.65411377e+00  2.87122390e+00  3.15566596e+00 
 4.21314000e-09  1.94599512e+00  1.65400488e+00  2.87124613e+00  3.15568160e+00 
 4.21364000e-09  1.94610256e+00  1.65389744e+00  2.87126848e+00  3.15569718e+00 
 4.21414000e-09  1.94620857e+00  1.65379143e+00  2.87129094e+00  3.15571269e+00 
 4.21464000e-09  1.94631313e+00  1.65368687e+00  2.87131352e+00  3.15572815e+00 
 4.21514000e-09  1.94641624e+00  1.65358376e+00  2.87133621e+00  3.15574354e+00 
 4.21564000e-09  1.94651791e+00  1.65348209e+00  2.87135900e+00  3.15575887e+00 
 4.21614000e-09  1.94661814e+00  1.65338186e+00  2.87138190e+00  3.15577414e+00 
 4.21664000e-09  1.94671691e+00  1.65328309e+00  2.87140491e+00  3.15578936e+00 
 4.21714000e-09  1.94681424e+00  1.65318576e+00  2.87142802e+00  3.15580452e+00 
 4.21764000e-09  1.94691012e+00  1.65308988e+00  2.87145123e+00  3.15581963e+00 
 4.21814000e-09  1.94700455e+00  1.65299545e+00  2.87147454e+00  3.15583468e+00 
 4.21864000e-09  1.94709753e+00  1.65290247e+00  2.87149795e+00  3.15584968e+00 
 4.21914000e-09  1.94718906e+00  1.65281094e+00  2.87152145e+00  3.15586463e+00 
 4.21964000e-09  1.94727913e+00  1.65272087e+00  2.87154505e+00  3.15587953e+00 
 4.22014000e-09  1.94736775e+00  1.65263225e+00  2.87156874e+00  3.15589438e+00 
 4.22064000e-09  1.94745492e+00  1.65254508e+00  2.87159251e+00  3.15590918e+00 
 4.22114000e-09  1.94754063e+00  1.65245937e+00  2.87161638e+00  3.15592394e+00 
 4.22164000e-09  1.94762489e+00  1.65237511e+00  2.87164034e+00  3.15593864e+00 
 4.22214000e-09  1.94770769e+00  1.65229231e+00  2.87166438e+00  3.15595331e+00 
 4.22264000e-09  1.94778903e+00  1.65221097e+00  2.87168851e+00  3.15596792e+00 
 4.22314000e-09  1.94786891e+00  1.65213109e+00  2.87171271e+00  3.15598249e+00 
 4.22364000e-09  1.94794733e+00  1.65205267e+00  2.87173700e+00  3.15599702e+00 
 4.22414000e-09  1.94802429e+00  1.65197571e+00  2.87176137e+00  3.15601151e+00 
 4.22464000e-09  1.94809980e+00  1.65190020e+00  2.87178582e+00  3.15602596e+00 
 4.22514000e-09  1.94817383e+00  1.65182617e+00  2.87181035e+00  3.15604036e+00 
 4.22564000e-09  1.94824641e+00  1.65175359e+00  2.87183495e+00  3.15605472e+00 
 4.22614000e-09  1.94831753e+00  1.65168247e+00  2.87185963e+00  3.15606905e+00 
 4.22664000e-09  1.94838718e+00  1.65161282e+00  2.87188439e+00  3.15608334e+00 
 4.22714000e-09  1.94845536e+00  1.65154464e+00  2.87190921e+00  3.15609758e+00 
 4.22764000e-09  1.94852208e+00  1.65147792e+00  2.87193411e+00  3.15611179e+00 
 4.22814000e-09  1.94858734e+00  1.65141266e+00  2.87195907e+00  3.15612597e+00 
 4.22864000e-09  1.94865113e+00  1.65134887e+00  2.87198411e+00  3.15614011e+00 
 4.22914000e-09  1.94871345e+00  1.65128655e+00  2.87200921e+00  3.15615421e+00 
 4.22964000e-09  1.94877430e+00  1.65122570e+00  2.87203438e+00  3.15616827e+00 
 4.23014000e-09  1.94883368e+00  1.65116632e+00  2.87205962e+00  3.15618231e+00 
 4.23064000e-09  1.94889160e+00  1.65110840e+00  2.87208492e+00  3.15619631e+00 
 4.23114000e-09  1.94894805e+00  1.65105195e+00  2.87211029e+00  3.15621027e+00 
 4.23164000e-09  1.94900302e+00  1.65099698e+00  2.87213572e+00  3.15622420e+00 
 4.23214000e-09  1.94905653e+00  1.65094347e+00  2.87216121e+00  3.15623810e+00 
 4.23264000e-09  1.94910856e+00  1.65089144e+00  2.87218677e+00  3.15625197e+00 
 4.23314000e-09  1.94915913e+00  1.65084087e+00  2.87221238e+00  3.15626581e+00 
 4.23364000e-09  1.94920822e+00  1.65079178e+00  2.87223805e+00  3.15627962e+00 
 4.23414000e-09  1.94925584e+00  1.65074416e+00  2.87226379e+00  3.15629339e+00 
 4.23464000e-09  1.94930198e+00  1.65069802e+00  2.87228958e+00  3.15630714e+00 
 4.23514000e-09  1.94934665e+00  1.65065335e+00  2.87231542e+00  3.15632085e+00 
 4.23564000e-09  1.94938985e+00  1.65061015e+00  2.87234133e+00  3.15633454e+00 
 4.23614000e-09  1.94943158e+00  1.65056842e+00  2.87236729e+00  3.15634820e+00 
 4.23664000e-09  1.94947182e+00  1.65052818e+00  2.87239330e+00  3.15636183e+00 
 4.23714000e-09  1.94951060e+00  1.65048940e+00  2.87241937e+00  3.15637543e+00 
 4.23764000e-09  1.94954789e+00  1.65045211e+00  2.87244549e+00  3.15638900e+00 
 4.23814000e-09  1.94958372e+00  1.65041628e+00  2.87247167e+00  3.15640255e+00 
 4.23864000e-09  1.94961806e+00  1.65038194e+00  2.87249789e+00  3.15641607e+00 
 4.23914000e-09  1.94965093e+00  1.65034907e+00  2.87252417e+00  3.15642956e+00 
 4.23964000e-09  1.94968232e+00  1.65031768e+00  2.87255050e+00  3.15644303e+00 
 4.24014000e-09  1.94971224e+00  1.65028776e+00  2.87257688e+00  3.15645647e+00 
 4.24064000e-09  1.94974067e+00  1.65025933e+00  2.87260331e+00  3.15646988e+00 
 4.24114000e-09  1.94976763e+00  1.65023237e+00  2.87262979e+00  3.15648327e+00 
 4.24164000e-09  1.94979311e+00  1.65020689e+00  2.87265632e+00  3.15649663e+00 
 4.24214000e-09  1.94981712e+00  1.65018288e+00  2.87268289e+00  3.15650997e+00 
 4.24264000e-09  1.94983964e+00  1.65016036e+00  2.87270951e+00  3.15652328e+00 
 4.24314000e-09  1.94986068e+00  1.65013932e+00  2.87273618e+00  3.15653657e+00 
 4.24364000e-09  1.94988025e+00  1.65011975e+00  2.87276290e+00  3.15654983e+00 
 4.24414000e-09  1.94989834e+00  1.65010166e+00  2.87278966e+00  3.15656307e+00 
 4.24464000e-09  1.94991494e+00  1.65008506e+00  2.87281646e+00  3.15657629e+00 
 4.24514000e-09  1.94993007e+00  1.65006993e+00  2.87284332e+00  3.15658948e+00 
 4.24564000e-09  1.94994372e+00  1.65005628e+00  2.87287021e+00  3.15660265e+00 
 4.24614000e-09  1.94995589e+00  1.65004411e+00  2.87289715e+00  3.15661579e+00 
 4.24664000e-09  1.94996657e+00  1.65003343e+00  2.87292414e+00  3.15662891e+00 
 4.24714000e-09  1.94997578e+00  1.65002422e+00  2.87295116e+00  3.15664201e+00 
 4.24764000e-09  1.94998351e+00  1.65001649e+00  2.87297823e+00  3.15665508e+00 
 4.24814000e-09  1.94998976e+00  1.65001024e+00  2.87300535e+00  3.15666813e+00 
 4.24864000e-09  1.94999452e+00  1.65000548e+00  2.87303250e+00  3.15668116e+00 
 4.24914000e-09  1.94999781e+00  1.65000219e+00  2.87305970e+00  3.15669416e+00 
 4.24964000e-09  1.94999962e+00  1.65000038e+00  2.87308693e+00  3.15670715e+00 
 4.25014000e-09  1.94999994e+00  1.65000006e+00  2.87311421e+00  3.15672010e+00 
 4.25064000e-09  1.94999879e+00  1.65000121e+00  2.87314153e+00  3.15673304e+00 
 4.25114000e-09  1.94999615e+00  1.65000385e+00  2.87316889e+00  3.15674596e+00 
 4.25164000e-09  1.94999204e+00  1.65000796e+00  2.87319629e+00  3.15675885e+00 
 4.25214000e-09  1.94998644e+00  1.65001356e+00  2.87322373e+00  3.15677172e+00 
 4.25264000e-09  1.94997936e+00  1.65002064e+00  2.87325121e+00  3.15678456e+00 
 4.25314000e-09  1.94997081e+00  1.65002919e+00  2.87327873e+00  3.15679739e+00 
 4.25364000e-09  1.94996077e+00  1.65003923e+00  2.87330629e+00  3.15681019e+00 
 4.25414000e-09  1.94994925e+00  1.65005075e+00  2.87333388e+00  3.15682297e+00 
 4.25464000e-09  1.94993626e+00  1.65006374e+00  2.87336152e+00  3.15683572e+00 
 4.25514000e-09  1.94992178e+00  1.65007822e+00  2.87338919e+00  3.15684846e+00 
 4.25564000e-09  1.94990583e+00  1.65009417e+00  2.87341690e+00  3.15686117e+00 
 4.25614000e-09  1.94988839e+00  1.65011161e+00  2.87344465e+00  3.15687386e+00 
 4.25664000e-09  1.94986947e+00  1.65013053e+00  2.87347244e+00  3.15688653e+00 
 4.25714000e-09  1.94984908e+00  1.65015092e+00  2.87350026e+00  3.15689917e+00 
 4.25764000e-09  1.94982721e+00  1.65017279e+00  2.87352812e+00  3.15691179e+00 
 4.25814000e-09  1.94980386e+00  1.65019614e+00  2.87355602e+00  3.15692439e+00 
 4.25864000e-09  1.94977903e+00  1.65022097e+00  2.87358396e+00  3.15693697e+00 
 4.25914000e-09  1.94975272e+00  1.65024728e+00  2.87361193e+00  3.15694952e+00 
 4.25964000e-09  1.94972493e+00  1.65027507e+00  2.87363994e+00  3.15696206e+00 
 4.26014000e-09  1.94969567e+00  1.65030433e+00  2.87366798e+00  3.15697456e+00 
 4.26064000e-09  1.94966492e+00  1.65033508e+00  2.87369606e+00  3.15698705e+00 
 4.26114000e-09  1.94963271e+00  1.65036729e+00  2.87372418e+00  3.15699951e+00 
 4.26164000e-09  1.94959901e+00  1.65040099e+00  2.87375233e+00  3.15701195e+00 
 4.26214000e-09  1.94956384e+00  1.65043616e+00  2.87378052e+00  3.15702436e+00 
 4.26264000e-09  1.94952719e+00  1.65047281e+00  2.87380875e+00  3.15703675e+00 
 4.26314000e-09  1.94948907e+00  1.65051093e+00  2.87383701e+00  3.15704912e+00 
 4.26364000e-09  1.94944947e+00  1.65055053e+00  2.87386531e+00  3.15706146e+00 
 4.26414000e-09  1.94940839e+00  1.65059161e+00  2.87389364e+00  3.15707378e+00 
 4.26464000e-09  1.94936584e+00  1.65063416e+00  2.87392201e+00  3.15708608e+00 
 4.26514000e-09  1.94932182e+00  1.65067818e+00  2.87395042e+00  3.15709835e+00 
 4.26564000e-09  1.94927632e+00  1.65072368e+00  2.87397886e+00  3.15711059e+00 
 4.26614000e-09  1.94922935e+00  1.65077065e+00  2.87400733e+00  3.15712281e+00 
 4.26664000e-09  1.94918091e+00  1.65081909e+00  2.87403584e+00  3.15713501e+00 
 4.26714000e-09  1.94913099e+00  1.65086901e+00  2.87406439e+00  3.15714718e+00 
 4.26764000e-09  1.94907961e+00  1.65092039e+00  2.87409297e+00  3.15715932e+00 
 4.26814000e-09  1.94902675e+00  1.65097325e+00  2.87412159e+00  3.15717144e+00 
 4.26864000e-09  1.94897242e+00  1.65102758e+00  2.87415024e+00  3.15718353e+00 
 4.26914000e-09  1.94891662e+00  1.65108338e+00  2.87417893e+00  3.15719560e+00 
 4.26964000e-09  1.94885935e+00  1.65114065e+00  2.87420766e+00  3.15720764e+00 
 4.27014000e-09  1.94880061e+00  1.65119939e+00  2.87423642e+00  3.15721965e+00 
 4.27064000e-09  1.94874040e+00  1.65125960e+00  2.87426521e+00  3.15723164e+00 
 4.27114000e-09  1.94867873e+00  1.65132127e+00  2.87429404e+00  3.15724360e+00 
 4.27164000e-09  1.94861558e+00  1.65138442e+00  2.87432291e+00  3.15725553e+00 
 4.27214000e-09  1.94855098e+00  1.65144902e+00  2.87435181e+00  3.15726743e+00 
 4.27264000e-09  1.94848490e+00  1.65151510e+00  2.87438075e+00  3.15727930e+00 
 4.27314000e-09  1.94841736e+00  1.65158264e+00  2.87440973e+00  3.15729114e+00 
 4.27364000e-09  1.94834835e+00  1.65165165e+00  2.87443874e+00  3.15730296e+00 
 4.27414000e-09  1.94827788e+00  1.65172212e+00  2.87446779e+00  3.15731475e+00 
 4.27464000e-09  1.94820595e+00  1.65179405e+00  2.87449687e+00  3.15732650e+00 
 4.27514000e-09  1.94813255e+00  1.65186745e+00  2.87452599e+00  3.15733823e+00 
 4.27564000e-09  1.94805769e+00  1.65194231e+00  2.87455515e+00  3.15734992e+00 
 4.27614000e-09  1.94798137e+00  1.65201863e+00  2.87458434e+00  3.15736158e+00 
 4.27664000e-09  1.94790359e+00  1.65209641e+00  2.87461358e+00  3.15737321e+00 
 4.27714000e-09  1.94782436e+00  1.65217564e+00  2.87464284e+00  3.15738481e+00 
 4.27764000e-09  1.94774366e+00  1.65225634e+00  2.87467215e+00  3.15739638e+00 
 4.27814000e-09  1.94766150e+00  1.65233850e+00  2.87470149e+00  3.15740791e+00 
 4.27864000e-09  1.94757788e+00  1.65242212e+00  2.87473087e+00  3.15741941e+00 
 4.27914000e-09  1.94749281e+00  1.65250719e+00  2.87476029e+00  3.15743088e+00 
 4.27964000e-09  1.94740629e+00  1.65259371e+00  2.87478975e+00  3.15744231e+00 
 4.28014000e-09  1.94731831e+00  1.65268169e+00  2.87481925e+00  3.15745371e+00 
 4.28064000e-09  1.94722887e+00  1.65277113e+00  2.87484878e+00  3.15746507e+00 
 4.28114000e-09  1.94713798e+00  1.65286202e+00  2.87487835e+00  3.15747639e+00 
 4.28164000e-09  1.94704564e+00  1.65295436e+00  2.87490797e+00  3.15748768e+00 
 4.28214000e-09  1.94695185e+00  1.65304815e+00  2.87493762e+00  3.15749893e+00 
 4.28264000e-09  1.94685661e+00  1.65314339e+00  2.87496731e+00  3.15751014e+00 
 4.28314000e-09  1.94675992e+00  1.65324008e+00  2.87499704e+00  3.15752131e+00 
 4.28364000e-09  1.94666178e+00  1.65333822e+00  2.87502681e+00  3.15753245e+00 
 4.28414000e-09  1.94656219e+00  1.65343781e+00  2.87505662e+00  3.15754354e+00 
 4.28464000e-09  1.94646115e+00  1.65353885e+00  2.87508648e+00  3.15755460e+00 
 4.28514000e-09  1.94635867e+00  1.65364133e+00  2.87511637e+00  3.15756561e+00 
 4.28564000e-09  1.94625475e+00  1.65374525e+00  2.87514631e+00  3.15757658e+00 
 4.28614000e-09  1.94614938e+00  1.65385062e+00  2.87517629e+00  3.15758751e+00 
 4.28664000e-09  1.94604257e+00  1.65395743e+00  2.87520631e+00  3.15759839e+00 
 4.28714000e-09  1.94593432e+00  1.65406568e+00  2.87523637e+00  3.15760923e+00 
 4.28764000e-09  1.94582463e+00  1.65417537e+00  2.87526648e+00  3.15762003e+00 
 4.28814000e-09  1.94571350e+00  1.65428650e+00  2.87529663e+00  3.15763078e+00 
 4.28864000e-09  1.94560093e+00  1.65439907e+00  2.87532682e+00  3.15764148e+00 
 4.28914000e-09  1.94548692e+00  1.65451308e+00  2.87535706e+00  3.15765214e+00 
 4.28964000e-09  1.94537148e+00  1.65462852e+00  2.87538735e+00  3.15766275e+00 
 4.29014000e-09  1.94525460e+00  1.65474540e+00  2.87541768e+00  3.15767331e+00 
 4.29064000e-09  1.94513629e+00  1.65486371e+00  2.87544805e+00  3.15768382e+00 
 4.29114000e-09  1.94501655e+00  1.65498345e+00  2.87547848e+00  3.15769427e+00 
 4.29164000e-09  1.94489538e+00  1.65510462e+00  2.87550895e+00  3.15770468e+00 
 4.29214000e-09  1.94477277e+00  1.65522723e+00  2.87553946e+00  3.15771503e+00 
 4.29264000e-09  1.94464874e+00  1.65535126e+00  2.87557003e+00  3.15772533e+00 
 4.29314000e-09  1.94452328e+00  1.65547672e+00  2.87560064e+00  3.15773558e+00 
 4.29364000e-09  1.94439639e+00  1.65560361e+00  2.87563131e+00  3.15774577e+00 
 4.29414000e-09  1.94426808e+00  1.65573192e+00  2.87566202e+00  3.15775590e+00 
 4.29464000e-09  1.94413834e+00  1.65586166e+00  2.87569278e+00  3.15776597e+00 
 4.29514000e-09  1.94400719e+00  1.65599281e+00  2.87572360e+00  3.15777599e+00 
 4.29564000e-09  1.94387461e+00  1.65612539e+00  2.87575447e+00  3.15778594e+00 
 4.29614000e-09  1.94374061e+00  1.65625939e+00  2.87578539e+00  3.15779584e+00 
 4.29664000e-09  1.94360519e+00  1.65639481e+00  2.87581636e+00  3.15780567e+00 
 4.29714000e-09  1.94346835e+00  1.65653165e+00  2.87584739e+00  3.15781543e+00 
 4.29764000e-09  1.94333010e+00  1.65666990e+00  2.87587847e+00  3.15782514e+00 
 4.29814000e-09  1.94319043e+00  1.65680957e+00  2.87590960e+00  3.15783477e+00 
 4.29864000e-09  1.94304935e+00  1.65695065e+00  2.87594080e+00  3.15784434e+00 
 4.29914000e-09  1.94290686e+00  1.65709314e+00  2.87597205e+00  3.15785384e+00 
 4.29964000e-09  1.94276296e+00  1.65723704e+00  2.87600336e+00  3.15786327e+00 
 4.30014000e-09  1.94261765e+00  1.65738235e+00  2.87603472e+00  3.15787262e+00 
 4.30064000e-09  1.94247093e+00  1.65752907e+00  2.87606615e+00  3.15788190e+00 
 4.30114000e-09  1.94232281e+00  1.65767719e+00  2.87609764e+00  3.15789111e+00 
 4.30164000e-09  1.94217328e+00  1.65782672e+00  2.87612919e+00  3.15790025e+00 
 4.30214000e-09  1.94202234e+00  1.65797766e+00  2.87616080e+00  3.15790930e+00 
 4.30264000e-09  1.94187001e+00  1.65812999e+00  2.87619248e+00  3.15791827e+00 
 4.30314000e-09  1.94171627e+00  1.65828373e+00  2.87622421e+00  3.15792717e+00 
 4.30364000e-09  1.94156114e+00  1.65843886e+00  2.87625602e+00  3.15793598e+00 
 4.30414000e-09  1.94140461e+00  1.65859539e+00  2.87628789e+00  3.15794470e+00 
 4.30464000e-09  1.94124669e+00  1.65875331e+00  2.87631983e+00  3.15795334e+00 
 4.30514000e-09  1.94108737e+00  1.65891263e+00  2.87635184e+00  3.15796190e+00 
 4.30564000e-09  1.94092665e+00  1.65907335e+00  2.87638392e+00  3.15797036e+00 
 4.30614000e-09  1.94076455e+00  1.65923545e+00  2.87641607e+00  3.15797873e+00 
 4.30664000e-09  1.94060106e+00  1.65939894e+00  2.87644829e+00  3.15798700e+00 
 4.30714000e-09  1.94043618e+00  1.65956382e+00  2.87648058e+00  3.15799518e+00 
 4.30764000e-09  1.94026991e+00  1.65973009e+00  2.87651295e+00  3.15800327e+00 
 4.30814000e-09  1.94010226e+00  1.65989774e+00  2.87654540e+00  3.15801125e+00 
 4.30864000e-09  1.93993323e+00  1.66006677e+00  2.87657792e+00  3.15801913e+00 
 4.30914000e-09  1.93976281e+00  1.66023719e+00  2.87661053e+00  3.15802691e+00 
 4.30964000e-09  1.93959102e+00  1.66040898e+00  2.87664321e+00  3.15803458e+00 
 4.31014000e-09  1.93941785e+00  1.66058215e+00  2.87667597e+00  3.15804214e+00 
 4.31064000e-09  1.93924330e+00  1.66075670e+00  2.87670882e+00  3.15804959e+00 
 4.31114000e-09  1.93906738e+00  1.66093262e+00  2.87674175e+00  3.15805693e+00 
 4.31164000e-09  1.93889008e+00  1.66110992e+00  2.87677477e+00  3.15806415e+00 
 4.31214000e-09  1.93871142e+00  1.66128858e+00  2.87680788e+00  3.15807126e+00 
 4.31264000e-09  1.93853138e+00  1.66146862e+00  2.87684108e+00  3.15807824e+00 
 4.31314000e-09  1.93834998e+00  1.66165002e+00  2.87687436e+00  3.15808510e+00 
 4.31364000e-09  1.93816721e+00  1.66183279e+00  2.87690774e+00  3.15809183e+00 
 4.31414000e-09  1.93798308e+00  1.66201692e+00  2.87694122e+00  3.15809843e+00 
 4.31464000e-09  1.93779759e+00  1.66220241e+00  2.87697479e+00  3.15810490e+00 
 4.31514000e-09  1.93761074e+00  1.66238926e+00  2.87700846e+00  3.15811124e+00 
 4.31564000e-09  1.93742253e+00  1.66257747e+00  2.87704224e+00  3.15811744e+00 
 4.31614000e-09  1.93723296e+00  1.66276704e+00  2.87707611e+00  3.15812350e+00 
 4.31664000e-09  1.93704204e+00  1.66295796e+00  2.87711009e+00  3.15812941e+00 
 4.31714000e-09  1.93684977e+00  1.66315023e+00  2.87714417e+00  3.15813518e+00 
 4.31764000e-09  1.93665614e+00  1.66334386e+00  2.87717837e+00  3.15814079e+00 
 4.31814000e-09  1.93646117e+00  1.66353883e+00  2.87721267e+00  3.15814625e+00 
 4.31864000e-09  1.93626485e+00  1.66373515e+00  2.87724709e+00  3.15815156e+00 
 4.31914000e-09  1.93606718e+00  1.66393282e+00  2.87728162e+00  3.15815670e+00 
 4.31964000e-09  1.93586817e+00  1.66413183e+00  2.87731627e+00  3.15816168e+00 
 4.32014000e-09  1.93566783e+00  1.66433217e+00  2.87735105e+00  3.15816649e+00 
 4.32064000e-09  1.93546614e+00  1.66453386e+00  2.87738594e+00  3.15817112e+00 
 4.32114000e-09  1.93526311e+00  1.66473689e+00  2.87742096e+00  3.15817558e+00 
 4.32164000e-09  1.93505875e+00  1.66494125e+00  2.87745611e+00  3.15817987e+00 
 4.32214000e-09  1.93485306e+00  1.66514694e+00  2.87749139e+00  3.15818396e+00 
 4.32264000e-09  1.93464604e+00  1.66535396e+00  2.87752680e+00  3.15818787e+00 
 4.32314000e-09  1.93443768e+00  1.66556232e+00  2.87756235e+00  3.15819159e+00 
 4.32364000e-09  1.93422800e+00  1.66577200e+00  2.87759804e+00  3.15819510e+00 
 4.32414000e-09  1.93401700e+00  1.66598300e+00  2.87763387e+00  3.15819842e+00 
 4.32464000e-09  1.93380467e+00  1.66619533e+00  2.87766984e+00  3.15820153e+00 
 4.32514000e-09  1.93359102e+00  1.66640898e+00  2.87770597e+00  3.15820443e+00 
 4.32564000e-09  1.93337606e+00  1.66662394e+00  2.87774224e+00  3.15820711e+00 
 4.32614000e-09  1.93315978e+00  1.66684022e+00  2.87777867e+00  3.15820957e+00 
 4.32664000e-09  1.93294218e+00  1.66705782e+00  2.87781526e+00  3.15821180e+00 
 4.32714000e-09  1.93272327e+00  1.66727673e+00  2.87785201e+00  3.15821380e+00 
 4.32764000e-09  1.93250305e+00  1.66749695e+00  2.87788893e+00  3.15821557e+00 
 4.32814000e-09  1.93228152e+00  1.66771848e+00  2.87792601e+00  3.15821709e+00 
 4.32864000e-09  1.93205869e+00  1.66794131e+00  2.87796327e+00  3.15821837e+00 
 4.32914000e-09  1.93183456e+00  1.66816544e+00  2.87800071e+00  3.15821939e+00 
 4.32964000e-09  1.93160912e+00  1.66839088e+00  2.87803832e+00  3.15822015e+00 
 4.33014000e-09  1.93138239e+00  1.66861761e+00  2.87807613e+00  3.15822064e+00 
 4.33064000e-09  1.93115435e+00  1.66884565e+00  2.87811412e+00  3.15822086e+00 
 4.33114000e-09  1.93092503e+00  1.66907497e+00  2.87815230e+00  3.15822080e+00 
 4.33164000e-09  1.93069441e+00  1.66930559e+00  2.87819068e+00  3.15822046e+00 
 4.33214000e-09  1.93046250e+00  1.66953750e+00  2.87822926e+00  3.15821982e+00 
 4.33264000e-09  1.93022930e+00  1.66977070e+00  2.87826805e+00  3.15821888e+00 
 4.33314000e-09  1.92999482e+00  1.67000518e+00  2.87830706e+00  3.15821764e+00 
 4.33364000e-09  1.92975906e+00  1.67024094e+00  2.87834627e+00  3.15821609e+00 
 4.33414000e-09  1.92952201e+00  1.67047799e+00  2.87838571e+00  3.15821421e+00 
 4.33464000e-09  1.92928369e+00  1.67071631e+00  2.87842538e+00  3.15821200e+00 
 4.33514000e-09  1.92904409e+00  1.67095591e+00  2.87846528e+00  3.15820946e+00 
 4.33564000e-09  1.92880321e+00  1.67119679e+00  2.87850541e+00  3.15820657e+00 
 4.33614000e-09  1.92856107e+00  1.67143893e+00  2.87854579e+00  3.15820333e+00 
 4.33664000e-09  1.92831766e+00  1.67168234e+00  2.87858642e+00  3.15819973e+00 
 4.33714000e-09  1.92807298e+00  1.67192702e+00  2.87862730e+00  3.15819575e+00 
 4.33764000e-09  1.92782703e+00  1.67217297e+00  2.87866844e+00  3.15819140e+00 
 4.33814000e-09  1.92757983e+00  1.67242017e+00  2.87870984e+00  3.15818666e+00 
 4.33864000e-09  1.92733136e+00  1.67266864e+00  2.87875152e+00  3.15818152e+00 
 4.33914000e-09  1.92708164e+00  1.67291836e+00  2.87879348e+00  3.15817598e+00 
 4.33964000e-09  1.92683067e+00  1.67316933e+00  2.87883573e+00  3.15817001e+00 
 4.34014000e-09  1.92657844e+00  1.67342156e+00  2.87887826e+00  3.15816363e+00 
 4.34064000e-09  1.92632496e+00  1.67367504e+00  2.87892110e+00  3.15815680e+00 
 4.34114000e-09  1.92607024e+00  1.67392976e+00  2.87896424e+00  3.15814952e+00 
 4.34164000e-09  1.92581427e+00  1.67418573e+00  2.87900770e+00  3.15814179e+00 
 4.34214000e-09  1.92555706e+00  1.67444294e+00  2.87905147e+00  3.15813359e+00 
 4.34264000e-09  1.92529861e+00  1.67470139e+00  2.87909558e+00  3.15812490e+00 
 4.34314000e-09  1.92503893e+00  1.67496107e+00  2.87914002e+00  3.15811572e+00 
 4.34364000e-09  1.92477801e+00  1.67522199e+00  2.87918481e+00  3.15810604e+00 
 4.34414000e-09  1.92451586e+00  1.67548414e+00  2.87922995e+00  3.15809584e+00 
 4.34464000e-09  1.92425248e+00  1.67574752e+00  2.87927546e+00  3.15808511e+00 
 4.34514000e-09  1.92398787e+00  1.67601213e+00  2.87932133e+00  3.15807384e+00 
 4.34564000e-09  1.92372204e+00  1.67627796e+00  2.87936758e+00  3.15806201e+00 
 4.34614000e-09  1.92345499e+00  1.67654501e+00  2.87941422e+00  3.15804962e+00 
 4.34664000e-09  1.92318672e+00  1.67681328e+00  2.87946126e+00  3.15803664e+00 
 4.34714000e-09  1.92291724e+00  1.67708276e+00  2.87950871e+00  3.15802306e+00 
 4.34764000e-09  1.92264654e+00  1.67735346e+00  2.87955657e+00  3.15800887e+00 
 4.34814000e-09  1.92237463e+00  1.67762537e+00  2.87960487e+00  3.15799406e+00 
 4.34864000e-09  1.92210151e+00  1.67789849e+00  2.87965360e+00  3.15797860e+00 
 4.34914000e-09  1.92182719e+00  1.67817281e+00  2.87970277e+00  3.15796249e+00 
 4.34964000e-09  1.92155167e+00  1.67844833e+00  2.87975241e+00  3.15794571e+00 
 4.35014000e-09  1.92127495e+00  1.67872505e+00  2.87980252e+00  3.15792823e+00 
 4.35064000e-09  1.92099703e+00  1.67900297e+00  2.87985311e+00  3.15791005e+00 
 4.35114000e-09  1.92071791e+00  1.67928209e+00  2.87990419e+00  3.15789115e+00 
 4.35164000e-09  1.92043760e+00  1.67956240e+00  2.87995578e+00  3.15787151e+00 
 4.35214000e-09  1.92015611e+00  1.67984389e+00  2.88000789e+00  3.15785110e+00 
 4.35264000e-09  1.91987343e+00  1.68012657e+00  2.88006053e+00  3.15782993e+00 
 4.35314000e-09  1.91958956e+00  1.68041044e+00  2.88011371e+00  3.15780795e+00 
 4.35364000e-09  1.91930452e+00  1.68069548e+00  2.88016745e+00  3.15778517e+00 
 4.35414000e-09  1.91901830e+00  1.68098170e+00  2.88022175e+00  3.15776155e+00 
 4.35464000e-09  1.91873090e+00  1.68126910e+00  2.88027665e+00  3.15773707e+00 
 4.35514000e-09  1.91844233e+00  1.68155767e+00  2.88033214e+00  3.15771172e+00 
 4.35564000e-09  1.91815260e+00  1.68184740e+00  2.88038824e+00  3.15768548e+00 
 4.35614000e-09  1.91786169e+00  1.68213831e+00  2.88044497e+00  3.15765832e+00 
 4.35664000e-09  1.91756963e+00  1.68243037e+00  2.88050234e+00  3.15763022e+00 
 4.35714000e-09  1.91727640e+00  1.68272360e+00  2.88056038e+00  3.15760116e+00 
 4.35764000e-09  1.91698202e+00  1.68301798e+00  2.88061908e+00  3.15757112e+00 
 4.35814000e-09  1.91668648e+00  1.68331352e+00  2.88067848e+00  3.15754007e+00 
 4.35864000e-09  1.91638979e+00  1.68361021e+00  2.88073858e+00  3.15750799e+00 
 4.35914000e-09  1.91609195e+00  1.68390805e+00  2.88079941e+00  3.15747485e+00 
 4.35964000e-09  1.91579296e+00  1.68420704e+00  2.88086098e+00  3.15744064e+00 
 4.36014000e-09  1.91549284e+00  1.68450716e+00  2.88092332e+00  3.15740532e+00 
 4.36064000e-09  1.91519157e+00  1.68480843e+00  2.88098643e+00  3.15736886e+00 
 4.36114000e-09  1.91488916e+00  1.68511084e+00  2.88105033e+00  3.15733126e+00 
 4.36164000e-09  1.91458562e+00  1.68541438e+00  2.88111505e+00  3.15729246e+00 
 4.36214000e-09  1.91428096e+00  1.68571904e+00  2.88118061e+00  3.15725246e+00 
 4.36264000e-09  1.91397516e+00  1.68602484e+00  2.88124703e+00  3.15721121e+00 
 4.36314000e-09  1.91366824e+00  1.68633176e+00  2.88131432e+00  3.15716870e+00 
 4.36364000e-09  1.91336019e+00  1.68663981e+00  2.88138250e+00  3.15712489e+00 
 4.36414000e-09  1.91305103e+00  1.68694897e+00  2.88145161e+00  3.15707975e+00 
 4.36464000e-09  1.91274075e+00  1.68725925e+00  2.88152165e+00  3.15703326e+00 
 4.36514000e-09  1.91242936e+00  1.68757064e+00  2.88159266e+00  3.15698537e+00 
 4.36564000e-09  1.91211686e+00  1.68788314e+00  2.88166465e+00  3.15693607e+00 
 4.36614000e-09  1.91180325e+00  1.68819675e+00  2.88173765e+00  3.15688532e+00 
 4.36664000e-09  1.91148854e+00  1.68851146e+00  2.88181168e+00  3.15683308e+00 
 4.36714000e-09  1.91117273e+00  1.68882727e+00  2.88188677e+00  3.15677932e+00 
 4.36764000e-09  1.91085582e+00  1.68914418e+00  2.88196294e+00  3.15672401e+00 
 4.36814000e-09  1.91053782e+00  1.68946218e+00  2.88204021e+00  3.15666712e+00 
 4.36864000e-09  1.91021872e+00  1.68978128e+00  2.88211862e+00  3.15660860e+00 
 4.36914000e-09  1.90989854e+00  1.69010146e+00  2.88219818e+00  3.15654843e+00 
 4.36964000e-09  1.90957728e+00  1.69042272e+00  2.88227893e+00  3.15648657e+00 
 4.37014000e-09  1.90925493e+00  1.69074507e+00  2.88236089e+00  3.15642298e+00 
 4.37064000e-09  1.90893150e+00  1.69106850e+00  2.88244408e+00  3.15635762e+00 
 4.37114000e-09  1.90860700e+00  1.69139300e+00  2.88252855e+00  3.15629046e+00 
 4.37164000e-09  1.90828143e+00  1.69171857e+00  2.88261431e+00  3.15622146e+00 
 4.37214000e-09  1.90795479e+00  1.69204521e+00  2.88270140e+00  3.15615058e+00 
 4.37264000e-09  1.90762708e+00  1.69237292e+00  2.88278984e+00  3.15607778e+00 
 4.37314000e-09  1.90729831e+00  1.69270169e+00  2.88287967e+00  3.15600302e+00 
 4.37364000e-09  1.90696848e+00  1.69303152e+00  2.88297091e+00  3.15592626e+00 
 4.37414000e-09  1.90663760e+00  1.69336240e+00  2.88306361e+00  3.15584745e+00 
 4.37464000e-09  1.90630566e+00  1.69369434e+00  2.88315778e+00  3.15576657e+00 
 4.37514000e-09  1.90597268e+00  1.69402732e+00  2.88325346e+00  3.15568356e+00 
 4.37564000e-09  1.90563864e+00  1.69436136e+00  2.88335069e+00  3.15559838e+00 
 4.37614000e-09  1.90530357e+00  1.69469643e+00  2.88344950e+00  3.15551099e+00 
 4.37664000e-09  1.90496746e+00  1.69503254e+00  2.88354992e+00  3.15542135e+00 
 4.37714000e-09  1.90463031e+00  1.69536969e+00  2.88365198e+00  3.15532942e+00 
 4.37764000e-09  1.90429212e+00  1.69570788e+00  2.88375573e+00  3.15523514e+00 
 4.37814000e-09  1.90395291e+00  1.69604709e+00  2.88386120e+00  3.15513847e+00 
 4.37864000e-09  1.90361268e+00  1.69638732e+00  2.88396842e+00  3.15503937e+00 
 4.37914000e-09  1.90327142e+00  1.69672858e+00  2.88407743e+00  3.15493780e+00 
 4.37964000e-09  1.90292914e+00  1.69707086e+00  2.88418827e+00  3.15483370e+00 
 4.38014000e-09  1.90258584e+00  1.69741416e+00  2.88430097e+00  3.15472703e+00 
 4.38064000e-09  1.90224153e+00  1.69775847e+00  2.88441557e+00  3.15461775e+00 
 4.38114000e-09  1.90189622e+00  1.69810378e+00  2.88453212e+00  3.15450581e+00 
 4.38164000e-09  1.90154989e+00  1.69845011e+00  2.88465065e+00  3.15439116e+00 
 4.38214000e-09  1.90120257e+00  1.69879743e+00  2.88477119e+00  3.15427375e+00 
 4.38264000e-09  1.90085425e+00  1.69914575e+00  2.88489380e+00  3.15415353e+00 
 4.38314000e-09  1.90050493e+00  1.69949507e+00  2.88501850e+00  3.15403047e+00 
 4.38364000e-09  1.90015462e+00  1.69984538e+00  2.88514535e+00  3.15390451e+00 
 4.38414000e-09  1.89980332e+00  1.70019668e+00  2.88527437e+00  3.15377560e+00 
 4.38464000e-09  1.89945103e+00  1.70054897e+00  2.88540562e+00  3.15364370e+00 
 4.38514000e-09  1.89909777e+00  1.70090223e+00  2.88553913e+00  3.15350875e+00 
 4.38564000e-09  1.89874352e+00  1.70125648e+00  2.88567495e+00  3.15337072e+00 
 4.38614000e-09  1.89838830e+00  1.70161170e+00  2.88581312e+00  3.15322954e+00 
 4.38664000e-09  1.89803211e+00  1.70196789e+00  2.88595368e+00  3.15308518e+00 
 4.38714000e-09  1.89767496e+00  1.70232504e+00  2.88609667e+00  3.15293759e+00 
 4.38764000e-09  1.89731684e+00  1.70268316e+00  2.88624214e+00  3.15278671e+00 
 4.38814000e-09  1.89695775e+00  1.70304225e+00  2.88639013e+00  3.15263250e+00 
 4.38864000e-09  1.89659772e+00  1.70340228e+00  2.88654068e+00  3.15247492e+00 
 4.38914000e-09  1.89623672e+00  1.70376328e+00  2.88669384e+00  3.15231392e+00 
 4.38964000e-09  1.89587478e+00  1.70412522e+00  2.88684965e+00  3.15214945e+00 
 4.39014000e-09  1.89551189e+00  1.70448811e+00  2.88700816e+00  3.15198146e+00 
 4.39064000e-09  1.89514806e+00  1.70485194e+00  2.88716941e+00  3.15180990e+00 
 4.39114000e-09  1.89478329e+00  1.70521671e+00  2.88733344e+00  3.15163474e+00 
 4.39164000e-09  1.89441759e+00  1.70558241e+00  2.88750031e+00  3.15145593e+00 
 4.39214000e-09  1.89405095e+00  1.70594905e+00  2.88767004e+00  3.15127342e+00 
 4.39264000e-09  1.89368339e+00  1.70631661e+00  2.88784269e+00  3.15108717e+00 
 4.39314000e-09  1.89331490e+00  1.70668510e+00  2.88801830e+00  3.15089713e+00 
 4.39364000e-09  1.89294549e+00  1.70705451e+00  2.88819692e+00  3.15070327e+00 
 4.39414000e-09  1.89257516e+00  1.70742484e+00  2.88837859e+00  3.15050553e+00 
 4.39464000e-09  1.89220392e+00  1.70779608e+00  2.88856335e+00  3.15030389e+00 
 4.39514000e-09  1.89183176e+00  1.70816824e+00  2.88875125e+00  3.15009829e+00 
 4.39564000e-09  1.89145871e+00  1.70854129e+00  2.88894233e+00  3.14988870e+00 
 4.39614000e-09  1.89108474e+00  1.70891526e+00  2.88913663e+00  3.14967508e+00 
 4.39664000e-09  1.89070988e+00  1.70929012e+00  2.88933420e+00  3.14945739e+00 
 4.39714000e-09  1.89033413e+00  1.70966587e+00  2.88953507e+00  3.14923559e+00 
 4.39764000e-09  1.88995748e+00  1.71004252e+00  2.88973930e+00  3.14900965e+00 
 4.39814000e-09  1.88957995e+00  1.71042005e+00  2.88994693e+00  3.14877952e+00 
 4.39864000e-09  1.88920153e+00  1.71079847e+00  2.89015798e+00  3.14854519e+00 
 4.39914000e-09  1.88882223e+00  1.71117777e+00  2.89037251e+00  3.14830660e+00 
 4.39964000e-09  1.88844206e+00  1.71155794e+00  2.89059056e+00  3.14806374e+00 
 4.40014000e-09  1.88806101e+00  1.71193899e+00  2.89081217e+00  3.14781656e+00 
 4.40064000e-09  1.88767909e+00  1.71232091e+00  2.89103737e+00  3.14756505e+00 
 4.40114000e-09  1.88729631e+00  1.71270369e+00  2.89126620e+00  3.14730916e+00 
 4.40164000e-09  1.88691266e+00  1.71308734e+00  2.89149871e+00  3.14704887e+00 
 4.40214000e-09  1.88652816e+00  1.71347184e+00  2.89173492e+00  3.14678416e+00 
 4.40264000e-09  1.88614280e+00  1.71385720e+00  2.89197489e+00  3.14651499e+00 
 4.40314000e-09  1.88575660e+00  1.71424340e+00  2.89221863e+00  3.14624135e+00 
 4.40364000e-09  1.88536954e+00  1.71463046e+00  2.89246619e+00  3.14596320e+00 
 4.40414000e-09  1.88498165e+00  1.71501835e+00  2.89271761e+00  3.14568054e+00 
 4.40464000e-09  1.88459291e+00  1.71540709e+00  2.89297291e+00  3.14539333e+00 
 4.40514000e-09  1.88420334e+00  1.71579666e+00  2.89323213e+00  3.14510157e+00 
 4.40564000e-09  1.88381294e+00  1.71618706e+00  2.89349530e+00  3.14480522e+00 
 4.40614000e-09  1.88342172e+00  1.71657828e+00  2.89376245e+00  3.14450427e+00 
 4.40664000e-09  1.88302966e+00  1.71697034e+00  2.89403361e+00  3.14419871e+00 
 4.40714000e-09  1.88263679e+00  1.71736321e+00  2.89430881e+00  3.14388853e+00 
 4.40764000e-09  1.88224311e+00  1.71775689e+00  2.89458808e+00  3.14357370e+00 
 4.40814000e-09  1.88184861e+00  1.71815139e+00  2.89487145e+00  3.14325422e+00 
 4.40864000e-09  1.88145331e+00  1.71854669e+00  2.89515893e+00  3.14293008e+00 
 4.40914000e-09  1.88105720e+00  1.71894280e+00  2.89545057e+00  3.14260127e+00 
 4.40964000e-09  1.88066029e+00  1.71933971e+00  2.89574637e+00  3.14226778e+00 
 4.41014000e-09  1.88026258e+00  1.71973742e+00  2.89604637e+00  3.14192960e+00 
 4.41064000e-09  1.87986408e+00  1.72013592e+00  2.89635058e+00  3.14158673e+00 
 4.41114000e-09  1.87946480e+00  1.72053520e+00  2.89665903e+00  3.14123917e+00 
 4.41164000e-09  1.87906473e+00  1.72093527e+00  2.89697174e+00  3.14088691e+00 
 4.41214000e-09  1.87866388e+00  1.72133612e+00  2.89728871e+00  3.14052994e+00 
 4.41264000e-09  1.87826225e+00  1.72173775e+00  2.89760998e+00  3.14016828e+00 
 4.41314000e-09  1.87785985e+00  1.72214015e+00  2.89793556e+00  3.13980192e+00 
 4.41364000e-09  1.87745668e+00  1.72254332e+00  2.89826545e+00  3.13943086e+00 
 4.41414000e-09  1.87705275e+00  1.72294725e+00  2.89859969e+00  3.13905511e+00 
 4.41464000e-09  1.87664806e+00  1.72335194e+00  2.89893827e+00  3.13867466e+00 
 4.41514000e-09  1.87624261e+00  1.72375739e+00  2.89928121e+00  3.13828953e+00 
 4.41564000e-09  1.87583641e+00  1.72416359e+00  2.89962852e+00  3.13789973e+00 
 4.41614000e-09  1.87542946e+00  1.72457054e+00  2.89998021e+00  3.13750525e+00 
 4.41664000e-09  1.87502176e+00  1.72497824e+00  2.90033628e+00  3.13710611e+00 
 4.41714000e-09  1.87461333e+00  1.72538667e+00  2.90069675e+00  3.13670232e+00 
 4.41764000e-09  1.87420416e+00  1.72579584e+00  2.90106162e+00  3.13629389e+00 
 4.41814000e-09  1.87379425e+00  1.72620575e+00  2.90143090e+00  3.13588082e+00 
 4.41864000e-09  1.87338362e+00  1.72661638e+00  2.90180458e+00  3.13546315e+00 
 4.41914000e-09  1.87297227e+00  1.72702773e+00  2.90218267e+00  3.13504087e+00 
 4.41964000e-09  1.87256019e+00  1.72743981e+00  2.90256517e+00  3.13461400e+00 
 4.42014000e-09  1.87214740e+00  1.72785260e+00  2.90295208e+00  3.13418255e+00 
 4.42064000e-09  1.87173389e+00  1.72826611e+00  2.90334340e+00  3.13374655e+00 
 4.42114000e-09  1.87131968e+00  1.72868032e+00  2.90373913e+00  3.13330601e+00 
 4.42164000e-09  1.87090476e+00  1.72909524e+00  2.90413926e+00  3.13286095e+00 
 4.42214000e-09  1.87048915e+00  1.72951085e+00  2.90454380e+00  3.13241138e+00 
 4.42264000e-09  1.87007283e+00  1.72992717e+00  2.90495273e+00  3.13195734e+00 
 4.42314000e-09  1.86965583e+00  1.73034417e+00  2.90536604e+00  3.13149882e+00 
 4.42364000e-09  1.86923814e+00  1.73076186e+00  2.90578374e+00  3.13103587e+00 
 4.42414000e-09  1.86881977e+00  1.73118023e+00  2.90620581e+00  3.13056849e+00 
 4.42464000e-09  1.86840071e+00  1.73159929e+00  2.90663225e+00  3.13009671e+00 
 4.42514000e-09  1.86798098e+00  1.73201902e+00  2.90706304e+00  3.12962056e+00 
 4.42564000e-09  1.86756058e+00  1.73243942e+00  2.90749817e+00  3.12914006e+00 
 4.42614000e-09  1.86713952e+00  1.73286048e+00  2.90793763e+00  3.12865522e+00 
 4.42664000e-09  1.86671779e+00  1.73328221e+00  2.90838141e+00  3.12816608e+00 
 4.42714000e-09  1.86629540e+00  1.73370460e+00  2.90882949e+00  3.12767266e+00 
 4.42764000e-09  1.86587236e+00  1.73412764e+00  2.90928187e+00  3.12717499e+00 
 4.42814000e-09  1.86544867e+00  1.73455133e+00  2.90973851e+00  3.12667309e+00 
 4.42864000e-09  1.86502433e+00  1.73497567e+00  2.91019942e+00  3.12616698e+00 
 4.42914000e-09  1.86459935e+00  1.73540065e+00  2.91066457e+00  3.12565670e+00 
 4.42964000e-09  1.86417373e+00  1.73582627e+00  2.91113394e+00  3.12514227e+00 
 4.43014000e-09  1.86374748e+00  1.73625252e+00  2.91160752e+00  3.12462372e+00 
 4.43064000e-09  1.86332060e+00  1.73667940e+00  2.91208528e+00  3.12410108e+00 
 4.43114000e-09  1.86289310e+00  1.73710690e+00  2.91256721e+00  3.12357438e+00 
 4.43164000e-09  1.86246497e+00  1.73753503e+00  2.91305329e+00  3.12304364e+00 
 4.43214000e-09  1.86203623e+00  1.73796377e+00  2.91354349e+00  3.12250889e+00 
 4.43264000e-09  1.86160687e+00  1.73839313e+00  2.91403780e+00  3.12197016e+00 
 4.43314000e-09  1.86117691e+00  1.73882309e+00  2.91453619e+00  3.12142749e+00 
 4.43364000e-09  1.86074634e+00  1.73925366e+00  2.91503864e+00  3.12088089e+00 
 4.43414000e-09  1.86031518e+00  1.73968482e+00  2.91554512e+00  3.12033041e+00 
 4.43464000e-09  1.85988342e+00  1.74011658e+00  2.91605562e+00  3.11977607e+00 
 4.43514000e-09  1.85945107e+00  1.74054893e+00  2.91657010e+00  3.11921790e+00 
 4.43564000e-09  1.85901813e+00  1.74098187e+00  2.91708855e+00  3.11865593e+00 
 4.43614000e-09  1.85858461e+00  1.74141539e+00  2.91761093e+00  3.11809019e+00 
 4.43664000e-09  1.85815051e+00  1.74184949e+00  2.91813723e+00  3.11752071e+00 
 4.43714000e-09  1.85771583e+00  1.74228417e+00  2.91866741e+00  3.11694753e+00 
 4.43764000e-09  1.85728059e+00  1.74271941e+00  2.91920146e+00  3.11637068e+00 
 4.43814000e-09  1.85684478e+00  1.74315522e+00  2.91973933e+00  3.11579018e+00 
 4.43864000e-09  1.85640841e+00  1.74359159e+00  2.92028102e+00  3.11520606e+00 
 4.43914000e-09  1.85597149e+00  1.74402851e+00  2.92082648e+00  3.11461837e+00 
 4.43964000e-09  1.85553401e+00  1.74446599e+00  2.92137569e+00  3.11402712e+00 
 4.44014000e-09  1.85509598e+00  1.74490402e+00  2.92192862e+00  3.11343235e+00 
 4.44064000e-09  1.85465741e+00  1.74534259e+00  2.92248525e+00  3.11283410e+00 
 4.44114000e-09  1.85421830e+00  1.74578170e+00  2.92304555e+00  3.11223239e+00 
 4.44164000e-09  1.85377866e+00  1.74622134e+00  2.92360948e+00  3.11162725e+00 
 4.44214000e-09  1.85333848e+00  1.74666152e+00  2.92417702e+00  3.11101873e+00 
 4.44264000e-09  1.85289778e+00  1.74710222e+00  2.92474813e+00  3.11040683e+00 
 4.44314000e-09  1.85245655e+00  1.74754345e+00  2.92532280e+00  3.10979161e+00 
 4.44364000e-09  1.85201481e+00  1.74798519e+00  2.92590098e+00  3.10917309e+00 
 4.44414000e-09  1.85157256e+00  1.74842744e+00  2.92648265e+00  3.10855130e+00 
 4.44464000e-09  1.85112979e+00  1.74887021e+00  2.92706779e+00  3.10792628e+00 
 4.44514000e-09  1.85068652e+00  1.74931348e+00  2.92765634e+00  3.10729805e+00 
 4.44564000e-09  1.85024275e+00  1.74975725e+00  2.92824830e+00  3.10666665e+00 
 4.44614000e-09  1.84979849e+00  1.75020151e+00  2.92884363e+00  3.10603210e+00 
 4.44664000e-09  1.84935373e+00  1.75064627e+00  2.92944229e+00  3.10539445e+00 
 4.44714000e-09  1.84890849e+00  1.75109151e+00  2.93004426e+00  3.10475371e+00 
 4.44764000e-09  1.84846276e+00  1.75153724e+00  2.93064950e+00  3.10410993e+00 
 4.44814000e-09  1.84801656e+00  1.75198344e+00  2.93125798e+00  3.10346313e+00 
 4.44864000e-09  1.84756988e+00  1.75243012e+00  2.93186968e+00  3.10281334e+00 
 4.44914000e-09  1.84712273e+00  1.75287727e+00  2.93248456e+00  3.10216060e+00 
 4.44964000e-09  1.84667512e+00  1.75332488e+00  2.93310260e+00  3.10150493e+00 
 4.45014000e-09  1.84622704e+00  1.75377296e+00  2.93372375e+00  3.10084638e+00 
 4.45064000e-09  1.84577851e+00  1.75422149e+00  2.93434799e+00  3.10018495e+00 
 4.45114000e-09  1.84532953e+00  1.75467047e+00  2.93497529e+00  3.09952070e+00 
 4.45164000e-09  1.84488010e+00  1.75511990e+00  2.93560561e+00  3.09885365e+00 
 4.45214000e-09  1.84443023e+00  1.75556977e+00  2.93623893e+00  3.09818382e+00 
 4.45264000e-09  1.84397992e+00  1.75602008e+00  2.93687521e+00  3.09751126e+00 
 4.45314000e-09  1.84352917e+00  1.75647083e+00  2.93751442e+00  3.09683598e+00 
 4.45364000e-09  1.84307800e+00  1.75692200e+00  2.93815653e+00  3.09615803e+00 
 4.45414000e-09  1.84262640e+00  1.75737360e+00  2.93880152e+00  3.09547743e+00 
 4.45464000e-09  1.84217438e+00  1.75782562e+00  2.93944934e+00  3.09479420e+00 
 4.45514000e-09  1.84172194e+00  1.75827806e+00  2.94009996e+00  3.09410839e+00 
 4.45564000e-09  1.84126909e+00  1.75873091e+00  2.94075337e+00  3.09342002e+00 
 4.45614000e-09  1.84081584e+00  1.75918416e+00  2.94140951e+00  3.09272912e+00 
 4.45664000e-09  1.84036218e+00  1.75963782e+00  2.94206837e+00  3.09203572e+00 
 4.45714000e-09  1.83990812e+00  1.76009188e+00  2.94272992e+00  3.09133985e+00 
 4.45764000e-09  1.83945367e+00  1.76054633e+00  2.94339411e+00  3.09064153e+00 
 4.45814000e-09  1.83899883e+00  1.76100117e+00  2.94406092e+00  3.08994081e+00 
 4.45864000e-09  1.83854361e+00  1.76145639e+00  2.94473032e+00  3.08923770e+00 
 4.45914000e-09  1.83808800e+00  1.76191200e+00  2.94540228e+00  3.08853224e+00 
 4.45964000e-09  1.83763202e+00  1.76236798e+00  2.94607677e+00  3.08782445e+00 
 4.46014000e-09  1.83717567e+00  1.76282433e+00  2.94675375e+00  3.08711437e+00 
 4.46064000e-09  1.83671895e+00  1.76328105e+00  2.94743320e+00  3.08640203e+00 
 4.46114000e-09  1.83626187e+00  1.76373813e+00  2.94811508e+00  3.08568744e+00 
 4.46164000e-09  1.83580443e+00  1.76419557e+00  2.94879937e+00  3.08497065e+00 
 4.46214000e-09  1.83534663e+00  1.76465337e+00  2.94948603e+00  3.08425167e+00 
 4.46264000e-09  1.83488849e+00  1.76511151e+00  2.95017503e+00  3.08353054e+00 
 4.46314000e-09  1.83443000e+00  1.76557000e+00  2.95086635e+00  3.08280729e+00 
 4.46364000e-09  1.83397118e+00  1.76602882e+00  2.95155995e+00  3.08208194e+00 
 4.46414000e-09  1.83351202e+00  1.76648798e+00  2.95225580e+00  3.08135453e+00 
 4.46464000e-09  1.83305252e+00  1.76694748e+00  2.95295387e+00  3.08062507e+00 
 4.46514000e-09  1.83259270e+00  1.76740730e+00  2.95365414e+00  3.07989360e+00 
 4.46564000e-09  1.83213256e+00  1.76786744e+00  2.95435656e+00  3.07916015e+00 
 4.46614000e-09  1.83167211e+00  1.76832789e+00  2.95506112e+00  3.07842474e+00 
 4.46664000e-09  1.83121134e+00  1.76878866e+00  2.95576778e+00  3.07768740e+00 
 4.46714000e-09  1.83075026e+00  1.76924974e+00  2.95647652e+00  3.07694816e+00 
 4.46764000e-09  1.83028888e+00  1.76971112e+00  2.95718729e+00  3.07620705e+00 
 4.46814000e-09  1.82982720e+00  1.77017280e+00  2.95790008e+00  3.07546409e+00 
 4.46864000e-09  1.82936522e+00  1.77063478e+00  2.95861486e+00  3.07471930e+00 
 4.46914000e-09  1.82890296e+00  1.77109704e+00  2.95933158e+00  3.07397273e+00 
 4.46964000e-09  1.82844041e+00  1.77155959e+00  2.96005024e+00  3.07322439e+00 
 4.47014000e-09  1.82797758e+00  1.77202242e+00  2.96077079e+00  3.07247431e+00 
 4.47064000e-09  1.82751447e+00  1.77248553e+00  2.96149320e+00  3.07172252e+00 
 4.47114000e-09  1.82705109e+00  1.77294891e+00  2.96221745e+00  3.07096904e+00 
 4.47164000e-09  1.82658745e+00  1.77341255e+00  2.96294351e+00  3.07021390e+00 
 4.47214000e-09  1.82612354e+00  1.77387646e+00  2.96367135e+00  3.06945714e+00 
 4.47264000e-09  1.82565937e+00  1.77434063e+00  2.96440095e+00  3.06869876e+00 
 4.47314000e-09  1.82519495e+00  1.77480505e+00  2.96513226e+00  3.06793881e+00 
 4.47364000e-09  1.82473029e+00  1.77526971e+00  2.96586527e+00  3.06717730e+00 
 4.47414000e-09  1.82426538e+00  1.77573462e+00  2.96659994e+00  3.06641426e+00 
 4.47464000e-09  1.82380022e+00  1.77619978e+00  2.96733625e+00  3.06564972e+00 
 4.47514000e-09  1.82333484e+00  1.77666516e+00  2.96807417e+00  3.06488371e+00 
 4.47564000e-09  1.82286922e+00  1.77713078e+00  2.96881366e+00  3.06411625e+00 
 4.47614000e-09  1.82240338e+00  1.77759662e+00  2.96955471e+00  3.06334737e+00 
 4.47664000e-09  1.82193732e+00  1.77806268e+00  2.97029729e+00  3.06257708e+00 
 4.47714000e-09  1.82147104e+00  1.77852896e+00  2.97104136e+00  3.06180543e+00 
 4.47764000e-09  1.82100455e+00  1.77899545e+00  2.97178689e+00  3.06103242e+00 
 4.47814000e-09  1.82053785e+00  1.77946215e+00  2.97253387e+00  3.06025810e+00 
 4.47864000e-09  1.82007095e+00  1.77992905e+00  2.97328226e+00  3.05948248e+00 
 4.47914000e-09  1.81960385e+00  1.78039615e+00  2.97403204e+00  3.05870559e+00 
 4.47964000e-09  1.81913655e+00  1.78086345e+00  2.97478317e+00  3.05792746e+00 
 4.48014000e-09  1.81866907e+00  1.78133093e+00  2.97553563e+00  3.05714810e+00 
 4.48064000e-09  1.81820141e+00  1.78179859e+00  2.97628940e+00  3.05636755e+00 
 4.48114000e-09  1.81773356e+00  1.78226644e+00  2.97704444e+00  3.05558583e+00 
 4.48164000e-09  1.81726554e+00  1.78273446e+00  2.97780073e+00  3.05480297e+00 
 4.48214000e-09  1.81679735e+00  1.78320265e+00  2.97855824e+00  3.05401899e+00 
 4.48264000e-09  1.81632899e+00  1.78367101e+00  2.97931694e+00  3.05323391e+00 
 4.48314000e-09  1.81586047e+00  1.78413953e+00  2.98007682e+00  3.05244776e+00 
 4.48364000e-09  1.81539180e+00  1.78460820e+00  2.98083783e+00  3.05166057e+00 
 4.48414000e-09  1.81492297e+00  1.78507703e+00  2.98159996e+00  3.05087235e+00 
 4.48464000e-09  1.81445400e+00  1.78554600e+00  2.98236317e+00  3.05008314e+00 
 4.48514000e-09  1.81398488e+00  1.78601512e+00  2.98312745e+00  3.04929296e+00 
 4.48564000e-09  1.81351563e+00  1.78648437e+00  2.98389276e+00  3.04850184e+00 
 4.48614000e-09  1.81304624e+00  1.78695376e+00  2.98465908e+00  3.04770979e+00 
 4.48664000e-09  1.81257672e+00  1.78742328e+00  2.98542638e+00  3.04691684e+00 
 4.48714000e-09  1.81210708e+00  1.78789292e+00  2.98619463e+00  3.04612302e+00 
 4.48764000e-09  1.81163732e+00  1.78836268e+00  2.98696382e+00  3.04532836e+00 
 4.48814000e-09  1.81116744e+00  1.78883256e+00  2.98773391e+00  3.04453287e+00 
 4.48864000e-09  1.81069746e+00  1.78930254e+00  2.98850489e+00  3.04373658e+00 
 4.48914000e-09  1.81022737e+00  1.78977263e+00  2.98927671e+00  3.04293951e+00 
 4.48964000e-09  1.80975718e+00  1.79024282e+00  2.99004936e+00  3.04214169e+00 
 4.49014000e-09  1.80928689e+00  1.79071311e+00  2.99082282e+00  3.04134315e+00 
 4.49064000e-09  1.80881651e+00  1.79118349e+00  2.99159705e+00  3.04054391e+00 
 4.49114000e-09  1.80834604e+00  1.79165396e+00  2.99237204e+00  3.03974399e+00 
 4.49164000e-09  1.80787549e+00  1.79212451e+00  2.99314775e+00  3.03894342e+00 
 4.49214000e-09  1.80740486e+00  1.79259514e+00  2.99392416e+00  3.03814222e+00 
 4.49264000e-09  1.80693416e+00  1.79306584e+00  2.99470126e+00  3.03734041e+00 
 4.49314000e-09  1.80646340e+00  1.79353660e+00  2.99547901e+00  3.03653803e+00 
 4.49364000e-09  1.80599256e+00  1.79400744e+00  2.99625739e+00  3.03573510e+00 
 4.49414000e-09  1.80552167e+00  1.79447833e+00  2.99703637e+00  3.03493163e+00 
 4.49464000e-09  1.80505073e+00  1.79494927e+00  2.99781594e+00  3.03412767e+00 
 4.49514000e-09  1.80457973e+00  1.79542027e+00  2.99859606e+00  3.03332322e+00 
 4.49564000e-09  1.80410869e+00  1.79589131e+00  2.99937672e+00  3.03251832e+00 
 4.49614000e-09  1.80363761e+00  1.79636239e+00  3.00015789e+00  3.03171300e+00 
 4.49664000e-09  1.80316649e+00  1.79683351e+00  3.00093956e+00  3.03090727e+00 
 4.49714000e-09  1.80269534e+00  1.79730466e+00  3.00172169e+00  3.03010117e+00 
 4.49764000e-09  1.80222417e+00  1.79777583e+00  3.00250426e+00  3.02929472e+00 
 4.49814000e-09  1.80175297e+00  1.79824703e+00  3.00328726e+00  3.02848795e+00 
 4.49864000e-09  1.80128175e+00  1.79871825e+00  3.00407066e+00  3.02768089e+00 
 4.49914000e-09  1.80081053e+00  1.79918947e+00  3.00485444e+00  3.02687356e+00 
 4.49964000e-09  1.80033929e+00  1.79966071e+00  3.00563858e+00  3.02606598e+00 
 4.50014000e-09  1.79986805e+00  1.80013195e+00  3.00642306e+00  3.02525820e+00 
 4.50064000e-09  1.79939682e+00  1.80060318e+00  3.00720785e+00  3.02445023e+00 
 4.50114000e-09  1.79892558e+00  1.80107442e+00  3.00799294e+00  3.02364210e+00 
 4.50164000e-09  1.79845436e+00  1.80154564e+00  3.00877831e+00  3.02283385e+00 
 4.50214000e-09  1.79798316e+00  1.80201684e+00  3.00956394e+00  3.02202549e+00 
 4.50264000e-09  1.79751197e+00  1.80248803e+00  3.01034980e+00  3.02121707e+00 
 4.50314000e-09  1.79704081e+00  1.80295919e+00  3.01113588e+00  3.02040860e+00 
 4.50364000e-09  1.79656968e+00  1.80343032e+00  3.01192215e+00  3.01960011e+00 
 4.50414000e-09  1.79609858e+00  1.80390142e+00  3.01270860e+00  3.01879163e+00 
 4.50464000e-09  1.79562752e+00  1.80437248e+00  3.01349520e+00  3.01798320e+00 
 4.50514000e-09  1.79515651e+00  1.80484349e+00  3.01428193e+00  3.01717482e+00 
 4.50564000e-09  1.79468554e+00  1.80531446e+00  3.01506878e+00  3.01636653e+00 
 4.50614000e-09  1.79421462e+00  1.80578538e+00  3.01585570e+00  3.01555836e+00 
 4.50664000e-09  1.79374376e+00  1.80625624e+00  3.01664269e+00  3.01475032e+00 
 4.50714000e-09  1.79327297e+00  1.80672703e+00  3.01742971e+00  3.01394243e+00 
 4.50764000e-09  1.79280223e+00  1.80719777e+00  3.01821674e+00  3.01313473e+00 
 4.50814000e-09  1.79233157e+00  1.80766843e+00  3.01900375e+00  3.01232721e+00 
 4.50864000e-09  1.79186099e+00  1.80813901e+00  3.01979071e+00  3.01151991e+00 
 4.50914000e-09  1.79139049e+00  1.80860951e+00  3.02057759e+00  3.01071284e+00 
 4.50964000e-09  1.79092007e+00  1.80907993e+00  3.02136435e+00  3.00990601e+00 
 4.51014000e-09  1.79044974e+00  1.80955026e+00  3.02215098e+00  3.00909944e+00 
 4.51064000e-09  1.78997950e+00  1.81002050e+00  3.02293743e+00  3.00829314e+00 
 4.51114000e-09  1.78950937e+00  1.81049063e+00  3.02372368e+00  3.00748712e+00 
 4.51164000e-09  1.78903934e+00  1.81096066e+00  3.02450967e+00  3.00668141e+00 
 4.51214000e-09  1.78856941e+00  1.81143059e+00  3.02529540e+00  3.00587600e+00 
 4.51264000e-09  1.78809960e+00  1.81190040e+00  3.02608081e+00  3.00507091e+00 
 4.51314000e-09  1.78762991e+00  1.81237009e+00  3.02686587e+00  3.00426616e+00 
 4.51364000e-09  1.78716033e+00  1.81283967e+00  3.02765055e+00  3.00346175e+00 
 4.51414000e-09  1.78669089e+00  1.81330911e+00  3.02843482e+00  3.00265770e+00 
 4.51464000e-09  1.78622158e+00  1.81377842e+00  3.02921863e+00  3.00185402e+00 
 4.51514000e-09  1.78575240e+00  1.81424760e+00  3.03000196e+00  3.00105073e+00 
 4.51564000e-09  1.78528336e+00  1.81471664e+00  3.03078478e+00  3.00024784e+00 
 4.51614000e-09  1.78481447e+00  1.81518553e+00  3.03156705e+00  2.99944536e+00 
 4.51664000e-09  1.78434573e+00  1.81565427e+00  3.03234873e+00  2.99864331e+00 
 4.51714000e-09  1.78387714e+00  1.81612286e+00  3.03312981e+00  2.99784170e+00 
 4.51764000e-09  1.78340871e+00  1.81659129e+00  3.03391024e+00  2.99704056e+00 
 4.51814000e-09  1.78294044e+00  1.81705956e+00  3.03469000e+00  2.99623990e+00 
 4.51864000e-09  1.78247235e+00  1.81752765e+00  3.03546905e+00  2.99543974e+00 
 4.51914000e-09  1.78200443e+00  1.81799557e+00  3.03624738e+00  2.99464010e+00 
 4.51964000e-09  1.78153668e+00  1.81846332e+00  3.03702495e+00  2.99384100e+00 
 4.52014000e-09  1.78106912e+00  1.81893088e+00  3.03780174e+00  2.99304246e+00 
 4.52064000e-09  1.78060174e+00  1.81939826e+00  3.03857772e+00  2.99224450e+00 
 4.52114000e-09  1.78013455e+00  1.81986545e+00  3.03935286e+00  2.99144714e+00 
 4.52164000e-09  1.77966756e+00  1.82033244e+00  3.04012713e+00  2.99065041e+00 
 4.52214000e-09  1.77920078e+00  1.82079922e+00  3.04090052e+00  2.98985433e+00 
 4.52264000e-09  1.77873419e+00  1.82126581e+00  3.04167300e+00  2.98905893e+00 
 4.52314000e-09  1.77826782e+00  1.82173218e+00  3.04244454e+00  2.98826422e+00 
 4.52364000e-09  1.77780166e+00  1.82219834e+00  3.04321513e+00  2.98747023e+00 
 4.52414000e-09  1.77733572e+00  1.82266428e+00  3.04398473e+00  2.98667699e+00 
 4.52464000e-09  1.77687000e+00  1.82313000e+00  3.04475333e+00  2.98588452e+00 
 4.52514000e-09  1.77640452e+00  1.82359548e+00  3.04552089e+00  2.98509285e+00 
 4.52564000e-09  1.77593926e+00  1.82406074e+00  3.04628741e+00  2.98430201e+00 
 4.52614000e-09  1.77547424e+00  1.82452576e+00  3.04705285e+00  2.98351201e+00 
 4.52664000e-09  1.77500947e+00  1.82499053e+00  3.04781720e+00  2.98272289e+00 
 4.52714000e-09  1.77454494e+00  1.82545506e+00  3.04858043e+00  2.98193467e+00 
 4.52764000e-09  1.77408066e+00  1.82591934e+00  3.04934251e+00  2.98114737e+00 
 4.52814000e-09  1.77361664e+00  1.82638336e+00  3.05010344e+00  2.98036103e+00 
 4.52864000e-09  1.77315288e+00  1.82684712e+00  3.05086318e+00  2.97957568e+00 
 4.52914000e-09  1.77268938e+00  1.82731062e+00  3.05162171e+00  2.97879133e+00 
 4.52964000e-09  1.77222616e+00  1.82777384e+00  3.05237901e+00  2.97800801e+00 
 4.53014000e-09  1.77176320e+00  1.82823680e+00  3.05313506e+00  2.97722575e+00 
 4.53064000e-09  1.77130053e+00  1.82869947e+00  3.05388983e+00  2.97644459e+00 
 4.53114000e-09  1.77083814e+00  1.82916186e+00  3.05464331e+00  2.97566453e+00 
 4.53164000e-09  1.77037604e+00  1.82962396e+00  3.05539546e+00  2.97488562e+00 
 4.53214000e-09  1.76991423e+00  1.83008577e+00  3.05614628e+00  2.97410788e+00 
 4.53264000e-09  1.76945271e+00  1.83054729e+00  3.05689572e+00  2.97333133e+00 
 4.53314000e-09  1.76899150e+00  1.83100850e+00  3.05764379e+00  2.97255600e+00 
 4.53364000e-09  1.76853059e+00  1.83146941e+00  3.05839044e+00  2.97178192e+00 
 4.53414000e-09  1.76807000e+00  1.83193000e+00  3.05913565e+00  2.97100911e+00 
 4.53464000e-09  1.76760972e+00  1.83239028e+00  3.05987941e+00  2.97023760e+00 
 4.53514000e-09  1.76714976e+00  1.83285024e+00  3.06062169e+00  2.96946742e+00 
 4.53564000e-09  1.76669012e+00  1.83330988e+00  3.06136246e+00  2.96869860e+00 
 4.53614000e-09  1.76623081e+00  1.83376919e+00  3.06210171e+00  2.96793116e+00 
 4.53664000e-09  1.76577184e+00  1.83422816e+00  3.06283940e+00  2.96716512e+00 
 4.53714000e-09  1.76531320e+00  1.83468680e+00  3.06357552e+00  2.96640052e+00 
 4.53764000e-09  1.76485491e+00  1.83514509e+00  3.06431004e+00  2.96563738e+00 
 4.53814000e-09  1.76439696e+00  1.83560304e+00  3.06504293e+00  2.96487572e+00 
 4.53864000e-09  1.76393936e+00  1.83606064e+00  3.06577418e+00  2.96411558e+00 
 4.53914000e-09  1.76348212e+00  1.83651788e+00  3.06650375e+00  2.96335698e+00 
 4.53964000e-09  1.76302524e+00  1.83697476e+00  3.06723163e+00  2.96259994e+00 
 4.54014000e-09  1.76256873e+00  1.83743127e+00  3.06795778e+00  2.96184449e+00 
 4.54064000e-09  1.76211258e+00  1.83788742e+00  3.06868219e+00  2.96109067e+00 
 4.54114000e-09  1.76165681e+00  1.83834319e+00  3.06940482e+00  2.96033848e+00 
 4.54164000e-09  1.76120142e+00  1.83879858e+00  3.07012566e+00  2.95958797e+00 
 4.54214000e-09  1.76074641e+00  1.83925359e+00  3.07084467e+00  2.95883916e+00 
 4.54264000e-09  1.76029179e+00  1.83970821e+00  3.07156184e+00  2.95809207e+00 
 4.54314000e-09  1.75983756e+00  1.84016244e+00  3.07227713e+00  2.95734673e+00 
 4.54364000e-09  1.75938372e+00  1.84061628e+00  3.07299053e+00  2.95660316e+00 
 4.54414000e-09  1.75893029e+00  1.84106971e+00  3.07370200e+00  2.95586140e+00 
 4.54464000e-09  1.75847726e+00  1.84152274e+00  3.07441152e+00  2.95512147e+00 
 4.54514000e-09  1.75802464e+00  1.84197536e+00  3.07511906e+00  2.95438339e+00 
 4.54564000e-09  1.75757244e+00  1.84242756e+00  3.07582460e+00  2.95364719e+00 
 4.54614000e-09  1.75712065e+00  1.84287935e+00  3.07652811e+00  2.95291290e+00 
 4.54664000e-09  1.75666929e+00  1.84333071e+00  3.07722957e+00  2.95218054e+00 
 4.54714000e-09  1.75621836e+00  1.84378164e+00  3.07792894e+00  2.95145014e+00 
 4.54764000e-09  1.75576785e+00  1.84423215e+00  3.07862621e+00  2.95072173e+00 
 4.54814000e-09  1.75531779e+00  1.84468221e+00  3.07932134e+00  2.94999533e+00 
 4.54864000e-09  1.75486816e+00  1.84513184e+00  3.08001430e+00  2.94927097e+00 
 4.54914000e-09  1.75441898e+00  1.84558102e+00  3.08070509e+00  2.94854868e+00 
 4.54964000e-09  1.75397026e+00  1.84602974e+00  3.08139365e+00  2.94782847e+00 
 4.55014000e-09  1.75352198e+00  1.84647802e+00  3.08207997e+00  2.94711039e+00 
 4.55064000e-09  1.75307416e+00  1.84692584e+00  3.08276403e+00  2.94639445e+00 
 4.55114000e-09  1.75262681e+00  1.84737319e+00  3.08344578e+00  2.94568068e+00 
 4.55164000e-09  1.75217992e+00  1.84782008e+00  3.08412522e+00  2.94496910e+00 
 4.55214000e-09  1.75173351e+00  1.84826649e+00  3.08480230e+00  2.94425975e+00 
 4.55264000e-09  1.75128757e+00  1.84871243e+00  3.08547701e+00  2.94355265e+00 
 4.55314000e-09  1.75084212e+00  1.84915788e+00  3.08614930e+00  2.94284783e+00 
 4.55364000e-09  1.75039714e+00  1.84960286e+00  3.08681917e+00  2.94214530e+00 
 4.55414000e-09  1.74995266e+00  1.85004734e+00  3.08748658e+00  2.94144511e+00 
 4.55464000e-09  1.74950867e+00  1.85049133e+00  3.08815149e+00  2.94074728e+00 
 4.55514000e-09  1.74906519e+00  1.85093481e+00  3.08881390e+00  2.94005182e+00 
 4.55564000e-09  1.74862220e+00  1.85137780e+00  3.08947375e+00  2.93935878e+00 
 4.55614000e-09  1.74817972e+00  1.85182028e+00  3.09013104e+00  2.93866817e+00 
 4.55664000e-09  1.74773775e+00  1.85226225e+00  3.09078573e+00  2.93798002e+00 
 4.55714000e-09  1.74729630e+00  1.85270370e+00  3.09143779e+00  2.93729436e+00 
 4.55764000e-09  1.74685537e+00  1.85314463e+00  3.09208720e+00  2.93661121e+00 
 4.55814000e-09  1.74641496e+00  1.85358504e+00  3.09273393e+00  2.93593061e+00 
 4.55864000e-09  1.74597508e+00  1.85402492e+00  3.09337794e+00  2.93525257e+00 
 4.55914000e-09  1.74553573e+00  1.85446427e+00  3.09401922e+00  2.93457714e+00 
 4.55964000e-09  1.74509692e+00  1.85490308e+00  3.09465773e+00  2.93390432e+00 
 4.56014000e-09  1.74465866e+00  1.85534134e+00  3.09529345e+00  2.93323415e+00 
 4.56064000e-09  1.74422094e+00  1.85577906e+00  3.09592635e+00  2.93256665e+00 
 4.56114000e-09  1.74378377e+00  1.85621623e+00  3.09655640e+00  2.93190186e+00 
 4.56164000e-09  1.74334715e+00  1.85665285e+00  3.09718357e+00  2.93123979e+00 
 4.56214000e-09  1.74291110e+00  1.85708890e+00  3.09780784e+00  2.93058048e+00 
 4.56264000e-09  1.74247560e+00  1.85752440e+00  3.09842918e+00  2.92992395e+00 
 4.56314000e-09  1.74204068e+00  1.85795932e+00  3.09904755e+00  2.92927023e+00 
 4.56364000e-09  1.74160633e+00  1.85839367e+00  3.09966294e+00  2.92861934e+00 
 4.56414000e-09  1.74117255e+00  1.85882745e+00  3.10027532e+00  2.92797131e+00 
 4.56464000e-09  1.74073936e+00  1.85926064e+00  3.10088465e+00  2.92732617e+00 
 4.56514000e-09  1.74030674e+00  1.85969326e+00  3.10149091e+00  2.92668395e+00 
 4.56564000e-09  1.73987472e+00  1.86012528e+00  3.10209407e+00  2.92604466e+00 
 4.56614000e-09  1.73944329e+00  1.86055671e+00  3.10269410e+00  2.92540834e+00 
 4.56664000e-09  1.73901246e+00  1.86098754e+00  3.10329099e+00  2.92477501e+00 
 4.56714000e-09  1.73858224e+00  1.86141776e+00  3.10388469e+00  2.92414470e+00 
 4.56764000e-09  1.73815261e+00  1.86184739e+00  3.10447519e+00  2.92351744e+00 
 4.56814000e-09  1.73772360e+00  1.86227640e+00  3.10506246e+00  2.92289325e+00 
 4.56864000e-09  1.73729520e+00  1.86270480e+00  3.10564646e+00  2.92227216e+00 
 4.56914000e-09  1.73686743e+00  1.86313257e+00  3.10622718e+00  2.92165419e+00 
 4.56964000e-09  1.73644027e+00  1.86355973e+00  3.10680458e+00  2.92103937e+00 
 4.57014000e-09  1.73601374e+00  1.86398626e+00  3.10737864e+00  2.92042773e+00 
 4.57064000e-09  1.73558785e+00  1.86441215e+00  3.10794934e+00  2.91981929e+00 
 4.57114000e-09  1.73516258e+00  1.86483742e+00  3.10851664e+00  2.91921407e+00 
 4.57164000e-09  1.73473796e+00  1.86526204e+00  3.10908053e+00  2.91861211e+00 
 4.57214000e-09  1.73431399e+00  1.86568601e+00  3.10964097e+00  2.91801343e+00 
 4.57264000e-09  1.73389066e+00  1.86610934e+00  3.11019794e+00  2.91741805e+00 
 4.57314000e-09  1.73346798e+00  1.86653202e+00  3.11075142e+00  2.91682600e+00 
 4.57364000e-09  1.73304596e+00  1.86695404e+00  3.11130138e+00  2.91623730e+00 
 4.57414000e-09  1.73262460e+00  1.86737540e+00  3.11184779e+00  2.91565199e+00 
 4.57464000e-09  1.73220391e+00  1.86779609e+00  3.11239063e+00  2.91507008e+00 
 4.57514000e-09  1.73178389e+00  1.86821611e+00  3.11292988e+00  2.91449159e+00 
 4.57564000e-09  1.73136453e+00  1.86863547e+00  3.11346551e+00  2.91391656e+00 
 4.57614000e-09  1.73094586e+00  1.86905414e+00  3.11399750e+00  2.91334501e+00 
 4.57664000e-09  1.73052787e+00  1.86947213e+00  3.11452582e+00  2.91277696e+00 
 4.57714000e-09  1.73011056e+00  1.86988944e+00  3.11505046e+00  2.91221244e+00 
 4.57764000e-09  1.72969394e+00  1.87030606e+00  3.11557138e+00  2.91165146e+00 
 4.57814000e-09  1.72927802e+00  1.87072198e+00  3.11608857e+00  2.91109406e+00 
 4.57864000e-09  1.72886280e+00  1.87113720e+00  3.11660201e+00  2.91054026e+00 
 4.57914000e-09  1.72844827e+00  1.87155173e+00  3.11711166e+00  2.90999008e+00 
 4.57964000e-09  1.72803446e+00  1.87196554e+00  3.11761752e+00  2.90944354e+00 
 4.58014000e-09  1.72762135e+00  1.87237865e+00  3.11811955e+00  2.90890067e+00 
 4.58064000e-09  1.72720896e+00  1.87279104e+00  3.11861775e+00  2.90836148e+00 
 4.58114000e-09  1.72679729e+00  1.87320271e+00  3.11911208e+00  2.90782601e+00 
 4.58164000e-09  1.72638633e+00  1.87361367e+00  3.11960253e+00  2.90729426e+00 
 4.58214000e-09  1.72597611e+00  1.87402389e+00  3.12008909e+00  2.90676628e+00 
 4.58264000e-09  1.72556662e+00  1.87443338e+00  3.12057172e+00  2.90624206e+00 
 4.58314000e-09  1.72515786e+00  1.87484214e+00  3.12105041e+00  2.90572165e+00 
 4.58364000e-09  1.72474984e+00  1.87525016e+00  3.12152515e+00  2.90520505e+00 
 4.58414000e-09  1.72434256e+00  1.87565744e+00  3.12199592e+00  2.90469229e+00 
 4.58464000e-09  1.72393603e+00  1.87606397e+00  3.12246270e+00  2.90418338e+00 
 4.58514000e-09  1.72353024e+00  1.87646976e+00  3.12292547e+00  2.90367836e+00 
 4.58564000e-09  1.72312522e+00  1.87687478e+00  3.12338422e+00  2.90317723e+00 
 4.58614000e-09  1.72272095e+00  1.87727905e+00  3.12383893e+00  2.90268001e+00 
 4.58664000e-09  1.72231745e+00  1.87768255e+00  3.12428959e+00  2.90218673e+00 
 4.58714000e-09  1.72191471e+00  1.87808529e+00  3.12473618e+00  2.90169740e+00 
 4.58764000e-09  1.72151274e+00  1.87848726e+00  3.12517869e+00  2.90121205e+00 
 4.58814000e-09  1.72111155e+00  1.87888845e+00  3.12561712e+00  2.90073068e+00 
 4.58864000e-09  1.72071114e+00  1.87928886e+00  3.12605144e+00  2.90025331e+00 
 4.58914000e-09  1.72031150e+00  1.87968850e+00  3.12648164e+00  2.89977996e+00 
 4.58964000e-09  1.71991266e+00  1.88008734e+00  3.12690772e+00  2.89931065e+00 
 4.59014000e-09  1.71951461e+00  1.88048539e+00  3.12732966e+00  2.89884539e+00 
 4.59064000e-09  1.71911735e+00  1.88088265e+00  3.12774745e+00  2.89838420e+00 
 4.59114000e-09  1.71872088e+00  1.88127912e+00  3.12816110e+00  2.89792709e+00 
 4.59164000e-09  1.71832522e+00  1.88167478e+00  3.12857058e+00  2.89747408e+00 
 4.59214000e-09  1.71793037e+00  1.88206963e+00  3.12897589e+00  2.89702517e+00 
 4.59264000e-09  1.71753633e+00  1.88246367e+00  3.12937702e+00  2.89658038e+00 
 4.59314000e-09  1.71714310e+00  1.88285690e+00  3.12977398e+00  2.89613973e+00 
 4.59364000e-09  1.71675069e+00  1.88324931e+00  3.13016675e+00  2.89570323e+00 
 4.59414000e-09  1.71635910e+00  1.88364090e+00  3.13055533e+00  2.89527088e+00 
 4.59464000e-09  1.71596833e+00  1.88403167e+00  3.13093972e+00  2.89484270e+00 
 4.59514000e-09  1.71557840e+00  1.88442160e+00  3.13131991e+00  2.89441870e+00 
 4.59564000e-09  1.71518929e+00  1.88481071e+00  3.13169591e+00  2.89399889e+00 
 4.59614000e-09  1.71480103e+00  1.88519897e+00  3.13206771e+00  2.89358327e+00 
 4.59664000e-09  1.71441360e+00  1.88558640e+00  3.13243531e+00  2.89317186e+00 
 4.59714000e-09  1.71402702e+00  1.88597298e+00  3.13279872e+00  2.89276466e+00 
 4.59764000e-09  1.71364129e+00  1.88635871e+00  3.13315794e+00  2.89236168e+00 
 4.59814000e-09  1.71325641e+00  1.88674359e+00  3.13351297e+00  2.89196293e+00 
 4.59864000e-09  1.71287239e+00  1.88712761e+00  3.13386381e+00  2.89156840e+00 
 4.59914000e-09  1.71248923e+00  1.88751077e+00  3.13421047e+00  2.89117812e+00 
 4.59964000e-09  1.71210693e+00  1.88789307e+00  3.13455295e+00  2.89079208e+00 
 4.60014000e-09  1.71172550e+00  1.88827450e+00  3.13489127e+00  2.89041028e+00 
 4.60064000e-09  1.71134494e+00  1.88865506e+00  3.13522542e+00  2.89003273e+00 
 4.60114000e-09  1.71096525e+00  1.88903475e+00  3.13555542e+00  2.88965943e+00 
 4.60164000e-09  1.71058645e+00  1.88941355e+00  3.13588128e+00  2.88929038e+00 
 4.60214000e-09  1.71020852e+00  1.88979148e+00  3.13620301e+00  2.88892559e+00 
 4.60264000e-09  1.70983149e+00  1.89016851e+00  3.13652062e+00  2.88856505e+00 
 4.60314000e-09  1.70945534e+00  1.89054466e+00  3.13683412e+00  2.88820877e+00 
 4.60364000e-09  1.70908008e+00  1.89091992e+00  3.13714352e+00  2.88785673e+00 
 4.60414000e-09  1.70870573e+00  1.89129427e+00  3.13744884e+00  2.88750895e+00 
 4.60464000e-09  1.70833227e+00  1.89166773e+00  3.13775010e+00  2.88716542e+00 
 4.60514000e-09  1.70795972e+00  1.89204028e+00  3.13804731e+00  2.88682613e+00 
 4.60564000e-09  1.70758808e+00  1.89241192e+00  3.13834048e+00  2.88649108e+00 
 4.60614000e-09  1.70721735e+00  1.89278265e+00  3.13862965e+00  2.88616027e+00 
 4.60664000e-09  1.70684753e+00  1.89315247e+00  3.13891481e+00  2.88583369e+00 
 4.60714000e-09  1.70647864e+00  1.89352136e+00  3.13919601e+00  2.88551133e+00 
 4.60764000e-09  1.70611066e+00  1.89388934e+00  3.13947324e+00  2.88519319e+00 
 4.60814000e-09  1.70574362e+00  1.89425638e+00  3.13974655e+00  2.88487926e+00 
 4.60864000e-09  1.70537750e+00  1.89462250e+00  3.14001594e+00  2.88456953e+00 
 4.60914000e-09  1.70501232e+00  1.89498768e+00  3.14028145e+00  2.88426400e+00 
 4.60964000e-09  1.70464807e+00  1.89535193e+00  3.14054310e+00  2.88396264e+00 
 4.61014000e-09  1.70428477e+00  1.89571523e+00  3.14080091e+00  2.88366546e+00 
 4.61064000e-09  1.70392241e+00  1.89607759e+00  3.14105491e+00  2.88337244e+00 
 4.61114000e-09  1.70356100e+00  1.89643900e+00  3.14130512e+00  2.88308356e+00 
 4.61164000e-09  1.70320054e+00  1.89679946e+00  3.14155158e+00  2.88279881e+00 
 4.61214000e-09  1.70284104e+00  1.89715896e+00  3.14179431e+00  2.88251819e+00 
 4.61264000e-09  1.70248250e+00  1.89751750e+00  3.14203334e+00  2.88224167e+00 
 4.61314000e-09  1.70212492e+00  1.89787508e+00  3.14226870e+00  2.88196924e+00 
 4.61364000e-09  1.70176830e+00  1.89823170e+00  3.14250042e+00  2.88170089e+00 
 4.61414000e-09  1.70141265e+00  1.89858735e+00  3.14272853e+00  2.88143659e+00 
 4.61464000e-09  1.70105798e+00  1.89894202e+00  3.14295307e+00  2.88117632e+00 
 4.61514000e-09  1.70070428e+00  1.89929572e+00  3.14317406e+00  2.88092008e+00 
 4.61564000e-09  1.70035157e+00  1.89964843e+00  3.14339154e+00  2.88066784e+00 
 4.61614000e-09  1.69999983e+00  1.90000017e+00  3.14360554e+00  2.88041958e+00 
 4.61664000e-09  1.69964909e+00  1.90035091e+00  3.14381610e+00  2.88017527e+00 
 4.61714000e-09  1.69929933e+00  1.90070067e+00  3.14402325e+00  2.87993491e+00 
 4.61764000e-09  1.69895057e+00  1.90104943e+00  3.14422703e+00  2.87969846e+00 
 4.61814000e-09  1.69860281e+00  1.90139719e+00  3.14442747e+00  2.87946590e+00 
 4.61864000e-09  1.69825604e+00  1.90174396e+00  3.14462461e+00  2.87923720e+00 
 4.61914000e-09  1.69791028e+00  1.90208972e+00  3.14481848e+00  2.87901235e+00 
 4.61964000e-09  1.69756553e+00  1.90243447e+00  3.14500912e+00  2.87879132e+00 
 4.62014000e-09  1.69722179e+00  1.90277821e+00  3.14519657e+00  2.87857408e+00 
 4.62064000e-09  1.69687906e+00  1.90312094e+00  3.14538087e+00  2.87836061e+00 
 4.62114000e-09  1.69653735e+00  1.90346265e+00  3.14556205e+00  2.87815087e+00 
 4.62164000e-09  1.69619667e+00  1.90380333e+00  3.14574015e+00  2.87794484e+00 
 4.62214000e-09  1.69585700e+00  1.90414300e+00  3.14591520e+00  2.87774250e+00 
 4.62264000e-09  1.69551837e+00  1.90448163e+00  3.14608726e+00  2.87754380e+00 
 4.62314000e-09  1.69518076e+00  1.90481924e+00  3.14625635e+00  2.87734873e+00 
 4.62364000e-09  1.69484419e+00  1.90515581e+00  3.14642251e+00  2.87715724e+00 
 4.62414000e-09  1.69450866e+00  1.90549134e+00  3.14658579e+00  2.87696932e+00 
 4.62464000e-09  1.69417417e+00  1.90582583e+00  3.14674622e+00  2.87678492e+00 
 4.62514000e-09  1.69384072e+00  1.90615928e+00  3.14690384e+00  2.87660402e+00 
 4.62564000e-09  1.69350832e+00  1.90649168e+00  3.14705869e+00  2.87642658e+00 
 4.62614000e-09  1.69317698e+00  1.90682302e+00  3.14721080e+00  2.87625257e+00 
 4.62664000e-09  1.69284668e+00  1.90715332e+00  3.14736023e+00  2.87608196e+00 
 4.62714000e-09  1.69251745e+00  1.90748255e+00  3.14750700e+00  2.87591471e+00 
 4.62764000e-09  1.69218927e+00  1.90781073e+00  3.14765116e+00  2.87575078e+00 
 4.62814000e-09  1.69186216e+00  1.90813784e+00  3.14779274e+00  2.87559015e+00 
 4.62864000e-09  1.69153612e+00  1.90846388e+00  3.14793178e+00  2.87543277e+00 
 4.62914000e-09  1.69121115e+00  1.90878885e+00  3.14806833e+00  2.87527862e+00 
 4.62964000e-09  1.69088725e+00  1.90911275e+00  3.14820241e+00  2.87512765e+00 
 4.63014000e-09  1.69056442e+00  1.90943558e+00  3.14833408e+00  2.87497983e+00 
 4.63064000e-09  1.69024268e+00  1.90975732e+00  3.14846336e+00  2.87483512e+00 
 4.63114000e-09  1.68992202e+00  1.91007798e+00  3.14859029e+00  2.87469348e+00 
 4.63164000e-09  1.68960245e+00  1.91039755e+00  3.14871492e+00  2.87455489e+00 
 4.63214000e-09  1.68928397e+00  1.91071603e+00  3.14883728e+00  2.87441929e+00 
 4.63264000e-09  1.68896658e+00  1.91103342e+00  3.14895740e+00  2.87428665e+00 
 4.63314000e-09  1.68865028e+00  1.91134972e+00  3.14907533e+00  2.87415695e+00 
 4.63364000e-09  1.68833509e+00  1.91166491e+00  3.14919110e+00  2.87403012e+00 
 4.63414000e-09  1.68802099e+00  1.91197901e+00  3.14930475e+00  2.87390615e+00 
 4.63464000e-09  1.68770801e+00  1.91229199e+00  3.14941631e+00  2.87378499e+00 
 4.63514000e-09  1.68739613e+00  1.91260387e+00  3.14952582e+00  2.87366660e+00 
 4.63564000e-09  1.68708536e+00  1.91291464e+00  3.14963332e+00  2.87355094e+00 
 4.63614000e-09  1.68677570e+00  1.91322430e+00  3.14973884e+00  2.87343799e+00 
 4.63664000e-09  1.68646717e+00  1.91353283e+00  3.14984242e+00  2.87332769e+00 
 4.63714000e-09  1.68615975e+00  1.91384025e+00  3.14994408e+00  2.87322001e+00 
 4.63764000e-09  1.68585346e+00  1.91414654e+00  3.15004387e+00  2.87311491e+00 
 4.63814000e-09  1.68554829e+00  1.91445171e+00  3.15014182e+00  2.87301235e+00 
 4.63864000e-09  1.68524425e+00  1.91475575e+00  3.15023797e+00  2.87291230e+00 
 4.63914000e-09  1.68494135e+00  1.91505865e+00  3.15033234e+00  2.87281472e+00 
 4.63964000e-09  1.68463958e+00  1.91536042e+00  3.15042496e+00  2.87271957e+00 
 4.64014000e-09  1.68433895e+00  1.91566105e+00  3.15051588e+00  2.87262681e+00 
 4.64064000e-09  1.68403946e+00  1.91596054e+00  3.15060513e+00  2.87253641e+00 
 4.64114000e-09  1.68374112e+00  1.91625888e+00  3.15069273e+00  2.87244833e+00 
 4.64164000e-09  1.68344392e+00  1.91655608e+00  3.15077871e+00  2.87236252e+00 
 4.64214000e-09  1.68314788e+00  1.91685212e+00  3.15086312e+00  2.87227896e+00 
 4.64264000e-09  1.68285299e+00  1.91714701e+00  3.15094597e+00  2.87219760e+00 
 4.64314000e-09  1.68255925e+00  1.91744075e+00  3.15102730e+00  2.87211842e+00 
 4.64364000e-09  1.68226667e+00  1.91773333e+00  3.15110713e+00  2.87204137e+00 
 4.64414000e-09  1.68197526e+00  1.91802474e+00  3.15118551e+00  2.87196642e+00 
 4.64464000e-09  1.68168501e+00  1.91831499e+00  3.15126245e+00  2.87189353e+00 
 4.64514000e-09  1.68139592e+00  1.91860408e+00  3.15133799e+00  2.87182266e+00 
 4.64564000e-09  1.68110801e+00  1.91889199e+00  3.15141215e+00  2.87175379e+00 
 4.64614000e-09  1.68082127e+00  1.91917873e+00  3.15148495e+00  2.87168688e+00 
 4.64664000e-09  1.68053571e+00  1.91946429e+00  3.15155644e+00  2.87162189e+00 
 4.64714000e-09  1.68025133e+00  1.91974867e+00  3.15162663e+00  2.87155879e+00 
 4.64764000e-09  1.67996812e+00  1.92003188e+00  3.15169555e+00  2.87149754e+00 
 4.64814000e-09  1.67968611e+00  1.92031389e+00  3.15176323e+00  2.87143812e+00 
 4.64864000e-09  1.67940528e+00  1.92059472e+00  3.15182970e+00  2.87138048e+00 
 4.64914000e-09  1.67912564e+00  1.92087436e+00  3.15189496e+00  2.87132460e+00 
 4.64964000e-09  1.67884719e+00  1.92115281e+00  3.15195907e+00  2.87127044e+00 
 4.65014000e-09  1.67856994e+00  1.92143006e+00  3.15202202e+00  2.87121798e+00 
 4.65064000e-09  1.67829389e+00  1.92170611e+00  3.15208386e+00  2.87116717e+00 
 4.65114000e-09  1.67801904e+00  1.92198096e+00  3.15214460e+00  2.87111800e+00 
 4.65164000e-09  1.67774539e+00  1.92225461e+00  3.15220427e+00  2.87107042e+00 
 4.65214000e-09  1.67747295e+00  1.92252705e+00  3.15226289e+00  2.87102441e+00 
 4.65264000e-09  1.67720172e+00  1.92279828e+00  3.15232048e+00  2.87097994e+00 
 4.65314000e-09  1.67693170e+00  1.92306830e+00  3.15237707e+00  2.87093697e+00 
 4.65364000e-09  1.67666290e+00  1.92333710e+00  3.15243267e+00  2.87089549e+00 
 4.65414000e-09  1.67639531e+00  1.92360469e+00  3.15248731e+00  2.87085546e+00 
 4.65464000e-09  1.67612894e+00  1.92387106e+00  3.15254100e+00  2.87081684e+00 
 4.65514000e-09  1.67586380e+00  1.92413620e+00  3.15259378e+00  2.87077962e+00 
 4.65564000e-09  1.67559988e+00  1.92440012e+00  3.15264565e+00  2.87074377e+00 
 4.65614000e-09  1.67533719e+00  1.92466281e+00  3.15269664e+00  2.87070926e+00 
 4.65664000e-09  1.67507572e+00  1.92492428e+00  3.15274676e+00  2.87067606e+00 
 4.65714000e-09  1.67481550e+00  1.92518450e+00  3.15279604e+00  2.87064415e+00 
 4.65764000e-09  1.67455650e+00  1.92544350e+00  3.15284450e+00  2.87061350e+00 
 4.65814000e-09  1.67429875e+00  1.92570125e+00  3.15289215e+00  2.87058408e+00 
 4.65864000e-09  1.67404223e+00  1.92595777e+00  3.15293900e+00  2.87055588e+00 
 4.65914000e-09  1.67378696e+00  1.92621304e+00  3.15298509e+00  2.87052886e+00 
 4.65964000e-09  1.67353294e+00  1.92646706e+00  3.15303042e+00  2.87050300e+00 
 4.66014000e-09  1.67328016e+00  1.92671984e+00  3.15307501e+00  2.87047828e+00 
 4.66064000e-09  1.67302863e+00  1.92697137e+00  3.15311887e+00  2.87045467e+00 
 4.66114000e-09  1.67277836e+00  1.92722164e+00  3.15316204e+00  2.87043216e+00 
 4.66164000e-09  1.67252934e+00  1.92747066e+00  3.15320451e+00  2.87041071e+00 
 4.66214000e-09  1.67228158e+00  1.92771842e+00  3.15324630e+00  2.87039031e+00 
 4.66264000e-09  1.67203508e+00  1.92796492e+00  3.15328744e+00  2.87037094e+00 
 4.66314000e-09  1.67178985e+00  1.92821015e+00  3.15332793e+00  2.87035257e+00 
 4.66364000e-09  1.67154588e+00  1.92845412e+00  3.15336779e+00  2.87033518e+00 
 4.66414000e-09  1.67130317e+00  1.92869683e+00  3.15340704e+00  2.87031876e+00 
 4.66464000e-09  1.67106174e+00  1.92893826e+00  3.15344568e+00  2.87030327e+00 
 4.66514000e-09  1.67082158e+00  1.92917842e+00  3.15348374e+00  2.87028871e+00 
 4.66564000e-09  1.67058269e+00  1.92941731e+00  3.15352121e+00  2.87027505e+00 
 4.66614000e-09  1.67034509e+00  1.92965491e+00  3.15355813e+00  2.87026227e+00 
 4.66664000e-09  1.67010876e+00  1.92989124e+00  3.15359450e+00  2.87025036e+00 
 4.66714000e-09  1.66987371e+00  1.93012629e+00  3.15363033e+00  2.87023930e+00 
 4.66764000e-09  1.66963995e+00  1.93036005e+00  3.15366563e+00  2.87022906e+00 
 4.66814000e-09  1.66940747e+00  1.93059253e+00  3.15370042e+00  2.87021963e+00 
 4.66864000e-09  1.66917629e+00  1.93082371e+00  3.15373471e+00  2.87021100e+00 
 4.66914000e-09  1.66894639e+00  1.93105361e+00  3.15376852e+00  2.87020314e+00 
 4.66964000e-09  1.66871779e+00  1.93128221e+00  3.15380184e+00  2.87019605e+00 
 4.67014000e-09  1.66849048e+00  1.93150952e+00  3.15383469e+00  2.87018969e+00 
 4.67064000e-09  1.66826447e+00  1.93173553e+00  3.15386709e+00  2.87018406e+00 
 4.67114000e-09  1.66803977e+00  1.93196023e+00  3.15389904e+00  2.87017915e+00 
 4.67164000e-09  1.66781636e+00  1.93218364e+00  3.15393056e+00  2.87017493e+00 
 4.67214000e-09  1.66759426e+00  1.93240574e+00  3.15396165e+00  2.87017139e+00 
 4.67264000e-09  1.66737346e+00  1.93262654e+00  3.15399232e+00  2.87016852e+00 
 4.67314000e-09  1.66715398e+00  1.93284602e+00  3.15402259e+00  2.87016630e+00 
 4.67364000e-09  1.66693581e+00  1.93306419e+00  3.15405246e+00  2.87016472e+00 
 4.67414000e-09  1.66671894e+00  1.93328106e+00  3.15408194e+00  2.87016376e+00 
 4.67464000e-09  1.66650340e+00  1.93349660e+00  3.15411104e+00  2.87016341e+00 
 4.67514000e-09  1.66628917e+00  1.93371083e+00  3.15413977e+00  2.87016366e+00 
 4.67564000e-09  1.66607626e+00  1.93392374e+00  3.15416814e+00  2.87016450e+00 
 4.67614000e-09  1.66586468e+00  1.93413532e+00  3.15419615e+00  2.87016590e+00 
 4.67664000e-09  1.66565441e+00  1.93434559e+00  3.15422382e+00  2.87016787e+00 
 4.67714000e-09  1.66544548e+00  1.93455452e+00  3.15425116e+00  2.87017038e+00 
 4.67764000e-09  1.66523787e+00  1.93476213e+00  3.15427816e+00  2.87017343e+00 
 4.67814000e-09  1.66503159e+00  1.93496841e+00  3.15430484e+00  2.87017700e+00 
 4.67864000e-09  1.66482664e+00  1.93517336e+00  3.15433121e+00  2.87018109e+00 
 4.67914000e-09  1.66462303e+00  1.93537697e+00  3.15435726e+00  2.87018567e+00 
 4.67964000e-09  1.66442075e+00  1.93557925e+00  3.15438302e+00  2.87019075e+00 
 4.68014000e-09  1.66421981e+00  1.93578019e+00  3.15440849e+00  2.87019630e+00 
 4.68064000e-09  1.66402022e+00  1.93597978e+00  3.15443367e+00  2.87020232e+00 
 4.68114000e-09  1.66382196e+00  1.93617804e+00  3.15445856e+00  2.87020881e+00 
 4.68164000e-09  1.66362505e+00  1.93637495e+00  3.15448319e+00  2.87021574e+00 
 4.68214000e-09  1.66342948e+00  1.93657052e+00  3.15450755e+00  2.87022311e+00 
 4.68264000e-09  1.66323526e+00  1.93676474e+00  3.15453164e+00  2.87023091e+00 
 4.68314000e-09  1.66304239e+00  1.93695761e+00  3.15455548e+00  2.87023912e+00 
 4.68364000e-09  1.66285088e+00  1.93714912e+00  3.15457908e+00  2.87024776e+00 
 4.68414000e-09  1.66266071e+00  1.93733929e+00  3.15460242e+00  2.87025679e+00 
 4.68464000e-09  1.66247191e+00  1.93752809e+00  3.15462554e+00  2.87026621e+00 
 4.68514000e-09  1.66228446e+00  1.93771554e+00  3.15464841e+00  2.87027603e+00 
 4.68564000e-09  1.66209837e+00  1.93790163e+00  3.15467107e+00  2.87028621e+00 
 4.68614000e-09  1.66191364e+00  1.93808636e+00  3.15469350e+00  2.87029677e+00 
 4.68664000e-09  1.66173027e+00  1.93826973e+00  3.15471571e+00  2.87030768e+00 
 4.68714000e-09  1.66154827e+00  1.93845173e+00  3.15473771e+00  2.87031895e+00 
 4.68764000e-09  1.66136763e+00  1.93863237e+00  3.15475951e+00  2.87033057e+00 
 4.68814000e-09  1.66118836e+00  1.93881164e+00  3.15478110e+00  2.87034252e+00 
 4.68864000e-09  1.66101046e+00  1.93898954e+00  3.15480250e+00  2.87035480e+00 
 4.68914000e-09  1.66083394e+00  1.93916606e+00  3.15482370e+00  2.87036740e+00 
 4.68964000e-09  1.66065879e+00  1.93934121e+00  3.15484472e+00  2.87038032e+00 
 4.69014000e-09  1.66048501e+00  1.93951499e+00  3.15486555e+00  2.87039355e+00 
 4.69064000e-09  1.66031261e+00  1.93968739e+00  3.15488620e+00  2.87040709e+00 
 4.69114000e-09  1.66014159e+00  1.93985841e+00  3.15490667e+00  2.87042092e+00 
 4.69164000e-09  1.65997194e+00  1.94002806e+00  3.15492697e+00  2.87043504e+00 
 4.69214000e-09  1.65980369e+00  1.94019631e+00  3.15494711e+00  2.87044944e+00 
 4.69264000e-09  1.65963681e+00  1.94036319e+00  3.15496708e+00  2.87046412e+00 
 4.69314000e-09  1.65947132e+00  1.94052868e+00  3.15498689e+00  2.87047907e+00 
 4.69364000e-09  1.65930722e+00  1.94069278e+00  3.15500655e+00  2.87049429e+00 
 4.69414000e-09  1.65914450e+00  1.94085550e+00  3.15502605e+00  2.87050977e+00 
 4.69464000e-09  1.65898318e+00  1.94101682e+00  3.15504540e+00  2.87052550e+00 
 4.69514000e-09  1.65882324e+00  1.94117676e+00  3.15506461e+00  2.87054148e+00 
 4.69564000e-09  1.65866470e+00  1.94133530e+00  3.15508367e+00  2.87055771e+00 
 4.69614000e-09  1.65850756e+00  1.94149244e+00  3.15510259e+00  2.87057417e+00 
 4.69664000e-09  1.65835181e+00  1.94164819e+00  3.15512138e+00  2.87059087e+00 
 4.69714000e-09  1.65819746e+00  1.94180254e+00  3.15514003e+00  2.87060780e+00 
 4.69764000e-09  1.65804451e+00  1.94195549e+00  3.15515856e+00  2.87062495e+00 
 4.69814000e-09  1.65789296e+00  1.94210704e+00  3.15517695e+00  2.87064232e+00 
 4.69864000e-09  1.65774281e+00  1.94225719e+00  3.15519522e+00  2.87065991e+00 
 4.69914000e-09  1.65759407e+00  1.94240593e+00  3.15521337e+00  2.87067770e+00 
 4.69964000e-09  1.65744673e+00  1.94255327e+00  3.15523140e+00  2.87069571e+00 
 4.70014000e-09  1.65730080e+00  1.94269920e+00  3.15524932e+00  2.87071391e+00 
 4.70064000e-09  1.65715628e+00  1.94284372e+00  3.15526712e+00  2.87073231e+00 
 4.70114000e-09  1.65701317e+00  1.94298683e+00  3.15528481e+00  2.87075091e+00 
 4.70164000e-09  1.65687147e+00  1.94312853e+00  3.15530239e+00  2.87076969e+00 
 4.70214000e-09  1.65673118e+00  1.94326882e+00  3.15531986e+00  2.87078867e+00 
 4.70264000e-09  1.65659231e+00  1.94340769e+00  3.15533723e+00  2.87080782e+00 
 4.70314000e-09  1.65645485e+00  1.94354515e+00  3.15535450e+00  2.87082715e+00 
 4.70364000e-09  1.65631880e+00  1.94368120e+00  3.15537167e+00  2.87084665e+00 
 4.70414000e-09  1.65618418e+00  1.94381582e+00  3.15538874e+00  2.87086633e+00 
 4.70464000e-09  1.65605098e+00  1.94394902e+00  3.15540572e+00  2.87088617e+00 
 4.70514000e-09  1.65591919e+00  1.94408081e+00  3.15542260e+00  2.87090618e+00 
 4.70564000e-09  1.65578883e+00  1.94421117e+00  3.15543939e+00  2.87092635e+00 
 4.70614000e-09  1.65565989e+00  1.94434011e+00  3.15545609e+00  2.87094667e+00 
 4.70664000e-09  1.65553238e+00  1.94446762e+00  3.15547271e+00  2.87096715e+00 
 4.70714000e-09  1.65540629e+00  1.94459371e+00  3.15548924e+00  2.87098778e+00 
 4.70764000e-09  1.65528163e+00  1.94471837e+00  3.15550569e+00  2.87100856e+00 
 4.70814000e-09  1.65515839e+00  1.94484161e+00  3.15552206e+00  2.87102949e+00 
 4.70864000e-09  1.65503659e+00  1.94496341e+00  3.15553834e+00  2.87105056e+00 
 4.70914000e-09  1.65491622e+00  1.94508378e+00  3.15555455e+00  2.87107176e+00 
 4.70964000e-09  1.65479728e+00  1.94520272e+00  3.15557068e+00  2.87109311e+00 
 4.71014000e-09  1.65467977e+00  1.94532023e+00  3.15558674e+00  2.87111459e+00 
 4.71064000e-09  1.65456369e+00  1.94543631e+00  3.15560273e+00  2.87113620e+00 
 4.71114000e-09  1.65444906e+00  1.94555094e+00  3.15561864e+00  2.87115793e+00 
 4.71164000e-09  1.65433586e+00  1.94566414e+00  3.15563448e+00  2.87117980e+00 
 4.71214000e-09  1.65422409e+00  1.94577591e+00  3.15565026e+00  2.87120179e+00 
 4.71264000e-09  1.65411377e+00  1.94588623e+00  3.15566596e+00  2.87122390e+00 
 4.71314000e-09  1.65400488e+00  1.94599512e+00  3.15568160e+00  2.87124613e+00 
 4.71364000e-09  1.65389744e+00  1.94610256e+00  3.15569718e+00  2.87126848e+00 
 4.71414000e-09  1.65379143e+00  1.94620857e+00  3.15571269e+00  2.87129094e+00 
 4.71464000e-09  1.65368687e+00  1.94631313e+00  3.15572815e+00  2.87131352e+00 
 4.71514000e-09  1.65358376e+00  1.94641624e+00  3.15574354e+00  2.87133621e+00 
 4.71564000e-09  1.65348209e+00  1.94651791e+00  3.15575887e+00  2.87135900e+00 
 4.71614000e-09  1.65338186e+00  1.94661814e+00  3.15577414e+00  2.87138190e+00 
 4.71664000e-09  1.65328309e+00  1.94671691e+00  3.15578936e+00  2.87140491e+00 
 4.71714000e-09  1.65318576e+00  1.94681424e+00  3.15580452e+00  2.87142802e+00 
 4.71764000e-09  1.65308988e+00  1.94691012e+00  3.15581963e+00  2.87145123e+00 
 4.71814000e-09  1.65299545e+00  1.94700455e+00  3.15583468e+00  2.87147454e+00 
 4.71864000e-09  1.65290247e+00  1.94709753e+00  3.15584968e+00  2.87149795e+00 
 4.71914000e-09  1.65281094e+00  1.94718906e+00  3.15586463e+00  2.87152145e+00 
 4.71964000e-09  1.65272087e+00  1.94727913e+00  3.15587953e+00  2.87154505e+00 
 4.72014000e-09  1.65263225e+00  1.94736775e+00  3.15589438e+00  2.87156874e+00 
 4.72064000e-09  1.65254508e+00  1.94745492e+00  3.15590918e+00  2.87159251e+00 
 4.72114000e-09  1.65245937e+00  1.94754063e+00  3.15592394e+00  2.87161638e+00 
 4.72164000e-09  1.65237511e+00  1.94762489e+00  3.15593864e+00  2.87164034e+00 
 4.72214000e-09  1.65229231e+00  1.94770769e+00  3.15595331e+00  2.87166438e+00 
 4.72264000e-09  1.65221097e+00  1.94778903e+00  3.15596792e+00  2.87168851e+00 
 4.72314000e-09  1.65213109e+00  1.94786891e+00  3.15598249e+00  2.87171271e+00 
 4.72364000e-09  1.65205267e+00  1.94794733e+00  3.15599702e+00  2.87173700e+00 
 4.72414000e-09  1.65197571e+00  1.94802429e+00  3.15601151e+00  2.87176137e+00 
 4.72464000e-09  1.65190020e+00  1.94809980e+00  3.15602596e+00  2.87178582e+00 
 4.72514000e-09  1.65182617e+00  1.94817383e+00  3.15604036e+00  2.87181035e+00 
 4.72564000e-09  1.65175359e+00  1.94824641e+00  3.15605472e+00  2.87183495e+00 
 4.72614000e-09  1.65168247e+00  1.94831753e+00  3.15606905e+00  2.87185963e+00 
 4.72664000e-09  1.65161282e+00  1.94838718e+00  3.15608334e+00  2.87188439e+00 
 4.72714000e-09  1.65154464e+00  1.94845536e+00  3.15609758e+00  2.87190921e+00 
 4.72764000e-09  1.65147792e+00  1.94852208e+00  3.15611179e+00  2.87193411e+00 
 4.72814000e-09  1.65141266e+00  1.94858734e+00  3.15612597e+00  2.87195907e+00 
 4.72864000e-09  1.65134887e+00  1.94865113e+00  3.15614011e+00  2.87198411e+00 
 4.72914000e-09  1.65128655e+00  1.94871345e+00  3.15615421e+00  2.87200921e+00 
 4.72964000e-09  1.65122570e+00  1.94877430e+00  3.15616827e+00  2.87203438e+00 
 4.73014000e-09  1.65116632e+00  1.94883368e+00  3.15618231e+00  2.87205962e+00 
 4.73064000e-09  1.65110840e+00  1.94889160e+00  3.15619631e+00  2.87208492e+00 
 4.73114000e-09  1.65105195e+00  1.94894805e+00  3.15621027e+00  2.87211029e+00 
 4.73164000e-09  1.65099698e+00  1.94900302e+00  3.15622420e+00  2.87213572e+00 
 4.73214000e-09  1.65094347e+00  1.94905653e+00  3.15623810e+00  2.87216121e+00 
 4.73264000e-09  1.65089144e+00  1.94910856e+00  3.15625197e+00  2.87218677e+00 
 4.73314000e-09  1.65084087e+00  1.94915913e+00  3.15626581e+00  2.87221238e+00 
 4.73364000e-09  1.65079178e+00  1.94920822e+00  3.15627962e+00  2.87223805e+00 
 4.73414000e-09  1.65074416e+00  1.94925584e+00  3.15629339e+00  2.87226379e+00 
 4.73464000e-09  1.65069802e+00  1.94930198e+00  3.15630714e+00  2.87228958e+00 
 4.73514000e-09  1.65065335e+00  1.94934665e+00  3.15632085e+00  2.87231542e+00 
 4.73564000e-09  1.65061015e+00  1.94938985e+00  3.15633454e+00  2.87234133e+00 
 4.73614000e-09  1.65056842e+00  1.94943158e+00  3.15634820e+00  2.87236729e+00 
 4.73664000e-09  1.65052818e+00  1.94947182e+00  3.15636183e+00  2.87239330e+00 
 4.73714000e-09  1.65048940e+00  1.94951060e+00  3.15637543e+00  2.87241937e+00 
 4.73764000e-09  1.65045211e+00  1.94954789e+00  3.15638900e+00  2.87244549e+00 
 4.73814000e-09  1.65041628e+00  1.94958372e+00  3.15640255e+00  2.87247167e+00 
 4.73864000e-09  1.65038194e+00  1.94961806e+00  3.15641607e+00  2.87249789e+00 
 4.73914000e-09  1.65034907e+00  1.94965093e+00  3.15642956e+00  2.87252417e+00 
 4.73964000e-09  1.65031768e+00  1.94968232e+00  3.15644303e+00  2.87255050e+00 
 4.74014000e-09  1.65028776e+00  1.94971224e+00  3.15645647e+00  2.87257688e+00 
 4.74064000e-09  1.65025933e+00  1.94974067e+00  3.15646988e+00  2.87260331e+00 
 4.74114000e-09  1.65023237e+00  1.94976763e+00  3.15648327e+00  2.87262979e+00 
 4.74164000e-09  1.65020689e+00  1.94979311e+00  3.15649663e+00  2.87265632e+00 
 4.74214000e-09  1.65018288e+00  1.94981712e+00  3.15650997e+00  2.87268289e+00 
 4.74264000e-09  1.65016036e+00  1.94983964e+00  3.15652328e+00  2.87270951e+00 
 4.74314000e-09  1.65013932e+00  1.94986068e+00  3.15653657e+00  2.87273618e+00 
 4.74364000e-09  1.65011975e+00  1.94988025e+00  3.15654983e+00  2.87276290e+00 
 4.74414000e-09  1.65010166e+00  1.94989834e+00  3.15656307e+00  2.87278966e+00 
 4.74464000e-09  1.65008506e+00  1.94991494e+00  3.15657629e+00  2.87281646e+00 
 4.74514000e-09  1.65006993e+00  1.94993007e+00  3.15658948e+00  2.87284332e+00 
 4.74564000e-09  1.65005628e+00  1.94994372e+00  3.15660265e+00  2.87287021e+00 
 4.74614000e-09  1.65004411e+00  1.94995589e+00  3.15661579e+00  2.87289715e+00 
 4.74664000e-09  1.65003343e+00  1.94996657e+00  3.15662891e+00  2.87292414e+00 
 4.74714000e-09  1.65002422e+00  1.94997578e+00  3.15664201e+00  2.87295116e+00 
 4.74764000e-09  1.65001649e+00  1.94998351e+00  3.15665508e+00  2.87297823e+00 
 4.74814000e-09  1.65001024e+00  1.94998976e+00  3.15666813e+00  2.87300535e+00 
 4.74864000e-09  1.65000548e+00  1.94999452e+00  3.15668116e+00  2.87303250e+00 
 4.74914000e-09  1.65000219e+00  1.94999781e+00  3.15669416e+00  2.87305970e+00 
 4.74964000e-09  1.65000038e+00  1.94999962e+00  3.15670715e+00  2.87308693e+00 
 4.75014000e-09  1.65000006e+00  1.94999994e+00  3.15672010e+00  2.87311421e+00 
 4.75064000e-09  1.65000121e+00  1.94999879e+00  3.15673304e+00  2.87314153e+00 
 4.75114000e-09  1.65000385e+00  1.94999615e+00  3.15674596e+00  2.87316889e+00 
 4.75164000e-09  1.65000796e+00  1.94999204e+00  3.15675885e+00  2.87319629e+00 
 4.75214000e-09  1.65001356e+00  1.94998644e+00  3.15677172e+00  2.87322373e+00 
 4.75264000e-09  1.65002064e+00  1.94997936e+00  3.15678456e+00  2.87325121e+00 
 4.75314000e-09  1.65002919e+00  1.94997081e+00  3.15679739e+00  2.87327873e+00 
 4.75364000e-09  1.65003923e+00  1.94996077e+00  3.15681019e+00  2.87330629e+00 
 4.75414000e-09  1.65005075e+00  1.94994925e+00  3.15682297e+00  2.87333388e+00 
 4.75464000e-09  1.65006374e+00  1.94993626e+00  3.15683572e+00  2.87336152e+00 
 4.75514000e-09  1.65007822e+00  1.94992178e+00  3.15684846e+00  2.87338919e+00 
 4.75564000e-09  1.65009417e+00  1.94990583e+00  3.15686117e+00  2.87341690e+00 
 4.75614000e-09  1.65011161e+00  1.94988839e+00  3.15687386e+00  2.87344465e+00 
 4.75664000e-09  1.65013053e+00  1.94986947e+00  3.15688653e+00  2.87347244e+00 
 4.75714000e-09  1.65015092e+00  1.94984908e+00  3.15689917e+00  2.87350026e+00 
 4.75764000e-09  1.65017279e+00  1.94982721e+00  3.15691179e+00  2.87352812e+00 
 4.75814000e-09  1.65019614e+00  1.94980386e+00  3.15692439e+00  2.87355602e+00 
 4.75864000e-09  1.65022097e+00  1.94977903e+00  3.15693697e+00  2.87358396e+00 
 4.75914000e-09  1.65024728e+00  1.94975272e+00  3.15694952e+00  2.87361193e+00 
 4.75964000e-09  1.65027507e+00  1.94972493e+00  3.15696206e+00  2.87363994e+00 
 4.76014000e-09  1.65030433e+00  1.94969567e+00  3.15697456e+00  2.87366798e+00 
 4.76064000e-09  1.65033508e+00  1.94966492e+00  3.15698705e+00  2.87369606e+00 
 4.76114000e-09  1.65036729e+00  1.94963271e+00  3.15699951e+00  2.87372418e+00 
 4.76164000e-09  1.65040099e+00  1.94959901e+00  3.15701195e+00  2.87375233e+00 
 4.76214000e-09  1.65043616e+00  1.94956384e+00  3.15702436e+00  2.87378052e+00 
 4.76264000e-09  1.65047281e+00  1.94952719e+00  3.15703675e+00  2.87380875e+00 
 4.76314000e-09  1.65051093e+00  1.94948907e+00  3.15704912e+00  2.87383701e+00 
 4.76364000e-09  1.65055053e+00  1.94944947e+00  3.15706146e+00  2.87386531e+00 
 4.76414000e-09  1.65059161e+00  1.94940839e+00  3.15707378e+00  2.87389364e+00 
 4.76464000e-09  1.65063416e+00  1.94936584e+00  3.15708608e+00  2.87392201e+00 
 4.76514000e-09  1.65067818e+00  1.94932182e+00  3.15709835e+00  2.87395042e+00 
 4.76564000e-09  1.65072368e+00  1.94927632e+00  3.15711059e+00  2.87397886e+00 
 4.76614000e-09  1.65077065e+00  1.94922935e+00  3.15712281e+00  2.87400733e+00 
 4.76664000e-09  1.65081909e+00  1.94918091e+00  3.15713501e+00  2.87403584e+00 
 4.76714000e-09  1.65086901e+00  1.94913099e+00  3.15714718e+00  2.87406439e+00 
 4.76764000e-09  1.65092039e+00  1.94907961e+00  3.15715932e+00  2.87409297e+00 
 4.76814000e-09  1.65097325e+00  1.94902675e+00  3.15717144e+00  2.87412159e+00 
 4.76864000e-09  1.65102758e+00  1.94897242e+00  3.15718353e+00  2.87415024e+00 
 4.76914000e-09  1.65108338e+00  1.94891662e+00  3.15719560e+00  2.87417893e+00 
 4.76964000e-09  1.65114065e+00  1.94885935e+00  3.15720764e+00  2.87420766e+00 
 4.77014000e-09  1.65119939e+00  1.94880061e+00  3.15721965e+00  2.87423642e+00 
 4.77064000e-09  1.65125960e+00  1.94874040e+00  3.15723164e+00  2.87426521e+00 
 4.77114000e-09  1.65132127e+00  1.94867873e+00  3.15724360e+00  2.87429404e+00 
 4.77164000e-09  1.65138442e+00  1.94861558e+00  3.15725553e+00  2.87432291e+00 
 4.77214000e-09  1.65144902e+00  1.94855098e+00  3.15726743e+00  2.87435181e+00 
 4.77264000e-09  1.65151510e+00  1.94848490e+00  3.15727930e+00  2.87438075e+00 
 4.77314000e-09  1.65158264e+00  1.94841736e+00  3.15729114e+00  2.87440973e+00 
 4.77364000e-09  1.65165165e+00  1.94834835e+00  3.15730296e+00  2.87443874e+00 
 4.77414000e-09  1.65172212e+00  1.94827788e+00  3.15731475e+00  2.87446779e+00 
 4.77464000e-09  1.65179405e+00  1.94820595e+00  3.15732650e+00  2.87449687e+00 
 4.77514000e-09  1.65186745e+00  1.94813255e+00  3.15733823e+00  2.87452599e+00 
 4.77564000e-09  1.65194231e+00  1.94805769e+00  3.15734992e+00  2.87455515e+00 
 4.77614000e-09  1.65201863e+00  1.94798137e+00  3.15736158e+00  2.87458434e+00 
 4.77664000e-09  1.65209641e+00  1.94790359e+00  3.15737321e+00  2.87461358e+00 
 4.77714000e-09  1.65217564e+00  1.94782436e+00  3.15738481e+00  2.87464284e+00 
 4.77764000e-09  1.65225634e+00  1.94774366e+00  3.15739638e+00  2.87467215e+00 
 4.77814000e-09  1.65233850e+00  1.94766150e+00  3.15740791e+00  2.87470149e+00 
 4.77864000e-09  1.65242212e+00  1.94757788e+00  3.15741941e+00  2.87473087e+00 
 4.77914000e-09  1.65250719e+00  1.94749281e+00  3.15743088e+00  2.87476029e+00 
 4.77964000e-09  1.65259371e+00  1.94740629e+00  3.15744231e+00  2.87478975e+00 
 4.78014000e-09  1.65268169e+00  1.94731831e+00  3.15745371e+00  2.87481925e+00 
 4.78064000e-09  1.65277113e+00  1.94722887e+00  3.15746507e+00  2.87484878e+00 
 4.78114000e-09  1.65286202e+00  1.94713798e+00  3.15747639e+00  2.87487835e+00 
 4.78164000e-09  1.65295436e+00  1.94704564e+00  3.15748768e+00  2.87490797e+00 
 4.78214000e-09  1.65304815e+00  1.94695185e+00  3.15749893e+00  2.87493762e+00 
 4.78264000e-09  1.65314339e+00  1.94685661e+00  3.15751014e+00  2.87496731e+00 
 4.78314000e-09  1.65324008e+00  1.94675992e+00  3.15752131e+00  2.87499704e+00 
 4.78364000e-09  1.65333822e+00  1.94666178e+00  3.15753245e+00  2.87502681e+00 
 4.78414000e-09  1.65343781e+00  1.94656219e+00  3.15754354e+00  2.87505662e+00 
 4.78464000e-09  1.65353885e+00  1.94646115e+00  3.15755460e+00  2.87508648e+00 
 4.78514000e-09  1.65364133e+00  1.94635867e+00  3.15756561e+00  2.87511637e+00 
 4.78564000e-09  1.65374525e+00  1.94625475e+00  3.15757658e+00  2.87514631e+00 
 4.78614000e-09  1.65385062e+00  1.94614938e+00  3.15758751e+00  2.87517629e+00 
 4.78664000e-09  1.65395743e+00  1.94604257e+00  3.15759839e+00  2.87520631e+00 
 4.78714000e-09  1.65406568e+00  1.94593432e+00  3.15760923e+00  2.87523637e+00 
 4.78764000e-09  1.65417537e+00  1.94582463e+00  3.15762003e+00  2.87526648e+00 
 4.78814000e-09  1.65428650e+00  1.94571350e+00  3.15763078e+00  2.87529663e+00 
 4.78864000e-09  1.65439907e+00  1.94560093e+00  3.15764148e+00  2.87532682e+00 
 4.78914000e-09  1.65451308e+00  1.94548692e+00  3.15765214e+00  2.87535706e+00 
 4.78964000e-09  1.65462852e+00  1.94537148e+00  3.15766275e+00  2.87538735e+00 
 4.79014000e-09  1.65474540e+00  1.94525460e+00  3.15767331e+00  2.87541768e+00 
 4.79064000e-09  1.65486371e+00  1.94513629e+00  3.15768382e+00  2.87544805e+00 
 4.79114000e-09  1.65498345e+00  1.94501655e+00  3.15769427e+00  2.87547848e+00 
 4.79164000e-09  1.65510462e+00  1.94489538e+00  3.15770468e+00  2.87550895e+00 
 4.79214000e-09  1.65522723e+00  1.94477277e+00  3.15771503e+00  2.87553946e+00 
 4.79264000e-09  1.65535126e+00  1.94464874e+00  3.15772533e+00  2.87557003e+00 
 4.79314000e-09  1.65547672e+00  1.94452328e+00  3.15773558e+00  2.87560064e+00 
 4.79364000e-09  1.65560361e+00  1.94439639e+00  3.15774577e+00  2.87563131e+00 
 4.79414000e-09  1.65573192e+00  1.94426808e+00  3.15775590e+00  2.87566202e+00 
 4.79464000e-09  1.65586166e+00  1.94413834e+00  3.15776597e+00  2.87569278e+00 
 4.79514000e-09  1.65599281e+00  1.94400719e+00  3.15777599e+00  2.87572360e+00 
 4.79564000e-09  1.65612539e+00  1.94387461e+00  3.15778594e+00  2.87575447e+00 
 4.79614000e-09  1.65625939e+00  1.94374061e+00  3.15779584e+00  2.87578539e+00 
 4.79664000e-09  1.65639481e+00  1.94360519e+00  3.15780567e+00  2.87581636e+00 
 4.79714000e-09  1.65653165e+00  1.94346835e+00  3.15781543e+00  2.87584739e+00 
 4.79764000e-09  1.65666990e+00  1.94333010e+00  3.15782514e+00  2.87587847e+00 
 4.79814000e-09  1.65680957e+00  1.94319043e+00  3.15783477e+00  2.87590960e+00 
 4.79864000e-09  1.65695065e+00  1.94304935e+00  3.15784434e+00  2.87594080e+00 
 4.79914000e-09  1.65709314e+00  1.94290686e+00  3.15785384e+00  2.87597205e+00 
 4.79964000e-09  1.65723704e+00  1.94276296e+00  3.15786327e+00  2.87600336e+00 
 4.80014000e-09  1.65738235e+00  1.94261765e+00  3.15787262e+00  2.87603472e+00 
 4.80064000e-09  1.65752907e+00  1.94247093e+00  3.15788190e+00  2.87606615e+00 
 4.80114000e-09  1.65767719e+00  1.94232281e+00  3.15789111e+00  2.87609764e+00 
 4.80164000e-09  1.65782672e+00  1.94217328e+00  3.15790025e+00  2.87612919e+00 
 4.80214000e-09  1.65797766e+00  1.94202234e+00  3.15790930e+00  2.87616080e+00 
 4.80264000e-09  1.65812999e+00  1.94187001e+00  3.15791827e+00  2.87619248e+00 
 4.80314000e-09  1.65828373e+00  1.94171627e+00  3.15792717e+00  2.87622421e+00 
 4.80364000e-09  1.65843886e+00  1.94156114e+00  3.15793598e+00  2.87625602e+00 
 4.80414000e-09  1.65859539e+00  1.94140461e+00  3.15794470e+00  2.87628789e+00 
 4.80464000e-09  1.65875331e+00  1.94124669e+00  3.15795334e+00  2.87631983e+00 
 4.80514000e-09  1.65891263e+00  1.94108737e+00  3.15796190e+00  2.87635184e+00 
 4.80564000e-09  1.65907335e+00  1.94092665e+00  3.15797036e+00  2.87638392e+00 
 4.80614000e-09  1.65923545e+00  1.94076455e+00  3.15797873e+00  2.87641607e+00 
 4.80664000e-09  1.65939894e+00  1.94060106e+00  3.15798700e+00  2.87644829e+00 
 4.80714000e-09  1.65956382e+00  1.94043618e+00  3.15799518e+00  2.87648058e+00 
 4.80764000e-09  1.65973009e+00  1.94026991e+00  3.15800327e+00  2.87651295e+00 
 4.80814000e-09  1.65989774e+00  1.94010226e+00  3.15801125e+00  2.87654540e+00 
 4.80864000e-09  1.66006677e+00  1.93993323e+00  3.15801913e+00  2.87657792e+00 
 4.80914000e-09  1.66023719e+00  1.93976281e+00  3.15802691e+00  2.87661053e+00 
 4.80964000e-09  1.66040898e+00  1.93959102e+00  3.15803458e+00  2.87664321e+00 
 4.81014000e-09  1.66058215e+00  1.93941785e+00  3.15804214e+00  2.87667597e+00 
 4.81064000e-09  1.66075670e+00  1.93924330e+00  3.15804959e+00  2.87670882e+00 
 4.81114000e-09  1.66093262e+00  1.93906738e+00  3.15805693e+00  2.87674175e+00 
 4.81164000e-09  1.66110992e+00  1.93889008e+00  3.15806415e+00  2.87677477e+00 
 4.81214000e-09  1.66128858e+00  1.93871142e+00  3.15807126e+00  2.87680788e+00 
 4.81264000e-09  1.66146862e+00  1.93853138e+00  3.15807824e+00  2.87684108e+00 
 4.81314000e-09  1.66165002e+00  1.93834998e+00  3.15808510e+00  2.87687436e+00 
 4.81364000e-09  1.66183279e+00  1.93816721e+00  3.15809183e+00  2.87690774e+00 
 4.81414000e-09  1.66201692e+00  1.93798308e+00  3.15809843e+00  2.87694122e+00 
 4.81464000e-09  1.66220241e+00  1.93779759e+00  3.15810490e+00  2.87697479e+00 
 4.81514000e-09  1.66238926e+00  1.93761074e+00  3.15811124e+00  2.87700846e+00 
 4.81564000e-09  1.66257747e+00  1.93742253e+00  3.15811744e+00  2.87704224e+00 
 4.81614000e-09  1.66276704e+00  1.93723296e+00  3.15812350e+00  2.87707611e+00 
 4.81664000e-09  1.66295796e+00  1.93704204e+00  3.15812941e+00  2.87711009e+00 
 4.81714000e-09  1.66315023e+00  1.93684977e+00  3.15813518e+00  2.87714417e+00 
 4.81764000e-09  1.66334386e+00  1.93665614e+00  3.15814079e+00  2.87717837e+00 
 4.81814000e-09  1.66353883e+00  1.93646117e+00  3.15814625e+00  2.87721267e+00 
 4.81864000e-09  1.66373515e+00  1.93626485e+00  3.15815156e+00  2.87724709e+00 
 4.81914000e-09  1.66393282e+00  1.93606718e+00  3.15815670e+00  2.87728162e+00 
 4.81964000e-09  1.66413183e+00  1.93586817e+00  3.15816168e+00  2.87731627e+00 
 4.82014000e-09  1.66433217e+00  1.93566783e+00  3.15816649e+00  2.87735105e+00 
 4.82064000e-09  1.66453386e+00  1.93546614e+00  3.15817112e+00  2.87738594e+00 
 4.82114000e-09  1.66473689e+00  1.93526311e+00  3.15817558e+00  2.87742096e+00 
 4.82164000e-09  1.66494125e+00  1.93505875e+00  3.15817987e+00  2.87745611e+00 
 4.82214000e-09  1.66514694e+00  1.93485306e+00  3.15818396e+00  2.87749139e+00 
 4.82264000e-09  1.66535396e+00  1.93464604e+00  3.15818787e+00  2.87752680e+00 
 4.82314000e-09  1.66556232e+00  1.93443768e+00  3.15819159e+00  2.87756235e+00 
 4.82364000e-09  1.66577200e+00  1.93422800e+00  3.15819510e+00  2.87759804e+00 
 4.82414000e-09  1.66598300e+00  1.93401700e+00  3.15819842e+00  2.87763387e+00 
 4.82464000e-09  1.66619533e+00  1.93380467e+00  3.15820153e+00  2.87766984e+00 
 4.82514000e-09  1.66640898e+00  1.93359102e+00  3.15820443e+00  2.87770597e+00 
 4.82564000e-09  1.66662394e+00  1.93337606e+00  3.15820711e+00  2.87774224e+00 
 4.82614000e-09  1.66684022e+00  1.93315978e+00  3.15820957e+00  2.87777867e+00 
 4.82664000e-09  1.66705782e+00  1.93294218e+00  3.15821180e+00  2.87781526e+00 
 4.82714000e-09  1.66727673e+00  1.93272327e+00  3.15821380e+00  2.87785201e+00 
 4.82764000e-09  1.66749695e+00  1.93250305e+00  3.15821557e+00  2.87788893e+00 
 4.82814000e-09  1.66771848e+00  1.93228152e+00  3.15821709e+00  2.87792601e+00 
 4.82864000e-09  1.66794131e+00  1.93205869e+00  3.15821837e+00  2.87796327e+00 
 4.82914000e-09  1.66816544e+00  1.93183456e+00  3.15821939e+00  2.87800071e+00 
 4.82964000e-09  1.66839088e+00  1.93160912e+00  3.15822015e+00  2.87803832e+00 
 4.83014000e-09  1.66861761e+00  1.93138239e+00  3.15822064e+00  2.87807613e+00 
 4.83064000e-09  1.66884565e+00  1.93115435e+00  3.15822086e+00  2.87811412e+00 
 4.83114000e-09  1.66907497e+00  1.93092503e+00  3.15822080e+00  2.87815230e+00 
 4.83164000e-09  1.66930559e+00  1.93069441e+00  3.15822046e+00  2.87819068e+00 
 4.83214000e-09  1.66953750e+00  1.93046250e+00  3.15821982e+00  2.87822926e+00 
 4.83264000e-09  1.66977070e+00  1.93022930e+00  3.15821888e+00  2.87826805e+00 
 4.83314000e-09  1.67000518e+00  1.92999482e+00  3.15821764e+00  2.87830706e+00 
 4.83364000e-09  1.67024094e+00  1.92975906e+00  3.15821609e+00  2.87834627e+00 
 4.83414000e-09  1.67047799e+00  1.92952201e+00  3.15821421e+00  2.87838571e+00 
 4.83464000e-09  1.67071631e+00  1.92928369e+00  3.15821200e+00  2.87842538e+00 
 4.83514000e-09  1.67095591e+00  1.92904409e+00  3.15820946e+00  2.87846528e+00 
 4.83564000e-09  1.67119679e+00  1.92880321e+00  3.15820657e+00  2.87850541e+00 
 4.83614000e-09  1.67143893e+00  1.92856107e+00  3.15820333e+00  2.87854579e+00 
 4.83664000e-09  1.67168234e+00  1.92831766e+00  3.15819973e+00  2.87858642e+00 
 4.83714000e-09  1.67192702e+00  1.92807298e+00  3.15819575e+00  2.87862730e+00 
 4.83764000e-09  1.67217297e+00  1.92782703e+00  3.15819140e+00  2.87866844e+00 
 4.83814000e-09  1.67242017e+00  1.92757983e+00  3.15818666e+00  2.87870984e+00 
 4.83864000e-09  1.67266864e+00  1.92733136e+00  3.15818152e+00  2.87875152e+00 
 4.83914000e-09  1.67291836e+00  1.92708164e+00  3.15817598e+00  2.87879348e+00 
 4.83964000e-09  1.67316933e+00  1.92683067e+00  3.15817001e+00  2.87883573e+00 
 4.84014000e-09  1.67342156e+00  1.92657844e+00  3.15816363e+00  2.87887826e+00 
 4.84064000e-09  1.67367504e+00  1.92632496e+00  3.15815680e+00  2.87892110e+00 
 4.84114000e-09  1.67392976e+00  1.92607024e+00  3.15814952e+00  2.87896424e+00 
 4.84164000e-09  1.67418573e+00  1.92581427e+00  3.15814179e+00  2.87900770e+00 
 4.84214000e-09  1.67444294e+00  1.92555706e+00  3.15813359e+00  2.87905147e+00 
 4.84264000e-09  1.67470139e+00  1.92529861e+00  3.15812490e+00  2.87909558e+00 
 4.84314000e-09  1.67496107e+00  1.92503893e+00  3.15811572e+00  2.87914002e+00 
 4.84364000e-09  1.67522199e+00  1.92477801e+00  3.15810604e+00  2.87918481e+00 
 4.84414000e-09  1.67548414e+00  1.92451586e+00  3.15809584e+00  2.87922995e+00 
 4.84464000e-09  1.67574752e+00  1.92425248e+00  3.15808511e+00  2.87927546e+00 
 4.84514000e-09  1.67601213e+00  1.92398787e+00  3.15807384e+00  2.87932133e+00 
 4.84564000e-09  1.67627796e+00  1.92372204e+00  3.15806201e+00  2.87936758e+00 
 4.84614000e-09  1.67654501e+00  1.92345499e+00  3.15804962e+00  2.87941422e+00 
 4.84664000e-09  1.67681328e+00  1.92318672e+00  3.15803664e+00  2.87946126e+00 
 4.84714000e-09  1.67708276e+00  1.92291724e+00  3.15802306e+00  2.87950871e+00 
 4.84764000e-09  1.67735346e+00  1.92264654e+00  3.15800887e+00  2.87955657e+00 
 4.84814000e-09  1.67762537e+00  1.92237463e+00  3.15799406e+00  2.87960487e+00 
 4.84864000e-09  1.67789849e+00  1.92210151e+00  3.15797860e+00  2.87965360e+00 
 4.84914000e-09  1.67817281e+00  1.92182719e+00  3.15796249e+00  2.87970277e+00 
 4.84964000e-09  1.67844833e+00  1.92155167e+00  3.15794571e+00  2.87975241e+00 
 4.85014000e-09  1.67872505e+00  1.92127495e+00  3.15792823e+00  2.87980252e+00 
 4.85064000e-09  1.67900297e+00  1.92099703e+00  3.15791005e+00  2.87985311e+00 
 4.85114000e-09  1.67928209e+00  1.92071791e+00  3.15789115e+00  2.87990419e+00 
 4.85164000e-09  1.67956240e+00  1.92043760e+00  3.15787151e+00  2.87995578e+00 
 4.85214000e-09  1.67984389e+00  1.92015611e+00  3.15785110e+00  2.88000789e+00 
 4.85264000e-09  1.68012657e+00  1.91987343e+00  3.15782993e+00  2.88006053e+00 
 4.85314000e-09  1.68041044e+00  1.91958956e+00  3.15780795e+00  2.88011371e+00 
 4.85364000e-09  1.68069548e+00  1.91930452e+00  3.15778517e+00  2.88016745e+00 
 4.85414000e-09  1.68098170e+00  1.91901830e+00  3.15776155e+00  2.88022175e+00 
 4.85464000e-09  1.68126910e+00  1.91873090e+00  3.15773707e+00  2.88027665e+00 
 4.85514000e-09  1.68155767e+00  1.91844233e+00  3.15771172e+00  2.88033214e+00 
 4.85564000e-09  1.68184740e+00  1.91815260e+00  3.15768548e+00  2.88038824e+00 
 4.85614000e-09  1.68213831e+00  1.91786169e+00  3.15765832e+00  2.88044497e+00 
 4.85664000e-09  1.68243037e+00  1.91756963e+00  3.15763022e+00  2.88050234e+00 
 4.85714000e-09  1.68272360e+00  1.91727640e+00  3.15760116e+00  2.88056038e+00 
 4.85764000e-09  1.68301798e+00  1.91698202e+00  3.15757112e+00  2.88061908e+00 
 4.85814000e-09  1.68331352e+00  1.91668648e+00  3.15754007e+00  2.88067848e+00 
 4.85864000e-09  1.68361021e+00  1.91638979e+00  3.15750799e+00  2.88073858e+00 
 4.85914000e-09  1.68390805e+00  1.91609195e+00  3.15747485e+00  2.88079941e+00 
 4.85964000e-09  1.68420704e+00  1.91579296e+00  3.15744064e+00  2.88086098e+00 
 4.86014000e-09  1.68450716e+00  1.91549284e+00  3.15740532e+00  2.88092332e+00 
 4.86064000e-09  1.68480843e+00  1.91519157e+00  3.15736886e+00  2.88098643e+00 
 4.86114000e-09  1.68511084e+00  1.91488916e+00  3.15733126e+00  2.88105033e+00 
 4.86164000e-09  1.68541438e+00  1.91458562e+00  3.15729246e+00  2.88111505e+00 
 4.86214000e-09  1.68571904e+00  1.91428096e+00  3.15725246e+00  2.88118061e+00 
 4.86264000e-09  1.68602484e+00  1.91397516e+00  3.15721121e+00  2.88124703e+00 
 4.86314000e-09  1.68633176e+00  1.91366824e+00  3.15716870e+00  2.88131432e+00 
 4.86364000e-09  1.68663981e+00  1.91336019e+00  3.15712489e+00  2.88138250e+00 
 4.86414000e-09  1.68694897e+00  1.91305103e+00  3.15707975e+00  2.88145161e+00 
 4.86464000e-09  1.68725925e+00  1.91274075e+00  3.15703326e+00  2.88152165e+00 
 4.86514000e-09  1.68757064e+00  1.91242936e+00  3.15698537e+00  2.88159266e+00 
 4.86564000e-09  1.68788314e+00  1.91211686e+00  3.15693607e+00  2.88166465e+00 
 4.86614000e-09  1.68819675e+00  1.91180325e+00  3.15688532e+00  2.88173765e+00 
 4.86664000e-09  1.68851146e+00  1.91148854e+00  3.15683308e+00  2.88181168e+00 
 4.86714000e-09  1.68882727e+00  1.91117273e+00  3.15677932e+00  2.88188677e+00 
 4.86764000e-09  1.68914418e+00  1.91085582e+00  3.15672401e+00  2.88196294e+00 
 4.86814000e-09  1.68946218e+00  1.91053782e+00  3.15666712e+00  2.88204021e+00 
 4.86864000e-09  1.68978128e+00  1.91021872e+00  3.15660860e+00  2.88211862e+00 
 4.86914000e-09  1.69010146e+00  1.90989854e+00  3.15654843e+00  2.88219818e+00 
 4.86964000e-09  1.69042272e+00  1.90957728e+00  3.15648657e+00  2.88227893e+00 
 4.87014000e-09  1.69074507e+00  1.90925493e+00  3.15642298e+00  2.88236089e+00 
 4.87064000e-09  1.69106850e+00  1.90893150e+00  3.15635762e+00  2.88244408e+00 
 4.87114000e-09  1.69139300e+00  1.90860700e+00  3.15629046e+00  2.88252855e+00 
 4.87164000e-09  1.69171857e+00  1.90828143e+00  3.15622146e+00  2.88261431e+00 
 4.87214000e-09  1.69204521e+00  1.90795479e+00  3.15615058e+00  2.88270140e+00 
 4.87264000e-09  1.69237292e+00  1.90762708e+00  3.15607778e+00  2.88278984e+00 
 4.87314000e-09  1.69270169e+00  1.90729831e+00  3.15600302e+00  2.88287967e+00 
 4.87364000e-09  1.69303152e+00  1.90696848e+00  3.15592626e+00  2.88297091e+00 
 4.87414000e-09  1.69336240e+00  1.90663760e+00  3.15584745e+00  2.88306361e+00 
 4.87464000e-09  1.69369434e+00  1.90630566e+00  3.15576657e+00  2.88315778e+00 
 4.87514000e-09  1.69402732e+00  1.90597268e+00  3.15568356e+00  2.88325346e+00 
 4.87564000e-09  1.69436136e+00  1.90563864e+00  3.15559838e+00  2.88335069e+00 
 4.87614000e-09  1.69469643e+00  1.90530357e+00  3.15551099e+00  2.88344950e+00 
 4.87664000e-09  1.69503254e+00  1.90496746e+00  3.15542135e+00  2.88354992e+00 
 4.87714000e-09  1.69536969e+00  1.90463031e+00  3.15532942e+00  2.88365198e+00 
 4.87764000e-09  1.69570788e+00  1.90429212e+00  3.15523514e+00  2.88375573e+00 
 4.87814000e-09  1.69604709e+00  1.90395291e+00  3.15513847e+00  2.88386120e+00 
 4.87864000e-09  1.69638732e+00  1.90361268e+00  3.15503937e+00  2.88396842e+00 
 4.87914000e-09  1.69672858e+00  1.90327142e+00  3.15493780e+00  2.88407743e+00 
 4.87964000e-09  1.69707086e+00  1.90292914e+00  3.15483370e+00  2.88418827e+00 
 4.88014000e-09  1.69741416e+00  1.90258584e+00  3.15472703e+00  2.88430097e+00 
 4.88064000e-09  1.69775847e+00  1.90224153e+00  3.15461775e+00  2.88441557e+00 
 4.88114000e-09  1.69810378e+00  1.90189622e+00  3.15450581e+00  2.88453212e+00 
 4.88164000e-09  1.69845011e+00  1.90154989e+00  3.15439116e+00  2.88465065e+00 
 4.88214000e-09  1.69879743e+00  1.90120257e+00  3.15427375e+00  2.88477119e+00 
 4.88264000e-09  1.69914575e+00  1.90085425e+00  3.15415353e+00  2.88489380e+00 
 4.88314000e-09  1.69949507e+00  1.90050493e+00  3.15403047e+00  2.88501850e+00 
 4.88364000e-09  1.69984538e+00  1.90015462e+00  3.15390451e+00  2.88514535e+00 
 4.88414000e-09  1.70019668e+00  1.89980332e+00  3.15377560e+00  2.88527437e+00 
 4.88464000e-09  1.70054897e+00  1.89945103e+00  3.15364370e+00  2.88540562e+00 
 4.88514000e-09  1.70090223e+00  1.89909777e+00  3.15350875e+00  2.88553913e+00 
 4.88564000e-09  1.70125648e+00  1.89874352e+00  3.15337072e+00  2.88567495e+00 
 4.88614000e-09  1.70161170e+00  1.89838830e+00  3.15322954e+00  2.88581312e+00 
 4.88664000e-09  1.70196789e+00  1.89803211e+00  3.15308518e+00  2.88595368e+00 
 4.88714000e-09  1.70232504e+00  1.89767496e+00  3.15293759e+00  2.88609667e+00 
 4.88764000e-09  1.70268316e+00  1.89731684e+00  3.15278671e+00  2.88624214e+00 
 4.88814000e-09  1.70304225e+00  1.89695775e+00  3.15263250e+00  2.88639013e+00 
 4.88864000e-09  1.70340228e+00  1.89659772e+00  3.15247492e+00  2.88654068e+00 
 4.88914000e-09  1.70376328e+00  1.89623672e+00  3.15231392e+00  2.88669384e+00 
 4.88964000e-09  1.70412522e+00  1.89587478e+00  3.15214945e+00  2.88684965e+00 
 4.89014000e-09  1.70448811e+00  1.89551189e+00  3.15198146e+00  2.88700816e+00 
 4.89064000e-09  1.70485194e+00  1.89514806e+00  3.15180990e+00  2.88716941e+00 
 4.89114000e-09  1.70521671e+00  1.89478329e+00  3.15163474e+00  2.88733344e+00 
 4.89164000e-09  1.70558241e+00  1.89441759e+00  3.15145593e+00  2.88750031e+00 
 4.89214000e-09  1.70594905e+00  1.89405095e+00  3.15127342e+00  2.88767004e+00 
 4.89264000e-09  1.70631661e+00  1.89368339e+00  3.15108717e+00  2.88784269e+00 
 4.89314000e-09  1.70668510e+00  1.89331490e+00  3.15089713e+00  2.88801830e+00 
 4.89364000e-09  1.70705451e+00  1.89294549e+00  3.15070327e+00  2.88819692e+00 
 4.89414000e-09  1.70742484e+00  1.89257516e+00  3.15050553e+00  2.88837859e+00 
 4.89464000e-09  1.70779608e+00  1.89220392e+00  3.15030389e+00  2.88856335e+00 
 4.89514000e-09  1.70816824e+00  1.89183176e+00  3.15009829e+00  2.88875125e+00 
 4.89564000e-09  1.70854129e+00  1.89145871e+00  3.14988870e+00  2.88894233e+00 
 4.89614000e-09  1.70891526e+00  1.89108474e+00  3.14967508e+00  2.88913663e+00 
 4.89664000e-09  1.70929012e+00  1.89070988e+00  3.14945739e+00  2.88933420e+00 
 4.89714000e-09  1.70966587e+00  1.89033413e+00  3.14923559e+00  2.88953507e+00 
 4.89764000e-09  1.71004252e+00  1.88995748e+00  3.14900965e+00  2.88973930e+00 
 4.89814000e-09  1.71042005e+00  1.88957995e+00  3.14877952e+00  2.88994693e+00 
 4.89864000e-09  1.71079847e+00  1.88920153e+00  3.14854519e+00  2.89015798e+00 
 4.89914000e-09  1.71117777e+00  1.88882223e+00  3.14830660e+00  2.89037251e+00 
 4.89964000e-09  1.71155794e+00  1.88844206e+00  3.14806374e+00  2.89059056e+00 
 4.90014000e-09  1.71193899e+00  1.88806101e+00  3.14781656e+00  2.89081217e+00 
 4.90064000e-09  1.71232091e+00  1.88767909e+00  3.14756505e+00  2.89103737e+00 
 4.90114000e-09  1.71270369e+00  1.88729631e+00  3.14730916e+00  2.89126620e+00 
 4.90164000e-09  1.71308734e+00  1.88691266e+00  3.14704887e+00  2.89149871e+00 
 4.90214000e-09  1.71347184e+00  1.88652816e+00  3.14678416e+00  2.89173492e+00 
 4.90264000e-09  1.71385720e+00  1.88614280e+00  3.14651499e+00  2.89197489e+00 
 4.90314000e-09  1.71424340e+00  1.88575660e+00  3.14624135e+00  2.89221863e+00 
 4.90364000e-09  1.71463046e+00  1.88536954e+00  3.14596320e+00  2.89246619e+00 
 4.90414000e-09  1.71501835e+00  1.88498165e+00  3.14568054e+00  2.89271761e+00 
 4.90464000e-09  1.71540709e+00  1.88459291e+00  3.14539333e+00  2.89297291e+00 
 4.90514000e-09  1.71579666e+00  1.88420334e+00  3.14510157e+00  2.89323213e+00 
 4.90564000e-09  1.71618706e+00  1.88381294e+00  3.14480522e+00  2.89349530e+00 
 4.90614000e-09  1.71657828e+00  1.88342172e+00  3.14450427e+00  2.89376245e+00 
 4.90664000e-09  1.71697034e+00  1.88302966e+00  3.14419871e+00  2.89403361e+00 
 4.90714000e-09  1.71736321e+00  1.88263679e+00  3.14388853e+00  2.89430881e+00 
 4.90764000e-09  1.71775689e+00  1.88224311e+00  3.14357370e+00  2.89458808e+00 
 4.90814000e-09  1.71815139e+00  1.88184861e+00  3.14325422e+00  2.89487145e+00 
 4.90864000e-09  1.71854669e+00  1.88145331e+00  3.14293008e+00  2.89515893e+00 
 4.90914000e-09  1.71894280e+00  1.88105720e+00  3.14260127e+00  2.89545057e+00 
 4.90964000e-09  1.71933971e+00  1.88066029e+00  3.14226778e+00  2.89574637e+00 
 4.91014000e-09  1.71973742e+00  1.88026258e+00  3.14192960e+00  2.89604637e+00 
 4.91064000e-09  1.72013592e+00  1.87986408e+00  3.14158673e+00  2.89635058e+00 
 4.91114000e-09  1.72053520e+00  1.87946480e+00  3.14123917e+00  2.89665903e+00 
 4.91164000e-09  1.72093527e+00  1.87906473e+00  3.14088691e+00  2.89697174e+00 
 4.91214000e-09  1.72133612e+00  1.87866388e+00  3.14052994e+00  2.89728871e+00 
 4.91264000e-09  1.72173775e+00  1.87826225e+00  3.14016828e+00  2.89760998e+00 
 4.91314000e-09  1.72214015e+00  1.87785985e+00  3.13980192e+00  2.89793556e+00 
 4.91364000e-09  1.72254332e+00  1.87745668e+00  3.13943086e+00  2.89826545e+00 
 4.91414000e-09  1.72294725e+00  1.87705275e+00  3.13905511e+00  2.89859969e+00 
 4.91464000e-09  1.72335194e+00  1.87664806e+00  3.13867466e+00  2.89893827e+00 
 4.91514000e-09  1.72375739e+00  1.87624261e+00  3.13828953e+00  2.89928121e+00 
 4.91564000e-09  1.72416359e+00  1.87583641e+00  3.13789973e+00  2.89962852e+00 
 4.91614000e-09  1.72457054e+00  1.87542946e+00  3.13750525e+00  2.89998021e+00 
 4.91664000e-09  1.72497824e+00  1.87502176e+00  3.13710611e+00  2.90033628e+00 
 4.91714000e-09  1.72538667e+00  1.87461333e+00  3.13670232e+00  2.90069675e+00 
 4.91764000e-09  1.72579584e+00  1.87420416e+00  3.13629389e+00  2.90106162e+00 
 4.91814000e-09  1.72620575e+00  1.87379425e+00  3.13588082e+00  2.90143090e+00 
 4.91864000e-09  1.72661638e+00  1.87338362e+00  3.13546315e+00  2.90180458e+00 
 4.91914000e-09  1.72702773e+00  1.87297227e+00  3.13504087e+00  2.90218267e+00 
 4.91964000e-09  1.72743981e+00  1.87256019e+00  3.13461400e+00  2.90256517e+00 
 4.92014000e-09  1.72785260e+00  1.87214740e+00  3.13418255e+00  2.90295208e+00 
 4.92064000e-09  1.72826611e+00  1.87173389e+00  3.13374655e+00  2.90334340e+00 
 4.92114000e-09  1.72868032e+00  1.87131968e+00  3.13330601e+00  2.90373913e+00 
 4.92164000e-09  1.72909524e+00  1.87090476e+00  3.13286095e+00  2.90413926e+00 
 4.92214000e-09  1.72951085e+00  1.87048915e+00  3.13241138e+00  2.90454380e+00 
 4.92264000e-09  1.72992717e+00  1.87007283e+00  3.13195734e+00  2.90495273e+00 
 4.92314000e-09  1.73034417e+00  1.86965583e+00  3.13149882e+00  2.90536604e+00 
 4.92364000e-09  1.73076186e+00  1.86923814e+00  3.13103587e+00  2.90578374e+00 
 4.92414000e-09  1.73118023e+00  1.86881977e+00  3.13056849e+00  2.90620581e+00 
 4.92464000e-09  1.73159929e+00  1.86840071e+00  3.13009671e+00  2.90663225e+00 
 4.92514000e-09  1.73201902e+00  1.86798098e+00  3.12962056e+00  2.90706304e+00 
 4.92564000e-09  1.73243942e+00  1.86756058e+00  3.12914006e+00  2.90749817e+00 
 4.92614000e-09  1.73286048e+00  1.86713952e+00  3.12865522e+00  2.90793763e+00 
 4.92664000e-09  1.73328221e+00  1.86671779e+00  3.12816608e+00  2.90838141e+00 
 4.92714000e-09  1.73370460e+00  1.86629540e+00  3.12767266e+00  2.90882949e+00 
 4.92764000e-09  1.73412764e+00  1.86587236e+00  3.12717499e+00  2.90928187e+00 
 4.92814000e-09  1.73455133e+00  1.86544867e+00  3.12667309e+00  2.90973851e+00 
 4.92864000e-09  1.73497567e+00  1.86502433e+00  3.12616698e+00  2.91019942e+00 
 4.92914000e-09  1.73540065e+00  1.86459935e+00  3.12565670e+00  2.91066457e+00 
 4.92964000e-09  1.73582627e+00  1.86417373e+00  3.12514227e+00  2.91113394e+00 
 4.93014000e-09  1.73625252e+00  1.86374748e+00  3.12462372e+00  2.91160752e+00 
 4.93064000e-09  1.73667940e+00  1.86332060e+00  3.12410108e+00  2.91208528e+00 
 4.93114000e-09  1.73710690e+00  1.86289310e+00  3.12357438e+00  2.91256721e+00 
 4.93164000e-09  1.73753503e+00  1.86246497e+00  3.12304364e+00  2.91305329e+00 
 4.93214000e-09  1.73796377e+00  1.86203623e+00  3.12250889e+00  2.91354349e+00 
 4.93264000e-09  1.73839313e+00  1.86160687e+00  3.12197016e+00  2.91403780e+00 
 4.93314000e-09  1.73882309e+00  1.86117691e+00  3.12142749e+00  2.91453619e+00 
 4.93364000e-09  1.73925366e+00  1.86074634e+00  3.12088089e+00  2.91503864e+00 
 4.93414000e-09  1.73968482e+00  1.86031518e+00  3.12033041e+00  2.91554512e+00 
 4.93464000e-09  1.74011658e+00  1.85988342e+00  3.11977607e+00  2.91605562e+00 
 4.93514000e-09  1.74054893e+00  1.85945107e+00  3.11921790e+00  2.91657010e+00 
 4.93564000e-09  1.74098187e+00  1.85901813e+00  3.11865593e+00  2.91708855e+00 
 4.93614000e-09  1.74141539e+00  1.85858461e+00  3.11809019e+00  2.91761093e+00 
 4.93664000e-09  1.74184949e+00  1.85815051e+00  3.11752071e+00  2.91813723e+00 
 4.93714000e-09  1.74228417e+00  1.85771583e+00  3.11694753e+00  2.91866741e+00 
 4.93764000e-09  1.74271941e+00  1.85728059e+00  3.11637068e+00  2.91920146e+00 
 4.93814000e-09  1.74315522e+00  1.85684478e+00  3.11579018e+00  2.91973933e+00 
 4.93864000e-09  1.74359159e+00  1.85640841e+00  3.11520606e+00  2.92028102e+00 
 4.93914000e-09  1.74402851e+00  1.85597149e+00  3.11461837e+00  2.92082648e+00 
 4.93964000e-09  1.74446599e+00  1.85553401e+00  3.11402712e+00  2.92137569e+00 
 4.94014000e-09  1.74490402e+00  1.85509598e+00  3.11343235e+00  2.92192862e+00 
 4.94064000e-09  1.74534259e+00  1.85465741e+00  3.11283410e+00  2.92248525e+00 
 4.94114000e-09  1.74578170e+00  1.85421830e+00  3.11223239e+00  2.92304555e+00 
 4.94164000e-09  1.74622134e+00  1.85377866e+00  3.11162725e+00  2.92360948e+00 
 4.94214000e-09  1.74666152e+00  1.85333848e+00  3.11101873e+00  2.92417702e+00 
 4.94264000e-09  1.74710222e+00  1.85289778e+00  3.11040683e+00  2.92474813e+00 
 4.94314000e-09  1.74754345e+00  1.85245655e+00  3.10979161e+00  2.92532280e+00 
 4.94364000e-09  1.74798519e+00  1.85201481e+00  3.10917309e+00  2.92590098e+00 
 4.94414000e-09  1.74842744e+00  1.85157256e+00  3.10855130e+00  2.92648265e+00 
 4.94464000e-09  1.74887021e+00  1.85112979e+00  3.10792628e+00  2.92706779e+00 
 4.94514000e-09  1.74931348e+00  1.85068652e+00  3.10729805e+00  2.92765634e+00 
 4.94564000e-09  1.74975725e+00  1.85024275e+00  3.10666665e+00  2.92824830e+00 
 4.94614000e-09  1.75020151e+00  1.84979849e+00  3.10603210e+00  2.92884363e+00 
 4.94664000e-09  1.75064627e+00  1.84935373e+00  3.10539445e+00  2.92944229e+00 
 4.94714000e-09  1.75109151e+00  1.84890849e+00  3.10475371e+00  2.93004426e+00 
 4.94764000e-09  1.75153724e+00  1.84846276e+00  3.10410993e+00  2.93064950e+00 
 4.94814000e-09  1.75198344e+00  1.84801656e+00  3.10346313e+00  2.93125798e+00 
 4.94864000e-09  1.75243012e+00  1.84756988e+00  3.10281334e+00  2.93186968e+00 
 4.94914000e-09  1.75287727e+00  1.84712273e+00  3.10216060e+00  2.93248456e+00 
 4.94964000e-09  1.75332488e+00  1.84667512e+00  3.10150493e+00  2.93310260e+00 
 4.95014000e-09  1.75377296e+00  1.84622704e+00  3.10084638e+00  2.93372375e+00 
 4.95064000e-09  1.75422149e+00  1.84577851e+00  3.10018495e+00  2.93434799e+00 
 4.95114000e-09  1.75467047e+00  1.84532953e+00  3.09952070e+00  2.93497529e+00 
 4.95164000e-09  1.75511990e+00  1.84488010e+00  3.09885365e+00  2.93560561e+00 
 4.95214000e-09  1.75556977e+00  1.84443023e+00  3.09818382e+00  2.93623893e+00 
 4.95264000e-09  1.75602008e+00  1.84397992e+00  3.09751126e+00  2.93687521e+00 
 4.95314000e-09  1.75647083e+00  1.84352917e+00  3.09683598e+00  2.93751442e+00 
 4.95364000e-09  1.75692200e+00  1.84307800e+00  3.09615803e+00  2.93815653e+00 
 4.95414000e-09  1.75737360e+00  1.84262640e+00  3.09547743e+00  2.93880152e+00 
 4.95464000e-09  1.75782562e+00  1.84217438e+00  3.09479420e+00  2.93944934e+00 
 4.95514000e-09  1.75827806e+00  1.84172194e+00  3.09410839e+00  2.94009996e+00 
 4.95564000e-09  1.75873091e+00  1.84126909e+00  3.09342002e+00  2.94075337e+00 
 4.95614000e-09  1.75918416e+00  1.84081584e+00  3.09272912e+00  2.94140951e+00 
 4.95664000e-09  1.75963782e+00  1.84036218e+00  3.09203572e+00  2.94206837e+00 
 4.95714000e-09  1.76009188e+00  1.83990812e+00  3.09133985e+00  2.94272992e+00 
 4.95764000e-09  1.76054633e+00  1.83945367e+00  3.09064153e+00  2.94339411e+00 
 4.95814000e-09  1.76100117e+00  1.83899883e+00  3.08994081e+00  2.94406092e+00 
 4.95864000e-09  1.76145639e+00  1.83854361e+00  3.08923770e+00  2.94473032e+00 
 4.95914000e-09  1.76191200e+00  1.83808800e+00  3.08853224e+00  2.94540228e+00 
 4.95964000e-09  1.76236798e+00  1.83763202e+00  3.08782445e+00  2.94607677e+00 
 4.96014000e-09  1.76282433e+00  1.83717567e+00  3.08711437e+00  2.94675375e+00 
 4.96064000e-09  1.76328105e+00  1.83671895e+00  3.08640203e+00  2.94743320e+00 
 4.96114000e-09  1.76373813e+00  1.83626187e+00  3.08568744e+00  2.94811508e+00 
 4.96164000e-09  1.76419557e+00  1.83580443e+00  3.08497065e+00  2.94879937e+00 
 4.96214000e-09  1.76465337e+00  1.83534663e+00  3.08425167e+00  2.94948603e+00 
 4.96264000e-09  1.76511151e+00  1.83488849e+00  3.08353054e+00  2.95017503e+00 
 4.96314000e-09  1.76557000e+00  1.83443000e+00  3.08280729e+00  2.95086635e+00 
 4.96364000e-09  1.76602882e+00  1.83397118e+00  3.08208194e+00  2.95155995e+00 
 4.96414000e-09  1.76648798e+00  1.83351202e+00  3.08135453e+00  2.95225580e+00 
 4.96464000e-09  1.76694748e+00  1.83305252e+00  3.08062507e+00  2.95295387e+00 
 4.96514000e-09  1.76740730e+00  1.83259270e+00  3.07989360e+00  2.95365414e+00 
 4.96564000e-09  1.76786744e+00  1.83213256e+00  3.07916015e+00  2.95435656e+00 
 4.96614000e-09  1.76832789e+00  1.83167211e+00  3.07842474e+00  2.95506112e+00 
 4.96664000e-09  1.76878866e+00  1.83121134e+00  3.07768740e+00  2.95576778e+00 
 4.96714000e-09  1.76924974e+00  1.83075026e+00  3.07694816e+00  2.95647652e+00 
 4.96764000e-09  1.76971112e+00  1.83028888e+00  3.07620705e+00  2.95718729e+00 
 4.96814000e-09  1.77017280e+00  1.82982720e+00  3.07546409e+00  2.95790008e+00 
 4.96864000e-09  1.77063478e+00  1.82936522e+00  3.07471930e+00  2.95861486e+00 
 4.96914000e-09  1.77109704e+00  1.82890296e+00  3.07397273e+00  2.95933158e+00 
 4.96964000e-09  1.77155959e+00  1.82844041e+00  3.07322439e+00  2.96005024e+00 
 4.97014000e-09  1.77202242e+00  1.82797758e+00  3.07247431e+00  2.96077079e+00 
 4.97064000e-09  1.77248553e+00  1.82751447e+00  3.07172252e+00  2.96149320e+00 
 4.97114000e-09  1.77294891e+00  1.82705109e+00  3.07096904e+00  2.96221745e+00 
 4.97164000e-09  1.77341255e+00  1.82658745e+00  3.07021390e+00  2.96294351e+00 
 4.97214000e-09  1.77387646e+00  1.82612354e+00  3.06945714e+00  2.96367135e+00 
 4.97264000e-09  1.77434063e+00  1.82565937e+00  3.06869876e+00  2.96440095e+00 
 4.97314000e-09  1.77480505e+00  1.82519495e+00  3.06793881e+00  2.96513226e+00 
 4.97364000e-09  1.77526971e+00  1.82473029e+00  3.06717730e+00  2.96586527e+00 
 4.97414000e-09  1.77573462e+00  1.82426538e+00  3.06641426e+00  2.96659994e+00 
 4.97464000e-09  1.77619978e+00  1.82380022e+00  3.06564972e+00  2.96733625e+00 
 4.97514000e-09  1.77666516e+00  1.82333484e+00  3.06488371e+00  2.96807417e+00 
 4.97564000e-09  1.77713078e+00  1.82286922e+00  3.06411625e+00  2.96881366e+00 
 4.97614000e-09  1.77759662e+00  1.82240338e+00  3.06334737e+00  2.96955471e+00 
 4.97664000e-09  1.77806268e+00  1.82193732e+00  3.06257708e+00  2.97029729e+00 
 4.97714000e-09  1.77852896e+00  1.82147104e+00  3.06180543e+00  2.97104136e+00 
 4.97764000e-09  1.77899545e+00  1.82100455e+00  3.06103242e+00  2.97178689e+00 
 4.97814000e-09  1.77946215e+00  1.82053785e+00  3.06025810e+00  2.97253387e+00 
 4.97864000e-09  1.77992905e+00  1.82007095e+00  3.05948248e+00  2.97328226e+00 
 4.97914000e-09  1.78039615e+00  1.81960385e+00  3.05870559e+00  2.97403204e+00 
 4.97964000e-09  1.78086345e+00  1.81913655e+00  3.05792746e+00  2.97478317e+00 
 4.98014000e-09  1.78133093e+00  1.81866907e+00  3.05714810e+00  2.97553563e+00 
 4.98064000e-09  1.78179859e+00  1.81820141e+00  3.05636755e+00  2.97628940e+00 
 4.98114000e-09  1.78226644e+00  1.81773356e+00  3.05558583e+00  2.97704444e+00 
 4.98164000e-09  1.78273446e+00  1.81726554e+00  3.05480297e+00  2.97780073e+00 
 4.98214000e-09  1.78320265e+00  1.81679735e+00  3.05401899e+00  2.97855824e+00 
 4.98264000e-09  1.78367101e+00  1.81632899e+00  3.05323391e+00  2.97931694e+00 
 4.98314000e-09  1.78413953e+00  1.81586047e+00  3.05244776e+00  2.98007682e+00 
 4.98364000e-09  1.78460820e+00  1.81539180e+00  3.05166057e+00  2.98083783e+00 
 4.98414000e-09  1.78507703e+00  1.81492297e+00  3.05087235e+00  2.98159996e+00 
 4.98464000e-09  1.78554600e+00  1.81445400e+00  3.05008314e+00  2.98236317e+00 
 4.98514000e-09  1.78601512e+00  1.81398488e+00  3.04929296e+00  2.98312745e+00 
 4.98564000e-09  1.78648437e+00  1.81351563e+00  3.04850184e+00  2.98389276e+00 
 4.98614000e-09  1.78695376e+00  1.81304624e+00  3.04770979e+00  2.98465908e+00 
 4.98664000e-09  1.78742328e+00  1.81257672e+00  3.04691684e+00  2.98542638e+00 
 4.98714000e-09  1.78789292e+00  1.81210708e+00  3.04612302e+00  2.98619463e+00 
 4.98764000e-09  1.78836268e+00  1.81163732e+00  3.04532836e+00  2.98696382e+00 
 4.98814000e-09  1.78883256e+00  1.81116744e+00  3.04453287e+00  2.98773391e+00 
 4.98864000e-09  1.78930254e+00  1.81069746e+00  3.04373658e+00  2.98850489e+00 
 4.98914000e-09  1.78977263e+00  1.81022737e+00  3.04293951e+00  2.98927671e+00 
 4.98964000e-09  1.79024282e+00  1.80975718e+00  3.04214169e+00  2.99004936e+00 
 4.99014000e-09  1.79071311e+00  1.80928689e+00  3.04134315e+00  2.99082282e+00 
 4.99064000e-09  1.79118349e+00  1.80881651e+00  3.04054391e+00  2.99159705e+00 
 4.99114000e-09  1.79165396e+00  1.80834604e+00  3.03974399e+00  2.99237204e+00 
 4.99164000e-09  1.79212451e+00  1.80787549e+00  3.03894342e+00  2.99314775e+00 
 4.99214000e-09  1.79259514e+00  1.80740486e+00  3.03814222e+00  2.99392416e+00 
 4.99264000e-09  1.79306584e+00  1.80693416e+00  3.03734041e+00  2.99470126e+00 
 4.99314000e-09  1.79353660e+00  1.80646340e+00  3.03653803e+00  2.99547901e+00 
 4.99364000e-09  1.79400744e+00  1.80599256e+00  3.03573510e+00  2.99625739e+00 
 4.99414000e-09  1.79447833e+00  1.80552167e+00  3.03493163e+00  2.99703637e+00 
 4.99464000e-09  1.79494927e+00  1.80505073e+00  3.03412767e+00  2.99781594e+00 
 4.99514000e-09  1.79542027e+00  1.80457973e+00  3.03332322e+00  2.99859606e+00 
 4.99564000e-09  1.79589131e+00  1.80410869e+00  3.03251832e+00  2.99937672e+00 
 4.99614000e-09  1.79636239e+00  1.80363761e+00  3.03171300e+00  3.00015789e+00 
 4.99664000e-09  1.79683351e+00  1.80316649e+00  3.03090727e+00  3.00093956e+00 
 4.99714000e-09  1.79730466e+00  1.80269534e+00  3.03010117e+00  3.00172169e+00 
 4.99764000e-09  1.79777583e+00  1.80222417e+00  3.02929472e+00  3.00250426e+00 
 4.99814000e-09  1.79824703e+00  1.80175297e+00  3.02848795e+00  3.00328726e+00 
 4.99864000e-09  1.79871825e+00  1.80128175e+00  3.02768089e+00  3.00407066e+00 
 4.99914000e-09  1.79918947e+00  1.80081053e+00  3.02687356e+00  3.00485444e+00 
 4.99957000e-09  1.79959474e+00  1.80040526e+00  3.02617906e+00  3.00552878e+00 
 5.00000000e-09  1.80000000e+00  1.80000000e+00  3.02548440e+00  3.00620337e+00 
