 time            v(bufinp)       v(bufinn)       v(outp)         v(outn)        
 0.00000000e+00  1.80000000e+00  1.80000000e+00  2.71559339e+00  2.71559339e+00 
 5.00000000e-15  1.80000491e+00  1.79999509e+00  2.71559437e+00  2.71559241e+00 
 1.00000000e-14  1.80000982e+00  1.79999018e+00  2.71559501e+00  2.71559177e+00 
 2.00000000e-14  1.80001963e+00  1.79998037e+00  2.71559587e+00  2.71559091e+00 
 4.00000000e-14  1.80003927e+00  1.79996073e+00  2.71559638e+00  2.71559039e+00 
 8.00000000e-14  1.80007854e+00  1.79992146e+00  2.71559611e+00  2.71559066e+00 
 1.60000000e-13  1.80015708e+00  1.79984292e+00  2.71559212e+00  2.71559465e+00 
 3.20000000e-13  1.80031416e+00  1.79968584e+00  2.71557197e+00  2.71561479e+00 
 6.40000000e-13  1.80062832e+00  1.79937168e+00  2.71548794e+00  2.71569871e+00 
 1.14000000e-12  1.80111918e+00  1.79888082e+00  2.71525286e+00  2.71593310e+00 
 1.64000000e-12  1.80161004e+00  1.79838996e+00  2.71490663e+00  2.71627774e+00 
 2.14000000e-12  1.80210088e+00  1.79789912e+00  2.71446413e+00  2.71671764e+00 
 2.64000000e-12  1.80259170e+00  1.79740830e+00  2.71393773e+00  2.71724037e+00 
 3.14000000e-12  1.80308249e+00  1.79691751e+00  2.71333813e+00  2.71783520e+00 
 3.64000000e-12  1.80357325e+00  1.79642675e+00  2.71267477e+00  2.71849273e+00 
 4.14000000e-12  1.80406398e+00  1.79593602e+00  2.71195586e+00  2.71920480e+00 
 4.64000000e-12  1.80455466e+00  1.79544534e+00  2.71118865e+00  2.71996421e+00 
 5.14000000e-12  1.80504531e+00  1.79495469e+00  2.71037942e+00  2.72076476e+00 
 5.64000000e-12  1.80553590e+00  1.79446410e+00  2.70953372e+00  2.72160094e+00 
 6.14000000e-12  1.80602644e+00  1.79397356e+00  2.70865634e+00  2.72246804e+00 
 6.64000000e-12  1.80651691e+00  1.79348309e+00  2.70775151e+00  2.72336184e+00 
 7.14000000e-12  1.80700733e+00  1.79299267e+00  2.70682288e+00  2.72427875e+00 
 7.64000000e-12  1.80749767e+00  1.79250233e+00  2.70587366e+00  2.72521553e+00 
 8.14000000e-12  1.80798794e+00  1.79201206e+00  2.70490664e+00  2.72616943e+00 
 8.64000000e-12  1.80847813e+00  1.79152187e+00  2.70392425e+00  2.72713799e+00 
 9.14000000e-12  1.80896824e+00  1.79103176e+00  2.70292860e+00  2.72811907e+00 
 9.64000000e-12  1.80945826e+00  1.79054174e+00  2.70192156e+00  2.72911078e+00 
 1.01400000e-11  1.80994819e+00  1.79005181e+00  2.70090472e+00  2.73011151e+00 
 1.06400000e-11  1.81043802e+00  1.78956198e+00  2.69987950e+00  2.73111977e+00 
 1.11400000e-11  1.81092774e+00  1.78907226e+00  2.69884711e+00  2.73213432e+00 
 1.16400000e-11  1.81141736e+00  1.78858264e+00  2.69780864e+00  2.73315402e+00 
 1.21400000e-11  1.81190686e+00  1.78809314e+00  2.69676501e+00  2.73417791e+00 
 1.26400000e-11  1.81239625e+00  1.78760375e+00  2.69571704e+00  2.73520509e+00 
 1.31400000e-11  1.81288551e+00  1.78711449e+00  2.69466545e+00  2.73623482e+00 
 1.36400000e-11  1.81337465e+00  1.78662535e+00  2.69361088e+00  2.73726642e+00 
 1.41400000e-11  1.81386366e+00  1.78613634e+00  2.69255386e+00  2.73829928e+00 
 1.46400000e-11  1.81435253e+00  1.78564747e+00  2.69149491e+00  2.73933288e+00 
 1.51400000e-11  1.81484125e+00  1.78515875e+00  2.69043444e+00  2.74036675e+00 
 1.56400000e-11  1.81532983e+00  1.78467017e+00  2.68937284e+00  2.74140046e+00 
 1.61400000e-11  1.81581826e+00  1.78418174e+00  2.68831046e+00  2.74243365e+00 
 1.66400000e-11  1.81630654e+00  1.78369346e+00  2.68724759e+00  2.74346597e+00 
 1.71400000e-11  1.81679465e+00  1.78320535e+00  2.68618452e+00  2.74449715e+00 
 1.76400000e-11  1.81728259e+00  1.78271741e+00  2.68512150e+00  2.74552689e+00 
 1.81400000e-11  1.81777037e+00  1.78222963e+00  2.68405875e+00  2.74655496e+00 
 1.86400000e-11  1.81825797e+00  1.78174203e+00  2.68299648e+00  2.74758114e+00 
 1.91400000e-11  1.81874539e+00  1.78125461e+00  2.68193486e+00  2.74860524e+00 
 1.96400000e-11  1.81923263e+00  1.78076737e+00  2.68087410e+00  2.74962706e+00 
 2.01400000e-11  1.81971967e+00  1.78028033e+00  2.67981433e+00  2.75064645e+00 
 2.06400000e-11  1.82020652e+00  1.77979348e+00  2.67875573e+00  2.75166324e+00 
 2.11400000e-11  1.82069317e+00  1.77930683e+00  2.67769842e+00  2.75267730e+00 
 2.16400000e-11  1.82117962e+00  1.77882038e+00  2.67664255e+00  2.75368850e+00 
 2.21400000e-11  1.82166586e+00  1.77833414e+00  2.67558824e+00  2.75469670e+00 
 2.26400000e-11  1.82215188e+00  1.77784812e+00  2.67453563e+00  2.75570179e+00 
 2.31400000e-11  1.82263769e+00  1.77736231e+00  2.67348482e+00  2.75670367e+00 
 2.36400000e-11  1.82312327e+00  1.77687673e+00  2.67243593e+00  2.75770223e+00 
 2.41400000e-11  1.82360862e+00  1.77639138e+00  2.67138909e+00  2.75869736e+00 
 2.46400000e-11  1.82409375e+00  1.77590625e+00  2.67034439e+00  2.75968898e+00 
 2.51400000e-11  1.82457863e+00  1.77542137e+00  2.66930195e+00  2.76067699e+00 
 2.56400000e-11  1.82506327e+00  1.77493673e+00  2.66826187e+00  2.76166131e+00 
 2.61400000e-11  1.82554766e+00  1.77445234e+00  2.66722427e+00  2.76264185e+00 
 2.66400000e-11  1.82603180e+00  1.77396820e+00  2.66618925e+00  2.76361852e+00 
 2.71400000e-11  1.82651569e+00  1.77348431e+00  2.66515690e+00  2.76459126e+00 
 2.76400000e-11  1.82699931e+00  1.77300069e+00  2.66412735e+00  2.76555997e+00 
 2.81400000e-11  1.82748267e+00  1.77251733e+00  2.66310070e+00  2.76652460e+00 
 2.86400000e-11  1.82796575e+00  1.77203425e+00  2.66207705e+00  2.76748505e+00 
 2.91400000e-11  1.82844856e+00  1.77155144e+00  2.66105650e+00  2.76844127e+00 
 2.96400000e-11  1.82893109e+00  1.77106891e+00  2.66003918e+00  2.76939318e+00 
 3.01400000e-11  1.82941333e+00  1.77058667e+00  2.65902519e+00  2.77034072e+00 
 3.06400000e-11  1.82989528e+00  1.77010472e+00  2.65801463e+00  2.77128382e+00 
 3.11400000e-11  1.83037694e+00  1.76962306e+00  2.65700762e+00  2.77222240e+00 
 3.16400000e-11  1.83085830e+00  1.76914170e+00  2.65600427e+00  2.77315642e+00 
 3.21400000e-11  1.83133935e+00  1.76866065e+00  2.65500469e+00  2.77408581e+00 
 3.26400000e-11  1.83182009e+00  1.76817991e+00  2.65400900e+00  2.77501050e+00 
 3.31400000e-11  1.83230052e+00  1.76769948e+00  2.65301732e+00  2.77593044e+00 
 3.36400000e-11  1.83278063e+00  1.76721937e+00  2.65202974e+00  2.77684557e+00 
 3.41400000e-11  1.83326042e+00  1.76673958e+00  2.65104640e+00  2.77775583e+00 
 3.46400000e-11  1.83373988e+00  1.76626012e+00  2.65006740e+00  2.77866116e+00 
 3.51400000e-11  1.83421900e+00  1.76578100e+00  2.64909285e+00  2.77956151e+00 
 3.56400000e-11  1.83469779e+00  1.76530221e+00  2.64812288e+00  2.78045682e+00 
 3.61400000e-11  1.83517624e+00  1.76482376e+00  2.64715760e+00  2.78134704e+00 
 3.66400000e-11  1.83565433e+00  1.76434567e+00  2.64619711e+00  2.78223210e+00 
 3.71400000e-11  1.83613208e+00  1.76386792e+00  2.64524153e+00  2.78311196e+00 
 3.76400000e-11  1.83660947e+00  1.76339053e+00  2.64429097e+00  2.78398655e+00 
 3.81400000e-11  1.83708650e+00  1.76291350e+00  2.64334553e+00  2.78485582e+00 
 3.86400000e-11  1.83756316e+00  1.76243684e+00  2.64240532e+00  2.78571971e+00 
 3.91400000e-11  1.83803945e+00  1.76196055e+00  2.64147044e+00  2.78657815e+00 
 3.96400000e-11  1.83851537e+00  1.76148463e+00  2.64054098e+00  2.78743110e+00 
 4.01400000e-11  1.83899091e+00  1.76100909e+00  2.63961705e+00  2.78827847e+00 
 4.06400000e-11  1.83946606e+00  1.76053394e+00  2.63869874e+00  2.78912022e+00 
 4.11400000e-11  1.83994082e+00  1.76005918e+00  2.63778613e+00  2.78995627e+00 
 4.16400000e-11  1.84041519e+00  1.75958481e+00  2.63687932e+00  2.79078655e+00 
 4.21400000e-11  1.84088916e+00  1.75911084e+00  2.63597838e+00  2.79161099e+00 
 4.26400000e-11  1.84136272e+00  1.75863728e+00  2.63508340e+00  2.79242952e+00 
 4.31400000e-11  1.84183588e+00  1.75816412e+00  2.63419445e+00  2.79324207e+00 
 4.36400000e-11  1.84230862e+00  1.75769138e+00  2.63331160e+00  2.79404855e+00 
 4.41400000e-11  1.84278095e+00  1.75721905e+00  2.63243492e+00  2.79484889e+00 
 4.46400000e-11  1.84325285e+00  1.75674715e+00  2.63156448e+00  2.79564300e+00 
 4.51400000e-11  1.84372433e+00  1.75627567e+00  2.63070035e+00  2.79643081e+00 
 4.56400000e-11  1.84419538e+00  1.75580462e+00  2.62984257e+00  2.79721223e+00 
 4.61400000e-11  1.84466599e+00  1.75533401e+00  2.62899122e+00  2.79798718e+00 
 4.66400000e-11  1.84513616e+00  1.75486384e+00  2.62814634e+00  2.79875556e+00 
 4.71400000e-11  1.84560588e+00  1.75439412e+00  2.62730800e+00  2.79951730e+00 
 4.76400000e-11  1.84607515e+00  1.75392485e+00  2.62647623e+00  2.80027230e+00 
 4.81400000e-11  1.84654397e+00  1.75345603e+00  2.62565109e+00  2.80102048e+00 
 4.86400000e-11  1.84701233e+00  1.75298767e+00  2.62483263e+00  2.80176175e+00 
 4.91400000e-11  1.84748022e+00  1.75251978e+00  2.62402089e+00  2.80249603e+00 
 4.96400000e-11  1.84794765e+00  1.75205235e+00  2.62321593e+00  2.80322322e+00 
 5.01400000e-11  1.84841460e+00  1.75158540e+00  2.62241777e+00  2.80394325e+00 
 5.06400000e-11  1.84888108e+00  1.75111892e+00  2.62162647e+00  2.80465603e+00 
 5.11400000e-11  1.84934707e+00  1.75065293e+00  2.62084207e+00  2.80536148e+00 
 5.16400000e-11  1.84981258e+00  1.75018742e+00  2.62006461e+00  2.80605952e+00 
 5.21400000e-11  1.85027759e+00  1.74972241e+00  2.61929413e+00  2.80675006e+00 
 5.26400000e-11  1.85074211e+00  1.74925789e+00  2.61853067e+00  2.80743305e+00 
 5.31400000e-11  1.85120613e+00  1.74879387e+00  2.61777426e+00  2.80810839e+00 
 5.36400000e-11  1.85166964e+00  1.74833036e+00  2.61702496e+00  2.80877603e+00 
 5.41400000e-11  1.85213264e+00  1.74786736e+00  2.61628280e+00  2.80943589e+00 
 5.46400000e-11  1.85259513e+00  1.74740487e+00  2.61554781e+00  2.81008790e+00 
 5.51400000e-11  1.85305710e+00  1.74694290e+00  2.61482003e+00  2.81073202e+00 
 5.56400000e-11  1.85351854e+00  1.74648146e+00  2.61409951e+00  2.81136818e+00 
 5.61400000e-11  1.85397946e+00  1.74602054e+00  2.61338628e+00  2.81199632e+00 
 5.66400000e-11  1.85443984e+00  1.74556016e+00  2.61268038e+00  2.81261640e+00 
 5.71400000e-11  1.85489969e+00  1.74510031e+00  2.61198184e+00  2.81322836e+00 
 5.76400000e-11  1.85535899e+00  1.74464101e+00  2.61129070e+00  2.81383218e+00 
 5.81400000e-11  1.85581775e+00  1.74418225e+00  2.61060699e+00  2.81442779e+00 
 5.86400000e-11  1.85627596e+00  1.74372404e+00  2.60993075e+00  2.81501518e+00 
 5.91400000e-11  1.85673361e+00  1.74326639e+00  2.60926201e+00  2.81559431e+00 
 5.96400000e-11  1.85719070e+00  1.74280930e+00  2.60860081e+00  2.81616515e+00 
 6.01400000e-11  1.85764723e+00  1.74235277e+00  2.60794717e+00  2.81672768e+00 
 6.06400000e-11  1.85810319e+00  1.74189681e+00  2.60730112e+00  2.81728187e+00 
 6.11400000e-11  1.85855858e+00  1.74144142e+00  2.60666270e+00  2.81782773e+00 
 6.16400000e-11  1.85901338e+00  1.74098662e+00  2.60603193e+00  2.81836522e+00 
 6.21400000e-11  1.85946761e+00  1.74053239e+00  2.60540883e+00  2.81889436e+00 
 6.26400000e-11  1.85992125e+00  1.74007875e+00  2.60479344e+00  2.81941513e+00 
 6.31400000e-11  1.86037429e+00  1.73962571e+00  2.60418576e+00  2.81992753e+00 
 6.36400000e-11  1.86082674e+00  1.73917326e+00  2.60358583e+00  2.82043157e+00 
 6.41400000e-11  1.86127859e+00  1.73872141e+00  2.60299366e+00  2.82092726e+00 
 6.46400000e-11  1.86172984e+00  1.73827016e+00  2.60240927e+00  2.82141462e+00 
 6.51400000e-11  1.86218047e+00  1.73781953e+00  2.60183266e+00  2.82189365e+00 
 6.56400000e-11  1.86263050e+00  1.73736950e+00  2.60126386e+00  2.82236438e+00 
 6.61400000e-11  1.86307990e+00  1.73692010e+00  2.60070286e+00  2.82282684e+00 
 6.66400000e-11  1.86352868e+00  1.73647132e+00  2.60014969e+00  2.82328105e+00 
 6.71400000e-11  1.86397684e+00  1.73602316e+00  2.59960433e+00  2.82372704e+00 
 6.76400000e-11  1.86442436e+00  1.73557564e+00  2.59906679e+00  2.82416484e+00 
 6.81400000e-11  1.86487125e+00  1.73512875e+00  2.59853707e+00  2.82459451e+00 
 6.86400000e-11  1.86531750e+00  1.73468250e+00  2.59801517e+00  2.82501607e+00 
 6.91400000e-11  1.86576310e+00  1.73423690e+00  2.59750107e+00  2.82542957e+00 
 6.96400000e-11  1.86620805e+00  1.73379195e+00  2.59699477e+00  2.82583507e+00 
 7.01400000e-11  1.86665235e+00  1.73334765e+00  2.59649626e+00  2.82623261e+00 
 7.06400000e-11  1.86709599e+00  1.73290401e+00  2.59600551e+00  2.82662224e+00 
 7.11400000e-11  1.86753897e+00  1.73246103e+00  2.59552250e+00  2.82700403e+00 
 7.16400000e-11  1.86798129e+00  1.73201871e+00  2.59504722e+00  2.82737804e+00 
 7.21400000e-11  1.86842293e+00  1.73157707e+00  2.59457964e+00  2.82774433e+00 
 7.26400000e-11  1.86886390e+00  1.73113610e+00  2.59411972e+00  2.82810296e+00 
 7.31400000e-11  1.86930419e+00  1.73069581e+00  2.59366745e+00  2.82845400e+00 
 7.36400000e-11  1.86974379e+00  1.73025621e+00  2.59322277e+00  2.82879753e+00 
 7.41400000e-11  1.87018270e+00  1.72981730e+00  2.59278567e+00  2.82913362e+00 
 7.46400000e-11  1.87062093e+00  1.72937907e+00  2.59235608e+00  2.82946234e+00 
 7.51400000e-11  1.87105845e+00  1.72894155e+00  2.59193398e+00  2.82978377e+00 
 7.56400000e-11  1.87149528e+00  1.72850472e+00  2.59151931e+00  2.83009800e+00 
 7.61400000e-11  1.87193140e+00  1.72806860e+00  2.59111202e+00  2.83040510e+00 
 7.66400000e-11  1.87236680e+00  1.72763320e+00  2.59071207e+00  2.83070516e+00 
 7.71400000e-11  1.87280150e+00  1.72719850e+00  2.59031940e+00  2.83099827e+00 
 7.76400000e-11  1.87323547e+00  1.72676453e+00  2.58993394e+00  2.83128451e+00 
 7.81400000e-11  1.87366873e+00  1.72633127e+00  2.58955565e+00  2.83156398e+00 
 7.86400000e-11  1.87410125e+00  1.72589875e+00  2.58918445e+00  2.83183676e+00 
 7.91400000e-11  1.87453305e+00  1.72546695e+00  2.58882029e+00  2.83210295e+00 
 7.96400000e-11  1.87496411e+00  1.72503589e+00  2.58846310e+00  2.83236264e+00 
 8.01400000e-11  1.87539443e+00  1.72460557e+00  2.58811280e+00  2.83261593e+00 
 8.06400000e-11  1.87582400e+00  1.72417600e+00  2.58776933e+00  2.83286291e+00 
 8.11400000e-11  1.87625283e+00  1.72374717e+00  2.58743262e+00  2.83310369e+00 
 8.16400000e-11  1.87668090e+00  1.72331910e+00  2.58710258e+00  2.83333835e+00 
 8.21400000e-11  1.87710822e+00  1.72289178e+00  2.58677915e+00  2.83356700e+00 
 8.26400000e-11  1.87753478e+00  1.72246522e+00  2.58646224e+00  2.83378975e+00 
 8.31400000e-11  1.87796057e+00  1.72203943e+00  2.58615177e+00  2.83400668e+00 
 8.36400000e-11  1.87838559e+00  1.72161441e+00  2.58584767e+00  2.83421790e+00 
 8.41400000e-11  1.87880984e+00  1.72119016e+00  2.58554984e+00  2.83442352e+00 
 8.46400000e-11  1.87923331e+00  1.72076669e+00  2.58525822e+00  2.83462363e+00 
 8.51400000e-11  1.87965599e+00  1.72034401e+00  2.58497270e+00  2.83481834e+00 
 8.56400000e-11  1.88007790e+00  1.71992210e+00  2.58469321e+00  2.83500774e+00 
 8.61400000e-11  1.88049901e+00  1.71950099e+00  2.58441966e+00  2.83519195e+00 
 8.66400000e-11  1.88091933e+00  1.71908067e+00  2.58415197e+00  2.83537106e+00 
 8.71400000e-11  1.88133884e+00  1.71866116e+00  2.58389003e+00  2.83554517e+00 
 8.76400000e-11  1.88175756e+00  1.71824244e+00  2.58363378e+00  2.83571439e+00 
 8.81400000e-11  1.88217547e+00  1.71782453e+00  2.58338310e+00  2.83587882e+00 
 8.86400000e-11  1.88259257e+00  1.71740743e+00  2.58313793e+00  2.83603856e+00 
 8.91400000e-11  1.88300885e+00  1.71699115e+00  2.58289816e+00  2.83619370e+00 
 8.96400000e-11  1.88342431e+00  1.71657569e+00  2.58266371e+00  2.83634436e+00 
 9.01400000e-11  1.88383895e+00  1.71616105e+00  2.58243448e+00  2.83649062e+00 
 9.06400000e-11  1.88425277e+00  1.71574723e+00  2.58221040e+00  2.83663260e+00 
 9.11400000e-11  1.88466575e+00  1.71533425e+00  2.58199136e+00  2.83677037e+00 
 9.16400000e-11  1.88507789e+00  1.71492211e+00  2.58177727e+00  2.83690405e+00 
 9.21400000e-11  1.88548920e+00  1.71451080e+00  2.58156806e+00  2.83703373e+00 
 9.26400000e-11  1.88589966e+00  1.71410034e+00  2.58136362e+00  2.83715950e+00 
 9.31400000e-11  1.88630927e+00  1.71369073e+00  2.58116388e+00  2.83728146e+00 
 9.36400000e-11  1.88671804e+00  1.71328196e+00  2.58096874e+00  2.83739970e+00 
 9.41400000e-11  1.88712594e+00  1.71287406e+00  2.58077811e+00  2.83751431e+00 
 9.46400000e-11  1.88753299e+00  1.71246701e+00  2.58059191e+00  2.83762538e+00 
 9.51400000e-11  1.88793917e+00  1.71206083e+00  2.58041005e+00  2.83773300e+00 
 9.56400000e-11  1.88834449e+00  1.71165551e+00  2.58023245e+00  2.83783727e+00 
 9.61400000e-11  1.88874893e+00  1.71125107e+00  2.58005902e+00  2.83793826e+00 
 9.66400000e-11  1.88915250e+00  1.71084750e+00  2.57988967e+00  2.83803607e+00 
 9.71400000e-11  1.88955518e+00  1.71044482e+00  2.57972434e+00  2.83813078e+00 
 9.76400000e-11  1.88995699e+00  1.71004301e+00  2.57956292e+00  2.83822246e+00 
 9.81400000e-11  1.89035790e+00  1.70964210e+00  2.57940534e+00  2.83831121e+00 
 9.86400000e-11  1.89075792e+00  1.70924208e+00  2.57925153e+00  2.83839711e+00 
 9.91400000e-11  1.89115705e+00  1.70884295e+00  2.57910139e+00  2.83848022e+00 
 9.96400000e-11  1.89155528e+00  1.70844472e+00  2.57895486e+00  2.83856063e+00 
 1.00140000e-10  1.89195261e+00  1.70804739e+00  2.57881186e+00  2.83863842e+00 
 1.00640000e-10  1.89234902e+00  1.70765098e+00  2.57867231e+00  2.83871366e+00 
 1.01140000e-10  1.89274453e+00  1.70725547e+00  2.57853613e+00  2.83878643e+00 
 1.01640000e-10  1.89313912e+00  1.70686088e+00  2.57840326e+00  2.83885678e+00 
 1.02140000e-10  1.89353279e+00  1.70646721e+00  2.57827362e+00  2.83892481e+00 
 1.02640000e-10  1.89392554e+00  1.70607446e+00  2.57814713e+00  2.83899057e+00 
 1.03140000e-10  1.89431736e+00  1.70568264e+00  2.57802374e+00  2.83905412e+00 
 1.03640000e-10  1.89470825e+00  1.70529175e+00  2.57790337e+00  2.83911555e+00 
 1.04140000e-10  1.89509820e+00  1.70490180e+00  2.57778595e+00  2.83917491e+00 
 1.04640000e-10  1.89548722e+00  1.70451278e+00  2.57767142e+00  2.83923226e+00 
 1.05140000e-10  1.89587529e+00  1.70412471e+00  2.57755971e+00  2.83928767e+00 
 1.05640000e-10  1.89626242e+00  1.70373758e+00  2.57745076e+00  2.83934120e+00 
 1.06140000e-10  1.89664860e+00  1.70335140e+00  2.57734450e+00  2.83939290e+00 
 1.06640000e-10  1.89703382e+00  1.70296618e+00  2.57724088e+00  2.83944284e+00 
 1.07140000e-10  1.89741809e+00  1.70258191e+00  2.57713984e+00  2.83949106e+00 
 1.07640000e-10  1.89780139e+00  1.70219861e+00  2.57704131e+00  2.83953763e+00 
 1.08140000e-10  1.89818373e+00  1.70181627e+00  2.57694524e+00  2.83958259e+00 
 1.08640000e-10  1.89856510e+00  1.70143490e+00  2.57685157e+00  2.83962601e+00 
 1.09140000e-10  1.89894550e+00  1.70105450e+00  2.57676025e+00  2.83966792e+00 
 1.09640000e-10  1.89932492e+00  1.70067508e+00  2.57667122e+00  2.83970838e+00 
 1.10140000e-10  1.89970336e+00  1.70029664e+00  2.57658443e+00  2.83974744e+00 
 1.10640000e-10  1.90008082e+00  1.69991918e+00  2.57649983e+00  2.83978515e+00 
 1.11140000e-10  1.90045729e+00  1.69954271e+00  2.57641737e+00  2.83982154e+00 
 1.11640000e-10  1.90083277e+00  1.69916723e+00  2.57633700e+00  2.83985667e+00 
 1.12140000e-10  1.90120725e+00  1.69879275e+00  2.57625866e+00  2.83989057e+00 
 1.12640000e-10  1.90158073e+00  1.69841927e+00  2.57618233e+00  2.83992330e+00 
 1.13140000e-10  1.90195321e+00  1.69804679e+00  2.57610794e+00  2.83995488e+00 
 1.13640000e-10  1.90232469e+00  1.69767531e+00  2.57603545e+00  2.83998537e+00 
 1.14140000e-10  1.90269515e+00  1.69730485e+00  2.57596482e+00  2.84001479e+00 
 1.14640000e-10  1.90306460e+00  1.69693540e+00  2.57589601e+00  2.84004319e+00 
 1.15140000e-10  1.90343304e+00  1.69656696e+00  2.57582897e+00  2.84007061e+00 
 1.15640000e-10  1.90380045e+00  1.69619955e+00  2.57576367e+00  2.84009707e+00 
 1.16140000e-10  1.90416684e+00  1.69583316e+00  2.57570006e+00  2.84012262e+00 
 1.16640000e-10  1.90453220e+00  1.69546780e+00  2.57563811e+00  2.84014728e+00 
 1.17140000e-10  1.90489653e+00  1.69510347e+00  2.57557778e+00  2.84017109e+00 
 1.17640000e-10  1.90525982e+00  1.69474018e+00  2.57551903e+00  2.84019408e+00 
 1.18140000e-10  1.90562208e+00  1.69437792e+00  2.57546182e+00  2.84021629e+00 
 1.18640000e-10  1.90598329e+00  1.69401671e+00  2.57540613e+00  2.84023774e+00 
 1.19140000e-10  1.90634346e+00  1.69365654e+00  2.57535191e+00  2.84025845e+00 
 1.19640000e-10  1.90670257e+00  1.69329743e+00  2.57529914e+00  2.84027847e+00 
 1.20140000e-10  1.90706064e+00  1.69293936e+00  2.57524778e+00  2.84029781e+00 
 1.20640000e-10  1.90741764e+00  1.69258236e+00  2.57519780e+00  2.84031650e+00 
 1.21140000e-10  1.90777359e+00  1.69222641e+00  2.57514916e+00  2.84033458e+00 
 1.21640000e-10  1.90812847e+00  1.69187153e+00  2.57510185e+00  2.84035205e+00 
 1.22140000e-10  1.90848229e+00  1.69151771e+00  2.57505583e+00  2.84036895e+00 
 1.22640000e-10  1.90883504e+00  1.69116496e+00  2.57501107e+00  2.84038530e+00 
 1.23140000e-10  1.90918671e+00  1.69081329e+00  2.57496755e+00  2.84040113e+00 
 1.23640000e-10  1.90953730e+00  1.69046270e+00  2.57492523e+00  2.84041645e+00 
 1.24140000e-10  1.90988681e+00  1.69011319e+00  2.57488410e+00  2.84043128e+00 
 1.24640000e-10  1.91023524e+00  1.68976476e+00  2.57484412e+00  2.84044565e+00 
 1.25140000e-10  1.91058258e+00  1.68941742e+00  2.57480528e+00  2.84045958e+00 
 1.25640000e-10  1.91092883e+00  1.68907117e+00  2.57476754e+00  2.84047308e+00 
 1.26140000e-10  1.91127398e+00  1.68872602e+00  2.57473089e+00  2.84048618e+00 
 1.26640000e-10  1.91161804e+00  1.68838196e+00  2.57469530e+00  2.84049889e+00 
 1.27140000e-10  1.91196099e+00  1.68803901e+00  2.57466075e+00  2.84051124e+00 
 1.27640000e-10  1.91230284e+00  1.68769716e+00  2.57462721e+00  2.84052323e+00 
 1.28140000e-10  1.91264358e+00  1.68735642e+00  2.57459468e+00  2.84053488e+00 
 1.28640000e-10  1.91298321e+00  1.68701679e+00  2.57456312e+00  2.84054621e+00 
 1.29140000e-10  1.91332172e+00  1.68667828e+00  2.57453252e+00  2.84055724e+00 
 1.29640000e-10  1.91365912e+00  1.68634088e+00  2.57450285e+00  2.84056798e+00 
 1.30140000e-10  1.91399539e+00  1.68600461e+00  2.57447411e+00  2.84057844e+00 
 1.30640000e-10  1.91433054e+00  1.68566946e+00  2.57444626e+00  2.84058864e+00 
 1.31140000e-10  1.91466456e+00  1.68533544e+00  2.57441930e+00  2.84059859e+00 
 1.31640000e-10  1.91499745e+00  1.68500255e+00  2.57439320e+00  2.84060831e+00 
 1.32140000e-10  1.91532920e+00  1.68467080e+00  2.57436795e+00  2.84061781e+00 
 1.32640000e-10  1.91565982e+00  1.68434018e+00  2.57434353e+00  2.84062710e+00 
 1.33140000e-10  1.91598929e+00  1.68401071e+00  2.57431992e+00  2.84063618e+00 
 1.33640000e-10  1.91631762e+00  1.68368238e+00  2.57429712e+00  2.84064509e+00 
 1.34140000e-10  1.91664480e+00  1.68335520e+00  2.57427510e+00  2.84065381e+00 
 1.34640000e-10  1.91697083e+00  1.68302917e+00  2.57425386e+00  2.84066237e+00 
 1.35140000e-10  1.91729570e+00  1.68270430e+00  2.57423336e+00  2.84067078e+00 
 1.35640000e-10  1.91761942e+00  1.68238058e+00  2.57421362e+00  2.84067904e+00 
 1.36140000e-10  1.91794198e+00  1.68205802e+00  2.57419459e+00  2.84068717e+00 
 1.36640000e-10  1.91826337e+00  1.68173663e+00  2.57417629e+00  2.84069517e+00 
 1.37140000e-10  1.91858359e+00  1.68141641e+00  2.57415869e+00  2.84070306e+00 
 1.37640000e-10  1.91890265e+00  1.68109735e+00  2.57414177e+00  2.84071083e+00 
 1.38140000e-10  1.91922053e+00  1.68077947e+00  2.57412554e+00  2.84071851e+00 
 1.38640000e-10  1.91953724e+00  1.68046276e+00  2.57410997e+00  2.84072610e+00 
 1.39140000e-10  1.91985276e+00  1.68014724e+00  2.57409505e+00  2.84073360e+00 
 1.39640000e-10  1.92016710e+00  1.67983290e+00  2.57408078e+00  2.84074103e+00 
 1.40140000e-10  1.92048026e+00  1.67951974e+00  2.57406714e+00  2.84074839e+00 
 1.40640000e-10  1.92079223e+00  1.67920777e+00  2.57405412e+00  2.84075569e+00 
 1.41140000e-10  1.92110300e+00  1.67889700e+00  2.57404171e+00  2.84076293e+00 
 1.41640000e-10  1.92141258e+00  1.67858742e+00  2.57402990e+00  2.84077013e+00 
 1.42140000e-10  1.92172096e+00  1.67827904e+00  2.57401869e+00  2.84077728e+00 
 1.42640000e-10  1.92202814e+00  1.67797186e+00  2.57400805e+00  2.84078440e+00 
 1.43140000e-10  1.92233412e+00  1.67766588e+00  2.57399799e+00  2.84079149e+00 
 1.43640000e-10  1.92263888e+00  1.67736112e+00  2.57398849e+00  2.84079856e+00 
 1.44140000e-10  1.92294244e+00  1.67705756e+00  2.57397954e+00  2.84080560e+00 
 1.44640000e-10  1.92324479e+00  1.67675521e+00  2.57397114e+00  2.84081264e+00 
 1.45140000e-10  1.92354591e+00  1.67645409e+00  2.57396328e+00  2.84081967e+00 
 1.45640000e-10  1.92384582e+00  1.67615418e+00  2.57395594e+00  2.84082669e+00 
 1.46140000e-10  1.92414451e+00  1.67585549e+00  2.57394913e+00  2.84083372e+00 
 1.46640000e-10  1.92444197e+00  1.67555803e+00  2.57394283e+00  2.84084075e+00 
 1.47140000e-10  1.92473820e+00  1.67526180e+00  2.57393703e+00  2.84084779e+00 
 1.47640000e-10  1.92503320e+00  1.67496680e+00  2.57393173e+00  2.84085485e+00 
 1.48140000e-10  1.92532697e+00  1.67467303e+00  2.57392692e+00  2.84086193e+00 
 1.48640000e-10  1.92561950e+00  1.67438050e+00  2.57392260e+00  2.84086903e+00 
 1.49140000e-10  1.92591079e+00  1.67408921e+00  2.57391875e+00  2.84087616e+00 
 1.49640000e-10  1.92620084e+00  1.67379916e+00  2.57391537e+00  2.84088332e+00 
 1.50140000e-10  1.92648964e+00  1.67351036e+00  2.57391245e+00  2.84089052e+00 
 1.50640000e-10  1.92677720e+00  1.67322280e+00  2.57390999e+00  2.84089775e+00 
 1.51140000e-10  1.92706350e+00  1.67293650e+00  2.57390798e+00  2.84090503e+00 
 1.51640000e-10  1.92734855e+00  1.67265145e+00  2.57390642e+00  2.84091234e+00 
 1.52140000e-10  1.92763234e+00  1.67236766e+00  2.57390529e+00  2.84091971e+00 
 1.52640000e-10  1.92791488e+00  1.67208512e+00  2.57390460e+00  2.84092713e+00 
 1.53140000e-10  1.92819615e+00  1.67180385e+00  2.57390433e+00  2.84093459e+00 
 1.53640000e-10  1.92847615e+00  1.67152385e+00  2.57390448e+00  2.84094212e+00 
 1.54140000e-10  1.92875489e+00  1.67124511e+00  2.57390505e+00  2.84094970e+00 
 1.54640000e-10  1.92903235e+00  1.67096765e+00  2.57390603e+00  2.84095735e+00 
 1.55140000e-10  1.92930855e+00  1.67069145e+00  2.57390742e+00  2.84096505e+00 
 1.55640000e-10  1.92958346e+00  1.67041654e+00  2.57390920e+00  2.84097283e+00 
 1.56140000e-10  1.92985710e+00  1.67014290e+00  2.57391138e+00  2.84098067e+00 
 1.56640000e-10  1.93012945e+00  1.66987055e+00  2.57391396e+00  2.84098858e+00 
 1.57140000e-10  1.93040053e+00  1.66959947e+00  2.57391691e+00  2.84099656e+00 
 1.57640000e-10  1.93067031e+00  1.66932969e+00  2.57392025e+00  2.84100461e+00 
 1.58140000e-10  1.93093880e+00  1.66906120e+00  2.57392397e+00  2.84101275e+00 
 1.58640000e-10  1.93120601e+00  1.66879399e+00  2.57392805e+00  2.84102095e+00 
 1.59140000e-10  1.93147191e+00  1.66852809e+00  2.57393251e+00  2.84102924e+00 
 1.59640000e-10  1.93173652e+00  1.66826348e+00  2.57393733e+00  2.84103761e+00 
 1.60140000e-10  1.93199983e+00  1.66800017e+00  2.57394250e+00  2.84104606e+00 
 1.60640000e-10  1.93226184e+00  1.66773816e+00  2.57394803e+00  2.84105460e+00 
 1.61140000e-10  1.93252254e+00  1.66747746e+00  2.57395392e+00  2.84106322e+00 
 1.61640000e-10  1.93278194e+00  1.66721806e+00  2.57396015e+00  2.84107193e+00 
 1.62140000e-10  1.93304002e+00  1.66695998e+00  2.57396672e+00  2.84108072e+00 
 1.62640000e-10  1.93329679e+00  1.66670321e+00  2.57397364e+00  2.84108961e+00 
 1.63140000e-10  1.93355224e+00  1.66644776e+00  2.57398089e+00  2.84109858e+00 
 1.63640000e-10  1.93380638e+00  1.66619362e+00  2.57398847e+00  2.84110765e+00 
 1.64140000e-10  1.93405920e+00  1.66594080e+00  2.57399639e+00  2.84111681e+00 
 1.64640000e-10  1.93431069e+00  1.66568931e+00  2.57400462e+00  2.84112606e+00 
 1.65140000e-10  1.93456085e+00  1.66543915e+00  2.57401318e+00  2.84113541e+00 
 1.65640000e-10  1.93480969e+00  1.66519031e+00  2.57402206e+00  2.84114485e+00 
 1.66140000e-10  1.93505720e+00  1.66494280e+00  2.57403126e+00  2.84115439e+00 
 1.66640000e-10  1.93530338e+00  1.66469662e+00  2.57404076e+00  2.84116403e+00 
 1.67140000e-10  1.93554822e+00  1.66445178e+00  2.57405058e+00  2.84117376e+00 
 1.67640000e-10  1.93579172e+00  1.66420828e+00  2.57406070e+00  2.84118360e+00 
 1.68140000e-10  1.93603388e+00  1.66396612e+00  2.57407113e+00  2.84119353e+00 
 1.68640000e-10  1.93627470e+00  1.66372530e+00  2.57408185e+00  2.84120356e+00 
 1.69140000e-10  1.93651418e+00  1.66348582e+00  2.57409288e+00  2.84121369e+00 
 1.69640000e-10  1.93675230e+00  1.66324770e+00  2.57410419e+00  2.84122393e+00 
 1.70140000e-10  1.93698908e+00  1.66301092e+00  2.57411580e+00  2.84123427e+00 
 1.70640000e-10  1.93722451e+00  1.66277549e+00  2.57412770e+00  2.84124471e+00 
 1.71140000e-10  1.93745858e+00  1.66254142e+00  2.57413989e+00  2.84125525e+00 
 1.71640000e-10  1.93769129e+00  1.66230871e+00  2.57415236e+00  2.84126589e+00 
 1.72140000e-10  1.93792265e+00  1.66207735e+00  2.57416510e+00  2.84127664e+00 
 1.72640000e-10  1.93815264e+00  1.66184736e+00  2.57417813e+00  2.84128749e+00 
 1.73140000e-10  1.93838127e+00  1.66161873e+00  2.57419144e+00  2.84129845e+00 
 1.73640000e-10  1.93860854e+00  1.66139146e+00  2.57420501e+00  2.84130951e+00 
 1.74140000e-10  1.93883443e+00  1.66116557e+00  2.57421886e+00  2.84132068e+00 
 1.74640000e-10  1.93905896e+00  1.66094104e+00  2.57423298e+00  2.84133195e+00 
 1.75140000e-10  1.93928211e+00  1.66071789e+00  2.57424736e+00  2.84134333e+00 
 1.75640000e-10  1.93950389e+00  1.66049611e+00  2.57426201e+00  2.84135481e+00 
 1.76140000e-10  1.93972430e+00  1.66027570e+00  2.57427691e+00  2.84136640e+00 
 1.76640000e-10  1.93994332e+00  1.66005668e+00  2.57429208e+00  2.84137810e+00 
 1.77140000e-10  1.94016096e+00  1.65983904e+00  2.57430751e+00  2.84138990e+00 
 1.77640000e-10  1.94037722e+00  1.65962278e+00  2.57432319e+00  2.84140181e+00 
 1.78140000e-10  1.94059210e+00  1.65940790e+00  2.57433912e+00  2.84141382e+00 
 1.78640000e-10  1.94080558e+00  1.65919442e+00  2.57435530e+00  2.84142594e+00 
 1.79140000e-10  1.94101768e+00  1.65898232e+00  2.57437173e+00  2.84143817e+00 
 1.79640000e-10  1.94122838e+00  1.65877162e+00  2.57438841e+00  2.84145051e+00 
 1.80140000e-10  1.94143769e+00  1.65856231e+00  2.57440534e+00  2.84146295e+00 
 1.80640000e-10  1.94164561e+00  1.65835439e+00  2.57442250e+00  2.84147549e+00 
 1.81140000e-10  1.94185213e+00  1.65814787e+00  2.57443991e+00  2.84148815e+00 
 1.81640000e-10  1.94205724e+00  1.65794276e+00  2.57445755e+00  2.84150091e+00 
 1.82140000e-10  1.94226096e+00  1.65773904e+00  2.57447543e+00  2.84151378e+00 
 1.82640000e-10  1.94246327e+00  1.65753673e+00  2.57449355e+00  2.84152675e+00 
 1.83140000e-10  1.94266417e+00  1.65733583e+00  2.57451190e+00  2.84153983e+00 
 1.83640000e-10  1.94286367e+00  1.65713633e+00  2.57453048e+00  2.84155302e+00 
 1.84140000e-10  1.94306176e+00  1.65693824e+00  2.57454929e+00  2.84156631e+00 
 1.84640000e-10  1.94325843e+00  1.65674157e+00  2.57456833e+00  2.84157971e+00 
 1.85140000e-10  1.94345369e+00  1.65654631e+00  2.57458759e+00  2.84159321e+00 
 1.85640000e-10  1.94364754e+00  1.65635246e+00  2.57460708e+00  2.84160682e+00 
 1.86140000e-10  1.94383996e+00  1.65616004e+00  2.57462679e+00  2.84162054e+00 
 1.86640000e-10  1.94403097e+00  1.65596903e+00  2.57464672e+00  2.84163436e+00 
 1.87140000e-10  1.94422056e+00  1.65577944e+00  2.57466687e+00  2.84164829e+00 
 1.87640000e-10  1.94440872e+00  1.65559128e+00  2.57468724e+00  2.84166232e+00 
 1.88140000e-10  1.94459546e+00  1.65540454e+00  2.57470782e+00  2.84167646e+00 
 1.88640000e-10  1.94478077e+00  1.65521923e+00  2.57472862e+00  2.84169070e+00 
 1.89140000e-10  1.94496465e+00  1.65503535e+00  2.57474963e+00  2.84170504e+00 
 1.89640000e-10  1.94514710e+00  1.65485290e+00  2.57477085e+00  2.84171949e+00 
 1.90140000e-10  1.94532812e+00  1.65467188e+00  2.57479228e+00  2.84173405e+00 
 1.90640000e-10  1.94550770e+00  1.65449230e+00  2.57481392e+00  2.84174871e+00 
 1.91140000e-10  1.94568585e+00  1.65431415e+00  2.57483577e+00  2.84176347e+00 
 1.91640000e-10  1.94586256e+00  1.65413744e+00  2.57485782e+00  2.84177833e+00 
 1.92140000e-10  1.94603783e+00  1.65396217e+00  2.57488007e+00  2.84179330e+00 
 1.92640000e-10  1.94621166e+00  1.65378834e+00  2.57490253e+00  2.84180837e+00 
 1.93140000e-10  1.94638404e+00  1.65361596e+00  2.57492518e+00  2.84182355e+00 
 1.93640000e-10  1.94655498e+00  1.65344502e+00  2.57494804e+00  2.84183882e+00 
 1.94140000e-10  1.94672448e+00  1.65327552e+00  2.57497109e+00  2.84185420e+00 
 1.94640000e-10  1.94689252e+00  1.65310748e+00  2.57499434e+00  2.84186968e+00 
 1.95140000e-10  1.94705912e+00  1.65294088e+00  2.57501779e+00  2.84188526e+00 
 1.95640000e-10  1.94722427e+00  1.65277573e+00  2.57504142e+00  2.84190094e+00 
 1.96140000e-10  1.94738796e+00  1.65261204e+00  2.57506525e+00  2.84191672e+00 
 1.96640000e-10  1.94755020e+00  1.65244980e+00  2.57508927e+00  2.84193260e+00 
 1.97140000e-10  1.94771098e+00  1.65228902e+00  2.57511349e+00  2.84194858e+00 
 1.97640000e-10  1.94787030e+00  1.65212970e+00  2.57513788e+00  2.84196466e+00 
 1.98140000e-10  1.94802816e+00  1.65197184e+00  2.57516247e+00  2.84198084e+00 
 1.98640000e-10  1.94818457e+00  1.65181543e+00  2.57518724e+00  2.84199712e+00 
 1.99140000e-10  1.94833951e+00  1.65166049e+00  2.57521220e+00  2.84201350e+00 
 1.99640000e-10  1.94849298e+00  1.65150702e+00  2.57523734e+00  2.84202998e+00 
 2.00140000e-10  1.94864500e+00  1.65135500e+00  2.57526266e+00  2.84204655e+00 
 2.00640000e-10  1.94879554e+00  1.65120446e+00  2.57528816e+00  2.84206322e+00 
 2.01140000e-10  1.94894462e+00  1.65105538e+00  2.57531384e+00  2.84207999e+00 
 2.01640000e-10  1.94909222e+00  1.65090778e+00  2.57533970e+00  2.84209685e+00 
 2.02140000e-10  1.94923835e+00  1.65076165e+00  2.57536573e+00  2.84211381e+00 
 2.02640000e-10  1.94938302e+00  1.65061698e+00  2.57539194e+00  2.84213087e+00 
 2.03140000e-10  1.94952620e+00  1.65047380e+00  2.57541833e+00  2.84214802e+00 
 2.03640000e-10  1.94966791e+00  1.65033209e+00  2.57544489e+00  2.84216527e+00 
 2.04140000e-10  1.94980815e+00  1.65019185e+00  2.57547162e+00  2.84218261e+00 
 2.04640000e-10  1.94994690e+00  1.65005310e+00  2.57549852e+00  2.84220005e+00 
 2.05140000e-10  1.95008418e+00  1.64991582e+00  2.57552560e+00  2.84221758e+00 
 2.05640000e-10  1.95021997e+00  1.64978003e+00  2.57555284e+00  2.84223521e+00 
 2.06140000e-10  1.95035428e+00  1.64964572e+00  2.57558025e+00  2.84225292e+00 
 2.06640000e-10  1.95048711e+00  1.64951289e+00  2.57560782e+00  2.84227074e+00 
 2.07140000e-10  1.95061845e+00  1.64938155e+00  2.57563556e+00  2.84228864e+00 
 2.07640000e-10  1.95074831e+00  1.64925169e+00  2.57566347e+00  2.84230663e+00 
 2.08140000e-10  1.95087667e+00  1.64912333e+00  2.57569154e+00  2.84232472e+00 
 2.08640000e-10  1.95100355e+00  1.64899645e+00  2.57571977e+00  2.84234290e+00 
 2.09140000e-10  1.95112894e+00  1.64887106e+00  2.57574816e+00  2.84236117e+00 
 2.09640000e-10  1.95125284e+00  1.64874716e+00  2.57577671e+00  2.84237952e+00 
 2.10140000e-10  1.95137524e+00  1.64862476e+00  2.57580542e+00  2.84239797e+00 
 2.10640000e-10  1.95149615e+00  1.64850385e+00  2.57583429e+00  2.84241651e+00 
 2.11140000e-10  1.95161557e+00  1.64838443e+00  2.57586332e+00  2.84243514e+00 
 2.11640000e-10  1.95173348e+00  1.64826652e+00  2.57589250e+00  2.84245385e+00 
 2.12140000e-10  1.95184991e+00  1.64815009e+00  2.57592183e+00  2.84247266e+00 
 2.12640000e-10  1.95196483e+00  1.64803517e+00  2.57595132e+00  2.84249155e+00 
 2.13140000e-10  1.95207825e+00  1.64792175e+00  2.57598097e+00  2.84251053e+00 
 2.13640000e-10  1.95219017e+00  1.64780983e+00  2.57601076e+00  2.84252959e+00 
 2.14140000e-10  1.95230059e+00  1.64769941e+00  2.57604071e+00  2.84254875e+00 
 2.14640000e-10  1.95240951e+00  1.64759049e+00  2.57607080e+00  2.84256799e+00 
 2.15140000e-10  1.95251692e+00  1.64748308e+00  2.57610105e+00  2.84258731e+00 
 2.15640000e-10  1.95262282e+00  1.64737718e+00  2.57613144e+00  2.84260672e+00 
 2.16140000e-10  1.95272722e+00  1.64727278e+00  2.57616198e+00  2.84262621e+00 
 2.16640000e-10  1.95283012e+00  1.64716988e+00  2.57619266e+00  2.84264579e+00 
 2.17140000e-10  1.95293150e+00  1.64706850e+00  2.57622350e+00  2.84266546e+00 
 2.17640000e-10  1.95303138e+00  1.64696862e+00  2.57625447e+00  2.84268520e+00 
 2.18140000e-10  1.95312974e+00  1.64687026e+00  2.57628559e+00  2.84270503e+00 
 2.18640000e-10  1.95322660e+00  1.64677340e+00  2.57631685e+00  2.84272495e+00 
 2.19140000e-10  1.95332194e+00  1.64667806e+00  2.57634825e+00  2.84274494e+00 
 2.19640000e-10  1.95341576e+00  1.64658424e+00  2.57637979e+00  2.84276502e+00 
 2.20140000e-10  1.95350808e+00  1.64649192e+00  2.57641147e+00  2.84278517e+00 
 2.20640000e-10  1.95359888e+00  1.64640112e+00  2.57644329e+00  2.84280541e+00 
 2.21140000e-10  1.95368816e+00  1.64631184e+00  2.57647525e+00  2.84282573e+00 
 2.21640000e-10  1.95377593e+00  1.64622407e+00  2.57650734e+00  2.84284613e+00 
 2.22140000e-10  1.95386217e+00  1.64613783e+00  2.57653957e+00  2.84286661e+00 
 2.22640000e-10  1.95394690e+00  1.64605310e+00  2.57657193e+00  2.84288717e+00 
 2.23140000e-10  1.95403011e+00  1.64596989e+00  2.57660443e+00  2.84290781e+00 
 2.23640000e-10  1.95411180e+00  1.64588820e+00  2.57663706e+00  2.84292852e+00 
 2.24140000e-10  1.95419197e+00  1.64580803e+00  2.57666983e+00  2.84294932e+00 
 2.24640000e-10  1.95427062e+00  1.64572938e+00  2.57670272e+00  2.84297019e+00 
 2.25140000e-10  1.95434774e+00  1.64565226e+00  2.57673575e+00  2.84299114e+00 
 2.25640000e-10  1.95442335e+00  1.64557665e+00  2.57676891e+00  2.84301216e+00 
 2.26140000e-10  1.95449742e+00  1.64550258e+00  2.57680219e+00  2.84303326e+00 
 2.26640000e-10  1.95456998e+00  1.64543002e+00  2.57683560e+00  2.84305444e+00 
 2.27140000e-10  1.95464100e+00  1.64535900e+00  2.57686914e+00  2.84307569e+00 
 2.27640000e-10  1.95471050e+00  1.64528950e+00  2.57690281e+00  2.84309702e+00 
 2.28140000e-10  1.95477848e+00  1.64522152e+00  2.57693660e+00  2.84311842e+00 
 2.28640000e-10  1.95484492e+00  1.64515508e+00  2.57697052e+00  2.84313989e+00 
 2.29140000e-10  1.95490984e+00  1.64509016e+00  2.57700456e+00  2.84316144e+00 
 2.29640000e-10  1.95497323e+00  1.64502677e+00  2.57703872e+00  2.84318307e+00 
 2.30140000e-10  1.95503509e+00  1.64496491e+00  2.57707301e+00  2.84320476e+00 
 2.30640000e-10  1.95509542e+00  1.64490458e+00  2.57710742e+00  2.84322653e+00 
 2.31140000e-10  1.95515422e+00  1.64484578e+00  2.57714195e+00  2.84324837e+00 
 2.31640000e-10  1.95521148e+00  1.64478852e+00  2.57717659e+00  2.84327028e+00 
 2.32140000e-10  1.95526722e+00  1.64473278e+00  2.57721136e+00  2.84329226e+00 
 2.32640000e-10  1.95532142e+00  1.64467858e+00  2.57724625e+00  2.84331431e+00 
 2.33140000e-10  1.95537409e+00  1.64462591e+00  2.57728125e+00  2.84333644e+00 
 2.33640000e-10  1.95542523e+00  1.64457477e+00  2.57731637e+00  2.84335863e+00 
 2.34140000e-10  1.95547483e+00  1.64452517e+00  2.57735161e+00  2.84338089e+00 
 2.34640000e-10  1.95552290e+00  1.64447710e+00  2.57738696e+00  2.84340322e+00 
 2.35140000e-10  1.95556943e+00  1.64443057e+00  2.57742242e+00  2.84342562e+00 
 2.35640000e-10  1.95561443e+00  1.64438557e+00  2.57745800e+00  2.84344809e+00 
 2.36140000e-10  1.95565789e+00  1.64434211e+00  2.57749369e+00  2.84347062e+00 
 2.36640000e-10  1.95569982e+00  1.64430018e+00  2.57752950e+00  2.84349322e+00 
 2.37140000e-10  1.95574021e+00  1.64425979e+00  2.57756541e+00  2.84351589e+00 
 2.37640000e-10  1.95577906e+00  1.64422094e+00  2.57760144e+00  2.84353863e+00 
 2.38140000e-10  1.95581637e+00  1.64418363e+00  2.57763757e+00  2.84356143e+00 
 2.38640000e-10  1.95585215e+00  1.64414785e+00  2.57767382e+00  2.84358430e+00 
 2.39140000e-10  1.95588639e+00  1.64411361e+00  2.57771017e+00  2.84360723e+00 
 2.39640000e-10  1.95591909e+00  1.64408091e+00  2.57774663e+00  2.84363022e+00 
 2.40140000e-10  1.95595025e+00  1.64404975e+00  2.57778320e+00  2.84365328e+00 
 2.40640000e-10  1.95597987e+00  1.64402013e+00  2.57781988e+00  2.84367641e+00 
 2.41140000e-10  1.95600795e+00  1.64399205e+00  2.57785666e+00  2.84369960e+00 
 2.41640000e-10  1.95603449e+00  1.64396551e+00  2.57789354e+00  2.84372285e+00 
 2.42140000e-10  1.95605949e+00  1.64394051e+00  2.57793053e+00  2.84374616e+00 
 2.42640000e-10  1.95608296e+00  1.64391704e+00  2.57796762e+00  2.84376954e+00 
 2.43140000e-10  1.95610488e+00  1.64389512e+00  2.57800482e+00  2.84379298e+00 
 2.43640000e-10  1.95612526e+00  1.64387474e+00  2.57804212e+00  2.84381647e+00 
 2.44140000e-10  1.95614410e+00  1.64385590e+00  2.57807951e+00  2.84384003e+00 
 2.44640000e-10  1.95616140e+00  1.64383860e+00  2.57811701e+00  2.84386365e+00 
 2.45140000e-10  1.95617716e+00  1.64382284e+00  2.57815461e+00  2.84388733e+00 
 2.45640000e-10  1.95619137e+00  1.64380863e+00  2.57819231e+00  2.84391107e+00 
 2.46140000e-10  1.95620405e+00  1.64379595e+00  2.57823011e+00  2.84393487e+00 
 2.46640000e-10  1.95621518e+00  1.64378482e+00  2.57826800e+00  2.84395873e+00 
 2.47140000e-10  1.95622477e+00  1.64377523e+00  2.57830599e+00  2.84398265e+00 
 2.47640000e-10  1.95623282e+00  1.64376718e+00  2.57834408e+00  2.84400662e+00 
 2.48140000e-10  1.95623933e+00  1.64376067e+00  2.57838226e+00  2.84403065e+00 
 2.48640000e-10  1.95624430e+00  1.64375570e+00  2.57842054e+00  2.84405474e+00 
 2.49140000e-10  1.95624772e+00  1.64375228e+00  2.57845891e+00  2.84407889e+00 
 2.49640000e-10  1.95624960e+00  1.64375040e+00  2.57849738e+00  2.84410309e+00 
 2.50140000e-10  1.95624994e+00  1.64375006e+00  2.57853594e+00  2.84412735e+00 
 2.50640000e-10  1.95624874e+00  1.64375126e+00  2.57857459e+00  2.84415166e+00 
 2.51140000e-10  1.95624599e+00  1.64375401e+00  2.57861334e+00  2.84417603e+00 
 2.51640000e-10  1.95624170e+00  1.64375830e+00  2.57865217e+00  2.84420046e+00 
 2.52140000e-10  1.95623588e+00  1.64376412e+00  2.57869110e+00  2.84422493e+00 
 2.52640000e-10  1.95622850e+00  1.64377150e+00  2.57873011e+00  2.84424947e+00 
 2.53140000e-10  1.95621959e+00  1.64378041e+00  2.57876922e+00  2.84427405e+00 
 2.53640000e-10  1.95620914e+00  1.64379086e+00  2.57880841e+00  2.84429869e+00 
 2.54140000e-10  1.95619714e+00  1.64380286e+00  2.57884769e+00  2.84432338e+00 
 2.54640000e-10  1.95618360e+00  1.64381640e+00  2.57888706e+00  2.84434812e+00 
 2.55140000e-10  1.95616852e+00  1.64383148e+00  2.57892652e+00  2.84437292e+00 
 2.55640000e-10  1.95615190e+00  1.64384810e+00  2.57896606e+00  2.84439777e+00 
 2.56140000e-10  1.95613374e+00  1.64386626e+00  2.57900568e+00  2.84442266e+00 
 2.56640000e-10  1.95611404e+00  1.64388596e+00  2.57904540e+00  2.84444761e+00 
 2.57140000e-10  1.95609279e+00  1.64390721e+00  2.57908519e+00  2.84447261e+00 
 2.57640000e-10  1.95607001e+00  1.64392999e+00  2.57912507e+00  2.84449766e+00 
 2.58140000e-10  1.95604568e+00  1.64395432e+00  2.57916503e+00  2.84452276e+00 
 2.58640000e-10  1.95601982e+00  1.64398018e+00  2.57920508e+00  2.84454791e+00 
 2.59140000e-10  1.95599241e+00  1.64400759e+00  2.57924520e+00  2.84457310e+00 
 2.59640000e-10  1.95596347e+00  1.64403653e+00  2.57928541e+00  2.84459835e+00 
 2.60140000e-10  1.95593299e+00  1.64406701e+00  2.57932570e+00  2.84462364e+00 
 2.60640000e-10  1.95590096e+00  1.64409904e+00  2.57936606e+00  2.84464898e+00 
 2.61140000e-10  1.95586740e+00  1.64413260e+00  2.57940651e+00  2.84467436e+00 
 2.61640000e-10  1.95583230e+00  1.64416770e+00  2.57944704e+00  2.84469980e+00 
 2.62140000e-10  1.95579566e+00  1.64420434e+00  2.57948764e+00  2.84472528e+00 
 2.62640000e-10  1.95575749e+00  1.64424251e+00  2.57952832e+00  2.84475080e+00 
 2.63140000e-10  1.95571778e+00  1.64428222e+00  2.57956908e+00  2.84477637e+00 
 2.63640000e-10  1.95567653e+00  1.64432347e+00  2.57960991e+00  2.84480199e+00 
 2.64140000e-10  1.95563374e+00  1.64436626e+00  2.57965082e+00  2.84482765e+00 
 2.64640000e-10  1.95558942e+00  1.64441058e+00  2.57969181e+00  2.84485335e+00 
 2.65140000e-10  1.95554356e+00  1.64445644e+00  2.57973287e+00  2.84487910e+00 
 2.65640000e-10  1.95549617e+00  1.64450383e+00  2.57977400e+00  2.84490489e+00 
 2.66140000e-10  1.95544724e+00  1.64455276e+00  2.57981521e+00  2.84493073e+00 
 2.66640000e-10  1.95539678e+00  1.64460322e+00  2.57985649e+00  2.84495660e+00 
 2.67140000e-10  1.95534479e+00  1.64465521e+00  2.57989784e+00  2.84498252e+00 
 2.67640000e-10  1.95529126e+00  1.64470874e+00  2.57993927e+00  2.84500848e+00 
 2.68140000e-10  1.95523620e+00  1.64476380e+00  2.57998076e+00  2.84503449e+00 
 2.68640000e-10  1.95517960e+00  1.64482040e+00  2.58002233e+00  2.84506053e+00 
 2.69140000e-10  1.95512148e+00  1.64487852e+00  2.58006397e+00  2.84508661e+00 
 2.69640000e-10  1.95506182e+00  1.64493818e+00  2.58010567e+00  2.84511274e+00 
 2.70140000e-10  1.95500064e+00  1.64499936e+00  2.58014745e+00  2.84513890e+00 
 2.70640000e-10  1.95493792e+00  1.64506208e+00  2.58018929e+00  2.84516511e+00 
 2.71140000e-10  1.95487367e+00  1.64512633e+00  2.58023120e+00  2.84519135e+00 
 2.71640000e-10  1.95480790e+00  1.64519210e+00  2.58027318e+00  2.84521763e+00 
 2.72140000e-10  1.95474060e+00  1.64525940e+00  2.58031522e+00  2.84524395e+00 
 2.72640000e-10  1.95467177e+00  1.64532823e+00  2.58035734e+00  2.84527031e+00 
 2.73140000e-10  1.95460142e+00  1.64539858e+00  2.58039951e+00  2.84529671e+00 
 2.73640000e-10  1.95452953e+00  1.64547047e+00  2.58044176e+00  2.84532314e+00 
 2.74140000e-10  1.95445613e+00  1.64554387e+00  2.58048406e+00  2.84534961e+00 
 2.74640000e-10  1.95438120e+00  1.64561880e+00  2.58052644e+00  2.84537611e+00 
 2.75140000e-10  1.95430474e+00  1.64569526e+00  2.58056887e+00  2.84540265e+00 
 2.75640000e-10  1.95422677e+00  1.64577323e+00  2.58061137e+00  2.84542923e+00 
 2.76140000e-10  1.95414727e+00  1.64585273e+00  2.58065393e+00  2.84545584e+00 
 2.76640000e-10  1.95406624e+00  1.64593376e+00  2.58069655e+00  2.84548249e+00 
 2.77140000e-10  1.95398370e+00  1.64601630e+00  2.58073924e+00  2.84550917e+00 
 2.77640000e-10  1.95389964e+00  1.64610036e+00  2.58078198e+00  2.84553588e+00 
 2.78140000e-10  1.95381406e+00  1.64618594e+00  2.58082479e+00  2.84556263e+00 
 2.78640000e-10  1.95372696e+00  1.64627304e+00  2.58086766e+00  2.84558941e+00 
 2.79140000e-10  1.95363835e+00  1.64636165e+00  2.58091058e+00  2.84561622e+00 
 2.79640000e-10  1.95354822e+00  1.64645178e+00  2.58095357e+00  2.84564307e+00 
 2.80140000e-10  1.95345657e+00  1.64654343e+00  2.58099661e+00  2.84566995e+00 
 2.80640000e-10  1.95336341e+00  1.64663659e+00  2.58103971e+00  2.84569685e+00 
 2.81140000e-10  1.95326873e+00  1.64673127e+00  2.58108287e+00  2.84572379e+00 
 2.81640000e-10  1.95317254e+00  1.64682746e+00  2.58112609e+00  2.84575076e+00 
 2.82140000e-10  1.95307484e+00  1.64692516e+00  2.58116936e+00  2.84577776e+00 
 2.82640000e-10  1.95297563e+00  1.64702437e+00  2.58121269e+00  2.84580479e+00 
 2.83140000e-10  1.95287491e+00  1.64712509e+00  2.58125608e+00  2.84583185e+00 
 2.83640000e-10  1.95277268e+00  1.64722732e+00  2.58129952e+00  2.84585894e+00 
 2.84140000e-10  1.95266895e+00  1.64733105e+00  2.58134301e+00  2.84588606e+00 
 2.84640000e-10  1.95256370e+00  1.64743630e+00  2.58138656e+00  2.84591320e+00 
 2.85140000e-10  1.95245695e+00  1.64754305e+00  2.58143016e+00  2.84594038e+00 
 2.85640000e-10  1.95234870e+00  1.64765130e+00  2.58147382e+00  2.84596757e+00 
 2.86140000e-10  1.95223894e+00  1.64776106e+00  2.58151753e+00  2.84599480e+00 
 2.86640000e-10  1.95212768e+00  1.64787232e+00  2.58156129e+00  2.84602205e+00 
 2.87140000e-10  1.95201492e+00  1.64798508e+00  2.58160511e+00  2.84604933e+00 
 2.87640000e-10  1.95190066e+00  1.64809934e+00  2.58164897e+00  2.84607664e+00 
 2.88140000e-10  1.95178489e+00  1.64821511e+00  2.58169289e+00  2.84610397e+00 
 2.88640000e-10  1.95166763e+00  1.64833237e+00  2.58173685e+00  2.84613132e+00 
 2.89140000e-10  1.95154888e+00  1.64845112e+00  2.58178087e+00  2.84615870e+00 
 2.89640000e-10  1.95142863e+00  1.64857137e+00  2.58182494e+00  2.84618610e+00 
 2.90140000e-10  1.95130688e+00  1.64869312e+00  2.58186906e+00  2.84621353e+00 
 2.90640000e-10  1.95118364e+00  1.64881636e+00  2.58191322e+00  2.84624097e+00 
 2.91140000e-10  1.95105891e+00  1.64894109e+00  2.58195744e+00  2.84626845e+00 
 2.91640000e-10  1.95093268e+00  1.64906732e+00  2.58200170e+00  2.84629594e+00 
 2.92140000e-10  1.95080497e+00  1.64919503e+00  2.58204601e+00  2.84632345e+00 
 2.92640000e-10  1.95067577e+00  1.64932423e+00  2.58209037e+00  2.84635099e+00 
 2.93140000e-10  1.95054508e+00  1.64945492e+00  2.58213477e+00  2.84637855e+00 
 2.93640000e-10  1.95041291e+00  1.64958709e+00  2.58217922e+00  2.84640612e+00 
 2.94140000e-10  1.95027925e+00  1.64972075e+00  2.58222372e+00  2.84643372e+00 
 2.94640000e-10  1.95014411e+00  1.64985589e+00  2.58226826e+00  2.84646134e+00 
 2.95140000e-10  1.95000748e+00  1.64999252e+00  2.58231285e+00  2.84648897e+00 
 2.95640000e-10  1.94986938e+00  1.65013062e+00  2.58235748e+00  2.84651662e+00 
 2.96140000e-10  1.94972980e+00  1.65027020e+00  2.58240216e+00  2.84654430e+00 
 2.96640000e-10  1.94958874e+00  1.65041126e+00  2.58244688e+00  2.84657199e+00 
 2.97140000e-10  1.94944620e+00  1.65055380e+00  2.58249165e+00  2.84659969e+00 
 2.97640000e-10  1.94930219e+00  1.65069781e+00  2.58253646e+00  2.84662741e+00 
 2.98140000e-10  1.94915670e+00  1.65084330e+00  2.58258131e+00  2.84665515e+00 
 2.98640000e-10  1.94900974e+00  1.65099026e+00  2.58262621e+00  2.84668291e+00 
 2.99140000e-10  1.94886131e+00  1.65113869e+00  2.58267114e+00  2.84671068e+00 
 2.99640000e-10  1.94871142e+00  1.65128858e+00  2.58271612e+00  2.84673846e+00 
 3.00140000e-10  1.94856005e+00  1.65143995e+00  2.58276115e+00  2.84676626e+00 
 3.00640000e-10  1.94840722e+00  1.65159278e+00  2.58280621e+00  2.84679407e+00 
 3.01140000e-10  1.94825292e+00  1.65174708e+00  2.58285131e+00  2.84682190e+00 
 3.01640000e-10  1.94809716e+00  1.65190284e+00  2.58289646e+00  2.84684974e+00 
 3.02140000e-10  1.94793994e+00  1.65206006e+00  2.58294164e+00  2.84687759e+00 
 3.02640000e-10  1.94778126e+00  1.65221874e+00  2.58298687e+00  2.84690545e+00 
 3.03140000e-10  1.94762112e+00  1.65237888e+00  2.58303213e+00  2.84693332e+00 
 3.03640000e-10  1.94745952e+00  1.65254048e+00  2.58307743e+00  2.84696121e+00 
 3.04140000e-10  1.94729647e+00  1.65270353e+00  2.58312278e+00  2.84698910e+00 
 3.04640000e-10  1.94713196e+00  1.65286804e+00  2.58316816e+00  2.84701701e+00 
 3.05140000e-10  1.94696601e+00  1.65303399e+00  2.58321358e+00  2.84704492e+00 
 3.05640000e-10  1.94679860e+00  1.65320140e+00  2.58325904e+00  2.84707284e+00 
 3.06140000e-10  1.94662974e+00  1.65337026e+00  2.58330454e+00  2.84710077e+00 
 3.06640000e-10  1.94645943e+00  1.65354057e+00  2.58335007e+00  2.84712871e+00 
 3.07140000e-10  1.94628768e+00  1.65371232e+00  2.58339564e+00  2.84715665e+00 
 3.07640000e-10  1.94611449e+00  1.65388551e+00  2.58344125e+00  2.84718460e+00 
 3.08140000e-10  1.94593985e+00  1.65406015e+00  2.58348690e+00  2.84721255e+00 
 3.08640000e-10  1.94576378e+00  1.65423622e+00  2.58353259e+00  2.84724052e+00 
 3.09140000e-10  1.94558626e+00  1.65441374e+00  2.58357831e+00  2.84726848e+00 
 3.09640000e-10  1.94540731e+00  1.65459269e+00  2.58362406e+00  2.84729645e+00 
 3.10140000e-10  1.94522692e+00  1.65477308e+00  2.58366985e+00  2.84732442e+00 
 3.10640000e-10  1.94504510e+00  1.65495490e+00  2.58371568e+00  2.84735240e+00 
 3.11140000e-10  1.94486185e+00  1.65513815e+00  2.58376155e+00  2.84738038e+00 
 3.11640000e-10  1.94467717e+00  1.65532283e+00  2.58380745e+00  2.84740836e+00 
 3.12140000e-10  1.94449106e+00  1.65550894e+00  2.58385338e+00  2.84743634e+00 
 3.12640000e-10  1.94430352e+00  1.65569648e+00  2.58389935e+00  2.84746432e+00 
 3.13140000e-10  1.94411456e+00  1.65588544e+00  2.58394536e+00  2.84749230e+00 
 3.13640000e-10  1.94392418e+00  1.65607582e+00  2.58399140e+00  2.84752028e+00 
 3.14140000e-10  1.94373238e+00  1.65626762e+00  2.58403747e+00  2.84754825e+00 
 3.14640000e-10  1.94353916e+00  1.65646084e+00  2.58408358e+00  2.84757623e+00 
 3.15140000e-10  1.94334452e+00  1.65665548e+00  2.58412972e+00  2.84760420e+00 
 3.15640000e-10  1.94314847e+00  1.65685153e+00  2.58417590e+00  2.84763217e+00 
 3.16140000e-10  1.94295100e+00  1.65704900e+00  2.58422211e+00  2.84766013e+00 
 3.16640000e-10  1.94275212e+00  1.65724788e+00  2.58426836e+00  2.84768809e+00 
 3.17140000e-10  1.94255184e+00  1.65744816e+00  2.58431464e+00  2.84771605e+00 
 3.17640000e-10  1.94235015e+00  1.65764985e+00  2.58436096e+00  2.84774399e+00 
 3.18140000e-10  1.94214705e+00  1.65785295e+00  2.58440730e+00  2.84777193e+00 
 3.18640000e-10  1.94194255e+00  1.65805745e+00  2.58445369e+00  2.84779986e+00 
 3.19140000e-10  1.94173665e+00  1.65826335e+00  2.58450010e+00  2.84782778e+00 
 3.19640000e-10  1.94152935e+00  1.65847065e+00  2.58454655e+00  2.84785570e+00 
 3.20140000e-10  1.94132065e+00  1.65867935e+00  2.58459304e+00  2.84788360e+00 
 3.20640000e-10  1.94111056e+00  1.65888944e+00  2.58463955e+00  2.84791149e+00 
 3.21140000e-10  1.94089908e+00  1.65910092e+00  2.58468610e+00  2.84793937e+00 
 3.21640000e-10  1.94068620e+00  1.65931380e+00  2.58473269e+00  2.84796724e+00 
 3.22140000e-10  1.94047194e+00  1.65952806e+00  2.58477931e+00  2.84799509e+00 
 3.22640000e-10  1.94025629e+00  1.65974371e+00  2.58482596e+00  2.84802293e+00 
 3.23140000e-10  1.94003925e+00  1.65996075e+00  2.58487265e+00  2.84805075e+00 
 3.23640000e-10  1.93982084e+00  1.66017916e+00  2.58491937e+00  2.84807855e+00 
 3.24140000e-10  1.93960104e+00  1.66039896e+00  2.58496612e+00  2.84810634e+00 
 3.24640000e-10  1.93937987e+00  1.66062013e+00  2.58501291e+00  2.84813411e+00 
 3.25140000e-10  1.93915732e+00  1.66084268e+00  2.58505973e+00  2.84816186e+00 
 3.25640000e-10  1.93893339e+00  1.66106661e+00  2.58510659e+00  2.84818959e+00 
 3.26140000e-10  1.93870810e+00  1.66129190e+00  2.58515348e+00  2.84821730e+00 
 3.26640000e-10  1.93848144e+00  1.66151856e+00  2.58520041e+00  2.84824499e+00 
 3.27140000e-10  1.93825341e+00  1.66174659e+00  2.58524737e+00  2.84827266e+00 
 3.27640000e-10  1.93802401e+00  1.66197599e+00  2.58529437e+00  2.84830030e+00 
 3.28140000e-10  1.93779326e+00  1.66220674e+00  2.58534140e+00  2.84832791e+00 
 3.28640000e-10  1.93756114e+00  1.66243886e+00  2.58538847e+00  2.84835550e+00 
 3.29140000e-10  1.93732766e+00  1.66267234e+00  2.58543558e+00  2.84838306e+00 
 3.29640000e-10  1.93709283e+00  1.66290717e+00  2.58548272e+00  2.84841059e+00 
 3.30140000e-10  1.93685665e+00  1.66314335e+00  2.58552990e+00  2.84843809e+00 
 3.30640000e-10  1.93661912e+00  1.66338088e+00  2.58557712e+00  2.84846556e+00 
 3.31140000e-10  1.93638024e+00  1.66361976e+00  2.58562437e+00  2.84849300e+00 
 3.31640000e-10  1.93614001e+00  1.66385999e+00  2.58567166e+00  2.84852041e+00 
 3.32140000e-10  1.93589844e+00  1.66410156e+00  2.58571899e+00  2.84854778e+00 
 3.32640000e-10  1.93565552e+00  1.66434448e+00  2.58576636e+00  2.84857511e+00 
 3.33140000e-10  1.93541127e+00  1.66458873e+00  2.58581377e+00  2.84860241e+00 
 3.33640000e-10  1.93516568e+00  1.66483432e+00  2.58586121e+00  2.84862967e+00 
 3.34140000e-10  1.93491876e+00  1.66508124e+00  2.58590870e+00  2.84865689e+00 
 3.34640000e-10  1.93467051e+00  1.66532949e+00  2.58595623e+00  2.84868406e+00 
 3.35140000e-10  1.93442092e+00  1.66557908e+00  2.58600380e+00  2.84871120e+00 
 3.35640000e-10  1.93417002e+00  1.66582998e+00  2.58605141e+00  2.84873828e+00 
 3.36140000e-10  1.93391778e+00  1.66608222e+00  2.58609907e+00  2.84876533e+00 
 3.36640000e-10  1.93366423e+00  1.66633577e+00  2.58614677e+00  2.84879232e+00 
 3.37140000e-10  1.93340935e+00  1.66659065e+00  2.58619451e+00  2.84881927e+00 
 3.37640000e-10  1.93315316e+00  1.66684684e+00  2.58624230e+00  2.84884616e+00 
 3.38140000e-10  1.93289565e+00  1.66710435e+00  2.58629013e+00  2.84887301e+00 
 3.38640000e-10  1.93263684e+00  1.66736316e+00  2.58633801e+00  2.84889979e+00 
 3.39140000e-10  1.93237671e+00  1.66762329e+00  2.58638593e+00  2.84892653e+00 
 3.39640000e-10  1.93211528e+00  1.66788472e+00  2.58643391e+00  2.84895320e+00 
 3.40140000e-10  1.93185254e+00  1.66814746e+00  2.58648193e+00  2.84897981e+00 
 3.40640000e-10  1.93158850e+00  1.66841150e+00  2.58653001e+00  2.84900637e+00 
 3.41140000e-10  1.93132317e+00  1.66867683e+00  2.58657813e+00  2.84903286e+00 
 3.41640000e-10  1.93105653e+00  1.66894347e+00  2.58662631e+00  2.84905928e+00 
 3.42140000e-10  1.93078861e+00  1.66921139e+00  2.58667454e+00  2.84908564e+00 
 3.42640000e-10  1.93051939e+00  1.66948061e+00  2.58672283e+00  2.84911192e+00 
 3.43140000e-10  1.93024888e+00  1.66975112e+00  2.58677117e+00  2.84913814e+00 
 3.43640000e-10  1.92997709e+00  1.67002291e+00  2.58681957e+00  2.84916428e+00 
 3.44140000e-10  1.92970402e+00  1.67029598e+00  2.58686802e+00  2.84919034e+00 
 3.44640000e-10  1.92942967e+00  1.67057033e+00  2.58691654e+00  2.84921633e+00 
 3.45140000e-10  1.92915403e+00  1.67084597e+00  2.58696512e+00  2.84924224e+00 
 3.45640000e-10  1.92887713e+00  1.67112287e+00  2.58701376e+00  2.84926806e+00 
 3.46140000e-10  1.92859895e+00  1.67140105e+00  2.58706246e+00  2.84929379e+00 
 3.46640000e-10  1.92831950e+00  1.67168050e+00  2.58711123e+00  2.84931944e+00 
 3.47140000e-10  1.92803879e+00  1.67196121e+00  2.58716007e+00  2.84934499e+00 
 3.47640000e-10  1.92775681e+00  1.67224319e+00  2.58720897e+00  2.84937045e+00 
 3.48140000e-10  1.92747357e+00  1.67252643e+00  2.58725795e+00  2.84939582e+00 
 3.48640000e-10  1.92718908e+00  1.67281092e+00  2.58730700e+00  2.84942108e+00 
 3.49140000e-10  1.92690333e+00  1.67309667e+00  2.58735612e+00  2.84944624e+00 
 3.49640000e-10  1.92661632e+00  1.67338368e+00  2.58740532e+00  2.84947130e+00 
 3.50140000e-10  1.92632807e+00  1.67367193e+00  2.58745460e+00  2.84949625e+00 
 3.50640000e-10  1.92603857e+00  1.67396143e+00  2.58750396e+00  2.84952108e+00 
 3.51140000e-10  1.92574782e+00  1.67425218e+00  2.58755340e+00  2.84954580e+00 
 3.51640000e-10  1.92545584e+00  1.67454416e+00  2.58760293e+00  2.84957040e+00 
 3.52140000e-10  1.92516261e+00  1.67483739e+00  2.58765254e+00  2.84959488e+00 
 3.52640000e-10  1.92486815e+00  1.67513185e+00  2.58770225e+00  2.84961923e+00 
 3.53140000e-10  1.92457246e+00  1.67542754e+00  2.58775204e+00  2.84964346e+00 
 3.53640000e-10  1.92427554e+00  1.67572446e+00  2.58780193e+00  2.84966755e+00 
 3.54140000e-10  1.92397740e+00  1.67602260e+00  2.58785192e+00  2.84969150e+00 
 3.54640000e-10  1.92367802e+00  1.67632198e+00  2.58790201e+00  2.84971531e+00 
 3.55140000e-10  1.92337743e+00  1.67662257e+00  2.58795221e+00  2.84973897e+00 
 3.55640000e-10  1.92307562e+00  1.67692438e+00  2.58800251e+00  2.84976249e+00 
 3.56140000e-10  1.92277260e+00  1.67722740e+00  2.58805292e+00  2.84978585e+00 
 3.56640000e-10  1.92246836e+00  1.67753164e+00  2.58810344e+00  2.84980905e+00 
 3.57140000e-10  1.92216292e+00  1.67783708e+00  2.58815408e+00  2.84983209e+00 
 3.57640000e-10  1.92185627e+00  1.67814373e+00  2.58820484e+00  2.84985496e+00 
 3.58140000e-10  1.92154841e+00  1.67845159e+00  2.58825573e+00  2.84987765e+00 
 3.58640000e-10  1.92123936e+00  1.67876064e+00  2.58830674e+00  2.84990017e+00 
 3.59140000e-10  1.92092911e+00  1.67907089e+00  2.58835788e+00  2.84992251e+00 
 3.59640000e-10  1.92061767e+00  1.67938233e+00  2.58840915e+00  2.84994465e+00 
 3.60140000e-10  1.92030504e+00  1.67969496e+00  2.58846057e+00  2.84996660e+00 
 3.60640000e-10  1.91999122e+00  1.68000878e+00  2.58851213e+00  2.84998835e+00 
 3.61140000e-10  1.91967621e+00  1.68032379e+00  2.58856383e+00  2.85000990e+00 
 3.61640000e-10  1.91936003e+00  1.68063997e+00  2.58861569e+00  2.85003123e+00 
 3.62140000e-10  1.91904266e+00  1.68095734e+00  2.58866771e+00  2.85005234e+00 
 3.62640000e-10  1.91872412e+00  1.68127588e+00  2.58871988e+00  2.85007323e+00 
 3.63140000e-10  1.91840441e+00  1.68159559e+00  2.58877223e+00  2.85009389e+00 
 3.63640000e-10  1.91808353e+00  1.68191647e+00  2.58882474e+00  2.85011431e+00 
 3.64140000e-10  1.91776149e+00  1.68223851e+00  2.58887744e+00  2.85013448e+00 
 3.64640000e-10  1.91743828e+00  1.68256172e+00  2.58893031e+00  2.85015440e+00 
 3.65140000e-10  1.91711392e+00  1.68288608e+00  2.58898338e+00  2.85017406e+00 
 3.65640000e-10  1.91678839e+00  1.68321161e+00  2.58903664e+00  2.85019346e+00 
 3.66140000e-10  1.91646172e+00  1.68353828e+00  2.58909010e+00  2.85021257e+00 
 3.66640000e-10  1.91613390e+00  1.68386610e+00  2.58914377e+00  2.85023141e+00 
 3.67140000e-10  1.91580492e+00  1.68419508e+00  2.58919765e+00  2.85024995e+00 
 3.67640000e-10  1.91547481e+00  1.68452519e+00  2.58925175e+00  2.85026819e+00 
 3.68140000e-10  1.91514356e+00  1.68485644e+00  2.58930608e+00  2.85028612e+00 
 3.68640000e-10  1.91481117e+00  1.68518883e+00  2.58936065e+00  2.85030373e+00 
 3.69140000e-10  1.91447765e+00  1.68552235e+00  2.58941545e+00  2.85032101e+00 
 3.69640000e-10  1.91414300e+00  1.68585700e+00  2.58947051e+00  2.85033795e+00 
 3.70140000e-10  1.91380722e+00  1.68619278e+00  2.58952582e+00  2.85035455e+00 
 3.70640000e-10  1.91347031e+00  1.68652969e+00  2.58958140e+00  2.85037078e+00 
 3.71140000e-10  1.91313229e+00  1.68686771e+00  2.58963726e+00  2.85038665e+00 
 3.71640000e-10  1.91279315e+00  1.68720685e+00  2.58969340e+00  2.85040214e+00 
 3.72140000e-10  1.91245290e+00  1.68754710e+00  2.58974983e+00  2.85041723e+00 
 3.72640000e-10  1.91211154e+00  1.68788846e+00  2.58980656e+00  2.85043192e+00 
 3.73140000e-10  1.91176907e+00  1.68823093e+00  2.58986361e+00  2.85044619e+00 
 3.73640000e-10  1.91142550e+00  1.68857450e+00  2.58992097e+00  2.85046004e+00 
 3.74140000e-10  1.91108083e+00  1.68891917e+00  2.58997867e+00  2.85047344e+00 
 3.74640000e-10  1.91073506e+00  1.68926494e+00  2.59003671e+00  2.85048639e+00 
 3.75140000e-10  1.91038820e+00  1.68961180e+00  2.59009511e+00  2.85049887e+00 
 3.75640000e-10  1.91004025e+00  1.68995975e+00  2.59015386e+00  2.85051087e+00 
 3.76140000e-10  1.90969122e+00  1.69030878e+00  2.59021300e+00  2.85052237e+00 
 3.76640000e-10  1.90934110e+00  1.69065890e+00  2.59027252e+00  2.85053336e+00 
 3.77140000e-10  1.90898990e+00  1.69101010e+00  2.59033245e+00  2.85054382e+00 
 3.77640000e-10  1.90863763e+00  1.69136237e+00  2.59039279e+00  2.85055374e+00 
 3.78140000e-10  1.90828428e+00  1.69171572e+00  2.59045355e+00  2.85056310e+00 
 3.78640000e-10  1.90792987e+00  1.69207013e+00  2.59051476e+00  2.85057188e+00 
 3.79140000e-10  1.90757439e+00  1.69242561e+00  2.59057642e+00  2.85058007e+00 
 3.79640000e-10  1.90721785e+00  1.69278215e+00  2.59063856e+00  2.85058765e+00 
 3.80140000e-10  1.90686025e+00  1.69313975e+00  2.59070117e+00  2.85059459e+00 
 3.80640000e-10  1.90650160e+00  1.69349840e+00  2.59076429e+00  2.85060089e+00 
 3.81140000e-10  1.90614189e+00  1.69385811e+00  2.59082793e+00  2.85060652e+00 
 3.81640000e-10  1.90578114e+00  1.69421886e+00  2.59089209e+00  2.85061146e+00 
 3.82140000e-10  1.90541934e+00  1.69458066e+00  2.59095681e+00  2.85061570e+00 
 3.82640000e-10  1.90505651e+00  1.69494349e+00  2.59102210e+00  2.85061920e+00 
 3.83140000e-10  1.90469263e+00  1.69530737e+00  2.59108797e+00  2.85062194e+00 
 3.83640000e-10  1.90432773e+00  1.69567227e+00  2.59115445e+00  2.85062391e+00 
 3.84140000e-10  1.90396179e+00  1.69603821e+00  2.59122155e+00  2.85062509e+00 
 3.84640000e-10  1.90359483e+00  1.69640517e+00  2.59128929e+00  2.85062543e+00 
 3.85140000e-10  1.90322684e+00  1.69677316e+00  2.59135770e+00  2.85062493e+00 
 3.85640000e-10  1.90285784e+00  1.69714216e+00  2.59142679e+00  2.85062356e+00 
 3.86140000e-10  1.90248782e+00  1.69751218e+00  2.59149660e+00  2.85062129e+00 
 3.86640000e-10  1.90211679e+00  1.69788321e+00  2.59156713e+00  2.85061809e+00 
 3.87140000e-10  1.90174475e+00  1.69825525e+00  2.59163841e+00  2.85061393e+00 
 3.87640000e-10  1.90137170e+00  1.69862830e+00  2.59171048e+00  2.85060879e+00 
 3.88140000e-10  1.90099766e+00  1.69900234e+00  2.59178334e+00  2.85060264e+00 
 3.88640000e-10  1.90062262e+00  1.69937738e+00  2.59185703e+00  2.85059544e+00 
 3.89140000e-10  1.90024659e+00  1.69975341e+00  2.59193157e+00  2.85058717e+00 
 3.89640000e-10  1.89986957e+00  1.70013043e+00  2.59200700e+00  2.85057779e+00 
 3.90140000e-10  1.89949156e+00  1.70050844e+00  2.59208333e+00  2.85056727e+00 
 3.90640000e-10  1.89911257e+00  1.70088743e+00  2.59216060e+00  2.85055557e+00 
 3.91140000e-10  1.89873260e+00  1.70126740e+00  2.59223883e+00  2.85054267e+00 
 3.91640000e-10  1.89835166e+00  1.70164834e+00  2.59231805e+00  2.85052852e+00 
 3.92140000e-10  1.89796974e+00  1.70203026e+00  2.59239831e+00  2.85051309e+00 
 3.92640000e-10  1.89758686e+00  1.70241314e+00  2.59247962e+00  2.85049633e+00 
 3.93140000e-10  1.89720302e+00  1.70279698e+00  2.59256202e+00  2.85047822e+00 
 3.93640000e-10  1.89681821e+00  1.70318179e+00  2.59264555e+00  2.85045871e+00 
 3.94140000e-10  1.89643246e+00  1.70356754e+00  2.59273024e+00  2.85043776e+00 
 3.94640000e-10  1.89604575e+00  1.70395425e+00  2.59281612e+00  2.85041532e+00 
 3.95140000e-10  1.89565809e+00  1.70434191e+00  2.59290324e+00  2.85039136e+00 
 3.95640000e-10  1.89526949e+00  1.70473051e+00  2.59299162e+00  2.85036582e+00 
 3.96140000e-10  1.89487994e+00  1.70512006e+00  2.59308132e+00  2.85033867e+00 
 3.96640000e-10  1.89448946e+00  1.70551054e+00  2.59317236e+00  2.85030985e+00 
 3.97140000e-10  1.89409805e+00  1.70590195e+00  2.59326479e+00  2.85027932e+00 
 3.97640000e-10  1.89370571e+00  1.70629429e+00  2.59335865e+00  2.85024703e+00 
 3.98140000e-10  1.89331245e+00  1.70668755e+00  2.59345399e+00  2.85021293e+00 
 3.98640000e-10  1.89291826e+00  1.70708174e+00  2.59355084e+00  2.85017696e+00 
 3.99140000e-10  1.89252316e+00  1.70747684e+00  2.59364926e+00  2.85013907e+00 
 3.99640000e-10  1.89212714e+00  1.70787286e+00  2.59374929e+00  2.85009920e+00 
 4.00140000e-10  1.89173022e+00  1.70826978e+00  2.59385098e+00  2.85005731e+00 
 4.00640000e-10  1.89133238e+00  1.70866762e+00  2.59395437e+00  2.85001333e+00 
 4.01140000e-10  1.89093365e+00  1.70906635e+00  2.59405952e+00  2.84996721e+00 
 4.01640000e-10  1.89053402e+00  1.70946598e+00  2.59416648e+00  2.84991888e+00 
 4.02140000e-10  1.89013350e+00  1.70986650e+00  2.59427529e+00  2.84986828e+00 
 4.02640000e-10  1.88973209e+00  1.71026791e+00  2.59438603e+00  2.84981536e+00 
 4.03140000e-10  1.88932979e+00  1.71067021e+00  2.59449873e+00  2.84976004e+00 
 4.03640000e-10  1.88892661e+00  1.71107339e+00  2.59461346e+00  2.84970226e+00 
 4.04140000e-10  1.88852255e+00  1.71147745e+00  2.59473027e+00  2.84964195e+00 
 4.04640000e-10  1.88811762e+00  1.71188238e+00  2.59484922e+00  2.84957905e+00 
 4.05140000e-10  1.88771182e+00  1.71228818e+00  2.59497038e+00  2.84951348e+00 
 4.05640000e-10  1.88730515e+00  1.71269485e+00  2.59509380e+00  2.84944517e+00 
 4.06140000e-10  1.88689762e+00  1.71310238e+00  2.59521955e+00  2.84937406e+00 
 4.06640000e-10  1.88648923e+00  1.71351077e+00  2.59534769e+00  2.84930006e+00 
 4.07140000e-10  1.88607999e+00  1.71392001e+00  2.59547828e+00  2.84922310e+00 
 4.07640000e-10  1.88566990e+00  1.71433010e+00  2.59561140e+00  2.84914311e+00 
 4.08140000e-10  1.88525897e+00  1.71474103e+00  2.59574711e+00  2.84906000e+00 
 4.08640000e-10  1.88484719e+00  1.71515281e+00  2.59588548e+00  2.84897370e+00 
 4.09140000e-10  1.88443458e+00  1.71556542e+00  2.59602659e+00  2.84888412e+00 
 4.09640000e-10  1.88402113e+00  1.71597887e+00  2.59617049e+00  2.84879118e+00 
 4.10140000e-10  1.88360686e+00  1.71639314e+00  2.59631727e+00  2.84869480e+00 
 4.10640000e-10  1.88319175e+00  1.71680825e+00  2.59646700e+00  2.84859490e+00 
 4.11140000e-10  1.88277583e+00  1.71722417e+00  2.59661976e+00  2.84849138e+00 
 4.11640000e-10  1.88235909e+00  1.71764091e+00  2.59677562e+00  2.84838416e+00 
 4.12140000e-10  1.88194154e+00  1.71805846e+00  2.59693466e+00  2.84827314e+00 
 4.12640000e-10  1.88152318e+00  1.71847682e+00  2.59709696e+00  2.84815825e+00 
 4.13140000e-10  1.88110401e+00  1.71889599e+00  2.59726260e+00  2.84803939e+00 
 4.13640000e-10  1.88068405e+00  1.71931595e+00  2.59743166e+00  2.84791646e+00 
 4.14140000e-10  1.88026328e+00  1.71973672e+00  2.59760423e+00  2.84778938e+00 
 4.14640000e-10  1.87984173e+00  1.72015827e+00  2.59778038e+00  2.84765805e+00 
 4.15140000e-10  1.87941939e+00  1.72058061e+00  2.59796020e+00  2.84752237e+00 
 4.15640000e-10  1.87899626e+00  1.72100374e+00  2.59814378e+00  2.84738225e+00 
 4.16140000e-10  1.87857235e+00  1.72142765e+00  2.59833121e+00  2.84723759e+00 
 4.16640000e-10  1.87814767e+00  1.72185233e+00  2.59852256e+00  2.84708829e+00 
 4.17140000e-10  1.87772222e+00  1.72227778e+00  2.59871793e+00  2.84693426e+00 
 4.17640000e-10  1.87729600e+00  1.72270400e+00  2.59891741e+00  2.84677540e+00 
 4.18140000e-10  1.87686902e+00  1.72313098e+00  2.59912108e+00  2.84661160e+00 
 4.18640000e-10  1.87644127e+00  1.72355873e+00  2.59932904e+00  2.84644278e+00 
 4.19140000e-10  1.87601278e+00  1.72398722e+00  2.59954137e+00  2.84626882e+00 
 4.19640000e-10  1.87558353e+00  1.72441647e+00  2.59975817e+00  2.84608963e+00 
 4.20140000e-10  1.87515354e+00  1.72484646e+00  2.59997952e+00  2.84590511e+00 
 4.20640000e-10  1.87472280e+00  1.72527720e+00  2.60020552e+00  2.84571515e+00 
 4.21140000e-10  1.87429133e+00  1.72570867e+00  2.60043626e+00  2.84551966e+00 
 4.21640000e-10  1.87385913e+00  1.72614087e+00  2.60067184e+00  2.84531854e+00 
 4.22140000e-10  1.87342619e+00  1.72657381e+00  2.60091233e+00  2.84511169e+00 
 4.22640000e-10  1.87299254e+00  1.72700746e+00  2.60115784e+00  2.84489900e+00 
 4.23140000e-10  1.87255816e+00  1.72744184e+00  2.60140845e+00  2.84468038e+00 
 4.23640000e-10  1.87212306e+00  1.72787694e+00  2.60166426e+00  2.84445573e+00 
 4.24140000e-10  1.87168726e+00  1.72831274e+00  2.60192535e+00  2.84422495e+00 
 4.24640000e-10  1.87125074e+00  1.72874926e+00  2.60219183e+00  2.84398794e+00 
 4.25140000e-10  1.87081352e+00  1.72918648e+00  2.60246377e+00  2.84374462e+00 
 4.25640000e-10  1.87037561e+00  1.72962439e+00  2.60274127e+00  2.84349487e+00 
 4.26140000e-10  1.86993700e+00  1.73006300e+00  2.60302441e+00  2.84323861e+00 
 4.26640000e-10  1.86949770e+00  1.73050230e+00  2.60331328e+00  2.84297574e+00 
 4.27140000e-10  1.86905771e+00  1.73094229e+00  2.60360798e+00  2.84270618e+00 
 4.27640000e-10  1.86861704e+00  1.73138296e+00  2.60390858e+00  2.84242983e+00 
 4.28140000e-10  1.86817569e+00  1.73182431e+00  2.60421517e+00  2.84214661e+00 
 4.28640000e-10  1.86773367e+00  1.73226633e+00  2.60452784e+00  2.84185642e+00 
 4.29140000e-10  1.86729099e+00  1.73270901e+00  2.60484666e+00  2.84155918e+00 
 4.29640000e-10  1.86684764e+00  1.73315236e+00  2.60517172e+00  2.84125481e+00 
 4.30140000e-10  1.86640362e+00  1.73359638e+00  2.60550309e+00  2.84094323e+00 
 4.30640000e-10  1.86595896e+00  1.73404104e+00  2.60584086e+00  2.84062436e+00 
 4.31140000e-10  1.86551364e+00  1.73448636e+00  2.60618509e+00  2.84029811e+00 
 4.31640000e-10  1.86506768e+00  1.73493232e+00  2.60653587e+00  2.83996442e+00 
 4.32140000e-10  1.86462107e+00  1.73537893e+00  2.60689326e+00  2.83962322e+00 
 4.32640000e-10  1.86417383e+00  1.73582617e+00  2.60725734e+00  2.83927442e+00 
 4.33140000e-10  1.86372595e+00  1.73627405e+00  2.60762817e+00  2.83891798e+00 
 4.33640000e-10  1.86327744e+00  1.73672256e+00  2.60800582e+00  2.83855381e+00 
 4.34140000e-10  1.86282831e+00  1.73717169e+00  2.60839035e+00  2.83818186e+00 
 4.34640000e-10  1.86237856e+00  1.73762144e+00  2.60878182e+00  2.83780207e+00 
 4.35140000e-10  1.86192819e+00  1.73807181e+00  2.60918030e+00  2.83741439e+00 
 4.35640000e-10  1.86147722e+00  1.73852278e+00  2.60958583e+00  2.83701875e+00 
 4.36140000e-10  1.86102563e+00  1.73897437e+00  2.60999848e+00  2.83661511e+00 
 4.36640000e-10  1.86057344e+00  1.73942656e+00  2.61041829e+00  2.83620343e+00 
 4.37140000e-10  1.86012066e+00  1.73987934e+00  2.61084532e+00  2.83578365e+00 
 4.37640000e-10  1.85966728e+00  1.74033272e+00  2.61127960e+00  2.83535573e+00 
 4.38140000e-10  1.85921331e+00  1.74078669e+00  2.61172119e+00  2.83491965e+00 
 4.38640000e-10  1.85875876e+00  1.74124124e+00  2.61217012e+00  2.83447536e+00 
 4.39140000e-10  1.85830363e+00  1.74169637e+00  2.61262643e+00  2.83402283e+00 
 4.39640000e-10  1.85784792e+00  1.74215208e+00  2.61309015e+00  2.83356203e+00 
 4.40140000e-10  1.85739165e+00  1.74260835e+00  2.61356133e+00  2.83309294e+00 
 4.40640000e-10  1.85693480e+00  1.74306520e+00  2.61403998e+00  2.83261554e+00 
 4.41140000e-10  1.85647740e+00  1.74352260e+00  2.61452614e+00  2.83212980e+00 
 4.41640000e-10  1.85601943e+00  1.74398057e+00  2.61501982e+00  2.83163572e+00 
 4.42140000e-10  1.85556092e+00  1.74443908e+00  2.61552105e+00  2.83113328e+00 
 4.42640000e-10  1.85510185e+00  1.74489815e+00  2.61602985e+00  2.83062248e+00 
 4.43140000e-10  1.85464224e+00  1.74535776e+00  2.61654623e+00  2.83010330e+00 
 4.43640000e-10  1.85418209e+00  1.74581791e+00  2.61707021e+00  2.82957575e+00 
 4.44140000e-10  1.85372141e+00  1.74627859e+00  2.61760178e+00  2.82903982e+00 
 4.44640000e-10  1.85326020e+00  1.74673980e+00  2.61814097e+00  2.82849553e+00 
 4.45140000e-10  1.85279846e+00  1.74720154e+00  2.61868777e+00  2.82794288e+00 
 4.45640000e-10  1.85233620e+00  1.74766380e+00  2.61924219e+00  2.82738189e+00 
 4.46140000e-10  1.85187342e+00  1.74812658e+00  2.61980422e+00  2.82681256e+00 
 4.46640000e-10  1.85141014e+00  1.74858986e+00  2.62037386e+00  2.82623491e+00 
 4.47140000e-10  1.85094634e+00  1.74905366e+00  2.62095110e+00  2.82564897e+00 
 4.47640000e-10  1.85048204e+00  1.74951796e+00  2.62153594e+00  2.82505475e+00 
 4.48140000e-10  1.85001725e+00  1.74998275e+00  2.62212836e+00  2.82445230e+00 
 4.48640000e-10  1.84955196e+00  1.75044804e+00  2.62272834e+00  2.82384162e+00 
 4.49140000e-10  1.84908618e+00  1.75091382e+00  2.62333587e+00  2.82322277e+00 
 4.49640000e-10  1.84861991e+00  1.75138009e+00  2.62395093e+00  2.82259576e+00 
 4.50140000e-10  1.84815317e+00  1.75184683e+00  2.62457350e+00  2.82196065e+00 
 4.50640000e-10  1.84768595e+00  1.75231405e+00  2.62520356e+00  2.82131746e+00 
 4.51140000e-10  1.84721826e+00  1.75278174e+00  2.62584106e+00  2.82066625e+00 
 4.51640000e-10  1.84675011e+00  1.75324989e+00  2.62648600e+00  2.82000706e+00 
 4.52140000e-10  1.84628149e+00  1.75371851e+00  2.62713832e+00  2.81933993e+00 
 4.52640000e-10  1.84581241e+00  1.75418759e+00  2.62779801e+00  2.81866492e+00 
 4.53140000e-10  1.84534289e+00  1.75465711e+00  2.62846501e+00  2.81798207e+00 
 4.53640000e-10  1.84487292e+00  1.75512708e+00  2.62913930e+00  2.81729143e+00 
 4.54140000e-10  1.84440250e+00  1.75559750e+00  2.62982082e+00  2.81659307e+00 
 4.54640000e-10  1.84393164e+00  1.75606836e+00  2.63050953e+00  2.81588704e+00 
 4.55140000e-10  1.84346036e+00  1.75653964e+00  2.63120538e+00  2.81517338e+00 
 4.55640000e-10  1.84298864e+00  1.75701136e+00  2.63190832e+00  2.81445217e+00 
 4.56140000e-10  1.84251650e+00  1.75748350e+00  2.63261830e+00  2.81372346e+00 
 4.56640000e-10  1.84204394e+00  1.75795606e+00  2.63333525e+00  2.81298729e+00 
 4.57140000e-10  1.84157096e+00  1.75842904e+00  2.63405912e+00  2.81224374e+00 
 4.57640000e-10  1.84109757e+00  1.75890243e+00  2.63478983e+00  2.81149287e+00 
 4.58140000e-10  1.84062378e+00  1.75937622e+00  2.63552733e+00  2.81073472e+00 
 4.58640000e-10  1.84014959e+00  1.75985041e+00  2.63627154e+00  2.80996935e+00 
 4.59140000e-10  1.83967500e+00  1.76032500e+00  2.63702238e+00  2.80919683e+00 
 4.59640000e-10  1.83920002e+00  1.76079998e+00  2.63777979e+00  2.80841721e+00 
 4.60140000e-10  1.83872465e+00  1.76127535e+00  2.63854368e+00  2.80763055e+00 
 4.60640000e-10  1.83824890e+00  1.76175110e+00  2.63931397e+00  2.80683690e+00 
 4.61140000e-10  1.83777278e+00  1.76222722e+00  2.64009057e+00  2.80603631e+00 
 4.61640000e-10  1.83729628e+00  1.76270372e+00  2.64087341e+00  2.80522885e+00 
 4.62140000e-10  1.83681941e+00  1.76318059e+00  2.64166239e+00  2.80441456e+00 
 4.62640000e-10  1.83634218e+00  1.76365782e+00  2.64245742e+00  2.80359350e+00 
 4.63140000e-10  1.83586459e+00  1.76413541e+00  2.64325841e+00  2.80276573e+00 
 4.63640000e-10  1.83538664e+00  1.76461336e+00  2.64406528e+00  2.80193130e+00 
 4.64140000e-10  1.83490835e+00  1.76509165e+00  2.64487793e+00  2.80109027e+00 
 4.64640000e-10  1.83442971e+00  1.76557029e+00  2.64569628e+00  2.80024269e+00 
 4.65140000e-10  1.83395073e+00  1.76604927e+00  2.64652022e+00  2.79938863e+00 
 4.65640000e-10  1.83347142e+00  1.76652858e+00  2.64734966e+00  2.79852813e+00 
 4.66140000e-10  1.83299178e+00  1.76700822e+00  2.64818452e+00  2.79766126e+00 
 4.66640000e-10  1.83251181e+00  1.76748819e+00  2.64902471e+00  2.79678808e+00 
 4.67140000e-10  1.83203152e+00  1.76796848e+00  2.64987013e+00  2.79590865e+00 
 4.67640000e-10  1.83155091e+00  1.76844909e+00  2.65072070e+00  2.79502304e+00 
 4.68140000e-10  1.83107000e+00  1.76893000e+00  2.65157633e+00  2.79413130e+00 
 4.68640000e-10  1.83058877e+00  1.76941123e+00  2.65243692e+00  2.79323351e+00 
 4.69140000e-10  1.83010725e+00  1.76989275e+00  2.65330240e+00  2.79232974e+00 
 4.69640000e-10  1.82962542e+00  1.77037458e+00  2.65417267e+00  2.79142004e+00 
 4.70140000e-10  1.82914331e+00  1.77085669e+00  2.65504765e+00  2.79050450e+00 
 4.70640000e-10  1.82866091e+00  1.77133909e+00  2.65592726e+00  2.78958318e+00 
 4.71140000e-10  1.82817822e+00  1.77182178e+00  2.65681141e+00  2.78865615e+00 
 4.71640000e-10  1.82769526e+00  1.77230474e+00  2.65770002e+00  2.78772349e+00 
 4.72140000e-10  1.82721202e+00  1.77278798e+00  2.65859300e+00  2.78678528e+00 
 4.72640000e-10  1.82672851e+00  1.77327149e+00  2.65949028e+00  2.78584158e+00 
 4.73140000e-10  1.82624474e+00  1.77375526e+00  2.66039177e+00  2.78489247e+00 
 4.73640000e-10  1.82576072e+00  1.77423928e+00  2.66129739e+00  2.78393803e+00 
 4.74140000e-10  1.82527643e+00  1.77472357e+00  2.66220707e+00  2.78297834e+00 
 4.74640000e-10  1.82479190e+00  1.77520810e+00  2.66312073e+00  2.78201348e+00 
 4.75140000e-10  1.82430712e+00  1.77569288e+00  2.66403828e+00  2.78104352e+00 
 4.75640000e-10  1.82382211e+00  1.77617789e+00  2.66495966e+00  2.78006855e+00 
 4.76140000e-10  1.82333685e+00  1.77666315e+00  2.66588478e+00  2.77908865e+00 
 4.76640000e-10  1.82285137e+00  1.77714863e+00  2.66681357e+00  2.77810389e+00 
 4.77140000e-10  1.82236566e+00  1.77763434e+00  2.66774595e+00  2.77711436e+00 
 4.77640000e-10  1.82187974e+00  1.77812026e+00  2.66868186e+00  2.77612015e+00 
 4.78140000e-10  1.82139359e+00  1.77860641e+00  2.66962122e+00  2.77512133e+00 
 4.78640000e-10  1.82090724e+00  1.77909276e+00  2.67056397e+00  2.77411800e+00 
 4.79140000e-10  1.82042067e+00  1.77957933e+00  2.67151001e+00  2.77311024e+00 
 4.79640000e-10  1.81993391e+00  1.78006609e+00  2.67245930e+00  2.77209813e+00 
 4.80140000e-10  1.81944695e+00  1.78055305e+00  2.67341177e+00  2.77108176e+00 
 4.80640000e-10  1.81895980e+00  1.78104020e+00  2.67436733e+00  2.77006122e+00 
 4.81140000e-10  1.81847246e+00  1.78152754e+00  2.67532594e+00  2.76903660e+00 
 4.81640000e-10  1.81798494e+00  1.78201506e+00  2.67628752e+00  2.76800798e+00 
 4.82140000e-10  1.81749724e+00  1.78250276e+00  2.67725201e+00  2.76697546e+00 
 4.82640000e-10  1.81700936e+00  1.78299064e+00  2.67821934e+00  2.76593913e+00 
 4.83140000e-10  1.81652133e+00  1.78347867e+00  2.67918946e+00  2.76489908e+00 
 4.83640000e-10  1.81603312e+00  1.78396688e+00  2.68016229e+00  2.76385539e+00 
 4.84140000e-10  1.81554476e+00  1.78445524e+00  2.68113779e+00  2.76280817e+00 
 4.84640000e-10  1.81505625e+00  1.78494375e+00  2.68211588e+00  2.76175749e+00 
 4.85140000e-10  1.81456758e+00  1.78543242e+00  2.68309651e+00  2.76070347e+00 
 4.85640000e-10  1.81407878e+00  1.78592122e+00  2.68407963e+00  2.75964618e+00 
 4.86140000e-10  1.81358983e+00  1.78641017e+00  2.68506515e+00  2.75858572e+00 
 4.86640000e-10  1.81310075e+00  1.78689925e+00  2.68605304e+00  2.75752218e+00 
 4.87140000e-10  1.81261154e+00  1.78738846e+00  2.68704324e+00  2.75645566e+00 
 4.87640000e-10  1.81212221e+00  1.78787779e+00  2.68803567e+00  2.75538625e+00 
 4.88140000e-10  1.81163275e+00  1.78836725e+00  2.68903029e+00  2.75431404e+00 
 4.88640000e-10  1.81114319e+00  1.78885681e+00  2.69002703e+00  2.75323912e+00 
 4.89140000e-10  1.81065351e+00  1.78934649e+00  2.69102584e+00  2.75216158e+00 
 4.89640000e-10  1.81016373e+00  1.78983627e+00  2.69202666e+00  2.75108152e+00 
 4.90140000e-10  1.80967384e+00  1.79032616e+00  2.69302942e+00  2.74999903e+00 
 4.90640000e-10  1.80918386e+00  1.79081614e+00  2.69403408e+00  2.74891419e+00 
 4.91140000e-10  1.80869379e+00  1.79130621e+00  2.69504057e+00  2.74782711e+00 
 4.91640000e-10  1.80820364e+00  1.79179636e+00  2.69604883e+00  2.74673785e+00 
 4.92140000e-10  1.80771340e+00  1.79228660e+00  2.69705880e+00  2.74564652e+00 
 4.92640000e-10  1.80722309e+00  1.79277691e+00  2.69807042e+00  2.74455321e+00 
 4.93140000e-10  1.80673270e+00  1.79326730e+00  2.69908363e+00  2.74345799e+00 
 4.93640000e-10  1.80624225e+00  1.79375775e+00  2.70009836e+00  2.74236095e+00 
 4.94140000e-10  1.80575174e+00  1.79424826e+00  2.70111456e+00  2.74126219e+00 
 4.94640000e-10  1.80526117e+00  1.79473883e+00  2.70213216e+00  2.74016178e+00 
 4.95140000e-10  1.80477055e+00  1.79522945e+00  2.70315110e+00  2.73905981e+00 
 4.95640000e-10  1.80427988e+00  1.79572012e+00  2.70417130e+00  2.73795636e+00 
 4.96140000e-10  1.80378917e+00  1.79621083e+00  2.70519272e+00  2.73685151e+00 
 4.96640000e-10  1.80329843e+00  1.79670157e+00  2.70621528e+00  2.73574534e+00 
 4.97140000e-10  1.80280765e+00  1.79719235e+00  2.70723892e+00  2.73463794e+00 
 4.97640000e-10  1.80231684e+00  1.79768316e+00  2.70826356e+00  2.73352937e+00 
 4.98140000e-10  1.80182601e+00  1.79817399e+00  2.70928914e+00  2.73241973e+00 
 4.98640000e-10  1.80133516e+00  1.79866484e+00  2.71031560e+00  2.73130908e+00 
 4.99140000e-10  1.80084430e+00  1.79915570e+00  2.71134286e+00  2.73019751e+00 
 4.99640000e-10  1.80035343e+00  1.79964657e+00  2.71237085e+00  2.72908508e+00 
 5.00140000e-10  1.79986256e+00  1.80013744e+00  2.71339950e+00  2.72797187e+00 
 5.00640000e-10  1.79937168e+00  1.80062832e+00  2.71442874e+00  2.72685796e+00 
 5.01140000e-10  1.79888082e+00  1.80111918e+00  2.71545850e+00  2.72574342e+00 
 5.01640000e-10  1.79838996e+00  1.80161004e+00  2.71648870e+00  2.72462831e+00 
 5.02140000e-10  1.79789912e+00  1.80210088e+00  2.71751927e+00  2.72351272e+00 
 5.02640000e-10  1.79740830e+00  1.80259170e+00  2.71855014e+00  2.72239670e+00 
 5.03140000e-10  1.79691751e+00  1.80308249e+00  2.71958123e+00  2.72128034e+00 
 5.03640000e-10  1.79642675e+00  1.80357325e+00  2.72061247e+00  2.72016370e+00 
 5.04140000e-10  1.79593602e+00  1.80406398e+00  2.72164378e+00  2.71904684e+00 
 5.04640000e-10  1.79544534e+00  1.80455466e+00  2.72267508e+00  2.71792984e+00 
 5.05140000e-10  1.79495469e+00  1.80504531e+00  2.72370629e+00  2.71681276e+00 
 5.05640000e-10  1.79446410e+00  1.80553590e+00  2.72473735e+00  2.71569567e+00 
 5.06140000e-10  1.79397356e+00  1.80602644e+00  2.72576816e+00  2.71457864e+00 
 5.06640000e-10  1.79348309e+00  1.80651691e+00  2.72679865e+00  2.71346172e+00 
 5.07140000e-10  1.79299267e+00  1.80700733e+00  2.72782874e+00  2.71234499e+00 
 5.07640000e-10  1.79250233e+00  1.80749767e+00  2.72885834e+00  2.71122851e+00 
 5.08140000e-10  1.79201206e+00  1.80798794e+00  2.72988739e+00  2.71011233e+00 
 5.08640000e-10  1.79152187e+00  1.80847813e+00  2.73091580e+00  2.70899654e+00 
 5.09140000e-10  1.79103176e+00  1.80896824e+00  2.73194348e+00  2.70788119e+00 
 5.09640000e-10  1.79054174e+00  1.80945826e+00  2.73297035e+00  2.70676634e+00 
 5.10140000e-10  1.79005181e+00  1.80994819e+00  2.73399634e+00  2.70565206e+00 
 5.10640000e-10  1.78956198e+00  1.81043802e+00  2.73502135e+00  2.70453840e+00 
 5.11140000e-10  1.78907226e+00  1.81092774e+00  2.73604531e+00  2.70342544e+00 
 5.11640000e-10  1.78858264e+00  1.81141736e+00  2.73706813e+00  2.70231324e+00 
 5.12140000e-10  1.78809314e+00  1.81190686e+00  2.73808973e+00  2.70120185e+00 
 5.12640000e-10  1.78760375e+00  1.81239625e+00  2.73911003e+00  2.70009135e+00 
 5.13140000e-10  1.78711449e+00  1.81288551e+00  2.74012893e+00  2.69898179e+00 
 5.13640000e-10  1.78662535e+00  1.81337465e+00  2.74114636e+00  2.69787323e+00 
 5.14140000e-10  1.78613634e+00  1.81386366e+00  2.74216223e+00  2.69676575e+00 
 5.14640000e-10  1.78564747e+00  1.81435253e+00  2.74317646e+00  2.69565939e+00 
 5.15140000e-10  1.78515875e+00  1.81484125e+00  2.74418895e+00  2.69455424e+00 
 5.15640000e-10  1.78467017e+00  1.81532983e+00  2.74519963e+00  2.69345034e+00 
 5.16140000e-10  1.78418174e+00  1.81581826e+00  2.74620841e+00  2.69234777e+00 
 5.16640000e-10  1.78369346e+00  1.81630654e+00  2.74721521e+00  2.69124659e+00 
 5.17140000e-10  1.78320535e+00  1.81679465e+00  2.74821993e+00  2.69014686e+00 
 5.17640000e-10  1.78271741e+00  1.81728259e+00  2.74922250e+00  2.68904866e+00 
 5.18140000e-10  1.78222963e+00  1.81777037e+00  2.75022283e+00  2.68795204e+00 
 5.18640000e-10  1.78174203e+00  1.81825797e+00  2.75122083e+00  2.68685707e+00 
 5.19140000e-10  1.78125461e+00  1.81874539e+00  2.75221641e+00  2.68576382e+00 
 5.19640000e-10  1.78076737e+00  1.81923263e+00  2.75320950e+00  2.68467237e+00 
 5.20140000e-10  1.78028033e+00  1.81971967e+00  2.75420001e+00  2.68358277e+00 
 5.20640000e-10  1.77979348e+00  1.82020652e+00  2.75518784e+00  2.68249510e+00 
 5.21140000e-10  1.77930683e+00  1.82069317e+00  2.75617293e+00  2.68140943e+00 
 5.21640000e-10  1.77882038e+00  1.82117962e+00  2.75715518e+00  2.68032583e+00 
 5.22140000e-10  1.77833414e+00  1.82166586e+00  2.75813451e+00  2.67924438e+00 
 5.22640000e-10  1.77784812e+00  1.82215188e+00  2.75911084e+00  2.67816514e+00 
 5.23140000e-10  1.77736231e+00  1.82263769e+00  2.76008408e+00  2.67708820e+00 
 5.23640000e-10  1.77687673e+00  1.82312327e+00  2.76105415e+00  2.67601362e+00 
 5.24140000e-10  1.77639138e+00  1.82360862e+00  2.76202097e+00  2.67494150e+00 
 5.24640000e-10  1.77590625e+00  1.82409375e+00  2.76298445e+00  2.67387190e+00 
 5.25140000e-10  1.77542137e+00  1.82457863e+00  2.76394452e+00  2.67280492e+00 
 5.25640000e-10  1.77493673e+00  1.82506327e+00  2.76490110e+00  2.67174062e+00 
 5.26140000e-10  1.77445234e+00  1.82554766e+00  2.76585410e+00  2.67067910e+00 
 5.26640000e-10  1.77396820e+00  1.82603180e+00  2.76680345e+00  2.66962044e+00 
 5.27140000e-10  1.77348431e+00  1.82651569e+00  2.76774907e+00  2.66856472e+00 
 5.27640000e-10  1.77300069e+00  1.82699931e+00  2.76869088e+00  2.66751205e+00 
 5.28140000e-10  1.77251733e+00  1.82748267e+00  2.76962881e+00  2.66646250e+00 
 5.28640000e-10  1.77203425e+00  1.82796575e+00  2.77056278e+00  2.66541618e+00 
 5.29140000e-10  1.77155144e+00  1.82844856e+00  2.77149272e+00  2.66437317e+00 
 5.29640000e-10  1.77106891e+00  1.82893109e+00  2.77241855e+00  2.66333358e+00 
 5.30140000e-10  1.77058667e+00  1.82941333e+00  2.77334021e+00  2.66229750e+00 
 5.30640000e-10  1.77010472e+00  1.82989528e+00  2.77425763e+00  2.66126504e+00 
 5.31140000e-10  1.76962306e+00  1.83037694e+00  2.77517073e+00  2.66023629e+00 
 5.31640000e-10  1.76914170e+00  1.83085830e+00  2.77607946e+00  2.65921137e+00 
 5.32140000e-10  1.76866065e+00  1.83133935e+00  2.77698373e+00  2.65819037e+00 
 5.32640000e-10  1.76817991e+00  1.83182009e+00  2.77788350e+00  2.65717340e+00 
 5.33140000e-10  1.76769948e+00  1.83230052e+00  2.77877869e+00  2.65616058e+00 
 5.33640000e-10  1.76721937e+00  1.83278063e+00  2.77966925e+00  2.65515201e+00 
 5.34140000e-10  1.76673958e+00  1.83326042e+00  2.78055510e+00  2.65414780e+00 
 5.34640000e-10  1.76626012e+00  1.83373988e+00  2.78143620e+00  2.65314807e+00 
 5.35140000e-10  1.76578100e+00  1.83421900e+00  2.78231249e+00  2.65215293e+00 
 5.35640000e-10  1.76530221e+00  1.83469779e+00  2.78318389e+00  2.65116249e+00 
 5.36140000e-10  1.76482376e+00  1.83517624e+00  2.78405036e+00  2.65017685e+00 
 5.36640000e-10  1.76434567e+00  1.83565433e+00  2.78491185e+00  2.64919614e+00 
 5.37140000e-10  1.76386792e+00  1.83613208e+00  2.78576828e+00  2.64822046e+00 
 5.37640000e-10  1.76339053e+00  1.83660947e+00  2.78661960e+00  2.64724992e+00 
 5.38140000e-10  1.76291350e+00  1.83708650e+00  2.78746576e+00  2.64628462e+00 
 5.38640000e-10  1.76243684e+00  1.83756316e+00  2.78830669e+00  2.64532468e+00 
 5.39140000e-10  1.76196055e+00  1.83803945e+00  2.78914233e+00  2.64437019e+00 
 5.39640000e-10  1.76148463e+00  1.83851537e+00  2.78997263e+00  2.64342126e+00 
 5.40140000e-10  1.76100909e+00  1.83899091e+00  2.79079752e+00  2.64247798e+00 
 5.40640000e-10  1.76053394e+00  1.83946606e+00  2.79161693e+00  2.64154044e+00 
 5.41140000e-10  1.76005918e+00  1.83994082e+00  2.79243081e+00  2.64060875e+00 
 5.41640000e-10  1.75958481e+00  1.84041519e+00  2.79323908e+00  2.63968298e+00 
 5.42140000e-10  1.75911084e+00  1.84088916e+00  2.79404167e+00  2.63876322e+00 
 5.42640000e-10  1.75863728e+00  1.84136272e+00  2.79483851e+00  2.63784955e+00 
 5.43140000e-10  1.75816412e+00  1.84183588e+00  2.79562952e+00  2.63694205e+00 
 5.43640000e-10  1.75769138e+00  1.84230862e+00  2.79641464e+00  2.63604080e+00 
 5.44140000e-10  1.75721905e+00  1.84278095e+00  2.79719378e+00  2.63514586e+00 
 5.44640000e-10  1.75674715e+00  1.84325285e+00  2.79796687e+00  2.63425730e+00 
 5.45140000e-10  1.75627567e+00  1.84372433e+00  2.79873381e+00  2.63337519e+00 
 5.45640000e-10  1.75580462e+00  1.84419538e+00  2.79949454e+00  2.63249959e+00 
 5.46140000e-10  1.75533401e+00  1.84466599e+00  2.80024896e+00  2.63163055e+00 
 5.46640000e-10  1.75486384e+00  1.84513616e+00  2.80099699e+00  2.63076813e+00 
 5.47140000e-10  1.75439412e+00  1.84560588e+00  2.80173855e+00  2.62991239e+00 
 5.47640000e-10  1.75392485e+00  1.84607515e+00  2.80247354e+00  2.62906338e+00 
 5.48140000e-10  1.75345603e+00  1.84654397e+00  2.80320189e+00  2.62822114e+00 
 5.48640000e-10  1.75298767e+00  1.84701233e+00  2.80392349e+00  2.62738572e+00 
 5.49140000e-10  1.75251978e+00  1.84748022e+00  2.80463828e+00  2.62655717e+00 
 5.49640000e-10  1.75205235e+00  1.84794765e+00  2.80534615e+00  2.62573553e+00 
 5.50140000e-10  1.75158540e+00  1.84841460e+00  2.80604703e+00  2.62492084e+00 
 5.50640000e-10  1.75111892e+00  1.84888108e+00  2.80674083e+00  2.62411315e+00 
 5.51140000e-10  1.75065293e+00  1.84934707e+00  2.80742746e+00  2.62331250e+00 
 5.51640000e-10  1.75018742e+00  1.84981258e+00  2.80810686e+00  2.62251892e+00 
 5.52140000e-10  1.74972241e+00  1.85027759e+00  2.80877893e+00  2.62173246e+00 
 5.52640000e-10  1.74925789e+00  1.85074211e+00  2.80944360e+00  2.62095314e+00 
 5.53140000e-10  1.74879387e+00  1.85120613e+00  2.81010080e+00  2.62018102e+00 
 5.53640000e-10  1.74833036e+00  1.85166964e+00  2.81075045e+00  2.61941612e+00 
 5.54140000e-10  1.74786736e+00  1.85213264e+00  2.81139248e+00  2.61865849e+00 
 5.54640000e-10  1.74740487e+00  1.85259513e+00  2.81202684e+00  2.61790815e+00 
 5.55140000e-10  1.74694290e+00  1.85305710e+00  2.81265345e+00  2.61716515e+00 
 5.55640000e-10  1.74648146e+00  1.85351854e+00  2.81327226e+00  2.61642952e+00 
 5.56140000e-10  1.74602054e+00  1.85397946e+00  2.81388320e+00  2.61570130e+00 
 5.56640000e-10  1.74556016e+00  1.85443984e+00  2.81448624e+00  2.61498051e+00 
 5.57140000e-10  1.74510031e+00  1.85489969e+00  2.81508131e+00  2.61426720e+00 
 5.57640000e-10  1.74464101e+00  1.85535899e+00  2.81566838e+00  2.61356139e+00 
 5.58140000e-10  1.74418225e+00  1.85581775e+00  2.81624741e+00  2.61286313e+00 
 5.58640000e-10  1.74372404e+00  1.85627596e+00  2.81681835e+00  2.61217243e+00 
 5.59140000e-10  1.74326639e+00  1.85673361e+00  2.81738117e+00  2.61148933e+00 
 5.59640000e-10  1.74280930e+00  1.85719070e+00  2.81793585e+00  2.61081386e+00 
 5.60140000e-10  1.74235277e+00  1.85764723e+00  2.81848237e+00  2.61014606e+00 
 5.60640000e-10  1.74189681e+00  1.85810319e+00  2.81902069e+00  2.60948594e+00 
 5.61140000e-10  1.74144142e+00  1.85855858e+00  2.81955080e+00  2.60883353e+00 
 5.61640000e-10  1.74098662e+00  1.85901338e+00  2.82007270e+00  2.60818886e+00 
 5.62140000e-10  1.74053239e+00  1.85946761e+00  2.82058637e+00  2.60755196e+00 
 5.62640000e-10  1.74007875e+00  1.85992125e+00  2.82109181e+00  2.60692284e+00 
 5.63140000e-10  1.73962571e+00  1.86037429e+00  2.82158901e+00  2.60630152e+00 
 5.63640000e-10  1.73917326e+00  1.86082674e+00  2.82207799e+00  2.60568803e+00 
 5.64140000e-10  1.73872141e+00  1.86127859e+00  2.82255876e+00  2.60508237e+00 
 5.64640000e-10  1.73827016e+00  1.86172984e+00  2.82303131e+00  2.60448457e+00 
 5.65140000e-10  1.73781953e+00  1.86218047e+00  2.82349567e+00  2.60389464e+00 
 5.65640000e-10  1.73736950e+00  1.86263050e+00  2.82395187e+00  2.60331258e+00 
 5.66140000e-10  1.73692010e+00  1.86307990e+00  2.82439991e+00  2.60273840e+00 
 5.66640000e-10  1.73647132e+00  1.86352868e+00  2.82483983e+00  2.60217211e+00 
 5.67140000e-10  1.73602316e+00  1.86397684e+00  2.82527166e+00  2.60161370e+00 
 5.67640000e-10  1.73557564e+00  1.86442436e+00  2.82569544e+00  2.60106319e+00 
 5.68140000e-10  1.73512875e+00  1.86487125e+00  2.82611120e+00  2.60052056e+00 
 5.68640000e-10  1.73468250e+00  1.86531750e+00  2.82651898e+00  2.59998582e+00 
 5.69140000e-10  1.73423690e+00  1.86576310e+00  2.82691882e+00  2.59945894e+00 
 5.69640000e-10  1.73379195e+00  1.86620805e+00  2.82731079e+00  2.59893993e+00 
 5.70140000e-10  1.73334765e+00  1.86665235e+00  2.82769492e+00  2.59842876e+00 
 5.70640000e-10  1.73290401e+00  1.86709599e+00  2.82807127e+00  2.59792542e+00 
 5.71140000e-10  1.73246103e+00  1.86753897e+00  2.82843989e+00  2.59742988e+00 
 5.71640000e-10  1.73201871e+00  1.86798129e+00  2.82880086e+00  2.59694213e+00 
 5.72140000e-10  1.73157707e+00  1.86842293e+00  2.82915422e+00  2.59646214e+00 
 5.72640000e-10  1.73113610e+00  1.86886390e+00  2.82950005e+00  2.59598987e+00 
 5.73140000e-10  1.73069581e+00  1.86930419e+00  2.82983842e+00  2.59552530e+00 
 5.73640000e-10  1.73025621e+00  1.86974379e+00  2.83016939e+00  2.59506839e+00 
 5.74140000e-10  1.72981730e+00  1.87018270e+00  2.83049304e+00  2.59461911e+00 
 5.74640000e-10  1.72937907e+00  1.87062093e+00  2.83080944e+00  2.59417740e+00 
 5.75140000e-10  1.72894155e+00  1.87105845e+00  2.83111867e+00  2.59374323e+00 
 5.75640000e-10  1.72850472e+00  1.87149528e+00  2.83142081e+00  2.59331655e+00 
 5.76140000e-10  1.72806860e+00  1.87193140e+00  2.83171595e+00  2.59289730e+00 
 5.76640000e-10  1.72763320e+00  1.87236680e+00  2.83200416e+00  2.59248545e+00 
 5.77140000e-10  1.72719850e+00  1.87280150e+00  2.83228554e+00  2.59208092e+00 
 5.77640000e-10  1.72676453e+00  1.87323547e+00  2.83256016e+00  2.59168367e+00 
 5.78140000e-10  1.72633127e+00  1.87366873e+00  2.83282813e+00  2.59129364e+00 
 5.78640000e-10  1.72589875e+00  1.87410125e+00  2.83308952e+00  2.59091075e+00 
 5.79140000e-10  1.72546695e+00  1.87453305e+00  2.83334444e+00  2.59053496e+00 
 5.79640000e-10  1.72503589e+00  1.87496411e+00  2.83359298e+00  2.59016618e+00 
 5.80140000e-10  1.72460557e+00  1.87539443e+00  2.83383522e+00  2.58980435e+00 
 5.80640000e-10  1.72417600e+00  1.87582400e+00  2.83407127e+00  2.58944940e+00 
 5.81140000e-10  1.72374717e+00  1.87625283e+00  2.83430122e+00  2.58910126e+00 
 5.81640000e-10  1.72331910e+00  1.87668090e+00  2.83452517e+00  2.58875985e+00 
 5.82140000e-10  1.72289178e+00  1.87710822e+00  2.83474323e+00  2.58842509e+00 
 5.82640000e-10  1.72246522e+00  1.87753478e+00  2.83495548e+00  2.58809691e+00 
 5.83140000e-10  1.72203943e+00  1.87796057e+00  2.83516203e+00  2.58777522e+00 
 5.83640000e-10  1.72161441e+00  1.87838559e+00  2.83536297e+00  2.58745995e+00 
 5.84140000e-10  1.72119016e+00  1.87880984e+00  2.83555842e+00  2.58715101e+00 
 5.84640000e-10  1.72076669e+00  1.87923331e+00  2.83574846e+00  2.58684831e+00 
 5.85140000e-10  1.72034401e+00  1.87965599e+00  2.83593321e+00  2.58655179e+00 
 5.85640000e-10  1.71992210e+00  1.88007790e+00  2.83611276e+00  2.58626133e+00 
 5.86140000e-10  1.71950099e+00  1.88049901e+00  2.83628721e+00  2.58597687e+00 
 5.86640000e-10  1.71908067e+00  1.88091933e+00  2.83645667e+00  2.58569832e+00 
 5.87140000e-10  1.71866116e+00  1.88133884e+00  2.83662123e+00  2.58542558e+00 
 5.87640000e-10  1.71824244e+00  1.88175756e+00  2.83678100e+00  2.58515856e+00 
 5.88140000e-10  1.71782453e+00  1.88217547e+00  2.83693608e+00  2.58489718e+00 
 5.88640000e-10  1.71740743e+00  1.88259257e+00  2.83708656e+00  2.58464136e+00 
 5.89140000e-10  1.71699115e+00  1.88300885e+00  2.83723255e+00  2.58439099e+00 
 5.89640000e-10  1.71657569e+00  1.88342431e+00  2.83737414e+00  2.58414598e+00 
 5.90140000e-10  1.71616105e+00  1.88383895e+00  2.83751144e+00  2.58390626e+00 
 5.90640000e-10  1.71574723e+00  1.88425277e+00  2.83764454e+00  2.58367173e+00 
 5.91140000e-10  1.71533425e+00  1.88466575e+00  2.83777353e+00  2.58344230e+00 
 5.91640000e-10  1.71492211e+00  1.88507789e+00  2.83789852e+00  2.58321787e+00 
 5.92140000e-10  1.71451080e+00  1.88548920e+00  2.83801960e+00  2.58299837e+00 
 5.92640000e-10  1.71410034e+00  1.88589966e+00  2.83813686e+00  2.58278370e+00 
 5.93140000e-10  1.71369073e+00  1.88630927e+00  2.83825039e+00  2.58257377e+00 
 5.93640000e-10  1.71328196e+00  1.88671804e+00  2.83836030e+00  2.58236850e+00 
 5.94140000e-10  1.71287406e+00  1.88712594e+00  2.83846666e+00  2.58216779e+00 
 5.94640000e-10  1.71246701e+00  1.88753299e+00  2.83856957e+00  2.58197157e+00 
 5.95140000e-10  1.71206083e+00  1.88793917e+00  2.83866911e+00  2.58177974e+00 
 5.95640000e-10  1.71165551e+00  1.88834449e+00  2.83876538e+00  2.58159222e+00 
 5.96140000e-10  1.71125107e+00  1.88874893e+00  2.83885846e+00  2.58140892e+00 
 5.96640000e-10  1.71084750e+00  1.88915250e+00  2.83894843e+00  2.58122977e+00 
 5.97140000e-10  1.71044482e+00  1.88955518e+00  2.83903538e+00  2.58105467e+00 
 5.97640000e-10  1.71004301e+00  1.88995699e+00  2.83911939e+00  2.58088355e+00 
 5.98140000e-10  1.70964210e+00  1.89035790e+00  2.83920054e+00  2.58071632e+00 
 5.98640000e-10  1.70924208e+00  1.89075792e+00  2.83927891e+00  2.58055291e+00 
 5.99140000e-10  1.70884295e+00  1.89115705e+00  2.83935458e+00  2.58039323e+00 
 5.99640000e-10  1.70844472e+00  1.89155528e+00  2.83942762e+00  2.58023721e+00 
 6.00140000e-10  1.70804739e+00  1.89195261e+00  2.83949811e+00  2.58008477e+00 
 6.00640000e-10  1.70765098e+00  1.89234902e+00  2.83956612e+00  2.57993584e+00 
 6.01140000e-10  1.70725547e+00  1.89274453e+00  2.83963173e+00  2.57979034e+00 
 6.01640000e-10  1.70686088e+00  1.89313912e+00  2.83969501e+00  2.57964819e+00 
 6.02140000e-10  1.70646721e+00  1.89353279e+00  2.83975602e+00  2.57950933e+00 
 6.02640000e-10  1.70607446e+00  1.89392554e+00  2.83981483e+00  2.57937369e+00 
 6.03140000e-10  1.70568264e+00  1.89431736e+00  2.83987151e+00  2.57924119e+00 
 6.03640000e-10  1.70529175e+00  1.89470825e+00  2.83992613e+00  2.57911176e+00 
 6.04140000e-10  1.70490180e+00  1.89509820e+00  2.83997874e+00  2.57898534e+00 
 6.04640000e-10  1.70451278e+00  1.89548722e+00  2.84002942e+00  2.57886186e+00 
 6.05140000e-10  1.70412471e+00  1.89587529e+00  2.84007821e+00  2.57874126e+00 
 6.05640000e-10  1.70373758e+00  1.89626242e+00  2.84012519e+00  2.57862348e+00 
 6.06140000e-10  1.70335140e+00  1.89664860e+00  2.84017040e+00  2.57850844e+00 
 6.06640000e-10  1.70296618e+00  1.89703382e+00  2.84021391e+00  2.57839609e+00 
 6.07140000e-10  1.70258191e+00  1.89741809e+00  2.84025577e+00  2.57828637e+00 
 6.07640000e-10  1.70219861e+00  1.89780139e+00  2.84029603e+00  2.57817923e+00 
 6.08140000e-10  1.70181627e+00  1.89818373e+00  2.84033475e+00  2.57807459e+00 
 6.08640000e-10  1.70143490e+00  1.89856510e+00  2.84037197e+00  2.57797241e+00 
 6.09140000e-10  1.70105450e+00  1.89894550e+00  2.84040775e+00  2.57787264e+00 
 6.09640000e-10  1.70067508e+00  1.89932492e+00  2.84044214e+00  2.57777521e+00 
 6.10140000e-10  1.70029664e+00  1.89970336e+00  2.84047519e+00  2.57768007e+00 
 6.10640000e-10  1.69991918e+00  1.90008082e+00  2.84050693e+00  2.57758718e+00 
 6.11140000e-10  1.69954271e+00  1.90045729e+00  2.84053742e+00  2.57749648e+00 
 6.11640000e-10  1.69916723e+00  1.90083277e+00  2.84056669e+00  2.57740792e+00 
 6.12140000e-10  1.69879275e+00  1.90120725e+00  2.84059480e+00  2.57732146e+00 
 6.12640000e-10  1.69841927e+00  1.90158073e+00  2.84062178e+00  2.57723704e+00 
 6.13140000e-10  1.69804679e+00  1.90195321e+00  2.84064767e+00  2.57715463e+00 
 6.13640000e-10  1.69767531e+00  1.90232469e+00  2.84067251e+00  2.57707417e+00 
 6.14140000e-10  1.69730485e+00  1.90269515e+00  2.84069634e+00  2.57699562e+00 
 6.14640000e-10  1.69693540e+00  1.90306460e+00  2.84071920e+00  2.57691895e+00 
 6.15140000e-10  1.69656696e+00  1.90343304e+00  2.84074113e+00  2.57684410e+00 
 6.15640000e-10  1.69619955e+00  1.90380045e+00  2.84076215e+00  2.57677104e+00 
 6.16140000e-10  1.69583316e+00  1.90416684e+00  2.84078230e+00  2.57669973e+00 
 6.16640000e-10  1.69546780e+00  1.90453220e+00  2.84080161e+00  2.57663013e+00 
 6.17140000e-10  1.69510347e+00  1.90489653e+00  2.84082013e+00  2.57656219e+00 
 6.17640000e-10  1.69474018e+00  1.90525982e+00  2.84083787e+00  2.57649590e+00 
 6.18140000e-10  1.69437792e+00  1.90562208e+00  2.84085487e+00  2.57643120e+00 
 6.18640000e-10  1.69401671e+00  1.90598329e+00  2.84087116e+00  2.57636806e+00 
 6.19140000e-10  1.69365654e+00  1.90634346e+00  2.84088676e+00  2.57630645e+00 
 6.19640000e-10  1.69329743e+00  1.90670257e+00  2.84090170e+00  2.57624634e+00 
 6.20140000e-10  1.69293936e+00  1.90706064e+00  2.84091602e+00  2.57618769e+00 
 6.20640000e-10  1.69258236e+00  1.90741764e+00  2.84092973e+00  2.57613047e+00 
 6.21140000e-10  1.69222641e+00  1.90777359e+00  2.84094286e+00  2.57607465e+00 
 6.21640000e-10  1.69187153e+00  1.90812847e+00  2.84095544e+00  2.57602020e+00 
 6.22140000e-10  1.69151771e+00  1.90848229e+00  2.84096748e+00  2.57596710e+00 
 6.22640000e-10  1.69116496e+00  1.90883504e+00  2.84097902e+00  2.57591530e+00 
 6.23140000e-10  1.69081329e+00  1.90918671e+00  2.84099007e+00  2.57586480e+00 
 6.23640000e-10  1.69046270e+00  1.90953730e+00  2.84100066e+00  2.57581555e+00 
 6.24140000e-10  1.69011319e+00  1.90988681e+00  2.84101080e+00  2.57576753e+00 
 6.24640000e-10  1.68976476e+00  1.91023524e+00  2.84102053e+00  2.57572071e+00 
 6.25140000e-10  1.68941742e+00  1.91058258e+00  2.84102984e+00  2.57567508e+00 
 6.25640000e-10  1.68907117e+00  1.91092883e+00  2.84103877e+00  2.57563061e+00 
 6.26140000e-10  1.68872602e+00  1.91127398e+00  2.84104734e+00  2.57558727e+00 
 6.26640000e-10  1.68838196e+00  1.91161804e+00  2.84105555e+00  2.57554504e+00 
 6.27140000e-10  1.68803901e+00  1.91196099e+00  2.84106344e+00  2.57550390e+00 
 6.27640000e-10  1.68769716e+00  1.91230284e+00  2.84107101e+00  2.57546382e+00 
 6.28140000e-10  1.68735642e+00  1.91264358e+00  2.84107827e+00  2.57542479e+00 
 6.28640000e-10  1.68701679e+00  1.91298321e+00  2.84108526e+00  2.57538678e+00 
 6.29140000e-10  1.68667828e+00  1.91332172e+00  2.84109198e+00  2.57534978e+00 
 6.29640000e-10  1.68634088e+00  1.91365912e+00  2.84109844e+00  2.57531376e+00 
 6.30140000e-10  1.68600461e+00  1.91399539e+00  2.84110467e+00  2.57527870e+00 
 6.30640000e-10  1.68566946e+00  1.91433054e+00  2.84111066e+00  2.57524460e+00 
 6.31140000e-10  1.68533544e+00  1.91466456e+00  2.84111645e+00  2.57521142e+00 
 6.31640000e-10  1.68500255e+00  1.91499745e+00  2.84112203e+00  2.57517915e+00 
 6.32140000e-10  1.68467080e+00  1.91532920e+00  2.84112743e+00  2.57514778e+00 
 6.32640000e-10  1.68434018e+00  1.91565982e+00  2.84113265e+00  2.57511728e+00 
 6.33140000e-10  1.68401071e+00  1.91598929e+00  2.84113770e+00  2.57508765e+00 
 6.33640000e-10  1.68368238e+00  1.91631762e+00  2.84114260e+00  2.57505885e+00 
 6.34140000e-10  1.68335520e+00  1.91664480e+00  2.84114736e+00  2.57503089e+00 
 6.34640000e-10  1.68302917e+00  1.91697083e+00  2.84115199e+00  2.57500375e+00 
 6.35140000e-10  1.68270430e+00  1.91729570e+00  2.84115650e+00  2.57497740e+00 
 6.35640000e-10  1.68238058e+00  1.91761942e+00  2.84116089e+00  2.57495184e+00 
 6.36140000e-10  1.68205802e+00  1.91794198e+00  2.84116518e+00  2.57492706e+00 
 6.36640000e-10  1.68173663e+00  1.91826337e+00  2.84116937e+00  2.57490303e+00 
 6.37140000e-10  1.68141641e+00  1.91858359e+00  2.84117348e+00  2.57487974e+00 
 6.37640000e-10  1.68109735e+00  1.91890265e+00  2.84117751e+00  2.57485719e+00 
 6.38140000e-10  1.68077947e+00  1.91922053e+00  2.84118148e+00  2.57483536e+00 
 6.38640000e-10  1.68046276e+00  1.91953724e+00  2.84118538e+00  2.57481424e+00 
 6.39140000e-10  1.68014724e+00  1.91985276e+00  2.84118923e+00  2.57479381e+00 
 6.39640000e-10  1.67983290e+00  1.92016710e+00  2.84119303e+00  2.57477407e+00 
 6.40140000e-10  1.67951974e+00  1.92048026e+00  2.84119680e+00  2.57475500e+00 
 6.40640000e-10  1.67920777e+00  1.92079223e+00  2.84120053e+00  2.57473659e+00 
 6.41140000e-10  1.67889700e+00  1.92110300e+00  2.84120424e+00  2.57471884e+00 
 6.41640000e-10  1.67858742e+00  1.92141258e+00  2.84120792e+00  2.57470173e+00 
 6.42140000e-10  1.67827904e+00  1.92172096e+00  2.84121160e+00  2.57468524e+00 
 6.42640000e-10  1.67797186e+00  1.92202814e+00  2.84121526e+00  2.57466938e+00 
 6.43140000e-10  1.67766588e+00  1.92233412e+00  2.84121893e+00  2.57465413e+00 
 6.43640000e-10  1.67736112e+00  1.92263888e+00  2.84122260e+00  2.57463949e+00 
 6.44140000e-10  1.67705756e+00  1.92294244e+00  2.84122628e+00  2.57462544e+00 
 6.44640000e-10  1.67675521e+00  1.92324479e+00  2.84122997e+00  2.57461197e+00 
 6.45140000e-10  1.67645409e+00  1.92354591e+00  2.84123368e+00  2.57459907e+00 
 6.45640000e-10  1.67615418e+00  1.92384582e+00  2.84123742e+00  2.57458675e+00 
 6.46140000e-10  1.67585549e+00  1.92414451e+00  2.84124118e+00  2.57457498e+00 
 6.46640000e-10  1.67555803e+00  1.92444197e+00  2.84124498e+00  2.57456376e+00 
 6.47140000e-10  1.67526180e+00  1.92473820e+00  2.84124881e+00  2.57455309e+00 
 6.47640000e-10  1.67496680e+00  1.92503320e+00  2.84125269e+00  2.57454295e+00 
 6.48140000e-10  1.67467303e+00  1.92532697e+00  2.84125661e+00  2.57453334e+00 
 6.48640000e-10  1.67438050e+00  1.92561950e+00  2.84126058e+00  2.57452425e+00 
 6.49140000e-10  1.67408921e+00  1.92591079e+00  2.84126460e+00  2.57451567e+00 
 6.49640000e-10  1.67379916e+00  1.92620084e+00  2.84126868e+00  2.57450760e+00 
 6.50140000e-10  1.67351036e+00  1.92648964e+00  2.84127281e+00  2.57450003e+00 
 6.50640000e-10  1.67322280e+00  1.92677720e+00  2.84127701e+00  2.57449295e+00 
 6.51140000e-10  1.67293650e+00  1.92706350e+00  2.84128127e+00  2.57448635e+00 
 6.51640000e-10  1.67265145e+00  1.92734855e+00  2.84128561e+00  2.57448024e+00 
 6.52140000e-10  1.67236766e+00  1.92763234e+00  2.84129001e+00  2.57447460e+00 
 6.52640000e-10  1.67208512e+00  1.92791488e+00  2.84129449e+00  2.57446942e+00 
 6.53140000e-10  1.67180385e+00  1.92819615e+00  2.84129904e+00  2.57446471e+00 
 6.53640000e-10  1.67152385e+00  1.92847615e+00  2.84130367e+00  2.57446045e+00 
 6.54140000e-10  1.67124511e+00  1.92875489e+00  2.84130839e+00  2.57445665e+00 
 6.54640000e-10  1.67096765e+00  1.92903235e+00  2.84131318e+00  2.57445328e+00 
 6.55140000e-10  1.67069145e+00  1.92930855e+00  2.84131807e+00  2.57445036e+00 
 6.55640000e-10  1.67041654e+00  1.92958346e+00  2.84132304e+00  2.57444787e+00 
 6.56140000e-10  1.67014290e+00  1.92985710e+00  2.84132810e+00  2.57444581e+00 
 6.56640000e-10  1.66987055e+00  1.93012945e+00  2.84133326e+00  2.57444417e+00 
 6.57140000e-10  1.66959947e+00  1.93040053e+00  2.84133850e+00  2.57444295e+00 
 6.57640000e-10  1.66932969e+00  1.93067031e+00  2.84134385e+00  2.57444214e+00 
 6.58140000e-10  1.66906120e+00  1.93093880e+00  2.84134929e+00  2.57444174e+00 
 6.58640000e-10  1.66879399e+00  1.93120601e+00  2.84135483e+00  2.57444175e+00 
 6.59140000e-10  1.66852809e+00  1.93147191e+00  2.84136047e+00  2.57444215e+00 
 6.59640000e-10  1.66826348e+00  1.93173652e+00  2.84136621e+00  2.57444296e+00 
 6.60140000e-10  1.66800017e+00  1.93199983e+00  2.84137205e+00  2.57444415e+00 
 6.60640000e-10  1.66773816e+00  1.93226184e+00  2.84137800e+00  2.57444572e+00 
 6.61140000e-10  1.66747746e+00  1.93252254e+00  2.84138406e+00  2.57444768e+00 
 6.61640000e-10  1.66721806e+00  1.93278194e+00  2.84139022e+00  2.57445002e+00 
 6.62140000e-10  1.66695998e+00  1.93304002e+00  2.84139649e+00  2.57445273e+00 
 6.62640000e-10  1.66670321e+00  1.93329679e+00  2.84140287e+00  2.57445581e+00 
 6.63140000e-10  1.66644776e+00  1.93355224e+00  2.84140936e+00  2.57445926e+00 
 6.63640000e-10  1.66619362e+00  1.93380638e+00  2.84141596e+00  2.57446307e+00 
 6.64140000e-10  1.66594080e+00  1.93405920e+00  2.84142268e+00  2.57446723e+00 
 6.64640000e-10  1.66568931e+00  1.93431069e+00  2.84142951e+00  2.57447176e+00 
 6.65140000e-10  1.66543915e+00  1.93456085e+00  2.84143645e+00  2.57447663e+00 
 6.65640000e-10  1.66519031e+00  1.93480969e+00  2.84144350e+00  2.57448185e+00 
 6.66140000e-10  1.66494280e+00  1.93505720e+00  2.84145067e+00  2.57448741e+00 
 6.66640000e-10  1.66469662e+00  1.93530338e+00  2.84145796e+00  2.57449332e+00 
 6.67140000e-10  1.66445178e+00  1.93554822e+00  2.84146536e+00  2.57449956e+00 
 6.67640000e-10  1.66420828e+00  1.93579172e+00  2.84147288e+00  2.57450614e+00 
 6.68140000e-10  1.66396612e+00  1.93603388e+00  2.84148052e+00  2.57451305e+00 
 6.68640000e-10  1.66372530e+00  1.93627470e+00  2.84148828e+00  2.57452028e+00 
 6.69140000e-10  1.66348582e+00  1.93651418e+00  2.84149615e+00  2.57452784e+00 
 6.69640000e-10  1.66324770e+00  1.93675230e+00  2.84150415e+00  2.57453573e+00 
 6.70140000e-10  1.66301092e+00  1.93698908e+00  2.84151226e+00  2.57454393e+00 
 6.70640000e-10  1.66277549e+00  1.93722451e+00  2.84152049e+00  2.57455244e+00 
 6.71140000e-10  1.66254142e+00  1.93745858e+00  2.84152885e+00  2.57456127e+00 
 6.71640000e-10  1.66230871e+00  1.93769129e+00  2.84153732e+00  2.57457041e+00 
 6.72140000e-10  1.66207735e+00  1.93792265e+00  2.84154592e+00  2.57457986e+00 
 6.72640000e-10  1.66184736e+00  1.93815264e+00  2.84155463e+00  2.57458961e+00 
 6.73140000e-10  1.66161873e+00  1.93838127e+00  2.84156347e+00  2.57459966e+00 
 6.73640000e-10  1.66139146e+00  1.93860854e+00  2.84157243e+00  2.57461001e+00 
 6.74140000e-10  1.66116557e+00  1.93883443e+00  2.84158151e+00  2.57462065e+00 
 6.74640000e-10  1.66094104e+00  1.93905896e+00  2.84159072e+00  2.57463160e+00 
 6.75140000e-10  1.66071789e+00  1.93928211e+00  2.84160004e+00  2.57464283e+00 
 6.75640000e-10  1.66049611e+00  1.93950389e+00  2.84160949e+00  2.57465435e+00 
 6.76140000e-10  1.66027570e+00  1.93972430e+00  2.84161906e+00  2.57466615e+00 
 6.76640000e-10  1.66005668e+00  1.93994332e+00  2.84162875e+00  2.57467824e+00 
 6.77140000e-10  1.65983904e+00  1.94016096e+00  2.84163856e+00  2.57469061e+00 
 6.77640000e-10  1.65962278e+00  1.94037722e+00  2.84164849e+00  2.57470326e+00 
 6.78140000e-10  1.65940790e+00  1.94059210e+00  2.84165855e+00  2.57471619e+00 
 6.78640000e-10  1.65919442e+00  1.94080558e+00  2.84166873e+00  2.57472939e+00 
 6.79140000e-10  1.65898232e+00  1.94101768e+00  2.84167903e+00  2.57474286e+00 
 6.79640000e-10  1.65877162e+00  1.94122838e+00  2.84168945e+00  2.57475661e+00 
 6.80140000e-10  1.65856231e+00  1.94143769e+00  2.84170000e+00  2.57477062e+00 
 6.80640000e-10  1.65835439e+00  1.94164561e+00  2.84171066e+00  2.57478489e+00 
 6.81140000e-10  1.65814787e+00  1.94185213e+00  2.84172145e+00  2.57479943e+00 
 6.81640000e-10  1.65794276e+00  1.94205724e+00  2.84173236e+00  2.57481423e+00 
 6.82140000e-10  1.65773904e+00  1.94226096e+00  2.84174339e+00  2.57482929e+00 
 6.82640000e-10  1.65753673e+00  1.94246327e+00  2.84175454e+00  2.57484461e+00 
 6.83140000e-10  1.65733583e+00  1.94266417e+00  2.84176581e+00  2.57486018e+00 
 6.83640000e-10  1.65713633e+00  1.94286367e+00  2.84177720e+00  2.57487600e+00 
 6.84140000e-10  1.65693824e+00  1.94306176e+00  2.84178872e+00  2.57489208e+00 
 6.84640000e-10  1.65674157e+00  1.94325843e+00  2.84180035e+00  2.57490840e+00 
 6.85140000e-10  1.65654631e+00  1.94345369e+00  2.84181210e+00  2.57492497e+00 
 6.85640000e-10  1.65635246e+00  1.94364754e+00  2.84182398e+00  2.57494179e+00 
 6.86140000e-10  1.65616004e+00  1.94383996e+00  2.84183597e+00  2.57495885e+00 
 6.86640000e-10  1.65596903e+00  1.94403097e+00  2.84184808e+00  2.57497615e+00 
 6.87140000e-10  1.65577944e+00  1.94422056e+00  2.84186031e+00  2.57499370e+00 
 6.87640000e-10  1.65559128e+00  1.94440872e+00  2.84187266e+00  2.57501148e+00 
 6.88140000e-10  1.65540454e+00  1.94459546e+00  2.84188512e+00  2.57502949e+00 
 6.88640000e-10  1.65521923e+00  1.94478077e+00  2.84189771e+00  2.57504774e+00 
 6.89140000e-10  1.65503535e+00  1.94496465e+00  2.84191041e+00  2.57506623e+00 
 6.89640000e-10  1.65485290e+00  1.94514710e+00  2.84192323e+00  2.57508494e+00 
 6.90140000e-10  1.65467188e+00  1.94532812e+00  2.84193617e+00  2.57510388e+00 
 6.90640000e-10  1.65449230e+00  1.94550770e+00  2.84194922e+00  2.57512305e+00 
 6.91140000e-10  1.65431415e+00  1.94568585e+00  2.84196239e+00  2.57514245e+00 
 6.91640000e-10  1.65413744e+00  1.94586256e+00  2.84197567e+00  2.57516207e+00 
 6.92140000e-10  1.65396217e+00  1.94603783e+00  2.84198908e+00  2.57518191e+00 
 6.92640000e-10  1.65378834e+00  1.94621166e+00  2.84200259e+00  2.57520198e+00 
 6.93140000e-10  1.65361596e+00  1.94638404e+00  2.84201622e+00  2.57522226e+00 
 6.93640000e-10  1.65344502e+00  1.94655498e+00  2.84202997e+00  2.57524276e+00 
 6.94140000e-10  1.65327552e+00  1.94672448e+00  2.84204382e+00  2.57526348e+00 
 6.94640000e-10  1.65310748e+00  1.94689252e+00  2.84205780e+00  2.57528441e+00 
 6.95140000e-10  1.65294088e+00  1.94705912e+00  2.84207188e+00  2.57530556e+00 
 6.95640000e-10  1.65277573e+00  1.94722427e+00  2.84208608e+00  2.57532692e+00 
 6.96140000e-10  1.65261204e+00  1.94738796e+00  2.84210039e+00  2.57534848e+00 
 6.96640000e-10  1.65244980e+00  1.94755020e+00  2.84211481e+00  2.57537026e+00 
 6.97140000e-10  1.65228902e+00  1.94771098e+00  2.84212935e+00  2.57539224e+00 
 6.97640000e-10  1.65212970e+00  1.94787030e+00  2.84214399e+00  2.57541443e+00 
 6.98140000e-10  1.65197184e+00  1.94802816e+00  2.84215875e+00  2.57543683e+00 
 6.98640000e-10  1.65181543e+00  1.94818457e+00  2.84217361e+00  2.57545942e+00 
 6.99140000e-10  1.65166049e+00  1.94833951e+00  2.84218859e+00  2.57548222e+00 
 6.99640000e-10  1.65150702e+00  1.94849298e+00  2.84220367e+00  2.57550522e+00 
 7.00140000e-10  1.65135500e+00  1.94864500e+00  2.84221886e+00  2.57552842e+00 
 7.00640000e-10  1.65120446e+00  1.94879554e+00  2.84223416e+00  2.57555181e+00 
 7.01140000e-10  1.65105538e+00  1.94894462e+00  2.84224957e+00  2.57557540e+00 
 7.01640000e-10  1.65090778e+00  1.94909222e+00  2.84226509e+00  2.57559918e+00 
 7.02140000e-10  1.65076165e+00  1.94923835e+00  2.84228071e+00  2.57562316e+00 
 7.02640000e-10  1.65061698e+00  1.94938302e+00  2.84229644e+00  2.57564733e+00 
 7.03140000e-10  1.65047380e+00  1.94952620e+00  2.84231228e+00  2.57567169e+00 
 7.03640000e-10  1.65033209e+00  1.94966791e+00  2.84232822e+00  2.57569624e+00 
 7.04140000e-10  1.65019185e+00  1.94980815e+00  2.84234427e+00  2.57572098e+00 
 7.04640000e-10  1.65005310e+00  1.94994690e+00  2.84236042e+00  2.57574591e+00 
 7.05140000e-10  1.64991582e+00  1.95008418e+00  2.84237668e+00  2.57577102e+00 
 7.05640000e-10  1.64978003e+00  1.95021997e+00  2.84239304e+00  2.57579631e+00 
 7.06140000e-10  1.64964572e+00  1.95035428e+00  2.84240950e+00  2.57582179e+00 
 7.06640000e-10  1.64951289e+00  1.95048711e+00  2.84242606e+00  2.57584745e+00 
 7.07140000e-10  1.64938155e+00  1.95061845e+00  2.84244273e+00  2.57587329e+00 
 7.07640000e-10  1.64925169e+00  1.95074831e+00  2.84245950e+00  2.57589931e+00 
 7.08140000e-10  1.64912333e+00  1.95087667e+00  2.84247637e+00  2.57592550e+00 
 7.08640000e-10  1.64899645e+00  1.95100355e+00  2.84249334e+00  2.57595188e+00 
 7.09140000e-10  1.64887106e+00  1.95112894e+00  2.84251041e+00  2.57597843e+00 
 7.09640000e-10  1.64874716e+00  1.95125284e+00  2.84252758e+00  2.57600515e+00 
 7.10140000e-10  1.64862476e+00  1.95137524e+00  2.84254485e+00  2.57603205e+00 
 7.10640000e-10  1.64850385e+00  1.95149615e+00  2.84256222e+00  2.57605912e+00 
 7.11140000e-10  1.64838443e+00  1.95161557e+00  2.84257969e+00  2.57608636e+00 
 7.11640000e-10  1.64826652e+00  1.95173348e+00  2.84259726e+00  2.57611377e+00 
 7.12140000e-10  1.64815009e+00  1.95184991e+00  2.84261492e+00  2.57614135e+00 
 7.12640000e-10  1.64803517e+00  1.95196483e+00  2.84263268e+00  2.57616910e+00 
 7.13140000e-10  1.64792175e+00  1.95207825e+00  2.84265054e+00  2.57619702e+00 
 7.13640000e-10  1.64780983e+00  1.95219017e+00  2.84266849e+00  2.57622510e+00 
 7.14140000e-10  1.64769941e+00  1.95230059e+00  2.84268653e+00  2.57625334e+00 
 7.14640000e-10  1.64759049e+00  1.95240951e+00  2.84270468e+00  2.57628175e+00 
 7.15140000e-10  1.64748308e+00  1.95251692e+00  2.84272291e+00  2.57631032e+00 
 7.15640000e-10  1.64737718e+00  1.95262282e+00  2.84274124e+00  2.57633905e+00 
 7.16140000e-10  1.64727278e+00  1.95272722e+00  2.84275967e+00  2.57636794e+00 
 7.16640000e-10  1.64716988e+00  1.95283012e+00  2.84277818e+00  2.57639699e+00 
 7.17140000e-10  1.64706850e+00  1.95293150e+00  2.84279679e+00  2.57642620e+00 
 7.17640000e-10  1.64696862e+00  1.95303138e+00  2.84281549e+00  2.57645556e+00 
 7.18140000e-10  1.64687026e+00  1.95312974e+00  2.84283429e+00  2.57648509e+00 
 7.18640000e-10  1.64677340e+00  1.95322660e+00  2.84285317e+00  2.57651476e+00 
 7.19140000e-10  1.64667806e+00  1.95332194e+00  2.84287214e+00  2.57654459e+00 
 7.19640000e-10  1.64658424e+00  1.95341576e+00  2.84289121e+00  2.57657457e+00 
 7.20140000e-10  1.64649192e+00  1.95350808e+00  2.84291036e+00  2.57660471e+00 
 7.20640000e-10  1.64640112e+00  1.95359888e+00  2.84292960e+00  2.57663499e+00 
 7.21140000e-10  1.64631184e+00  1.95368816e+00  2.84294893e+00  2.57666542e+00 
 7.21640000e-10  1.64622407e+00  1.95377593e+00  2.84296835e+00  2.57669601e+00 
 7.22140000e-10  1.64613783e+00  1.95386217e+00  2.84298785e+00  2.57672674e+00 
 7.22640000e-10  1.64605310e+00  1.95394690e+00  2.84300745e+00  2.57675762e+00 
 7.23140000e-10  1.64596989e+00  1.95403011e+00  2.84302713e+00  2.57678864e+00 
 7.23640000e-10  1.64588820e+00  1.95411180e+00  2.84304689e+00  2.57681981e+00 
 7.24140000e-10  1.64580803e+00  1.95419197e+00  2.84306674e+00  2.57685112e+00 
 7.24640000e-10  1.64572938e+00  1.95427062e+00  2.84308668e+00  2.57688258e+00 
 7.25140000e-10  1.64565226e+00  1.95434774e+00  2.84310670e+00  2.57691417e+00 
 7.25640000e-10  1.64557665e+00  1.95442335e+00  2.84312680e+00  2.57694591e+00 
 7.26140000e-10  1.64550258e+00  1.95449742e+00  2.84314699e+00  2.57697779e+00 
 7.26640000e-10  1.64543002e+00  1.95456998e+00  2.84316726e+00  2.57700981e+00 
 7.27140000e-10  1.64535900e+00  1.95464100e+00  2.84318761e+00  2.57704196e+00 
 7.27640000e-10  1.64528950e+00  1.95471050e+00  2.84320805e+00  2.57707426e+00 
 7.28140000e-10  1.64522152e+00  1.95477848e+00  2.84322856e+00  2.57710669e+00 
 7.28640000e-10  1.64515508e+00  1.95484492e+00  2.84324916e+00  2.57713925e+00 
 7.29140000e-10  1.64509016e+00  1.95490984e+00  2.84326984e+00  2.57717195e+00 
 7.29640000e-10  1.64502677e+00  1.95497323e+00  2.84329060e+00  2.57720478e+00 
 7.30140000e-10  1.64496491e+00  1.95503509e+00  2.84331143e+00  2.57723775e+00 
 7.30640000e-10  1.64490458e+00  1.95509542e+00  2.84333235e+00  2.57727085e+00 
 7.31140000e-10  1.64484578e+00  1.95515422e+00  2.84335335e+00  2.57730408e+00 
 7.31640000e-10  1.64478852e+00  1.95521148e+00  2.84337442e+00  2.57733744e+00 
 7.32140000e-10  1.64473278e+00  1.95526722e+00  2.84339557e+00  2.57737093e+00 
 7.32640000e-10  1.64467858e+00  1.95532142e+00  2.84341680e+00  2.57740454e+00 
 7.33140000e-10  1.64462591e+00  1.95537409e+00  2.84343811e+00  2.57743829e+00 
 7.33640000e-10  1.64457477e+00  1.95542523e+00  2.84345949e+00  2.57747216e+00 
 7.34140000e-10  1.64452517e+00  1.95547483e+00  2.84348094e+00  2.57750616e+00 
 7.34640000e-10  1.64447710e+00  1.95552290e+00  2.84350248e+00  2.57754028e+00 
 7.35140000e-10  1.64443057e+00  1.95556943e+00  2.84352408e+00  2.57757452e+00 
 7.35640000e-10  1.64438557e+00  1.95561443e+00  2.84354577e+00  2.57760889e+00 
 7.36140000e-10  1.64434211e+00  1.95565789e+00  2.84356752e+00  2.57764339e+00 
 7.36640000e-10  1.64430018e+00  1.95569982e+00  2.84358935e+00  2.57767800e+00 
 7.37140000e-10  1.64425979e+00  1.95574021e+00  2.84361125e+00  2.57771273e+00 
 7.37640000e-10  1.64422094e+00  1.95577906e+00  2.84363323e+00  2.57774759e+00 
 7.38140000e-10  1.64418363e+00  1.95581637e+00  2.84365527e+00  2.57778256e+00 
 7.38640000e-10  1.64414785e+00  1.95585215e+00  2.84367739e+00  2.57781766e+00 
 7.39140000e-10  1.64411361e+00  1.95588639e+00  2.84369958e+00  2.57785286e+00 
 7.39640000e-10  1.64408091e+00  1.95591909e+00  2.84372184e+00  2.57788819e+00 
 7.40140000e-10  1.64404975e+00  1.95595025e+00  2.84374417e+00  2.57792363e+00 
 7.40640000e-10  1.64402013e+00  1.95597987e+00  2.84376657e+00  2.57795919e+00 
 7.41140000e-10  1.64399205e+00  1.95600795e+00  2.84378903e+00  2.57799486e+00 
 7.41640000e-10  1.64396551e+00  1.95603449e+00  2.84381157e+00  2.57803065e+00 
 7.42140000e-10  1.64394051e+00  1.95605949e+00  2.84383418e+00  2.57806655e+00 
 7.42640000e-10  1.64391704e+00  1.95608296e+00  2.84385685e+00  2.57810256e+00 
 7.43140000e-10  1.64389512e+00  1.95610488e+00  2.84387959e+00  2.57813868e+00 
 7.43640000e-10  1.64387474e+00  1.95612526e+00  2.84390240e+00  2.57817491e+00 
 7.44140000e-10  1.64385590e+00  1.95614410e+00  2.84392527e+00  2.57821125e+00 
 7.44640000e-10  1.64383860e+00  1.95616140e+00  2.84394821e+00  2.57824770e+00 
 7.45140000e-10  1.64382284e+00  1.95617716e+00  2.84397121e+00  2.57828426e+00 
 7.45640000e-10  1.64380863e+00  1.95619137e+00  2.84399428e+00  2.57832093e+00 
 7.46140000e-10  1.64379595e+00  1.95620405e+00  2.84401742e+00  2.57835770e+00 
 7.46640000e-10  1.64378482e+00  1.95621518e+00  2.84404062e+00  2.57839458e+00 
 7.47140000e-10  1.64377523e+00  1.95622477e+00  2.84406388e+00  2.57843156e+00 
 7.47640000e-10  1.64376718e+00  1.95623282e+00  2.84408720e+00  2.57846865e+00 
 7.48140000e-10  1.64376067e+00  1.95623933e+00  2.84411059e+00  2.57850584e+00 
 7.48640000e-10  1.64375570e+00  1.95624430e+00  2.84413404e+00  2.57854314e+00 
 7.49140000e-10  1.64375228e+00  1.95624772e+00  2.84415755e+00  2.57858053e+00 
 7.49640000e-10  1.64375040e+00  1.95624960e+00  2.84418113e+00  2.57861803e+00 
 7.50140000e-10  1.64375006e+00  1.95624994e+00  2.84420476e+00  2.57865563e+00 
 7.50640000e-10  1.64375126e+00  1.95624874e+00  2.84422846e+00  2.57869333e+00 
 7.51140000e-10  1.64375401e+00  1.95624599e+00  2.84425221e+00  2.57873113e+00 
 7.51640000e-10  1.64375830e+00  1.95624170e+00  2.84427603e+00  2.57876903e+00 
 7.52140000e-10  1.64376412e+00  1.95623588e+00  2.84429990e+00  2.57880702e+00 
 7.52640000e-10  1.64377150e+00  1.95622850e+00  2.84432383e+00  2.57884511e+00 
 7.53140000e-10  1.64378041e+00  1.95621959e+00  2.84434782e+00  2.57888330e+00 
 7.53640000e-10  1.64379086e+00  1.95620914e+00  2.84437187e+00  2.57892159e+00 
 7.54140000e-10  1.64380286e+00  1.95619714e+00  2.84439598e+00  2.57895997e+00 
 7.54640000e-10  1.64381640e+00  1.95618360e+00  2.84442014e+00  2.57899844e+00 
 7.55140000e-10  1.64383148e+00  1.95616852e+00  2.84444436e+00  2.57903701e+00 
 7.55640000e-10  1.64384810e+00  1.95615190e+00  2.84446863e+00  2.57907567e+00 
 7.56140000e-10  1.64386626e+00  1.95613374e+00  2.84449297e+00  2.57911443e+00 
 7.56640000e-10  1.64388596e+00  1.95611404e+00  2.84451735e+00  2.57915327e+00 
 7.57140000e-10  1.64390721e+00  1.95609279e+00  2.84454179e+00  2.57919221e+00 
 7.57640000e-10  1.64392999e+00  1.95607001e+00  2.84456629e+00  2.57923123e+00 
 7.58140000e-10  1.64395432e+00  1.95604568e+00  2.84459084e+00  2.57927035e+00 
 7.58640000e-10  1.64398018e+00  1.95601982e+00  2.84461544e+00  2.57930955e+00 
 7.59140000e-10  1.64400759e+00  1.95599241e+00  2.84464009e+00  2.57934885e+00 
 7.59640000e-10  1.64403653e+00  1.95596347e+00  2.84466480e+00  2.57938823e+00 
 7.60140000e-10  1.64406701e+00  1.95593299e+00  2.84468956e+00  2.57942770e+00 
 7.60640000e-10  1.64409904e+00  1.95590096e+00  2.84471437e+00  2.57946725e+00 
 7.61140000e-10  1.64413260e+00  1.95586740e+00  2.84473923e+00  2.57950689e+00 
 7.61640000e-10  1.64416770e+00  1.95583230e+00  2.84476415e+00  2.57954662e+00 
 7.62140000e-10  1.64420434e+00  1.95579566e+00  2.84478911e+00  2.57958643e+00 
 7.62640000e-10  1.64424251e+00  1.95575749e+00  2.84481413e+00  2.57962632e+00 
 7.63140000e-10  1.64428222e+00  1.95571778e+00  2.84483919e+00  2.57966630e+00 
 7.63640000e-10  1.64432347e+00  1.95567653e+00  2.84486430e+00  2.57970636e+00 
 7.64140000e-10  1.64436626e+00  1.95563374e+00  2.84488946e+00  2.57974650e+00 
 7.64640000e-10  1.64441058e+00  1.95558942e+00  2.84491467e+00  2.57978672e+00 
 7.65140000e-10  1.64445644e+00  1.95554356e+00  2.84493993e+00  2.57982703e+00 
 7.65640000e-10  1.64450383e+00  1.95549617e+00  2.84496523e+00  2.57986741e+00 
 7.66140000e-10  1.64455276e+00  1.95544724e+00  2.84499058e+00  2.57990787e+00 
 7.66640000e-10  1.64460322e+00  1.95539678e+00  2.84501598e+00  2.57994841e+00 
 7.67140000e-10  1.64465521e+00  1.95534479e+00  2.84504142e+00  2.57998903e+00 
 7.67640000e-10  1.64470874e+00  1.95529126e+00  2.84506691e+00  2.58002973e+00 
 7.68140000e-10  1.64476380e+00  1.95523620e+00  2.84509245e+00  2.58007050e+00 
 7.68640000e-10  1.64482040e+00  1.95517960e+00  2.84511803e+00  2.58011135e+00 
 7.69140000e-10  1.64487852e+00  1.95512148e+00  2.84514365e+00  2.58015228e+00 
 7.69640000e-10  1.64493818e+00  1.95506182e+00  2.84516932e+00  2.58019328e+00 
 7.70140000e-10  1.64499936e+00  1.95500064e+00  2.84519503e+00  2.58023436e+00 
 7.70640000e-10  1.64506208e+00  1.95493792e+00  2.84522078e+00  2.58027551e+00 
 7.71140000e-10  1.64512633e+00  1.95487367e+00  2.84524658e+00  2.58031673e+00 
 7.71640000e-10  1.64519210e+00  1.95480790e+00  2.84527242e+00  2.58035803e+00 
 7.72140000e-10  1.64525940e+00  1.95474060e+00  2.84529830e+00  2.58039940e+00 
 7.72640000e-10  1.64532823e+00  1.95467177e+00  2.84532422e+00  2.58044084e+00 
 7.73140000e-10  1.64539858e+00  1.95460142e+00  2.84535018e+00  2.58048235e+00 
 7.73640000e-10  1.64547047e+00  1.95452953e+00  2.84537619e+00  2.58052393e+00 
 7.74140000e-10  1.64554387e+00  1.95445613e+00  2.84540223e+00  2.58056558e+00 
 7.74640000e-10  1.64561880e+00  1.95438120e+00  2.84542831e+00  2.58060730e+00 
 7.75140000e-10  1.64569526e+00  1.95430474e+00  2.84545443e+00  2.58064909e+00 
 7.75640000e-10  1.64577323e+00  1.95422677e+00  2.84548059e+00  2.58069095e+00 
 7.76140000e-10  1.64585273e+00  1.95414727e+00  2.84550679e+00  2.58073288e+00 
 7.76640000e-10  1.64593376e+00  1.95406624e+00  2.84553303e+00  2.58077487e+00 
 7.77140000e-10  1.64601630e+00  1.95398370e+00  2.84555930e+00  2.58081693e+00 
 7.77640000e-10  1.64610036e+00  1.95389964e+00  2.84558562e+00  2.58085905e+00 
 7.78140000e-10  1.64618594e+00  1.95381406e+00  2.84561196e+00  2.58090124e+00 
 7.78640000e-10  1.64627304e+00  1.95372696e+00  2.84563835e+00  2.58094350e+00 
 7.79140000e-10  1.64636165e+00  1.95363835e+00  2.84566477e+00  2.58098582e+00 
 7.79640000e-10  1.64645178e+00  1.95354822e+00  2.84569122e+00  2.58102820e+00 
 7.80140000e-10  1.64654343e+00  1.95345657e+00  2.84571771e+00  2.58107065e+00 
 7.80640000e-10  1.64663659e+00  1.95336341e+00  2.84574424e+00  2.58111316e+00 
 7.81140000e-10  1.64673127e+00  1.95326873e+00  2.84577080e+00  2.58115574e+00 
 7.81640000e-10  1.64682746e+00  1.95317254e+00  2.84579739e+00  2.58119837e+00 
 7.82140000e-10  1.64692516e+00  1.95307484e+00  2.84582401e+00  2.58124107e+00 
 7.82640000e-10  1.64702437e+00  1.95297563e+00  2.84585067e+00  2.58128382e+00 
 7.83140000e-10  1.64712509e+00  1.95287491e+00  2.84587736e+00  2.58132664e+00 
 7.83640000e-10  1.64722732e+00  1.95277268e+00  2.84590408e+00  2.58136952e+00 
 7.84140000e-10  1.64733105e+00  1.95266895e+00  2.84593084e+00  2.58141245e+00 
 7.84640000e-10  1.64743630e+00  1.95256370e+00  2.84595762e+00  2.58145545e+00 
 7.85140000e-10  1.64754305e+00  1.95245695e+00  2.84598444e+00  2.58149850e+00 
 7.85640000e-10  1.64765130e+00  1.95234870e+00  2.84601128e+00  2.58154161e+00 
 7.86140000e-10  1.64776106e+00  1.95223894e+00  2.84603816e+00  2.58158478e+00 
 7.86640000e-10  1.64787232e+00  1.95212768e+00  2.84606506e+00  2.58162800e+00 
 7.87140000e-10  1.64798508e+00  1.95201492e+00  2.84609199e+00  2.58167128e+00 
 7.87640000e-10  1.64809934e+00  1.95190066e+00  2.84611895e+00  2.58171462e+00 
 7.88140000e-10  1.64821511e+00  1.95178489e+00  2.84614594e+00  2.58175801e+00 
 7.88640000e-10  1.64833237e+00  1.95166763e+00  2.84617296e+00  2.58180146e+00 
 7.89140000e-10  1.64845112e+00  1.95154888e+00  2.84620000e+00  2.58184496e+00 
 7.89640000e-10  1.64857137e+00  1.95142863e+00  2.84622707e+00  2.58188851e+00 
 7.90140000e-10  1.64869312e+00  1.95130688e+00  2.84625417e+00  2.58193212e+00 
 7.90640000e-10  1.64881636e+00  1.95118364e+00  2.84628129e+00  2.58197578e+00 
 7.91140000e-10  1.64894109e+00  1.95105891e+00  2.84630843e+00  2.58201950e+00 
 7.91640000e-10  1.64906732e+00  1.95093268e+00  2.84633560e+00  2.58206326e+00 
 7.92140000e-10  1.64919503e+00  1.95080497e+00  2.84636280e+00  2.58210708e+00 
 7.92640000e-10  1.64932423e+00  1.95067577e+00  2.84639002e+00  2.58215095e+00 
 7.93140000e-10  1.64945492e+00  1.95054508e+00  2.84641726e+00  2.58219487e+00 
 7.93640000e-10  1.64958709e+00  1.95041291e+00  2.84644452e+00  2.58223884e+00 
 7.94140000e-10  1.64972075e+00  1.95027925e+00  2.84647181e+00  2.58228286e+00 
 7.94640000e-10  1.64985589e+00  1.95014411e+00  2.84649912e+00  2.58232693e+00 
 7.95140000e-10  1.64999252e+00  1.95000748e+00  2.84652645e+00  2.58237105e+00 
 7.95640000e-10  1.65013062e+00  1.94986938e+00  2.84655380e+00  2.58241522e+00 
 7.96140000e-10  1.65027020e+00  1.94972980e+00  2.84658117e+00  2.58245943e+00 
 7.96640000e-10  1.65041126e+00  1.94958874e+00  2.84660857e+00  2.58250370e+00 
 7.97140000e-10  1.65055380e+00  1.94944620e+00  2.84663598e+00  2.58254801e+00 
 7.97640000e-10  1.65069781e+00  1.94930219e+00  2.84666341e+00  2.58259237e+00 
 7.98140000e-10  1.65084330e+00  1.94915670e+00  2.84669085e+00  2.58263677e+00 
 7.98640000e-10  1.65099026e+00  1.94900974e+00  2.84671832e+00  2.58268122e+00 
 7.99140000e-10  1.65113869e+00  1.94886131e+00  2.84674580e+00  2.58272572e+00 
 7.99640000e-10  1.65128858e+00  1.94871142e+00  2.84677331e+00  2.58277026e+00 
 8.00140000e-10  1.65143995e+00  1.94856005e+00  2.84680082e+00  2.58281485e+00 
 8.00640000e-10  1.65159278e+00  1.94840722e+00  2.84682836e+00  2.58285948e+00 
 8.01140000e-10  1.65174708e+00  1.94825292e+00  2.84685590e+00  2.58290416e+00 
 8.01640000e-10  1.65190284e+00  1.94809716e+00  2.84688347e+00  2.58294888e+00 
 8.02140000e-10  1.65206006e+00  1.94793994e+00  2.84691105e+00  2.58299365e+00 
 8.02640000e-10  1.65221874e+00  1.94778126e+00  2.84693864e+00  2.58303845e+00 
 8.03140000e-10  1.65237888e+00  1.94762112e+00  2.84696624e+00  2.58308330e+00 
 8.03640000e-10  1.65254048e+00  1.94745952e+00  2.84699386e+00  2.58312820e+00 
 8.04140000e-10  1.65270353e+00  1.94729647e+00  2.84702149e+00  2.58317314e+00 
 8.04640000e-10  1.65286804e+00  1.94713196e+00  2.84704913e+00  2.58321811e+00 
 8.05140000e-10  1.65303399e+00  1.94696601e+00  2.84707678e+00  2.58326313e+00 
 8.05640000e-10  1.65320140e+00  1.94679860e+00  2.84710445e+00  2.58330820e+00 
 8.06140000e-10  1.65337026e+00  1.94662974e+00  2.84713212e+00  2.58335330e+00 
 8.06640000e-10  1.65354057e+00  1.94645943e+00  2.84715980e+00  2.58339844e+00 
 8.07140000e-10  1.65371232e+00  1.94628768e+00  2.84718750e+00  2.58344363e+00 
 8.07640000e-10  1.65388551e+00  1.94611449e+00  2.84721520e+00  2.58348885e+00 
 8.08140000e-10  1.65406015e+00  1.94593985e+00  2.84724290e+00  2.58353412e+00 
 8.08640000e-10  1.65423622e+00  1.94576378e+00  2.84727062e+00  2.58357942e+00 
 8.09140000e-10  1.65441374e+00  1.94558626e+00  2.84729834e+00  2.58362477e+00 
 8.09640000e-10  1.65459269e+00  1.94540731e+00  2.84732607e+00  2.58367015e+00 
 8.10140000e-10  1.65477308e+00  1.94522692e+00  2.84735380e+00  2.58371557e+00 
 8.10640000e-10  1.65495490e+00  1.94504510e+00  2.84738154e+00  2.58376104e+00 
 8.11140000e-10  1.65513815e+00  1.94486185e+00  2.84740928e+00  2.58380654e+00 
 8.11640000e-10  1.65532283e+00  1.94467717e+00  2.84743702e+00  2.58385207e+00 
 8.12140000e-10  1.65550894e+00  1.94449106e+00  2.84746477e+00  2.58389765e+00 
 8.12640000e-10  1.65569648e+00  1.94430352e+00  2.84749252e+00  2.58394327e+00 
 8.13140000e-10  1.65588544e+00  1.94411456e+00  2.84752027e+00  2.58398892e+00 
 8.13640000e-10  1.65607582e+00  1.94392418e+00  2.84754803e+00  2.58403461e+00 
 8.14140000e-10  1.65626762e+00  1.94373238e+00  2.84757578e+00  2.58408034e+00 
 8.14640000e-10  1.65646084e+00  1.94353916e+00  2.84760353e+00  2.58412610e+00 
 8.15140000e-10  1.65665548e+00  1.94334452e+00  2.84763128e+00  2.58417190e+00 
 8.15640000e-10  1.65685153e+00  1.94314847e+00  2.84765903e+00  2.58421774e+00 
 8.16140000e-10  1.65704900e+00  1.94295100e+00  2.84768677e+00  2.58426362e+00 
 8.16640000e-10  1.65724788e+00  1.94275212e+00  2.84771452e+00  2.58430953e+00 
 8.17140000e-10  1.65744816e+00  1.94255184e+00  2.84774226e+00  2.58435548e+00 
 8.17640000e-10  1.65764985e+00  1.94235015e+00  2.84776999e+00  2.58440147e+00 
 8.18140000e-10  1.65785295e+00  1.94214705e+00  2.84779772e+00  2.58444749e+00 
 8.18640000e-10  1.65805745e+00  1.94194255e+00  2.84782544e+00  2.58449355e+00 
 8.19140000e-10  1.65826335e+00  1.94173665e+00  2.84785315e+00  2.58453965e+00 
 8.19640000e-10  1.65847065e+00  1.94152935e+00  2.84788086e+00  2.58458578e+00 
 8.20140000e-10  1.65867935e+00  1.94132065e+00  2.84790856e+00  2.58463194e+00 
 8.20640000e-10  1.65888944e+00  1.94111056e+00  2.84793625e+00  2.58467815e+00 
 8.21140000e-10  1.65910092e+00  1.94089908e+00  2.84796392e+00  2.58472439e+00 
 8.21640000e-10  1.65931380e+00  1.94068620e+00  2.84799159e+00  2.58477067e+00 
 8.22140000e-10  1.65952806e+00  1.94047194e+00  2.84801924e+00  2.58481698e+00 
 8.22640000e-10  1.65974371e+00  1.94025629e+00  2.84804688e+00  2.58486333e+00 
 8.23140000e-10  1.65996075e+00  1.94003925e+00  2.84807451e+00  2.58490971e+00 
 8.23640000e-10  1.66017916e+00  1.93982084e+00  2.84810212e+00  2.58495614e+00 
 8.24140000e-10  1.66039896e+00  1.93960104e+00  2.84812972e+00  2.58500259e+00 
 8.24640000e-10  1.66062013e+00  1.93937987e+00  2.84815730e+00  2.58504909e+00 
 8.25140000e-10  1.66084268e+00  1.93915732e+00  2.84818486e+00  2.58509562e+00 
 8.25640000e-10  1.66106661e+00  1.93893339e+00  2.84821240e+00  2.58514219e+00 
 8.26140000e-10  1.66129190e+00  1.93870810e+00  2.84823993e+00  2.58518880e+00 
 8.26640000e-10  1.66151856e+00  1.93848144e+00  2.84826743e+00  2.58523544e+00 
 8.27140000e-10  1.66174659e+00  1.93825341e+00  2.84829491e+00  2.58528212e+00 
 8.27640000e-10  1.66197599e+00  1.93802401e+00  2.84832237e+00  2.58532884e+00 
 8.28140000e-10  1.66220674e+00  1.93779326e+00  2.84834981e+00  2.58537559e+00 
 8.28640000e-10  1.66243886e+00  1.93756114e+00  2.84837721e+00  2.58542239e+00 
 8.29140000e-10  1.66267234e+00  1.93732766e+00  2.84840460e+00  2.58546922e+00 
 8.29640000e-10  1.66290717e+00  1.93709283e+00  2.84843195e+00  2.58551609e+00 
 8.30140000e-10  1.66314335e+00  1.93685665e+00  2.84845928e+00  2.58556300e+00 
 8.30640000e-10  1.66338088e+00  1.93661912e+00  2.84848658e+00  2.58560995e+00 
 8.31140000e-10  1.66361976e+00  1.93638024e+00  2.84851385e+00  2.58565694e+00 
 8.31640000e-10  1.66385999e+00  1.93614001e+00  2.84854108e+00  2.58570397e+00 
 8.32140000e-10  1.66410156e+00  1.93589844e+00  2.84856828e+00  2.58575104e+00 
 8.32640000e-10  1.66434448e+00  1.93565552e+00  2.84859545e+00  2.58579815e+00 
 8.33140000e-10  1.66458873e+00  1.93541127e+00  2.84862258e+00  2.58584530e+00 
 8.33640000e-10  1.66483432e+00  1.93516568e+00  2.84864967e+00  2.58589249e+00 
 8.34140000e-10  1.66508124e+00  1.93491876e+00  2.84867673e+00  2.58593973e+00 
 8.34640000e-10  1.66532949e+00  1.93467051e+00  2.84870374e+00  2.58598700e+00 
 8.35140000e-10  1.66557908e+00  1.93442092e+00  2.84873071e+00  2.58603432e+00 
 8.35640000e-10  1.66582998e+00  1.93417002e+00  2.84875764e+00  2.58608169e+00 
 8.36140000e-10  1.66608222e+00  1.93391778e+00  2.84878453e+00  2.58612910e+00 
 8.36640000e-10  1.66633577e+00  1.93366423e+00  2.84881136e+00  2.58617656e+00 
 8.37140000e-10  1.66659065e+00  1.93340935e+00  2.84883815e+00  2.58622406e+00 
 8.37640000e-10  1.66684684e+00  1.93315316e+00  2.84886489e+00  2.58627161e+00 
 8.38140000e-10  1.66710435e+00  1.93289565e+00  2.84889158e+00  2.58631920e+00 
 8.38640000e-10  1.66736316e+00  1.93263684e+00  2.84891822e+00  2.58636685e+00 
 8.39140000e-10  1.66762329e+00  1.93237671e+00  2.84894480e+00  2.58641454e+00 
 8.39640000e-10  1.66788472e+00  1.93211528e+00  2.84897132e+00  2.58646228e+00 
 8.40140000e-10  1.66814746e+00  1.93185254e+00  2.84899779e+00  2.58651008e+00 
 8.40640000e-10  1.66841150e+00  1.93158850e+00  2.84902420e+00  2.58655792e+00 
 8.41140000e-10  1.66867683e+00  1.93132317e+00  2.84905054e+00  2.58660582e+00 
 8.41640000e-10  1.66894347e+00  1.93105653e+00  2.84907682e+00  2.58665378e+00 
 8.42140000e-10  1.66921139e+00  1.93078861e+00  2.84910303e+00  2.58670179e+00 
 8.42640000e-10  1.66948061e+00  1.93051939e+00  2.84912917e+00  2.58674985e+00 
 8.43140000e-10  1.66975112e+00  1.93024888e+00  2.84915525e+00  2.58679797e+00 
 8.43640000e-10  1.67002291e+00  1.92997709e+00  2.84918125e+00  2.58684616e+00 
 8.44140000e-10  1.67029598e+00  1.92970402e+00  2.84920717e+00  2.58689440e+00 
 8.44640000e-10  1.67057033e+00  1.92942967e+00  2.84923302e+00  2.58694270e+00 
 8.45140000e-10  1.67084597e+00  1.92915403e+00  2.84925879e+00  2.58699106e+00 
 8.45640000e-10  1.67112287e+00  1.92887713e+00  2.84928447e+00  2.58703949e+00 
 8.46140000e-10  1.67140105e+00  1.92859895e+00  2.84931007e+00  2.58708799e+00 
 8.46640000e-10  1.67168050e+00  1.92831950e+00  2.84933558e+00  2.58713655e+00 
 8.47140000e-10  1.67196121e+00  1.92803879e+00  2.84936101e+00  2.58718518e+00 
 8.47640000e-10  1.67224319e+00  1.92775681e+00  2.84938633e+00  2.58723388e+00 
 8.48140000e-10  1.67252643e+00  1.92747357e+00  2.84941157e+00  2.58728266e+00 
 8.48640000e-10  1.67281092e+00  1.92718908e+00  2.84943670e+00  2.58733151e+00 
 8.49140000e-10  1.67309667e+00  1.92690333e+00  2.84946174e+00  2.58738043e+00 
 8.49640000e-10  1.67338368e+00  1.92661632e+00  2.84948666e+00  2.58742943e+00 
 8.50140000e-10  1.67367193e+00  1.92632807e+00  2.84951148e+00  2.58747852e+00 
 8.50640000e-10  1.67396143e+00  1.92603857e+00  2.84953619e+00  2.58752768e+00 
 8.51140000e-10  1.67425218e+00  1.92574782e+00  2.84956079e+00  2.58757693e+00 
 8.51640000e-10  1.67454416e+00  1.92545584e+00  2.84958527e+00  2.58762626e+00 
 8.52140000e-10  1.67483739e+00  1.92516261e+00  2.84960962e+00  2.58767569e+00 
 8.52640000e-10  1.67513185e+00  1.92486815e+00  2.84963385e+00  2.58772521e+00 
 8.53140000e-10  1.67542754e+00  1.92457246e+00  2.84965795e+00  2.58777482e+00 
 8.53640000e-10  1.67572446e+00  1.92427554e+00  2.84968192e+00  2.58782452e+00 
 8.54140000e-10  1.67602260e+00  1.92397740e+00  2.84970576e+00  2.58787433e+00 
 8.54640000e-10  1.67632198e+00  1.92367802e+00  2.84972945e+00  2.58792424e+00 
 8.55140000e-10  1.67662257e+00  1.92337743e+00  2.84975300e+00  2.58797425e+00 
 8.55640000e-10  1.67692438e+00  1.92307562e+00  2.84977639e+00  2.58802437e+00 
 8.56140000e-10  1.67722740e+00  1.92277260e+00  2.84979964e+00  2.58807460e+00 
 8.56640000e-10  1.67753164e+00  1.92246836e+00  2.84982273e+00  2.58812495e+00 
 8.57140000e-10  1.67783708e+00  1.92216292e+00  2.84984565e+00  2.58817541e+00 
 8.57640000e-10  1.67814373e+00  1.92185627e+00  2.84986841e+00  2.58822600e+00 
 8.58140000e-10  1.67845159e+00  1.92154841e+00  2.84989099e+00  2.58827671e+00 
 8.58640000e-10  1.67876064e+00  1.92123936e+00  2.84991340e+00  2.58832755e+00 
 8.59140000e-10  1.67907089e+00  1.92092911e+00  2.84993563e+00  2.58837852e+00 
 8.59640000e-10  1.67938233e+00  1.92061767e+00  2.84995766e+00  2.58842963e+00 
 8.60140000e-10  1.67969496e+00  1.92030504e+00  2.84997951e+00  2.58848087e+00 
 8.60640000e-10  1.68000878e+00  1.91999122e+00  2.85000115e+00  2.58853227e+00 
 8.61140000e-10  1.68032379e+00  1.91967621e+00  2.85002259e+00  2.58858381e+00 
 8.61640000e-10  1.68063997e+00  1.91936003e+00  2.85004381e+00  2.58863550e+00 
 8.62140000e-10  1.68095734e+00  1.91904266e+00  2.85006482e+00  2.58868736e+00 
 8.62640000e-10  1.68127588e+00  1.91872412e+00  2.85008561e+00  2.58873937e+00 
 8.63140000e-10  1.68159559e+00  1.91840441e+00  2.85010616e+00  2.58879156e+00 
 8.63640000e-10  1.68191647e+00  1.91808353e+00  2.85012648e+00  2.58884391e+00 
 8.64140000e-10  1.68223851e+00  1.91776149e+00  2.85014655e+00  2.58889645e+00 
 8.64640000e-10  1.68256172e+00  1.91743828e+00  2.85016637e+00  2.58894917e+00 
 8.65140000e-10  1.68288608e+00  1.91711392e+00  2.85018594e+00  2.58900208e+00 
 8.65640000e-10  1.68321161e+00  1.91678839e+00  2.85020523e+00  2.58905519e+00 
 8.66140000e-10  1.68353828e+00  1.91646172e+00  2.85022425e+00  2.58910850e+00 
 8.66640000e-10  1.68386610e+00  1.91613390e+00  2.85024299e+00  2.58916202e+00 
 8.67140000e-10  1.68419508e+00  1.91580492e+00  2.85026143e+00  2.58921575e+00 
 8.67640000e-10  1.68452519e+00  1.91547481e+00  2.85027957e+00  2.58926970e+00 
 8.68140000e-10  1.68485644e+00  1.91514356e+00  2.85029741e+00  2.58932388e+00 
 8.68640000e-10  1.68518883e+00  1.91481117e+00  2.85031493e+00  2.58937830e+00 
 8.69140000e-10  1.68552235e+00  1.91447765e+00  2.85033211e+00  2.58943296e+00 
 8.69640000e-10  1.68585700e+00  1.91414300e+00  2.85034897e+00  2.58948788e+00 
 8.70140000e-10  1.68619278e+00  1.91380722e+00  2.85036547e+00  2.58954305e+00 
 8.70640000e-10  1.68652969e+00  1.91347031e+00  2.85038161e+00  2.58959849e+00 
 8.71140000e-10  1.68686771e+00  1.91313229e+00  2.85039739e+00  2.58965420e+00 
 8.71640000e-10  1.68720685e+00  1.91279315e+00  2.85041278e+00  2.58971020e+00 
 8.72140000e-10  1.68754710e+00  1.91245290e+00  2.85042779e+00  2.58976649e+00 
 8.72640000e-10  1.68788846e+00  1.91211154e+00  2.85044239e+00  2.58982309e+00 
 8.73140000e-10  1.68823093e+00  1.91176907e+00  2.85045658e+00  2.58988000e+00 
 8.73640000e-10  1.68857450e+00  1.91142550e+00  2.85047033e+00  2.58993723e+00 
 8.74140000e-10  1.68891917e+00  1.91108083e+00  2.85048365e+00  2.58999479e+00 
 8.74640000e-10  1.68926494e+00  1.91073506e+00  2.85049651e+00  2.59005270e+00 
 8.75140000e-10  1.68961180e+00  1.91038820e+00  2.85050891e+00  2.59011096e+00 
 8.75640000e-10  1.68995975e+00  1.91004025e+00  2.85052082e+00  2.59016959e+00 
 8.76140000e-10  1.69030878e+00  1.90969122e+00  2.85053224e+00  2.59022859e+00 
 8.76640000e-10  1.69065890e+00  1.90934110e+00  2.85054315e+00  2.59028799e+00 
 8.77140000e-10  1.69101010e+00  1.90898990e+00  2.85055353e+00  2.59034778e+00 
 8.77640000e-10  1.69136237e+00  1.90863763e+00  2.85056337e+00  2.59040799e+00 
 8.78140000e-10  1.69171572e+00  1.90828428e+00  2.85057265e+00  2.59046863e+00 
 8.78640000e-10  1.69207013e+00  1.90792987e+00  2.85058135e+00  2.59052972e+00 
 8.79140000e-10  1.69242561e+00  1.90757439e+00  2.85058946e+00  2.59059126e+00 
 8.79640000e-10  1.69278215e+00  1.90721785e+00  2.85059696e+00  2.59065326e+00 
 8.80140000e-10  1.69313975e+00  1.90686025e+00  2.85060383e+00  2.59071576e+00 
 8.80640000e-10  1.69349840e+00  1.90650160e+00  2.85061005e+00  2.59077876e+00 
 8.81140000e-10  1.69385811e+00  1.90614189e+00  2.85061560e+00  2.59084227e+00 
 8.81640000e-10  1.69421886e+00  1.90578114e+00  2.85062047e+00  2.59090632e+00 
 8.82140000e-10  1.69458066e+00  1.90541934e+00  2.85062462e+00  2.59097092e+00 
 8.82640000e-10  1.69494349e+00  1.90505651e+00  2.85062805e+00  2.59103609e+00 
 8.83140000e-10  1.69530737e+00  1.90469263e+00  2.85063072e+00  2.59110184e+00 
 8.83640000e-10  1.69567227e+00  1.90432773e+00  2.85063262e+00  2.59116820e+00 
 8.84140000e-10  1.69603821e+00  1.90396179e+00  2.85063372e+00  2.59123519e+00 
 8.84640000e-10  1.69640517e+00  1.90359483e+00  2.85063400e+00  2.59130282e+00 
 8.85140000e-10  1.69677316e+00  1.90322684e+00  2.85063343e+00  2.59137111e+00 
 8.85640000e-10  1.69714216e+00  1.90285784e+00  2.85063198e+00  2.59144010e+00 
 8.86140000e-10  1.69751218e+00  1.90248782e+00  2.85062964e+00  2.59150979e+00 
 8.86640000e-10  1.69788321e+00  1.90211679e+00  2.85062637e+00  2.59158021e+00 
 8.87140000e-10  1.69825525e+00  1.90174475e+00  2.85062214e+00  2.59165138e+00 
 8.87640000e-10  1.69862830e+00  1.90137170e+00  2.85061693e+00  2.59172334e+00 
 8.88140000e-10  1.69900234e+00  1.90099766e+00  2.85061071e+00  2.59179609e+00 
 8.88640000e-10  1.69937738e+00  1.90062262e+00  2.85060345e+00  2.59186968e+00 
 8.89140000e-10  1.69975341e+00  1.90024659e+00  2.85059511e+00  2.59194411e+00 
 8.89640000e-10  1.70013043e+00  1.89986957e+00  2.85058566e+00  2.59201943e+00 
 8.90140000e-10  1.70050844e+00  1.89949156e+00  2.85057508e+00  2.59209566e+00 
 8.90640000e-10  1.70088743e+00  1.89911257e+00  2.85056332e+00  2.59217282e+00 
 8.91140000e-10  1.70126740e+00  1.89873260e+00  2.85055035e+00  2.59225095e+00 
 8.91640000e-10  1.70164834e+00  1.89835166e+00  2.85053613e+00  2.59233007e+00 
 8.92140000e-10  1.70203026e+00  1.89796974e+00  2.85052064e+00  2.59241022e+00 
 8.92640000e-10  1.70241314e+00  1.89758686e+00  2.85050382e+00  2.59249143e+00 
 8.93140000e-10  1.70279698e+00  1.89720302e+00  2.85048565e+00  2.59257374e+00 
 8.93640000e-10  1.70318179e+00  1.89681821e+00  2.85046608e+00  2.59265717e+00 
 8.94140000e-10  1.70356754e+00  1.89643246e+00  2.85044506e+00  2.59274176e+00 
 8.94640000e-10  1.70395425e+00  1.89604575e+00  2.85042256e+00  2.59282754e+00 
 8.95140000e-10  1.70434191e+00  1.89565809e+00  2.85039854e+00  2.59291456e+00 
 8.95640000e-10  1.70473051e+00  1.89526949e+00  2.85037295e+00  2.59300285e+00 
 8.96140000e-10  1.70512006e+00  1.89487994e+00  2.85034573e+00  2.59309244e+00 
 8.96640000e-10  1.70551054e+00  1.89448946e+00  2.85031686e+00  2.59318339e+00 
 8.97140000e-10  1.70590195e+00  1.89409805e+00  2.85028627e+00  2.59327573e+00 
 8.97640000e-10  1.70629429e+00  1.89370571e+00  2.85025392e+00  2.59336950e+00 
 8.98140000e-10  1.70668755e+00  1.89331245e+00  2.85021976e+00  2.59346474e+00 
 8.98640000e-10  1.70708174e+00  1.89291826e+00  2.85018373e+00  2.59356150e+00 
 8.99140000e-10  1.70747684e+00  1.89252316e+00  2.85014579e+00  2.59365983e+00 
 8.99640000e-10  1.70787286e+00  1.89212714e+00  2.85010587e+00  2.59375976e+00 
 9.00140000e-10  1.70826978e+00  1.89173022e+00  2.85006392e+00  2.59386136e+00 
 9.00640000e-10  1.70866762e+00  1.89133238e+00  2.85001989e+00  2.59396466e+00 
 9.01140000e-10  1.70906635e+00  1.89093365e+00  2.84997371e+00  2.59406972e+00 
 9.01640000e-10  1.70946598e+00  1.89053402e+00  2.84992533e+00  2.59417659e+00 
 9.02140000e-10  1.70986650e+00  1.89013350e+00  2.84987468e+00  2.59428532e+00 
 9.02640000e-10  1.71026791e+00  1.88973209e+00  2.84982170e+00  2.59439597e+00 
 9.03140000e-10  1.71067021e+00  1.88932979e+00  2.84976633e+00  2.59450859e+00 
 9.03640000e-10  1.71107339e+00  1.88892661e+00  2.84970850e+00  2.59462323e+00 
 9.04140000e-10  1.71147745e+00  1.88852255e+00  2.84964814e+00  2.59473996e+00 
 9.04640000e-10  1.71188238e+00  1.88811762e+00  2.84958518e+00  2.59485883e+00 
 9.05140000e-10  1.71228818e+00  1.88771182e+00  2.84951957e+00  2.59497990e+00 
 9.05640000e-10  1.71269485e+00  1.88730515e+00  2.84945121e+00  2.59510324e+00 
 9.06140000e-10  1.71310238e+00  1.88689762e+00  2.84938005e+00  2.59522890e+00 
 9.06640000e-10  1.71351077e+00  1.88648923e+00  2.84930600e+00  2.59535696e+00 
 9.07140000e-10  1.71392001e+00  1.88607999e+00  2.84922900e+00  2.59548747e+00 
 9.07640000e-10  1.71433010e+00  1.88566990e+00  2.84914896e+00  2.59562051e+00 
 9.08140000e-10  1.71474103e+00  1.88525897e+00  2.84906580e+00  2.59575614e+00 
 9.08640000e-10  1.71515281e+00  1.88484719e+00  2.84897945e+00  2.59589443e+00 
 9.09140000e-10  1.71556542e+00  1.88443458e+00  2.84888983e+00  2.59603545e+00 
 9.09640000e-10  1.71597887e+00  1.88402113e+00  2.84879684e+00  2.59617928e+00 
 9.10140000e-10  1.71639314e+00  1.88360686e+00  2.84870042e+00  2.59632598e+00 
 9.10640000e-10  1.71680825e+00  1.88319175e+00  2.84860047e+00  2.59647563e+00 
 9.11140000e-10  1.71722417e+00  1.88277583e+00  2.84849690e+00  2.59662831e+00 
 9.11640000e-10  1.71764091e+00  1.88235909e+00  2.84838964e+00  2.59678409e+00 
 9.12140000e-10  1.71805846e+00  1.88194154e+00  2.84827858e+00  2.59694306e+00 
 9.12640000e-10  1.71847682e+00  1.88152318e+00  2.84816365e+00  2.59710528e+00 
 9.13140000e-10  1.71889599e+00  1.88110401e+00  2.84804474e+00  2.59727085e+00 
 9.13640000e-10  1.71931595e+00  1.88068405e+00  2.84792177e+00  2.59743984e+00 
 9.14140000e-10  1.71973672e+00  1.88026328e+00  2.84779465e+00  2.59761233e+00 
 9.14640000e-10  1.72015827e+00  1.87984173e+00  2.84766327e+00  2.59778841e+00 
 9.15140000e-10  1.72058061e+00  1.87941939e+00  2.84752755e+00  2.59796816e+00 
 9.15640000e-10  1.72100374e+00  1.87899626e+00  2.84738739e+00  2.59815167e+00 
 9.16140000e-10  1.72142765e+00  1.87857235e+00  2.84724269e+00  2.59833902e+00 
 9.16640000e-10  1.72185233e+00  1.87814767e+00  2.84709335e+00  2.59853030e+00 
 9.17140000e-10  1.72227778e+00  1.87772222e+00  2.84693928e+00  2.59872560e+00 
 9.17640000e-10  1.72270400e+00  1.87729600e+00  2.84678038e+00  2.59892501e+00 
 9.18140000e-10  1.72313098e+00  1.87686902e+00  2.84661655e+00  2.59912861e+00 
 9.18640000e-10  1.72355873e+00  1.87644127e+00  2.84644768e+00  2.59933650e+00 
 9.19140000e-10  1.72398722e+00  1.87601278e+00  2.84627368e+00  2.59954876e+00 
 9.19640000e-10  1.72441647e+00  1.87558353e+00  2.84609446e+00  2.59976549e+00 
 9.20140000e-10  1.72484646e+00  1.87515354e+00  2.84590990e+00  2.59998678e+00 
 9.20640000e-10  1.72527720e+00  1.87472280e+00  2.84571990e+00  2.60021271e+00 
 9.21140000e-10  1.72570867e+00  1.87429133e+00  2.84552438e+00  2.60044338e+00 
 9.21640000e-10  1.72614087e+00  1.87385913e+00  2.84532322e+00  2.60067889e+00 
 9.22140000e-10  1.72657381e+00  1.87342619e+00  2.84511633e+00  2.60091931e+00 
 9.22640000e-10  1.72700746e+00  1.87299254e+00  2.84490361e+00  2.60116476e+00 
 9.23140000e-10  1.72744184e+00  1.87255816e+00  2.84468495e+00  2.60141530e+00 
 9.23640000e-10  1.72787694e+00  1.87212306e+00  2.84446027e+00  2.60167105e+00 
 9.24140000e-10  1.72831274e+00  1.87168726e+00  2.84422945e+00  2.60193208e+00 
 9.24640000e-10  1.72874926e+00  1.87125074e+00  2.84399241e+00  2.60219849e+00 
 9.25140000e-10  1.72918648e+00  1.87081352e+00  2.84374905e+00  2.60247037e+00 
 9.25640000e-10  1.72962439e+00  1.87037561e+00  2.84349927e+00  2.60274780e+00 
 9.26140000e-10  1.73006300e+00  1.86993700e+00  2.84324298e+00  2.60303088e+00 
 9.26640000e-10  1.73050230e+00  1.86949770e+00  2.84298008e+00  2.60331970e+00 
 9.27140000e-10  1.73094229e+00  1.86905771e+00  2.84271048e+00  2.60361433e+00 
 9.27640000e-10  1.73138296e+00  1.86861704e+00  2.84243410e+00  2.60391487e+00 
 9.28140000e-10  1.73182431e+00  1.86817569e+00  2.84215084e+00  2.60422140e+00 
 9.28640000e-10  1.73226633e+00  1.86773367e+00  2.84186062e+00  2.60453401e+00 
 9.29140000e-10  1.73270901e+00  1.86729099e+00  2.84156336e+00  2.60485277e+00 
 9.29640000e-10  1.73315236e+00  1.86684764e+00  2.84125896e+00  2.60517777e+00 
 9.30140000e-10  1.73359638e+00  1.86640362e+00  2.84094734e+00  2.60550908e+00 
 9.30640000e-10  1.73404104e+00  1.86595896e+00  2.84062844e+00  2.60584679e+00 
 9.31140000e-10  1.73448636e+00  1.86551364e+00  2.84030216e+00  2.60619096e+00 
 9.31640000e-10  1.73493232e+00  1.86506768e+00  2.83996844e+00  2.60654168e+00 
 9.32140000e-10  1.73537893e+00  1.86462107e+00  2.83962721e+00  2.60689902e+00 
 9.32640000e-10  1.73582617e+00  1.86417383e+00  2.83927838e+00  2.60726304e+00 
 9.33140000e-10  1.73627405e+00  1.86372595e+00  2.83892190e+00  2.60763381e+00 
 9.33640000e-10  1.73672256e+00  1.86327744e+00  2.83855771e+00  2.60801140e+00 
 9.34140000e-10  1.73717169e+00  1.86282831e+00  2.83818573e+00  2.60839588e+00 
 9.34640000e-10  1.73762144e+00  1.86237856e+00  2.83780591e+00  2.60878730e+00 
 9.35140000e-10  1.73807181e+00  1.86192819e+00  2.83741820e+00  2.60918572e+00 
 9.35640000e-10  1.73852278e+00  1.86147722e+00  2.83702253e+00  2.60959120e+00 
 9.36140000e-10  1.73897437e+00  1.86102563e+00  2.83661887e+00  2.61000379e+00 
 9.36640000e-10  1.73942656e+00  1.86057344e+00  2.83620715e+00  2.61042355e+00 
 9.37140000e-10  1.73987934e+00  1.86012066e+00  2.83578735e+00  2.61085053e+00 
 9.37640000e-10  1.74033272e+00  1.85966728e+00  2.83535941e+00  2.61128476e+00 
 9.38140000e-10  1.74078669e+00  1.85921331e+00  2.83492329e+00  2.61172629e+00 
 9.38640000e-10  1.74124124e+00  1.85875876e+00  2.83447897e+00  2.61217517e+00 
 9.39140000e-10  1.74169637e+00  1.85830363e+00  2.83402642e+00  2.61263143e+00 
 9.39640000e-10  1.74215208e+00  1.85784792e+00  2.83356559e+00  2.61309510e+00 
 9.40140000e-10  1.74260835e+00  1.85739165e+00  2.83309648e+00  2.61356623e+00 
 9.40640000e-10  1.74306520e+00  1.85693480e+00  2.83261905e+00  2.61404483e+00 
 9.41140000e-10  1.74352260e+00  1.85647740e+00  2.83213329e+00  2.61453094e+00 
 9.41640000e-10  1.74398057e+00  1.85601943e+00  2.83163918e+00  2.61502457e+00 
 9.42140000e-10  1.74443908e+00  1.85556092e+00  2.83113671e+00  2.61552575e+00 
 9.42640000e-10  1.74489815e+00  1.85510185e+00  2.83062588e+00  2.61603450e+00 
 9.43140000e-10  1.74535776e+00  1.85464224e+00  2.83010668e+00  2.61655084e+00 
 9.43640000e-10  1.74581791e+00  1.85418209e+00  2.82957910e+00  2.61707476e+00 
 9.44140000e-10  1.74627859e+00  1.85372141e+00  2.82904315e+00  2.61760629e+00 
 9.44640000e-10  1.74673980e+00  1.85326020e+00  2.82849884e+00  2.61814544e+00 
 9.45140000e-10  1.74720154e+00  1.85279846e+00  2.82794616e+00  2.61869219e+00 
 9.45640000e-10  1.74766380e+00  1.85233620e+00  2.82738514e+00  2.61924656e+00 
 9.46140000e-10  1.74812658e+00  1.85187342e+00  2.82681579e+00  2.61980855e+00 
 9.46640000e-10  1.74858986e+00  1.85141014e+00  2.82623811e+00  2.62037814e+00 
 9.47140000e-10  1.74905366e+00  1.85094634e+00  2.82565215e+00  2.62095534e+00 
 9.47640000e-10  1.74951796e+00  1.85048204e+00  2.82505791e+00  2.62154013e+00 
 9.48140000e-10  1.74998275e+00  1.85001725e+00  2.82445543e+00  2.62213250e+00 
 9.48640000e-10  1.75044804e+00  1.84955196e+00  2.82384473e+00  2.62273244e+00 
 9.49140000e-10  1.75091382e+00  1.84908618e+00  2.82322585e+00  2.62333993e+00 
 9.49640000e-10  1.75138009e+00  1.84861991e+00  2.82259882e+00  2.62395495e+00 
 9.50140000e-10  1.75184683e+00  1.84815317e+00  2.82196369e+00  2.62457748e+00 
 9.50640000e-10  1.75231405e+00  1.84768595e+00  2.82132048e+00  2.62520749e+00 
 9.51140000e-10  1.75278174e+00  1.84721826e+00  2.82066924e+00  2.62584496e+00 
 9.51640000e-10  1.75324989e+00  1.84675011e+00  2.82001003e+00  2.62648985e+00 
 9.52140000e-10  1.75371851e+00  1.84628149e+00  2.81934288e+00  2.62714213e+00 
 9.52640000e-10  1.75418759e+00  1.84581241e+00  2.81866784e+00  2.62780178e+00 
 9.53140000e-10  1.75465711e+00  1.84534289e+00  2.81798497e+00  2.62846874e+00 
 9.53640000e-10  1.75512708e+00  1.84487292e+00  2.81729431e+00  2.62914299e+00 
 9.54140000e-10  1.75559750e+00  1.84440250e+00  2.81659593e+00  2.62982447e+00 
 9.54640000e-10  1.75606836e+00  1.84393164e+00  2.81588987e+00  2.63051314e+00 
 9.55140000e-10  1.75653964e+00  1.84346036e+00  2.81517619e+00  2.63120896e+00 
 9.55640000e-10  1.75701136e+00  1.84298864e+00  2.81445496e+00  2.63191186e+00 
 9.56140000e-10  1.75748350e+00  1.84251650e+00  2.81372622e+00  2.63262180e+00 
 9.56640000e-10  1.75795606e+00  1.84204394e+00  2.81299004e+00  2.63333871e+00 
 9.57140000e-10  1.75842904e+00  1.84157096e+00  2.81224647e+00  2.63406254e+00 
 9.57640000e-10  1.75890243e+00  1.84109757e+00  2.81149557e+00  2.63479322e+00 
 9.58140000e-10  1.75937622e+00  1.84062378e+00  2.81073740e+00  2.63553068e+00 
 9.58640000e-10  1.75985041e+00  1.84014959e+00  2.80997201e+00  2.63627485e+00 
 9.59140000e-10  1.76032500e+00  1.83967500e+00  2.80919947e+00  2.63702566e+00 
 9.59640000e-10  1.76079998e+00  1.83920002e+00  2.80841983e+00  2.63778303e+00 
 9.60140000e-10  1.76127535e+00  1.83872465e+00  2.80763314e+00  2.63854689e+00 
 9.60640000e-10  1.76175110e+00  1.83824890e+00  2.80683947e+00  2.63931714e+00 
 9.61140000e-10  1.76222722e+00  1.83777278e+00  2.80603886e+00  2.64009371e+00 
 9.61640000e-10  1.76270372e+00  1.83729628e+00  2.80523137e+00  2.64087651e+00 
 9.62140000e-10  1.76318059e+00  1.83681941e+00  2.80441707e+00  2.64166546e+00 
 9.62640000e-10  1.76365782e+00  1.83634218e+00  2.80359599e+00  2.64246046e+00 
 9.63140000e-10  1.76413541e+00  1.83586459e+00  2.80276820e+00  2.64326142e+00 
 9.63640000e-10  1.76461336e+00  1.83538664e+00  2.80193375e+00  2.64406825e+00 
 9.64140000e-10  1.76509165e+00  1.83490835e+00  2.80109270e+00  2.64488087e+00 
 9.64640000e-10  1.76557029e+00  1.83442971e+00  2.80024510e+00  2.64569918e+00 
 9.65140000e-10  1.76604927e+00  1.83395073e+00  2.79939101e+00  2.64652309e+00 
 9.65640000e-10  1.76652858e+00  1.83347142e+00  2.79853049e+00  2.64735250e+00 
 9.66140000e-10  1.76700822e+00  1.83299178e+00  2.79766360e+00  2.64818733e+00 
 9.66640000e-10  1.76748819e+00  1.83251181e+00  2.79679040e+00  2.64902749e+00 
 9.67140000e-10  1.76796848e+00  1.83203152e+00  2.79591096e+00  2.64987288e+00 
 9.67640000e-10  1.76844909e+00  1.83155091e+00  2.79502532e+00  2.65072342e+00 
 9.68140000e-10  1.76893000e+00  1.83107000e+00  2.79413357e+00  2.65157901e+00 
 9.68640000e-10  1.76941123e+00  1.83058877e+00  2.79323576e+00  2.65243958e+00 
 9.69140000e-10  1.76989275e+00  1.83010725e+00  2.79233196e+00  2.65330502e+00 
 9.69640000e-10  1.77037458e+00  1.82962542e+00  2.79142225e+00  2.65417527e+00 
 9.70140000e-10  1.77085669e+00  1.82914331e+00  2.79050668e+00  2.65505022e+00 
 9.70640000e-10  1.77133909e+00  1.82866091e+00  2.78958534e+00  2.65592980e+00 
 9.71140000e-10  1.77182178e+00  1.82817822e+00  2.78865830e+00  2.65681392e+00 
 9.71640000e-10  1.77230474e+00  1.82769526e+00  2.78772562e+00  2.65770249e+00 
 9.72140000e-10  1.77278798e+00  1.82721202e+00  2.78678738e+00  2.65859545e+00 
 9.72640000e-10  1.77327149e+00  1.82672851e+00  2.78584366e+00  2.65949270e+00 
 9.73140000e-10  1.77375526e+00  1.82624474e+00  2.78489454e+00  2.66039416e+00 
 9.73640000e-10  1.77423928e+00  1.82576072e+00  2.78394008e+00  2.66129976e+00 
 9.74140000e-10  1.77472357e+00  1.82527643e+00  2.78298037e+00  2.66220941e+00 
 9.74640000e-10  1.77520810e+00  1.82479190e+00  2.78201549e+00  2.66312304e+00 
 9.75140000e-10  1.77569288e+00  1.82430712e+00  2.78104551e+00  2.66404056e+00 
 9.75640000e-10  1.77617789e+00  1.82382211e+00  2.78007052e+00  2.66496191e+00 
 9.76140000e-10  1.77666315e+00  1.82333685e+00  2.77909060e+00  2.66588700e+00 
 9.76640000e-10  1.77714863e+00  1.82285137e+00  2.77810582e+00  2.66681577e+00 
 9.77140000e-10  1.77763434e+00  1.82236566e+00  2.77711627e+00  2.66774813e+00 
 9.77640000e-10  1.77812026e+00  1.82187974e+00  2.77612204e+00  2.66868401e+00 
 9.78140000e-10  1.77860641e+00  1.82139359e+00  2.77512321e+00  2.66962334e+00 
 9.78640000e-10  1.77909276e+00  1.82090724e+00  2.77411986e+00  2.67056606e+00 
 9.79140000e-10  1.77957933e+00  1.82042067e+00  2.77311207e+00  2.67151208e+00 
 9.79640000e-10  1.78006609e+00  1.81993391e+00  2.77209994e+00  2.67246135e+00 
 9.80140000e-10  1.78055305e+00  1.81944695e+00  2.77108355e+00  2.67341378e+00 
 9.80640000e-10  1.78104020e+00  1.81895980e+00  2.77006300e+00  2.67436932e+00 
 9.81140000e-10  1.78152754e+00  1.81847246e+00  2.76903836e+00  2.67532790e+00 
 9.81640000e-10  1.78201506e+00  1.81798494e+00  2.76800972e+00  2.67628946e+00 
 9.82140000e-10  1.78250276e+00  1.81749724e+00  2.76697718e+00  2.67725392e+00 
 9.82640000e-10  1.78299064e+00  1.81700936e+00  2.76594083e+00  2.67822123e+00 
 9.83140000e-10  1.78347867e+00  1.81652133e+00  2.76490076e+00  2.67919132e+00 
 9.83640000e-10  1.78396688e+00  1.81603312e+00  2.76385705e+00  2.68016413e+00 
 9.84140000e-10  1.78445524e+00  1.81554476e+00  2.76280981e+00  2.68113960e+00 
 9.84640000e-10  1.78494375e+00  1.81505625e+00  2.76175912e+00  2.68211767e+00 
 9.85140000e-10  1.78543242e+00  1.81456758e+00  2.76070507e+00  2.68309828e+00 
 9.85640000e-10  1.78592122e+00  1.81407878e+00  2.75964777e+00  2.68408137e+00 
 9.86140000e-10  1.78641017e+00  1.81358983e+00  2.75858729e+00  2.68506687e+00 
 9.86640000e-10  1.78689925e+00  1.81310075e+00  2.75752374e+00  2.68605474e+00 
 9.87140000e-10  1.78738846e+00  1.81261154e+00  2.75645720e+00  2.68704491e+00 
 9.87640000e-10  1.78787779e+00  1.81212221e+00  2.75538777e+00  2.68803732e+00 
 9.88140000e-10  1.78836725e+00  1.81163275e+00  2.75431554e+00  2.68903191e+00 
 9.88640000e-10  1.78885681e+00  1.81114319e+00  2.75324060e+00  2.69002863e+00 
 9.89140000e-10  1.78934649e+00  1.81065351e+00  2.75216305e+00  2.69102742e+00 
 9.89640000e-10  1.78983627e+00  1.81016373e+00  2.75108297e+00  2.69202821e+00 
 9.90140000e-10  1.79032616e+00  1.80967384e+00  2.75000046e+00  2.69303096e+00 
 9.90640000e-10  1.79081614e+00  1.80918386e+00  2.74891561e+00  2.69403559e+00 
 9.91140000e-10  1.79130621e+00  1.80869379e+00  2.74782850e+00  2.69504206e+00 
 9.91640000e-10  1.79179636e+00  1.80820364e+00  2.74673923e+00  2.69605030e+00 
 9.92140000e-10  1.79228660e+00  1.80771340e+00  2.74564788e+00  2.69706025e+00 
 9.92640000e-10  1.79277691e+00  1.80722309e+00  2.74455455e+00  2.69807184e+00 
 9.93140000e-10  1.79326730e+00  1.80673270e+00  2.74345931e+00  2.69908503e+00 
 9.93640000e-10  1.79375775e+00  1.80624225e+00  2.74236226e+00  2.70009974e+00 
 9.94140000e-10  1.79424826e+00  1.80575174e+00  2.74126348e+00  2.70111592e+00 
 9.94640000e-10  1.79473883e+00  1.80526117e+00  2.74016306e+00  2.70213350e+00 
 9.95140000e-10  1.79522945e+00  1.80477055e+00  2.73906107e+00  2.70315242e+00 
 9.95640000e-10  1.79572012e+00  1.80427988e+00  2.73795760e+00  2.70417261e+00 
 9.96140000e-10  1.79621083e+00  1.80378917e+00  2.73685273e+00  2.70519400e+00 
 9.96640000e-10  1.79670157e+00  1.80329843e+00  2.73574655e+00  2.70621654e+00 
 9.97140000e-10  1.79719235e+00  1.80280765e+00  2.73463913e+00  2.70724016e+00 
 9.97640000e-10  1.79768316e+00  1.80231684e+00  2.73353055e+00  2.70826478e+00 
 9.98140000e-10  1.79817399e+00  1.80182601e+00  2.73242089e+00  2.70929035e+00 
 9.98640000e-10  1.79866484e+00  1.80133516e+00  2.73131023e+00  2.71031678e+00 
 9.99140000e-10  1.79915570e+00  1.80084430e+00  2.73019864e+00  2.71134402e+00 
 9.99640000e-10  1.79964657e+00  1.80035343e+00  2.72908620e+00  2.71237199e+00 
 1.00014000e-09  1.80013744e+00  1.79986256e+00  2.72797297e+00  2.71340063e+00 
 1.00064000e-09  1.80062832e+00  1.79937168e+00  2.72685905e+00  2.71442985e+00 
 1.00114000e-09  1.80111918e+00  1.79888082e+00  2.72574449e+00  2.71545959e+00 
 1.00164000e-09  1.80161004e+00  1.79838996e+00  2.72462937e+00  2.71648977e+00 
 1.00214000e-09  1.80210088e+00  1.79789912e+00  2.72351376e+00  2.71752033e+00 
 1.00264000e-09  1.80259170e+00  1.79740830e+00  2.72239774e+00  2.71855118e+00 
 1.00314000e-09  1.80308249e+00  1.79691751e+00  2.72128136e+00  2.71958226e+00 
 1.00364000e-09  1.80357325e+00  1.79642675e+00  2.72016470e+00  2.72061348e+00 
 1.00414000e-09  1.80406398e+00  1.79593602e+00  2.71904783e+00  2.72164477e+00 
 1.00464000e-09  1.80455466e+00  1.79544534e+00  2.71793082e+00  2.72267605e+00 
 1.00514000e-09  1.80504531e+00  1.79495469e+00  2.71681372e+00  2.72370725e+00 
 1.00564000e-09  1.80553590e+00  1.79446410e+00  2.71569662e+00  2.72473828e+00 
 1.00614000e-09  1.80602644e+00  1.79397356e+00  2.71457957e+00  2.72576908e+00 
 1.00664000e-09  1.80651691e+00  1.79348309e+00  2.71346264e+00  2.72679955e+00 
 1.00714000e-09  1.80700733e+00  1.79299267e+00  2.71234589e+00  2.72782962e+00 
 1.00764000e-09  1.80749767e+00  1.79250233e+00  2.71122940e+00  2.72885922e+00 
 1.00814000e-09  1.80798794e+00  1.79201206e+00  2.71011321e+00  2.72988825e+00 
 1.00864000e-09  1.80847813e+00  1.79152187e+00  2.70899741e+00  2.73091664e+00 
 1.00914000e-09  1.80896824e+00  1.79103176e+00  2.70788204e+00  2.73194430e+00 
 1.00964000e-09  1.80945826e+00  1.79054174e+00  2.70676718e+00  2.73297116e+00 
 1.01014000e-09  1.80994819e+00  1.79005181e+00  2.70565288e+00  2.73399713e+00 
 1.01064000e-09  1.81043802e+00  1.78956198e+00  2.70453922e+00  2.73502213e+00 
 1.01114000e-09  1.81092774e+00  1.78907226e+00  2.70342624e+00  2.73604607e+00 
 1.01164000e-09  1.81141736e+00  1.78858264e+00  2.70231403e+00  2.73706888e+00 
 1.01214000e-09  1.81190686e+00  1.78809314e+00  2.70120263e+00  2.73809046e+00 
 1.01264000e-09  1.81239625e+00  1.78760375e+00  2.70009211e+00  2.73911074e+00 
 1.01314000e-09  1.81288551e+00  1.78711449e+00  2.69898253e+00  2.74012963e+00 
 1.01364000e-09  1.81337465e+00  1.78662535e+00  2.69787396e+00  2.74114704e+00 
 1.01414000e-09  1.81386366e+00  1.78613634e+00  2.69676647e+00  2.74216290e+00 
 1.01464000e-09  1.81435253e+00  1.78564747e+00  2.69566010e+00  2.74317711e+00 
 1.01514000e-09  1.81484125e+00  1.78515875e+00  2.69455493e+00  2.74418959e+00 
 1.01564000e-09  1.81532983e+00  1.78467017e+00  2.69345102e+00  2.74520026e+00 
 1.01614000e-09  1.81581826e+00  1.78418174e+00  2.69234844e+00  2.74620902e+00 
 1.01664000e-09  1.81630654e+00  1.78369346e+00  2.69124724e+00  2.74721580e+00 
 1.01714000e-09  1.81679465e+00  1.78320535e+00  2.69014750e+00  2.74822051e+00 
 1.01764000e-09  1.81728259e+00  1.78271741e+00  2.68904929e+00  2.74922306e+00 
 1.01814000e-09  1.81777037e+00  1.78222963e+00  2.68795265e+00  2.75022337e+00 
 1.01864000e-09  1.81825797e+00  1.78174203e+00  2.68685767e+00  2.75122136e+00 
 1.01914000e-09  1.81874539e+00  1.78125461e+00  2.68576441e+00  2.75221693e+00 
 1.01964000e-09  1.81923263e+00  1.78076737e+00  2.68467294e+00  2.75321000e+00 
 1.02014000e-09  1.81971967e+00  1.78028033e+00  2.68358333e+00  2.75420049e+00 
 1.02064000e-09  1.82020652e+00  1.77979348e+00  2.68249565e+00  2.75518832e+00 
 1.02114000e-09  1.82069317e+00  1.77930683e+00  2.68140997e+00  2.75617339e+00 
 1.02164000e-09  1.82117962e+00  1.77882038e+00  2.68032635e+00  2.75715562e+00 
 1.02214000e-09  1.82166586e+00  1.77833414e+00  2.67924489e+00  2.75813494e+00 
 1.02264000e-09  1.82215188e+00  1.77784812e+00  2.67816564e+00  2.75911125e+00 
 1.02314000e-09  1.82263769e+00  1.77736231e+00  2.67708868e+00  2.76008447e+00 
 1.02364000e-09  1.82312327e+00  1.77687673e+00  2.67601409e+00  2.76105453e+00 
 1.02414000e-09  1.82360862e+00  1.77639138e+00  2.67494196e+00  2.76202133e+00 
 1.02464000e-09  1.82409375e+00  1.77590625e+00  2.67387235e+00  2.76298480e+00 
 1.02514000e-09  1.82457863e+00  1.77542137e+00  2.67280535e+00  2.76394486e+00 
 1.02564000e-09  1.82506327e+00  1.77493673e+00  2.67174104e+00  2.76490142e+00 
 1.02614000e-09  1.82554766e+00  1.77445234e+00  2.67067950e+00  2.76585440e+00 
 1.02664000e-09  1.82603180e+00  1.77396820e+00  2.66962083e+00  2.76680374e+00 
 1.02714000e-09  1.82651569e+00  1.77348431e+00  2.66856510e+00  2.76774934e+00 
 1.02764000e-09  1.82699931e+00  1.77300069e+00  2.66751241e+00  2.76869114e+00 
 1.02814000e-09  1.82748267e+00  1.77251733e+00  2.66646285e+00  2.76962905e+00 
 1.02864000e-09  1.82796575e+00  1.77203425e+00  2.66541652e+00  2.77056301e+00 
 1.02914000e-09  1.82844856e+00  1.77155144e+00  2.66437350e+00  2.77149294e+00 
 1.02964000e-09  1.82893109e+00  1.77106891e+00  2.66333390e+00  2.77241876e+00 
 1.03014000e-09  1.82941333e+00  1.77058667e+00  2.66229780e+00  2.77334040e+00 
 1.03064000e-09  1.82989528e+00  1.77010472e+00  2.66126533e+00  2.77425781e+00 
 1.03114000e-09  1.83037694e+00  1.76962306e+00  2.66023657e+00  2.77517090e+00 
 1.03164000e-09  1.83085830e+00  1.76914170e+00  2.65921163e+00  2.77607961e+00 
 1.03214000e-09  1.83133935e+00  1.76866065e+00  2.65819062e+00  2.77698387e+00 
 1.03264000e-09  1.83182009e+00  1.76817991e+00  2.65717364e+00  2.77788362e+00 
 1.03314000e-09  1.83230052e+00  1.76769948e+00  2.65616081e+00  2.77877880e+00 
 1.03364000e-09  1.83278063e+00  1.76721937e+00  2.65515222e+00  2.77966934e+00 
 1.03414000e-09  1.83326042e+00  1.76673958e+00  2.65414801e+00  2.78055519e+00 
 1.03464000e-09  1.83373988e+00  1.76626012e+00  2.65314827e+00  2.78143628e+00 
 1.03514000e-09  1.83421900e+00  1.76578100e+00  2.65215311e+00  2.78231255e+00 
 1.03564000e-09  1.83469779e+00  1.76530221e+00  2.65116266e+00  2.78318394e+00 
 1.03614000e-09  1.83517624e+00  1.76482376e+00  2.65017701e+00  2.78405040e+00 
 1.03664000e-09  1.83565433e+00  1.76434567e+00  2.64919629e+00  2.78491187e+00 
 1.03714000e-09  1.83613208e+00  1.76386792e+00  2.64822060e+00  2.78576829e+00 
 1.03764000e-09  1.83660947e+00  1.76339053e+00  2.64725005e+00  2.78661960e+00 
 1.03814000e-09  1.83708650e+00  1.76291350e+00  2.64628474e+00  2.78746575e+00 
 1.03864000e-09  1.83756316e+00  1.76243684e+00  2.64532479e+00  2.78830667e+00 
 1.03914000e-09  1.83803945e+00  1.76196055e+00  2.64437029e+00  2.78914230e+00 
 1.03964000e-09  1.83851537e+00  1.76148463e+00  2.64342135e+00  2.78997259e+00 
 1.04014000e-09  1.83899091e+00  1.76100909e+00  2.64247806e+00  2.79079747e+00 
 1.04064000e-09  1.83946606e+00  1.76053394e+00  2.64154051e+00  2.79161688e+00 
 1.04114000e-09  1.83994082e+00  1.76005918e+00  2.64060881e+00  2.79243074e+00 
 1.04164000e-09  1.84041519e+00  1.75958481e+00  2.63968303e+00  2.79323900e+00 
 1.04214000e-09  1.84088916e+00  1.75911084e+00  2.63876326e+00  2.79404158e+00 
 1.04264000e-09  1.84136272e+00  1.75863728e+00  2.63784959e+00  2.79483841e+00 
 1.04314000e-09  1.84183588e+00  1.75816412e+00  2.63694208e+00  2.79562942e+00 
 1.04364000e-09  1.84230862e+00  1.75769138e+00  2.63604082e+00  2.79641453e+00 
 1.04414000e-09  1.84278095e+00  1.75721905e+00  2.63514587e+00  2.79719366e+00 
 1.04464000e-09  1.84325285e+00  1.75674715e+00  2.63425730e+00  2.79796673e+00 
 1.04514000e-09  1.84372433e+00  1.75627567e+00  2.63337518e+00  2.79873367e+00 
 1.04564000e-09  1.84419538e+00  1.75580462e+00  2.63249957e+00  2.79949439e+00 
 1.04614000e-09  1.84466599e+00  1.75533401e+00  2.63163052e+00  2.80024880e+00 
 1.04664000e-09  1.84513616e+00  1.75486384e+00  2.63076809e+00  2.80099682e+00 
 1.04714000e-09  1.84560588e+00  1.75439412e+00  2.62991234e+00  2.80173837e+00 
 1.04764000e-09  1.84607515e+00  1.75392485e+00  2.62906332e+00  2.80247336e+00 
 1.04814000e-09  1.84654397e+00  1.75345603e+00  2.62822107e+00  2.80320169e+00 
 1.04864000e-09  1.84701233e+00  1.75298767e+00  2.62738564e+00  2.80392329e+00 
 1.04914000e-09  1.84748022e+00  1.75251978e+00  2.62655708e+00  2.80463806e+00 
 1.04964000e-09  1.84794765e+00  1.75205235e+00  2.62573543e+00  2.80534592e+00 
 1.05014000e-09  1.84841460e+00  1.75158540e+00  2.62492074e+00  2.80604679e+00 
 1.05064000e-09  1.84888108e+00  1.75111892e+00  2.62411304e+00  2.80674058e+00 
 1.05114000e-09  1.84934707e+00  1.75065293e+00  2.62331237e+00  2.80742721e+00 
 1.05164000e-09  1.84981258e+00  1.75018742e+00  2.62251878e+00  2.80810659e+00 
 1.05214000e-09  1.85027759e+00  1.74972241e+00  2.62173230e+00  2.80877865e+00 
 1.05264000e-09  1.85074211e+00  1.74925789e+00  2.62095298e+00  2.80944331e+00 
 1.05314000e-09  1.85120613e+00  1.74879387e+00  2.62018084e+00  2.81010050e+00 
 1.05364000e-09  1.85166964e+00  1.74833036e+00  2.61941594e+00  2.81075014e+00 
 1.05414000e-09  1.85213264e+00  1.74786736e+00  2.61865829e+00  2.81139216e+00 
 1.05464000e-09  1.85259513e+00  1.74740487e+00  2.61790794e+00  2.81202651e+00 
 1.05514000e-09  1.85305710e+00  1.74694290e+00  2.61716493e+00  2.81265311e+00 
 1.05564000e-09  1.85351854e+00  1.74648146e+00  2.61642929e+00  2.81327190e+00 
 1.05614000e-09  1.85397946e+00  1.74602054e+00  2.61570105e+00  2.81388284e+00 
 1.05664000e-09  1.85443984e+00  1.74556016e+00  2.61498025e+00  2.81448586e+00 
 1.05714000e-09  1.85489969e+00  1.74510031e+00  2.61426693e+00  2.81508093e+00 
 1.05764000e-09  1.85535899e+00  1.74464101e+00  2.61356111e+00  2.81566799e+00 
 1.05814000e-09  1.85581775e+00  1.74418225e+00  2.61286283e+00  2.81624700e+00 
 1.05864000e-09  1.85627596e+00  1.74372404e+00  2.61217211e+00  2.81681793e+00 
 1.05914000e-09  1.85673361e+00  1.74326639e+00  2.61148900e+00  2.81738074e+00 
 1.05964000e-09  1.85719070e+00  1.74280930e+00  2.61081352e+00  2.81793541e+00 
 1.06014000e-09  1.85764723e+00  1.74235277e+00  2.61014570e+00  2.81848191e+00 
 1.06064000e-09  1.85810319e+00  1.74189681e+00  2.60948557e+00  2.81902022e+00 
 1.06114000e-09  1.85855858e+00  1.74144142e+00  2.60883315e+00  2.81955032e+00 
 1.06164000e-09  1.85901338e+00  1.74098662e+00  2.60818847e+00  2.82007221e+00 
 1.06214000e-09  1.85946761e+00  1.74053239e+00  2.60755155e+00  2.82058586e+00 
 1.06264000e-09  1.85992125e+00  1.74007875e+00  2.60692241e+00  2.82109129e+00 
 1.06314000e-09  1.86037429e+00  1.73962571e+00  2.60630108e+00  2.82158849e+00 
 1.06364000e-09  1.86082674e+00  1.73917326e+00  2.60568757e+00  2.82207746e+00 
 1.06414000e-09  1.86127859e+00  1.73872141e+00  2.60508191e+00  2.82255821e+00 
 1.06464000e-09  1.86172984e+00  1.73827016e+00  2.60448409e+00  2.82303075e+00 
 1.06514000e-09  1.86218047e+00  1.73781953e+00  2.60389414e+00  2.82349510e+00 
 1.06564000e-09  1.86263050e+00  1.73736950e+00  2.60331206e+00  2.82395128e+00 
 1.06614000e-09  1.86307990e+00  1.73692010e+00  2.60273787e+00  2.82439931e+00 
 1.06664000e-09  1.86352868e+00  1.73647132e+00  2.60217156e+00  2.82483922e+00 
 1.06714000e-09  1.86397684e+00  1.73602316e+00  2.60161315e+00  2.82527104e+00 
 1.06764000e-09  1.86442436e+00  1.73557564e+00  2.60106262e+00  2.82569480e+00 
 1.06814000e-09  1.86487125e+00  1.73512875e+00  2.60051998e+00  2.82611055e+00 
 1.06864000e-09  1.86531750e+00  1.73468250e+00  2.59998522e+00  2.82651832e+00 
 1.06914000e-09  1.86576310e+00  1.73423690e+00  2.59945833e+00  2.82691816e+00 
 1.06964000e-09  1.86620805e+00  1.73379195e+00  2.59893930e+00  2.82731011e+00 
 1.07014000e-09  1.86665235e+00  1.73334765e+00  2.59842811e+00  2.82769422e+00 
 1.07064000e-09  1.86709599e+00  1.73290401e+00  2.59792476e+00  2.82807056e+00 
 1.07114000e-09  1.86753897e+00  1.73246103e+00  2.59742921e+00  2.82843918e+00 
 1.07164000e-09  1.86798129e+00  1.73201871e+00  2.59694144e+00  2.82880013e+00 
 1.07214000e-09  1.86842293e+00  1.73157707e+00  2.59646143e+00  2.82915349e+00 
 1.07264000e-09  1.86886390e+00  1.73113610e+00  2.59598915e+00  2.82949931e+00 
 1.07314000e-09  1.86930419e+00  1.73069581e+00  2.59552457e+00  2.82983766e+00 
 1.07364000e-09  1.86974379e+00  1.73025621e+00  2.59506765e+00  2.83016862e+00 
 1.07414000e-09  1.87018270e+00  1.72981730e+00  2.59461834e+00  2.83049225e+00 
 1.07464000e-09  1.87062093e+00  1.72937907e+00  2.59417662e+00  2.83080864e+00 
 1.07514000e-09  1.87105845e+00  1.72894155e+00  2.59374244e+00  2.83111786e+00 
 1.07564000e-09  1.87149528e+00  1.72850472e+00  2.59331574e+00  2.83142000e+00 
 1.07614000e-09  1.87193140e+00  1.72806860e+00  2.59289648e+00  2.83171512e+00 
 1.07664000e-09  1.87236680e+00  1.72763320e+00  2.59248461e+00  2.83200332e+00 
 1.07714000e-09  1.87280150e+00  1.72719850e+00  2.59208007e+00  2.83228469e+00 
 1.07764000e-09  1.87323547e+00  1.72676453e+00  2.59168281e+00  2.83255931e+00 
 1.07814000e-09  1.87366873e+00  1.72633127e+00  2.59129276e+00  2.83282726e+00 
 1.07864000e-09  1.87410125e+00  1.72589875e+00  2.59090986e+00  2.83308865e+00 
 1.07914000e-09  1.87453305e+00  1.72546695e+00  2.59053405e+00  2.83334355e+00 
 1.07964000e-09  1.87496411e+00  1.72503589e+00  2.59016526e+00  2.83359208e+00 
 1.08014000e-09  1.87539443e+00  1.72460557e+00  2.58980342e+00  2.83383431e+00 
 1.08064000e-09  1.87582400e+00  1.72417600e+00  2.58944845e+00  2.83407035e+00 
 1.08114000e-09  1.87625283e+00  1.72374717e+00  2.58910030e+00  2.83430029e+00 
 1.08164000e-09  1.87668090e+00  1.72331910e+00  2.58875887e+00  2.83452424e+00 
 1.08214000e-09  1.87710822e+00  1.72289178e+00  2.58842410e+00  2.83474228e+00 
 1.08264000e-09  1.87753478e+00  1.72246522e+00  2.58809590e+00  2.83495452e+00 
 1.08314000e-09  1.87796057e+00  1.72203943e+00  2.58777420e+00  2.83516106e+00 
 1.08364000e-09  1.87838559e+00  1.72161441e+00  2.58745892e+00  2.83536200e+00 
 1.08414000e-09  1.87880984e+00  1.72119016e+00  2.58714996e+00  2.83555743e+00 
 1.08464000e-09  1.87923331e+00  1.72076669e+00  2.58684726e+00  2.83574747e+00 
 1.08514000e-09  1.87965599e+00  1.72034401e+00  2.58655071e+00  2.83593221e+00 
 1.08564000e-09  1.88007790e+00  1.71992210e+00  2.58626025e+00  2.83611175e+00 
 1.08614000e-09  1.88049901e+00  1.71950099e+00  2.58597577e+00  2.83628619e+00 
 1.08664000e-09  1.88091933e+00  1.71908067e+00  2.58569720e+00  2.83645564e+00 
 1.08714000e-09  1.88133884e+00  1.71866116e+00  2.58542445e+00  2.83662019e+00 
 1.08764000e-09  1.88175756e+00  1.71824244e+00  2.58515742e+00  2.83677995e+00 
 1.08814000e-09  1.88217547e+00  1.71782453e+00  2.58489603e+00  2.83693502e+00 
 1.08864000e-09  1.88259257e+00  1.71740743e+00  2.58464019e+00  2.83708549e+00 
 1.08914000e-09  1.88300885e+00  1.71699115e+00  2.58438981e+00  2.83723147e+00 
 1.08964000e-09  1.88342431e+00  1.71657569e+00  2.58414479e+00  2.83737306e+00 
 1.09014000e-09  1.88383895e+00  1.71616105e+00  2.58390506e+00  2.83751034e+00 
 1.09064000e-09  1.88425277e+00  1.71574723e+00  2.58367051e+00  2.83764343e+00 
 1.09114000e-09  1.88466575e+00  1.71533425e+00  2.58344107e+00  2.83777242e+00 
 1.09164000e-09  1.88507789e+00  1.71492211e+00  2.58321663e+00  2.83789740e+00 
 1.09214000e-09  1.88548920e+00  1.71451080e+00  2.58299712e+00  2.83801847e+00 
 1.09264000e-09  1.88589966e+00  1.71410034e+00  2.58278243e+00  2.83813572e+00 
 1.09314000e-09  1.88630927e+00  1.71369073e+00  2.58257249e+00  2.83824925e+00 
 1.09364000e-09  1.88671804e+00  1.71328196e+00  2.58236721e+00  2.83835914e+00 
 1.09414000e-09  1.88712594e+00  1.71287406e+00  2.58216649e+00  2.83846550e+00 
 1.09464000e-09  1.88753299e+00  1.71246701e+00  2.58197025e+00  2.83856840e+00 
 1.09514000e-09  1.88793917e+00  1.71206083e+00  2.58177841e+00  2.83866793e+00 
 1.09564000e-09  1.88834449e+00  1.71165551e+00  2.58159088e+00  2.83876419e+00 
 1.09614000e-09  1.88874893e+00  1.71125107e+00  2.58140757e+00  2.83885726e+00 
 1.09664000e-09  1.88915250e+00  1.71084750e+00  2.58122840e+00  2.83894723e+00 
 1.09714000e-09  1.88955518e+00  1.71044482e+00  2.58105329e+00  2.83903417e+00 
 1.09764000e-09  1.88995699e+00  1.71004301e+00  2.58088216e+00  2.83911817e+00 
 1.09814000e-09  1.89035790e+00  1.70964210e+00  2.58071492e+00  2.83919932e+00 
 1.09864000e-09  1.89075792e+00  1.70924208e+00  2.58055150e+00  2.83927768e+00 
 1.09914000e-09  1.89115705e+00  1.70884295e+00  2.58039181e+00  2.83935334e+00 
 1.09964000e-09  1.89155528e+00  1.70844472e+00  2.58023578e+00  2.83942638e+00 
 1.10014000e-09  1.89195261e+00  1.70804739e+00  2.58008333e+00  2.83949686e+00 
 1.10064000e-09  1.89234902e+00  1.70765098e+00  2.57993439e+00  2.83956487e+00 
 1.10114000e-09  1.89274453e+00  1.70725547e+00  2.57978888e+00  2.83963047e+00 
 1.10164000e-09  1.89313912e+00  1.70686088e+00  2.57964672e+00  2.83969374e+00 
 1.10214000e-09  1.89353279e+00  1.70646721e+00  2.57950785e+00  2.83975474e+00 
 1.10264000e-09  1.89392554e+00  1.70607446e+00  2.57937219e+00  2.83981354e+00 
 1.10314000e-09  1.89431736e+00  1.70568264e+00  2.57923968e+00  2.83987022e+00 
 1.10364000e-09  1.89470825e+00  1.70529175e+00  2.57911024e+00  2.83992483e+00 
 1.10414000e-09  1.89509820e+00  1.70490180e+00  2.57898382e+00  2.83997744e+00 
 1.10464000e-09  1.89548722e+00  1.70451278e+00  2.57886033e+00  2.84002810e+00 
 1.10514000e-09  1.89587529e+00  1.70412471e+00  2.57873972e+00  2.84007689e+00 
 1.10564000e-09  1.89626242e+00  1.70373758e+00  2.57862192e+00  2.84012386e+00 
 1.10614000e-09  1.89664860e+00  1.70335140e+00  2.57850687e+00  2.84016907e+00 
 1.10664000e-09  1.89703382e+00  1.70296618e+00  2.57839452e+00  2.84021257e+00 
 1.10714000e-09  1.89741809e+00  1.70258191e+00  2.57828479e+00  2.84025442e+00 
 1.10764000e-09  1.89780139e+00  1.70219861e+00  2.57817763e+00  2.84029468e+00 
 1.10814000e-09  1.89818373e+00  1.70181627e+00  2.57807299e+00  2.84033339e+00 
 1.10864000e-09  1.89856510e+00  1.70143490e+00  2.57797080e+00  2.84037061e+00 
 1.10914000e-09  1.89894550e+00  1.70105450e+00  2.57787101e+00  2.84040639e+00 
 1.10964000e-09  1.89932492e+00  1.70067508e+00  2.57777357e+00  2.84044077e+00 
 1.11014000e-09  1.89970336e+00  1.70029664e+00  2.57767843e+00  2.84047381e+00 
 1.11064000e-09  1.90008082e+00  1.69991918e+00  2.57758553e+00  2.84050554e+00 
 1.11114000e-09  1.90045729e+00  1.69954271e+00  2.57749482e+00  2.84053603e+00 
 1.11164000e-09  1.90083277e+00  1.69916723e+00  2.57740625e+00  2.84056529e+00 
 1.11214000e-09  1.90120725e+00  1.69879275e+00  2.57731978e+00  2.84059340e+00 
 1.11264000e-09  1.90158073e+00  1.69841927e+00  2.57723536e+00  2.84062037e+00 
 1.11314000e-09  1.90195321e+00  1.69804679e+00  2.57715293e+00  2.84064625e+00 
 1.11364000e-09  1.90232469e+00  1.69767531e+00  2.57707247e+00  2.84067109e+00 
 1.11414000e-09  1.90269515e+00  1.69730485e+00  2.57699391e+00  2.84069492e+00 
 1.11464000e-09  1.90306460e+00  1.69693540e+00  2.57691723e+00  2.84071777e+00 
 1.11514000e-09  1.90343304e+00  1.69656696e+00  2.57684238e+00  2.84073969e+00 
 1.11564000e-09  1.90380045e+00  1.69619955e+00  2.57676931e+00  2.84076071e+00 
 1.11614000e-09  1.90416684e+00  1.69583316e+00  2.57669799e+00  2.84078085e+00 
 1.11664000e-09  1.90453220e+00  1.69546780e+00  2.57662838e+00  2.84080017e+00 
 1.11714000e-09  1.90489653e+00  1.69510347e+00  2.57656044e+00  2.84081867e+00 
 1.11764000e-09  1.90525982e+00  1.69474018e+00  2.57649413e+00  2.84083641e+00 
 1.11814000e-09  1.90562208e+00  1.69437792e+00  2.57642942e+00  2.84085341e+00 
 1.11864000e-09  1.90598329e+00  1.69401671e+00  2.57636628e+00  2.84086969e+00 
 1.11914000e-09  1.90634346e+00  1.69365654e+00  2.57630466e+00  2.84088528e+00 
 1.11964000e-09  1.90670257e+00  1.69329743e+00  2.57624454e+00  2.84090023e+00 
 1.12014000e-09  1.90706064e+00  1.69293936e+00  2.57618589e+00  2.84091454e+00 
 1.12064000e-09  1.90741764e+00  1.69258236e+00  2.57612866e+00  2.84092824e+00 
 1.12114000e-09  1.90777359e+00  1.69222641e+00  2.57607284e+00  2.84094137e+00 
 1.12164000e-09  1.90812847e+00  1.69187153e+00  2.57601838e+00  2.84095394e+00 
 1.12214000e-09  1.90848229e+00  1.69151771e+00  2.57596527e+00  2.84096598e+00 
 1.12264000e-09  1.90883504e+00  1.69116496e+00  2.57591347e+00  2.84097752e+00 
 1.12314000e-09  1.90918671e+00  1.69081329e+00  2.57586296e+00  2.84098857e+00 
 1.12364000e-09  1.90953730e+00  1.69046270e+00  2.57581370e+00  2.84099915e+00 
 1.12414000e-09  1.90988681e+00  1.69011319e+00  2.57576567e+00  2.84100929e+00 
 1.12464000e-09  1.91023524e+00  1.68976476e+00  2.57571886e+00  2.84101901e+00 
 1.12514000e-09  1.91058258e+00  1.68941742e+00  2.57567322e+00  2.84102832e+00 
 1.12564000e-09  1.91092883e+00  1.68907117e+00  2.57562874e+00  2.84103725e+00 
 1.12614000e-09  1.91127398e+00  1.68872602e+00  2.57558539e+00  2.84104581e+00 
 1.12664000e-09  1.91161804e+00  1.68838196e+00  2.57554316e+00  2.84105402e+00 
 1.12714000e-09  1.91196099e+00  1.68803901e+00  2.57550201e+00  2.84106190e+00 
 1.12764000e-09  1.91230284e+00  1.68769716e+00  2.57546193e+00  2.84106946e+00 
 1.12814000e-09  1.91264358e+00  1.68735642e+00  2.57542289e+00  2.84107673e+00 
 1.12864000e-09  1.91298321e+00  1.68701679e+00  2.57538488e+00  2.84108371e+00 
 1.12914000e-09  1.91332172e+00  1.68667828e+00  2.57534787e+00  2.84109043e+00 
 1.12964000e-09  1.91365912e+00  1.68634088e+00  2.57531184e+00  2.84109689e+00 
 1.13014000e-09  1.91399539e+00  1.68600461e+00  2.57527678e+00  2.84110311e+00 
 1.13064000e-09  1.91433054e+00  1.68566946e+00  2.57524267e+00  2.84110910e+00 
 1.13114000e-09  1.91466456e+00  1.68533544e+00  2.57520949e+00  2.84111488e+00 
 1.13164000e-09  1.91499745e+00  1.68500255e+00  2.57517722e+00  2.84112046e+00 
 1.13214000e-09  1.91532920e+00  1.68467080e+00  2.57514584e+00  2.84112585e+00 
 1.13264000e-09  1.91565982e+00  1.68434018e+00  2.57511534e+00  2.84113107e+00 
 1.13314000e-09  1.91598929e+00  1.68401071e+00  2.57508570e+00  2.84113612e+00 
 1.13364000e-09  1.91631762e+00  1.68368238e+00  2.57505690e+00  2.84114102e+00 
 1.13414000e-09  1.91664480e+00  1.68335520e+00  2.57502894e+00  2.84114578e+00 
 1.13464000e-09  1.91697083e+00  1.68302917e+00  2.57500179e+00  2.84115040e+00 
 1.13514000e-09  1.91729570e+00  1.68270430e+00  2.57497544e+00  2.84115491e+00 
 1.13564000e-09  1.91761942e+00  1.68238058e+00  2.57494987e+00  2.84115930e+00 
 1.13614000e-09  1.91794198e+00  1.68205802e+00  2.57492508e+00  2.84116358e+00 
 1.13664000e-09  1.91826337e+00  1.68173663e+00  2.57490105e+00  2.84116777e+00 
 1.13714000e-09  1.91858359e+00  1.68141641e+00  2.57487776e+00  2.84117188e+00 
 1.13764000e-09  1.91890265e+00  1.68109735e+00  2.57485521e+00  2.84117591e+00 
 1.13814000e-09  1.91922053e+00  1.68077947e+00  2.57483337e+00  2.84117987e+00 
 1.13864000e-09  1.91953724e+00  1.68046276e+00  2.57481224e+00  2.84118377e+00 
 1.13914000e-09  1.91985276e+00  1.68014724e+00  2.57479181e+00  2.84118762e+00 
 1.13964000e-09  1.92016710e+00  1.67983290e+00  2.57477207e+00  2.84119142e+00 
 1.14014000e-09  1.92048026e+00  1.67951974e+00  2.57475300e+00  2.84119518e+00 
 1.14064000e-09  1.92079223e+00  1.67920777e+00  2.57473459e+00  2.84119891e+00 
 1.14114000e-09  1.92110300e+00  1.67889700e+00  2.57471683e+00  2.84120262e+00 
 1.14164000e-09  1.92141258e+00  1.67858742e+00  2.57469971e+00  2.84120630e+00 
 1.14214000e-09  1.92172096e+00  1.67827904e+00  2.57468323e+00  2.84120997e+00 
 1.14264000e-09  1.92202814e+00  1.67797186e+00  2.57466736e+00  2.84121364e+00 
 1.14314000e-09  1.92233412e+00  1.67766588e+00  2.57465211e+00  2.84121730e+00 
 1.14364000e-09  1.92263888e+00  1.67736112e+00  2.57463746e+00  2.84122097e+00 
 1.14414000e-09  1.92294244e+00  1.67705756e+00  2.57462341e+00  2.84122465e+00 
 1.14464000e-09  1.92324479e+00  1.67675521e+00  2.57460994e+00  2.84122834e+00 
 1.14514000e-09  1.92354591e+00  1.67645409e+00  2.57459704e+00  2.84123205e+00 
 1.14564000e-09  1.92384582e+00  1.67615418e+00  2.57458471e+00  2.84123578e+00 
 1.14614000e-09  1.92414451e+00  1.67585549e+00  2.57457294e+00  2.84123954e+00 
 1.14664000e-09  1.92444197e+00  1.67555803e+00  2.57456172e+00  2.84124334e+00 
 1.14714000e-09  1.92473820e+00  1.67526180e+00  2.57455105e+00  2.84124717e+00 
 1.14764000e-09  1.92503320e+00  1.67496680e+00  2.57454091e+00  2.84125104e+00 
 1.14814000e-09  1.92532697e+00  1.67467303e+00  2.57453129e+00  2.84125496e+00 
 1.14864000e-09  1.92561950e+00  1.67438050e+00  2.57452220e+00  2.84125893e+00 
 1.14914000e-09  1.92591079e+00  1.67408921e+00  2.57451362e+00  2.84126295e+00 
 1.14964000e-09  1.92620084e+00  1.67379916e+00  2.57450554e+00  2.84126703e+00 
 1.15014000e-09  1.92648964e+00  1.67351036e+00  2.57449797e+00  2.84127116e+00 
 1.15064000e-09  1.92677720e+00  1.67322280e+00  2.57449089e+00  2.84127536e+00 
 1.15114000e-09  1.92706350e+00  1.67293650e+00  2.57448429e+00  2.84127962e+00 
 1.15164000e-09  1.92734855e+00  1.67265145e+00  2.57447818e+00  2.84128395e+00 
 1.15214000e-09  1.92763234e+00  1.67236766e+00  2.57447253e+00  2.84128835e+00 
 1.15264000e-09  1.92791488e+00  1.67208512e+00  2.57446736e+00  2.84129283e+00 
 1.15314000e-09  1.92819615e+00  1.67180385e+00  2.57446264e+00  2.84129738e+00 
 1.15364000e-09  1.92847615e+00  1.67152385e+00  2.57445838e+00  2.84130201e+00 
 1.15414000e-09  1.92875489e+00  1.67124511e+00  2.57445458e+00  2.84130673e+00 
 1.15464000e-09  1.92903235e+00  1.67096765e+00  2.57445121e+00  2.84131152e+00 
 1.15514000e-09  1.92930855e+00  1.67069145e+00  2.57444829e+00  2.84131641e+00 
 1.15564000e-09  1.92958346e+00  1.67041654e+00  2.57444580e+00  2.84132138e+00 
 1.15614000e-09  1.92985710e+00  1.67014290e+00  2.57444373e+00  2.84132644e+00 
 1.15664000e-09  1.93012945e+00  1.66987055e+00  2.57444209e+00  2.84133159e+00 
 1.15714000e-09  1.93040053e+00  1.66959947e+00  2.57444087e+00  2.84133684e+00 
 1.15764000e-09  1.93067031e+00  1.66932969e+00  2.57444006e+00  2.84134218e+00 
 1.15814000e-09  1.93093880e+00  1.66906120e+00  2.57443967e+00  2.84134762e+00 
 1.15864000e-09  1.93120601e+00  1.66879399e+00  2.57443967e+00  2.84135316e+00 
 1.15914000e-09  1.93147191e+00  1.66852809e+00  2.57444008e+00  2.84135880e+00 
 1.15964000e-09  1.93173652e+00  1.66826348e+00  2.57444087e+00  2.84136454e+00 
 1.16014000e-09  1.93199983e+00  1.66800017e+00  2.57444206e+00  2.84137039e+00 
 1.16064000e-09  1.93226184e+00  1.66773816e+00  2.57444364e+00  2.84137633e+00 
 1.16114000e-09  1.93252254e+00  1.66747746e+00  2.57444560e+00  2.84138239e+00 
 1.16164000e-09  1.93278194e+00  1.66721806e+00  2.57444794e+00  2.84138855e+00 
 1.16214000e-09  1.93304002e+00  1.66695998e+00  2.57445065e+00  2.84139482e+00 
 1.16264000e-09  1.93329679e+00  1.66670321e+00  2.57445373e+00  2.84140120e+00 
 1.16314000e-09  1.93355224e+00  1.66644776e+00  2.57445717e+00  2.84140769e+00 
 1.16364000e-09  1.93380638e+00  1.66619362e+00  2.57446098e+00  2.84141429e+00 
 1.16414000e-09  1.93405920e+00  1.66594080e+00  2.57446515e+00  2.84142101e+00 
 1.16464000e-09  1.93431069e+00  1.66568931e+00  2.57446967e+00  2.84142783e+00 
 1.16514000e-09  1.93456085e+00  1.66543915e+00  2.57447454e+00  2.84143477e+00 
 1.16564000e-09  1.93480969e+00  1.66519031e+00  2.57447976e+00  2.84144183e+00 
 1.16614000e-09  1.93505720e+00  1.66494280e+00  2.57448533e+00  2.84144900e+00 
 1.16664000e-09  1.93530338e+00  1.66469662e+00  2.57449123e+00  2.84145628e+00 
 1.16714000e-09  1.93554822e+00  1.66445178e+00  2.57449748e+00  2.84146369e+00 
 1.16764000e-09  1.93579172e+00  1.66420828e+00  2.57450405e+00  2.84147121e+00 
 1.16814000e-09  1.93603388e+00  1.66396612e+00  2.57451096e+00  2.84147885e+00 
 1.16864000e-09  1.93627470e+00  1.66372530e+00  2.57451820e+00  2.84148660e+00 
 1.16914000e-09  1.93651418e+00  1.66348582e+00  2.57452576e+00  2.84149448e+00 
 1.16964000e-09  1.93675230e+00  1.66324770e+00  2.57453364e+00  2.84150247e+00 
 1.17014000e-09  1.93698908e+00  1.66301092e+00  2.57454184e+00  2.84151059e+00 
 1.17064000e-09  1.93722451e+00  1.66277549e+00  2.57455036e+00  2.84151882e+00 
 1.17114000e-09  1.93745858e+00  1.66254142e+00  2.57455919e+00  2.84152717e+00 
 1.17164000e-09  1.93769129e+00  1.66230871e+00  2.57456833e+00  2.84153565e+00 
 1.17214000e-09  1.93792265e+00  1.66207735e+00  2.57457777e+00  2.84154424e+00 
 1.17264000e-09  1.93815264e+00  1.66184736e+00  2.57458752e+00  2.84155296e+00 
 1.17314000e-09  1.93838127e+00  1.66161873e+00  2.57459758e+00  2.84156180e+00 
 1.17364000e-09  1.93860854e+00  1.66139146e+00  2.57460793e+00  2.84157076e+00 
 1.17414000e-09  1.93883443e+00  1.66116557e+00  2.57461857e+00  2.84157984e+00 
 1.17464000e-09  1.93905896e+00  1.66094104e+00  2.57462952e+00  2.84158904e+00 
 1.17514000e-09  1.93928211e+00  1.66071789e+00  2.57464075e+00  2.84159837e+00 
 1.17564000e-09  1.93950389e+00  1.66049611e+00  2.57465227e+00  2.84160782e+00 
 1.17614000e-09  1.93972430e+00  1.66027570e+00  2.57466408e+00  2.84161738e+00 
 1.17664000e-09  1.93994332e+00  1.66005668e+00  2.57467617e+00  2.84162708e+00 
 1.17714000e-09  1.94016096e+00  1.65983904e+00  2.57468854e+00  2.84163689e+00 
 1.17764000e-09  1.94037722e+00  1.65962278e+00  2.57470119e+00  2.84164682e+00 
 1.17814000e-09  1.94059210e+00  1.65940790e+00  2.57471412e+00  2.84165688e+00 
 1.17864000e-09  1.94080558e+00  1.65919442e+00  2.57472732e+00  2.84166706e+00 
 1.17914000e-09  1.94101768e+00  1.65898232e+00  2.57474079e+00  2.84167736e+00 
 1.17964000e-09  1.94122838e+00  1.65877162e+00  2.57475454e+00  2.84168779e+00 
 1.18014000e-09  1.94143769e+00  1.65856231e+00  2.57476855e+00  2.84169833e+00 
 1.18064000e-09  1.94164561e+00  1.65835439e+00  2.57478282e+00  2.84170900e+00 
 1.18114000e-09  1.94185213e+00  1.65814787e+00  2.57479736e+00  2.84171979e+00 
 1.18164000e-09  1.94205724e+00  1.65794276e+00  2.57481217e+00  2.84173070e+00 
 1.18214000e-09  1.94226096e+00  1.65773904e+00  2.57482723e+00  2.84174173e+00 
 1.18264000e-09  1.94246327e+00  1.65753673e+00  2.57484254e+00  2.84175288e+00 
 1.18314000e-09  1.94266417e+00  1.65733583e+00  2.57485812e+00  2.84176415e+00 
 1.18364000e-09  1.94286367e+00  1.65713633e+00  2.57487394e+00  2.84177554e+00 
 1.18414000e-09  1.94306176e+00  1.65693824e+00  2.57489002e+00  2.84178706e+00 
 1.18464000e-09  1.94325843e+00  1.65674157e+00  2.57490635e+00  2.84179869e+00 
 1.18514000e-09  1.94345369e+00  1.65654631e+00  2.57492292e+00  2.84181045e+00 
 1.18564000e-09  1.94364754e+00  1.65635246e+00  2.57493974e+00  2.84182232e+00 
 1.18614000e-09  1.94383996e+00  1.65616004e+00  2.57495680e+00  2.84183431e+00 
 1.18664000e-09  1.94403097e+00  1.65596903e+00  2.57497411e+00  2.84184642e+00 
 1.18714000e-09  1.94422056e+00  1.65577944e+00  2.57499165e+00  2.84185866e+00 
 1.18764000e-09  1.94440872e+00  1.65559128e+00  2.57500943e+00  2.84187100e+00 
 1.18814000e-09  1.94459546e+00  1.65540454e+00  2.57502745e+00  2.84188347e+00 
 1.18864000e-09  1.94478077e+00  1.65521923e+00  2.57504570e+00  2.84189606e+00 
 1.18914000e-09  1.94496465e+00  1.65503535e+00  2.57506419e+00  2.84190876e+00 
 1.18964000e-09  1.94514710e+00  1.65485290e+00  2.57508290e+00  2.84192158e+00 
 1.19014000e-09  1.94532812e+00  1.65467188e+00  2.57510185e+00  2.84193452e+00 
 1.19064000e-09  1.94550770e+00  1.65449230e+00  2.57512102e+00  2.84194757e+00 
 1.19114000e-09  1.94568585e+00  1.65431415e+00  2.57514042e+00  2.84196074e+00 
 1.19164000e-09  1.94586256e+00  1.65413744e+00  2.57516004e+00  2.84197403e+00 
 1.19214000e-09  1.94603783e+00  1.65396217e+00  2.57517989e+00  2.84198743e+00 
 1.19264000e-09  1.94621166e+00  1.65378834e+00  2.57519995e+00  2.84200095e+00 
 1.19314000e-09  1.94638404e+00  1.65361596e+00  2.57522024e+00  2.84201458e+00 
 1.19364000e-09  1.94655498e+00  1.65344502e+00  2.57524074e+00  2.84202833e+00 
 1.19414000e-09  1.94672448e+00  1.65327552e+00  2.57526146e+00  2.84204219e+00 
 1.19464000e-09  1.94689252e+00  1.65310748e+00  2.57528240e+00  2.84205616e+00 
 1.19514000e-09  1.94705912e+00  1.65294088e+00  2.57530355e+00  2.84207025e+00 
 1.19564000e-09  1.94722427e+00  1.65277573e+00  2.57532491e+00  2.84208445e+00 
 1.19614000e-09  1.94738796e+00  1.65261204e+00  2.57534648e+00  2.84209876e+00 
 1.19664000e-09  1.94755020e+00  1.65244980e+00  2.57536826e+00  2.84211318e+00 
 1.19714000e-09  1.94771098e+00  1.65228902e+00  2.57539024e+00  2.84212772e+00 
 1.19764000e-09  1.94787030e+00  1.65212970e+00  2.57541243e+00  2.84214236e+00 
 1.19814000e-09  1.94802816e+00  1.65197184e+00  2.57543483e+00  2.84215712e+00 
 1.19864000e-09  1.94818457e+00  1.65181543e+00  2.57545743e+00  2.84217199e+00 
 1.19914000e-09  1.94833951e+00  1.65166049e+00  2.57548023e+00  2.84218696e+00 
 1.19964000e-09  1.94849298e+00  1.65150702e+00  2.57550323e+00  2.84220205e+00 
 1.20014000e-09  1.94864500e+00  1.65135500e+00  2.57552643e+00  2.84221724e+00 
 1.20064000e-09  1.94879554e+00  1.65120446e+00  2.57554983e+00  2.84223255e+00 
 1.20114000e-09  1.94894462e+00  1.65105538e+00  2.57557342e+00  2.84224796e+00 
 1.20164000e-09  1.94909222e+00  1.65090778e+00  2.57559721e+00  2.84226348e+00 
 1.20214000e-09  1.94923835e+00  1.65076165e+00  2.57562119e+00  2.84227910e+00 
 1.20264000e-09  1.94938302e+00  1.65061698e+00  2.57564536e+00  2.84229483e+00 
 1.20314000e-09  1.94952620e+00  1.65047380e+00  2.57566972e+00  2.84231067e+00 
 1.20364000e-09  1.94966791e+00  1.65033209e+00  2.57569428e+00  2.84232662e+00 
 1.20414000e-09  1.94980815e+00  1.65019185e+00  2.57571902e+00  2.84234267e+00 
 1.20464000e-09  1.94994690e+00  1.65005310e+00  2.57574395e+00  2.84235882e+00 
 1.20514000e-09  1.95008418e+00  1.64991582e+00  2.57576906e+00  2.84237508e+00 
 1.20564000e-09  1.95021997e+00  1.64978003e+00  2.57579436e+00  2.84239144e+00 
 1.20614000e-09  1.95035428e+00  1.64964572e+00  2.57581984e+00  2.84240790e+00 
 1.20664000e-09  1.95048711e+00  1.64951289e+00  2.57584550e+00  2.84242447e+00 
 1.20714000e-09  1.95061845e+00  1.64938155e+00  2.57587135e+00  2.84244114e+00 
 1.20764000e-09  1.95074831e+00  1.64925169e+00  2.57589737e+00  2.84245791e+00 
 1.20814000e-09  1.95087667e+00  1.64912333e+00  2.57592357e+00  2.84247478e+00 
 1.20864000e-09  1.95100355e+00  1.64899645e+00  2.57594995e+00  2.84249176e+00 
 1.20914000e-09  1.95112894e+00  1.64887106e+00  2.57597650e+00  2.84250883e+00 
 1.20964000e-09  1.95125284e+00  1.64874716e+00  2.57600323e+00  2.84252600e+00 
 1.21014000e-09  1.95137524e+00  1.64862476e+00  2.57603013e+00  2.84254328e+00 
 1.21064000e-09  1.95149615e+00  1.64850385e+00  2.57605721e+00  2.84256065e+00 
 1.21114000e-09  1.95161557e+00  1.64838443e+00  2.57608445e+00  2.84257812e+00 
 1.21164000e-09  1.95173348e+00  1.64826652e+00  2.57611187e+00  2.84259568e+00 
 1.21214000e-09  1.95184991e+00  1.64815009e+00  2.57613945e+00  2.84261335e+00 
 1.21264000e-09  1.95196483e+00  1.64803517e+00  2.57616720e+00  2.84263111e+00 
 1.21314000e-09  1.95207825e+00  1.64792175e+00  2.57619512e+00  2.84264897e+00 
 1.21364000e-09  1.95219017e+00  1.64780983e+00  2.57622320e+00  2.84266692e+00 
 1.21414000e-09  1.95230059e+00  1.64769941e+00  2.57625145e+00  2.84268497e+00 
 1.21464000e-09  1.95240951e+00  1.64759049e+00  2.57627986e+00  2.84270312e+00 
 1.21514000e-09  1.95251692e+00  1.64748308e+00  2.57630844e+00  2.84272136e+00 
 1.21564000e-09  1.95262282e+00  1.64737718e+00  2.57633717e+00  2.84273969e+00 
 1.21614000e-09  1.95272722e+00  1.64727278e+00  2.57636607e+00  2.84275812e+00 
 1.21664000e-09  1.95283012e+00  1.64716988e+00  2.57639512e+00  2.84277664e+00 
 1.21714000e-09  1.95293150e+00  1.64706850e+00  2.57642433e+00  2.84279525e+00 
 1.21764000e-09  1.95303138e+00  1.64696862e+00  2.57645370e+00  2.84281395e+00 
 1.21814000e-09  1.95312974e+00  1.64687026e+00  2.57648323e+00  2.84283275e+00 
 1.21864000e-09  1.95322660e+00  1.64677340e+00  2.57651291e+00  2.84285163e+00 
 1.21914000e-09  1.95332194e+00  1.64667806e+00  2.57654274e+00  2.84287061e+00 
 1.21964000e-09  1.95341576e+00  1.64658424e+00  2.57657273e+00  2.84288967e+00 
 1.22014000e-09  1.95350808e+00  1.64649192e+00  2.57660287e+00  2.84290883e+00 
 1.22064000e-09  1.95359888e+00  1.64640112e+00  2.57663316e+00  2.84292807e+00 
 1.22114000e-09  1.95368816e+00  1.64631184e+00  2.57666360e+00  2.84294741e+00 
 1.22164000e-09  1.95377593e+00  1.64622407e+00  2.57669418e+00  2.84296683e+00 
 1.22214000e-09  1.95386217e+00  1.64613783e+00  2.57672492e+00  2.84298634e+00 
 1.22264000e-09  1.95394690e+00  1.64605310e+00  2.57675580e+00  2.84300593e+00 
 1.22314000e-09  1.95403011e+00  1.64596989e+00  2.57678683e+00  2.84302561e+00 
 1.22364000e-09  1.95411180e+00  1.64588820e+00  2.57681800e+00  2.84304538e+00 
 1.22414000e-09  1.95419197e+00  1.64580803e+00  2.57684932e+00  2.84306524e+00 
 1.22464000e-09  1.95427062e+00  1.64572938e+00  2.57688078e+00  2.84308517e+00 
 1.22514000e-09  1.95434774e+00  1.64565226e+00  2.57691238e+00  2.84310520e+00 
 1.22564000e-09  1.95442335e+00  1.64557665e+00  2.57694413e+00  2.84312530e+00 
 1.22614000e-09  1.95449742e+00  1.64550258e+00  2.57697601e+00  2.84314549e+00 
 1.22664000e-09  1.95456998e+00  1.64543002e+00  2.57700803e+00  2.84316577e+00 
 1.22714000e-09  1.95464100e+00  1.64535900e+00  2.57704019e+00  2.84318612e+00 
 1.22764000e-09  1.95471050e+00  1.64528950e+00  2.57707249e+00  2.84320656e+00 
 1.22814000e-09  1.95477848e+00  1.64522152e+00  2.57710493e+00  2.84322708e+00 
 1.22864000e-09  1.95484492e+00  1.64515508e+00  2.57713750e+00  2.84324768e+00 
 1.22914000e-09  1.95490984e+00  1.64509016e+00  2.57717020e+00  2.84326836e+00 
 1.22964000e-09  1.95497323e+00  1.64502677e+00  2.57720304e+00  2.84328912e+00 
 1.23014000e-09  1.95503509e+00  1.64496491e+00  2.57723601e+00  2.84330996e+00 
 1.23064000e-09  1.95509542e+00  1.64490458e+00  2.57726911e+00  2.84333088e+00 
 1.23114000e-09  1.95515422e+00  1.64484578e+00  2.57730235e+00  2.84335188e+00 
 1.23164000e-09  1.95521148e+00  1.64478852e+00  2.57733571e+00  2.84337296e+00 
 1.23214000e-09  1.95526722e+00  1.64473278e+00  2.57736921e+00  2.84339412e+00 
 1.23264000e-09  1.95532142e+00  1.64467858e+00  2.57740283e+00  2.84341535e+00 
 1.23314000e-09  1.95537409e+00  1.64462591e+00  2.57743658e+00  2.84343666e+00 
 1.23364000e-09  1.95542523e+00  1.64457477e+00  2.57747046e+00  2.84345804e+00 
 1.23414000e-09  1.95547483e+00  1.64452517e+00  2.57750446e+00  2.84347950e+00 
 1.23464000e-09  1.95552290e+00  1.64447710e+00  2.57753859e+00  2.84350104e+00 
 1.23514000e-09  1.95556943e+00  1.64443057e+00  2.57757284e+00  2.84352265e+00 
 1.23564000e-09  1.95561443e+00  1.64438557e+00  2.57760722e+00  2.84354433e+00 
 1.23614000e-09  1.95565789e+00  1.64434211e+00  2.57764171e+00  2.84356609e+00 
 1.23664000e-09  1.95569982e+00  1.64430018e+00  2.57767633e+00  2.84358793e+00 
 1.23714000e-09  1.95574021e+00  1.64425979e+00  2.57771107e+00  2.84360983e+00 
 1.23764000e-09  1.95577906e+00  1.64422094e+00  2.57774593e+00  2.84363181e+00 
 1.23814000e-09  1.95581637e+00  1.64418363e+00  2.57778091e+00  2.84365386e+00 
 1.23864000e-09  1.95585215e+00  1.64414785e+00  2.57781601e+00  2.84367598e+00 
 1.23914000e-09  1.95588639e+00  1.64411361e+00  2.57785123e+00  2.84369817e+00 
 1.23964000e-09  1.95591909e+00  1.64408091e+00  2.57788656e+00  2.84372044e+00 
 1.24014000e-09  1.95595025e+00  1.64404975e+00  2.57792201e+00  2.84374277e+00 
 1.24064000e-09  1.95597987e+00  1.64402013e+00  2.57795757e+00  2.84376517e+00 
 1.24114000e-09  1.95600795e+00  1.64399205e+00  2.57799325e+00  2.84378764e+00 
 1.24164000e-09  1.95603449e+00  1.64396551e+00  2.57802904e+00  2.84381018e+00 
 1.24214000e-09  1.95605949e+00  1.64394051e+00  2.57806495e+00  2.84383279e+00 
 1.24264000e-09  1.95608296e+00  1.64391704e+00  2.57810096e+00  2.84385547e+00 
 1.24314000e-09  1.95610488e+00  1.64389512e+00  2.57813709e+00  2.84387821e+00 
 1.24364000e-09  1.95612526e+00  1.64387474e+00  2.57817333e+00  2.84390102e+00 
 1.24414000e-09  1.95614410e+00  1.64385590e+00  2.57820968e+00  2.84392390e+00 
 1.24464000e-09  1.95616140e+00  1.64383860e+00  2.57824614e+00  2.84394685e+00 
 1.24514000e-09  1.95617716e+00  1.64382284e+00  2.57828270e+00  2.84396985e+00 
 1.24564000e-09  1.95619137e+00  1.64380863e+00  2.57831937e+00  2.84399293e+00 
 1.24614000e-09  1.95620405e+00  1.64379595e+00  2.57835615e+00  2.84401607e+00 
 1.24664000e-09  1.95621518e+00  1.64378482e+00  2.57839304e+00  2.84403927e+00 
 1.24714000e-09  1.95622477e+00  1.64377523e+00  2.57843003e+00  2.84406254e+00 
 1.24764000e-09  1.95623282e+00  1.64376718e+00  2.57846712e+00  2.84408587e+00 
 1.24814000e-09  1.95623933e+00  1.64376067e+00  2.57850432e+00  2.84410926e+00 
 1.24864000e-09  1.95624430e+00  1.64375570e+00  2.57854162e+00  2.84413271e+00 
 1.24914000e-09  1.95624772e+00  1.64375228e+00  2.57857903e+00  2.84415623e+00 
 1.24964000e-09  1.95624960e+00  1.64375040e+00  2.57861653e+00  2.84417981e+00 
 1.25014000e-09  1.95624994e+00  1.64375006e+00  2.57865414e+00  2.84420345e+00 
 1.25064000e-09  1.95624874e+00  1.64375126e+00  2.57869185e+00  2.84422714e+00 
 1.25114000e-09  1.95624599e+00  1.64375401e+00  2.57872965e+00  2.84425090e+00 
 1.25164000e-09  1.95624170e+00  1.64375830e+00  2.57876756e+00  2.84427472e+00 
 1.25214000e-09  1.95623588e+00  1.64376412e+00  2.57880556e+00  2.84429860e+00 
 1.25264000e-09  1.95622850e+00  1.64377150e+00  2.57884366e+00  2.84432254e+00 
 1.25314000e-09  1.95621959e+00  1.64378041e+00  2.57888186e+00  2.84434653e+00 
 1.25364000e-09  1.95620914e+00  1.64379086e+00  2.57892015e+00  2.84437059e+00 
 1.25414000e-09  1.95619714e+00  1.64380286e+00  2.57895854e+00  2.84439470e+00 
 1.25464000e-09  1.95618360e+00  1.64381640e+00  2.57899702e+00  2.84441886e+00 
 1.25514000e-09  1.95616852e+00  1.64383148e+00  2.57903559e+00  2.84444309e+00 
 1.25564000e-09  1.95615190e+00  1.64384810e+00  2.57907426e+00  2.84446737e+00 
 1.25614000e-09  1.95613374e+00  1.64386626e+00  2.57911302e+00  2.84449170e+00 
 1.25664000e-09  1.95611404e+00  1.64388596e+00  2.57915188e+00  2.84451609e+00 
 1.25714000e-09  1.95609279e+00  1.64390721e+00  2.57919082e+00  2.84454054e+00 
 1.25764000e-09  1.95607001e+00  1.64392999e+00  2.57922985e+00  2.84456504e+00 
 1.25814000e-09  1.95604568e+00  1.64395432e+00  2.57926898e+00  2.84458959e+00 
 1.25864000e-09  1.95601982e+00  1.64398018e+00  2.57930819e+00  2.84461420e+00 
 1.25914000e-09  1.95599241e+00  1.64400759e+00  2.57934749e+00  2.84463886e+00 
 1.25964000e-09  1.95596347e+00  1.64403653e+00  2.57938688e+00  2.84466357e+00 
 1.26014000e-09  1.95593299e+00  1.64406701e+00  2.57942636e+00  2.84468834e+00 
 1.26064000e-09  1.95590096e+00  1.64409904e+00  2.57946592e+00  2.84471315e+00 
 1.26114000e-09  1.95586740e+00  1.64413260e+00  2.57950557e+00  2.84473802e+00 
 1.26164000e-09  1.95583230e+00  1.64416770e+00  2.57954530e+00  2.84476294e+00 
 1.26214000e-09  1.95579566e+00  1.64420434e+00  2.57958512e+00  2.84478791e+00 
 1.26264000e-09  1.95575749e+00  1.64424251e+00  2.57962502e+00  2.84481293e+00 
 1.26314000e-09  1.95571778e+00  1.64428222e+00  2.57966501e+00  2.84483800e+00 
 1.26364000e-09  1.95567653e+00  1.64432347e+00  2.57970508e+00  2.84486311e+00 
 1.26414000e-09  1.95563374e+00  1.64436626e+00  2.57974523e+00  2.84488828e+00 
 1.26464000e-09  1.95558942e+00  1.64441058e+00  2.57978546e+00  2.84491349e+00 
 1.26514000e-09  1.95554356e+00  1.64445644e+00  2.57982577e+00  2.84493876e+00 
 1.26564000e-09  1.95549617e+00  1.64450383e+00  2.57986616e+00  2.84496406e+00 
 1.26614000e-09  1.95544724e+00  1.64455276e+00  2.57990663e+00  2.84498942e+00 
 1.26664000e-09  1.95539678e+00  1.64460322e+00  2.57994718e+00  2.84501482e+00 
 1.26714000e-09  1.95534479e+00  1.64465521e+00  2.57998781e+00  2.84504027e+00 
 1.26764000e-09  1.95529126e+00  1.64470874e+00  2.58002852e+00  2.84506577e+00 
 1.26814000e-09  1.95523620e+00  1.64476380e+00  2.58006930e+00  2.84509131e+00 
 1.26864000e-09  1.95517960e+00  1.64482040e+00  2.58011016e+00  2.84511689e+00 
 1.26914000e-09  1.95512148e+00  1.64487852e+00  2.58015109e+00  2.84514252e+00 
 1.26964000e-09  1.95506182e+00  1.64493818e+00  2.58019211e+00  2.84516819e+00 
 1.27014000e-09  1.95500064e+00  1.64499936e+00  2.58023319e+00  2.84519391e+00 
 1.27064000e-09  1.95493792e+00  1.64506208e+00  2.58027435e+00  2.84521967e+00 
 1.27114000e-09  1.95487367e+00  1.64512633e+00  2.58031558e+00  2.84524547e+00 
 1.27164000e-09  1.95480790e+00  1.64519210e+00  2.58035689e+00  2.84527132e+00 
 1.27214000e-09  1.95474060e+00  1.64525940e+00  2.58039827e+00  2.84529720e+00 
 1.27264000e-09  1.95467177e+00  1.64532823e+00  2.58043971e+00  2.84532313e+00 
 1.27314000e-09  1.95460142e+00  1.64539858e+00  2.58048124e+00  2.84534910e+00 
 1.27364000e-09  1.95452953e+00  1.64547047e+00  2.58052283e+00  2.84537511e+00 
 1.27414000e-09  1.95445613e+00  1.64554387e+00  2.58056449e+00  2.84540116e+00 
 1.27464000e-09  1.95438120e+00  1.64561880e+00  2.58060622e+00  2.84542724e+00 
 1.27514000e-09  1.95430474e+00  1.64569526e+00  2.58064802e+00  2.84545337e+00 
 1.27564000e-09  1.95422677e+00  1.64577323e+00  2.58068989e+00  2.84547954e+00 
 1.27614000e-09  1.95414727e+00  1.64585273e+00  2.58073182e+00  2.84550574e+00 
 1.27664000e-09  1.95406624e+00  1.64593376e+00  2.58077382e+00  2.84553199e+00 
 1.27714000e-09  1.95398370e+00  1.64601630e+00  2.58081589e+00  2.84555827e+00 
 1.27764000e-09  1.95389964e+00  1.64610036e+00  2.58085803e+00  2.84558458e+00 
 1.27814000e-09  1.95381406e+00  1.64618594e+00  2.58090023e+00  2.84561094e+00 
 1.27864000e-09  1.95372696e+00  1.64627304e+00  2.58094249e+00  2.84563733e+00 
 1.27914000e-09  1.95363835e+00  1.64636165e+00  2.58098482e+00  2.84566376e+00 
 1.27964000e-09  1.95354822e+00  1.64645178e+00  2.58102722e+00  2.84569022e+00 
 1.28014000e-09  1.95345657e+00  1.64654343e+00  2.58106968e+00  2.84571671e+00 
 1.28064000e-09  1.95336341e+00  1.64663659e+00  2.58111220e+00  2.84574324e+00 
 1.28114000e-09  1.95326873e+00  1.64673127e+00  2.58115478e+00  2.84576981e+00 
 1.28164000e-09  1.95317254e+00  1.64682746e+00  2.58119743e+00  2.84579641e+00 
 1.28214000e-09  1.95307484e+00  1.64692516e+00  2.58124013e+00  2.84582304e+00 
 1.28264000e-09  1.95297563e+00  1.64702437e+00  2.58128290e+00  2.84584970e+00 
 1.28314000e-09  1.95287491e+00  1.64712509e+00  2.58132573e+00  2.84587640e+00 
 1.28364000e-09  1.95277268e+00  1.64722732e+00  2.58136861e+00  2.84590313e+00 
 1.28414000e-09  1.95266895e+00  1.64733105e+00  2.58141156e+00  2.84592989e+00 
 1.28464000e-09  1.95256370e+00  1.64743630e+00  2.58145456e+00  2.84595668e+00 
 1.28514000e-09  1.95245695e+00  1.64754305e+00  2.58149763e+00  2.84598350e+00 
 1.28564000e-09  1.95234870e+00  1.64765130e+00  2.58154075e+00  2.84601035e+00 
 1.28614000e-09  1.95223894e+00  1.64776106e+00  2.58158393e+00  2.84603723e+00 
 1.28664000e-09  1.95212768e+00  1.64787232e+00  2.58162716e+00  2.84606414e+00 
 1.28714000e-09  1.95201492e+00  1.64798508e+00  2.58167045e+00  2.84609108e+00 
 1.28764000e-09  1.95190066e+00  1.64809934e+00  2.58171380e+00  2.84611805e+00 
 1.28814000e-09  1.95178489e+00  1.64821511e+00  2.58175720e+00  2.84614505e+00 
 1.28864000e-09  1.95166763e+00  1.64833237e+00  2.58180066e+00  2.84617207e+00 
 1.28914000e-09  1.95154888e+00  1.64845112e+00  2.58184418e+00  2.84619912e+00 
 1.28964000e-09  1.95142863e+00  1.64857137e+00  2.58188774e+00  2.84622620e+00 
 1.29014000e-09  1.95130688e+00  1.64869312e+00  2.58193136e+00  2.84625330e+00 
 1.29064000e-09  1.95118364e+00  1.64881636e+00  2.58197503e+00  2.84628043e+00 
 1.29114000e-09  1.95105891e+00  1.64894109e+00  2.58201876e+00  2.84630758e+00 
 1.29164000e-09  1.95093268e+00  1.64906732e+00  2.58206254e+00  2.84633476e+00 
 1.29214000e-09  1.95080497e+00  1.64919503e+00  2.58210637e+00  2.84636196e+00 
 1.29264000e-09  1.95067577e+00  1.64932423e+00  2.58215025e+00  2.84638918e+00 
 1.29314000e-09  1.95054508e+00  1.64945492e+00  2.58219418e+00  2.84641643e+00 
 1.29364000e-09  1.95041291e+00  1.64958709e+00  2.58223816e+00  2.84644371e+00 
 1.29414000e-09  1.95027925e+00  1.64972075e+00  2.58228219e+00  2.84647100e+00 
 1.29464000e-09  1.95014411e+00  1.64985589e+00  2.58232627e+00  2.84649832e+00 
 1.29514000e-09  1.95000748e+00  1.64999252e+00  2.58237040e+00  2.84652565e+00 
 1.29564000e-09  1.94986938e+00  1.65013062e+00  2.58241458e+00  2.84655301e+00 
 1.29614000e-09  1.94972980e+00  1.65027020e+00  2.58245881e+00  2.84658039e+00 
 1.29664000e-09  1.94958874e+00  1.65041126e+00  2.58250309e+00  2.84660779e+00 
 1.29714000e-09  1.94944620e+00  1.65055380e+00  2.58254741e+00  2.84663521e+00 
 1.29764000e-09  1.94930219e+00  1.65069781e+00  2.58259178e+00  2.84666265e+00 
 1.29814000e-09  1.94915670e+00  1.65084330e+00  2.58263620e+00  2.84669010e+00 
 1.29864000e-09  1.94900974e+00  1.65099026e+00  2.58268066e+00  2.84671758e+00 
 1.29914000e-09  1.94886131e+00  1.65113869e+00  2.58272517e+00  2.84674507e+00 
 1.29964000e-09  1.94871142e+00  1.65128858e+00  2.58276973e+00  2.84677258e+00 
 1.30014000e-09  1.94856005e+00  1.65143995e+00  2.58281433e+00  2.84680010e+00 
 1.30064000e-09  1.94840722e+00  1.65159278e+00  2.58285897e+00  2.84682764e+00 
 1.30114000e-09  1.94825292e+00  1.65174708e+00  2.58290366e+00  2.84685520e+00 
 1.30164000e-09  1.94809716e+00  1.65190284e+00  2.58294839e+00  2.84688277e+00 
 1.30214000e-09  1.94793994e+00  1.65206006e+00  2.58299317e+00  2.84691035e+00 
 1.30264000e-09  1.94778126e+00  1.65221874e+00  2.58303799e+00  2.84693795e+00 
 1.30314000e-09  1.94762112e+00  1.65237888e+00  2.58308286e+00  2.84696557e+00 
 1.30364000e-09  1.94745952e+00  1.65254048e+00  2.58312776e+00  2.84699319e+00 
 1.30414000e-09  1.94729647e+00  1.65270353e+00  2.58317271e+00  2.84702083e+00 
 1.30464000e-09  1.94713196e+00  1.65286804e+00  2.58321771e+00  2.84704848e+00 
 1.30514000e-09  1.94696601e+00  1.65303399e+00  2.58326274e+00  2.84707614e+00 
 1.30564000e-09  1.94679860e+00  1.65320140e+00  2.58330781e+00  2.84710381e+00 
 1.30614000e-09  1.94662974e+00  1.65337026e+00  2.58335293e+00  2.84713149e+00 
 1.30664000e-09  1.94645943e+00  1.65354057e+00  2.58339809e+00  2.84715919e+00 
 1.30714000e-09  1.94628768e+00  1.65371232e+00  2.58344329e+00  2.84718689e+00 
 1.30764000e-09  1.94611449e+00  1.65388551e+00  2.58348852e+00  2.84721459e+00 
 1.30814000e-09  1.94593985e+00  1.65406015e+00  2.58353380e+00  2.84724231e+00 
 1.30864000e-09  1.94576378e+00  1.65423622e+00  2.58357912e+00  2.84727003e+00 
 1.30914000e-09  1.94558626e+00  1.65441374e+00  2.58362448e+00  2.84729776e+00 
 1.30964000e-09  1.94540731e+00  1.65459269e+00  2.58366988e+00  2.84732550e+00 
 1.31014000e-09  1.94522692e+00  1.65477308e+00  2.58371531e+00  2.84735324e+00 
 1.31064000e-09  1.94504510e+00  1.65495490e+00  2.58376079e+00  2.84738099e+00 
 1.31114000e-09  1.94486185e+00  1.65513815e+00  2.58380630e+00  2.84740874e+00 
 1.31164000e-09  1.94467717e+00  1.65532283e+00  2.58385186e+00  2.84743649e+00 
 1.31214000e-09  1.94449106e+00  1.65550894e+00  2.58389745e+00  2.84746425e+00 
 1.31264000e-09  1.94430352e+00  1.65569648e+00  2.58394308e+00  2.84749201e+00 
 1.31314000e-09  1.94411456e+00  1.65588544e+00  2.58398874e+00  2.84751977e+00 
 1.31364000e-09  1.94392418e+00  1.65607582e+00  2.58403445e+00  2.84754753e+00 
 1.31414000e-09  1.94373238e+00  1.65626762e+00  2.58408019e+00  2.84757529e+00 
 1.31464000e-09  1.94353916e+00  1.65646084e+00  2.58412597e+00  2.84760305e+00 
 1.31514000e-09  1.94334452e+00  1.65665548e+00  2.58417179e+00  2.84763081e+00 
 1.31564000e-09  1.94314847e+00  1.65685153e+00  2.58421764e+00  2.84765857e+00 
 1.31614000e-09  1.94295100e+00  1.65704900e+00  2.58426353e+00  2.84768632e+00 
 1.31664000e-09  1.94275212e+00  1.65724788e+00  2.58430946e+00  2.84771407e+00 
 1.31714000e-09  1.94255184e+00  1.65744816e+00  2.58435542e+00  2.84774182e+00 
 1.31764000e-09  1.94235015e+00  1.65764985e+00  2.58440142e+00  2.84776956e+00 
 1.31814000e-09  1.94214705e+00  1.65785295e+00  2.58444746e+00  2.84779730e+00 
 1.31864000e-09  1.94194255e+00  1.65805745e+00  2.58449353e+00  2.84782503e+00 
 1.31914000e-09  1.94173665e+00  1.65826335e+00  2.58453965e+00  2.84785275e+00 
 1.31964000e-09  1.94152935e+00  1.65847065e+00  2.58458579e+00  2.84788047e+00 
 1.32014000e-09  1.94132065e+00  1.65867935e+00  2.58463198e+00  2.84790818e+00 
 1.32064000e-09  1.94111056e+00  1.65888944e+00  2.58467819e+00  2.84793587e+00 
 1.32114000e-09  1.94089908e+00  1.65910092e+00  2.58472445e+00  2.84796356e+00 
 1.32164000e-09  1.94068620e+00  1.65931380e+00  2.58477074e+00  2.84799124e+00 
 1.32214000e-09  1.94047194e+00  1.65952806e+00  2.58481707e+00  2.84801890e+00 
 1.32264000e-09  1.94025629e+00  1.65974371e+00  2.58486344e+00  2.84804655e+00 
 1.32314000e-09  1.94003925e+00  1.65996075e+00  2.58490984e+00  2.84807419e+00 
 1.32364000e-09  1.93982084e+00  1.66017916e+00  2.58495627e+00  2.84810181e+00 
 1.32414000e-09  1.93960104e+00  1.66039896e+00  2.58500275e+00  2.84812942e+00 
 1.32464000e-09  1.93937987e+00  1.66062013e+00  2.58504926e+00  2.84815701e+00 
 1.32514000e-09  1.93915732e+00  1.66084268e+00  2.58509581e+00  2.84818458e+00 
 1.32564000e-09  1.93893339e+00  1.66106661e+00  2.58514239e+00  2.84821213e+00 
 1.32614000e-09  1.93870810e+00  1.66129190e+00  2.58518901e+00  2.84823966e+00 
 1.32664000e-09  1.93848144e+00  1.66151856e+00  2.58523567e+00  2.84826718e+00 
 1.32714000e-09  1.93825341e+00  1.66174659e+00  2.58528237e+00  2.84829467e+00 
 1.32764000e-09  1.93802401e+00  1.66197599e+00  2.58532910e+00  2.84832214e+00 
 1.32814000e-09  1.93779326e+00  1.66220674e+00  2.58537588e+00  2.84834958e+00 
 1.32864000e-09  1.93756114e+00  1.66243886e+00  2.58542269e+00  2.84837700e+00 
 1.32914000e-09  1.93732766e+00  1.66267234e+00  2.58546953e+00  2.84840439e+00 
 1.32964000e-09  1.93709283e+00  1.66290717e+00  2.58551642e+00  2.84843176e+00 
 1.33014000e-09  1.93685665e+00  1.66314335e+00  2.58556335e+00  2.84845910e+00 
 1.33064000e-09  1.93661912e+00  1.66338088e+00  2.58561031e+00  2.84848641e+00 
 1.33114000e-09  1.93638024e+00  1.66361976e+00  2.58565732e+00  2.84851368e+00 
 1.33164000e-09  1.93614001e+00  1.66385999e+00  2.58570436e+00  2.84854093e+00 
 1.33214000e-09  1.93589844e+00  1.66410156e+00  2.58575145e+00  2.84856814e+00 
 1.33264000e-09  1.93565552e+00  1.66434448e+00  2.58579858e+00  2.84859532e+00 
 1.33314000e-09  1.93541127e+00  1.66458873e+00  2.58584574e+00  2.84862246e+00 
 1.33364000e-09  1.93516568e+00  1.66483432e+00  2.58589295e+00  2.84864956e+00 
 1.33414000e-09  1.93491876e+00  1.66508124e+00  2.58594021e+00  2.84867663e+00 
 1.33464000e-09  1.93467051e+00  1.66532949e+00  2.58598750e+00  2.84870365e+00 
 1.33514000e-09  1.93442092e+00  1.66557908e+00  2.58603484e+00  2.84873063e+00 
 1.33564000e-09  1.93417002e+00  1.66582998e+00  2.58608222e+00  2.84875757e+00 
 1.33614000e-09  1.93391778e+00  1.66608222e+00  2.58612965e+00  2.84878447e+00 
 1.33664000e-09  1.93366423e+00  1.66633577e+00  2.58617712e+00  2.84881132e+00 
 1.33714000e-09  1.93340935e+00  1.66659065e+00  2.58622464e+00  2.84883812e+00 
 1.33764000e-09  1.93315316e+00  1.66684684e+00  2.58627221e+00  2.84886487e+00 
 1.33814000e-09  1.93289565e+00  1.66710435e+00  2.58631982e+00  2.84889157e+00 
 1.33864000e-09  1.93263684e+00  1.66736316e+00  2.58636748e+00  2.84891822e+00 
 1.33914000e-09  1.93237671e+00  1.66762329e+00  2.58641519e+00  2.84894481e+00 
 1.33964000e-09  1.93211528e+00  1.66788472e+00  2.58646296e+00  2.84897134e+00 
 1.34014000e-09  1.93185254e+00  1.66814746e+00  2.58651077e+00  2.84899782e+00 
 1.34064000e-09  1.93158850e+00  1.66841150e+00  2.58655863e+00  2.84902424e+00 
 1.34114000e-09  1.93132317e+00  1.66867683e+00  2.58660655e+00  2.84905059e+00 
 1.34164000e-09  1.93105653e+00  1.66894347e+00  2.58665452e+00  2.84907688e+00 
 1.34214000e-09  1.93078861e+00  1.66921139e+00  2.58670255e+00  2.84910310e+00 
 1.34264000e-09  1.93051939e+00  1.66948061e+00  2.58675063e+00  2.84912926e+00 
 1.34314000e-09  1.93024888e+00  1.66975112e+00  2.58679877e+00  2.84915534e+00 
 1.34364000e-09  1.92997709e+00  1.67002291e+00  2.58684697e+00  2.84918135e+00 
 1.34414000e-09  1.92970402e+00  1.67029598e+00  2.58689523e+00  2.84920729e+00 
 1.34464000e-09  1.92942967e+00  1.67057033e+00  2.58694355e+00  2.84923315e+00 
 1.34514000e-09  1.92915403e+00  1.67084597e+00  2.58699193e+00  2.84925893e+00 
 1.34564000e-09  1.92887713e+00  1.67112287e+00  2.58704038e+00  2.84928462e+00 
 1.34614000e-09  1.92859895e+00  1.67140105e+00  2.58708889e+00  2.84931023e+00 
 1.34664000e-09  1.92831950e+00  1.67168050e+00  2.58713747e+00  2.84933576e+00 
 1.34714000e-09  1.92803879e+00  1.67196121e+00  2.58718612e+00  2.84936119e+00 
 1.34764000e-09  1.92775681e+00  1.67224319e+00  2.58723484e+00  2.84938653e+00 
 1.34814000e-09  1.92747357e+00  1.67252643e+00  2.58728363e+00  2.84941178e+00 
 1.34864000e-09  1.92718908e+00  1.67281092e+00  2.58733250e+00  2.84943692e+00 
 1.34914000e-09  1.92690333e+00  1.67309667e+00  2.58738144e+00  2.84946197e+00 
 1.34964000e-09  1.92661632e+00  1.67338368e+00  2.58743046e+00  2.84948691e+00 
 1.35014000e-09  1.92632807e+00  1.67367193e+00  2.58747956e+00  2.84951174e+00 
 1.35064000e-09  1.92603857e+00  1.67396143e+00  2.58752875e+00  2.84953646e+00 
 1.35114000e-09  1.92574782e+00  1.67425218e+00  2.58757801e+00  2.84956107e+00 
 1.35164000e-09  1.92545584e+00  1.67454416e+00  2.58762737e+00  2.84958555e+00 
 1.35214000e-09  1.92516261e+00  1.67483739e+00  2.58767681e+00  2.84960992e+00 
 1.35264000e-09  1.92486815e+00  1.67513185e+00  2.58772634e+00  2.84963416e+00 
 1.35314000e-09  1.92457246e+00  1.67542754e+00  2.58777597e+00  2.84965828e+00 
 1.35364000e-09  1.92427554e+00  1.67572446e+00  2.58782570e+00  2.84968226e+00 
 1.35414000e-09  1.92397740e+00  1.67602260e+00  2.58787552e+00  2.84970610e+00 
 1.35464000e-09  1.92367802e+00  1.67632198e+00  2.58792545e+00  2.84972980e+00 
 1.35514000e-09  1.92337743e+00  1.67662257e+00  2.58797548e+00  2.84975336e+00 
 1.35564000e-09  1.92307562e+00  1.67692438e+00  2.58802562e+00  2.84977677e+00 
 1.35614000e-09  1.92277260e+00  1.67722740e+00  2.58807587e+00  2.84980003e+00 
 1.35664000e-09  1.92246836e+00  1.67753164e+00  2.58812623e+00  2.84982313e+00 
 1.35714000e-09  1.92216292e+00  1.67783708e+00  2.58817671e+00  2.84984607e+00 
 1.35764000e-09  1.92185627e+00  1.67814373e+00  2.58822732e+00  2.84986883e+00 
 1.35814000e-09  1.92154841e+00  1.67845159e+00  2.58827805e+00  2.84989143e+00 
 1.35864000e-09  1.92123936e+00  1.67876064e+00  2.58832890e+00  2.84991385e+00 
 1.35914000e-09  1.92092911e+00  1.67907089e+00  2.58837989e+00  2.84993609e+00 
 1.35964000e-09  1.92061767e+00  1.67938233e+00  2.58843102e+00  2.84995813e+00 
 1.36014000e-09  1.92030504e+00  1.67969496e+00  2.58848228e+00  2.84997999e+00 
 1.36064000e-09  1.91999122e+00  1.68000878e+00  2.58853369e+00  2.85000164e+00 
 1.36114000e-09  1.91967621e+00  1.68032379e+00  2.58858525e+00  2.85002309e+00 
 1.36164000e-09  1.91936003e+00  1.68063997e+00  2.58863696e+00  2.85004433e+00 
 1.36214000e-09  1.91904266e+00  1.68095734e+00  2.58868883e+00  2.85006535e+00 
 1.36264000e-09  1.91872412e+00  1.68127588e+00  2.58874087e+00  2.85008615e+00 
 1.36314000e-09  1.91840441e+00  1.68159559e+00  2.58879307e+00  2.85010671e+00 
 1.36364000e-09  1.91808353e+00  1.68191647e+00  2.58884544e+00  2.85012704e+00 
 1.36414000e-09  1.91776149e+00  1.68223851e+00  2.58889800e+00  2.85014713e+00 
 1.36464000e-09  1.91743828e+00  1.68256172e+00  2.58895073e+00  2.85016696e+00 
 1.36514000e-09  1.91711392e+00  1.68288608e+00  2.58900366e+00  2.85018653e+00 
 1.36564000e-09  1.91678839e+00  1.68321161e+00  2.58905679e+00  2.85020583e+00 
 1.36614000e-09  1.91646172e+00  1.68353828e+00  2.58911011e+00  2.85022486e+00 
 1.36664000e-09  1.91613390e+00  1.68386610e+00  2.58916364e+00  2.85024361e+00 
 1.36714000e-09  1.91580492e+00  1.68419508e+00  2.58921739e+00  2.85026207e+00 
 1.36764000e-09  1.91547481e+00  1.68452519e+00  2.58927136e+00  2.85028022e+00 
 1.36814000e-09  1.91514356e+00  1.68485644e+00  2.58932556e+00  2.85029807e+00 
 1.36864000e-09  1.91481117e+00  1.68518883e+00  2.58937999e+00  2.85031559e+00 
 1.36914000e-09  1.91447765e+00  1.68552235e+00  2.58943467e+00  2.85033279e+00 
 1.36964000e-09  1.91414300e+00  1.68585700e+00  2.58948960e+00  2.85034965e+00 
 1.37014000e-09  1.91380722e+00  1.68619278e+00  2.58954479e+00  2.85036617e+00 
 1.37064000e-09  1.91347031e+00  1.68652969e+00  2.58960024e+00  2.85038232e+00 
 1.37114000e-09  1.91313229e+00  1.68686771e+00  2.58965597e+00  2.85039811e+00 
 1.37164000e-09  1.91279315e+00  1.68720685e+00  2.58971198e+00  2.85041351e+00 
 1.37214000e-09  1.91245290e+00  1.68754710e+00  2.58976829e+00  2.85042853e+00 
 1.37264000e-09  1.91211154e+00  1.68788846e+00  2.58982490e+00  2.85044314e+00 
 1.37314000e-09  1.91176907e+00  1.68823093e+00  2.58988182e+00  2.85045733e+00 
 1.37364000e-09  1.91142550e+00  1.68857450e+00  2.58993907e+00  2.85047110e+00 
 1.37414000e-09  1.91108083e+00  1.68891917e+00  2.58999665e+00  2.85048443e+00 
 1.37464000e-09  1.91073506e+00  1.68926494e+00  2.59005457e+00  2.85049730e+00 
 1.37514000e-09  1.91038820e+00  1.68961180e+00  2.59011284e+00  2.85050971e+00 
 1.37564000e-09  1.91004025e+00  1.68995975e+00  2.59017148e+00  2.85052163e+00 
 1.37614000e-09  1.90969122e+00  1.69030878e+00  2.59023050e+00  2.85053306e+00 
 1.37664000e-09  1.90934110e+00  1.69065890e+00  2.59028991e+00  2.85054397e+00 
 1.37714000e-09  1.90898990e+00  1.69101010e+00  2.59034972e+00  2.85055436e+00 
 1.37764000e-09  1.90863763e+00  1.69136237e+00  2.59040994e+00  2.85056421e+00 
 1.37814000e-09  1.90828428e+00  1.69171572e+00  2.59047059e+00  2.85057349e+00 
 1.37864000e-09  1.90792987e+00  1.69207013e+00  2.59053169e+00  2.85058221e+00 
 1.37914000e-09  1.90757439e+00  1.69242561e+00  2.59059324e+00  2.85059032e+00 
 1.37964000e-09  1.90721785e+00  1.69278215e+00  2.59065526e+00  2.85059783e+00 
 1.38014000e-09  1.90686025e+00  1.69313975e+00  2.59071776e+00  2.85060471e+00 
 1.38064000e-09  1.90650160e+00  1.69349840e+00  2.59078077e+00  2.85061094e+00 
 1.38114000e-09  1.90614189e+00  1.69385811e+00  2.59084429e+00  2.85061650e+00 
 1.38164000e-09  1.90578114e+00  1.69421886e+00  2.59090835e+00  2.85062137e+00 
 1.38214000e-09  1.90541934e+00  1.69458066e+00  2.59097296e+00  2.85062554e+00 
 1.38264000e-09  1.90505651e+00  1.69494349e+00  2.59103814e+00  2.85062897e+00 
 1.38314000e-09  1.90469263e+00  1.69530737e+00  2.59110390e+00  2.85063165e+00 
 1.38364000e-09  1.90432773e+00  1.69567227e+00  2.59117027e+00  2.85063355e+00 
 1.38414000e-09  1.90396179e+00  1.69603821e+00  2.59123726e+00  2.85063466e+00 
 1.38464000e-09  1.90359483e+00  1.69640517e+00  2.59130490e+00  2.85063494e+00 
 1.38514000e-09  1.90322684e+00  1.69677316e+00  2.59137321e+00  2.85063438e+00 
 1.38564000e-09  1.90285784e+00  1.69714216e+00  2.59144219e+00  2.85063294e+00 
 1.38614000e-09  1.90248782e+00  1.69751218e+00  2.59151189e+00  2.85063060e+00 
 1.38664000e-09  1.90211679e+00  1.69788321e+00  2.59158232e+00  2.85062733e+00 
 1.38714000e-09  1.90174475e+00  1.69825525e+00  2.59165350e+00  2.85062311e+00 
 1.38764000e-09  1.90137170e+00  1.69862830e+00  2.59172546e+00  2.85061791e+00 
 1.38814000e-09  1.90099766e+00  1.69900234e+00  2.59179822e+00  2.85061169e+00 
 1.38864000e-09  1.90062262e+00  1.69937738e+00  2.59187181e+00  2.85060443e+00 
 1.38914000e-09  1.90024659e+00  1.69975341e+00  2.59194625e+00  2.85059610e+00 
 1.38964000e-09  1.89986957e+00  1.70013043e+00  2.59202157e+00  2.85058665e+00 
 1.39014000e-09  1.89949156e+00  1.70050844e+00  2.59209780e+00  2.85057607e+00 
 1.39064000e-09  1.89911257e+00  1.70088743e+00  2.59217496e+00  2.85056432e+00 
 1.39114000e-09  1.89873260e+00  1.70126740e+00  2.59225309e+00  2.85055135e+00 
 1.39164000e-09  1.89835166e+00  1.70164834e+00  2.59233222e+00  2.85053714e+00 
 1.39214000e-09  1.89796974e+00  1.70203026e+00  2.59241237e+00  2.85052165e+00 
 1.39264000e-09  1.89758686e+00  1.70241314e+00  2.59249359e+00  2.85050484e+00 
 1.39314000e-09  1.89720302e+00  1.70279698e+00  2.59257589e+00  2.85048666e+00 
 1.39364000e-09  1.89681821e+00  1.70318179e+00  2.59265932e+00  2.85046709e+00 
 1.39414000e-09  1.89643246e+00  1.70356754e+00  2.59274391e+00  2.85044608e+00 
 1.39464000e-09  1.89604575e+00  1.70395425e+00  2.59282969e+00  2.85042358e+00 
 1.39514000e-09  1.89565809e+00  1.70434191e+00  2.59291671e+00  2.85039956e+00 
 1.39564000e-09  1.89526949e+00  1.70473051e+00  2.59300499e+00  2.85037397e+00 
 1.39614000e-09  1.89487994e+00  1.70512006e+00  2.59309459e+00  2.85034676e+00 
 1.39664000e-09  1.89448946e+00  1.70551054e+00  2.59318553e+00  2.85031788e+00 
 1.39714000e-09  1.89409805e+00  1.70590195e+00  2.59327786e+00  2.85028729e+00 
 1.39764000e-09  1.89370571e+00  1.70629429e+00  2.59337163e+00  2.85025494e+00 
 1.39814000e-09  1.89331245e+00  1.70668755e+00  2.59346687e+00  2.85022078e+00 
 1.39864000e-09  1.89291826e+00  1.70708174e+00  2.59356362e+00  2.85018475e+00 
 1.39914000e-09  1.89252316e+00  1.70747684e+00  2.59366195e+00  2.85014681e+00 
 1.39964000e-09  1.89212714e+00  1.70787286e+00  2.59376188e+00  2.85010689e+00 
 1.40014000e-09  1.89173022e+00  1.70826978e+00  2.59386347e+00  2.85006494e+00 
 1.40064000e-09  1.89133238e+00  1.70866762e+00  2.59396676e+00  2.85002090e+00 
 1.40114000e-09  1.89093365e+00  1.70906635e+00  2.59407182e+00  2.84997472e+00 
 1.40164000e-09  1.89053402e+00  1.70946598e+00  2.59417868e+00  2.84992634e+00 
 1.40214000e-09  1.89013350e+00  1.70986650e+00  2.59428740e+00  2.84987569e+00 
 1.40264000e-09  1.88973209e+00  1.71026791e+00  2.59439804e+00  2.84982270e+00 
 1.40314000e-09  1.88932979e+00  1.71067021e+00  2.59451064e+00  2.84976733e+00 
 1.40364000e-09  1.88892661e+00  1.71107339e+00  2.59462528e+00  2.84970949e+00 
 1.40414000e-09  1.88852255e+00  1.71147745e+00  2.59474199e+00  2.84964913e+00 
 1.40464000e-09  1.88811762e+00  1.71188238e+00  2.59486085e+00  2.84958617e+00 
 1.40514000e-09  1.88771182e+00  1.71228818e+00  2.59498191e+00  2.84952055e+00 
 1.40564000e-09  1.88730515e+00  1.71269485e+00  2.59510524e+00  2.84945219e+00 
 1.40614000e-09  1.88689762e+00  1.71310238e+00  2.59523089e+00  2.84938102e+00 
 1.40664000e-09  1.88648923e+00  1.71351077e+00  2.59535894e+00  2.84930697e+00 
 1.40714000e-09  1.88607999e+00  1.71392001e+00  2.59548944e+00  2.84922996e+00 
 1.40764000e-09  1.88566990e+00  1.71433010e+00  2.59562246e+00  2.84914991e+00 
 1.40814000e-09  1.88525897e+00  1.71474103e+00  2.59575808e+00  2.84906675e+00 
 1.40864000e-09  1.88484719e+00  1.71515281e+00  2.59589635e+00  2.84898040e+00 
 1.40914000e-09  1.88443458e+00  1.71556542e+00  2.59603736e+00  2.84889077e+00 
 1.40964000e-09  1.88402113e+00  1.71597887e+00  2.59618117e+00  2.84879778e+00 
 1.41014000e-09  1.88360686e+00  1.71639314e+00  2.59632786e+00  2.84870134e+00 
 1.41064000e-09  1.88319175e+00  1.71680825e+00  2.59647749e+00  2.84860139e+00 
 1.41114000e-09  1.88277583e+00  1.71722417e+00  2.59663016e+00  2.84849781e+00 
 1.41164000e-09  1.88235909e+00  1.71764091e+00  2.59678593e+00  2.84839054e+00 
 1.41214000e-09  1.88194154e+00  1.71805846e+00  2.59694487e+00  2.84827948e+00 
 1.41264000e-09  1.88152318e+00  1.71847682e+00  2.59710708e+00  2.84816453e+00 
 1.41314000e-09  1.88110401e+00  1.71889599e+00  2.59727263e+00  2.84804562e+00 
 1.41364000e-09  1.88068405e+00  1.71931595e+00  2.59744160e+00  2.84792264e+00 
 1.41414000e-09  1.88026328e+00  1.71973672e+00  2.59761407e+00  2.84779551e+00 
 1.41464000e-09  1.87984173e+00  1.72015827e+00  2.59779013e+00  2.84766412e+00 
 1.41514000e-09  1.87941939e+00  1.72058061e+00  2.59796986e+00  2.84752839e+00 
 1.41564000e-09  1.87899626e+00  1.72100374e+00  2.59815335e+00  2.84738822e+00 
 1.41614000e-09  1.87857235e+00  1.72142765e+00  2.59834069e+00  2.84724351e+00 
 1.41664000e-09  1.87814767e+00  1.72185233e+00  2.59853195e+00  2.84709417e+00 
 1.41714000e-09  1.87772222e+00  1.72227778e+00  2.59872723e+00  2.84694009e+00 
 1.41764000e-09  1.87729600e+00  1.72270400e+00  2.59892662e+00  2.84678118e+00 
 1.41814000e-09  1.87686902e+00  1.72313098e+00  2.59913020e+00  2.84661733e+00 
 1.41864000e-09  1.87644127e+00  1.72355873e+00  2.59933807e+00  2.84644846e+00 
 1.41914000e-09  1.87601278e+00  1.72398722e+00  2.59955031e+00  2.84627445e+00 
 1.41964000e-09  1.87558353e+00  1.72441647e+00  2.59976702e+00  2.84609521e+00 
 1.42014000e-09  1.87515354e+00  1.72484646e+00  2.59998828e+00  2.84591064e+00 
 1.42064000e-09  1.87472280e+00  1.72527720e+00  2.60021419e+00  2.84572064e+00 
 1.42114000e-09  1.87429133e+00  1.72570867e+00  2.60044485e+00  2.84552510e+00 
 1.42164000e-09  1.87385913e+00  1.72614087e+00  2.60068033e+00  2.84532393e+00 
 1.42214000e-09  1.87342619e+00  1.72657381e+00  2.60092074e+00  2.84511703e+00 
 1.42264000e-09  1.87299254e+00  1.72700746e+00  2.60116616e+00  2.84490430e+00 
 1.42314000e-09  1.87255816e+00  1.72744184e+00  2.60141668e+00  2.84468563e+00 
 1.42364000e-09  1.87212306e+00  1.72787694e+00  2.60167240e+00  2.84446093e+00 
 1.42414000e-09  1.87168726e+00  1.72831274e+00  2.60193341e+00  2.84423011e+00 
 1.42464000e-09  1.87125074e+00  1.72874926e+00  2.60219980e+00  2.84399306e+00 
 1.42514000e-09  1.87081352e+00  1.72918648e+00  2.60247166e+00  2.84374968e+00 
 1.42564000e-09  1.87037561e+00  1.72962439e+00  2.60274907e+00  2.84349989e+00 
 1.42614000e-09  1.86993700e+00  1.73006300e+00  2.60303213e+00  2.84324358e+00 
 1.42664000e-09  1.86949770e+00  1.73050230e+00  2.60332092e+00  2.84298067e+00 
 1.42714000e-09  1.86905771e+00  1.73094229e+00  2.60361553e+00  2.84271107e+00 
 1.42764000e-09  1.86861704e+00  1.73138296e+00  2.60391605e+00  2.84243467e+00 
 1.42814000e-09  1.86817569e+00  1.73182431e+00  2.60422256e+00  2.84215141e+00 
 1.42864000e-09  1.86773367e+00  1.73226633e+00  2.60453514e+00  2.84186117e+00 
 1.42914000e-09  1.86729099e+00  1.73270901e+00  2.60485388e+00  2.84156389e+00 
 1.42964000e-09  1.86684764e+00  1.73315236e+00  2.60517886e+00  2.84125948e+00 
 1.43014000e-09  1.86640362e+00  1.73359638e+00  2.60551015e+00  2.84094785e+00 
 1.43064000e-09  1.86595896e+00  1.73404104e+00  2.60584783e+00  2.84062894e+00 
 1.43114000e-09  1.86551364e+00  1.73448636e+00  2.60619199e+00  2.84030265e+00 
 1.43164000e-09  1.86506768e+00  1.73493232e+00  2.60654269e+00  2.83996892e+00 
 1.43214000e-09  1.86462107e+00  1.73537893e+00  2.60690000e+00  2.83962767e+00 
 1.43264000e-09  1.86417383e+00  1.73582617e+00  2.60726400e+00  2.83927883e+00 
 1.43314000e-09  1.86372595e+00  1.73627405e+00  2.60763475e+00  2.83892234e+00 
 1.43364000e-09  1.86327744e+00  1.73672256e+00  2.60801232e+00  2.83855813e+00 
 1.43414000e-09  1.86282831e+00  1.73717169e+00  2.60839677e+00  2.83818615e+00 
 1.43464000e-09  1.86237856e+00  1.73762144e+00  2.60878817e+00  2.83780631e+00 
 1.43514000e-09  1.86192819e+00  1.73807181e+00  2.60918657e+00  2.83741859e+00 
 1.43564000e-09  1.86147722e+00  1.73852278e+00  2.60959203e+00  2.83702291e+00 
 1.43614000e-09  1.86102563e+00  1.73897437e+00  2.61000460e+00  2.83661923e+00 
 1.43664000e-09  1.86057344e+00  1.73942656e+00  2.61042434e+00  2.83620751e+00 
 1.43714000e-09  1.86012066e+00  1.73987934e+00  2.61085129e+00  2.83578769e+00 
 1.43764000e-09  1.85966728e+00  1.74033272e+00  2.61128550e+00  2.83535973e+00 
 1.43814000e-09  1.85921331e+00  1.74078669e+00  2.61172702e+00  2.83492361e+00 
 1.43864000e-09  1.85875876e+00  1.74124124e+00  2.61217587e+00  2.83447928e+00 
 1.43914000e-09  1.85830363e+00  1.74169637e+00  2.61263211e+00  2.83402671e+00 
 1.43964000e-09  1.85784792e+00  1.74215208e+00  2.61309577e+00  2.83356587e+00 
 1.44014000e-09  1.85739165e+00  1.74260835e+00  2.61356687e+00  2.83309675e+00 
 1.44064000e-09  1.85693480e+00  1.74306520e+00  2.61404545e+00  2.83261930e+00 
 1.44114000e-09  1.85647740e+00  1.74352260e+00  2.61453154e+00  2.83213353e+00 
 1.44164000e-09  1.85601943e+00  1.74398057e+00  2.61502516e+00  2.83163941e+00 
 1.44214000e-09  1.85556092e+00  1.74443908e+00  2.61552632e+00  2.83113694e+00 
 1.44264000e-09  1.85510185e+00  1.74489815e+00  2.61603505e+00  2.83062609e+00 
 1.44314000e-09  1.85464224e+00  1.74535776e+00  2.61655137e+00  2.83010688e+00 
 1.44364000e-09  1.85418209e+00  1.74581791e+00  2.61707527e+00  2.82957929e+00 
 1.44414000e-09  1.85372141e+00  1.74627859e+00  2.61760679e+00  2.82904333e+00 
 1.44464000e-09  1.85326020e+00  1.74673980e+00  2.61814591e+00  2.82849900e+00 
 1.44514000e-09  1.85279846e+00  1.74720154e+00  2.61869264e+00  2.82794632e+00 
 1.44564000e-09  1.85233620e+00  1.74766380e+00  2.61924700e+00  2.82738528e+00 
 1.44614000e-09  1.85187342e+00  1.74812658e+00  2.61980897e+00  2.82681592e+00 
 1.44664000e-09  1.85141014e+00  1.74858986e+00  2.62037854e+00  2.82623823e+00 
 1.44714000e-09  1.85094634e+00  1.74905366e+00  2.62095572e+00  2.82565226e+00 
 1.44764000e-09  1.85048204e+00  1.74951796e+00  2.62154050e+00  2.82505801e+00 
 1.44814000e-09  1.85001725e+00  1.74998275e+00  2.62213285e+00  2.82445552e+00 
 1.44864000e-09  1.84955196e+00  1.75044804e+00  2.62273278e+00  2.82384481e+00 
 1.44914000e-09  1.84908618e+00  1.75091382e+00  2.62334025e+00  2.82322592e+00 
 1.44964000e-09  1.84861991e+00  1.75138009e+00  2.62395525e+00  2.82259888e+00 
 1.45014000e-09  1.84815317e+00  1.75184683e+00  2.62457776e+00  2.82196373e+00 
 1.45064000e-09  1.84768595e+00  1.75231405e+00  2.62520776e+00  2.82132051e+00 
 1.45114000e-09  1.84721826e+00  1.75278174e+00  2.62584521e+00  2.82066927e+00 
 1.45164000e-09  1.84675011e+00  1.75324989e+00  2.62649008e+00  2.82001004e+00 
 1.45214000e-09  1.84628149e+00  1.75371851e+00  2.62714235e+00  2.81934288e+00 
 1.45264000e-09  1.84581241e+00  1.75418759e+00  2.62780198e+00  2.81866783e+00 
 1.45314000e-09  1.84534289e+00  1.75465711e+00  2.62846893e+00  2.81798495e+00 
 1.45364000e-09  1.84487292e+00  1.75512708e+00  2.62914316e+00  2.81729429e+00 
 1.45414000e-09  1.84440250e+00  1.75559750e+00  2.62982463e+00  2.81659589e+00 
 1.45464000e-09  1.84393164e+00  1.75606836e+00  2.63051329e+00  2.81588982e+00 
 1.45514000e-09  1.84346036e+00  1.75653964e+00  2.63120909e+00  2.81517614e+00 
 1.45564000e-09  1.84298864e+00  1.75701136e+00  2.63191198e+00  2.81445490e+00 
 1.45614000e-09  1.84251650e+00  1.75748350e+00  2.63262190e+00  2.81372615e+00 
 1.45664000e-09  1.84204394e+00  1.75795606e+00  2.63333880e+00  2.81298996e+00 
 1.45714000e-09  1.84157096e+00  1.75842904e+00  2.63406262e+00  2.81224638e+00 
 1.45764000e-09  1.84109757e+00  1.75890243e+00  2.63479328e+00  2.81149547e+00 
 1.45814000e-09  1.84062378e+00  1.75937622e+00  2.63553073e+00  2.81073729e+00 
 1.45864000e-09  1.84014959e+00  1.75985041e+00  2.63627489e+00  2.80997189e+00 
 1.45914000e-09  1.83967500e+00  1.76032500e+00  2.63702569e+00  2.80919934e+00 
 1.45964000e-09  1.83920002e+00  1.76079998e+00  2.63778305e+00  2.80841969e+00 
 1.46014000e-09  1.83872465e+00  1.76127535e+00  2.63854689e+00  2.80763300e+00 
 1.46064000e-09  1.83824890e+00  1.76175110e+00  2.63931713e+00  2.80683932e+00 
 1.46114000e-09  1.83777278e+00  1.76222722e+00  2.64009369e+00  2.80603870e+00 
 1.46164000e-09  1.83729628e+00  1.76270372e+00  2.64087648e+00  2.80523121e+00 
 1.46214000e-09  1.83681941e+00  1.76318059e+00  2.64166541e+00  2.80441689e+00 
 1.46264000e-09  1.83634218e+00  1.76365782e+00  2.64246040e+00  2.80359581e+00 
 1.46314000e-09  1.83586459e+00  1.76413541e+00  2.64326135e+00  2.80276801e+00 
 1.46364000e-09  1.83538664e+00  1.76461336e+00  2.64406817e+00  2.80193355e+00 
 1.46414000e-09  1.83490835e+00  1.76509165e+00  2.64488078e+00  2.80109249e+00 
 1.46464000e-09  1.83442971e+00  1.76557029e+00  2.64569908e+00  2.80024488e+00 
 1.46514000e-09  1.83395073e+00  1.76604927e+00  2.64652297e+00  2.79939079e+00 
 1.46564000e-09  1.83347142e+00  1.76652858e+00  2.64735238e+00  2.79853026e+00 
 1.46614000e-09  1.83299178e+00  1.76700822e+00  2.64818720e+00  2.79766337e+00 
 1.46664000e-09  1.83251181e+00  1.76748819e+00  2.64902734e+00  2.79679016e+00 
 1.46714000e-09  1.83203152e+00  1.76796848e+00  2.64987272e+00  2.79591070e+00 
 1.46764000e-09  1.83155091e+00  1.76844909e+00  2.65072325e+00  2.79502506e+00 
 1.46814000e-09  1.83107000e+00  1.76893000e+00  2.65157884e+00  2.79413330e+00 
 1.46864000e-09  1.83058877e+00  1.76941123e+00  2.65243939e+00  2.79323548e+00 
 1.46914000e-09  1.83010725e+00  1.76989275e+00  2.65330483e+00  2.79233168e+00 
 1.46964000e-09  1.82962542e+00  1.77037458e+00  2.65417506e+00  2.79142196e+00 
 1.47014000e-09  1.82914331e+00  1.77085669e+00  2.65505000e+00  2.79050639e+00 
 1.47064000e-09  1.82866091e+00  1.77133909e+00  2.65592957e+00  2.78958504e+00 
 1.47114000e-09  1.82817822e+00  1.77182178e+00  2.65681368e+00  2.78865799e+00 
 1.47164000e-09  1.82769526e+00  1.77230474e+00  2.65770225e+00  2.78772530e+00 
 1.47214000e-09  1.82721202e+00  1.77278798e+00  2.65859519e+00  2.78678706e+00 
 1.47264000e-09  1.82672851e+00  1.77327149e+00  2.65949243e+00  2.78584333e+00 
 1.47314000e-09  1.82624474e+00  1.77375526e+00  2.66039389e+00  2.78489420e+00 
 1.47364000e-09  1.82576072e+00  1.77423928e+00  2.66129948e+00  2.78393973e+00 
 1.47414000e-09  1.82527643e+00  1.77472357e+00  2.66220912e+00  2.78298002e+00 
 1.47464000e-09  1.82479190e+00  1.77520810e+00  2.66312274e+00  2.78201513e+00 
 1.47514000e-09  1.82430712e+00  1.77569288e+00  2.66404026e+00  2.78104515e+00 
 1.47564000e-09  1.82382211e+00  1.77617789e+00  2.66496159e+00  2.78007015e+00 
 1.47614000e-09  1.82333685e+00  1.77666315e+00  2.66588668e+00  2.77909022e+00 
 1.47664000e-09  1.82285137e+00  1.77714863e+00  2.66681543e+00  2.77810543e+00 
 1.47714000e-09  1.82236566e+00  1.77763434e+00  2.66774778e+00  2.77711588e+00 
 1.47764000e-09  1.82187974e+00  1.77812026e+00  2.66868366e+00  2.77612164e+00 
 1.47814000e-09  1.82139359e+00  1.77860641e+00  2.66962298e+00  2.77512280e+00 
 1.47864000e-09  1.82090724e+00  1.77909276e+00  2.67056569e+00  2.77411944e+00 
 1.47914000e-09  1.82042067e+00  1.77957933e+00  2.67151171e+00  2.77311165e+00 
 1.47964000e-09  1.81993391e+00  1.78006609e+00  2.67246096e+00  2.77209952e+00 
 1.48014000e-09  1.81944695e+00  1.78055305e+00  2.67341339e+00  2.77108312e+00 
 1.48064000e-09  1.81895980e+00  1.78104020e+00  2.67436892e+00  2.77006256e+00 
 1.48114000e-09  1.81847246e+00  1.78152754e+00  2.67532750e+00  2.76903791e+00 
 1.48164000e-09  1.81798494e+00  1.78201506e+00  2.67628904e+00  2.76800927e+00 
 1.48214000e-09  1.81749724e+00  1.78250276e+00  2.67725350e+00  2.76697672e+00 
 1.48264000e-09  1.81700936e+00  1.78299064e+00  2.67822080e+00  2.76594037e+00 
 1.48314000e-09  1.81652133e+00  1.78347867e+00  2.67919088e+00  2.76490029e+00 
 1.48364000e-09  1.81603312e+00  1.78396688e+00  2.68016369e+00  2.76385658e+00 
 1.48414000e-09  1.81554476e+00  1.78445524e+00  2.68113915e+00  2.76280933e+00 
 1.48464000e-09  1.81505625e+00  1.78494375e+00  2.68211721e+00  2.76175863e+00 
 1.48514000e-09  1.81456758e+00  1.78543242e+00  2.68309781e+00  2.76070458e+00 
 1.48564000e-09  1.81407878e+00  1.78592122e+00  2.68408089e+00  2.75964726e+00 
 1.48614000e-09  1.81358983e+00  1.78641017e+00  2.68506639e+00  2.75858678e+00 
 1.48664000e-09  1.81310075e+00  1.78689925e+00  2.68605425e+00  2.75752322e+00 
 1.48714000e-09  1.81261154e+00  1.78738846e+00  2.68704441e+00  2.75645668e+00 
 1.48764000e-09  1.81212221e+00  1.78787779e+00  2.68803681e+00  2.75538724e+00 
 1.48814000e-09  1.81163275e+00  1.78836725e+00  2.68903140e+00  2.75431500e+00 
 1.48864000e-09  1.81114319e+00  1.78885681e+00  2.69002811e+00  2.75324006e+00 
 1.48914000e-09  1.81065351e+00  1.78934649e+00  2.69102690e+00  2.75216250e+00 
 1.48964000e-09  1.81016373e+00  1.78983627e+00  2.69202769e+00  2.75108242e+00 
 1.49014000e-09  1.80967384e+00  1.79032616e+00  2.69303042e+00  2.74999990e+00 
 1.49064000e-09  1.80918386e+00  1.79081614e+00  2.69403505e+00  2.74891505e+00 
 1.49114000e-09  1.80869379e+00  1.79130621e+00  2.69504151e+00  2.74782793e+00 
 1.49164000e-09  1.80820364e+00  1.79179636e+00  2.69604975e+00  2.74673866e+00 
 1.49214000e-09  1.80771340e+00  1.79228660e+00  2.69705969e+00  2.74564731e+00 
 1.49264000e-09  1.80722309e+00  1.79277691e+00  2.69807128e+00  2.74455397e+00 
 1.49314000e-09  1.80673270e+00  1.79326730e+00  2.69908446e+00  2.74345873e+00 
 1.49364000e-09  1.80624225e+00  1.79375775e+00  2.70009917e+00  2.74236167e+00 
 1.49414000e-09  1.80575174e+00  1.79424826e+00  2.70111534e+00  2.74126289e+00 
 1.49464000e-09  1.80526117e+00  1.79473883e+00  2.70213292e+00  2.74016246e+00 
 1.49514000e-09  1.80477055e+00  1.79522945e+00  2.70315183e+00  2.73906047e+00 
 1.49564000e-09  1.80427988e+00  1.79572012e+00  2.70417201e+00  2.73795699e+00 
 1.49614000e-09  1.80378917e+00  1.79621083e+00  2.70519341e+00  2.73685213e+00 
 1.49664000e-09  1.80329843e+00  1.79670157e+00  2.70621594e+00  2.73574594e+00 
 1.49714000e-09  1.80280765e+00  1.79719235e+00  2.70723955e+00  2.73463851e+00 
 1.49764000e-09  1.80231684e+00  1.79768316e+00  2.70826417e+00  2.73352993e+00 
 1.49814000e-09  1.80182601e+00  1.79817399e+00  2.70928973e+00  2.73242027e+00 
 1.49864000e-09  1.80133516e+00  1.79866484e+00  2.71031616e+00  2.73130960e+00 
 1.49914000e-09  1.80084430e+00  1.79915570e+00  2.71134340e+00  2.73019801e+00 
 1.49964000e-09  1.80035343e+00  1.79964657e+00  2.71237137e+00  2.72908556e+00 
 1.50014000e-09  1.79986256e+00  1.80013744e+00  2.71340000e+00  2.72797234e+00 
 1.50064000e-09  1.79937168e+00  1.80062832e+00  2.71442922e+00  2.72685841e+00 
 1.50114000e-09  1.79888082e+00  1.80111918e+00  2.71545895e+00  2.72574385e+00 
 1.50164000e-09  1.79838996e+00  1.80161004e+00  2.71648913e+00  2.72462873e+00 
 1.50214000e-09  1.79789912e+00  1.80210088e+00  2.71751969e+00  2.72351312e+00 
 1.50264000e-09  1.79740830e+00  1.80259170e+00  2.71855054e+00  2.72239709e+00 
 1.50314000e-09  1.79691751e+00  1.80308249e+00  2.71958161e+00  2.72128071e+00 
 1.50364000e-09  1.79642675e+00  1.80357325e+00  2.72061282e+00  2.72016405e+00 
 1.50414000e-09  1.79593602e+00  1.80406398e+00  2.72164411e+00  2.71904718e+00 
 1.50464000e-09  1.79544534e+00  1.80455466e+00  2.72267539e+00  2.71793016e+00 
 1.50514000e-09  1.79495469e+00  1.80504531e+00  2.72370659e+00  2.71681307e+00 
 1.50564000e-09  1.79446410e+00  1.80553590e+00  2.72473762e+00  2.71569596e+00 
 1.50614000e-09  1.79397356e+00  1.80602644e+00  2.72576841e+00  2.71457891e+00 
 1.50664000e-09  1.79348309e+00  1.80651691e+00  2.72679888e+00  2.71346197e+00 
 1.50714000e-09  1.79299267e+00  1.80700733e+00  2.72782895e+00  2.71234523e+00 
 1.50764000e-09  1.79250233e+00  1.80749767e+00  2.72885854e+00  2.71122873e+00 
 1.50814000e-09  1.79201206e+00  1.80798794e+00  2.72988757e+00  2.71011254e+00 
 1.50864000e-09  1.79152187e+00  1.80847813e+00  2.73091596e+00  2.70899673e+00 
 1.50914000e-09  1.79103176e+00  1.80896824e+00  2.73194362e+00  2.70788137e+00 
 1.50964000e-09  1.79054174e+00  1.80945826e+00  2.73297048e+00  2.70676650e+00 
 1.51014000e-09  1.79005181e+00  1.80994819e+00  2.73399645e+00  2.70565221e+00 
 1.51064000e-09  1.78956198e+00  1.81043802e+00  2.73502144e+00  2.70453854e+00 
 1.51114000e-09  1.78907226e+00  1.81092774e+00  2.73604539e+00  2.70342556e+00 
 1.51164000e-09  1.78858264e+00  1.81141736e+00  2.73706819e+00  2.70231335e+00 
 1.51214000e-09  1.78809314e+00  1.81190686e+00  2.73808977e+00  2.70120194e+00 
 1.51264000e-09  1.78760375e+00  1.81239625e+00  2.73911005e+00  2.70009142e+00 
 1.51314000e-09  1.78711449e+00  1.81288551e+00  2.74012894e+00  2.69898185e+00 
 1.51364000e-09  1.78662535e+00  1.81337465e+00  2.74114635e+00  2.69787328e+00 
 1.51414000e-09  1.78613634e+00  1.81386366e+00  2.74216220e+00  2.69676578e+00 
 1.51464000e-09  1.78564747e+00  1.81435253e+00  2.74317641e+00  2.69565941e+00 
 1.51514000e-09  1.78515875e+00  1.81484125e+00  2.74418889e+00  2.69455424e+00 
 1.51564000e-09  1.78467017e+00  1.81532983e+00  2.74519955e+00  2.69345033e+00 
 1.51614000e-09  1.78418174e+00  1.81581826e+00  2.74620831e+00  2.69234775e+00 
 1.51664000e-09  1.78369346e+00  1.81630654e+00  2.74721509e+00  2.69124655e+00 
 1.51714000e-09  1.78320535e+00  1.81679465e+00  2.74821980e+00  2.69014681e+00 
 1.51764000e-09  1.78271741e+00  1.81728259e+00  2.74922235e+00  2.68904859e+00 
 1.51814000e-09  1.78222963e+00  1.81777037e+00  2.75022266e+00  2.68795195e+00 
 1.51864000e-09  1.78174203e+00  1.81825797e+00  2.75122064e+00  2.68685697e+00 
 1.51914000e-09  1.78125461e+00  1.81874539e+00  2.75221621e+00  2.68576371e+00 
 1.51964000e-09  1.78076737e+00  1.81923263e+00  2.75320928e+00  2.68467224e+00 
 1.52014000e-09  1.78028033e+00  1.81971967e+00  2.75419977e+00  2.68358263e+00 
 1.52064000e-09  1.77979348e+00  1.82020652e+00  2.75518759e+00  2.68249494e+00 
 1.52114000e-09  1.77930683e+00  1.82069317e+00  2.75617266e+00  2.68140926e+00 
 1.52164000e-09  1.77882038e+00  1.82117962e+00  2.75715489e+00  2.68032564e+00 
 1.52214000e-09  1.77833414e+00  1.82166586e+00  2.75813420e+00  2.67924417e+00 
 1.52264000e-09  1.77784812e+00  1.82215188e+00  2.75911051e+00  2.67816492e+00 
 1.52314000e-09  1.77736231e+00  1.82263769e+00  2.76008374e+00  2.67708796e+00 
 1.52364000e-09  1.77687673e+00  1.82312327e+00  2.76105379e+00  2.67601338e+00 
 1.52414000e-09  1.77639138e+00  1.82360862e+00  2.76202059e+00  2.67494124e+00 
 1.52464000e-09  1.77590625e+00  1.82409375e+00  2.76298406e+00  2.67387163e+00 
 1.52514000e-09  1.77542137e+00  1.82457863e+00  2.76394411e+00  2.67280462e+00 
 1.52564000e-09  1.77493673e+00  1.82506327e+00  2.76490067e+00  2.67174031e+00 
 1.52614000e-09  1.77445234e+00  1.82554766e+00  2.76585365e+00  2.67067878e+00 
 1.52664000e-09  1.77396820e+00  1.82603180e+00  2.76680299e+00  2.66962010e+00 
 1.52714000e-09  1.77348431e+00  1.82651569e+00  2.76774859e+00  2.66856437e+00 
 1.52764000e-09  1.77300069e+00  1.82699931e+00  2.76869038e+00  2.66751168e+00 
 1.52814000e-09  1.77251733e+00  1.82748267e+00  2.76962829e+00  2.66646212e+00 
 1.52864000e-09  1.77203425e+00  1.82796575e+00  2.77056225e+00  2.66541579e+00 
 1.52914000e-09  1.77155144e+00  1.82844856e+00  2.77149217e+00  2.66437277e+00 
 1.52964000e-09  1.77106891e+00  1.82893109e+00  2.77241799e+00  2.66333316e+00 
 1.53014000e-09  1.77058667e+00  1.82941333e+00  2.77333964e+00  2.66229707e+00 
 1.53064000e-09  1.77010472e+00  1.82989528e+00  2.77425704e+00  2.66126459e+00 
 1.53114000e-09  1.76962306e+00  1.83037694e+00  2.77517013e+00  2.66023583e+00 
 1.53164000e-09  1.76914170e+00  1.83085830e+00  2.77607884e+00  2.65921089e+00 
 1.53214000e-09  1.76866065e+00  1.83133935e+00  2.77698310e+00  2.65818988e+00 
 1.53264000e-09  1.76817991e+00  1.83182009e+00  2.77788285e+00  2.65717290e+00 
 1.53314000e-09  1.76769948e+00  1.83230052e+00  2.77877803e+00  2.65616007e+00 
 1.53364000e-09  1.76721937e+00  1.83278063e+00  2.77966857e+00  2.65515149e+00 
 1.53414000e-09  1.76673958e+00  1.83326042e+00  2.78055441e+00  2.65414727e+00 
 1.53464000e-09  1.76626012e+00  1.83373988e+00  2.78143550e+00  2.65314753e+00 
 1.53514000e-09  1.76578100e+00  1.83421900e+00  2.78231177e+00  2.65215238e+00 
 1.53564000e-09  1.76530221e+00  1.83469779e+00  2.78318317e+00  2.65116192e+00 
 1.53614000e-09  1.76482376e+00  1.83517624e+00  2.78404963e+00  2.65017628e+00 
 1.53664000e-09  1.76434567e+00  1.83565433e+00  2.78491110e+00  2.64919556e+00 
 1.53714000e-09  1.76386792e+00  1.83613208e+00  2.78576752e+00  2.64821987e+00 
 1.53764000e-09  1.76339053e+00  1.83660947e+00  2.78661883e+00  2.64724932e+00 
 1.53814000e-09  1.76291350e+00  1.83708650e+00  2.78746498e+00  2.64628401e+00 
 1.53864000e-09  1.76243684e+00  1.83756316e+00  2.78830590e+00  2.64532406e+00 
 1.53914000e-09  1.76196055e+00  1.83803945e+00  2.78914153e+00  2.64436957e+00 
 1.53964000e-09  1.76148463e+00  1.83851537e+00  2.78997182e+00  2.64342063e+00 
 1.54014000e-09  1.76100909e+00  1.83899091e+00  2.79079671e+00  2.64247734e+00 
 1.54064000e-09  1.76053394e+00  1.83946606e+00  2.79161611e+00  2.64153980e+00 
 1.54114000e-09  1.76005918e+00  1.83994082e+00  2.79242998e+00  2.64060810e+00 
 1.54164000e-09  1.75958481e+00  1.84041519e+00  2.79323824e+00  2.63968232e+00 
 1.54214000e-09  1.75911084e+00  1.84088916e+00  2.79404082e+00  2.63876256e+00 
 1.54264000e-09  1.75863728e+00  1.84136272e+00  2.79483765e+00  2.63784888e+00 
 1.54314000e-09  1.75816412e+00  1.84183588e+00  2.79562866e+00  2.63694138e+00 
 1.54364000e-09  1.75769138e+00  1.84230862e+00  2.79641377e+00  2.63604012e+00 
 1.54414000e-09  1.75721905e+00  1.84278095e+00  2.79719291e+00  2.63514517e+00 
 1.54464000e-09  1.75674715e+00  1.84325285e+00  2.79796599e+00  2.63425661e+00 
 1.54514000e-09  1.75627567e+00  1.84372433e+00  2.79873293e+00  2.63337449e+00 
 1.54564000e-09  1.75580462e+00  1.84419538e+00  2.79949365e+00  2.63249888e+00 
 1.54614000e-09  1.75533401e+00  1.84466599e+00  2.80024806e+00  2.63162984e+00 
 1.54664000e-09  1.75486384e+00  1.84513616e+00  2.80099609e+00  2.63076741e+00 
 1.54714000e-09  1.75439412e+00  1.84560588e+00  2.80173764e+00  2.62991167e+00 
 1.54764000e-09  1.75392485e+00  1.84607515e+00  2.80247262e+00  2.62906264e+00 
 1.54814000e-09  1.75345603e+00  1.84654397e+00  2.80320096e+00  2.62822040e+00 
 1.54864000e-09  1.75298767e+00  1.84701233e+00  2.80392256e+00  2.62738497e+00 
 1.54914000e-09  1.75251978e+00  1.84748022e+00  2.80463733e+00  2.62655641e+00 
 1.54964000e-09  1.75205235e+00  1.84794765e+00  2.80534520e+00  2.62573476e+00 
 1.55014000e-09  1.75158540e+00  1.84841460e+00  2.80604607e+00  2.62492007e+00 
 1.55064000e-09  1.75111892e+00  1.84888108e+00  2.80673986e+00  2.62411237e+00 
 1.55114000e-09  1.75065293e+00  1.84934707e+00  2.80742648e+00  2.62331171e+00 
 1.55164000e-09  1.75018742e+00  1.84981258e+00  2.80810587e+00  2.62251812e+00 
 1.55214000e-09  1.74972241e+00  1.85027759e+00  2.80877793e+00  2.62173164e+00 
 1.55264000e-09  1.74925789e+00  1.85074211e+00  2.80944259e+00  2.62095232e+00 
 1.55314000e-09  1.74879387e+00  1.85120613e+00  2.81009978e+00  2.62018019e+00 
 1.55364000e-09  1.74833036e+00  1.85166964e+00  2.81074942e+00  2.61941528e+00 
 1.55414000e-09  1.74786736e+00  1.85213264e+00  2.81139144e+00  2.61865763e+00 
 1.55464000e-09  1.74740487e+00  1.85259513e+00  2.81202579e+00  2.61790729e+00 
 1.55514000e-09  1.74694290e+00  1.85305710e+00  2.81265239e+00  2.61716428e+00 
 1.55564000e-09  1.74648146e+00  1.85351854e+00  2.81327118e+00  2.61642863e+00 
 1.55614000e-09  1.74602054e+00  1.85397946e+00  2.81388212e+00  2.61570040e+00 
 1.55664000e-09  1.74556016e+00  1.85443984e+00  2.81448514e+00  2.61497960e+00 
 1.55714000e-09  1.74510031e+00  1.85489969e+00  2.81508020e+00  2.61426627e+00 
 1.55764000e-09  1.74464101e+00  1.85535899e+00  2.81566726e+00  2.61356045e+00 
 1.55814000e-09  1.74418225e+00  1.85581775e+00  2.81624627e+00  2.61286217e+00 
 1.55864000e-09  1.74372404e+00  1.85627596e+00  2.81681720e+00  2.61217146e+00 
 1.55914000e-09  1.74326639e+00  1.85673361e+00  2.81738001e+00  2.61148834e+00 
 1.55964000e-09  1.74280930e+00  1.85719070e+00  2.81793468e+00  2.61081286e+00 
 1.56014000e-09  1.74235277e+00  1.85764723e+00  2.81848118e+00  2.61014504e+00 
 1.56064000e-09  1.74189681e+00  1.85810319e+00  2.81901949e+00  2.60948491e+00 
 1.56114000e-09  1.74144142e+00  1.85855858e+00  2.81954959e+00  2.60883249e+00 
 1.56164000e-09  1.74098662e+00  1.85901338e+00  2.82007147e+00  2.60818780e+00 
 1.56214000e-09  1.74053239e+00  1.85946761e+00  2.82058513e+00  2.60755088e+00 
 1.56264000e-09  1.74007875e+00  1.85992125e+00  2.82109055e+00  2.60692175e+00 
 1.56314000e-09  1.73962571e+00  1.86037429e+00  2.82158775e+00  2.60630041e+00 
 1.56364000e-09  1.73917326e+00  1.86082674e+00  2.82207672e+00  2.60568691e+00 
 1.56414000e-09  1.73872141e+00  1.86127859e+00  2.82255746e+00  2.60508123e+00 
 1.56464000e-09  1.73827016e+00  1.86172984e+00  2.82303000e+00  2.60448342e+00 
 1.56514000e-09  1.73781953e+00  1.86218047e+00  2.82349435e+00  2.60389347e+00 
 1.56564000e-09  1.73736950e+00  1.86263050e+00  2.82395053e+00  2.60331139e+00 
 1.56614000e-09  1.73692010e+00  1.86307990e+00  2.82439856e+00  2.60273719e+00 
 1.56664000e-09  1.73647132e+00  1.86352868e+00  2.82483847e+00  2.60217089e+00 
 1.56714000e-09  1.73602316e+00  1.86397684e+00  2.82527029e+00  2.60161247e+00 
 1.56764000e-09  1.73557564e+00  1.86442436e+00  2.82569405e+00  2.60106194e+00 
 1.56814000e-09  1.73512875e+00  1.86487125e+00  2.82610979e+00  2.60051929e+00 
 1.56864000e-09  1.73468250e+00  1.86531750e+00  2.82651756e+00  2.59998453e+00 
 1.56914000e-09  1.73423690e+00  1.86576310e+00  2.82691739e+00  2.59945764e+00 
 1.56964000e-09  1.73379195e+00  1.86620805e+00  2.82730934e+00  2.59893861e+00 
 1.57014000e-09  1.73334765e+00  1.86665235e+00  2.82769346e+00  2.59842742e+00 
 1.57064000e-09  1.73290401e+00  1.86709599e+00  2.82806980e+00  2.59792407e+00 
 1.57114000e-09  1.73246103e+00  1.86753897e+00  2.82843841e+00  2.59742851e+00 
 1.57164000e-09  1.73201871e+00  1.86798129e+00  2.82879936e+00  2.59694075e+00 
 1.57214000e-09  1.73157707e+00  1.86842293e+00  2.82915271e+00  2.59646074e+00 
 1.57264000e-09  1.73113610e+00  1.86886390e+00  2.82949853e+00  2.59598846e+00 
 1.57314000e-09  1.73069581e+00  1.86930419e+00  2.82983688e+00  2.59552387e+00 
 1.57364000e-09  1.73025621e+00  1.86974379e+00  2.83016784e+00  2.59506695e+00 
 1.57414000e-09  1.72981730e+00  1.87018270e+00  2.83049147e+00  2.59461764e+00 
 1.57464000e-09  1.72937907e+00  1.87062093e+00  2.83080786e+00  2.59417592e+00 
 1.57514000e-09  1.72894155e+00  1.87105845e+00  2.83111708e+00  2.59374173e+00 
 1.57564000e-09  1.72850472e+00  1.87149528e+00  2.83141921e+00  2.59331503e+00 
 1.57614000e-09  1.72806860e+00  1.87193140e+00  2.83171434e+00  2.59289578e+00 
 1.57664000e-09  1.72763320e+00  1.87236680e+00  2.83200254e+00  2.59248390e+00 
 1.57714000e-09  1.72719850e+00  1.87280150e+00  2.83228390e+00  2.59207936e+00 
 1.57764000e-09  1.72676453e+00  1.87323547e+00  2.83255851e+00  2.59168210e+00 
 1.57814000e-09  1.72633127e+00  1.87366873e+00  2.83282647e+00  2.59129205e+00 
 1.57864000e-09  1.72589875e+00  1.87410125e+00  2.83308785e+00  2.59090915e+00 
 1.57914000e-09  1.72546695e+00  1.87453305e+00  2.83334276e+00  2.59053334e+00 
 1.57964000e-09  1.72503589e+00  1.87496411e+00  2.83359128e+00  2.59016454e+00 
 1.58014000e-09  1.72460557e+00  1.87539443e+00  2.83383351e+00  2.58980270e+00 
 1.58064000e-09  1.72417600e+00  1.87582400e+00  2.83406955e+00  2.58944774e+00 
 1.58114000e-09  1.72374717e+00  1.87625283e+00  2.83429949e+00  2.58909958e+00 
 1.58164000e-09  1.72331910e+00  1.87668090e+00  2.83452343e+00  2.58875815e+00 
 1.58214000e-09  1.72289178e+00  1.87710822e+00  2.83474147e+00  2.58842338e+00 
 1.58264000e-09  1.72246522e+00  1.87753478e+00  2.83495371e+00  2.58809518e+00 
 1.58314000e-09  1.72203943e+00  1.87796057e+00  2.83516025e+00  2.58777348e+00 
 1.58364000e-09  1.72161441e+00  1.87838559e+00  2.83536119e+00  2.58745819e+00 
 1.58414000e-09  1.72119016e+00  1.87880984e+00  2.83555662e+00  2.58714924e+00 
 1.58464000e-09  1.72076669e+00  1.87923331e+00  2.83574666e+00  2.58684653e+00 
 1.58514000e-09  1.72034401e+00  1.87965599e+00  2.83593139e+00  2.58654999e+00 
 1.58564000e-09  1.71992210e+00  1.88007790e+00  2.83611093e+00  2.58625952e+00 
 1.58614000e-09  1.71950099e+00  1.88049901e+00  2.83628538e+00  2.58597505e+00 
 1.58664000e-09  1.71908067e+00  1.88091933e+00  2.83645482e+00  2.58569648e+00 
 1.58714000e-09  1.71866116e+00  1.88133884e+00  2.83661937e+00  2.58542372e+00 
 1.58764000e-09  1.71824244e+00  1.88175756e+00  2.83677913e+00  2.58515669e+00 
 1.58814000e-09  1.71782453e+00  1.88217547e+00  2.83693420e+00  2.58489530e+00 
 1.58864000e-09  1.71740743e+00  1.88259257e+00  2.83708467e+00  2.58463946e+00 
 1.58914000e-09  1.71699115e+00  1.88300885e+00  2.83723065e+00  2.58438908e+00 
 1.58964000e-09  1.71657569e+00  1.88342431e+00  2.83737224e+00  2.58414406e+00 
 1.59014000e-09  1.71616105e+00  1.88383895e+00  2.83750952e+00  2.58390433e+00 
 1.59064000e-09  1.71574723e+00  1.88425277e+00  2.83764261e+00  2.58366978e+00 
 1.59114000e-09  1.71533425e+00  1.88466575e+00  2.83777160e+00  2.58344034e+00 
 1.59164000e-09  1.71492211e+00  1.88507789e+00  2.83789658e+00  2.58321590e+00 
 1.59214000e-09  1.71451080e+00  1.88548920e+00  2.83801765e+00  2.58299638e+00 
 1.59264000e-09  1.71410034e+00  1.88589966e+00  2.83813490e+00  2.58278170e+00 
 1.59314000e-09  1.71369073e+00  1.88630927e+00  2.83824842e+00  2.58257176e+00 
 1.59364000e-09  1.71328196e+00  1.88671804e+00  2.83835832e+00  2.58236647e+00 
 1.59414000e-09  1.71287406e+00  1.88712594e+00  2.83846467e+00  2.58216576e+00 
 1.59464000e-09  1.71246701e+00  1.88753299e+00  2.83856757e+00  2.58196952e+00 
 1.59514000e-09  1.71206083e+00  1.88793917e+00  2.83866711e+00  2.58177768e+00 
 1.59564000e-09  1.71165551e+00  1.88834449e+00  2.83876337e+00  2.58159015e+00 
 1.59614000e-09  1.71125107e+00  1.88874893e+00  2.83885644e+00  2.58140684e+00 
 1.59664000e-09  1.71084750e+00  1.88915250e+00  2.83894640e+00  2.58122767e+00 
 1.59714000e-09  1.71044482e+00  1.88955518e+00  2.83903334e+00  2.58105256e+00 
 1.59764000e-09  1.71004301e+00  1.88995699e+00  2.83911735e+00  2.58088143e+00 
 1.59814000e-09  1.70964210e+00  1.89035790e+00  2.83919849e+00  2.58071419e+00 
 1.59864000e-09  1.70924208e+00  1.89075792e+00  2.83927685e+00  2.58055077e+00 
 1.59914000e-09  1.70884295e+00  1.89115705e+00  2.83935251e+00  2.58039108e+00 
 1.59964000e-09  1.70844472e+00  1.89155528e+00  2.83942554e+00  2.58023505e+00 
 1.60014000e-09  1.70804739e+00  1.89195261e+00  2.83949603e+00  2.58008260e+00 
 1.60064000e-09  1.70765098e+00  1.89234902e+00  2.83956403e+00  2.57993366e+00 
 1.60114000e-09  1.70725547e+00  1.89274453e+00  2.83962964e+00  2.57978814e+00 
 1.60164000e-09  1.70686088e+00  1.89313912e+00  2.83969290e+00  2.57964599e+00 
 1.60214000e-09  1.70646721e+00  1.89353279e+00  2.83975391e+00  2.57950712e+00 
 1.60264000e-09  1.70607446e+00  1.89392554e+00  2.83981271e+00  2.57937146e+00 
 1.60314000e-09  1.70568264e+00  1.89431736e+00  2.83986939e+00  2.57923895e+00 
 1.60364000e-09  1.70529175e+00  1.89470825e+00  2.83992399e+00  2.57910951e+00 
 1.60414000e-09  1.70490180e+00  1.89509820e+00  2.83997660e+00  2.57898308e+00 
 1.60464000e-09  1.70451278e+00  1.89548722e+00  2.84002727e+00  2.57885959e+00 
 1.60514000e-09  1.70412471e+00  1.89587529e+00  2.84007606e+00  2.57873898e+00 
 1.60564000e-09  1.70373758e+00  1.89626242e+00  2.84012303e+00  2.57862119e+00 
 1.60614000e-09  1.70335140e+00  1.89664860e+00  2.84016823e+00  2.57850614e+00 
 1.60664000e-09  1.70296618e+00  1.89703382e+00  2.84021174e+00  2.57839378e+00 
 1.60714000e-09  1.70258191e+00  1.89741809e+00  2.84025359e+00  2.57828406e+00 
 1.60764000e-09  1.70219861e+00  1.89780139e+00  2.84029384e+00  2.57817690e+00 
 1.60814000e-09  1.70181627e+00  1.89818373e+00  2.84033255e+00  2.57807225e+00 
 1.60864000e-09  1.70143490e+00  1.89856510e+00  2.84036977e+00  2.57797007e+00 
 1.60914000e-09  1.70105450e+00  1.89894550e+00  2.84040555e+00  2.57787028e+00 
 1.60964000e-09  1.70067508e+00  1.89932492e+00  2.84043993e+00  2.57777284e+00 
 1.61014000e-09  1.70029664e+00  1.89970336e+00  2.84047297e+00  2.57767770e+00 
 1.61064000e-09  1.69991918e+00  1.90008082e+00  2.84050471e+00  2.57758479e+00 
 1.61114000e-09  1.69954271e+00  1.90045729e+00  2.84053519e+00  2.57749409e+00 
 1.61164000e-09  1.69916723e+00  1.90083277e+00  2.84056446e+00  2.57740552e+00 
 1.61214000e-09  1.69879275e+00  1.90120725e+00  2.84059256e+00  2.57731905e+00 
 1.61264000e-09  1.69841927e+00  1.90158073e+00  2.84061953e+00  2.57723462e+00 
 1.61314000e-09  1.69804679e+00  1.90195321e+00  2.84064542e+00  2.57715220e+00 
 1.61364000e-09  1.69767531e+00  1.90232469e+00  2.84067026e+00  2.57707173e+00 
 1.61414000e-09  1.69730485e+00  1.90269515e+00  2.84069408e+00  2.57699318e+00 
 1.61464000e-09  1.69693540e+00  1.90306460e+00  2.84071694e+00  2.57691650e+00 
 1.61514000e-09  1.69656696e+00  1.90343304e+00  2.84073885e+00  2.57684164e+00 
 1.61564000e-09  1.69619955e+00  1.90380045e+00  2.84075987e+00  2.57676858e+00 
 1.61614000e-09  1.69583316e+00  1.90416684e+00  2.84078002e+00  2.57669726e+00 
 1.61664000e-09  1.69546780e+00  1.90453220e+00  2.84079933e+00  2.57662765e+00 
 1.61714000e-09  1.69510347e+00  1.90489653e+00  2.84081784e+00  2.57655971e+00 
 1.61764000e-09  1.69474018e+00  1.90525982e+00  2.84083557e+00  2.57649340e+00 
 1.61814000e-09  1.69437792e+00  1.90562208e+00  2.84085257e+00  2.57642869e+00 
 1.61864000e-09  1.69401671e+00  1.90598329e+00  2.84086885e+00  2.57636555e+00 
 1.61914000e-09  1.69365654e+00  1.90634346e+00  2.84088445e+00  2.57630393e+00 
 1.61964000e-09  1.69329743e+00  1.90670257e+00  2.84089939e+00  2.57624381e+00 
 1.62014000e-09  1.69293936e+00  1.90706064e+00  2.84091370e+00  2.57618516e+00 
 1.62064000e-09  1.69258236e+00  1.90741764e+00  2.84092740e+00  2.57612793e+00 
 1.62114000e-09  1.69222641e+00  1.90777359e+00  2.84094053e+00  2.57607211e+00 
 1.62164000e-09  1.69187153e+00  1.90812847e+00  2.84095310e+00  2.57601765e+00 
 1.62214000e-09  1.69151771e+00  1.90848229e+00  2.84096515e+00  2.57596454e+00 
 1.62264000e-09  1.69116496e+00  1.90883504e+00  2.84097668e+00  2.57591274e+00 
 1.62314000e-09  1.69081329e+00  1.90918671e+00  2.84098773e+00  2.57586223e+00 
 1.62364000e-09  1.69046270e+00  1.90953730e+00  2.84099831e+00  2.57581297e+00 
 1.62414000e-09  1.69011319e+00  1.90988681e+00  2.84100845e+00  2.57576494e+00 
 1.62464000e-09  1.68976476e+00  1.91023524e+00  2.84101817e+00  2.57571813e+00 
 1.62514000e-09  1.68941742e+00  1.91058258e+00  2.84102748e+00  2.57567249e+00 
 1.62564000e-09  1.68907117e+00  1.91092883e+00  2.84103641e+00  2.57562801e+00 
 1.62614000e-09  1.68872602e+00  1.91127398e+00  2.84104497e+00  2.57558466e+00 
 1.62664000e-09  1.68838196e+00  1.91161804e+00  2.84105318e+00  2.57554243e+00 
 1.62714000e-09  1.68803901e+00  1.91196099e+00  2.84106106e+00  2.57550128e+00 
 1.62764000e-09  1.68769716e+00  1.91230284e+00  2.84106863e+00  2.57546120e+00 
 1.62814000e-09  1.68735642e+00  1.91264358e+00  2.84107589e+00  2.57542216e+00 
 1.62864000e-09  1.68701679e+00  1.91298321e+00  2.84108287e+00  2.57538415e+00 
 1.62914000e-09  1.68667828e+00  1.91332172e+00  2.84108959e+00  2.57534714e+00 
 1.62964000e-09  1.68634088e+00  1.91365912e+00  2.84109605e+00  2.57531111e+00 
 1.63014000e-09  1.68600461e+00  1.91399539e+00  2.84110227e+00  2.57527606e+00 
 1.63064000e-09  1.68566946e+00  1.91433054e+00  2.84110826e+00  2.57524194e+00 
 1.63114000e-09  1.68533544e+00  1.91466456e+00  2.84111404e+00  2.57520876e+00 
 1.63164000e-09  1.68500255e+00  1.91499745e+00  2.84111962e+00  2.57517649e+00 
 1.63214000e-09  1.68467080e+00  1.91532920e+00  2.84112502e+00  2.57514511e+00 
 1.63264000e-09  1.68434018e+00  1.91565982e+00  2.84113023e+00  2.57511461e+00 
 1.63314000e-09  1.68401071e+00  1.91598929e+00  2.84113529e+00  2.57508497e+00 
 1.63364000e-09  1.68368238e+00  1.91631762e+00  2.84114018e+00  2.57505617e+00 
 1.63414000e-09  1.68335520e+00  1.91664480e+00  2.84114494e+00  2.57502821e+00 
 1.63464000e-09  1.68302917e+00  1.91697083e+00  2.84114957e+00  2.57500106e+00 
 1.63514000e-09  1.68270430e+00  1.91729570e+00  2.84115407e+00  2.57497471e+00 
 1.63564000e-09  1.68238058e+00  1.91761942e+00  2.84115846e+00  2.57494915e+00 
 1.63614000e-09  1.68205802e+00  1.91794198e+00  2.84116274e+00  2.57492435e+00 
 1.63664000e-09  1.68173663e+00  1.91826337e+00  2.84116694e+00  2.57490032e+00 
 1.63714000e-09  1.68141641e+00  1.91858359e+00  2.84117104e+00  2.57487703e+00 
 1.63764000e-09  1.68109735e+00  1.91890265e+00  2.84117507e+00  2.57485448e+00 
 1.63814000e-09  1.68077947e+00  1.91922053e+00  2.84117903e+00  2.57483264e+00 
 1.63864000e-09  1.68046276e+00  1.91953724e+00  2.84118293e+00  2.57481152e+00 
 1.63914000e-09  1.68014724e+00  1.91985276e+00  2.84118678e+00  2.57479109e+00 
 1.63964000e-09  1.67983290e+00  1.92016710e+00  2.84119058e+00  2.57477134e+00 
 1.64014000e-09  1.67951974e+00  1.92048026e+00  2.84119434e+00  2.57475227e+00 
 1.64064000e-09  1.67920777e+00  1.92079223e+00  2.84119807e+00  2.57473386e+00 
 1.64114000e-09  1.67889700e+00  1.92110300e+00  2.84120178e+00  2.57471610e+00 
 1.64164000e-09  1.67858742e+00  1.92141258e+00  2.84120546e+00  2.57469899e+00 
 1.64214000e-09  1.67827904e+00  1.92172096e+00  2.84120914e+00  2.57468250e+00 
 1.64264000e-09  1.67797186e+00  1.92202814e+00  2.84121280e+00  2.57466664e+00 
 1.64314000e-09  1.67766588e+00  1.92233412e+00  2.84121646e+00  2.57465139e+00 
 1.64364000e-09  1.67736112e+00  1.92263888e+00  2.84122013e+00  2.57463674e+00 
 1.64414000e-09  1.67705756e+00  1.92294244e+00  2.84122381e+00  2.57462268e+00 
 1.64464000e-09  1.67675521e+00  1.92324479e+00  2.84122750e+00  2.57460921e+00 
 1.64514000e-09  1.67645409e+00  1.92354591e+00  2.84123121e+00  2.57459631e+00 
 1.64564000e-09  1.67615418e+00  1.92384582e+00  2.84123494e+00  2.57458399e+00 
 1.64614000e-09  1.67585549e+00  1.92414451e+00  2.84123871e+00  2.57457222e+00 
 1.64664000e-09  1.67555803e+00  1.92444197e+00  2.84124250e+00  2.57456100e+00 
 1.64714000e-09  1.67526180e+00  1.92473820e+00  2.84124633e+00  2.57455032e+00 
 1.64764000e-09  1.67496680e+00  1.92503320e+00  2.84125021e+00  2.57454018e+00 
 1.64814000e-09  1.67467303e+00  1.92532697e+00  2.84125413e+00  2.57453057e+00 
 1.64864000e-09  1.67438050e+00  1.92561950e+00  2.84125809e+00  2.57452147e+00 
 1.64914000e-09  1.67408921e+00  1.92591079e+00  2.84126211e+00  2.57451289e+00 
 1.64964000e-09  1.67379916e+00  1.92620084e+00  2.84126619e+00  2.57450482e+00 
 1.65014000e-09  1.67351036e+00  1.92648964e+00  2.84127032e+00  2.57449724e+00 
 1.65064000e-09  1.67322280e+00  1.92677720e+00  2.84127452e+00  2.57449016e+00 
 1.65114000e-09  1.67293650e+00  1.92706350e+00  2.84127878e+00  2.57448357e+00 
 1.65164000e-09  1.67265145e+00  1.92734855e+00  2.84128311e+00  2.57447745e+00 
 1.65214000e-09  1.67236766e+00  1.92763234e+00  2.84128752e+00  2.57447181e+00 
 1.65264000e-09  1.67208512e+00  1.92791488e+00  2.84129199e+00  2.57446663e+00 
 1.65314000e-09  1.67180385e+00  1.92819615e+00  2.84129654e+00  2.57446192e+00 
 1.65364000e-09  1.67152385e+00  1.92847615e+00  2.84130118e+00  2.57445766e+00 
 1.65414000e-09  1.67124511e+00  1.92875489e+00  2.84130589e+00  2.57445385e+00 
 1.65464000e-09  1.67096765e+00  1.92903235e+00  2.84131069e+00  2.57445049e+00 
 1.65514000e-09  1.67069145e+00  1.92930855e+00  2.84131557e+00  2.57444756e+00 
 1.65564000e-09  1.67041654e+00  1.92958346e+00  2.84132054e+00  2.57444507e+00 
 1.65614000e-09  1.67014290e+00  1.92985710e+00  2.84132560e+00  2.57444301e+00 
 1.65664000e-09  1.66987055e+00  1.93012945e+00  2.84133075e+00  2.57444137e+00 
 1.65714000e-09  1.66959947e+00  1.93040053e+00  2.84133600e+00  2.57444015e+00 
 1.65764000e-09  1.66932969e+00  1.93067031e+00  2.84134134e+00  2.57443934e+00 
 1.65814000e-09  1.66906120e+00  1.93093880e+00  2.84134678e+00  2.57443894e+00 
 1.65864000e-09  1.66879399e+00  1.93120601e+00  2.84135232e+00  2.57443895e+00 
 1.65914000e-09  1.66852809e+00  1.93147191e+00  2.84135796e+00  2.57443935e+00 
 1.65964000e-09  1.66826348e+00  1.93173652e+00  2.84136370e+00  2.57444015e+00 
 1.66014000e-09  1.66800017e+00  1.93199983e+00  2.84136955e+00  2.57444134e+00 
 1.66064000e-09  1.66773816e+00  1.93226184e+00  2.84137550e+00  2.57444292e+00 
 1.66114000e-09  1.66747746e+00  1.93252254e+00  2.84138155e+00  2.57444487e+00 
 1.66164000e-09  1.66721806e+00  1.93278194e+00  2.84138771e+00  2.57444721e+00 
 1.66214000e-09  1.66695998e+00  1.93304002e+00  2.84139398e+00  2.57444992e+00 
 1.66264000e-09  1.66670321e+00  1.93329679e+00  2.84140036e+00  2.57445300e+00 
 1.66314000e-09  1.66644776e+00  1.93355224e+00  2.84140685e+00  2.57445645e+00 
 1.66364000e-09  1.66619362e+00  1.93380638e+00  2.84141345e+00  2.57446026e+00 
 1.66414000e-09  1.66594080e+00  1.93405920e+00  2.84142017e+00  2.57446442e+00 
 1.66464000e-09  1.66568931e+00  1.93431069e+00  2.84142699e+00  2.57446894e+00 
 1.66514000e-09  1.66543915e+00  1.93456085e+00  2.84143393e+00  2.57447382e+00 
 1.66564000e-09  1.66519031e+00  1.93480969e+00  2.84144099e+00  2.57447904e+00 
 1.66614000e-09  1.66494280e+00  1.93505720e+00  2.84144816e+00  2.57448460e+00 
 1.66664000e-09  1.66469662e+00  1.93530338e+00  2.84145545e+00  2.57449051e+00 
 1.66714000e-09  1.66445178e+00  1.93554822e+00  2.84146285e+00  2.57449675e+00 
 1.66764000e-09  1.66420828e+00  1.93579172e+00  2.84147037e+00  2.57450333e+00 
 1.66814000e-09  1.66396612e+00  1.93603388e+00  2.84147801e+00  2.57451024e+00 
 1.66864000e-09  1.66372530e+00  1.93627470e+00  2.84148576e+00  2.57451747e+00 
 1.66914000e-09  1.66348582e+00  1.93651418e+00  2.84149364e+00  2.57452503e+00 
 1.66964000e-09  1.66324770e+00  1.93675230e+00  2.84150163e+00  2.57453292e+00 
 1.67014000e-09  1.66301092e+00  1.93698908e+00  2.84150975e+00  2.57454112e+00 
 1.67064000e-09  1.66277549e+00  1.93722451e+00  2.84151798e+00  2.57454963e+00 
 1.67114000e-09  1.66254142e+00  1.93745858e+00  2.84152633e+00  2.57455846e+00 
 1.67164000e-09  1.66230871e+00  1.93769129e+00  2.84153481e+00  2.57456760e+00 
 1.67214000e-09  1.66207735e+00  1.93792265e+00  2.84154341e+00  2.57457705e+00 
 1.67264000e-09  1.66184736e+00  1.93815264e+00  2.84155212e+00  2.57458680e+00 
 1.67314000e-09  1.66161873e+00  1.93838127e+00  2.84156096e+00  2.57459685e+00 
 1.67364000e-09  1.66139146e+00  1.93860854e+00  2.84156992e+00  2.57460720e+00 
 1.67414000e-09  1.66116557e+00  1.93883443e+00  2.84157900e+00  2.57461785e+00 
 1.67464000e-09  1.66094104e+00  1.93905896e+00  2.84158820e+00  2.57462879e+00 
 1.67514000e-09  1.66071789e+00  1.93928211e+00  2.84159753e+00  2.57464002e+00 
 1.67564000e-09  1.66049611e+00  1.93950389e+00  2.84160698e+00  2.57465154e+00 
 1.67614000e-09  1.66027570e+00  1.93972430e+00  2.84161654e+00  2.57466335e+00 
 1.67664000e-09  1.66005668e+00  1.93994332e+00  2.84162624e+00  2.57467544e+00 
 1.67714000e-09  1.65983904e+00  1.94016096e+00  2.84163605e+00  2.57468781e+00 
 1.67764000e-09  1.65962278e+00  1.94037722e+00  2.84164598e+00  2.57470046e+00 
 1.67814000e-09  1.65940790e+00  1.94059210e+00  2.84165604e+00  2.57471339e+00 
 1.67864000e-09  1.65919442e+00  1.94080558e+00  2.84166622e+00  2.57472659e+00 
 1.67914000e-09  1.65898232e+00  1.94101768e+00  2.84167652e+00  2.57474007e+00 
 1.67964000e-09  1.65877162e+00  1.94122838e+00  2.84168695e+00  2.57475381e+00 
 1.68014000e-09  1.65856231e+00  1.94143769e+00  2.84169749e+00  2.57476782e+00 
 1.68064000e-09  1.65835439e+00  1.94164561e+00  2.84170816e+00  2.57478210e+00 
 1.68114000e-09  1.65814787e+00  1.94185213e+00  2.84171895e+00  2.57479664e+00 
 1.68164000e-09  1.65794276e+00  1.94205724e+00  2.84172986e+00  2.57481144e+00 
 1.68214000e-09  1.65773904e+00  1.94226096e+00  2.84174089e+00  2.57482650e+00 
 1.68264000e-09  1.65753673e+00  1.94246327e+00  2.84175204e+00  2.57484182e+00 
 1.68314000e-09  1.65733583e+00  1.94266417e+00  2.84176331e+00  2.57485739e+00 
 1.68364000e-09  1.65713633e+00  1.94286367e+00  2.84177470e+00  2.57487322e+00 
 1.68414000e-09  1.65693824e+00  1.94306176e+00  2.84178622e+00  2.57488929e+00 
 1.68464000e-09  1.65674157e+00  1.94325843e+00  2.84179785e+00  2.57490562e+00 
 1.68514000e-09  1.65654631e+00  1.94345369e+00  2.84180960e+00  2.57492219e+00 
 1.68564000e-09  1.65635246e+00  1.94364754e+00  2.84182148e+00  2.57493901e+00 
 1.68614000e-09  1.65616004e+00  1.94383996e+00  2.84183347e+00  2.57495607e+00 
 1.68664000e-09  1.65596903e+00  1.94403097e+00  2.84184558e+00  2.57497338e+00 
 1.68714000e-09  1.65577944e+00  1.94422056e+00  2.84185781e+00  2.57499092e+00 
 1.68764000e-09  1.65559128e+00  1.94440872e+00  2.84187016e+00  2.57500870e+00 
 1.68814000e-09  1.65540454e+00  1.94459546e+00  2.84188263e+00  2.57502672e+00 
 1.68864000e-09  1.65521923e+00  1.94478077e+00  2.84189522e+00  2.57504497e+00 
 1.68914000e-09  1.65503535e+00  1.94496465e+00  2.84190792e+00  2.57506346e+00 
 1.68964000e-09  1.65485290e+00  1.94514710e+00  2.84192074e+00  2.57508217e+00 
 1.69014000e-09  1.65467188e+00  1.94532812e+00  2.84193368e+00  2.57510112e+00 
 1.69064000e-09  1.65449230e+00  1.94550770e+00  2.84194673e+00  2.57512029e+00 
 1.69114000e-09  1.65431415e+00  1.94568585e+00  2.84195990e+00  2.57513969e+00 
 1.69164000e-09  1.65413744e+00  1.94586256e+00  2.84197319e+00  2.57515931e+00 
 1.69214000e-09  1.65396217e+00  1.94603783e+00  2.84198659e+00  2.57517916e+00 
 1.69264000e-09  1.65378834e+00  1.94621166e+00  2.84200011e+00  2.57519923e+00 
 1.69314000e-09  1.65361596e+00  1.94638404e+00  2.84201374e+00  2.57521951e+00 
 1.69364000e-09  1.65344502e+00  1.94655498e+00  2.84202749e+00  2.57524002e+00 
 1.69414000e-09  1.65327552e+00  1.94672448e+00  2.84204135e+00  2.57526074e+00 
 1.69464000e-09  1.65310748e+00  1.94689252e+00  2.84205532e+00  2.57528167e+00 
 1.69514000e-09  1.65294088e+00  1.94705912e+00  2.84206941e+00  2.57530282e+00 
 1.69564000e-09  1.65277573e+00  1.94722427e+00  2.84208361e+00  2.57532418e+00 
 1.69614000e-09  1.65261204e+00  1.94738796e+00  2.84209792e+00  2.57534575e+00 
 1.69664000e-09  1.65244980e+00  1.94755020e+00  2.84211234e+00  2.57536753e+00 
 1.69714000e-09  1.65228902e+00  1.94771098e+00  2.84212688e+00  2.57538951e+00 
 1.69764000e-09  1.65212970e+00  1.94787030e+00  2.84214152e+00  2.57541171e+00 
 1.69814000e-09  1.65197184e+00  1.94802816e+00  2.84215628e+00  2.57543410e+00 
 1.69864000e-09  1.65181543e+00  1.94818457e+00  2.84217115e+00  2.57545670e+00 
 1.69914000e-09  1.65166049e+00  1.94833951e+00  2.84218612e+00  2.57547950e+00 
 1.69964000e-09  1.65150702e+00  1.94849298e+00  2.84220121e+00  2.57550250e+00 
 1.70014000e-09  1.65135500e+00  1.94864500e+00  2.84221640e+00  2.57552570e+00 
 1.70064000e-09  1.65120446e+00  1.94879554e+00  2.84223171e+00  2.57554910e+00 
 1.70114000e-09  1.65105538e+00  1.94894462e+00  2.84224712e+00  2.57557269e+00 
 1.70164000e-09  1.65090778e+00  1.94909222e+00  2.84226263e+00  2.57559648e+00 
 1.70214000e-09  1.65076165e+00  1.94923835e+00  2.84227826e+00  2.57562046e+00 
 1.70264000e-09  1.65061698e+00  1.94938302e+00  2.84229399e+00  2.57564463e+00 
 1.70314000e-09  1.65047380e+00  1.94952620e+00  2.84230983e+00  2.57566900e+00 
 1.70364000e-09  1.65033209e+00  1.94966791e+00  2.84232577e+00  2.57569355e+00 
 1.70414000e-09  1.65019185e+00  1.94980815e+00  2.84234182e+00  2.57571829e+00 
 1.70464000e-09  1.65005310e+00  1.94994690e+00  2.84235798e+00  2.57574322e+00 
 1.70514000e-09  1.64991582e+00  1.95008418e+00  2.84237423e+00  2.57576833e+00 
 1.70564000e-09  1.64978003e+00  1.95021997e+00  2.84239059e+00  2.57579363e+00 
 1.70614000e-09  1.64964572e+00  1.95035428e+00  2.84240706e+00  2.57581911e+00 
 1.70664000e-09  1.64951289e+00  1.95048711e+00  2.84242363e+00  2.57584477e+00 
 1.70714000e-09  1.64938155e+00  1.95061845e+00  2.84244030e+00  2.57587062e+00 
 1.70764000e-09  1.64925169e+00  1.95074831e+00  2.84245707e+00  2.57589664e+00 
 1.70814000e-09  1.64912333e+00  1.95087667e+00  2.84247394e+00  2.57592284e+00 
 1.70864000e-09  1.64899645e+00  1.95100355e+00  2.84249091e+00  2.57594922e+00 
 1.70914000e-09  1.64887106e+00  1.95112894e+00  2.84250799e+00  2.57597577e+00 
 1.70964000e-09  1.64874716e+00  1.95125284e+00  2.84252516e+00  2.57600250e+00 
 1.71014000e-09  1.64862476e+00  1.95137524e+00  2.84254243e+00  2.57602940e+00 
 1.71064000e-09  1.64850385e+00  1.95149615e+00  2.84255980e+00  2.57605648e+00 
 1.71114000e-09  1.64838443e+00  1.95161557e+00  2.84257727e+00  2.57608372e+00 
 1.71164000e-09  1.64826652e+00  1.95173348e+00  2.84259484e+00  2.57611114e+00 
 1.71214000e-09  1.64815009e+00  1.95184991e+00  2.84261251e+00  2.57613872e+00 
 1.71264000e-09  1.64803517e+00  1.95196483e+00  2.84263027e+00  2.57616647e+00 
 1.71314000e-09  1.64792175e+00  1.95207825e+00  2.84264813e+00  2.57619439e+00 
 1.71364000e-09  1.64780983e+00  1.95219017e+00  2.84266608e+00  2.57622247e+00 
 1.71414000e-09  1.64769941e+00  1.95230059e+00  2.84268413e+00  2.57625072e+00 
 1.71464000e-09  1.64759049e+00  1.95240951e+00  2.84270227e+00  2.57627913e+00 
 1.71514000e-09  1.64748308e+00  1.95251692e+00  2.84272051e+00  2.57630771e+00 
 1.71564000e-09  1.64737718e+00  1.95262282e+00  2.84273885e+00  2.57633644e+00 
 1.71614000e-09  1.64727278e+00  1.95272722e+00  2.84275727e+00  2.57636534e+00 
 1.71664000e-09  1.64716988e+00  1.95283012e+00  2.84277579e+00  2.57639439e+00 
 1.71714000e-09  1.64706850e+00  1.95293150e+00  2.84279440e+00  2.57642360e+00 
 1.71764000e-09  1.64696862e+00  1.95303138e+00  2.84281311e+00  2.57645297e+00 
 1.71814000e-09  1.64687026e+00  1.95312974e+00  2.84283190e+00  2.57648250e+00 
 1.71864000e-09  1.64677340e+00  1.95322660e+00  2.84285079e+00  2.57651218e+00 
 1.71914000e-09  1.64667806e+00  1.95332194e+00  2.84286976e+00  2.57654201e+00 
 1.71964000e-09  1.64658424e+00  1.95341576e+00  2.84288883e+00  2.57657200e+00 
 1.72014000e-09  1.64649192e+00  1.95350808e+00  2.84290798e+00  2.57660214e+00 
 1.72064000e-09  1.64640112e+00  1.95359888e+00  2.84292723e+00  2.57663243e+00 
 1.72114000e-09  1.64631184e+00  1.95368816e+00  2.84294656e+00  2.57666286e+00 
 1.72164000e-09  1.64622407e+00  1.95377593e+00  2.84296598e+00  2.57669345e+00 
 1.72214000e-09  1.64613783e+00  1.95386217e+00  2.84298549e+00  2.57672419e+00 
 1.72264000e-09  1.64605310e+00  1.95394690e+00  2.84300509e+00  2.57675507e+00 
 1.72314000e-09  1.64596989e+00  1.95403011e+00  2.84302477e+00  2.57678610e+00 
 1.72364000e-09  1.64588820e+00  1.95411180e+00  2.84304454e+00  2.57681727e+00 
 1.72414000e-09  1.64580803e+00  1.95419197e+00  2.84306439e+00  2.57684859e+00 
 1.72464000e-09  1.64572938e+00  1.95427062e+00  2.84308433e+00  2.57688005e+00 
 1.72514000e-09  1.64565226e+00  1.95434774e+00  2.84310435e+00  2.57691165e+00 
 1.72564000e-09  1.64557665e+00  1.95442335e+00  2.84312446e+00  2.57694339e+00 
 1.72614000e-09  1.64550258e+00  1.95449742e+00  2.84314465e+00  2.57697528e+00 
 1.72664000e-09  1.64543002e+00  1.95456998e+00  2.84316492e+00  2.57700730e+00 
 1.72714000e-09  1.64535900e+00  1.95464100e+00  2.84318528e+00  2.57703946e+00 
 1.72764000e-09  1.64528950e+00  1.95471050e+00  2.84320571e+00  2.57707176e+00 
 1.72814000e-09  1.64522152e+00  1.95477848e+00  2.84322623e+00  2.57710419e+00 
 1.72864000e-09  1.64515508e+00  1.95484492e+00  2.84324683e+00  2.57713676e+00 
 1.72914000e-09  1.64509016e+00  1.95490984e+00  2.84326751e+00  2.57716947e+00 
 1.72964000e-09  1.64502677e+00  1.95497323e+00  2.84328828e+00  2.57720231e+00 
 1.73014000e-09  1.64496491e+00  1.95503509e+00  2.84330912e+00  2.57723528e+00 
 1.73064000e-09  1.64490458e+00  1.95509542e+00  2.84333004e+00  2.57726838e+00 
 1.73114000e-09  1.64484578e+00  1.95515422e+00  2.84335104e+00  2.57730162e+00 
 1.73164000e-09  1.64478852e+00  1.95521148e+00  2.84337211e+00  2.57733498e+00 
 1.73214000e-09  1.64473278e+00  1.95526722e+00  2.84339327e+00  2.57736847e+00 
 1.73264000e-09  1.64467858e+00  1.95532142e+00  2.84341450e+00  2.57740210e+00 
 1.73314000e-09  1.64462591e+00  1.95537409e+00  2.84343581e+00  2.57743585e+00 
 1.73364000e-09  1.64457477e+00  1.95542523e+00  2.84345719e+00  2.57746972e+00 
 1.73414000e-09  1.64452517e+00  1.95547483e+00  2.84347865e+00  2.57750373e+00 
 1.73464000e-09  1.64447710e+00  1.95552290e+00  2.84350019e+00  2.57753785e+00 
 1.73514000e-09  1.64443057e+00  1.95556943e+00  2.84352180e+00  2.57757211e+00 
 1.73564000e-09  1.64438557e+00  1.95561443e+00  2.84354349e+00  2.57760648e+00 
 1.73614000e-09  1.64434211e+00  1.95565789e+00  2.84356524e+00  2.57764098e+00 
 1.73664000e-09  1.64430018e+00  1.95569982e+00  2.84358708e+00  2.57767560e+00 
 1.73714000e-09  1.64425979e+00  1.95574021e+00  2.84360898e+00  2.57771034e+00 
 1.73764000e-09  1.64422094e+00  1.95577906e+00  2.84363096e+00  2.57774520e+00 
 1.73814000e-09  1.64418363e+00  1.95581637e+00  2.84365301e+00  2.57778018e+00 
 1.73864000e-09  1.64414785e+00  1.95585215e+00  2.84367513e+00  2.57781528e+00 
 1.73914000e-09  1.64411361e+00  1.95588639e+00  2.84369732e+00  2.57785049e+00 
 1.73964000e-09  1.64408091e+00  1.95591909e+00  2.84371959e+00  2.57788582e+00 
 1.74014000e-09  1.64404975e+00  1.95595025e+00  2.84374192e+00  2.57792127e+00 
 1.74064000e-09  1.64402013e+00  1.95597987e+00  2.84376432e+00  2.57795684e+00 
 1.74114000e-09  1.64399205e+00  1.95600795e+00  2.84378679e+00  2.57799251e+00 
 1.74164000e-09  1.64396551e+00  1.95603449e+00  2.84380933e+00  2.57802831e+00 
 1.74214000e-09  1.64394051e+00  1.95605949e+00  2.84383194e+00  2.57806421e+00 
 1.74264000e-09  1.64391704e+00  1.95608296e+00  2.84385462e+00  2.57810023e+00 
 1.74314000e-09  1.64389512e+00  1.95610488e+00  2.84387736e+00  2.57813635e+00 
 1.74364000e-09  1.64387474e+00  1.95612526e+00  2.84390017e+00  2.57817259e+00 
 1.74414000e-09  1.64385590e+00  1.95614410e+00  2.84392305e+00  2.57820894e+00 
 1.74464000e-09  1.64383860e+00  1.95616140e+00  2.84394600e+00  2.57824540e+00 
 1.74514000e-09  1.64382284e+00  1.95617716e+00  2.84396900e+00  2.57828196e+00 
 1.74564000e-09  1.64380863e+00  1.95619137e+00  2.84399208e+00  2.57831864e+00 
 1.74614000e-09  1.64379595e+00  1.95620405e+00  2.84401522e+00  2.57835542e+00 
 1.74664000e-09  1.64378482e+00  1.95621518e+00  2.84403842e+00  2.57839230e+00 
 1.74714000e-09  1.64377523e+00  1.95622477e+00  2.84406169e+00  2.57842929e+00 
 1.74764000e-09  1.64376718e+00  1.95623282e+00  2.84408501e+00  2.57846639e+00 
 1.74814000e-09  1.64376067e+00  1.95623933e+00  2.84410841e+00  2.57850358e+00 
 1.74864000e-09  1.64375570e+00  1.95624430e+00  2.84413186e+00  2.57854089e+00 
 1.74914000e-09  1.64375228e+00  1.95624772e+00  2.84415538e+00  2.57857829e+00 
 1.74964000e-09  1.64375040e+00  1.95624960e+00  2.84417896e+00  2.57861580e+00 
 1.75014000e-09  1.64375006e+00  1.95624994e+00  2.84420259e+00  2.57865340e+00 
 1.75064000e-09  1.64375126e+00  1.95624874e+00  2.84422629e+00  2.57869111e+00 
 1.75114000e-09  1.64375401e+00  1.95624599e+00  2.84425005e+00  2.57872891e+00 
 1.75164000e-09  1.64375830e+00  1.95624170e+00  2.84427387e+00  2.57876682e+00 
 1.75214000e-09  1.64376412e+00  1.95623588e+00  2.84429775e+00  2.57880482e+00 
 1.75264000e-09  1.64377150e+00  1.95622850e+00  2.84432169e+00  2.57884292e+00 
 1.75314000e-09  1.64378041e+00  1.95621959e+00  2.84434568e+00  2.57888112e+00 
 1.75364000e-09  1.64379086e+00  1.95620914e+00  2.84436973e+00  2.57891941e+00 
 1.75414000e-09  1.64380286e+00  1.95619714e+00  2.84439384e+00  2.57895780e+00 
 1.75464000e-09  1.64381640e+00  1.95618360e+00  2.84441801e+00  2.57899628e+00 
 1.75514000e-09  1.64383148e+00  1.95616852e+00  2.84444224e+00  2.57903485e+00 
 1.75564000e-09  1.64384810e+00  1.95615190e+00  2.84446651e+00  2.57907352e+00 
 1.75614000e-09  1.64386626e+00  1.95613374e+00  2.84449085e+00  2.57911228e+00 
 1.75664000e-09  1.64388596e+00  1.95611404e+00  2.84451524e+00  2.57915114e+00 
 1.75714000e-09  1.64390721e+00  1.95609279e+00  2.84453969e+00  2.57919008e+00 
 1.75764000e-09  1.64392999e+00  1.95607001e+00  2.84456419e+00  2.57922911e+00 
 1.75814000e-09  1.64395432e+00  1.95604568e+00  2.84458874e+00  2.57926824e+00 
 1.75864000e-09  1.64398018e+00  1.95601982e+00  2.84461335e+00  2.57930745e+00 
 1.75914000e-09  1.64400759e+00  1.95599241e+00  2.84463801e+00  2.57934675e+00 
 1.75964000e-09  1.64403653e+00  1.95596347e+00  2.84466272e+00  2.57938614e+00 
 1.76014000e-09  1.64406701e+00  1.95593299e+00  2.84468748e+00  2.57942562e+00 
 1.76064000e-09  1.64409904e+00  1.95590096e+00  2.84471230e+00  2.57946518e+00 
 1.76114000e-09  1.64413260e+00  1.95586740e+00  2.84473717e+00  2.57950483e+00 
 1.76164000e-09  1.64416770e+00  1.95583230e+00  2.84476209e+00  2.57954456e+00 
 1.76214000e-09  1.64420434e+00  1.95579566e+00  2.84478705e+00  2.57958438e+00 
 1.76264000e-09  1.64424251e+00  1.95575749e+00  2.84481207e+00  2.57962428e+00 
 1.76314000e-09  1.64428222e+00  1.95571778e+00  2.84483714e+00  2.57966427e+00 
 1.76364000e-09  1.64432347e+00  1.95567653e+00  2.84486226e+00  2.57970434e+00 
 1.76414000e-09  1.64436626e+00  1.95563374e+00  2.84488742e+00  2.57974448e+00 
 1.76464000e-09  1.64441058e+00  1.95558942e+00  2.84491264e+00  2.57978472e+00 
 1.76514000e-09  1.64445644e+00  1.95554356e+00  2.84493790e+00  2.57982503e+00 
 1.76564000e-09  1.64450383e+00  1.95549617e+00  2.84496321e+00  2.57986542e+00 
 1.76614000e-09  1.64455276e+00  1.95544724e+00  2.84498857e+00  2.57990589e+00 
 1.76664000e-09  1.64460322e+00  1.95539678e+00  2.84501397e+00  2.57994644e+00 
 1.76714000e-09  1.64465521e+00  1.95534479e+00  2.84503942e+00  2.57998707e+00 
 1.76764000e-09  1.64470874e+00  1.95529126e+00  2.84506491e+00  2.58002777e+00 
 1.76814000e-09  1.64476380e+00  1.95523620e+00  2.84509045e+00  2.58006856e+00 
 1.76864000e-09  1.64482040e+00  1.95517960e+00  2.84511604e+00  2.58010942e+00 
 1.76914000e-09  1.64487852e+00  1.95512148e+00  2.84514167e+00  2.58015035e+00 
 1.76964000e-09  1.64493818e+00  1.95506182e+00  2.84516734e+00  2.58019136e+00 
 1.77014000e-09  1.64499936e+00  1.95500064e+00  2.84519305e+00  2.58023245e+00 
 1.77064000e-09  1.64506208e+00  1.95493792e+00  2.84521881e+00  2.58027361e+00 
 1.77114000e-09  1.64512633e+00  1.95487367e+00  2.84524462e+00  2.58031484e+00 
 1.77164000e-09  1.64519210e+00  1.95480790e+00  2.84527046e+00  2.58035614e+00 
 1.77214000e-09  1.64525940e+00  1.95474060e+00  2.84529635e+00  2.58039752e+00 
 1.77264000e-09  1.64532823e+00  1.95467177e+00  2.84532227e+00  2.58043897e+00 
 1.77314000e-09  1.64539858e+00  1.95460142e+00  2.84534824e+00  2.58048049e+00 
 1.77364000e-09  1.64547047e+00  1.95452953e+00  2.84537425e+00  2.58052208e+00 
 1.77414000e-09  1.64554387e+00  1.95445613e+00  2.84540030e+00  2.58056374e+00 
 1.77464000e-09  1.64561880e+00  1.95438120e+00  2.84542639e+00  2.58060547e+00 
 1.77514000e-09  1.64569526e+00  1.95430474e+00  2.84545252e+00  2.58064727e+00 
 1.77564000e-09  1.64577323e+00  1.95422677e+00  2.84547868e+00  2.58068914e+00 
 1.77614000e-09  1.64585273e+00  1.95414727e+00  2.84550489e+00  2.58073107e+00 
 1.77664000e-09  1.64593376e+00  1.95406624e+00  2.84553113e+00  2.58077308e+00 
 1.77714000e-09  1.64601630e+00  1.95398370e+00  2.84555741e+00  2.58081515e+00 
 1.77764000e-09  1.64610036e+00  1.95389964e+00  2.84558373e+00  2.58085728e+00 
 1.77814000e-09  1.64618594e+00  1.95381406e+00  2.84561008e+00  2.58089948e+00 
 1.77864000e-09  1.64627304e+00  1.95372696e+00  2.84563647e+00  2.58094175e+00 
 1.77914000e-09  1.64636165e+00  1.95363835e+00  2.84566290e+00  2.58098408e+00 
 1.77964000e-09  1.64645178e+00  1.95354822e+00  2.84568936e+00  2.58102647e+00 
 1.78014000e-09  1.64654343e+00  1.95345657e+00  2.84571585e+00  2.58106893e+00 
 1.78064000e-09  1.64663659e+00  1.95336341e+00  2.84574239e+00  2.58111145e+00 
 1.78114000e-09  1.64673127e+00  1.95326873e+00  2.84576895e+00  2.58115403e+00 
 1.78164000e-09  1.64682746e+00  1.95317254e+00  2.84579555e+00  2.58119668e+00 
 1.78214000e-09  1.64692516e+00  1.95307484e+00  2.84582218e+00  2.58123938e+00 
 1.78264000e-09  1.64702437e+00  1.95297563e+00  2.84584884e+00  2.58128215e+00 
 1.78314000e-09  1.64712509e+00  1.95287491e+00  2.84587554e+00  2.58132498e+00 
 1.78364000e-09  1.64722732e+00  1.95277268e+00  2.84590227e+00  2.58136786e+00 
 1.78414000e-09  1.64733105e+00  1.95266895e+00  2.84592903e+00  2.58141081e+00 
 1.78464000e-09  1.64743630e+00  1.95256370e+00  2.84595582e+00  2.58145382e+00 
 1.78514000e-09  1.64754305e+00  1.95245695e+00  2.84598264e+00  2.58149688e+00 
 1.78564000e-09  1.64765130e+00  1.95234870e+00  2.84600949e+00  2.58154000e+00 
 1.78614000e-09  1.64776106e+00  1.95223894e+00  2.84603637e+00  2.58158318e+00 
 1.78664000e-09  1.64787232e+00  1.95212768e+00  2.84606328e+00  2.58162641e+00 
 1.78714000e-09  1.64798508e+00  1.95201492e+00  2.84609022e+00  2.58166971e+00 
 1.78764000e-09  1.64809934e+00  1.95190066e+00  2.84611719e+00  2.58171305e+00 
 1.78814000e-09  1.64821511e+00  1.95178489e+00  2.84614419e+00  2.58175646e+00 
 1.78864000e-09  1.64833237e+00  1.95166763e+00  2.84617121e+00  2.58179991e+00 
 1.78914000e-09  1.64845112e+00  1.95154888e+00  2.84619826e+00  2.58184343e+00 
 1.78964000e-09  1.64857137e+00  1.95142863e+00  2.84622533e+00  2.58188699e+00 
 1.79014000e-09  1.64869312e+00  1.95130688e+00  2.84625244e+00  2.58193061e+00 
 1.79064000e-09  1.64881636e+00  1.95118364e+00  2.84627957e+00  2.58197428e+00 
 1.79114000e-09  1.64894109e+00  1.95105891e+00  2.84630672e+00  2.58201801e+00 
 1.79164000e-09  1.64906732e+00  1.95093268e+00  2.84633390e+00  2.58206179e+00 
 1.79214000e-09  1.64919503e+00  1.95080497e+00  2.84636110e+00  2.58210562e+00 
 1.79264000e-09  1.64932423e+00  1.95067577e+00  2.84638832e+00  2.58214950e+00 
 1.79314000e-09  1.64945492e+00  1.95054508e+00  2.84641557e+00  2.58219343e+00 
 1.79364000e-09  1.64958709e+00  1.95041291e+00  2.84644284e+00  2.58223741e+00 
 1.79414000e-09  1.64972075e+00  1.95027925e+00  2.84647014e+00  2.58228144e+00 
 1.79464000e-09  1.64985589e+00  1.95014411e+00  2.84649745e+00  2.58232552e+00 
 1.79514000e-09  1.64999252e+00  1.95000748e+00  2.84652479e+00  2.58236965e+00 
 1.79564000e-09  1.65013062e+00  1.94986938e+00  2.84655215e+00  2.58241383e+00 
 1.79614000e-09  1.65027020e+00  1.94972980e+00  2.84657953e+00  2.58245806e+00 
 1.79664000e-09  1.65041126e+00  1.94958874e+00  2.84660693e+00  2.58250234e+00 
 1.79714000e-09  1.65055380e+00  1.94944620e+00  2.84663435e+00  2.58254666e+00 
 1.79764000e-09  1.65069781e+00  1.94930219e+00  2.84666178e+00  2.58259103e+00 
 1.79814000e-09  1.65084330e+00  1.94915670e+00  2.84668924e+00  2.58263545e+00 
 1.79864000e-09  1.65099026e+00  1.94900974e+00  2.84671671e+00  2.58267991e+00 
 1.79914000e-09  1.65113869e+00  1.94886131e+00  2.84674420e+00  2.58272442e+00 
 1.79964000e-09  1.65128858e+00  1.94871142e+00  2.84677171e+00  2.58276897e+00 
 1.80014000e-09  1.65143995e+00  1.94856005e+00  2.84679924e+00  2.58281357e+00 
 1.80064000e-09  1.65159278e+00  1.94840722e+00  2.84682678e+00  2.58285822e+00 
 1.80114000e-09  1.65174708e+00  1.94825292e+00  2.84685433e+00  2.58290291e+00 
 1.80164000e-09  1.65190284e+00  1.94809716e+00  2.84688191e+00  2.58294764e+00 
 1.80214000e-09  1.65206006e+00  1.94793994e+00  2.84690949e+00  2.58299242e+00 
 1.80264000e-09  1.65221874e+00  1.94778126e+00  2.84693709e+00  2.58303724e+00 
 1.80314000e-09  1.65237888e+00  1.94762112e+00  2.84696470e+00  2.58308210e+00 
 1.80364000e-09  1.65254048e+00  1.94745952e+00  2.84699233e+00  2.58312701e+00 
 1.80414000e-09  1.65270353e+00  1.94729647e+00  2.84701997e+00  2.58317196e+00 
 1.80464000e-09  1.65286804e+00  1.94713196e+00  2.84704762e+00  2.58321695e+00 
 1.80514000e-09  1.65303399e+00  1.94696601e+00  2.84707528e+00  2.58326198e+00 
 1.80564000e-09  1.65320140e+00  1.94679860e+00  2.84710295e+00  2.58330706e+00 
 1.80614000e-09  1.65337026e+00  1.94662974e+00  2.84713063e+00  2.58335218e+00 
 1.80664000e-09  1.65354057e+00  1.94645943e+00  2.84715832e+00  2.58339733e+00 
 1.80714000e-09  1.65371232e+00  1.94628768e+00  2.84718602e+00  2.58344253e+00 
 1.80764000e-09  1.65388551e+00  1.94611449e+00  2.84721373e+00  2.58348777e+00 
 1.80814000e-09  1.65406015e+00  1.94593985e+00  2.84724145e+00  2.58353305e+00 
 1.80864000e-09  1.65423622e+00  1.94576378e+00  2.84726917e+00  2.58357837e+00 
 1.80914000e-09  1.65441374e+00  1.94558626e+00  2.84729690e+00  2.58362372e+00 
 1.80964000e-09  1.65459269e+00  1.94540731e+00  2.84732463e+00  2.58366912e+00 
 1.81014000e-09  1.65477308e+00  1.94522692e+00  2.84735238e+00  2.58371456e+00 
 1.81064000e-09  1.65495490e+00  1.94504510e+00  2.84738012e+00  2.58376003e+00 
 1.81114000e-09  1.65513815e+00  1.94486185e+00  2.84740787e+00  2.58380555e+00 
 1.81164000e-09  1.65532283e+00  1.94467717e+00  2.84743563e+00  2.58385110e+00 
 1.81214000e-09  1.65550894e+00  1.94449106e+00  2.84746338e+00  2.58389669e+00 
 1.81264000e-09  1.65569648e+00  1.94430352e+00  2.84749114e+00  2.58394232e+00 
 1.81314000e-09  1.65588544e+00  1.94411456e+00  2.84751890e+00  2.58398798e+00 
 1.81364000e-09  1.65607582e+00  1.94392418e+00  2.84754666e+00  2.58403369e+00 
 1.81414000e-09  1.65626762e+00  1.94373238e+00  2.84757442e+00  2.58407943e+00 
 1.81464000e-09  1.65646084e+00  1.94353916e+00  2.84760218e+00  2.58412521e+00 
 1.81514000e-09  1.65665548e+00  1.94334452e+00  2.84762994e+00  2.58417103e+00 
 1.81564000e-09  1.65685153e+00  1.94314847e+00  2.84765770e+00  2.58421688e+00 
 1.81614000e-09  1.65704900e+00  1.94295100e+00  2.84768545e+00  2.58426277e+00 
 1.81664000e-09  1.65724788e+00  1.94275212e+00  2.84771321e+00  2.58430870e+00 
 1.81714000e-09  1.65744816e+00  1.94255184e+00  2.84774095e+00  2.58435466e+00 
 1.81764000e-09  1.65764985e+00  1.94235015e+00  2.84776870e+00  2.58440066e+00 
 1.81814000e-09  1.65785295e+00  1.94214705e+00  2.84779643e+00  2.58444670e+00 
 1.81864000e-09  1.65805745e+00  1.94194255e+00  2.84782416e+00  2.58449277e+00 
 1.81914000e-09  1.65826335e+00  1.94173665e+00  2.84785189e+00  2.58453888e+00 
 1.81964000e-09  1.65847065e+00  1.94152935e+00  2.84787960e+00  2.58458503e+00 
 1.82014000e-09  1.65867935e+00  1.94132065e+00  2.84790731e+00  2.58463121e+00 
 1.82064000e-09  1.65888944e+00  1.94111056e+00  2.84793501e+00  2.58467743e+00 
 1.82114000e-09  1.65910092e+00  1.94089908e+00  2.84796269e+00  2.58472369e+00 
 1.82164000e-09  1.65931380e+00  1.94068620e+00  2.84799037e+00  2.58476998e+00 
 1.82214000e-09  1.65952806e+00  1.94047194e+00  2.84801803e+00  2.58481631e+00 
 1.82264000e-09  1.65974371e+00  1.94025629e+00  2.84804568e+00  2.58486267e+00 
 1.82314000e-09  1.65996075e+00  1.94003925e+00  2.84807332e+00  2.58490907e+00 
 1.82364000e-09  1.66017916e+00  1.93982084e+00  2.84810094e+00  2.58495551e+00 
 1.82414000e-09  1.66039896e+00  1.93960104e+00  2.84812855e+00  2.58500199e+00 
 1.82464000e-09  1.66062013e+00  1.93937987e+00  2.84815614e+00  2.58504850e+00 
 1.82514000e-09  1.66084268e+00  1.93915732e+00  2.84818371e+00  2.58509504e+00 
 1.82564000e-09  1.66106661e+00  1.93893339e+00  2.84821126e+00  2.58514163e+00 
 1.82614000e-09  1.66129190e+00  1.93870810e+00  2.84823879e+00  2.58518825e+00 
 1.82664000e-09  1.66151856e+00  1.93848144e+00  2.84826631e+00  2.58523491e+00 
 1.82714000e-09  1.66174659e+00  1.93825341e+00  2.84829380e+00  2.58528161e+00 
 1.82764000e-09  1.66197599e+00  1.93802401e+00  2.84832127e+00  2.58532834e+00 
 1.82814000e-09  1.66220674e+00  1.93779326e+00  2.84834871e+00  2.58537511e+00 
 1.82864000e-09  1.66243886e+00  1.93756114e+00  2.84837613e+00  2.58542192e+00 
 1.82914000e-09  1.66267234e+00  1.93732766e+00  2.84840352e+00  2.58546877e+00 
 1.82964000e-09  1.66290717e+00  1.93709283e+00  2.84843089e+00  2.58551566e+00 
 1.83014000e-09  1.66314335e+00  1.93685665e+00  2.84845823e+00  2.58556258e+00 
 1.83064000e-09  1.66338088e+00  1.93661912e+00  2.84848553e+00  2.58560955e+00 
 1.83114000e-09  1.66361976e+00  1.93638024e+00  2.84851281e+00  2.58565655e+00 
 1.83164000e-09  1.66385999e+00  1.93614001e+00  2.84854006e+00  2.58570360e+00 
 1.83214000e-09  1.66410156e+00  1.93589844e+00  2.84856727e+00  2.58575068e+00 
 1.83264000e-09  1.66434448e+00  1.93565552e+00  2.84859445e+00  2.58579781e+00 
 1.83314000e-09  1.66458873e+00  1.93541127e+00  2.84862159e+00  2.58584498e+00 
 1.83364000e-09  1.66483432e+00  1.93516568e+00  2.84864869e+00  2.58589219e+00 
 1.83414000e-09  1.66508124e+00  1.93491876e+00  2.84867575e+00  2.58593944e+00 
 1.83464000e-09  1.66532949e+00  1.93467051e+00  2.84870278e+00  2.58598673e+00 
 1.83514000e-09  1.66557908e+00  1.93442092e+00  2.84872976e+00  2.58603407e+00 
 1.83564000e-09  1.66582998e+00  1.93417002e+00  2.84875670e+00  2.58608146e+00 
 1.83614000e-09  1.66608222e+00  1.93391778e+00  2.84878360e+00  2.58612888e+00 
 1.83664000e-09  1.66633577e+00  1.93366423e+00  2.84881044e+00  2.58617636e+00 
 1.83714000e-09  1.66659065e+00  1.93340935e+00  2.84883724e+00  2.58622387e+00 
 1.83764000e-09  1.66684684e+00  1.93315316e+00  2.84886400e+00  2.58627144e+00 
 1.83814000e-09  1.66710435e+00  1.93289565e+00  2.84889069e+00  2.58631905e+00 
 1.83864000e-09  1.66736316e+00  1.93263684e+00  2.84891734e+00  2.58636671e+00 
 1.83914000e-09  1.66762329e+00  1.93237671e+00  2.84894393e+00  2.58641443e+00 
 1.83964000e-09  1.66788472e+00  1.93211528e+00  2.84897047e+00  2.58646219e+00 
 1.84014000e-09  1.66814746e+00  1.93185254e+00  2.84899694e+00  2.58651000e+00 
 1.84064000e-09  1.66841150e+00  1.93158850e+00  2.84902336e+00  2.58655786e+00 
 1.84114000e-09  1.66867683e+00  1.93132317e+00  2.84904972e+00  2.58660578e+00 
 1.84164000e-09  1.66894347e+00  1.93105653e+00  2.84907600e+00  2.58665375e+00 
 1.84214000e-09  1.66921139e+00  1.93078861e+00  2.84910223e+00  2.58670178e+00 
 1.84264000e-09  1.66948061e+00  1.93051939e+00  2.84912838e+00  2.58674986e+00 
 1.84314000e-09  1.66975112e+00  1.93024888e+00  2.84915447e+00  2.58679800e+00 
 1.84364000e-09  1.67002291e+00  1.92997709e+00  2.84918048e+00  2.58684620e+00 
 1.84414000e-09  1.67029598e+00  1.92970402e+00  2.84920641e+00  2.58689446e+00 
 1.84464000e-09  1.67057033e+00  1.92942967e+00  2.84923227e+00  2.58694278e+00 
 1.84514000e-09  1.67084597e+00  1.92915403e+00  2.84925805e+00  2.58699116e+00 
 1.84564000e-09  1.67112287e+00  1.92887713e+00  2.84928375e+00  2.58703961e+00 
 1.84614000e-09  1.67140105e+00  1.92859895e+00  2.84930936e+00  2.58708812e+00 
 1.84664000e-09  1.67168050e+00  1.92831950e+00  2.84933488e+00  2.58713670e+00 
 1.84714000e-09  1.67196121e+00  1.92803879e+00  2.84936031e+00  2.58718535e+00 
 1.84764000e-09  1.67224319e+00  1.92775681e+00  2.84938566e+00  2.58723407e+00 
 1.84814000e-09  1.67252643e+00  1.92747357e+00  2.84941090e+00  2.58728286e+00 
 1.84864000e-09  1.67281092e+00  1.92718908e+00  2.84943605e+00  2.58733173e+00 
 1.84914000e-09  1.67309667e+00  1.92690333e+00  2.84946109e+00  2.58738067e+00 
 1.84964000e-09  1.67338368e+00  1.92661632e+00  2.84948603e+00  2.58742969e+00 
 1.85014000e-09  1.67367193e+00  1.92632807e+00  2.84951086e+00  2.58747879e+00 
 1.85064000e-09  1.67396143e+00  1.92603857e+00  2.84953558e+00  2.58752797e+00 
 1.85114000e-09  1.67425218e+00  1.92574782e+00  2.84956019e+00  2.58757724e+00 
 1.85164000e-09  1.67454416e+00  1.92545584e+00  2.84958468e+00  2.58762659e+00 
 1.85214000e-09  1.67483739e+00  1.92516261e+00  2.84960904e+00  2.58767603e+00 
 1.85264000e-09  1.67513185e+00  1.92486815e+00  2.84963328e+00  2.58772557e+00 
 1.85314000e-09  1.67542754e+00  1.92457246e+00  2.84965740e+00  2.58777520e+00 
 1.85364000e-09  1.67572446e+00  1.92427554e+00  2.84968138e+00  2.58782492e+00 
 1.85414000e-09  1.67602260e+00  1.92397740e+00  2.84970522e+00  2.58787474e+00 
 1.85464000e-09  1.67632198e+00  1.92367802e+00  2.84972893e+00  2.58792467e+00 
 1.85514000e-09  1.67662257e+00  1.92337743e+00  2.84975248e+00  2.58797470e+00 
 1.85564000e-09  1.67692438e+00  1.92307562e+00  2.84977589e+00  2.58802484e+00 
 1.85614000e-09  1.67722740e+00  1.92277260e+00  2.84979915e+00  2.58807509e+00 
 1.85664000e-09  1.67753164e+00  1.92246836e+00  2.84982225e+00  2.58812545e+00 
 1.85714000e-09  1.67783708e+00  1.92216292e+00  2.84984519e+00  2.58817594e+00 
 1.85764000e-09  1.67814373e+00  1.92185627e+00  2.84986795e+00  2.58822654e+00 
 1.85814000e-09  1.67845159e+00  1.92154841e+00  2.84989055e+00  2.58827727e+00 
 1.85864000e-09  1.67876064e+00  1.92123936e+00  2.84991297e+00  2.58832812e+00 
 1.85914000e-09  1.67907089e+00  1.92092911e+00  2.84993521e+00  2.58837911e+00 
 1.85964000e-09  1.67938233e+00  1.92061767e+00  2.84995725e+00  2.58843024e+00 
 1.86014000e-09  1.67969496e+00  1.92030504e+00  2.84997911e+00  2.58848150e+00 
 1.86064000e-09  1.68000878e+00  1.91999122e+00  2.85000076e+00  2.58853291e+00 
 1.86114000e-09  1.68032379e+00  1.91967621e+00  2.85002221e+00  2.58858447e+00 
 1.86164000e-09  1.68063997e+00  1.91936003e+00  2.85004345e+00  2.58863618e+00 
 1.86214000e-09  1.68095734e+00  1.91904266e+00  2.85006447e+00  2.58868805e+00 
 1.86264000e-09  1.68127588e+00  1.91872412e+00  2.85008527e+00  2.58874009e+00 
 1.86314000e-09  1.68159559e+00  1.91840441e+00  2.85010583e+00  2.58879229e+00 
 1.86364000e-09  1.68191647e+00  1.91808353e+00  2.85012616e+00  2.58884466e+00 
 1.86414000e-09  1.68223851e+00  1.91776149e+00  2.85014624e+00  2.58889722e+00 
 1.86464000e-09  1.68256172e+00  1.91743828e+00  2.85016607e+00  2.58894995e+00 
 1.86514000e-09  1.68288608e+00  1.91711392e+00  2.85018565e+00  2.58900288e+00 
 1.86564000e-09  1.68321161e+00  1.91678839e+00  2.85020495e+00  2.58905600e+00 
 1.86614000e-09  1.68353828e+00  1.91646172e+00  2.85022398e+00  2.58910933e+00 
 1.86664000e-09  1.68386610e+00  1.91613390e+00  2.85024273e+00  2.58916286e+00 
 1.86714000e-09  1.68419508e+00  1.91580492e+00  2.85026118e+00  2.58921661e+00 
 1.86764000e-09  1.68452519e+00  1.91547481e+00  2.85027934e+00  2.58927058e+00 
 1.86814000e-09  1.68485644e+00  1.91514356e+00  2.85029718e+00  2.58932478e+00 
 1.86864000e-09  1.68518883e+00  1.91481117e+00  2.85031471e+00  2.58937921e+00 
 1.86914000e-09  1.68552235e+00  1.91447765e+00  2.85033191e+00  2.58943389e+00 
 1.86964000e-09  1.68585700e+00  1.91414300e+00  2.85034877e+00  2.58948882e+00 
 1.87014000e-09  1.68619278e+00  1.91380722e+00  2.85036528e+00  2.58954400e+00 
 1.87064000e-09  1.68652969e+00  1.91347031e+00  2.85038144e+00  2.58959946e+00 
 1.87114000e-09  1.68686771e+00  1.91313229e+00  2.85039722e+00  2.58965519e+00 
 1.87164000e-09  1.68720685e+00  1.91279315e+00  2.85041263e+00  2.58971120e+00 
 1.87214000e-09  1.68754710e+00  1.91245290e+00  2.85042764e+00  2.58976751e+00 
 1.87264000e-09  1.68788846e+00  1.91211154e+00  2.85044225e+00  2.58982412e+00 
 1.87314000e-09  1.68823093e+00  1.91176907e+00  2.85045645e+00  2.58988104e+00 
 1.87364000e-09  1.68857450e+00  1.91142550e+00  2.85047022e+00  2.58993828e+00 
 1.87414000e-09  1.68891917e+00  1.91108083e+00  2.85048354e+00  2.58999586e+00 
 1.87464000e-09  1.68926494e+00  1.91073506e+00  2.85049642e+00  2.59005378e+00 
 1.87514000e-09  1.68961180e+00  1.91038820e+00  2.85050882e+00  2.59011206e+00 
 1.87564000e-09  1.68995975e+00  1.91004025e+00  2.85052074e+00  2.59017070e+00 
 1.87614000e-09  1.69030878e+00  1.90969122e+00  2.85053217e+00  2.59022972e+00 
 1.87664000e-09  1.69065890e+00  1.90934110e+00  2.85054309e+00  2.59028912e+00 
 1.87714000e-09  1.69101010e+00  1.90898990e+00  2.85055348e+00  2.59034893e+00 
 1.87764000e-09  1.69136237e+00  1.90863763e+00  2.85056332e+00  2.59040916e+00 
 1.87814000e-09  1.69171572e+00  1.90828428e+00  2.85057261e+00  2.59046981e+00 
 1.87864000e-09  1.69207013e+00  1.90792987e+00  2.85058132e+00  2.59053090e+00 
 1.87914000e-09  1.69242561e+00  1.90757439e+00  2.85058944e+00  2.59059245e+00 
 1.87964000e-09  1.69278215e+00  1.90721785e+00  2.85059695e+00  2.59065447e+00 
 1.88014000e-09  1.69313975e+00  1.90686025e+00  2.85060382e+00  2.59071698e+00 
 1.88064000e-09  1.69349840e+00  1.90650160e+00  2.85061005e+00  2.59077998e+00 
 1.88114000e-09  1.69385811e+00  1.90614189e+00  2.85061561e+00  2.59084351e+00 
 1.88164000e-09  1.69421886e+00  1.90578114e+00  2.85062049e+00  2.59090757e+00 
 1.88214000e-09  1.69458066e+00  1.90541934e+00  2.85062465e+00  2.59097217e+00 
 1.88264000e-09  1.69494349e+00  1.90505651e+00  2.85062808e+00  2.59103735e+00 
 1.88314000e-09  1.69530737e+00  1.90469263e+00  2.85063076e+00  2.59110311e+00 
 1.88364000e-09  1.69567227e+00  1.90432773e+00  2.85063267e+00  2.59116948e+00 
 1.88414000e-09  1.69603821e+00  1.90396179e+00  2.85063377e+00  2.59123648e+00 
 1.88464000e-09  1.69640517e+00  1.90359483e+00  2.85063405e+00  2.59130411e+00 
 1.88514000e-09  1.69677316e+00  1.90322684e+00  2.85063349e+00  2.59137242e+00 
 1.88564000e-09  1.69714216e+00  1.90285784e+00  2.85063205e+00  2.59144141e+00 
 1.88614000e-09  1.69751218e+00  1.90248782e+00  2.85062971e+00  2.59151110e+00 
 1.88664000e-09  1.69788321e+00  1.90211679e+00  2.85062645e+00  2.59158153e+00 
 1.88714000e-09  1.69825525e+00  1.90174475e+00  2.85062223e+00  2.59165271e+00 
 1.88764000e-09  1.69862830e+00  1.90137170e+00  2.85061702e+00  2.59172467e+00 
 1.88814000e-09  1.69900234e+00  1.90099766e+00  2.85061080e+00  2.59179743e+00 
 1.88864000e-09  1.69937738e+00  1.90062262e+00  2.85060354e+00  2.59187102e+00 
 1.88914000e-09  1.69975341e+00  1.90024659e+00  2.85059521e+00  2.59194546e+00 
 1.88964000e-09  1.70013043e+00  1.89986957e+00  2.85058577e+00  2.59202078e+00 
 1.89014000e-09  1.70050844e+00  1.89949156e+00  2.85057519e+00  2.59209701e+00 
 1.89064000e-09  1.70088743e+00  1.89911257e+00  2.85056343e+00  2.59217417e+00 
 1.89114000e-09  1.70126740e+00  1.89873260e+00  2.85055046e+00  2.59225230e+00 
 1.89164000e-09  1.70164834e+00  1.89835166e+00  2.85053625e+00  2.59233143e+00 
 1.89214000e-09  1.70203026e+00  1.89796974e+00  2.85052076e+00  2.59241158e+00 
 1.89264000e-09  1.70241314e+00  1.89758686e+00  2.85050395e+00  2.59249279e+00 
 1.89314000e-09  1.70279698e+00  1.89720302e+00  2.85048578e+00  2.59257510e+00 
 1.89364000e-09  1.70318179e+00  1.89681821e+00  2.85046620e+00  2.59265853e+00 
 1.89414000e-09  1.70356754e+00  1.89643246e+00  2.85044519e+00  2.59274311e+00 
 1.89464000e-09  1.70395425e+00  1.89604575e+00  2.85042270e+00  2.59282890e+00 
 1.89514000e-09  1.70434191e+00  1.89565809e+00  2.85039867e+00  2.59291591e+00 
 1.89564000e-09  1.70473051e+00  1.89526949e+00  2.85037308e+00  2.59300420e+00 
 1.89614000e-09  1.70512006e+00  1.89487994e+00  2.85034587e+00  2.59309380e+00 
 1.89664000e-09  1.70551054e+00  1.89448946e+00  2.85031699e+00  2.59318474e+00 
 1.89714000e-09  1.70590195e+00  1.89409805e+00  2.85028641e+00  2.59327707e+00 
 1.89764000e-09  1.70629429e+00  1.89370571e+00  2.85025406e+00  2.59337084e+00 
 1.89814000e-09  1.70668755e+00  1.89331245e+00  2.85021989e+00  2.59346607e+00 
 1.89864000e-09  1.70708174e+00  1.89291826e+00  2.85018386e+00  2.59356283e+00 
 1.89914000e-09  1.70747684e+00  1.89252316e+00  2.85014592e+00  2.59366115e+00 
 1.89964000e-09  1.70787286e+00  1.89212714e+00  2.85010600e+00  2.59376108e+00 
 1.90014000e-09  1.70826978e+00  1.89173022e+00  2.85006405e+00  2.59386267e+00 
 1.90064000e-09  1.70866762e+00  1.89133238e+00  2.85002002e+00  2.59396597e+00 
 1.90114000e-09  1.70906635e+00  1.89093365e+00  2.84997384e+00  2.59407102e+00 
 1.90164000e-09  1.70946598e+00  1.89053402e+00  2.84992545e+00  2.59417788e+00 
 1.90214000e-09  1.70986650e+00  1.89013350e+00  2.84987480e+00  2.59428661e+00 
 1.90264000e-09  1.71026791e+00  1.88973209e+00  2.84982182e+00  2.59439724e+00 
 1.90314000e-09  1.71067021e+00  1.88932979e+00  2.84976644e+00  2.59450985e+00 
 1.90364000e-09  1.71107339e+00  1.88892661e+00  2.84970860e+00  2.59462448e+00 
 1.90414000e-09  1.71147745e+00  1.88852255e+00  2.84964824e+00  2.59474120e+00 
 1.90464000e-09  1.71188238e+00  1.88811762e+00  2.84958529e+00  2.59486006e+00 
 1.90514000e-09  1.71228818e+00  1.88771182e+00  2.84951966e+00  2.59498112e+00 
 1.90564000e-09  1.71269485e+00  1.88730515e+00  2.84945130e+00  2.59510444e+00 
 1.90614000e-09  1.71310238e+00  1.88689762e+00  2.84938014e+00  2.59523010e+00 
 1.90664000e-09  1.71351077e+00  1.88648923e+00  2.84930609e+00  2.59535814e+00 
 1.90714000e-09  1.71392001e+00  1.88607999e+00  2.84922907e+00  2.59548864e+00 
 1.90764000e-09  1.71433010e+00  1.88566990e+00  2.84914903e+00  2.59562166e+00 
 1.90814000e-09  1.71474103e+00  1.88525897e+00  2.84906587e+00  2.59575728e+00 
 1.90864000e-09  1.71515281e+00  1.88484719e+00  2.84897951e+00  2.59589556e+00 
 1.90914000e-09  1.71556542e+00  1.88443458e+00  2.84888988e+00  2.59603656e+00 
 1.90964000e-09  1.71597887e+00  1.88402113e+00  2.84879689e+00  2.59618037e+00 
 1.91014000e-09  1.71639314e+00  1.88360686e+00  2.84870046e+00  2.59632706e+00 
 1.91064000e-09  1.71680825e+00  1.88319175e+00  2.84860050e+00  2.59647670e+00 
 1.91114000e-09  1.71722417e+00  1.88277583e+00  2.84849693e+00  2.59662936e+00 
 1.91164000e-09  1.71764091e+00  1.88235909e+00  2.84838965e+00  2.59678513e+00 
 1.91214000e-09  1.71805846e+00  1.88194154e+00  2.84827859e+00  2.59694407e+00 
 1.91264000e-09  1.71847682e+00  1.88152318e+00  2.84816365e+00  2.59710628e+00 
 1.91314000e-09  1.71889599e+00  1.88110401e+00  2.84804473e+00  2.59727183e+00 
 1.91364000e-09  1.71931595e+00  1.88068405e+00  2.84792176e+00  2.59744080e+00 
 1.91414000e-09  1.71973672e+00  1.88026328e+00  2.84779462e+00  2.59761327e+00 
 1.91464000e-09  1.72015827e+00  1.87984173e+00  2.84766324e+00  2.59778933e+00 
 1.91514000e-09  1.72058061e+00  1.87941939e+00  2.84752751e+00  2.59796907e+00 
 1.91564000e-09  1.72100374e+00  1.87899626e+00  2.84738734e+00  2.59815255e+00 
 1.91614000e-09  1.72142765e+00  1.87857235e+00  2.84724263e+00  2.59833989e+00 
 1.91664000e-09  1.72185233e+00  1.87814767e+00  2.84709328e+00  2.59853115e+00 
 1.91714000e-09  1.72227778e+00  1.87772222e+00  2.84693920e+00  2.59872643e+00 
 1.91764000e-09  1.72270400e+00  1.87729600e+00  2.84678029e+00  2.59892582e+00 
 1.91814000e-09  1.72313098e+00  1.87686902e+00  2.84661645e+00  2.59912940e+00 
 1.91864000e-09  1.72355873e+00  1.87644127e+00  2.84644757e+00  2.59933727e+00 
 1.91914000e-09  1.72398722e+00  1.87601278e+00  2.84627357e+00  2.59954951e+00 
 1.91964000e-09  1.72441647e+00  1.87558353e+00  2.84609433e+00  2.59976622e+00 
 1.92014000e-09  1.72484646e+00  1.87515354e+00  2.84590976e+00  2.59998748e+00 
 1.92064000e-09  1.72527720e+00  1.87472280e+00  2.84571976e+00  2.60021339e+00 
 1.92114000e-09  1.72570867e+00  1.87429133e+00  2.84552422e+00  2.60044405e+00 
 1.92164000e-09  1.72614087e+00  1.87385913e+00  2.84532305e+00  2.60067953e+00 
 1.92214000e-09  1.72657381e+00  1.87342619e+00  2.84511615e+00  2.60091993e+00 
 1.92264000e-09  1.72700746e+00  1.87299254e+00  2.84490342e+00  2.60116535e+00 
 1.92314000e-09  1.72744184e+00  1.87255816e+00  2.84468475e+00  2.60141588e+00 
 1.92364000e-09  1.72787694e+00  1.87212306e+00  2.84446005e+00  2.60167160e+00 
 1.92414000e-09  1.72831274e+00  1.87168726e+00  2.84422923e+00  2.60193261e+00 
 1.92464000e-09  1.72874926e+00  1.87125074e+00  2.84399217e+00  2.60219900e+00 
 1.92514000e-09  1.72918648e+00  1.87081352e+00  2.84374880e+00  2.60247085e+00 
 1.92564000e-09  1.72962439e+00  1.87037561e+00  2.84349901e+00  2.60274827e+00 
 1.92614000e-09  1.73006300e+00  1.86993700e+00  2.84324270e+00  2.60303132e+00 
 1.92664000e-09  1.73050230e+00  1.86949770e+00  2.84297979e+00  2.60332012e+00 
 1.92714000e-09  1.73094229e+00  1.86905771e+00  2.84271019e+00  2.60361473e+00 
 1.92764000e-09  1.73138296e+00  1.86861704e+00  2.84243379e+00  2.60391525e+00 
 1.92814000e-09  1.73182431e+00  1.86817569e+00  2.84215053e+00  2.60422175e+00 
 1.92864000e-09  1.73226633e+00  1.86773367e+00  2.84186029e+00  2.60453434e+00 
 1.92914000e-09  1.73270901e+00  1.86729099e+00  2.84156301e+00  2.60485308e+00 
 1.92964000e-09  1.73315236e+00  1.86684764e+00  2.84125860e+00  2.60517805e+00 
 1.93014000e-09  1.73359638e+00  1.86640362e+00  2.84094698e+00  2.60550934e+00 
 1.93064000e-09  1.73404104e+00  1.86595896e+00  2.84062806e+00  2.60584703e+00 
 1.93114000e-09  1.73448636e+00  1.86551364e+00  2.84030177e+00  2.60619118e+00 
 1.93164000e-09  1.73493232e+00  1.86506768e+00  2.83996804e+00  2.60654188e+00 
 1.93214000e-09  1.73537893e+00  1.86462107e+00  2.83962679e+00  2.60689919e+00 
 1.93264000e-09  1.73582617e+00  1.86417383e+00  2.83927796e+00  2.60726319e+00 
 1.93314000e-09  1.73627405e+00  1.86372595e+00  2.83892147e+00  2.60763394e+00 
 1.93364000e-09  1.73672256e+00  1.86327744e+00  2.83855726e+00  2.60801151e+00 
 1.93414000e-09  1.73717169e+00  1.86282831e+00  2.83818527e+00  2.60839597e+00 
 1.93464000e-09  1.73762144e+00  1.86237856e+00  2.83780544e+00  2.60878736e+00 
 1.93514000e-09  1.73807181e+00  1.86192819e+00  2.83741771e+00  2.60918576e+00 
 1.93564000e-09  1.73852278e+00  1.86147722e+00  2.83702204e+00  2.60959122e+00 
 1.93614000e-09  1.73897437e+00  1.86102563e+00  2.83661836e+00  2.61000380e+00 
 1.93664000e-09  1.73942656e+00  1.86057344e+00  2.83620663e+00  2.61042353e+00 
 1.93714000e-09  1.73987934e+00  1.86012066e+00  2.83578681e+00  2.61085048e+00 
 1.93764000e-09  1.74033272e+00  1.85966728e+00  2.83535886e+00  2.61128469e+00 
 1.93814000e-09  1.74078669e+00  1.85921331e+00  2.83492274e+00  2.61172621e+00 
 1.93864000e-09  1.74124124e+00  1.85875876e+00  2.83447840e+00  2.61217506e+00 
 1.93914000e-09  1.74169637e+00  1.85830363e+00  2.83402584e+00  2.61263130e+00 
 1.93964000e-09  1.74215208e+00  1.85784792e+00  2.83356500e+00  2.61309496e+00 
 1.94014000e-09  1.74260835e+00  1.85739165e+00  2.83309587e+00  2.61356606e+00 
 1.94064000e-09  1.74306520e+00  1.85693480e+00  2.83261843e+00  2.61404464e+00 
 1.94114000e-09  1.74352260e+00  1.85647740e+00  2.83213266e+00  2.61453073e+00 
 1.94164000e-09  1.74398057e+00  1.85601943e+00  2.83163854e+00  2.61502434e+00 
 1.94214000e-09  1.74443908e+00  1.85556092e+00  2.83113607e+00  2.61552551e+00 
 1.94264000e-09  1.74489815e+00  1.85510185e+00  2.83062522e+00  2.61603424e+00 
 1.94314000e-09  1.74535776e+00  1.85464224e+00  2.83010601e+00  2.61655055e+00 
 1.94364000e-09  1.74581791e+00  1.85418209e+00  2.82957842e+00  2.61707446e+00 
 1.94414000e-09  1.74627859e+00  1.85372141e+00  2.82904246e+00  2.61760597e+00 
 1.94464000e-09  1.74673980e+00  1.85326020e+00  2.82849813e+00  2.61814509e+00 
 1.94514000e-09  1.74720154e+00  1.85279846e+00  2.82794545e+00  2.61869183e+00 
 1.94564000e-09  1.74766380e+00  1.85233620e+00  2.82738441e+00  2.61924618e+00 
 1.94614000e-09  1.74812658e+00  1.85187342e+00  2.82681505e+00  2.61980815e+00 
 1.94664000e-09  1.74858986e+00  1.85141014e+00  2.82623737e+00  2.62037773e+00 
 1.94714000e-09  1.74905366e+00  1.85094634e+00  2.82565139e+00  2.62095491e+00 
 1.94764000e-09  1.74951796e+00  1.85048204e+00  2.82505714e+00  2.62153968e+00 
 1.94814000e-09  1.74998275e+00  1.85001725e+00  2.82445465e+00  2.62213204e+00 
 1.94864000e-09  1.75044804e+00  1.84955196e+00  2.82384394e+00  2.62273196e+00 
 1.94914000e-09  1.75091382e+00  1.84908618e+00  2.82322505e+00  2.62333943e+00 
 1.94964000e-09  1.75138009e+00  1.84861991e+00  2.82259801e+00  2.62395444e+00 
 1.95014000e-09  1.75184683e+00  1.84815317e+00  2.82196287e+00  2.62457695e+00 
 1.95064000e-09  1.75231405e+00  1.84768595e+00  2.82131965e+00  2.62520694e+00 
 1.95114000e-09  1.75278174e+00  1.84721826e+00  2.82066840e+00  2.62584439e+00 
 1.95164000e-09  1.75324989e+00  1.84675011e+00  2.82000918e+00  2.62648927e+00 
 1.95214000e-09  1.75371851e+00  1.84628149e+00  2.81934202e+00  2.62714154e+00 
 1.95264000e-09  1.75418759e+00  1.84581241e+00  2.81866697e+00  2.62780116e+00 
 1.95314000e-09  1.75465711e+00  1.84534289e+00  2.81798409e+00  2.62846811e+00 
 1.95364000e-09  1.75512708e+00  1.84487292e+00  2.81729342e+00  2.62914234e+00 
 1.95414000e-09  1.75559750e+00  1.84440250e+00  2.81659503e+00  2.62982381e+00 
 1.95464000e-09  1.75606836e+00  1.84393164e+00  2.81588896e+00  2.63051247e+00 
 1.95514000e-09  1.75653964e+00  1.84346036e+00  2.81517528e+00  2.63120827e+00 
 1.95564000e-09  1.75701136e+00  1.84298864e+00  2.81445404e+00  2.63191116e+00 
 1.95614000e-09  1.75748350e+00  1.84251650e+00  2.81372529e+00  2.63262108e+00 
 1.95664000e-09  1.75795606e+00  1.84204394e+00  2.81298910e+00  2.63333798e+00 
 1.95714000e-09  1.75842904e+00  1.84157096e+00  2.81224552e+00  2.63406180e+00 
 1.95764000e-09  1.75890243e+00  1.84109757e+00  2.81149461e+00  2.63479246e+00 
 1.95814000e-09  1.75937622e+00  1.84062378e+00  2.81073643e+00  2.63552991e+00 
 1.95864000e-09  1.75985041e+00  1.84014959e+00  2.80997104e+00  2.63627407e+00 
 1.95914000e-09  1.76032500e+00  1.83967500e+00  2.80919849e+00  2.63702487e+00 
 1.95964000e-09  1.76079998e+00  1.83920002e+00  2.80841884e+00  2.63778223e+00 
 1.96014000e-09  1.76127535e+00  1.83872465e+00  2.80763214e+00  2.63854607e+00 
 1.96064000e-09  1.76175110e+00  1.83824890e+00  2.80683846e+00  2.63931631e+00 
 1.96114000e-09  1.76222722e+00  1.83777278e+00  2.80603785e+00  2.64009287e+00 
 1.96164000e-09  1.76270372e+00  1.83729628e+00  2.80523035e+00  2.64087566e+00 
 1.96214000e-09  1.76318059e+00  1.83681941e+00  2.80441604e+00  2.64166459e+00 
 1.96264000e-09  1.76365782e+00  1.83634218e+00  2.80359495e+00  2.64245957e+00 
 1.96314000e-09  1.76413541e+00  1.83586459e+00  2.80276716e+00  2.64326053e+00 
 1.96364000e-09  1.76461336e+00  1.83538664e+00  2.80193270e+00  2.64406735e+00 
 1.96414000e-09  1.76509165e+00  1.83490835e+00  2.80109164e+00  2.64487996e+00 
 1.96464000e-09  1.76557029e+00  1.83442971e+00  2.80024403e+00  2.64569825e+00 
 1.96514000e-09  1.76604927e+00  1.83395073e+00  2.79938994e+00  2.64652215e+00 
 1.96564000e-09  1.76652858e+00  1.83347142e+00  2.79852941e+00  2.64735155e+00 
 1.96614000e-09  1.76700822e+00  1.83299178e+00  2.79766252e+00  2.64818637e+00 
 1.96664000e-09  1.76748819e+00  1.83251181e+00  2.79678931e+00  2.64902652e+00 
 1.96714000e-09  1.76796848e+00  1.83203152e+00  2.79590985e+00  2.64987190e+00 
 1.96764000e-09  1.76844909e+00  1.83155091e+00  2.79502421e+00  2.65072243e+00 
 1.96814000e-09  1.76893000e+00  1.83107000e+00  2.79413245e+00  2.65157801e+00 
 1.96864000e-09  1.76941123e+00  1.83058877e+00  2.79323463e+00  2.65243856e+00 
 1.96914000e-09  1.76989275e+00  1.83010725e+00  2.79233083e+00  2.65330400e+00 
 1.96964000e-09  1.77037458e+00  1.82962542e+00  2.79142111e+00  2.65417423e+00 
 1.97014000e-09  1.77085669e+00  1.82914331e+00  2.79050554e+00  2.65504917e+00 
 1.97064000e-09  1.77133909e+00  1.82866091e+00  2.78958419e+00  2.65592874e+00 
 1.97114000e-09  1.77182178e+00  1.82817822e+00  2.78865713e+00  2.65681285e+00 
 1.97164000e-09  1.77230474e+00  1.82769526e+00  2.78772445e+00  2.65770142e+00 
 1.97214000e-09  1.77278798e+00  1.82721202e+00  2.78678620e+00  2.65859436e+00 
 1.97264000e-09  1.77327149e+00  1.82672851e+00  2.78584248e+00  2.65949160e+00 
 1.97314000e-09  1.77375526e+00  1.82624474e+00  2.78489334e+00  2.66039305e+00 
 1.97364000e-09  1.77423928e+00  1.82576072e+00  2.78393888e+00  2.66129864e+00 
 1.97414000e-09  1.77472357e+00  1.82527643e+00  2.78297916e+00  2.66220828e+00 
 1.97464000e-09  1.77520810e+00  1.82479190e+00  2.78201427e+00  2.66312190e+00 
 1.97514000e-09  1.77569288e+00  1.82430712e+00  2.78104429e+00  2.66403941e+00 
 1.97564000e-09  1.77617789e+00  1.82382211e+00  2.78006929e+00  2.66496075e+00 
 1.97614000e-09  1.77666315e+00  1.82333685e+00  2.77908935e+00  2.66588583e+00 
 1.97664000e-09  1.77714863e+00  1.82285137e+00  2.77810457e+00  2.66681459e+00 
 1.97714000e-09  1.77763434e+00  1.82236566e+00  2.77711502e+00  2.66774694e+00 
 1.97764000e-09  1.77812026e+00  1.82187974e+00  2.77612078e+00  2.66868281e+00 
 1.97814000e-09  1.77860641e+00  1.82139359e+00  2.77512193e+00  2.66962213e+00 
 1.97864000e-09  1.77909276e+00  1.82090724e+00  2.77411857e+00  2.67056484e+00 
 1.97914000e-09  1.77957933e+00  1.82042067e+00  2.77311078e+00  2.67151085e+00 
 1.97964000e-09  1.78006609e+00  1.81993391e+00  2.77209864e+00  2.67246010e+00 
 1.98014000e-09  1.78055305e+00  1.81944695e+00  2.77108225e+00  2.67341253e+00 
 1.98064000e-09  1.78104020e+00  1.81895980e+00  2.77006168e+00  2.67436806e+00 
 1.98114000e-09  1.78152754e+00  1.81847246e+00  2.76903703e+00  2.67532663e+00 
 1.98164000e-09  1.78201506e+00  1.81798494e+00  2.76800839e+00  2.67628818e+00 
 1.98214000e-09  1.78250276e+00  1.81749724e+00  2.76697584e+00  2.67725263e+00 
 1.98264000e-09  1.78299064e+00  1.81700936e+00  2.76593948e+00  2.67821993e+00 
 1.98314000e-09  1.78347867e+00  1.81652133e+00  2.76489940e+00  2.67919001e+00 
 1.98364000e-09  1.78396688e+00  1.81603312e+00  2.76385569e+00  2.68016281e+00 
 1.98414000e-09  1.78445524e+00  1.81554476e+00  2.76280844e+00  2.68113827e+00 
 1.98464000e-09  1.78494375e+00  1.81505625e+00  2.76175774e+00  2.68211633e+00 
 1.98514000e-09  1.78543242e+00  1.81456758e+00  2.76070369e+00  2.68309693e+00 
 1.98564000e-09  1.78592122e+00  1.81407878e+00  2.75964637e+00  2.68408001e+00 
 1.98614000e-09  1.78641017e+00  1.81358983e+00  2.75858588e+00  2.68506550e+00 
 1.98664000e-09  1.78689925e+00  1.81310075e+00  2.75752232e+00  2.68605336e+00 
 1.98714000e-09  1.78738846e+00  1.81261154e+00  2.75645578e+00  2.68704352e+00 
 1.98764000e-09  1.78787779e+00  1.81212221e+00  2.75538634e+00  2.68803592e+00 
 1.98814000e-09  1.78836725e+00  1.81163275e+00  2.75431410e+00  2.68903050e+00 
 1.98864000e-09  1.78885681e+00  1.81114319e+00  2.75323915e+00  2.69002722e+00 
 1.98914000e-09  1.78934649e+00  1.81065351e+00  2.75216159e+00  2.69102599e+00 
 1.98964000e-09  1.78983627e+00  1.81016373e+00  2.75108151e+00  2.69202678e+00 
 1.99014000e-09  1.79032616e+00  1.80967384e+00  2.74999899e+00  2.69302952e+00 
 1.99064000e-09  1.79081614e+00  1.80918386e+00  2.74891413e+00  2.69403415e+00 
 1.99114000e-09  1.79130621e+00  1.80869379e+00  2.74782702e+00  2.69504060e+00 
 1.99164000e-09  1.79179636e+00  1.80820364e+00  2.74673774e+00  2.69604883e+00 
 1.99214000e-09  1.79228660e+00  1.80771340e+00  2.74564639e+00  2.69705877e+00 
 1.99264000e-09  1.79277691e+00  1.80722309e+00  2.74455305e+00  2.69807036e+00 
 1.99314000e-09  1.79326730e+00  1.80673270e+00  2.74345780e+00  2.69908354e+00 
 1.99364000e-09  1.79375775e+00  1.80624225e+00  2.74236075e+00  2.70009825e+00 
 1.99414000e-09  1.79424826e+00  1.80575174e+00  2.74126196e+00  2.70111442e+00 
 1.99464000e-09  1.79473883e+00  1.80526117e+00  2.74016153e+00  2.70213199e+00 
 1.99514000e-09  1.79522945e+00  1.80477055e+00  2.73905953e+00  2.70315090e+00 
 1.99564000e-09  1.79572012e+00  1.80427988e+00  2.73795606e+00  2.70417108e+00 
 1.99614000e-09  1.79621083e+00  1.80378917e+00  2.73685119e+00  2.70519247e+00 
 1.99664000e-09  1.79670157e+00  1.80329843e+00  2.73574500e+00  2.70621501e+00 
 1.99714000e-09  1.79719235e+00  1.80280765e+00  2.73463758e+00  2.70723862e+00 
 1.99764000e-09  1.79768316e+00  1.80231684e+00  2.73352899e+00  2.70826323e+00 
 1.99814000e-09  1.79817399e+00  1.80182601e+00  2.73241933e+00  2.70928879e+00 
 1.99864000e-09  1.79866484e+00  1.80133516e+00  2.73130866e+00  2.71031522e+00 
 1.99914000e-09  1.79915570e+00  1.80084430e+00  2.73019706e+00  2.71134246e+00 
 1.99964000e-09  1.79964657e+00  1.80035343e+00  2.72908462e+00  2.71237042e+00 
 2.00014000e-09  1.80013744e+00  1.79986256e+00  2.72797139e+00  2.71339905e+00 
 2.00064000e-09  1.80062832e+00  1.79937168e+00  2.72685746e+00  2.71442827e+00 
 2.00114000e-09  1.80111918e+00  1.79888082e+00  2.72574290e+00  2.71545800e+00 
 2.00164000e-09  1.80161004e+00  1.79838996e+00  2.72462778e+00  2.71648818e+00 
 2.00214000e-09  1.80210088e+00  1.79789912e+00  2.72351216e+00  2.71751874e+00 
 2.00264000e-09  1.80259170e+00  1.79740830e+00  2.72239613e+00  2.71854958e+00 
 2.00314000e-09  1.80308249e+00  1.79691751e+00  2.72127975e+00  2.71958065e+00 
 2.00364000e-09  1.80357325e+00  1.79642675e+00  2.72016309e+00  2.72061187e+00 
 2.00414000e-09  1.80406398e+00  1.79593602e+00  2.71904622e+00  2.72164316e+00 
 2.00464000e-09  1.80455466e+00  1.79544534e+00  2.71792920e+00  2.72267443e+00 
 2.00514000e-09  1.80504531e+00  1.79495469e+00  2.71681211e+00  2.72370563e+00 
 2.00564000e-09  1.80553590e+00  1.79446410e+00  2.71569500e+00  2.72473666e+00 
 2.00614000e-09  1.80602644e+00  1.79397356e+00  2.71457795e+00  2.72576745e+00 
 2.00664000e-09  1.80651691e+00  1.79348309e+00  2.71346101e+00  2.72679792e+00 
 2.00714000e-09  1.80700733e+00  1.79299267e+00  2.71234426e+00  2.72782799e+00 
 2.00764000e-09  1.80749767e+00  1.79250233e+00  2.71122776e+00  2.72885758e+00 
 2.00814000e-09  1.80798794e+00  1.79201206e+00  2.71011158e+00  2.72988661e+00 
 2.00864000e-09  1.80847813e+00  1.79152187e+00  2.70899577e+00  2.73091499e+00 
 2.00914000e-09  1.80896824e+00  1.79103176e+00  2.70788040e+00  2.73194265e+00 
 2.00964000e-09  1.80945826e+00  1.79054174e+00  2.70676553e+00  2.73296951e+00 
 2.01014000e-09  1.80994819e+00  1.79005181e+00  2.70565124e+00  2.73399547e+00 
 2.01064000e-09  1.81043802e+00  1.78956198e+00  2.70453757e+00  2.73502047e+00 
 2.01114000e-09  1.81092774e+00  1.78907226e+00  2.70342459e+00  2.73604441e+00 
 2.01164000e-09  1.81141736e+00  1.78858264e+00  2.70231237e+00  2.73706721e+00 
 2.01214000e-09  1.81190686e+00  1.78809314e+00  2.70120097e+00  2.73808879e+00 
 2.01264000e-09  1.81239625e+00  1.78760375e+00  2.70009045e+00  2.73910907e+00 
 2.01314000e-09  1.81288551e+00  1.78711449e+00  2.69898087e+00  2.74012795e+00 
 2.01364000e-09  1.81337465e+00  1.78662535e+00  2.69787230e+00  2.74114536e+00 
 2.01414000e-09  1.81386366e+00  1.78613634e+00  2.69676479e+00  2.74216121e+00 
 2.01464000e-09  1.81435253e+00  1.78564747e+00  2.69565843e+00  2.74317542e+00 
 2.01514000e-09  1.81484125e+00  1.78515875e+00  2.69455325e+00  2.74418790e+00 
 2.01564000e-09  1.81532983e+00  1.78467017e+00  2.69344934e+00  2.74519856e+00 
 2.01614000e-09  1.81581826e+00  1.78418174e+00  2.69234675e+00  2.74620732e+00 
 2.01664000e-09  1.81630654e+00  1.78369346e+00  2.69124556e+00  2.74721409e+00 
 2.01714000e-09  1.81679465e+00  1.78320535e+00  2.69014581e+00  2.74821880e+00 
 2.01764000e-09  1.81728259e+00  1.78271741e+00  2.68904759e+00  2.74922135e+00 
 2.01814000e-09  1.81777037e+00  1.78222963e+00  2.68795095e+00  2.75022165e+00 
 2.01864000e-09  1.81825797e+00  1.78174203e+00  2.68685597e+00  2.75121963e+00 
 2.01914000e-09  1.81874539e+00  1.78125461e+00  2.68576271e+00  2.75221520e+00 
 2.01964000e-09  1.81923263e+00  1.78076737e+00  2.68467123e+00  2.75320827e+00 
 2.02014000e-09  1.81971967e+00  1.78028033e+00  2.68358162e+00  2.75419875e+00 
 2.02064000e-09  1.82020652e+00  1.77979348e+00  2.68249393e+00  2.75518657e+00 
 2.02114000e-09  1.82069317e+00  1.77930683e+00  2.68140824e+00  2.75617164e+00 
 2.02164000e-09  1.82117962e+00  1.77882038e+00  2.68032462e+00  2.75715387e+00 
 2.02214000e-09  1.82166586e+00  1.77833414e+00  2.67924315e+00  2.75813318e+00 
 2.02264000e-09  1.82215188e+00  1.77784812e+00  2.67816390e+00  2.75910948e+00 
 2.02314000e-09  1.82263769e+00  1.77736231e+00  2.67708694e+00  2.76008270e+00 
 2.02364000e-09  1.82312327e+00  1.77687673e+00  2.67601234e+00  2.76105275e+00 
 2.02414000e-09  1.82360862e+00  1.77639138e+00  2.67494020e+00  2.76201955e+00 
 2.02464000e-09  1.82409375e+00  1.77590625e+00  2.67387059e+00  2.76298301e+00 
 2.02514000e-09  1.82457863e+00  1.77542137e+00  2.67280358e+00  2.76394306e+00 
 2.02564000e-09  1.82506327e+00  1.77493673e+00  2.67173926e+00  2.76489962e+00 
 2.02614000e-09  1.82554766e+00  1.77445234e+00  2.67067772e+00  2.76585260e+00 
 2.02664000e-09  1.82603180e+00  1.77396820e+00  2.66961905e+00  2.76680193e+00 
 2.02714000e-09  1.82651569e+00  1.77348431e+00  2.66856331e+00  2.76774752e+00 
 2.02764000e-09  1.82699931e+00  1.77300069e+00  2.66751062e+00  2.76868932e+00 
 2.02814000e-09  1.82748267e+00  1.77251733e+00  2.66646106e+00  2.76962722e+00 
 2.02864000e-09  1.82796575e+00  1.77203425e+00  2.66541472e+00  2.77056117e+00 
 2.02914000e-09  1.82844856e+00  1.77155144e+00  2.66437169e+00  2.77149109e+00 
 2.02964000e-09  1.82893109e+00  1.77106891e+00  2.66333209e+00  2.77241691e+00 
 2.03014000e-09  1.82941333e+00  1.77058667e+00  2.66229599e+00  2.77333855e+00 
 2.03064000e-09  1.82989528e+00  1.77010472e+00  2.66126351e+00  2.77425595e+00 
 2.03114000e-09  1.83037694e+00  1.76962306e+00  2.66023474e+00  2.77516904e+00 
 2.03164000e-09  1.83085830e+00  1.76914170e+00  2.65920980e+00  2.77607774e+00 
 2.03214000e-09  1.83133935e+00  1.76866065e+00  2.65818879e+00  2.77698200e+00 
 2.03264000e-09  1.83182009e+00  1.76817991e+00  2.65717181e+00  2.77788175e+00 
 2.03314000e-09  1.83230052e+00  1.76769948e+00  2.65615897e+00  2.77877692e+00 
 2.03364000e-09  1.83278063e+00  1.76721937e+00  2.65515039e+00  2.77966746e+00 
 2.03414000e-09  1.83326042e+00  1.76673958e+00  2.65414617e+00  2.78055330e+00 
 2.03464000e-09  1.83373988e+00  1.76626012e+00  2.65314642e+00  2.78143439e+00 
 2.03514000e-09  1.83421900e+00  1.76578100e+00  2.65215127e+00  2.78231066e+00 
 2.03564000e-09  1.83469779e+00  1.76530221e+00  2.65116081e+00  2.78318205e+00 
 2.03614000e-09  1.83517624e+00  1.76482376e+00  2.65017516e+00  2.78404851e+00 
 2.03664000e-09  1.83565433e+00  1.76434567e+00  2.64919444e+00  2.78490998e+00 
 2.03714000e-09  1.83613208e+00  1.76386792e+00  2.64821875e+00  2.78576639e+00 
 2.03764000e-09  1.83660947e+00  1.76339053e+00  2.64724819e+00  2.78661771e+00 
 2.03814000e-09  1.83708650e+00  1.76291350e+00  2.64628289e+00  2.78746385e+00 
 2.03864000e-09  1.83756316e+00  1.76243684e+00  2.64532294e+00  2.78830477e+00 
 2.03914000e-09  1.83803945e+00  1.76196055e+00  2.64436844e+00  2.78914041e+00 
 2.03964000e-09  1.83851537e+00  1.76148463e+00  2.64341950e+00  2.78997069e+00 
 2.04014000e-09  1.83899091e+00  1.76100909e+00  2.64247621e+00  2.79079557e+00 
 2.04064000e-09  1.83946606e+00  1.76053394e+00  2.64153867e+00  2.79161498e+00 
 2.04114000e-09  1.83994082e+00  1.76005918e+00  2.64060696e+00  2.79242885e+00 
 2.04164000e-09  1.84041519e+00  1.75958481e+00  2.63968118e+00  2.79323710e+00 
 2.04214000e-09  1.84088916e+00  1.75911084e+00  2.63876142e+00  2.79403969e+00 
 2.04264000e-09  1.84136272e+00  1.75863728e+00  2.63784774e+00  2.79483652e+00 
 2.04314000e-09  1.84183588e+00  1.75816412e+00  2.63694024e+00  2.79562753e+00 
 2.04364000e-09  1.84230862e+00  1.75769138e+00  2.63603898e+00  2.79641264e+00 
 2.04414000e-09  1.84278095e+00  1.75721905e+00  2.63514403e+00  2.79719177e+00 
 2.04464000e-09  1.84325285e+00  1.75674715e+00  2.63425546e+00  2.79796485e+00 
 2.04514000e-09  1.84372433e+00  1.75627567e+00  2.63337334e+00  2.79873179e+00 
 2.04564000e-09  1.84419538e+00  1.75580462e+00  2.63249773e+00  2.79949251e+00 
 2.04614000e-09  1.84466599e+00  1.75533401e+00  2.63162868e+00  2.80024692e+00 
 2.04664000e-09  1.84513616e+00  1.75486384e+00  2.63076626e+00  2.80099495e+00 
 2.04714000e-09  1.84560588e+00  1.75439412e+00  2.62991051e+00  2.80173649e+00 
 2.04764000e-09  1.84607515e+00  1.75392485e+00  2.62906148e+00  2.80247148e+00 
 2.04814000e-09  1.84654397e+00  1.75345603e+00  2.62821923e+00  2.80319981e+00 
 2.04864000e-09  1.84701233e+00  1.75298767e+00  2.62738381e+00  2.80392141e+00 
 2.04914000e-09  1.84748022e+00  1.75251978e+00  2.62655524e+00  2.80463618e+00 
 2.04964000e-09  1.84794765e+00  1.75205235e+00  2.62573359e+00  2.80534405e+00 
 2.05014000e-09  1.84841460e+00  1.75158540e+00  2.62491890e+00  2.80604491e+00 
 2.05064000e-09  1.84888108e+00  1.75111892e+00  2.62411119e+00  2.80673870e+00 
 2.05114000e-09  1.84934707e+00  1.75065293e+00  2.62331053e+00  2.80742533e+00 
 2.05164000e-09  1.84981258e+00  1.75018742e+00  2.62251693e+00  2.80810471e+00 
 2.05214000e-09  1.85027759e+00  1.74972241e+00  2.62173045e+00  2.80877677e+00 
 2.05264000e-09  1.85074211e+00  1.74925789e+00  2.62095113e+00  2.80944142e+00 
 2.05314000e-09  1.85120613e+00  1.74879387e+00  2.62017899e+00  2.81009861e+00 
 2.05364000e-09  1.85166964e+00  1.74833036e+00  2.61941407e+00  2.81074824e+00 
 2.05414000e-09  1.85213264e+00  1.74786736e+00  2.61865642e+00  2.81139027e+00 
 2.05464000e-09  1.85259513e+00  1.74740487e+00  2.61790607e+00  2.81202461e+00 
 2.05514000e-09  1.85305710e+00  1.74694290e+00  2.61716305e+00  2.81265120e+00 
 2.05564000e-09  1.85351854e+00  1.74648146e+00  2.61642740e+00  2.81326999e+00 
 2.05614000e-09  1.85397946e+00  1.74602054e+00  2.61569916e+00  2.81388093e+00 
 2.05664000e-09  1.85443984e+00  1.74556016e+00  2.61497836e+00  2.81448394e+00 
 2.05714000e-09  1.85489969e+00  1.74510031e+00  2.61426502e+00  2.81507900e+00 
 2.05764000e-09  1.85535899e+00  1.74464101e+00  2.61355920e+00  2.81566606e+00 
 2.05814000e-09  1.85581775e+00  1.74418225e+00  2.61286091e+00  2.81624506e+00 
 2.05864000e-09  1.85627596e+00  1.74372404e+00  2.61217019e+00  2.81681599e+00 
 2.05914000e-09  1.85673361e+00  1.74326639e+00  2.61148707e+00  2.81737879e+00 
 2.05964000e-09  1.85719070e+00  1.74280930e+00  2.61081158e+00  2.81793346e+00 
 2.06014000e-09  1.85764723e+00  1.74235277e+00  2.61014375e+00  2.81847995e+00 
 2.06064000e-09  1.85810319e+00  1.74189681e+00  2.60948361e+00  2.81901825e+00 
 2.06114000e-09  1.85855858e+00  1.74144142e+00  2.60883118e+00  2.81954835e+00 
 2.06164000e-09  1.85901338e+00  1.74098662e+00  2.60818649e+00  2.82007023e+00 
 2.06214000e-09  1.85946761e+00  1.74053239e+00  2.60754956e+00  2.82058388e+00 
 2.06264000e-09  1.85992125e+00  1.74007875e+00  2.60692042e+00  2.82108930e+00 
 2.06314000e-09  1.86037429e+00  1.73962571e+00  2.60629908e+00  2.82158649e+00 
 2.06364000e-09  1.86082674e+00  1.73917326e+00  2.60568556e+00  2.82207545e+00 
 2.06414000e-09  1.86127859e+00  1.73872141e+00  2.60507988e+00  2.82255619e+00 
 2.06464000e-09  1.86172984e+00  1.73827016e+00  2.60448205e+00  2.82302873e+00 
 2.06514000e-09  1.86218047e+00  1.73781953e+00  2.60389209e+00  2.82349307e+00 
 2.06564000e-09  1.86263050e+00  1.73736950e+00  2.60331001e+00  2.82394924e+00 
 2.06614000e-09  1.86307990e+00  1.73692010e+00  2.60273580e+00  2.82439727e+00 
 2.06664000e-09  1.86352868e+00  1.73647132e+00  2.60216949e+00  2.82483717e+00 
 2.06714000e-09  1.86397684e+00  1.73602316e+00  2.60161106e+00  2.82526898e+00 
 2.06764000e-09  1.86442436e+00  1.73557564e+00  2.60106052e+00  2.82569274e+00 
 2.06814000e-09  1.86487125e+00  1.73512875e+00  2.60051787e+00  2.82610848e+00 
 2.06864000e-09  1.86531750e+00  1.73468250e+00  2.59998310e+00  2.82651624e+00 
 2.06914000e-09  1.86576310e+00  1.73423690e+00  2.59945620e+00  2.82691606e+00 
 2.06964000e-09  1.86620805e+00  1.73379195e+00  2.59893716e+00  2.82730801e+00 
 2.07014000e-09  1.86665235e+00  1.73334765e+00  2.59842596e+00  2.82769212e+00 
 2.07064000e-09  1.86709599e+00  1.73290401e+00  2.59792259e+00  2.82806845e+00 
 2.07114000e-09  1.86753897e+00  1.73246103e+00  2.59742703e+00  2.82843706e+00 
 2.07164000e-09  1.86798129e+00  1.73201871e+00  2.59693926e+00  2.82879800e+00 
 2.07214000e-09  1.86842293e+00  1.73157707e+00  2.59645924e+00  2.82915135e+00 
 2.07264000e-09  1.86886390e+00  1.73113610e+00  2.59598695e+00  2.82949716e+00 
 2.07314000e-09  1.86930419e+00  1.73069581e+00  2.59552235e+00  2.82983551e+00 
 2.07364000e-09  1.86974379e+00  1.73025621e+00  2.59506542e+00  2.83016646e+00 
 2.07414000e-09  1.87018270e+00  1.72981730e+00  2.59461611e+00  2.83049009e+00 
 2.07464000e-09  1.87062093e+00  1.72937907e+00  2.59417437e+00  2.83080647e+00 
 2.07514000e-09  1.87105845e+00  1.72894155e+00  2.59374018e+00  2.83111568e+00 
 2.07564000e-09  1.87149528e+00  1.72850472e+00  2.59331347e+00  2.83141781e+00 
 2.07614000e-09  1.87193140e+00  1.72806860e+00  2.59289420e+00  2.83171292e+00 
 2.07664000e-09  1.87236680e+00  1.72763320e+00  2.59248232e+00  2.83200112e+00 
 2.07714000e-09  1.87280150e+00  1.72719850e+00  2.59207777e+00  2.83228248e+00 
 2.07764000e-09  1.87323547e+00  1.72676453e+00  2.59168050e+00  2.83255709e+00 
 2.07814000e-09  1.87366873e+00  1.72633127e+00  2.59129044e+00  2.83282503e+00 
 2.07864000e-09  1.87410125e+00  1.72589875e+00  2.59090753e+00  2.83308641e+00 
 2.07914000e-09  1.87453305e+00  1.72546695e+00  2.59053171e+00  2.83334131e+00 
 2.07964000e-09  1.87496411e+00  1.72503589e+00  2.59016290e+00  2.83358983e+00 
 2.08014000e-09  1.87539443e+00  1.72460557e+00  2.58980105e+00  2.83383206e+00 
 2.08064000e-09  1.87582400e+00  1.72417600e+00  2.58944608e+00  2.83406809e+00 
 2.08114000e-09  1.87625283e+00  1.72374717e+00  2.58909791e+00  2.83429802e+00 
 2.08164000e-09  1.87668090e+00  1.72331910e+00  2.58875648e+00  2.83452196e+00 
 2.08214000e-09  1.87710822e+00  1.72289178e+00  2.58842170e+00  2.83474000e+00 
 2.08264000e-09  1.87753478e+00  1.72246522e+00  2.58809349e+00  2.83495223e+00 
 2.08314000e-09  1.87796057e+00  1.72203943e+00  2.58777178e+00  2.83515876e+00 
 2.08364000e-09  1.87838559e+00  1.72161441e+00  2.58745648e+00  2.83535969e+00 
 2.08414000e-09  1.87880984e+00  1.72119016e+00  2.58714752e+00  2.83555512e+00 
 2.08464000e-09  1.87923331e+00  1.72076669e+00  2.58684480e+00  2.83574515e+00 
 2.08514000e-09  1.87965599e+00  1.72034401e+00  2.58654825e+00  2.83592988e+00 
 2.08564000e-09  1.88007790e+00  1.71992210e+00  2.58625778e+00  2.83610942e+00 
 2.08614000e-09  1.88049901e+00  1.71950099e+00  2.58597330e+00  2.83628385e+00 
 2.08664000e-09  1.88091933e+00  1.71908067e+00  2.58569472e+00  2.83645330e+00 
 2.08714000e-09  1.88133884e+00  1.71866116e+00  2.58542195e+00  2.83661784e+00 
 2.08764000e-09  1.88175756e+00  1.71824244e+00  2.58515491e+00  2.83677760e+00 
 2.08814000e-09  1.88217547e+00  1.71782453e+00  2.58489352e+00  2.83693266e+00 
 2.08864000e-09  1.88259257e+00  1.71740743e+00  2.58463767e+00  2.83708313e+00 
 2.08914000e-09  1.88300885e+00  1.71699115e+00  2.58438727e+00  2.83722910e+00 
 2.08964000e-09  1.88342431e+00  1.71657569e+00  2.58414225e+00  2.83737068e+00 
 2.09014000e-09  1.88383895e+00  1.71616105e+00  2.58390251e+00  2.83750796e+00 
 2.09064000e-09  1.88425277e+00  1.71574723e+00  2.58366795e+00  2.83764105e+00 
 2.09114000e-09  1.88466575e+00  1.71533425e+00  2.58343850e+00  2.83777003e+00 
 2.09164000e-09  1.88507789e+00  1.71492211e+00  2.58321405e+00  2.83789500e+00 
 2.09214000e-09  1.88548920e+00  1.71451080e+00  2.58299453e+00  2.83801607e+00 
 2.09264000e-09  1.88589966e+00  1.71410034e+00  2.58277984e+00  2.83813331e+00 
 2.09314000e-09  1.88630927e+00  1.71369073e+00  2.58256989e+00  2.83824683e+00 
 2.09364000e-09  1.88671804e+00  1.71328196e+00  2.58236460e+00  2.83835672e+00 
 2.09414000e-09  1.88712594e+00  1.71287406e+00  2.58216387e+00  2.83846307e+00 
 2.09464000e-09  1.88753299e+00  1.71246701e+00  2.58196763e+00  2.83856597e+00 
 2.09514000e-09  1.88793917e+00  1.71206083e+00  2.58177578e+00  2.83866550e+00 
 2.09564000e-09  1.88834449e+00  1.71165551e+00  2.58158824e+00  2.83876175e+00 
 2.09614000e-09  1.88874893e+00  1.71125107e+00  2.58140492e+00  2.83885482e+00 
 2.09664000e-09  1.88915250e+00  1.71084750e+00  2.58122575e+00  2.83894478e+00 
 2.09714000e-09  1.88955518e+00  1.71044482e+00  2.58105063e+00  2.83903172e+00 
 2.09764000e-09  1.88995699e+00  1.71004301e+00  2.58087949e+00  2.83911572e+00 
 2.09814000e-09  1.89035790e+00  1.70964210e+00  2.58071224e+00  2.83919685e+00 
 2.09864000e-09  1.89075792e+00  1.70924208e+00  2.58054881e+00  2.83927521e+00 
 2.09914000e-09  1.89115705e+00  1.70884295e+00  2.58038912e+00  2.83935087e+00 
 2.09964000e-09  1.89155528e+00  1.70844472e+00  2.58023308e+00  2.83942390e+00 
 2.10014000e-09  1.89195261e+00  1.70804739e+00  2.58008062e+00  2.83949438e+00 
 2.10064000e-09  1.89234902e+00  1.70765098e+00  2.57993167e+00  2.83956238e+00 
 2.10114000e-09  1.89274453e+00  1.70725547e+00  2.57978615e+00  2.83962798e+00 
 2.10164000e-09  1.89313912e+00  1.70686088e+00  2.57964399e+00  2.83969124e+00 
 2.10214000e-09  1.89353279e+00  1.70646721e+00  2.57950511e+00  2.83975224e+00 
 2.10264000e-09  1.89392554e+00  1.70607446e+00  2.57936945e+00  2.83981104e+00 
 2.10314000e-09  1.89431736e+00  1.70568264e+00  2.57923693e+00  2.83986771e+00 
 2.10364000e-09  1.89470825e+00  1.70529175e+00  2.57910749e+00  2.83992232e+00 
 2.10414000e-09  1.89509820e+00  1.70490180e+00  2.57898105e+00  2.83997492e+00 
 2.10464000e-09  1.89548722e+00  1.70451278e+00  2.57885756e+00  2.84002558e+00 
 2.10514000e-09  1.89587529e+00  1.70412471e+00  2.57873694e+00  2.84007437e+00 
 2.10564000e-09  1.89626242e+00  1.70373758e+00  2.57861914e+00  2.84012133e+00 
 2.10614000e-09  1.89664860e+00  1.70335140e+00  2.57850408e+00  2.84016654e+00 
 2.10664000e-09  1.89703382e+00  1.70296618e+00  2.57839172e+00  2.84021003e+00 
 2.10714000e-09  1.89741809e+00  1.70258191e+00  2.57828199e+00  2.84025188e+00 
 2.10764000e-09  1.89780139e+00  1.70219861e+00  2.57817482e+00  2.84029213e+00 
 2.10814000e-09  1.89818373e+00  1.70181627e+00  2.57807017e+00  2.84033084e+00 
 2.10864000e-09  1.89856510e+00  1.70143490e+00  2.57796798e+00  2.84036806e+00 
 2.10914000e-09  1.89894550e+00  1.70105450e+00  2.57786819e+00  2.84040383e+00 
 2.10964000e-09  1.89932492e+00  1.70067508e+00  2.57777074e+00  2.84043821e+00 
 2.11014000e-09  1.89970336e+00  1.70029664e+00  2.57767559e+00  2.84047124e+00 
 2.11064000e-09  1.90008082e+00  1.69991918e+00  2.57758269e+00  2.84050298e+00 
 2.11114000e-09  1.90045729e+00  1.69954271e+00  2.57749197e+00  2.84053346e+00 
 2.11164000e-09  1.90083277e+00  1.69916723e+00  2.57740340e+00  2.84056272e+00 
 2.11214000e-09  1.90120725e+00  1.69879275e+00  2.57731692e+00  2.84059082e+00 
 2.11264000e-09  1.90158073e+00  1.69841927e+00  2.57723249e+00  2.84061779e+00 
 2.11314000e-09  1.90195321e+00  1.69804679e+00  2.57715006e+00  2.84064367e+00 
 2.11364000e-09  1.90232469e+00  1.69767531e+00  2.57706959e+00  2.84066851e+00 
 2.11414000e-09  1.90269515e+00  1.69730485e+00  2.57699104e+00  2.84069233e+00 
 2.11464000e-09  1.90306460e+00  1.69693540e+00  2.57691435e+00  2.84071518e+00 
 2.11514000e-09  1.90343304e+00  1.69656696e+00  2.57683949e+00  2.84073710e+00 
 2.11564000e-09  1.90380045e+00  1.69619955e+00  2.57676642e+00  2.84075811e+00 
 2.11614000e-09  1.90416684e+00  1.69583316e+00  2.57669509e+00  2.84077825e+00 
 2.11664000e-09  1.90453220e+00  1.69546780e+00  2.57662548e+00  2.84079756e+00 
 2.11714000e-09  1.90489653e+00  1.69510347e+00  2.57655753e+00  2.84081607e+00 
 2.11764000e-09  1.90525982e+00  1.69474018e+00  2.57649122e+00  2.84083380e+00 
 2.11814000e-09  1.90562208e+00  1.69437792e+00  2.57642651e+00  2.84085079e+00 
 2.11864000e-09  1.90598329e+00  1.69401671e+00  2.57636336e+00  2.84086707e+00 
 2.11914000e-09  1.90634346e+00  1.69365654e+00  2.57630174e+00  2.84088267e+00 
 2.11964000e-09  1.90670257e+00  1.69329743e+00  2.57624162e+00  2.84089760e+00 
 2.12014000e-09  1.90706064e+00  1.69293936e+00  2.57618295e+00  2.84091191e+00 
 2.12064000e-09  1.90741764e+00  1.69258236e+00  2.57612572e+00  2.84092562e+00 
 2.12114000e-09  1.90777359e+00  1.69222641e+00  2.57606990e+00  2.84093874e+00 
 2.12164000e-09  1.90812847e+00  1.69187153e+00  2.57601544e+00  2.84095131e+00 
 2.12214000e-09  1.90848229e+00  1.69151771e+00  2.57596232e+00  2.84096335e+00 
 2.12264000e-09  1.90883504e+00  1.69116496e+00  2.57591052e+00  2.84097488e+00 
 2.12314000e-09  1.90918671e+00  1.69081329e+00  2.57586000e+00  2.84098593e+00 
 2.12364000e-09  1.90953730e+00  1.69046270e+00  2.57581074e+00  2.84099651e+00 
 2.12414000e-09  1.90988681e+00  1.69011319e+00  2.57576271e+00  2.84100665e+00 
 2.12464000e-09  1.91023524e+00  1.68976476e+00  2.57571589e+00  2.84101636e+00 
 2.12514000e-09  1.91058258e+00  1.68941742e+00  2.57567025e+00  2.84102567e+00 
 2.12564000e-09  1.91092883e+00  1.68907117e+00  2.57562577e+00  2.84103460e+00 
 2.12614000e-09  1.91127398e+00  1.68872602e+00  2.57558242e+00  2.84104316e+00 
 2.12664000e-09  1.91161804e+00  1.68838196e+00  2.57554018e+00  2.84105137e+00 
 2.12714000e-09  1.91196099e+00  1.68803901e+00  2.57549903e+00  2.84105924e+00 
 2.12764000e-09  1.91230284e+00  1.68769716e+00  2.57545894e+00  2.84106681e+00 
 2.12814000e-09  1.91264358e+00  1.68735642e+00  2.57541990e+00  2.84107407e+00 
 2.12864000e-09  1.91298321e+00  1.68701679e+00  2.57538189e+00  2.84108105e+00 
 2.12914000e-09  1.91332172e+00  1.68667828e+00  2.57534487e+00  2.84108776e+00 
 2.12964000e-09  1.91365912e+00  1.68634088e+00  2.57530885e+00  2.84109422e+00 
 2.13014000e-09  1.91399539e+00  1.68600461e+00  2.57527379e+00  2.84110044e+00 
 2.13064000e-09  1.91433054e+00  1.68566946e+00  2.57523967e+00  2.84110643e+00 
 2.13114000e-09  1.91466456e+00  1.68533544e+00  2.57520648e+00  2.84111221e+00 
 2.13164000e-09  1.91499745e+00  1.68500255e+00  2.57517421e+00  2.84111779e+00 
 2.13214000e-09  1.91532920e+00  1.68467080e+00  2.57514283e+00  2.84112318e+00 
 2.13264000e-09  1.91565982e+00  1.68434018e+00  2.57511233e+00  2.84112840e+00 
 2.13314000e-09  1.91598929e+00  1.68401071e+00  2.57508268e+00  2.84113345e+00 
 2.13364000e-09  1.91631762e+00  1.68368238e+00  2.57505389e+00  2.84113835e+00 
 2.13414000e-09  1.91664480e+00  1.68335520e+00  2.57502592e+00  2.84114310e+00 
 2.13464000e-09  1.91697083e+00  1.68302917e+00  2.57499877e+00  2.84114772e+00 
 2.13514000e-09  1.91729570e+00  1.68270430e+00  2.57497241e+00  2.84115222e+00 
 2.13564000e-09  1.91761942e+00  1.68238058e+00  2.57494685e+00  2.84115661e+00 
 2.13614000e-09  1.91794198e+00  1.68205802e+00  2.57492206e+00  2.84116090e+00 
 2.13664000e-09  1.91826337e+00  1.68173663e+00  2.57489802e+00  2.84116509e+00 
 2.13714000e-09  1.91858359e+00  1.68141641e+00  2.57487473e+00  2.84116919e+00 
 2.13764000e-09  1.91890265e+00  1.68109735e+00  2.57485217e+00  2.84117322e+00 
 2.13814000e-09  1.91922053e+00  1.68077947e+00  2.57483034e+00  2.84117718e+00 
 2.13864000e-09  1.91953724e+00  1.68046276e+00  2.57480921e+00  2.84118108e+00 
 2.13914000e-09  1.91985276e+00  1.68014724e+00  2.57478878e+00  2.84118493e+00 
 2.13964000e-09  1.92016710e+00  1.67983290e+00  2.57476903e+00  2.84118873e+00 
 2.14014000e-09  1.92048026e+00  1.67951974e+00  2.57474996e+00  2.84119249e+00 
 2.14064000e-09  1.92079223e+00  1.67920777e+00  2.57473155e+00  2.84119622e+00 
 2.14114000e-09  1.92110300e+00  1.67889700e+00  2.57471379e+00  2.84119992e+00 
 2.14164000e-09  1.92141258e+00  1.67858742e+00  2.57469667e+00  2.84120361e+00 
 2.14214000e-09  1.92172096e+00  1.67827904e+00  2.57468018e+00  2.84120728e+00 
 2.14264000e-09  1.92202814e+00  1.67797186e+00  2.57466432e+00  2.84121094e+00 
 2.14314000e-09  1.92233412e+00  1.67766588e+00  2.57464907e+00  2.84121460e+00 
 2.14364000e-09  1.92263888e+00  1.67736112e+00  2.57463442e+00  2.84121827e+00 
 2.14414000e-09  1.92294244e+00  1.67705756e+00  2.57462036e+00  2.84122195e+00 
 2.14464000e-09  1.92324479e+00  1.67675521e+00  2.57460689e+00  2.84122564e+00 
 2.14514000e-09  1.92354591e+00  1.67645409e+00  2.57459399e+00  2.84122935e+00 
 2.14564000e-09  1.92384582e+00  1.67615418e+00  2.57458166e+00  2.84123308e+00 
 2.14614000e-09  1.92414451e+00  1.67585549e+00  2.57456989e+00  2.84123684e+00 
 2.14664000e-09  1.92444197e+00  1.67555803e+00  2.57455867e+00  2.84124064e+00 
 2.14714000e-09  1.92473820e+00  1.67526180e+00  2.57454800e+00  2.84124447e+00 
 2.14764000e-09  1.92503320e+00  1.67496680e+00  2.57453785e+00  2.84124834e+00 
 2.14814000e-09  1.92532697e+00  1.67467303e+00  2.57452824e+00  2.84125226e+00 
 2.14864000e-09  1.92561950e+00  1.67438050e+00  2.57451915e+00  2.84125623e+00 
 2.14914000e-09  1.92591079e+00  1.67408921e+00  2.57451057e+00  2.84126025e+00 
 2.14964000e-09  1.92620084e+00  1.67379916e+00  2.57450249e+00  2.84126432e+00 
 2.15014000e-09  1.92648964e+00  1.67351036e+00  2.57449492e+00  2.84126846e+00 
 2.15064000e-09  1.92677720e+00  1.67322280e+00  2.57448783e+00  2.84127265e+00 
 2.15114000e-09  1.92706350e+00  1.67293650e+00  2.57448124e+00  2.84127692e+00 
 2.15164000e-09  1.92734855e+00  1.67265145e+00  2.57447512e+00  2.84128125e+00 
 2.15214000e-09  1.92763234e+00  1.67236766e+00  2.57446948e+00  2.84128565e+00 
 2.15264000e-09  1.92791488e+00  1.67208512e+00  2.57446430e+00  2.84129012e+00 
 2.15314000e-09  1.92819615e+00  1.67180385e+00  2.57445959e+00  2.84129468e+00 
 2.15364000e-09  1.92847615e+00  1.67152385e+00  2.57445533e+00  2.84129931e+00 
 2.15414000e-09  1.92875489e+00  1.67124511e+00  2.57445152e+00  2.84130402e+00 
 2.15464000e-09  1.92903235e+00  1.67096765e+00  2.57444816e+00  2.84130882e+00 
 2.15514000e-09  1.92930855e+00  1.67069145e+00  2.57444523e+00  2.84131370e+00 
 2.15564000e-09  1.92958346e+00  1.67041654e+00  2.57444274e+00  2.84131867e+00 
 2.15614000e-09  1.92985710e+00  1.67014290e+00  2.57444068e+00  2.84132373e+00 
 2.15664000e-09  1.93012945e+00  1.66987055e+00  2.57443904e+00  2.84132889e+00 
 2.15714000e-09  1.93040053e+00  1.66959947e+00  2.57443782e+00  2.84133413e+00 
 2.15764000e-09  1.93067031e+00  1.66932969e+00  2.57443701e+00  2.84133948e+00 
 2.15814000e-09  1.93093880e+00  1.66906120e+00  2.57443661e+00  2.84134492e+00 
 2.15864000e-09  1.93120601e+00  1.66879399e+00  2.57443662e+00  2.84135046e+00 
 2.15914000e-09  1.93147191e+00  1.66852809e+00  2.57443702e+00  2.84135610e+00 
 2.15964000e-09  1.93173652e+00  1.66826348e+00  2.57443782e+00  2.84136184e+00 
 2.16014000e-09  1.93199983e+00  1.66800017e+00  2.57443902e+00  2.84136768e+00 
 2.16064000e-09  1.93226184e+00  1.66773816e+00  2.57444059e+00  2.84137363e+00 
 2.16114000e-09  1.93252254e+00  1.66747746e+00  2.57444255e+00  2.84137969e+00 
 2.16164000e-09  1.93278194e+00  1.66721806e+00  2.57444489e+00  2.84138585e+00 
 2.16214000e-09  1.93304002e+00  1.66695998e+00  2.57444760e+00  2.84139212e+00 
 2.16264000e-09  1.93329679e+00  1.66670321e+00  2.57445068e+00  2.84139850e+00 
 2.16314000e-09  1.93355224e+00  1.66644776e+00  2.57445413e+00  2.84140499e+00 
 2.16364000e-09  1.93380638e+00  1.66619362e+00  2.57445794e+00  2.84141159e+00 
 2.16414000e-09  1.93405920e+00  1.66594080e+00  2.57446211e+00  2.84141831e+00 
 2.16464000e-09  1.93431069e+00  1.66568931e+00  2.57446663e+00  2.84142513e+00 
 2.16514000e-09  1.93456085e+00  1.66543915e+00  2.57447150e+00  2.84143207e+00 
 2.16564000e-09  1.93480969e+00  1.66519031e+00  2.57447672e+00  2.84143913e+00 
 2.16614000e-09  1.93505720e+00  1.66494280e+00  2.57448229e+00  2.84144630e+00 
 2.16664000e-09  1.93530338e+00  1.66469662e+00  2.57448820e+00  2.84145359e+00 
 2.16714000e-09  1.93554822e+00  1.66445178e+00  2.57449444e+00  2.84146099e+00 
 2.16764000e-09  1.93579172e+00  1.66420828e+00  2.57450102e+00  2.84146851e+00 
 2.16814000e-09  1.93603388e+00  1.66396612e+00  2.57450793e+00  2.84147615e+00 
 2.16864000e-09  1.93627470e+00  1.66372530e+00  2.57451517e+00  2.84148391e+00 
 2.16914000e-09  1.93651418e+00  1.66348582e+00  2.57452273e+00  2.84149178e+00 
 2.16964000e-09  1.93675230e+00  1.66324770e+00  2.57453061e+00  2.84149978e+00 
 2.17014000e-09  1.93698908e+00  1.66301092e+00  2.57453882e+00  2.84150789e+00 
 2.17064000e-09  1.93722451e+00  1.66277549e+00  2.57454733e+00  2.84151613e+00 
 2.17114000e-09  1.93745858e+00  1.66254142e+00  2.57455616e+00  2.84152448e+00 
 2.17164000e-09  1.93769129e+00  1.66230871e+00  2.57456530e+00  2.84153296e+00 
 2.17214000e-09  1.93792265e+00  1.66207735e+00  2.57457475e+00  2.84154156e+00 
 2.17264000e-09  1.93815264e+00  1.66184736e+00  2.57458450e+00  2.84155027e+00 
 2.17314000e-09  1.93838127e+00  1.66161873e+00  2.57459456e+00  2.84155911e+00 
 2.17364000e-09  1.93860854e+00  1.66139146e+00  2.57460491e+00  2.84156807e+00 
 2.17414000e-09  1.93883443e+00  1.66116557e+00  2.57461556e+00  2.84157716e+00 
 2.17464000e-09  1.93905896e+00  1.66094104e+00  2.57462650e+00  2.84158636e+00 
 2.17514000e-09  1.93928211e+00  1.66071789e+00  2.57463774e+00  2.84159569e+00 
 2.17564000e-09  1.93950389e+00  1.66049611e+00  2.57464926e+00  2.84160513e+00 
 2.17614000e-09  1.93972430e+00  1.66027570e+00  2.57466107e+00  2.84161470e+00 
 2.17664000e-09  1.93994332e+00  1.66005668e+00  2.57467316e+00  2.84162440e+00 
 2.17714000e-09  1.94016096e+00  1.65983904e+00  2.57468553e+00  2.84163421e+00 
 2.17764000e-09  1.94037722e+00  1.65962278e+00  2.57469819e+00  2.84164415e+00 
 2.17814000e-09  1.94059210e+00  1.65940790e+00  2.57471112e+00  2.84165421e+00 
 2.17864000e-09  1.94080558e+00  1.65919442e+00  2.57472432e+00  2.84166439e+00 
 2.17914000e-09  1.94101768e+00  1.65898232e+00  2.57473780e+00  2.84167469e+00 
 2.17964000e-09  1.94122838e+00  1.65877162e+00  2.57475154e+00  2.84168511e+00 
 2.18014000e-09  1.94143769e+00  1.65856231e+00  2.57476556e+00  2.84169566e+00 
 2.18064000e-09  1.94164561e+00  1.65835439e+00  2.57477984e+00  2.84170633e+00 
 2.18114000e-09  1.94185213e+00  1.65814787e+00  2.57479438e+00  2.84171712e+00 
 2.18164000e-09  1.94205724e+00  1.65794276e+00  2.57480918e+00  2.84172803e+00 
 2.18214000e-09  1.94226096e+00  1.65773904e+00  2.57482424e+00  2.84173906e+00 
 2.18264000e-09  1.94246327e+00  1.65753673e+00  2.57483956e+00  2.84175021e+00 
 2.18314000e-09  1.94266417e+00  1.65733583e+00  2.57485514e+00  2.84176149e+00 
 2.18364000e-09  1.94286367e+00  1.65713633e+00  2.57487097e+00  2.84177288e+00 
 2.18414000e-09  1.94306176e+00  1.65693824e+00  2.57488705e+00  2.84178440e+00 
 2.18464000e-09  1.94325843e+00  1.65674157e+00  2.57490338e+00  2.84179603e+00 
 2.18514000e-09  1.94345369e+00  1.65654631e+00  2.57491995e+00  2.84180779e+00 
 2.18564000e-09  1.94364754e+00  1.65635246e+00  2.57493677e+00  2.84181966e+00 
 2.18614000e-09  1.94383996e+00  1.65616004e+00  2.57495384e+00  2.84183166e+00 
 2.18664000e-09  1.94403097e+00  1.65596903e+00  2.57497114e+00  2.84184377e+00 
 2.18714000e-09  1.94422056e+00  1.65577944e+00  2.57498869e+00  2.84185600e+00 
 2.18764000e-09  1.94440872e+00  1.65559128e+00  2.57500647e+00  2.84186836e+00 
 2.18814000e-09  1.94459546e+00  1.65540454e+00  2.57502450e+00  2.84188082e+00 
 2.18864000e-09  1.94478077e+00  1.65521923e+00  2.57504275e+00  2.84189341e+00 
 2.18914000e-09  1.94496465e+00  1.65503535e+00  2.57506124e+00  2.84190612e+00 
 2.18964000e-09  1.94514710e+00  1.65485290e+00  2.57507996e+00  2.84191894e+00 
 2.19014000e-09  1.94532812e+00  1.65467188e+00  2.57509890e+00  2.84193188e+00 
 2.19064000e-09  1.94550770e+00  1.65449230e+00  2.57511808e+00  2.84194493e+00 
 2.19114000e-09  1.94568585e+00  1.65431415e+00  2.57513748e+00  2.84195811e+00 
 2.19164000e-09  1.94586256e+00  1.65413744e+00  2.57515711e+00  2.84197139e+00 
 2.19214000e-09  1.94603783e+00  1.65396217e+00  2.57517696e+00  2.84198480e+00 
 2.19264000e-09  1.94621166e+00  1.65378834e+00  2.57519702e+00  2.84199832e+00 
 2.19314000e-09  1.94638404e+00  1.65361596e+00  2.57521731e+00  2.84201195e+00 
 2.19364000e-09  1.94655498e+00  1.65344502e+00  2.57523782e+00  2.84202570e+00 
 2.19414000e-09  1.94672448e+00  1.65327552e+00  2.57525854e+00  2.84203956e+00 
 2.19464000e-09  1.94689252e+00  1.65310748e+00  2.57527948e+00  2.84205354e+00 
 2.19514000e-09  1.94705912e+00  1.65294088e+00  2.57530063e+00  2.84206762e+00 
 2.19564000e-09  1.94722427e+00  1.65277573e+00  2.57532200e+00  2.84208183e+00 
 2.19614000e-09  1.94738796e+00  1.65261204e+00  2.57534357e+00  2.84209614e+00 
 2.19664000e-09  1.94755020e+00  1.65244980e+00  2.57536535e+00  2.84211056e+00 
 2.19714000e-09  1.94771098e+00  1.65228902e+00  2.57538734e+00  2.84212510e+00 
 2.19764000e-09  1.94787030e+00  1.65212970e+00  2.57540954e+00  2.84213975e+00 
 2.19814000e-09  1.94802816e+00  1.65197184e+00  2.57543193e+00  2.84215451e+00 
 2.19864000e-09  1.94818457e+00  1.65181543e+00  2.57545454e+00  2.84216938e+00 
 2.19914000e-09  1.94833951e+00  1.65166049e+00  2.57547734e+00  2.84218436e+00 
 2.19964000e-09  1.94849298e+00  1.65150702e+00  2.57550035e+00  2.84219944e+00 
 2.20014000e-09  1.94864500e+00  1.65135500e+00  2.57552355e+00  2.84221464e+00 
 2.20064000e-09  1.94879554e+00  1.65120446e+00  2.57554695e+00  2.84222995e+00 
 2.20114000e-09  1.94894462e+00  1.65105538e+00  2.57557055e+00  2.84224536e+00 
 2.20164000e-09  1.94909222e+00  1.65090778e+00  2.57559434e+00  2.84226088e+00 
 2.20214000e-09  1.94923835e+00  1.65076165e+00  2.57561832e+00  2.84227651e+00 
 2.20264000e-09  1.94938302e+00  1.65061698e+00  2.57564250e+00  2.84229224e+00 
 2.20314000e-09  1.94952620e+00  1.65047380e+00  2.57566686e+00  2.84230808e+00 
 2.20364000e-09  1.94966791e+00  1.65033209e+00  2.57569142e+00  2.84232403e+00 
 2.20414000e-09  1.94980815e+00  1.65019185e+00  2.57571617e+00  2.84234008e+00 
 2.20464000e-09  1.94994690e+00  1.65005310e+00  2.57574110e+00  2.84235623e+00 
 2.20514000e-09  1.95008418e+00  1.64991582e+00  2.57576622e+00  2.84237249e+00 
 2.20564000e-09  1.95021997e+00  1.64978003e+00  2.57579152e+00  2.84238886e+00 
 2.20614000e-09  1.95035428e+00  1.64964572e+00  2.57581700e+00  2.84240532e+00 
 2.20664000e-09  1.95048711e+00  1.64951289e+00  2.57584267e+00  2.84242189e+00 
 2.20714000e-09  1.95061845e+00  1.64938155e+00  2.57586852e+00  2.84243856e+00 
 2.20764000e-09  1.95074831e+00  1.64925169e+00  2.57589454e+00  2.84245534e+00 
 2.20814000e-09  1.95087667e+00  1.64912333e+00  2.57592075e+00  2.84247221e+00 
 2.20864000e-09  1.95100355e+00  1.64899645e+00  2.57594713e+00  2.84248919e+00 
 2.20914000e-09  1.95112894e+00  1.64887106e+00  2.57597369e+00  2.84250626e+00 
 2.20964000e-09  1.95125284e+00  1.64874716e+00  2.57600042e+00  2.84252344e+00 
 2.21014000e-09  1.95137524e+00  1.64862476e+00  2.57602732e+00  2.84254072e+00 
 2.21064000e-09  1.95149615e+00  1.64850385e+00  2.57605440e+00  2.84255809e+00 
 2.21114000e-09  1.95161557e+00  1.64838443e+00  2.57608165e+00  2.84257556e+00 
 2.21164000e-09  1.95173348e+00  1.64826652e+00  2.57610907e+00  2.84259313e+00 
 2.21214000e-09  1.95184991e+00  1.64815009e+00  2.57613666e+00  2.84261080e+00 
 2.21264000e-09  1.95196483e+00  1.64803517e+00  2.57616442e+00  2.84262856e+00 
 2.21314000e-09  1.95207825e+00  1.64792175e+00  2.57619234e+00  2.84264643e+00 
 2.21364000e-09  1.95219017e+00  1.64780983e+00  2.57622043e+00  2.84266438e+00 
 2.21414000e-09  1.95230059e+00  1.64769941e+00  2.57624868e+00  2.84268243e+00 
 2.21464000e-09  1.95240951e+00  1.64759049e+00  2.57627709e+00  2.84270058e+00 
 2.21514000e-09  1.95251692e+00  1.64748308e+00  2.57630567e+00  2.84271882e+00 
 2.21564000e-09  1.95262282e+00  1.64737718e+00  2.57633441e+00  2.84273716e+00 
 2.21614000e-09  1.95272722e+00  1.64727278e+00  2.57636331e+00  2.84275559e+00 
 2.21664000e-09  1.95283012e+00  1.64716988e+00  2.57639237e+00  2.84277411e+00 
 2.21714000e-09  1.95293150e+00  1.64706850e+00  2.57642159e+00  2.84279272e+00 
 2.21764000e-09  1.95303138e+00  1.64696862e+00  2.57645096e+00  2.84281143e+00 
 2.21814000e-09  1.95312974e+00  1.64687026e+00  2.57648049e+00  2.84283023e+00 
 2.21864000e-09  1.95322660e+00  1.64677340e+00  2.57651018e+00  2.84284912e+00 
 2.21914000e-09  1.95332194e+00  1.64667806e+00  2.57654001e+00  2.84286810e+00 
 2.21964000e-09  1.95341576e+00  1.64658424e+00  2.57657001e+00  2.84288716e+00 
 2.22014000e-09  1.95350808e+00  1.64649192e+00  2.57660015e+00  2.84290632e+00 
 2.22064000e-09  1.95359888e+00  1.64640112e+00  2.57663044e+00  2.84292557e+00 
 2.22114000e-09  1.95368816e+00  1.64631184e+00  2.57666089e+00  2.84294491e+00 
 2.22164000e-09  1.95377593e+00  1.64622407e+00  2.57669148e+00  2.84296433e+00 
 2.22214000e-09  1.95386217e+00  1.64613783e+00  2.57672222e+00  2.84298384e+00 
 2.22264000e-09  1.95394690e+00  1.64605310e+00  2.57675311e+00  2.84300344e+00 
 2.22314000e-09  1.95403011e+00  1.64596989e+00  2.57678414e+00  2.84302312e+00 
 2.22364000e-09  1.95411180e+00  1.64588820e+00  2.57681532e+00  2.84304290e+00 
 2.22414000e-09  1.95419197e+00  1.64580803e+00  2.57684664e+00  2.84306275e+00 
 2.22464000e-09  1.95427062e+00  1.64572938e+00  2.57687810e+00  2.84308269e+00 
 2.22514000e-09  1.95434774e+00  1.64565226e+00  2.57690971e+00  2.84310272e+00 
 2.22564000e-09  1.95442335e+00  1.64557665e+00  2.57694146e+00  2.84312283e+00 
 2.22614000e-09  1.95449742e+00  1.64550258e+00  2.57697335e+00  2.84314302e+00 
 2.22664000e-09  1.95456998e+00  1.64543002e+00  2.57700538e+00  2.84316330e+00 
 2.22714000e-09  1.95464100e+00  1.64535900e+00  2.57703754e+00  2.84318366e+00 
 2.22764000e-09  1.95471050e+00  1.64528950e+00  2.57706985e+00  2.84320410e+00 
 2.22814000e-09  1.95477848e+00  1.64522152e+00  2.57710229e+00  2.84322462e+00 
 2.22864000e-09  1.95484492e+00  1.64515508e+00  2.57713486e+00  2.84324523e+00 
 2.22914000e-09  1.95490984e+00  1.64509016e+00  2.57716757e+00  2.84326591e+00 
 2.22964000e-09  1.95497323e+00  1.64502677e+00  2.57720042e+00  2.84328668e+00 
 2.23014000e-09  1.95503509e+00  1.64496491e+00  2.57723339e+00  2.84330752e+00 
 2.23064000e-09  1.95509542e+00  1.64490458e+00  2.57726650e+00  2.84332844e+00 
 2.23114000e-09  1.95515422e+00  1.64484578e+00  2.57729974e+00  2.84334945e+00 
 2.23164000e-09  1.95521148e+00  1.64478852e+00  2.57733311e+00  2.84337053e+00 
 2.23214000e-09  1.95526722e+00  1.64473278e+00  2.57736661e+00  2.84339168e+00 
 2.23264000e-09  1.95532142e+00  1.64467858e+00  2.57740024e+00  2.84341292e+00 
 2.23314000e-09  1.95537409e+00  1.64462591e+00  2.57743400e+00  2.84343423e+00 
 2.23364000e-09  1.95542523e+00  1.64457477e+00  2.57746788e+00  2.84345562e+00 
 2.23414000e-09  1.95547483e+00  1.64452517e+00  2.57750189e+00  2.84347708e+00 
 2.23464000e-09  1.95552290e+00  1.64447710e+00  2.57753602e+00  2.84349862e+00 
 2.23514000e-09  1.95556943e+00  1.64443057e+00  2.57757028e+00  2.84352024e+00 
 2.23564000e-09  1.95561443e+00  1.64438557e+00  2.57760466e+00  2.84354193e+00 
 2.23614000e-09  1.95565789e+00  1.64434211e+00  2.57763916e+00  2.84356369e+00 
 2.23664000e-09  1.95569982e+00  1.64430018e+00  2.57767379e+00  2.84358553e+00 
 2.23714000e-09  1.95574021e+00  1.64425979e+00  2.57770854e+00  2.84360743e+00 
 2.23764000e-09  1.95577906e+00  1.64422094e+00  2.57774340e+00  2.84362942e+00 
 2.23814000e-09  1.95581637e+00  1.64418363e+00  2.57777839e+00  2.84365147e+00 
 2.23864000e-09  1.95585215e+00  1.64414785e+00  2.57781349e+00  2.84367359e+00 
 2.23914000e-09  1.95588639e+00  1.64411361e+00  2.57784871e+00  2.84369579e+00 
 2.23964000e-09  1.95591909e+00  1.64408091e+00  2.57788405e+00  2.84371806e+00 
 2.24014000e-09  1.95595025e+00  1.64404975e+00  2.57791951e+00  2.84374039e+00 
 2.24064000e-09  1.95597987e+00  1.64402013e+00  2.57795508e+00  2.84376280e+00 
 2.24114000e-09  1.95600795e+00  1.64399205e+00  2.57799076e+00  2.84378528e+00 
 2.24164000e-09  1.95603449e+00  1.64396551e+00  2.57802656e+00  2.84380782e+00 
 2.24214000e-09  1.95605949e+00  1.64394051e+00  2.57806247e+00  2.84383043e+00 
 2.24264000e-09  1.95608296e+00  1.64391704e+00  2.57809849e+00  2.84385311e+00 
 2.24314000e-09  1.95610488e+00  1.64389512e+00  2.57813463e+00  2.84387586e+00 
 2.24364000e-09  1.95612526e+00  1.64387474e+00  2.57817087e+00  2.84389868e+00 
 2.24414000e-09  1.95614410e+00  1.64385590e+00  2.57820723e+00  2.84392156e+00 
 2.24464000e-09  1.95616140e+00  1.64383860e+00  2.57824369e+00  2.84394451e+00 
 2.24514000e-09  1.95617716e+00  1.64382284e+00  2.57828026e+00  2.84396752e+00 
 2.24564000e-09  1.95619137e+00  1.64380863e+00  2.57831694e+00  2.84399060e+00 
 2.24614000e-09  1.95620405e+00  1.64379595e+00  2.57835373e+00  2.84401374e+00 
 2.24664000e-09  1.95621518e+00  1.64378482e+00  2.57839062e+00  2.84403695e+00 
 2.24714000e-09  1.95622477e+00  1.64377523e+00  2.57842762e+00  2.84406022e+00 
 2.24764000e-09  1.95623282e+00  1.64376718e+00  2.57846472e+00  2.84408355e+00 
 2.24814000e-09  1.95623933e+00  1.64376067e+00  2.57850192e+00  2.84410695e+00 
 2.24864000e-09  1.95624430e+00  1.64375570e+00  2.57853923e+00  2.84413041e+00 
 2.24914000e-09  1.95624772e+00  1.64375228e+00  2.57857664e+00  2.84415393e+00 
 2.24964000e-09  1.95624960e+00  1.64375040e+00  2.57861416e+00  2.84417751e+00 
 2.25014000e-09  1.95624994e+00  1.64375006e+00  2.57865177e+00  2.84420115e+00 
 2.25064000e-09  1.95624874e+00  1.64375126e+00  2.57868948e+00  2.84422485e+00 
 2.25114000e-09  1.95624599e+00  1.64375401e+00  2.57872730e+00  2.84424862e+00 
 2.25164000e-09  1.95624170e+00  1.64375830e+00  2.57876521e+00  2.84427244e+00 
 2.25214000e-09  1.95623588e+00  1.64376412e+00  2.57880322e+00  2.84429632e+00 
 2.25264000e-09  1.95622850e+00  1.64377150e+00  2.57884132e+00  2.84432027e+00 
 2.25314000e-09  1.95621959e+00  1.64378041e+00  2.57887953e+00  2.84434427e+00 
 2.25364000e-09  1.95620914e+00  1.64379086e+00  2.57891783e+00  2.84436832e+00 
 2.25414000e-09  1.95619714e+00  1.64380286e+00  2.57895622e+00  2.84439244e+00 
 2.25464000e-09  1.95618360e+00  1.64381640e+00  2.57899471e+00  2.84441661e+00 
 2.25514000e-09  1.95616852e+00  1.64383148e+00  2.57903329e+00  2.84444084e+00 
 2.25564000e-09  1.95615190e+00  1.64384810e+00  2.57907197e+00  2.84446512e+00 
 2.25614000e-09  1.95613374e+00  1.64386626e+00  2.57911074e+00  2.84448946e+00 
 2.25664000e-09  1.95611404e+00  1.64388596e+00  2.57914960e+00  2.84451386e+00 
 2.25714000e-09  1.95609279e+00  1.64390721e+00  2.57918855e+00  2.84453831e+00 
 2.25764000e-09  1.95607001e+00  1.64392999e+00  2.57922759e+00  2.84456281e+00 
 2.25814000e-09  1.95604568e+00  1.64395432e+00  2.57926672e+00  2.84458737e+00 
 2.25864000e-09  1.95601982e+00  1.64398018e+00  2.57930594e+00  2.84461198e+00 
 2.25914000e-09  1.95599241e+00  1.64400759e+00  2.57934525e+00  2.84463665e+00 
 2.25964000e-09  1.95596347e+00  1.64403653e+00  2.57938465e+00  2.84466136e+00 
 2.26014000e-09  1.95593299e+00  1.64406701e+00  2.57942413e+00  2.84468613e+00 
 2.26064000e-09  1.95590096e+00  1.64409904e+00  2.57946371e+00  2.84471095e+00 
 2.26114000e-09  1.95586740e+00  1.64413260e+00  2.57950336e+00  2.84473583e+00 
 2.26164000e-09  1.95583230e+00  1.64416770e+00  2.57954310e+00  2.84476075e+00 
 2.26214000e-09  1.95579566e+00  1.64420434e+00  2.57958293e+00  2.84478572e+00 
 2.26264000e-09  1.95575749e+00  1.64424251e+00  2.57962284e+00  2.84481075e+00 
 2.26314000e-09  1.95571778e+00  1.64428222e+00  2.57966283e+00  2.84483582e+00 
 2.26364000e-09  1.95567653e+00  1.64432347e+00  2.57970291e+00  2.84486094e+00 
 2.26414000e-09  1.95563374e+00  1.64436626e+00  2.57974307e+00  2.84488612e+00 
 2.26464000e-09  1.95558942e+00  1.64441058e+00  2.57978331e+00  2.84491133e+00 
 2.26514000e-09  1.95554356e+00  1.64445644e+00  2.57982363e+00  2.84493660e+00 
 2.26564000e-09  1.95549617e+00  1.64450383e+00  2.57986403e+00  2.84496192e+00 
 2.26614000e-09  1.95544724e+00  1.64455276e+00  2.57990451e+00  2.84498728e+00 
 2.26664000e-09  1.95539678e+00  1.64460322e+00  2.57994506e+00  2.84501269e+00 
 2.26714000e-09  1.95534479e+00  1.64465521e+00  2.57998570e+00  2.84503814e+00 
 2.26764000e-09  1.95529126e+00  1.64470874e+00  2.58002642e+00  2.84506364e+00 
 2.26814000e-09  1.95523620e+00  1.64476380e+00  2.58006721e+00  2.84508918e+00 
 2.26864000e-09  1.95517960e+00  1.64482040e+00  2.58010807e+00  2.84511477e+00 
 2.26914000e-09  1.95512148e+00  1.64487852e+00  2.58014902e+00  2.84514041e+00 
 2.26964000e-09  1.95506182e+00  1.64493818e+00  2.58019004e+00  2.84516609e+00 
 2.27014000e-09  1.95500064e+00  1.64499936e+00  2.58023113e+00  2.84519181e+00 
 2.27064000e-09  1.95493792e+00  1.64506208e+00  2.58027230e+00  2.84521757e+00 
 2.27114000e-09  1.95487367e+00  1.64512633e+00  2.58031354e+00  2.84524338e+00 
 2.27164000e-09  1.95480790e+00  1.64519210e+00  2.58035485e+00  2.84526923e+00 
 2.27214000e-09  1.95474060e+00  1.64525940e+00  2.58039624e+00  2.84529512e+00 
 2.27264000e-09  1.95467177e+00  1.64532823e+00  2.58043770e+00  2.84532106e+00 
 2.27314000e-09  1.95460142e+00  1.64539858e+00  2.58047923e+00  2.84534703e+00 
 2.27364000e-09  1.95452953e+00  1.64547047e+00  2.58052083e+00  2.84537304e+00 
 2.27414000e-09  1.95445613e+00  1.64554387e+00  2.58056250e+00  2.84539910e+00 
 2.27464000e-09  1.95438120e+00  1.64561880e+00  2.58060424e+00  2.84542519e+00 
 2.27514000e-09  1.95430474e+00  1.64569526e+00  2.58064605e+00  2.84545133e+00 
 2.27564000e-09  1.95422677e+00  1.64577323e+00  2.58068792e+00  2.84547750e+00 
 2.27614000e-09  1.95414727e+00  1.64585273e+00  2.58072987e+00  2.84550371e+00 
 2.27664000e-09  1.95406624e+00  1.64593376e+00  2.58077188e+00  2.84552996e+00 
 2.27714000e-09  1.95398370e+00  1.64601630e+00  2.58081396e+00  2.84555624e+00 
 2.27764000e-09  1.95389964e+00  1.64610036e+00  2.58085610e+00  2.84558257e+00 
 2.27814000e-09  1.95381406e+00  1.64618594e+00  2.58089831e+00  2.84560893e+00 
 2.27864000e-09  1.95372696e+00  1.64627304e+00  2.58094059e+00  2.84563532e+00 
 2.27914000e-09  1.95363835e+00  1.64636165e+00  2.58098293e+00  2.84566175e+00 
 2.27964000e-09  1.95354822e+00  1.64645178e+00  2.58102533e+00  2.84568822e+00 
 2.28014000e-09  1.95345657e+00  1.64654343e+00  2.58106780e+00  2.84571472e+00 
 2.28064000e-09  1.95336341e+00  1.64663659e+00  2.58111033e+00  2.84574126e+00 
 2.28114000e-09  1.95326873e+00  1.64673127e+00  2.58115292e+00  2.84576783e+00 
 2.28164000e-09  1.95317254e+00  1.64682746e+00  2.58119558e+00  2.84579444e+00 
 2.28214000e-09  1.95307484e+00  1.64692516e+00  2.58123830e+00  2.84582107e+00 
 2.28264000e-09  1.95297563e+00  1.64702437e+00  2.58128107e+00  2.84584774e+00 
 2.28314000e-09  1.95287491e+00  1.64712509e+00  2.58132391e+00  2.84587445e+00 
 2.28364000e-09  1.95277268e+00  1.64722732e+00  2.58136681e+00  2.84590118e+00 
 2.28414000e-09  1.95266895e+00  1.64733105e+00  2.58140976e+00  2.84592795e+00 
 2.28464000e-09  1.95256370e+00  1.64743630e+00  2.58145278e+00  2.84595475e+00 
 2.28514000e-09  1.95245695e+00  1.64754305e+00  2.58149585e+00  2.84598157e+00 
 2.28564000e-09  1.95234870e+00  1.64765130e+00  2.58153898e+00  2.84600843e+00 
 2.28614000e-09  1.95223894e+00  1.64776106e+00  2.58158217e+00  2.84603532e+00 
 2.28664000e-09  1.95212768e+00  1.64787232e+00  2.58162542e+00  2.84606224e+00 
 2.28714000e-09  1.95201492e+00  1.64798508e+00  2.58166872e+00  2.84608918e+00 
 2.28764000e-09  1.95190066e+00  1.64809934e+00  2.58171208e+00  2.84611616e+00 
 2.28814000e-09  1.95178489e+00  1.64821511e+00  2.58175549e+00  2.84614316e+00 
 2.28864000e-09  1.95166763e+00  1.64833237e+00  2.58179896e+00  2.84617019e+00 
 2.28914000e-09  1.95154888e+00  1.64845112e+00  2.58184248e+00  2.84619724e+00 
 2.28964000e-09  1.95142863e+00  1.64857137e+00  2.58188606e+00  2.84622433e+00 
 2.29014000e-09  1.95130688e+00  1.64869312e+00  2.58192969e+00  2.84625143e+00 
 2.29064000e-09  1.95118364e+00  1.64881636e+00  2.58197337e+00  2.84627857e+00 
 2.29114000e-09  1.95105891e+00  1.64894109e+00  2.58201711e+00  2.84630573e+00 
 2.29164000e-09  1.95093268e+00  1.64906732e+00  2.58206090e+00  2.84633291e+00 
 2.29214000e-09  1.95080497e+00  1.64919503e+00  2.58210474e+00  2.84636012e+00 
 2.29264000e-09  1.95067577e+00  1.64932423e+00  2.58214863e+00  2.84638736e+00 
 2.29314000e-09  1.95054508e+00  1.64945492e+00  2.58219257e+00  2.84641461e+00 
 2.29364000e-09  1.95041291e+00  1.64958709e+00  2.58223657e+00  2.84644189e+00 
 2.29414000e-09  1.95027925e+00  1.64972075e+00  2.58228061e+00  2.84646919e+00 
 2.29464000e-09  1.95014411e+00  1.64985589e+00  2.58232470e+00  2.84649651e+00 
 2.29514000e-09  1.95000748e+00  1.64999252e+00  2.58236884e+00  2.84652386e+00 
 2.29564000e-09  1.94986938e+00  1.65013062e+00  2.58241303e+00  2.84655122e+00 
 2.29614000e-09  1.94972980e+00  1.65027020e+00  2.58245727e+00  2.84657861e+00 
 2.29664000e-09  1.94958874e+00  1.65041126e+00  2.58250156e+00  2.84660602e+00 
 2.29714000e-09  1.94944620e+00  1.65055380e+00  2.58254589e+00  2.84663344e+00 
 2.29764000e-09  1.94930219e+00  1.65069781e+00  2.58259028e+00  2.84666089e+00 
 2.29814000e-09  1.94915670e+00  1.65084330e+00  2.58263471e+00  2.84668835e+00 
 2.29864000e-09  1.94900974e+00  1.65099026e+00  2.58267918e+00  2.84671583e+00 
 2.29914000e-09  1.94886131e+00  1.65113869e+00  2.58272370e+00  2.84674333e+00 
 2.29964000e-09  1.94871142e+00  1.65128858e+00  2.58276827e+00  2.84677084e+00 
 2.30014000e-09  1.94856005e+00  1.65143995e+00  2.58281288e+00  2.84679838e+00 
 2.30064000e-09  1.94840722e+00  1.65159278e+00  2.58285754e+00  2.84682593e+00 
 2.30114000e-09  1.94825292e+00  1.65174708e+00  2.58290224e+00  2.84685349e+00 
 2.30164000e-09  1.94809716e+00  1.65190284e+00  2.58294698e+00  2.84688107e+00 
 2.30214000e-09  1.94793994e+00  1.65206006e+00  2.58299177e+00  2.84690866e+00 
 2.30264000e-09  1.94778126e+00  1.65221874e+00  2.58303661e+00  2.84693627e+00 
 2.30314000e-09  1.94762112e+00  1.65237888e+00  2.58308148e+00  2.84696389e+00 
 2.30364000e-09  1.94745952e+00  1.65254048e+00  2.58312640e+00  2.84699152e+00 
 2.30414000e-09  1.94729647e+00  1.65270353e+00  2.58317137e+00  2.84701917e+00 
 2.30464000e-09  1.94713196e+00  1.65286804e+00  2.58321637e+00  2.84704682e+00 
 2.30514000e-09  1.94696601e+00  1.65303399e+00  2.58326142e+00  2.84707449e+00 
 2.30564000e-09  1.94679860e+00  1.65320140e+00  2.58330650e+00  2.84710217e+00 
 2.30614000e-09  1.94662974e+00  1.65337026e+00  2.58335163e+00  2.84712986e+00 
 2.30664000e-09  1.94645943e+00  1.65354057e+00  2.58339680e+00  2.84715756e+00 
 2.30714000e-09  1.94628768e+00  1.65371232e+00  2.58344201e+00  2.84718527e+00 
 2.30764000e-09  1.94611449e+00  1.65388551e+00  2.58348726e+00  2.84721298e+00 
 2.30814000e-09  1.94593985e+00  1.65406015e+00  2.58353255e+00  2.84724071e+00 
 2.30864000e-09  1.94576378e+00  1.65423622e+00  2.58357789e+00  2.84726844e+00 
 2.30914000e-09  1.94558626e+00  1.65441374e+00  2.58362326e+00  2.84729618e+00 
 2.30964000e-09  1.94540731e+00  1.65459269e+00  2.58366867e+00  2.84732392e+00 
 2.31014000e-09  1.94522692e+00  1.65477308e+00  2.58371412e+00  2.84735167e+00 
 2.31064000e-09  1.94504510e+00  1.65495490e+00  2.58375961e+00  2.84737943e+00 
 2.31114000e-09  1.94486185e+00  1.65513815e+00  2.58380513e+00  2.84740718e+00 
 2.31164000e-09  1.94467717e+00  1.65532283e+00  2.58385070e+00  2.84743495e+00 
 2.31214000e-09  1.94449106e+00  1.65550894e+00  2.58389630e+00  2.84746271e+00 
 2.31264000e-09  1.94430352e+00  1.65569648e+00  2.58394195e+00  2.84749048e+00 
 2.31314000e-09  1.94411456e+00  1.65588544e+00  2.58398763e+00  2.84751825e+00 
 2.31364000e-09  1.94392418e+00  1.65607582e+00  2.58403334e+00  2.84754601e+00 
 2.31414000e-09  1.94373238e+00  1.65626762e+00  2.58407910e+00  2.84757378e+00 
 2.31464000e-09  1.94353916e+00  1.65646084e+00  2.58412489e+00  2.84760155e+00 
 2.31514000e-09  1.94334452e+00  1.65665548e+00  2.58417072e+00  2.84762932e+00 
 2.31564000e-09  1.94314847e+00  1.65685153e+00  2.58421659e+00  2.84765709e+00 
 2.31614000e-09  1.94295100e+00  1.65704900e+00  2.58426249e+00  2.84768485e+00 
 2.31664000e-09  1.94275212e+00  1.65724788e+00  2.58430844e+00  2.84771261e+00 
 2.31714000e-09  1.94255184e+00  1.65744816e+00  2.58435441e+00  2.84774037e+00 
 2.31764000e-09  1.94235015e+00  1.65764985e+00  2.58440043e+00  2.84776812e+00 
 2.31814000e-09  1.94214705e+00  1.65785295e+00  2.58444648e+00  2.84779586e+00 
 2.31864000e-09  1.94194255e+00  1.65805745e+00  2.58449257e+00  2.84782360e+00 
 2.31914000e-09  1.94173665e+00  1.65826335e+00  2.58453869e+00  2.84785134e+00 
 2.31964000e-09  1.94152935e+00  1.65847065e+00  2.58458485e+00  2.84787906e+00 
 2.32014000e-09  1.94132065e+00  1.65867935e+00  2.58463105e+00  2.84790678e+00 
 2.32064000e-09  1.94111056e+00  1.65888944e+00  2.58467729e+00  2.84793448e+00 
 2.32114000e-09  1.94089908e+00  1.65910092e+00  2.58472356e+00  2.84796218e+00 
 2.32164000e-09  1.94068620e+00  1.65931380e+00  2.58476986e+00  2.84798986e+00 
 2.32214000e-09  1.94047194e+00  1.65952806e+00  2.58481620e+00  2.84801754e+00 
 2.32264000e-09  1.94025629e+00  1.65974371e+00  2.58486258e+00  2.84804520e+00 
 2.32314000e-09  1.94003925e+00  1.65996075e+00  2.58490900e+00  2.84807284e+00 
 2.32364000e-09  1.93982084e+00  1.66017916e+00  2.58495545e+00  2.84810047e+00 
 2.32414000e-09  1.93960104e+00  1.66039896e+00  2.58500194e+00  2.84812809e+00 
 2.32464000e-09  1.93937987e+00  1.66062013e+00  2.58504847e+00  2.84815569e+00 
 2.32514000e-09  1.93915732e+00  1.66084268e+00  2.58509503e+00  2.84818327e+00 
 2.32564000e-09  1.93893339e+00  1.66106661e+00  2.58514163e+00  2.84821083e+00 
 2.32614000e-09  1.93870810e+00  1.66129190e+00  2.58518827e+00  2.84823837e+00 
 2.32664000e-09  1.93848144e+00  1.66151856e+00  2.58523494e+00  2.84826589e+00 
 2.32714000e-09  1.93825341e+00  1.66174659e+00  2.58528165e+00  2.84829339e+00 
 2.32764000e-09  1.93802401e+00  1.66197599e+00  2.58532840e+00  2.84832087e+00 
 2.32814000e-09  1.93779326e+00  1.66220674e+00  2.58537519e+00  2.84834833e+00 
 2.32864000e-09  1.93756114e+00  1.66243886e+00  2.58542201e+00  2.84837576e+00 
 2.32914000e-09  1.93732766e+00  1.66267234e+00  2.58546888e+00  2.84840316e+00 
 2.32964000e-09  1.93709283e+00  1.66290717e+00  2.58551578e+00  2.84843053e+00 
 2.33014000e-09  1.93685665e+00  1.66314335e+00  2.58556272e+00  2.84845788e+00 
 2.33064000e-09  1.93661912e+00  1.66338088e+00  2.58560970e+00  2.84848520e+00 
 2.33114000e-09  1.93638024e+00  1.66361976e+00  2.58565672e+00  2.84851249e+00 
 2.33164000e-09  1.93614001e+00  1.66385999e+00  2.58570378e+00  2.84853974e+00 
 2.33214000e-09  1.93589844e+00  1.66410156e+00  2.58575089e+00  2.84856696e+00 
 2.33264000e-09  1.93565552e+00  1.66434448e+00  2.58579803e+00  2.84859415e+00 
 2.33314000e-09  1.93541127e+00  1.66458873e+00  2.58584521e+00  2.84862130e+00 
 2.33364000e-09  1.93516568e+00  1.66483432e+00  2.58589244e+00  2.84864841e+00 
 2.33414000e-09  1.93491876e+00  1.66508124e+00  2.58593970e+00  2.84867549e+00 
 2.33464000e-09  1.93467051e+00  1.66532949e+00  2.58598702e+00  2.84870252e+00 
 2.33514000e-09  1.93442092e+00  1.66557908e+00  2.58603437e+00  2.84872951e+00 
 2.33564000e-09  1.93417002e+00  1.66582998e+00  2.58608177e+00  2.84875646e+00 
 2.33614000e-09  1.93391778e+00  1.66608222e+00  2.58612921e+00  2.84878337e+00 
 2.33664000e-09  1.93366423e+00  1.66633577e+00  2.58617670e+00  2.84881023e+00 
 2.33714000e-09  1.93340935e+00  1.66659065e+00  2.58622424e+00  2.84883704e+00 
 2.33764000e-09  1.93315316e+00  1.66684684e+00  2.58627182e+00  2.84886380e+00 
 2.33814000e-09  1.93289565e+00  1.66710435e+00  2.58631945e+00  2.84889051e+00 
 2.33864000e-09  1.93263684e+00  1.66736316e+00  2.58636713e+00  2.84891717e+00 
 2.33914000e-09  1.93237671e+00  1.66762329e+00  2.58641485e+00  2.84894377e+00 
 2.33964000e-09  1.93211528e+00  1.66788472e+00  2.58646263e+00  2.84897031e+00 
 2.34014000e-09  1.93185254e+00  1.66814746e+00  2.58651046e+00  2.84899680e+00 
 2.34064000e-09  1.93158850e+00  1.66841150e+00  2.58655834e+00  2.84902323e+00 
 2.34114000e-09  1.93132317e+00  1.66867683e+00  2.58660627e+00  2.84904959e+00 
 2.34164000e-09  1.93105653e+00  1.66894347e+00  2.58665426e+00  2.84907589e+00 
 2.34214000e-09  1.93078861e+00  1.66921139e+00  2.58670230e+00  2.84910212e+00 
 2.34264000e-09  1.93051939e+00  1.66948061e+00  2.58675040e+00  2.84912829e+00 
 2.34314000e-09  1.93024888e+00  1.66975112e+00  2.58679856e+00  2.84915438e+00 
 2.34364000e-09  1.92997709e+00  1.67002291e+00  2.58684677e+00  2.84918041e+00 
 2.34414000e-09  1.92970402e+00  1.67029598e+00  2.58689505e+00  2.84920635e+00 
 2.34464000e-09  1.92942967e+00  1.67057033e+00  2.58694339e+00  2.84923222e+00 
 2.34514000e-09  1.92915403e+00  1.67084597e+00  2.58699179e+00  2.84925801e+00 
 2.34564000e-09  1.92887713e+00  1.67112287e+00  2.58704025e+00  2.84928372e+00 
 2.34614000e-09  1.92859895e+00  1.67140105e+00  2.58708878e+00  2.84930934e+00 
 2.34664000e-09  1.92831950e+00  1.67168050e+00  2.58713738e+00  2.84933487e+00 
 2.34714000e-09  1.92803879e+00  1.67196121e+00  2.58718604e+00  2.84936032e+00 
 2.34764000e-09  1.92775681e+00  1.67224319e+00  2.58723478e+00  2.84938567e+00 
 2.34814000e-09  1.92747357e+00  1.67252643e+00  2.58728359e+00  2.84941092e+00 
 2.34864000e-09  1.92718908e+00  1.67281092e+00  2.58733247e+00  2.84943608e+00 
 2.34914000e-09  1.92690333e+00  1.67309667e+00  2.58738143e+00  2.84946113e+00 
 2.34964000e-09  1.92661632e+00  1.67338368e+00  2.58743047e+00  2.84948608e+00 
 2.35014000e-09  1.92632807e+00  1.67367193e+00  2.58747958e+00  2.84951093e+00 
 2.35064000e-09  1.92603857e+00  1.67396143e+00  2.58752878e+00  2.84953566e+00 
 2.35114000e-09  1.92574782e+00  1.67425218e+00  2.58757807e+00  2.84956027e+00 
 2.35164000e-09  1.92545584e+00  1.67454416e+00  2.58762744e+00  2.84958477e+00 
 2.35214000e-09  1.92516261e+00  1.67483739e+00  2.58767690e+00  2.84960915e+00 
 2.35264000e-09  1.92486815e+00  1.67513185e+00  2.58772645e+00  2.84963340e+00 
 2.35314000e-09  1.92457246e+00  1.67542754e+00  2.58777609e+00  2.84965753e+00 
 2.35364000e-09  1.92427554e+00  1.67572446e+00  2.58782583e+00  2.84968152e+00 
 2.35414000e-09  1.92397740e+00  1.67602260e+00  2.58787567e+00  2.84970537e+00 
 2.35464000e-09  1.92367802e+00  1.67632198e+00  2.58792562e+00  2.84972909e+00 
 2.35514000e-09  1.92337743e+00  1.67662257e+00  2.58797566e+00  2.84975266e+00 
 2.35564000e-09  1.92307562e+00  1.67692438e+00  2.58802582e+00  2.84977608e+00 
 2.35614000e-09  1.92277260e+00  1.67722740e+00  2.58807608e+00  2.84979934e+00 
 2.35664000e-09  1.92246836e+00  1.67753164e+00  2.58812647e+00  2.84982245e+00 
 2.35714000e-09  1.92216292e+00  1.67783708e+00  2.58817696e+00  2.84984540e+00 
 2.35764000e-09  1.92185627e+00  1.67814373e+00  2.58822758e+00  2.84986818e+00 
 2.35814000e-09  1.92154841e+00  1.67845159e+00  2.58827833e+00  2.84989078e+00 
 2.35864000e-09  1.92123936e+00  1.67876064e+00  2.58832920e+00  2.84991321e+00 
 2.35914000e-09  1.92092911e+00  1.67907089e+00  2.58838021e+00  2.84993546e+00 
 2.35964000e-09  1.92061767e+00  1.67938233e+00  2.58843135e+00  2.84995752e+00 
 2.36014000e-09  1.92030504e+00  1.67969496e+00  2.58848263e+00  2.84997938e+00 
 2.36064000e-09  1.91999122e+00  1.68000878e+00  2.58853405e+00  2.85000105e+00 
 2.36114000e-09  1.91967621e+00  1.68032379e+00  2.58858563e+00  2.85002251e+00 
 2.36164000e-09  1.91936003e+00  1.68063997e+00  2.58863736e+00  2.85004376e+00 
 2.36214000e-09  1.91904266e+00  1.68095734e+00  2.58868924e+00  2.85006479e+00 
 2.36264000e-09  1.91872412e+00  1.68127588e+00  2.58874129e+00  2.85008559e+00 
 2.36314000e-09  1.91840441e+00  1.68159559e+00  2.58879351e+00  2.85010617e+00 
 2.36364000e-09  1.91808353e+00  1.68191647e+00  2.58884590e+00  2.85012651e+00 
 2.36414000e-09  1.91776149e+00  1.68223851e+00  2.58889847e+00  2.85014660e+00 
 2.36464000e-09  1.91743828e+00  1.68256172e+00  2.58895122e+00  2.85016644e+00 
 2.36514000e-09  1.91711392e+00  1.68288608e+00  2.58900416e+00  2.85018602e+00 
 2.36564000e-09  1.91678839e+00  1.68321161e+00  2.58905730e+00  2.85020534e+00 
 2.36614000e-09  1.91646172e+00  1.68353828e+00  2.58911064e+00  2.85022438e+00 
 2.36664000e-09  1.91613390e+00  1.68386610e+00  2.58916419e+00  2.85024314e+00 
 2.36714000e-09  1.91580492e+00  1.68419508e+00  2.58921795e+00  2.85026160e+00 
 2.36764000e-09  1.91547481e+00  1.68452519e+00  2.58927193e+00  2.85027976e+00 
 2.36814000e-09  1.91514356e+00  1.68485644e+00  2.58932615e+00  2.85029762e+00 
 2.36864000e-09  1.91481117e+00  1.68518883e+00  2.58938059e+00  2.85031516e+00 
 2.36914000e-09  1.91447765e+00  1.68552235e+00  2.58943529e+00  2.85033236e+00 
 2.36964000e-09  1.91414300e+00  1.68585700e+00  2.58949023e+00  2.85034923e+00 
 2.37014000e-09  1.91380722e+00  1.68619278e+00  2.58954543e+00  2.85036576e+00 
 2.37064000e-09  1.91347031e+00  1.68652969e+00  2.58960090e+00  2.85038192e+00 
 2.37114000e-09  1.91313229e+00  1.68686771e+00  2.58965664e+00  2.85039771e+00 
 2.37164000e-09  1.91279315e+00  1.68720685e+00  2.58971266e+00  2.85041313e+00 
 2.37214000e-09  1.91245290e+00  1.68754710e+00  2.58976898e+00  2.85042815e+00 
 2.37264000e-09  1.91211154e+00  1.68788846e+00  2.58982561e+00  2.85044277e+00 
 2.37314000e-09  1.91176907e+00  1.68823093e+00  2.58988254e+00  2.85045697e+00 
 2.37364000e-09  1.91142550e+00  1.68857450e+00  2.58993980e+00  2.85047075e+00 
 2.37414000e-09  1.91108083e+00  1.68891917e+00  2.58999739e+00  2.85048409e+00 
 2.37464000e-09  1.91073506e+00  1.68926494e+00  2.59005532e+00  2.85049697e+00 
 2.37514000e-09  1.91038820e+00  1.68961180e+00  2.59011361e+00  2.85050938e+00 
 2.37564000e-09  1.91004025e+00  1.68995975e+00  2.59017226e+00  2.85052131e+00 
 2.37614000e-09  1.90969122e+00  1.69030878e+00  2.59023129e+00  2.85053274e+00 
 2.37664000e-09  1.90934110e+00  1.69065890e+00  2.59029070e+00  2.85054367e+00 
 2.37714000e-09  1.90898990e+00  1.69101010e+00  2.59035052e+00  2.85055406e+00 
 2.37764000e-09  1.90863763e+00  1.69136237e+00  2.59041076e+00  2.85056392e+00 
 2.37814000e-09  1.90828428e+00  1.69171572e+00  2.59047142e+00  2.85057321e+00 
 2.37864000e-09  1.90792987e+00  1.69207013e+00  2.59053252e+00  2.85058193e+00 
 2.37914000e-09  1.90757439e+00  1.69242561e+00  2.59059408e+00  2.85059006e+00 
 2.37964000e-09  1.90721785e+00  1.69278215e+00  2.59065611e+00  2.85059757e+00 
 2.38014000e-09  1.90686025e+00  1.69313975e+00  2.59071862e+00  2.85060445e+00 
 2.38064000e-09  1.90650160e+00  1.69349840e+00  2.59078164e+00  2.85061069e+00 
 2.38114000e-09  1.90614189e+00  1.69385811e+00  2.59084517e+00  2.85061626e+00 
 2.38164000e-09  1.90578114e+00  1.69421886e+00  2.59090924e+00  2.85062113e+00 
 2.38214000e-09  1.90541934e+00  1.69458066e+00  2.59097385e+00  2.85062530e+00 
 2.38264000e-09  1.90505651e+00  1.69494349e+00  2.59103904e+00  2.85062874e+00 
 2.38314000e-09  1.90469263e+00  1.69530737e+00  2.59110481e+00  2.85063143e+00 
 2.38364000e-09  1.90432773e+00  1.69567227e+00  2.59117118e+00  2.85063334e+00 
 2.38414000e-09  1.90396179e+00  1.69603821e+00  2.59123818e+00  2.85063445e+00 
 2.38464000e-09  1.90359483e+00  1.69640517e+00  2.59130583e+00  2.85063473e+00 
 2.38514000e-09  1.90322684e+00  1.69677316e+00  2.59137413e+00  2.85063417e+00 
 2.38564000e-09  1.90285784e+00  1.69714216e+00  2.59144313e+00  2.85063274e+00 
 2.38614000e-09  1.90248782e+00  1.69751218e+00  2.59151283e+00  2.85063041e+00 
 2.38664000e-09  1.90211679e+00  1.69788321e+00  2.59158326e+00  2.85062714e+00 
 2.38714000e-09  1.90174475e+00  1.69825525e+00  2.59165444e+00  2.85062293e+00 
 2.38764000e-09  1.90137170e+00  1.69862830e+00  2.59172641e+00  2.85061773e+00 
 2.38814000e-09  1.90099766e+00  1.69900234e+00  2.59179917e+00  2.85061151e+00 
 2.38864000e-09  1.90062262e+00  1.69937738e+00  2.59187276e+00  2.85060426e+00 
 2.38914000e-09  1.90024659e+00  1.69975341e+00  2.59194720e+00  2.85059592e+00 
 2.38964000e-09  1.89986957e+00  1.70013043e+00  2.59202253e+00  2.85058649e+00 
 2.39014000e-09  1.89949156e+00  1.70050844e+00  2.59209876e+00  2.85057591e+00 
 2.39064000e-09  1.89911257e+00  1.70088743e+00  2.59217592e+00  2.85056415e+00 
 2.39114000e-09  1.89873260e+00  1.70126740e+00  2.59225405e+00  2.85055119e+00 
 2.39164000e-09  1.89835166e+00  1.70164834e+00  2.59233318e+00  2.85053698e+00 
 2.39214000e-09  1.89796974e+00  1.70203026e+00  2.59241333e+00  2.85052149e+00 
 2.39264000e-09  1.89758686e+00  1.70241314e+00  2.59249454e+00  2.85050468e+00 
 2.39314000e-09  1.89720302e+00  1.70279698e+00  2.59257685e+00  2.85048651e+00 
 2.39364000e-09  1.89681821e+00  1.70318179e+00  2.59266027e+00  2.85046694e+00 
 2.39414000e-09  1.89643246e+00  1.70356754e+00  2.59274486e+00  2.85044592e+00 
 2.39464000e-09  1.89604575e+00  1.70395425e+00  2.59283064e+00  2.85042343e+00 
 2.39514000e-09  1.89565809e+00  1.70434191e+00  2.59291765e+00  2.85039941e+00 
 2.39564000e-09  1.89526949e+00  1.70473051e+00  2.59300594e+00  2.85037381e+00 
 2.39614000e-09  1.89487994e+00  1.70512006e+00  2.59309553e+00  2.85034660e+00 
 2.39664000e-09  1.89448946e+00  1.70551054e+00  2.59318647e+00  2.85031772e+00 
 2.39714000e-09  1.89409805e+00  1.70590195e+00  2.59327879e+00  2.85028714e+00 
 2.39764000e-09  1.89370571e+00  1.70629429e+00  2.59337255e+00  2.85025478e+00 
 2.39814000e-09  1.89331245e+00  1.70668755e+00  2.59346779e+00  2.85022062e+00 
 2.39864000e-09  1.89291826e+00  1.70708174e+00  2.59356454e+00  2.85018459e+00 
 2.39914000e-09  1.89252316e+00  1.70747684e+00  2.59366285e+00  2.85014664e+00 
 2.39964000e-09  1.89212714e+00  1.70787286e+00  2.59376278e+00  2.85010672e+00 
 2.40014000e-09  1.89173022e+00  1.70826978e+00  2.59386436e+00  2.85006477e+00 
 2.40064000e-09  1.89133238e+00  1.70866762e+00  2.59396765e+00  2.85002073e+00 
 2.40114000e-09  1.89093365e+00  1.70906635e+00  2.59407269e+00  2.84997455e+00 
 2.40164000e-09  1.89053402e+00  1.70946598e+00  2.59417954e+00  2.84992616e+00 
 2.40214000e-09  1.89013350e+00  1.70986650e+00  2.59428826e+00  2.84987550e+00 
 2.40264000e-09  1.88973209e+00  1.71026791e+00  2.59439888e+00  2.84982252e+00 
 2.40314000e-09  1.88932979e+00  1.71067021e+00  2.59451148e+00  2.84976714e+00 
 2.40364000e-09  1.88892661e+00  1.71107339e+00  2.59462610e+00  2.84970930e+00 
 2.40414000e-09  1.88852255e+00  1.71147745e+00  2.59474281e+00  2.84964893e+00 
 2.40464000e-09  1.88811762e+00  1.71188238e+00  2.59486166e+00  2.84958597e+00 
 2.40514000e-09  1.88771182e+00  1.71228818e+00  2.59498271e+00  2.84952034e+00 
 2.40564000e-09  1.88730515e+00  1.71269485e+00  2.59510602e+00  2.84945198e+00 
 2.40614000e-09  1.88689762e+00  1.71310238e+00  2.59523166e+00  2.84938081e+00 
 2.40664000e-09  1.88648923e+00  1.71351077e+00  2.59535969e+00  2.84930675e+00 
 2.40714000e-09  1.88607999e+00  1.71392001e+00  2.59549018e+00  2.84922973e+00 
 2.40764000e-09  1.88566990e+00  1.71433010e+00  2.59562319e+00  2.84914968e+00 
 2.40814000e-09  1.88525897e+00  1.71474103e+00  2.59575879e+00  2.84906651e+00 
 2.40864000e-09  1.88484719e+00  1.71515281e+00  2.59589705e+00  2.84898015e+00 
 2.40914000e-09  1.88443458e+00  1.71556542e+00  2.59603805e+00  2.84889051e+00 
 2.40964000e-09  1.88402113e+00  1.71597887e+00  2.59618184e+00  2.84879751e+00 
 2.41014000e-09  1.88360686e+00  1.71639314e+00  2.59632851e+00  2.84870108e+00 
 2.41064000e-09  1.88319175e+00  1.71680825e+00  2.59647813e+00  2.84860111e+00 
 2.41114000e-09  1.88277583e+00  1.71722417e+00  2.59663078e+00  2.84849753e+00 
 2.41164000e-09  1.88235909e+00  1.71764091e+00  2.59678653e+00  2.84839025e+00 
 2.41214000e-09  1.88194154e+00  1.71805846e+00  2.59694546e+00  2.84827918e+00 
 2.41264000e-09  1.88152318e+00  1.71847682e+00  2.59710766e+00  2.84816423e+00 
 2.41314000e-09  1.88110401e+00  1.71889599e+00  2.59727319e+00  2.84804531e+00 
 2.41364000e-09  1.88068405e+00  1.71931595e+00  2.59744214e+00  2.84792232e+00 
 2.41414000e-09  1.88026328e+00  1.71973672e+00  2.59761459e+00  2.84779518e+00 
 2.41464000e-09  1.87984173e+00  1.72015827e+00  2.59779064e+00  2.84766378e+00 
 2.41514000e-09  1.87941939e+00  1.72058061e+00  2.59797035e+00  2.84752805e+00 
 2.41564000e-09  1.87899626e+00  1.72100374e+00  2.59815382e+00  2.84738787e+00 
 2.41614000e-09  1.87857235e+00  1.72142765e+00  2.59834114e+00  2.84724315e+00 
 2.41664000e-09  1.87814767e+00  1.72185233e+00  2.59853238e+00  2.84709379e+00 
 2.41714000e-09  1.87772222e+00  1.72227778e+00  2.59872764e+00  2.84693970e+00 
 2.41764000e-09  1.87729600e+00  1.72270400e+00  2.59892701e+00  2.84678078e+00 
 2.41814000e-09  1.87686902e+00  1.72313098e+00  2.59913058e+00  2.84661693e+00 
 2.41864000e-09  1.87644127e+00  1.72355873e+00  2.59933842e+00  2.84644804e+00 
 2.41914000e-09  1.87601278e+00  1.72398722e+00  2.59955065e+00  2.84627403e+00 
 2.41964000e-09  1.87558353e+00  1.72441647e+00  2.59976734e+00  2.84609478e+00 
 2.42014000e-09  1.87515354e+00  1.72484646e+00  2.59998858e+00  2.84591020e+00 
 2.42064000e-09  1.87472280e+00  1.72527720e+00  2.60021447e+00  2.84572019e+00 
 2.42114000e-09  1.87429133e+00  1.72570867e+00  2.60044511e+00  2.84552464e+00 
 2.42164000e-09  1.87385913e+00  1.72614087e+00  2.60068057e+00  2.84532346e+00 
 2.42214000e-09  1.87342619e+00  1.72657381e+00  2.60092096e+00  2.84511655e+00 
 2.42264000e-09  1.87299254e+00  1.72700746e+00  2.60116636e+00  2.84490380e+00 
 2.42314000e-09  1.87255816e+00  1.72744184e+00  2.60141686e+00  2.84468513e+00 
 2.42364000e-09  1.87212306e+00  1.72787694e+00  2.60167256e+00  2.84446042e+00 
 2.42414000e-09  1.87168726e+00  1.72831274e+00  2.60193355e+00  2.84422958e+00 
 2.42464000e-09  1.87125074e+00  1.72874926e+00  2.60219992e+00  2.84399252e+00 
 2.42514000e-09  1.87081352e+00  1.72918648e+00  2.60247176e+00  2.84374914e+00 
 2.42564000e-09  1.87037561e+00  1.72962439e+00  2.60274915e+00  2.84349933e+00 
 2.42614000e-09  1.86993700e+00  1.73006300e+00  2.60303219e+00  2.84324302e+00 
 2.42664000e-09  1.86949770e+00  1.73050230e+00  2.60332096e+00  2.84298010e+00 
 2.42714000e-09  1.86905771e+00  1.73094229e+00  2.60361555e+00  2.84271048e+00 
 2.42764000e-09  1.86861704e+00  1.73138296e+00  2.60391605e+00  2.84243408e+00 
 2.42814000e-09  1.86817569e+00  1.73182431e+00  2.60422254e+00  2.84215079e+00 
 2.42864000e-09  1.86773367e+00  1.73226633e+00  2.60453510e+00  2.84186055e+00 
 2.42914000e-09  1.86729099e+00  1.73270901e+00  2.60485382e+00  2.84156326e+00 
 2.42964000e-09  1.86684764e+00  1.73315236e+00  2.60517877e+00  2.84125884e+00 
 2.43014000e-09  1.86640362e+00  1.73359638e+00  2.60551005e+00  2.84094720e+00 
 2.43064000e-09  1.86595896e+00  1.73404104e+00  2.60584771e+00  2.84062827e+00 
 2.43114000e-09  1.86551364e+00  1.73448636e+00  2.60619185e+00  2.84030197e+00 
 2.43164000e-09  1.86506768e+00  1.73493232e+00  2.60654252e+00  2.83996823e+00 
 2.43214000e-09  1.86462107e+00  1.73537893e+00  2.60689982e+00  2.83962697e+00 
 2.43264000e-09  1.86417383e+00  1.73582617e+00  2.60726380e+00  2.83927813e+00 
 2.43314000e-09  1.86372595e+00  1.73627405e+00  2.60763453e+00  2.83892163e+00 
 2.43364000e-09  1.86327744e+00  1.73672256e+00  2.60801208e+00  2.83855741e+00 
 2.43414000e-09  1.86282831e+00  1.73717169e+00  2.60839651e+00  2.83818541e+00 
 2.43464000e-09  1.86237856e+00  1.73762144e+00  2.60878789e+00  2.83780556e+00 
 2.43514000e-09  1.86192819e+00  1.73807181e+00  2.60918627e+00  2.83741783e+00 
 2.43564000e-09  1.86147722e+00  1.73852278e+00  2.60959171e+00  2.83702214e+00 
 2.43614000e-09  1.86102563e+00  1.73897437e+00  2.61000427e+00  2.83661845e+00 
 2.43664000e-09  1.86057344e+00  1.73942656e+00  2.61042398e+00  2.83620671e+00 
 2.43714000e-09  1.86012066e+00  1.73987934e+00  2.61085092e+00  2.83578688e+00 
 2.43764000e-09  1.85966728e+00  1.74033272e+00  2.61128511e+00  2.83535892e+00 
 2.43814000e-09  1.85921331e+00  1.74078669e+00  2.61172660e+00  2.83492278e+00 
 2.43864000e-09  1.85875876e+00  1.74124124e+00  2.61217544e+00  2.83447844e+00 
 2.43914000e-09  1.85830363e+00  1.74169637e+00  2.61263166e+00  2.83402586e+00 
 2.43964000e-09  1.85784792e+00  1.74215208e+00  2.61309530e+00  2.83356502e+00 
 2.44014000e-09  1.85739165e+00  1.74260835e+00  2.61356639e+00  2.83309588e+00 
 2.44064000e-09  1.85693480e+00  1.74306520e+00  2.61404495e+00  2.83261843e+00 
 2.44114000e-09  1.85647740e+00  1.74352260e+00  2.61453102e+00  2.83213265e+00 
 2.44164000e-09  1.85601943e+00  1.74398057e+00  2.61502462e+00  2.83163852e+00 
 2.44214000e-09  1.85556092e+00  1.74443908e+00  2.61552576e+00  2.83113603e+00 
 2.44264000e-09  1.85510185e+00  1.74489815e+00  2.61603448e+00  2.83062518e+00 
 2.44314000e-09  1.85464224e+00  1.74535776e+00  2.61655077e+00  2.83010595e+00 
 2.44364000e-09  1.85418209e+00  1.74581791e+00  2.61707467e+00  2.82957835e+00 
 2.44414000e-09  1.85372141e+00  1.74627859e+00  2.61760616e+00  2.82904238e+00 
 2.44464000e-09  1.85326020e+00  1.74673980e+00  2.61814527e+00  2.82849805e+00 
 2.44514000e-09  1.85279846e+00  1.74720154e+00  2.61869199e+00  2.82794535e+00 
 2.44564000e-09  1.85233620e+00  1.74766380e+00  2.61924632e+00  2.82738431e+00 
 2.44614000e-09  1.85187342e+00  1.74812658e+00  2.61980828e+00  2.82681493e+00 
 2.44664000e-09  1.85141014e+00  1.74858986e+00  2.62037784e+00  2.82623724e+00 
 2.44714000e-09  1.85094634e+00  1.74905366e+00  2.62095500e+00  2.82565125e+00 
 2.44764000e-09  1.85048204e+00  1.74951796e+00  2.62153976e+00  2.82505700e+00 
 2.44814000e-09  1.85001725e+00  1.74998275e+00  2.62213210e+00  2.82445449e+00 
 2.44864000e-09  1.84955196e+00  1.75044804e+00  2.62273201e+00  2.82384378e+00 
 2.44914000e-09  1.84908618e+00  1.75091382e+00  2.62333947e+00  2.82322488e+00 
 2.44964000e-09  1.84861991e+00  1.75138009e+00  2.62395446e+00  2.82259783e+00 
 2.45014000e-09  1.84815317e+00  1.75184683e+00  2.62457695e+00  2.82196267e+00 
 2.45064000e-09  1.84768595e+00  1.75231405e+00  2.62520693e+00  2.82131945e+00 
 2.45114000e-09  1.84721826e+00  1.75278174e+00  2.62584437e+00  2.82066819e+00 
 2.45164000e-09  1.84675011e+00  1.75324989e+00  2.62648923e+00  2.82000896e+00 
 2.45214000e-09  1.84628149e+00  1.75371851e+00  2.62714149e+00  2.81934179e+00 
 2.45264000e-09  1.84581241e+00  1.75418759e+00  2.62780110e+00  2.81866673e+00 
 2.45314000e-09  1.84534289e+00  1.75465711e+00  2.62846804e+00  2.81798384e+00 
 2.45364000e-09  1.84487292e+00  1.75512708e+00  2.62914226e+00  2.81729317e+00 
 2.45414000e-09  1.84440250e+00  1.75559750e+00  2.62982371e+00  2.81659477e+00 
 2.45464000e-09  1.84393164e+00  1.75606836e+00  2.63051236e+00  2.81588869e+00 
 2.45514000e-09  1.84346036e+00  1.75653964e+00  2.63120814e+00  2.81517500e+00 
 2.45564000e-09  1.84298864e+00  1.75701136e+00  2.63191102e+00  2.81445375e+00 
 2.45614000e-09  1.84251650e+00  1.75748350e+00  2.63262093e+00  2.81372499e+00 
 2.45664000e-09  1.84204394e+00  1.75795606e+00  2.63333782e+00  2.81298879e+00 
 2.45714000e-09  1.84157096e+00  1.75842904e+00  2.63406162e+00  2.81224521e+00 
 2.45764000e-09  1.84109757e+00  1.75890243e+00  2.63479228e+00  2.81149429e+00 
 2.45814000e-09  1.84062378e+00  1.75937622e+00  2.63552971e+00  2.81073610e+00 
 2.45864000e-09  1.84014959e+00  1.75985041e+00  2.63627386e+00  2.80997070e+00 
 2.45914000e-09  1.83967500e+00  1.76032500e+00  2.63702465e+00  2.80919815e+00 
 2.45964000e-09  1.83920002e+00  1.76079998e+00  2.63778200e+00  2.80841849e+00 
 2.46014000e-09  1.83872465e+00  1.76127535e+00  2.63854583e+00  2.80763179e+00 
 2.46064000e-09  1.83824890e+00  1.76175110e+00  2.63931606e+00  2.80683810e+00 
 2.46114000e-09  1.83777278e+00  1.76222722e+00  2.64009261e+00  2.80603748e+00 
 2.46164000e-09  1.83729628e+00  1.76270372e+00  2.64087539e+00  2.80522998e+00 
 2.46214000e-09  1.83681941e+00  1.76318059e+00  2.64166431e+00  2.80441565e+00 
 2.46264000e-09  1.83634218e+00  1.76365782e+00  2.64245928e+00  2.80359456e+00 
 2.46314000e-09  1.83586459e+00  1.76413541e+00  2.64326023e+00  2.80276676e+00 
 2.46364000e-09  1.83538664e+00  1.76461336e+00  2.64406704e+00  2.80193229e+00 
 2.46414000e-09  1.83490835e+00  1.76509165e+00  2.64487964e+00  2.80109123e+00 
 2.46464000e-09  1.83442971e+00  1.76557029e+00  2.64569793e+00  2.80024361e+00 
 2.46514000e-09  1.83395073e+00  1.76604927e+00  2.64652181e+00  2.79938951e+00 
 2.46564000e-09  1.83347142e+00  1.76652858e+00  2.64735121e+00  2.79852898e+00 
 2.46614000e-09  1.83299178e+00  1.76700822e+00  2.64818602e+00  2.79766208e+00 
 2.46664000e-09  1.83251181e+00  1.76748819e+00  2.64902615e+00  2.79678886e+00 
 2.46714000e-09  1.83203152e+00  1.76796848e+00  2.64987152e+00  2.79590940e+00 
 2.46764000e-09  1.83155091e+00  1.76844909e+00  2.65072204e+00  2.79502375e+00 
 2.46814000e-09  1.83107000e+00  1.76893000e+00  2.65157762e+00  2.79413198e+00 
 2.46864000e-09  1.83058877e+00  1.76941123e+00  2.65243816e+00  2.79323416e+00 
 2.46914000e-09  1.83010725e+00  1.76989275e+00  2.65330359e+00  2.79233035e+00 
 2.46964000e-09  1.82962542e+00  1.77037458e+00  2.65417381e+00  2.79142062e+00 
 2.47014000e-09  1.82914331e+00  1.77085669e+00  2.65504874e+00  2.79050504e+00 
 2.47064000e-09  1.82866091e+00  1.77133909e+00  2.65592830e+00  2.78958369e+00 
 2.47114000e-09  1.82817822e+00  1.77182178e+00  2.65681241e+00  2.78865663e+00 
 2.47164000e-09  1.82769526e+00  1.77230474e+00  2.65770097e+00  2.78772394e+00 
 2.47214000e-09  1.82721202e+00  1.77278798e+00  2.65859390e+00  2.78678569e+00 
 2.47264000e-09  1.82672851e+00  1.77327149e+00  2.65949113e+00  2.78584195e+00 
 2.47314000e-09  1.82624474e+00  1.77375526e+00  2.66039258e+00  2.78489281e+00 
 2.47364000e-09  1.82576072e+00  1.77423928e+00  2.66129816e+00  2.78393834e+00 
 2.47414000e-09  1.82527643e+00  1.77472357e+00  2.66220779e+00  2.78297862e+00 
 2.47464000e-09  1.82479190e+00  1.77520810e+00  2.66312140e+00  2.78201372e+00 
 2.47514000e-09  1.82430712e+00  1.77569288e+00  2.66403891e+00  2.78104373e+00 
 2.47564000e-09  1.82382211e+00  1.77617789e+00  2.66496024e+00  2.78006873e+00 
 2.47614000e-09  1.82333685e+00  1.77666315e+00  2.66588531e+00  2.77908879e+00 
 2.47664000e-09  1.82285137e+00  1.77714863e+00  2.66681406e+00  2.77810400e+00 
 2.47714000e-09  1.82236566e+00  1.77763434e+00  2.66774640e+00  2.77711444e+00 
 2.47764000e-09  1.82187974e+00  1.77812026e+00  2.66868227e+00  2.77612019e+00 
 2.47814000e-09  1.82139359e+00  1.77860641e+00  2.66962158e+00  2.77512135e+00 
 2.47864000e-09  1.82090724e+00  1.77909276e+00  2.67056428e+00  2.77411798e+00 
 2.47914000e-09  1.82042067e+00  1.77957933e+00  2.67151029e+00  2.77311018e+00 
 2.47964000e-09  1.81993391e+00  1.78006609e+00  2.67245953e+00  2.77209804e+00 
 2.48014000e-09  1.81944695e+00  1.78055305e+00  2.67341195e+00  2.77108164e+00 
 2.48064000e-09  1.81895980e+00  1.78104020e+00  2.67436748e+00  2.77006106e+00 
 2.48114000e-09  1.81847246e+00  1.78152754e+00  2.67532604e+00  2.76903641e+00 
 2.48164000e-09  1.81798494e+00  1.78201506e+00  2.67628758e+00  2.76800776e+00 
 2.48214000e-09  1.81749724e+00  1.78250276e+00  2.67725202e+00  2.76697521e+00 
 2.48264000e-09  1.81700936e+00  1.78299064e+00  2.67821932e+00  2.76593884e+00 
 2.48314000e-09  1.81652133e+00  1.78347867e+00  2.67918939e+00  2.76489876e+00 
 2.48364000e-09  1.81603312e+00  1.78396688e+00  2.68016219e+00  2.76385504e+00 
 2.48414000e-09  1.81554476e+00  1.78445524e+00  2.68113764e+00  2.76280778e+00 
 2.48464000e-09  1.81505625e+00  1.78494375e+00  2.68211569e+00  2.76175708e+00 
 2.48514000e-09  1.81456758e+00  1.78543242e+00  2.68309629e+00  2.76070302e+00 
 2.48564000e-09  1.81407878e+00  1.78592122e+00  2.68407936e+00  2.75964570e+00 
 2.48614000e-09  1.81358983e+00  1.78641017e+00  2.68506485e+00  2.75858521e+00 
 2.48664000e-09  1.81310075e+00  1.78689925e+00  2.68605270e+00  2.75752164e+00 
 2.48714000e-09  1.81261154e+00  1.78738846e+00  2.68704285e+00  2.75645509e+00 
 2.48764000e-09  1.81212221e+00  1.78787779e+00  2.68803525e+00  2.75538564e+00 
 2.48814000e-09  1.81163275e+00  1.78836725e+00  2.68902983e+00  2.75431340e+00 
 2.48864000e-09  1.81114319e+00  1.78885681e+00  2.69002653e+00  2.75323845e+00 
 2.48914000e-09  1.81065351e+00  1.78934649e+00  2.69102530e+00  2.75216089e+00 
 2.48964000e-09  1.81016373e+00  1.78983627e+00  2.69202609e+00  2.75108080e+00 
 2.49014000e-09  1.80967384e+00  1.79032616e+00  2.69302882e+00  2.74999827e+00 
 2.49064000e-09  1.80918386e+00  1.79081614e+00  2.69403344e+00  2.74891341e+00 
 2.49114000e-09  1.80869379e+00  1.79130621e+00  2.69503989e+00  2.74782629e+00 
 2.49164000e-09  1.80820364e+00  1.79179636e+00  2.69604812e+00  2.74673701e+00 
 2.49214000e-09  1.80771340e+00  1.79228660e+00  2.69705805e+00  2.74564565e+00 
 2.49264000e-09  1.80722309e+00  1.79277691e+00  2.69806964e+00  2.74455231e+00 
 2.49314000e-09  1.80673270e+00  1.79326730e+00  2.69908281e+00  2.74345706e+00 
 2.49364000e-09  1.80624225e+00  1.79375775e+00  2.70009751e+00  2.74236000e+00 
 2.49414000e-09  1.80575174e+00  1.79424826e+00  2.70111368e+00  2.74126121e+00 
 2.49464000e-09  1.80526117e+00  1.79473883e+00  2.70213125e+00  2.74016077e+00 
 2.49514000e-09  1.80477055e+00  1.79522945e+00  2.70315015e+00  2.73905878e+00 
 2.49564000e-09  1.80427988e+00  1.79572012e+00  2.70417033e+00  2.73795530e+00 
 2.49614000e-09  1.80378917e+00  1.79621083e+00  2.70519172e+00  2.73685042e+00 
 2.49664000e-09  1.80329843e+00  1.79670157e+00  2.70621425e+00  2.73574423e+00 
 2.49714000e-09  1.80280765e+00  1.79719235e+00  2.70723785e+00  2.73463680e+00 
 2.49764000e-09  1.80231684e+00  1.79768316e+00  2.70826247e+00  2.73352822e+00 
 2.49814000e-09  1.80182601e+00  1.79817399e+00  2.70928802e+00  2.73241855e+00 
 2.49864000e-09  1.80133516e+00  1.79866484e+00  2.71031445e+00  2.73130788e+00 
 2.49914000e-09  1.80084430e+00  1.79915570e+00  2.71134168e+00  2.73019628e+00 
 2.49964000e-09  1.80035343e+00  1.79964657e+00  2.71236964e+00  2.72908383e+00 
 2.50014000e-09  1.79986256e+00  1.80013744e+00  2.71339827e+00  2.72797060e+00 
 2.50064000e-09  1.79937168e+00  1.80062832e+00  2.71442748e+00  2.72685667e+00 
 2.50114000e-09  1.79888082e+00  1.80111918e+00  2.71545721e+00  2.72574211e+00 
 2.50164000e-09  1.79838996e+00  1.80161004e+00  2.71648739e+00  2.72462698e+00 
 2.50214000e-09  1.79789912e+00  1.80210088e+00  2.71751794e+00  2.72351137e+00 
 2.50264000e-09  1.79740830e+00  1.80259170e+00  2.71854879e+00  2.72239533e+00 
 2.50314000e-09  1.79691751e+00  1.80308249e+00  2.71957985e+00  2.72127895e+00 
 2.50364000e-09  1.79642675e+00  1.80357325e+00  2.72061107e+00  2.72016229e+00 
 2.50414000e-09  1.79593602e+00  1.80406398e+00  2.72164235e+00  2.71904541e+00 
 2.50464000e-09  1.79544534e+00  1.80455466e+00  2.72267363e+00  2.71792840e+00 
 2.50514000e-09  1.79495469e+00  1.80504531e+00  2.72370482e+00  2.71681130e+00 
 2.50564000e-09  1.79446410e+00  1.80553590e+00  2.72473585e+00  2.71569419e+00 
 2.50614000e-09  1.79397356e+00  1.80602644e+00  2.72576664e+00  2.71457713e+00 
 2.50664000e-09  1.79348309e+00  1.80651691e+00  2.72679710e+00  2.71346020e+00 
 2.50714000e-09  1.79299267e+00  1.80700733e+00  2.72782717e+00  2.71234345e+00 
 2.50764000e-09  1.79250233e+00  1.80749767e+00  2.72885676e+00  2.71122695e+00 
 2.50814000e-09  1.79201206e+00  1.80798794e+00  2.72988578e+00  2.71011076e+00 
 2.50864000e-09  1.79152187e+00  1.80847813e+00  2.73091417e+00  2.70899495e+00 
 2.50914000e-09  1.79103176e+00  1.80896824e+00  2.73194183e+00  2.70787958e+00 
 2.50964000e-09  1.79054174e+00  1.80945826e+00  2.73296868e+00  2.70676471e+00 
 2.51014000e-09  1.79005181e+00  1.80994819e+00  2.73399465e+00  2.70565041e+00 
 2.51064000e-09  1.78956198e+00  1.81043802e+00  2.73501964e+00  2.70453674e+00 
 2.51114000e-09  1.78907226e+00  1.81092774e+00  2.73604358e+00  2.70342377e+00 
 2.51164000e-09  1.78858264e+00  1.81141736e+00  2.73706638e+00  2.70231155e+00 
 2.51214000e-09  1.78809314e+00  1.81190686e+00  2.73808796e+00  2.70120014e+00 
 2.51264000e-09  1.78760375e+00  1.81239625e+00  2.73910823e+00  2.70008962e+00 
 2.51314000e-09  1.78711449e+00  1.81288551e+00  2.74012712e+00  2.69898004e+00 
 2.51364000e-09  1.78662535e+00  1.81337465e+00  2.74114453e+00  2.69787147e+00 
 2.51414000e-09  1.78613634e+00  1.81386366e+00  2.74216037e+00  2.69676396e+00 
 2.51464000e-09  1.78564747e+00  1.81435253e+00  2.74317458e+00  2.69565759e+00 
 2.51514000e-09  1.78515875e+00  1.81484125e+00  2.74418705e+00  2.69455242e+00 
 2.51564000e-09  1.78467017e+00  1.81532983e+00  2.74519771e+00  2.69344851e+00 
 2.51614000e-09  1.78418174e+00  1.81581826e+00  2.74620647e+00  2.69234592e+00 
 2.51664000e-09  1.78369346e+00  1.81630654e+00  2.74721325e+00  2.69124472e+00 
 2.51714000e-09  1.78320535e+00  1.81679465e+00  2.74821795e+00  2.69014497e+00 
 2.51764000e-09  1.78271741e+00  1.81728259e+00  2.74922050e+00  2.68904675e+00 
 2.51814000e-09  1.78222963e+00  1.81777037e+00  2.75022080e+00  2.68795011e+00 
 2.51864000e-09  1.78174203e+00  1.81825797e+00  2.75121878e+00  2.68685513e+00 
 2.51914000e-09  1.78125461e+00  1.81874539e+00  2.75221434e+00  2.68576186e+00 
 2.51964000e-09  1.78076737e+00  1.81923263e+00  2.75320741e+00  2.68467039e+00 
 2.52014000e-09  1.78028033e+00  1.81971967e+00  2.75419789e+00  2.68358077e+00 
 2.52064000e-09  1.77979348e+00  1.82020652e+00  2.75518571e+00  2.68249308e+00 
 2.52114000e-09  1.77930683e+00  1.82069317e+00  2.75617077e+00  2.68140739e+00 
 2.52164000e-09  1.77882038e+00  1.82117962e+00  2.75715300e+00  2.68032377e+00 
 2.52214000e-09  1.77833414e+00  1.82166586e+00  2.75813231e+00  2.67924230e+00 
 2.52264000e-09  1.77784812e+00  1.82215188e+00  2.75910861e+00  2.67816304e+00 
 2.52314000e-09  1.77736231e+00  1.82263769e+00  2.76008183e+00  2.67708608e+00 
 2.52364000e-09  1.77687673e+00  1.82312327e+00  2.76105188e+00  2.67601149e+00 
 2.52414000e-09  1.77639138e+00  1.82360862e+00  2.76201867e+00  2.67493934e+00 
 2.52464000e-09  1.77590625e+00  1.82409375e+00  2.76298213e+00  2.67386973e+00 
 2.52514000e-09  1.77542137e+00  1.82457863e+00  2.76394218e+00  2.67280272e+00 
 2.52564000e-09  1.77493673e+00  1.82506327e+00  2.76489873e+00  2.67173840e+00 
 2.52614000e-09  1.77445234e+00  1.82554766e+00  2.76585171e+00  2.67067686e+00 
 2.52664000e-09  1.77396820e+00  1.82603180e+00  2.76680104e+00  2.66961818e+00 
 2.52714000e-09  1.77348431e+00  1.82651569e+00  2.76774664e+00  2.66856245e+00 
 2.52764000e-09  1.77300069e+00  1.82699931e+00  2.76868843e+00  2.66750976e+00 
 2.52814000e-09  1.77251733e+00  1.82748267e+00  2.76962633e+00  2.66646019e+00 
 2.52864000e-09  1.77203425e+00  1.82796575e+00  2.77056028e+00  2.66541385e+00 
 2.52914000e-09  1.77155144e+00  1.82844856e+00  2.77149020e+00  2.66437082e+00 
 2.52964000e-09  1.77106891e+00  1.82893109e+00  2.77241602e+00  2.66333121e+00 
 2.53014000e-09  1.77058667e+00  1.82941333e+00  2.77333766e+00  2.66229512e+00 
 2.53064000e-09  1.77010472e+00  1.82989528e+00  2.77425505e+00  2.66126264e+00 
 2.53114000e-09  1.76962306e+00  1.83037694e+00  2.77516814e+00  2.66023387e+00 
 2.53164000e-09  1.76914170e+00  1.83085830e+00  2.77607684e+00  2.65920893e+00 
 2.53214000e-09  1.76866065e+00  1.83133935e+00  2.77698110e+00  2.65818791e+00 
 2.53264000e-09  1.76817991e+00  1.83182009e+00  2.77788085e+00  2.65717093e+00 
 2.53314000e-09  1.76769948e+00  1.83230052e+00  2.77877602e+00  2.65615810e+00 
 2.53364000e-09  1.76721937e+00  1.83278063e+00  2.77966656e+00  2.65514951e+00 
 2.53414000e-09  1.76673958e+00  1.83326042e+00  2.78055240e+00  2.65414529e+00 
 2.53464000e-09  1.76626012e+00  1.83373988e+00  2.78143348e+00  2.65314555e+00 
 2.53514000e-09  1.76578100e+00  1.83421900e+00  2.78230975e+00  2.65215039e+00 
 2.53564000e-09  1.76530221e+00  1.83469779e+00  2.78318114e+00  2.65115994e+00 
 2.53614000e-09  1.76482376e+00  1.83517624e+00  2.78404760e+00  2.65017429e+00 
 2.53664000e-09  1.76434567e+00  1.83565433e+00  2.78490907e+00  2.64919357e+00 
 2.53714000e-09  1.76386792e+00  1.83613208e+00  2.78576549e+00  2.64821788e+00 
 2.53764000e-09  1.76339053e+00  1.83660947e+00  2.78661680e+00  2.64724733e+00 
 2.53814000e-09  1.76291350e+00  1.83708650e+00  2.78746295e+00  2.64628203e+00 
 2.53864000e-09  1.76243684e+00  1.83756316e+00  2.78830387e+00  2.64532208e+00 
 2.53914000e-09  1.76196055e+00  1.83803945e+00  2.78913951e+00  2.64436758e+00 
 2.53964000e-09  1.76148463e+00  1.83851537e+00  2.78996980e+00  2.64341864e+00 
 2.54014000e-09  1.76100909e+00  1.83899091e+00  2.79079468e+00  2.64247535e+00 
 2.54064000e-09  1.76053394e+00  1.83946606e+00  2.79161409e+00  2.64153781e+00 
 2.54114000e-09  1.76005918e+00  1.83994082e+00  2.79242796e+00  2.64060611e+00 
 2.54164000e-09  1.75958481e+00  1.84041519e+00  2.79323622e+00  2.63968034e+00 
 2.54214000e-09  1.75911084e+00  1.84088916e+00  2.79403880e+00  2.63876057e+00 
 2.54264000e-09  1.75863728e+00  1.84136272e+00  2.79483564e+00  2.63784690e+00 
 2.54314000e-09  1.75816412e+00  1.84183588e+00  2.79562665e+00  2.63693940e+00 
 2.54364000e-09  1.75769138e+00  1.84230862e+00  2.79641176e+00  2.63603814e+00 
 2.54414000e-09  1.75721905e+00  1.84278095e+00  2.79719090e+00  2.63514320e+00 
 2.54464000e-09  1.75674715e+00  1.84325285e+00  2.79796398e+00  2.63425463e+00 
 2.54514000e-09  1.75627567e+00  1.84372433e+00  2.79873092e+00  2.63337252e+00 
 2.54564000e-09  1.75580462e+00  1.84419538e+00  2.79949164e+00  2.63249691e+00 
 2.54614000e-09  1.75533401e+00  1.84466599e+00  2.80024605e+00  2.63162786e+00 
 2.54664000e-09  1.75486384e+00  1.84513616e+00  2.80099408e+00  2.63076544e+00 
 2.54714000e-09  1.75439412e+00  1.84560588e+00  2.80173563e+00  2.62990969e+00 
 2.54764000e-09  1.75392485e+00  1.84607515e+00  2.80247062e+00  2.62906067e+00 
 2.54814000e-09  1.75345603e+00  1.84654397e+00  2.80319895e+00  2.62821842e+00 
 2.54864000e-09  1.75298767e+00  1.84701233e+00  2.80392055e+00  2.62738300e+00 
 2.54914000e-09  1.75251978e+00  1.84748022e+00  2.80463533e+00  2.62655444e+00 
 2.54964000e-09  1.75205235e+00  1.84794765e+00  2.80534319e+00  2.62573279e+00 
 2.55014000e-09  1.75158540e+00  1.84841460e+00  2.80604406e+00  2.62491809e+00 
 2.55064000e-09  1.75111892e+00  1.84888108e+00  2.80673785e+00  2.62411039e+00 
 2.55114000e-09  1.75065293e+00  1.84934707e+00  2.80742448e+00  2.62330973e+00 
 2.55164000e-09  1.75018742e+00  1.84981258e+00  2.80810386e+00  2.62251613e+00 
 2.55214000e-09  1.74972241e+00  1.85027759e+00  2.80877592e+00  2.62172966e+00 
 2.55264000e-09  1.74925789e+00  1.85074211e+00  2.80944058e+00  2.62095033e+00 
 2.55314000e-09  1.74879387e+00  1.85120613e+00  2.81009776e+00  2.62017819e+00 
 2.55364000e-09  1.74833036e+00  1.85166964e+00  2.81074740e+00  2.61941328e+00 
 2.55414000e-09  1.74786736e+00  1.85213264e+00  2.81138942e+00  2.61865563e+00 
 2.55464000e-09  1.74740487e+00  1.85259513e+00  2.81202376e+00  2.61790528e+00 
 2.55514000e-09  1.74694290e+00  1.85305710e+00  2.81265036e+00  2.61716226e+00 
 2.55564000e-09  1.74648146e+00  1.85351854e+00  2.81326915e+00  2.61642661e+00 
 2.55614000e-09  1.74602054e+00  1.85397946e+00  2.81388008e+00  2.61569837e+00 
 2.55664000e-09  1.74556016e+00  1.85443984e+00  2.81448310e+00  2.61497756e+00 
 2.55714000e-09  1.74510031e+00  1.85489969e+00  2.81507816e+00  2.61426423e+00 
 2.55764000e-09  1.74464101e+00  1.85535899e+00  2.81566521e+00  2.61355840e+00 
 2.55814000e-09  1.74418225e+00  1.85581775e+00  2.81624421e+00  2.61286011e+00 
 2.55864000e-09  1.74372404e+00  1.85627596e+00  2.81681514e+00  2.61216939e+00 
 2.55914000e-09  1.74326639e+00  1.85673361e+00  2.81737794e+00  2.61148627e+00 
 2.55964000e-09  1.74280930e+00  1.85719070e+00  2.81793261e+00  2.61081078e+00 
 2.56014000e-09  1.74235277e+00  1.85764723e+00  2.81847910e+00  2.61014295e+00 
 2.56064000e-09  1.74189681e+00  1.85810319e+00  2.81901740e+00  2.60948281e+00 
 2.56114000e-09  1.74144142e+00  1.85855858e+00  2.81954749e+00  2.60883038e+00 
 2.56164000e-09  1.74098662e+00  1.85901338e+00  2.82006937e+00  2.60818569e+00 
 2.56214000e-09  1.74053239e+00  1.85946761e+00  2.82058302e+00  2.60754876e+00 
 2.56264000e-09  1.74007875e+00  1.85992125e+00  2.82108844e+00  2.60691961e+00 
 2.56314000e-09  1.73962571e+00  1.86037429e+00  2.82158563e+00  2.60629827e+00 
 2.56364000e-09  1.73917326e+00  1.86082674e+00  2.82207459e+00  2.60568475e+00 
 2.56414000e-09  1.73872141e+00  1.86127859e+00  2.82255533e+00  2.60507907e+00 
 2.56464000e-09  1.73827016e+00  1.86172984e+00  2.82302786e+00  2.60448124e+00 
 2.56514000e-09  1.73781953e+00  1.86218047e+00  2.82349220e+00  2.60389128e+00 
 2.56564000e-09  1.73736950e+00  1.86263050e+00  2.82394837e+00  2.60330919e+00 
 2.56614000e-09  1.73692010e+00  1.86307990e+00  2.82439640e+00  2.60273499e+00 
 2.56664000e-09  1.73647132e+00  1.86352868e+00  2.82483630e+00  2.60216867e+00 
 2.56714000e-09  1.73602316e+00  1.86397684e+00  2.82526811e+00  2.60161024e+00 
 2.56764000e-09  1.73557564e+00  1.86442436e+00  2.82569186e+00  2.60105970e+00 
 2.56814000e-09  1.73512875e+00  1.86487125e+00  2.82610760e+00  2.60051705e+00 
 2.56864000e-09  1.73468250e+00  1.86531750e+00  2.82651536e+00  2.59998228e+00 
 2.56914000e-09  1.73423690e+00  1.86576310e+00  2.82691518e+00  2.59945537e+00 
 2.56964000e-09  1.73379195e+00  1.86620805e+00  2.82730713e+00  2.59893633e+00 
 2.57014000e-09  1.73334765e+00  1.86665235e+00  2.82769124e+00  2.59842513e+00 
 2.57064000e-09  1.73290401e+00  1.86709599e+00  2.82806756e+00  2.59792177e+00 
 2.57114000e-09  1.73246103e+00  1.86753897e+00  2.82843617e+00  2.59742620e+00 
 2.57164000e-09  1.73201871e+00  1.86798129e+00  2.82879712e+00  2.59693843e+00 
 2.57214000e-09  1.73157707e+00  1.86842293e+00  2.82915046e+00  2.59645841e+00 
 2.57264000e-09  1.73113610e+00  1.86886390e+00  2.82949627e+00  2.59598612e+00 
 2.57314000e-09  1.73069581e+00  1.86930419e+00  2.82983461e+00  2.59552152e+00 
 2.57364000e-09  1.73025621e+00  1.86974379e+00  2.83016556e+00  2.59506458e+00 
 2.57414000e-09  1.72981730e+00  1.87018270e+00  2.83048919e+00  2.59461527e+00 
 2.57464000e-09  1.72937907e+00  1.87062093e+00  2.83080557e+00  2.59417353e+00 
 2.57514000e-09  1.72894155e+00  1.87105845e+00  2.83111478e+00  2.59373934e+00 
 2.57564000e-09  1.72850472e+00  1.87149528e+00  2.83141691e+00  2.59331263e+00 
 2.57614000e-09  1.72806860e+00  1.87193140e+00  2.83171202e+00  2.59289336e+00 
 2.57664000e-09  1.72763320e+00  1.87236680e+00  2.83200022e+00  2.59248148e+00 
 2.57714000e-09  1.72719850e+00  1.87280150e+00  2.83228157e+00  2.59207693e+00 
 2.57764000e-09  1.72676453e+00  1.87323547e+00  2.83255618e+00  2.59167965e+00 
 2.57814000e-09  1.72633127e+00  1.87366873e+00  2.83282413e+00  2.59128959e+00 
 2.57864000e-09  1.72589875e+00  1.87410125e+00  2.83308550e+00  2.59090668e+00 
 2.57914000e-09  1.72546695e+00  1.87453305e+00  2.83334040e+00  2.59053086e+00 
 2.57964000e-09  1.72503589e+00  1.87496411e+00  2.83358892e+00  2.59016206e+00 
 2.58014000e-09  1.72460557e+00  1.87539443e+00  2.83383114e+00  2.58980020e+00 
 2.58064000e-09  1.72417600e+00  1.87582400e+00  2.83406717e+00  2.58944523e+00 
 2.58114000e-09  1.72374717e+00  1.87625283e+00  2.83429711e+00  2.58909706e+00 
 2.58164000e-09  1.72331910e+00  1.87668090e+00  2.83452104e+00  2.58875562e+00 
 2.58214000e-09  1.72289178e+00  1.87710822e+00  2.83473908e+00  2.58842084e+00 
 2.58264000e-09  1.72246522e+00  1.87753478e+00  2.83495131e+00  2.58809263e+00 
 2.58314000e-09  1.72203943e+00  1.87796057e+00  2.83515784e+00  2.58777092e+00 
 2.58364000e-09  1.72161441e+00  1.87838559e+00  2.83535877e+00  2.58745563e+00 
 2.58414000e-09  1.72119016e+00  1.87880984e+00  2.83555420e+00  2.58714666e+00 
 2.58464000e-09  1.72076669e+00  1.87923331e+00  2.83574423e+00  2.58684395e+00 
 2.58514000e-09  1.72034401e+00  1.87965599e+00  2.83592896e+00  2.58654739e+00 
 2.58564000e-09  1.71992210e+00  1.88007790e+00  2.83610849e+00  2.58625692e+00 
 2.58614000e-09  1.71950099e+00  1.88049901e+00  2.83628293e+00  2.58597244e+00 
 2.58664000e-09  1.71908067e+00  1.88091933e+00  2.83645237e+00  2.58569386e+00 
 2.58714000e-09  1.71866116e+00  1.88133884e+00  2.83661692e+00  2.58542109e+00 
 2.58764000e-09  1.71824244e+00  1.88175756e+00  2.83677667e+00  2.58515405e+00 
 2.58814000e-09  1.71782453e+00  1.88217547e+00  2.83693173e+00  2.58489265e+00 
 2.58864000e-09  1.71740743e+00  1.88259257e+00  2.83708220e+00  2.58463680e+00 
 2.58914000e-09  1.71699115e+00  1.88300885e+00  2.83722817e+00  2.58438641e+00 
 2.58964000e-09  1.71657569e+00  1.88342431e+00  2.83736975e+00  2.58414139e+00 
 2.59014000e-09  1.71616105e+00  1.88383895e+00  2.83750703e+00  2.58390164e+00 
 2.59064000e-09  1.71574723e+00  1.88425277e+00  2.83764012e+00  2.58366709e+00 
 2.59114000e-09  1.71533425e+00  1.88466575e+00  2.83776910e+00  2.58343763e+00 
 2.59164000e-09  1.71492211e+00  1.88507789e+00  2.83789407e+00  2.58321319e+00 
 2.59214000e-09  1.71451080e+00  1.88548920e+00  2.83801513e+00  2.58299367e+00 
 2.59264000e-09  1.71410034e+00  1.88589966e+00  2.83813238e+00  2.58277897e+00 
 2.59314000e-09  1.71369073e+00  1.88630927e+00  2.83824590e+00  2.58256902e+00 
 2.59364000e-09  1.71328196e+00  1.88671804e+00  2.83835579e+00  2.58236373e+00 
 2.59414000e-09  1.71287406e+00  1.88712594e+00  2.83846214e+00  2.58216301e+00 
 2.59464000e-09  1.71246701e+00  1.88753299e+00  2.83856503e+00  2.58196676e+00 
 2.59514000e-09  1.71206083e+00  1.88793917e+00  2.83866456e+00  2.58177491e+00 
 2.59564000e-09  1.71165551e+00  1.88834449e+00  2.83876082e+00  2.58158737e+00 
 2.59614000e-09  1.71125107e+00  1.88874893e+00  2.83885388e+00  2.58140405e+00 
 2.59664000e-09  1.71084750e+00  1.88915250e+00  2.83894384e+00  2.58122488e+00 
 2.59714000e-09  1.71044482e+00  1.88955518e+00  2.83903078e+00  2.58104976e+00 
 2.59764000e-09  1.71004301e+00  1.88995699e+00  2.83911478e+00  2.58087862e+00 
 2.59814000e-09  1.70964210e+00  1.89035790e+00  2.83919591e+00  2.58071138e+00 
 2.59864000e-09  1.70924208e+00  1.89075792e+00  2.83927427e+00  2.58054795e+00 
 2.59914000e-09  1.70884295e+00  1.89115705e+00  2.83934993e+00  2.58038825e+00 
 2.59964000e-09  1.70844472e+00  1.89155528e+00  2.83942296e+00  2.58023221e+00 
 2.60014000e-09  1.70804739e+00  1.89195261e+00  2.83949344e+00  2.58007976e+00 
 2.60064000e-09  1.70765098e+00  1.89234902e+00  2.83956144e+00  2.57993081e+00 
 2.60114000e-09  1.70725547e+00  1.89274453e+00  2.83962704e+00  2.57978529e+00 
 2.60164000e-09  1.70686088e+00  1.89313912e+00  2.83969030e+00  2.57964312e+00 
 2.60214000e-09  1.70646721e+00  1.89353279e+00  2.83975130e+00  2.57950425e+00 
 2.60264000e-09  1.70607446e+00  1.89392554e+00  2.83981010e+00  2.57936858e+00 
 2.60314000e-09  1.70568264e+00  1.89431736e+00  2.83986677e+00  2.57923606e+00 
 2.60364000e-09  1.70529175e+00  1.89470825e+00  2.83992137e+00  2.57910662e+00 
 2.60414000e-09  1.70490180e+00  1.89509820e+00  2.83997398e+00  2.57898018e+00 
 2.60464000e-09  1.70451278e+00  1.89548722e+00  2.84002464e+00  2.57885669e+00 
 2.60514000e-09  1.70412471e+00  1.89587529e+00  2.84007343e+00  2.57873607e+00 
 2.60564000e-09  1.70373758e+00  1.89626242e+00  2.84012039e+00  2.57861827e+00 
 2.60614000e-09  1.70335140e+00  1.89664860e+00  2.84016559e+00  2.57850322e+00 
 2.60664000e-09  1.70296618e+00  1.89703382e+00  2.84020909e+00  2.57839086e+00 
 2.60714000e-09  1.70258191e+00  1.89741809e+00  2.84025094e+00  2.57828112e+00 
 2.60764000e-09  1.70219861e+00  1.89780139e+00  2.84029119e+00  2.57817396e+00 
 2.60814000e-09  1.70181627e+00  1.89818373e+00  2.84032990e+00  2.57806931e+00 
 2.60864000e-09  1.70143490e+00  1.89856510e+00  2.84036711e+00  2.57796711e+00 
 2.60914000e-09  1.70105450e+00  1.89894550e+00  2.84040289e+00  2.57786732e+00 
 2.60964000e-09  1.70067508e+00  1.89932492e+00  2.84043727e+00  2.57776988e+00 
 2.61014000e-09  1.70029664e+00  1.89970336e+00  2.84047030e+00  2.57767473e+00 
 2.61064000e-09  1.69991918e+00  1.90008082e+00  2.84050203e+00  2.57758182e+00 
 2.61114000e-09  1.69954271e+00  1.90045729e+00  2.84053251e+00  2.57749111e+00 
 2.61164000e-09  1.69916723e+00  1.90083277e+00  2.84056178e+00  2.57740253e+00 
 2.61214000e-09  1.69879275e+00  1.90120725e+00  2.84058988e+00  2.57731606e+00 
 2.61264000e-09  1.69841927e+00  1.90158073e+00  2.84061685e+00  2.57723163e+00 
 2.61314000e-09  1.69804679e+00  1.90195321e+00  2.84064273e+00  2.57714920e+00 
 2.61364000e-09  1.69767531e+00  1.90232469e+00  2.84066756e+00  2.57706873e+00 
 2.61414000e-09  1.69730485e+00  1.90269515e+00  2.84069139e+00  2.57699017e+00 
 2.61464000e-09  1.69693540e+00  1.90306460e+00  2.84071424e+00  2.57691348e+00 
 2.61514000e-09  1.69656696e+00  1.90343304e+00  2.84073615e+00  2.57683862e+00 
 2.61564000e-09  1.69619955e+00  1.90380045e+00  2.84075717e+00  2.57676555e+00 
 2.61614000e-09  1.69583316e+00  1.90416684e+00  2.84077731e+00  2.57669423e+00 
 2.61664000e-09  1.69546780e+00  1.90453220e+00  2.84079662e+00  2.57662461e+00 
 2.61714000e-09  1.69510347e+00  1.90489653e+00  2.84081512e+00  2.57655667e+00 
 2.61764000e-09  1.69474018e+00  1.90525982e+00  2.84083286e+00  2.57649036e+00 
 2.61814000e-09  1.69437792e+00  1.90562208e+00  2.84084985e+00  2.57642565e+00 
 2.61864000e-09  1.69401671e+00  1.90598329e+00  2.84086613e+00  2.57636250e+00 
 2.61914000e-09  1.69365654e+00  1.90634346e+00  2.84088172e+00  2.57630088e+00 
 2.61964000e-09  1.69329743e+00  1.90670257e+00  2.84089666e+00  2.57624075e+00 
 2.62014000e-09  1.69293936e+00  1.90706064e+00  2.84091097e+00  2.57618209e+00 
 2.62064000e-09  1.69258236e+00  1.90741764e+00  2.84092467e+00  2.57612486e+00 
 2.62114000e-09  1.69222641e+00  1.90777359e+00  2.84093780e+00  2.57606903e+00 
 2.62164000e-09  1.69187153e+00  1.90812847e+00  2.84095037e+00  2.57601458e+00 
 2.62214000e-09  1.69151771e+00  1.90848229e+00  2.84096241e+00  2.57596146e+00 
 2.62264000e-09  1.69116496e+00  1.90883504e+00  2.84097394e+00  2.57590966e+00 
 2.62314000e-09  1.69081329e+00  1.90918671e+00  2.84098499e+00  2.57585914e+00 
 2.62364000e-09  1.69046270e+00  1.90953730e+00  2.84099557e+00  2.57580988e+00 
 2.62414000e-09  1.69011319e+00  1.90988681e+00  2.84100570e+00  2.57576185e+00 
 2.62464000e-09  1.68976476e+00  1.91023524e+00  2.84101542e+00  2.57571503e+00 
 2.62514000e-09  1.68941742e+00  1.91058258e+00  2.84102473e+00  2.57566939e+00 
 2.62564000e-09  1.68907117e+00  1.91092883e+00  2.84103365e+00  2.57562491e+00 
 2.62614000e-09  1.68872602e+00  1.91127398e+00  2.84104221e+00  2.57558156e+00 
 2.62664000e-09  1.68838196e+00  1.91161804e+00  2.84105042e+00  2.57553932e+00 
 2.62714000e-09  1.68803901e+00  1.91196099e+00  2.84105830e+00  2.57549817e+00 
 2.62764000e-09  1.68769716e+00  1.91230284e+00  2.84106586e+00  2.57545808e+00 
 2.62814000e-09  1.68735642e+00  1.91264358e+00  2.84107313e+00  2.57541904e+00 
 2.62864000e-09  1.68701679e+00  1.91298321e+00  2.84108011e+00  2.57538103e+00 
 2.62914000e-09  1.68667828e+00  1.91332172e+00  2.84108682e+00  2.57534402e+00 
 2.62964000e-09  1.68634088e+00  1.91365912e+00  2.84109328e+00  2.57530799e+00 
 2.63014000e-09  1.68600461e+00  1.91399539e+00  2.84109950e+00  2.57527293e+00 
 2.63064000e-09  1.68566946e+00  1.91433054e+00  2.84110549e+00  2.57523881e+00 
 2.63114000e-09  1.68533544e+00  1.91466456e+00  2.84111127e+00  2.57520563e+00 
 2.63164000e-09  1.68500255e+00  1.91499745e+00  2.84111685e+00  2.57517335e+00 
 2.63214000e-09  1.68467080e+00  1.91532920e+00  2.84112224e+00  2.57514197e+00 
 2.63264000e-09  1.68434018e+00  1.91565982e+00  2.84112746e+00  2.57511147e+00 
 2.63314000e-09  1.68401071e+00  1.91598929e+00  2.84113251e+00  2.57508183e+00 
 2.63364000e-09  1.68368238e+00  1.91631762e+00  2.84113740e+00  2.57505303e+00 
 2.63414000e-09  1.68335520e+00  1.91664480e+00  2.84114216e+00  2.57502506e+00 
 2.63464000e-09  1.68302917e+00  1.91697083e+00  2.84114678e+00  2.57499791e+00 
 2.63514000e-09  1.68270430e+00  1.91729570e+00  2.84115128e+00  2.57497156e+00 
 2.63564000e-09  1.68238058e+00  1.91761942e+00  2.84115567e+00  2.57494599e+00 
 2.63614000e-09  1.68205802e+00  1.91794198e+00  2.84115996e+00  2.57492120e+00 
 2.63664000e-09  1.68173663e+00  1.91826337e+00  2.84116415e+00  2.57489716e+00 
 2.63714000e-09  1.68141641e+00  1.91858359e+00  2.84116825e+00  2.57487387e+00 
 2.63764000e-09  1.68109735e+00  1.91890265e+00  2.84117228e+00  2.57485132e+00 
 2.63814000e-09  1.68077947e+00  1.91922053e+00  2.84117624e+00  2.57482948e+00 
 2.63864000e-09  1.68046276e+00  1.91953724e+00  2.84118014e+00  2.57480835e+00 
 2.63914000e-09  1.68014724e+00  1.91985276e+00  2.84118399e+00  2.57478792e+00 
 2.63964000e-09  1.67983290e+00  1.92016710e+00  2.84118779e+00  2.57476817e+00 
 2.64014000e-09  1.67951974e+00  1.92048026e+00  2.84119155e+00  2.57474910e+00 
 2.64064000e-09  1.67920777e+00  1.92079223e+00  2.84119528e+00  2.57473069e+00 
 2.64114000e-09  1.67889700e+00  1.92110300e+00  2.84119898e+00  2.57471293e+00 
 2.64164000e-09  1.67858742e+00  1.92141258e+00  2.84120267e+00  2.57469581e+00 
 2.64214000e-09  1.67827904e+00  1.92172096e+00  2.84120634e+00  2.57467933e+00 
 2.64264000e-09  1.67797186e+00  1.92202814e+00  2.84121000e+00  2.57466346e+00 
 2.64314000e-09  1.67766588e+00  1.92233412e+00  2.84121366e+00  2.57464821e+00 
 2.64364000e-09  1.67736112e+00  1.92263888e+00  2.84121733e+00  2.57463356e+00 
 2.64414000e-09  1.67705756e+00  1.92294244e+00  2.84122101e+00  2.57461951e+00 
 2.64464000e-09  1.67675521e+00  1.92324479e+00  2.84122470e+00  2.57460603e+00 
 2.64514000e-09  1.67645409e+00  1.92354591e+00  2.84122841e+00  2.57459314e+00 
 2.64564000e-09  1.67615418e+00  1.92384582e+00  2.84123214e+00  2.57458081e+00 
 2.64614000e-09  1.67585549e+00  1.92414451e+00  2.84123590e+00  2.57456904e+00 
 2.64664000e-09  1.67555803e+00  1.92444197e+00  2.84123970e+00  2.57455782e+00 
 2.64714000e-09  1.67526180e+00  1.92473820e+00  2.84124353e+00  2.57454714e+00 
 2.64764000e-09  1.67496680e+00  1.92503320e+00  2.84124740e+00  2.57453700e+00 
 2.64814000e-09  1.67467303e+00  1.92532697e+00  2.84125132e+00  2.57452739e+00 
 2.64864000e-09  1.67438050e+00  1.92561950e+00  2.84125529e+00  2.57451829e+00 
 2.64914000e-09  1.67408921e+00  1.92591079e+00  2.84125931e+00  2.57450971e+00 
 2.64964000e-09  1.67379916e+00  1.92620084e+00  2.84126338e+00  2.57450164e+00 
 2.65014000e-09  1.67351036e+00  1.92648964e+00  2.84126752e+00  2.57449406e+00 
 2.65064000e-09  1.67322280e+00  1.92677720e+00  2.84127171e+00  2.57448698e+00 
 2.65114000e-09  1.67293650e+00  1.92706350e+00  2.84127598e+00  2.57448038e+00 
 2.65164000e-09  1.67265145e+00  1.92734855e+00  2.84128031e+00  2.57447427e+00 
 2.65214000e-09  1.67236766e+00  1.92763234e+00  2.84128471e+00  2.57446863e+00 
 2.65264000e-09  1.67208512e+00  1.92791488e+00  2.84128918e+00  2.57446345e+00 
 2.65314000e-09  1.67180385e+00  1.92819615e+00  2.84129374e+00  2.57445874e+00 
 2.65364000e-09  1.67152385e+00  1.92847615e+00  2.84129837e+00  2.57445448e+00 
 2.65414000e-09  1.67124511e+00  1.92875489e+00  2.84130308e+00  2.57445067e+00 
 2.65464000e-09  1.67096765e+00  1.92903235e+00  2.84130788e+00  2.57444731e+00 
 2.65514000e-09  1.67069145e+00  1.92930855e+00  2.84131276e+00  2.57444438e+00 
 2.65564000e-09  1.67041654e+00  1.92958346e+00  2.84131773e+00  2.57444189e+00 
 2.65614000e-09  1.67014290e+00  1.92985710e+00  2.84132279e+00  2.57443983e+00 
 2.65664000e-09  1.66987055e+00  1.93012945e+00  2.84132795e+00  2.57443819e+00 
 2.65714000e-09  1.66959947e+00  1.93040053e+00  2.84133319e+00  2.57443697e+00 
 2.65764000e-09  1.66932969e+00  1.93067031e+00  2.84133854e+00  2.57443616e+00 
 2.65814000e-09  1.66906120e+00  1.93093880e+00  2.84134398e+00  2.57443576e+00 
 2.65864000e-09  1.66879399e+00  1.93120601e+00  2.84134952e+00  2.57443577e+00 
 2.65914000e-09  1.66852809e+00  1.93147191e+00  2.84135516e+00  2.57443617e+00 
 2.65964000e-09  1.66826348e+00  1.93173652e+00  2.84136090e+00  2.57443697e+00 
 2.66014000e-09  1.66800017e+00  1.93199983e+00  2.84136674e+00  2.57443816e+00 
 2.66064000e-09  1.66773816e+00  1.93226184e+00  2.84137269e+00  2.57443974e+00 
 2.66114000e-09  1.66747746e+00  1.93252254e+00  2.84137875e+00  2.57444170e+00 
 2.66164000e-09  1.66721806e+00  1.93278194e+00  2.84138491e+00  2.57444404e+00 
 2.66214000e-09  1.66695998e+00  1.93304002e+00  2.84139118e+00  2.57444675e+00 
 2.66264000e-09  1.66670321e+00  1.93329679e+00  2.84139756e+00  2.57444983e+00 
 2.66314000e-09  1.66644776e+00  1.93355224e+00  2.84140405e+00  2.57445328e+00 
 2.66364000e-09  1.66619362e+00  1.93380638e+00  2.84141065e+00  2.57445709e+00 
 2.66414000e-09  1.66594080e+00  1.93405920e+00  2.84141737e+00  2.57446125e+00 
 2.66464000e-09  1.66568931e+00  1.93431069e+00  2.84142419e+00  2.57446578e+00 
 2.66514000e-09  1.66543915e+00  1.93456085e+00  2.84143113e+00  2.57447065e+00 
 2.66564000e-09  1.66519031e+00  1.93480969e+00  2.84143819e+00  2.57447587e+00 
 2.66614000e-09  1.66494280e+00  1.93505720e+00  2.84144536e+00  2.57448144e+00 
 2.66664000e-09  1.66469662e+00  1.93530338e+00  2.84145265e+00  2.57448735e+00 
 2.66714000e-09  1.66445178e+00  1.93554822e+00  2.84146005e+00  2.57449359e+00 
 2.66764000e-09  1.66420828e+00  1.93579172e+00  2.84146757e+00  2.57450017e+00 
 2.66814000e-09  1.66396612e+00  1.93603388e+00  2.84147521e+00  2.57450708e+00 
 2.66864000e-09  1.66372530e+00  1.93627470e+00  2.84148297e+00  2.57451432e+00 
 2.66914000e-09  1.66348582e+00  1.93651418e+00  2.84149084e+00  2.57452188e+00 
 2.66964000e-09  1.66324770e+00  1.93675230e+00  2.84149884e+00  2.57452976e+00 
 2.67014000e-09  1.66301092e+00  1.93698908e+00  2.84150695e+00  2.57453796e+00 
 2.67064000e-09  1.66277549e+00  1.93722451e+00  2.84151519e+00  2.57454648e+00 
 2.67114000e-09  1.66254142e+00  1.93745858e+00  2.84152354e+00  2.57455531e+00 
 2.67164000e-09  1.66230871e+00  1.93769129e+00  2.84153202e+00  2.57456445e+00 
 2.67214000e-09  1.66207735e+00  1.93792265e+00  2.84154062e+00  2.57457390e+00 
 2.67264000e-09  1.66184736e+00  1.93815264e+00  2.84154933e+00  2.57458365e+00 
 2.67314000e-09  1.66161873e+00  1.93838127e+00  2.84155817e+00  2.57459371e+00 
 2.67364000e-09  1.66139146e+00  1.93860854e+00  2.84156713e+00  2.57460406e+00 
 2.67414000e-09  1.66116557e+00  1.93883443e+00  2.84157622e+00  2.57461471e+00 
 2.67464000e-09  1.66094104e+00  1.93905896e+00  2.84158542e+00  2.57462565e+00 
 2.67514000e-09  1.66071789e+00  1.93928211e+00  2.84159475e+00  2.57463689e+00 
 2.67564000e-09  1.66049611e+00  1.93950389e+00  2.84160420e+00  2.57464841e+00 
 2.67614000e-09  1.66027570e+00  1.93972430e+00  2.84161377e+00  2.57466022e+00 
 2.67664000e-09  1.66005668e+00  1.93994332e+00  2.84162346e+00  2.57467231e+00 
 2.67714000e-09  1.65983904e+00  1.94016096e+00  2.84163327e+00  2.57468468e+00 
 2.67764000e-09  1.65962278e+00  1.94037722e+00  2.84164321e+00  2.57469734e+00 
 2.67814000e-09  1.65940790e+00  1.94059210e+00  2.84165327e+00  2.57471027e+00 
 2.67864000e-09  1.65919442e+00  1.94080558e+00  2.84166345e+00  2.57472347e+00 
 2.67914000e-09  1.65898232e+00  1.94101768e+00  2.84167375e+00  2.57473695e+00 
 2.67964000e-09  1.65877162e+00  1.94122838e+00  2.84168417e+00  2.57475069e+00 
 2.68014000e-09  1.65856231e+00  1.94143769e+00  2.84169472e+00  2.57476471e+00 
 2.68064000e-09  1.65835439e+00  1.94164561e+00  2.84170539e+00  2.57477898e+00 
 2.68114000e-09  1.65814787e+00  1.94185213e+00  2.84171618e+00  2.57479353e+00 
 2.68164000e-09  1.65794276e+00  1.94205724e+00  2.84172709e+00  2.57480833e+00 
 2.68214000e-09  1.65773904e+00  1.94226096e+00  2.84173812e+00  2.57482339e+00 
 2.68264000e-09  1.65753673e+00  1.94246327e+00  2.84174927e+00  2.57483871e+00 
 2.68314000e-09  1.65733583e+00  1.94266417e+00  2.84176055e+00  2.57485429e+00 
 2.68364000e-09  1.65713633e+00  1.94286367e+00  2.84177194e+00  2.57487012e+00 
 2.68414000e-09  1.65693824e+00  1.94306176e+00  2.84178346e+00  2.57488620e+00 
 2.68464000e-09  1.65674157e+00  1.94325843e+00  2.84179509e+00  2.57490253e+00 
 2.68514000e-09  1.65654631e+00  1.94345369e+00  2.84180685e+00  2.57491910e+00 
 2.68564000e-09  1.65635246e+00  1.94364754e+00  2.84181872e+00  2.57493592e+00 
 2.68614000e-09  1.65616004e+00  1.94383996e+00  2.84183072e+00  2.57495299e+00 
 2.68664000e-09  1.65596903e+00  1.94403097e+00  2.84184283e+00  2.57497029e+00 
 2.68714000e-09  1.65577944e+00  1.94422056e+00  2.84185506e+00  2.57498784e+00 
 2.68764000e-09  1.65559128e+00  1.94440872e+00  2.84186742e+00  2.57500562e+00 
 2.68814000e-09  1.65540454e+00  1.94459546e+00  2.84187989e+00  2.57502364e+00 
 2.68864000e-09  1.65521923e+00  1.94478077e+00  2.84189247e+00  2.57504190e+00 
 2.68914000e-09  1.65503535e+00  1.94496465e+00  2.84190518e+00  2.57506039e+00 
 2.68964000e-09  1.65485290e+00  1.94514710e+00  2.84191800e+00  2.57507911e+00 
 2.69014000e-09  1.65467188e+00  1.94532812e+00  2.84193094e+00  2.57509805e+00 
 2.69064000e-09  1.65449230e+00  1.94550770e+00  2.84194399e+00  2.57511723e+00 
 2.69114000e-09  1.65431415e+00  1.94568585e+00  2.84195717e+00  2.57513663e+00 
 2.69164000e-09  1.65413744e+00  1.94586256e+00  2.84197046e+00  2.57515626e+00 
 2.69214000e-09  1.65396217e+00  1.94603783e+00  2.84198386e+00  2.57517610e+00 
 2.69264000e-09  1.65378834e+00  1.94621166e+00  2.84199738e+00  2.57519617e+00 
 2.69314000e-09  1.65361596e+00  1.94638404e+00  2.84201101e+00  2.57521646e+00 
 2.69364000e-09  1.65344502e+00  1.94655498e+00  2.84202476e+00  2.57523697e+00 
 2.69414000e-09  1.65327552e+00  1.94672448e+00  2.84203862e+00  2.57525769e+00 
 2.69464000e-09  1.65310748e+00  1.94689252e+00  2.84205260e+00  2.57527863e+00 
 2.69514000e-09  1.65294088e+00  1.94705912e+00  2.84206668e+00  2.57529978e+00 
 2.69564000e-09  1.65277573e+00  1.94722427e+00  2.84208089e+00  2.57532115e+00 
 2.69614000e-09  1.65261204e+00  1.94738796e+00  2.84209520e+00  2.57534272e+00 
 2.69664000e-09  1.65244980e+00  1.94755020e+00  2.84210962e+00  2.57536450e+00 
 2.69714000e-09  1.65228902e+00  1.94771098e+00  2.84212416e+00  2.57538649e+00 
 2.69764000e-09  1.65212970e+00  1.94787030e+00  2.84213881e+00  2.57540868e+00 
 2.69814000e-09  1.65197184e+00  1.94802816e+00  2.84215357e+00  2.57543108e+00 
 2.69864000e-09  1.65181543e+00  1.94818457e+00  2.84216844e+00  2.57545369e+00 
 2.69914000e-09  1.65166049e+00  1.94833951e+00  2.84218342e+00  2.57547649e+00 
 2.69964000e-09  1.65150702e+00  1.94849298e+00  2.84219850e+00  2.57549949e+00 
 2.70014000e-09  1.65135500e+00  1.94864500e+00  2.84221370e+00  2.57552270e+00 
 2.70064000e-09  1.65120446e+00  1.94879554e+00  2.84222901e+00  2.57554610e+00 
 2.70114000e-09  1.65105538e+00  1.94894462e+00  2.84224442e+00  2.57556969e+00 
 2.70164000e-09  1.65090778e+00  1.94909222e+00  2.84225994e+00  2.57559349e+00 
 2.70214000e-09  1.65076165e+00  1.94923835e+00  2.84227557e+00  2.57561747e+00 
 2.70264000e-09  1.65061698e+00  1.94938302e+00  2.84229130e+00  2.57564165e+00 
 2.70314000e-09  1.65047380e+00  1.94952620e+00  2.84230714e+00  2.57566601e+00 
 2.70364000e-09  1.65033209e+00  1.94966791e+00  2.84232309e+00  2.57569057e+00 
 2.70414000e-09  1.65019185e+00  1.94980815e+00  2.84233914e+00  2.57571532e+00 
 2.70464000e-09  1.65005310e+00  1.94994690e+00  2.84235529e+00  2.57574025e+00 
 2.70514000e-09  1.64991582e+00  1.95008418e+00  2.84237155e+00  2.57576536e+00 
 2.70564000e-09  1.64978003e+00  1.95021997e+00  2.84238792e+00  2.57579067e+00 
 2.70614000e-09  1.64964572e+00  1.95035428e+00  2.84240438e+00  2.57581615e+00 
 2.70664000e-09  1.64951289e+00  1.95048711e+00  2.84242095e+00  2.57584182e+00 
 2.70714000e-09  1.64938155e+00  1.95061845e+00  2.84243762e+00  2.57586766e+00 
 2.70764000e-09  1.64925169e+00  1.95074831e+00  2.84245440e+00  2.57589369e+00 
 2.70814000e-09  1.64912333e+00  1.95087667e+00  2.84247127e+00  2.57591990e+00 
 2.70864000e-09  1.64899645e+00  1.95100355e+00  2.84248825e+00  2.57594628e+00 
 2.70914000e-09  1.64887106e+00  1.95112894e+00  2.84250532e+00  2.57597283e+00 
 2.70964000e-09  1.64874716e+00  1.95125284e+00  2.84252250e+00  2.57599957e+00 
 2.71014000e-09  1.64862476e+00  1.95137524e+00  2.84253978e+00  2.57602647e+00 
 2.71064000e-09  1.64850385e+00  1.95149615e+00  2.84255715e+00  2.57605355e+00 
 2.71114000e-09  1.64838443e+00  1.95161557e+00  2.84257462e+00  2.57608080e+00 
 2.71164000e-09  1.64826652e+00  1.95173348e+00  2.84259219e+00  2.57610822e+00 
 2.71214000e-09  1.64815009e+00  1.95184991e+00  2.84260986e+00  2.57613581e+00 
 2.71264000e-09  1.64803517e+00  1.95196483e+00  2.84262762e+00  2.57616356e+00 
 2.71314000e-09  1.64792175e+00  1.95207825e+00  2.84264549e+00  2.57619149e+00 
 2.71364000e-09  1.64780983e+00  1.95219017e+00  2.84266344e+00  2.57621957e+00 
 2.71414000e-09  1.64769941e+00  1.95230059e+00  2.84268149e+00  2.57624783e+00 
 2.71464000e-09  1.64759049e+00  1.95240951e+00  2.84269964e+00  2.57627624e+00 
 2.71514000e-09  1.64748308e+00  1.95251692e+00  2.84271788e+00  2.57630482e+00 
 2.71564000e-09  1.64737718e+00  1.95262282e+00  2.84273622e+00  2.57633356e+00 
 2.71614000e-09  1.64727278e+00  1.95272722e+00  2.84275465e+00  2.57636246e+00 
 2.71664000e-09  1.64716988e+00  1.95283012e+00  2.84277317e+00  2.57639152e+00 
 2.71714000e-09  1.64706850e+00  1.95293150e+00  2.84279178e+00  2.57642074e+00 
 2.71764000e-09  1.64696862e+00  1.95303138e+00  2.84281049e+00  2.57645011e+00 
 2.71814000e-09  1.64687026e+00  1.95312974e+00  2.84282929e+00  2.57647964e+00 
 2.71864000e-09  1.64677340e+00  1.95322660e+00  2.84284818e+00  2.57650932e+00 
 2.71914000e-09  1.64667806e+00  1.95332194e+00  2.84286715e+00  2.57653916e+00 
 2.71964000e-09  1.64658424e+00  1.95341576e+00  2.84288622e+00  2.57656915e+00 
 2.72014000e-09  1.64649192e+00  1.95350808e+00  2.84290538e+00  2.57659930e+00 
 2.72064000e-09  1.64640112e+00  1.95359888e+00  2.84292463e+00  2.57662959e+00 
 2.72114000e-09  1.64631184e+00  1.95368816e+00  2.84294397e+00  2.57666003e+00 
 2.72164000e-09  1.64622407e+00  1.95377593e+00  2.84296339e+00  2.57669063e+00 
 2.72214000e-09  1.64613783e+00  1.95386217e+00  2.84298290e+00  2.57672137e+00 
 2.72264000e-09  1.64605310e+00  1.95394690e+00  2.84300250e+00  2.57675225e+00 
 2.72314000e-09  1.64596989e+00  1.95403011e+00  2.84302218e+00  2.57678329e+00 
 2.72364000e-09  1.64588820e+00  1.95411180e+00  2.84304195e+00  2.57681447e+00 
 2.72414000e-09  1.64580803e+00  1.95419197e+00  2.84306181e+00  2.57684579e+00 
 2.72464000e-09  1.64572938e+00  1.95427062e+00  2.84308175e+00  2.57687725e+00 
 2.72514000e-09  1.64565226e+00  1.95434774e+00  2.84310178e+00  2.57690886e+00 
 2.72564000e-09  1.64557665e+00  1.95442335e+00  2.84312189e+00  2.57694061e+00 
 2.72614000e-09  1.64550258e+00  1.95449742e+00  2.84314208e+00  2.57697250e+00 
 2.72664000e-09  1.64543002e+00  1.95456998e+00  2.84316236e+00  2.57700452e+00 
 2.72714000e-09  1.64535900e+00  1.95464100e+00  2.84318272e+00  2.57703669e+00 
 2.72764000e-09  1.64528950e+00  1.95471050e+00  2.84320316e+00  2.57706899e+00 
 2.72814000e-09  1.64522152e+00  1.95477848e+00  2.84322368e+00  2.57710143e+00 
 2.72864000e-09  1.64515508e+00  1.95484492e+00  2.84324428e+00  2.57713401e+00 
 2.72914000e-09  1.64509016e+00  1.95490984e+00  2.84326497e+00  2.57716672e+00 
 2.72964000e-09  1.64502677e+00  1.95497323e+00  2.84328573e+00  2.57719956e+00 
 2.73014000e-09  1.64496491e+00  1.95503509e+00  2.84330658e+00  2.57723254e+00 
 2.73064000e-09  1.64490458e+00  1.95509542e+00  2.84332750e+00  2.57726565e+00 
 2.73114000e-09  1.64484578e+00  1.95515422e+00  2.84334850e+00  2.57729889e+00 
 2.73164000e-09  1.64478852e+00  1.95521148e+00  2.84336958e+00  2.57733226e+00 
 2.73214000e-09  1.64473278e+00  1.95526722e+00  2.84339074e+00  2.57736576e+00 
 2.73264000e-09  1.64467858e+00  1.95532142e+00  2.84341198e+00  2.57739939e+00 
 2.73314000e-09  1.64462591e+00  1.95537409e+00  2.84343329e+00  2.57743314e+00 
 2.73364000e-09  1.64457477e+00  1.95542523e+00  2.84345468e+00  2.57746703e+00 
 2.73414000e-09  1.64452517e+00  1.95547483e+00  2.84347614e+00  2.57750103e+00 
 2.73464000e-09  1.64447710e+00  1.95552290e+00  2.84349768e+00  2.57753517e+00 
 2.73514000e-09  1.64443057e+00  1.95556943e+00  2.84351930e+00  2.57756942e+00 
 2.73564000e-09  1.64438557e+00  1.95561443e+00  2.84354098e+00  2.57760381e+00 
 2.73614000e-09  1.64434211e+00  1.95565789e+00  2.84356275e+00  2.57763831e+00 
 2.73664000e-09  1.64430018e+00  1.95569982e+00  2.84358458e+00  2.57767294e+00 
 2.73714000e-09  1.64425979e+00  1.95574021e+00  2.84360649e+00  2.57770768e+00 
 2.73764000e-09  1.64422094e+00  1.95577906e+00  2.84362847e+00  2.57774255e+00 
 2.73814000e-09  1.64418363e+00  1.95581637e+00  2.84365053e+00  2.57777753e+00 
 2.73864000e-09  1.64414785e+00  1.95585215e+00  2.84367265e+00  2.57781264e+00 
 2.73914000e-09  1.64411361e+00  1.95588639e+00  2.84369485e+00  2.57784786e+00 
 2.73964000e-09  1.64408091e+00  1.95591909e+00  2.84371712e+00  2.57788320e+00 
 2.74014000e-09  1.64404975e+00  1.95595025e+00  2.84373945e+00  2.57791865e+00 
 2.74064000e-09  1.64402013e+00  1.95597987e+00  2.84376186e+00  2.57795422e+00 
 2.74114000e-09  1.64399205e+00  1.95600795e+00  2.84378433e+00  2.57798991e+00 
 2.74164000e-09  1.64396551e+00  1.95603449e+00  2.84380688e+00  2.57802570e+00 
 2.74214000e-09  1.64394051e+00  1.95605949e+00  2.84382949e+00  2.57806162e+00 
 2.74264000e-09  1.64391704e+00  1.95608296e+00  2.84385217e+00  2.57809764e+00 
 2.74314000e-09  1.64389512e+00  1.95610488e+00  2.84387492e+00  2.57813377e+00 
 2.74364000e-09  1.64387474e+00  1.95612526e+00  2.84389774e+00  2.57817002e+00 
 2.74414000e-09  1.64385590e+00  1.95614410e+00  2.84392062e+00  2.57820637e+00 
 2.74464000e-09  1.64383860e+00  1.95616140e+00  2.84394356e+00  2.57824283e+00 
 2.74514000e-09  1.64382284e+00  1.95617716e+00  2.84396658e+00  2.57827941e+00 
 2.74564000e-09  1.64380863e+00  1.95619137e+00  2.84398965e+00  2.57831609e+00 
 2.74614000e-09  1.64379595e+00  1.95620405e+00  2.84401280e+00  2.57835287e+00 
 2.74664000e-09  1.64378482e+00  1.95621518e+00  2.84403600e+00  2.57838976e+00 
 2.74714000e-09  1.64377523e+00  1.95622477e+00  2.84405927e+00  2.57842676e+00 
 2.74764000e-09  1.64376718e+00  1.95623282e+00  2.84408261e+00  2.57846386e+00 
 2.74814000e-09  1.64376067e+00  1.95623933e+00  2.84410600e+00  2.57850107e+00 
 2.74864000e-09  1.64375570e+00  1.95624430e+00  2.84412946e+00  2.57853838e+00 
 2.74914000e-09  1.64375228e+00  1.95624772e+00  2.84415298e+00  2.57857579e+00 
 2.74964000e-09  1.64375040e+00  1.95624960e+00  2.84417657e+00  2.57861330e+00 
 2.75014000e-09  1.64375006e+00  1.95624994e+00  2.84420021e+00  2.57865091e+00 
 2.75064000e-09  1.64375126e+00  1.95624874e+00  2.84422391e+00  2.57868863e+00 
 2.75114000e-09  1.64375401e+00  1.95624599e+00  2.84424768e+00  2.57872644e+00 
 2.75164000e-09  1.64375830e+00  1.95624170e+00  2.84427150e+00  2.57876435e+00 
 2.75214000e-09  1.64376412e+00  1.95623588e+00  2.84429538e+00  2.57880236e+00 
 2.75264000e-09  1.64377150e+00  1.95622850e+00  2.84431932e+00  2.57884047e+00 
 2.75314000e-09  1.64378041e+00  1.95621959e+00  2.84434332e+00  2.57887867e+00 
 2.75364000e-09  1.64379086e+00  1.95620914e+00  2.84436738e+00  2.57891697e+00 
 2.75414000e-09  1.64380286e+00  1.95619714e+00  2.84439149e+00  2.57895537e+00 
 2.75464000e-09  1.64381640e+00  1.95618360e+00  2.84441567e+00  2.57899385e+00 
 2.75514000e-09  1.64383148e+00  1.95616852e+00  2.84443989e+00  2.57903244e+00 
 2.75564000e-09  1.64384810e+00  1.95615190e+00  2.84446418e+00  2.57907111e+00 
 2.75614000e-09  1.64386626e+00  1.95613374e+00  2.84448852e+00  2.57910988e+00 
 2.75664000e-09  1.64388596e+00  1.95611404e+00  2.84451291e+00  2.57914874e+00 
 2.75714000e-09  1.64390721e+00  1.95609279e+00  2.84453736e+00  2.57918769e+00 
 2.75764000e-09  1.64392999e+00  1.95607001e+00  2.84456187e+00  2.57922674e+00 
 2.75814000e-09  1.64395432e+00  1.95604568e+00  2.84458643e+00  2.57926587e+00 
 2.75864000e-09  1.64398018e+00  1.95601982e+00  2.84461104e+00  2.57930509e+00 
 2.75914000e-09  1.64400759e+00  1.95599241e+00  2.84463570e+00  2.57934440e+00 
 2.75964000e-09  1.64403653e+00  1.95596347e+00  2.84466042e+00  2.57938379e+00 
 2.76014000e-09  1.64406701e+00  1.95593299e+00  2.84468519e+00  2.57942328e+00 
 2.76064000e-09  1.64409904e+00  1.95590096e+00  2.84471001e+00  2.57946285e+00 
 2.76114000e-09  1.64413260e+00  1.95586740e+00  2.84473488e+00  2.57950250e+00 
 2.76164000e-09  1.64416770e+00  1.95583230e+00  2.84475981e+00  2.57954225e+00 
 2.76214000e-09  1.64420434e+00  1.95579566e+00  2.84478478e+00  2.57958207e+00 
 2.76264000e-09  1.64424251e+00  1.95575749e+00  2.84480980e+00  2.57962198e+00 
 2.76314000e-09  1.64428222e+00  1.95571778e+00  2.84483488e+00  2.57966198e+00 
 2.76364000e-09  1.64432347e+00  1.95567653e+00  2.84486000e+00  2.57970205e+00 
 2.76414000e-09  1.64436626e+00  1.95563374e+00  2.84488517e+00  2.57974221e+00 
 2.76464000e-09  1.64441058e+00  1.95558942e+00  2.84491039e+00  2.57978245e+00 
 2.76514000e-09  1.64445644e+00  1.95554356e+00  2.84493566e+00  2.57982277e+00 
 2.76564000e-09  1.64450383e+00  1.95549617e+00  2.84496097e+00  2.57986317e+00 
 2.76614000e-09  1.64455276e+00  1.95544724e+00  2.84498633e+00  2.57990365e+00 
 2.76664000e-09  1.64460322e+00  1.95539678e+00  2.84501174e+00  2.57994421e+00 
 2.76714000e-09  1.64465521e+00  1.95534479e+00  2.84503719e+00  2.57998484e+00 
 2.76764000e-09  1.64470874e+00  1.95529126e+00  2.84506269e+00  2.58002556e+00 
 2.76814000e-09  1.64476380e+00  1.95523620e+00  2.84508824e+00  2.58006635e+00 
 2.76864000e-09  1.64482040e+00  1.95517960e+00  2.84511383e+00  2.58010722e+00 
 2.76914000e-09  1.64487852e+00  1.95512148e+00  2.84513946e+00  2.58014816e+00 
 2.76964000e-09  1.64493818e+00  1.95506182e+00  2.84516514e+00  2.58018918e+00 
 2.77014000e-09  1.64499936e+00  1.95500064e+00  2.84519086e+00  2.58023027e+00 
 2.77064000e-09  1.64506208e+00  1.95493792e+00  2.84521663e+00  2.58027144e+00 
 2.77114000e-09  1.64512633e+00  1.95487367e+00  2.84524244e+00  2.58031268e+00 
 2.77164000e-09  1.64519210e+00  1.95480790e+00  2.84526829e+00  2.58035400e+00 
 2.77214000e-09  1.64525940e+00  1.95474060e+00  2.84529418e+00  2.58039538e+00 
 2.77264000e-09  1.64532823e+00  1.95467177e+00  2.84532011e+00  2.58043684e+00 
 2.77314000e-09  1.64539858e+00  1.95460142e+00  2.84534608e+00  2.58047837e+00 
 2.77364000e-09  1.64547047e+00  1.95452953e+00  2.84537210e+00  2.58051997e+00 
 2.77414000e-09  1.64554387e+00  1.95445613e+00  2.84539815e+00  2.58056164e+00 
 2.77464000e-09  1.64561880e+00  1.95438120e+00  2.84542425e+00  2.58060338e+00 
 2.77514000e-09  1.64569526e+00  1.95430474e+00  2.84545038e+00  2.58064519e+00 
 2.77564000e-09  1.64577323e+00  1.95422677e+00  2.84547655e+00  2.58068706e+00 
 2.77614000e-09  1.64585273e+00  1.95414727e+00  2.84550276e+00  2.58072901e+00 
 2.77664000e-09  1.64593376e+00  1.95406624e+00  2.84552901e+00  2.58077102e+00 
 2.77714000e-09  1.64601630e+00  1.95398370e+00  2.84555530e+00  2.58081310e+00 
 2.77764000e-09  1.64610036e+00  1.95389964e+00  2.84558162e+00  2.58085524e+00 
 2.77814000e-09  1.64618594e+00  1.95381406e+00  2.84560798e+00  2.58089745e+00 
 2.77864000e-09  1.64627304e+00  1.95372696e+00  2.84563438e+00  2.58093973e+00 
 2.77914000e-09  1.64636165e+00  1.95363835e+00  2.84566081e+00  2.58098207e+00 
 2.77964000e-09  1.64645178e+00  1.95354822e+00  2.84568728e+00  2.58102447e+00 
 2.78014000e-09  1.64654343e+00  1.95345657e+00  2.84571378e+00  2.58106694e+00 
 2.78064000e-09  1.64663659e+00  1.95336341e+00  2.84574031e+00  2.58110947e+00 
 2.78114000e-09  1.64673127e+00  1.95326873e+00  2.84576689e+00  2.58115206e+00 
 2.78164000e-09  1.64682746e+00  1.95317254e+00  2.84579349e+00  2.58119472e+00 
 2.78214000e-09  1.64692516e+00  1.95307484e+00  2.84582013e+00  2.58123743e+00 
 2.78264000e-09  1.64702437e+00  1.95297563e+00  2.84584680e+00  2.58128021e+00 
 2.78314000e-09  1.64712509e+00  1.95287491e+00  2.84587350e+00  2.58132305e+00 
 2.78364000e-09  1.64722732e+00  1.95277268e+00  2.84590023e+00  2.58136595e+00 
 2.78414000e-09  1.64733105e+00  1.95266895e+00  2.84592700e+00  2.58140890e+00 
 2.78464000e-09  1.64743630e+00  1.95256370e+00  2.84595380e+00  2.58145192e+00 
 2.78514000e-09  1.64754305e+00  1.95245695e+00  2.84598063e+00  2.58149499e+00 
 2.78564000e-09  1.64765130e+00  1.95234870e+00  2.84600748e+00  2.58153812e+00 
 2.78614000e-09  1.64776106e+00  1.95223894e+00  2.84603437e+00  2.58158131e+00 
 2.78664000e-09  1.64787232e+00  1.95212768e+00  2.84606129e+00  2.58162456e+00 
 2.78714000e-09  1.64798508e+00  1.95201492e+00  2.84608823e+00  2.58166786e+00 
 2.78764000e-09  1.64809934e+00  1.95190066e+00  2.84611521e+00  2.58171122e+00 
 2.78814000e-09  1.64821511e+00  1.95178489e+00  2.84614221e+00  2.58175463e+00 
 2.78864000e-09  1.64833237e+00  1.95166763e+00  2.84616924e+00  2.58179810e+00 
 2.78914000e-09  1.64845112e+00  1.95154888e+00  2.84619629e+00  2.58184162e+00 
 2.78964000e-09  1.64857137e+00  1.95142863e+00  2.84622338e+00  2.58188520e+00 
 2.79014000e-09  1.64869312e+00  1.95130688e+00  2.84625049e+00  2.58192883e+00 
 2.79064000e-09  1.64881636e+00  1.95118364e+00  2.84627762e+00  2.58197251e+00 
 2.79114000e-09  1.64894109e+00  1.95105891e+00  2.84630478e+00  2.58201625e+00 
 2.79164000e-09  1.64906732e+00  1.95093268e+00  2.84633197e+00  2.58206004e+00 
 2.79214000e-09  1.64919503e+00  1.95080497e+00  2.84635917e+00  2.58210388e+00 
 2.79264000e-09  1.64932423e+00  1.95067577e+00  2.84638641e+00  2.58214777e+00 
 2.79314000e-09  1.64945492e+00  1.95054508e+00  2.84641366e+00  2.58219171e+00 
 2.79364000e-09  1.64958709e+00  1.95041291e+00  2.84644094e+00  2.58223570e+00 
 2.79414000e-09  1.64972075e+00  1.95027925e+00  2.84646824e+00  2.58227975e+00 
 2.79464000e-09  1.64985589e+00  1.95014411e+00  2.84649557e+00  2.58232384e+00 
 2.79514000e-09  1.64999252e+00  1.95000748e+00  2.84652291e+00  2.58236798e+00 
 2.79564000e-09  1.65013062e+00  1.94986938e+00  2.84655028e+00  2.58241217e+00 
 2.79614000e-09  1.65027020e+00  1.94972980e+00  2.84657766e+00  2.58245641e+00 
 2.79664000e-09  1.65041126e+00  1.94958874e+00  2.84660507e+00  2.58250070e+00 
 2.79714000e-09  1.65055380e+00  1.94944620e+00  2.84663249e+00  2.58254503e+00 
 2.79764000e-09  1.65069781e+00  1.94930219e+00  2.84665994e+00  2.58258941e+00 
 2.79814000e-09  1.65084330e+00  1.94915670e+00  2.84668740e+00  2.58263384e+00 
 2.79864000e-09  1.65099026e+00  1.94900974e+00  2.84671488e+00  2.58267832e+00 
 2.79914000e-09  1.65113869e+00  1.94886131e+00  2.84674238e+00  2.58272284e+00 
 2.79964000e-09  1.65128858e+00  1.94871142e+00  2.84676990e+00  2.58276740e+00 
 2.80014000e-09  1.65143995e+00  1.94856005e+00  2.84679743e+00  2.58281202e+00 
 2.80064000e-09  1.65159278e+00  1.94840722e+00  2.84682498e+00  2.58285667e+00 
 2.80114000e-09  1.65174708e+00  1.94825292e+00  2.84685254e+00  2.58290137e+00 
 2.80164000e-09  1.65190284e+00  1.94809716e+00  2.84688012e+00  2.58294612e+00 
 2.80214000e-09  1.65206006e+00  1.94793994e+00  2.84690771e+00  2.58299091e+00 
 2.80264000e-09  1.65221874e+00  1.94778126e+00  2.84693532e+00  2.58303574e+00 
 2.80314000e-09  1.65237888e+00  1.94762112e+00  2.84696294e+00  2.58308062e+00 
 2.80364000e-09  1.65254048e+00  1.94745952e+00  2.84699057e+00  2.58312554e+00 
 2.80414000e-09  1.65270353e+00  1.94729647e+00  2.84701822e+00  2.58317050e+00 
 2.80464000e-09  1.65286804e+00  1.94713196e+00  2.84704587e+00  2.58321550e+00 
 2.80514000e-09  1.65303399e+00  1.94696601e+00  2.84707354e+00  2.58326055e+00 
 2.80564000e-09  1.65320140e+00  1.94679860e+00  2.84710122e+00  2.58330564e+00 
 2.80614000e-09  1.65337026e+00  1.94662974e+00  2.84712891e+00  2.58335077e+00 
 2.80664000e-09  1.65354057e+00  1.94645943e+00  2.84715661e+00  2.58339594e+00 
 2.80714000e-09  1.65371232e+00  1.94628768e+00  2.84718432e+00  2.58344115e+00 
 2.80764000e-09  1.65388551e+00  1.94611449e+00  2.84721203e+00  2.58348640e+00 
 2.80814000e-09  1.65406015e+00  1.94593985e+00  2.84723976e+00  2.58353169e+00 
 2.80864000e-09  1.65423622e+00  1.94576378e+00  2.84726749e+00  2.58357702e+00 
 2.80914000e-09  1.65441374e+00  1.94558626e+00  2.84729523e+00  2.58362239e+00 
 2.80964000e-09  1.65459269e+00  1.94540731e+00  2.84732297e+00  2.58366780e+00 
 2.81014000e-09  1.65477308e+00  1.94522692e+00  2.84735072e+00  2.58371325e+00 
 2.81064000e-09  1.65495490e+00  1.94504510e+00  2.84737847e+00  2.58375874e+00 
 2.81114000e-09  1.65513815e+00  1.94486185e+00  2.84740623e+00  2.58380427e+00 
 2.81164000e-09  1.65532283e+00  1.94467717e+00  2.84743399e+00  2.58384983e+00 
 2.81214000e-09  1.65550894e+00  1.94449106e+00  2.84746176e+00  2.58389544e+00 
 2.81264000e-09  1.65569648e+00  1.94430352e+00  2.84748953e+00  2.58394108e+00 
 2.81314000e-09  1.65588544e+00  1.94411456e+00  2.84751729e+00  2.58398676e+00 
 2.81364000e-09  1.65607582e+00  1.94392418e+00  2.84754506e+00  2.58403248e+00 
 2.81414000e-09  1.65626762e+00  1.94373238e+00  2.84757283e+00  2.58407823e+00 
 2.81464000e-09  1.65646084e+00  1.94353916e+00  2.84760060e+00  2.58412402e+00 
 2.81514000e-09  1.65665548e+00  1.94334452e+00  2.84762837e+00  2.58416985e+00 
 2.81564000e-09  1.65685153e+00  1.94314847e+00  2.84765614e+00  2.58421572e+00 
 2.81614000e-09  1.65704900e+00  1.94295100e+00  2.84768390e+00  2.58426163e+00 
 2.81664000e-09  1.65724788e+00  1.94275212e+00  2.84771166e+00  2.58430757e+00 
 2.81714000e-09  1.65744816e+00  1.94255184e+00  2.84773941e+00  2.58435355e+00 
 2.81764000e-09  1.65764985e+00  1.94235015e+00  2.84776717e+00  2.58439956e+00 
 2.81814000e-09  1.65785295e+00  1.94214705e+00  2.84779491e+00  2.58444561e+00 
 2.81864000e-09  1.65805745e+00  1.94194255e+00  2.84782265e+00  2.58449170e+00 
 2.81914000e-09  1.65826335e+00  1.94173665e+00  2.84785038e+00  2.58453782e+00 
 2.81964000e-09  1.65847065e+00  1.94152935e+00  2.84787811e+00  2.58458398e+00 
 2.82014000e-09  1.65867935e+00  1.94132065e+00  2.84790582e+00  2.58463018e+00 
 2.82064000e-09  1.65888944e+00  1.94111056e+00  2.84793353e+00  2.58467642e+00 
 2.82114000e-09  1.65910092e+00  1.94089908e+00  2.84796123e+00  2.58472269e+00 
 2.82164000e-09  1.65931380e+00  1.94068620e+00  2.84798891e+00  2.58476899e+00 
 2.82214000e-09  1.65952806e+00  1.94047194e+00  2.84801658e+00  2.58481533e+00 
 2.82264000e-09  1.65974371e+00  1.94025629e+00  2.84804424e+00  2.58486171e+00 
 2.82314000e-09  1.65996075e+00  1.94003925e+00  2.84807189e+00  2.58490813e+00 
 2.82364000e-09  1.66017916e+00  1.93982084e+00  2.84809952e+00  2.58495458e+00 
 2.82414000e-09  1.66039896e+00  1.93960104e+00  2.84812713e+00  2.58500107e+00 
 2.82464000e-09  1.66062013e+00  1.93937987e+00  2.84815473e+00  2.58504760e+00 
 2.82514000e-09  1.66084268e+00  1.93915732e+00  2.84818231e+00  2.58509416e+00 
 2.82564000e-09  1.66106661e+00  1.93893339e+00  2.84820988e+00  2.58514076e+00 
 2.82614000e-09  1.66129190e+00  1.93870810e+00  2.84823742e+00  2.58518739e+00 
 2.82664000e-09  1.66151856e+00  1.93848144e+00  2.84826494e+00  2.58523407e+00 
 2.82714000e-09  1.66174659e+00  1.93825341e+00  2.84829244e+00  2.58528078e+00 
 2.82764000e-09  1.66197599e+00  1.93802401e+00  2.84831992e+00  2.58532753e+00 
 2.82814000e-09  1.66220674e+00  1.93779326e+00  2.84834737e+00  2.58537432e+00 
 2.82864000e-09  1.66243886e+00  1.93756114e+00  2.84837480e+00  2.58542114e+00 
 2.82914000e-09  1.66267234e+00  1.93732766e+00  2.84840220e+00  2.58546801e+00 
 2.82964000e-09  1.66290717e+00  1.93709283e+00  2.84842958e+00  2.58551491e+00 
 2.83014000e-09  1.66314335e+00  1.93685665e+00  2.84845693e+00  2.58556185e+00 
 2.83064000e-09  1.66338088e+00  1.93661912e+00  2.84848424e+00  2.58560883e+00 
 2.83114000e-09  1.66361976e+00  1.93638024e+00  2.84851153e+00  2.58565585e+00 
 2.83164000e-09  1.66385999e+00  1.93614001e+00  2.84853879e+00  2.58570291e+00 
 2.83214000e-09  1.66410156e+00  1.93589844e+00  2.84856601e+00  2.58575001e+00 
 2.83264000e-09  1.66434448e+00  1.93565552e+00  2.84859319e+00  2.58579715e+00 
 2.83314000e-09  1.66458873e+00  1.93541127e+00  2.84862034e+00  2.58584434e+00 
 2.83364000e-09  1.66483432e+00  1.93516568e+00  2.84864746e+00  2.58589156e+00 
 2.83414000e-09  1.66508124e+00  1.93491876e+00  2.84867453e+00  2.58593883e+00 
 2.83464000e-09  1.66532949e+00  1.93467051e+00  2.84870157e+00  2.58598614e+00 
 2.83514000e-09  1.66557908e+00  1.93442092e+00  2.84872856e+00  2.58603350e+00 
 2.83564000e-09  1.66582998e+00  1.93417002e+00  2.84875551e+00  2.58608089e+00 
 2.83614000e-09  1.66608222e+00  1.93391778e+00  2.84878241e+00  2.58612834e+00 
 2.83664000e-09  1.66633577e+00  1.93366423e+00  2.84880927e+00  2.58617583e+00 
 2.83714000e-09  1.66659065e+00  1.93340935e+00  2.84883608e+00  2.58622336e+00 
 2.83764000e-09  1.66684684e+00  1.93315316e+00  2.84886284e+00  2.58627094e+00 
 2.83814000e-09  1.66710435e+00  1.93289565e+00  2.84888955e+00  2.58631857e+00 
 2.83864000e-09  1.66736316e+00  1.93263684e+00  2.84891621e+00  2.58636625e+00 
 2.83914000e-09  1.66762329e+00  1.93237671e+00  2.84894281e+00  2.58641398e+00 
 2.83964000e-09  1.66788472e+00  1.93211528e+00  2.84896936e+00  2.58646175e+00 
 2.84014000e-09  1.66814746e+00  1.93185254e+00  2.84899584e+00  2.58650958e+00 
 2.84064000e-09  1.66841150e+00  1.93158850e+00  2.84902227e+00  2.58655746e+00 
 2.84114000e-09  1.66867683e+00  1.93132317e+00  2.84904863e+00  2.58660540e+00 
 2.84164000e-09  1.66894347e+00  1.93105653e+00  2.84907493e+00  2.58665338e+00 
 2.84214000e-09  1.66921139e+00  1.93078861e+00  2.84910117e+00  2.58670143e+00 
 2.84264000e-09  1.66948061e+00  1.93051939e+00  2.84912733e+00  2.58674953e+00 
 2.84314000e-09  1.66975112e+00  1.93024888e+00  2.84915343e+00  2.58679768e+00 
 2.84364000e-09  1.67002291e+00  1.92997709e+00  2.84917945e+00  2.58684590e+00 
 2.84414000e-09  1.67029598e+00  1.92970402e+00  2.84920539e+00  2.58689417e+00 
 2.84464000e-09  1.67057033e+00  1.92942967e+00  2.84923126e+00  2.58694251e+00 
 2.84514000e-09  1.67084597e+00  1.92915403e+00  2.84925705e+00  2.58699091e+00 
 2.84564000e-09  1.67112287e+00  1.92887713e+00  2.84928276e+00  2.58703937e+00 
 2.84614000e-09  1.67140105e+00  1.92859895e+00  2.84930838e+00  2.58708790e+00 
 2.84664000e-09  1.67168050e+00  1.92831950e+00  2.84933391e+00  2.58713650e+00 
 2.84714000e-09  1.67196121e+00  1.92803879e+00  2.84935936e+00  2.58718516e+00 
 2.84764000e-09  1.67224319e+00  1.92775681e+00  2.84938471e+00  2.58723390e+00 
 2.84814000e-09  1.67252643e+00  1.92747357e+00  2.84940996e+00  2.58728271e+00 
 2.84864000e-09  1.67281092e+00  1.92718908e+00  2.84943512e+00  2.58733159e+00 
 2.84914000e-09  1.67309667e+00  1.92690333e+00  2.84946018e+00  2.58738055e+00 
 2.84964000e-09  1.67338368e+00  1.92661632e+00  2.84948513e+00  2.58742959e+00 
 2.85014000e-09  1.67367193e+00  1.92632807e+00  2.84950997e+00  2.58747871e+00 
 2.85064000e-09  1.67396143e+00  1.92603857e+00  2.84953470e+00  2.58752790e+00 
 2.85114000e-09  1.67425218e+00  1.92574782e+00  2.84955932e+00  2.58757719e+00 
 2.85164000e-09  1.67454416e+00  1.92545584e+00  2.84958381e+00  2.58762656e+00 
 2.85214000e-09  1.67483739e+00  1.92516261e+00  2.84960819e+00  2.58767602e+00 
 2.85264000e-09  1.67513185e+00  1.92486815e+00  2.84963244e+00  2.58772557e+00 
 2.85314000e-09  1.67542754e+00  1.92457246e+00  2.84965657e+00  2.58777521e+00 
 2.85364000e-09  1.67572446e+00  1.92427554e+00  2.84968056e+00  2.58782495e+00 
 2.85414000e-09  1.67602260e+00  1.92397740e+00  2.84970441e+00  2.58787479e+00 
 2.85464000e-09  1.67632198e+00  1.92367802e+00  2.84972813e+00  2.58792474e+00 
 2.85514000e-09  1.67662257e+00  1.92337743e+00  2.84975170e+00  2.58797478e+00 
 2.85564000e-09  1.67692438e+00  1.92307562e+00  2.84977512e+00  2.58802494e+00 
 2.85614000e-09  1.67722740e+00  1.92277260e+00  2.84979838e+00  2.58807520e+00 
 2.85664000e-09  1.67753164e+00  1.92246836e+00  2.84982149e+00  2.58812559e+00 
 2.85714000e-09  1.67783708e+00  1.92216292e+00  2.84984444e+00  2.58817608e+00 
 2.85764000e-09  1.67814373e+00  1.92185627e+00  2.84986722e+00  2.58822670e+00 
 2.85814000e-09  1.67845159e+00  1.92154841e+00  2.84988982e+00  2.58827745e+00 
 2.85864000e-09  1.67876064e+00  1.92123936e+00  2.84991225e+00  2.58832832e+00 
 2.85914000e-09  1.67907089e+00  1.92092911e+00  2.84993450e+00  2.58837932e+00 
 2.85964000e-09  1.67938233e+00  1.92061767e+00  2.84995656e+00  2.58843047e+00 
 2.86014000e-09  1.67969496e+00  1.92030504e+00  2.84997842e+00  2.58848175e+00 
 2.86064000e-09  1.68000878e+00  1.91999122e+00  2.85000009e+00  2.58853317e+00 
 2.86114000e-09  1.68032379e+00  1.91967621e+00  2.85002155e+00  2.58858475e+00 
 2.86164000e-09  1.68063997e+00  1.91936003e+00  2.85004280e+00  2.58863647e+00 
 2.86214000e-09  1.68095734e+00  1.91904266e+00  2.85006383e+00  2.58868836e+00 
 2.86264000e-09  1.68127588e+00  1.91872412e+00  2.85008463e+00  2.58874041e+00 
 2.86314000e-09  1.68159559e+00  1.91840441e+00  2.85010521e+00  2.58879263e+00 
 2.86364000e-09  1.68191647e+00  1.91808353e+00  2.85012555e+00  2.58884502e+00 
 2.86414000e-09  1.68223851e+00  1.91776149e+00  2.85014564e+00  2.58889758e+00 
 2.86464000e-09  1.68256172e+00  1.91743828e+00  2.85016548e+00  2.58895034e+00 
 2.86514000e-09  1.68288608e+00  1.91711392e+00  2.85018506e+00  2.58900328e+00 
 2.86564000e-09  1.68321161e+00  1.91678839e+00  2.85020438e+00  2.58905642e+00 
 2.86614000e-09  1.68353828e+00  1.91646172e+00  2.85022342e+00  2.58910976e+00 
 2.86664000e-09  1.68386610e+00  1.91613390e+00  2.85024217e+00  2.58916330e+00 
 2.86714000e-09  1.68419508e+00  1.91580492e+00  2.85026064e+00  2.58921707e+00 
 2.86764000e-09  1.68452519e+00  1.91547481e+00  2.85027880e+00  2.58927105e+00 
 2.86814000e-09  1.68485644e+00  1.91514356e+00  2.85029666e+00  2.58932526e+00 
 2.86864000e-09  1.68518883e+00  1.91481117e+00  2.85031419e+00  2.58937971e+00 
 2.86914000e-09  1.68552235e+00  1.91447765e+00  2.85033140e+00  2.58943440e+00 
 2.86964000e-09  1.68585700e+00  1.91414300e+00  2.85034827e+00  2.58948934e+00 
 2.87014000e-09  1.68619278e+00  1.91380722e+00  2.85036479e+00  2.58954454e+00 
 2.87064000e-09  1.68652969e+00  1.91347031e+00  2.85038096e+00  2.58960001e+00 
 2.87114000e-09  1.68686771e+00  1.91313229e+00  2.85039675e+00  2.58965575e+00 
 2.87164000e-09  1.68720685e+00  1.91279315e+00  2.85041217e+00  2.58971178e+00 
 2.87214000e-09  1.68754710e+00  1.91245290e+00  2.85042719e+00  2.58976810e+00 
 2.87264000e-09  1.68788846e+00  1.91211154e+00  2.85044181e+00  2.58982472e+00 
 2.87314000e-09  1.68823093e+00  1.91176907e+00  2.85045601e+00  2.58988166e+00 
 2.87364000e-09  1.68857450e+00  1.91142550e+00  2.85046979e+00  2.58993891e+00 
 2.87414000e-09  1.68891917e+00  1.91108083e+00  2.85048312e+00  2.58999650e+00 
 2.87464000e-09  1.68926494e+00  1.91073506e+00  2.85049600e+00  2.59005443e+00 
 2.87514000e-09  1.68961180e+00  1.91038820e+00  2.85050842e+00  2.59011272e+00 
 2.87564000e-09  1.68995975e+00  1.91004025e+00  2.85052035e+00  2.59017137e+00 
 2.87614000e-09  1.69030878e+00  1.90969122e+00  2.85053178e+00  2.59023040e+00 
 2.87664000e-09  1.69065890e+00  1.90934110e+00  2.85054270e+00  2.59028982e+00 
 2.87714000e-09  1.69101010e+00  1.90898990e+00  2.85055310e+00  2.59034964e+00 
 2.87764000e-09  1.69136237e+00  1.90863763e+00  2.85056295e+00  2.59040987e+00 
 2.87814000e-09  1.69171572e+00  1.90828428e+00  2.85057225e+00  2.59047053e+00 
 2.87864000e-09  1.69207013e+00  1.90792987e+00  2.85058097e+00  2.59053164e+00 
 2.87914000e-09  1.69242561e+00  1.90757439e+00  2.85058909e+00  2.59059319e+00 
 2.87964000e-09  1.69278215e+00  1.90721785e+00  2.85059661e+00  2.59065522e+00 
 2.88014000e-09  1.69313975e+00  1.90686025e+00  2.85060349e+00  2.59071774e+00 
 2.88064000e-09  1.69349840e+00  1.90650160e+00  2.85060973e+00  2.59078075e+00 
 2.88114000e-09  1.69385811e+00  1.90614189e+00  2.85061529e+00  2.59084428e+00 
 2.88164000e-09  1.69421886e+00  1.90578114e+00  2.85062017e+00  2.59090835e+00 
 2.88214000e-09  1.69458066e+00  1.90541934e+00  2.85062434e+00  2.59097297e+00 
 2.88264000e-09  1.69494349e+00  1.90505651e+00  2.85062778e+00  2.59103815e+00 
 2.88314000e-09  1.69530737e+00  1.90469263e+00  2.85063046e+00  2.59110392e+00 
 2.88364000e-09  1.69567227e+00  1.90432773e+00  2.85063237e+00  2.59117029e+00 
 2.88414000e-09  1.69603821e+00  1.90396179e+00  2.85063348e+00  2.59123729e+00 
 2.88464000e-09  1.69640517e+00  1.90359483e+00  2.85063377e+00  2.59130494e+00 
 2.88514000e-09  1.69677316e+00  1.90322684e+00  2.85063321e+00  2.59137325e+00 
 2.88564000e-09  1.69714216e+00  1.90285784e+00  2.85063178e+00  2.59144224e+00 
 2.88614000e-09  1.69751218e+00  1.90248782e+00  2.85062944e+00  2.59151194e+00 
 2.88664000e-09  1.69788321e+00  1.90211679e+00  2.85062618e+00  2.59158237e+00 
 2.88714000e-09  1.69825525e+00  1.90174475e+00  2.85062196e+00  2.59165356e+00 
 2.88764000e-09  1.69862830e+00  1.90137170e+00  2.85061676e+00  2.59172552e+00 
 2.88814000e-09  1.69900234e+00  1.90099766e+00  2.85061055e+00  2.59179828e+00 
 2.88864000e-09  1.69937738e+00  1.90062262e+00  2.85060329e+00  2.59187187e+00 
 2.88914000e-09  1.69975341e+00  1.90024659e+00  2.85059496e+00  2.59194631e+00 
 2.88964000e-09  1.70013043e+00  1.89986957e+00  2.85058552e+00  2.59202164e+00 
 2.89014000e-09  1.70050844e+00  1.89949156e+00  2.85057494e+00  2.59209787e+00 
 2.89064000e-09  1.70088743e+00  1.89911257e+00  2.85056319e+00  2.59217503e+00 
 2.89114000e-09  1.70126740e+00  1.89873260e+00  2.85055022e+00  2.59225316e+00 
 2.89164000e-09  1.70164834e+00  1.89835166e+00  2.85053602e+00  2.59233229e+00 
 2.89214000e-09  1.70203026e+00  1.89796974e+00  2.85052052e+00  2.59241244e+00 
 2.89264000e-09  1.70241314e+00  1.89758686e+00  2.85050371e+00  2.59249365e+00 
 2.89314000e-09  1.70279698e+00  1.89720302e+00  2.85048554e+00  2.59257595e+00 
 2.89364000e-09  1.70318179e+00  1.89681821e+00  2.85046597e+00  2.59265938e+00 
 2.89414000e-09  1.70356754e+00  1.89643246e+00  2.85044496e+00  2.59274397e+00 
 2.89464000e-09  1.70395425e+00  1.89604575e+00  2.85042246e+00  2.59282975e+00 
 2.89514000e-09  1.70434191e+00  1.89565809e+00  2.85039844e+00  2.59291676e+00 
 2.89564000e-09  1.70473051e+00  1.89526949e+00  2.85037285e+00  2.59300504e+00 
 2.89614000e-09  1.70512006e+00  1.89487994e+00  2.85034564e+00  2.59309464e+00 
 2.89664000e-09  1.70551054e+00  1.89448946e+00  2.85031676e+00  2.59318558e+00 
 2.89714000e-09  1.70590195e+00  1.89409805e+00  2.85028617e+00  2.59327790e+00 
 2.89764000e-09  1.70629429e+00  1.89370571e+00  2.85025382e+00  2.59337166e+00 
 2.89814000e-09  1.70668755e+00  1.89331245e+00  2.85021966e+00  2.59346689e+00 
 2.89864000e-09  1.70708174e+00  1.89291826e+00  2.85018363e+00  2.59356365e+00 
 2.89914000e-09  1.70747684e+00  1.89252316e+00  2.85014568e+00  2.59366196e+00 
 2.89964000e-09  1.70787286e+00  1.89212714e+00  2.85010576e+00  2.59376188e+00 
 2.90014000e-09  1.70826978e+00  1.89173022e+00  2.85006380e+00  2.59386347e+00 
 2.90064000e-09  1.70866762e+00  1.89133238e+00  2.85001977e+00  2.59396675e+00 
 2.90114000e-09  1.70906635e+00  1.89093365e+00  2.84997358e+00  2.59407180e+00 
 2.90164000e-09  1.70946598e+00  1.89053402e+00  2.84992520e+00  2.59417865e+00 
 2.90214000e-09  1.70986650e+00  1.89013350e+00  2.84987454e+00  2.59428736e+00 
 2.90264000e-09  1.71026791e+00  1.88973209e+00  2.84982155e+00  2.59439799e+00 
 2.90314000e-09  1.71067021e+00  1.88932979e+00  2.84976617e+00  2.59451059e+00 
 2.90364000e-09  1.71107339e+00  1.88892661e+00  2.84970834e+00  2.59462521e+00 
 2.90414000e-09  1.71147745e+00  1.88852255e+00  2.84964797e+00  2.59474192e+00 
 2.90464000e-09  1.71188238e+00  1.88811762e+00  2.84958501e+00  2.59486076e+00 
 2.90514000e-09  1.71228818e+00  1.88771182e+00  2.84951938e+00  2.59498181e+00 
 2.90564000e-09  1.71269485e+00  1.88730515e+00  2.84945102e+00  2.59510513e+00 
 2.90614000e-09  1.71310238e+00  1.88689762e+00  2.84937984e+00  2.59523077e+00 
 2.90664000e-09  1.71351077e+00  1.88648923e+00  2.84930579e+00  2.59535880e+00 
 2.90714000e-09  1.71392001e+00  1.88607999e+00  2.84922877e+00  2.59548929e+00 
 2.90764000e-09  1.71433010e+00  1.88566990e+00  2.84914872e+00  2.59562230e+00 
 2.90814000e-09  1.71474103e+00  1.88525897e+00  2.84906555e+00  2.59575790e+00 
 2.90864000e-09  1.71515281e+00  1.88484719e+00  2.84897919e+00  2.59589616e+00 
 2.90914000e-09  1.71556542e+00  1.88443458e+00  2.84888955e+00  2.59603715e+00 
 2.90964000e-09  1.71597887e+00  1.88402113e+00  2.84879655e+00  2.59618095e+00 
 2.91014000e-09  1.71639314e+00  1.88360686e+00  2.84870011e+00  2.59632762e+00 
 2.91064000e-09  1.71680825e+00  1.88319175e+00  2.84860015e+00  2.59647724e+00 
 2.91114000e-09  1.71722417e+00  1.88277583e+00  2.84849657e+00  2.59662989e+00 
 2.91164000e-09  1.71764091e+00  1.88235909e+00  2.84838929e+00  2.59678564e+00 
 2.91214000e-09  1.71805846e+00  1.88194154e+00  2.84827822e+00  2.59694457e+00 
 2.91264000e-09  1.71847682e+00  1.88152318e+00  2.84816327e+00  2.59710676e+00 
 2.91314000e-09  1.71889599e+00  1.88110401e+00  2.84804434e+00  2.59727229e+00 
 2.91364000e-09  1.71931595e+00  1.88068405e+00  2.84792136e+00  2.59744125e+00 
 2.91414000e-09  1.71973672e+00  1.88026328e+00  2.84779422e+00  2.59761370e+00 
 2.91464000e-09  1.72015827e+00  1.87984173e+00  2.84766282e+00  2.59778974e+00 
 2.91514000e-09  1.72058061e+00  1.87941939e+00  2.84752709e+00  2.59796946e+00 
 2.91564000e-09  1.72100374e+00  1.87899626e+00  2.84738691e+00  2.59815293e+00 
 2.91614000e-09  1.72142765e+00  1.87857235e+00  2.84724219e+00  2.59834024e+00 
 2.91664000e-09  1.72185233e+00  1.87814767e+00  2.84709283e+00  2.59853149e+00 
 2.91714000e-09  1.72227778e+00  1.87772222e+00  2.84693874e+00  2.59872675e+00 
 2.91764000e-09  1.72270400e+00  1.87729600e+00  2.84677982e+00  2.59892612e+00 
 2.91814000e-09  1.72313098e+00  1.87686902e+00  2.84661597e+00  2.59912968e+00 
 2.91864000e-09  1.72355873e+00  1.87644127e+00  2.84644708e+00  2.59933753e+00 
 2.91914000e-09  1.72398722e+00  1.87601278e+00  2.84627307e+00  2.59954975e+00 
 2.91964000e-09  1.72441647e+00  1.87558353e+00  2.84609382e+00  2.59976644e+00 
 2.92014000e-09  1.72484646e+00  1.87515354e+00  2.84590924e+00  2.59998769e+00 
 2.92064000e-09  1.72527720e+00  1.87472280e+00  2.84571923e+00  2.60021358e+00 
 2.92114000e-09  1.72570867e+00  1.87429133e+00  2.84552368e+00  2.60044421e+00 
 2.92164000e-09  1.72614087e+00  1.87385913e+00  2.84532250e+00  2.60067967e+00 
 2.92214000e-09  1.72657381e+00  1.87342619e+00  2.84511559e+00  2.60092006e+00 
 2.92264000e-09  1.72700746e+00  1.87299254e+00  2.84490285e+00  2.60116546e+00 
 2.92314000e-09  1.72744184e+00  1.87255816e+00  2.84468417e+00  2.60141597e+00 
 2.92364000e-09  1.72787694e+00  1.87212306e+00  2.84445946e+00  2.60167167e+00 
 2.92414000e-09  1.72831274e+00  1.87168726e+00  2.84422863e+00  2.60193266e+00 
 2.92464000e-09  1.72874926e+00  1.87125074e+00  2.84399156e+00  2.60219902e+00 
 2.92514000e-09  1.72918648e+00  1.87081352e+00  2.84374818e+00  2.60247086e+00 
 2.92564000e-09  1.72962439e+00  1.87037561e+00  2.84349838e+00  2.60274825e+00 
 2.92614000e-09  1.73006300e+00  1.86993700e+00  2.84324206e+00  2.60303129e+00 
 2.92664000e-09  1.73050230e+00  1.86949770e+00  2.84297914e+00  2.60332006e+00 
 2.92714000e-09  1.73094229e+00  1.86905771e+00  2.84270952e+00  2.60361465e+00 
 2.92764000e-09  1.73138296e+00  1.86861704e+00  2.84243312e+00  2.60391515e+00 
 2.92814000e-09  1.73182431e+00  1.86817569e+00  2.84214984e+00  2.60422164e+00 
 2.92864000e-09  1.73226633e+00  1.86773367e+00  2.84185960e+00  2.60453420e+00 
 2.92914000e-09  1.73270901e+00  1.86729099e+00  2.84156230e+00  2.60485292e+00 
 2.92964000e-09  1.73315236e+00  1.86684764e+00  2.84125788e+00  2.60517788e+00 
 2.93014000e-09  1.73359638e+00  1.86640362e+00  2.84094625e+00  2.60550915e+00 
 2.93064000e-09  1.73404104e+00  1.86595896e+00  2.84062732e+00  2.60584681e+00 
 2.93114000e-09  1.73448636e+00  1.86551364e+00  2.84030102e+00  2.60619095e+00 
 2.93164000e-09  1.73493232e+00  1.86506768e+00  2.83996728e+00  2.60654163e+00 
 2.93214000e-09  1.73537893e+00  1.86462107e+00  2.83962602e+00  2.60689892e+00 
 2.93264000e-09  1.73582617e+00  1.86417383e+00  2.83927717e+00  2.60726290e+00 
 2.93314000e-09  1.73627405e+00  1.86372595e+00  2.83892067e+00  2.60763363e+00 
 2.93364000e-09  1.73672256e+00  1.86327744e+00  2.83855645e+00  2.60801118e+00 
 2.93414000e-09  1.73717169e+00  1.86282831e+00  2.83818445e+00  2.60839561e+00 
 2.93464000e-09  1.73762144e+00  1.86237856e+00  2.83780461e+00  2.60878699e+00 
 2.93514000e-09  1.73807181e+00  1.86192819e+00  2.83741687e+00  2.60918537e+00 
 2.93564000e-09  1.73852278e+00  1.86147722e+00  2.83702119e+00  2.60959081e+00 
 2.93614000e-09  1.73897437e+00  1.86102563e+00  2.83661750e+00  2.61000337e+00 
 2.93664000e-09  1.73942656e+00  1.86057344e+00  2.83620576e+00  2.61042308e+00 
 2.93714000e-09  1.73987934e+00  1.86012066e+00  2.83578593e+00  2.61085002e+00 
 2.93764000e-09  1.74033272e+00  1.85966728e+00  2.83535797e+00  2.61128421e+00 
 2.93814000e-09  1.74078669e+00  1.85921331e+00  2.83492183e+00  2.61172570e+00 
 2.93864000e-09  1.74124124e+00  1.85875876e+00  2.83447749e+00  2.61217454e+00 
 2.93914000e-09  1.74169637e+00  1.85830363e+00  2.83402491e+00  2.61263076e+00 
 2.93964000e-09  1.74215208e+00  1.85784792e+00  2.83356407e+00  2.61309440e+00 
 2.94014000e-09  1.74260835e+00  1.85739165e+00  2.83309493e+00  2.61356549e+00 
 2.94064000e-09  1.74306520e+00  1.85693480e+00  2.83261748e+00  2.61404405e+00 
 2.94114000e-09  1.74352260e+00  1.85647740e+00  2.83213170e+00  2.61453012e+00 
 2.94164000e-09  1.74398057e+00  1.85601943e+00  2.83163757e+00  2.61502372e+00 
 2.94214000e-09  1.74443908e+00  1.85556092e+00  2.83113508e+00  2.61552486e+00 
 2.94264000e-09  1.74489815e+00  1.85510185e+00  2.83062423e+00  2.61603358e+00 
 2.94314000e-09  1.74535776e+00  1.85464224e+00  2.83010500e+00  2.61654987e+00 
 2.94364000e-09  1.74581791e+00  1.85418209e+00  2.82957741e+00  2.61707376e+00 
 2.94414000e-09  1.74627859e+00  1.85372141e+00  2.82904144e+00  2.61760526e+00 
 2.94464000e-09  1.74673980e+00  1.85326020e+00  2.82849710e+00  2.61814436e+00 
 2.94514000e-09  1.74720154e+00  1.85279846e+00  2.82794440e+00  2.61869108e+00 
 2.94564000e-09  1.74766380e+00  1.85233620e+00  2.82738336e+00  2.61924542e+00 
 2.94614000e-09  1.74812658e+00  1.85187342e+00  2.82681399e+00  2.61980737e+00 
 2.94664000e-09  1.74858986e+00  1.85141014e+00  2.82623630e+00  2.62037693e+00 
 2.94714000e-09  1.74905366e+00  1.85094634e+00  2.82565031e+00  2.62095410e+00 
 2.94764000e-09  1.74951796e+00  1.85048204e+00  2.82505605e+00  2.62153886e+00 
 2.94814000e-09  1.74998275e+00  1.85001725e+00  2.82445355e+00  2.62213120e+00 
 2.94864000e-09  1.75044804e+00  1.84955196e+00  2.82384283e+00  2.62273111e+00 
 2.94914000e-09  1.75091382e+00  1.84908618e+00  2.82322393e+00  2.62333856e+00 
 2.94964000e-09  1.75138009e+00  1.84861991e+00  2.82259689e+00  2.62395355e+00 
 2.95014000e-09  1.75184683e+00  1.84815317e+00  2.82196173e+00  2.62457605e+00 
 2.95064000e-09  1.75231405e+00  1.84768595e+00  2.82131850e+00  2.62520603e+00 
 2.95114000e-09  1.75278174e+00  1.84721826e+00  2.82066725e+00  2.62584346e+00 
 2.95164000e-09  1.75324989e+00  1.84675011e+00  2.82000802e+00  2.62648833e+00 
 2.95214000e-09  1.75371851e+00  1.84628149e+00  2.81934085e+00  2.62714058e+00 
 2.95264000e-09  1.75418759e+00  1.84581241e+00  2.81866579e+00  2.62780020e+00 
 2.95314000e-09  1.75465711e+00  1.84534289e+00  2.81798290e+00  2.62846713e+00 
 2.95364000e-09  1.75512708e+00  1.84487292e+00  2.81729223e+00  2.62914135e+00 
 2.95414000e-09  1.75559750e+00  1.84440250e+00  2.81659383e+00  2.62982281e+00 
 2.95464000e-09  1.75606836e+00  1.84393164e+00  2.81588776e+00  2.63051145e+00 
 2.95514000e-09  1.75653964e+00  1.84346036e+00  2.81517406e+00  2.63120724e+00 
 2.95564000e-09  1.75701136e+00  1.84298864e+00  2.81445281e+00  2.63191011e+00 
 2.95614000e-09  1.75748350e+00  1.84251650e+00  2.81372406e+00  2.63262003e+00 
 2.95664000e-09  1.75795606e+00  1.84204394e+00  2.81298786e+00  2.63333692e+00 
 2.95714000e-09  1.75842904e+00  1.84157096e+00  2.81224427e+00  2.63406072e+00 
 2.95764000e-09  1.75890243e+00  1.84109757e+00  2.81149336e+00  2.63479137e+00 
 2.95814000e-09  1.75937622e+00  1.84062378e+00  2.81073517e+00  2.63552881e+00 
 2.95864000e-09  1.75985041e+00  1.84014959e+00  2.80996977e+00  2.63627296e+00 
 2.95914000e-09  1.76032500e+00  1.83967500e+00  2.80919721e+00  2.63702374e+00 
 2.95964000e-09  1.76079998e+00  1.83920002e+00  2.80841756e+00  2.63778109e+00 
 2.96014000e-09  1.76127535e+00  1.83872465e+00  2.80763085e+00  2.63854492e+00 
 2.96064000e-09  1.76175110e+00  1.83824890e+00  2.80683717e+00  2.63931515e+00 
 2.96114000e-09  1.76222722e+00  1.83777278e+00  2.80603654e+00  2.64009170e+00 
 2.96164000e-09  1.76270372e+00  1.83729628e+00  2.80522905e+00  2.64087448e+00 
 2.96214000e-09  1.76318059e+00  1.83681941e+00  2.80441472e+00  2.64166340e+00 
 2.96264000e-09  1.76365782e+00  1.83634218e+00  2.80359363e+00  2.64245838e+00 
 2.96314000e-09  1.76413541e+00  1.83586459e+00  2.80276583e+00  2.64325932e+00 
 2.96364000e-09  1.76461336e+00  1.83538664e+00  2.80193136e+00  2.64406613e+00 
 2.96414000e-09  1.76509165e+00  1.83490835e+00  2.80109030e+00  2.64487873e+00 
 2.96464000e-09  1.76557029e+00  1.83442971e+00  2.80024268e+00  2.64569702e+00 
 2.96514000e-09  1.76604927e+00  1.83395073e+00  2.79938858e+00  2.64652090e+00 
 2.96564000e-09  1.76652858e+00  1.83347142e+00  2.79852805e+00  2.64735030e+00 
 2.96614000e-09  1.76700822e+00  1.83299178e+00  2.79766115e+00  2.64818511e+00 
 2.96664000e-09  1.76748819e+00  1.83251181e+00  2.79678793e+00  2.64902524e+00 
 2.96714000e-09  1.76796848e+00  1.83203152e+00  2.79590847e+00  2.64987062e+00 
 2.96764000e-09  1.76844909e+00  1.83155091e+00  2.79502282e+00  2.65072113e+00 
 2.96814000e-09  1.76893000e+00  1.83107000e+00  2.79413105e+00  2.65157671e+00 
 2.96864000e-09  1.76941123e+00  1.83058877e+00  2.79323323e+00  2.65243725e+00 
 2.96914000e-09  1.76989275e+00  1.83010725e+00  2.79232942e+00  2.65330268e+00 
 2.96964000e-09  1.77037458e+00  1.82962542e+00  2.79141969e+00  2.65417290e+00 
 2.97014000e-09  1.77085669e+00  1.82914331e+00  2.79050411e+00  2.65504783e+00 
 2.97064000e-09  1.77133909e+00  1.82866091e+00  2.78958276e+00  2.65592739e+00 
 2.97114000e-09  1.77182178e+00  1.82817822e+00  2.78865570e+00  2.65681149e+00 
 2.97164000e-09  1.77230474e+00  1.82769526e+00  2.78772301e+00  2.65770005e+00 
 2.97214000e-09  1.77278798e+00  1.82721202e+00  2.78678475e+00  2.65859298e+00 
 2.97264000e-09  1.77327149e+00  1.82672851e+00  2.78584102e+00  2.65949022e+00 
 2.97314000e-09  1.77375526e+00  1.82624474e+00  2.78489188e+00  2.66039166e+00 
 2.97364000e-09  1.77423928e+00  1.82576072e+00  2.78393741e+00  2.66129724e+00 
 2.97414000e-09  1.77472357e+00  1.82527643e+00  2.78297769e+00  2.66220687e+00 
 2.97464000e-09  1.77520810e+00  1.82479190e+00  2.78201279e+00  2.66312048e+00 
 2.97514000e-09  1.77569288e+00  1.82430712e+00  2.78104280e+00  2.66403798e+00 
 2.97564000e-09  1.77617789e+00  1.82382211e+00  2.78006779e+00  2.66495931e+00 
 2.97614000e-09  1.77666315e+00  1.82333685e+00  2.77908785e+00  2.66588439e+00 
 2.97664000e-09  1.77714863e+00  1.82285137e+00  2.77810306e+00  2.66681313e+00 
 2.97714000e-09  1.77763434e+00  1.82236566e+00  2.77711350e+00  2.66774547e+00 
 2.97764000e-09  1.77812026e+00  1.82187974e+00  2.77611925e+00  2.66868134e+00 
 2.97814000e-09  1.77860641e+00  1.82139359e+00  2.77512040e+00  2.66962065e+00 
 2.97864000e-09  1.77909276e+00  1.82090724e+00  2.77411703e+00  2.67056335e+00 
 2.97914000e-09  1.77957933e+00  1.82042067e+00  2.77310924e+00  2.67150935e+00 
 2.97964000e-09  1.78006609e+00  1.81993391e+00  2.77209709e+00  2.67245860e+00 
 2.98014000e-09  1.78055305e+00  1.81944695e+00  2.77108069e+00  2.67341101e+00 
 2.98064000e-09  1.78104020e+00  1.81895980e+00  2.77006011e+00  2.67436654e+00 
 2.98114000e-09  1.78152754e+00  1.81847246e+00  2.76903546e+00  2.67532510e+00 
 2.98164000e-09  1.78201506e+00  1.81798494e+00  2.76800681e+00  2.67628663e+00 
 2.98214000e-09  1.78250276e+00  1.81749724e+00  2.76697425e+00  2.67725108e+00 
 2.98264000e-09  1.78299064e+00  1.81700936e+00  2.76593789e+00  2.67821837e+00 
 2.98314000e-09  1.78347867e+00  1.81652133e+00  2.76489780e+00  2.67918844e+00 
 2.98364000e-09  1.78396688e+00  1.81603312e+00  2.76385408e+00  2.68016123e+00 
 2.98414000e-09  1.78445524e+00  1.81554476e+00  2.76280682e+00  2.68113669e+00 
 2.98464000e-09  1.78494375e+00  1.81505625e+00  2.76175611e+00  2.68211474e+00 
 2.98514000e-09  1.78543242e+00  1.81456758e+00  2.76070205e+00  2.68309533e+00 
 2.98564000e-09  1.78592122e+00  1.81407878e+00  2.75964473e+00  2.68407840e+00 
 2.98614000e-09  1.78641017e+00  1.81358983e+00  2.75858424e+00  2.68506388e+00 
 2.98664000e-09  1.78689925e+00  1.81310075e+00  2.75752067e+00  2.68605173e+00 
 2.98714000e-09  1.78738846e+00  1.81261154e+00  2.75645411e+00  2.68704188e+00 
 2.98764000e-09  1.78787779e+00  1.81212221e+00  2.75538467e+00  2.68803428e+00 
 2.98814000e-09  1.78836725e+00  1.81163275e+00  2.75431242e+00  2.68902885e+00 
 2.98864000e-09  1.78885681e+00  1.81114319e+00  2.75323747e+00  2.69002556e+00 
 2.98914000e-09  1.78934649e+00  1.81065351e+00  2.75215990e+00  2.69102433e+00 
 2.98964000e-09  1.78983627e+00  1.81016373e+00  2.75107981e+00  2.69202511e+00 
 2.99014000e-09  1.79032616e+00  1.80967384e+00  2.74999729e+00  2.69302784e+00 
 2.99064000e-09  1.79081614e+00  1.80918386e+00  2.74891242e+00  2.69403246e+00 
 2.99114000e-09  1.79130621e+00  1.80869379e+00  2.74782530e+00  2.69503891e+00 
 2.99164000e-09  1.79179636e+00  1.80820364e+00  2.74673602e+00  2.69604713e+00 
 2.99214000e-09  1.79228660e+00  1.80771340e+00  2.74564466e+00  2.69705706e+00 
 2.99264000e-09  1.79277691e+00  1.80722309e+00  2.74455131e+00  2.69806865e+00 
 2.99314000e-09  1.79326730e+00  1.80673270e+00  2.74345606e+00  2.69908182e+00 
 2.99364000e-09  1.79375775e+00  1.80624225e+00  2.74235900e+00  2.70009652e+00 
 2.99414000e-09  1.79424826e+00  1.80575174e+00  2.74126021e+00  2.70111268e+00 
 2.99464000e-09  1.79473883e+00  1.80526117e+00  2.74015977e+00  2.70213025e+00 
 2.99514000e-09  1.79522945e+00  1.80477055e+00  2.73905777e+00  2.70314915e+00 
 2.99564000e-09  1.79572012e+00  1.80427988e+00  2.73795429e+00  2.70416933e+00 
 2.99614000e-09  1.79621083e+00  1.80378917e+00  2.73684942e+00  2.70519071e+00 
 2.99664000e-09  1.79670157e+00  1.80329843e+00  2.73574323e+00  2.70621324e+00 
 2.99714000e-09  1.79719235e+00  1.80280765e+00  2.73463580e+00  2.70723685e+00 
 2.99764000e-09  1.79768316e+00  1.80231684e+00  2.73352721e+00  2.70826146e+00 
 2.99814000e-09  1.79817399e+00  1.80182601e+00  2.73241754e+00  2.70928701e+00 
 2.99864000e-09  1.79866484e+00  1.80133516e+00  2.73130687e+00  2.71031344e+00 
 2.99914000e-09  1.79915570e+00  1.80084430e+00  2.73019527e+00  2.71134067e+00 
 2.99964000e-09  1.79964657e+00  1.80035343e+00  2.72908282e+00  2.71236863e+00 
 3.00014000e-09  1.80013744e+00  1.79986256e+00  2.72796959e+00  2.71339725e+00 
 3.00064000e-09  1.80062832e+00  1.79937168e+00  2.72685565e+00  2.71442647e+00 
 3.00114000e-09  1.80111918e+00  1.79888082e+00  2.72574109e+00  2.71545620e+00 
 3.00164000e-09  1.80161004e+00  1.79838996e+00  2.72462596e+00  2.71648637e+00 
 3.00214000e-09  1.80210088e+00  1.79789912e+00  2.72351035e+00  2.71751692e+00 
 3.00264000e-09  1.80259170e+00  1.79740830e+00  2.72239431e+00  2.71854777e+00 
 3.00314000e-09  1.80308249e+00  1.79691751e+00  2.72127793e+00  2.71957883e+00 
 3.00364000e-09  1.80357325e+00  1.79642675e+00  2.72016127e+00  2.72061004e+00 
 3.00414000e-09  1.80406398e+00  1.79593602e+00  2.71904439e+00  2.72164133e+00 
 3.00464000e-09  1.80455466e+00  1.79544534e+00  2.71792737e+00  2.72267260e+00 
 3.00514000e-09  1.80504531e+00  1.79495469e+00  2.71681027e+00  2.72370379e+00 
 3.00564000e-09  1.80553590e+00  1.79446410e+00  2.71569316e+00  2.72473482e+00 
 3.00614000e-09  1.80602644e+00  1.79397356e+00  2.71457611e+00  2.72576561e+00 
 3.00664000e-09  1.80651691e+00  1.79348309e+00  2.71345917e+00  2.72679607e+00 
 3.00714000e-09  1.80700733e+00  1.79299267e+00  2.71234242e+00  2.72782614e+00 
 3.00764000e-09  1.80749767e+00  1.79250233e+00  2.71122592e+00  2.72885573e+00 
 3.00814000e-09  1.80798794e+00  1.79201206e+00  2.71010973e+00  2.72988475e+00 
 3.00864000e-09  1.80847813e+00  1.79152187e+00  2.70899392e+00  2.73091313e+00 
 3.00914000e-09  1.80896824e+00  1.79103176e+00  2.70787855e+00  2.73194079e+00 
 3.00964000e-09  1.80945826e+00  1.79054174e+00  2.70676368e+00  2.73296764e+00 
 3.01014000e-09  1.80994819e+00  1.79005181e+00  2.70564938e+00  2.73399361e+00 
 3.01064000e-09  1.81043802e+00  1.78956198e+00  2.70453571e+00  2.73501860e+00 
 3.01114000e-09  1.81092774e+00  1.78907226e+00  2.70342273e+00  2.73604254e+00 
 3.01164000e-09  1.81141736e+00  1.78858264e+00  2.70231051e+00  2.73706534e+00 
 3.01214000e-09  1.81190686e+00  1.78809314e+00  2.70119910e+00  2.73808692e+00 
 3.01264000e-09  1.81239625e+00  1.78760375e+00  2.70008858e+00  2.73910719e+00 
 3.01314000e-09  1.81288551e+00  1.78711449e+00  2.69897900e+00  2.74012607e+00 
 3.01364000e-09  1.81337465e+00  1.78662535e+00  2.69787042e+00  2.74114348e+00 
 3.01414000e-09  1.81386366e+00  1.78613634e+00  2.69676292e+00  2.74215932e+00 
 3.01464000e-09  1.81435253e+00  1.78564747e+00  2.69565655e+00  2.74317353e+00 
 3.01514000e-09  1.81484125e+00  1.78515875e+00  2.69455137e+00  2.74418600e+00 
 3.01564000e-09  1.81532983e+00  1.78467017e+00  2.69344746e+00  2.74519666e+00 
 3.01614000e-09  1.81581826e+00  1.78418174e+00  2.69234486e+00  2.74620542e+00 
 3.01664000e-09  1.81630654e+00  1.78369346e+00  2.69124366e+00  2.74721219e+00 
 3.01714000e-09  1.81679465e+00  1.78320535e+00  2.69014392e+00  2.74821689e+00 
 3.01764000e-09  1.81728259e+00  1.78271741e+00  2.68904569e+00  2.74921943e+00 
 3.01814000e-09  1.81777037e+00  1.78222963e+00  2.68794905e+00  2.75021974e+00 
 3.01864000e-09  1.81825797e+00  1.78174203e+00  2.68685406e+00  2.75121771e+00 
 3.01914000e-09  1.81874539e+00  1.78125461e+00  2.68576080e+00  2.75221327e+00 
 3.01964000e-09  1.81923263e+00  1.78076737e+00  2.68466932e+00  2.75320634e+00 
 3.02014000e-09  1.81971967e+00  1.78028033e+00  2.68357970e+00  2.75419682e+00 
 3.02064000e-09  1.82020652e+00  1.77979348e+00  2.68249201e+00  2.75518463e+00 
 3.02114000e-09  1.82069317e+00  1.77930683e+00  2.68140632e+00  2.75616969e+00 
 3.02164000e-09  1.82117962e+00  1.77882038e+00  2.68032269e+00  2.75715192e+00 
 3.02214000e-09  1.82166586e+00  1.77833414e+00  2.67924122e+00  2.75813122e+00 
 3.02264000e-09  1.82215188e+00  1.77784812e+00  2.67816196e+00  2.75910752e+00 
 3.02314000e-09  1.82263769e+00  1.77736231e+00  2.67708499e+00  2.76008074e+00 
 3.02364000e-09  1.82312327e+00  1.77687673e+00  2.67601040e+00  2.76105078e+00 
 3.02414000e-09  1.82360862e+00  1.77639138e+00  2.67493825e+00  2.76201757e+00 
 3.02464000e-09  1.82409375e+00  1.77590625e+00  2.67386863e+00  2.76298103e+00 
 3.02514000e-09  1.82457863e+00  1.77542137e+00  2.67280162e+00  2.76394108e+00 
 3.02564000e-09  1.82506327e+00  1.77493673e+00  2.67173730e+00  2.76489763e+00 
 3.02614000e-09  1.82554766e+00  1.77445234e+00  2.67067575e+00  2.76585060e+00 
 3.02664000e-09  1.82603180e+00  1.77396820e+00  2.66961707e+00  2.76679993e+00 
 3.02714000e-09  1.82651569e+00  1.77348431e+00  2.66856134e+00  2.76774552e+00 
 3.02764000e-09  1.82699931e+00  1.77300069e+00  2.66750864e+00  2.76868731e+00 
 3.02814000e-09  1.82748267e+00  1.77251733e+00  2.66645907e+00  2.76962521e+00 
 3.02864000e-09  1.82796575e+00  1.77203425e+00  2.66541273e+00  2.77055916e+00 
 3.02914000e-09  1.82844856e+00  1.77155144e+00  2.66436970e+00  2.77148907e+00 
 3.02964000e-09  1.82893109e+00  1.77106891e+00  2.66333009e+00  2.77241488e+00 
 3.03014000e-09  1.82941333e+00  1.77058667e+00  2.66229399e+00  2.77333652e+00 
 3.03064000e-09  1.82989528e+00  1.77010472e+00  2.66126150e+00  2.77425391e+00 
 3.03114000e-09  1.83037694e+00  1.76962306e+00  2.66023273e+00  2.77516699e+00 
 3.03164000e-09  1.83085830e+00  1.76914170e+00  2.65920779e+00  2.77607570e+00 
 3.03214000e-09  1.83133935e+00  1.76866065e+00  2.65818677e+00  2.77697995e+00 
 3.03264000e-09  1.83182009e+00  1.76817991e+00  2.65716978e+00  2.77787970e+00 
 3.03314000e-09  1.83230052e+00  1.76769948e+00  2.65615694e+00  2.77877487e+00 
 3.03364000e-09  1.83278063e+00  1.76721937e+00  2.65514836e+00  2.77966540e+00 
 3.03414000e-09  1.83326042e+00  1.76673958e+00  2.65414414e+00  2.78055124e+00 
 3.03464000e-09  1.83373988e+00  1.76626012e+00  2.65314439e+00  2.78143232e+00 
 3.03514000e-09  1.83421900e+00  1.76578100e+00  2.65214923e+00  2.78230859e+00 
 3.03564000e-09  1.83469779e+00  1.76530221e+00  2.65115878e+00  2.78317998e+00 
 3.03614000e-09  1.83517624e+00  1.76482376e+00  2.65017313e+00  2.78404644e+00 
 3.03664000e-09  1.83565433e+00  1.76434567e+00  2.64919240e+00  2.78490791e+00 
 3.03714000e-09  1.83613208e+00  1.76386792e+00  2.64821671e+00  2.78576432e+00 
 3.03764000e-09  1.83660947e+00  1.76339053e+00  2.64724616e+00  2.78661564e+00 
 3.03814000e-09  1.83708650e+00  1.76291350e+00  2.64628085e+00  2.78746178e+00 
 3.03864000e-09  1.83756316e+00  1.76243684e+00  2.64532090e+00  2.78830270e+00 
 3.03914000e-09  1.83803945e+00  1.76196055e+00  2.64436640e+00  2.78913834e+00 
 3.03964000e-09  1.83851537e+00  1.76148463e+00  2.64341746e+00  2.78996863e+00 
 3.04014000e-09  1.83899091e+00  1.76100909e+00  2.64247418e+00  2.79079351e+00 
 3.04064000e-09  1.83946606e+00  1.76053394e+00  2.64153663e+00  2.79161291e+00 
 3.04114000e-09  1.83994082e+00  1.76005918e+00  2.64060493e+00  2.79242678e+00 
 3.04164000e-09  1.84041519e+00  1.75958481e+00  2.63967916e+00  2.79323504e+00 
 3.04214000e-09  1.84088916e+00  1.75911084e+00  2.63875939e+00  2.79403762e+00 
 3.04264000e-09  1.84136272e+00  1.75863728e+00  2.63784572e+00  2.79483446e+00 
 3.04314000e-09  1.84183588e+00  1.75816412e+00  2.63693821e+00  2.79562547e+00 
 3.04364000e-09  1.84230862e+00  1.75769138e+00  2.63603695e+00  2.79641058e+00 
 3.04414000e-09  1.84278095e+00  1.75721905e+00  2.63514201e+00  2.79718972e+00 
 3.04464000e-09  1.84325285e+00  1.75674715e+00  2.63425344e+00  2.79796280e+00 
 3.04514000e-09  1.84372433e+00  1.75627567e+00  2.63337133e+00  2.79872974e+00 
 3.04564000e-09  1.84419538e+00  1.75580462e+00  2.63249571e+00  2.79949046e+00 
 3.04614000e-09  1.84466599e+00  1.75533401e+00  2.63162667e+00  2.80024487e+00 
 3.04664000e-09  1.84513616e+00  1.75486384e+00  2.63076424e+00  2.80099290e+00 
 3.04714000e-09  1.84560588e+00  1.75439412e+00  2.62990849e+00  2.80173445e+00 
 3.04764000e-09  1.84607515e+00  1.75392485e+00  2.62905947e+00  2.80246943e+00 
 3.04814000e-09  1.84654397e+00  1.75345603e+00  2.62821722e+00  2.80319777e+00 
 3.04864000e-09  1.84701233e+00  1.75298767e+00  2.62738179e+00  2.80391937e+00 
 3.04914000e-09  1.84748022e+00  1.75251978e+00  2.62655323e+00  2.80463414e+00 
 3.04964000e-09  1.84794765e+00  1.75205235e+00  2.62573158e+00  2.80534200e+00 
 3.05014000e-09  1.84841460e+00  1.75158540e+00  2.62491688e+00  2.80604287e+00 
 3.05064000e-09  1.84888108e+00  1.75111892e+00  2.62410917e+00  2.80673666e+00 
 3.05114000e-09  1.84934707e+00  1.75065293e+00  2.62330850e+00  2.80742328e+00 
 3.05164000e-09  1.84981258e+00  1.75018742e+00  2.62251491e+00  2.80810266e+00 
 3.05214000e-09  1.85027759e+00  1.74972241e+00  2.62172843e+00  2.80877472e+00 
 3.05264000e-09  1.85074211e+00  1.74925789e+00  2.62094910e+00  2.80943937e+00 
 3.05314000e-09  1.85120613e+00  1.74879387e+00  2.62017695e+00  2.81009656e+00 
 3.05364000e-09  1.85166964e+00  1.74833036e+00  2.61941204e+00  2.81074619e+00 
 3.05414000e-09  1.85213264e+00  1.74786736e+00  2.61865438e+00  2.81138821e+00 
 3.05464000e-09  1.85259513e+00  1.74740487e+00  2.61790402e+00  2.81202255e+00 
 3.05514000e-09  1.85305710e+00  1.74694290e+00  2.61716100e+00  2.81264914e+00 
 3.05564000e-09  1.85351854e+00  1.74648146e+00  2.61642535e+00  2.81326793e+00 
 3.05614000e-09  1.85397946e+00  1.74602054e+00  2.61569710e+00  2.81387885e+00 
 3.05664000e-09  1.85443984e+00  1.74556016e+00  2.61497629e+00  2.81448187e+00 
 3.05714000e-09  1.85489969e+00  1.74510031e+00  2.61426295e+00  2.81507692e+00 
 3.05764000e-09  1.85535899e+00  1.74464101e+00  2.61355711e+00  2.81566397e+00 
 3.05814000e-09  1.85581775e+00  1.74418225e+00  2.61285882e+00  2.81624297e+00 
 3.05864000e-09  1.85627596e+00  1.74372404e+00  2.61216809e+00  2.81681389e+00 
 3.05914000e-09  1.85673361e+00  1.74326639e+00  2.61148497e+00  2.81737669e+00 
 3.05964000e-09  1.85719070e+00  1.74280930e+00  2.61080947e+00  2.81793135e+00 
 3.06014000e-09  1.85764723e+00  1.74235277e+00  2.61014163e+00  2.81847784e+00 
 3.06064000e-09  1.85810319e+00  1.74189681e+00  2.60948148e+00  2.81901614e+00 
 3.06114000e-09  1.85855858e+00  1.74144142e+00  2.60882904e+00  2.81954623e+00 
 3.06164000e-09  1.85901338e+00  1.74098662e+00  2.60818435e+00  2.82006810e+00 
 3.06214000e-09  1.85946761e+00  1.74053239e+00  2.60754741e+00  2.82058174e+00 
 3.06264000e-09  1.85992125e+00  1.74007875e+00  2.60691826e+00  2.82108716e+00 
 3.06314000e-09  1.86037429e+00  1.73962571e+00  2.60629691e+00  2.82158434e+00 
 3.06364000e-09  1.86082674e+00  1.73917326e+00  2.60568338e+00  2.82207329e+00 
 3.06414000e-09  1.86127859e+00  1.73872141e+00  2.60507769e+00  2.82255403e+00 
 3.06464000e-09  1.86172984e+00  1.73827016e+00  2.60447986e+00  2.82302656e+00 
 3.06514000e-09  1.86218047e+00  1.73781953e+00  2.60388989e+00  2.82349090e+00 
 3.06564000e-09  1.86263050e+00  1.73736950e+00  2.60330779e+00  2.82394706e+00 
 3.06614000e-09  1.86307990e+00  1.73692010e+00  2.60273358e+00  2.82439508e+00 
 3.06664000e-09  1.86352868e+00  1.73647132e+00  2.60216725e+00  2.82483497e+00 
 3.06714000e-09  1.86397684e+00  1.73602316e+00  2.60160882e+00  2.82526678e+00 
 3.06764000e-09  1.86442436e+00  1.73557564e+00  2.60105827e+00  2.82569053e+00 
 3.06814000e-09  1.86487125e+00  1.73512875e+00  2.60051561e+00  2.82610626e+00 
 3.06864000e-09  1.86531750e+00  1.73468250e+00  2.59998082e+00  2.82651401e+00 
 3.06914000e-09  1.86576310e+00  1.73423690e+00  2.59945391e+00  2.82691384e+00 
 3.06964000e-09  1.86620805e+00  1.73379195e+00  2.59893486e+00  2.82730577e+00 
 3.07014000e-09  1.86665235e+00  1.73334765e+00  2.59842366e+00  2.82768988e+00 
 3.07064000e-09  1.86709599e+00  1.73290401e+00  2.59792028e+00  2.82806620e+00 
 3.07114000e-09  1.86753897e+00  1.73246103e+00  2.59742471e+00  2.82843480e+00 
 3.07164000e-09  1.86798129e+00  1.73201871e+00  2.59693693e+00  2.82879574e+00 
 3.07214000e-09  1.86842293e+00  1.73157707e+00  2.59645690e+00  2.82914908e+00 
 3.07264000e-09  1.86886390e+00  1.73113610e+00  2.59598460e+00  2.82949488e+00 
 3.07314000e-09  1.86930419e+00  1.73069581e+00  2.59551999e+00  2.82983322e+00 
 3.07364000e-09  1.86974379e+00  1.73025621e+00  2.59506305e+00  2.83016417e+00 
 3.07414000e-09  1.87018270e+00  1.72981730e+00  2.59461372e+00  2.83048779e+00 
 3.07464000e-09  1.87062093e+00  1.72937907e+00  2.59417198e+00  2.83080416e+00 
 3.07514000e-09  1.87105845e+00  1.72894155e+00  2.59373778e+00  2.83111337e+00 
 3.07564000e-09  1.87149528e+00  1.72850472e+00  2.59331106e+00  2.83141549e+00 
 3.07614000e-09  1.87193140e+00  1.72806860e+00  2.59289178e+00  2.83171060e+00 
 3.07664000e-09  1.87236680e+00  1.72763320e+00  2.59247989e+00  2.83199879e+00 
 3.07714000e-09  1.87280150e+00  1.72719850e+00  2.59207533e+00  2.83228014e+00 
 3.07764000e-09  1.87323547e+00  1.72676453e+00  2.59167805e+00  2.83255474e+00 
 3.07814000e-09  1.87366873e+00  1.72633127e+00  2.59128798e+00  2.83282268e+00 
 3.07864000e-09  1.87410125e+00  1.72589875e+00  2.59090506e+00  2.83308405e+00 
 3.07914000e-09  1.87453305e+00  1.72546695e+00  2.59052923e+00  2.83333895e+00 
 3.07964000e-09  1.87496411e+00  1.72503589e+00  2.59016042e+00  2.83358746e+00 
 3.08014000e-09  1.87539443e+00  1.72460557e+00  2.58979856e+00  2.83382968e+00 
 3.08064000e-09  1.87582400e+00  1.72417600e+00  2.58944357e+00  2.83406570e+00 
 3.08114000e-09  1.87625283e+00  1.72374717e+00  2.58909540e+00  2.83429563e+00 
 3.08164000e-09  1.87668090e+00  1.72331910e+00  2.58875395e+00  2.83451956e+00 
 3.08214000e-09  1.87710822e+00  1.72289178e+00  2.58841916e+00  2.83473759e+00 
 3.08264000e-09  1.87753478e+00  1.72246522e+00  2.58809095e+00  2.83494982e+00 
 3.08314000e-09  1.87796057e+00  1.72203943e+00  2.58776923e+00  2.83515635e+00 
 3.08364000e-09  1.87838559e+00  1.72161441e+00  2.58745392e+00  2.83535727e+00 
 3.08414000e-09  1.87880984e+00  1.72119016e+00  2.58714495e+00  2.83555270e+00 
 3.08464000e-09  1.87923331e+00  1.72076669e+00  2.58684223e+00  2.83574272e+00 
 3.08514000e-09  1.87965599e+00  1.72034401e+00  2.58654566e+00  2.83592745e+00 
 3.08564000e-09  1.88007790e+00  1.71992210e+00  2.58625518e+00  2.83610697e+00 
 3.08614000e-09  1.88049901e+00  1.71950099e+00  2.58597069e+00  2.83628141e+00 
 3.08664000e-09  1.88091933e+00  1.71908067e+00  2.58569210e+00  2.83645084e+00 
 3.08714000e-09  1.88133884e+00  1.71866116e+00  2.58541933e+00  2.83661538e+00 
 3.08764000e-09  1.88175756e+00  1.71824244e+00  2.58515228e+00  2.83677513e+00 
 3.08814000e-09  1.88217547e+00  1.71782453e+00  2.58489088e+00  2.83693019e+00 
 3.08864000e-09  1.88259257e+00  1.71740743e+00  2.58463502e+00  2.83708065e+00 
 3.08914000e-09  1.88300885e+00  1.71699115e+00  2.58438462e+00  2.83722662e+00 
 3.08964000e-09  1.88342431e+00  1.71657569e+00  2.58413959e+00  2.83736819e+00 
 3.09014000e-09  1.88383895e+00  1.71616105e+00  2.58389984e+00  2.83750547e+00 
 3.09064000e-09  1.88425277e+00  1.71574723e+00  2.58366527e+00  2.83763855e+00 
 3.09114000e-09  1.88466575e+00  1.71533425e+00  2.58343581e+00  2.83776753e+00 
 3.09164000e-09  1.88507789e+00  1.71492211e+00  2.58321136e+00  2.83789250e+00 
 3.09214000e-09  1.88548920e+00  1.71451080e+00  2.58299183e+00  2.83801355e+00 
 3.09264000e-09  1.88589966e+00  1.71410034e+00  2.58277713e+00  2.83813080e+00 
 3.09314000e-09  1.88630927e+00  1.71369073e+00  2.58256717e+00  2.83824431e+00 
 3.09364000e-09  1.88671804e+00  1.71328196e+00  2.58236187e+00  2.83835420e+00 
 3.09414000e-09  1.88712594e+00  1.71287406e+00  2.58216114e+00  2.83846054e+00 
 3.09464000e-09  1.88753299e+00  1.71246701e+00  2.58196488e+00  2.83856343e+00 
 3.09514000e-09  1.88793917e+00  1.71206083e+00  2.58177303e+00  2.83866296e+00 
 3.09564000e-09  1.88834449e+00  1.71165551e+00  2.58158548e+00  2.83875921e+00 
 3.09614000e-09  1.88874893e+00  1.71125107e+00  2.58140216e+00  2.83885227e+00 
 3.09664000e-09  1.88915250e+00  1.71084750e+00  2.58122297e+00  2.83894222e+00 
 3.09714000e-09  1.88955518e+00  1.71044482e+00  2.58104785e+00  2.83902916e+00 
 3.09764000e-09  1.88995699e+00  1.71004301e+00  2.58087670e+00  2.83911315e+00 
 3.09814000e-09  1.89035790e+00  1.70964210e+00  2.58070945e+00  2.83919429e+00 
 3.09864000e-09  1.89075792e+00  1.70924208e+00  2.58054601e+00  2.83927264e+00 
 3.09914000e-09  1.89115705e+00  1.70884295e+00  2.58038631e+00  2.83934829e+00 
 3.09964000e-09  1.89155528e+00  1.70844472e+00  2.58023027e+00  2.83942132e+00 
 3.10014000e-09  1.89195261e+00  1.70804739e+00  2.58007780e+00  2.83949179e+00 
 3.10064000e-09  1.89234902e+00  1.70765098e+00  2.57992885e+00  2.83955979e+00 
 3.10114000e-09  1.89274453e+00  1.70725547e+00  2.57978332e+00  2.83962538e+00 
 3.10164000e-09  1.89313912e+00  1.70686088e+00  2.57964115e+00  2.83968864e+00 
 3.10214000e-09  1.89353279e+00  1.70646721e+00  2.57950227e+00  2.83974964e+00 
 3.10264000e-09  1.89392554e+00  1.70607446e+00  2.57936660e+00  2.83980843e+00 
 3.10314000e-09  1.89431736e+00  1.70568264e+00  2.57923407e+00  2.83986510e+00 
 3.10364000e-09  1.89470825e+00  1.70529175e+00  2.57910462e+00  2.83991970e+00 
 3.10414000e-09  1.89509820e+00  1.70490180e+00  2.57897818e+00  2.83997230e+00 
 3.10464000e-09  1.89548722e+00  1.70451278e+00  2.57885468e+00  2.84002296e+00 
 3.10514000e-09  1.89587529e+00  1.70412471e+00  2.57873406e+00  2.84007174e+00 
 3.10564000e-09  1.89626242e+00  1.70373758e+00  2.57861625e+00  2.84011870e+00 
 3.10614000e-09  1.89664860e+00  1.70335140e+00  2.57850119e+00  2.84016390e+00 
 3.10664000e-09  1.89703382e+00  1.70296618e+00  2.57838882e+00  2.84020740e+00 
 3.10714000e-09  1.89741809e+00  1.70258191e+00  2.57827908e+00  2.84024924e+00 
 3.10764000e-09  1.89780139e+00  1.70219861e+00  2.57817191e+00  2.84028949e+00 
 3.10814000e-09  1.89818373e+00  1.70181627e+00  2.57806726e+00  2.84032820e+00 
 3.10864000e-09  1.89856510e+00  1.70143490e+00  2.57796506e+00  2.84036541e+00 
 3.10914000e-09  1.89894550e+00  1.70105450e+00  2.57786526e+00  2.84040118e+00 
 3.10964000e-09  1.89932492e+00  1.70067508e+00  2.57776781e+00  2.84043555e+00 
 3.11014000e-09  1.89970336e+00  1.70029664e+00  2.57767265e+00  2.84046859e+00 
 3.11064000e-09  1.90008082e+00  1.69991918e+00  2.57757974e+00  2.84050031e+00 
 3.11114000e-09  1.90045729e+00  1.69954271e+00  2.57748902e+00  2.84053079e+00 
 3.11164000e-09  1.90083277e+00  1.69916723e+00  2.57740044e+00  2.84056005e+00 
 3.11214000e-09  1.90120725e+00  1.69879275e+00  2.57731396e+00  2.84058815e+00 
 3.11264000e-09  1.90158073e+00  1.69841927e+00  2.57722953e+00  2.84061511e+00 
 3.11314000e-09  1.90195321e+00  1.69804679e+00  2.57714709e+00  2.84064099e+00 
 3.11364000e-09  1.90232469e+00  1.69767531e+00  2.57706662e+00  2.84066583e+00 
 3.11414000e-09  1.90269515e+00  1.69730485e+00  2.57698806e+00  2.84068965e+00 
 3.11464000e-09  1.90306460e+00  1.69693540e+00  2.57691136e+00  2.84071250e+00 
 3.11514000e-09  1.90343304e+00  1.69656696e+00  2.57683650e+00  2.84073441e+00 
 3.11564000e-09  1.90380045e+00  1.69619955e+00  2.57676342e+00  2.84075542e+00 
 3.11614000e-09  1.90416684e+00  1.69583316e+00  2.57669209e+00  2.84077556e+00 
 3.11664000e-09  1.90453220e+00  1.69546780e+00  2.57662247e+00  2.84079486e+00 
 3.11714000e-09  1.90489653e+00  1.69510347e+00  2.57655452e+00  2.84081337e+00 
 3.11764000e-09  1.90525982e+00  1.69474018e+00  2.57648821e+00  2.84083110e+00 
 3.11814000e-09  1.90562208e+00  1.69437792e+00  2.57642349e+00  2.84084809e+00 
 3.11864000e-09  1.90598329e+00  1.69401671e+00  2.57636034e+00  2.84086436e+00 
 3.11914000e-09  1.90634346e+00  1.69365654e+00  2.57629872e+00  2.84087996e+00 
 3.11964000e-09  1.90670257e+00  1.69329743e+00  2.57623859e+00  2.84089489e+00 
 3.12014000e-09  1.90706064e+00  1.69293936e+00  2.57617992e+00  2.84090920e+00 
 3.12064000e-09  1.90741764e+00  1.69258236e+00  2.57612269e+00  2.84092290e+00 
 3.12114000e-09  1.90777359e+00  1.69222641e+00  2.57606686e+00  2.84093602e+00 
 3.12164000e-09  1.90812847e+00  1.69187153e+00  2.57601240e+00  2.84094859e+00 
 3.12214000e-09  1.90848229e+00  1.69151771e+00  2.57595928e+00  2.84096063e+00 
 3.12264000e-09  1.90883504e+00  1.69116496e+00  2.57590747e+00  2.84097215e+00 
 3.12314000e-09  1.90918671e+00  1.69081329e+00  2.57585695e+00  2.84098320e+00 
 3.12364000e-09  1.90953730e+00  1.69046270e+00  2.57580768e+00  2.84099378e+00 
 3.12414000e-09  1.90988681e+00  1.69011319e+00  2.57575965e+00  2.84100391e+00 
 3.12464000e-09  1.91023524e+00  1.68976476e+00  2.57571283e+00  2.84101362e+00 
 3.12514000e-09  1.91058258e+00  1.68941742e+00  2.57566718e+00  2.84102293e+00 
 3.12564000e-09  1.91092883e+00  1.68907117e+00  2.57562270e+00  2.84103186e+00 
 3.12614000e-09  1.91127398e+00  1.68872602e+00  2.57557934e+00  2.84104041e+00 
 3.12664000e-09  1.91161804e+00  1.68838196e+00  2.57553710e+00  2.84104862e+00 
 3.12714000e-09  1.91196099e+00  1.68803901e+00  2.57549595e+00  2.84105650e+00 
 3.12764000e-09  1.91230284e+00  1.68769716e+00  2.57545586e+00  2.84106406e+00 
 3.12814000e-09  1.91264358e+00  1.68735642e+00  2.57541682e+00  2.84107132e+00 
 3.12864000e-09  1.91298321e+00  1.68701679e+00  2.57537880e+00  2.84107830e+00 
 3.12914000e-09  1.91332172e+00  1.68667828e+00  2.57534178e+00  2.84108501e+00 
 3.12964000e-09  1.91365912e+00  1.68634088e+00  2.57530575e+00  2.84109147e+00 
 3.13014000e-09  1.91399539e+00  1.68600461e+00  2.57527069e+00  2.84109768e+00 
 3.13064000e-09  1.91433054e+00  1.68566946e+00  2.57523657e+00  2.84110367e+00 
 3.13114000e-09  1.91466456e+00  1.68533544e+00  2.57520338e+00  2.84110945e+00 
 3.13164000e-09  1.91499745e+00  1.68500255e+00  2.57517111e+00  2.84111503e+00 
 3.13214000e-09  1.91532920e+00  1.68467080e+00  2.57513972e+00  2.84112042e+00 
 3.13264000e-09  1.91565982e+00  1.68434018e+00  2.57510922e+00  2.84112563e+00 
 3.13314000e-09  1.91598929e+00  1.68401071e+00  2.57507957e+00  2.84113068e+00 
 3.13364000e-09  1.91631762e+00  1.68368238e+00  2.57505078e+00  2.84113558e+00 
 3.13414000e-09  1.91664480e+00  1.68335520e+00  2.57502281e+00  2.84114033e+00 
 3.13464000e-09  1.91697083e+00  1.68302917e+00  2.57499565e+00  2.84114495e+00 
 3.13514000e-09  1.91729570e+00  1.68270430e+00  2.57496930e+00  2.84114945e+00 
 3.13564000e-09  1.91761942e+00  1.68238058e+00  2.57494373e+00  2.84115384e+00 
 3.13614000e-09  1.91794198e+00  1.68205802e+00  2.57491894e+00  2.84115812e+00 
 3.13664000e-09  1.91826337e+00  1.68173663e+00  2.57489490e+00  2.84116231e+00 
 3.13714000e-09  1.91858359e+00  1.68141641e+00  2.57487161e+00  2.84116642e+00 
 3.13764000e-09  1.91890265e+00  1.68109735e+00  2.57484905e+00  2.84117045e+00 
 3.13814000e-09  1.91922053e+00  1.68077947e+00  2.57482721e+00  2.84117441e+00 
 3.13864000e-09  1.91953724e+00  1.68046276e+00  2.57480608e+00  2.84117830e+00 
 3.13914000e-09  1.91985276e+00  1.68014724e+00  2.57478565e+00  2.84118215e+00 
 3.13964000e-09  1.92016710e+00  1.67983290e+00  2.57476590e+00  2.84118595e+00 
 3.14014000e-09  1.92048026e+00  1.67951974e+00  2.57474682e+00  2.84118971e+00 
 3.14064000e-09  1.92079223e+00  1.67920777e+00  2.57472841e+00  2.84119344e+00 
 3.14114000e-09  1.92110300e+00  1.67889700e+00  2.57471065e+00  2.84119714e+00 
 3.14164000e-09  1.92141258e+00  1.67858742e+00  2.57469353e+00  2.84120082e+00 
 3.14214000e-09  1.92172096e+00  1.67827904e+00  2.57467705e+00  2.84120449e+00 
 3.14264000e-09  1.92202814e+00  1.67797186e+00  2.57466118e+00  2.84120816e+00 
 3.14314000e-09  1.92233412e+00  1.67766588e+00  2.57464593e+00  2.84121182e+00 
 3.14364000e-09  1.92263888e+00  1.67736112e+00  2.57463128e+00  2.84121548e+00 
 3.14414000e-09  1.92294244e+00  1.67705756e+00  2.57461722e+00  2.84121916e+00 
 3.14464000e-09  1.92324479e+00  1.67675521e+00  2.57460375e+00  2.84122285e+00 
 3.14514000e-09  1.92354591e+00  1.67645409e+00  2.57459085e+00  2.84122656e+00 
 3.14564000e-09  1.92384582e+00  1.67615418e+00  2.57457852e+00  2.84123029e+00 
 3.14614000e-09  1.92414451e+00  1.67585549e+00  2.57456675e+00  2.84123405e+00 
 3.14664000e-09  1.92444197e+00  1.67555803e+00  2.57455553e+00  2.84123785e+00 
 3.14714000e-09  1.92473820e+00  1.67526180e+00  2.57454485e+00  2.84124168e+00 
 3.14764000e-09  1.92503320e+00  1.67496680e+00  2.57453471e+00  2.84124555e+00 
 3.14814000e-09  1.92532697e+00  1.67467303e+00  2.57452509e+00  2.84124947e+00 
 3.14864000e-09  1.92561950e+00  1.67438050e+00  2.57451600e+00  2.84125344e+00 
 3.14914000e-09  1.92591079e+00  1.67408921e+00  2.57450742e+00  2.84125746e+00 
 3.14964000e-09  1.92620084e+00  1.67379916e+00  2.57449934e+00  2.84126153e+00 
 3.15014000e-09  1.92648964e+00  1.67351036e+00  2.57449177e+00  2.84126566e+00 
 3.15064000e-09  1.92677720e+00  1.67322280e+00  2.57448469e+00  2.84126986e+00 
 3.15114000e-09  1.92706350e+00  1.67293650e+00  2.57447809e+00  2.84127412e+00 
 3.15164000e-09  1.92734855e+00  1.67265145e+00  2.57447197e+00  2.84127845e+00 
 3.15214000e-09  1.92763234e+00  1.67236766e+00  2.57446633e+00  2.84128286e+00 
 3.15264000e-09  1.92791488e+00  1.67208512e+00  2.57446116e+00  2.84128733e+00 
 3.15314000e-09  1.92819615e+00  1.67180385e+00  2.57445644e+00  2.84129188e+00 
 3.15364000e-09  1.92847615e+00  1.67152385e+00  2.57445218e+00  2.84129652e+00 
 3.15414000e-09  1.92875489e+00  1.67124511e+00  2.57444837e+00  2.84130123e+00 
 3.15464000e-09  1.92903235e+00  1.67096765e+00  2.57444501e+00  2.84130603e+00 
 3.15514000e-09  1.92930855e+00  1.67069145e+00  2.57444209e+00  2.84131091e+00 
 3.15564000e-09  1.92958346e+00  1.67041654e+00  2.57443960e+00  2.84131588e+00 
 3.15614000e-09  1.92985710e+00  1.67014290e+00  2.57443753e+00  2.84132094e+00 
 3.15664000e-09  1.93012945e+00  1.66987055e+00  2.57443589e+00  2.84132609e+00 
 3.15714000e-09  1.93040053e+00  1.66959947e+00  2.57443467e+00  2.84133134e+00 
 3.15764000e-09  1.93067031e+00  1.66932969e+00  2.57443387e+00  2.84133668e+00 
 3.15814000e-09  1.93093880e+00  1.66906120e+00  2.57443347e+00  2.84134213e+00 
 3.15864000e-09  1.93120601e+00  1.66879399e+00  2.57443348e+00  2.84134766e+00 
 3.15914000e-09  1.93147191e+00  1.66852809e+00  2.57443388e+00  2.84135330e+00 
 3.15964000e-09  1.93173652e+00  1.66826348e+00  2.57443468e+00  2.84135905e+00 
 3.16014000e-09  1.93199983e+00  1.66800017e+00  2.57443587e+00  2.84136489e+00 
 3.16064000e-09  1.93226184e+00  1.66773816e+00  2.57443745e+00  2.84137084e+00 
 3.16114000e-09  1.93252254e+00  1.66747746e+00  2.57443941e+00  2.84137690e+00 
 3.16164000e-09  1.93278194e+00  1.66721806e+00  2.57444175e+00  2.84138306e+00 
 3.16214000e-09  1.93304002e+00  1.66695998e+00  2.57444446e+00  2.84138933e+00 
 3.16264000e-09  1.93329679e+00  1.66670321e+00  2.57444754e+00  2.84139571e+00 
 3.16314000e-09  1.93355224e+00  1.66644776e+00  2.57445099e+00  2.84140220e+00 
 3.16364000e-09  1.93380638e+00  1.66619362e+00  2.57445480e+00  2.84140880e+00 
 3.16414000e-09  1.93405920e+00  1.66594080e+00  2.57445897e+00  2.84141552e+00 
 3.16464000e-09  1.93431069e+00  1.66568931e+00  2.57446349e+00  2.84142235e+00 
 3.16514000e-09  1.93456085e+00  1.66543915e+00  2.57446837e+00  2.84142929e+00 
 3.16564000e-09  1.93480969e+00  1.66519031e+00  2.57447359e+00  2.84143634e+00 
 3.16614000e-09  1.93505720e+00  1.66494280e+00  2.57447916e+00  2.84144352e+00 
 3.16664000e-09  1.93530338e+00  1.66469662e+00  2.57448507e+00  2.84145080e+00 
 3.16714000e-09  1.93554822e+00  1.66445178e+00  2.57449131e+00  2.84145821e+00 
 3.16764000e-09  1.93579172e+00  1.66420828e+00  2.57449789e+00  2.84146573e+00 
 3.16814000e-09  1.93603388e+00  1.66396612e+00  2.57450480e+00  2.84147337e+00 
 3.16864000e-09  1.93627470e+00  1.66372530e+00  2.57451204e+00  2.84148113e+00 
 3.16914000e-09  1.93651418e+00  1.66348582e+00  2.57451960e+00  2.84148900e+00 
 3.16964000e-09  1.93675230e+00  1.66324770e+00  2.57452749e+00  2.84149700e+00 
 3.17014000e-09  1.93698908e+00  1.66301092e+00  2.57453569e+00  2.84150511e+00 
 3.17064000e-09  1.93722451e+00  1.66277549e+00  2.57454421e+00  2.84151335e+00 
 3.17114000e-09  1.93745858e+00  1.66254142e+00  2.57455304e+00  2.84152171e+00 
 3.17164000e-09  1.93769129e+00  1.66230871e+00  2.57456219e+00  2.84153018e+00 
 3.17214000e-09  1.93792265e+00  1.66207735e+00  2.57457164e+00  2.84153878e+00 
 3.17264000e-09  1.93815264e+00  1.66184736e+00  2.57458139e+00  2.84154750e+00 
 3.17314000e-09  1.93838127e+00  1.66161873e+00  2.57459144e+00  2.84155634e+00 
 3.17364000e-09  1.93860854e+00  1.66139146e+00  2.57460180e+00  2.84156530e+00 
 3.17414000e-09  1.93883443e+00  1.66116557e+00  2.57461245e+00  2.84157438e+00 
 3.17464000e-09  1.93905896e+00  1.66094104e+00  2.57462339e+00  2.84158359e+00 
 3.17514000e-09  1.93928211e+00  1.66071789e+00  2.57463463e+00  2.84159292e+00 
 3.17564000e-09  1.93950389e+00  1.66049611e+00  2.57464615e+00  2.84160237e+00 
 3.17614000e-09  1.93972430e+00  1.66027570e+00  2.57465796e+00  2.84161194e+00 
 3.17664000e-09  1.93994332e+00  1.66005668e+00  2.57467006e+00  2.84162163e+00 
 3.17714000e-09  1.94016096e+00  1.65983904e+00  2.57468243e+00  2.84163145e+00 
 3.17764000e-09  1.94037722e+00  1.65962278e+00  2.57469509e+00  2.84164138e+00 
 3.17814000e-09  1.94059210e+00  1.65940790e+00  2.57470802e+00  2.84165144e+00 
 3.17864000e-09  1.94080558e+00  1.65919442e+00  2.57472123e+00  2.84166162e+00 
 3.17914000e-09  1.94101768e+00  1.65898232e+00  2.57473470e+00  2.84167193e+00 
 3.17964000e-09  1.94122838e+00  1.65877162e+00  2.57474845e+00  2.84168235e+00 
 3.18014000e-09  1.94143769e+00  1.65856231e+00  2.57476247e+00  2.84169290e+00 
 3.18064000e-09  1.94164561e+00  1.65835439e+00  2.57477675e+00  2.84170357e+00 
 3.18114000e-09  1.94185213e+00  1.65814787e+00  2.57479129e+00  2.84171436e+00 
 3.18164000e-09  1.94205724e+00  1.65794276e+00  2.57480610e+00  2.84172527e+00 
 3.18214000e-09  1.94226096e+00  1.65773904e+00  2.57482117e+00  2.84173631e+00 
 3.18264000e-09  1.94246327e+00  1.65753673e+00  2.57483649e+00  2.84174746e+00 
 3.18314000e-09  1.94266417e+00  1.65733583e+00  2.57485206e+00  2.84175874e+00 
 3.18364000e-09  1.94286367e+00  1.65713633e+00  2.57486790e+00  2.84177013e+00 
 3.18414000e-09  1.94306176e+00  1.65693824e+00  2.57488398e+00  2.84178165e+00 
 3.18464000e-09  1.94325843e+00  1.65674157e+00  2.57490031e+00  2.84179329e+00 
 3.18514000e-09  1.94345369e+00  1.65654631e+00  2.57491689e+00  2.84180504e+00 
 3.18564000e-09  1.94364754e+00  1.65635246e+00  2.57493371e+00  2.84181692e+00 
 3.18614000e-09  1.94383996e+00  1.65616004e+00  2.57495078e+00  2.84182892e+00 
 3.18664000e-09  1.94403097e+00  1.65596903e+00  2.57496809e+00  2.84184103e+00 
 3.18714000e-09  1.94422056e+00  1.65577944e+00  2.57498563e+00  2.84185326e+00 
 3.18764000e-09  1.94440872e+00  1.65559128e+00  2.57500342e+00  2.84186562e+00 
 3.18814000e-09  1.94459546e+00  1.65540454e+00  2.57502144e+00  2.84187809e+00 
 3.18864000e-09  1.94478077e+00  1.65521923e+00  2.57503970e+00  2.84189068e+00 
 3.18914000e-09  1.94496465e+00  1.65503535e+00  2.57505819e+00  2.84190338e+00 
 3.18964000e-09  1.94514710e+00  1.65485290e+00  2.57507691e+00  2.84191621e+00 
 3.19014000e-09  1.94532812e+00  1.65467188e+00  2.57509586e+00  2.84192915e+00 
 3.19064000e-09  1.94550770e+00  1.65449230e+00  2.57511504e+00  2.84194221e+00 
 3.19114000e-09  1.94568585e+00  1.65431415e+00  2.57513445e+00  2.84195538e+00 
 3.19164000e-09  1.94586256e+00  1.65413744e+00  2.57515407e+00  2.84196867e+00 
 3.19214000e-09  1.94603783e+00  1.65396217e+00  2.57517393e+00  2.84198207e+00 
 3.19264000e-09  1.94621166e+00  1.65378834e+00  2.57519400e+00  2.84199559e+00 
 3.19314000e-09  1.94638404e+00  1.65361596e+00  2.57521429e+00  2.84200923e+00 
 3.19364000e-09  1.94655498e+00  1.65344502e+00  2.57523480e+00  2.84202298e+00 
 3.19414000e-09  1.94672448e+00  1.65327552e+00  2.57525553e+00  2.84203684e+00 
 3.19464000e-09  1.94689252e+00  1.65310748e+00  2.57527647e+00  2.84205082e+00 
 3.19514000e-09  1.94705912e+00  1.65294088e+00  2.57529762e+00  2.84206491e+00 
 3.19564000e-09  1.94722427e+00  1.65277573e+00  2.57531899e+00  2.84207911e+00 
 3.19614000e-09  1.94738796e+00  1.65261204e+00  2.57534056e+00  2.84209343e+00 
 3.19664000e-09  1.94755020e+00  1.65244980e+00  2.57536235e+00  2.84210786e+00 
 3.19714000e-09  1.94771098e+00  1.65228902e+00  2.57538434e+00  2.84212240e+00 
 3.19764000e-09  1.94787030e+00  1.65212970e+00  2.57540654e+00  2.84213705e+00 
 3.19814000e-09  1.94802816e+00  1.65197184e+00  2.57542894e+00  2.84215181e+00 
 3.19864000e-09  1.94818457e+00  1.65181543e+00  2.57545155e+00  2.84216668e+00 
 3.19914000e-09  1.94833951e+00  1.65166049e+00  2.57547435e+00  2.84218166e+00 
 3.19964000e-09  1.94849298e+00  1.65150702e+00  2.57549736e+00  2.84219675e+00 
 3.20014000e-09  1.94864500e+00  1.65135500e+00  2.57552057e+00  2.84221195e+00 
 3.20064000e-09  1.94879554e+00  1.65120446e+00  2.57554397e+00  2.84222725e+00 
 3.20114000e-09  1.94894462e+00  1.65105538e+00  2.57556757e+00  2.84224267e+00 
 3.20164000e-09  1.94909222e+00  1.65090778e+00  2.57559137e+00  2.84225819e+00 
 3.20214000e-09  1.94923835e+00  1.65076165e+00  2.57561535e+00  2.84227382e+00 
 3.20264000e-09  1.94938302e+00  1.65061698e+00  2.57563953e+00  2.84228956e+00 
 3.20314000e-09  1.94952620e+00  1.65047380e+00  2.57566390e+00  2.84230540e+00 
 3.20364000e-09  1.94966791e+00  1.65033209e+00  2.57568846e+00  2.84232135e+00 
 3.20414000e-09  1.94980815e+00  1.65019185e+00  2.57571321e+00  2.84233740e+00 
 3.20464000e-09  1.94994690e+00  1.65005310e+00  2.57573815e+00  2.84235356e+00 
 3.20514000e-09  1.95008418e+00  1.64991582e+00  2.57576327e+00  2.84236982e+00 
 3.20564000e-09  1.95021997e+00  1.64978003e+00  2.57578857e+00  2.84238619e+00 
 3.20614000e-09  1.95035428e+00  1.64964572e+00  2.57581406e+00  2.84240265e+00 
 3.20664000e-09  1.95048711e+00  1.64951289e+00  2.57583973e+00  2.84241923e+00 
 3.20714000e-09  1.95061845e+00  1.64938155e+00  2.57586558e+00  2.84243590e+00 
 3.20764000e-09  1.95074831e+00  1.64925169e+00  2.57589161e+00  2.84245268e+00 
 3.20814000e-09  1.95087667e+00  1.64912333e+00  2.57591782e+00  2.84246955e+00 
 3.20864000e-09  1.95100355e+00  1.64899645e+00  2.57594421e+00  2.84248653e+00 
 3.20914000e-09  1.95112894e+00  1.64887106e+00  2.57597077e+00  2.84250361e+00 
 3.20964000e-09  1.95125284e+00  1.64874716e+00  2.57599750e+00  2.84252079e+00 
 3.21014000e-09  1.95137524e+00  1.64862476e+00  2.57602441e+00  2.84253807e+00 
 3.21064000e-09  1.95149615e+00  1.64850385e+00  2.57605150e+00  2.84255544e+00 
 3.21114000e-09  1.95161557e+00  1.64838443e+00  2.57607875e+00  2.84257292e+00 
 3.21164000e-09  1.95173348e+00  1.64826652e+00  2.57610617e+00  2.84259049e+00 
 3.21214000e-09  1.95184991e+00  1.64815009e+00  2.57613377e+00  2.84260816e+00 
 3.21264000e-09  1.95196483e+00  1.64803517e+00  2.57616153e+00  2.84262593e+00 
 3.21314000e-09  1.95207825e+00  1.64792175e+00  2.57618945e+00  2.84264379e+00 
 3.21364000e-09  1.95219017e+00  1.64780983e+00  2.57621754e+00  2.84266175e+00 
 3.21414000e-09  1.95230059e+00  1.64769941e+00  2.57624580e+00  2.84267980e+00 
 3.21464000e-09  1.95240951e+00  1.64759049e+00  2.57627422e+00  2.84269795e+00 
 3.21514000e-09  1.95251692e+00  1.64748308e+00  2.57630280e+00  2.84271620e+00 
 3.21564000e-09  1.95262282e+00  1.64737718e+00  2.57633155e+00  2.84273454e+00 
 3.21614000e-09  1.95272722e+00  1.64727278e+00  2.57636045e+00  2.84275297e+00 
 3.21664000e-09  1.95283012e+00  1.64716988e+00  2.57638951e+00  2.84277149e+00 
 3.21714000e-09  1.95293150e+00  1.64706850e+00  2.57641874e+00  2.84279011e+00 
 3.21764000e-09  1.95303138e+00  1.64696862e+00  2.57644811e+00  2.84280882e+00 
 3.21814000e-09  1.95312974e+00  1.64687026e+00  2.57647765e+00  2.84282762e+00 
 3.21864000e-09  1.95322660e+00  1.64677340e+00  2.57650734e+00  2.84284651e+00 
 3.21914000e-09  1.95332194e+00  1.64667806e+00  2.57653718e+00  2.84286549e+00 
 3.21964000e-09  1.95341576e+00  1.64658424e+00  2.57656717e+00  2.84288456e+00 
 3.22014000e-09  1.95350808e+00  1.64649192e+00  2.57659732e+00  2.84290372e+00 
 3.22064000e-09  1.95359888e+00  1.64640112e+00  2.57662762e+00  2.84292297e+00 
 3.22114000e-09  1.95368816e+00  1.64631184e+00  2.57665807e+00  2.84294231e+00 
 3.22164000e-09  1.95377593e+00  1.64622407e+00  2.57668867e+00  2.84296174e+00 
 3.22214000e-09  1.95386217e+00  1.64613783e+00  2.57671941e+00  2.84298125e+00 
 3.22264000e-09  1.95394690e+00  1.64605310e+00  2.57675030e+00  2.84300085e+00 
 3.22314000e-09  1.95403011e+00  1.64596989e+00  2.57678134e+00  2.84302054e+00 
 3.22364000e-09  1.95411180e+00  1.64588820e+00  2.57681252e+00  2.84304032e+00 
 3.22414000e-09  1.95419197e+00  1.64580803e+00  2.57684385e+00  2.84306018e+00 
 3.22464000e-09  1.95427062e+00  1.64572938e+00  2.57687532e+00  2.84308012e+00 
 3.22514000e-09  1.95434774e+00  1.64565226e+00  2.57690693e+00  2.84310015e+00 
 3.22564000e-09  1.95442335e+00  1.64557665e+00  2.57693869e+00  2.84312026e+00 
 3.22614000e-09  1.95449742e+00  1.64550258e+00  2.57697058e+00  2.84314046e+00 
 3.22664000e-09  1.95456998e+00  1.64543002e+00  2.57700261e+00  2.84316074e+00 
 3.22714000e-09  1.95464100e+00  1.64535900e+00  2.57703478e+00  2.84318110e+00 
 3.22764000e-09  1.95471050e+00  1.64528950e+00  2.57706709e+00  2.84320154e+00 
 3.22814000e-09  1.95477848e+00  1.64522152e+00  2.57709954e+00  2.84322207e+00 
 3.22864000e-09  1.95484492e+00  1.64515508e+00  2.57713212e+00  2.84324268e+00 
 3.22914000e-09  1.95490984e+00  1.64509016e+00  2.57716483e+00  2.84326336e+00 
 3.22964000e-09  1.95497323e+00  1.64502677e+00  2.57719768e+00  2.84328413e+00 
 3.23014000e-09  1.95503509e+00  1.64496491e+00  2.57723066e+00  2.84330498e+00 
 3.23064000e-09  1.95509542e+00  1.64490458e+00  2.57726378e+00  2.84332591e+00 
 3.23114000e-09  1.95515422e+00  1.64484578e+00  2.57729702e+00  2.84334691e+00 
 3.23164000e-09  1.95521148e+00  1.64478852e+00  2.57733040e+00  2.84336800e+00 
 3.23214000e-09  1.95526722e+00  1.64473278e+00  2.57736390e+00  2.84338916e+00 
 3.23264000e-09  1.95532142e+00  1.64467858e+00  2.57739754e+00  2.84341040e+00 
 3.23314000e-09  1.95537409e+00  1.64462591e+00  2.57743130e+00  2.84343171e+00 
 3.23364000e-09  1.95542523e+00  1.64457477e+00  2.57746519e+00  2.84345310e+00 
 3.23414000e-09  1.95547483e+00  1.64452517e+00  2.57749920e+00  2.84347457e+00 
 3.23464000e-09  1.95552290e+00  1.64447710e+00  2.57753334e+00  2.84349611e+00 
 3.23514000e-09  1.95556943e+00  1.64443057e+00  2.57756760e+00  2.84351773e+00 
 3.23564000e-09  1.95561443e+00  1.64438557e+00  2.57760199e+00  2.84353942e+00 
 3.23614000e-09  1.95565789e+00  1.64434211e+00  2.57763650e+00  2.84356119e+00 
 3.23664000e-09  1.95569982e+00  1.64430018e+00  2.57767113e+00  2.84358303e+00 
 3.23714000e-09  1.95574021e+00  1.64425979e+00  2.57770588e+00  2.84360494e+00 
 3.23764000e-09  1.95577906e+00  1.64422094e+00  2.57774075e+00  2.84362693e+00 
 3.23814000e-09  1.95581637e+00  1.64418363e+00  2.57777575e+00  2.84364898e+00 
 3.23864000e-09  1.95585215e+00  1.64414785e+00  2.57781086e+00  2.84367111e+00 
 3.23914000e-09  1.95588639e+00  1.64411361e+00  2.57784608e+00  2.84369331e+00 
 3.23964000e-09  1.95591909e+00  1.64408091e+00  2.57788143e+00  2.84371558e+00 
 3.24014000e-09  1.95595025e+00  1.64404975e+00  2.57791689e+00  2.84373792e+00 
 3.24064000e-09  1.95597987e+00  1.64402013e+00  2.57795246e+00  2.84376033e+00 
 3.24114000e-09  1.95600795e+00  1.64399205e+00  2.57798815e+00  2.84378281e+00 
 3.24164000e-09  1.95603449e+00  1.64396551e+00  2.57802396e+00  2.84380536e+00 
 3.24214000e-09  1.95605949e+00  1.64394051e+00  2.57805987e+00  2.84382798e+00 
 3.24264000e-09  1.95608296e+00  1.64391704e+00  2.57809590e+00  2.84385066e+00 
 3.24314000e-09  1.95610488e+00  1.64389512e+00  2.57813204e+00  2.84387341e+00 
 3.24364000e-09  1.95612526e+00  1.64387474e+00  2.57816829e+00  2.84389623e+00 
 3.24414000e-09  1.95614410e+00  1.64385590e+00  2.57820466e+00  2.84391912e+00 
 3.24464000e-09  1.95616140e+00  1.64383860e+00  2.57824112e+00  2.84394207e+00 
 3.24514000e-09  1.95617716e+00  1.64382284e+00  2.57827770e+00  2.84396509e+00 
 3.24564000e-09  1.95619137e+00  1.64380863e+00  2.57831439e+00  2.84398817e+00 
 3.24614000e-09  1.95620405e+00  1.64379595e+00  2.57835118e+00  2.84401131e+00 
 3.24664000e-09  1.95621518e+00  1.64378482e+00  2.57838808e+00  2.84403452e+00 
 3.24714000e-09  1.95622477e+00  1.64377523e+00  2.57842508e+00  2.84405780e+00 
 3.24764000e-09  1.95623282e+00  1.64376718e+00  2.57846219e+00  2.84408114e+00 
 3.24814000e-09  1.95623933e+00  1.64376067e+00  2.57849940e+00  2.84410454e+00 
 3.24864000e-09  1.95624430e+00  1.64375570e+00  2.57853672e+00  2.84412800e+00 
 3.24914000e-09  1.95624772e+00  1.64375228e+00  2.57857414e+00  2.84415152e+00 
 3.24964000e-09  1.95624960e+00  1.64375040e+00  2.57861166e+00  2.84417511e+00 
 3.25014000e-09  1.95624994e+00  1.64375006e+00  2.57864928e+00  2.84419876e+00 
 3.25064000e-09  1.95624874e+00  1.64375126e+00  2.57868700e+00  2.84422246e+00 
 3.25114000e-09  1.95624599e+00  1.64375401e+00  2.57872481e+00  2.84424623e+00 
 3.25164000e-09  1.95624170e+00  1.64375830e+00  2.57876273e+00  2.84427006e+00 
 3.25214000e-09  1.95623588e+00  1.64376412e+00  2.57880075e+00  2.84429395e+00 
 3.25264000e-09  1.95622850e+00  1.64377150e+00  2.57883886e+00  2.84431789e+00 
 3.25314000e-09  1.95621959e+00  1.64378041e+00  2.57887707e+00  2.84434190e+00 
 3.25364000e-09  1.95620914e+00  1.64379086e+00  2.57891538e+00  2.84436596e+00 
 3.25414000e-09  1.95619714e+00  1.64380286e+00  2.57895378e+00  2.84439008e+00 
 3.25464000e-09  1.95618360e+00  1.64381640e+00  2.57899228e+00  2.84441425e+00 
 3.25514000e-09  1.95616852e+00  1.64383148e+00  2.57903087e+00  2.84443849e+00 
 3.25564000e-09  1.95615190e+00  1.64384810e+00  2.57906955e+00  2.84446277e+00 
 3.25614000e-09  1.95613374e+00  1.64386626e+00  2.57910833e+00  2.84448712e+00 
 3.25664000e-09  1.95611404e+00  1.64388596e+00  2.57914719e+00  2.84451152e+00 
 3.25714000e-09  1.95609279e+00  1.64390721e+00  2.57918615e+00  2.84453597e+00 
 3.25764000e-09  1.95607001e+00  1.64392999e+00  2.57922520e+00  2.84456048e+00 
 3.25814000e-09  1.95604568e+00  1.64395432e+00  2.57926434e+00  2.84458504e+00 
 3.25864000e-09  1.95601982e+00  1.64398018e+00  2.57930357e+00  2.84460966e+00 
 3.25914000e-09  1.95599241e+00  1.64400759e+00  2.57934289e+00  2.84463433e+00 
 3.25964000e-09  1.95596347e+00  1.64403653e+00  2.57938229e+00  2.84465905e+00 
 3.26014000e-09  1.95593299e+00  1.64406701e+00  2.57942178e+00  2.84468383e+00 
 3.26064000e-09  1.95590096e+00  1.64409904e+00  2.57946136e+00  2.84470865e+00 
 3.26114000e-09  1.95586740e+00  1.64413260e+00  2.57950102e+00  2.84473353e+00 
 3.26164000e-09  1.95583230e+00  1.64416770e+00  2.57954077e+00  2.84475846e+00 
 3.26214000e-09  1.95579566e+00  1.64420434e+00  2.57958061e+00  2.84478344e+00 
 3.26264000e-09  1.95575749e+00  1.64424251e+00  2.57962052e+00  2.84480846e+00 
 3.26314000e-09  1.95571778e+00  1.64428222e+00  2.57966053e+00  2.84483354e+00 
 3.26364000e-09  1.95567653e+00  1.64432347e+00  2.57970061e+00  2.84485867e+00 
 3.26414000e-09  1.95563374e+00  1.64436626e+00  2.57974077e+00  2.84488385e+00 
 3.26464000e-09  1.95558942e+00  1.64441058e+00  2.57978102e+00  2.84490907e+00 
 3.26514000e-09  1.95554356e+00  1.64445644e+00  2.57982135e+00  2.84493434e+00 
 3.26564000e-09  1.95549617e+00  1.64450383e+00  2.57986176e+00  2.84495966e+00 
 3.26614000e-09  1.95544724e+00  1.64455276e+00  2.57990224e+00  2.84498503e+00 
 3.26664000e-09  1.95539678e+00  1.64460322e+00  2.57994281e+00  2.84501044e+00 
 3.26714000e-09  1.95534479e+00  1.64465521e+00  2.57998346e+00  2.84503590e+00 
 3.26764000e-09  1.95529126e+00  1.64470874e+00  2.58002418e+00  2.84506140e+00 
 3.26814000e-09  1.95523620e+00  1.64476380e+00  2.58006498e+00  2.84508695e+00 
 3.26864000e-09  1.95517960e+00  1.64482040e+00  2.58010585e+00  2.84511255e+00 
 3.26914000e-09  1.95512148e+00  1.64487852e+00  2.58014681e+00  2.84513819e+00 
 3.26964000e-09  1.95506182e+00  1.64493818e+00  2.58018783e+00  2.84516387e+00 
 3.27014000e-09  1.95500064e+00  1.64499936e+00  2.58022894e+00  2.84518960e+00 
 3.27064000e-09  1.95493792e+00  1.64506208e+00  2.58027011e+00  2.84521537e+00 
 3.27114000e-09  1.95487367e+00  1.64512633e+00  2.58031136e+00  2.84524118e+00 
 3.27164000e-09  1.95480790e+00  1.64519210e+00  2.58035268e+00  2.84526704e+00 
 3.27214000e-09  1.95474060e+00  1.64525940e+00  2.58039408e+00  2.84529293e+00 
 3.27264000e-09  1.95467177e+00  1.64532823e+00  2.58043555e+00  2.84531887e+00 
 3.27314000e-09  1.95460142e+00  1.64539858e+00  2.58047708e+00  2.84534485e+00 
 3.27364000e-09  1.95452953e+00  1.64547047e+00  2.58051869e+00  2.84537087e+00 
 3.27414000e-09  1.95445613e+00  1.64554387e+00  2.58056037e+00  2.84539693e+00 
 3.27464000e-09  1.95438120e+00  1.64561880e+00  2.58060212e+00  2.84542303e+00 
 3.27514000e-09  1.95430474e+00  1.64569526e+00  2.58064394e+00  2.84544917e+00 
 3.27564000e-09  1.95422677e+00  1.64577323e+00  2.58068582e+00  2.84547535e+00 
 3.27614000e-09  1.95414727e+00  1.64585273e+00  2.58072778e+00  2.84550156e+00 
 3.27664000e-09  1.95406624e+00  1.64593376e+00  2.58076980e+00  2.84552782e+00 
 3.27714000e-09  1.95398370e+00  1.64601630e+00  2.58081188e+00  2.84555411e+00 
 3.27764000e-09  1.95389964e+00  1.64610036e+00  2.58085404e+00  2.84558044e+00 
 3.27814000e-09  1.95381406e+00  1.64618594e+00  2.58089626e+00  2.84560680e+00 
 3.27864000e-09  1.95372696e+00  1.64627304e+00  2.58093854e+00  2.84563320e+00 
 3.27914000e-09  1.95363835e+00  1.64636165e+00  2.58098089e+00  2.84565964e+00 
 3.27964000e-09  1.95354822e+00  1.64645178e+00  2.58102330e+00  2.84568611e+00 
 3.28014000e-09  1.95345657e+00  1.64654343e+00  2.58106578e+00  2.84571262e+00 
 3.28064000e-09  1.95336341e+00  1.64663659e+00  2.58110832e+00  2.84573917e+00 
 3.28114000e-09  1.95326873e+00  1.64673127e+00  2.58115092e+00  2.84576574e+00 
 3.28164000e-09  1.95317254e+00  1.64682746e+00  2.58119359e+00  2.84579235e+00 
 3.28214000e-09  1.95307484e+00  1.64692516e+00  2.58123631e+00  2.84581900e+00 
 3.28264000e-09  1.95297563e+00  1.64702437e+00  2.58127910e+00  2.84584567e+00 
 3.28314000e-09  1.95287491e+00  1.64712509e+00  2.58132195e+00  2.84587238e+00 
 3.28364000e-09  1.95277268e+00  1.64722732e+00  2.58136485e+00  2.84589912e+00 
 3.28414000e-09  1.95266895e+00  1.64733105e+00  2.58140782e+00  2.84592589e+00 
 3.28464000e-09  1.95256370e+00  1.64743630e+00  2.58145084e+00  2.84595270e+00 
 3.28514000e-09  1.95245695e+00  1.64754305e+00  2.58149393e+00  2.84597953e+00 
 3.28564000e-09  1.95234870e+00  1.64765130e+00  2.58153707e+00  2.84600639e+00 
 3.28614000e-09  1.95223894e+00  1.64776106e+00  2.58158027e+00  2.84603329e+00 
 3.28664000e-09  1.95212768e+00  1.64787232e+00  2.58162352e+00  2.84606021e+00 
 3.28714000e-09  1.95201492e+00  1.64798508e+00  2.58166683e+00  2.84608716e+00 
 3.28764000e-09  1.95190066e+00  1.64809934e+00  2.58171020e+00  2.84611414e+00 
 3.28814000e-09  1.95178489e+00  1.64821511e+00  2.58175362e+00  2.84614115e+00 
 3.28864000e-09  1.95166763e+00  1.64833237e+00  2.58179710e+00  2.84616819e+00 
 3.28914000e-09  1.95154888e+00  1.64845112e+00  2.58184064e+00  2.84619525e+00 
 3.28964000e-09  1.95142863e+00  1.64857137e+00  2.58188422e+00  2.84622234e+00 
 3.29014000e-09  1.95130688e+00  1.64869312e+00  2.58192786e+00  2.84624945e+00 
 3.29064000e-09  1.95118364e+00  1.64881636e+00  2.58197156e+00  2.84627659e+00 
 3.29114000e-09  1.95105891e+00  1.64894109e+00  2.58201530e+00  2.84630376e+00 
 3.29164000e-09  1.95093268e+00  1.64906732e+00  2.58205910e+00  2.84633095e+00 
 3.29214000e-09  1.95080497e+00  1.64919503e+00  2.58210295e+00  2.84635817e+00 
 3.29264000e-09  1.95067577e+00  1.64932423e+00  2.58214686e+00  2.84638541e+00 
 3.29314000e-09  1.95054508e+00  1.64945492e+00  2.58219081e+00  2.84641267e+00 
 3.29364000e-09  1.95041291e+00  1.64958709e+00  2.58223481e+00  2.84643995e+00 
 3.29414000e-09  1.95027925e+00  1.64972075e+00  2.58227887e+00  2.84646726e+00 
 3.29464000e-09  1.95014411e+00  1.64985589e+00  2.58232297e+00  2.84649459e+00 
 3.29514000e-09  1.95000748e+00  1.64999252e+00  2.58236712e+00  2.84652194e+00 
 3.29564000e-09  1.94986938e+00  1.65013062e+00  2.58241132e+00  2.84654931e+00 
 3.29614000e-09  1.94972980e+00  1.65027020e+00  2.58245557e+00  2.84657671e+00 
 3.29664000e-09  1.94958874e+00  1.65041126e+00  2.58249987e+00  2.84660412e+00 
 3.29714000e-09  1.94944620e+00  1.65055380e+00  2.58254422e+00  2.84663155e+00 
 3.29764000e-09  1.94930219e+00  1.65069781e+00  2.58258861e+00  2.84665900e+00 
 3.29814000e-09  1.94915670e+00  1.65084330e+00  2.58263305e+00  2.84668647e+00 
 3.29864000e-09  1.94900974e+00  1.65099026e+00  2.58267754e+00  2.84671396e+00 
 3.29914000e-09  1.94886131e+00  1.65113869e+00  2.58272207e+00  2.84674147e+00 
 3.29964000e-09  1.94871142e+00  1.65128858e+00  2.58276665e+00  2.84676899e+00 
 3.30014000e-09  1.94856005e+00  1.65143995e+00  2.58281127e+00  2.84679653e+00 
 3.30064000e-09  1.94840722e+00  1.65159278e+00  2.58285594e+00  2.84682408e+00 
 3.30114000e-09  1.94825292e+00  1.65174708e+00  2.58290065e+00  2.84685165e+00 
 3.30164000e-09  1.94809716e+00  1.65190284e+00  2.58294541e+00  2.84687924e+00 
 3.30214000e-09  1.94793994e+00  1.65206006e+00  2.58299021e+00  2.84690684e+00 
 3.30264000e-09  1.94778126e+00  1.65221874e+00  2.58303505e+00  2.84693445e+00 
 3.30314000e-09  1.94762112e+00  1.65237888e+00  2.58307994e+00  2.84696208e+00 
 3.30364000e-09  1.94745952e+00  1.65254048e+00  2.58312487e+00  2.84698972e+00 
 3.30414000e-09  1.94729647e+00  1.65270353e+00  2.58316985e+00  2.84701738e+00 
 3.30464000e-09  1.94713196e+00  1.65286804e+00  2.58321486e+00  2.84704504e+00 
 3.30514000e-09  1.94696601e+00  1.65303399e+00  2.58325992e+00  2.84707272e+00 
 3.30564000e-09  1.94679860e+00  1.65320140e+00  2.58330502e+00  2.84710040e+00 
 3.30614000e-09  1.94662974e+00  1.65337026e+00  2.58335016e+00  2.84712810e+00 
 3.30664000e-09  1.94645943e+00  1.65354057e+00  2.58339534e+00  2.84715581e+00 
 3.30714000e-09  1.94628768e+00  1.65371232e+00  2.58344057e+00  2.84718352e+00 
 3.30764000e-09  1.94611449e+00  1.65388551e+00  2.58348583e+00  2.84721125e+00 
 3.30814000e-09  1.94593985e+00  1.65406015e+00  2.58353113e+00  2.84723898e+00 
 3.30864000e-09  1.94576378e+00  1.65423622e+00  2.58357648e+00  2.84726672e+00 
 3.30914000e-09  1.94558626e+00  1.65441374e+00  2.58362186e+00  2.84729446e+00 
 3.30964000e-09  1.94540731e+00  1.65459269e+00  2.58366728e+00  2.84732221e+00 
 3.31014000e-09  1.94522692e+00  1.65477308e+00  2.58371274e+00  2.84734997e+00 
 3.31064000e-09  1.94504510e+00  1.65495490e+00  2.58375824e+00  2.84737773e+00 
 3.31114000e-09  1.94486185e+00  1.65513815e+00  2.58380378e+00  2.84740550e+00 
 3.31164000e-09  1.94467717e+00  1.65532283e+00  2.58384936e+00  2.84743327e+00 
 3.31214000e-09  1.94449106e+00  1.65550894e+00  2.58389498e+00  2.84746104e+00 
 3.31264000e-09  1.94430352e+00  1.65569648e+00  2.58394063e+00  2.84748881e+00 
 3.31314000e-09  1.94411456e+00  1.65588544e+00  2.58398633e+00  2.84751659e+00 
 3.31364000e-09  1.94392418e+00  1.65607582e+00  2.58403206e+00  2.84754437e+00 
 3.31414000e-09  1.94373238e+00  1.65626762e+00  2.58407783e+00  2.84757215e+00 
 3.31464000e-09  1.94353916e+00  1.65646084e+00  2.58412363e+00  2.84759992e+00 
 3.31514000e-09  1.94334452e+00  1.65665548e+00  2.58416948e+00  2.84762770e+00 
 3.31564000e-09  1.94314847e+00  1.65685153e+00  2.58421536e+00  2.84765547e+00 
 3.31614000e-09  1.94295100e+00  1.65704900e+00  2.58426127e+00  2.84768324e+00 
 3.31664000e-09  1.94275212e+00  1.65724788e+00  2.58430723e+00  2.84771101e+00 
 3.31714000e-09  1.94255184e+00  1.65744816e+00  2.58435322e+00  2.84773878e+00 
 3.31764000e-09  1.94235015e+00  1.65764985e+00  2.58439925e+00  2.84776654e+00 
 3.31814000e-09  1.94214705e+00  1.65785295e+00  2.58444531e+00  2.84779429e+00 
 3.31864000e-09  1.94194255e+00  1.65805745e+00  2.58449141e+00  2.84782204e+00 
 3.31914000e-09  1.94173665e+00  1.65826335e+00  2.58453755e+00  2.84784978e+00 
 3.31964000e-09  1.94152935e+00  1.65847065e+00  2.58458373e+00  2.84787751e+00 
 3.32014000e-09  1.94132065e+00  1.65867935e+00  2.58462994e+00  2.84790524e+00 
 3.32064000e-09  1.94111056e+00  1.65888944e+00  2.58467618e+00  2.84793295e+00 
 3.32114000e-09  1.94089908e+00  1.65910092e+00  2.58472247e+00  2.84796065e+00 
 3.32164000e-09  1.94068620e+00  1.65931380e+00  2.58476879e+00  2.84798835e+00 
 3.32214000e-09  1.94047194e+00  1.65952806e+00  2.58481515e+00  2.84801603e+00 
 3.32264000e-09  1.94025629e+00  1.65974371e+00  2.58486154e+00  2.84804370e+00 
 3.32314000e-09  1.94003925e+00  1.65996075e+00  2.58490797e+00  2.84807135e+00 
 3.32364000e-09  1.93982084e+00  1.66017916e+00  2.58495443e+00  2.84809899e+00 
 3.32414000e-09  1.93960104e+00  1.66039896e+00  2.58500094e+00  2.84812662e+00 
 3.32464000e-09  1.93937987e+00  1.66062013e+00  2.58504748e+00  2.84815422e+00 
 3.32514000e-09  1.93915732e+00  1.66084268e+00  2.58509405e+00  2.84818181e+00 
 3.32564000e-09  1.93893339e+00  1.66106661e+00  2.58514067e+00  2.84820938e+00 
 3.32614000e-09  1.93870810e+00  1.66129190e+00  2.58518732e+00  2.84823693e+00 
 3.32664000e-09  1.93848144e+00  1.66151856e+00  2.58523401e+00  2.84826447e+00 
 3.32714000e-09  1.93825341e+00  1.66174659e+00  2.58528073e+00  2.84829197e+00 
 3.32764000e-09  1.93802401e+00  1.66197599e+00  2.58532750e+00  2.84831946e+00 
 3.32814000e-09  1.93779326e+00  1.66220674e+00  2.58537430e+00  2.84834692e+00 
 3.32864000e-09  1.93756114e+00  1.66243886e+00  2.58542114e+00  2.84837436e+00 
 3.32914000e-09  1.93732766e+00  1.66267234e+00  2.58546802e+00  2.84840177e+00 
 3.32964000e-09  1.93709283e+00  1.66290717e+00  2.58551493e+00  2.84842916e+00 
 3.33014000e-09  1.93685665e+00  1.66314335e+00  2.58556189e+00  2.84845652e+00 
 3.33064000e-09  1.93661912e+00  1.66338088e+00  2.58560888e+00  2.84848384e+00 
 3.33114000e-09  1.93638024e+00  1.66361976e+00  2.58565592e+00  2.84851114e+00 
 3.33164000e-09  1.93614001e+00  1.66385999e+00  2.58570299e+00  2.84853840e+00 
 3.33214000e-09  1.93589844e+00  1.66410156e+00  2.58575011e+00  2.84856563e+00 
 3.33264000e-09  1.93565552e+00  1.66434448e+00  2.58579727e+00  2.84859283e+00 
 3.33314000e-09  1.93541127e+00  1.66458873e+00  2.58584447e+00  2.84861999e+00 
 3.33364000e-09  1.93516568e+00  1.66483432e+00  2.58589171e+00  2.84864711e+00 
 3.33414000e-09  1.93491876e+00  1.66508124e+00  2.58593899e+00  2.84867420e+00 
 3.33464000e-09  1.93467051e+00  1.66532949e+00  2.58598631e+00  2.84870124e+00 
 3.33514000e-09  1.93442092e+00  1.66557908e+00  2.58603368e+00  2.84872824e+00 
 3.33564000e-09  1.93417002e+00  1.66582998e+00  2.58608110e+00  2.84875520e+00 
 3.33614000e-09  1.93391778e+00  1.66608222e+00  2.58612856e+00  2.84878211e+00 
 3.33664000e-09  1.93366423e+00  1.66633577e+00  2.58617606e+00  2.84880898e+00 
 3.33714000e-09  1.93340935e+00  1.66659065e+00  2.58622361e+00  2.84883580e+00 
 3.33764000e-09  1.93315316e+00  1.66684684e+00  2.58627121e+00  2.84886257e+00 
 3.33814000e-09  1.93289565e+00  1.66710435e+00  2.58631885e+00  2.84888929e+00 
 3.33864000e-09  1.93263684e+00  1.66736316e+00  2.58636654e+00  2.84891596e+00 
 3.33914000e-09  1.93237671e+00  1.66762329e+00  2.58641429e+00  2.84894257e+00 
 3.33964000e-09  1.93211528e+00  1.66788472e+00  2.58646208e+00  2.84896912e+00 
 3.34014000e-09  1.93185254e+00  1.66814746e+00  2.58650992e+00  2.84899562e+00 
 3.34064000e-09  1.93158850e+00  1.66841150e+00  2.58655782e+00  2.84902206e+00 
 3.34114000e-09  1.93132317e+00  1.66867683e+00  2.58660577e+00  2.84904843e+00 
 3.34164000e-09  1.93105653e+00  1.66894347e+00  2.58665377e+00  2.84907474e+00 
 3.34214000e-09  1.93078861e+00  1.66921139e+00  2.58670183e+00  2.84910098e+00 
 3.34264000e-09  1.93051939e+00  1.66948061e+00  2.58674994e+00  2.84912716e+00 
 3.34314000e-09  1.93024888e+00  1.66975112e+00  2.58679812e+00  2.84915326e+00 
 3.34364000e-09  1.92997709e+00  1.67002291e+00  2.58684635e+00  2.84917929e+00 
 3.34414000e-09  1.92970402e+00  1.67029598e+00  2.58689464e+00  2.84920525e+00 
 3.34464000e-09  1.92942967e+00  1.67057033e+00  2.58694299e+00  2.84923113e+00 
 3.34514000e-09  1.92915403e+00  1.67084597e+00  2.58699140e+00  2.84925693e+00 
 3.34564000e-09  1.92887713e+00  1.67112287e+00  2.58703988e+00  2.84928264e+00 
 3.34614000e-09  1.92859895e+00  1.67140105e+00  2.58708843e+00  2.84930827e+00 
 3.34664000e-09  1.92831950e+00  1.67168050e+00  2.58713704e+00  2.84933382e+00 
 3.34714000e-09  1.92803879e+00  1.67196121e+00  2.58718572e+00  2.84935927e+00 
 3.34764000e-09  1.92775681e+00  1.67224319e+00  2.58723447e+00  2.84938463e+00 
 3.34814000e-09  1.92747357e+00  1.67252643e+00  2.58728330e+00  2.84940990e+00 
 3.34864000e-09  1.92718908e+00  1.67281092e+00  2.58733220e+00  2.84943506e+00 
 3.34914000e-09  1.92690333e+00  1.67309667e+00  2.58738117e+00  2.84946013e+00 
 3.34964000e-09  1.92661632e+00  1.67338368e+00  2.58743022e+00  2.84948509e+00 
 3.35014000e-09  1.92632807e+00  1.67367193e+00  2.58747936e+00  2.84950994e+00 
 3.35064000e-09  1.92603857e+00  1.67396143e+00  2.58752857e+00  2.84953468e+00 
 3.35114000e-09  1.92574782e+00  1.67425218e+00  2.58757787e+00  2.84955931e+00 
 3.35164000e-09  1.92545584e+00  1.67454416e+00  2.58762725e+00  2.84958382e+00 
 3.35214000e-09  1.92516261e+00  1.67483739e+00  2.58767673e+00  2.84960820e+00 
 3.35264000e-09  1.92486815e+00  1.67513185e+00  2.58772630e+00  2.84963247e+00 
 3.35314000e-09  1.92457246e+00  1.67542754e+00  2.58777595e+00  2.84965660e+00 
 3.35364000e-09  1.92427554e+00  1.67572446e+00  2.58782571e+00  2.84968060e+00 
 3.35414000e-09  1.92397740e+00  1.67602260e+00  2.58787557e+00  2.84970446e+00 
 3.35464000e-09  1.92367802e+00  1.67632198e+00  2.58792552e+00  2.84972819e+00 
 3.35514000e-09  1.92337743e+00  1.67662257e+00  2.58797559e+00  2.84975177e+00 
 3.35564000e-09  1.92307562e+00  1.67692438e+00  2.58802576e+00  2.84977520e+00 
 3.35614000e-09  1.92277260e+00  1.67722740e+00  2.58807604e+00  2.84979847e+00 
 3.35664000e-09  1.92246836e+00  1.67753164e+00  2.58812643e+00  2.84982159e+00 
 3.35714000e-09  1.92216292e+00  1.67783708e+00  2.58817695e+00  2.84984455e+00 
 3.35764000e-09  1.92185627e+00  1.67814373e+00  2.58822758e+00  2.84986734e+00 
 3.35814000e-09  1.92154841e+00  1.67845159e+00  2.58827834e+00  2.84988995e+00 
 3.35864000e-09  1.92123936e+00  1.67876064e+00  2.58832923e+00  2.84991239e+00 
 3.35914000e-09  1.92092911e+00  1.67907089e+00  2.58838025e+00  2.84993465e+00 
 3.35964000e-09  1.92061767e+00  1.67938233e+00  2.58843140e+00  2.84995671e+00 
 3.36014000e-09  1.92030504e+00  1.67969496e+00  2.58848270e+00  2.84997859e+00 
 3.36064000e-09  1.91999122e+00  1.68000878e+00  2.58853414e+00  2.85000026e+00 
 3.36114000e-09  1.91967621e+00  1.68032379e+00  2.58858573e+00  2.85002173e+00 
 3.36164000e-09  1.91936003e+00  1.68063997e+00  2.58863747e+00  2.85004299e+00 
 3.36214000e-09  1.91904266e+00  1.68095734e+00  2.58868937e+00  2.85006403e+00 
 3.36264000e-09  1.91872412e+00  1.68127588e+00  2.58874143e+00  2.85008485e+00 
 3.36314000e-09  1.91840441e+00  1.68159559e+00  2.58879366e+00  2.85010543e+00 
 3.36364000e-09  1.91808353e+00  1.68191647e+00  2.58884607e+00  2.85012578e+00 
 3.36414000e-09  1.91776149e+00  1.68223851e+00  2.58889865e+00  2.85014588e+00 
 3.36464000e-09  1.91743828e+00  1.68256172e+00  2.58895142e+00  2.85016573e+00 
 3.36514000e-09  1.91711392e+00  1.68288608e+00  2.58900437e+00  2.85018532e+00 
 3.36564000e-09  1.91678839e+00  1.68321161e+00  2.58905752e+00  2.85020464e+00 
 3.36614000e-09  1.91646172e+00  1.68353828e+00  2.58911087e+00  2.85022369e+00 
 3.36664000e-09  1.91613390e+00  1.68386610e+00  2.58916444e+00  2.85024246e+00 
 3.36714000e-09  1.91580492e+00  1.68419508e+00  2.58921821e+00  2.85026093e+00 
 3.36764000e-09  1.91547481e+00  1.68452519e+00  2.58927221e+00  2.85027910e+00 
 3.36814000e-09  1.91514356e+00  1.68485644e+00  2.58932643e+00  2.85029697e+00 
 3.36864000e-09  1.91481117e+00  1.68518883e+00  2.58938089e+00  2.85031451e+00 
 3.36914000e-09  1.91447765e+00  1.68552235e+00  2.58943560e+00  2.85033173e+00 
 3.36964000e-09  1.91414300e+00  1.68585700e+00  2.58949055e+00  2.85034861e+00 
 3.37014000e-09  1.91380722e+00  1.68619278e+00  2.58954576e+00  2.85036514e+00 
 3.37064000e-09  1.91347031e+00  1.68652969e+00  2.58960124e+00  2.85038131e+00 
 3.37114000e-09  1.91313229e+00  1.68686771e+00  2.58965699e+00  2.85039711e+00 
 3.37164000e-09  1.91279315e+00  1.68720685e+00  2.58971303e+00  2.85041253e+00 
 3.37214000e-09  1.91245290e+00  1.68754710e+00  2.58976936e+00  2.85042756e+00 
 3.37264000e-09  1.91211154e+00  1.68788846e+00  2.58982600e+00  2.85044219e+00 
 3.37314000e-09  1.91176907e+00  1.68823093e+00  2.58988294e+00  2.85045640e+00 
 3.37364000e-09  1.91142550e+00  1.68857450e+00  2.58994021e+00  2.85047018e+00 
 3.37414000e-09  1.91108083e+00  1.68891917e+00  2.58999781e+00  2.85048352e+00 
 3.37464000e-09  1.91073506e+00  1.68926494e+00  2.59005575e+00  2.85049641e+00 
 3.37514000e-09  1.91038820e+00  1.68961180e+00  2.59011404e+00  2.85050883e+00 
 3.37564000e-09  1.91004025e+00  1.68995975e+00  2.59017271e+00  2.85052077e+00 
 3.37614000e-09  1.90969122e+00  1.69030878e+00  2.59023174e+00  2.85053221e+00 
 3.37664000e-09  1.90934110e+00  1.69065890e+00  2.59029117e+00  2.85054314e+00 
 3.37714000e-09  1.90898990e+00  1.69101010e+00  2.59035100e+00  2.85055354e+00 
 3.37764000e-09  1.90863763e+00  1.69136237e+00  2.59041124e+00  2.85056340e+00 
 3.37814000e-09  1.90828428e+00  1.69171572e+00  2.59047191e+00  2.85057270e+00 
 3.37864000e-09  1.90792987e+00  1.69207013e+00  2.59053302e+00  2.85058143e+00 
 3.37914000e-09  1.90757439e+00  1.69242561e+00  2.59059459e+00  2.85058956e+00 
 3.37964000e-09  1.90721785e+00  1.69278215e+00  2.59065662e+00  2.85059708e+00 
 3.38014000e-09  1.90686025e+00  1.69313975e+00  2.59071914e+00  2.85060397e+00 
 3.38064000e-09  1.90650160e+00  1.69349840e+00  2.59078217e+00  2.85061021e+00 
 3.38114000e-09  1.90614189e+00  1.69385811e+00  2.59084570e+00  2.85061578e+00 
 3.38164000e-09  1.90578114e+00  1.69421886e+00  2.59090978e+00  2.85062066e+00 
 3.38214000e-09  1.90541934e+00  1.69458066e+00  2.59097440e+00  2.85062484e+00 
 3.38264000e-09  1.90505651e+00  1.69494349e+00  2.59103959e+00  2.85062828e+00 
 3.38314000e-09  1.90469263e+00  1.69530737e+00  2.59110536e+00  2.85063097e+00 
 3.38364000e-09  1.90432773e+00  1.69567227e+00  2.59117174e+00  2.85063288e+00 
 3.38414000e-09  1.90396179e+00  1.69603821e+00  2.59123874e+00  2.85063400e+00 
 3.38464000e-09  1.90359483e+00  1.69640517e+00  2.59130639e+00  2.85063429e+00 
 3.38514000e-09  1.90322684e+00  1.69677316e+00  2.59137470e+00  2.85063373e+00 
 3.38564000e-09  1.90285784e+00  1.69714216e+00  2.59144370e+00  2.85063230e+00 
 3.38614000e-09  1.90248782e+00  1.69751218e+00  2.59151340e+00  2.85062997e+00 
 3.38664000e-09  1.90211679e+00  1.69788321e+00  2.59158384e+00  2.85062671e+00 
 3.38714000e-09  1.90174475e+00  1.69825525e+00  2.59165503e+00  2.85062250e+00 
 3.38764000e-09  1.90137170e+00  1.69862830e+00  2.59172699e+00  2.85061730e+00 
 3.38814000e-09  1.90099766e+00  1.69900234e+00  2.59179975e+00  2.85061109e+00 
 3.38864000e-09  1.90062262e+00  1.69937738e+00  2.59187334e+00  2.85060383e+00 
 3.38914000e-09  1.90024659e+00  1.69975341e+00  2.59194779e+00  2.85059550e+00 
 3.38964000e-09  1.89986957e+00  1.70013043e+00  2.59202311e+00  2.85058606e+00 
 3.39014000e-09  1.89949156e+00  1.70050844e+00  2.59209934e+00  2.85057549e+00 
 3.39064000e-09  1.89911257e+00  1.70088743e+00  2.59217651e+00  2.85056373e+00 
 3.39114000e-09  1.89873260e+00  1.70126740e+00  2.59225464e+00  2.85055077e+00 
 3.39164000e-09  1.89835166e+00  1.70164834e+00  2.59233376e+00  2.85053656e+00 
 3.39214000e-09  1.89796974e+00  1.70203026e+00  2.59241391e+00  2.85052107e+00 
 3.39264000e-09  1.89758686e+00  1.70241314e+00  2.59249512e+00  2.85050426e+00 
 3.39314000e-09  1.89720302e+00  1.70279698e+00  2.59257742e+00  2.85048609e+00 
 3.39364000e-09  1.89681821e+00  1.70318179e+00  2.59266084e+00  2.85046652e+00 
 3.39414000e-09  1.89643246e+00  1.70356754e+00  2.59274543e+00  2.85044551e+00 
 3.39464000e-09  1.89604575e+00  1.70395425e+00  2.59283120e+00  2.85042301e+00 
 3.39514000e-09  1.89565809e+00  1.70434191e+00  2.59291821e+00  2.85039899e+00 
 3.39564000e-09  1.89526949e+00  1.70473051e+00  2.59300649e+00  2.85037339e+00 
 3.39614000e-09  1.89487994e+00  1.70512006e+00  2.59309608e+00  2.85034618e+00 
 3.39664000e-09  1.89448946e+00  1.70551054e+00  2.59318701e+00  2.85031730e+00 
 3.39714000e-09  1.89409805e+00  1.70590195e+00  2.59327933e+00  2.85028671e+00 
 3.39764000e-09  1.89370571e+00  1.70629429e+00  2.59337309e+00  2.85025436e+00 
 3.39814000e-09  1.89331245e+00  1.70668755e+00  2.59346831e+00  2.85022019e+00 
 3.39864000e-09  1.89291826e+00  1.70708174e+00  2.59356506e+00  2.85018416e+00 
 3.39914000e-09  1.89252316e+00  1.70747684e+00  2.59366336e+00  2.85014621e+00 
 3.39964000e-09  1.89212714e+00  1.70787286e+00  2.59376328e+00  2.85010628e+00 
 3.40014000e-09  1.89173022e+00  1.70826978e+00  2.59386485e+00  2.85006433e+00 
 3.40064000e-09  1.89133238e+00  1.70866762e+00  2.59396813e+00  2.85002029e+00 
 3.40114000e-09  1.89093365e+00  1.70906635e+00  2.59407317e+00  2.84997410e+00 
 3.40164000e-09  1.89053402e+00  1.70946598e+00  2.59418001e+00  2.84992571e+00 
 3.40214000e-09  1.89013350e+00  1.70986650e+00  2.59428872e+00  2.84987505e+00 
 3.40264000e-09  1.88973209e+00  1.71026791e+00  2.59439933e+00  2.84982206e+00 
 3.40314000e-09  1.88932979e+00  1.71067021e+00  2.59451192e+00  2.84976668e+00 
 3.40364000e-09  1.88892661e+00  1.71107339e+00  2.59462653e+00  2.84970883e+00 
 3.40414000e-09  1.88852255e+00  1.71147745e+00  2.59474323e+00  2.84964846e+00 
 3.40464000e-09  1.88811762e+00  1.71188238e+00  2.59486206e+00  2.84958550e+00 
 3.40514000e-09  1.88771182e+00  1.71228818e+00  2.59498310e+00  2.84951986e+00 
 3.40564000e-09  1.88730515e+00  1.71269485e+00  2.59510640e+00  2.84945149e+00 
 3.40614000e-09  1.88689762e+00  1.71310238e+00  2.59523203e+00  2.84938031e+00 
 3.40664000e-09  1.88648923e+00  1.71351077e+00  2.59536005e+00  2.84930625e+00 
 3.40714000e-09  1.88607999e+00  1.71392001e+00  2.59549053e+00  2.84922923e+00 
 3.40764000e-09  1.88566990e+00  1.71433010e+00  2.59562352e+00  2.84914917e+00 
 3.40814000e-09  1.88525897e+00  1.71474103e+00  2.59575911e+00  2.84906600e+00 
 3.40864000e-09  1.88484719e+00  1.71515281e+00  2.59589736e+00  2.84897963e+00 
 3.40914000e-09  1.88443458e+00  1.71556542e+00  2.59603834e+00  2.84888998e+00 
 3.40964000e-09  1.88402113e+00  1.71597887e+00  2.59618212e+00  2.84879698e+00 
 3.41014000e-09  1.88360686e+00  1.71639314e+00  2.59632878e+00  2.84870053e+00 
 3.41064000e-09  1.88319175e+00  1.71680825e+00  2.59647838e+00  2.84860056e+00 
 3.41114000e-09  1.88277583e+00  1.71722417e+00  2.59663102e+00  2.84849697e+00 
 3.41164000e-09  1.88235909e+00  1.71764091e+00  2.59678675e+00  2.84838968e+00 
 3.41214000e-09  1.88194154e+00  1.71805846e+00  2.59694567e+00  2.84827861e+00 
 3.41264000e-09  1.88152318e+00  1.71847682e+00  2.59710784e+00  2.84816365e+00 
 3.41314000e-09  1.88110401e+00  1.71889599e+00  2.59727336e+00  2.84804472e+00 
 3.41364000e-09  1.88068405e+00  1.71931595e+00  2.59744229e+00  2.84792172e+00 
 3.41414000e-09  1.88026328e+00  1.71973672e+00  2.59761473e+00  2.84779457e+00 
 3.41464000e-09  1.87984173e+00  1.72015827e+00  2.59779076e+00  2.84766317e+00 
 3.41514000e-09  1.87941939e+00  1.72058061e+00  2.59797046e+00  2.84752742e+00 
 3.41564000e-09  1.87899626e+00  1.72100374e+00  2.59815391e+00  2.84738724e+00 
 3.41614000e-09  1.87857235e+00  1.72142765e+00  2.59834121e+00  2.84724251e+00 
 3.41664000e-09  1.87814767e+00  1.72185233e+00  2.59853244e+00  2.84709314e+00 
 3.41714000e-09  1.87772222e+00  1.72227778e+00  2.59872768e+00  2.84693905e+00 
 3.41764000e-09  1.87729600e+00  1.72270400e+00  2.59892703e+00  2.84678012e+00 
 3.41814000e-09  1.87686902e+00  1.72313098e+00  2.59913058e+00  2.84661625e+00 
 3.41864000e-09  1.87644127e+00  1.72355873e+00  2.59933841e+00  2.84644736e+00 
 3.41914000e-09  1.87601278e+00  1.72398722e+00  2.59955061e+00  2.84627333e+00 
 3.41964000e-09  1.87558353e+00  1.72441647e+00  2.59976728e+00  2.84609408e+00 
 3.42014000e-09  1.87515354e+00  1.72484646e+00  2.59998851e+00  2.84590949e+00 
 3.42064000e-09  1.87472280e+00  1.72527720e+00  2.60021439e+00  2.84571947e+00 
 3.42114000e-09  1.87429133e+00  1.72570867e+00  2.60044500e+00  2.84552391e+00 
 3.42164000e-09  1.87385913e+00  1.72614087e+00  2.60068044e+00  2.84532272e+00 
 3.42214000e-09  1.87342619e+00  1.72657381e+00  2.60092081e+00  2.84511580e+00 
 3.42264000e-09  1.87299254e+00  1.72700746e+00  2.60116619e+00  2.84490305e+00 
 3.42314000e-09  1.87255816e+00  1.72744184e+00  2.60141668e+00  2.84468436e+00 
 3.42364000e-09  1.87212306e+00  1.72787694e+00  2.60167236e+00  2.84445964e+00 
 3.42414000e-09  1.87168726e+00  1.72831274e+00  2.60193334e+00  2.84422880e+00 
 3.42464000e-09  1.87125074e+00  1.72874926e+00  2.60219968e+00  2.84399172e+00 
 3.42514000e-09  1.87081352e+00  1.72918648e+00  2.60247150e+00  2.84374833e+00 
 3.42564000e-09  1.87037561e+00  1.72962439e+00  2.60274888e+00  2.84349851e+00 
 3.42614000e-09  1.86993700e+00  1.73006300e+00  2.60303190e+00  2.84324219e+00 
 3.42664000e-09  1.86949770e+00  1.73050230e+00  2.60332065e+00  2.84297926e+00 
 3.42714000e-09  1.86905771e+00  1.73094229e+00  2.60361522e+00  2.84270963e+00 
 3.42764000e-09  1.86861704e+00  1.73138296e+00  2.60391570e+00  2.84243322e+00 
 3.42814000e-09  1.86817569e+00  1.73182431e+00  2.60422217e+00  2.84214993e+00 
 3.42864000e-09  1.86773367e+00  1.73226633e+00  2.60453472e+00  2.84185967e+00 
 3.42914000e-09  1.86729099e+00  1.73270901e+00  2.60485342e+00  2.84156237e+00 
 3.42964000e-09  1.86684764e+00  1.73315236e+00  2.60517836e+00  2.84125794e+00 
 3.43014000e-09  1.86640362e+00  1.73359638e+00  2.60550961e+00  2.84094629e+00 
 3.43064000e-09  1.86595896e+00  1.73404104e+00  2.60584726e+00  2.84062735e+00 
 3.43114000e-09  1.86551364e+00  1.73448636e+00  2.60619137e+00  2.84030105e+00 
 3.43164000e-09  1.86506768e+00  1.73493232e+00  2.60654203e+00  2.83996729e+00 
 3.43214000e-09  1.86462107e+00  1.73537893e+00  2.60689931e+00  2.83962603e+00 
 3.43264000e-09  1.86417383e+00  1.73582617e+00  2.60726327e+00  2.83927717e+00 
 3.43314000e-09  1.86372595e+00  1.73627405e+00  2.60763398e+00  2.83892066e+00 
 3.43364000e-09  1.86327744e+00  1.73672256e+00  2.60801152e+00  2.83855643e+00 
 3.43414000e-09  1.86282831e+00  1.73717169e+00  2.60839593e+00  2.83818442e+00 
 3.43464000e-09  1.86237856e+00  1.73762144e+00  2.60878729e+00  2.83780457e+00 
 3.43514000e-09  1.86192819e+00  1.73807181e+00  2.60918566e+00  2.83741682e+00 
 3.43564000e-09  1.86147722e+00  1.73852278e+00  2.60959108e+00  2.83702112e+00 
 3.43614000e-09  1.86102563e+00  1.73897437e+00  2.61000362e+00  2.83661743e+00 
 3.43664000e-09  1.86057344e+00  1.73942656e+00  2.61042332e+00  2.83620568e+00 
 3.43714000e-09  1.86012066e+00  1.73987934e+00  2.61085024e+00  2.83578584e+00 
 3.43764000e-09  1.85966728e+00  1.74033272e+00  2.61128441e+00  2.83535787e+00 
 3.43814000e-09  1.85921331e+00  1.74078669e+00  2.61172589e+00  2.83492172e+00 
 3.43864000e-09  1.85875876e+00  1.74124124e+00  2.61217471e+00  2.83447737e+00 
 3.43914000e-09  1.85830363e+00  1.74169637e+00  2.61263092e+00  2.83402478e+00 
 3.43964000e-09  1.85784792e+00  1.74215208e+00  2.61309454e+00  2.83356393e+00 
 3.44014000e-09  1.85739165e+00  1.74260835e+00  2.61356561e+00  2.83309478e+00 
 3.44064000e-09  1.85693480e+00  1.74306520e+00  2.61404416e+00  2.83261732e+00 
 3.44114000e-09  1.85647740e+00  1.74352260e+00  2.61453021e+00  2.83213153e+00 
 3.44164000e-09  1.85601943e+00  1.74398057e+00  2.61502379e+00  2.83163739e+00 
 3.44214000e-09  1.85556092e+00  1.74443908e+00  2.61552492e+00  2.83113489e+00 
 3.44264000e-09  1.85510185e+00  1.74489815e+00  2.61603362e+00  2.83062403e+00 
 3.44314000e-09  1.85464224e+00  1.74535776e+00  2.61654990e+00  2.83010480e+00 
 3.44364000e-09  1.85418209e+00  1.74581791e+00  2.61707378e+00  2.82957719e+00 
 3.44414000e-09  1.85372141e+00  1.74627859e+00  2.61760526e+00  2.82904121e+00 
 3.44464000e-09  1.85326020e+00  1.74673980e+00  2.61814435e+00  2.82849687e+00 
 3.44514000e-09  1.85279846e+00  1.74720154e+00  2.61869106e+00  2.82794416e+00 
 3.44564000e-09  1.85233620e+00  1.74766380e+00  2.61924538e+00  2.82738311e+00 
 3.44614000e-09  1.85187342e+00  1.74812658e+00  2.61980732e+00  2.82681373e+00 
 3.44664000e-09  1.85141014e+00  1.74858986e+00  2.62037687e+00  2.82623603e+00 
 3.44714000e-09  1.85094634e+00  1.74905366e+00  2.62095402e+00  2.82565003e+00 
 3.44764000e-09  1.85048204e+00  1.74951796e+00  2.62153876e+00  2.82505577e+00 
 3.44814000e-09  1.85001725e+00  1.74998275e+00  2.62213109e+00  2.82445326e+00 
 3.44864000e-09  1.84955196e+00  1.75044804e+00  2.62273099e+00  2.82384253e+00 
 3.44914000e-09  1.84908618e+00  1.75091382e+00  2.62333843e+00  2.82322362e+00 
 3.44964000e-09  1.84861991e+00  1.75138009e+00  2.62395341e+00  2.82259657e+00 
 3.45014000e-09  1.84815317e+00  1.75184683e+00  2.62457589e+00  2.82196140e+00 
 3.45064000e-09  1.84768595e+00  1.75231405e+00  2.62520586e+00  2.82131817e+00 
 3.45114000e-09  1.84721826e+00  1.75278174e+00  2.62584328e+00  2.82066691e+00 
 3.45164000e-09  1.84675011e+00  1.75324989e+00  2.62648813e+00  2.82000767e+00 
 3.45214000e-09  1.84628149e+00  1.75371851e+00  2.62714038e+00  2.81934049e+00 
 3.45264000e-09  1.84581241e+00  1.75418759e+00  2.62779998e+00  2.81866543e+00 
 3.45314000e-09  1.84534289e+00  1.75465711e+00  2.62846691e+00  2.81798253e+00 
 3.45364000e-09  1.84487292e+00  1.75512708e+00  2.62914111e+00  2.81729185e+00 
 3.45414000e-09  1.84440250e+00  1.75559750e+00  2.62982255e+00  2.81659344e+00 
 3.45464000e-09  1.84393164e+00  1.75606836e+00  2.63051119e+00  2.81588736e+00 
 3.45514000e-09  1.84346036e+00  1.75653964e+00  2.63120696e+00  2.81517366e+00 
 3.45564000e-09  1.84298864e+00  1.75701136e+00  2.63190983e+00  2.81445240e+00 
 3.45614000e-09  1.84251650e+00  1.75748350e+00  2.63261973e+00  2.81372364e+00 
 3.45664000e-09  1.84204394e+00  1.75795606e+00  2.63333661e+00  2.81298743e+00 
 3.45714000e-09  1.84157096e+00  1.75842904e+00  2.63406040e+00  2.81224384e+00 
 3.45764000e-09  1.84109757e+00  1.75890243e+00  2.63479105e+00  2.81149292e+00 
 3.45814000e-09  1.84062378e+00  1.75937622e+00  2.63552847e+00  2.81073472e+00 
 3.45864000e-09  1.84014959e+00  1.75985041e+00  2.63627261e+00  2.80996932e+00 
 3.45914000e-09  1.83967500e+00  1.76032500e+00  2.63702339e+00  2.80919675e+00 
 3.45964000e-09  1.83920002e+00  1.76079998e+00  2.63778073e+00  2.80841709e+00 
 3.46014000e-09  1.83872465e+00  1.76127535e+00  2.63854455e+00  2.80763038e+00 
 3.46064000e-09  1.83824890e+00  1.76175110e+00  2.63931477e+00  2.80683669e+00 
 3.46114000e-09  1.83777278e+00  1.76222722e+00  2.64009131e+00  2.80603606e+00 
 3.46164000e-09  1.83729628e+00  1.76270372e+00  2.64087408e+00  2.80522855e+00 
 3.46214000e-09  1.83681941e+00  1.76318059e+00  2.64166299e+00  2.80441423e+00 
 3.46264000e-09  1.83634218e+00  1.76365782e+00  2.64245796e+00  2.80359313e+00 
 3.46314000e-09  1.83586459e+00  1.76413541e+00  2.64325889e+00  2.80276532e+00 
 3.46364000e-09  1.83538664e+00  1.76461336e+00  2.64406570e+00  2.80193085e+00 
 3.46414000e-09  1.83490835e+00  1.76509165e+00  2.64487829e+00  2.80108977e+00 
 3.46464000e-09  1.83442971e+00  1.76557029e+00  2.64569657e+00  2.80024216e+00 
 3.46514000e-09  1.83395073e+00  1.76604927e+00  2.64652045e+00  2.79938805e+00 
 3.46564000e-09  1.83347142e+00  1.76652858e+00  2.64734983e+00  2.79852751e+00 
 3.46614000e-09  1.83299178e+00  1.76700822e+00  2.64818463e+00  2.79766060e+00 
 3.46664000e-09  1.83251181e+00  1.76748819e+00  2.64902476e+00  2.79678738e+00 
 3.46714000e-09  1.83203152e+00  1.76796848e+00  2.64987012e+00  2.79590791e+00 
 3.46764000e-09  1.83155091e+00  1.76844909e+00  2.65072063e+00  2.79502226e+00 
 3.46814000e-09  1.83107000e+00  1.76893000e+00  2.65157620e+00  2.79413049e+00 
 3.46864000e-09  1.83058877e+00  1.76941123e+00  2.65243674e+00  2.79323266e+00 
 3.46914000e-09  1.83010725e+00  1.76989275e+00  2.65330216e+00  2.79232884e+00 
 3.46964000e-09  1.82962542e+00  1.77037458e+00  2.65417237e+00  2.79141911e+00 
 3.47014000e-09  1.82914331e+00  1.77085669e+00  2.65504730e+00  2.79050352e+00 
 3.47064000e-09  1.82866091e+00  1.77133909e+00  2.65592685e+00  2.78958216e+00 
 3.47114000e-09  1.82817822e+00  1.77182178e+00  2.65681094e+00  2.78865510e+00 
 3.47164000e-09  1.82769526e+00  1.77230474e+00  2.65769949e+00  2.78772240e+00 
 3.47214000e-09  1.82721202e+00  1.77278798e+00  2.65859242e+00  2.78678414e+00 
 3.47264000e-09  1.82672851e+00  1.77327149e+00  2.65948964e+00  2.78584040e+00 
 3.47314000e-09  1.82624474e+00  1.77375526e+00  2.66039108e+00  2.78489126e+00 
 3.47364000e-09  1.82576072e+00  1.77423928e+00  2.66129665e+00  2.78393678e+00 
 3.47414000e-09  1.82527643e+00  1.77472357e+00  2.66220628e+00  2.78297705e+00 
 3.47464000e-09  1.82479190e+00  1.77520810e+00  2.66311988e+00  2.78201215e+00 
 3.47514000e-09  1.82430712e+00  1.77569288e+00  2.66403738e+00  2.78104215e+00 
 3.47564000e-09  1.82382211e+00  1.77617789e+00  2.66495870e+00  2.78006714e+00 
 3.47614000e-09  1.82333685e+00  1.77666315e+00  2.66588377e+00  2.77908720e+00 
 3.47664000e-09  1.82285137e+00  1.77714863e+00  2.66681251e+00  2.77810240e+00 
 3.47714000e-09  1.82236566e+00  1.77763434e+00  2.66774484e+00  2.77711283e+00 
 3.47764000e-09  1.82187974e+00  1.77812026e+00  2.66868070e+00  2.77611858e+00 
 3.47814000e-09  1.82139359e+00  1.77860641e+00  2.66962001e+00  2.77511973e+00 
 3.47864000e-09  1.82090724e+00  1.77909276e+00  2.67056270e+00  2.77411635e+00 
 3.47914000e-09  1.82042067e+00  1.77957933e+00  2.67150869e+00  2.77310855e+00 
 3.47964000e-09  1.81993391e+00  1.78006609e+00  2.67245793e+00  2.77209640e+00 
 3.48014000e-09  1.81944695e+00  1.78055305e+00  2.67341034e+00  2.77107999e+00 
 3.48064000e-09  1.81895980e+00  1.78104020e+00  2.67436586e+00  2.77005941e+00 
 3.48114000e-09  1.81847246e+00  1.78152754e+00  2.67532442e+00  2.76903475e+00 
 3.48164000e-09  1.81798494e+00  1.78201506e+00  2.67628595e+00  2.76800610e+00 
 3.48214000e-09  1.81749724e+00  1.78250276e+00  2.67725038e+00  2.76697354e+00 
 3.48264000e-09  1.81700936e+00  1.78299064e+00  2.67821767e+00  2.76593717e+00 
 3.48314000e-09  1.81652133e+00  1.78347867e+00  2.67918773e+00  2.76489707e+00 
 3.48364000e-09  1.81603312e+00  1.78396688e+00  2.68016052e+00  2.76385335e+00 
 3.48414000e-09  1.81554476e+00  1.78445524e+00  2.68113597e+00  2.76280608e+00 
 3.48464000e-09  1.81505625e+00  1.78494375e+00  2.68211402e+00  2.76175537e+00 
 3.48514000e-09  1.81456758e+00  1.78543242e+00  2.68309460e+00  2.76070131e+00 
 3.48564000e-09  1.81407878e+00  1.78592122e+00  2.68407766e+00  2.75964398e+00 
 3.48614000e-09  1.81358983e+00  1.78641017e+00  2.68506315e+00  2.75858348e+00 
 3.48664000e-09  1.81310075e+00  1.78689925e+00  2.68605099e+00  2.75751991e+00 
 3.48714000e-09  1.81261154e+00  1.78738846e+00  2.68704113e+00  2.75645335e+00 
 3.48764000e-09  1.81212221e+00  1.78787779e+00  2.68803352e+00  2.75538390e+00 
 3.48814000e-09  1.81163275e+00  1.78836725e+00  2.68902809e+00  2.75431165e+00 
 3.48864000e-09  1.81114319e+00  1.78885681e+00  2.69002479e+00  2.75323669e+00 
 3.48914000e-09  1.81065351e+00  1.78934649e+00  2.69102356e+00  2.75215912e+00 
 3.48964000e-09  1.81016373e+00  1.78983627e+00  2.69202433e+00  2.75107903e+00 
 3.49014000e-09  1.80967384e+00  1.79032616e+00  2.69302706e+00  2.74999650e+00 
 3.49064000e-09  1.80918386e+00  1.79081614e+00  2.69403167e+00  2.74891163e+00 
 3.49114000e-09  1.80869379e+00  1.79130621e+00  2.69503812e+00  2.74782450e+00 
 3.49164000e-09  1.80820364e+00  1.79179636e+00  2.69604634e+00  2.74673522e+00 
 3.49214000e-09  1.80771340e+00  1.79228660e+00  2.69705627e+00  2.74564385e+00 
 3.49264000e-09  1.80722309e+00  1.79277691e+00  2.69806785e+00  2.74455050e+00 
 3.49314000e-09  1.80673270e+00  1.79326730e+00  2.69908102e+00  2.74345525e+00 
 3.49364000e-09  1.80624225e+00  1.79375775e+00  2.70009571e+00  2.74235818e+00 
 3.49414000e-09  1.80575174e+00  1.79424826e+00  2.70111187e+00  2.74125939e+00 
 3.49464000e-09  1.80526117e+00  1.79473883e+00  2.70212943e+00  2.74015895e+00 
 3.49514000e-09  1.80477055e+00  1.79522945e+00  2.70314833e+00  2.73905695e+00 
 3.49564000e-09  1.80427988e+00  1.79572012e+00  2.70416851e+00  2.73795346e+00 
 3.49614000e-09  1.80378917e+00  1.79621083e+00  2.70518989e+00  2.73684859e+00 
 3.49664000e-09  1.80329843e+00  1.79670157e+00  2.70621241e+00  2.73574239e+00 
 3.49714000e-09  1.80280765e+00  1.79719235e+00  2.70723601e+00  2.73463496e+00 
 3.49764000e-09  1.80231684e+00  1.79768316e+00  2.70826062e+00  2.73352637e+00 
 3.49814000e-09  1.80182601e+00  1.79817399e+00  2.70928617e+00  2.73241670e+00 
 3.49864000e-09  1.80133516e+00  1.79866484e+00  2.71031260e+00  2.73130602e+00 
 3.49914000e-09  1.80084430e+00  1.79915570e+00  2.71133982e+00  2.73019442e+00 
 3.49964000e-09  1.80035343e+00  1.79964657e+00  2.71236778e+00  2.72908197e+00 
 3.50014000e-09  1.79986256e+00  1.80013744e+00  2.71339640e+00  2.72796873e+00 
 3.50064000e-09  1.79937168e+00  1.80062832e+00  2.71442561e+00  2.72685480e+00 
 3.50114000e-09  1.79888082e+00  1.80111918e+00  2.71545534e+00  2.72574023e+00 
 3.50164000e-09  1.79838996e+00  1.80161004e+00  2.71648552e+00  2.72462510e+00 
 3.50214000e-09  1.79789912e+00  1.80210088e+00  2.71751606e+00  2.72350949e+00 
 3.50264000e-09  1.79740830e+00  1.80259170e+00  2.71854690e+00  2.72239345e+00 
 3.50314000e-09  1.79691751e+00  1.80308249e+00  2.71957797e+00  2.72127707e+00 
 3.50364000e-09  1.79642675e+00  1.80357325e+00  2.72060918e+00  2.72016040e+00 
 3.50414000e-09  1.79593602e+00  1.80406398e+00  2.72164046e+00  2.71904352e+00 
 3.50464000e-09  1.79544534e+00  1.80455466e+00  2.72267173e+00  2.71792650e+00 
 3.50514000e-09  1.79495469e+00  1.80504531e+00  2.72370292e+00  2.71680940e+00 
 3.50564000e-09  1.79446410e+00  1.80553590e+00  2.72473395e+00  2.71569229e+00 
 3.50614000e-09  1.79397356e+00  1.80602644e+00  2.72576473e+00  2.71457523e+00 
 3.50664000e-09  1.79348309e+00  1.80651691e+00  2.72679520e+00  2.71345830e+00 
 3.50714000e-09  1.79299267e+00  1.80700733e+00  2.72782526e+00  2.71234154e+00 
 3.50764000e-09  1.79250233e+00  1.80749767e+00  2.72885485e+00  2.71122504e+00 
 3.50814000e-09  1.79201206e+00  1.80798794e+00  2.72988387e+00  2.71010885e+00 
 3.50864000e-09  1.79152187e+00  1.80847813e+00  2.73091225e+00  2.70899304e+00 
 3.50914000e-09  1.79103176e+00  1.80896824e+00  2.73193991e+00  2.70787767e+00 
 3.50964000e-09  1.79054174e+00  1.80945826e+00  2.73296676e+00  2.70676280e+00 
 3.51014000e-09  1.79005181e+00  1.80994819e+00  2.73399272e+00  2.70564850e+00 
 3.51064000e-09  1.78956198e+00  1.81043802e+00  2.73501771e+00  2.70453482e+00 
 3.51114000e-09  1.78907226e+00  1.81092774e+00  2.73604165e+00  2.70342184e+00 
 3.51164000e-09  1.78858264e+00  1.81141736e+00  2.73706445e+00  2.70230962e+00 
 3.51214000e-09  1.78809314e+00  1.81190686e+00  2.73808603e+00  2.70119822e+00 
 3.51264000e-09  1.78760375e+00  1.81239625e+00  2.73910630e+00  2.70008769e+00 
 3.51314000e-09  1.78711449e+00  1.81288551e+00  2.74012518e+00  2.69897811e+00 
 3.51364000e-09  1.78662535e+00  1.81337465e+00  2.74114258e+00  2.69786953e+00 
 3.51414000e-09  1.78613634e+00  1.81386366e+00  2.74215843e+00  2.69676203e+00 
 3.51464000e-09  1.78564747e+00  1.81435253e+00  2.74317263e+00  2.69565566e+00 
 3.51514000e-09  1.78515875e+00  1.81484125e+00  2.74418510e+00  2.69455048e+00 
 3.51564000e-09  1.78467017e+00  1.81532983e+00  2.74519576e+00  2.69344656e+00 
 3.51614000e-09  1.78418174e+00  1.81581826e+00  2.74620452e+00  2.69234397e+00 
 3.51664000e-09  1.78369346e+00  1.81630654e+00  2.74721129e+00  2.69124277e+00 
 3.51714000e-09  1.78320535e+00  1.81679465e+00  2.74821599e+00  2.69014302e+00 
 3.51764000e-09  1.78271741e+00  1.81728259e+00  2.74921853e+00  2.68904479e+00 
 3.51814000e-09  1.78222963e+00  1.81777037e+00  2.75021883e+00  2.68794815e+00 
 3.51864000e-09  1.78174203e+00  1.81825797e+00  2.75121680e+00  2.68685316e+00 
 3.51914000e-09  1.78125461e+00  1.81874539e+00  2.75221236e+00  2.68575990e+00 
 3.51964000e-09  1.78076737e+00  1.81923263e+00  2.75320542e+00  2.68466842e+00 
 3.52014000e-09  1.78028033e+00  1.81971967e+00  2.75419590e+00  2.68357880e+00 
 3.52064000e-09  1.77979348e+00  1.82020652e+00  2.75518372e+00  2.68249110e+00 
 3.52114000e-09  1.77930683e+00  1.82069317e+00  2.75616878e+00  2.68140541e+00 
 3.52164000e-09  1.77882038e+00  1.82117962e+00  2.75715100e+00  2.68032179e+00 
 3.52214000e-09  1.77833414e+00  1.82166586e+00  2.75813030e+00  2.67924031e+00 
 3.52264000e-09  1.77784812e+00  1.82215188e+00  2.75910660e+00  2.67816105e+00 
 3.52314000e-09  1.77736231e+00  1.82263769e+00  2.76007981e+00  2.67708408e+00 
 3.52364000e-09  1.77687673e+00  1.82312327e+00  2.76104986e+00  2.67600949e+00 
 3.52414000e-09  1.77639138e+00  1.82360862e+00  2.76201665e+00  2.67493734e+00 
 3.52464000e-09  1.77590625e+00  1.82409375e+00  2.76298010e+00  2.67386772e+00 
 3.52514000e-09  1.77542137e+00  1.82457863e+00  2.76394015e+00  2.67280071e+00 
 3.52564000e-09  1.77493673e+00  1.82506327e+00  2.76489670e+00  2.67173638e+00 
 3.52614000e-09  1.77445234e+00  1.82554766e+00  2.76584967e+00  2.67067484e+00 
 3.52664000e-09  1.77396820e+00  1.82603180e+00  2.76679899e+00  2.66961615e+00 
 3.52714000e-09  1.77348431e+00  1.82651569e+00  2.76774458e+00  2.66856042e+00 
 3.52764000e-09  1.77300069e+00  1.82699931e+00  2.76868637e+00  2.66750772e+00 
 3.52814000e-09  1.77251733e+00  1.82748267e+00  2.76962427e+00  2.66645815e+00 
 3.52864000e-09  1.77203425e+00  1.82796575e+00  2.77055821e+00  2.66541180e+00 
 3.52914000e-09  1.77155144e+00  1.82844856e+00  2.77148813e+00  2.66436878e+00 
 3.52964000e-09  1.77106891e+00  1.82893109e+00  2.77241394e+00  2.66332916e+00 
 3.53014000e-09  1.77058667e+00  1.82941333e+00  2.77333558e+00  2.66229306e+00 
 3.53064000e-09  1.77010472e+00  1.82989528e+00  2.77425297e+00  2.66126058e+00 
 3.53114000e-09  1.76962306e+00  1.83037694e+00  2.77516605e+00  2.66023181e+00 
 3.53164000e-09  1.76914170e+00  1.83085830e+00  2.77607475e+00  2.65920686e+00 
 3.53214000e-09  1.76866065e+00  1.83133935e+00  2.77697900e+00  2.65818584e+00 
 3.53264000e-09  1.76817991e+00  1.83182009e+00  2.77787875e+00  2.65716886e+00 
 3.53314000e-09  1.76769948e+00  1.83230052e+00  2.77877392e+00  2.65615602e+00 
 3.53364000e-09  1.76721937e+00  1.83278063e+00  2.77966445e+00  2.65514743e+00 
 3.53414000e-09  1.76673958e+00  1.83326042e+00  2.78055029e+00  2.65414321e+00 
 3.53464000e-09  1.76626012e+00  1.83373988e+00  2.78143137e+00  2.65314347e+00 
 3.53514000e-09  1.76578100e+00  1.83421900e+00  2.78230764e+00  2.65214831e+00 
 3.53564000e-09  1.76530221e+00  1.83469779e+00  2.78317903e+00  2.65115785e+00 
 3.53614000e-09  1.76482376e+00  1.83517624e+00  2.78404549e+00  2.65017221e+00 
 3.53664000e-09  1.76434567e+00  1.83565433e+00  2.78490696e+00  2.64919148e+00 
 3.53714000e-09  1.76386792e+00  1.83613208e+00  2.78576338e+00  2.64821579e+00 
 3.53764000e-09  1.76339053e+00  1.83660947e+00  2.78661469e+00  2.64724524e+00 
 3.53814000e-09  1.76291350e+00  1.83708650e+00  2.78746084e+00  2.64627994e+00 
 3.53864000e-09  1.76243684e+00  1.83756316e+00  2.78830176e+00  2.64531999e+00 
 3.53914000e-09  1.76196055e+00  1.83803945e+00  2.78913739e+00  2.64436549e+00 
 3.53964000e-09  1.76148463e+00  1.83851537e+00  2.78996769e+00  2.64341655e+00 
 3.54014000e-09  1.76100909e+00  1.83899091e+00  2.79079257e+00  2.64247327e+00 
 3.54064000e-09  1.76053394e+00  1.83946606e+00  2.79161198e+00  2.64153573e+00 
 3.54114000e-09  1.76005918e+00  1.83994082e+00  2.79242585e+00  2.64060403e+00 
 3.54164000e-09  1.75958481e+00  1.84041519e+00  2.79323411e+00  2.63967826e+00 
 3.54214000e-09  1.75911084e+00  1.84088916e+00  2.79403669e+00  2.63875849e+00 
 3.54264000e-09  1.75863728e+00  1.84136272e+00  2.79483353e+00  2.63784482e+00 
 3.54314000e-09  1.75816412e+00  1.84183588e+00  2.79562454e+00  2.63693732e+00 
 3.54364000e-09  1.75769138e+00  1.84230862e+00  2.79640966e+00  2.63603606e+00 
 3.54414000e-09  1.75721905e+00  1.84278095e+00  2.79718879e+00  2.63514112e+00 
 3.54464000e-09  1.75674715e+00  1.84325285e+00  2.79796188e+00  2.63425256e+00 
 3.54514000e-09  1.75627567e+00  1.84372433e+00  2.79872882e+00  2.63337044e+00 
 3.54564000e-09  1.75580462e+00  1.84419538e+00  2.79948954e+00  2.63249484e+00 
 3.54614000e-09  1.75533401e+00  1.84466599e+00  2.80024396e+00  2.63162579e+00 
 3.54664000e-09  1.75486384e+00  1.84513616e+00  2.80099199e+00  2.63076337e+00 
 3.54714000e-09  1.75439412e+00  1.84560588e+00  2.80173354e+00  2.62990762e+00 
 3.54764000e-09  1.75392485e+00  1.84607515e+00  2.80246853e+00  2.62905860e+00 
 3.54814000e-09  1.75345603e+00  1.84654397e+00  2.80319686e+00  2.62821635e+00 
 3.54864000e-09  1.75298767e+00  1.84701233e+00  2.80391846e+00  2.62738093e+00 
 3.54914000e-09  1.75251978e+00  1.84748022e+00  2.80463324e+00  2.62655237e+00 
 3.54964000e-09  1.75205235e+00  1.84794765e+00  2.80534110e+00  2.62573072e+00 
 3.55014000e-09  1.75158540e+00  1.84841460e+00  2.80604197e+00  2.62491602e+00 
 3.55064000e-09  1.75111892e+00  1.84888108e+00  2.80673576e+00  2.62410832e+00 
 3.55114000e-09  1.75065293e+00  1.84934707e+00  2.80742238e+00  2.62330765e+00 
 3.55164000e-09  1.75018742e+00  1.84981258e+00  2.80810177e+00  2.62251405e+00 
 3.55214000e-09  1.74972241e+00  1.85027759e+00  2.80877382e+00  2.62172757e+00 
 3.55264000e-09  1.74925789e+00  1.85074211e+00  2.80943848e+00  2.62094824e+00 
 3.55314000e-09  1.74879387e+00  1.85120613e+00  2.81009566e+00  2.62017610e+00 
 3.55364000e-09  1.74833036e+00  1.85166964e+00  2.81074530e+00  2.61941118e+00 
 3.55414000e-09  1.74786736e+00  1.85213264e+00  2.81138732e+00  2.61865353e+00 
 3.55464000e-09  1.74740487e+00  1.85259513e+00  2.81202165e+00  2.61790317e+00 
 3.55514000e-09  1.74694290e+00  1.85305710e+00  2.81264825e+00  2.61716015e+00 
 3.55564000e-09  1.74648146e+00  1.85351854e+00  2.81326703e+00  2.61642450e+00 
 3.55614000e-09  1.74602054e+00  1.85397946e+00  2.81387796e+00  2.61569625e+00 
 3.55664000e-09  1.74556016e+00  1.85443984e+00  2.81448098e+00  2.61497544e+00 
 3.55714000e-09  1.74510031e+00  1.85489969e+00  2.81507603e+00  2.61426210e+00 
 3.55764000e-09  1.74464101e+00  1.85535899e+00  2.81566308e+00  2.61355626e+00 
 3.55814000e-09  1.74418225e+00  1.85581775e+00  2.81624208e+00  2.61285797e+00 
 3.55864000e-09  1.74372404e+00  1.85627596e+00  2.81681300e+00  2.61216724e+00 
 3.55914000e-09  1.74326639e+00  1.85673361e+00  2.81737580e+00  2.61148411e+00 
 3.55964000e-09  1.74280930e+00  1.85719070e+00  2.81793046e+00  2.61080862e+00 
 3.56014000e-09  1.74235277e+00  1.85764723e+00  2.81847694e+00  2.61014078e+00 
 3.56064000e-09  1.74189681e+00  1.85810319e+00  2.81901524e+00  2.60948063e+00 
 3.56114000e-09  1.74144142e+00  1.85855858e+00  2.81954533e+00  2.60882819e+00 
 3.56164000e-09  1.74098662e+00  1.85901338e+00  2.82006720e+00  2.60818349e+00 
 3.56214000e-09  1.74053239e+00  1.85946761e+00  2.82058084e+00  2.60754655e+00 
 3.56264000e-09  1.74007875e+00  1.85992125e+00  2.82108625e+00  2.60691740e+00 
 3.56314000e-09  1.73962571e+00  1.86037429e+00  2.82158344e+00  2.60629605e+00 
 3.56364000e-09  1.73917326e+00  1.86082674e+00  2.82207239e+00  2.60568252e+00 
 3.56414000e-09  1.73872141e+00  1.86127859e+00  2.82255312e+00  2.60507683e+00 
 3.56464000e-09  1.73827016e+00  1.86172984e+00  2.82302565e+00  2.60447899e+00 
 3.56514000e-09  1.73781953e+00  1.86218047e+00  2.82348999e+00  2.60388902e+00 
 3.56564000e-09  1.73736950e+00  1.86263050e+00  2.82394615e+00  2.60330692e+00 
 3.56614000e-09  1.73692010e+00  1.86307990e+00  2.82439417e+00  2.60273271e+00 
 3.56664000e-09  1.73647132e+00  1.86352868e+00  2.82483406e+00  2.60216638e+00 
 3.56714000e-09  1.73602316e+00  1.86397684e+00  2.82526587e+00  2.60160794e+00 
 3.56764000e-09  1.73557564e+00  1.86442436e+00  2.82568961e+00  2.60105740e+00 
 3.56814000e-09  1.73512875e+00  1.86487125e+00  2.82610534e+00  2.60051473e+00 
 3.56864000e-09  1.73468250e+00  1.86531750e+00  2.82651310e+00  2.59997995e+00 
 3.56914000e-09  1.73423690e+00  1.86576310e+00  2.82691292e+00  2.59945304e+00 
 3.56964000e-09  1.73379195e+00  1.86620805e+00  2.82730485e+00  2.59893399e+00 
 3.57014000e-09  1.73334765e+00  1.86665235e+00  2.82768895e+00  2.59842278e+00 
 3.57064000e-09  1.73290401e+00  1.86709599e+00  2.82806527e+00  2.59791940e+00 
 3.57114000e-09  1.73246103e+00  1.86753897e+00  2.82843387e+00  2.59742383e+00 
 3.57164000e-09  1.73201871e+00  1.86798129e+00  2.82879481e+00  2.59693604e+00 
 3.57214000e-09  1.73157707e+00  1.86842293e+00  2.82914815e+00  2.59645601e+00 
 3.57264000e-09  1.73113610e+00  1.86886390e+00  2.82949395e+00  2.59598371e+00 
 3.57314000e-09  1.73069581e+00  1.86930419e+00  2.82983229e+00  2.59551911e+00 
 3.57364000e-09  1.73025621e+00  1.86974379e+00  2.83016323e+00  2.59506216e+00 
 3.57414000e-09  1.72981730e+00  1.87018270e+00  2.83048685e+00  2.59461284e+00 
 3.57464000e-09  1.72937907e+00  1.87062093e+00  2.83080323e+00  2.59417109e+00 
 3.57514000e-09  1.72894155e+00  1.87105845e+00  2.83111243e+00  2.59373688e+00 
 3.57564000e-09  1.72850472e+00  1.87149528e+00  2.83141455e+00  2.59331017e+00 
 3.57614000e-09  1.72806860e+00  1.87193140e+00  2.83170966e+00  2.59289089e+00 
 3.57664000e-09  1.72763320e+00  1.87236680e+00  2.83199785e+00  2.59247900e+00 
 3.57714000e-09  1.72719850e+00  1.87280150e+00  2.83227920e+00  2.59207444e+00 
 3.57764000e-09  1.72676453e+00  1.87323547e+00  2.83255380e+00  2.59167715e+00 
 3.57814000e-09  1.72633127e+00  1.87366873e+00  2.83282174e+00  2.59128708e+00 
 3.57864000e-09  1.72589875e+00  1.87410125e+00  2.83308311e+00  2.59090416e+00 
 3.57914000e-09  1.72546695e+00  1.87453305e+00  2.83333800e+00  2.59052833e+00 
 3.57964000e-09  1.72503589e+00  1.87496411e+00  2.83358651e+00  2.59015952e+00 
 3.58014000e-09  1.72460557e+00  1.87539443e+00  2.83382873e+00  2.58979765e+00 
 3.58064000e-09  1.72417600e+00  1.87582400e+00  2.83406475e+00  2.58944267e+00 
 3.58114000e-09  1.72374717e+00  1.87625283e+00  2.83429468e+00  2.58909449e+00 
 3.58164000e-09  1.72331910e+00  1.87668090e+00  2.83451861e+00  2.58875305e+00 
 3.58214000e-09  1.72289178e+00  1.87710822e+00  2.83473664e+00  2.58841826e+00 
 3.58264000e-09  1.72246522e+00  1.87753478e+00  2.83494887e+00  2.58809004e+00 
 3.58314000e-09  1.72203943e+00  1.87796057e+00  2.83515539e+00  2.58776832e+00 
 3.58364000e-09  1.72161441e+00  1.87838559e+00  2.83535632e+00  2.58745301e+00 
 3.58414000e-09  1.72119016e+00  1.87880984e+00  2.83555174e+00  2.58714404e+00 
 3.58464000e-09  1.72076669e+00  1.87923331e+00  2.83574176e+00  2.58684132e+00 
 3.58514000e-09  1.72034401e+00  1.87965599e+00  2.83592649e+00  2.58654475e+00 
 3.58564000e-09  1.71992210e+00  1.88007790e+00  2.83610601e+00  2.58625427e+00 
 3.58614000e-09  1.71950099e+00  1.88049901e+00  2.83628044e+00  2.58596978e+00 
 3.58664000e-09  1.71908067e+00  1.88091933e+00  2.83644988e+00  2.58569119e+00 
 3.58714000e-09  1.71866116e+00  1.88133884e+00  2.83661442e+00  2.58541842e+00 
 3.58764000e-09  1.71824244e+00  1.88175756e+00  2.83677417e+00  2.58515137e+00 
 3.58814000e-09  1.71782453e+00  1.88217547e+00  2.83692922e+00  2.58488996e+00 
 3.58864000e-09  1.71740743e+00  1.88259257e+00  2.83707969e+00  2.58463410e+00 
 3.58914000e-09  1.71699115e+00  1.88300885e+00  2.83722565e+00  2.58438370e+00 
 3.58964000e-09  1.71657569e+00  1.88342431e+00  2.83736723e+00  2.58413867e+00 
 3.59014000e-09  1.71616105e+00  1.88383895e+00  2.83750450e+00  2.58389892e+00 
 3.59064000e-09  1.71574723e+00  1.88425277e+00  2.83763758e+00  2.58366436e+00 
 3.59114000e-09  1.71533425e+00  1.88466575e+00  2.83776656e+00  2.58343490e+00 
 3.59164000e-09  1.71492211e+00  1.88507789e+00  2.83789153e+00  2.58321044e+00 
 3.59214000e-09  1.71451080e+00  1.88548920e+00  2.83801259e+00  2.58299091e+00 
 3.59264000e-09  1.71410034e+00  1.88589966e+00  2.83812983e+00  2.58277621e+00 
 3.59314000e-09  1.71369073e+00  1.88630927e+00  2.83824334e+00  2.58256625e+00 
 3.59364000e-09  1.71328196e+00  1.88671804e+00  2.83835323e+00  2.58236095e+00 
 3.59414000e-09  1.71287406e+00  1.88712594e+00  2.83845957e+00  2.58216022e+00 
 3.59464000e-09  1.71246701e+00  1.88753299e+00  2.83856246e+00  2.58196397e+00 
 3.59514000e-09  1.71206083e+00  1.88793917e+00  2.83866199e+00  2.58177211e+00 
 3.59564000e-09  1.71165551e+00  1.88834449e+00  2.83875824e+00  2.58158456e+00 
 3.59614000e-09  1.71125107e+00  1.88874893e+00  2.83885130e+00  2.58140124e+00 
 3.59664000e-09  1.71084750e+00  1.88915250e+00  2.83894125e+00  2.58122206e+00 
 3.59714000e-09  1.71044482e+00  1.88955518e+00  2.83902819e+00  2.58104693e+00 
 3.59764000e-09  1.71004301e+00  1.88995699e+00  2.83911218e+00  2.58087579e+00 
 3.59814000e-09  1.70964210e+00  1.89035790e+00  2.83919331e+00  2.58070853e+00 
 3.59864000e-09  1.70924208e+00  1.89075792e+00  2.83927167e+00  2.58054509e+00 
 3.59914000e-09  1.70884295e+00  1.89115705e+00  2.83934732e+00  2.58038539e+00 
 3.59964000e-09  1.70844472e+00  1.89155528e+00  2.83942034e+00  2.58022935e+00 
 3.60014000e-09  1.70804739e+00  1.89195261e+00  2.83949082e+00  2.58007689e+00 
 3.60064000e-09  1.70765098e+00  1.89234902e+00  2.83955882e+00  2.57992793e+00 
 3.60114000e-09  1.70725547e+00  1.89274453e+00  2.83962441e+00  2.57978240e+00 
 3.60164000e-09  1.70686088e+00  1.89313912e+00  2.83968767e+00  2.57964023e+00 
 3.60214000e-09  1.70646721e+00  1.89353279e+00  2.83974866e+00  2.57950135e+00 
 3.60264000e-09  1.70607446e+00  1.89392554e+00  2.83980746e+00  2.57936568e+00 
 3.60314000e-09  1.70568264e+00  1.89431736e+00  2.83986413e+00  2.57923315e+00 
 3.60364000e-09  1.70529175e+00  1.89470825e+00  2.83991873e+00  2.57910370e+00 
 3.60414000e-09  1.70490180e+00  1.89509820e+00  2.83997133e+00  2.57897726e+00 
 3.60464000e-09  1.70451278e+00  1.89548722e+00  2.84002199e+00  2.57885376e+00 
 3.60514000e-09  1.70412471e+00  1.89587529e+00  2.84007077e+00  2.57873314e+00 
 3.60564000e-09  1.70373758e+00  1.89626242e+00  2.84011773e+00  2.57861533e+00 
 3.60614000e-09  1.70335140e+00  1.89664860e+00  2.84016293e+00  2.57850027e+00 
 3.60664000e-09  1.70296618e+00  1.89703382e+00  2.84020642e+00  2.57838790e+00 
 3.60714000e-09  1.70258191e+00  1.89741809e+00  2.84024827e+00  2.57827816e+00 
 3.60764000e-09  1.70219861e+00  1.89780139e+00  2.84028851e+00  2.57817100e+00 
 3.60814000e-09  1.70181627e+00  1.89818373e+00  2.84032722e+00  2.57806634e+00 
 3.60864000e-09  1.70143490e+00  1.89856510e+00  2.84036443e+00  2.57796414e+00 
 3.60914000e-09  1.70105450e+00  1.89894550e+00  2.84040020e+00  2.57786434e+00 
 3.60964000e-09  1.70067508e+00  1.89932492e+00  2.84043458e+00  2.57776689e+00 
 3.61014000e-09  1.70029664e+00  1.89970336e+00  2.84046761e+00  2.57767174e+00 
 3.61064000e-09  1.69991918e+00  1.90008082e+00  2.84049934e+00  2.57757883e+00 
 3.61114000e-09  1.69954271e+00  1.90045729e+00  2.84052981e+00  2.57748811e+00 
 3.61164000e-09  1.69916723e+00  1.90083277e+00  2.84055908e+00  2.57739953e+00 
 3.61214000e-09  1.69879275e+00  1.90120725e+00  2.84058717e+00  2.57731305e+00 
 3.61264000e-09  1.69841927e+00  1.90158073e+00  2.84061414e+00  2.57722861e+00 
 3.61314000e-09  1.69804679e+00  1.90195321e+00  2.84064002e+00  2.57714618e+00 
 3.61364000e-09  1.69767531e+00  1.90232469e+00  2.84066485e+00  2.57706570e+00 
 3.61414000e-09  1.69730485e+00  1.90269515e+00  2.84068867e+00  2.57698714e+00 
 3.61464000e-09  1.69693540e+00  1.90306460e+00  2.84071152e+00  2.57691045e+00 
 3.61514000e-09  1.69656696e+00  1.90343304e+00  2.84073343e+00  2.57683558e+00 
 3.61564000e-09  1.69619955e+00  1.90380045e+00  2.84075444e+00  2.57676251e+00 
 3.61614000e-09  1.69583316e+00  1.90416684e+00  2.84077458e+00  2.57669118e+00 
 3.61664000e-09  1.69546780e+00  1.90453220e+00  2.84079389e+00  2.57662156e+00 
 3.61714000e-09  1.69510347e+00  1.90489653e+00  2.84081239e+00  2.57655361e+00 
 3.61764000e-09  1.69474018e+00  1.90525982e+00  2.84083012e+00  2.57648730e+00 
 3.61814000e-09  1.69437792e+00  1.90562208e+00  2.84084711e+00  2.57642258e+00 
 3.61864000e-09  1.69401671e+00  1.90598329e+00  2.84086339e+00  2.57635943e+00 
 3.61914000e-09  1.69365654e+00  1.90634346e+00  2.84087898e+00  2.57629780e+00 
 3.61964000e-09  1.69329743e+00  1.90670257e+00  2.84089392e+00  2.57623768e+00 
 3.62014000e-09  1.69293936e+00  1.90706064e+00  2.84090822e+00  2.57617901e+00 
 3.62064000e-09  1.69258236e+00  1.90741764e+00  2.84092192e+00  2.57612178e+00 
 3.62114000e-09  1.69222641e+00  1.90777359e+00  2.84093505e+00  2.57606595e+00 
 3.62164000e-09  1.69187153e+00  1.90812847e+00  2.84094761e+00  2.57601148e+00 
 3.62214000e-09  1.69151771e+00  1.90848229e+00  2.84095965e+00  2.57595836e+00 
 3.62264000e-09  1.69116496e+00  1.90883504e+00  2.84097118e+00  2.57590656e+00 
 3.62314000e-09  1.69081329e+00  1.90918671e+00  2.84098222e+00  2.57585604e+00 
 3.62364000e-09  1.69046270e+00  1.90953730e+00  2.84099280e+00  2.57580677e+00 
 3.62414000e-09  1.69011319e+00  1.90988681e+00  2.84100294e+00  2.57575874e+00 
 3.62464000e-09  1.68976476e+00  1.91023524e+00  2.84101265e+00  2.57571192e+00 
 3.62514000e-09  1.68941742e+00  1.91058258e+00  2.84102196e+00  2.57566627e+00 
 3.62564000e-09  1.68907117e+00  1.91092883e+00  2.84103088e+00  2.57562179e+00 
 3.62614000e-09  1.68872602e+00  1.91127398e+00  2.84103944e+00  2.57557843e+00 
 3.62664000e-09  1.68838196e+00  1.91161804e+00  2.84104765e+00  2.57553619e+00 
 3.62714000e-09  1.68803901e+00  1.91196099e+00  2.84105552e+00  2.57549504e+00 
 3.62764000e-09  1.68769716e+00  1.91230284e+00  2.84106308e+00  2.57545495e+00 
 3.62814000e-09  1.68735642e+00  1.91264358e+00  2.84107035e+00  2.57541591e+00 
 3.62864000e-09  1.68701679e+00  1.91298321e+00  2.84107732e+00  2.57537789e+00 
 3.62914000e-09  1.68667828e+00  1.91332172e+00  2.84108404e+00  2.57534088e+00 
 3.62964000e-09  1.68634088e+00  1.91365912e+00  2.84109049e+00  2.57530485e+00 
 3.63014000e-09  1.68600461e+00  1.91399539e+00  2.84109671e+00  2.57526978e+00 
 3.63064000e-09  1.68566946e+00  1.91433054e+00  2.84110270e+00  2.57523567e+00 
 3.63114000e-09  1.68533544e+00  1.91466456e+00  2.84110848e+00  2.57520248e+00 
 3.63164000e-09  1.68500255e+00  1.91499745e+00  2.84111406e+00  2.57517020e+00 
 3.63214000e-09  1.68467080e+00  1.91532920e+00  2.84111945e+00  2.57513882e+00 
 3.63264000e-09  1.68434018e+00  1.91565982e+00  2.84112466e+00  2.57510831e+00 
 3.63314000e-09  1.68401071e+00  1.91598929e+00  2.84112971e+00  2.57507867e+00 
 3.63364000e-09  1.68368238e+00  1.91631762e+00  2.84113461e+00  2.57504987e+00 
 3.63414000e-09  1.68335520e+00  1.91664480e+00  2.84113936e+00  2.57502190e+00 
 3.63464000e-09  1.68302917e+00  1.91697083e+00  2.84114398e+00  2.57499475e+00 
 3.63514000e-09  1.68270430e+00  1.91729570e+00  2.84114848e+00  2.57496839e+00 
 3.63564000e-09  1.68238058e+00  1.91761942e+00  2.84115287e+00  2.57494282e+00 
 3.63614000e-09  1.68205802e+00  1.91794198e+00  2.84115715e+00  2.57491803e+00 
 3.63664000e-09  1.68173663e+00  1.91826337e+00  2.84116134e+00  2.57489399e+00 
 3.63714000e-09  1.68141641e+00  1.91858359e+00  2.84116545e+00  2.57487070e+00 
 3.63764000e-09  1.68109735e+00  1.91890265e+00  2.84116947e+00  2.57484814e+00 
 3.63814000e-09  1.68077947e+00  1.91922053e+00  2.84117343e+00  2.57482631e+00 
 3.63864000e-09  1.68046276e+00  1.91953724e+00  2.84117733e+00  2.57480518e+00 
 3.63914000e-09  1.68014724e+00  1.91985276e+00  2.84118118e+00  2.57478474e+00 
 3.63964000e-09  1.67983290e+00  1.92016710e+00  2.84118498e+00  2.57476499e+00 
 3.64014000e-09  1.67951974e+00  1.92048026e+00  2.84118874e+00  2.57474592e+00 
 3.64064000e-09  1.67920777e+00  1.92079223e+00  2.84119246e+00  2.57472751e+00 
 3.64114000e-09  1.67889700e+00  1.92110300e+00  2.84119617e+00  2.57470975e+00 
 3.64164000e-09  1.67858742e+00  1.92141258e+00  2.84119985e+00  2.57469263e+00 
 3.64214000e-09  1.67827904e+00  1.92172096e+00  2.84120352e+00  2.57467614e+00 
 3.64264000e-09  1.67797186e+00  1.92202814e+00  2.84120718e+00  2.57466028e+00 
 3.64314000e-09  1.67766588e+00  1.92233412e+00  2.84121085e+00  2.57464502e+00 
 3.64364000e-09  1.67736112e+00  1.92263888e+00  2.84121451e+00  2.57463037e+00 
 3.64414000e-09  1.67705756e+00  1.92294244e+00  2.84121819e+00  2.57461632e+00 
 3.64464000e-09  1.67675521e+00  1.92324479e+00  2.84122188e+00  2.57460284e+00 
 3.64514000e-09  1.67645409e+00  1.92354591e+00  2.84122559e+00  2.57458995e+00 
 3.64564000e-09  1.67615418e+00  1.92384582e+00  2.84122932e+00  2.57457762e+00 
 3.64614000e-09  1.67585549e+00  1.92414451e+00  2.84123308e+00  2.57456584e+00 
 3.64664000e-09  1.67555803e+00  1.92444197e+00  2.84123688e+00  2.57455462e+00 
 3.64714000e-09  1.67526180e+00  1.92473820e+00  2.84124071e+00  2.57454395e+00 
 3.64764000e-09  1.67496680e+00  1.92503320e+00  2.84124458e+00  2.57453380e+00 
 3.64814000e-09  1.67467303e+00  1.92532697e+00  2.84124850e+00  2.57452419e+00 
 3.64864000e-09  1.67438050e+00  1.92561950e+00  2.84125246e+00  2.57451510e+00 
 3.64914000e-09  1.67408921e+00  1.92591079e+00  2.84125648e+00  2.57450652e+00 
 3.64964000e-09  1.67379916e+00  1.92620084e+00  2.84126056e+00  2.57449844e+00 
 3.65014000e-09  1.67351036e+00  1.92648964e+00  2.84126469e+00  2.57449087e+00 
 3.65064000e-09  1.67322280e+00  1.92677720e+00  2.84126889e+00  2.57448378e+00 
 3.65114000e-09  1.67293650e+00  1.92706350e+00  2.84127315e+00  2.57447719e+00 
 3.65164000e-09  1.67265145e+00  1.92734855e+00  2.84127748e+00  2.57447107e+00 
 3.65214000e-09  1.67236766e+00  1.92763234e+00  2.84128188e+00  2.57446543e+00 
 3.65264000e-09  1.67208512e+00  1.92791488e+00  2.84128636e+00  2.57446025e+00 
 3.65314000e-09  1.67180385e+00  1.92819615e+00  2.84129091e+00  2.57445554e+00 
 3.65364000e-09  1.67152385e+00  1.92847615e+00  2.84129554e+00  2.57445128e+00 
 3.65414000e-09  1.67124511e+00  1.92875489e+00  2.84130026e+00  2.57444747e+00 
 3.65464000e-09  1.67096765e+00  1.92903235e+00  2.84130506e+00  2.57444411e+00 
 3.65514000e-09  1.67069145e+00  1.92930855e+00  2.84130994e+00  2.57444118e+00 
 3.65564000e-09  1.67041654e+00  1.92958346e+00  2.84131491e+00  2.57443869e+00 
 3.65614000e-09  1.67014290e+00  1.92985710e+00  2.84131997e+00  2.57443663e+00 
 3.65664000e-09  1.66987055e+00  1.93012945e+00  2.84132512e+00  2.57443499e+00 
 3.65714000e-09  1.66959947e+00  1.93040053e+00  2.84133037e+00  2.57443377e+00 
 3.65764000e-09  1.66932969e+00  1.93067031e+00  2.84133571e+00  2.57443297e+00 
 3.65814000e-09  1.66906120e+00  1.93093880e+00  2.84134115e+00  2.57443257e+00 
 3.65864000e-09  1.66879399e+00  1.93120601e+00  2.84134669e+00  2.57443257e+00 
 3.65914000e-09  1.66852809e+00  1.93147191e+00  2.84135233e+00  2.57443298e+00 
 3.65964000e-09  1.66826348e+00  1.93173652e+00  2.84135808e+00  2.57443378e+00 
 3.66014000e-09  1.66800017e+00  1.93199983e+00  2.84136392e+00  2.57443497e+00 
 3.66064000e-09  1.66773816e+00  1.93226184e+00  2.84136987e+00  2.57443655e+00 
 3.66114000e-09  1.66747746e+00  1.93252254e+00  2.84137593e+00  2.57443851e+00 
 3.66164000e-09  1.66721806e+00  1.93278194e+00  2.84138209e+00  2.57444085e+00 
 3.66214000e-09  1.66695998e+00  1.93304002e+00  2.84138836e+00  2.57444356e+00 
 3.66264000e-09  1.66670321e+00  1.93329679e+00  2.84139474e+00  2.57444664e+00 
 3.66314000e-09  1.66644776e+00  1.93355224e+00  2.84140123e+00  2.57445009e+00 
 3.66364000e-09  1.66619362e+00  1.93380638e+00  2.84140783e+00  2.57445390e+00 
 3.66414000e-09  1.66594080e+00  1.93405920e+00  2.84141455e+00  2.57445807e+00 
 3.66464000e-09  1.66568931e+00  1.93431069e+00  2.84142138e+00  2.57446259e+00 
 3.66514000e-09  1.66543915e+00  1.93456085e+00  2.84142832e+00  2.57446747e+00 
 3.66564000e-09  1.66519031e+00  1.93480969e+00  2.84143537e+00  2.57447269e+00 
 3.66614000e-09  1.66494280e+00  1.93505720e+00  2.84144255e+00  2.57447826e+00 
 3.66664000e-09  1.66469662e+00  1.93530338e+00  2.84144983e+00  2.57448417e+00 
 3.66714000e-09  1.66445178e+00  1.93554822e+00  2.84145724e+00  2.57449041e+00 
 3.66764000e-09  1.66420828e+00  1.93579172e+00  2.84146476e+00  2.57449699e+00 
 3.66814000e-09  1.66396612e+00  1.93603388e+00  2.84147240e+00  2.57450390e+00 
 3.66864000e-09  1.66372530e+00  1.93627470e+00  2.84148016e+00  2.57451114e+00 
 3.66914000e-09  1.66348582e+00  1.93651418e+00  2.84148803e+00  2.57451870e+00 
 3.66964000e-09  1.66324770e+00  1.93675230e+00  2.84149603e+00  2.57452659e+00 
 3.67014000e-09  1.66301092e+00  1.93698908e+00  2.84150415e+00  2.57453479e+00 
 3.67064000e-09  1.66277549e+00  1.93722451e+00  2.84151238e+00  2.57454331e+00 
 3.67114000e-09  1.66254142e+00  1.93745858e+00  2.84152074e+00  2.57455215e+00 
 3.67164000e-09  1.66230871e+00  1.93769129e+00  2.84152921e+00  2.57456129e+00 
 3.67214000e-09  1.66207735e+00  1.93792265e+00  2.84153781e+00  2.57457074e+00 
 3.67264000e-09  1.66184736e+00  1.93815264e+00  2.84154653e+00  2.57458049e+00 
 3.67314000e-09  1.66161873e+00  1.93838127e+00  2.84155537e+00  2.57459055e+00 
 3.67364000e-09  1.66139146e+00  1.93860854e+00  2.84156433e+00  2.57460090e+00 
 3.67414000e-09  1.66116557e+00  1.93883443e+00  2.84157342e+00  2.57461155e+00 
 3.67464000e-09  1.66094104e+00  1.93905896e+00  2.84158262e+00  2.57462250e+00 
 3.67514000e-09  1.66071789e+00  1.93928211e+00  2.84159195e+00  2.57463373e+00 
 3.67564000e-09  1.66049611e+00  1.93950389e+00  2.84160140e+00  2.57464526e+00 
 3.67614000e-09  1.66027570e+00  1.93972430e+00  2.84161097e+00  2.57465707e+00 
 3.67664000e-09  1.66005668e+00  1.93994332e+00  2.84162066e+00  2.57466916e+00 
 3.67714000e-09  1.65983904e+00  1.94016096e+00  2.84163048e+00  2.57468154e+00 
 3.67764000e-09  1.65962278e+00  1.94037722e+00  2.84164041e+00  2.57469419e+00 
 3.67814000e-09  1.65940790e+00  1.94059210e+00  2.84165047e+00  2.57470712e+00 
 3.67864000e-09  1.65919442e+00  1.94080558e+00  2.84166066e+00  2.57472033e+00 
 3.67914000e-09  1.65898232e+00  1.94101768e+00  2.84167096e+00  2.57473381e+00 
 3.67964000e-09  1.65877162e+00  1.94122838e+00  2.84168139e+00  2.57474755e+00 
 3.68014000e-09  1.65856231e+00  1.94143769e+00  2.84169193e+00  2.57476157e+00 
 3.68064000e-09  1.65835439e+00  1.94164561e+00  2.84170260e+00  2.57477585e+00 
 3.68114000e-09  1.65814787e+00  1.94185213e+00  2.84171339e+00  2.57479040e+00 
 3.68164000e-09  1.65794276e+00  1.94205724e+00  2.84172431e+00  2.57480520e+00 
 3.68214000e-09  1.65773904e+00  1.94226096e+00  2.84173534e+00  2.57482027e+00 
 3.68264000e-09  1.65753673e+00  1.94246327e+00  2.84174649e+00  2.57483559e+00 
 3.68314000e-09  1.65733583e+00  1.94266417e+00  2.84175777e+00  2.57485117e+00 
 3.68364000e-09  1.65713633e+00  1.94286367e+00  2.84176916e+00  2.57486700e+00 
 3.68414000e-09  1.65693824e+00  1.94306176e+00  2.84178068e+00  2.57488308e+00 
 3.68464000e-09  1.65674157e+00  1.94325843e+00  2.84179232e+00  2.57489941e+00 
 3.68514000e-09  1.65654631e+00  1.94345369e+00  2.84180407e+00  2.57491599e+00 
 3.68564000e-09  1.65635246e+00  1.94364754e+00  2.84181595e+00  2.57493281e+00 
 3.68614000e-09  1.65616004e+00  1.94383996e+00  2.84182795e+00  2.57494988e+00 
 3.68664000e-09  1.65596903e+00  1.94403097e+00  2.84184006e+00  2.57496719e+00 
 3.68714000e-09  1.65577944e+00  1.94422056e+00  2.84185230e+00  2.57498474e+00 
 3.68764000e-09  1.65559128e+00  1.94440872e+00  2.84186465e+00  2.57500252e+00 
 3.68814000e-09  1.65540454e+00  1.94459546e+00  2.84187712e+00  2.57502055e+00 
 3.68864000e-09  1.65521923e+00  1.94478077e+00  2.84188971e+00  2.57503880e+00 
 3.68914000e-09  1.65503535e+00  1.94496465e+00  2.84190242e+00  2.57505729e+00 
 3.68964000e-09  1.65485290e+00  1.94514710e+00  2.84191524e+00  2.57507602e+00 
 3.69014000e-09  1.65467188e+00  1.94532812e+00  2.84192818e+00  2.57509497e+00 
 3.69064000e-09  1.65449230e+00  1.94550770e+00  2.84194124e+00  2.57511414e+00 
 3.69114000e-09  1.65431415e+00  1.94568585e+00  2.84195441e+00  2.57513355e+00 
 3.69164000e-09  1.65413744e+00  1.94586256e+00  2.84196770e+00  2.57515318e+00 
 3.69214000e-09  1.65396217e+00  1.94603783e+00  2.84198111e+00  2.57517303e+00 
 3.69264000e-09  1.65378834e+00  1.94621166e+00  2.84199463e+00  2.57519310e+00 
 3.69314000e-09  1.65361596e+00  1.94638404e+00  2.84200826e+00  2.57521339e+00 
 3.69364000e-09  1.65344502e+00  1.94655498e+00  2.84202201e+00  2.57523390e+00 
 3.69414000e-09  1.65327552e+00  1.94672448e+00  2.84203588e+00  2.57525463e+00 
 3.69464000e-09  1.65310748e+00  1.94689252e+00  2.84204985e+00  2.57527557e+00 
 3.69514000e-09  1.65294088e+00  1.94705912e+00  2.84206394e+00  2.57529672e+00 
 3.69564000e-09  1.65277573e+00  1.94722427e+00  2.84207815e+00  2.57531809e+00 
 3.69614000e-09  1.65261204e+00  1.94738796e+00  2.84209246e+00  2.57533967e+00 
 3.69664000e-09  1.65244980e+00  1.94755020e+00  2.84210689e+00  2.57536145e+00 
 3.69714000e-09  1.65228902e+00  1.94771098e+00  2.84212143e+00  2.57538344e+00 
 3.69764000e-09  1.65212970e+00  1.94787030e+00  2.84213608e+00  2.57540564e+00 
 3.69814000e-09  1.65197184e+00  1.94802816e+00  2.84215084e+00  2.57542804e+00 
 3.69864000e-09  1.65181543e+00  1.94818457e+00  2.84216571e+00  2.57545065e+00 
 3.69914000e-09  1.65166049e+00  1.94833951e+00  2.84218069e+00  2.57547346e+00 
 3.69964000e-09  1.65150702e+00  1.94849298e+00  2.84219578e+00  2.57549646e+00 
 3.70014000e-09  1.65135500e+00  1.94864500e+00  2.84221098e+00  2.57551967e+00 
 3.70064000e-09  1.65120446e+00  1.94879554e+00  2.84222629e+00  2.57554307e+00 
 3.70114000e-09  1.65105538e+00  1.94894462e+00  2.84224170e+00  2.57556667e+00 
 3.70164000e-09  1.65090778e+00  1.94909222e+00  2.84225722e+00  2.57559047e+00 
 3.70214000e-09  1.65076165e+00  1.94923835e+00  2.84227285e+00  2.57561446e+00 
 3.70264000e-09  1.65061698e+00  1.94938302e+00  2.84228859e+00  2.57563864e+00 
 3.70314000e-09  1.65047380e+00  1.94952620e+00  2.84230443e+00  2.57566301e+00 
 3.70364000e-09  1.65033209e+00  1.94966791e+00  2.84232038e+00  2.57568757e+00 
 3.70414000e-09  1.65019185e+00  1.94980815e+00  2.84233643e+00  2.57571232e+00 
 3.70464000e-09  1.65005310e+00  1.94994690e+00  2.84235259e+00  2.57573725e+00 
 3.70514000e-09  1.64991582e+00  1.95008418e+00  2.84236885e+00  2.57576237e+00 
 3.70564000e-09  1.64978003e+00  1.95021997e+00  2.84238522e+00  2.57578768e+00 
 3.70614000e-09  1.64964572e+00  1.95035428e+00  2.84240169e+00  2.57581316e+00 
 3.70664000e-09  1.64951289e+00  1.95048711e+00  2.84241826e+00  2.57583883e+00 
 3.70714000e-09  1.64938155e+00  1.95061845e+00  2.84243493e+00  2.57586469e+00 
 3.70764000e-09  1.64925169e+00  1.95074831e+00  2.84245171e+00  2.57589072e+00 
 3.70814000e-09  1.64912333e+00  1.95087667e+00  2.84246859e+00  2.57591692e+00 
 3.70864000e-09  1.64899645e+00  1.95100355e+00  2.84248556e+00  2.57594331e+00 
 3.70914000e-09  1.64887106e+00  1.95112894e+00  2.84250264e+00  2.57596987e+00 
 3.70964000e-09  1.64874716e+00  1.95125284e+00  2.84251982e+00  2.57599661e+00 
 3.71014000e-09  1.64862476e+00  1.95137524e+00  2.84253710e+00  2.57602352e+00 
 3.71064000e-09  1.64850385e+00  1.95149615e+00  2.84255447e+00  2.57605060e+00 
 3.71114000e-09  1.64838443e+00  1.95161557e+00  2.84257195e+00  2.57607785e+00 
 3.71164000e-09  1.64826652e+00  1.95173348e+00  2.84258952e+00  2.57610528e+00 
 3.71214000e-09  1.64815009e+00  1.95184991e+00  2.84260719e+00  2.57613287e+00 
 3.71264000e-09  1.64803517e+00  1.95196483e+00  2.84262496e+00  2.57616063e+00 
 3.71314000e-09  1.64792175e+00  1.95207825e+00  2.84264282e+00  2.57618855e+00 
 3.71364000e-09  1.64780983e+00  1.95219017e+00  2.84266078e+00  2.57621665e+00 
 3.71414000e-09  1.64769941e+00  1.95230059e+00  2.84267884e+00  2.57624490e+00 
 3.71464000e-09  1.64759049e+00  1.95240951e+00  2.84269699e+00  2.57627332e+00 
 3.71514000e-09  1.64748308e+00  1.95251692e+00  2.84271523e+00  2.57630191e+00 
 3.71564000e-09  1.64737718e+00  1.95262282e+00  2.84273357e+00  2.57633065e+00 
 3.71614000e-09  1.64727278e+00  1.95272722e+00  2.84275200e+00  2.57635955e+00 
 3.71664000e-09  1.64716988e+00  1.95283012e+00  2.84277052e+00  2.57638862e+00 
 3.71714000e-09  1.64706850e+00  1.95293150e+00  2.84278914e+00  2.57641784e+00 
 3.71764000e-09  1.64696862e+00  1.95303138e+00  2.84280785e+00  2.57644722e+00 
 3.71814000e-09  1.64687026e+00  1.95312974e+00  2.84282665e+00  2.57647675e+00 
 3.71864000e-09  1.64677340e+00  1.95322660e+00  2.84284554e+00  2.57650644e+00 
 3.71914000e-09  1.64667806e+00  1.95332194e+00  2.84286452e+00  2.57653628e+00 
 3.71964000e-09  1.64658424e+00  1.95341576e+00  2.84288360e+00  2.57656628e+00 
 3.72014000e-09  1.64649192e+00  1.95350808e+00  2.84290276e+00  2.57659642e+00 
 3.72064000e-09  1.64640112e+00  1.95359888e+00  2.84292201e+00  2.57662672e+00 
 3.72114000e-09  1.64631184e+00  1.95368816e+00  2.84294135e+00  2.57665717e+00 
 3.72164000e-09  1.64622407e+00  1.95377593e+00  2.84296077e+00  2.57668777e+00 
 3.72214000e-09  1.64613783e+00  1.95386217e+00  2.84298029e+00  2.57671851e+00 
 3.72264000e-09  1.64605310e+00  1.95394690e+00  2.84299989e+00  2.57674941e+00 
 3.72314000e-09  1.64596989e+00  1.95403011e+00  2.84301957e+00  2.57678044e+00 
 3.72364000e-09  1.64588820e+00  1.95411180e+00  2.84303935e+00  2.57681163e+00 
 3.72414000e-09  1.64580803e+00  1.95419197e+00  2.84305921e+00  2.57684295e+00 
 3.72464000e-09  1.64572938e+00  1.95427062e+00  2.84307915e+00  2.57687442e+00 
 3.72514000e-09  1.64565226e+00  1.95434774e+00  2.84309918e+00  2.57690604e+00 
 3.72564000e-09  1.64557665e+00  1.95442335e+00  2.84311929e+00  2.57693779e+00 
 3.72614000e-09  1.64550258e+00  1.95449742e+00  2.84313949e+00  2.57696968e+00 
 3.72664000e-09  1.64543002e+00  1.95456998e+00  2.84315977e+00  2.57700171e+00 
 3.72714000e-09  1.64535900e+00  1.95464100e+00  2.84318013e+00  2.57703389e+00 
 3.72764000e-09  1.64528950e+00  1.95471050e+00  2.84320058e+00  2.57706619e+00 
 3.72814000e-09  1.64522152e+00  1.95477848e+00  2.84322110e+00  2.57709864e+00 
 3.72864000e-09  1.64515508e+00  1.95484492e+00  2.84324171e+00  2.57713122e+00 
 3.72914000e-09  1.64509016e+00  1.95490984e+00  2.84326240e+00  2.57716393e+00 
 3.72964000e-09  1.64502677e+00  1.95497323e+00  2.84328316e+00  2.57719678e+00 
 3.73014000e-09  1.64496491e+00  1.95503509e+00  2.84330401e+00  2.57722977e+00 
 3.73064000e-09  1.64490458e+00  1.95509542e+00  2.84332494e+00  2.57726288e+00 
 3.73114000e-09  1.64484578e+00  1.95515422e+00  2.84334594e+00  2.57729613e+00 
 3.73164000e-09  1.64478852e+00  1.95521148e+00  2.84336703e+00  2.57732950e+00 
 3.73214000e-09  1.64473278e+00  1.95526722e+00  2.84338819e+00  2.57736301e+00 
 3.73264000e-09  1.64467858e+00  1.95532142e+00  2.84340943e+00  2.57739664e+00 
 3.73314000e-09  1.64462591e+00  1.95537409e+00  2.84343074e+00  2.57743040e+00 
 3.73364000e-09  1.64457477e+00  1.95542523e+00  2.84345213e+00  2.57746429e+00 
 3.73414000e-09  1.64452517e+00  1.95547483e+00  2.84347360e+00  2.57749830e+00 
 3.73464000e-09  1.64447710e+00  1.95552290e+00  2.84349515e+00  2.57753244e+00 
 3.73514000e-09  1.64443057e+00  1.95556943e+00  2.84351676e+00  2.57756670e+00 
 3.73564000e-09  1.64438557e+00  1.95561443e+00  2.84353846e+00  2.57760109e+00 
 3.73614000e-09  1.64434211e+00  1.95565789e+00  2.84356022e+00  2.57763560e+00 
 3.73664000e-09  1.64430018e+00  1.95569982e+00  2.84358206e+00  2.57767023e+00 
 3.73714000e-09  1.64425979e+00  1.95574021e+00  2.84360397e+00  2.57770498e+00 
 3.73764000e-09  1.64422094e+00  1.95577906e+00  2.84362596e+00  2.57773986e+00 
 3.73814000e-09  1.64418363e+00  1.95581637e+00  2.84364802e+00  2.57777485e+00 
 3.73864000e-09  1.64414785e+00  1.95585215e+00  2.84367014e+00  2.57780996e+00 
 3.73914000e-09  1.64411361e+00  1.95588639e+00  2.84369234e+00  2.57784518e+00 
 3.73964000e-09  1.64408091e+00  1.95591909e+00  2.84371461e+00  2.57788053e+00 
 3.74014000e-09  1.64404975e+00  1.95595025e+00  2.84373695e+00  2.57791599e+00 
 3.74064000e-09  1.64402013e+00  1.95597987e+00  2.84375936e+00  2.57795157e+00 
 3.74114000e-09  1.64399205e+00  1.95600795e+00  2.84378184e+00  2.57798726e+00 
 3.74164000e-09  1.64396551e+00  1.95603449e+00  2.84380439e+00  2.57802306e+00 
 3.74214000e-09  1.64394051e+00  1.95605949e+00  2.84382701e+00  2.57805898e+00 
 3.74264000e-09  1.64391704e+00  1.95608296e+00  2.84384969e+00  2.57809501e+00 
 3.74314000e-09  1.64389512e+00  1.95610488e+00  2.84387245e+00  2.57813115e+00 
 3.74364000e-09  1.64387474e+00  1.95612526e+00  2.84389526e+00  2.57816740e+00 
 3.74414000e-09  1.64385590e+00  1.95614410e+00  2.84391815e+00  2.57820376e+00 
 3.74464000e-09  1.64383860e+00  1.95616140e+00  2.84394110e+00  2.57824023e+00 
 3.74514000e-09  1.64382284e+00  1.95617716e+00  2.84396412e+00  2.57827680e+00 
 3.74564000e-09  1.64380863e+00  1.95619137e+00  2.84398720e+00  2.57831349e+00 
 3.74614000e-09  1.64379595e+00  1.95620405e+00  2.84401035e+00  2.57835028e+00 
 3.74664000e-09  1.64378482e+00  1.95621518e+00  2.84403356e+00  2.57838718e+00 
 3.74714000e-09  1.64377523e+00  1.95622477e+00  2.84405683e+00  2.57842418e+00 
 3.74764000e-09  1.64376718e+00  1.95623282e+00  2.84408017e+00  2.57846129e+00 
 3.74814000e-09  1.64376067e+00  1.95623933e+00  2.84410357e+00  2.57849850e+00 
 3.74864000e-09  1.64375570e+00  1.95624430e+00  2.84412703e+00  2.57853582e+00 
 3.74914000e-09  1.64375228e+00  1.95624772e+00  2.84415056e+00  2.57857324e+00 
 3.74964000e-09  1.64375040e+00  1.95624960e+00  2.84417414e+00  2.57861076e+00 
 3.75014000e-09  1.64375006e+00  1.95624994e+00  2.84419779e+00  2.57864838e+00 
 3.75064000e-09  1.64375126e+00  1.95624874e+00  2.84422150e+00  2.57868610e+00 
 3.75114000e-09  1.64375401e+00  1.95624599e+00  2.84424526e+00  2.57872392e+00 
 3.75164000e-09  1.64375830e+00  1.95624170e+00  2.84426909e+00  2.57876183e+00 
 3.75214000e-09  1.64376412e+00  1.95623588e+00  2.84429298e+00  2.57879985e+00 
 3.75264000e-09  1.64377150e+00  1.95622850e+00  2.84431692e+00  2.57883796e+00 
 3.75314000e-09  1.64378041e+00  1.95621959e+00  2.84434093e+00  2.57887618e+00 
 3.75364000e-09  1.64379086e+00  1.95620914e+00  2.84436499e+00  2.57891448e+00 
 3.75414000e-09  1.64380286e+00  1.95619714e+00  2.84438911e+00  2.57895288e+00 
 3.75464000e-09  1.64381640e+00  1.95618360e+00  2.84441328e+00  2.57899138e+00 
 3.75514000e-09  1.64383148e+00  1.95616852e+00  2.84443752e+00  2.57902997e+00 
 3.75564000e-09  1.64384810e+00  1.95615190e+00  2.84446181e+00  2.57906865e+00 
 3.75614000e-09  1.64386626e+00  1.95613374e+00  2.84448615e+00  2.57910743e+00 
 3.75664000e-09  1.64388596e+00  1.95611404e+00  2.84451055e+00  2.57914630e+00 
 3.75714000e-09  1.64390721e+00  1.95609279e+00  2.84453500e+00  2.57918525e+00 
 3.75764000e-09  1.64392999e+00  1.95607001e+00  2.84455951e+00  2.57922430e+00 
 3.75814000e-09  1.64395432e+00  1.95604568e+00  2.84458408e+00  2.57926344e+00 
 3.75864000e-09  1.64398018e+00  1.95601982e+00  2.84460869e+00  2.57930267e+00 
 3.75914000e-09  1.64400759e+00  1.95599241e+00  2.84463336e+00  2.57934199e+00 
 3.75964000e-09  1.64403653e+00  1.95596347e+00  2.84465808e+00  2.57938139e+00 
 3.76014000e-09  1.64406701e+00  1.95593299e+00  2.84468286e+00  2.57942088e+00 
 3.76064000e-09  1.64409904e+00  1.95590096e+00  2.84470768e+00  2.57946046e+00 
 3.76114000e-09  1.64413260e+00  1.95586740e+00  2.84473256e+00  2.57950012e+00 
 3.76164000e-09  1.64416770e+00  1.95583230e+00  2.84475749e+00  2.57953987e+00 
 3.76214000e-09  1.64420434e+00  1.95579566e+00  2.84478247e+00  2.57957971e+00 
 3.76264000e-09  1.64424251e+00  1.95575749e+00  2.84480750e+00  2.57961962e+00 
 3.76314000e-09  1.64428222e+00  1.95571778e+00  2.84483257e+00  2.57965963e+00 
 3.76364000e-09  1.64432347e+00  1.95567653e+00  2.84485770e+00  2.57969971e+00 
 3.76414000e-09  1.64436626e+00  1.95563374e+00  2.84488288e+00  2.57973987e+00 
 3.76464000e-09  1.64441058e+00  1.95558942e+00  2.84490810e+00  2.57978012e+00 
 3.76514000e-09  1.64445644e+00  1.95554356e+00  2.84493337e+00  2.57982045e+00 
 3.76564000e-09  1.64450383e+00  1.95549617e+00  2.84495869e+00  2.57986086e+00 
 3.76614000e-09  1.64455276e+00  1.95544724e+00  2.84498406e+00  2.57990134e+00 
 3.76664000e-09  1.64460322e+00  1.95539678e+00  2.84500947e+00  2.57994191e+00 
 3.76714000e-09  1.64465521e+00  1.95534479e+00  2.84503493e+00  2.57998256e+00 
 3.76764000e-09  1.64470874e+00  1.95529126e+00  2.84506043e+00  2.58002328e+00 
 3.76814000e-09  1.64476380e+00  1.95523620e+00  2.84508598e+00  2.58006408e+00 
 3.76864000e-09  1.64482040e+00  1.95517960e+00  2.84511158e+00  2.58010495e+00 
 3.76914000e-09  1.64487852e+00  1.95512148e+00  2.84513722e+00  2.58014591e+00 
 3.76964000e-09  1.64493818e+00  1.95506182e+00  2.84516290e+00  2.58018693e+00 
 3.77014000e-09  1.64499936e+00  1.95500064e+00  2.84518863e+00  2.58022804e+00 
 3.77064000e-09  1.64506208e+00  1.95493792e+00  2.84521440e+00  2.58026921e+00 
 3.77114000e-09  1.64512633e+00  1.95487367e+00  2.84524021e+00  2.58031046e+00 
 3.77164000e-09  1.64519210e+00  1.95480790e+00  2.84526607e+00  2.58035178e+00 
 3.77214000e-09  1.64525940e+00  1.95474060e+00  2.84529196e+00  2.58039318e+00 
 3.77264000e-09  1.64532823e+00  1.95467177e+00  2.84531790e+00  2.58043465e+00 
 3.77314000e-09  1.64539858e+00  1.95460142e+00  2.84534388e+00  2.58047618e+00 
 3.77364000e-09  1.64547047e+00  1.95452953e+00  2.84536990e+00  2.58051779e+00 
 3.77414000e-09  1.64554387e+00  1.95445613e+00  2.84539596e+00  2.58055947e+00 
 3.77464000e-09  1.64561880e+00  1.95438120e+00  2.84542206e+00  2.58060122e+00 
 3.77514000e-09  1.64569526e+00  1.95430474e+00  2.84544820e+00  2.58064304e+00 
 3.77564000e-09  1.64577323e+00  1.95422677e+00  2.84547438e+00  2.58068492e+00 
 3.77614000e-09  1.64585273e+00  1.95414727e+00  2.84550059e+00  2.58072688e+00 
 3.77664000e-09  1.64593376e+00  1.95406624e+00  2.84552685e+00  2.58076890e+00 
 3.77714000e-09  1.64601630e+00  1.95398370e+00  2.84555314e+00  2.58081098e+00 
 3.77764000e-09  1.64610036e+00  1.95389964e+00  2.84557947e+00  2.58085314e+00 
 3.77814000e-09  1.64618594e+00  1.95381406e+00  2.84560583e+00  2.58089536e+00 
 3.77864000e-09  1.64627304e+00  1.95372696e+00  2.84563223e+00  2.58093764e+00 
 3.77914000e-09  1.64636165e+00  1.95363835e+00  2.84565867e+00  2.58097999e+00 
 3.77964000e-09  1.64645178e+00  1.95354822e+00  2.84568514e+00  2.58102240e+00 
 3.78014000e-09  1.64654343e+00  1.95345657e+00  2.84571165e+00  2.58106488e+00 
 3.78064000e-09  1.64663659e+00  1.95336341e+00  2.84573819e+00  2.58110742e+00 
 3.78114000e-09  1.64673127e+00  1.95326873e+00  2.84576477e+00  2.58115002e+00 
 3.78164000e-09  1.64682746e+00  1.95317254e+00  2.84579138e+00  2.58119269e+00 
 3.78214000e-09  1.64692516e+00  1.95307484e+00  2.84581802e+00  2.58123541e+00 
 3.78264000e-09  1.64702437e+00  1.95297563e+00  2.84584470e+00  2.58127820e+00 
 3.78314000e-09  1.64712509e+00  1.95287491e+00  2.84587141e+00  2.58132104e+00 
 3.78364000e-09  1.64722732e+00  1.95277268e+00  2.84589815e+00  2.58136395e+00 
 3.78414000e-09  1.64733105e+00  1.95266895e+00  2.84592492e+00  2.58140692e+00 
 3.78464000e-09  1.64743630e+00  1.95256370e+00  2.84595173e+00  2.58144994e+00 
 3.78514000e-09  1.64754305e+00  1.95245695e+00  2.84597856e+00  2.58149302e+00 
 3.78564000e-09  1.64765130e+00  1.95234870e+00  2.84600542e+00  2.58153616e+00 
 3.78614000e-09  1.64776106e+00  1.95223894e+00  2.84603232e+00  2.58157936e+00 
 3.78664000e-09  1.64787232e+00  1.95212768e+00  2.84605924e+00  2.58162262e+00 
 3.78714000e-09  1.64798508e+00  1.95201492e+00  2.84608619e+00  2.58166593e+00 
 3.78764000e-09  1.64809934e+00  1.95190066e+00  2.84611317e+00  2.58170930e+00 
 3.78814000e-09  1.64821511e+00  1.95178489e+00  2.84614018e+00  2.58175272e+00 
 3.78864000e-09  1.64833237e+00  1.95166763e+00  2.84616722e+00  2.58179620e+00 
 3.78914000e-09  1.64845112e+00  1.95154888e+00  2.84619428e+00  2.58183973e+00 
 3.78964000e-09  1.64857137e+00  1.95142863e+00  2.84622137e+00  2.58188332e+00 
 3.79014000e-09  1.64869312e+00  1.95130688e+00  2.84624848e+00  2.58192696e+00 
 3.79064000e-09  1.64881636e+00  1.95118364e+00  2.84627562e+00  2.58197065e+00 
 3.79114000e-09  1.64894109e+00  1.95105891e+00  2.84630279e+00  2.58201440e+00 
 3.79164000e-09  1.64906732e+00  1.95093268e+00  2.84632998e+00  2.58205820e+00 
 3.79214000e-09  1.64919503e+00  1.95080497e+00  2.84635720e+00  2.58210205e+00 
 3.79264000e-09  1.64932423e+00  1.95067577e+00  2.84638443e+00  2.58214595e+00 
 3.79314000e-09  1.64945492e+00  1.95054508e+00  2.84641170e+00  2.58218991e+00 
 3.79364000e-09  1.64958709e+00  1.95041291e+00  2.84643898e+00  2.58223391e+00 
 3.79414000e-09  1.64972075e+00  1.95027925e+00  2.84646629e+00  2.58227796e+00 
 3.79464000e-09  1.64985589e+00  1.95014411e+00  2.84649362e+00  2.58232207e+00 
 3.79514000e-09  1.64999252e+00  1.95000748e+00  2.84652097e+00  2.58236622e+00 
 3.79564000e-09  1.65013062e+00  1.94986938e+00  2.84654834e+00  2.58241042e+00 
 3.79614000e-09  1.65027020e+00  1.94972980e+00  2.84657574e+00  2.58245467e+00 
 3.79664000e-09  1.65041126e+00  1.94958874e+00  2.84660315e+00  2.58249897e+00 
 3.79714000e-09  1.65055380e+00  1.94944620e+00  2.84663058e+00  2.58254331e+00 
 3.79764000e-09  1.65069781e+00  1.94930219e+00  2.84665803e+00  2.58258771e+00 
 3.79814000e-09  1.65084330e+00  1.94915670e+00  2.84668550e+00  2.58263215e+00 
 3.79864000e-09  1.65099026e+00  1.94900974e+00  2.84671299e+00  2.58267663e+00 
 3.79914000e-09  1.65113869e+00  1.94886131e+00  2.84674049e+00  2.58272116e+00 
 3.79964000e-09  1.65128858e+00  1.94871142e+00  2.84676802e+00  2.58276574e+00 
 3.80014000e-09  1.65143995e+00  1.94856005e+00  2.84679556e+00  2.58281037e+00 
 3.80064000e-09  1.65159278e+00  1.94840722e+00  2.84682311e+00  2.58285503e+00 
 3.80114000e-09  1.65174708e+00  1.94825292e+00  2.84685068e+00  2.58289975e+00 
 3.80164000e-09  1.65190284e+00  1.94809716e+00  2.84687827e+00  2.58294450e+00 
 3.80214000e-09  1.65206006e+00  1.94793994e+00  2.84690587e+00  2.58298930e+00 
 3.80264000e-09  1.65221874e+00  1.94778126e+00  2.84693348e+00  2.58303415e+00 
 3.80314000e-09  1.65237888e+00  1.94762112e+00  2.84696111e+00  2.58307904e+00 
 3.80364000e-09  1.65254048e+00  1.94745952e+00  2.84698875e+00  2.58312397e+00 
 3.80414000e-09  1.65270353e+00  1.94729647e+00  2.84701640e+00  2.58316894e+00 
 3.80464000e-09  1.65286804e+00  1.94713196e+00  2.84704407e+00  2.58321396e+00 
 3.80514000e-09  1.65303399e+00  1.94696601e+00  2.84707174e+00  2.58325902e+00 
 3.80564000e-09  1.65320140e+00  1.94679860e+00  2.84709943e+00  2.58330411e+00 
 3.80614000e-09  1.65337026e+00  1.94662974e+00  2.84712713e+00  2.58334926e+00 
 3.80664000e-09  1.65354057e+00  1.94645943e+00  2.84715483e+00  2.58339444e+00 
 3.80714000e-09  1.65371232e+00  1.94628768e+00  2.84718255e+00  2.58343966e+00 
 3.80764000e-09  1.65388551e+00  1.94611449e+00  2.84721027e+00  2.58348492e+00 
 3.80814000e-09  1.65406015e+00  1.94593985e+00  2.84723800e+00  2.58353023e+00 
 3.80864000e-09  1.65423622e+00  1.94576378e+00  2.84726574e+00  2.58357557e+00 
 3.80914000e-09  1.65441374e+00  1.94558626e+00  2.84729349e+00  2.58362095e+00 
 3.80964000e-09  1.65459269e+00  1.94540731e+00  2.84732124e+00  2.58366638e+00 
 3.81014000e-09  1.65477308e+00  1.94522692e+00  2.84734900e+00  2.58371184e+00 
 3.81064000e-09  1.65495490e+00  1.94504510e+00  2.84737676e+00  2.58375734e+00 
 3.81114000e-09  1.65513815e+00  1.94486185e+00  2.84740452e+00  2.58380288e+00 
 3.81164000e-09  1.65532283e+00  1.94467717e+00  2.84743229e+00  2.58384846e+00 
 3.81214000e-09  1.65550894e+00  1.94449106e+00  2.84746007e+00  2.58389407e+00 
 3.81264000e-09  1.65569648e+00  1.94430352e+00  2.84748784e+00  2.58393973e+00 
 3.81314000e-09  1.65588544e+00  1.94411456e+00  2.84751562e+00  2.58398542e+00 
 3.81364000e-09  1.65607582e+00  1.94392418e+00  2.84754339e+00  2.58403115e+00 
 3.81414000e-09  1.65626762e+00  1.94373238e+00  2.84757117e+00  2.58407692e+00 
 3.81464000e-09  1.65646084e+00  1.94353916e+00  2.84759895e+00  2.58412273e+00 
 3.81514000e-09  1.65665548e+00  1.94334452e+00  2.84762672e+00  2.58416857e+00 
 3.81564000e-09  1.65685153e+00  1.94314847e+00  2.84765450e+00  2.58421445e+00 
 3.81614000e-09  1.65704900e+00  1.94295100e+00  2.84768227e+00  2.58426037e+00 
 3.81664000e-09  1.65724788e+00  1.94275212e+00  2.84771004e+00  2.58430632e+00 
 3.81714000e-09  1.65744816e+00  1.94255184e+00  2.84773780e+00  2.58435231e+00 
 3.81764000e-09  1.65764985e+00  1.94235015e+00  2.84776556e+00  2.58439834e+00 
 3.81814000e-09  1.65785295e+00  1.94214705e+00  2.84779332e+00  2.58444441e+00 
 3.81864000e-09  1.65805745e+00  1.94194255e+00  2.84782106e+00  2.58449051e+00 
 3.81914000e-09  1.65826335e+00  1.94173665e+00  2.84784880e+00  2.58453664e+00 
 3.81964000e-09  1.65847065e+00  1.94152935e+00  2.84787654e+00  2.58458282e+00 
 3.82014000e-09  1.65867935e+00  1.94132065e+00  2.84790426e+00  2.58462903e+00 
 3.82064000e-09  1.65888944e+00  1.94111056e+00  2.84793198e+00  2.58467528e+00 
 3.82114000e-09  1.65910092e+00  1.94089908e+00  2.84795968e+00  2.58472156e+00 
 3.82164000e-09  1.65931380e+00  1.94068620e+00  2.84798737e+00  2.58476788e+00 
 3.82214000e-09  1.65952806e+00  1.94047194e+00  2.84801505e+00  2.58481424e+00 
 3.82264000e-09  1.65974371e+00  1.94025629e+00  2.84804272e+00  2.58486063e+00 
 3.82314000e-09  1.65996075e+00  1.94003925e+00  2.84807038e+00  2.58490706e+00 
 3.82364000e-09  1.66017916e+00  1.93982084e+00  2.84809802e+00  2.58495353e+00 
 3.82414000e-09  1.66039896e+00  1.93960104e+00  2.84812564e+00  2.58500003e+00 
 3.82464000e-09  1.66062013e+00  1.93937987e+00  2.84815325e+00  2.58504657e+00 
 3.82514000e-09  1.66084268e+00  1.93915732e+00  2.84818084e+00  2.58509314e+00 
 3.82564000e-09  1.66106661e+00  1.93893339e+00  2.84820841e+00  2.58513976e+00 
 3.82614000e-09  1.66129190e+00  1.93870810e+00  2.84823596e+00  2.58518641e+00 
 3.82664000e-09  1.66151856e+00  1.93848144e+00  2.84826349e+00  2.58523310e+00 
 3.82714000e-09  1.66174659e+00  1.93825341e+00  2.84829100e+00  2.58527982e+00 
 3.82764000e-09  1.66197599e+00  1.93802401e+00  2.84831849e+00  2.58532659e+00 
 3.82814000e-09  1.66220674e+00  1.93779326e+00  2.84834595e+00  2.58537339e+00 
 3.82864000e-09  1.66243886e+00  1.93756114e+00  2.84837339e+00  2.58542023e+00 
 3.82914000e-09  1.66267234e+00  1.93732766e+00  2.84840080e+00  2.58546711e+00 
 3.82964000e-09  1.66290717e+00  1.93709283e+00  2.84842818e+00  2.58551402e+00 
 3.83014000e-09  1.66314335e+00  1.93685665e+00  2.84845554e+00  2.58556098e+00 
 3.83064000e-09  1.66338088e+00  1.93661912e+00  2.84848287e+00  2.58560797e+00 
 3.83114000e-09  1.66361976e+00  1.93638024e+00  2.84851016e+00  2.58565501e+00 
 3.83164000e-09  1.66385999e+00  1.93614001e+00  2.84853743e+00  2.58570208e+00 
 3.83214000e-09  1.66410156e+00  1.93589844e+00  2.84856466e+00  2.58574920e+00 
 3.83264000e-09  1.66434448e+00  1.93565552e+00  2.84859185e+00  2.58579636e+00 
 3.83314000e-09  1.66458873e+00  1.93541127e+00  2.84861901e+00  2.58584356e+00 
 3.83364000e-09  1.66483432e+00  1.93516568e+00  2.84864614e+00  2.58589080e+00 
 3.83414000e-09  1.66508124e+00  1.93491876e+00  2.84867322e+00  2.58593808e+00 
 3.83464000e-09  1.66532949e+00  1.93467051e+00  2.84870026e+00  2.58598540e+00 
 3.83514000e-09  1.66557908e+00  1.93442092e+00  2.84872726e+00  2.58603277e+00 
 3.83564000e-09  1.66582998e+00  1.93417002e+00  2.84875422e+00  2.58608019e+00 
 3.83614000e-09  1.66608222e+00  1.93391778e+00  2.84878114e+00  2.58612765e+00 
 3.83664000e-09  1.66633577e+00  1.93366423e+00  2.84880801e+00  2.58617515e+00 
 3.83714000e-09  1.66659065e+00  1.93340935e+00  2.84883483e+00  2.58622270e+00 
 3.83764000e-09  1.66684684e+00  1.93315316e+00  2.84886160e+00  2.58627030e+00 
 3.83814000e-09  1.66710435e+00  1.93289565e+00  2.84888831e+00  2.58631794e+00 
 3.83864000e-09  1.66736316e+00  1.93263684e+00  2.84891498e+00  2.58636563e+00 
 3.83914000e-09  1.66762329e+00  1.93237671e+00  2.84894159e+00  2.58641338e+00 
 3.83964000e-09  1.66788472e+00  1.93211528e+00  2.84896815e+00  2.58646117e+00 
 3.84014000e-09  1.66814746e+00  1.93185254e+00  2.84899464e+00  2.58650901e+00 
 3.84064000e-09  1.66841150e+00  1.93158850e+00  2.84902108e+00  2.58655691e+00 
 3.84114000e-09  1.66867683e+00  1.93132317e+00  2.84904745e+00  2.58660486e+00 
 3.84164000e-09  1.66894347e+00  1.93105653e+00  2.84907376e+00  2.58665286e+00 
 3.84214000e-09  1.66921139e+00  1.93078861e+00  2.84910001e+00  2.58670092e+00 
 3.84264000e-09  1.66948061e+00  1.93051939e+00  2.84912618e+00  2.58674903e+00 
 3.84314000e-09  1.66975112e+00  1.93024888e+00  2.84915229e+00  2.58679720e+00 
 3.84364000e-09  1.67002291e+00  1.92997709e+00  2.84917832e+00  2.58684543e+00 
 3.84414000e-09  1.67029598e+00  1.92970402e+00  2.84920427e+00  2.58689372e+00 
 3.84464000e-09  1.67057033e+00  1.92942967e+00  2.84923015e+00  2.58694208e+00 
 3.84514000e-09  1.67084597e+00  1.92915403e+00  2.84925595e+00  2.58699049e+00 
 3.84564000e-09  1.67112287e+00  1.92887713e+00  2.84928167e+00  2.58703897e+00 
 3.84614000e-09  1.67140105e+00  1.92859895e+00  2.84930730e+00  2.58708751e+00 
 3.84664000e-09  1.67168050e+00  1.92831950e+00  2.84933284e+00  2.58713613e+00 
 3.84714000e-09  1.67196121e+00  1.92803879e+00  2.84935829e+00  2.58718481e+00 
 3.84764000e-09  1.67224319e+00  1.92775681e+00  2.84938366e+00  2.58723356e+00 
 3.84814000e-09  1.67252643e+00  1.92747357e+00  2.84940892e+00  2.58728238e+00 
 3.84864000e-09  1.67281092e+00  1.92718908e+00  2.84943409e+00  2.58733128e+00 
 3.84914000e-09  1.67309667e+00  1.92690333e+00  2.84945915e+00  2.58738026e+00 
 3.84964000e-09  1.67338368e+00  1.92661632e+00  2.84948411e+00  2.58742931e+00 
 3.85014000e-09  1.67367193e+00  1.92632807e+00  2.84950896e+00  2.58747844e+00 
 3.85064000e-09  1.67396143e+00  1.92603857e+00  2.84953370e+00  2.58752766e+00 
 3.85114000e-09  1.67425218e+00  1.92574782e+00  2.84955833e+00  2.58757695e+00 
 3.85164000e-09  1.67454416e+00  1.92545584e+00  2.84958284e+00  2.58762634e+00 
 3.85214000e-09  1.67483739e+00  1.92516261e+00  2.84960723e+00  2.58767581e+00 
 3.85264000e-09  1.67513185e+00  1.92486815e+00  2.84963149e+00  2.58772538e+00 
 3.85314000e-09  1.67542754e+00  1.92457246e+00  2.84965562e+00  2.58777504e+00 
 3.85364000e-09  1.67572446e+00  1.92427554e+00  2.84967962e+00  2.58782480e+00 
 3.85414000e-09  1.67602260e+00  1.92397740e+00  2.84970349e+00  2.58787465e+00 
 3.85464000e-09  1.67632198e+00  1.92367802e+00  2.84972721e+00  2.58792461e+00 
 3.85514000e-09  1.67662257e+00  1.92337743e+00  2.84975079e+00  2.58797467e+00 
 3.85564000e-09  1.67692438e+00  1.92307562e+00  2.84977422e+00  2.58802484e+00 
 3.85614000e-09  1.67722740e+00  1.92277260e+00  2.84979749e+00  2.58807512e+00 
 3.85664000e-09  1.67753164e+00  1.92246836e+00  2.84982061e+00  2.58812552e+00 
 3.85714000e-09  1.67783708e+00  1.92216292e+00  2.84984357e+00  2.58817603e+00 
 3.85764000e-09  1.67814373e+00  1.92185627e+00  2.84986636e+00  2.58822667e+00 
 3.85814000e-09  1.67845159e+00  1.92154841e+00  2.84988897e+00  2.58827742e+00 
 3.85864000e-09  1.67876064e+00  1.92123936e+00  2.84991141e+00  2.58832831e+00 
 3.85914000e-09  1.67907089e+00  1.92092911e+00  2.84993367e+00  2.58837933e+00 
 3.85964000e-09  1.67938233e+00  1.92061767e+00  2.84995574e+00  2.58843049e+00 
 3.86014000e-09  1.67969496e+00  1.92030504e+00  2.84997761e+00  2.58848178e+00 
 3.86064000e-09  1.68000878e+00  1.91999122e+00  2.84999928e+00  2.58853322e+00 
 3.86114000e-09  1.68032379e+00  1.91967621e+00  2.85002075e+00  2.58858481e+00 
 3.86164000e-09  1.68063997e+00  1.91936003e+00  2.85004201e+00  2.58863655e+00 
 3.86214000e-09  1.68095734e+00  1.91904266e+00  2.85006305e+00  2.58868845e+00 
 3.86264000e-09  1.68127588e+00  1.91872412e+00  2.85008387e+00  2.58874052e+00 
 3.86314000e-09  1.68159559e+00  1.91840441e+00  2.85010445e+00  2.58879275e+00 
 3.86364000e-09  1.68191647e+00  1.91808353e+00  2.85012480e+00  2.58884515e+00 
 3.86414000e-09  1.68223851e+00  1.91776149e+00  2.85014490e+00  2.58889773e+00 
 3.86464000e-09  1.68256172e+00  1.91743828e+00  2.85016475e+00  2.58895050e+00 
 3.86514000e-09  1.68288608e+00  1.91711392e+00  2.85018434e+00  2.58900345e+00 
 3.86564000e-09  1.68321161e+00  1.91678839e+00  2.85020366e+00  2.58905660e+00 
 3.86614000e-09  1.68353828e+00  1.91646172e+00  2.85022271e+00  2.58910996e+00 
 3.86664000e-09  1.68386610e+00  1.91613390e+00  2.85024148e+00  2.58916352e+00 
 3.86714000e-09  1.68419508e+00  1.91580492e+00  2.85025995e+00  2.58921729e+00 
 3.86764000e-09  1.68452519e+00  1.91547481e+00  2.85027812e+00  2.58927129e+00 
 3.86814000e-09  1.68485644e+00  1.91514356e+00  2.85029599e+00  2.58932551e+00 
 3.86864000e-09  1.68518883e+00  1.91481117e+00  2.85031353e+00  2.58937997e+00 
 3.86914000e-09  1.68552235e+00  1.91447765e+00  2.85033075e+00  2.58943468e+00 
 3.86964000e-09  1.68585700e+00  1.91414300e+00  2.85034762e+00  2.58948963e+00 
 3.87014000e-09  1.68619278e+00  1.91380722e+00  2.85036415e+00  2.58954484e+00 
 3.87064000e-09  1.68652969e+00  1.91347031e+00  2.85038033e+00  2.58960032e+00 
 3.87114000e-09  1.68686771e+00  1.91313229e+00  2.85039613e+00  2.58965607e+00 
 3.87164000e-09  1.68720685e+00  1.91279315e+00  2.85041155e+00  2.58971211e+00 
 3.87214000e-09  1.68754710e+00  1.91245290e+00  2.85042658e+00  2.58976844e+00 
 3.87264000e-09  1.68788846e+00  1.91211154e+00  2.85044121e+00  2.58982508e+00 
 3.87314000e-09  1.68823093e+00  1.91176907e+00  2.85045542e+00  2.58988202e+00 
 3.87364000e-09  1.68857450e+00  1.91142550e+00  2.85046920e+00  2.58993929e+00 
 3.87414000e-09  1.68891917e+00  1.91108083e+00  2.85048254e+00  2.58999689e+00 
 3.87464000e-09  1.68926494e+00  1.91073506e+00  2.85049543e+00  2.59005483e+00 
 3.87514000e-09  1.68961180e+00  1.91038820e+00  2.85050785e+00  2.59011312e+00 
 3.87564000e-09  1.68995975e+00  1.91004025e+00  2.85051979e+00  2.59017179e+00 
 3.87614000e-09  1.69030878e+00  1.90969122e+00  2.85053123e+00  2.59023082e+00 
 3.87664000e-09  1.69065890e+00  1.90934110e+00  2.85054216e+00  2.59029025e+00 
 3.87714000e-09  1.69101010e+00  1.90898990e+00  2.85055256e+00  2.59035008e+00 
 3.87764000e-09  1.69136237e+00  1.90863763e+00  2.85056242e+00  2.59041032e+00 
 3.87814000e-09  1.69171572e+00  1.90828428e+00  2.85057172e+00  2.59047099e+00 
 3.87864000e-09  1.69207013e+00  1.90792987e+00  2.85058045e+00  2.59053210e+00 
 3.87914000e-09  1.69242561e+00  1.90757439e+00  2.85058858e+00  2.59059367e+00 
 3.87964000e-09  1.69278215e+00  1.90721785e+00  2.85059610e+00  2.59065570e+00 
 3.88014000e-09  1.69313975e+00  1.90686025e+00  2.85060299e+00  2.59071822e+00 
 3.88064000e-09  1.69349840e+00  1.90650160e+00  2.85060923e+00  2.59078125e+00 
 3.88114000e-09  1.69385811e+00  1.90614189e+00  2.85061480e+00  2.59084478e+00 
 3.88164000e-09  1.69421886e+00  1.90578114e+00  2.85061968e+00  2.59090885e+00 
 3.88214000e-09  1.69458066e+00  1.90541934e+00  2.85062386e+00  2.59097348e+00 
 3.88264000e-09  1.69494349e+00  1.90505651e+00  2.85062730e+00  2.59103867e+00 
 3.88314000e-09  1.69530737e+00  1.90469263e+00  2.85062999e+00  2.59110444e+00 
 3.88364000e-09  1.69567227e+00  1.90432773e+00  2.85063190e+00  2.59117082e+00 
 3.88414000e-09  1.69603821e+00  1.90396179e+00  2.85063302e+00  2.59123782e+00 
 3.88464000e-09  1.69640517e+00  1.90359483e+00  2.85063331e+00  2.59130547e+00 
 3.88514000e-09  1.69677316e+00  1.90322684e+00  2.85063275e+00  2.59137378e+00 
 3.88564000e-09  1.69714216e+00  1.90285784e+00  2.85063132e+00  2.59144278e+00 
 3.88614000e-09  1.69751218e+00  1.90248782e+00  2.85062899e+00  2.59151248e+00 
 3.88664000e-09  1.69788321e+00  1.90211679e+00  2.85062573e+00  2.59158292e+00 
 3.88714000e-09  1.69825525e+00  1.90174475e+00  2.85062151e+00  2.59165410e+00 
 3.88764000e-09  1.69862830e+00  1.90137170e+00  2.85061632e+00  2.59172607e+00 
 3.88814000e-09  1.69900234e+00  1.90099766e+00  2.85061011e+00  2.59179883e+00 
 3.88864000e-09  1.69937738e+00  1.90062262e+00  2.85060285e+00  2.59187242e+00 
 3.88914000e-09  1.69975341e+00  1.90024659e+00  2.85059452e+00  2.59194687e+00 
 3.88964000e-09  1.70013043e+00  1.89986957e+00  2.85058508e+00  2.59202219e+00 
 3.89014000e-09  1.70050844e+00  1.89949156e+00  2.85057450e+00  2.59209842e+00 
 3.89064000e-09  1.70088743e+00  1.89911257e+00  2.85056275e+00  2.59217558e+00 
 3.89114000e-09  1.70126740e+00  1.89873260e+00  2.85054979e+00  2.59225371e+00 
 3.89164000e-09  1.70164834e+00  1.89835166e+00  2.85053558e+00  2.59233284e+00 
 3.89214000e-09  1.70203026e+00  1.89796974e+00  2.85052009e+00  2.59241299e+00 
 3.89264000e-09  1.70241314e+00  1.89758686e+00  2.85050328e+00  2.59249420e+00 
 3.89314000e-09  1.70279698e+00  1.89720302e+00  2.85048511e+00  2.59257650e+00 
 3.89364000e-09  1.70318179e+00  1.89681821e+00  2.85046554e+00  2.59265992e+00 
 3.89414000e-09  1.70356754e+00  1.89643246e+00  2.85044453e+00  2.59274450e+00 
 3.89464000e-09  1.70395425e+00  1.89604575e+00  2.85042203e+00  2.59283028e+00 
 3.89514000e-09  1.70434191e+00  1.89565809e+00  2.85039801e+00  2.59291729e+00 
 3.89564000e-09  1.70473051e+00  1.89526949e+00  2.85037241e+00  2.59300557e+00 
 3.89614000e-09  1.70512006e+00  1.89487994e+00  2.85034520e+00  2.59309516e+00 
 3.89664000e-09  1.70551054e+00  1.89448946e+00  2.85031632e+00  2.59318609e+00 
 3.89714000e-09  1.70590195e+00  1.89409805e+00  2.85028573e+00  2.59327841e+00 
 3.89764000e-09  1.70629429e+00  1.89370571e+00  2.85025338e+00  2.59337216e+00 
 3.89814000e-09  1.70668755e+00  1.89331245e+00  2.85021921e+00  2.59346739e+00 
 3.89864000e-09  1.70708174e+00  1.89291826e+00  2.85018318e+00  2.59356413e+00 
 3.89914000e-09  1.70747684e+00  1.89252316e+00  2.85014523e+00  2.59366244e+00 
 3.89964000e-09  1.70787286e+00  1.89212714e+00  2.85010530e+00  2.59376236e+00 
 3.90014000e-09  1.70826978e+00  1.89173022e+00  2.85006335e+00  2.59386393e+00 
 3.90064000e-09  1.70866762e+00  1.89133238e+00  2.85001931e+00  2.59396721e+00 
 3.90114000e-09  1.70906635e+00  1.89093365e+00  2.84997312e+00  2.59407225e+00 
 3.90164000e-09  1.70946598e+00  1.89053402e+00  2.84992473e+00  2.59417909e+00 
 3.90214000e-09  1.70986650e+00  1.89013350e+00  2.84987407e+00  2.59428779e+00 
 3.90264000e-09  1.71026791e+00  1.88973209e+00  2.84982108e+00  2.59439841e+00 
 3.90314000e-09  1.71067021e+00  1.88932979e+00  2.84976570e+00  2.59451100e+00 
 3.90364000e-09  1.71107339e+00  1.88892661e+00  2.84970785e+00  2.59462561e+00 
 3.90414000e-09  1.71147745e+00  1.88852255e+00  2.84964748e+00  2.59474230e+00 
 3.90464000e-09  1.71188238e+00  1.88811762e+00  2.84958452e+00  2.59486114e+00 
 3.90514000e-09  1.71228818e+00  1.88771182e+00  2.84951888e+00  2.59498218e+00 
 3.90564000e-09  1.71269485e+00  1.88730515e+00  2.84945051e+00  2.59510548e+00 
 3.90614000e-09  1.71310238e+00  1.88689762e+00  2.84937933e+00  2.59523111e+00 
 3.90664000e-09  1.71351077e+00  1.88648923e+00  2.84930527e+00  2.59535913e+00 
 3.90714000e-09  1.71392001e+00  1.88607999e+00  2.84922825e+00  2.59548960e+00 
 3.90764000e-09  1.71433010e+00  1.88566990e+00  2.84914819e+00  2.59562260e+00 
 3.90814000e-09  1.71474103e+00  1.88525897e+00  2.84906502e+00  2.59575819e+00 
 3.90864000e-09  1.71515281e+00  1.88484719e+00  2.84897865e+00  2.59589644e+00 
 3.90914000e-09  1.71556542e+00  1.88443458e+00  2.84888900e+00  2.59603741e+00 
 3.90964000e-09  1.71597887e+00  1.88402113e+00  2.84879600e+00  2.59618120e+00 
 3.91014000e-09  1.71639314e+00  1.88360686e+00  2.84869955e+00  2.59632785e+00 
 3.91064000e-09  1.71680825e+00  1.88319175e+00  2.84859958e+00  2.59647746e+00 
 3.91114000e-09  1.71722417e+00  1.88277583e+00  2.84849599e+00  2.59663009e+00 
 3.91164000e-09  1.71764091e+00  1.88235909e+00  2.84838871e+00  2.59678583e+00 
 3.91214000e-09  1.71805846e+00  1.88194154e+00  2.84827763e+00  2.59694474e+00 
 3.91264000e-09  1.71847682e+00  1.88152318e+00  2.84816267e+00  2.59710692e+00 
 3.91314000e-09  1.71889599e+00  1.88110401e+00  2.84804374e+00  2.59727243e+00 
 3.91364000e-09  1.71931595e+00  1.88068405e+00  2.84792074e+00  2.59744137e+00 
 3.91414000e-09  1.71973672e+00  1.88026328e+00  2.84779359e+00  2.59761381e+00 
 3.91464000e-09  1.72015827e+00  1.87984173e+00  2.84766219e+00  2.59778983e+00 
 3.91514000e-09  1.72058061e+00  1.87941939e+00  2.84752645e+00  2.59796953e+00 
 3.91564000e-09  1.72100374e+00  1.87899626e+00  2.84738626e+00  2.59815299e+00 
 3.91614000e-09  1.72142765e+00  1.87857235e+00  2.84724153e+00  2.59834028e+00 
 3.91664000e-09  1.72185233e+00  1.87814767e+00  2.84709217e+00  2.59853151e+00 
 3.91714000e-09  1.72227778e+00  1.87772222e+00  2.84693807e+00  2.59872676e+00 
 3.91764000e-09  1.72270400e+00  1.87729600e+00  2.84677914e+00  2.59892611e+00 
 3.91814000e-09  1.72313098e+00  1.87686902e+00  2.84661528e+00  2.59912965e+00 
 3.91864000e-09  1.72355873e+00  1.87644127e+00  2.84644638e+00  2.59933748e+00 
 3.91914000e-09  1.72398722e+00  1.87601278e+00  2.84627236e+00  2.59954969e+00 
 3.91964000e-09  1.72441647e+00  1.87558353e+00  2.84609310e+00  2.59976636e+00 
 3.92014000e-09  1.72484646e+00  1.87515354e+00  2.84590851e+00  2.59998759e+00 
 3.92064000e-09  1.72527720e+00  1.87472280e+00  2.84571849e+00  2.60021346e+00 
 3.92114000e-09  1.72570867e+00  1.87429133e+00  2.84552293e+00  2.60044407e+00 
 3.92164000e-09  1.72614087e+00  1.87385913e+00  2.84532175e+00  2.60067952e+00 
 3.92214000e-09  1.72657381e+00  1.87342619e+00  2.84511482e+00  2.60091989e+00 
 3.92264000e-09  1.72700746e+00  1.87299254e+00  2.84490207e+00  2.60116527e+00 
 3.92314000e-09  1.72744184e+00  1.87255816e+00  2.84468338e+00  2.60141576e+00 
 3.92364000e-09  1.72787694e+00  1.87212306e+00  2.84445867e+00  2.60167144e+00 
 3.92414000e-09  1.72831274e+00  1.87168726e+00  2.84422782e+00  2.60193241e+00 
 3.92464000e-09  1.72874926e+00  1.87125074e+00  2.84399075e+00  2.60219876e+00 
 3.92514000e-09  1.72918648e+00  1.87081352e+00  2.84374735e+00  2.60247058e+00 
 3.92564000e-09  1.72962439e+00  1.87037561e+00  2.84349754e+00  2.60274795e+00 
 3.92614000e-09  1.73006300e+00  1.86993700e+00  2.84324122e+00  2.60303097e+00 
 3.92664000e-09  1.73050230e+00  1.86949770e+00  2.84297829e+00  2.60331972e+00 
 3.92714000e-09  1.73094229e+00  1.86905771e+00  2.84270866e+00  2.60361430e+00 
 3.92764000e-09  1.73138296e+00  1.86861704e+00  2.84243224e+00  2.60391478e+00 
 3.92814000e-09  1.73182431e+00  1.86817569e+00  2.84214895e+00  2.60422125e+00 
 3.92864000e-09  1.73226633e+00  1.86773367e+00  2.84185870e+00  2.60453379e+00 
 3.92914000e-09  1.73270901e+00  1.86729099e+00  2.84156140e+00  2.60485249e+00 
 3.92964000e-09  1.73315236e+00  1.86684764e+00  2.84125697e+00  2.60517743e+00 
 3.93014000e-09  1.73359638e+00  1.86640362e+00  2.84094532e+00  2.60550868e+00 
 3.93064000e-09  1.73404104e+00  1.86595896e+00  2.84062638e+00  2.60584633e+00 
 3.93114000e-09  1.73448636e+00  1.86551364e+00  2.84030008e+00  2.60619045e+00 
 3.93164000e-09  1.73493232e+00  1.86506768e+00  2.83996632e+00  2.60654111e+00 
 3.93214000e-09  1.73537893e+00  1.86462107e+00  2.83962505e+00  2.60689838e+00 
 3.93264000e-09  1.73582617e+00  1.86417383e+00  2.83927620e+00  2.60726234e+00 
 3.93314000e-09  1.73627405e+00  1.86372595e+00  2.83891969e+00  2.60763306e+00 
 3.93364000e-09  1.73672256e+00  1.86327744e+00  2.83855546e+00  2.60801059e+00 
 3.93414000e-09  1.73717169e+00  1.86282831e+00  2.83818345e+00  2.60839501e+00 
 3.93464000e-09  1.73762144e+00  1.86237856e+00  2.83780360e+00  2.60878637e+00 
 3.93514000e-09  1.73807181e+00  1.86192819e+00  2.83741585e+00  2.60918473e+00 
 3.93564000e-09  1.73852278e+00  1.86147722e+00  2.83702015e+00  2.60959015e+00 
 3.93614000e-09  1.73897437e+00  1.86102563e+00  2.83661646e+00  2.61000269e+00 
 3.93664000e-09  1.73942656e+00  1.86057344e+00  2.83620471e+00  2.61042239e+00 
 3.93714000e-09  1.73987934e+00  1.86012066e+00  2.83578487e+00  2.61084931e+00 
 3.93764000e-09  1.74033272e+00  1.85966728e+00  2.83535690e+00  2.61128348e+00 
 3.93814000e-09  1.74078669e+00  1.85921331e+00  2.83492075e+00  2.61172496e+00 
 3.93864000e-09  1.74124124e+00  1.85875876e+00  2.83447640e+00  2.61217378e+00 
 3.93914000e-09  1.74169637e+00  1.85830363e+00  2.83402381e+00  2.61262999e+00 
 3.93964000e-09  1.74215208e+00  1.85784792e+00  2.83356296e+00  2.61309361e+00 
 3.94014000e-09  1.74260835e+00  1.85739165e+00  2.83309381e+00  2.61356468e+00 
 3.94064000e-09  1.74306520e+00  1.85693480e+00  2.83261635e+00  2.61404323e+00 
 3.94114000e-09  1.74352260e+00  1.85647740e+00  2.83213056e+00  2.61452928e+00 
 3.94164000e-09  1.74398057e+00  1.85601943e+00  2.83163642e+00  2.61502286e+00 
 3.94214000e-09  1.74443908e+00  1.85556092e+00  2.83113393e+00  2.61552399e+00 
 3.94264000e-09  1.74489815e+00  1.85510185e+00  2.83062307e+00  2.61603269e+00 
 3.94314000e-09  1.74535776e+00  1.85464224e+00  2.83010383e+00  2.61654897e+00 
 3.94364000e-09  1.74581791e+00  1.85418209e+00  2.82957623e+00  2.61707285e+00 
 3.94414000e-09  1.74627859e+00  1.85372141e+00  2.82904025e+00  2.61760433e+00 
 3.94464000e-09  1.74673980e+00  1.85326020e+00  2.82849590e+00  2.61814342e+00 
 3.94514000e-09  1.74720154e+00  1.85279846e+00  2.82794320e+00  2.61869013e+00 
 3.94564000e-09  1.74766380e+00  1.85233620e+00  2.82738215e+00  2.61924445e+00 
 3.94614000e-09  1.74812658e+00  1.85187342e+00  2.82681276e+00  2.61980639e+00 
 3.94664000e-09  1.74858986e+00  1.85141014e+00  2.82623506e+00  2.62037594e+00 
 3.94714000e-09  1.74905366e+00  1.85094634e+00  2.82564907e+00  2.62095309e+00 
 3.94764000e-09  1.74951796e+00  1.85048204e+00  2.82505480e+00  2.62153783e+00 
 3.94814000e-09  1.74998275e+00  1.85001725e+00  2.82445229e+00  2.62213016e+00 
 3.94864000e-09  1.75044804e+00  1.84955196e+00  2.82384157e+00  2.62273005e+00 
 3.94914000e-09  1.75091382e+00  1.84908618e+00  2.82322266e+00  2.62333750e+00 
 3.94964000e-09  1.75138009e+00  1.84861991e+00  2.82259561e+00  2.62395248e+00 
 3.95014000e-09  1.75184683e+00  1.84815317e+00  2.82196044e+00  2.62457496e+00 
 3.95064000e-09  1.75231405e+00  1.84768595e+00  2.82131721e+00  2.62520493e+00 
 3.95114000e-09  1.75278174e+00  1.84721826e+00  2.82066595e+00  2.62584235e+00 
 3.95164000e-09  1.75324989e+00  1.84675011e+00  2.82000671e+00  2.62648720e+00 
 3.95214000e-09  1.75371851e+00  1.84628149e+00  2.81933953e+00  2.62713945e+00 
 3.95264000e-09  1.75418759e+00  1.84581241e+00  2.81866447e+00  2.62779905e+00 
 3.95314000e-09  1.75465711e+00  1.84534289e+00  2.81798157e+00  2.62846597e+00 
 3.95364000e-09  1.75512708e+00  1.84487292e+00  2.81729089e+00  2.62914018e+00 
 3.95414000e-09  1.75559750e+00  1.84440250e+00  2.81659248e+00  2.62982162e+00 
 3.95464000e-09  1.75606836e+00  1.84393164e+00  2.81588640e+00  2.63051026e+00 
 3.95514000e-09  1.75653964e+00  1.84346036e+00  2.81517270e+00  2.63120603e+00 
 3.95564000e-09  1.75701136e+00  1.84298864e+00  2.81445144e+00  2.63190890e+00 
 3.95614000e-09  1.75748350e+00  1.84251650e+00  2.81372268e+00  2.63261880e+00 
 3.95664000e-09  1.75795606e+00  1.84204394e+00  2.81298648e+00  2.63333568e+00 
 3.95714000e-09  1.75842904e+00  1.84157096e+00  2.81224288e+00  2.63405947e+00 
 3.95764000e-09  1.75890243e+00  1.84109757e+00  2.81149196e+00  2.63479012e+00 
 3.95814000e-09  1.75937622e+00  1.84062378e+00  2.81073377e+00  2.63552754e+00 
 3.95864000e-09  1.75985041e+00  1.84014959e+00  2.80996836e+00  2.63627168e+00 
 3.95914000e-09  1.76032500e+00  1.83967500e+00  2.80919580e+00  2.63702246e+00 
 3.95964000e-09  1.76079998e+00  1.83920002e+00  2.80841614e+00  2.63777980e+00 
 3.96014000e-09  1.76127535e+00  1.83872465e+00  2.80762943e+00  2.63854362e+00 
 3.96064000e-09  1.76175110e+00  1.83824890e+00  2.80683574e+00  2.63931384e+00 
 3.96114000e-09  1.76222722e+00  1.83777278e+00  2.80603511e+00  2.64009038e+00 
 3.96164000e-09  1.76270372e+00  1.83729628e+00  2.80522760e+00  2.64087315e+00 
 3.96214000e-09  1.76318059e+00  1.83681941e+00  2.80441327e+00  2.64166206e+00 
 3.96264000e-09  1.76365782e+00  1.83634218e+00  2.80359218e+00  2.64245703e+00 
 3.96314000e-09  1.76413541e+00  1.83586459e+00  2.80276437e+00  2.64325796e+00 
 3.96364000e-09  1.76461336e+00  1.83538664e+00  2.80192990e+00  2.64406477e+00 
 3.96414000e-09  1.76509165e+00  1.83490835e+00  2.80108883e+00  2.64487736e+00 
 3.96464000e-09  1.76557029e+00  1.83442971e+00  2.80024121e+00  2.64569564e+00 
 3.96514000e-09  1.76604927e+00  1.83395073e+00  2.79938710e+00  2.64651951e+00 
 3.96564000e-09  1.76652858e+00  1.83347142e+00  2.79852656e+00  2.64734890e+00 
 3.96614000e-09  1.76700822e+00  1.83299178e+00  2.79765965e+00  2.64818370e+00 
 3.96664000e-09  1.76748819e+00  1.83251181e+00  2.79678643e+00  2.64902383e+00 
 3.96714000e-09  1.76796848e+00  1.83203152e+00  2.79590697e+00  2.64986919e+00 
 3.96764000e-09  1.76844909e+00  1.83155091e+00  2.79502131e+00  2.65071970e+00 
 3.96814000e-09  1.76893000e+00  1.83107000e+00  2.79412954e+00  2.65157527e+00 
 3.96864000e-09  1.76941123e+00  1.83058877e+00  2.79323171e+00  2.65243580e+00 
 3.96914000e-09  1.76989275e+00  1.83010725e+00  2.79232789e+00  2.65330122e+00 
 3.96964000e-09  1.77037458e+00  1.82962542e+00  2.79141816e+00  2.65417143e+00 
 3.97014000e-09  1.77085669e+00  1.82914331e+00  2.79050257e+00  2.65504636e+00 
 3.97064000e-09  1.77133909e+00  1.82866091e+00  2.78958121e+00  2.65592591e+00 
 3.97114000e-09  1.77182178e+00  1.82817822e+00  2.78865415e+00  2.65681000e+00 
 3.97164000e-09  1.77230474e+00  1.82769526e+00  2.78772145e+00  2.65769855e+00 
 3.97214000e-09  1.77278798e+00  1.82721202e+00  2.78678319e+00  2.65859148e+00 
 3.97264000e-09  1.77327149e+00  1.82672851e+00  2.78583945e+00  2.65948870e+00 
 3.97314000e-09  1.77375526e+00  1.82624474e+00  2.78489030e+00  2.66039014e+00 
 3.97364000e-09  1.77423928e+00  1.82576072e+00  2.78393583e+00  2.66129571e+00 
 3.97414000e-09  1.77472357e+00  1.82527643e+00  2.78297610e+00  2.66220533e+00 
 3.97464000e-09  1.77520810e+00  1.82479190e+00  2.78201119e+00  2.66311893e+00 
 3.97514000e-09  1.77569288e+00  1.82430712e+00  2.78104120e+00  2.66403643e+00 
 3.97564000e-09  1.77617789e+00  1.82382211e+00  2.78006618e+00  2.66495775e+00 
 3.97614000e-09  1.77666315e+00  1.82333685e+00  2.77908624e+00  2.66588282e+00 
 3.97664000e-09  1.77714863e+00  1.82285137e+00  2.77810144e+00  2.66681156e+00 
 3.97714000e-09  1.77763434e+00  1.82236566e+00  2.77711187e+00  2.66774389e+00 
 3.97764000e-09  1.77812026e+00  1.82187974e+00  2.77611762e+00  2.66867975e+00 
 3.97814000e-09  1.77860641e+00  1.82139359e+00  2.77511876e+00  2.66961905e+00 
 3.97864000e-09  1.77909276e+00  1.82090724e+00  2.77411539e+00  2.67056174e+00 
 3.97914000e-09  1.77957933e+00  1.82042067e+00  2.77310759e+00  2.67150774e+00 
 3.97964000e-09  1.78006609e+00  1.81993391e+00  2.77209543e+00  2.67245697e+00 
 3.98014000e-09  1.78055305e+00  1.81944695e+00  2.77107902e+00  2.67340938e+00 
 3.98064000e-09  1.78104020e+00  1.81895980e+00  2.77005844e+00  2.67436490e+00 
 3.98114000e-09  1.78152754e+00  1.81847246e+00  2.76903378e+00  2.67532345e+00 
 3.98164000e-09  1.78201506e+00  1.81798494e+00  2.76800512e+00  2.67628498e+00 
 3.98214000e-09  1.78250276e+00  1.81749724e+00  2.76697256e+00  2.67724942e+00 
 3.98264000e-09  1.78299064e+00  1.81700936e+00  2.76593619e+00  2.67821670e+00 
 3.98314000e-09  1.78347867e+00  1.81652133e+00  2.76489610e+00  2.67918676e+00 
 3.98364000e-09  1.78396688e+00  1.81603312e+00  2.76385237e+00  2.68015955e+00 
 3.98414000e-09  1.78445524e+00  1.81554476e+00  2.76280510e+00  2.68113500e+00 
 3.98464000e-09  1.78494375e+00  1.81505625e+00  2.76175439e+00  2.68211304e+00 
 3.98514000e-09  1.78543242e+00  1.81456758e+00  2.76070032e+00  2.68309362e+00 
 3.98564000e-09  1.78592122e+00  1.81407878e+00  2.75964299e+00  2.68407668e+00 
 3.98614000e-09  1.78641017e+00  1.81358983e+00  2.75858249e+00  2.68506216e+00 
 3.98664000e-09  1.78689925e+00  1.81310075e+00  2.75751892e+00  2.68605001e+00 
 3.98714000e-09  1.78738846e+00  1.81261154e+00  2.75645236e+00  2.68704015e+00 
 3.98764000e-09  1.78787779e+00  1.81212221e+00  2.75538291e+00  2.68803254e+00 
 3.98814000e-09  1.78836725e+00  1.81163275e+00  2.75431066e+00  2.68902711e+00 
 3.98864000e-09  1.78885681e+00  1.81114319e+00  2.75323570e+00  2.69002380e+00 
 3.98914000e-09  1.78934649e+00  1.81065351e+00  2.75215812e+00  2.69102257e+00 
 3.98964000e-09  1.78983627e+00  1.81016373e+00  2.75107803e+00  2.69202334e+00 
 3.99014000e-09  1.79032616e+00  1.80967384e+00  2.74999550e+00  2.69302606e+00 
 3.99064000e-09  1.79081614e+00  1.80918386e+00  2.74891063e+00  2.69403068e+00 
 3.99114000e-09  1.79130621e+00  1.80869379e+00  2.74782350e+00  2.69503712e+00 
 3.99164000e-09  1.79179636e+00  1.80820364e+00  2.74673421e+00  2.69604534e+00 
 3.99214000e-09  1.79228660e+00  1.80771340e+00  2.74564285e+00  2.69705526e+00 
 3.99264000e-09  1.79277691e+00  1.80722309e+00  2.74454949e+00  2.69806684e+00 
 3.99314000e-09  1.79326730e+00  1.80673270e+00  2.74345424e+00  2.69908001e+00 
 3.99364000e-09  1.79375775e+00  1.80624225e+00  2.74235717e+00  2.70009470e+00 
 3.99414000e-09  1.79424826e+00  1.80575174e+00  2.74125838e+00  2.70111086e+00 
 3.99464000e-09  1.79473883e+00  1.80526117e+00  2.74015793e+00  2.70212842e+00 
 3.99514000e-09  1.79522945e+00  1.80477055e+00  2.73905593e+00  2.70314732e+00 
 3.99564000e-09  1.79572012e+00  1.80427988e+00  2.73795245e+00  2.70416749e+00 
 3.99614000e-09  1.79621083e+00  1.80378917e+00  2.73684757e+00  2.70518887e+00 
 3.99664000e-09  1.79670157e+00  1.80329843e+00  2.73574137e+00  2.70621140e+00 
 3.99714000e-09  1.79719235e+00  1.80280765e+00  2.73463394e+00  2.70723499e+00 
 3.99764000e-09  1.79768316e+00  1.80231684e+00  2.73352534e+00  2.70825960e+00 
 3.99814000e-09  1.79817399e+00  1.80182601e+00  2.73241567e+00  2.70928515e+00 
 3.99864000e-09  1.79866484e+00  1.80133516e+00  2.73130500e+00  2.71031157e+00 
 3.99914000e-09  1.79915570e+00  1.80084430e+00  2.73019339e+00  2.71133880e+00 
 3.99964000e-09  1.79964657e+00  1.80035343e+00  2.72908094e+00  2.71236676e+00 
 4.00014000e-09  1.80013744e+00  1.79986256e+00  2.72796771e+00  2.71339538e+00 
 4.00064000e-09  1.80062832e+00  1.79937168e+00  2.72685377e+00  2.71442459e+00 
 4.00114000e-09  1.80111918e+00  1.79888082e+00  2.72573920e+00  2.71545431e+00 
 4.00164000e-09  1.80161004e+00  1.79838996e+00  2.72462407e+00  2.71648449e+00 
 4.00214000e-09  1.80210088e+00  1.79789912e+00  2.72350845e+00  2.71751503e+00 
 4.00264000e-09  1.80259170e+00  1.79740830e+00  2.72239242e+00  2.71854587e+00 
 4.00314000e-09  1.80308249e+00  1.79691751e+00  2.72127603e+00  2.71957694e+00 
 4.00364000e-09  1.80357325e+00  1.79642675e+00  2.72015937e+00  2.72060814e+00 
 4.00414000e-09  1.80406398e+00  1.79593602e+00  2.71904249e+00  2.72163942e+00 
 4.00464000e-09  1.80455466e+00  1.79544534e+00  2.71792546e+00  2.72267070e+00 
 4.00514000e-09  1.80504531e+00  1.79495469e+00  2.71680836e+00  2.72370189e+00 
 4.00564000e-09  1.80553590e+00  1.79446410e+00  2.71569125e+00  2.72473291e+00 
 4.00614000e-09  1.80602644e+00  1.79397356e+00  2.71457419e+00  2.72576370e+00 
 4.00664000e-09  1.80651691e+00  1.79348309e+00  2.71345726e+00  2.72679416e+00 
 4.00714000e-09  1.80700733e+00  1.79299267e+00  2.71234050e+00  2.72782422e+00 
 4.00764000e-09  1.80749767e+00  1.79250233e+00  2.71122400e+00  2.72885381e+00 
 4.00814000e-09  1.80798794e+00  1.79201206e+00  2.71010781e+00  2.72988283e+00 
 4.00864000e-09  1.80847813e+00  1.79152187e+00  2.70899200e+00  2.73091121e+00 
 4.00914000e-09  1.80896824e+00  1.79103176e+00  2.70787662e+00  2.73193886e+00 
 4.00964000e-09  1.80945826e+00  1.79054174e+00  2.70676175e+00  2.73296571e+00 
 4.01014000e-09  1.80994819e+00  1.79005181e+00  2.70564745e+00  2.73399168e+00 
 4.01064000e-09  1.81043802e+00  1.78956198e+00  2.70453378e+00  2.73501667e+00 
 4.01114000e-09  1.81092774e+00  1.78907226e+00  2.70342080e+00  2.73604060e+00 
 4.01164000e-09  1.81141736e+00  1.78858264e+00  2.70230857e+00  2.73706340e+00 
 4.01214000e-09  1.81190686e+00  1.78809314e+00  2.70119717e+00  2.73808497e+00 
 4.01264000e-09  1.81239625e+00  1.78760375e+00  2.70008664e+00  2.73910524e+00 
 4.01314000e-09  1.81288551e+00  1.78711449e+00  2.69897706e+00  2.74012412e+00 
 4.01364000e-09  1.81337465e+00  1.78662535e+00  2.69786848e+00  2.74114153e+00 
 4.01414000e-09  1.81386366e+00  1.78613634e+00  2.69676097e+00  2.74215737e+00 
 4.01464000e-09  1.81435253e+00  1.78564747e+00  2.69565460e+00  2.74317157e+00 
 4.01514000e-09  1.81484125e+00  1.78515875e+00  2.69454942e+00  2.74418404e+00 
 4.01564000e-09  1.81532983e+00  1.78467017e+00  2.69344550e+00  2.74519470e+00 
 4.01614000e-09  1.81581826e+00  1.78418174e+00  2.69234291e+00  2.74620345e+00 
 4.01664000e-09  1.81630654e+00  1.78369346e+00  2.69124171e+00  2.74721022e+00 
 4.01714000e-09  1.81679465e+00  1.78320535e+00  2.69014196e+00  2.74821492e+00 
 4.01764000e-09  1.81728259e+00  1.78271741e+00  2.68904373e+00  2.74921746e+00 
 4.01814000e-09  1.81777037e+00  1.78222963e+00  2.68794708e+00  2.75021776e+00 
 4.01864000e-09  1.81825797e+00  1.78174203e+00  2.68685209e+00  2.75121573e+00 
 4.01914000e-09  1.81874539e+00  1.78125461e+00  2.68575882e+00  2.75221129e+00 
 4.01964000e-09  1.81923263e+00  1.78076737e+00  2.68466734e+00  2.75320435e+00 
 4.02014000e-09  1.81971967e+00  1.78028033e+00  2.68357772e+00  2.75419483e+00 
 4.02064000e-09  1.82020652e+00  1.77979348e+00  2.68249003e+00  2.75518264e+00 
 4.02114000e-09  1.82069317e+00  1.77930683e+00  2.68140433e+00  2.75616769e+00 
 4.02164000e-09  1.82117962e+00  1.77882038e+00  2.68032070e+00  2.75714991e+00 
 4.02214000e-09  1.82166586e+00  1.77833414e+00  2.67923922e+00  2.75812921e+00 
 4.02264000e-09  1.82215188e+00  1.77784812e+00  2.67815996e+00  2.75910551e+00 
 4.02314000e-09  1.82263769e+00  1.77736231e+00  2.67708299e+00  2.76007872e+00 
 4.02364000e-09  1.82312327e+00  1.77687673e+00  2.67600839e+00  2.76104876e+00 
 4.02414000e-09  1.82360862e+00  1.77639138e+00  2.67493624e+00  2.76201555e+00 
 4.02464000e-09  1.82409375e+00  1.77590625e+00  2.67386662e+00  2.76297900e+00 
 4.02514000e-09  1.82457863e+00  1.77542137e+00  2.67279960e+00  2.76393904e+00 
 4.02564000e-09  1.82506327e+00  1.77493673e+00  2.67173528e+00  2.76489559e+00 
 4.02614000e-09  1.82554766e+00  1.77445234e+00  2.67067373e+00  2.76584856e+00 
 4.02664000e-09  1.82603180e+00  1.77396820e+00  2.66961504e+00  2.76679788e+00 
 4.02714000e-09  1.82651569e+00  1.77348431e+00  2.66855930e+00  2.76774347e+00 
 4.02764000e-09  1.82699931e+00  1.77300069e+00  2.66750660e+00  2.76868525e+00 
 4.02814000e-09  1.82748267e+00  1.77251733e+00  2.66645703e+00  2.76962315e+00 
 4.02864000e-09  1.82796575e+00  1.77203425e+00  2.66541068e+00  2.77055709e+00 
 4.02914000e-09  1.82844856e+00  1.77155144e+00  2.66436765e+00  2.77148700e+00 
 4.02964000e-09  1.82893109e+00  1.77106891e+00  2.66332803e+00  2.77241281e+00 
 4.03014000e-09  1.82941333e+00  1.77058667e+00  2.66229193e+00  2.77333444e+00 
 4.03064000e-09  1.82989528e+00  1.77010472e+00  2.66125944e+00  2.77425183e+00 
 4.03114000e-09  1.83037694e+00  1.76962306e+00  2.66023067e+00  2.77516491e+00 
 4.03164000e-09  1.83085830e+00  1.76914170e+00  2.65920572e+00  2.77607361e+00 
 4.03214000e-09  1.83133935e+00  1.76866065e+00  2.65818470e+00  2.77697786e+00 
 4.03264000e-09  1.83182009e+00  1.76817991e+00  2.65716771e+00  2.77787760e+00 
 4.03314000e-09  1.83230052e+00  1.76769948e+00  2.65615487e+00  2.77877277e+00 
 4.03364000e-09  1.83278063e+00  1.76721937e+00  2.65514628e+00  2.77966330e+00 
 4.03414000e-09  1.83326042e+00  1.76673958e+00  2.65414206e+00  2.78054914e+00 
 4.03464000e-09  1.83373988e+00  1.76626012e+00  2.65314231e+00  2.78143022e+00 
 4.03514000e-09  1.83421900e+00  1.76578100e+00  2.65214715e+00  2.78230648e+00 
 4.03564000e-09  1.83469779e+00  1.76530221e+00  2.65115670e+00  2.78317787e+00 
 4.03614000e-09  1.83517624e+00  1.76482376e+00  2.65017105e+00  2.78404433e+00 
 4.03664000e-09  1.83565433e+00  1.76434567e+00  2.64919032e+00  2.78490580e+00 
 4.03714000e-09  1.83613208e+00  1.76386792e+00  2.64821463e+00  2.78576221e+00 
 4.03764000e-09  1.83660947e+00  1.76339053e+00  2.64724408e+00  2.78661353e+00 
 4.03814000e-09  1.83708650e+00  1.76291350e+00  2.64627877e+00  2.78745967e+00 
 4.03864000e-09  1.83756316e+00  1.76243684e+00  2.64531882e+00  2.78830059e+00 
 4.03914000e-09  1.83803945e+00  1.76196055e+00  2.64436432e+00  2.78913623e+00 
 4.03964000e-09  1.83851537e+00  1.76148463e+00  2.64341538e+00  2.78996652e+00 
 4.04014000e-09  1.83899091e+00  1.76100909e+00  2.64247210e+00  2.79079140e+00 
 4.04064000e-09  1.83946606e+00  1.76053394e+00  2.64153456e+00  2.79161081e+00 
 4.04114000e-09  1.83994082e+00  1.76005918e+00  2.64060286e+00  2.79242468e+00 
 4.04164000e-09  1.84041519e+00  1.75958481e+00  2.63967708e+00  2.79323294e+00 
 4.04214000e-09  1.84088916e+00  1.75911084e+00  2.63875732e+00  2.79403552e+00 
 4.04264000e-09  1.84136272e+00  1.75863728e+00  2.63784365e+00  2.79483236e+00 
 4.04314000e-09  1.84183588e+00  1.75816412e+00  2.63693614e+00  2.79562337e+00 
 4.04364000e-09  1.84230862e+00  1.75769138e+00  2.63603489e+00  2.79640849e+00 
 4.04414000e-09  1.84278095e+00  1.75721905e+00  2.63513994e+00  2.79718762e+00 
 4.04464000e-09  1.84325285e+00  1.75674715e+00  2.63425138e+00  2.79796071e+00 
 4.04514000e-09  1.84372433e+00  1.75627567e+00  2.63336926e+00  2.79872765e+00 
 4.04564000e-09  1.84419538e+00  1.75580462e+00  2.63249365e+00  2.79948837e+00 
 4.04614000e-09  1.84466599e+00  1.75533401e+00  2.63162461e+00  2.80024279e+00 
 4.04664000e-09  1.84513616e+00  1.75486384e+00  2.63076218e+00  2.80099082e+00 
 4.04714000e-09  1.84560588e+00  1.75439412e+00  2.62990644e+00  2.80173237e+00 
 4.04764000e-09  1.84607515e+00  1.75392485e+00  2.62905741e+00  2.80246735e+00 
 4.04814000e-09  1.84654397e+00  1.75345603e+00  2.62821516e+00  2.80319569e+00 
 4.04864000e-09  1.84701233e+00  1.75298767e+00  2.62737973e+00  2.80391729e+00 
 4.04914000e-09  1.84748022e+00  1.75251978e+00  2.62655117e+00  2.80463206e+00 
 4.04964000e-09  1.84794765e+00  1.75205235e+00  2.62572952e+00  2.80533992e+00 
 4.05014000e-09  1.84841460e+00  1.75158540e+00  2.62491482e+00  2.80604079e+00 
 4.05064000e-09  1.84888108e+00  1.75111892e+00  2.62410711e+00  2.80673458e+00 
 4.05114000e-09  1.84934707e+00  1.75065293e+00  2.62330644e+00  2.80742120e+00 
 4.05164000e-09  1.84981258e+00  1.75018742e+00  2.62251284e+00  2.80810058e+00 
 4.05214000e-09  1.85027759e+00  1.74972241e+00  2.62172636e+00  2.80877264e+00 
 4.05264000e-09  1.85074211e+00  1.74925789e+00  2.62094702e+00  2.80943729e+00 
 4.05314000e-09  1.85120613e+00  1.74879387e+00  2.62017488e+00  2.81009447e+00 
 4.05364000e-09  1.85166964e+00  1.74833036e+00  2.61940996e+00  2.81074410e+00 
 4.05414000e-09  1.85213264e+00  1.74786736e+00  2.61865230e+00  2.81138612e+00 
 4.05464000e-09  1.85259513e+00  1.74740487e+00  2.61790194e+00  2.81202045e+00 
 4.05514000e-09  1.85305710e+00  1.74694290e+00  2.61715891e+00  2.81264704e+00 
 4.05564000e-09  1.85351854e+00  1.74648146e+00  2.61642325e+00  2.81326583e+00 
 4.05614000e-09  1.85397946e+00  1.74602054e+00  2.61569500e+00  2.81387675e+00 
 4.05664000e-09  1.85443984e+00  1.74556016e+00  2.61497418e+00  2.81447976e+00 
 4.05714000e-09  1.85489969e+00  1.74510031e+00  2.61426084e+00  2.81507482e+00 
 4.05764000e-09  1.85535899e+00  1.74464101e+00  2.61355500e+00  2.81566186e+00 
 4.05814000e-09  1.85581775e+00  1.74418225e+00  2.61285669e+00  2.81624086e+00 
 4.05864000e-09  1.85627596e+00  1.74372404e+00  2.61216596e+00  2.81681177e+00 
 4.05914000e-09  1.85673361e+00  1.74326639e+00  2.61148283e+00  2.81737457e+00 
 4.05964000e-09  1.85719070e+00  1.74280930e+00  2.61080733e+00  2.81792922e+00 
 4.06014000e-09  1.85764723e+00  1.74235277e+00  2.61013948e+00  2.81847570e+00 
 4.06064000e-09  1.85810319e+00  1.74189681e+00  2.60947932e+00  2.81901400e+00 
 4.06114000e-09  1.85855858e+00  1.74144142e+00  2.60882688e+00  2.81954408e+00 
 4.06164000e-09  1.85901338e+00  1.74098662e+00  2.60818217e+00  2.82006595e+00 
 4.06214000e-09  1.85946761e+00  1.74053239e+00  2.60754523e+00  2.82057959e+00 
 4.06264000e-09  1.85992125e+00  1.74007875e+00  2.60691607e+00  2.82108499e+00 
 4.06314000e-09  1.86037429e+00  1.73962571e+00  2.60629471e+00  2.82158217e+00 
 4.06364000e-09  1.86082674e+00  1.73917326e+00  2.60568118e+00  2.82207112e+00 
 4.06414000e-09  1.86127859e+00  1.73872141e+00  2.60507548e+00  2.82255185e+00 
 4.06464000e-09  1.86172984e+00  1.73827016e+00  2.60447764e+00  2.82302437e+00 
 4.06514000e-09  1.86218047e+00  1.73781953e+00  2.60388766e+00  2.82348870e+00 
 4.06564000e-09  1.86263050e+00  1.73736950e+00  2.60330555e+00  2.82394486e+00 
 4.06614000e-09  1.86307990e+00  1.73692010e+00  2.60273133e+00  2.82439287e+00 
 4.06664000e-09  1.86352868e+00  1.73647132e+00  2.60216500e+00  2.82483276e+00 
 4.06714000e-09  1.86397684e+00  1.73602316e+00  2.60160655e+00  2.82526456e+00 
 4.06764000e-09  1.86442436e+00  1.73557564e+00  2.60105599e+00  2.82568831e+00 
 4.06814000e-09  1.86487125e+00  1.73512875e+00  2.60051332e+00  2.82610403e+00 
 4.06864000e-09  1.86531750e+00  1.73468250e+00  2.59997853e+00  2.82651178e+00 
 4.06914000e-09  1.86576310e+00  1.73423690e+00  2.59945161e+00  2.82691159e+00 
 4.06964000e-09  1.86620805e+00  1.73379195e+00  2.59893255e+00  2.82730352e+00 
 4.07014000e-09  1.86665235e+00  1.73334765e+00  2.59842134e+00  2.82768762e+00 
 4.07064000e-09  1.86709599e+00  1.73290401e+00  2.59791795e+00  2.82806394e+00 
 4.07114000e-09  1.86753897e+00  1.73246103e+00  2.59742237e+00  2.82843253e+00 
 4.07164000e-09  1.86798129e+00  1.73201871e+00  2.59693458e+00  2.82879347e+00 
 4.07214000e-09  1.86842293e+00  1.73157707e+00  2.59645454e+00  2.82914680e+00 
 4.07264000e-09  1.86886390e+00  1.73113610e+00  2.59598223e+00  2.82949260e+00 
 4.07314000e-09  1.86930419e+00  1.73069581e+00  2.59551762e+00  2.82983093e+00 
 4.07364000e-09  1.86974379e+00  1.73025621e+00  2.59506066e+00  2.83016187e+00 
 4.07414000e-09  1.87018270e+00  1.72981730e+00  2.59461133e+00  2.83048548e+00 
 4.07464000e-09  1.87062093e+00  1.72937907e+00  2.59416958e+00  2.83080185e+00 
 4.07514000e-09  1.87105845e+00  1.72894155e+00  2.59373536e+00  2.83111105e+00 
 4.07564000e-09  1.87149528e+00  1.72850472e+00  2.59330864e+00  2.83141316e+00 
 4.07614000e-09  1.87193140e+00  1.72806860e+00  2.59288935e+00  2.83170827e+00 
 4.07664000e-09  1.87236680e+00  1.72763320e+00  2.59247745e+00  2.83199645e+00 
 4.07714000e-09  1.87280150e+00  1.72719850e+00  2.59207289e+00  2.83227780e+00 
 4.07764000e-09  1.87323547e+00  1.72676453e+00  2.59167559e+00  2.83255239e+00 
 4.07814000e-09  1.87366873e+00  1.72633127e+00  2.59128551e+00  2.83282033e+00 
 4.07864000e-09  1.87410125e+00  1.72589875e+00  2.59090259e+00  2.83308169e+00 
 4.07914000e-09  1.87453305e+00  1.72546695e+00  2.59052675e+00  2.83333658e+00 
 4.07964000e-09  1.87496411e+00  1.72503589e+00  2.59015793e+00  2.83358509e+00 
 4.08014000e-09  1.87539443e+00  1.72460557e+00  2.58979606e+00  2.83382730e+00 
 4.08064000e-09  1.87582400e+00  1.72417600e+00  2.58944106e+00  2.83406332e+00 
 4.08114000e-09  1.87625283e+00  1.72374717e+00  2.58909288e+00  2.83429324e+00 
 4.08164000e-09  1.87668090e+00  1.72331910e+00  2.58875143e+00  2.83451717e+00 
 4.08214000e-09  1.87710822e+00  1.72289178e+00  2.58841663e+00  2.83473519e+00 
 4.08264000e-09  1.87753478e+00  1.72246522e+00  2.58808840e+00  2.83494742e+00 
 4.08314000e-09  1.87796057e+00  1.72203943e+00  2.58776667e+00  2.83515394e+00 
 4.08364000e-09  1.87838559e+00  1.72161441e+00  2.58745136e+00  2.83535486e+00 
 4.08414000e-09  1.87880984e+00  1.72119016e+00  2.58714238e+00  2.83555027e+00 
 4.08464000e-09  1.87923331e+00  1.72076669e+00  2.58683965e+00  2.83574029e+00 
 4.08514000e-09  1.87965599e+00  1.72034401e+00  2.58654308e+00  2.83592501e+00 
 4.08564000e-09  1.88007790e+00  1.71992210e+00  2.58625259e+00  2.83610454e+00 
 4.08614000e-09  1.88049901e+00  1.71950099e+00  2.58596809e+00  2.83627896e+00 
 4.08664000e-09  1.88091933e+00  1.71908067e+00  2.58568949e+00  2.83644839e+00 
 4.08714000e-09  1.88133884e+00  1.71866116e+00  2.58541671e+00  2.83661293e+00 
 4.08764000e-09  1.88175756e+00  1.71824244e+00  2.58514966e+00  2.83677267e+00 
 4.08814000e-09  1.88217547e+00  1.71782453e+00  2.58488824e+00  2.83692772e+00 
 4.08864000e-09  1.88259257e+00  1.71740743e+00  2.58463238e+00  2.83707818e+00 
 4.08914000e-09  1.88300885e+00  1.71699115e+00  2.58438197e+00  2.83722415e+00 
 4.08964000e-09  1.88342431e+00  1.71657569e+00  2.58413693e+00  2.83736571e+00 
 4.09014000e-09  1.88383895e+00  1.71616105e+00  2.58389717e+00  2.83750299e+00 
 4.09064000e-09  1.88425277e+00  1.71574723e+00  2.58366260e+00  2.83763606e+00 
 4.09114000e-09  1.88466575e+00  1.71533425e+00  2.58343313e+00  2.83776503e+00 
 4.09164000e-09  1.88507789e+00  1.71492211e+00  2.58320867e+00  2.83789000e+00 
 4.09214000e-09  1.88548920e+00  1.71451080e+00  2.58298913e+00  2.83801105e+00 
 4.09264000e-09  1.88589966e+00  1.71410034e+00  2.58277443e+00  2.83812829e+00 
 4.09314000e-09  1.88630927e+00  1.71369073e+00  2.58256446e+00  2.83824180e+00 
 4.09364000e-09  1.88671804e+00  1.71328196e+00  2.58235915e+00  2.83835168e+00 
 4.09414000e-09  1.88712594e+00  1.71287406e+00  2.58215841e+00  2.83845802e+00 
 4.09464000e-09  1.88753299e+00  1.71246701e+00  2.58196215e+00  2.83856091e+00 
 4.09514000e-09  1.88793917e+00  1.71206083e+00  2.58177029e+00  2.83866043e+00 
 4.09564000e-09  1.88834449e+00  1.71165551e+00  2.58158274e+00  2.83875668e+00 
 4.09614000e-09  1.88874893e+00  1.71125107e+00  2.58139941e+00  2.83884973e+00 
 4.09664000e-09  1.88915250e+00  1.71084750e+00  2.58122022e+00  2.83893968e+00 
 4.09714000e-09  1.88955518e+00  1.71044482e+00  2.58104509e+00  2.83902661e+00 
 4.09764000e-09  1.88995699e+00  1.71004301e+00  2.58087393e+00  2.83911060e+00 
 4.09814000e-09  1.89035790e+00  1.70964210e+00  2.58070667e+00  2.83919173e+00 
 4.09864000e-09  1.89075792e+00  1.70924208e+00  2.58054323e+00  2.83927008e+00 
 4.09914000e-09  1.89115705e+00  1.70884295e+00  2.58038352e+00  2.83934573e+00 
 4.09964000e-09  1.89155528e+00  1.70844472e+00  2.58022747e+00  2.83941875e+00 
 4.10014000e-09  1.89195261e+00  1.70804739e+00  2.58007500e+00  2.83948922e+00 
 4.10064000e-09  1.89234902e+00  1.70765098e+00  2.57992604e+00  2.83955722e+00 
 4.10114000e-09  1.89274453e+00  1.70725547e+00  2.57978050e+00  2.83962280e+00 
 4.10164000e-09  1.89313912e+00  1.70686088e+00  2.57963833e+00  2.83968606e+00 
 4.10214000e-09  1.89353279e+00  1.70646721e+00  2.57949944e+00  2.83974705e+00 
 4.10264000e-09  1.89392554e+00  1.70607446e+00  2.57936376e+00  2.83980584e+00 
 4.10314000e-09  1.89431736e+00  1.70568264e+00  2.57923123e+00  2.83986251e+00 
 4.10364000e-09  1.89470825e+00  1.70529175e+00  2.57910178e+00  2.83991711e+00 
 4.10414000e-09  1.89509820e+00  1.70490180e+00  2.57897533e+00  2.83996970e+00 
 4.10464000e-09  1.89548722e+00  1.70451278e+00  2.57885182e+00  2.84002036e+00 
 4.10514000e-09  1.89587529e+00  1.70412471e+00  2.57873119e+00  2.84006914e+00 
 4.10564000e-09  1.89626242e+00  1.70373758e+00  2.57861338e+00  2.84011609e+00 
 4.10614000e-09  1.89664860e+00  1.70335140e+00  2.57849832e+00  2.84016129e+00 
 4.10664000e-09  1.89703382e+00  1.70296618e+00  2.57838594e+00  2.84020478e+00 
 4.10714000e-09  1.89741809e+00  1.70258191e+00  2.57827620e+00  2.84024662e+00 
 4.10764000e-09  1.89780139e+00  1.70219861e+00  2.57816902e+00  2.84028687e+00 
 4.10814000e-09  1.89818373e+00  1.70181627e+00  2.57806436e+00  2.84032557e+00 
 4.10864000e-09  1.89856510e+00  1.70143490e+00  2.57796216e+00  2.84036278e+00 
 4.10914000e-09  1.89894550e+00  1.70105450e+00  2.57786235e+00  2.84039855e+00 
 4.10964000e-09  1.89932492e+00  1.70067508e+00  2.57776490e+00  2.84043292e+00 
 4.11014000e-09  1.89970336e+00  1.70029664e+00  2.57766974e+00  2.84046595e+00 
 4.11064000e-09  1.90008082e+00  1.69991918e+00  2.57757682e+00  2.84049767e+00 
 4.11114000e-09  1.90045729e+00  1.69954271e+00  2.57748609e+00  2.84052814e+00 
 4.11164000e-09  1.90083277e+00  1.69916723e+00  2.57739751e+00  2.84055740e+00 
 4.11214000e-09  1.90120725e+00  1.69879275e+00  2.57731103e+00  2.84058550e+00 
 4.11264000e-09  1.90158073e+00  1.69841927e+00  2.57722659e+00  2.84061246e+00 
 4.11314000e-09  1.90195321e+00  1.69804679e+00  2.57714415e+00  2.84063834e+00 
 4.11364000e-09  1.90232469e+00  1.69767531e+00  2.57706367e+00  2.84066317e+00 
 4.11414000e-09  1.90269515e+00  1.69730485e+00  2.57698510e+00  2.84068698e+00 
 4.11464000e-09  1.90306460e+00  1.69693540e+00  2.57690840e+00  2.84070983e+00 
 4.11514000e-09  1.90343304e+00  1.69656696e+00  2.57683354e+00  2.84073174e+00 
 4.11564000e-09  1.90380045e+00  1.69619955e+00  2.57676045e+00  2.84075275e+00 
 4.11614000e-09  1.90416684e+00  1.69583316e+00  2.57668912e+00  2.84077288e+00 
 4.11664000e-09  1.90453220e+00  1.69546780e+00  2.57661950e+00  2.84079219e+00 
 4.11714000e-09  1.90489653e+00  1.69510347e+00  2.57655154e+00  2.84081069e+00 
 4.11764000e-09  1.90525982e+00  1.69474018e+00  2.57648523e+00  2.84082842e+00 
 4.11814000e-09  1.90562208e+00  1.69437792e+00  2.57642051e+00  2.84084540e+00 
 4.11864000e-09  1.90598329e+00  1.69401671e+00  2.57635735e+00  2.84086168e+00 
 4.11914000e-09  1.90634346e+00  1.69365654e+00  2.57629572e+00  2.84087727e+00 
 4.11964000e-09  1.90670257e+00  1.69329743e+00  2.57623559e+00  2.84089220e+00 
 4.12014000e-09  1.90706064e+00  1.69293936e+00  2.57617692e+00  2.84090650e+00 
 4.12064000e-09  1.90741764e+00  1.69258236e+00  2.57611968e+00  2.84092020e+00 
 4.12114000e-09  1.90777359e+00  1.69222641e+00  2.57606385e+00  2.84093332e+00 
 4.12164000e-09  1.90812847e+00  1.69187153e+00  2.57600938e+00  2.84094589e+00 
 4.12214000e-09  1.90848229e+00  1.69151771e+00  2.57595626e+00  2.84095792e+00 
 4.12264000e-09  1.90883504e+00  1.69116496e+00  2.57590445e+00  2.84096945e+00 
 4.12314000e-09  1.90918671e+00  1.69081329e+00  2.57585392e+00  2.84098049e+00 
 4.12364000e-09  1.90953730e+00  1.69046270e+00  2.57580466e+00  2.84099107e+00 
 4.12414000e-09  1.90988681e+00  1.69011319e+00  2.57575662e+00  2.84100120e+00 
 4.12464000e-09  1.91023524e+00  1.68976476e+00  2.57570979e+00  2.84101091e+00 
 4.12514000e-09  1.91058258e+00  1.68941742e+00  2.57566415e+00  2.84102022e+00 
 4.12564000e-09  1.91092883e+00  1.68907117e+00  2.57561966e+00  2.84102914e+00 
 4.12614000e-09  1.91127398e+00  1.68872602e+00  2.57557630e+00  2.84103770e+00 
 4.12664000e-09  1.91161804e+00  1.68838196e+00  2.57553406e+00  2.84104590e+00 
 4.12714000e-09  1.91196099e+00  1.68803901e+00  2.57549290e+00  2.84105378e+00 
 4.12764000e-09  1.91230284e+00  1.68769716e+00  2.57545281e+00  2.84106133e+00 
 4.12814000e-09  1.91264358e+00  1.68735642e+00  2.57541376e+00  2.84106860e+00 
 4.12864000e-09  1.91298321e+00  1.68701679e+00  2.57537574e+00  2.84107557e+00 
 4.12914000e-09  1.91332172e+00  1.68667828e+00  2.57533872e+00  2.84108228e+00 
 4.12964000e-09  1.91365912e+00  1.68634088e+00  2.57530269e+00  2.84108874e+00 
 4.13014000e-09  1.91399539e+00  1.68600461e+00  2.57526763e+00  2.84109495e+00 
 4.13064000e-09  1.91433054e+00  1.68566946e+00  2.57523351e+00  2.84110094e+00 
 4.13114000e-09  1.91466456e+00  1.68533544e+00  2.57520031e+00  2.84110672e+00 
 4.13164000e-09  1.91499745e+00  1.68500255e+00  2.57516804e+00  2.84111229e+00 
 4.13214000e-09  1.91532920e+00  1.68467080e+00  2.57513665e+00  2.84111768e+00 
 4.13264000e-09  1.91565982e+00  1.68434018e+00  2.57510614e+00  2.84112289e+00 
 4.13314000e-09  1.91598929e+00  1.68401071e+00  2.57507650e+00  2.84112794e+00 
 4.13364000e-09  1.91631762e+00  1.68368238e+00  2.57504769e+00  2.84113284e+00 
 4.13414000e-09  1.91664480e+00  1.68335520e+00  2.57501972e+00  2.84113759e+00 
 4.13464000e-09  1.91697083e+00  1.68302917e+00  2.57499257e+00  2.84114221e+00 
 4.13514000e-09  1.91729570e+00  1.68270430e+00  2.57496621e+00  2.84114671e+00 
 4.13564000e-09  1.91761942e+00  1.68238058e+00  2.57494064e+00  2.84115109e+00 
 4.13614000e-09  1.91794198e+00  1.68205802e+00  2.57491584e+00  2.84115538e+00 
 4.13664000e-09  1.91826337e+00  1.68173663e+00  2.57489181e+00  2.84115957e+00 
 4.13714000e-09  1.91858359e+00  1.68141641e+00  2.57486851e+00  2.84116367e+00 
 4.13764000e-09  1.91890265e+00  1.68109735e+00  2.57484595e+00  2.84116770e+00 
 4.13814000e-09  1.91922053e+00  1.68077947e+00  2.57482411e+00  2.84117165e+00 
 4.13864000e-09  1.91953724e+00  1.68046276e+00  2.57480298e+00  2.84117555e+00 
 4.13914000e-09  1.91985276e+00  1.68014724e+00  2.57478255e+00  2.84117939e+00 
 4.13964000e-09  1.92016710e+00  1.67983290e+00  2.57476280e+00  2.84118319e+00 
 4.14014000e-09  1.92048026e+00  1.67951974e+00  2.57474372e+00  2.84118695e+00 
 4.14064000e-09  1.92079223e+00  1.67920777e+00  2.57472531e+00  2.84119068e+00 
 4.14114000e-09  1.92110300e+00  1.67889700e+00  2.57470755e+00  2.84119438e+00 
 4.14164000e-09  1.92141258e+00  1.67858742e+00  2.57469043e+00  2.84119806e+00 
 4.14214000e-09  1.92172096e+00  1.67827904e+00  2.57467394e+00  2.84120173e+00 
 4.14264000e-09  1.92202814e+00  1.67797186e+00  2.57465807e+00  2.84120540e+00 
 4.14314000e-09  1.92233412e+00  1.67766588e+00  2.57464282e+00  2.84120906e+00 
 4.14364000e-09  1.92263888e+00  1.67736112e+00  2.57462817e+00  2.84121272e+00 
 4.14414000e-09  1.92294244e+00  1.67705756e+00  2.57461411e+00  2.84121640e+00 
 4.14464000e-09  1.92324479e+00  1.67675521e+00  2.57460063e+00  2.84122009e+00 
 4.14514000e-09  1.92354591e+00  1.67645409e+00  2.57458774e+00  2.84122380e+00 
 4.14564000e-09  1.92384582e+00  1.67615418e+00  2.57457541e+00  2.84122753e+00 
 4.14614000e-09  1.92414451e+00  1.67585549e+00  2.57456363e+00  2.84123129e+00 
 4.14664000e-09  1.92444197e+00  1.67555803e+00  2.57455241e+00  2.84123508e+00 
 4.14714000e-09  1.92473820e+00  1.67526180e+00  2.57454173e+00  2.84123891e+00 
 4.14764000e-09  1.92503320e+00  1.67496680e+00  2.57453159e+00  2.84124279e+00 
 4.14814000e-09  1.92532697e+00  1.67467303e+00  2.57452198e+00  2.84124670e+00 
 4.14864000e-09  1.92561950e+00  1.67438050e+00  2.57451288e+00  2.84125067e+00 
 4.14914000e-09  1.92591079e+00  1.67408921e+00  2.57450430e+00  2.84125469e+00 
 4.14964000e-09  1.92620084e+00  1.67379916e+00  2.57449623e+00  2.84125876e+00 
 4.15014000e-09  1.92648964e+00  1.67351036e+00  2.57448865e+00  2.84126290e+00 
 4.15064000e-09  1.92677720e+00  1.67322280e+00  2.57448157e+00  2.84126709e+00 
 4.15114000e-09  1.92706350e+00  1.67293650e+00  2.57447497e+00  2.84127136e+00 
 4.15164000e-09  1.92734855e+00  1.67265145e+00  2.57446885e+00  2.84127569e+00 
 4.15214000e-09  1.92763234e+00  1.67236766e+00  2.57446321e+00  2.84128009e+00 
 4.15264000e-09  1.92791488e+00  1.67208512e+00  2.57445804e+00  2.84128456e+00 
 4.15314000e-09  1.92819615e+00  1.67180385e+00  2.57445332e+00  2.84128912e+00 
 4.15364000e-09  1.92847615e+00  1.67152385e+00  2.57444906e+00  2.84129375e+00 
 4.15414000e-09  1.92875489e+00  1.67124511e+00  2.57444526e+00  2.84129846e+00 
 4.15464000e-09  1.92903235e+00  1.67096765e+00  2.57444189e+00  2.84130326e+00 
 4.15514000e-09  1.92930855e+00  1.67069145e+00  2.57443897e+00  2.84130814e+00 
 4.15564000e-09  1.92958346e+00  1.67041654e+00  2.57443648e+00  2.84131311e+00 
 4.15614000e-09  1.92985710e+00  1.67014290e+00  2.57443442e+00  2.84131817e+00 
 4.15664000e-09  1.93012945e+00  1.66987055e+00  2.57443278e+00  2.84132333e+00 
 4.15714000e-09  1.93040053e+00  1.66959947e+00  2.57443156e+00  2.84132857e+00 
 4.15764000e-09  1.93067031e+00  1.66932969e+00  2.57443075e+00  2.84133392e+00 
 4.15814000e-09  1.93093880e+00  1.66906120e+00  2.57443035e+00  2.84133936e+00 
 4.15864000e-09  1.93120601e+00  1.66879399e+00  2.57443036e+00  2.84134490e+00 
 4.15914000e-09  1.93147191e+00  1.66852809e+00  2.57443076e+00  2.84135054e+00 
 4.15964000e-09  1.93173652e+00  1.66826348e+00  2.57443157e+00  2.84135628e+00 
 4.16014000e-09  1.93199983e+00  1.66800017e+00  2.57443276e+00  2.84136213e+00 
 4.16064000e-09  1.93226184e+00  1.66773816e+00  2.57443434e+00  2.84136808e+00 
 4.16114000e-09  1.93252254e+00  1.66747746e+00  2.57443630e+00  2.84137413e+00 
 4.16164000e-09  1.93278194e+00  1.66721806e+00  2.57443864e+00  2.84138029e+00 
 4.16214000e-09  1.93304002e+00  1.66695998e+00  2.57444135e+00  2.84138657e+00 
 4.16264000e-09  1.93329679e+00  1.66670321e+00  2.57444443e+00  2.84139295e+00 
 4.16314000e-09  1.93355224e+00  1.66644776e+00  2.57444788e+00  2.84139944e+00 
 4.16364000e-09  1.93380638e+00  1.66619362e+00  2.57445169e+00  2.84140604e+00 
 4.16414000e-09  1.93405920e+00  1.66594080e+00  2.57445586e+00  2.84141276e+00 
 4.16464000e-09  1.93431069e+00  1.66568931e+00  2.57446039e+00  2.84141958e+00 
 4.16514000e-09  1.93456085e+00  1.66543915e+00  2.57446526e+00  2.84142653e+00 
 4.16564000e-09  1.93480969e+00  1.66519031e+00  2.57447049e+00  2.84143358e+00 
 4.16614000e-09  1.93505720e+00  1.66494280e+00  2.57447605e+00  2.84144076e+00 
 4.16664000e-09  1.93530338e+00  1.66469662e+00  2.57448196e+00  2.84144804e+00 
 4.16714000e-09  1.93554822e+00  1.66445178e+00  2.57448821e+00  2.84145545e+00 
 4.16764000e-09  1.93579172e+00  1.66420828e+00  2.57449479e+00  2.84146297e+00 
 4.16814000e-09  1.93603388e+00  1.66396612e+00  2.57450170e+00  2.84147061e+00 
 4.16864000e-09  1.93627470e+00  1.66372530e+00  2.57450894e+00  2.84147837e+00 
 4.16914000e-09  1.93651418e+00  1.66348582e+00  2.57451651e+00  2.84148625e+00 
 4.16964000e-09  1.93675230e+00  1.66324770e+00  2.57452439e+00  2.84149424e+00 
 4.17014000e-09  1.93698908e+00  1.66301092e+00  2.57453260e+00  2.84150236e+00 
 4.17064000e-09  1.93722451e+00  1.66277549e+00  2.57454112e+00  2.84151060e+00 
 4.17114000e-09  1.93745858e+00  1.66254142e+00  2.57454995e+00  2.84151895e+00 
 4.17164000e-09  1.93769129e+00  1.66230871e+00  2.57455910e+00  2.84152743e+00 
 4.17214000e-09  1.93792265e+00  1.66207735e+00  2.57456855e+00  2.84153603e+00 
 4.17264000e-09  1.93815264e+00  1.66184736e+00  2.57457830e+00  2.84154475e+00 
 4.17314000e-09  1.93838127e+00  1.66161873e+00  2.57458836e+00  2.84155359e+00 
 4.17364000e-09  1.93860854e+00  1.66139146e+00  2.57459871e+00  2.84156255e+00 
 4.17414000e-09  1.93883443e+00  1.66116557e+00  2.57460937e+00  2.84157164e+00 
 4.17464000e-09  1.93905896e+00  1.66094104e+00  2.57462031e+00  2.84158084e+00 
 4.17514000e-09  1.93928211e+00  1.66071789e+00  2.57463155e+00  2.84159017e+00 
 4.17564000e-09  1.93950389e+00  1.66049611e+00  2.57464308e+00  2.84159962e+00 
 4.17614000e-09  1.93972430e+00  1.66027570e+00  2.57465489e+00  2.84160919e+00 
 4.17664000e-09  1.93994332e+00  1.66005668e+00  2.57466698e+00  2.84161889e+00 
 4.17714000e-09  1.94016096e+00  1.65983904e+00  2.57467936e+00  2.84162870e+00 
 4.17764000e-09  1.94037722e+00  1.65962278e+00  2.57469202e+00  2.84163864e+00 
 4.17814000e-09  1.94059210e+00  1.65940790e+00  2.57470495e+00  2.84164870e+00 
 4.17864000e-09  1.94080558e+00  1.65919442e+00  2.57471816e+00  2.84165889e+00 
 4.17914000e-09  1.94101768e+00  1.65898232e+00  2.57473164e+00  2.84166919e+00 
 4.17964000e-09  1.94122838e+00  1.65877162e+00  2.57474539e+00  2.84167962e+00 
 4.18014000e-09  1.94143769e+00  1.65856231e+00  2.57475941e+00  2.84169017e+00 
 4.18064000e-09  1.94164561e+00  1.65835439e+00  2.57477369e+00  2.84170084e+00 
 4.18114000e-09  1.94185213e+00  1.65814787e+00  2.57478824e+00  2.84171163e+00 
 4.18164000e-09  1.94205724e+00  1.65794276e+00  2.57480304e+00  2.84172254e+00 
 4.18214000e-09  1.94226096e+00  1.65773904e+00  2.57481811e+00  2.84173358e+00 
 4.18264000e-09  1.94246327e+00  1.65753673e+00  2.57483344e+00  2.84174473e+00 
 4.18314000e-09  1.94266417e+00  1.65733583e+00  2.57484901e+00  2.84175601e+00 
 4.18364000e-09  1.94286367e+00  1.65713633e+00  2.57486485e+00  2.84176741e+00 
 4.18414000e-09  1.94306176e+00  1.65693824e+00  2.57488093e+00  2.84177892e+00 
 4.18464000e-09  1.94325843e+00  1.65674157e+00  2.57489726e+00  2.84179056e+00 
 4.18514000e-09  1.94345369e+00  1.65654631e+00  2.57491384e+00  2.84180232e+00 
 4.18564000e-09  1.94364754e+00  1.65635246e+00  2.57493067e+00  2.84181420e+00 
 4.18614000e-09  1.94383996e+00  1.65616004e+00  2.57494774e+00  2.84182620e+00 
 4.18664000e-09  1.94403097e+00  1.65596903e+00  2.57496505e+00  2.84183831e+00 
 4.18714000e-09  1.94422056e+00  1.65577944e+00  2.57498260e+00  2.84185055e+00 
 4.18764000e-09  1.94440872e+00  1.65559128e+00  2.57500039e+00  2.84186290e+00 
 4.18814000e-09  1.94459546e+00  1.65540454e+00  2.57501842e+00  2.84187537e+00 
 4.18864000e-09  1.94478077e+00  1.65521923e+00  2.57503668e+00  2.84188796e+00 
 4.18914000e-09  1.94496465e+00  1.65503535e+00  2.57505517e+00  2.84190067e+00 
 4.18964000e-09  1.94514710e+00  1.65485290e+00  2.57507389e+00  2.84191350e+00 
 4.19014000e-09  1.94532812e+00  1.65467188e+00  2.57509285e+00  2.84192644e+00 
 4.19064000e-09  1.94550770e+00  1.65449230e+00  2.57511203e+00  2.84193950e+00 
 4.19114000e-09  1.94568585e+00  1.65431415e+00  2.57513143e+00  2.84195268e+00 
 4.19164000e-09  1.94586256e+00  1.65413744e+00  2.57515107e+00  2.84196597e+00 
 4.19214000e-09  1.94603783e+00  1.65396217e+00  2.57517092e+00  2.84197937e+00 
 4.19264000e-09  1.94621166e+00  1.65378834e+00  2.57519099e+00  2.84199290e+00 
 4.19314000e-09  1.94638404e+00  1.65361596e+00  2.57521129e+00  2.84200653e+00 
 4.19364000e-09  1.94655498e+00  1.65344502e+00  2.57523180e+00  2.84202028e+00 
 4.19414000e-09  1.94672448e+00  1.65327552e+00  2.57525253e+00  2.84203415e+00 
 4.19464000e-09  1.94689252e+00  1.65310748e+00  2.57527347e+00  2.84204813e+00 
 4.19514000e-09  1.94705912e+00  1.65294088e+00  2.57529463e+00  2.84206222e+00 
 4.19564000e-09  1.94722427e+00  1.65277573e+00  2.57531600e+00  2.84207642e+00 
 4.19614000e-09  1.94738796e+00  1.65261204e+00  2.57533758e+00  2.84209074e+00 
 4.19664000e-09  1.94755020e+00  1.65244980e+00  2.57535937e+00  2.84210517e+00 
 4.19714000e-09  1.94771098e+00  1.65228902e+00  2.57538136e+00  2.84211971e+00 
 4.19764000e-09  1.94787030e+00  1.65212970e+00  2.57540356e+00  2.84213436e+00 
 4.19814000e-09  1.94802816e+00  1.65197184e+00  2.57542597e+00  2.84214913e+00 
 4.19864000e-09  1.94818457e+00  1.65181543e+00  2.57544858e+00  2.84216400e+00 
 4.19914000e-09  1.94833951e+00  1.65166049e+00  2.57547139e+00  2.84217898e+00 
 4.19964000e-09  1.94849298e+00  1.65150702e+00  2.57549440e+00  2.84219407e+00 
 4.20014000e-09  1.94864500e+00  1.65135500e+00  2.57551761e+00  2.84220927e+00 
 4.20064000e-09  1.94879554e+00  1.65120446e+00  2.57554101e+00  2.84222458e+00 
 4.20114000e-09  1.94894462e+00  1.65105538e+00  2.57556462e+00  2.84224000e+00 
 4.20164000e-09  1.94909222e+00  1.65090778e+00  2.57558841e+00  2.84225552e+00 
 4.20214000e-09  1.94923835e+00  1.65076165e+00  2.57561241e+00  2.84227116e+00 
 4.20264000e-09  1.94938302e+00  1.65061698e+00  2.57563659e+00  2.84228689e+00 
 4.20314000e-09  1.94952620e+00  1.65047380e+00  2.57566096e+00  2.84230274e+00 
 4.20364000e-09  1.94966791e+00  1.65033209e+00  2.57568553e+00  2.84231869e+00 
 4.20414000e-09  1.94980815e+00  1.65019185e+00  2.57571028e+00  2.84233474e+00 
 4.20464000e-09  1.94994690e+00  1.65005310e+00  2.57573522e+00  2.84235090e+00 
 4.20514000e-09  1.95008418e+00  1.64991582e+00  2.57576034e+00  2.84236717e+00 
 4.20564000e-09  1.95021997e+00  1.64978003e+00  2.57578565e+00  2.84238353e+00 
 4.20614000e-09  1.95035428e+00  1.64964572e+00  2.57581114e+00  2.84240001e+00 
 4.20664000e-09  1.95048711e+00  1.64951289e+00  2.57583681e+00  2.84241658e+00 
 4.20714000e-09  1.95061845e+00  1.64938155e+00  2.57586267e+00  2.84243326e+00 
 4.20764000e-09  1.95074831e+00  1.64925169e+00  2.57588870e+00  2.84245003e+00 
 4.20814000e-09  1.95087667e+00  1.64912333e+00  2.57591491e+00  2.84246691e+00 
 4.20864000e-09  1.95100355e+00  1.64899645e+00  2.57594130e+00  2.84248389e+00 
 4.20914000e-09  1.95112894e+00  1.64887106e+00  2.57596787e+00  2.84250097e+00 
 4.20964000e-09  1.95125284e+00  1.64874716e+00  2.57599461e+00  2.84251815e+00 
 4.21014000e-09  1.95137524e+00  1.64862476e+00  2.57602152e+00  2.84253543e+00 
 4.21064000e-09  1.95149615e+00  1.64850385e+00  2.57604861e+00  2.84255281e+00 
 4.21114000e-09  1.95161557e+00  1.64838443e+00  2.57607586e+00  2.84257029e+00 
 4.21164000e-09  1.95173348e+00  1.64826652e+00  2.57610329e+00  2.84258787e+00 
 4.21214000e-09  1.95184991e+00  1.64815009e+00  2.57613089e+00  2.84260554e+00 
 4.21264000e-09  1.95196483e+00  1.64803517e+00  2.57615865e+00  2.84262331e+00 
 4.21314000e-09  1.95207825e+00  1.64792175e+00  2.57618658e+00  2.84264117e+00 
 4.21364000e-09  1.95219017e+00  1.64780983e+00  2.57621468e+00  2.84265913e+00 
 4.21414000e-09  1.95230059e+00  1.64769941e+00  2.57624294e+00  2.84267719e+00 
 4.21464000e-09  1.95240951e+00  1.64759049e+00  2.57627136e+00  2.84269534e+00 
 4.21514000e-09  1.95251692e+00  1.64748308e+00  2.57629995e+00  2.84271359e+00 
 4.21564000e-09  1.95262282e+00  1.64737718e+00  2.57632870e+00  2.84273193e+00 
 4.21614000e-09  1.95272722e+00  1.64727278e+00  2.57635760e+00  2.84275037e+00 
 4.21664000e-09  1.95283012e+00  1.64716988e+00  2.57638667e+00  2.84276889e+00 
 4.21714000e-09  1.95293150e+00  1.64706850e+00  2.57641590e+00  2.84278751e+00 
 4.21764000e-09  1.95303138e+00  1.64696862e+00  2.57644528e+00  2.84280622e+00 
 4.21814000e-09  1.95312974e+00  1.64687026e+00  2.57647482e+00  2.84282503e+00 
 4.21864000e-09  1.95322660e+00  1.64677340e+00  2.57650451e+00  2.84284392e+00 
 4.21914000e-09  1.95332194e+00  1.64667806e+00  2.57653436e+00  2.84286290e+00 
 4.21964000e-09  1.95341576e+00  1.64658424e+00  2.57656436e+00  2.84288198e+00 
 4.22014000e-09  1.95350808e+00  1.64649192e+00  2.57659451e+00  2.84290114e+00 
 4.22064000e-09  1.95359888e+00  1.64640112e+00  2.57662481e+00  2.84292040e+00 
 4.22114000e-09  1.95368816e+00  1.64631184e+00  2.57665526e+00  2.84293974e+00 
 4.22164000e-09  1.95377593e+00  1.64622407e+00  2.57668587e+00  2.84295917e+00 
 4.22214000e-09  1.95386217e+00  1.64613783e+00  2.57671661e+00  2.84297868e+00 
 4.22264000e-09  1.95394690e+00  1.64605310e+00  2.57674751e+00  2.84299829e+00 
 4.22314000e-09  1.95403011e+00  1.64596989e+00  2.57677855e+00  2.84301798e+00 
 4.22364000e-09  1.95411180e+00  1.64588820e+00  2.57680974e+00  2.84303775e+00 
 4.22414000e-09  1.95419197e+00  1.64580803e+00  2.57684107e+00  2.84305762e+00 
 4.22464000e-09  1.95427062e+00  1.64572938e+00  2.57687255e+00  2.84307756e+00 
 4.22514000e-09  1.95434774e+00  1.64565226e+00  2.57690416e+00  2.84309759e+00 
 4.22564000e-09  1.95442335e+00  1.64557665e+00  2.57693592e+00  2.84311771e+00 
 4.22614000e-09  1.95449742e+00  1.64550258e+00  2.57696782e+00  2.84313791e+00 
 4.22664000e-09  1.95456998e+00  1.64543002e+00  2.57699986e+00  2.84315819e+00 
 4.22714000e-09  1.95464100e+00  1.64535900e+00  2.57703203e+00  2.84317856e+00 
 4.22764000e-09  1.95471050e+00  1.64528950e+00  2.57706435e+00  2.84319900e+00 
 4.22814000e-09  1.95477848e+00  1.64522152e+00  2.57709680e+00  2.84321953e+00 
 4.22864000e-09  1.95484492e+00  1.64515508e+00  2.57712938e+00  2.84324014e+00 
 4.22914000e-09  1.95490984e+00  1.64509016e+00  2.57716210e+00  2.84326083e+00 
 4.22964000e-09  1.95497323e+00  1.64502677e+00  2.57719496e+00  2.84328160e+00 
 4.23014000e-09  1.95503509e+00  1.64496491e+00  2.57722794e+00  2.84330246e+00 
 4.23064000e-09  1.95509542e+00  1.64490458e+00  2.57726106e+00  2.84332338e+00 
 4.23114000e-09  1.95515422e+00  1.64484578e+00  2.57729431e+00  2.84334439e+00 
 4.23164000e-09  1.95521148e+00  1.64478852e+00  2.57732769e+00  2.84336548e+00 
 4.23214000e-09  1.95526722e+00  1.64473278e+00  2.57736120e+00  2.84338664e+00 
 4.23264000e-09  1.95532142e+00  1.64467858e+00  2.57739484e+00  2.84340789e+00 
 4.23314000e-09  1.95537409e+00  1.64462591e+00  2.57742861e+00  2.84342920e+00 
 4.23364000e-09  1.95542523e+00  1.64457477e+00  2.57746250e+00  2.84345060e+00 
 4.23414000e-09  1.95547483e+00  1.64452517e+00  2.57749652e+00  2.84347207e+00 
 4.23464000e-09  1.95552290e+00  1.64447710e+00  2.57753066e+00  2.84349362e+00 
 4.23514000e-09  1.95556943e+00  1.64443057e+00  2.57756493e+00  2.84351524e+00 
 4.23564000e-09  1.95561443e+00  1.64438557e+00  2.57759932e+00  2.84353693e+00 
 4.23614000e-09  1.95565789e+00  1.64434211e+00  2.57763384e+00  2.84355870e+00 
 4.23664000e-09  1.95569982e+00  1.64430018e+00  2.57766848e+00  2.84358055e+00 
 4.23714000e-09  1.95574021e+00  1.64425979e+00  2.57770323e+00  2.84360246e+00 
 4.23764000e-09  1.95577906e+00  1.64422094e+00  2.57773811e+00  2.84362445e+00 
 4.23814000e-09  1.95581637e+00  1.64418363e+00  2.57777311e+00  2.84364651e+00 
 4.23864000e-09  1.95585215e+00  1.64414785e+00  2.57780822e+00  2.84366864e+00 
 4.23914000e-09  1.95588639e+00  1.64411361e+00  2.57784346e+00  2.84369085e+00 
 4.23964000e-09  1.95591909e+00  1.64408091e+00  2.57787881e+00  2.84371312e+00 
 4.24014000e-09  1.95595025e+00  1.64404975e+00  2.57791427e+00  2.84373546e+00 
 4.24064000e-09  1.95597987e+00  1.64402013e+00  2.57794985e+00  2.84375788e+00 
 4.24114000e-09  1.95600795e+00  1.64399205e+00  2.57798555e+00  2.84378036e+00 
 4.24164000e-09  1.95603449e+00  1.64396551e+00  2.57802136e+00  2.84380291e+00 
 4.24214000e-09  1.95605949e+00  1.64394051e+00  2.57805728e+00  2.84382553e+00 
 4.24264000e-09  1.95608296e+00  1.64391704e+00  2.57809332e+00  2.84384822e+00 
 4.24314000e-09  1.95610488e+00  1.64389512e+00  2.57812946e+00  2.84387097e+00 
 4.24364000e-09  1.95612526e+00  1.64387474e+00  2.57816572e+00  2.84389380e+00 
 4.24414000e-09  1.95614410e+00  1.64385590e+00  2.57820208e+00  2.84391669e+00 
 4.24464000e-09  1.95616140e+00  1.64383860e+00  2.57823856e+00  2.84393964e+00 
 4.24514000e-09  1.95617716e+00  1.64382284e+00  2.57827514e+00  2.84396266e+00 
 4.24564000e-09  1.95619137e+00  1.64380863e+00  2.57831184e+00  2.84398575e+00 
 4.24614000e-09  1.95620405e+00  1.64379595e+00  2.57834863e+00  2.84400890e+00 
 4.24664000e-09  1.95621518e+00  1.64378482e+00  2.57838554e+00  2.84403211e+00 
 4.24714000e-09  1.95622477e+00  1.64377523e+00  2.57842255e+00  2.84405539e+00 
 4.24764000e-09  1.95623282e+00  1.64376718e+00  2.57845966e+00  2.84407873e+00 
 4.24814000e-09  1.95623933e+00  1.64376067e+00  2.57849688e+00  2.84410213e+00 
 4.24864000e-09  1.95624430e+00  1.64375570e+00  2.57853420e+00  2.84412560e+00 
 4.24914000e-09  1.95624772e+00  1.64375228e+00  2.57857163e+00  2.84414913e+00 
 4.24964000e-09  1.95624960e+00  1.64375040e+00  2.57860915e+00  2.84417272e+00 
 4.25014000e-09  1.95624994e+00  1.64375006e+00  2.57864678e+00  2.84419637e+00 
 4.25064000e-09  1.95624874e+00  1.64375126e+00  2.57868450e+00  2.84422008e+00 
 4.25114000e-09  1.95624599e+00  1.64375401e+00  2.57872233e+00  2.84424385e+00 
 4.25164000e-09  1.95624170e+00  1.64375830e+00  2.57876026e+00  2.84426769e+00 
 4.25214000e-09  1.95623588e+00  1.64376412e+00  2.57879828e+00  2.84429158e+00 
 4.25264000e-09  1.95622850e+00  1.64377150e+00  2.57883640e+00  2.84431553e+00 
 4.25314000e-09  1.95621959e+00  1.64378041e+00  2.57887462e+00  2.84433953e+00 
 4.25364000e-09  1.95620914e+00  1.64379086e+00  2.57891293e+00  2.84436360e+00 
 4.25414000e-09  1.95619714e+00  1.64380286e+00  2.57895134e+00  2.84438772e+00 
 4.25464000e-09  1.95618360e+00  1.64381640e+00  2.57898984e+00  2.84441190e+00 
 4.25514000e-09  1.95616852e+00  1.64383148e+00  2.57902844e+00  2.84443614e+00 
 4.25564000e-09  1.95615190e+00  1.64384810e+00  2.57906713e+00  2.84446043e+00 
 4.25614000e-09  1.95613374e+00  1.64386626e+00  2.57910591e+00  2.84448478e+00 
 4.25664000e-09  1.95611404e+00  1.64388596e+00  2.57914478e+00  2.84450919e+00 
 4.25714000e-09  1.95609279e+00  1.64390721e+00  2.57918375e+00  2.84453364e+00 
 4.25764000e-09  1.95607001e+00  1.64392999e+00  2.57922280e+00  2.84455816e+00 
 4.25814000e-09  1.95604568e+00  1.64395432e+00  2.57926195e+00  2.84458272e+00 
 4.25864000e-09  1.95601982e+00  1.64398018e+00  2.57930119e+00  2.84460734e+00 
 4.25914000e-09  1.95599241e+00  1.64400759e+00  2.57934051e+00  2.84463202e+00 
 4.25964000e-09  1.95596347e+00  1.64403653e+00  2.57937992e+00  2.84465674e+00 
 4.26014000e-09  1.95593299e+00  1.64406701e+00  2.57941942e+00  2.84468152e+00 
 4.26064000e-09  1.95590096e+00  1.64409904e+00  2.57945900e+00  2.84470635e+00 
 4.26114000e-09  1.95586740e+00  1.64413260e+00  2.57949867e+00  2.84473123e+00 
 4.26164000e-09  1.95583230e+00  1.64416770e+00  2.57953843e+00  2.84475617e+00 
 4.26214000e-09  1.95579566e+00  1.64420434e+00  2.57957827e+00  2.84478115e+00 
 4.26264000e-09  1.95575749e+00  1.64424251e+00  2.57961820e+00  2.84480618e+00 
 4.26314000e-09  1.95571778e+00  1.64428222e+00  2.57965821e+00  2.84483127e+00 
 4.26364000e-09  1.95567653e+00  1.64432347e+00  2.57969830e+00  2.84485640e+00 
 4.26414000e-09  1.95563374e+00  1.64436626e+00  2.57973847e+00  2.84488158e+00 
 4.26464000e-09  1.95558942e+00  1.64441058e+00  2.57977872e+00  2.84490681e+00 
 4.26514000e-09  1.95554356e+00  1.64445644e+00  2.57981906e+00  2.84493208e+00 
 4.26564000e-09  1.95549617e+00  1.64450383e+00  2.57985947e+00  2.84495741e+00 
 4.26614000e-09  1.95544724e+00  1.64455276e+00  2.57989997e+00  2.84498278e+00 
 4.26664000e-09  1.95539678e+00  1.64460322e+00  2.57994054e+00  2.84500820e+00 
 4.26714000e-09  1.95534479e+00  1.64465521e+00  2.57998120e+00  2.84503366e+00 
 4.26764000e-09  1.95529126e+00  1.64470874e+00  2.58002193e+00  2.84505917e+00 
 4.26814000e-09  1.95523620e+00  1.64476380e+00  2.58006273e+00  2.84508472e+00 
 4.26864000e-09  1.95517960e+00  1.64482040e+00  2.58010362e+00  2.84511032e+00 
 4.26914000e-09  1.95512148e+00  1.64487852e+00  2.58014458e+00  2.84513597e+00 
 4.26964000e-09  1.95506182e+00  1.64493818e+00  2.58018561e+00  2.84516166e+00 
 4.27014000e-09  1.95500064e+00  1.64499936e+00  2.58022672e+00  2.84518739e+00 
 4.27064000e-09  1.95493792e+00  1.64506208e+00  2.58026791e+00  2.84521316e+00 
 4.27114000e-09  1.95487367e+00  1.64512633e+00  2.58030916e+00  2.84523898e+00 
 4.27164000e-09  1.95480790e+00  1.64519210e+00  2.58035049e+00  2.84526484e+00 
 4.27214000e-09  1.95474060e+00  1.64525940e+00  2.58039190e+00  2.84529074e+00 
 4.27264000e-09  1.95467177e+00  1.64532823e+00  2.58043337e+00  2.84531669e+00 
 4.27314000e-09  1.95460142e+00  1.64539858e+00  2.58047492e+00  2.84534267e+00 
 4.27364000e-09  1.95452953e+00  1.64547047e+00  2.58051654e+00  2.84536869e+00 
 4.27414000e-09  1.95445613e+00  1.64554387e+00  2.58055822e+00  2.84539476e+00 
 4.27464000e-09  1.95438120e+00  1.64561880e+00  2.58059998e+00  2.84542086e+00 
 4.27514000e-09  1.95430474e+00  1.64569526e+00  2.58064181e+00  2.84544701e+00 
 4.27564000e-09  1.95422677e+00  1.64577323e+00  2.58068370e+00  2.84547319e+00 
 4.27614000e-09  1.95414727e+00  1.64585273e+00  2.58072566e+00  2.84549941e+00 
 4.27664000e-09  1.95406624e+00  1.64593376e+00  2.58076769e+00  2.84552567e+00 
 4.27714000e-09  1.95398370e+00  1.64601630e+00  2.58080979e+00  2.84555197e+00 
 4.27764000e-09  1.95389964e+00  1.64610036e+00  2.58085195e+00  2.84557830e+00 
 4.27814000e-09  1.95381406e+00  1.64618594e+00  2.58089418e+00  2.84560467e+00 
 4.27864000e-09  1.95372696e+00  1.64627304e+00  2.58093647e+00  2.84563108e+00 
 4.27914000e-09  1.95363835e+00  1.64636165e+00  2.58097883e+00  2.84565752e+00 
 4.27964000e-09  1.95354822e+00  1.64645178e+00  2.58102125e+00  2.84568400e+00 
 4.28014000e-09  1.95345657e+00  1.64654343e+00  2.58106373e+00  2.84571052e+00 
 4.28064000e-09  1.95336341e+00  1.64663659e+00  2.58110628e+00  2.84573706e+00 
 4.28114000e-09  1.95326873e+00  1.64673127e+00  2.58114889e+00  2.84576365e+00 
 4.28164000e-09  1.95317254e+00  1.64682746e+00  2.58119157e+00  2.84579026e+00 
 4.28214000e-09  1.95307484e+00  1.64692516e+00  2.58123430e+00  2.84581691e+00 
 4.28264000e-09  1.95297563e+00  1.64702437e+00  2.58127710e+00  2.84584359e+00 
 4.28314000e-09  1.95287491e+00  1.64712509e+00  2.58131995e+00  2.84587031e+00 
 4.28364000e-09  1.95277268e+00  1.64722732e+00  2.58136287e+00  2.84589705e+00 
 4.28414000e-09  1.95266895e+00  1.64733105e+00  2.58140584e+00  2.84592383e+00 
 4.28464000e-09  1.95256370e+00  1.64743630e+00  2.58144888e+00  2.84595064e+00 
 4.28514000e-09  1.95245695e+00  1.64754305e+00  2.58149197e+00  2.84597748e+00 
 4.28564000e-09  1.95234870e+00  1.64765130e+00  2.58153512e+00  2.84600435e+00 
 4.28614000e-09  1.95223894e+00  1.64776106e+00  2.58157833e+00  2.84603125e+00 
 4.28664000e-09  1.95212768e+00  1.64787232e+00  2.58162159e+00  2.84605818e+00 
 4.28714000e-09  1.95201492e+00  1.64798508e+00  2.58166491e+00  2.84608513e+00 
 4.28764000e-09  1.95190066e+00  1.64809934e+00  2.58170829e+00  2.84611212e+00 
 4.28814000e-09  1.95178489e+00  1.64821511e+00  2.58175172e+00  2.84613913e+00 
 4.28864000e-09  1.95166763e+00  1.64833237e+00  2.58179521e+00  2.84616618e+00 
 4.28914000e-09  1.95154888e+00  1.64845112e+00  2.58183876e+00  2.84619324e+00 
 4.28964000e-09  1.95142863e+00  1.64857137e+00  2.58188235e+00  2.84622034e+00 
 4.29014000e-09  1.95130688e+00  1.64869312e+00  2.58192600e+00  2.84624746e+00 
 4.29064000e-09  1.95118364e+00  1.64881636e+00  2.58196971e+00  2.84627461e+00 
 4.29114000e-09  1.95105891e+00  1.64894109e+00  2.58201346e+00  2.84630178e+00 
 4.29164000e-09  1.95093268e+00  1.64906732e+00  2.58205727e+00  2.84632898e+00 
 4.29214000e-09  1.95080497e+00  1.64919503e+00  2.58210113e+00  2.84635620e+00 
 4.29264000e-09  1.95067577e+00  1.64932423e+00  2.58214504e+00  2.84638344e+00 
 4.29314000e-09  1.95054508e+00  1.64945492e+00  2.58218901e+00  2.84641071e+00 
 4.29364000e-09  1.95041291e+00  1.64958709e+00  2.58223302e+00  2.84643800e+00 
 4.29414000e-09  1.95027925e+00  1.64972075e+00  2.58227708e+00  2.84646532e+00 
 4.29464000e-09  1.95014411e+00  1.64985589e+00  2.58232120e+00  2.84649265e+00 
 4.29514000e-09  1.95000748e+00  1.64999252e+00  2.58236536e+00  2.84652001e+00 
 4.29564000e-09  1.94986938e+00  1.65013062e+00  2.58240957e+00  2.84654739e+00 
 4.29614000e-09  1.94972980e+00  1.65027020e+00  2.58245383e+00  2.84657479e+00 
 4.29664000e-09  1.94958874e+00  1.65041126e+00  2.58249814e+00  2.84660221e+00 
 4.29714000e-09  1.94944620e+00  1.65055380e+00  2.58254250e+00  2.84662965e+00 
 4.29764000e-09  1.94930219e+00  1.65069781e+00  2.58258690e+00  2.84665711e+00 
 4.29814000e-09  1.94915670e+00  1.65084330e+00  2.58263135e+00  2.84668458e+00 
 4.29864000e-09  1.94900974e+00  1.65099026e+00  2.58267585e+00  2.84671208e+00 
 4.29914000e-09  1.94886131e+00  1.65113869e+00  2.58272039e+00  2.84673959e+00 
 4.29964000e-09  1.94871142e+00  1.65128858e+00  2.58276498e+00  2.84676712e+00 
 4.30014000e-09  1.94856005e+00  1.65143995e+00  2.58280961e+00  2.84679466e+00 
 4.30064000e-09  1.94840722e+00  1.65159278e+00  2.58285429e+00  2.84682223e+00 
 4.30114000e-09  1.94825292e+00  1.65174708e+00  2.58289902e+00  2.84684980e+00 
 4.30164000e-09  1.94809716e+00  1.65190284e+00  2.58294378e+00  2.84687740e+00 
 4.30214000e-09  1.94793994e+00  1.65206006e+00  2.58298860e+00  2.84690500e+00 
 4.30264000e-09  1.94778126e+00  1.65221874e+00  2.58303345e+00  2.84693262e+00 
 4.30314000e-09  1.94762112e+00  1.65237888e+00  2.58307835e+00  2.84696026e+00 
 4.30364000e-09  1.94745952e+00  1.65254048e+00  2.58312329e+00  2.84698791e+00 
 4.30414000e-09  1.94729647e+00  1.65270353e+00  2.58316828e+00  2.84701557e+00 
 4.30464000e-09  1.94713196e+00  1.65286804e+00  2.58321330e+00  2.84704324e+00 
 4.30514000e-09  1.94696601e+00  1.65303399e+00  2.58325837e+00  2.84707092e+00 
 4.30564000e-09  1.94679860e+00  1.65320140e+00  2.58330348e+00  2.84709861e+00 
 4.30614000e-09  1.94662974e+00  1.65337026e+00  2.58334864e+00  2.84712632e+00 
 4.30664000e-09  1.94645943e+00  1.65354057e+00  2.58339383e+00  2.84715403e+00 
 4.30714000e-09  1.94628768e+00  1.65371232e+00  2.58343906e+00  2.84718175e+00 
 4.30764000e-09  1.94611449e+00  1.65388551e+00  2.58348434e+00  2.84720948e+00 
 4.30814000e-09  1.94593985e+00  1.65406015e+00  2.58352965e+00  2.84723722e+00 
 4.30864000e-09  1.94576378e+00  1.65423622e+00  2.58357501e+00  2.84726497e+00 
 4.30914000e-09  1.94558626e+00  1.65441374e+00  2.58362040e+00  2.84729272e+00 
 4.30964000e-09  1.94540731e+00  1.65459269e+00  2.58366584e+00  2.84732048e+00 
 4.31014000e-09  1.94522692e+00  1.65477308e+00  2.58371131e+00  2.84734824e+00 
 4.31064000e-09  1.94504510e+00  1.65495490e+00  2.58375683e+00  2.84737601e+00 
 4.31114000e-09  1.94486185e+00  1.65513815e+00  2.58380238e+00  2.84740379e+00 
 4.31164000e-09  1.94467717e+00  1.65532283e+00  2.58384797e+00  2.84743156e+00 
 4.31214000e-09  1.94449106e+00  1.65550894e+00  2.58389360e+00  2.84745934e+00 
 4.31264000e-09  1.94430352e+00  1.65569648e+00  2.58393926e+00  2.84748713e+00 
 4.31314000e-09  1.94411456e+00  1.65588544e+00  2.58398497e+00  2.84751491e+00 
 4.31364000e-09  1.94392418e+00  1.65607582e+00  2.58403071e+00  2.84754269e+00 
 4.31414000e-09  1.94373238e+00  1.65626762e+00  2.58407649e+00  2.84757048e+00 
 4.31464000e-09  1.94353916e+00  1.65646084e+00  2.58412231e+00  2.84759826e+00 
 4.31514000e-09  1.94334452e+00  1.65665548e+00  2.58416817e+00  2.84762605e+00 
 4.31564000e-09  1.94314847e+00  1.65685153e+00  2.58421406e+00  2.84765383e+00 
 4.31614000e-09  1.94295100e+00  1.65704900e+00  2.58425999e+00  2.84768161e+00 
 4.31664000e-09  1.94275212e+00  1.65724788e+00  2.58430595e+00  2.84770938e+00 
 4.31714000e-09  1.94255184e+00  1.65744816e+00  2.58435196e+00  2.84773716e+00 
 4.31764000e-09  1.94235015e+00  1.65764985e+00  2.58439800e+00  2.84776492e+00 
 4.31814000e-09  1.94214705e+00  1.65785295e+00  2.58444408e+00  2.84779269e+00 
 4.31864000e-09  1.94194255e+00  1.65805745e+00  2.58449019e+00  2.84782044e+00 
 4.31914000e-09  1.94173665e+00  1.65826335e+00  2.58453634e+00  2.84784819e+00 
 4.31964000e-09  1.94152935e+00  1.65847065e+00  2.58458253e+00  2.84787593e+00 
 4.32014000e-09  1.94132065e+00  1.65867935e+00  2.58462875e+00  2.84790366e+00 
 4.32064000e-09  1.94111056e+00  1.65888944e+00  2.58467501e+00  2.84793139e+00 
 4.32114000e-09  1.94089908e+00  1.65910092e+00  2.58472131e+00  2.84795910e+00 
 4.32164000e-09  1.94068620e+00  1.65931380e+00  2.58476764e+00  2.84798680e+00 
 4.32214000e-09  1.94047194e+00  1.65952806e+00  2.58481401e+00  2.84801449e+00 
 4.32264000e-09  1.94025629e+00  1.65974371e+00  2.58486042e+00  2.84804216e+00 
 4.32314000e-09  1.94003925e+00  1.65996075e+00  2.58490686e+00  2.84806983e+00 
 4.32364000e-09  1.93982084e+00  1.66017916e+00  2.58495334e+00  2.84809747e+00 
 4.32414000e-09  1.93960104e+00  1.66039896e+00  2.58499986e+00  2.84812511e+00 
 4.32464000e-09  1.93937987e+00  1.66062013e+00  2.58504641e+00  2.84815272e+00 
 4.32514000e-09  1.93915732e+00  1.66084268e+00  2.58509300e+00  2.84818032e+00 
 4.32564000e-09  1.93893339e+00  1.66106661e+00  2.58513963e+00  2.84820790e+00 
 4.32614000e-09  1.93870810e+00  1.66129190e+00  2.58518629e+00  2.84823546e+00 
 4.32664000e-09  1.93848144e+00  1.66151856e+00  2.58523299e+00  2.84826300e+00 
 4.32714000e-09  1.93825341e+00  1.66174659e+00  2.58527973e+00  2.84829052e+00 
 4.32764000e-09  1.93802401e+00  1.66197599e+00  2.58532651e+00  2.84831801e+00 
 4.32814000e-09  1.93779326e+00  1.66220674e+00  2.58537332e+00  2.84834548e+00 
 4.32864000e-09  1.93756114e+00  1.66243886e+00  2.58542018e+00  2.84837293e+00 
 4.32914000e-09  1.93732766e+00  1.66267234e+00  2.58546707e+00  2.84840035e+00 
 4.32964000e-09  1.93709283e+00  1.66290717e+00  2.58551400e+00  2.84842774e+00 
 4.33014000e-09  1.93685665e+00  1.66314335e+00  2.58556097e+00  2.84845511e+00 
 4.33064000e-09  1.93661912e+00  1.66338088e+00  2.58560798e+00  2.84848244e+00 
 4.33114000e-09  1.93638024e+00  1.66361976e+00  2.58565503e+00  2.84850975e+00 
 4.33164000e-09  1.93614001e+00  1.66385999e+00  2.58570212e+00  2.84853702e+00 
 4.33214000e-09  1.93589844e+00  1.66410156e+00  2.58574925e+00  2.84856426e+00 
 4.33264000e-09  1.93565552e+00  1.66434448e+00  2.58579642e+00  2.84859146e+00 
 4.33314000e-09  1.93541127e+00  1.66458873e+00  2.58584363e+00  2.84861863e+00 
 4.33364000e-09  1.93516568e+00  1.66483432e+00  2.58589088e+00  2.84864576e+00 
 4.33414000e-09  1.93491876e+00  1.66508124e+00  2.58593818e+00  2.84867286e+00 
 4.33464000e-09  1.93467051e+00  1.66532949e+00  2.58598552e+00  2.84869991e+00 
 4.33514000e-09  1.93442092e+00  1.66557908e+00  2.58603290e+00  2.84872692e+00 
 4.33564000e-09  1.93417002e+00  1.66582998e+00  2.58608033e+00  2.84875389e+00 
 4.33614000e-09  1.93391778e+00  1.66608222e+00  2.58612780e+00  2.84878081e+00 
 4.33664000e-09  1.93366423e+00  1.66633577e+00  2.58617532e+00  2.84880769e+00 
 4.33714000e-09  1.93340935e+00  1.66659065e+00  2.58622288e+00  2.84883452e+00 
 4.33764000e-09  1.93315316e+00  1.66684684e+00  2.58627050e+00  2.84886130e+00 
 4.33814000e-09  1.93289565e+00  1.66710435e+00  2.58631815e+00  2.84888802e+00 
 4.33864000e-09  1.93263684e+00  1.66736316e+00  2.58636586e+00  2.84891470e+00 
 4.33914000e-09  1.93237671e+00  1.66762329e+00  2.58641362e+00  2.84894132e+00 
 4.33964000e-09  1.93211528e+00  1.66788472e+00  2.58646142e+00  2.84896788e+00 
 4.34014000e-09  1.93185254e+00  1.66814746e+00  2.58650928e+00  2.84899439e+00 
 4.34064000e-09  1.93158850e+00  1.66841150e+00  2.58655719e+00  2.84902083e+00 
 4.34114000e-09  1.93132317e+00  1.66867683e+00  2.58660516e+00  2.84904722e+00 
 4.34164000e-09  1.93105653e+00  1.66894347e+00  2.58665317e+00  2.84907354e+00 
 4.34214000e-09  1.93078861e+00  1.66921139e+00  2.58670125e+00  2.84909979e+00 
 4.34264000e-09  1.93051939e+00  1.66948061e+00  2.58674937e+00  2.84912597e+00 
 4.34314000e-09  1.93024888e+00  1.66975112e+00  2.58679756e+00  2.84915208e+00 
 4.34364000e-09  1.92997709e+00  1.67002291e+00  2.58684581e+00  2.84917812e+00 
 4.34414000e-09  1.92970402e+00  1.67029598e+00  2.58689411e+00  2.84920409e+00 
 4.34464000e-09  1.92942967e+00  1.67057033e+00  2.58694248e+00  2.84922998e+00 
 4.34514000e-09  1.92915403e+00  1.67084597e+00  2.58699091e+00  2.84925578e+00 
 4.34564000e-09  1.92887713e+00  1.67112287e+00  2.58703940e+00  2.84928151e+00 
 4.34614000e-09  1.92859895e+00  1.67140105e+00  2.58708796e+00  2.84930715e+00 
 4.34664000e-09  1.92831950e+00  1.67168050e+00  2.58713659e+00  2.84933270e+00 
 4.34714000e-09  1.92803879e+00  1.67196121e+00  2.58718528e+00  2.84935817e+00 
 4.34764000e-09  1.92775681e+00  1.67224319e+00  2.58723405e+00  2.84938354e+00 
 4.34814000e-09  1.92747357e+00  1.67252643e+00  2.58728289e+00  2.84940881e+00 
 4.34864000e-09  1.92718908e+00  1.67281092e+00  2.58733180e+00  2.84943398e+00 
 4.34914000e-09  1.92690333e+00  1.67309667e+00  2.58738079e+00  2.84945906e+00 
 4.34964000e-09  1.92661632e+00  1.67338368e+00  2.58742985e+00  2.84948403e+00 
 4.35014000e-09  1.92632807e+00  1.67367193e+00  2.58747900e+00  2.84950889e+00 
 4.35064000e-09  1.92603857e+00  1.67396143e+00  2.58752823e+00  2.84953364e+00 
 4.35114000e-09  1.92574782e+00  1.67425218e+00  2.58757754e+00  2.84955827e+00 
 4.35164000e-09  1.92545584e+00  1.67454416e+00  2.58762694e+00  2.84958279e+00 
 4.35214000e-09  1.92516261e+00  1.67483739e+00  2.58767643e+00  2.84960719e+00 
 4.35264000e-09  1.92486815e+00  1.67513185e+00  2.58772601e+00  2.84963146e+00 
 4.35314000e-09  1.92457246e+00  1.67542754e+00  2.58777568e+00  2.84965560e+00 
 4.35364000e-09  1.92427554e+00  1.67572446e+00  2.58782545e+00  2.84967961e+00 
 4.35414000e-09  1.92397740e+00  1.67602260e+00  2.58787532e+00  2.84970348e+00 
 4.35464000e-09  1.92367802e+00  1.67632198e+00  2.58792530e+00  2.84972722e+00 
 4.35514000e-09  1.92337743e+00  1.67662257e+00  2.58797537e+00  2.84975080e+00 
 4.35564000e-09  1.92307562e+00  1.67692438e+00  2.58802556e+00  2.84977424e+00 
 4.35614000e-09  1.92277260e+00  1.67722740e+00  2.58807585e+00  2.84979753e+00 
 4.35664000e-09  1.92246836e+00  1.67753164e+00  2.58812626e+00  2.84982066e+00 
 4.35714000e-09  1.92216292e+00  1.67783708e+00  2.58817679e+00  2.84984362e+00 
 4.35764000e-09  1.92185627e+00  1.67814373e+00  2.58822743e+00  2.84986642e+00 
 4.35814000e-09  1.92154841e+00  1.67845159e+00  2.58827821e+00  2.84988904e+00 
 4.35864000e-09  1.92123936e+00  1.67876064e+00  2.58832911e+00  2.84991149e+00 
 4.35914000e-09  1.92092911e+00  1.67907089e+00  2.58838014e+00  2.84993375e+00 
 4.35964000e-09  1.92061767e+00  1.67938233e+00  2.58843131e+00  2.84995583e+00 
 4.36014000e-09  1.92030504e+00  1.67969496e+00  2.58848262e+00  2.84997771e+00 
 4.36064000e-09  1.91999122e+00  1.68000878e+00  2.58853407e+00  2.84999940e+00 
 4.36114000e-09  1.91967621e+00  1.68032379e+00  2.58858567e+00  2.85002087e+00 
 4.36164000e-09  1.91936003e+00  1.68063997e+00  2.58863743e+00  2.85004214e+00 
 4.36214000e-09  1.91904266e+00  1.68095734e+00  2.58868934e+00  2.85006319e+00 
 4.36264000e-09  1.91872412e+00  1.68127588e+00  2.58874141e+00  2.85008401e+00 
 4.36314000e-09  1.91840441e+00  1.68159559e+00  2.58879366e+00  2.85010460e+00 
 4.36364000e-09  1.91808353e+00  1.68191647e+00  2.58884607e+00  2.85012496e+00 
 4.36414000e-09  1.91776149e+00  1.68223851e+00  2.58889867e+00  2.85014507e+00 
 4.36464000e-09  1.91743828e+00  1.68256172e+00  2.58895145e+00  2.85016493e+00 
 4.36514000e-09  1.91711392e+00  1.68288608e+00  2.58900441e+00  2.85018453e+00 
 4.36564000e-09  1.91678839e+00  1.68321161e+00  2.58905758e+00  2.85020386e+00 
 4.36614000e-09  1.91646172e+00  1.68353828e+00  2.58911094e+00  2.85022291e+00 
 4.36664000e-09  1.91613390e+00  1.68386610e+00  2.58916451e+00  2.85024169e+00 
 4.36714000e-09  1.91580492e+00  1.68419508e+00  2.58921830e+00  2.85026017e+00 
 4.36764000e-09  1.91547481e+00  1.68452519e+00  2.58927231e+00  2.85027835e+00 
 4.36814000e-09  1.91514356e+00  1.68485644e+00  2.58932654e+00  2.85029622e+00 
 4.36864000e-09  1.91481117e+00  1.68518883e+00  2.58938101e+00  2.85031377e+00 
 4.36914000e-09  1.91447765e+00  1.68552235e+00  2.58943573e+00  2.85033099e+00 
 4.36964000e-09  1.91414300e+00  1.68585700e+00  2.58949069e+00  2.85034788e+00 
 4.37014000e-09  1.91380722e+00  1.68619278e+00  2.58954591e+00  2.85036441e+00 
 4.37064000e-09  1.91347031e+00  1.68652969e+00  2.58960140e+00  2.85038059e+00 
 4.37114000e-09  1.91313229e+00  1.68686771e+00  2.58965716e+00  2.85039640e+00 
 4.37164000e-09  1.91279315e+00  1.68720685e+00  2.58971321e+00  2.85041183e+00 
 4.37214000e-09  1.91245290e+00  1.68754710e+00  2.58976955e+00  2.85042687e+00 
 4.37264000e-09  1.91211154e+00  1.68788846e+00  2.58982619e+00  2.85044150e+00 
 4.37314000e-09  1.91176907e+00  1.68823093e+00  2.58988315e+00  2.85045572e+00 
 4.37364000e-09  1.91142550e+00  1.68857450e+00  2.58994042e+00  2.85046951e+00 
 4.37414000e-09  1.91108083e+00  1.68891917e+00  2.58999803e+00  2.85048286e+00 
 4.37464000e-09  1.91073506e+00  1.68926494e+00  2.59005598e+00  2.85049575e+00 
 4.37514000e-09  1.91038820e+00  1.68961180e+00  2.59011429e+00  2.85050817e+00 
 4.37564000e-09  1.91004025e+00  1.68995975e+00  2.59017295e+00  2.85052012e+00 
 4.37614000e-09  1.90969122e+00  1.69030878e+00  2.59023200e+00  2.85053156e+00 
 4.37664000e-09  1.90934110e+00  1.69065890e+00  2.59029143e+00  2.85054250e+00 
 4.37714000e-09  1.90898990e+00  1.69101010e+00  2.59035127e+00  2.85055291e+00 
 4.37764000e-09  1.90863763e+00  1.69136237e+00  2.59041152e+00  2.85056277e+00 
 4.37814000e-09  1.90828428e+00  1.69171572e+00  2.59047219e+00  2.85057208e+00 
 4.37864000e-09  1.90792987e+00  1.69207013e+00  2.59053331e+00  2.85058081e+00 
 4.37914000e-09  1.90757439e+00  1.69242561e+00  2.59059488e+00  2.85058894e+00 
 4.37964000e-09  1.90721785e+00  1.69278215e+00  2.59065692e+00  2.85059647e+00 
 4.38014000e-09  1.90686025e+00  1.69313975e+00  2.59071945e+00  2.85060336e+00 
 4.38064000e-09  1.90650160e+00  1.69349840e+00  2.59078248e+00  2.85060961e+00 
 4.38114000e-09  1.90614189e+00  1.69385811e+00  2.59084602e+00  2.85061518e+00 
 4.38164000e-09  1.90578114e+00  1.69421886e+00  2.59091010e+00  2.85062007e+00 
 4.38214000e-09  1.90541934e+00  1.69458066e+00  2.59097472e+00  2.85062425e+00 
 4.38264000e-09  1.90505651e+00  1.69494349e+00  2.59103992e+00  2.85062769e+00 
 4.38314000e-09  1.90469263e+00  1.69530737e+00  2.59110569e+00  2.85063038e+00 
 4.38364000e-09  1.90432773e+00  1.69567227e+00  2.59117208e+00  2.85063230e+00 
 4.38414000e-09  1.90396179e+00  1.69603821e+00  2.59123908e+00  2.85063342e+00 
 4.38464000e-09  1.90359483e+00  1.69640517e+00  2.59130673e+00  2.85063371e+00 
 4.38514000e-09  1.90322684e+00  1.69677316e+00  2.59137505e+00  2.85063316e+00 
 4.38564000e-09  1.90285784e+00  1.69714216e+00  2.59144405e+00  2.85063173e+00 
 4.38614000e-09  1.90248782e+00  1.69751218e+00  2.59151375e+00  2.85062940e+00 
 4.38664000e-09  1.90211679e+00  1.69788321e+00  2.59158419e+00  2.85062614e+00 
 4.38714000e-09  1.90174475e+00  1.69825525e+00  2.59165537e+00  2.85062193e+00 
 4.38764000e-09  1.90137170e+00  1.69862830e+00  2.59172734e+00  2.85061674e+00 
 4.38814000e-09  1.90099766e+00  1.69900234e+00  2.59180010e+00  2.85061053e+00 
 4.38864000e-09  1.90062262e+00  1.69937738e+00  2.59187369e+00  2.85060327e+00 
 4.38914000e-09  1.90024659e+00  1.69975341e+00  2.59194814e+00  2.85059494e+00 
 4.38964000e-09  1.89986957e+00  1.70013043e+00  2.59202346e+00  2.85058551e+00 
 4.39014000e-09  1.89949156e+00  1.70050844e+00  2.59209969e+00  2.85057493e+00 
 4.39064000e-09  1.89911257e+00  1.70088743e+00  2.59217685e+00  2.85056318e+00 
 4.39114000e-09  1.89873260e+00  1.70126740e+00  2.59225498e+00  2.85055021e+00 
 4.39164000e-09  1.89835166e+00  1.70164834e+00  2.59233410e+00  2.85053601e+00 
 4.39214000e-09  1.89796974e+00  1.70203026e+00  2.59241425e+00  2.85052052e+00 
 4.39264000e-09  1.89758686e+00  1.70241314e+00  2.59249546e+00  2.85050370e+00 
 4.39314000e-09  1.89720302e+00  1.70279698e+00  2.59257775e+00  2.85048553e+00 
 4.39364000e-09  1.89681821e+00  1.70318179e+00  2.59266117e+00  2.85046596e+00 
 4.39414000e-09  1.89643246e+00  1.70356754e+00  2.59274575e+00  2.85044495e+00 
 4.39464000e-09  1.89604575e+00  1.70395425e+00  2.59283152e+00  2.85042245e+00 
 4.39514000e-09  1.89565809e+00  1.70434191e+00  2.59291853e+00  2.85039843e+00 
 4.39564000e-09  1.89526949e+00  1.70473051e+00  2.59300680e+00  2.85037283e+00 
 4.39614000e-09  1.89487994e+00  1.70512006e+00  2.59309638e+00  2.85034561e+00 
 4.39664000e-09  1.89448946e+00  1.70551054e+00  2.59318731e+00  2.85031673e+00 
 4.39714000e-09  1.89409805e+00  1.70590195e+00  2.59327962e+00  2.85028614e+00 
 4.39764000e-09  1.89370571e+00  1.70629429e+00  2.59337337e+00  2.85025379e+00 
 4.39814000e-09  1.89331245e+00  1.70668755e+00  2.59346859e+00  2.85021962e+00 
 4.39864000e-09  1.89291826e+00  1.70708174e+00  2.59356533e+00  2.85018358e+00 
 4.39914000e-09  1.89252316e+00  1.70747684e+00  2.59366362e+00  2.85014563e+00 
 4.39964000e-09  1.89212714e+00  1.70787286e+00  2.59376353e+00  2.85010570e+00 
 4.40014000e-09  1.89173022e+00  1.70826978e+00  2.59386510e+00  2.85006374e+00 
 4.40064000e-09  1.89133238e+00  1.70866762e+00  2.59396837e+00  2.85001970e+00 
 4.40114000e-09  1.89093365e+00  1.70906635e+00  2.59407340e+00  2.84997351e+00 
 4.40164000e-09  1.89053402e+00  1.70946598e+00  2.59418023e+00  2.84992511e+00 
 4.40214000e-09  1.89013350e+00  1.70986650e+00  2.59428892e+00  2.84987445e+00 
 4.40264000e-09  1.88973209e+00  1.71026791e+00  2.59439953e+00  2.84982145e+00 
 4.40314000e-09  1.88932979e+00  1.71067021e+00  2.59451211e+00  2.84976606e+00 
 4.40364000e-09  1.88892661e+00  1.71107339e+00  2.59462671e+00  2.84970821e+00 
 4.40414000e-09  1.88852255e+00  1.71147745e+00  2.59474339e+00  2.84964784e+00 
 4.40464000e-09  1.88811762e+00  1.71188238e+00  2.59486222e+00  2.84958487e+00 
 4.40514000e-09  1.88771182e+00  1.71228818e+00  2.59498324e+00  2.84951923e+00 
 4.40564000e-09  1.88730515e+00  1.71269485e+00  2.59510653e+00  2.84945085e+00 
 4.40614000e-09  1.88689762e+00  1.71310238e+00  2.59523215e+00  2.84937967e+00 
 4.40664000e-09  1.88648923e+00  1.71351077e+00  2.59536016e+00  2.84930560e+00 
 4.40714000e-09  1.88607999e+00  1.71392001e+00  2.59549062e+00  2.84922857e+00 
 4.40764000e-09  1.88566990e+00  1.71433010e+00  2.59562360e+00  2.84914851e+00 
 4.40814000e-09  1.88525897e+00  1.71474103e+00  2.59575918e+00  2.84906532e+00 
 4.40864000e-09  1.88484719e+00  1.71515281e+00  2.59589741e+00  2.84897895e+00 
 4.40914000e-09  1.88443458e+00  1.71556542e+00  2.59603838e+00  2.84888930e+00 
 4.40964000e-09  1.88402113e+00  1.71597887e+00  2.59618215e+00  2.84879629e+00 
 4.41014000e-09  1.88360686e+00  1.71639314e+00  2.59632879e+00  2.84869983e+00 
 4.41064000e-09  1.88319175e+00  1.71680825e+00  2.59647838e+00  2.84859985e+00 
 4.41114000e-09  1.88277583e+00  1.71722417e+00  2.59663100e+00  2.84849626e+00 
 4.41164000e-09  1.88235909e+00  1.71764091e+00  2.59678672e+00  2.84838896e+00 
 4.41214000e-09  1.88194154e+00  1.71805846e+00  2.59694562e+00  2.84827788e+00 
 4.41264000e-09  1.88152318e+00  1.71847682e+00  2.59710778e+00  2.84816291e+00 
 4.41314000e-09  1.88110401e+00  1.71889599e+00  2.59727328e+00  2.84804397e+00 
 4.41364000e-09  1.88068405e+00  1.71931595e+00  2.59744220e+00  2.84792097e+00 
 4.41414000e-09  1.88026328e+00  1.71973672e+00  2.59761463e+00  2.84779381e+00 
 4.41464000e-09  1.87984173e+00  1.72015827e+00  2.59779064e+00  2.84766241e+00 
 4.41514000e-09  1.87941939e+00  1.72058061e+00  2.59797032e+00  2.84752665e+00 
 4.41564000e-09  1.87899626e+00  1.72100374e+00  2.59815376e+00  2.84738645e+00 
 4.41614000e-09  1.87857235e+00  1.72142765e+00  2.59834104e+00  2.84724172e+00 
 4.41664000e-09  1.87814767e+00  1.72185233e+00  2.59853225e+00  2.84709235e+00 
 4.41714000e-09  1.87772222e+00  1.72227778e+00  2.59872748e+00  2.84693824e+00 
 4.41764000e-09  1.87729600e+00  1.72270400e+00  2.59892681e+00  2.84677930e+00 
 4.41814000e-09  1.87686902e+00  1.72313098e+00  2.59913034e+00  2.84661543e+00 
 4.41864000e-09  1.87644127e+00  1.72355873e+00  2.59933816e+00  2.84644653e+00 
 4.41914000e-09  1.87601278e+00  1.72398722e+00  2.59955034e+00  2.84627249e+00 
 4.41964000e-09  1.87558353e+00  1.72441647e+00  2.59976700e+00  2.84609323e+00 
 4.42014000e-09  1.87515354e+00  1.72484646e+00  2.59998821e+00  2.84590863e+00 
 4.42064000e-09  1.87472280e+00  1.72527720e+00  2.60021407e+00  2.84571860e+00 
 4.42114000e-09  1.87429133e+00  1.72570867e+00  2.60044467e+00  2.84552303e+00 
 4.42164000e-09  1.87385913e+00  1.72614087e+00  2.60068009e+00  2.84532184e+00 
 4.42214000e-09  1.87342619e+00  1.72657381e+00  2.60092044e+00  2.84511491e+00 
 4.42264000e-09  1.87299254e+00  1.72700746e+00  2.60116581e+00  2.84490214e+00 
 4.42314000e-09  1.87255816e+00  1.72744184e+00  2.60141628e+00  2.84468345e+00 
 4.42364000e-09  1.87212306e+00  1.72787694e+00  2.60167195e+00  2.84445872e+00 
 4.42414000e-09  1.87168726e+00  1.72831274e+00  2.60193290e+00  2.84422786e+00 
 4.42464000e-09  1.87125074e+00  1.72874926e+00  2.60219923e+00  2.84399078e+00 
 4.42514000e-09  1.87081352e+00  1.72918648e+00  2.60247103e+00  2.84374738e+00 
 4.42564000e-09  1.87037561e+00  1.72962439e+00  2.60274839e+00  2.84349756e+00 
 4.42614000e-09  1.86993700e+00  1.73006300e+00  2.60303139e+00  2.84324122e+00 
 4.42664000e-09  1.86949770e+00  1.73050230e+00  2.60332013e+00  2.84297828e+00 
 4.42714000e-09  1.86905771e+00  1.73094229e+00  2.60361469e+00  2.84270865e+00 
 4.42764000e-09  1.86861704e+00  1.73138296e+00  2.60391515e+00  2.84243222e+00 
 4.42814000e-09  1.86817569e+00  1.73182431e+00  2.60422161e+00  2.84214892e+00 
 4.42864000e-09  1.86773367e+00  1.73226633e+00  2.60453413e+00  2.84185866e+00 
 4.42914000e-09  1.86729099e+00  1.73270901e+00  2.60485282e+00  2.84156135e+00 
 4.42964000e-09  1.86684764e+00  1.73315236e+00  2.60517774e+00  2.84125691e+00 
 4.43014000e-09  1.86640362e+00  1.73359638e+00  2.60550898e+00  2.84094525e+00 
 4.43064000e-09  1.86595896e+00  1.73404104e+00  2.60584661e+00  2.84062631e+00 
 4.43114000e-09  1.86551364e+00  1.73448636e+00  2.60619071e+00  2.84029999e+00 
 4.43164000e-09  1.86506768e+00  1.73493232e+00  2.60654135e+00  2.83996623e+00 
 4.43214000e-09  1.86462107e+00  1.73537893e+00  2.60689861e+00  2.83962495e+00 
 4.43264000e-09  1.86417383e+00  1.73582617e+00  2.60726256e+00  2.83927608e+00 
 4.43314000e-09  1.86372595e+00  1.73627405e+00  2.60763325e+00  2.83891957e+00 
 4.43364000e-09  1.86327744e+00  1.73672256e+00  2.60801077e+00  2.83855533e+00 
 4.43414000e-09  1.86282831e+00  1.73717169e+00  2.60839517e+00  2.83818331e+00 
 4.43464000e-09  1.86237856e+00  1.73762144e+00  2.60878652e+00  2.83780345e+00 
 4.43514000e-09  1.86192819e+00  1.73807181e+00  2.60918487e+00  2.83741569e+00 
 4.43564000e-09  1.86147722e+00  1.73852278e+00  2.60959028e+00  2.83701999e+00 
 4.43614000e-09  1.86102563e+00  1.73897437e+00  2.61000280e+00  2.83661628e+00 
 4.43664000e-09  1.86057344e+00  1.73942656e+00  2.61042248e+00  2.83620452e+00 
 4.43714000e-09  1.86012066e+00  1.73987934e+00  2.61084938e+00  2.83578468e+00 
 4.43764000e-09  1.85966728e+00  1.74033272e+00  2.61128355e+00  2.83535669e+00 
 4.43814000e-09  1.85921331e+00  1.74078669e+00  2.61172501e+00  2.83492054e+00 
 4.43864000e-09  1.85875876e+00  1.74124124e+00  2.61217382e+00  2.83447618e+00 
 4.43914000e-09  1.85830363e+00  1.74169637e+00  2.61263001e+00  2.83402358e+00 
 4.43964000e-09  1.85784792e+00  1.74215208e+00  2.61309361e+00  2.83356272e+00 
 4.44014000e-09  1.85739165e+00  1.74260835e+00  2.61356467e+00  2.83309356e+00 
 4.44064000e-09  1.85693480e+00  1.74306520e+00  2.61404320e+00  2.83261610e+00 
 4.44114000e-09  1.85647740e+00  1.74352260e+00  2.61452924e+00  2.83213030e+00 
 4.44164000e-09  1.85601943e+00  1.74398057e+00  2.61502281e+00  2.83163615e+00 
 4.44214000e-09  1.85556092e+00  1.74443908e+00  2.61552393e+00  2.83113365e+00 
 4.44264000e-09  1.85510185e+00  1.74489815e+00  2.61603262e+00  2.83062278e+00 
 4.44314000e-09  1.85464224e+00  1.74535776e+00  2.61654888e+00  2.83010353e+00 
 4.44364000e-09  1.85418209e+00  1.74581791e+00  2.61707275e+00  2.82957592e+00 
 4.44414000e-09  1.85372141e+00  1.74627859e+00  2.61760421e+00  2.82903993e+00 
 4.44464000e-09  1.85326020e+00  1.74673980e+00  2.61814329e+00  2.82849558e+00 
 4.44514000e-09  1.85279846e+00  1.74720154e+00  2.61868999e+00  2.82794287e+00 
 4.44564000e-09  1.85233620e+00  1.74766380e+00  2.61924430e+00  2.82738181e+00 
 4.44614000e-09  1.85187342e+00  1.74812658e+00  2.61980622e+00  2.82681242e+00 
 4.44664000e-09  1.85141014e+00  1.74858986e+00  2.62037576e+00  2.82623471e+00 
 4.44714000e-09  1.85094634e+00  1.74905366e+00  2.62095290e+00  2.82564871e+00 
 4.44764000e-09  1.85048204e+00  1.74951796e+00  2.62153763e+00  2.82505443e+00 
 4.44814000e-09  1.85001725e+00  1.74998275e+00  2.62212995e+00  2.82445192e+00 
 4.44864000e-09  1.84955196e+00  1.75044804e+00  2.62272983e+00  2.82384118e+00 
 4.44914000e-09  1.84908618e+00  1.75091382e+00  2.62333726e+00  2.82322227e+00 
 4.44964000e-09  1.84861991e+00  1.75138009e+00  2.62395223e+00  2.82259521e+00 
 4.45014000e-09  1.84815317e+00  1.75184683e+00  2.62457470e+00  2.82196004e+00 
 4.45064000e-09  1.84768595e+00  1.75231405e+00  2.62520466e+00  2.82131680e+00 
 4.45114000e-09  1.84721826e+00  1.75278174e+00  2.62584207e+00  2.82066553e+00 
 4.45164000e-09  1.84675011e+00  1.75324989e+00  2.62648691e+00  2.82000628e+00 
 4.45214000e-09  1.84628149e+00  1.75371851e+00  2.62713914e+00  2.81933910e+00 
 4.45264000e-09  1.84581241e+00  1.75418759e+00  2.62779874e+00  2.81866403e+00 
 4.45314000e-09  1.84534289e+00  1.75465711e+00  2.62846565e+00  2.81798112e+00 
 4.45364000e-09  1.84487292e+00  1.75512708e+00  2.62913985e+00  2.81729044e+00 
 4.45414000e-09  1.84440250e+00  1.75559750e+00  2.62982128e+00  2.81659202e+00 
 4.45464000e-09  1.84393164e+00  1.75606836e+00  2.63050990e+00  2.81588593e+00 
 4.45514000e-09  1.84346036e+00  1.75653964e+00  2.63120567e+00  2.81517223e+00 
 4.45564000e-09  1.84298864e+00  1.75701136e+00  2.63190853e+00  2.81445096e+00 
 4.45614000e-09  1.84251650e+00  1.75748350e+00  2.63261842e+00  2.81372220e+00 
 4.45664000e-09  1.84204394e+00  1.75795606e+00  2.63333529e+00  2.81298598e+00 
 4.45714000e-09  1.84157096e+00  1.75842904e+00  2.63405907e+00  2.81224239e+00 
 4.45764000e-09  1.84109757e+00  1.75890243e+00  2.63478971e+00  2.81149146e+00 
 4.45814000e-09  1.84062378e+00  1.75937622e+00  2.63552713e+00  2.81073326e+00 
 4.45864000e-09  1.84014959e+00  1.75985041e+00  2.63627126e+00  2.80996785e+00 
 4.45914000e-09  1.83967500e+00  1.76032500e+00  2.63702202e+00  2.80919528e+00 
 4.45964000e-09  1.83920002e+00  1.76079998e+00  2.63777935e+00  2.80841561e+00 
 4.46014000e-09  1.83872465e+00  1.76127535e+00  2.63854317e+00  2.80762890e+00 
 4.46064000e-09  1.83824890e+00  1.76175110e+00  2.63931338e+00  2.80683520e+00 
 4.46114000e-09  1.83777278e+00  1.76222722e+00  2.64008991e+00  2.80603456e+00 
 4.46164000e-09  1.83729628e+00  1.76270372e+00  2.64087267e+00  2.80522705e+00 
 4.46214000e-09  1.83681941e+00  1.76318059e+00  2.64166158e+00  2.80441272e+00 
 4.46264000e-09  1.83634218e+00  1.76365782e+00  2.64245654e+00  2.80359162e+00 
 4.46314000e-09  1.83586459e+00  1.76413541e+00  2.64325746e+00  2.80276380e+00 
 4.46364000e-09  1.83538664e+00  1.76461336e+00  2.64406426e+00  2.80192932e+00 
 4.46414000e-09  1.83490835e+00  1.76509165e+00  2.64487684e+00  2.80108825e+00 
 4.46464000e-09  1.83442971e+00  1.76557029e+00  2.64569512e+00  2.80024062e+00 
 4.46514000e-09  1.83395073e+00  1.76604927e+00  2.64651899e+00  2.79938651e+00 
 4.46564000e-09  1.83347142e+00  1.76652858e+00  2.64734837e+00  2.79852597e+00 
 4.46614000e-09  1.83299178e+00  1.76700822e+00  2.64818316e+00  2.79765905e+00 
 4.46664000e-09  1.83251181e+00  1.76748819e+00  2.64902328e+00  2.79678583e+00 
 4.46714000e-09  1.83203152e+00  1.76796848e+00  2.64986864e+00  2.79590636e+00 
 4.46764000e-09  1.83155091e+00  1.76844909e+00  2.65071914e+00  2.79502070e+00 
 4.46814000e-09  1.83107000e+00  1.76893000e+00  2.65157470e+00  2.79412892e+00 
 4.46864000e-09  1.83058877e+00  1.76941123e+00  2.65243523e+00  2.79323108e+00 
 4.46914000e-09  1.83010725e+00  1.76989275e+00  2.65330064e+00  2.79232726e+00 
 4.46964000e-09  1.82962542e+00  1.77037458e+00  2.65417085e+00  2.79141752e+00 
 4.47014000e-09  1.82914331e+00  1.77085669e+00  2.65504577e+00  2.79050194e+00 
 4.47064000e-09  1.82866091e+00  1.77133909e+00  2.65592531e+00  2.78958057e+00 
 4.47114000e-09  1.82817822e+00  1.77182178e+00  2.65680940e+00  2.78865350e+00 
 4.47164000e-09  1.82769526e+00  1.77230474e+00  2.65769794e+00  2.78772079e+00 
 4.47214000e-09  1.82721202e+00  1.77278798e+00  2.65859086e+00  2.78678253e+00 
 4.47264000e-09  1.82672851e+00  1.77327149e+00  2.65948808e+00  2.78583879e+00 
 4.47314000e-09  1.82624474e+00  1.77375526e+00  2.66038951e+00  2.78488964e+00 
 4.47364000e-09  1.82576072e+00  1.77423928e+00  2.66129507e+00  2.78393515e+00 
 4.47414000e-09  1.82527643e+00  1.77472357e+00  2.66220469e+00  2.78297542e+00 
 4.47464000e-09  1.82479190e+00  1.77520810e+00  2.66311829e+00  2.78201051e+00 
 4.47514000e-09  1.82430712e+00  1.77569288e+00  2.66403578e+00  2.78104051e+00 
 4.47564000e-09  1.82382211e+00  1.77617789e+00  2.66495709e+00  2.78006549e+00 
 4.47614000e-09  1.82333685e+00  1.77666315e+00  2.66588215e+00  2.77908554e+00 
 4.47664000e-09  1.82285137e+00  1.77714863e+00  2.66681089e+00  2.77810074e+00 
 4.47714000e-09  1.82236566e+00  1.77763434e+00  2.66774321e+00  2.77711117e+00 
 4.47764000e-09  1.82187974e+00  1.77812026e+00  2.66867906e+00  2.77611691e+00 
 4.47814000e-09  1.82139359e+00  1.77860641e+00  2.66961836e+00  2.77511805e+00 
 4.47864000e-09  1.82090724e+00  1.77909276e+00  2.67056105e+00  2.77411467e+00 
 4.47914000e-09  1.82042067e+00  1.77957933e+00  2.67150704e+00  2.77310686e+00 
 4.47964000e-09  1.81993391e+00  1.78006609e+00  2.67245627e+00  2.77209471e+00 
 4.48014000e-09  1.81944695e+00  1.78055305e+00  2.67340867e+00  2.77107829e+00 
 4.48064000e-09  1.81895980e+00  1.78104020e+00  2.67436418e+00  2.77005771e+00 
 4.48114000e-09  1.81847246e+00  1.78152754e+00  2.67532273e+00  2.76903304e+00 
 4.48164000e-09  1.81798494e+00  1.78201506e+00  2.67628425e+00  2.76800438e+00 
 4.48214000e-09  1.81749724e+00  1.78250276e+00  2.67724869e+00  2.76697181e+00 
 4.48264000e-09  1.81700936e+00  1.78299064e+00  2.67821596e+00  2.76593543e+00 
 4.48314000e-09  1.81652133e+00  1.78347867e+00  2.67918602e+00  2.76489534e+00 
 4.48364000e-09  1.81603312e+00  1.78396688e+00  2.68015880e+00  2.76385160e+00 
 4.48414000e-09  1.81554476e+00  1.78445524e+00  2.68113424e+00  2.76280433e+00 
 4.48464000e-09  1.81505625e+00  1.78494375e+00  2.68211228e+00  2.76175362e+00 
 4.48514000e-09  1.81456758e+00  1.78543242e+00  2.68309286e+00  2.76069955e+00 
 4.48564000e-09  1.81407878e+00  1.78592122e+00  2.68407592e+00  2.75964221e+00 
 4.48614000e-09  1.81358983e+00  1.78641017e+00  2.68506139e+00  2.75858171e+00 
 4.48664000e-09  1.81310075e+00  1.78689925e+00  2.68604923e+00  2.75751813e+00 
 4.48714000e-09  1.81261154e+00  1.78738846e+00  2.68703937e+00  2.75645156e+00 
 4.48764000e-09  1.81212221e+00  1.78787779e+00  2.68803175e+00  2.75538211e+00 
 4.48814000e-09  1.81163275e+00  1.78836725e+00  2.68902632e+00  2.75430985e+00 
 4.48864000e-09  1.81114319e+00  1.78885681e+00  2.69002301e+00  2.75323489e+00 
 4.48914000e-09  1.81065351e+00  1.78934649e+00  2.69102177e+00  2.75215731e+00 
 4.48964000e-09  1.81016373e+00  1.78983627e+00  2.69202254e+00  2.75107721e+00 
 4.49014000e-09  1.80967384e+00  1.79032616e+00  2.69302525e+00  2.74999468e+00 
 4.49064000e-09  1.80918386e+00  1.79081614e+00  2.69402986e+00  2.74890980e+00 
 4.49114000e-09  1.80869379e+00  1.79130621e+00  2.69503631e+00  2.74782267e+00 
 4.49164000e-09  1.80820364e+00  1.79179636e+00  2.69604452e+00  2.74673338e+00 
 4.49214000e-09  1.80771340e+00  1.79228660e+00  2.69705444e+00  2.74564201e+00 
 4.49264000e-09  1.80722309e+00  1.79277691e+00  2.69806601e+00  2.74454866e+00 
 4.49314000e-09  1.80673270e+00  1.79326730e+00  2.69907918e+00  2.74345340e+00 
 4.49364000e-09  1.80624225e+00  1.79375775e+00  2.70009387e+00  2.74235633e+00 
 4.49414000e-09  1.80575174e+00  1.79424826e+00  2.70111002e+00  2.74125753e+00 
 4.49464000e-09  1.80526117e+00  1.79473883e+00  2.70212758e+00  2.74015709e+00 
 4.49514000e-09  1.80477055e+00  1.79522945e+00  2.70314648e+00  2.73905508e+00 
 4.49564000e-09  1.80427988e+00  1.79572012e+00  2.70416664e+00  2.73795159e+00 
 4.49614000e-09  1.80378917e+00  1.79621083e+00  2.70518802e+00  2.73684671e+00 
 4.49664000e-09  1.80329843e+00  1.79670157e+00  2.70621054e+00  2.73574051e+00 
 4.49714000e-09  1.80280765e+00  1.79719235e+00  2.70723414e+00  2.73463308e+00 
 4.49764000e-09  1.80231684e+00  1.79768316e+00  2.70825874e+00  2.73352448e+00 
 4.49814000e-09  1.80182601e+00  1.79817399e+00  2.70928429e+00  2.73241481e+00 
 4.49864000e-09  1.80133516e+00  1.79866484e+00  2.71031071e+00  2.73130413e+00 
 4.49914000e-09  1.80084430e+00  1.79915570e+00  2.71133793e+00  2.73019252e+00 
 4.49964000e-09  1.80035343e+00  1.79964657e+00  2.71236589e+00  2.72908007e+00 
 4.50014000e-09  1.79986256e+00  1.80013744e+00  2.71339451e+00  2.72796683e+00 
 4.50064000e-09  1.79937168e+00  1.80062832e+00  2.71442371e+00  2.72685289e+00 
 4.50114000e-09  1.79888082e+00  1.80111918e+00  2.71545344e+00  2.72573832e+00 
 4.50164000e-09  1.79838996e+00  1.80161004e+00  2.71648361e+00  2.72462319e+00 
 4.50214000e-09  1.79789912e+00  1.80210088e+00  2.71751415e+00  2.72350757e+00 
 4.50264000e-09  1.79740830e+00  1.80259170e+00  2.71854499e+00  2.72239154e+00 
 4.50314000e-09  1.79691751e+00  1.80308249e+00  2.71957605e+00  2.72127515e+00 
 4.50364000e-09  1.79642675e+00  1.80357325e+00  2.72060726e+00  2.72015848e+00 
 4.50414000e-09  1.79593602e+00  1.80406398e+00  2.72163854e+00  2.71904160e+00 
 4.50464000e-09  1.79544534e+00  1.80455466e+00  2.72266981e+00  2.71792458e+00 
 4.50514000e-09  1.79495469e+00  1.80504531e+00  2.72370100e+00  2.71680748e+00 
 4.50564000e-09  1.79446410e+00  1.80553590e+00  2.72473202e+00  2.71569036e+00 
 4.50614000e-09  1.79397356e+00  1.80602644e+00  2.72576280e+00  2.71457331e+00 
 4.50664000e-09  1.79348309e+00  1.80651691e+00  2.72679327e+00  2.71345637e+00 
 4.50714000e-09  1.79299267e+00  1.80700733e+00  2.72782333e+00  2.71233961e+00 
 4.50764000e-09  1.79250233e+00  1.80749767e+00  2.72885291e+00  2.71122311e+00 
 4.50814000e-09  1.79201206e+00  1.80798794e+00  2.72988193e+00  2.71010692e+00 
 4.50864000e-09  1.79152187e+00  1.80847813e+00  2.73091031e+00  2.70899110e+00 
 4.50914000e-09  1.79103176e+00  1.80896824e+00  2.73193797e+00  2.70787573e+00 
 4.50964000e-09  1.79054174e+00  1.80945826e+00  2.73296482e+00  2.70676086e+00 
 4.51014000e-09  1.79005181e+00  1.80994819e+00  2.73399078e+00  2.70564655e+00 
 4.51064000e-09  1.78956198e+00  1.81043802e+00  2.73501576e+00  2.70453288e+00 
 4.51114000e-09  1.78907226e+00  1.81092774e+00  2.73603970e+00  2.70341990e+00 
 4.51164000e-09  1.78858264e+00  1.81141736e+00  2.73706250e+00  2.70230767e+00 
 4.51214000e-09  1.78809314e+00  1.81190686e+00  2.73808407e+00  2.70119627e+00 
 4.51264000e-09  1.78760375e+00  1.81239625e+00  2.73910434e+00  2.70008574e+00 
 4.51314000e-09  1.78711449e+00  1.81288551e+00  2.74012322e+00  2.69897615e+00 
 4.51364000e-09  1.78662535e+00  1.81337465e+00  2.74114062e+00  2.69786758e+00 
 4.51414000e-09  1.78613634e+00  1.81386366e+00  2.74215646e+00  2.69676007e+00 
 4.51464000e-09  1.78564747e+00  1.81435253e+00  2.74317066e+00  2.69565369e+00 
 4.51514000e-09  1.78515875e+00  1.81484125e+00  2.74418313e+00  2.69454852e+00 
 4.51564000e-09  1.78467017e+00  1.81532983e+00  2.74519379e+00  2.69344460e+00 
 4.51614000e-09  1.78418174e+00  1.81581826e+00  2.74620254e+00  2.69234200e+00 
 4.51664000e-09  1.78369346e+00  1.81630654e+00  2.74720931e+00  2.69124080e+00 
 4.51714000e-09  1.78320535e+00  1.81679465e+00  2.74821400e+00  2.69014105e+00 
 4.51764000e-09  1.78271741e+00  1.81728259e+00  2.74921654e+00  2.68904282e+00 
 4.51814000e-09  1.78222963e+00  1.81777037e+00  2.75021684e+00  2.68794617e+00 
 4.51864000e-09  1.78174203e+00  1.81825797e+00  2.75121481e+00  2.68685118e+00 
 4.51914000e-09  1.78125461e+00  1.81874539e+00  2.75221037e+00  2.68575791e+00 
 4.51964000e-09  1.78076737e+00  1.81923263e+00  2.75320343e+00  2.68466643e+00 
 4.52014000e-09  1.78028033e+00  1.81971967e+00  2.75419390e+00  2.68357681e+00 
 4.52064000e-09  1.77979348e+00  1.82020652e+00  2.75518171e+00  2.68248911e+00 
 4.52114000e-09  1.77930683e+00  1.82069317e+00  2.75616677e+00  2.68140341e+00 
 4.52164000e-09  1.77882038e+00  1.82117962e+00  2.75714899e+00  2.68031979e+00 
 4.52214000e-09  1.77833414e+00  1.82166586e+00  2.75812829e+00  2.67923831e+00 
 4.52264000e-09  1.77784812e+00  1.82215188e+00  2.75910458e+00  2.67815904e+00 
 4.52314000e-09  1.77736231e+00  1.82263769e+00  2.76007779e+00  2.67708207e+00 
 4.52364000e-09  1.77687673e+00  1.82312327e+00  2.76104783e+00  2.67600747e+00 
 4.52414000e-09  1.77639138e+00  1.82360862e+00  2.76201461e+00  2.67493532e+00 
 4.52464000e-09  1.77590625e+00  1.82409375e+00  2.76297807e+00  2.67386569e+00 
 4.52514000e-09  1.77542137e+00  1.82457863e+00  2.76393810e+00  2.67279868e+00 
 4.52564000e-09  1.77493673e+00  1.82506327e+00  2.76489465e+00  2.67173435e+00 
 4.52614000e-09  1.77445234e+00  1.82554766e+00  2.76584762e+00  2.67067280e+00 
 4.52664000e-09  1.77396820e+00  1.82603180e+00  2.76679694e+00  2.66961411e+00 
 4.52714000e-09  1.77348431e+00  1.82651569e+00  2.76774252e+00  2.66855837e+00 
 4.52764000e-09  1.77300069e+00  1.82699931e+00  2.76868430e+00  2.66750567e+00 
 4.52814000e-09  1.77251733e+00  1.82748267e+00  2.76962220e+00  2.66645610e+00 
 4.52864000e-09  1.77203425e+00  1.82796575e+00  2.77055614e+00  2.66540975e+00 
 4.52914000e-09  1.77155144e+00  1.82844856e+00  2.77148605e+00  2.66436672e+00 
 4.52964000e-09  1.77106891e+00  1.82893109e+00  2.77241186e+00  2.66332710e+00 
 4.53014000e-09  1.77058667e+00  1.82941333e+00  2.77333349e+00  2.66229100e+00 
 4.53064000e-09  1.77010472e+00  1.82989528e+00  2.77425088e+00  2.66125851e+00 
 4.53114000e-09  1.76962306e+00  1.83037694e+00  2.77516396e+00  2.66022974e+00 
 4.53164000e-09  1.76914170e+00  1.83085830e+00  2.77607265e+00  2.65920479e+00 
 4.53214000e-09  1.76866065e+00  1.83133935e+00  2.77697690e+00  2.65818376e+00 
 4.53264000e-09  1.76817991e+00  1.83182009e+00  2.77787665e+00  2.65716678e+00 
 4.53314000e-09  1.76769948e+00  1.83230052e+00  2.77877181e+00  2.65615394e+00 
 4.53364000e-09  1.76721937e+00  1.83278063e+00  2.77966235e+00  2.65514535e+00 
 4.53414000e-09  1.76673958e+00  1.83326042e+00  2.78054818e+00  2.65414113e+00 
 4.53464000e-09  1.76626012e+00  1.83373988e+00  2.78142926e+00  2.65314138e+00 
 4.53514000e-09  1.76578100e+00  1.83421900e+00  2.78230553e+00  2.65214622e+00 
 4.53564000e-09  1.76530221e+00  1.83469779e+00  2.78317692e+00  2.65115576e+00 
 4.53614000e-09  1.76482376e+00  1.83517624e+00  2.78404338e+00  2.65017012e+00 
 4.53664000e-09  1.76434567e+00  1.83565433e+00  2.78490484e+00  2.64918939e+00 
 4.53714000e-09  1.76386792e+00  1.83613208e+00  2.78576126e+00  2.64821370e+00 
 4.53764000e-09  1.76339053e+00  1.83660947e+00  2.78661257e+00  2.64724315e+00 
 4.53814000e-09  1.76291350e+00  1.83708650e+00  2.78745872e+00  2.64627785e+00 
 4.53864000e-09  1.76243684e+00  1.83756316e+00  2.78829964e+00  2.64531790e+00 
 4.53914000e-09  1.76196055e+00  1.83803945e+00  2.78913528e+00  2.64436340e+00 
 4.53964000e-09  1.76148463e+00  1.83851537e+00  2.78996557e+00  2.64341446e+00 
 4.54014000e-09  1.76100909e+00  1.83899091e+00  2.79079046e+00  2.64247118e+00 
 4.54064000e-09  1.76053394e+00  1.83946606e+00  2.79160987e+00  2.64153364e+00 
 4.54114000e-09  1.76005918e+00  1.83994082e+00  2.79242374e+00  2.64060194e+00 
 4.54164000e-09  1.75958481e+00  1.84041519e+00  2.79323200e+00  2.63967617e+00 
 4.54214000e-09  1.75911084e+00  1.84088916e+00  2.79403459e+00  2.63875641e+00 
 4.54264000e-09  1.75863728e+00  1.84136272e+00  2.79483143e+00  2.63784274e+00 
 4.54314000e-09  1.75816412e+00  1.84183588e+00  2.79562244e+00  2.63693524e+00 
 4.54364000e-09  1.75769138e+00  1.84230862e+00  2.79640756e+00  2.63603399e+00 
 4.54414000e-09  1.75721905e+00  1.84278095e+00  2.79718670e+00  2.63513904e+00 
 4.54464000e-09  1.75674715e+00  1.84325285e+00  2.79795978e+00  2.63425048e+00 
 4.54514000e-09  1.75627567e+00  1.84372433e+00  2.79872673e+00  2.63336837e+00 
 4.54564000e-09  1.75580462e+00  1.84419538e+00  2.79948745e+00  2.63249276e+00 
 4.54614000e-09  1.75533401e+00  1.84466599e+00  2.80024187e+00  2.63162372e+00 
 4.54664000e-09  1.75486384e+00  1.84513616e+00  2.80098990e+00  2.63076130e+00 
 4.54714000e-09  1.75439412e+00  1.84560588e+00  2.80173145e+00  2.62990555e+00 
 4.54764000e-09  1.75392485e+00  1.84607515e+00  2.80246644e+00  2.62905653e+00 
 4.54814000e-09  1.75345603e+00  1.84654397e+00  2.80319478e+00  2.62821428e+00 
 4.54864000e-09  1.75298767e+00  1.84701233e+00  2.80391638e+00  2.62737886e+00 
 4.54914000e-09  1.75251978e+00  1.84748022e+00  2.80463115e+00  2.62655030e+00 
 4.54964000e-09  1.75205235e+00  1.84794765e+00  2.80533902e+00  2.62572864e+00 
 4.55014000e-09  1.75158540e+00  1.84841460e+00  2.80603989e+00  2.62491395e+00 
 4.55064000e-09  1.75111892e+00  1.84888108e+00  2.80673367e+00  2.62410624e+00 
 4.55114000e-09  1.75065293e+00  1.84934707e+00  2.80742030e+00  2.62330557e+00 
 4.55164000e-09  1.75018742e+00  1.84981258e+00  2.80809968e+00  2.62251198e+00 
 4.55214000e-09  1.74972241e+00  1.85027759e+00  2.80877174e+00  2.62172549e+00 
 4.55264000e-09  1.74925789e+00  1.85074211e+00  2.80943639e+00  2.62094616e+00 
 4.55314000e-09  1.74879387e+00  1.85120613e+00  2.81009357e+00  2.62017401e+00 
 4.55364000e-09  1.74833036e+00  1.85166964e+00  2.81074320e+00  2.61940909e+00 
 4.55414000e-09  1.74786736e+00  1.85213264e+00  2.81138522e+00  2.61865144e+00 
 4.55464000e-09  1.74740487e+00  1.85259513e+00  2.81201956e+00  2.61790107e+00 
 4.55514000e-09  1.74694290e+00  1.85305710e+00  2.81264615e+00  2.61715805e+00 
 4.55564000e-09  1.74648146e+00  1.85351854e+00  2.81326493e+00  2.61642239e+00 
 4.55614000e-09  1.74602054e+00  1.85397946e+00  2.81387585e+00  2.61569414e+00 
 4.55664000e-09  1.74556016e+00  1.85443984e+00  2.81447887e+00  2.61497332e+00 
 4.55714000e-09  1.74510031e+00  1.85489969e+00  2.81507392e+00  2.61425997e+00 
 4.55764000e-09  1.74464101e+00  1.85535899e+00  2.81566096e+00  2.61355413e+00 
 4.55814000e-09  1.74418225e+00  1.85581775e+00  2.81623996e+00  2.61285583e+00 
 4.55864000e-09  1.74372404e+00  1.85627596e+00  2.81681087e+00  2.61216510e+00 
 4.55914000e-09  1.74326639e+00  1.85673361e+00  2.81737367e+00  2.61148196e+00 
 4.55964000e-09  1.74280930e+00  1.85719070e+00  2.81792832e+00  2.61080646e+00 
 4.56014000e-09  1.74235277e+00  1.85764723e+00  2.81847480e+00  2.61013861e+00 
 4.56064000e-09  1.74189681e+00  1.85810319e+00  2.81901309e+00  2.60947846e+00 
 4.56114000e-09  1.74144142e+00  1.85855858e+00  2.81954318e+00  2.60882601e+00 
 4.56164000e-09  1.74098662e+00  1.85901338e+00  2.82006504e+00  2.60818130e+00 
 4.56214000e-09  1.74053239e+00  1.85946761e+00  2.82057868e+00  2.60754436e+00 
 4.56264000e-09  1.74007875e+00  1.85992125e+00  2.82108409e+00  2.60691520e+00 
 4.56314000e-09  1.73962571e+00  1.86037429e+00  2.82158126e+00  2.60629384e+00 
 4.56364000e-09  1.73917326e+00  1.86082674e+00  2.82207021e+00  2.60568030e+00 
 4.56414000e-09  1.73872141e+00  1.86127859e+00  2.82255094e+00  2.60507460e+00 
 4.56464000e-09  1.73827016e+00  1.86172984e+00  2.82302346e+00  2.60447676e+00 
 4.56514000e-09  1.73781953e+00  1.86218047e+00  2.82348779e+00  2.60388678e+00 
 4.56564000e-09  1.73736950e+00  1.86263050e+00  2.82394395e+00  2.60330467e+00 
 4.56614000e-09  1.73692010e+00  1.86307990e+00  2.82439196e+00  2.60273045e+00 
 4.56664000e-09  1.73647132e+00  1.86352868e+00  2.82483185e+00  2.60216411e+00 
 4.56714000e-09  1.73602316e+00  1.86397684e+00  2.82526365e+00  2.60160567e+00 
 4.56764000e-09  1.73557564e+00  1.86442436e+00  2.82568739e+00  2.60105511e+00 
 4.56814000e-09  1.73512875e+00  1.86487125e+00  2.82610311e+00  2.60051244e+00 
 4.56864000e-09  1.73468250e+00  1.86531750e+00  2.82651086e+00  2.59997765e+00 
 4.56914000e-09  1.73423690e+00  1.86576310e+00  2.82691067e+00  2.59945072e+00 
 4.56964000e-09  1.73379195e+00  1.86620805e+00  2.82730260e+00  2.59893166e+00 
 4.57014000e-09  1.73334765e+00  1.86665235e+00  2.82768670e+00  2.59842045e+00 
 4.57064000e-09  1.73290401e+00  1.86709599e+00  2.82806301e+00  2.59791706e+00 
 4.57114000e-09  1.73246103e+00  1.86753897e+00  2.82843161e+00  2.59742148e+00 
 4.57164000e-09  1.73201871e+00  1.86798129e+00  2.82879254e+00  2.59693368e+00 
 4.57214000e-09  1.73157707e+00  1.86842293e+00  2.82914587e+00  2.59645365e+00 
 4.57264000e-09  1.73113610e+00  1.86886390e+00  2.82949166e+00  2.59598133e+00 
 4.57314000e-09  1.73069581e+00  1.86930419e+00  2.82983000e+00  2.59551672e+00 
 4.57364000e-09  1.73025621e+00  1.86974379e+00  2.83016093e+00  2.59505976e+00 
 4.57414000e-09  1.72981730e+00  1.87018270e+00  2.83048455e+00  2.59461043e+00 
 4.57464000e-09  1.72937907e+00  1.87062093e+00  2.83080092e+00  2.59416868e+00 
 4.57514000e-09  1.72894155e+00  1.87105845e+00  2.83111011e+00  2.59373446e+00 
 4.57564000e-09  1.72850472e+00  1.87149528e+00  2.83141223e+00  2.59330773e+00 
 4.57614000e-09  1.72806860e+00  1.87193140e+00  2.83170733e+00  2.59288845e+00 
 4.57664000e-09  1.72763320e+00  1.87236680e+00  2.83199551e+00  2.59247655e+00 
 4.57714000e-09  1.72719850e+00  1.87280150e+00  2.83227685e+00  2.59207198e+00 
 4.57764000e-09  1.72676453e+00  1.87323547e+00  2.83255145e+00  2.59167468e+00 
 4.57814000e-09  1.72633127e+00  1.87366873e+00  2.83281938e+00  2.59128461e+00 
 4.57864000e-09  1.72589875e+00  1.87410125e+00  2.83308075e+00  2.59090168e+00 
 4.57914000e-09  1.72546695e+00  1.87453305e+00  2.83333563e+00  2.59052584e+00 
 4.57964000e-09  1.72503589e+00  1.87496411e+00  2.83358414e+00  2.59015701e+00 
 4.58014000e-09  1.72460557e+00  1.87539443e+00  2.83382635e+00  2.58979514e+00 
 4.58064000e-09  1.72417600e+00  1.87582400e+00  2.83406237e+00  2.58944015e+00 
 4.58114000e-09  1.72374717e+00  1.87625283e+00  2.83429229e+00  2.58909197e+00 
 4.58164000e-09  1.72331910e+00  1.87668090e+00  2.83451622e+00  2.58875051e+00 
 4.58214000e-09  1.72289178e+00  1.87710822e+00  2.83473424e+00  2.58841571e+00 
 4.58264000e-09  1.72246522e+00  1.87753478e+00  2.83494646e+00  2.58808749e+00 
 4.58314000e-09  1.72203943e+00  1.87796057e+00  2.83515298e+00  2.58776576e+00 
 4.58364000e-09  1.72161441e+00  1.87838559e+00  2.83535390e+00  2.58745044e+00 
 4.58414000e-09  1.72119016e+00  1.87880984e+00  2.83554932e+00  2.58714146e+00 
 4.58464000e-09  1.72076669e+00  1.87923331e+00  2.83573934e+00  2.58683873e+00 
 4.58514000e-09  1.72034401e+00  1.87965599e+00  2.83592406e+00  2.58654216e+00 
 4.58564000e-09  1.71992210e+00  1.88007790e+00  2.83610358e+00  2.58625167e+00 
 4.58614000e-09  1.71950099e+00  1.88049901e+00  2.83627800e+00  2.58596717e+00 
 4.58664000e-09  1.71908067e+00  1.88091933e+00  2.83644743e+00  2.58568857e+00 
 4.58714000e-09  1.71866116e+00  1.88133884e+00  2.83661197e+00  2.58541579e+00 
 4.58764000e-09  1.71824244e+00  1.88175756e+00  2.83677171e+00  2.58514874e+00 
 4.58814000e-09  1.71782453e+00  1.88217547e+00  2.83692676e+00  2.58488732e+00 
 4.58864000e-09  1.71740743e+00  1.88259257e+00  2.83707722e+00  2.58463145e+00 
 4.58914000e-09  1.71699115e+00  1.88300885e+00  2.83722318e+00  2.58438105e+00 
 4.58964000e-09  1.71657569e+00  1.88342431e+00  2.83736475e+00  2.58413601e+00 
 4.59014000e-09  1.71616105e+00  1.88383895e+00  2.83750202e+00  2.58389625e+00 
 4.59064000e-09  1.71574723e+00  1.88425277e+00  2.83763510e+00  2.58366168e+00 
 4.59114000e-09  1.71533425e+00  1.88466575e+00  2.83776407e+00  2.58343221e+00 
 4.59164000e-09  1.71492211e+00  1.88507789e+00  2.83788903e+00  2.58320775e+00 
 4.59214000e-09  1.71451080e+00  1.88548920e+00  2.83801009e+00  2.58298821e+00 
 4.59264000e-09  1.71410034e+00  1.88589966e+00  2.83812732e+00  2.58277350e+00 
 4.59314000e-09  1.71369073e+00  1.88630927e+00  2.83824083e+00  2.58256354e+00 
 4.59364000e-09  1.71328196e+00  1.88671804e+00  2.83835071e+00  2.58235823e+00 
 4.59414000e-09  1.71287406e+00  1.88712594e+00  2.83845705e+00  2.58215749e+00 
 4.59464000e-09  1.71246701e+00  1.88753299e+00  2.83855994e+00  2.58196123e+00 
 4.59514000e-09  1.71206083e+00  1.88793917e+00  2.83865946e+00  2.58176936e+00 
 4.59564000e-09  1.71165551e+00  1.88834449e+00  2.83875571e+00  2.58158181e+00 
 4.59614000e-09  1.71125107e+00  1.88874893e+00  2.83884876e+00  2.58139848e+00 
 4.59664000e-09  1.71084750e+00  1.88915250e+00  2.83893871e+00  2.58121929e+00 
 4.59714000e-09  1.71044482e+00  1.88955518e+00  2.83902564e+00  2.58104416e+00 
 4.59764000e-09  1.71004301e+00  1.88995699e+00  2.83910963e+00  2.58087301e+00 
 4.59814000e-09  1.70964210e+00  1.89035790e+00  2.83919076e+00  2.58070575e+00 
 4.59864000e-09  1.70924208e+00  1.89075792e+00  2.83926911e+00  2.58054230e+00 
 4.59914000e-09  1.70884295e+00  1.89115705e+00  2.83934476e+00  2.58038259e+00 
 4.59964000e-09  1.70844472e+00  1.89155528e+00  2.83941778e+00  2.58022654e+00 
 4.60014000e-09  1.70804739e+00  1.89195261e+00  2.83948825e+00  2.58007407e+00 
 4.60064000e-09  1.70765098e+00  1.89234902e+00  2.83955624e+00  2.57992511e+00 
 4.60114000e-09  1.70725547e+00  1.89274453e+00  2.83962183e+00  2.57977958e+00 
 4.60164000e-09  1.70686088e+00  1.89313912e+00  2.83968509e+00  2.57963740e+00 
 4.60214000e-09  1.70646721e+00  1.89353279e+00  2.83974608e+00  2.57949851e+00 
 4.60264000e-09  1.70607446e+00  1.89392554e+00  2.83980487e+00  2.57936284e+00 
 4.60314000e-09  1.70568264e+00  1.89431736e+00  2.83986154e+00  2.57923031e+00 
 4.60364000e-09  1.70529175e+00  1.89470825e+00  2.83991613e+00  2.57910085e+00 
 4.60414000e-09  1.70490180e+00  1.89509820e+00  2.83996873e+00  2.57897440e+00 
 4.60464000e-09  1.70451278e+00  1.89548722e+00  2.84001939e+00  2.57885090e+00 
 4.60514000e-09  1.70412471e+00  1.89587529e+00  2.84006816e+00  2.57873027e+00 
 4.60564000e-09  1.70373758e+00  1.89626242e+00  2.84011512e+00  2.57861245e+00 
 4.60614000e-09  1.70335140e+00  1.89664860e+00  2.84016032e+00  2.57849739e+00 
 4.60664000e-09  1.70296618e+00  1.89703382e+00  2.84020381e+00  2.57838502e+00 
 4.60714000e-09  1.70258191e+00  1.89741809e+00  2.84024565e+00  2.57827527e+00 
 4.60764000e-09  1.70219861e+00  1.89780139e+00  2.84028590e+00  2.57816810e+00 
 4.60814000e-09  1.70181627e+00  1.89818373e+00  2.84032460e+00  2.57806344e+00 
 4.60864000e-09  1.70143490e+00  1.89856510e+00  2.84036181e+00  2.57796123e+00 
 4.60914000e-09  1.70105450e+00  1.89894550e+00  2.84039757e+00  2.57786143e+00 
 4.60964000e-09  1.70067508e+00  1.89932492e+00  2.84043195e+00  2.57776397e+00 
 4.61014000e-09  1.70029664e+00  1.89970336e+00  2.84046497e+00  2.57766881e+00 
 4.61064000e-09  1.69991918e+00  1.90008082e+00  2.84049670e+00  2.57757589e+00 
 4.61114000e-09  1.69954271e+00  1.90045729e+00  2.84052717e+00  2.57748517e+00 
 4.61164000e-09  1.69916723e+00  1.90083277e+00  2.84055643e+00  2.57739659e+00 
 4.61214000e-09  1.69879275e+00  1.90120725e+00  2.84058452e+00  2.57731010e+00 
 4.61264000e-09  1.69841927e+00  1.90158073e+00  2.84061149e+00  2.57722566e+00 
 4.61314000e-09  1.69804679e+00  1.90195321e+00  2.84063736e+00  2.57714323e+00 
 4.61364000e-09  1.69767531e+00  1.90232469e+00  2.84066219e+00  2.57706275e+00 
 4.61414000e-09  1.69730485e+00  1.90269515e+00  2.84068601e+00  2.57698418e+00 
 4.61464000e-09  1.69693540e+00  1.90306460e+00  2.84070886e+00  2.57690748e+00 
 4.61514000e-09  1.69656696e+00  1.90343304e+00  2.84073077e+00  2.57683261e+00 
 4.61564000e-09  1.69619955e+00  1.90380045e+00  2.84075177e+00  2.57675953e+00 
 4.61614000e-09  1.69583316e+00  1.90416684e+00  2.84077191e+00  2.57668820e+00 
 4.61664000e-09  1.69546780e+00  1.90453220e+00  2.84079122e+00  2.57661857e+00 
 4.61714000e-09  1.69510347e+00  1.90489653e+00  2.84080972e+00  2.57655062e+00 
 4.61764000e-09  1.69474018e+00  1.90525982e+00  2.84082744e+00  2.57648430e+00 
 4.61814000e-09  1.69437792e+00  1.90562208e+00  2.84084443e+00  2.57641958e+00 
 4.61864000e-09  1.69401671e+00  1.90598329e+00  2.84086071e+00  2.57635643e+00 
 4.61914000e-09  1.69365654e+00  1.90634346e+00  2.84087630e+00  2.57629480e+00 
 4.61964000e-09  1.69329743e+00  1.90670257e+00  2.84089123e+00  2.57623467e+00 
 4.62014000e-09  1.69293936e+00  1.90706064e+00  2.84090553e+00  2.57617600e+00 
 4.62064000e-09  1.69258236e+00  1.90741764e+00  2.84091923e+00  2.57611876e+00 
 4.62114000e-09  1.69222641e+00  1.90777359e+00  2.84093235e+00  2.57606293e+00 
 4.62164000e-09  1.69187153e+00  1.90812847e+00  2.84094492e+00  2.57600846e+00 
 4.62214000e-09  1.69151771e+00  1.90848229e+00  2.84095695e+00  2.57595534e+00 
 4.62264000e-09  1.69116496e+00  1.90883504e+00  2.84096848e+00  2.57590353e+00 
 4.62314000e-09  1.69081329e+00  1.90918671e+00  2.84097952e+00  2.57585300e+00 
 4.62364000e-09  1.69046270e+00  1.90953730e+00  2.84099010e+00  2.57580374e+00 
 4.62414000e-09  1.69011319e+00  1.90988681e+00  2.84100023e+00  2.57575570e+00 
 4.62464000e-09  1.68976476e+00  1.91023524e+00  2.84100994e+00  2.57570887e+00 
 4.62514000e-09  1.68941742e+00  1.91058258e+00  2.84101925e+00  2.57566323e+00 
 4.62564000e-09  1.68907117e+00  1.91092883e+00  2.84102817e+00  2.57561874e+00 
 4.62614000e-09  1.68872602e+00  1.91127398e+00  2.84103672e+00  2.57557538e+00 
 4.62664000e-09  1.68838196e+00  1.91161804e+00  2.84104493e+00  2.57553314e+00 
 4.62714000e-09  1.68803901e+00  1.91196099e+00  2.84105281e+00  2.57549198e+00 
 4.62764000e-09  1.68769716e+00  1.91230284e+00  2.84106036e+00  2.57545189e+00 
 4.62814000e-09  1.68735642e+00  1.91264358e+00  2.84106763e+00  2.57541284e+00 
 4.62864000e-09  1.68701679e+00  1.91298321e+00  2.84107460e+00  2.57537482e+00 
 4.62914000e-09  1.68667828e+00  1.91332172e+00  2.84108131e+00  2.57533781e+00 
 4.62964000e-09  1.68634088e+00  1.91365912e+00  2.84108777e+00  2.57530177e+00 
 4.63014000e-09  1.68600461e+00  1.91399539e+00  2.84109398e+00  2.57526671e+00 
 4.63064000e-09  1.68566946e+00  1.91433054e+00  2.84109997e+00  2.57523259e+00 
 4.63114000e-09  1.68533544e+00  1.91466456e+00  2.84110575e+00  2.57519940e+00 
 4.63164000e-09  1.68500255e+00  1.91499745e+00  2.84111132e+00  2.57516712e+00 
 4.63214000e-09  1.68467080e+00  1.91532920e+00  2.84111671e+00  2.57513573e+00 
 4.63264000e-09  1.68434018e+00  1.91565982e+00  2.84112193e+00  2.57510523e+00 
 4.63314000e-09  1.68401071e+00  1.91598929e+00  2.84112697e+00  2.57507558e+00 
 4.63364000e-09  1.68368238e+00  1.91631762e+00  2.84113187e+00  2.57504678e+00 
 4.63414000e-09  1.68335520e+00  1.91664480e+00  2.84113662e+00  2.57501881e+00 
 4.63464000e-09  1.68302917e+00  1.91697083e+00  2.84114124e+00  2.57499165e+00 
 4.63514000e-09  1.68270430e+00  1.91729570e+00  2.84114574e+00  2.57496530e+00 
 4.63564000e-09  1.68238058e+00  1.91761942e+00  2.84115013e+00  2.57493973e+00 
 4.63614000e-09  1.68205802e+00  1.91794198e+00  2.84115441e+00  2.57491493e+00 
 4.63664000e-09  1.68173663e+00  1.91826337e+00  2.84115860e+00  2.57489089e+00 
 4.63714000e-09  1.68141641e+00  1.91858359e+00  2.84116270e+00  2.57486760e+00 
 4.63764000e-09  1.68109735e+00  1.91890265e+00  2.84116673e+00  2.57484504e+00 
 4.63814000e-09  1.68077947e+00  1.91922053e+00  2.84117069e+00  2.57482320e+00 
 4.63864000e-09  1.68046276e+00  1.91953724e+00  2.84117458e+00  2.57480207e+00 
 4.63914000e-09  1.68014724e+00  1.91985276e+00  2.84117843e+00  2.57478163e+00 
 4.63964000e-09  1.67983290e+00  1.92016710e+00  2.84118223e+00  2.57476188e+00 
 4.64014000e-09  1.67951974e+00  1.92048026e+00  2.84118598e+00  2.57474281e+00 
 4.64064000e-09  1.67920777e+00  1.92079223e+00  2.84118971e+00  2.57472440e+00 
 4.64114000e-09  1.67889700e+00  1.92110300e+00  2.84119341e+00  2.57470663e+00 
 4.64164000e-09  1.67858742e+00  1.92141258e+00  2.84119710e+00  2.57468951e+00 
 4.64214000e-09  1.67827904e+00  1.92172096e+00  2.84120077e+00  2.57467303e+00 
 4.64264000e-09  1.67797186e+00  1.92202814e+00  2.84120443e+00  2.57465716e+00 
 4.64314000e-09  1.67766588e+00  1.92233412e+00  2.84120809e+00  2.57464191e+00 
 4.64364000e-09  1.67736112e+00  1.92263888e+00  2.84121176e+00  2.57462725e+00 
 4.64414000e-09  1.67705756e+00  1.92294244e+00  2.84121543e+00  2.57461320e+00 
 4.64464000e-09  1.67675521e+00  1.92324479e+00  2.84121912e+00  2.57459972e+00 
 4.64514000e-09  1.67645409e+00  1.92354591e+00  2.84122283e+00  2.57458682e+00 
 4.64564000e-09  1.67615418e+00  1.92384582e+00  2.84122656e+00  2.57457449e+00 
 4.64614000e-09  1.67585549e+00  1.92414451e+00  2.84123032e+00  2.57456272e+00 
 4.64664000e-09  1.67555803e+00  1.92444197e+00  2.84123412e+00  2.57455150e+00 
 4.64714000e-09  1.67526180e+00  1.92473820e+00  2.84123795e+00  2.57454082e+00 
 4.64764000e-09  1.67496680e+00  1.92503320e+00  2.84124182e+00  2.57453068e+00 
 4.64814000e-09  1.67467303e+00  1.92532697e+00  2.84124574e+00  2.57452107e+00 
 4.64864000e-09  1.67438050e+00  1.92561950e+00  2.84124970e+00  2.57451197e+00 
 4.64914000e-09  1.67408921e+00  1.92591079e+00  2.84125372e+00  2.57450339e+00 
 4.64964000e-09  1.67379916e+00  1.92620084e+00  2.84125780e+00  2.57449531e+00 
 4.65014000e-09  1.67351036e+00  1.92648964e+00  2.84126193e+00  2.57448774e+00 
 4.65064000e-09  1.67322280e+00  1.92677720e+00  2.84126613e+00  2.57448066e+00 
 4.65114000e-09  1.67293650e+00  1.92706350e+00  2.84127039e+00  2.57447406e+00 
 4.65164000e-09  1.67265145e+00  1.92734855e+00  2.84127472e+00  2.57446794e+00 
 4.65214000e-09  1.67236766e+00  1.92763234e+00  2.84127912e+00  2.57446230e+00 
 4.65264000e-09  1.67208512e+00  1.92791488e+00  2.84128360e+00  2.57445713e+00 
 4.65314000e-09  1.67180385e+00  1.92819615e+00  2.84128815e+00  2.57445241e+00 
 4.65364000e-09  1.67152385e+00  1.92847615e+00  2.84129278e+00  2.57444815e+00 
 4.65414000e-09  1.67124511e+00  1.92875489e+00  2.84129750e+00  2.57444435e+00 
 4.65464000e-09  1.67096765e+00  1.92903235e+00  2.84130229e+00  2.57444098e+00 
 4.65514000e-09  1.67069145e+00  1.92930855e+00  2.84130718e+00  2.57443806e+00 
 4.65564000e-09  1.67041654e+00  1.92958346e+00  2.84131215e+00  2.57443557e+00 
 4.65614000e-09  1.67014290e+00  1.92985710e+00  2.84131721e+00  2.57443351e+00 
 4.65664000e-09  1.66987055e+00  1.93012945e+00  2.84132236e+00  2.57443187e+00 
 4.65714000e-09  1.66959947e+00  1.93040053e+00  2.84132761e+00  2.57443065e+00 
 4.65764000e-09  1.66932969e+00  1.93067031e+00  2.84133295e+00  2.57442984e+00 
 4.65814000e-09  1.66906120e+00  1.93093880e+00  2.84133839e+00  2.57442944e+00 
 4.65864000e-09  1.66879399e+00  1.93120601e+00  2.84134393e+00  2.57442945e+00 
 4.65914000e-09  1.66852809e+00  1.93147191e+00  2.84134957e+00  2.57442986e+00 
 4.65964000e-09  1.66826348e+00  1.93173652e+00  2.84135532e+00  2.57443066e+00 
 4.66014000e-09  1.66800017e+00  1.93199983e+00  2.84136116e+00  2.57443185e+00 
 4.66064000e-09  1.66773816e+00  1.93226184e+00  2.84136711e+00  2.57443343e+00 
 4.66114000e-09  1.66747746e+00  1.93252254e+00  2.84137317e+00  2.57443539e+00 
 4.66164000e-09  1.66721806e+00  1.93278194e+00  2.84137933e+00  2.57443773e+00 
 4.66214000e-09  1.66695998e+00  1.93304002e+00  2.84138560e+00  2.57444044e+00 
 4.66264000e-09  1.66670321e+00  1.93329679e+00  2.84139198e+00  2.57444352e+00 
 4.66314000e-09  1.66644776e+00  1.93355224e+00  2.84139847e+00  2.57444697e+00 
 4.66364000e-09  1.66619362e+00  1.93380638e+00  2.84140508e+00  2.57445078e+00 
 4.66414000e-09  1.66594080e+00  1.93405920e+00  2.84141179e+00  2.57445495e+00 
 4.66464000e-09  1.66568931e+00  1.93431069e+00  2.84141862e+00  2.57445948e+00 
 4.66514000e-09  1.66543915e+00  1.93456085e+00  2.84142556e+00  2.57446435e+00 
 4.66564000e-09  1.66519031e+00  1.93480969e+00  2.84143262e+00  2.57446958e+00 
 4.66614000e-09  1.66494280e+00  1.93505720e+00  2.84143979e+00  2.57447515e+00 
 4.66664000e-09  1.66469662e+00  1.93530338e+00  2.84144708e+00  2.57448105e+00 
 4.66714000e-09  1.66445178e+00  1.93554822e+00  2.84145448e+00  2.57448730e+00 
 4.66764000e-09  1.66420828e+00  1.93579172e+00  2.84146201e+00  2.57449388e+00 
 4.66814000e-09  1.66396612e+00  1.93603388e+00  2.84146965e+00  2.57450079e+00 
 4.66864000e-09  1.66372530e+00  1.93627470e+00  2.84147741e+00  2.57450803e+00 
 4.66914000e-09  1.66348582e+00  1.93651418e+00  2.84148528e+00  2.57451560e+00 
 4.66964000e-09  1.66324770e+00  1.93675230e+00  2.84149328e+00  2.57452348e+00 
 4.67014000e-09  1.66301092e+00  1.93698908e+00  2.84150140e+00  2.57453169e+00 
 4.67064000e-09  1.66277549e+00  1.93722451e+00  2.84150963e+00  2.57454021e+00 
 4.67114000e-09  1.66254142e+00  1.93745858e+00  2.84151799e+00  2.57454904e+00 
 4.67164000e-09  1.66230871e+00  1.93769129e+00  2.84152647e+00  2.57455819e+00 
 4.67214000e-09  1.66207735e+00  1.93792265e+00  2.84153507e+00  2.57456764e+00 
 4.67264000e-09  1.66184736e+00  1.93815264e+00  2.84154379e+00  2.57457739e+00 
 4.67314000e-09  1.66161873e+00  1.93838127e+00  2.84155263e+00  2.57458745e+00 
 4.67364000e-09  1.66139146e+00  1.93860854e+00  2.84156159e+00  2.57459781e+00 
 4.67414000e-09  1.66116557e+00  1.93883443e+00  2.84157067e+00  2.57460846e+00 
 4.67464000e-09  1.66094104e+00  1.93905896e+00  2.84157988e+00  2.57461941e+00 
 4.67514000e-09  1.66071789e+00  1.93928211e+00  2.84158921e+00  2.57463064e+00 
 4.67564000e-09  1.66049611e+00  1.93950389e+00  2.84159866e+00  2.57464217e+00 
 4.67614000e-09  1.66027570e+00  1.93972430e+00  2.84160823e+00  2.57465398e+00 
 4.67664000e-09  1.66005668e+00  1.93994332e+00  2.84161792e+00  2.57466608e+00 
 4.67714000e-09  1.65983904e+00  1.94016096e+00  2.84162774e+00  2.57467845e+00 
 4.67764000e-09  1.65962278e+00  1.94037722e+00  2.84163768e+00  2.57469111e+00 
 4.67814000e-09  1.65940790e+00  1.94059210e+00  2.84164774e+00  2.57470404e+00 
 4.67864000e-09  1.65919442e+00  1.94080558e+00  2.84165792e+00  2.57471725e+00 
 4.67914000e-09  1.65898232e+00  1.94101768e+00  2.84166823e+00  2.57473073e+00 
 4.67964000e-09  1.65877162e+00  1.94122838e+00  2.84167866e+00  2.57474448e+00 
 4.68014000e-09  1.65856231e+00  1.94143769e+00  2.84168920e+00  2.57475850e+00 
 4.68064000e-09  1.65835439e+00  1.94164561e+00  2.84169987e+00  2.57477278e+00 
 4.68114000e-09  1.65814787e+00  1.94185213e+00  2.84171067e+00  2.57478733e+00 
 4.68164000e-09  1.65794276e+00  1.94205724e+00  2.84172158e+00  2.57480214e+00 
 4.68214000e-09  1.65773904e+00  1.94226096e+00  2.84173261e+00  2.57481720e+00 
 4.68264000e-09  1.65753673e+00  1.94246327e+00  2.84174377e+00  2.57483253e+00 
 4.68314000e-09  1.65733583e+00  1.94266417e+00  2.84175505e+00  2.57484811e+00 
 4.68364000e-09  1.65713633e+00  1.94286367e+00  2.84176644e+00  2.57486394e+00 
 4.68414000e-09  1.65693824e+00  1.94306176e+00  2.84177796e+00  2.57488003e+00 
 4.68464000e-09  1.65674157e+00  1.94325843e+00  2.84178960e+00  2.57489636e+00 
 4.68514000e-09  1.65654631e+00  1.94345369e+00  2.84180136e+00  2.57491294e+00 
 4.68564000e-09  1.65635246e+00  1.94364754e+00  2.84181324e+00  2.57492977e+00 
 4.68614000e-09  1.65616004e+00  1.94383996e+00  2.84182523e+00  2.57494683e+00 
 4.68664000e-09  1.65596903e+00  1.94403097e+00  2.84183735e+00  2.57496415e+00 
 4.68714000e-09  1.65577944e+00  1.94422056e+00  2.84184959e+00  2.57498170e+00 
 4.68764000e-09  1.65559128e+00  1.94440872e+00  2.84186194e+00  2.57499949e+00 
 4.68814000e-09  1.65540454e+00  1.94459546e+00  2.84187441e+00  2.57501751e+00 
 4.68864000e-09  1.65521923e+00  1.94478077e+00  2.84188700e+00  2.57503577e+00 
 4.68914000e-09  1.65503535e+00  1.94496465e+00  2.84189971e+00  2.57505426e+00 
 4.68964000e-09  1.65485290e+00  1.94514710e+00  2.84191254e+00  2.57507299e+00 
 4.69014000e-09  1.65467188e+00  1.94532812e+00  2.84192548e+00  2.57509194e+00 
 4.69064000e-09  1.65449230e+00  1.94550770e+00  2.84193854e+00  2.57511112e+00 
 4.69114000e-09  1.65431415e+00  1.94568585e+00  2.84195171e+00  2.57513053e+00 
 4.69164000e-09  1.65413744e+00  1.94586256e+00  2.84196500e+00  2.57515016e+00 
 4.69214000e-09  1.65396217e+00  1.94603783e+00  2.84197841e+00  2.57517001e+00 
 4.69264000e-09  1.65378834e+00  1.94621166e+00  2.84199193e+00  2.57519009e+00 
 4.69314000e-09  1.65361596e+00  1.94638404e+00  2.84200557e+00  2.57521038e+00 
 4.69364000e-09  1.65344502e+00  1.94655498e+00  2.84201932e+00  2.57523090e+00 
 4.69414000e-09  1.65327552e+00  1.94672448e+00  2.84203319e+00  2.57525162e+00 
 4.69464000e-09  1.65310748e+00  1.94689252e+00  2.84204717e+00  2.57527257e+00 
 4.69514000e-09  1.65294088e+00  1.94705912e+00  2.84206126e+00  2.57529373e+00 
 4.69564000e-09  1.65277573e+00  1.94722427e+00  2.84207546e+00  2.57531509e+00 
 4.69614000e-09  1.65261204e+00  1.94738796e+00  2.84208978e+00  2.57533667e+00 
 4.69664000e-09  1.65244980e+00  1.94755020e+00  2.84210421e+00  2.57535846e+00 
 4.69714000e-09  1.65228902e+00  1.94771098e+00  2.84211875e+00  2.57538046e+00 
 4.69764000e-09  1.65212970e+00  1.94787030e+00  2.84213340e+00  2.57540266e+00 
 4.69814000e-09  1.65197184e+00  1.94802816e+00  2.84214816e+00  2.57542506e+00 
 4.69864000e-09  1.65181543e+00  1.94818457e+00  2.84216304e+00  2.57544767e+00 
 4.69914000e-09  1.65166049e+00  1.94833951e+00  2.84217802e+00  2.57547048e+00 
 4.69964000e-09  1.65150702e+00  1.94849298e+00  2.84219311e+00  2.57549349e+00 
 4.70014000e-09  1.65135500e+00  1.94864500e+00  2.84220831e+00  2.57551670e+00 
 4.70064000e-09  1.65120446e+00  1.94879554e+00  2.84222362e+00  2.57554011e+00 
 4.70114000e-09  1.65105538e+00  1.94894462e+00  2.84223904e+00  2.57556371e+00 
 4.70164000e-09  1.65090778e+00  1.94909222e+00  2.84225456e+00  2.57558751e+00 
 4.70214000e-09  1.65076165e+00  1.94923835e+00  2.84227019e+00  2.57561150e+00 
 4.70264000e-09  1.65061698e+00  1.94938302e+00  2.84228593e+00  2.57563568e+00 
 4.70314000e-09  1.65047380e+00  1.94952620e+00  2.84230178e+00  2.57566006e+00 
 4.70364000e-09  1.65033209e+00  1.94966791e+00  2.84231773e+00  2.57568462e+00 
 4.70414000e-09  1.65019185e+00  1.94980815e+00  2.84233378e+00  2.57570937e+00 
 4.70464000e-09  1.65005310e+00  1.94994690e+00  2.84234994e+00  2.57573431e+00 
 4.70514000e-09  1.64991582e+00  1.95008418e+00  2.84236621e+00  2.57575944e+00 
 4.70564000e-09  1.64978003e+00  1.95021997e+00  2.84238257e+00  2.57578474e+00 
 4.70614000e-09  1.64964572e+00  1.95035428e+00  2.84239904e+00  2.57581024e+00 
 4.70664000e-09  1.64951289e+00  1.95048711e+00  2.84241562e+00  2.57583591e+00 
 4.70714000e-09  1.64938155e+00  1.95061845e+00  2.84243229e+00  2.57586176e+00 
 4.70764000e-09  1.64925169e+00  1.95074831e+00  2.84244907e+00  2.57588780e+00 
 4.70814000e-09  1.64912333e+00  1.95087667e+00  2.84246595e+00  2.57591401e+00 
 4.70864000e-09  1.64899645e+00  1.95100355e+00  2.84248293e+00  2.57594040e+00 
 4.70914000e-09  1.64887106e+00  1.95112894e+00  2.84250001e+00  2.57596696e+00 
 4.70964000e-09  1.64874716e+00  1.95125284e+00  2.84251719e+00  2.57599370e+00 
 4.71014000e-09  1.64862476e+00  1.95137524e+00  2.84253447e+00  2.57602062e+00 
 4.71064000e-09  1.64850385e+00  1.95149615e+00  2.84255185e+00  2.57604770e+00 
 4.71114000e-09  1.64838443e+00  1.95161557e+00  2.84256933e+00  2.57607496e+00 
 4.71164000e-09  1.64826652e+00  1.95173348e+00  2.84258690e+00  2.57610239e+00 
 4.71214000e-09  1.64815009e+00  1.95184991e+00  2.84260458e+00  2.57612998e+00 
 4.71264000e-09  1.64803517e+00  1.95196483e+00  2.84262235e+00  2.57615775e+00 
 4.71314000e-09  1.64792175e+00  1.95207825e+00  2.84264021e+00  2.57618568e+00 
 4.71364000e-09  1.64780983e+00  1.95219017e+00  2.84265817e+00  2.57621377e+00 
 4.71414000e-09  1.64769941e+00  1.95230059e+00  2.84267623e+00  2.57624203e+00 
 4.71464000e-09  1.64759049e+00  1.95240951e+00  2.84269438e+00  2.57627046e+00 
 4.71514000e-09  1.64748308e+00  1.95251692e+00  2.84271263e+00  2.57629905e+00 
 4.71564000e-09  1.64737718e+00  1.95262282e+00  2.84273097e+00  2.57632779e+00 
 4.71614000e-09  1.64727278e+00  1.95272722e+00  2.84274940e+00  2.57635670e+00 
 4.71664000e-09  1.64716988e+00  1.95283012e+00  2.84276793e+00  2.57638577e+00 
 4.71714000e-09  1.64706850e+00  1.95293150e+00  2.84278655e+00  2.57641499e+00 
 4.71764000e-09  1.64696862e+00  1.95303138e+00  2.84280526e+00  2.57644437e+00 
 4.71814000e-09  1.64687026e+00  1.95312974e+00  2.84282406e+00  2.57647391e+00 
 4.71864000e-09  1.64677340e+00  1.95322660e+00  2.84284296e+00  2.57650361e+00 
 4.71914000e-09  1.64667806e+00  1.95332194e+00  2.84286194e+00  2.57653345e+00 
 4.71964000e-09  1.64658424e+00  1.95341576e+00  2.84288102e+00  2.57656345e+00 
 4.72014000e-09  1.64649192e+00  1.95350808e+00  2.84290018e+00  2.57659360e+00 
 4.72064000e-09  1.64640112e+00  1.95359888e+00  2.84291943e+00  2.57662391e+00 
 4.72114000e-09  1.64631184e+00  1.95368816e+00  2.84293878e+00  2.57665436e+00 
 4.72164000e-09  1.64622407e+00  1.95377593e+00  2.84295820e+00  2.57668496e+00 
 4.72214000e-09  1.64613783e+00  1.95386217e+00  2.84297772e+00  2.57671571e+00 
 4.72264000e-09  1.64605310e+00  1.95394690e+00  2.84299733e+00  2.57674661e+00 
 4.72314000e-09  1.64596989e+00  1.95403011e+00  2.84301702e+00  2.57677765e+00 
 4.72364000e-09  1.64588820e+00  1.95411180e+00  2.84303679e+00  2.57680884e+00 
 4.72414000e-09  1.64580803e+00  1.95419197e+00  2.84305665e+00  2.57684017e+00 
 4.72464000e-09  1.64572938e+00  1.95427062e+00  2.84307660e+00  2.57687164e+00 
 4.72514000e-09  1.64565226e+00  1.95434774e+00  2.84309663e+00  2.57690326e+00 
 4.72564000e-09  1.64557665e+00  1.95442335e+00  2.84311675e+00  2.57693502e+00 
 4.72614000e-09  1.64550258e+00  1.95449742e+00  2.84313695e+00  2.57696692e+00 
 4.72664000e-09  1.64543002e+00  1.95456998e+00  2.84315723e+00  2.57699895e+00 
 4.72714000e-09  1.64535900e+00  1.95464100e+00  2.84317760e+00  2.57703113e+00 
 4.72764000e-09  1.64528950e+00  1.95471050e+00  2.84319804e+00  2.57706344e+00 
 4.72814000e-09  1.64522152e+00  1.95477848e+00  2.84321857e+00  2.57709589e+00 
 4.72864000e-09  1.64515508e+00  1.95484492e+00  2.84323918e+00  2.57712848e+00 
 4.72914000e-09  1.64509016e+00  1.95490984e+00  2.84325987e+00  2.57716120e+00 
 4.72964000e-09  1.64502677e+00  1.95497323e+00  2.84328064e+00  2.57719405e+00 
 4.73014000e-09  1.64496491e+00  1.95503509e+00  2.84330149e+00  2.57722704e+00 
 4.73064000e-09  1.64490458e+00  1.95509542e+00  2.84332242e+00  2.57726016e+00 
 4.73114000e-09  1.64484578e+00  1.95515422e+00  2.84334343e+00  2.57729341e+00 
 4.73164000e-09  1.64478852e+00  1.95521148e+00  2.84336452e+00  2.57732679e+00 
 4.73214000e-09  1.64473278e+00  1.95526722e+00  2.84338568e+00  2.57736030e+00 
 4.73264000e-09  1.64467858e+00  1.95532142e+00  2.84340693e+00  2.57739394e+00 
 4.73314000e-09  1.64462591e+00  1.95537409e+00  2.84342824e+00  2.57742770e+00 
 4.73364000e-09  1.64457477e+00  1.95542523e+00  2.84344964e+00  2.57746160e+00 
 4.73414000e-09  1.64452517e+00  1.95547483e+00  2.84347111e+00  2.57749562e+00 
 4.73464000e-09  1.64447710e+00  1.95552290e+00  2.84349266e+00  2.57752976e+00 
 4.73514000e-09  1.64443057e+00  1.95556943e+00  2.84351428e+00  2.57756403e+00 
 4.73564000e-09  1.64438557e+00  1.95561443e+00  2.84353597e+00  2.57759842e+00 
 4.73614000e-09  1.64434211e+00  1.95565789e+00  2.84355774e+00  2.57763293e+00 
 4.73664000e-09  1.64430018e+00  1.95569982e+00  2.84357958e+00  2.57766757e+00 
 4.73714000e-09  1.64425979e+00  1.95574021e+00  2.84360150e+00  2.57770233e+00 
 4.73764000e-09  1.64422094e+00  1.95577906e+00  2.84362349e+00  2.57773721e+00 
 4.73814000e-09  1.64418363e+00  1.95581637e+00  2.84364555e+00  2.57777220e+00 
 4.73864000e-09  1.64414785e+00  1.95585215e+00  2.84366768e+00  2.57780732e+00 
 4.73914000e-09  1.64411361e+00  1.95588639e+00  2.84368988e+00  2.57784255e+00 
 4.73964000e-09  1.64408091e+00  1.95591909e+00  2.84371216e+00  2.57787790e+00 
 4.74014000e-09  1.64404975e+00  1.95595025e+00  2.84373450e+00  2.57791337e+00 
 4.74064000e-09  1.64402013e+00  1.95597987e+00  2.84375692e+00  2.57794895e+00 
 4.74114000e-09  1.64399205e+00  1.95600795e+00  2.84377940e+00  2.57798464e+00 
 4.74164000e-09  1.64396551e+00  1.95603449e+00  2.84380195e+00  2.57802045e+00 
 4.74214000e-09  1.64394051e+00  1.95605949e+00  2.84382457e+00  2.57805638e+00 
 4.74264000e-09  1.64391704e+00  1.95608296e+00  2.84384726e+00  2.57809241e+00 
 4.74314000e-09  1.64389512e+00  1.95610488e+00  2.84387001e+00  2.57812856e+00 
 4.74364000e-09  1.64387474e+00  1.95612526e+00  2.84389284e+00  2.57816481e+00 
 4.74414000e-09  1.64385590e+00  1.95614410e+00  2.84391573e+00  2.57820118e+00 
 4.74464000e-09  1.64383860e+00  1.95616140e+00  2.84393868e+00  2.57823766e+00 
 4.74514000e-09  1.64382284e+00  1.95617716e+00  2.84396170e+00  2.57827424e+00 
 4.74564000e-09  1.64380863e+00  1.95619137e+00  2.84398479e+00  2.57831093e+00 
 4.74614000e-09  1.64379595e+00  1.95620405e+00  2.84400794e+00  2.57834773e+00 
 4.74664000e-09  1.64378482e+00  1.95621518e+00  2.84403115e+00  2.57838463e+00 
 4.74714000e-09  1.64377523e+00  1.95622477e+00  2.84405443e+00  2.57842164e+00 
 4.74764000e-09  1.64376718e+00  1.95623282e+00  2.84407777e+00  2.57845876e+00 
 4.74814000e-09  1.64376067e+00  1.95623933e+00  2.84410117e+00  2.57849598e+00 
 4.74864000e-09  1.64375570e+00  1.95624430e+00  2.84412464e+00  2.57853330e+00 
 4.74914000e-09  1.64375228e+00  1.95624772e+00  2.84414817e+00  2.57857072e+00 
 4.74964000e-09  1.64375040e+00  1.95624960e+00  2.84417176e+00  2.57860825e+00 
 4.75014000e-09  1.64375006e+00  1.95624994e+00  2.84419541e+00  2.57864587e+00 
 4.75064000e-09  1.64375126e+00  1.95624874e+00  2.84421912e+00  2.57868360e+00 
 4.75114000e-09  1.64375401e+00  1.95624599e+00  2.84424289e+00  2.57872143e+00 
 4.75164000e-09  1.64375830e+00  1.95624170e+00  2.84426672e+00  2.57875935e+00 
 4.75214000e-09  1.64376412e+00  1.95623588e+00  2.84429062e+00  2.57879737e+00 
 4.75264000e-09  1.64377150e+00  1.95622850e+00  2.84431456e+00  2.57883549e+00 
 4.75314000e-09  1.64378041e+00  1.95621959e+00  2.84433857e+00  2.57887371e+00 
 4.75364000e-09  1.64379086e+00  1.95620914e+00  2.84436264e+00  2.57891202e+00 
 4.75414000e-09  1.64380286e+00  1.95619714e+00  2.84438676e+00  2.57895043e+00 
 4.75464000e-09  1.64381640e+00  1.95618360e+00  2.84441094e+00  2.57898893e+00 
 4.75514000e-09  1.64383148e+00  1.95616852e+00  2.84443518e+00  2.57902753e+00 
 4.75564000e-09  1.64384810e+00  1.95615190e+00  2.84445947e+00  2.57906622e+00 
 4.75614000e-09  1.64386626e+00  1.95613374e+00  2.84448382e+00  2.57910500e+00 
 4.75664000e-09  1.64388596e+00  1.95611404e+00  2.84450822e+00  2.57914388e+00 
 4.75714000e-09  1.64390721e+00  1.95609279e+00  2.84453268e+00  2.57918284e+00 
 4.75764000e-09  1.64392999e+00  1.95607001e+00  2.84455720e+00  2.57922190e+00 
 4.75814000e-09  1.64395432e+00  1.95604568e+00  2.84458176e+00  2.57926105e+00 
 4.75864000e-09  1.64398018e+00  1.95601982e+00  2.84460638e+00  2.57930028e+00 
 4.75914000e-09  1.64400759e+00  1.95599241e+00  2.84463106e+00  2.57933960e+00 
 4.75964000e-09  1.64403653e+00  1.95596347e+00  2.84465578e+00  2.57937902e+00 
 4.76014000e-09  1.64406701e+00  1.95593299e+00  2.84468056e+00  2.57941851e+00 
 4.76064000e-09  1.64409904e+00  1.95590096e+00  2.84470539e+00  2.57945810e+00 
 4.76114000e-09  1.64413260e+00  1.95586740e+00  2.84473027e+00  2.57949777e+00 
 4.76164000e-09  1.64416770e+00  1.95583230e+00  2.84475521e+00  2.57953753e+00 
 4.76214000e-09  1.64420434e+00  1.95579566e+00  2.84478019e+00  2.57957737e+00 
 4.76264000e-09  1.64424251e+00  1.95575749e+00  2.84480522e+00  2.57961729e+00 
 4.76314000e-09  1.64428222e+00  1.95571778e+00  2.84483030e+00  2.57965730e+00 
 4.76364000e-09  1.64432347e+00  1.95567653e+00  2.84485544e+00  2.57969739e+00 
 4.76414000e-09  1.64436626e+00  1.95563374e+00  2.84488062e+00  2.57973756e+00 
 4.76464000e-09  1.64441058e+00  1.95558942e+00  2.84490585e+00  2.57977782e+00 
 4.76514000e-09  1.64445644e+00  1.95554356e+00  2.84493112e+00  2.57981815e+00 
 4.76564000e-09  1.64450383e+00  1.95549617e+00  2.84495645e+00  2.57985857e+00 
 4.76614000e-09  1.64455276e+00  1.95544724e+00  2.84498182e+00  2.57989906e+00 
 4.76664000e-09  1.64460322e+00  1.95539678e+00  2.84500723e+00  2.57993964e+00 
 4.76714000e-09  1.64465521e+00  1.95534479e+00  2.84503270e+00  2.57998029e+00 
 4.76764000e-09  1.64470874e+00  1.95529126e+00  2.84505821e+00  2.58002102e+00 
 4.76814000e-09  1.64476380e+00  1.95523620e+00  2.84508376e+00  2.58006183e+00 
 4.76864000e-09  1.64482040e+00  1.95517960e+00  2.84510936e+00  2.58010271e+00 
 4.76914000e-09  1.64487852e+00  1.95512148e+00  2.84513501e+00  2.58014367e+00 
 4.76964000e-09  1.64493818e+00  1.95506182e+00  2.84516069e+00  2.58018471e+00 
 4.77014000e-09  1.64499936e+00  1.95500064e+00  2.84518643e+00  2.58022582e+00 
 4.77064000e-09  1.64506208e+00  1.95493792e+00  2.84521220e+00  2.58026700e+00 
 4.77114000e-09  1.64512633e+00  1.95487367e+00  2.84523802e+00  2.58030826e+00 
 4.77164000e-09  1.64519210e+00  1.95480790e+00  2.84526388e+00  2.58034959e+00 
 4.77214000e-09  1.64525940e+00  1.95474060e+00  2.84528978e+00  2.58039099e+00 
 4.77264000e-09  1.64532823e+00  1.95467177e+00  2.84531572e+00  2.58043247e+00 
 4.77314000e-09  1.64539858e+00  1.95460142e+00  2.84534171e+00  2.58047401e+00 
 4.77364000e-09  1.64547047e+00  1.95452953e+00  2.84536773e+00  2.58051563e+00 
 4.77414000e-09  1.64554387e+00  1.95445613e+00  2.84539380e+00  2.58055732e+00 
 4.77464000e-09  1.64561880e+00  1.95438120e+00  2.84541990e+00  2.58059907e+00 
 4.77514000e-09  1.64569526e+00  1.95430474e+00  2.84544605e+00  2.58064090e+00 
 4.77564000e-09  1.64577323e+00  1.95422677e+00  2.84547223e+00  2.58068279e+00 
 4.77614000e-09  1.64585273e+00  1.95414727e+00  2.84549845e+00  2.58072476e+00 
 4.77664000e-09  1.64593376e+00  1.95406624e+00  2.84552471e+00  2.58076678e+00 
 4.77714000e-09  1.64601630e+00  1.95398370e+00  2.84555101e+00  2.58080888e+00 
 4.77764000e-09  1.64610036e+00  1.95389964e+00  2.84557734e+00  2.58085104e+00 
 4.77814000e-09  1.64618594e+00  1.95381406e+00  2.84560371e+00  2.58089327e+00 
 4.77864000e-09  1.64627304e+00  1.95372696e+00  2.84563012e+00  2.58093556e+00 
 4.77914000e-09  1.64636165e+00  1.95363835e+00  2.84565656e+00  2.58097792e+00 
 4.77964000e-09  1.64645178e+00  1.95354822e+00  2.84568304e+00  2.58102034e+00 
 4.78014000e-09  1.64654343e+00  1.95345657e+00  2.84570955e+00  2.58106283e+00 
 4.78064000e-09  1.64663659e+00  1.95336341e+00  2.84573610e+00  2.58110538e+00 
 4.78114000e-09  1.64673127e+00  1.95326873e+00  2.84576268e+00  2.58114799e+00 
 4.78164000e-09  1.64682746e+00  1.95317254e+00  2.84578930e+00  2.58119066e+00 
 4.78214000e-09  1.64692516e+00  1.95307484e+00  2.84581595e+00  2.58123340e+00 
 4.78264000e-09  1.64702437e+00  1.95297563e+00  2.84584263e+00  2.58127619e+00 
 4.78314000e-09  1.64712509e+00  1.95287491e+00  2.84586934e+00  2.58131905e+00 
 4.78364000e-09  1.64722732e+00  1.95277268e+00  2.84589609e+00  2.58136196e+00 
 4.78414000e-09  1.64733105e+00  1.95266895e+00  2.84592287e+00  2.58140494e+00 
 4.78464000e-09  1.64743630e+00  1.95256370e+00  2.84594968e+00  2.58144797e+00 
 4.78514000e-09  1.64754305e+00  1.95245695e+00  2.84597652e+00  2.58149106e+00 
 4.78564000e-09  1.64765130e+00  1.95234870e+00  2.84600339e+00  2.58153421e+00 
 4.78614000e-09  1.64776106e+00  1.95223894e+00  2.84603029e+00  2.58157742e+00 
 4.78664000e-09  1.64787232e+00  1.95212768e+00  2.84605721e+00  2.58162069e+00 
 4.78714000e-09  1.64798508e+00  1.95201492e+00  2.84608417e+00  2.58166401e+00 
 4.78764000e-09  1.64809934e+00  1.95190066e+00  2.84611116e+00  2.58170739e+00 
 4.78814000e-09  1.64821511e+00  1.95178489e+00  2.84613817e+00  2.58175082e+00 
 4.78864000e-09  1.64833237e+00  1.95166763e+00  2.84616521e+00  2.58179431e+00 
 4.78914000e-09  1.64845112e+00  1.95154888e+00  2.84619228e+00  2.58183785e+00 
 4.78964000e-09  1.64857137e+00  1.95142863e+00  2.84621938e+00  2.58188145e+00 
 4.79014000e-09  1.64869312e+00  1.95130688e+00  2.84624650e+00  2.58192510e+00 
 4.79064000e-09  1.64881636e+00  1.95118364e+00  2.84627365e+00  2.58196880e+00 
 4.79114000e-09  1.64894109e+00  1.95105891e+00  2.84630082e+00  2.58201256e+00 
 4.79164000e-09  1.64906732e+00  1.95093268e+00  2.84632802e+00  2.58205636e+00 
 4.79214000e-09  1.64919503e+00  1.95080497e+00  2.84635524e+00  2.58210022e+00 
 4.79264000e-09  1.64932423e+00  1.95067577e+00  2.84638248e+00  2.58214414e+00 
 4.79314000e-09  1.64945492e+00  1.95054508e+00  2.84640975e+00  2.58218810e+00 
 4.79364000e-09  1.64958709e+00  1.95041291e+00  2.84643704e+00  2.58223211e+00 
 4.79414000e-09  1.64972075e+00  1.95027925e+00  2.84646436e+00  2.58227618e+00 
 4.79464000e-09  1.64985589e+00  1.95014411e+00  2.84649169e+00  2.58232029e+00 
 4.79514000e-09  1.64999252e+00  1.95000748e+00  2.84651905e+00  2.58236445e+00 
 4.79564000e-09  1.65013062e+00  1.94986938e+00  2.84654643e+00  2.58240867e+00 
 4.79614000e-09  1.65027020e+00  1.94972980e+00  2.84657383e+00  2.58245293e+00 
 4.79664000e-09  1.65041126e+00  1.94958874e+00  2.84660125e+00  2.58249723e+00 
 4.79714000e-09  1.65055380e+00  1.94944620e+00  2.84662868e+00  2.58254159e+00 
 4.79764000e-09  1.65069781e+00  1.94930219e+00  2.84665614e+00  2.58258599e+00 
 4.79814000e-09  1.65084330e+00  1.94915670e+00  2.84668362e+00  2.58263044e+00 
 4.79864000e-09  1.65099026e+00  1.94900974e+00  2.84671111e+00  2.58267494e+00 
 4.79914000e-09  1.65113869e+00  1.94886131e+00  2.84673863e+00  2.58271948e+00 
 4.79964000e-09  1.65128858e+00  1.94871142e+00  2.84676615e+00  2.58276407e+00 
 4.80014000e-09  1.65143995e+00  1.94856005e+00  2.84679370e+00  2.58280871e+00 
 4.80064000e-09  1.65159278e+00  1.94840722e+00  2.84682126e+00  2.58285338e+00 
 4.80114000e-09  1.65174708e+00  1.94825292e+00  2.84684884e+00  2.58289811e+00 
 4.80164000e-09  1.65190284e+00  1.94809716e+00  2.84687643e+00  2.58294288e+00 
 4.80214000e-09  1.65206006e+00  1.94793994e+00  2.84690404e+00  2.58298769e+00 
 4.80264000e-09  1.65221874e+00  1.94778126e+00  2.84693166e+00  2.58303254e+00 
 4.80314000e-09  1.65237888e+00  1.94762112e+00  2.84695929e+00  2.58307744e+00 
 4.80364000e-09  1.65254048e+00  1.94745952e+00  2.84698694e+00  2.58312238e+00 
 4.80414000e-09  1.65270353e+00  1.94729647e+00  2.84701460e+00  2.58316737e+00 
 4.80464000e-09  1.65286804e+00  1.94713196e+00  2.84704227e+00  2.58321240e+00 
 4.80514000e-09  1.65303399e+00  1.94696601e+00  2.84706996e+00  2.58325747e+00 
 4.80564000e-09  1.65320140e+00  1.94679860e+00  2.84709765e+00  2.58330258e+00 
 4.80614000e-09  1.65337026e+00  1.94662974e+00  2.84712535e+00  2.58334773e+00 
 4.80664000e-09  1.65354057e+00  1.94645943e+00  2.84715307e+00  2.58339292e+00 
 4.80714000e-09  1.65371232e+00  1.94628768e+00  2.84718079e+00  2.58343816e+00 
 4.80764000e-09  1.65388551e+00  1.94611449e+00  2.84720852e+00  2.58348343e+00 
 4.80814000e-09  1.65406015e+00  1.94593985e+00  2.84723626e+00  2.58352875e+00 
 4.80864000e-09  1.65423622e+00  1.94576378e+00  2.84726401e+00  2.58357410e+00 
 4.80914000e-09  1.65441374e+00  1.94558626e+00  2.84729176e+00  2.58361950e+00 
 4.80964000e-09  1.65459269e+00  1.94540731e+00  2.84731952e+00  2.58366493e+00 
 4.81014000e-09  1.65477308e+00  1.94522692e+00  2.84734728e+00  2.58371040e+00 
 4.81064000e-09  1.65495490e+00  1.94504510e+00  2.84737505e+00  2.58375592e+00 
 4.81114000e-09  1.65513815e+00  1.94486185e+00  2.84740282e+00  2.58380147e+00 
 4.81164000e-09  1.65532283e+00  1.94467717e+00  2.84743060e+00  2.58384706e+00 
 4.81214000e-09  1.65550894e+00  1.94449106e+00  2.84745838e+00  2.58389269e+00 
 4.81264000e-09  1.65569648e+00  1.94430352e+00  2.84748616e+00  2.58393835e+00 
 4.81314000e-09  1.65588544e+00  1.94411456e+00  2.84751395e+00  2.58398406e+00 
 4.81364000e-09  1.65607582e+00  1.94392418e+00  2.84754173e+00  2.58402980e+00 
 4.81414000e-09  1.65626762e+00  1.94373238e+00  2.84756952e+00  2.58407558e+00 
 4.81464000e-09  1.65646084e+00  1.94353916e+00  2.84759730e+00  2.58412140e+00 
 4.81514000e-09  1.65665548e+00  1.94334452e+00  2.84762508e+00  2.58416726e+00 
 4.81564000e-09  1.65685153e+00  1.94314847e+00  2.84765287e+00  2.58421315e+00 
 4.81614000e-09  1.65704900e+00  1.94295100e+00  2.84768064e+00  2.58425908e+00 
 4.81664000e-09  1.65724788e+00  1.94275212e+00  2.84770842e+00  2.58430504e+00 
 4.81714000e-09  1.65744816e+00  1.94255184e+00  2.84773619e+00  2.58435105e+00 
 4.81764000e-09  1.65764985e+00  1.94235015e+00  2.84776396e+00  2.58439709e+00 
 4.81814000e-09  1.65785295e+00  1.94214705e+00  2.84779172e+00  2.58444317e+00 
 4.81864000e-09  1.65805745e+00  1.94194255e+00  2.84781948e+00  2.58448928e+00 
 4.81914000e-09  1.65826335e+00  1.94173665e+00  2.84784723e+00  2.58453543e+00 
 4.81964000e-09  1.65847065e+00  1.94152935e+00  2.84787497e+00  2.58458162e+00 
 4.82014000e-09  1.65867935e+00  1.94132065e+00  2.84790270e+00  2.58462784e+00 
 4.82064000e-09  1.65888944e+00  1.94111056e+00  2.84793042e+00  2.58467410e+00 
 4.82114000e-09  1.65910092e+00  1.94089908e+00  2.84795813e+00  2.58472040e+00 
 4.82164000e-09  1.65931380e+00  1.94068620e+00  2.84798583e+00  2.58476673e+00 
 4.82214000e-09  1.65952806e+00  1.94047194e+00  2.84801352e+00  2.58481310e+00 
 4.82264000e-09  1.65974371e+00  1.94025629e+00  2.84804120e+00  2.58485951e+00 
 4.82314000e-09  1.65996075e+00  1.94003925e+00  2.84806886e+00  2.58490595e+00 
 4.82364000e-09  1.66017916e+00  1.93982084e+00  2.84809651e+00  2.58495243e+00 
 4.82414000e-09  1.66039896e+00  1.93960104e+00  2.84812414e+00  2.58499894e+00 
 4.82464000e-09  1.66062013e+00  1.93937987e+00  2.84815176e+00  2.58504550e+00 
 4.82514000e-09  1.66084268e+00  1.93915732e+00  2.84817936e+00  2.58509209e+00 
 4.82564000e-09  1.66106661e+00  1.93893339e+00  2.84820694e+00  2.58513871e+00 
 4.82614000e-09  1.66129190e+00  1.93870810e+00  2.84823449e+00  2.58518538e+00 
 4.82664000e-09  1.66151856e+00  1.93848144e+00  2.84826203e+00  2.58523208e+00 
 4.82714000e-09  1.66174659e+00  1.93825341e+00  2.84828955e+00  2.58527882e+00 
 4.82764000e-09  1.66197599e+00  1.93802401e+00  2.84831705e+00  2.58532560e+00 
 4.82814000e-09  1.66220674e+00  1.93779326e+00  2.84834452e+00  2.58537241e+00 
 4.82864000e-09  1.66243886e+00  1.93756114e+00  2.84837196e+00  2.58541926e+00 
 4.82914000e-09  1.66267234e+00  1.93732766e+00  2.84839938e+00  2.58546616e+00 
 4.82964000e-09  1.66290717e+00  1.93709283e+00  2.84842678e+00  2.58551309e+00 
 4.83014000e-09  1.66314335e+00  1.93685665e+00  2.84845414e+00  2.58556006e+00 
 4.83064000e-09  1.66338088e+00  1.93661912e+00  2.84848148e+00  2.58560707e+00 
 4.83114000e-09  1.66361976e+00  1.93638024e+00  2.84850878e+00  2.58565411e+00 
 4.83164000e-09  1.66385999e+00  1.93614001e+00  2.84853605e+00  2.58570120e+00 
 4.83214000e-09  1.66410156e+00  1.93589844e+00  2.84856329e+00  2.58574833e+00 
 4.83264000e-09  1.66434448e+00  1.93565552e+00  2.84859050e+00  2.58579550e+00 
 4.83314000e-09  1.66458873e+00  1.93541127e+00  2.84861767e+00  2.58584272e+00 
 4.83364000e-09  1.66483432e+00  1.93516568e+00  2.84864480e+00  2.58588997e+00 
 4.83414000e-09  1.66508124e+00  1.93491876e+00  2.84867189e+00  2.58593727e+00 
 4.83464000e-09  1.66532949e+00  1.93467051e+00  2.84869894e+00  2.58598461e+00 
 4.83514000e-09  1.66557908e+00  1.93442092e+00  2.84872595e+00  2.58603199e+00 
 4.83564000e-09  1.66582998e+00  1.93417002e+00  2.84875292e+00  2.58607942e+00 
 4.83614000e-09  1.66608222e+00  1.93391778e+00  2.84877984e+00  2.58612689e+00 
 4.83664000e-09  1.66633577e+00  1.93366423e+00  2.84880672e+00  2.58617441e+00 
 4.83714000e-09  1.66659065e+00  1.93340935e+00  2.84883355e+00  2.58622197e+00 
 4.83764000e-09  1.66684684e+00  1.93315316e+00  2.84886033e+00  2.58626958e+00 
 4.83814000e-09  1.66710435e+00  1.93289565e+00  2.84888706e+00  2.58631724e+00 
 4.83864000e-09  1.66736316e+00  1.93263684e+00  2.84891373e+00  2.58636495e+00 
 4.83914000e-09  1.66762329e+00  1.93237671e+00  2.84894035e+00  2.58641270e+00 
 4.83964000e-09  1.66788472e+00  1.93211528e+00  2.84896692e+00  2.58646051e+00 
 4.84014000e-09  1.66814746e+00  1.93185254e+00  2.84899342e+00  2.58650837e+00 
 4.84064000e-09  1.66841150e+00  1.93158850e+00  2.84901987e+00  2.58655628e+00 
 4.84114000e-09  1.66867683e+00  1.93132317e+00  2.84904625e+00  2.58660424e+00 
 4.84164000e-09  1.66894347e+00  1.93105653e+00  2.84907257e+00  2.58665226e+00 
 4.84214000e-09  1.66921139e+00  1.93078861e+00  2.84909882e+00  2.58670033e+00 
 4.84264000e-09  1.66948061e+00  1.93051939e+00  2.84912500e+00  2.58674846e+00 
 4.84314000e-09  1.66975112e+00  1.93024888e+00  2.84915112e+00  2.58679665e+00 
 4.84364000e-09  1.67002291e+00  1.92997709e+00  2.84917716e+00  2.58684489e+00 
 4.84414000e-09  1.67029598e+00  1.92970402e+00  2.84920312e+00  2.58689320e+00 
 4.84464000e-09  1.67057033e+00  1.92942967e+00  2.84922901e+00  2.58694156e+00 
 4.84514000e-09  1.67084597e+00  1.92915403e+00  2.84925482e+00  2.58698999e+00 
 4.84564000e-09  1.67112287e+00  1.92887713e+00  2.84928054e+00  2.58703849e+00 
 4.84614000e-09  1.67140105e+00  1.92859895e+00  2.84930618e+00  2.58708704e+00 
 4.84664000e-09  1.67168050e+00  1.92831950e+00  2.84933174e+00  2.58713567e+00 
 4.84714000e-09  1.67196121e+00  1.92803879e+00  2.84935720e+00  2.58718437e+00 
 4.84764000e-09  1.67224319e+00  1.92775681e+00  2.84938257e+00  2.58723313e+00 
 4.84814000e-09  1.67252643e+00  1.92747357e+00  2.84940784e+00  2.58728197e+00 
 4.84864000e-09  1.67281092e+00  1.92718908e+00  2.84943302e+00  2.58733088e+00 
 4.84914000e-09  1.67309667e+00  1.92690333e+00  2.84945809e+00  2.58737987e+00 
 4.84964000e-09  1.67338368e+00  1.92661632e+00  2.84948306e+00  2.58742894e+00 
 4.85014000e-09  1.67367193e+00  1.92632807e+00  2.84950792e+00  2.58747809e+00 
 4.85064000e-09  1.67396143e+00  1.92603857e+00  2.84953267e+00  2.58752731e+00 
 4.85114000e-09  1.67425218e+00  1.92574782e+00  2.84955731e+00  2.58757663e+00 
 4.85164000e-09  1.67454416e+00  1.92545584e+00  2.84958182e+00  2.58762603e+00 
 4.85214000e-09  1.67483739e+00  1.92516261e+00  2.84960622e+00  2.58767551e+00 
 4.85264000e-09  1.67513185e+00  1.92486815e+00  2.84963049e+00  2.58772509e+00 
 4.85314000e-09  1.67542754e+00  1.92457246e+00  2.84965463e+00  2.58777477e+00 
 4.85364000e-09  1.67572446e+00  1.92427554e+00  2.84967864e+00  2.58782454e+00 
 4.85414000e-09  1.67602260e+00  1.92397740e+00  2.84970252e+00  2.58787441e+00 
 4.85464000e-09  1.67632198e+00  1.92367802e+00  2.84972625e+00  2.58792438e+00 
 4.85514000e-09  1.67662257e+00  1.92337743e+00  2.84974984e+00  2.58797446e+00 
 4.85564000e-09  1.67692438e+00  1.92307562e+00  2.84977328e+00  2.58802464e+00 
 4.85614000e-09  1.67722740e+00  1.92277260e+00  2.84979656e+00  2.58807493e+00 
 4.85664000e-09  1.67753164e+00  1.92246836e+00  2.84981969e+00  2.58812534e+00 
 4.85714000e-09  1.67783708e+00  1.92216292e+00  2.84984265e+00  2.58817587e+00 
 4.85764000e-09  1.67814373e+00  1.92185627e+00  2.84986545e+00  2.58822652e+00 
 4.85814000e-09  1.67845159e+00  1.92154841e+00  2.84988807e+00  2.58827729e+00 
 4.85864000e-09  1.67876064e+00  1.92123936e+00  2.84991052e+00  2.58832819e+00 
 4.85914000e-09  1.67907089e+00  1.92092911e+00  2.84993279e+00  2.58837922e+00 
 4.85964000e-09  1.67938233e+00  1.92061767e+00  2.84995486e+00  2.58843039e+00 
 4.86014000e-09  1.67969496e+00  1.92030504e+00  2.84997674e+00  2.58848170e+00 
 4.86064000e-09  1.68000878e+00  1.91999122e+00  2.84999843e+00  2.58853315e+00 
 4.86114000e-09  1.68032379e+00  1.91967621e+00  2.85001990e+00  2.58858475e+00 
 4.86164000e-09  1.68063997e+00  1.91936003e+00  2.85004117e+00  2.58863651e+00 
 4.86214000e-09  1.68095734e+00  1.91904266e+00  2.85006222e+00  2.58868842e+00 
 4.86264000e-09  1.68127588e+00  1.91872412e+00  2.85008304e+00  2.58874050e+00 
 4.86314000e-09  1.68159559e+00  1.91840441e+00  2.85010364e+00  2.58879274e+00 
 4.86364000e-09  1.68191647e+00  1.91808353e+00  2.85012399e+00  2.58884516e+00 
 4.86414000e-09  1.68223851e+00  1.91776149e+00  2.85014410e+00  2.58889775e+00 
 4.86464000e-09  1.68256172e+00  1.91743828e+00  2.85016396e+00  2.58895053e+00 
 4.86514000e-09  1.68288608e+00  1.91711392e+00  2.85018356e+00  2.58900349e+00 
 4.86564000e-09  1.68321161e+00  1.91678839e+00  2.85020289e+00  2.58905666e+00 
 4.86614000e-09  1.68353828e+00  1.91646172e+00  2.85022194e+00  2.58911002e+00 
 4.86664000e-09  1.68386610e+00  1.91613390e+00  2.85024072e+00  2.58916359e+00 
 4.86714000e-09  1.68419508e+00  1.91580492e+00  2.85025920e+00  2.58921738e+00 
 4.86764000e-09  1.68452519e+00  1.91547481e+00  2.85027738e+00  2.58927139e+00 
 4.86814000e-09  1.68485644e+00  1.91514356e+00  2.85029525e+00  2.58932562e+00 
 4.86864000e-09  1.68518883e+00  1.91481117e+00  2.85031280e+00  2.58938009e+00 
 4.86914000e-09  1.68552235e+00  1.91447765e+00  2.85033002e+00  2.58943481e+00 
 4.86964000e-09  1.68585700e+00  1.91414300e+00  2.85034691e+00  2.58948977e+00 
 4.87014000e-09  1.68619278e+00  1.91380722e+00  2.85036345e+00  2.58954499e+00 
 4.87064000e-09  1.68652969e+00  1.91347031e+00  2.85037962e+00  2.58960048e+00 
 4.87114000e-09  1.68686771e+00  1.91313229e+00  2.85039543e+00  2.58965625e+00 
 4.87164000e-09  1.68720685e+00  1.91279315e+00  2.85041086e+00  2.58971229e+00 
 4.87214000e-09  1.68754710e+00  1.91245290e+00  2.85042590e+00  2.58976863e+00 
 4.87264000e-09  1.68788846e+00  1.91211154e+00  2.85044053e+00  2.58982528e+00 
 4.87314000e-09  1.68823093e+00  1.91176907e+00  2.85045475e+00  2.58988223e+00 
 4.87364000e-09  1.68857450e+00  1.91142550e+00  2.85046854e+00  2.58993951e+00 
 4.87414000e-09  1.68891917e+00  1.91108083e+00  2.85048189e+00  2.58999711e+00 
 4.87464000e-09  1.68926494e+00  1.91073506e+00  2.85049478e+00  2.59005506e+00 
 4.87514000e-09  1.68961180e+00  1.91038820e+00  2.85050721e+00  2.59011337e+00 
 4.87564000e-09  1.68995975e+00  1.91004025e+00  2.85051915e+00  2.59017204e+00 
 4.87614000e-09  1.69030878e+00  1.90969122e+00  2.85053060e+00  2.59023108e+00 
 4.87664000e-09  1.69065890e+00  1.90934110e+00  2.85054153e+00  2.59029051e+00 
 4.87714000e-09  1.69101010e+00  1.90898990e+00  2.85055194e+00  2.59035035e+00 
 4.87764000e-09  1.69136237e+00  1.90863763e+00  2.85056180e+00  2.59041060e+00 
 4.87814000e-09  1.69171572e+00  1.90828428e+00  2.85057111e+00  2.59047127e+00 
 4.87864000e-09  1.69207013e+00  1.90792987e+00  2.85057984e+00  2.59053239e+00 
 4.87914000e-09  1.69242561e+00  1.90757439e+00  2.85058797e+00  2.59059396e+00 
 4.87964000e-09  1.69278215e+00  1.90721785e+00  2.85059550e+00  2.59065601e+00 
 4.88014000e-09  1.69313975e+00  1.90686025e+00  2.85060239e+00  2.59071853e+00 
 4.88064000e-09  1.69349840e+00  1.90650160e+00  2.85060864e+00  2.59078156e+00 
 4.88114000e-09  1.69385811e+00  1.90614189e+00  2.85061421e+00  2.59084510e+00 
 4.88164000e-09  1.69421886e+00  1.90578114e+00  2.85061910e+00  2.59090918e+00 
 4.88214000e-09  1.69458066e+00  1.90541934e+00  2.85062328e+00  2.59097380e+00 
 4.88264000e-09  1.69494349e+00  1.90505651e+00  2.85062672e+00  2.59103900e+00 
 4.88314000e-09  1.69530737e+00  1.90469263e+00  2.85062942e+00  2.59110477e+00 
 4.88364000e-09  1.69567227e+00  1.90432773e+00  2.85063133e+00  2.59117116e+00 
 4.88414000e-09  1.69603821e+00  1.90396179e+00  2.85063245e+00  2.59123816e+00 
 4.88464000e-09  1.69640517e+00  1.90359483e+00  2.85063274e+00  2.59130581e+00 
 4.88514000e-09  1.69677316e+00  1.90322684e+00  2.85063219e+00  2.59137413e+00 
 4.88564000e-09  1.69714216e+00  1.90285784e+00  2.85063076e+00  2.59144313e+00 
 4.88614000e-09  1.69751218e+00  1.90248782e+00  2.85062843e+00  2.59151283e+00 
 4.88664000e-09  1.69788321e+00  1.90211679e+00  2.85062517e+00  2.59158327e+00 
 4.88714000e-09  1.69825525e+00  1.90174475e+00  2.85062096e+00  2.59165445e+00 
 4.88764000e-09  1.69862830e+00  1.90137170e+00  2.85061577e+00  2.59172642e+00 
 4.88814000e-09  1.69900234e+00  1.90099766e+00  2.85060956e+00  2.59179918e+00 
 4.88864000e-09  1.69937738e+00  1.90062262e+00  2.85060230e+00  2.59187277e+00 
 4.88914000e-09  1.69975341e+00  1.90024659e+00  2.85059397e+00  2.59194722e+00 
 4.88964000e-09  1.70013043e+00  1.89986957e+00  2.85058454e+00  2.59202254e+00 
 4.89014000e-09  1.70050844e+00  1.89949156e+00  2.85057396e+00  2.59209877e+00 
 4.89064000e-09  1.70088743e+00  1.89911257e+00  2.85056221e+00  2.59217593e+00 
 4.89114000e-09  1.70126740e+00  1.89873260e+00  2.85054925e+00  2.59225406e+00 
 4.89164000e-09  1.70164834e+00  1.89835166e+00  2.85053504e+00  2.59233318e+00 
 4.89214000e-09  1.70203026e+00  1.89796974e+00  2.85051955e+00  2.59241333e+00 
 4.89264000e-09  1.70241314e+00  1.89758686e+00  2.85050274e+00  2.59249453e+00 
 4.89314000e-09  1.70279698e+00  1.89720302e+00  2.85048456e+00  2.59257683e+00 
 4.89364000e-09  1.70318179e+00  1.89681821e+00  2.85046499e+00  2.59266025e+00 
 4.89414000e-09  1.70356754e+00  1.89643246e+00  2.85044398e+00  2.59274483e+00 
 4.89464000e-09  1.70395425e+00  1.89604575e+00  2.85042148e+00  2.59283060e+00 
 4.89514000e-09  1.70434191e+00  1.89565809e+00  2.85039746e+00  2.59291761e+00 
 4.89564000e-09  1.70473051e+00  1.89526949e+00  2.85037186e+00  2.59300588e+00 
 4.89614000e-09  1.70512006e+00  1.89487994e+00  2.85034465e+00  2.59309546e+00 
 4.89664000e-09  1.70551054e+00  1.89448946e+00  2.85031577e+00  2.59318639e+00 
 4.89714000e-09  1.70590195e+00  1.89409805e+00  2.85028517e+00  2.59327870e+00 
 4.89764000e-09  1.70629429e+00  1.89370571e+00  2.85025282e+00  2.59337245e+00 
 4.89814000e-09  1.70668755e+00  1.89331245e+00  2.85021865e+00  2.59346767e+00 
 4.89864000e-09  1.70708174e+00  1.89291826e+00  2.85018261e+00  2.59356440e+00 
 4.89914000e-09  1.70747684e+00  1.89252316e+00  2.85014466e+00  2.59366270e+00 
 4.89964000e-09  1.70787286e+00  1.89212714e+00  2.85010473e+00  2.59376261e+00 
 4.90014000e-09  1.70826978e+00  1.89173022e+00  2.85006277e+00  2.59386418e+00 
 4.90064000e-09  1.70866762e+00  1.89133238e+00  2.85001873e+00  2.59396745e+00 
 4.90114000e-09  1.70906635e+00  1.89093365e+00  2.84997254e+00  2.59407247e+00 
 4.90164000e-09  1.70946598e+00  1.89053402e+00  2.84992414e+00  2.59417931e+00 
 4.90214000e-09  1.70986650e+00  1.89013350e+00  2.84987348e+00  2.59428800e+00 
 4.90264000e-09  1.71026791e+00  1.88973209e+00  2.84982048e+00  2.59439861e+00 
 4.90314000e-09  1.71067021e+00  1.88932979e+00  2.84976510e+00  2.59451119e+00 
 4.90364000e-09  1.71107339e+00  1.88892661e+00  2.84970725e+00  2.59462579e+00 
 4.90414000e-09  1.71147745e+00  1.88852255e+00  2.84964687e+00  2.59474247e+00 
 4.90464000e-09  1.71188238e+00  1.88811762e+00  2.84958390e+00  2.59486130e+00 
 4.90514000e-09  1.71228818e+00  1.88771182e+00  2.84951826e+00  2.59498232e+00 
 4.90564000e-09  1.71269485e+00  1.88730515e+00  2.84944989e+00  2.59510561e+00 
 4.90614000e-09  1.71310238e+00  1.88689762e+00  2.84937870e+00  2.59523123e+00 
 4.90664000e-09  1.71351077e+00  1.88648923e+00  2.84930463e+00  2.59535923e+00 
 4.90714000e-09  1.71392001e+00  1.88607999e+00  2.84922760e+00  2.59548970e+00 
 4.90764000e-09  1.71433010e+00  1.88566990e+00  2.84914754e+00  2.59562268e+00 
 4.90814000e-09  1.71474103e+00  1.88525897e+00  2.84906436e+00  2.59575826e+00 
 4.90864000e-09  1.71515281e+00  1.88484719e+00  2.84897798e+00  2.59589649e+00 
 4.90914000e-09  1.71556542e+00  1.88443458e+00  2.84888833e+00  2.59603746e+00 
 4.90964000e-09  1.71597887e+00  1.88402113e+00  2.84879532e+00  2.59618122e+00 
 4.91014000e-09  1.71639314e+00  1.88360686e+00  2.84869887e+00  2.59632787e+00 
 4.91064000e-09  1.71680825e+00  1.88319175e+00  2.84859889e+00  2.59647746e+00 
 4.91114000e-09  1.71722417e+00  1.88277583e+00  2.84849529e+00  2.59663008e+00 
 4.91164000e-09  1.71764091e+00  1.88235909e+00  2.84838800e+00  2.59678580e+00 
 4.91214000e-09  1.71805846e+00  1.88194154e+00  2.84827691e+00  2.59694470e+00 
 4.91264000e-09  1.71847682e+00  1.88152318e+00  2.84816195e+00  2.59710686e+00 
 4.91314000e-09  1.71889599e+00  1.88110401e+00  2.84804301e+00  2.59727236e+00 
 4.91364000e-09  1.71931595e+00  1.88068405e+00  2.84792001e+00  2.59744128e+00 
 4.91414000e-09  1.71973672e+00  1.88026328e+00  2.84779285e+00  2.59761370e+00 
 4.91464000e-09  1.72015827e+00  1.87984173e+00  2.84766144e+00  2.59778971e+00 
 4.91514000e-09  1.72058061e+00  1.87941939e+00  2.84752569e+00  2.59796940e+00 
 4.91564000e-09  1.72100374e+00  1.87899626e+00  2.84738549e+00  2.59815284e+00 
 4.91614000e-09  1.72142765e+00  1.87857235e+00  2.84724075e+00  2.59834012e+00 
 4.91664000e-09  1.72185233e+00  1.87814767e+00  2.84709138e+00  2.59853133e+00 
 4.91714000e-09  1.72227778e+00  1.87772222e+00  2.84693728e+00  2.59872656e+00 
 4.91764000e-09  1.72270400e+00  1.87729600e+00  2.84677834e+00  2.59892589e+00 
 4.91814000e-09  1.72313098e+00  1.87686902e+00  2.84661447e+00  2.59912942e+00 
 4.91864000e-09  1.72355873e+00  1.87644127e+00  2.84644556e+00  2.59933723e+00 
 4.91914000e-09  1.72398722e+00  1.87601278e+00  2.84627153e+00  2.59954942e+00 
 4.91964000e-09  1.72441647e+00  1.87558353e+00  2.84609226e+00  2.59976608e+00 
 4.92014000e-09  1.72484646e+00  1.87515354e+00  2.84590766e+00  2.59998729e+00 
 4.92064000e-09  1.72527720e+00  1.87472280e+00  2.84571763e+00  2.60021315e+00 
 4.92114000e-09  1.72570867e+00  1.87429133e+00  2.84552207e+00  2.60044374e+00 
 4.92164000e-09  1.72614087e+00  1.87385913e+00  2.84532087e+00  2.60067917e+00 
 4.92214000e-09  1.72657381e+00  1.87342619e+00  2.84511394e+00  2.60091952e+00 
 4.92264000e-09  1.72700746e+00  1.87299254e+00  2.84490118e+00  2.60116489e+00 
 4.92314000e-09  1.72744184e+00  1.87255816e+00  2.84468248e+00  2.60141536e+00 
 4.92364000e-09  1.72787694e+00  1.87212306e+00  2.84445776e+00  2.60167102e+00 
 4.92414000e-09  1.72831274e+00  1.87168726e+00  2.84422690e+00  2.60193198e+00 
 4.92464000e-09  1.72874926e+00  1.87125074e+00  2.84398982e+00  2.60219831e+00 
 4.92514000e-09  1.72918648e+00  1.87081352e+00  2.84374642e+00  2.60247011e+00 
 4.92564000e-09  1.72962439e+00  1.87037561e+00  2.84349659e+00  2.60274747e+00 
 4.92614000e-09  1.73006300e+00  1.86993700e+00  2.84324026e+00  2.60303047e+00 
 4.92664000e-09  1.73050230e+00  1.86949770e+00  2.84297732e+00  2.60331921e+00 
 4.92714000e-09  1.73094229e+00  1.86905771e+00  2.84270769e+00  2.60361377e+00 
 4.92764000e-09  1.73138296e+00  1.86861704e+00  2.84243126e+00  2.60391423e+00 
 4.92814000e-09  1.73182431e+00  1.86817569e+00  2.84214796e+00  2.60422068e+00 
 4.92864000e-09  1.73226633e+00  1.86773367e+00  2.84185770e+00  2.60453321e+00 
 4.92914000e-09  1.73270901e+00  1.86729099e+00  2.84156039e+00  2.60485189e+00 
 4.92964000e-09  1.73315236e+00  1.86684764e+00  2.84125595e+00  2.60517682e+00 
 4.93014000e-09  1.73359638e+00  1.86640362e+00  2.84094429e+00  2.60550805e+00 
 4.93064000e-09  1.73404104e+00  1.86595896e+00  2.84062535e+00  2.60584568e+00 
 4.93114000e-09  1.73448636e+00  1.86551364e+00  2.84029903e+00  2.60618978e+00 
 4.93164000e-09  1.73493232e+00  1.86506768e+00  2.83996527e+00  2.60654043e+00 
 4.93214000e-09  1.73537893e+00  1.86462107e+00  2.83962399e+00  2.60689769e+00 
 4.93264000e-09  1.73582617e+00  1.86417383e+00  2.83927513e+00  2.60726163e+00 
 4.93314000e-09  1.73627405e+00  1.86372595e+00  2.83891861e+00  2.60763233e+00 
 4.93364000e-09  1.73672256e+00  1.86327744e+00  2.83855437e+00  2.60800985e+00 
 4.93414000e-09  1.73717169e+00  1.86282831e+00  2.83818235e+00  2.60839425e+00 
 4.93464000e-09  1.73762144e+00  1.86237856e+00  2.83780249e+00  2.60878559e+00 
 4.93514000e-09  1.73807181e+00  1.86192819e+00  2.83741473e+00  2.60918394e+00 
 4.93564000e-09  1.73852278e+00  1.86147722e+00  2.83701903e+00  2.60958935e+00 
 4.93614000e-09  1.73897437e+00  1.86102563e+00  2.83661532e+00  2.61000187e+00 
 4.93664000e-09  1.73942656e+00  1.86057344e+00  2.83620357e+00  2.61042156e+00 
 4.93714000e-09  1.73987934e+00  1.86012066e+00  2.83578372e+00  2.61084846e+00 
 4.93764000e-09  1.74033272e+00  1.85966728e+00  2.83535574e+00  2.61128262e+00 
 4.93814000e-09  1.74078669e+00  1.85921331e+00  2.83491958e+00  2.61172408e+00 
 4.93864000e-09  1.74124124e+00  1.85875876e+00  2.83447522e+00  2.61217289e+00 
 4.93914000e-09  1.74169637e+00  1.85830363e+00  2.83402263e+00  2.61262908e+00 
 4.93964000e-09  1.74215208e+00  1.85784792e+00  2.83356176e+00  2.61309269e+00 
 4.94014000e-09  1.74260835e+00  1.85739165e+00  2.83309261e+00  2.61356374e+00 
 4.94064000e-09  1.74306520e+00  1.85693480e+00  2.83261514e+00  2.61404228e+00 
 4.94114000e-09  1.74352260e+00  1.85647740e+00  2.83212934e+00  2.61452832e+00 
 4.94164000e-09  1.74398057e+00  1.85601943e+00  2.83163520e+00  2.61502189e+00 
 4.94214000e-09  1.74443908e+00  1.85556092e+00  2.83113269e+00  2.61552300e+00 
 4.94264000e-09  1.74489815e+00  1.85510185e+00  2.83062182e+00  2.61603169e+00 
 4.94314000e-09  1.74535776e+00  1.85464224e+00  2.83010258e+00  2.61654796e+00 
 4.94364000e-09  1.74581791e+00  1.85418209e+00  2.82957497e+00  2.61707182e+00 
 4.94414000e-09  1.74627859e+00  1.85372141e+00  2.82903898e+00  2.61760329e+00 
 4.94464000e-09  1.74673980e+00  1.85326020e+00  2.82849463e+00  2.61814237e+00 
 4.94514000e-09  1.74720154e+00  1.85279846e+00  2.82794191e+00  2.61868906e+00 
 4.94564000e-09  1.74766380e+00  1.85233620e+00  2.82738086e+00  2.61924337e+00 
 4.94614000e-09  1.74812658e+00  1.85187342e+00  2.82681146e+00  2.61980530e+00 
 4.94664000e-09  1.74858986e+00  1.85141014e+00  2.82623376e+00  2.62037483e+00 
 4.94714000e-09  1.74905366e+00  1.85094634e+00  2.82564775e+00  2.62095197e+00 
 4.94764000e-09  1.74951796e+00  1.85048204e+00  2.82505348e+00  2.62153670e+00 
 4.94814000e-09  1.74998275e+00  1.85001725e+00  2.82445097e+00  2.62212902e+00 
 4.94864000e-09  1.75044804e+00  1.84955196e+00  2.82384023e+00  2.62272890e+00 
 4.94914000e-09  1.75091382e+00  1.84908618e+00  2.82322132e+00  2.62333634e+00 
 4.94964000e-09  1.75138009e+00  1.84861991e+00  2.82259426e+00  2.62395130e+00 
 4.95014000e-09  1.75184683e+00  1.84815317e+00  2.82195909e+00  2.62457377e+00 
 4.95064000e-09  1.75231405e+00  1.84768595e+00  2.82131585e+00  2.62520373e+00 
 4.95114000e-09  1.75278174e+00  1.84721826e+00  2.82066458e+00  2.62584114e+00 
 4.95164000e-09  1.75324989e+00  1.84675011e+00  2.82000533e+00  2.62648598e+00 
 4.95214000e-09  1.75371851e+00  1.84628149e+00  2.81933815e+00  2.62713822e+00 
 4.95264000e-09  1.75418759e+00  1.84581241e+00  2.81866308e+00  2.62779781e+00 
 4.95314000e-09  1.75465711e+00  1.84534289e+00  2.81798017e+00  2.62846472e+00 
 4.95364000e-09  1.75512708e+00  1.84487292e+00  2.81728949e+00  2.62913892e+00 
 4.95414000e-09  1.75559750e+00  1.84440250e+00  2.81659107e+00  2.62982035e+00 
 4.95464000e-09  1.75606836e+00  1.84393164e+00  2.81588499e+00  2.63050898e+00 
 4.95514000e-09  1.75653964e+00  1.84346036e+00  2.81517128e+00  2.63120474e+00 
 4.95564000e-09  1.75701136e+00  1.84298864e+00  2.81445002e+00  2.63190760e+00 
 4.95614000e-09  1.75748350e+00  1.84251650e+00  2.81372125e+00  2.63261749e+00 
 4.95664000e-09  1.75795606e+00  1.84204394e+00  2.81298504e+00  2.63333436e+00 
 4.95714000e-09  1.75842904e+00  1.84157096e+00  2.81224144e+00  2.63405815e+00 
 4.95764000e-09  1.75890243e+00  1.84109757e+00  2.81149051e+00  2.63478878e+00 
 4.95814000e-09  1.75937622e+00  1.84062378e+00  2.81073231e+00  2.63552620e+00 
 4.95864000e-09  1.75985041e+00  1.84014959e+00  2.80996690e+00  2.63627033e+00 
 4.95914000e-09  1.76032500e+00  1.83967500e+00  2.80919433e+00  2.63702110e+00 
 4.95964000e-09  1.76079998e+00  1.83920002e+00  2.80841467e+00  2.63777843e+00 
 4.96014000e-09  1.76127535e+00  1.83872465e+00  2.80762795e+00  2.63854224e+00 
 4.96064000e-09  1.76175110e+00  1.83824890e+00  2.80683425e+00  2.63931246e+00 
 4.96114000e-09  1.76222722e+00  1.83777278e+00  2.80603362e+00  2.64008899e+00 
 4.96164000e-09  1.76270372e+00  1.83729628e+00  2.80522611e+00  2.64087175e+00 
 4.96214000e-09  1.76318059e+00  1.83681941e+00  2.80441178e+00  2.64166065e+00 
 4.96264000e-09  1.76365782e+00  1.83634218e+00  2.80359068e+00  2.64245561e+00 
 4.96314000e-09  1.76413541e+00  1.83586459e+00  2.80276286e+00  2.64325654e+00 
 4.96364000e-09  1.76461336e+00  1.83538664e+00  2.80192838e+00  2.64406334e+00 
 4.96414000e-09  1.76509165e+00  1.83490835e+00  2.80108731e+00  2.64487592e+00 
 4.96464000e-09  1.76557029e+00  1.83442971e+00  2.80023968e+00  2.64569419e+00 
 4.96514000e-09  1.76604927e+00  1.83395073e+00  2.79938557e+00  2.64651806e+00 
 4.96564000e-09  1.76652858e+00  1.83347142e+00  2.79852503e+00  2.64734744e+00 
 4.96614000e-09  1.76700822e+00  1.83299178e+00  2.79765812e+00  2.64818223e+00 
 4.96664000e-09  1.76748819e+00  1.83251181e+00  2.79678489e+00  2.64902235e+00 
 4.96714000e-09  1.76796848e+00  1.83203152e+00  2.79590542e+00  2.64986771e+00 
 4.96764000e-09  1.76844909e+00  1.83155091e+00  2.79501976e+00  2.65071821e+00 
 4.96814000e-09  1.76893000e+00  1.83107000e+00  2.79412798e+00  2.65157377e+00 
 4.96864000e-09  1.76941123e+00  1.83058877e+00  2.79323015e+00  2.65243430e+00 
 4.96914000e-09  1.76989275e+00  1.83010725e+00  2.79232632e+00  2.65329971e+00 
 4.96964000e-09  1.77037458e+00  1.82962542e+00  2.79141658e+00  2.65416992e+00 
 4.97014000e-09  1.77085669e+00  1.82914331e+00  2.79050100e+00  2.65504484e+00 
 4.97064000e-09  1.77133909e+00  1.82866091e+00  2.78957963e+00  2.65592438e+00 
 4.97114000e-09  1.77182178e+00  1.82817822e+00  2.78865256e+00  2.65680846e+00 
 4.97164000e-09  1.77230474e+00  1.82769526e+00  2.78771985e+00  2.65769701e+00 
 4.97214000e-09  1.77278798e+00  1.82721202e+00  2.78678159e+00  2.65858993e+00 
 4.97264000e-09  1.77327149e+00  1.82672851e+00  2.78583785e+00  2.65948715e+00 
 4.97314000e-09  1.77375526e+00  1.82624474e+00  2.78488869e+00  2.66038857e+00 
 4.97364000e-09  1.77423928e+00  1.82576072e+00  2.78393421e+00  2.66129414e+00 
 4.97414000e-09  1.77472357e+00  1.82527643e+00  2.78297448e+00  2.66220376e+00 
 4.97464000e-09  1.77520810e+00  1.82479190e+00  2.78200957e+00  2.66311735e+00 
 4.97514000e-09  1.77569288e+00  1.82430712e+00  2.78103957e+00  2.66403484e+00 
 4.97564000e-09  1.77617789e+00  1.82382211e+00  2.78006455e+00  2.66495616e+00 
 4.97614000e-09  1.77666315e+00  1.82333685e+00  2.77908460e+00  2.66588121e+00 
 4.97664000e-09  1.77714863e+00  1.82285137e+00  2.77809979e+00  2.66680994e+00 
 4.97714000e-09  1.77763434e+00  1.82236566e+00  2.77711022e+00  2.66774227e+00 
 4.97764000e-09  1.77812026e+00  1.82187974e+00  2.77611596e+00  2.66867812e+00 
 4.97814000e-09  1.77860641e+00  1.82139359e+00  2.77511710e+00  2.66961742e+00 
 4.97864000e-09  1.77909276e+00  1.82090724e+00  2.77411372e+00  2.67056010e+00 
 4.97914000e-09  1.77957933e+00  1.82042067e+00  2.77310591e+00  2.67150609e+00 
 4.97964000e-09  1.78006609e+00  1.81993391e+00  2.77209375e+00  2.67245532e+00 
 4.98014000e-09  1.78055305e+00  1.81944695e+00  2.77107734e+00  2.67340772e+00 
 4.98064000e-09  1.78104020e+00  1.81895980e+00  2.77005675e+00  2.67436323e+00 
 4.98114000e-09  1.78152754e+00  1.81847246e+00  2.76903208e+00  2.67532178e+00 
 4.98164000e-09  1.78201506e+00  1.81798494e+00  2.76800342e+00  2.67628330e+00 
 4.98214000e-09  1.78250276e+00  1.81749724e+00  2.76697085e+00  2.67724773e+00 
 4.98264000e-09  1.78299064e+00  1.81700936e+00  2.76593447e+00  2.67821500e+00 
 4.98314000e-09  1.78347867e+00  1.81652133e+00  2.76489437e+00  2.67918506e+00 
 4.98364000e-09  1.78396688e+00  1.81603312e+00  2.76385064e+00  2.68015784e+00 
 4.98414000e-09  1.78445524e+00  1.81554476e+00  2.76280337e+00  2.68113328e+00 
 4.98464000e-09  1.78494375e+00  1.81505625e+00  2.76175265e+00  2.68211132e+00 
 4.98514000e-09  1.78543242e+00  1.81456758e+00  2.76069858e+00  2.68309189e+00 
 4.98564000e-09  1.78592122e+00  1.81407878e+00  2.75964124e+00  2.68407495e+00 
 4.98614000e-09  1.78641017e+00  1.81358983e+00  2.75858073e+00  2.68506042e+00 
 4.98664000e-09  1.78689925e+00  1.81310075e+00  2.75751715e+00  2.68604826e+00 
 4.98714000e-09  1.78738846e+00  1.81261154e+00  2.75645059e+00  2.68703839e+00 
 4.98764000e-09  1.78787779e+00  1.81212221e+00  2.75538113e+00  2.68803077e+00 
 4.98814000e-09  1.78836725e+00  1.81163275e+00  2.75430887e+00  2.68902534e+00 
 4.98864000e-09  1.78885681e+00  1.81114319e+00  2.75323391e+00  2.69002203e+00 
 4.98914000e-09  1.78934649e+00  1.81065351e+00  2.75215633e+00  2.69102079e+00 
 4.98964000e-09  1.78983627e+00  1.81016373e+00  2.75107623e+00  2.69202155e+00 
 4.99014000e-09  1.79032616e+00  1.80967384e+00  2.74999369e+00  2.69302427e+00 
 4.99064000e-09  1.79081614e+00  1.80918386e+00  2.74890882e+00  2.69402888e+00 
 4.99114000e-09  1.79130621e+00  1.80869379e+00  2.74782168e+00  2.69503532e+00 
 4.99164000e-09  1.79179636e+00  1.80820364e+00  2.74673239e+00  2.69604353e+00 
 4.99214000e-09  1.79228660e+00  1.80771340e+00  2.74564102e+00  2.69705345e+00 
 4.99264000e-09  1.79277691e+00  1.80722309e+00  2.74454766e+00  2.69806502e+00 
 4.99314000e-09  1.79326730e+00  1.80673270e+00  2.74345241e+00  2.69907818e+00 
 4.99364000e-09  1.79375775e+00  1.80624225e+00  2.74235533e+00  2.70009287e+00 
 4.99414000e-09  1.79424826e+00  1.80575174e+00  2.74125653e+00  2.70110903e+00 
 4.99464000e-09  1.79473883e+00  1.80526117e+00  2.74015609e+00  2.70212658e+00 
 4.99514000e-09  1.79522945e+00  1.80477055e+00  2.73905408e+00  2.70314548e+00 
 4.99564000e-09  1.79572012e+00  1.80427988e+00  2.73795059e+00  2.70416564e+00 
 4.99614000e-09  1.79621083e+00  1.80378917e+00  2.73684571e+00  2.70518702e+00 
 4.99664000e-09  1.79670157e+00  1.80329843e+00  2.73573951e+00  2.70620954e+00 
 4.99714000e-09  1.79719235e+00  1.80280765e+00  2.73463207e+00  2.70723313e+00 
 4.99764000e-09  1.79768316e+00  1.80231684e+00  2.73352347e+00  2.70825774e+00 
 4.99814000e-09  1.79817399e+00  1.80182601e+00  2.73241380e+00  2.70928328e+00 
 4.99864000e-09  1.79866484e+00  1.80133516e+00  2.73130312e+00  2.71030970e+00 
 4.99914000e-09  1.79915570e+00  1.80084430e+00  2.73019151e+00  2.71133692e+00 
 4.99957000e-09  1.79957785e+00  1.80042215e+00  2.72923485e+00  2.71222092e+00 
 5.00000000e-09  1.80000000e+00  1.80000000e+00  2.72827760e+00  2.71310542e+00 
