 time            v(bufinp)       v(bufinn)       v(outp)         v(outn)        
 0.00000000e+00  1.80000000e+00  1.80000000e+00  2.47606239e+00  2.47606239e+00 
 5.00000000e-15  1.80000628e+00  1.79999372e+00  2.47606562e+00  2.47605916e+00 
 1.00000000e-14  1.80001257e+00  1.79998743e+00  2.47606810e+00  2.47605668e+00 
 2.00000000e-14  1.80002513e+00  1.79997487e+00  2.47607189e+00  2.47605289e+00 
 4.00000000e-14  1.80005027e+00  1.79994973e+00  2.47607495e+00  2.47604983e+00 
 8.00000000e-14  1.80010053e+00  1.79989947e+00  2.47607433e+00  2.47605045e+00 
 1.60000000e-13  1.80020106e+00  1.79979894e+00  2.47606515e+00  2.47605963e+00 
 3.20000000e-13  1.80040212e+00  1.79959788e+00  2.47602884e+00  2.47609594e+00 
 6.40000000e-13  1.80080425e+00  1.79919575e+00  2.47590309e+00  2.47622168e+00 
 1.14000000e-12  1.80143255e+00  1.79856745e+00  2.47561697e+00  2.47650762e+00 
 1.64000000e-12  1.80206085e+00  1.79793915e+00  2.47526265e+00  2.47686160e+00 
 2.14000000e-12  1.80268912e+00  1.79731088e+00  2.47486185e+00  2.47726209e+00 
 2.64000000e-12  1.80331737e+00  1.79668263e+00  2.47442180e+00  2.47770178e+00 
 3.14000000e-12  1.80394558e+00  1.79605442e+00  2.47394615e+00  2.47817698e+00 
 3.64000000e-12  1.80457376e+00  1.79542624e+00  2.47343729e+00  2.47868534e+00 
 4.14000000e-12  1.80520189e+00  1.79479811e+00  2.47289739e+00  2.47922469e+00 
 4.64000000e-12  1.80582997e+00  1.79417003e+00  2.47232831e+00  2.47979321e+00 
 5.14000000e-12  1.80645799e+00  1.79354201e+00  2.47173191e+00  2.48038906e+00 
 5.64000000e-12  1.80708595e+00  1.79291405e+00  2.47110980e+00  2.48101063e+00 
 6.14000000e-12  1.80771384e+00  1.79228616e+00  2.47046364e+00  2.48165628e+00 
 6.64000000e-12  1.80834165e+00  1.79165835e+00  2.46979487e+00  2.48232459e+00 
 7.14000000e-12  1.80896938e+00  1.79103062e+00  2.46910495e+00  2.48301413e+00 
 7.64000000e-12  1.80959702e+00  1.79040298e+00  2.46839516e+00  2.48372360e+00 
 8.14000000e-12  1.81022457e+00  1.78977543e+00  2.46766680e+00  2.48445174e+00 
 8.64000000e-12  1.81085201e+00  1.78914799e+00  2.46692100e+00  2.48519741e+00 
 9.14000000e-12  1.81147935e+00  1.78852065e+00  2.46615890e+00  2.48595950e+00 
 9.64000000e-12  1.81210658e+00  1.78789342e+00  2.46538152e+00  2.48673697e+00 
 1.01400000e-11  1.81273368e+00  1.78726632e+00  2.46458984e+00  2.48752884e+00 
 1.06400000e-11  1.81336066e+00  1.78663934e+00  2.46378476e+00  2.48833421e+00 
 1.11400000e-11  1.81398751e+00  1.78601249e+00  2.46296717e+00  2.48915220e+00 
 1.16400000e-11  1.81461422e+00  1.78538578e+00  2.46213785e+00  2.48998200e+00 
 1.21400000e-11  1.81524078e+00  1.78475922e+00  2.46129758e+00  2.49082283e+00 
 1.26400000e-11  1.81586720e+00  1.78413280e+00  2.46044705e+00  2.49167398e+00 
 1.31400000e-11  1.81649346e+00  1.78350654e+00  2.45958694e+00  2.49253476e+00 
 1.36400000e-11  1.81711955e+00  1.78288045e+00  2.45871788e+00  2.49340453e+00 
 1.41400000e-11  1.81774548e+00  1.78225452e+00  2.45784044e+00  2.49428268e+00 
 1.46400000e-11  1.81837123e+00  1.78162877e+00  2.45695519e+00  2.49516865e+00 
 1.51400000e-11  1.81899680e+00  1.78100320e+00  2.45606264e+00  2.49606189e+00 
 1.56400000e-11  1.81962219e+00  1.78037781e+00  2.45516327e+00  2.49696190e+00 
 1.61400000e-11  1.82024738e+00  1.77975262e+00  2.45425754e+00  2.49786820e+00 
 1.66400000e-11  1.82087237e+00  1.77912763e+00  2.45334588e+00  2.49878034e+00 
 1.71400000e-11  1.82149715e+00  1.77850285e+00  2.45242868e+00  2.49969789e+00 
 1.76400000e-11  1.82212172e+00  1.77787828e+00  2.45150634e+00  2.50062046e+00 
 1.81400000e-11  1.82274607e+00  1.77725393e+00  2.45057919e+00  2.50154766e+00 
 1.86400000e-11  1.82337020e+00  1.77662980e+00  2.44964757e+00  2.50247914e+00 
 1.91400000e-11  1.82399410e+00  1.77600590e+00  2.44871180e+00  2.50341456e+00 
 1.96400000e-11  1.82461776e+00  1.77538224e+00  2.44777217e+00  2.50435361e+00 
 2.01400000e-11  1.82524118e+00  1.77475882e+00  2.44682895e+00  2.50529599e+00 
 2.06400000e-11  1.82586435e+00  1.77413565e+00  2.44588240e+00  2.50624140e+00 
 2.11400000e-11  1.82648726e+00  1.77351274e+00  2.44493278e+00  2.50718959e+00 
 2.16400000e-11  1.82710991e+00  1.77289009e+00  2.44398030e+00  2.50814031e+00 
 2.21400000e-11  1.82773230e+00  1.77226770e+00  2.44302520e+00  2.50909331e+00 
 2.26400000e-11  1.82835441e+00  1.77164559e+00  2.44206766e+00  2.51004837e+00 
 2.31400000e-11  1.82897624e+00  1.77102376e+00  2.44110789e+00  2.51100527e+00 
 2.36400000e-11  1.82959779e+00  1.77040221e+00  2.44014607e+00  2.51196382e+00 
 2.41400000e-11  1.83021904e+00  1.76978096e+00  2.43918237e+00  2.51292382e+00 
 2.46400000e-11  1.83083999e+00  1.76916001e+00  2.43821695e+00  2.51388509e+00 
 2.51400000e-11  1.83146064e+00  1.76853936e+00  2.43724998e+00  2.51484747e+00 
 2.56400000e-11  1.83208098e+00  1.76791902e+00  2.43628160e+00  2.51581079e+00 
 2.61400000e-11  1.83270101e+00  1.76729899e+00  2.43531195e+00  2.51677489e+00 
 2.66400000e-11  1.83332071e+00  1.76667929e+00  2.43434115e+00  2.51773965e+00 
 2.71400000e-11  1.83394008e+00  1.76605992e+00  2.43336935e+00  2.51870491e+00 
 2.76400000e-11  1.83455912e+00  1.76544088e+00  2.43239667e+00  2.51967055e+00 
 2.81400000e-11  1.83517781e+00  1.76482219e+00  2.43142321e+00  2.52063644e+00 
 2.86400000e-11  1.83579616e+00  1.76420384e+00  2.43044909e+00  2.52160248e+00 
 2.91400000e-11  1.83641416e+00  1.76358584e+00  2.42947443e+00  2.52256854e+00 
 2.96400000e-11  1.83703179e+00  1.76296821e+00  2.42849932e+00  2.52353454e+00 
 3.01400000e-11  1.83764906e+00  1.76235094e+00  2.42752387e+00  2.52450037e+00 
 3.06400000e-11  1.83826596e+00  1.76173404e+00  2.42654816e+00  2.52546593e+00 
 3.11400000e-11  1.83888248e+00  1.76111752e+00  2.42557231e+00  2.52643115e+00 
 3.16400000e-11  1.83949862e+00  1.76050138e+00  2.42459640e+00  2.52739594e+00 
 3.21400000e-11  1.84011437e+00  1.75988563e+00  2.42362051e+00  2.52836022e+00 
 3.26400000e-11  1.84072972e+00  1.75927028e+00  2.42264475e+00  2.52932392e+00 
 3.31400000e-11  1.84134467e+00  1.75865533e+00  2.42166919e+00  2.53028697e+00 
 3.36400000e-11  1.84195921e+00  1.75804079e+00  2.42069391e+00  2.53124930e+00 
 3.41400000e-11  1.84257334e+00  1.75742666e+00  2.41971901e+00  2.53221087e+00 
 3.46400000e-11  1.84318704e+00  1.75681296e+00  2.41874456e+00  2.53317161e+00 
 3.51400000e-11  1.84380032e+00  1.75619968e+00  2.41777064e+00  2.53413146e+00 
 3.56400000e-11  1.84441317e+00  1.75558683e+00  2.41679733e+00  2.53509038e+00 
 3.61400000e-11  1.84502558e+00  1.75497442e+00  2.41582470e+00  2.53604832e+00 
 3.66400000e-11  1.84563755e+00  1.75436245e+00  2.41485284e+00  2.53700525e+00 
 3.71400000e-11  1.84624906e+00  1.75375094e+00  2.41388182e+00  2.53796110e+00 
 3.76400000e-11  1.84686012e+00  1.75313988e+00  2.41291172e+00  2.53891586e+00 
 3.81400000e-11  1.84747072e+00  1.75252928e+00  2.41194259e+00  2.53986949e+00 
 3.86400000e-11  1.84808085e+00  1.75191915e+00  2.41097453e+00  2.54082194e+00 
 3.91400000e-11  1.84869050e+00  1.75130950e+00  2.41000758e+00  2.54177319e+00 
 3.96400000e-11  1.84929967e+00  1.75070033e+00  2.40904183e+00  2.54272321e+00 
 4.01400000e-11  1.84990836e+00  1.75009164e+00  2.40807734e+00  2.54367197e+00 
 4.06400000e-11  1.85051655e+00  1.74948345e+00  2.40711418e+00  2.54461945e+00 
 4.11400000e-11  1.85112425e+00  1.74887575e+00  2.40615241e+00  2.54556561e+00 
 4.16400000e-11  1.85173144e+00  1.74826856e+00  2.40519208e+00  2.54651044e+00 
 4.21400000e-11  1.85233812e+00  1.74766188e+00  2.40423327e+00  2.54745391e+00 
 4.26400000e-11  1.85294428e+00  1.74705572e+00  2.40327603e+00  2.54839599e+00 
 4.31400000e-11  1.85354992e+00  1.74645008e+00  2.40232041e+00  2.54933666e+00 
 4.36400000e-11  1.85415504e+00  1.74584496e+00  2.40136648e+00  2.55027590e+00 
 4.41400000e-11  1.85475961e+00  1.74524039e+00  2.40041428e+00  2.55121368e+00 
 4.46400000e-11  1.85536365e+00  1.74463635e+00  2.39946386e+00  2.55214999e+00 
 4.51400000e-11  1.85596714e+00  1.74403286e+00  2.39851528e+00  2.55308480e+00 
 4.56400000e-11  1.85657008e+00  1.74342992e+00  2.39756859e+00  2.55401808e+00 
 4.61400000e-11  1.85717246e+00  1.74282754e+00  2.39662382e+00  2.55494981e+00 
 4.66400000e-11  1.85777428e+00  1.74222572e+00  2.39568103e+00  2.55587996e+00 
 4.71400000e-11  1.85837552e+00  1.74162448e+00  2.39474025e+00  2.55680851e+00 
 4.76400000e-11  1.85897619e+00  1.74102381e+00  2.39380152e+00  2.55773544e+00 
 4.81400000e-11  1.85957628e+00  1.74042372e+00  2.39286489e+00  2.55866072e+00 
 4.86400000e-11  1.86017578e+00  1.73982422e+00  2.39193040e+00  2.55958431e+00 
 4.91400000e-11  1.86077469e+00  1.73922531e+00  2.39099807e+00  2.56050619e+00 
 4.96400000e-11  1.86137299e+00  1.73862701e+00  2.39006795e+00  2.56142634e+00 
 5.01400000e-11  1.86197069e+00  1.73802931e+00  2.38914007e+00  2.56234471e+00 
 5.06400000e-11  1.86256778e+00  1.73743222e+00  2.38821446e+00  2.56326129e+00 
 5.11400000e-11  1.86316425e+00  1.73683575e+00  2.38729115e+00  2.56417604e+00 
 5.16400000e-11  1.86376010e+00  1.73623990e+00  2.38637017e+00  2.56508892e+00 
 5.21400000e-11  1.86435532e+00  1.73564468e+00  2.38545156e+00  2.56599991e+00 
 5.26400000e-11  1.86494990e+00  1.73505010e+00  2.38453533e+00  2.56690896e+00 
 5.31400000e-11  1.86554384e+00  1.73445616e+00  2.38362153e+00  2.56781606e+00 
 5.36400000e-11  1.86613714e+00  1.73386286e+00  2.38271017e+00  2.56872115e+00 
 5.41400000e-11  1.86672978e+00  1.73327022e+00  2.38180128e+00  2.56962421e+00 
 5.46400000e-11  1.86732177e+00  1.73267823e+00  2.38089490e+00  2.57052521e+00 
 5.51400000e-11  1.86791309e+00  1.73208691e+00  2.37999103e+00  2.57142409e+00 
 5.56400000e-11  1.86850374e+00  1.73149626e+00  2.37908972e+00  2.57232083e+00 
 5.61400000e-11  1.86909371e+00  1.73090629e+00  2.37819097e+00  2.57321539e+00 
 5.66400000e-11  1.86968300e+00  1.73031700e+00  2.37729483e+00  2.57410774e+00 
 5.71400000e-11  1.87027160e+00  1.72972840e+00  2.37640131e+00  2.57499782e+00 
 5.76400000e-11  1.87085951e+00  1.72914049e+00  2.37551043e+00  2.57588561e+00 
 5.81400000e-11  1.87144672e+00  1.72855328e+00  2.37462222e+00  2.57677107e+00 
 5.86400000e-11  1.87203323e+00  1.72796677e+00  2.37373671e+00  2.57765415e+00 
 5.91400000e-11  1.87261902e+00  1.72738098e+00  2.37285391e+00  2.57853481e+00 
 5.96400000e-11  1.87320410e+00  1.72679590e+00  2.37197385e+00  2.57941303e+00 
 6.01400000e-11  1.87378846e+00  1.72621154e+00  2.37109656e+00  2.58028875e+00 
 6.06400000e-11  1.87437208e+00  1.72562792e+00  2.37022205e+00  2.58116194e+00 
 6.11400000e-11  1.87495498e+00  1.72504502e+00  2.36935035e+00  2.58203256e+00 
 6.16400000e-11  1.87553713e+00  1.72446287e+00  2.36848149e+00  2.58290056e+00 
 6.21400000e-11  1.87611854e+00  1.72388146e+00  2.36761549e+00  2.58376591e+00 
 6.26400000e-11  1.87669919e+00  1.72330081e+00  2.36675238e+00  2.58462856e+00 
 6.31400000e-11  1.87727909e+00  1.72272091e+00  2.36589217e+00  2.58548848e+00 
 6.36400000e-11  1.87785823e+00  1.72214177e+00  2.36503489e+00  2.58634562e+00 
 6.41400000e-11  1.87843660e+00  1.72156340e+00  2.36418057e+00  2.58719995e+00 
 6.46400000e-11  1.87901419e+00  1.72098581e+00  2.36332923e+00  2.58805142e+00 
 6.51400000e-11  1.87959101e+00  1.72040899e+00  2.36248090e+00  2.58890000e+00 
 6.56400000e-11  1.88016704e+00  1.71983296e+00  2.36163560e+00  2.58974563e+00 
 6.61400000e-11  1.88074227e+00  1.71925773e+00  2.36079336e+00  2.59058829e+00 
 6.66400000e-11  1.88131671e+00  1.71868329e+00  2.35995421e+00  2.59142792e+00 
 6.71400000e-11  1.88189035e+00  1.71810965e+00  2.35911817e+00  2.59226450e+00 
 6.76400000e-11  1.88246318e+00  1.71753682e+00  2.35828528e+00  2.59309798e+00 
 6.81400000e-11  1.88303520e+00  1.71696480e+00  2.35745554e+00  2.59392832e+00 
 6.86400000e-11  1.88360639e+00  1.71639361e+00  2.35662901e+00  2.59475547e+00 
 6.91400000e-11  1.88417677e+00  1.71582323e+00  2.35580570e+00  2.59557940e+00 
 6.96400000e-11  1.88474631e+00  1.71525369e+00  2.35498563e+00  2.59640008e+00 
 7.01400000e-11  1.88531501e+00  1.71468499e+00  2.35416885e+00  2.59721745e+00 
 7.06400000e-11  1.88588287e+00  1.71411713e+00  2.35335538e+00  2.59803147e+00 
 7.11400000e-11  1.88644989e+00  1.71355011e+00  2.35254525e+00  2.59884212e+00 
 7.16400000e-11  1.88701605e+00  1.71298395e+00  2.35173849e+00  2.59964935e+00 
 7.21400000e-11  1.88758135e+00  1.71241865e+00  2.35093513e+00  2.60045311e+00 
 7.26400000e-11  1.88814579e+00  1.71185421e+00  2.35013521e+00  2.60125337e+00 
 7.31400000e-11  1.88870936e+00  1.71129064e+00  2.34933874e+00  2.60205009e+00 
 7.36400000e-11  1.88927205e+00  1.71072795e+00  2.34854577e+00  2.60284323e+00 
 7.41400000e-11  1.88983386e+00  1.71016614e+00  2.34775632e+00  2.60363275e+00 
 7.46400000e-11  1.89039479e+00  1.70960521e+00  2.34697043e+00  2.60441861e+00 
 7.51400000e-11  1.89095482e+00  1.70904518e+00  2.34618814e+00  2.60520077e+00 
 7.56400000e-11  1.89151395e+00  1.70848605e+00  2.34540947e+00  2.60597919e+00 
 7.61400000e-11  1.89207219e+00  1.70792781e+00  2.34463445e+00  2.60675383e+00 
 7.66400000e-11  1.89262951e+00  1.70737049e+00  2.34386313e+00  2.60752465e+00 
 7.71400000e-11  1.89318592e+00  1.70681408e+00  2.34309554e+00  2.60829162e+00 
 7.76400000e-11  1.89374141e+00  1.70625859e+00  2.34233170e+00  2.60905468e+00 
 7.81400000e-11  1.89429597e+00  1.70570403e+00  2.34157166e+00  2.60981382e+00 
 7.86400000e-11  1.89484960e+00  1.70515040e+00  2.34081545e+00  2.61056897e+00 
 7.91400000e-11  1.89540230e+00  1.70459770e+00  2.34006310e+00  2.61132012e+00 
 7.96400000e-11  1.89595406e+00  1.70404594e+00  2.33931466e+00  2.61206721e+00 
 8.01400000e-11  1.89650487e+00  1.70349513e+00  2.33857015e+00  2.61281020e+00 
 8.06400000e-11  1.89705472e+00  1.70294528e+00  2.33782962e+00  2.61354906e+00 
 8.11400000e-11  1.89760362e+00  1.70239638e+00  2.33709310e+00  2.61428375e+00 
 8.16400000e-11  1.89815155e+00  1.70184845e+00  2.33636062e+00  2.61501423e+00 
 8.21400000e-11  1.89869852e+00  1.70130148e+00  2.33563223e+00  2.61574047e+00 
 8.26400000e-11  1.89924451e+00  1.70075549e+00  2.33490796e+00  2.61646241e+00 
 8.31400000e-11  1.89978953e+00  1.70021047e+00  2.33418785e+00  2.61718002e+00 
 8.36400000e-11  1.90033355e+00  1.69966645e+00  2.33347193e+00  2.61789326e+00 
 8.41400000e-11  1.90087659e+00  1.69912341e+00  2.33276024e+00  2.61860210e+00 
 8.46400000e-11  1.90141863e+00  1.69858137e+00  2.33205283e+00  2.61930650e+00 
 8.51400000e-11  1.90195967e+00  1.69804033e+00  2.33134973e+00  2.62000640e+00 
 8.56400000e-11  1.90249971e+00  1.69750029e+00  2.33065097e+00  2.62070179e+00 
 8.61400000e-11  1.90303873e+00  1.69696127e+00  2.32995661e+00  2.62139261e+00 
 8.66400000e-11  1.90357674e+00  1.69642326e+00  2.32926666e+00  2.62207883e+00 
 8.71400000e-11  1.90411372e+00  1.69588628e+00  2.32858118e+00  2.62276041e+00 
 8.76400000e-11  1.90464968e+00  1.69535032e+00  2.32790020e+00  2.62343731e+00 
 8.81400000e-11  1.90518460e+00  1.69481540e+00  2.32722375e+00  2.62410950e+00 
 8.86400000e-11  1.90571849e+00  1.69428151e+00  2.32655189e+00  2.62477692e+00 
 8.91400000e-11  1.90625133e+00  1.69374867e+00  2.32588464e+00  2.62543956e+00 
 8.96400000e-11  1.90678312e+00  1.69321688e+00  2.32522205e+00  2.62609736e+00 
 9.01400000e-11  1.90731386e+00  1.69268614e+00  2.32456415e+00  2.62675028e+00 
 9.06400000e-11  1.90784354e+00  1.69215646e+00  2.32391098e+00  2.62739831e+00 
 9.11400000e-11  1.90837216e+00  1.69162784e+00  2.32326258e+00  2.62804138e+00 
 9.16400000e-11  1.90889970e+00  1.69110030e+00  2.32261898e+00  2.62867947e+00 
 9.21400000e-11  1.90942617e+00  1.69057383e+00  2.32198023e+00  2.62931254e+00 
 9.26400000e-11  1.90995156e+00  1.69004844e+00  2.32134637e+00  2.62994055e+00 
 9.31400000e-11  1.91047587e+00  1.68952413e+00  2.32071742e+00  2.63056347e+00 
 9.36400000e-11  1.91099909e+00  1.68900091e+00  2.32009343e+00  2.63118125e+00 
 9.41400000e-11  1.91152121e+00  1.68847879e+00  2.31947444e+00  2.63179387e+00 
 9.46400000e-11  1.91204223e+00  1.68795777e+00  2.31886047e+00  2.63240129e+00 
 9.51400000e-11  1.91256214e+00  1.68743786e+00  2.31825157e+00  2.63300347e+00 
 9.56400000e-11  1.91308094e+00  1.68691906e+00  2.31764778e+00  2.63360037e+00 
 9.61400000e-11  1.91359863e+00  1.68640137e+00  2.31704912e+00  2.63419197e+00 
 9.66400000e-11  1.91411519e+00  1.68588481e+00  2.31645563e+00  2.63477823e+00 
 9.71400000e-11  1.91463063e+00  1.68536937e+00  2.31586735e+00  2.63535912e+00 
 9.76400000e-11  1.91514494e+00  1.68485506e+00  2.31528431e+00  2.63593460e+00 
 9.81400000e-11  1.91565811e+00  1.68434189e+00  2.31470655e+00  2.63650464e+00 
 9.86400000e-11  1.91617014e+00  1.68382986e+00  2.31413409e+00  2.63706921e+00 
 9.91400000e-11  1.91668103e+00  1.68331897e+00  2.31356698e+00  2.63762828e+00 
 9.96400000e-11  1.91719076e+00  1.68280924e+00  2.31300523e+00  2.63818182e+00 
 1.00140000e-10  1.91769933e+00  1.68230067e+00  2.31244888e+00  2.63872980e+00 
 1.00640000e-10  1.91820675e+00  1.68179325e+00  2.31189797e+00  2.63927219e+00 
 1.01140000e-10  1.91871300e+00  1.68128700e+00  2.31135252e+00  2.63980897e+00 
 1.01640000e-10  1.91921807e+00  1.68078193e+00  2.31081255e+00  2.64034010e+00 
 1.02140000e-10  1.91972197e+00  1.68027803e+00  2.31027811e+00  2.64086556e+00 
 1.02640000e-10  1.92022469e+00  1.67977531e+00  2.30974920e+00  2.64138533e+00 
 1.03140000e-10  1.92072622e+00  1.67927378e+00  2.30922587e+00  2.64189939e+00 
 1.03640000e-10  1.92122656e+00  1.67877344e+00  2.30870813e+00  2.64240770e+00 
 1.04140000e-10  1.92172570e+00  1.67827430e+00  2.30819600e+00  2.64291026e+00 
 1.04640000e-10  1.92222364e+00  1.67777636e+00  2.30768952e+00  2.64340703e+00 
 1.05140000e-10  1.92272037e+00  1.67727963e+00  2.30718870e+00  2.64389800e+00 
 1.05640000e-10  1.92321590e+00  1.67678410e+00  2.30669356e+00  2.64438315e+00 
 1.06140000e-10  1.92371021e+00  1.67628979e+00  2.30620412e+00  2.64486247e+00 
 1.06640000e-10  1.92420329e+00  1.67579671e+00  2.30572040e+00  2.64533594e+00 
 1.07140000e-10  1.92469515e+00  1.67530485e+00  2.30524241e+00  2.64580354e+00 
 1.07640000e-10  1.92518578e+00  1.67481422e+00  2.30477018e+00  2.64626526e+00 
 1.08140000e-10  1.92567518e+00  1.67432482e+00  2.30430370e+00  2.64672110e+00 
 1.08640000e-10  1.92616333e+00  1.67383667e+00  2.30384301e+00  2.64717103e+00 
 1.09140000e-10  1.92665024e+00  1.67334976e+00  2.30338810e+00  2.64761506e+00 
 1.09640000e-10  1.92713590e+00  1.67286410e+00  2.30293899e+00  2.64805318e+00 
 1.10140000e-10  1.92762030e+00  1.67237970e+00  2.30249568e+00  2.64848538e+00 
 1.10640000e-10  1.92810345e+00  1.67189655e+00  2.30205818e+00  2.64891166e+00 
 1.11140000e-10  1.92858533e+00  1.67141467e+00  2.30162650e+00  2.64933201e+00 
 1.11640000e-10  1.92906594e+00  1.67093406e+00  2.30120064e+00  2.64974645e+00 
 1.12140000e-10  1.92954528e+00  1.67045472e+00  2.30078059e+00  2.65015496e+00 
 1.12640000e-10  1.93002334e+00  1.66997666e+00  2.30036637e+00  2.65055755e+00 
 1.13140000e-10  1.93050011e+00  1.66949989e+00  2.29995796e+00  2.65095423e+00 
 1.13640000e-10  1.93097560e+00  1.66902440e+00  2.29955537e+00  2.65134501e+00 
 1.14140000e-10  1.93144980e+00  1.66855020e+00  2.29915858e+00  2.65172989e+00 
 1.14640000e-10  1.93192269e+00  1.66807731e+00  2.29876760e+00  2.65210889e+00 
 1.15140000e-10  1.93239429e+00  1.66760571e+00  2.29838240e+00  2.65248201e+00 
 1.15640000e-10  1.93286458e+00  1.66713542e+00  2.29800299e+00  2.65284928e+00 
 1.16140000e-10  1.93333355e+00  1.66666645e+00  2.29762934e+00  2.65321070e+00 
 1.16640000e-10  1.93380122e+00  1.66619878e+00  2.29726145e+00  2.65356630e+00 
 1.17140000e-10  1.93426756e+00  1.66573244e+00  2.29689929e+00  2.65391611e+00 
 1.17640000e-10  1.93473257e+00  1.66526743e+00  2.29654285e+00  2.65426013e+00 
 1.18140000e-10  1.93519626e+00  1.66480374e+00  2.29619211e+00  2.65459839e+00 
 1.18640000e-10  1.93565861e+00  1.66434139e+00  2.29584704e+00  2.65493093e+00 
 1.19140000e-10  1.93611962e+00  1.66388038e+00  2.29550763e+00  2.65525776e+00 
 1.19640000e-10  1.93657929e+00  1.66342071e+00  2.29517384e+00  2.65557892e+00 
 1.20140000e-10  1.93703762e+00  1.66296238e+00  2.29484565e+00  2.65589444e+00 
 1.20640000e-10  1.93749458e+00  1.66250542e+00  2.29452302e+00  2.65620435e+00 
 1.21140000e-10  1.93795020e+00  1.66204980e+00  2.29420594e+00  2.65650869e+00 
 1.21640000e-10  1.93840445e+00  1.66159555e+00  2.29389435e+00  2.65680750e+00 
 1.22140000e-10  1.93885733e+00  1.66114267e+00  2.29358824e+00  2.65710081e+00 
 1.22640000e-10  1.93930884e+00  1.66069116e+00  2.29328756e+00  2.65738866e+00 
 1.23140000e-10  1.93975898e+00  1.66024102e+00  2.29299228e+00  2.65767110e+00 
 1.23640000e-10  1.94020774e+00  1.65979226e+00  2.29270235e+00  2.65794817e+00 
 1.24140000e-10  1.94065512e+00  1.65934488e+00  2.29241773e+00  2.65821991e+00 
 1.24640000e-10  1.94110111e+00  1.65889889e+00  2.29213839e+00  2.65848638e+00 
 1.25140000e-10  1.94154570e+00  1.65845430e+00  2.29186427e+00  2.65874762e+00 
 1.25640000e-10  1.94198890e+00  1.65801110e+00  2.29159533e+00  2.65900368e+00 
 1.26140000e-10  1.94243070e+00  1.65756930e+00  2.29133152e+00  2.65925461e+00 
 1.26640000e-10  1.94287109e+00  1.65712891e+00  2.29107279e+00  2.65950047e+00 
 1.27140000e-10  1.94331007e+00  1.65668993e+00  2.29081910e+00  2.65974130e+00 
 1.27640000e-10  1.94374764e+00  1.65625236e+00  2.29057039e+00  2.65997717e+00 
 1.28140000e-10  1.94418378e+00  1.65581622e+00  2.29032660e+00  2.66020813e+00 
 1.28640000e-10  1.94461851e+00  1.65538149e+00  2.29008770e+00  2.66043424e+00 
 1.29140000e-10  1.94505181e+00  1.65494819e+00  2.28985361e+00  2.66065556e+00 
 1.29640000e-10  1.94548367e+00  1.65451633e+00  2.28962428e+00  2.66087214e+00 
 1.30140000e-10  1.94591410e+00  1.65408590e+00  2.28939966e+00  2.66108405e+00 
 1.30640000e-10  1.94634309e+00  1.65365691e+00  2.28917969e+00  2.66129135e+00 
 1.31140000e-10  1.94677064e+00  1.65322936e+00  2.28896430e+00  2.66149410e+00 
 1.31640000e-10  1.94719673e+00  1.65280327e+00  2.28875345e+00  2.66169237e+00 
 1.32140000e-10  1.94762138e+00  1.65237862e+00  2.28854706e+00  2.66188621e+00 
 1.32640000e-10  1.94804456e+00  1.65195544e+00  2.28834508e+00  2.66207569e+00 
 1.33140000e-10  1.94846629e+00  1.65153371e+00  2.28814744e+00  2.66226088e+00 
 1.33640000e-10  1.94888655e+00  1.65111345e+00  2.28795409e+00  2.66244184e+00 
 1.34140000e-10  1.94930534e+00  1.65069466e+00  2.28776495e+00  2.66261864e+00 
 1.34640000e-10  1.94972266e+00  1.65027734e+00  2.28757997e+00  2.66279135e+00 
 1.35140000e-10  1.95013850e+00  1.64986150e+00  2.28739908e+00  2.66296002e+00 
 1.35640000e-10  1.95055286e+00  1.64944714e+00  2.28722222e+00  2.66312474e+00 
 1.36140000e-10  1.95096573e+00  1.64903427e+00  2.28704932e+00  2.66328555e+00 
 1.36640000e-10  1.95137711e+00  1.64862289e+00  2.28688032e+00  2.66344254e+00 
 1.37140000e-10  1.95178700e+00  1.64821300e+00  2.28671516e+00  2.66359576e+00 
 1.37640000e-10  1.95219539e+00  1.64780461e+00  2.28655376e+00  2.66374529e+00 
 1.38140000e-10  1.95260228e+00  1.64739772e+00  2.28639607e+00  2.66389119e+00 
 1.38640000e-10  1.95300766e+00  1.64699234e+00  2.28624201e+00  2.66403353e+00 
 1.39140000e-10  1.95341153e+00  1.64658847e+00  2.28609153e+00  2.66417237e+00 
 1.39640000e-10  1.95381389e+00  1.64618611e+00  2.28594456e+00  2.66430778e+00 
 1.40140000e-10  1.95421473e+00  1.64578527e+00  2.28580104e+00  2.66443983e+00 
 1.40640000e-10  1.95461405e+00  1.64538595e+00  2.28566089e+00  2.66456859e+00 
 1.41140000e-10  1.95501184e+00  1.64498816e+00  2.28552406e+00  2.66469411e+00 
 1.41640000e-10  1.95540810e+00  1.64459190e+00  2.28539049e+00  2.66481646e+00 
 1.42140000e-10  1.95580283e+00  1.64419717e+00  2.28526010e+00  2.66493571e+00 
 1.42640000e-10  1.95619602e+00  1.64380398e+00  2.28513285e+00  2.66505193e+00 
 1.43140000e-10  1.95658767e+00  1.64341233e+00  2.28500865e+00  2.66516517e+00 
 1.43640000e-10  1.95697777e+00  1.64302223e+00  2.28488746e+00  2.66527549e+00 
 1.44140000e-10  1.95736633e+00  1.64263367e+00  2.28476921e+00  2.66538297e+00 
 1.44640000e-10  1.95775333e+00  1.64224667e+00  2.28465385e+00  2.66548766e+00 
 1.45140000e-10  1.95813877e+00  1.64186123e+00  2.28454130e+00  2.66558962e+00 
 1.45640000e-10  1.95852265e+00  1.64147735e+00  2.28443151e+00  2.66568891e+00 
 1.46140000e-10  1.95890497e+00  1.64109503e+00  2.28432443e+00  2.66578560e+00 
 1.46640000e-10  1.95928572e+00  1.64071428e+00  2.28421998e+00  2.66587974e+00 
 1.47140000e-10  1.95966490e+00  1.64033510e+00  2.28411813e+00  2.66597139e+00 
 1.47640000e-10  1.96004250e+00  1.63995750e+00  2.28401880e+00  2.66606061e+00 
 1.48140000e-10  1.96041852e+00  1.63958148e+00  2.28392195e+00  2.66614745e+00 
 1.48640000e-10  1.96079296e+00  1.63920704e+00  2.28382751e+00  2.66623197e+00 
 1.49140000e-10  1.96116582e+00  1.63883418e+00  2.28373543e+00  2.66631422e+00 
 1.49640000e-10  1.96153708e+00  1.63846292e+00  2.28364567e+00  2.66639426e+00 
 1.50140000e-10  1.96190674e+00  1.63809326e+00  2.28355816e+00  2.66647215e+00 
 1.50640000e-10  1.96227481e+00  1.63772519e+00  2.28347286e+00  2.66654792e+00 
 1.51140000e-10  1.96264128e+00  1.63735872e+00  2.28338970e+00  2.66662165e+00 
 1.51640000e-10  1.96300614e+00  1.63699386e+00  2.28330865e+00  2.66669337e+00 
 1.52140000e-10  1.96336940e+00  1.63663060e+00  2.28322965e+00  2.66676313e+00 
 1.52640000e-10  1.96373104e+00  1.63626896e+00  2.28315266e+00  2.66683099e+00 
 1.53140000e-10  1.96409107e+00  1.63590893e+00  2.28307762e+00  2.66689699e+00 
 1.53640000e-10  1.96444947e+00  1.63555053e+00  2.28300448e+00  2.66696119e+00 
 1.54140000e-10  1.96480625e+00  1.63519375e+00  2.28293321e+00  2.66702361e+00 
 1.54640000e-10  1.96516141e+00  1.63483859e+00  2.28286376e+00  2.66708432e+00 
 1.55140000e-10  1.96551494e+00  1.63448506e+00  2.28279608e+00  2.66714336e+00 
 1.55640000e-10  1.96586683e+00  1.63413317e+00  2.28273013e+00  2.66720076e+00 
 1.56140000e-10  1.96621709e+00  1.63378291e+00  2.28266586e+00  2.66725657e+00 
 1.56640000e-10  1.96656570e+00  1.63343430e+00  2.28260323e+00  2.66731084e+00 
 1.57140000e-10  1.96691267e+00  1.63308733e+00  2.28254221e+00  2.66736360e+00 
 1.57640000e-10  1.96725800e+00  1.63274200e+00  2.28248275e+00  2.66741489e+00 
 1.58140000e-10  1.96760167e+00  1.63239833e+00  2.28242482e+00  2.66746476e+00 
 1.58640000e-10  1.96794369e+00  1.63205631e+00  2.28236837e+00  2.66751324e+00 
 1.59140000e-10  1.96828405e+00  1.63171595e+00  2.28231336e+00  2.66756037e+00 
 1.59640000e-10  1.96862275e+00  1.63137725e+00  2.28225977e+00  2.66760618e+00 
 1.60140000e-10  1.96895979e+00  1.63104021e+00  2.28220755e+00  2.66765071e+00 
 1.60640000e-10  1.96929516e+00  1.63070484e+00  2.28215666e+00  2.66769400e+00 
 1.61140000e-10  1.96962885e+00  1.63037115e+00  2.28210708e+00  2.66773608e+00 
 1.61640000e-10  1.96996088e+00  1.63003912e+00  2.28205878e+00  2.66777698e+00 
 1.62140000e-10  1.97029122e+00  1.62970878e+00  2.28201171e+00  2.66781674e+00 
 1.62640000e-10  1.97061989e+00  1.62938011e+00  2.28196584e+00  2.66785538e+00 
 1.63140000e-10  1.97094687e+00  1.62905313e+00  2.28192115e+00  2.66789295e+00 
 1.63640000e-10  1.97127217e+00  1.62872783e+00  2.28187760e+00  2.66792946e+00 
 1.64140000e-10  1.97159577e+00  1.62840423e+00  2.28183517e+00  2.66796495e+00 
 1.64640000e-10  1.97191768e+00  1.62808232e+00  2.28179382e+00  2.66799945e+00 
 1.65140000e-10  1.97223789e+00  1.62776211e+00  2.28175352e+00  2.66803298e+00 
 1.65640000e-10  1.97255641e+00  1.62744359e+00  2.28171426e+00  2.66806557e+00 
 1.66140000e-10  1.97287322e+00  1.62712678e+00  2.28167599e+00  2.66809725e+00 
 1.66640000e-10  1.97318832e+00  1.62681168e+00  2.28163870e+00  2.66812805e+00 
 1.67140000e-10  1.97350172e+00  1.62649828e+00  2.28160236e+00  2.66815799e+00 
 1.67640000e-10  1.97381340e+00  1.62618660e+00  2.28156695e+00  2.66818709e+00 
 1.68140000e-10  1.97412337e+00  1.62587663e+00  2.28153243e+00  2.66821539e+00 
 1.68640000e-10  1.97443162e+00  1.62556838e+00  2.28149879e+00  2.66824289e+00 
 1.69140000e-10  1.97473814e+00  1.62526186e+00  2.28146601e+00  2.66826963e+00 
 1.69640000e-10  1.97504295e+00  1.62495705e+00  2.28143405e+00  2.66829562e+00 
 1.70140000e-10  1.97534602e+00  1.62465398e+00  2.28140290e+00  2.66832090e+00 
 1.70640000e-10  1.97564737e+00  1.62435263e+00  2.28137254e+00  2.66834547e+00 
 1.71140000e-10  1.97594698e+00  1.62405302e+00  2.28134295e+00  2.66836937e+00 
 1.71640000e-10  1.97624485e+00  1.62375515e+00  2.28131410e+00  2.66839260e+00 
 1.72140000e-10  1.97654099e+00  1.62345901e+00  2.28128598e+00  2.66841519e+00 
 1.72640000e-10  1.97683538e+00  1.62316462e+00  2.28125856e+00  2.66843716e+00 
 1.73140000e-10  1.97712803e+00  1.62287197e+00  2.28123183e+00  2.66845853e+00 
 1.73640000e-10  1.97741893e+00  1.62258107e+00  2.28120578e+00  2.66847931e+00 
 1.74140000e-10  1.97770807e+00  1.62229193e+00  2.28118037e+00  2.66849952e+00 
 1.74640000e-10  1.97799547e+00  1.62200453e+00  2.28115560e+00  2.66851918e+00 
 1.75140000e-10  1.97828111e+00  1.62171889e+00  2.28113145e+00  2.66853831e+00 
 1.75640000e-10  1.97856498e+00  1.62143502e+00  2.28110791e+00  2.66855691e+00 
 1.76140000e-10  1.97884710e+00  1.62115290e+00  2.28108494e+00  2.66857501e+00 
 1.76640000e-10  1.97912745e+00  1.62087255e+00  2.28106255e+00  2.66859262e+00 
 1.77140000e-10  1.97940603e+00  1.62059397e+00  2.28104072e+00  2.66860976e+00 
 1.77640000e-10  1.97968284e+00  1.62031716e+00  2.28101943e+00  2.66862643e+00 
 1.78140000e-10  1.97995788e+00  1.62004212e+00  2.28099866e+00  2.66864266e+00 
 1.78640000e-10  1.98023114e+00  1.61976886e+00  2.28097841e+00  2.66865845e+00 
 1.79140000e-10  1.98050263e+00  1.61949737e+00  2.28095865e+00  2.66867382e+00 
 1.79640000e-10  1.98077233e+00  1.61922767e+00  2.28093939e+00  2.66868879e+00 
 1.80140000e-10  1.98104025e+00  1.61895975e+00  2.28092060e+00  2.66870335e+00 
 1.80640000e-10  1.98130638e+00  1.61869362e+00  2.28090227e+00  2.66871754e+00 
 1.81140000e-10  1.98157072e+00  1.61842928e+00  2.28088439e+00  2.66873135e+00 
 1.81640000e-10  1.98183327e+00  1.61816673e+00  2.28086695e+00  2.66874479e+00 
 1.82140000e-10  1.98209402e+00  1.61790598e+00  2.28084993e+00  2.66875789e+00 
 1.82640000e-10  1.98235298e+00  1.61764702e+00  2.28083333e+00  2.66877064e+00 
 1.83140000e-10  1.98261014e+00  1.61738986e+00  2.28081714e+00  2.66878307e+00 
 1.83640000e-10  1.98286550e+00  1.61713450e+00  2.28080134e+00  2.66879517e+00 
 1.84140000e-10  1.98311905e+00  1.61688095e+00  2.28078593e+00  2.66880697e+00 
 1.84640000e-10  1.98337079e+00  1.61662921e+00  2.28077089e+00  2.66881846e+00 
 1.85140000e-10  1.98362072e+00  1.61637928e+00  2.28075621e+00  2.66882965e+00 
 1.85640000e-10  1.98386885e+00  1.61613115e+00  2.28074189e+00  2.66884057e+00 
 1.86140000e-10  1.98411515e+00  1.61588485e+00  2.28072792e+00  2.66885120e+00 
 1.86640000e-10  1.98435964e+00  1.61564036e+00  2.28071429e+00  2.66886157e+00 
 1.87140000e-10  1.98460231e+00  1.61539769e+00  2.28070098e+00  2.66887168e+00 
 1.87640000e-10  1.98484316e+00  1.61515684e+00  2.28068800e+00  2.66888154e+00 
 1.88140000e-10  1.98508218e+00  1.61491782e+00  2.28067533e+00  2.66889115e+00 
 1.88640000e-10  1.98531938e+00  1.61468062e+00  2.28066296e+00  2.66890053e+00 
 1.89140000e-10  1.98555475e+00  1.61444525e+00  2.28065089e+00  2.66890967e+00 
 1.89640000e-10  1.98578829e+00  1.61421171e+00  2.28063911e+00  2.66891859e+00 
 1.90140000e-10  1.98601999e+00  1.61398001e+00  2.28062762e+00  2.66892730e+00 
 1.90640000e-10  1.98624986e+00  1.61375014e+00  2.28061640e+00  2.66893579e+00 
 1.91140000e-10  1.98647789e+00  1.61352211e+00  2.28060545e+00  2.66894408e+00 
 1.91640000e-10  1.98670407e+00  1.61329593e+00  2.28059476e+00  2.66895217e+00 
 1.92140000e-10  1.98692842e+00  1.61307158e+00  2.28058433e+00  2.66896006e+00 
 1.92640000e-10  1.98715092e+00  1.61284908e+00  2.28057414e+00  2.66896777e+00 
 1.93140000e-10  1.98737157e+00  1.61262843e+00  2.28056420e+00  2.66897530e+00 
 1.93640000e-10  1.98759038e+00  1.61240962e+00  2.28055450e+00  2.66898265e+00 
 1.94140000e-10  1.98780733e+00  1.61219267e+00  2.28054503e+00  2.66898983e+00 
 1.94640000e-10  1.98802243e+00  1.61197757e+00  2.28053579e+00  2.66899685e+00 
 1.95140000e-10  1.98823567e+00  1.61176433e+00  2.28052676e+00  2.66900370e+00 
 1.95640000e-10  1.98844706e+00  1.61155294e+00  2.28051795e+00  2.66901040e+00 
 1.96140000e-10  1.98865659e+00  1.61134341e+00  2.28050936e+00  2.66901694e+00 
 1.96640000e-10  1.98886425e+00  1.61113575e+00  2.28050097e+00  2.66902334e+00 
 1.97140000e-10  1.98907005e+00  1.61092995e+00  2.28049278e+00  2.66902959e+00 
 1.97640000e-10  1.98927399e+00  1.61072601e+00  2.28048478e+00  2.66903571e+00 
 1.98140000e-10  1.98947605e+00  1.61052395e+00  2.28047698e+00  2.66904168e+00 
 1.98640000e-10  1.98967625e+00  1.61032375e+00  2.28046937e+00  2.66904753e+00 
 1.99140000e-10  1.98987457e+00  1.61012543e+00  2.28046194e+00  2.66905325e+00 
 1.99640000e-10  1.99007102e+00  1.60992898e+00  2.28045469e+00  2.66905885e+00 
 2.00140000e-10  1.99026559e+00  1.60973441e+00  2.28044761e+00  2.66906433e+00 
 2.00640000e-10  1.99045829e+00  1.60954171e+00  2.28044070e+00  2.66906969e+00 
 2.01140000e-10  1.99064911e+00  1.60935089e+00  2.28043397e+00  2.66907493e+00 
 2.01640000e-10  1.99083804e+00  1.60916196e+00  2.28042739e+00  2.66908007e+00 
 2.02140000e-10  1.99102509e+00  1.60897491e+00  2.28042098e+00  2.66908510e+00 
 2.02640000e-10  1.99121026e+00  1.60878974e+00  2.28041473e+00  2.66909003e+00 
 2.03140000e-10  1.99139354e+00  1.60860646e+00  2.28040863e+00  2.66909486e+00 
 2.03640000e-10  1.99157493e+00  1.60842507e+00  2.28040268e+00  2.66909959e+00 
 2.04140000e-10  1.99175443e+00  1.60824557e+00  2.28039687e+00  2.66910423e+00 
 2.04640000e-10  1.99193203e+00  1.60806797e+00  2.28039122e+00  2.66910877e+00 
 2.05140000e-10  1.99210775e+00  1.60789225e+00  2.28038570e+00  2.66911323e+00 
 2.05640000e-10  1.99228156e+00  1.60771844e+00  2.28038032e+00  2.66911760e+00 
 2.06140000e-10  1.99245348e+00  1.60754652e+00  2.28037508e+00  2.66912189e+00 
 2.06640000e-10  1.99262350e+00  1.60737650e+00  2.28036998e+00  2.66912609e+00 
 2.07140000e-10  1.99279162e+00  1.60720838e+00  2.28036500e+00  2.66913022e+00 
 2.07640000e-10  1.99295783e+00  1.60704217e+00  2.28036016e+00  2.66913428e+00 
 2.08140000e-10  1.99312214e+00  1.60687786e+00  2.28035544e+00  2.66913826e+00 
 2.08640000e-10  1.99328455e+00  1.60671545e+00  2.28035084e+00  2.66914216e+00 
 2.09140000e-10  1.99344504e+00  1.60655496e+00  2.28034637e+00  2.66914600e+00 
 2.09640000e-10  1.99360363e+00  1.60639637e+00  2.28034202e+00  2.66914978e+00 
 2.10140000e-10  1.99376031e+00  1.60623969e+00  2.28033779e+00  2.66915348e+00 
 2.10640000e-10  1.99391507e+00  1.60608493e+00  2.28033367e+00  2.66915713e+00 
 2.11140000e-10  1.99406792e+00  1.60593208e+00  2.28032967e+00  2.66916072e+00 
 2.11640000e-10  1.99421886e+00  1.60578114e+00  2.28032577e+00  2.66916424e+00 
 2.12140000e-10  1.99436788e+00  1.60563212e+00  2.28032199e+00  2.66916771e+00 
 2.12640000e-10  1.99451498e+00  1.60548502e+00  2.28031832e+00  2.66917113e+00 
 2.13140000e-10  1.99466016e+00  1.60533984e+00  2.28031476e+00  2.66917449e+00 
 2.13640000e-10  1.99480342e+00  1.60519658e+00  2.28031130e+00  2.66917781e+00 
 2.14140000e-10  1.99494475e+00  1.60505525e+00  2.28030794e+00  2.66918107e+00 
 2.14640000e-10  1.99508417e+00  1.60491583e+00  2.28030469e+00  2.66918429e+00 
 2.15140000e-10  1.99522165e+00  1.60477835e+00  2.28030154e+00  2.66918746e+00 
 2.15640000e-10  1.99535722e+00  1.60464278e+00  2.28029848e+00  2.66919058e+00 
 2.16140000e-10  1.99549085e+00  1.60450915e+00  2.28029553e+00  2.66919367e+00 
 2.16640000e-10  1.99562255e+00  1.60437745e+00  2.28029267e+00  2.66919671e+00 
 2.17140000e-10  1.99575232e+00  1.60424768e+00  2.28028991e+00  2.66919971e+00 
 2.17640000e-10  1.99588016e+00  1.60411984e+00  2.28028724e+00  2.66920267e+00 
 2.18140000e-10  1.99600607e+00  1.60399393e+00  2.28028466e+00  2.66920560e+00 
 2.18640000e-10  1.99613004e+00  1.60386996e+00  2.28028218e+00  2.66920849e+00 
 2.19140000e-10  1.99625208e+00  1.60374792e+00  2.28027978e+00  2.66921135e+00 
 2.19640000e-10  1.99637218e+00  1.60362782e+00  2.28027748e+00  2.66921417e+00 
 2.20140000e-10  1.99649034e+00  1.60350966e+00  2.28027526e+00  2.66921697e+00 
 2.20640000e-10  1.99660656e+00  1.60339344e+00  2.28027314e+00  2.66921973e+00 
 2.21140000e-10  1.99672084e+00  1.60327916e+00  2.28027110e+00  2.66922246e+00 
 2.21640000e-10  1.99683318e+00  1.60316682e+00  2.28026914e+00  2.66922517e+00 
 2.22140000e-10  1.99694358e+00  1.60305642e+00  2.28026727e+00  2.66922785e+00 
 2.22640000e-10  1.99705204e+00  1.60294796e+00  2.28026548e+00  2.66923050e+00 
 2.23140000e-10  1.99715855e+00  1.60284145e+00  2.28026377e+00  2.66923313e+00 
 2.23640000e-10  1.99726311e+00  1.60273689e+00  2.28026215e+00  2.66923573e+00 
 2.24140000e-10  1.99736573e+00  1.60263427e+00  2.28026060e+00  2.66923831e+00 
 2.24640000e-10  1.99746639e+00  1.60253361e+00  2.28025914e+00  2.66924087e+00 
 2.25140000e-10  1.99756511e+00  1.60243489e+00  2.28025776e+00  2.66924341e+00 
 2.25640000e-10  1.99766188e+00  1.60233812e+00  2.28025645e+00  2.66924593e+00 
 2.26140000e-10  1.99775670e+00  1.60224330e+00  2.28025522e+00  2.66924843e+00 
 2.26640000e-10  1.99784957e+00  1.60215043e+00  2.28025407e+00  2.66925091e+00 
 2.27140000e-10  1.99794048e+00  1.60205952e+00  2.28025300e+00  2.66925338e+00 
 2.27640000e-10  1.99802944e+00  1.60197056e+00  2.28025200e+00  2.66925583e+00 
 2.28140000e-10  1.99811645e+00  1.60188355e+00  2.28025108e+00  2.66925826e+00 
 2.28640000e-10  1.99820150e+00  1.60179850e+00  2.28025023e+00  2.66926068e+00 
 2.29140000e-10  1.99828460e+00  1.60171540e+00  2.28024945e+00  2.66926308e+00 
 2.29640000e-10  1.99836573e+00  1.60163427e+00  2.28024875e+00  2.66926547e+00 
 2.30140000e-10  1.99844491e+00  1.60155509e+00  2.28024812e+00  2.66926785e+00 
 2.30640000e-10  1.99852213e+00  1.60147787e+00  2.28024756e+00  2.66927021e+00 
 2.31140000e-10  1.99859740e+00  1.60140260e+00  2.28024707e+00  2.66927257e+00 
 2.31640000e-10  1.99867070e+00  1.60132930e+00  2.28024665e+00  2.66927491e+00 
 2.32140000e-10  1.99874204e+00  1.60125796e+00  2.28024631e+00  2.66927724e+00 
 2.32640000e-10  1.99881142e+00  1.60118858e+00  2.28024603e+00  2.66927957e+00 
 2.33140000e-10  1.99887884e+00  1.60112116e+00  2.28024582e+00  2.66928188e+00 
 2.33640000e-10  1.99894429e+00  1.60105571e+00  2.28024568e+00  2.66928419e+00 
 2.34140000e-10  1.99900778e+00  1.60099222e+00  2.28024561e+00  2.66928649e+00 
 2.34640000e-10  1.99906931e+00  1.60093069e+00  2.28024561e+00  2.66928878e+00 
 2.35140000e-10  1.99912887e+00  1.60087113e+00  2.28024567e+00  2.66929106e+00 
 2.35640000e-10  1.99918647e+00  1.60081353e+00  2.28024580e+00  2.66929334e+00 
 2.36140000e-10  1.99924210e+00  1.60075790e+00  2.28024600e+00  2.66929561e+00 
 2.36640000e-10  1.99929576e+00  1.60070424e+00  2.28024627e+00  2.66929788e+00 
 2.37140000e-10  1.99934746e+00  1.60065254e+00  2.28024660e+00  2.66930014e+00 
 2.37640000e-10  1.99939719e+00  1.60060281e+00  2.28024699e+00  2.66930240e+00 
 2.38140000e-10  1.99944496e+00  1.60055504e+00  2.28024745e+00  2.66930465e+00 
 2.38640000e-10  1.99949075e+00  1.60050925e+00  2.28024798e+00  2.66930690e+00 
 2.39140000e-10  1.99953457e+00  1.60046543e+00  2.28024856e+00  2.66930914e+00 
 2.39640000e-10  1.99957643e+00  1.60042357e+00  2.28024922e+00  2.66931139e+00 
 2.40140000e-10  1.99961632e+00  1.60038368e+00  2.28024993e+00  2.66931363e+00 
 2.40640000e-10  1.99965423e+00  1.60034577e+00  2.28025071e+00  2.66931586e+00 
 2.41140000e-10  1.99969018e+00  1.60030982e+00  2.28025156e+00  2.66931810e+00 
 2.41640000e-10  1.99972415e+00  1.60027585e+00  2.28025246e+00  2.66932034e+00 
 2.42140000e-10  1.99975615e+00  1.60024385e+00  2.28025343e+00  2.66932257e+00 
 2.42640000e-10  1.99978619e+00  1.60021381e+00  2.28025446e+00  2.66932480e+00 
 2.43140000e-10  1.99981424e+00  1.60018576e+00  2.28025555e+00  2.66932703e+00 
 2.43640000e-10  1.99984033e+00  1.60015967e+00  2.28025671e+00  2.66932926e+00 
 2.44140000e-10  1.99986445e+00  1.60013555e+00  2.28025792e+00  2.66933149e+00 
 2.44640000e-10  1.99988659e+00  1.60011341e+00  2.28025920e+00  2.66933373e+00 
 2.45140000e-10  1.99990676e+00  1.60009324e+00  2.28026054e+00  2.66933596e+00 
 2.45640000e-10  1.99992496e+00  1.60007504e+00  2.28026194e+00  2.66933819e+00 
 2.46140000e-10  1.99994118e+00  1.60005882e+00  2.28026340e+00  2.66934042e+00 
 2.46640000e-10  1.99995543e+00  1.60004457e+00  2.28026492e+00  2.66934265e+00 
 2.47140000e-10  1.99996771e+00  1.60003229e+00  2.28026650e+00  2.66934489e+00 
 2.47640000e-10  1.99997801e+00  1.60002199e+00  2.28026814e+00  2.66934712e+00 
 2.48140000e-10  1.99998634e+00  1.60001366e+00  2.28026984e+00  2.66934936e+00 
 2.48640000e-10  1.99999270e+00  1.60000730e+00  2.28027160e+00  2.66935160e+00 
 2.49140000e-10  1.99999708e+00  1.60000292e+00  2.28027342e+00  2.66935384e+00 
 2.49640000e-10  1.99999949e+00  1.60000051e+00  2.28027530e+00  2.66935609e+00 
 2.50140000e-10  1.99999992e+00  1.60000008e+00  2.28027724e+00  2.66935833e+00 
 2.50640000e-10  1.99999838e+00  1.60000162e+00  2.28027924e+00  2.66936058e+00 
 2.51140000e-10  1.99999487e+00  1.60000513e+00  2.28028130e+00  2.66936283e+00 
 2.51640000e-10  1.99998938e+00  1.60001062e+00  2.28028341e+00  2.66936508e+00 
 2.52140000e-10  1.99998192e+00  1.60001808e+00  2.28028559e+00  2.66936733e+00 
 2.52640000e-10  1.99997249e+00  1.60002751e+00  2.28028782e+00  2.66936959e+00 
 2.53140000e-10  1.99996108e+00  1.60003892e+00  2.28029012e+00  2.66937185e+00 
 2.53640000e-10  1.99994769e+00  1.60005231e+00  2.28029247e+00  2.66937411e+00 
 2.54140000e-10  1.99993234e+00  1.60006766e+00  2.28029488e+00  2.66937638e+00 
 2.54640000e-10  1.99991501e+00  1.60008499e+00  2.28029735e+00  2.66937865e+00 
 2.55140000e-10  1.99989571e+00  1.60010429e+00  2.28029988e+00  2.66938092e+00 
 2.55640000e-10  1.99987443e+00  1.60012557e+00  2.28030246e+00  2.66938319e+00 
 2.56140000e-10  1.99985119e+00  1.60014881e+00  2.28030511e+00  2.66938547e+00 
 2.56640000e-10  1.99982597e+00  1.60017403e+00  2.28030781e+00  2.66938775e+00 
 2.57140000e-10  1.99979877e+00  1.60020123e+00  2.28031058e+00  2.66939003e+00 
 2.57640000e-10  1.99976961e+00  1.60023039e+00  2.28031340e+00  2.66939232e+00 
 2.58140000e-10  1.99973847e+00  1.60026153e+00  2.28031628e+00  2.66939461e+00 
 2.58640000e-10  1.99970537e+00  1.60029463e+00  2.28031922e+00  2.66939690e+00 
 2.59140000e-10  1.99967029e+00  1.60032971e+00  2.28032221e+00  2.66939920e+00 
 2.59640000e-10  1.99963324e+00  1.60036676e+00  2.28032527e+00  2.66940150e+00 
 2.60140000e-10  1.99959422e+00  1.60040578e+00  2.28032838e+00  2.66940380e+00 
 2.60640000e-10  1.99955323e+00  1.60044677e+00  2.28033155e+00  2.66940610e+00 
 2.61140000e-10  1.99951027e+00  1.60048973e+00  2.28033478e+00  2.66940841e+00 
 2.61640000e-10  1.99946535e+00  1.60053465e+00  2.28033807e+00  2.66941072e+00 
 2.62140000e-10  1.99941845e+00  1.60058155e+00  2.28034142e+00  2.66941303e+00 
 2.62640000e-10  1.99936959e+00  1.60063041e+00  2.28034483e+00  2.66941535e+00 
 2.63140000e-10  1.99931875e+00  1.60068125e+00  2.28034830e+00  2.66941766e+00 
 2.63640000e-10  1.99926596e+00  1.60073404e+00  2.28035182e+00  2.66941998e+00 
 2.64140000e-10  1.99921119e+00  1.60078881e+00  2.28035541e+00  2.66942230e+00 
 2.64640000e-10  1.99915446e+00  1.60084554e+00  2.28035905e+00  2.66942463e+00 
 2.65140000e-10  1.99909576e+00  1.60090424e+00  2.28036276e+00  2.66942695e+00 
 2.65640000e-10  1.99903510e+00  1.60096490e+00  2.28036652e+00  2.66942928e+00 
 2.66140000e-10  1.99897247e+00  1.60102753e+00  2.28037034e+00  2.66943161e+00 
 2.66640000e-10  1.99890788e+00  1.60109212e+00  2.28037423e+00  2.66943394e+00 
 2.67140000e-10  1.99884133e+00  1.60115867e+00  2.28037817e+00  2.66943627e+00 
 2.67640000e-10  1.99877281e+00  1.60122719e+00  2.28038217e+00  2.66943861e+00 
 2.68140000e-10  1.99870233e+00  1.60129767e+00  2.28038623e+00  2.66944094e+00 
 2.68640000e-10  1.99862989e+00  1.60137011e+00  2.28039036e+00  2.66944328e+00 
 2.69140000e-10  1.99855549e+00  1.60144451e+00  2.28039454e+00  2.66944561e+00 
 2.69640000e-10  1.99847913e+00  1.60152087e+00  2.28039879e+00  2.66944795e+00 
 2.70140000e-10  1.99840081e+00  1.60159919e+00  2.28040309e+00  2.66945028e+00 
 2.70640000e-10  1.99832054e+00  1.60167946e+00  2.28040746e+00  2.66945262e+00 
 2.71140000e-10  1.99823830e+00  1.60176170e+00  2.28041189e+00  2.66945495e+00 
 2.71640000e-10  1.99815411e+00  1.60184589e+00  2.28041638e+00  2.66945729e+00 
 2.72140000e-10  1.99806797e+00  1.60193203e+00  2.28042093e+00  2.66945962e+00 
 2.72640000e-10  1.99797987e+00  1.60202013e+00  2.28042555e+00  2.66946195e+00 
 2.73140000e-10  1.99788981e+00  1.60211019e+00  2.28043023e+00  2.66946428e+00 
 2.73640000e-10  1.99779780e+00  1.60220220e+00  2.28043497e+00  2.66946661e+00 
 2.74140000e-10  1.99770384e+00  1.60229616e+00  2.28043977e+00  2.66946894e+00 
 2.74640000e-10  1.99760793e+00  1.60239207e+00  2.28044464e+00  2.66947126e+00 
 2.75140000e-10  1.99751007e+00  1.60248993e+00  2.28044957e+00  2.66947358e+00 
 2.75640000e-10  1.99741026e+00  1.60258974e+00  2.28045457e+00  2.66947590e+00 
 2.76140000e-10  1.99730850e+00  1.60269150e+00  2.28045963e+00  2.66947821e+00 
 2.76640000e-10  1.99720479e+00  1.60279521e+00  2.28046475e+00  2.66948052e+00 
 2.77140000e-10  1.99709914e+00  1.60290086e+00  2.28046994e+00  2.66948282e+00 
 2.77640000e-10  1.99699154e+00  1.60300846e+00  2.28047520e+00  2.66948512e+00 
 2.78140000e-10  1.99688200e+00  1.60311800e+00  2.28048052e+00  2.66948741e+00 
 2.78640000e-10  1.99677051e+00  1.60322949e+00  2.28048591e+00  2.66948970e+00 
 2.79140000e-10  1.99665709e+00  1.60334291e+00  2.28049136e+00  2.66949198e+00 
 2.79640000e-10  1.99654172e+00  1.60345828e+00  2.28049688e+00  2.66949426e+00 
 2.80140000e-10  1.99642441e+00  1.60357559e+00  2.28050247e+00  2.66949652e+00 
 2.80640000e-10  1.99630516e+00  1.60369484e+00  2.28050813e+00  2.66949878e+00 
 2.81140000e-10  1.99618398e+00  1.60381602e+00  2.28051386e+00  2.66950103e+00 
 2.81640000e-10  1.99606086e+00  1.60393914e+00  2.28051965e+00  2.66950327e+00 
 2.82140000e-10  1.99593580e+00  1.60406420e+00  2.28052552e+00  2.66950551e+00 
 2.82640000e-10  1.99580881e+00  1.60419119e+00  2.28053145e+00  2.66950773e+00 
 2.83140000e-10  1.99567989e+00  1.60432011e+00  2.28053746e+00  2.66950994e+00 
 2.83640000e-10  1.99554903e+00  1.60445097e+00  2.28054354e+00  2.66951214e+00 
 2.84140000e-10  1.99541625e+00  1.60458375e+00  2.28054969e+00  2.66951432e+00 
 2.84640000e-10  1.99528154e+00  1.60471846e+00  2.28055591e+00  2.66951650e+00 
 2.85140000e-10  1.99514490e+00  1.60485510e+00  2.28056220e+00  2.66951866e+00 
 2.85640000e-10  1.99500633e+00  1.60499367e+00  2.28056857e+00  2.66952080e+00 
 2.86140000e-10  1.99486584e+00  1.60513416e+00  2.28057502e+00  2.66952293e+00 
 2.86640000e-10  1.99472343e+00  1.60527657e+00  2.28058154e+00  2.66952505e+00 
 2.87140000e-10  1.99457909e+00  1.60542091e+00  2.28058813e+00  2.66952715e+00 
 2.87640000e-10  1.99443284e+00  1.60556716e+00  2.28059480e+00  2.66952923e+00 
 2.88140000e-10  1.99428466e+00  1.60571534e+00  2.28060155e+00  2.66953129e+00 
 2.88640000e-10  1.99413457e+00  1.60586543e+00  2.28060838e+00  2.66953334e+00 
 2.89140000e-10  1.99398256e+00  1.60601744e+00  2.28061528e+00  2.66953536e+00 
 2.89640000e-10  1.99382864e+00  1.60617136e+00  2.28062227e+00  2.66953736e+00 
 2.90140000e-10  1.99367281e+00  1.60632719e+00  2.28062934e+00  2.66953934e+00 
 2.90640000e-10  1.99351506e+00  1.60648494e+00  2.28063649e+00  2.66954130e+00 
 2.91140000e-10  1.99335540e+00  1.60664460e+00  2.28064372e+00  2.66954324e+00 
 2.91640000e-10  1.99319384e+00  1.60680616e+00  2.28065103e+00  2.66954515e+00 
 2.92140000e-10  1.99303036e+00  1.60696964e+00  2.28065843e+00  2.66954703e+00 
 2.92640000e-10  1.99286499e+00  1.60713501e+00  2.28066591e+00  2.66954888e+00 
 2.93140000e-10  1.99269771e+00  1.60730229e+00  2.28067348e+00  2.66955071e+00 
 2.93640000e-10  1.99252852e+00  1.60747148e+00  2.28068114e+00  2.66955251e+00 
 2.94140000e-10  1.99235744e+00  1.60764256e+00  2.28068889e+00  2.66955428e+00 
 2.94640000e-10  1.99218446e+00  1.60781554e+00  2.28069672e+00  2.66955602e+00 
 2.95140000e-10  1.99200958e+00  1.60799042e+00  2.28070465e+00  2.66955772e+00 
 2.95640000e-10  1.99183281e+00  1.60816719e+00  2.28071267e+00  2.66955939e+00 
 2.96140000e-10  1.99165414e+00  1.60834586e+00  2.28072078e+00  2.66956102e+00 
 2.96640000e-10  1.99147358e+00  1.60852642e+00  2.28072899e+00  2.66956262e+00 
 2.97140000e-10  1.99129113e+00  1.60870887e+00  2.28073729e+00  2.66956417e+00 
 2.97640000e-10  1.99110680e+00  1.60889320e+00  2.28074569e+00  2.66956569e+00 
 2.98140000e-10  1.99092058e+00  1.60907942e+00  2.28075419e+00  2.66956717e+00 
 2.98640000e-10  1.99073247e+00  1.60926753e+00  2.28076279e+00  2.66956860e+00 
 2.99140000e-10  1.99054248e+00  1.60945752e+00  2.28077149e+00  2.66956999e+00 
 2.99640000e-10  1.99035061e+00  1.60964939e+00  2.28078029e+00  2.66957133e+00 
 3.00140000e-10  1.99015686e+00  1.60984314e+00  2.28078920e+00  2.66957262e+00 
 3.00640000e-10  1.98996124e+00  1.61003876e+00  2.28079821e+00  2.66957386e+00 
 3.01140000e-10  1.98976374e+00  1.61023626e+00  2.28080733e+00  2.66957505e+00 
 3.01640000e-10  1.98956437e+00  1.61043563e+00  2.28081656e+00  2.66957619e+00 
 3.02140000e-10  1.98936312e+00  1.61063688e+00  2.28082590e+00  2.66957727e+00 
 3.02640000e-10  1.98916001e+00  1.61083999e+00  2.28083536e+00  2.66957830e+00 
 3.03140000e-10  1.98895503e+00  1.61104497e+00  2.28084493e+00  2.66957926e+00 
 3.03640000e-10  1.98874819e+00  1.61125181e+00  2.28085462e+00  2.66958016e+00 
 3.04140000e-10  1.98853948e+00  1.61146052e+00  2.28086442e+00  2.66958100e+00 
 3.04640000e-10  1.98832891e+00  1.61167109e+00  2.28087435e+00  2.66958177e+00 
 3.05140000e-10  1.98811649e+00  1.61188351e+00  2.28088440e+00  2.66958248e+00 
 3.05640000e-10  1.98790220e+00  1.61209780e+00  2.28089458e+00  2.66958311e+00 
 3.06140000e-10  1.98768607e+00  1.61231393e+00  2.28090488e+00  2.66958367e+00 
 3.06640000e-10  1.98746808e+00  1.61253192e+00  2.28091531e+00  2.66958416e+00 
 3.07140000e-10  1.98724824e+00  1.61275176e+00  2.28092588e+00  2.66958456e+00 
 3.07640000e-10  1.98702655e+00  1.61297345e+00  2.28093658e+00  2.66958489e+00 
 3.08140000e-10  1.98680301e+00  1.61319699e+00  2.28094741e+00  2.66958513e+00 
 3.08640000e-10  1.98657763e+00  1.61342237e+00  2.28095839e+00  2.66958528e+00 
 3.09140000e-10  1.98635042e+00  1.61364958e+00  2.28096951e+00  2.66958535e+00 
 3.09640000e-10  1.98612136e+00  1.61387864e+00  2.28098078e+00  2.66958532e+00 
 3.10140000e-10  1.98589046e+00  1.61410954e+00  2.28099219e+00  2.66958520e+00 
 3.10640000e-10  1.98565773e+00  1.61434227e+00  2.28100375e+00  2.66958498e+00 
 3.11140000e-10  1.98542317e+00  1.61457683e+00  2.28101547e+00  2.66958465e+00 
 3.11640000e-10  1.98518678e+00  1.61481322e+00  2.28102735e+00  2.66958422e+00 
 3.12140000e-10  1.98494856e+00  1.61505144e+00  2.28103938e+00  2.66958368e+00 
 3.12640000e-10  1.98470851e+00  1.61529149e+00  2.28105158e+00  2.66958303e+00 
 3.13140000e-10  1.98446664e+00  1.61553336e+00  2.28106395e+00  2.66958226e+00 
 3.13640000e-10  1.98422295e+00  1.61577705e+00  2.28107649e+00  2.66958137e+00 
 3.14140000e-10  1.98397744e+00  1.61602256e+00  2.28108920e+00  2.66958036e+00 
 3.14640000e-10  1.98373012e+00  1.61626988e+00  2.28110209e+00  2.66957922e+00 
 3.15140000e-10  1.98348098e+00  1.61651902e+00  2.28111516e+00  2.66957794e+00 
 3.15640000e-10  1.98323004e+00  1.61676996e+00  2.28112842e+00  2.66957653e+00 
 3.16140000e-10  1.98297728e+00  1.61702272e+00  2.28114187e+00  2.66957498e+00 
 3.16640000e-10  1.98272272e+00  1.61727728e+00  2.28115551e+00  2.66957328e+00 
 3.17140000e-10  1.98246635e+00  1.61753365e+00  2.28116936e+00  2.66957143e+00 
 3.17640000e-10  1.98220819e+00  1.61779181e+00  2.28118340e+00  2.66956942e+00 
 3.18140000e-10  1.98194822e+00  1.61805178e+00  2.28119766e+00  2.66956726e+00 
 3.18640000e-10  1.98168646e+00  1.61831354e+00  2.28121212e+00  2.66956493e+00 
 3.19140000e-10  1.98142291e+00  1.61857709e+00  2.28122681e+00  2.66956242e+00 
 3.19640000e-10  1.98115757e+00  1.61884243e+00  2.28124172e+00  2.66955974e+00 
 3.20140000e-10  1.98089043e+00  1.61910957e+00  2.28125685e+00  2.66955688e+00 
 3.20640000e-10  1.98062152e+00  1.61937848e+00  2.28127222e+00  2.66955383e+00 
 3.21140000e-10  1.98035082e+00  1.61964918e+00  2.28128783e+00  2.66955059e+00 
 3.21640000e-10  1.98007834e+00  1.61992166e+00  2.28130369e+00  2.66954714e+00 
 3.22140000e-10  1.97980408e+00  1.62019592e+00  2.28131979e+00  2.66954349e+00 
 3.22640000e-10  1.97952805e+00  1.62047195e+00  2.28133616e+00  2.66953962e+00 
 3.23140000e-10  1.97925024e+00  1.62074976e+00  2.28135278e+00  2.66953554e+00 
 3.23640000e-10  1.97897067e+00  1.62102933e+00  2.28136968e+00  2.66953122e+00 
 3.24140000e-10  1.97868933e+00  1.62131067e+00  2.28138685e+00  2.66952667e+00 
 3.24640000e-10  1.97840623e+00  1.62159377e+00  2.28140431e+00  2.66952188e+00 
 3.25140000e-10  1.97812137e+00  1.62187863e+00  2.28142206e+00  2.66951684e+00 
 3.25640000e-10  1.97783474e+00  1.62216526e+00  2.28144011e+00  2.66951154e+00 
 3.26140000e-10  1.97754637e+00  1.62245363e+00  2.28145846e+00  2.66950597e+00 
 3.26640000e-10  1.97725624e+00  1.62274376e+00  2.28147713e+00  2.66950013e+00 
 3.27140000e-10  1.97696436e+00  1.62303564e+00  2.28149612e+00  2.66949400e+00 
 3.27640000e-10  1.97667074e+00  1.62332926e+00  2.28151544e+00  2.66948759e+00 
 3.28140000e-10  1.97637537e+00  1.62362463e+00  2.28153511e+00  2.66948087e+00 
 3.28640000e-10  1.97607826e+00  1.62392174e+00  2.28155511e+00  2.66947383e+00 
 3.29140000e-10  1.97577941e+00  1.62422059e+00  2.28157548e+00  2.66946648e+00 
 3.29640000e-10  1.97547883e+00  1.62452117e+00  2.28159621e+00  2.66945880e+00 
 3.30140000e-10  1.97517651e+00  1.62482349e+00  2.28161732e+00  2.66945077e+00 
 3.30640000e-10  1.97487247e+00  1.62512753e+00  2.28163882e+00  2.66944239e+00 
 3.31140000e-10  1.97456670e+00  1.62543330e+00  2.28166071e+00  2.66943365e+00 
 3.31640000e-10  1.97425921e+00  1.62574079e+00  2.28168302e+00  2.66942453e+00 
 3.32140000e-10  1.97395000e+00  1.62605000e+00  2.28170574e+00  2.66941503e+00 
 3.32640000e-10  1.97363907e+00  1.62636093e+00  2.28172889e+00  2.66940512e+00 
 3.33140000e-10  1.97332643e+00  1.62667357e+00  2.28175248e+00  2.66939480e+00 
 3.33640000e-10  1.97301207e+00  1.62698793e+00  2.28177653e+00  2.66938406e+00 
 3.34140000e-10  1.97269601e+00  1.62730399e+00  2.28180104e+00  2.66937288e+00 
 3.34640000e-10  1.97237825e+00  1.62762175e+00  2.28182604e+00  2.66936124e+00 
 3.35140000e-10  1.97205878e+00  1.62794122e+00  2.28185152e+00  2.66934914e+00 
 3.35640000e-10  1.97173762e+00  1.62826238e+00  2.28187751e+00  2.66933656e+00 
 3.36140000e-10  1.97141476e+00  1.62858524e+00  2.28190403e+00  2.66932349e+00 
 3.36640000e-10  1.97109021e+00  1.62890979e+00  2.28193108e+00  2.66930990e+00 
 3.37140000e-10  1.97076397e+00  1.62923603e+00  2.28195868e+00  2.66929578e+00 
 3.37640000e-10  1.97043604e+00  1.62956396e+00  2.28198684e+00  2.66928112e+00 
 3.38140000e-10  1.97010644e+00  1.62989356e+00  2.28201559e+00  2.66926590e+00 
 3.38640000e-10  1.96977515e+00  1.63022485e+00  2.28204493e+00  2.66925009e+00 
 3.39140000e-10  1.96944219e+00  1.63055781e+00  2.28207489e+00  2.66923370e+00 
 3.39640000e-10  1.96910756e+00  1.63089244e+00  2.28210548e+00  2.66921668e+00 
 3.40140000e-10  1.96877125e+00  1.63122875e+00  2.28213672e+00  2.66919904e+00 
 3.40640000e-10  1.96843328e+00  1.63156672e+00  2.28216863e+00  2.66918074e+00 
 3.41140000e-10  1.96809365e+00  1.63190635e+00  2.28220122e+00  2.66916176e+00 
 3.41640000e-10  1.96775236e+00  1.63224764e+00  2.28223452e+00  2.66914209e+00 
 3.42140000e-10  1.96740942e+00  1.63259058e+00  2.28226855e+00  2.66912170e+00 
 3.42640000e-10  1.96706482e+00  1.63293518e+00  2.28230333e+00  2.66910058e+00 
 3.43140000e-10  1.96671857e+00  1.63328143e+00  2.28233887e+00  2.66907869e+00 
 3.43640000e-10  1.96637068e+00  1.63362932e+00  2.28237521e+00  2.66905602e+00 
 3.44140000e-10  1.96602114e+00  1.63397886e+00  2.28241236e+00  2.66903254e+00 
 3.44640000e-10  1.96566997e+00  1.63433003e+00  2.28245034e+00  2.66900823e+00 
 3.45140000e-10  1.96531716e+00  1.63468284e+00  2.28248918e+00  2.66898306e+00 
 3.45640000e-10  1.96496272e+00  1.63503728e+00  2.28252891e+00  2.66895701e+00 
 3.46140000e-10  1.96460666e+00  1.63539334e+00  2.28256955e+00  2.66893004e+00 
 3.46640000e-10  1.96424896e+00  1.63575104e+00  2.28261113e+00  2.66890214e+00 
 3.47140000e-10  1.96388965e+00  1.63611035e+00  2.28265366e+00  2.66887327e+00 
 3.47640000e-10  1.96352872e+00  1.63647128e+00  2.28269719e+00  2.66884340e+00 
 3.48140000e-10  1.96316618e+00  1.63683382e+00  2.28274173e+00  2.66881251e+00 
 3.48640000e-10  1.96280202e+00  1.63719798e+00  2.28278732e+00  2.66878056e+00 
 3.49140000e-10  1.96243626e+00  1.63756374e+00  2.28283398e+00  2.66874752e+00 
 3.49640000e-10  1.96206889e+00  1.63793111e+00  2.28288175e+00  2.66871337e+00 
 3.50140000e-10  1.96169993e+00  1.63830007e+00  2.28293066e+00  2.66867806e+00 
 3.50640000e-10  1.96132937e+00  1.63867063e+00  2.28298073e+00  2.66864156e+00 
 3.51140000e-10  1.96095721e+00  1.63904279e+00  2.28303201e+00  2.66860385e+00 
 3.51640000e-10  1.96058347e+00  1.63941653e+00  2.28308453e+00  2.66856487e+00 
 3.52140000e-10  1.96020815e+00  1.63979185e+00  2.28313831e+00  2.66852460e+00 
 3.52640000e-10  1.95983124e+00  1.64016876e+00  2.28319340e+00  2.66848301e+00 
 3.53140000e-10  1.95945275e+00  1.64054725e+00  2.28324983e+00  2.66844004e+00 
 3.53640000e-10  1.95907269e+00  1.64092731e+00  2.28330764e+00  2.66839566e+00 
 3.54140000e-10  1.95869107e+00  1.64130893e+00  2.28336686e+00  2.66834984e+00 
 3.54640000e-10  1.95830787e+00  1.64169213e+00  2.28342754e+00  2.66830252e+00 
 3.55140000e-10  1.95792311e+00  1.64207689e+00  2.28348972e+00  2.66825368e+00 
 3.55640000e-10  1.95753680e+00  1.64246320e+00  2.28355343e+00  2.66820325e+00 
 3.56140000e-10  1.95714893e+00  1.64285107e+00  2.28361871e+00  2.66815122e+00 
 3.56640000e-10  1.95675950e+00  1.64324050e+00  2.28368562e+00  2.66809751e+00 
 3.57140000e-10  1.95636854e+00  1.64363146e+00  2.28375419e+00  2.66804210e+00 
 3.57640000e-10  1.95597602e+00  1.64402398e+00  2.28382447e+00  2.66798494e+00 
 3.58140000e-10  1.95558197e+00  1.64441803e+00  2.28389650e+00  2.66792597e+00 
 3.58640000e-10  1.95518638e+00  1.64481362e+00  2.28397032e+00  2.66786515e+00 
 3.59140000e-10  1.95478926e+00  1.64521074e+00  2.28404600e+00  2.66780242e+00 
 3.59640000e-10  1.95439062e+00  1.64560938e+00  2.28412357e+00  2.66773775e+00 
 3.60140000e-10  1.95399045e+00  1.64600955e+00  2.28420308e+00  2.66767107e+00 
 3.60640000e-10  1.95358876e+00  1.64641124e+00  2.28428458e+00  2.66760234e+00 
 3.61140000e-10  1.95318555e+00  1.64681445e+00  2.28436812e+00  2.66753150e+00 
 3.61640000e-10  1.95278083e+00  1.64721917e+00  2.28445376e+00  2.66745850e+00 
 3.62140000e-10  1.95237461e+00  1.64762539e+00  2.28454155e+00  2.66738328e+00 
 3.62640000e-10  1.95196688e+00  1.64803312e+00  2.28463154e+00  2.66730578e+00 
 3.63140000e-10  1.95155765e+00  1.64844235e+00  2.28472378e+00  2.66722596e+00 
 3.63640000e-10  1.95114692e+00  1.64885308e+00  2.28481833e+00  2.66714375e+00 
 3.64140000e-10  1.95073471e+00  1.64926529e+00  2.28491525e+00  2.66705909e+00 
 3.64640000e-10  1.95032100e+00  1.64967900e+00  2.28501459e+00  2.66697193e+00 
 3.65140000e-10  1.94990581e+00  1.65009419e+00  2.28511641e+00  2.66688220e+00 
 3.65640000e-10  1.94948914e+00  1.65051086e+00  2.28522077e+00  2.66678984e+00 
 3.66140000e-10  1.94907100e+00  1.65092900e+00  2.28532773e+00  2.66669480e+00 
 3.66640000e-10  1.94865139e+00  1.65134861e+00  2.28543734e+00  2.66659701e+00 
 3.67140000e-10  1.94823030e+00  1.65176970e+00  2.28554967e+00  2.66649641e+00 
 3.67640000e-10  1.94780776e+00  1.65219224e+00  2.28566478e+00  2.66639293e+00 
 3.68140000e-10  1.94738376e+00  1.65261624e+00  2.28578273e+00  2.66628652e+00 
 3.68640000e-10  1.94695830e+00  1.65304170e+00  2.28590358e+00  2.66617710e+00 
 3.69140000e-10  1.94653139e+00  1.65346861e+00  2.28602739e+00  2.66606461e+00 
 3.69640000e-10  1.94610303e+00  1.65389697e+00  2.28615424e+00  2.66594899e+00 
 3.70140000e-10  1.94567324e+00  1.65432676e+00  2.28628417e+00  2.66583018e+00 
 3.70640000e-10  1.94524200e+00  1.65475800e+00  2.28641726e+00  2.66570809e+00 
 3.71140000e-10  1.94480933e+00  1.65519067e+00  2.28655356e+00  2.66558268e+00 
 3.71640000e-10  1.94437524e+00  1.65562476e+00  2.28669316e+00  2.66545387e+00 
 3.72140000e-10  1.94393972e+00  1.65606028e+00  2.28683610e+00  2.66532160e+00 
 3.72640000e-10  1.94350277e+00  1.65649723e+00  2.28698245e+00  2.66518579e+00 
 3.73140000e-10  1.94306441e+00  1.65693559e+00  2.28713228e+00  2.66504639e+00 
 3.73640000e-10  1.94262464e+00  1.65737536e+00  2.28728566e+00  2.66490332e+00 
 3.74140000e-10  1.94218346e+00  1.65781654e+00  2.28744265e+00  2.66475652e+00 
 3.74640000e-10  1.94174088e+00  1.65825912e+00  2.28760332e+00  2.66460593e+00 
 3.75140000e-10  1.94129690e+00  1.65870310e+00  2.28776772e+00  2.66445147e+00 
 3.75640000e-10  1.94085153e+00  1.65914847e+00  2.28793593e+00  2.66429308e+00 
 3.76140000e-10  1.94040476e+00  1.65959524e+00  2.28810801e+00  2.66413069e+00 
 3.76640000e-10  1.93995661e+00  1.66004339e+00  2.28828403e+00  2.66396424e+00 
 3.77140000e-10  1.93950708e+00  1.66049292e+00  2.28846404e+00  2.66379367e+00 
 3.77640000e-10  1.93905617e+00  1.66094383e+00  2.28864812e+00  2.66361890e+00 
 3.78140000e-10  1.93860388e+00  1.66139612e+00  2.28883633e+00  2.66343988e+00 
 3.78640000e-10  1.93815023e+00  1.66184977e+00  2.28902872e+00  2.66325654e+00 
 3.79140000e-10  1.93769522e+00  1.66230478e+00  2.28922537e+00  2.66306882e+00 
 3.79640000e-10  1.93723885e+00  1.66276115e+00  2.28942634e+00  2.66287665e+00 
 3.80140000e-10  1.93678112e+00  1.66321888e+00  2.28963167e+00  2.66267998e+00 
 3.80640000e-10  1.93632204e+00  1.66367796e+00  2.28984145e+00  2.66247875e+00 
 3.81140000e-10  1.93586162e+00  1.66413838e+00  2.29005572e+00  2.66227289e+00 
 3.81640000e-10  1.93539986e+00  1.66460014e+00  2.29027454e+00  2.66206235e+00 
 3.82140000e-10  1.93493676e+00  1.66506324e+00  2.29049797e+00  2.66184707e+00 
 3.82640000e-10  1.93447233e+00  1.66552767e+00  2.29072608e+00  2.66162699e+00 
 3.83140000e-10  1.93400657e+00  1.66599343e+00  2.29095890e+00  2.66140207e+00 
 3.83640000e-10  1.93353949e+00  1.66646051e+00  2.29119650e+00  2.66117224e+00 
 3.84140000e-10  1.93307109e+00  1.66692891e+00  2.29143894e+00  2.66093745e+00 
 3.84640000e-10  1.93260138e+00  1.66739862e+00  2.29168626e+00  2.66069765e+00 
 3.85140000e-10  1.93213036e+00  1.66786964e+00  2.29193851e+00  2.66045280e+00 
 3.85640000e-10  1.93165803e+00  1.66834197e+00  2.29219575e+00  2.66020284e+00 
 3.86140000e-10  1.93118441e+00  1.66881559e+00  2.29245802e+00  2.65994773e+00 
 3.86640000e-10  1.93070949e+00  1.66929051e+00  2.29272537e+00  2.65968742e+00 
 3.87140000e-10  1.93023328e+00  1.66976672e+00  2.29299784e+00  2.65942187e+00 
 3.87640000e-10  1.92975578e+00  1.67024422e+00  2.29327548e+00  2.65915104e+00 
 3.88140000e-10  1.92927701e+00  1.67072299e+00  2.29355834e+00  2.65887488e+00 
 3.88640000e-10  1.92879696e+00  1.67120304e+00  2.29384644e+00  2.65859336e+00 
 3.89140000e-10  1.92831563e+00  1.67168437e+00  2.29413984e+00  2.65830643e+00 
 3.89640000e-10  1.92783304e+00  1.67216696e+00  2.29443856e+00  2.65801407e+00 
 3.90140000e-10  1.92734919e+00  1.67265081e+00  2.29474265e+00  2.65771624e+00 
 3.90640000e-10  1.92686409e+00  1.67313591e+00  2.29505213e+00  2.65741291e+00 
 3.91140000e-10  1.92637773e+00  1.67362227e+00  2.29536705e+00  2.65710404e+00 
 3.91640000e-10  1.92589012e+00  1.67410988e+00  2.29568743e+00  2.65678961e+00 
 3.92140000e-10  1.92540127e+00  1.67459873e+00  2.29601330e+00  2.65646959e+00 
 3.92640000e-10  1.92491118e+00  1.67508882e+00  2.29634470e+00  2.65614395e+00 
 3.93140000e-10  1.92441986e+00  1.67558014e+00  2.29668163e+00  2.65581268e+00 
 3.93640000e-10  1.92392731e+00  1.67607269e+00  2.29702414e+00  2.65547575e+00 
 3.94140000e-10  1.92343354e+00  1.67656646e+00  2.29737224e+00  2.65513313e+00 
 3.94640000e-10  1.92293855e+00  1.67706145e+00  2.29772595e+00  2.65478482e+00 
 3.95140000e-10  1.92244235e+00  1.67755765e+00  2.29808529e+00  2.65443079e+00 
 3.95640000e-10  1.92194494e+00  1.67805506e+00  2.29845028e+00  2.65407103e+00 
 3.96140000e-10  1.92144633e+00  1.67855367e+00  2.29882093e+00  2.65370553e+00 
 3.96640000e-10  1.92094651e+00  1.67905349e+00  2.29919726e+00  2.65333427e+00 
 3.97140000e-10  1.92044551e+00  1.67955449e+00  2.29957928e+00  2.65295725e+00 
 3.97640000e-10  1.91994331e+00  1.68005669e+00  2.29996700e+00  2.65257445e+00 
 3.98140000e-10  1.91943993e+00  1.68056007e+00  2.30036043e+00  2.65218588e+00 
 3.98640000e-10  1.91893537e+00  1.68106463e+00  2.30075958e+00  2.65179152e+00 
 3.99140000e-10  1.91842964e+00  1.68157036e+00  2.30116444e+00  2.65139137e+00 
 3.99640000e-10  1.91792274e+00  1.68207726e+00  2.30157503e+00  2.65098543e+00 
 4.00140000e-10  1.91741468e+00  1.68258532e+00  2.30199134e+00  2.65057370e+00 
 4.00640000e-10  1.91690545e+00  1.68309455e+00  2.30241338e+00  2.65015618e+00 
 4.01140000e-10  1.91639507e+00  1.68360493e+00  2.30284114e+00  2.64973287e+00 
 4.01640000e-10  1.91588355e+00  1.68411645e+00  2.30327463e+00  2.64930379e+00 
 4.02140000e-10  1.91537088e+00  1.68462912e+00  2.30371384e+00  2.64886892e+00 
 4.02640000e-10  1.91485707e+00  1.68514293e+00  2.30415875e+00  2.64842828e+00 
 4.03140000e-10  1.91434213e+00  1.68565787e+00  2.30460938e+00  2.64798188e+00 
 4.03640000e-10  1.91382606e+00  1.68617394e+00  2.30506570e+00  2.64752973e+00 
 4.04140000e-10  1.91330886e+00  1.68669114e+00  2.30552770e+00  2.64707184e+00 
 4.04640000e-10  1.91279055e+00  1.68720945e+00  2.30599538e+00  2.64660822e+00 
 4.05140000e-10  1.91227112e+00  1.68772888e+00  2.30646873e+00  2.64613887e+00 
 4.05640000e-10  1.91175059e+00  1.68824941e+00  2.30694772e+00  2.64566383e+00 
 4.06140000e-10  1.91122895e+00  1.68877105e+00  2.30743234e+00  2.64518310e+00 
 4.06640000e-10  1.91070622e+00  1.68929378e+00  2.30792259e+00  2.64469669e+00 
 4.07140000e-10  1.91018239e+00  1.68981761e+00  2.30841843e+00  2.64420464e+00 
 4.07640000e-10  1.90965748e+00  1.69034252e+00  2.30891985e+00  2.64370694e+00 
 4.08140000e-10  1.90913148e+00  1.69086852e+00  2.30942683e+00  2.64320364e+00 
 4.08640000e-10  1.90860441e+00  1.69139559e+00  2.30993935e+00  2.64269473e+00 
 4.09140000e-10  1.90807626e+00  1.69192374e+00  2.31045739e+00  2.64218025e+00 
 4.09640000e-10  1.90754705e+00  1.69245295e+00  2.31098092e+00  2.64166022e+00 
 4.10140000e-10  1.90701678e+00  1.69298322e+00  2.31150992e+00  2.64113466e+00 
 4.10640000e-10  1.90648545e+00  1.69351455e+00  2.31204437e+00  2.64060359e+00 
 4.11140000e-10  1.90595306e+00  1.69404694e+00  2.31258424e+00  2.64006704e+00 
 4.11640000e-10  1.90541964e+00  1.69458036e+00  2.31312949e+00  2.63952504e+00 
 4.12140000e-10  1.90488517e+00  1.69511483e+00  2.31368011e+00  2.63897760e+00 
 4.12640000e-10  1.90434967e+00  1.69565033e+00  2.31423607e+00  2.63842476e+00 
 4.13140000e-10  1.90381314e+00  1.69618686e+00  2.31479734e+00  2.63786654e+00 
 4.13640000e-10  1.90327558e+00  1.69672442e+00  2.31536388e+00  2.63730298e+00 
 4.14140000e-10  1.90273700e+00  1.69726300e+00  2.31593567e+00  2.63673409e+00 
 4.14640000e-10  1.90219741e+00  1.69780259e+00  2.31651267e+00  2.63615991e+00 
 4.15140000e-10  1.90165681e+00  1.69834319e+00  2.31709485e+00  2.63558047e+00 
 4.15640000e-10  1.90111521e+00  1.69888479e+00  2.31768219e+00  2.63499579e+00 
 4.16140000e-10  1.90057261e+00  1.69942739e+00  2.31827465e+00  2.63440591e+00 
 4.16640000e-10  1.90002902e+00  1.69997098e+00  2.31887219e+00  2.63381086e+00 
 4.17140000e-10  1.89948444e+00  1.70051556e+00  2.31947478e+00  2.63321066e+00 
 4.17640000e-10  1.89893888e+00  1.70106112e+00  2.32008238e+00  2.63260536e+00 
 4.18140000e-10  1.89839234e+00  1.70160766e+00  2.32069497e+00  2.63199497e+00 
 4.18640000e-10  1.89784483e+00  1.70215517e+00  2.32131250e+00  2.63137955e+00 
 4.19140000e-10  1.89729636e+00  1.70270364e+00  2.32193494e+00  2.63075910e+00 
 4.19640000e-10  1.89674692e+00  1.70325308e+00  2.32256226e+00  2.63013368e+00 
 4.20140000e-10  1.89619653e+00  1.70380347e+00  2.32319442e+00  2.62950331e+00 
 4.20640000e-10  1.89564519e+00  1.70435481e+00  2.32383138e+00  2.62886802e+00 
 4.21140000e-10  1.89509291e+00  1.70490709e+00  2.32447310e+00  2.62822785e+00 
 4.21640000e-10  1.89453968e+00  1.70546032e+00  2.32511956e+00  2.62758284e+00 
 4.22140000e-10  1.89398553e+00  1.70601447e+00  2.32577070e+00  2.62693301e+00 
 4.22640000e-10  1.89343045e+00  1.70656955e+00  2.32642650e+00  2.62627840e+00 
 4.23140000e-10  1.89287444e+00  1.70712556e+00  2.32708692e+00  2.62561905e+00 
 4.23640000e-10  1.89231752e+00  1.70768248e+00  2.32775192e+00  2.62495499e+00 
 4.24140000e-10  1.89175969e+00  1.70824031e+00  2.32842146e+00  2.62428625e+00 
 4.24640000e-10  1.89120095e+00  1.70879905e+00  2.32909550e+00  2.62361287e+00 
 4.25140000e-10  1.89064131e+00  1.70935869e+00  2.32977401e+00  2.62293488e+00 
 4.25640000e-10  1.89008078e+00  1.70991922e+00  2.33045695e+00  2.62225233e+00 
 4.26140000e-10  1.88951936e+00  1.71048064e+00  2.33114429e+00  2.62156524e+00 
 4.26640000e-10  1.88895705e+00  1.71104295e+00  2.33183598e+00  2.62087364e+00 
 4.27140000e-10  1.88839387e+00  1.71160613e+00  2.33253199e+00  2.62017759e+00 
 4.27640000e-10  1.88782981e+00  1.71217019e+00  2.33323228e+00  2.61947710e+00 
 4.28140000e-10  1.88726489e+00  1.71273511e+00  2.33393681e+00  2.61877222e+00 
 4.28640000e-10  1.88669910e+00  1.71330090e+00  2.33464555e+00  2.61806299e+00 
 4.29140000e-10  1.88613246e+00  1.71386754e+00  2.33535845e+00  2.61734943e+00 
 4.29640000e-10  1.88556497e+00  1.71443503e+00  2.33607550e+00  2.61663158e+00 
 4.30140000e-10  1.88499664e+00  1.71500336e+00  2.33679663e+00  2.61590949e+00 
 4.30640000e-10  1.88442747e+00  1.71557253e+00  2.33752183e+00  2.61518318e+00 
 4.31140000e-10  1.88385746e+00  1.71614254e+00  2.33825105e+00  2.61445270e+00 
 4.31640000e-10  1.88328663e+00  1.71671337e+00  2.33898426e+00  2.61371807e+00 
 4.32140000e-10  1.88271497e+00  1.71728503e+00  2.33972142e+00  2.61297933e+00 
 4.32640000e-10  1.88214250e+00  1.71785750e+00  2.34046249e+00  2.61223653e+00 
 4.33140000e-10  1.88156921e+00  1.71843079e+00  2.34120745e+00  2.61148969e+00 
 4.33640000e-10  1.88099513e+00  1.71900487e+00  2.34195625e+00  2.61073886e+00 
 4.34140000e-10  1.88042024e+00  1.71957976e+00  2.34270886e+00  2.60998407e+00 
 4.34640000e-10  1.87984456e+00  1.72015544e+00  2.34346525e+00  2.60922535e+00 
 4.35140000e-10  1.87926809e+00  1.72073191e+00  2.34422538e+00  2.60846274e+00 
 4.35640000e-10  1.87869084e+00  1.72130916e+00  2.34498921e+00  2.60769628e+00 
 4.36140000e-10  1.87811281e+00  1.72188719e+00  2.34575672e+00  2.60692600e+00 
 4.36640000e-10  1.87753401e+00  1.72246599e+00  2.34652787e+00  2.60615195e+00 
 4.37140000e-10  1.87695444e+00  1.72304556e+00  2.34730263e+00  2.60537415e+00 
 4.37640000e-10  1.87637412e+00  1.72362588e+00  2.34808096e+00  2.60459264e+00 
 4.38140000e-10  1.87579304e+00  1.72420696e+00  2.34886283e+00  2.60380746e+00 
 4.38640000e-10  1.87521122e+00  1.72478878e+00  2.34964820e+00  2.60301865e+00 
 4.39140000e-10  1.87462865e+00  1.72537135e+00  2.35043706e+00  2.60222624e+00 
 4.39640000e-10  1.87404534e+00  1.72595466e+00  2.35122935e+00  2.60143026e+00 
 4.40140000e-10  1.87346131e+00  1.72653869e+00  2.35202506e+00  2.60063076e+00 
 4.40640000e-10  1.87287655e+00  1.72712345e+00  2.35282415e+00  2.59982776e+00 
 4.41140000e-10  1.87229107e+00  1.72770893e+00  2.35362658e+00  2.59902131e+00 
 4.41640000e-10  1.87170487e+00  1.72829513e+00  2.35443233e+00  2.59821144e+00 
 4.42140000e-10  1.87111797e+00  1.72888203e+00  2.35524137e+00  2.59739819e+00 
 4.42640000e-10  1.87053037e+00  1.72946963e+00  2.35605367e+00  2.59658158e+00 
 4.43140000e-10  1.86994207e+00  1.73005793e+00  2.35686919e+00  2.59576166e+00 
 4.43640000e-10  1.86935308e+00  1.73064692e+00  2.35768790e+00  2.59493846e+00 
 4.44140000e-10  1.86876341e+00  1.73123659e+00  2.35850978e+00  2.59411202e+00 
 4.44640000e-10  1.86817305e+00  1.73182695e+00  2.35933480e+00  2.59328237e+00 
 4.45140000e-10  1.86758203e+00  1.73241797e+00  2.36016292e+00  2.59244955e+00 
 4.45640000e-10  1.86699034e+00  1.73300966e+00  2.36099412e+00  2.59161358e+00 
 4.46140000e-10  1.86639798e+00  1.73360202e+00  2.36182836e+00  2.59077452e+00 
 4.46640000e-10  1.86580497e+00  1.73419503e+00  2.36266563e+00  2.58993238e+00 
 4.47140000e-10  1.86521132e+00  1.73478868e+00  2.36350588e+00  2.58908720e+00 
 4.47640000e-10  1.86461701e+00  1.73538299e+00  2.36434909e+00  2.58823903e+00 
 4.48140000e-10  1.86402207e+00  1.73597793e+00  2.36519524e+00  2.58738788e+00 
 4.48640000e-10  1.86342650e+00  1.73657350e+00  2.36604429e+00  2.58653380e+00 
 4.49140000e-10  1.86283031e+00  1.73716969e+00  2.36689621e+00  2.58567682e+00 
 4.49640000e-10  1.86223349e+00  1.73776651e+00  2.36775098e+00  2.58481697e+00 
 4.50140000e-10  1.86163606e+00  1.73836394e+00  2.36860857e+00  2.58395429e+00 
 4.50640000e-10  1.86103802e+00  1.73896198e+00  2.36946895e+00  2.58308880e+00 
 4.51140000e-10  1.86043937e+00  1.73956063e+00  2.37033210e+00  2.58222055e+00 
 4.51640000e-10  1.85984013e+00  1.74015987e+00  2.37119798e+00  2.58134956e+00 
 4.52140000e-10  1.85924030e+00  1.74075970e+00  2.37206657e+00  2.58047586e+00 
 4.52640000e-10  1.85863989e+00  1.74136011e+00  2.37293784e+00  2.57959949e+00 
 4.53140000e-10  1.85803890e+00  1.74196110e+00  2.37381176e+00  2.57872048e+00 
 4.53640000e-10  1.85743733e+00  1.74256267e+00  2.37468830e+00  2.57783886e+00 
 4.54140000e-10  1.85683520e+00  1.74316480e+00  2.37556745e+00  2.57695466e+00 
 4.54640000e-10  1.85623250e+00  1.74376750e+00  2.37644917e+00  2.57606791e+00 
 4.55140000e-10  1.85562926e+00  1.74437074e+00  2.37733343e+00  2.57517865e+00 
 4.55640000e-10  1.85502546e+00  1.74497454e+00  2.37822020e+00  2.57428690e+00 
 4.56140000e-10  1.85442112e+00  1.74557888e+00  2.37910947e+00  2.57339270e+00 
 4.56640000e-10  1.85381624e+00  1.74618376e+00  2.38000120e+00  2.57249607e+00 
 4.57140000e-10  1.85321083e+00  1.74678917e+00  2.38089536e+00  2.57159704e+00 
 4.57640000e-10  1.85260490e+00  1.74739510e+00  2.38179194e+00  2.57069564e+00 
 4.58140000e-10  1.85199844e+00  1.74800156e+00  2.38269089e+00  2.56979191e+00 
 4.58640000e-10  1.85139148e+00  1.74860852e+00  2.38359220e+00  2.56888587e+00 
 4.59140000e-10  1.85078400e+00  1.74921600e+00  2.38449584e+00  2.56797755e+00 
 4.59640000e-10  1.85017603e+00  1.74982397e+00  2.38540178e+00  2.56706698e+00 
 4.60140000e-10  1.84956756e+00  1.75043244e+00  2.38630999e+00  2.56615418e+00 
 4.60640000e-10  1.84895860e+00  1.75104140e+00  2.38722044e+00  2.56523919e+00 
 4.61140000e-10  1.84834915e+00  1.75165085e+00  2.38813312e+00  2.56432203e+00 
 4.61640000e-10  1.84773923e+00  1.75226077e+00  2.38904799e+00  2.56340274e+00 
 4.62140000e-10  1.84712884e+00  1.75287116e+00  2.38996503e+00  2.56248132e+00 
 4.62640000e-10  1.84651799e+00  1.75348201e+00  2.39088420e+00  2.56155782e+00 
 4.63140000e-10  1.84590667e+00  1.75409333e+00  2.39180549e+00  2.56063226e+00 
 4.63640000e-10  1.84529490e+00  1.75470510e+00  2.39272886e+00  2.55970467e+00 
 4.64140000e-10  1.84468269e+00  1.75531731e+00  2.39365429e+00  2.55877507e+00 
 4.64640000e-10  1.84407003e+00  1.75592997e+00  2.39458175e+00  2.55784349e+00 
 4.65140000e-10  1.84345694e+00  1.75654306e+00  2.39551122e+00  2.55690995e+00 
 4.65640000e-10  1.84284342e+00  1.75715658e+00  2.39644266e+00  2.55597448e+00 
 4.66140000e-10  1.84222948e+00  1.75777052e+00  2.39737605e+00  2.55503710e+00 
 4.66640000e-10  1.84161512e+00  1.75838488e+00  2.39831136e+00  2.55409784e+00 
 4.67140000e-10  1.84100034e+00  1.75899966e+00  2.39924857e+00  2.55315673e+00 
 4.67640000e-10  1.84038517e+00  1.75961483e+00  2.40018765e+00  2.55221378e+00 
 4.68140000e-10  1.83976960e+00  1.76023040e+00  2.40112857e+00  2.55126903e+00 
 4.68640000e-10  1.83915363e+00  1.76084637e+00  2.40207131e+00  2.55032249e+00 
 4.69140000e-10  1.83853728e+00  1.76146272e+00  2.40301583e+00  2.54937419e+00 
 4.69640000e-10  1.83792054e+00  1.76207946e+00  2.40396211e+00  2.54842415e+00 
 4.70140000e-10  1.83730344e+00  1.76269656e+00  2.40491013e+00  2.54747240e+00 
 4.70640000e-10  1.83668596e+00  1.76331404e+00  2.40585985e+00  2.54651896e+00 
 4.71140000e-10  1.83606812e+00  1.76393188e+00  2.40681125e+00  2.54556385e+00 
 4.71640000e-10  1.83544993e+00  1.76455007e+00  2.40776430e+00  2.54460709e+00 
 4.72140000e-10  1.83483138e+00  1.76516862e+00  2.40871898e+00  2.54364871e+00 
 4.72640000e-10  1.83421250e+00  1.76578750e+00  2.40967525e+00  2.54268873e+00 
 4.73140000e-10  1.83359327e+00  1.76640673e+00  2.41063310e+00  2.54172718e+00 
 4.73640000e-10  1.83297372e+00  1.76702628e+00  2.41159248e+00  2.54076406e+00 
 4.74140000e-10  1.83235383e+00  1.76764617e+00  2.41255338e+00  2.53979941e+00 
 4.74640000e-10  1.83173363e+00  1.76826637e+00  2.41351577e+00  2.53883325e+00 
 4.75140000e-10  1.83111312e+00  1.76888688e+00  2.41447963e+00  2.53786559e+00 
 4.75640000e-10  1.83049230e+00  1.76950770e+00  2.41544491e+00  2.53689647e+00 
 4.76140000e-10  1.82987117e+00  1.77012883e+00  2.41641160e+00  2.53592589e+00 
 4.76640000e-10  1.82924976e+00  1.77075024e+00  2.41737968e+00  2.53495389e+00 
 4.77140000e-10  1.82862805e+00  1.77137195e+00  2.41834910e+00  2.53398048e+00 
 4.77640000e-10  1.82800606e+00  1.77199394e+00  2.41931986e+00  2.53300568e+00 
 4.78140000e-10  1.82738380e+00  1.77261620e+00  2.42029191e+00  2.53202952e+00 
 4.78640000e-10  1.82676126e+00  1.77323874e+00  2.42126523e+00  2.53105201e+00 
 4.79140000e-10  1.82613846e+00  1.77386154e+00  2.42223980e+00  2.53007318e+00 
 4.79640000e-10  1.82551540e+00  1.77448460e+00  2.42321559e+00  2.52909305e+00 
 4.80140000e-10  1.82489210e+00  1.77510790e+00  2.42419257e+00  2.52811163e+00 
 4.80640000e-10  1.82426854e+00  1.77573146e+00  2.42517071e+00  2.52712894e+00 
 4.81140000e-10  1.82364475e+00  1.77635525e+00  2.42615000e+00  2.52614502e+00 
 4.81640000e-10  1.82302072e+00  1.77697928e+00  2.42713039e+00  2.52515987e+00 
 4.82140000e-10  1.82239646e+00  1.77760354e+00  2.42811187e+00  2.52417353e+00 
 4.82640000e-10  1.82177199e+00  1.77822801e+00  2.42909441e+00  2.52318600e+00 
 4.83140000e-10  1.82114730e+00  1.77885270e+00  2.43007798e+00  2.52219731e+00 
 4.83640000e-10  1.82052240e+00  1.77947760e+00  2.43106256e+00  2.52120748e+00 
 4.84140000e-10  1.81989729e+00  1.78010271e+00  2.43204811e+00  2.52021653e+00 
 4.84640000e-10  1.81927200e+00  1.78072800e+00  2.43303462e+00  2.51922448e+00 
 4.85140000e-10  1.81864651e+00  1.78135349e+00  2.43402206e+00  2.51823136e+00 
 4.85640000e-10  1.81802083e+00  1.78197917e+00  2.43501040e+00  2.51723717e+00 
 4.86140000e-10  1.81739498e+00  1.78260502e+00  2.43599962e+00  2.51624195e+00 
 4.86640000e-10  1.81676896e+00  1.78323104e+00  2.43698969e+00  2.51524572e+00 
 4.87140000e-10  1.81614277e+00  1.78385723e+00  2.43798058e+00  2.51424849e+00 
 4.87640000e-10  1.81551643e+00  1.78448357e+00  2.43897228e+00  2.51325028e+00 
 4.88140000e-10  1.81488993e+00  1.78511007e+00  2.43996475e+00  2.51225113e+00 
 4.88640000e-10  1.81426328e+00  1.78573672e+00  2.44095797e+00  2.51125105e+00 
 4.89140000e-10  1.81363649e+00  1.78636351e+00  2.44195191e+00  2.51025005e+00 
 4.89640000e-10  1.81300957e+00  1.78699043e+00  2.44294656e+00  2.50924818e+00 
 4.90140000e-10  1.81238252e+00  1.78761748e+00  2.44394188e+00  2.50824543e+00 
 4.90640000e-10  1.81175534e+00  1.78824466e+00  2.44493786e+00  2.50724185e+00 
 4.91140000e-10  1.81112805e+00  1.78887195e+00  2.44593446e+00  2.50623745e+00 
 4.91640000e-10  1.81050066e+00  1.78949934e+00  2.44693167e+00  2.50523226e+00 
 4.92140000e-10  1.80987315e+00  1.79012685e+00  2.44792946e+00  2.50422629e+00 
 4.92640000e-10  1.80924555e+00  1.79075445e+00  2.44892780e+00  2.50321958e+00 
 4.93140000e-10  1.80861786e+00  1.79138214e+00  2.44992669e+00  2.50221214e+00 
 4.93640000e-10  1.80799008e+00  1.79200992e+00  2.45092608e+00  2.50120401e+00 
 4.94140000e-10  1.80736223e+00  1.79263777e+00  2.45192597e+00  2.50019520e+00 
 4.94640000e-10  1.80673430e+00  1.79326570e+00  2.45292632e+00  2.49918574e+00 
 4.95140000e-10  1.80610631e+00  1.79389369e+00  2.45392713e+00  2.49817566e+00 
 4.95640000e-10  1.80547825e+00  1.79452175e+00  2.45492836e+00  2.49716498e+00 
 4.96140000e-10  1.80485014e+00  1.79514986e+00  2.45592999e+00  2.49615373e+00 
 4.96640000e-10  1.80422199e+00  1.79577801e+00  2.45693201e+00  2.49514194e+00 
 4.97140000e-10  1.80359379e+00  1.79640621e+00  2.45793439e+00  2.49412963e+00 
 4.97640000e-10  1.80296555e+00  1.79703445e+00  2.45893712e+00  2.49311683e+00 
 4.98140000e-10  1.80233729e+00  1.79766271e+00  2.45994017e+00  2.49210357e+00 
 4.98640000e-10  1.80170901e+00  1.79829099e+00  2.46094353e+00  2.49108988e+00 
 4.99140000e-10  1.80108070e+00  1.79891930e+00  2.46194718e+00  2.49007578e+00 
 4.99640000e-10  1.80045239e+00  1.79954761e+00  2.46295110e+00  2.48906131e+00 
 5.00140000e-10  1.79982407e+00  1.80017593e+00  2.46395527e+00  2.48804648e+00 
 5.00640000e-10  1.79919575e+00  1.80080425e+00  2.46495967e+00  2.48703135e+00 
 5.01140000e-10  1.79856745e+00  1.80143255e+00  2.46596429e+00  2.48601592e+00 
 5.01640000e-10  1.79793915e+00  1.80206085e+00  2.46696911e+00  2.48500024e+00 
 5.02140000e-10  1.79731088e+00  1.80268912e+00  2.46797412e+00  2.48398432e+00 
 5.02640000e-10  1.79668263e+00  1.80331737e+00  2.46897929e+00  2.48296821e+00 
 5.03140000e-10  1.79605442e+00  1.80394558e+00  2.46998461e+00  2.48195194e+00 
 5.03640000e-10  1.79542624e+00  1.80457376e+00  2.47099006e+00  2.48093552e+00 
 5.04140000e-10  1.79479811e+00  1.80520189e+00  2.47199563e+00  2.47991900e+00 
 5.04640000e-10  1.79417003e+00  1.80582997e+00  2.47300131e+00  2.47890241e+00 
 5.05140000e-10  1.79354201e+00  1.80645799e+00  2.47400707e+00  2.47788576e+00 
 5.05640000e-10  1.79291405e+00  1.80708595e+00  2.47501291e+00  2.47686911e+00 
 5.06140000e-10  1.79228616e+00  1.80771384e+00  2.47601880e+00  2.47585246e+00 
 5.06640000e-10  1.79165835e+00  1.80834165e+00  2.47702474e+00  2.47483587e+00 
 5.07140000e-10  1.79103062e+00  1.80896938e+00  2.47803069e+00  2.47381934e+00 
 5.07640000e-10  1.79040298e+00  1.80959702e+00  2.47903666e+00  2.47280293e+00 
 5.08140000e-10  1.78977543e+00  1.81022457e+00  2.48004263e+00  2.47178664e+00 
 5.08640000e-10  1.78914799e+00  1.81085201e+00  2.48104857e+00  2.47077052e+00 
 5.09140000e-10  1.78852065e+00  1.81147935e+00  2.48205447e+00  2.46975460e+00 
 5.09640000e-10  1.78789342e+00  1.81210658e+00  2.48306032e+00  2.46873889e+00 
 5.10140000e-10  1.78726632e+00  1.81273368e+00  2.48406610e+00  2.46772343e+00 
 5.10640000e-10  1.78663934e+00  1.81336066e+00  2.48507179e+00  2.46670826e+00 
 5.11140000e-10  1.78601249e+00  1.81398751e+00  2.48607738e+00  2.46569338e+00 
 5.11640000e-10  1.78538578e+00  1.81461422e+00  2.48708285e+00  2.46467884e+00 
 5.12140000e-10  1.78475922e+00  1.81524078e+00  2.48808819e+00  2.46366466e+00 
 5.12640000e-10  1.78413280e+00  1.81586720e+00  2.48909336e+00  2.46265087e+00 
 5.13140000e-10  1.78350654e+00  1.81649346e+00  2.49009837e+00  2.46163749e+00 
 5.13640000e-10  1.78288045e+00  1.81711955e+00  2.49110318e+00  2.46062454e+00 
 5.14140000e-10  1.78225452e+00  1.81774548e+00  2.49210778e+00  2.45961206e+00 
 5.14640000e-10  1.78162877e+00  1.81837123e+00  2.49311215e+00  2.45860007e+00 
 5.15140000e-10  1.78100320e+00  1.81899680e+00  2.49411627e+00  2.45758860e+00 
 5.15640000e-10  1.78037781e+00  1.81962219e+00  2.49512013e+00  2.45657766e+00 
 5.16140000e-10  1.77975262e+00  1.82024738e+00  2.49612369e+00  2.45556728e+00 
 5.16640000e-10  1.77912763e+00  1.82087237e+00  2.49712695e+00  2.45455749e+00 
 5.17140000e-10  1.77850285e+00  1.82149715e+00  2.49812988e+00  2.45354831e+00 
 5.17640000e-10  1.77787828e+00  1.82212172e+00  2.49913245e+00  2.45253976e+00 
 5.18140000e-10  1.77725393e+00  1.82274607e+00  2.50013466e+00  2.45153186e+00 
 5.18640000e-10  1.77662980e+00  1.82337020e+00  2.50113647e+00  2.45052464e+00 
 5.19140000e-10  1.77600590e+00  1.82399410e+00  2.50213786e+00  2.44951812e+00 
 5.19640000e-10  1.77538224e+00  1.82461776e+00  2.50313881e+00  2.44851232e+00 
 5.20140000e-10  1.77475882e+00  1.82524118e+00  2.50413930e+00  2.44750727e+00 
 5.20640000e-10  1.77413565e+00  1.82586435e+00  2.50513931e+00  2.44650298e+00 
 5.21140000e-10  1.77351274e+00  1.82648726e+00  2.50613880e+00  2.44549947e+00 
 5.21640000e-10  1.77289009e+00  1.82710991e+00  2.50713777e+00  2.44449677e+00 
 5.22140000e-10  1.77226770e+00  1.82773230e+00  2.50813617e+00  2.44349489e+00 
 5.22640000e-10  1.77164559e+00  1.82835441e+00  2.50913400e+00  2.44249386e+00 
 5.23140000e-10  1.77102376e+00  1.82897624e+00  2.51013122e+00  2.44149370e+00 
 5.23640000e-10  1.77040221e+00  1.82959779e+00  2.51112781e+00  2.44049443e+00 
 5.24140000e-10  1.76978096e+00  1.83021904e+00  2.51212374e+00  2.43949606e+00 
 5.24640000e-10  1.76916001e+00  1.83083999e+00  2.51311899e+00  2.43849862e+00 
 5.25140000e-10  1.76853936e+00  1.83146064e+00  2.51411354e+00  2.43750213e+00 
 5.25640000e-10  1.76791902e+00  1.83208098e+00  2.51510735e+00  2.43650661e+00 
 5.26140000e-10  1.76729899e+00  1.83270101e+00  2.51610040e+00  2.43551207e+00 
 5.26640000e-10  1.76667929e+00  1.83332071e+00  2.51709266e+00  2.43451853e+00 
 5.27140000e-10  1.76605992e+00  1.83394008e+00  2.51808412e+00  2.43352602e+00 
 5.27640000e-10  1.76544088e+00  1.83455912e+00  2.51907473e+00  2.43253456e+00 
 5.28140000e-10  1.76482219e+00  1.83517781e+00  2.52006448e+00  2.43154416e+00 
 5.28640000e-10  1.76420384e+00  1.83579616e+00  2.52105333e+00  2.43055485e+00 
 5.29140000e-10  1.76358584e+00  1.83641416e+00  2.52204127e+00  2.42956663e+00 
 5.29640000e-10  1.76296821e+00  1.83703179e+00  2.52302826e+00  2.42857954e+00 
 5.30140000e-10  1.76235094e+00  1.83764906e+00  2.52401427e+00  2.42759359e+00 
 5.30640000e-10  1.76173404e+00  1.83826596e+00  2.52499929e+00  2.42660880e+00 
 5.31140000e-10  1.76111752e+00  1.83888248e+00  2.52598327e+00  2.42562519e+00 
 5.31640000e-10  1.76050138e+00  1.83949862e+00  2.52696619e+00  2.42464279e+00 
 5.32140000e-10  1.75988563e+00  1.84011437e+00  2.52794803e+00  2.42366160e+00 
 5.32640000e-10  1.75927028e+00  1.84072972e+00  2.52892876e+00  2.42268165e+00 
 5.33140000e-10  1.75865533e+00  1.84134467e+00  2.52990834e+00  2.42170296e+00 
 5.33640000e-10  1.75804079e+00  1.84195921e+00  2.53088676e+00  2.42072555e+00 
 5.34140000e-10  1.75742666e+00  1.84257334e+00  2.53186397e+00  2.41974943e+00 
 5.34640000e-10  1.75681296e+00  1.84318704e+00  2.53283997e+00  2.41877464e+00 
 5.35140000e-10  1.75619968e+00  1.84380032e+00  2.53381470e+00  2.41780119e+00 
 5.35640000e-10  1.75558683e+00  1.84441317e+00  2.53478816e+00  2.41682909e+00 
 5.36140000e-10  1.75497442e+00  1.84502558e+00  2.53576031e+00  2.41585838e+00 
 5.36640000e-10  1.75436245e+00  1.84563755e+00  2.53673112e+00  2.41488907e+00 
 5.37140000e-10  1.75375094e+00  1.84624906e+00  2.53770056e+00  2.41392117e+00 
 5.37640000e-10  1.75313988e+00  1.84686012e+00  2.53866861e+00  2.41295473e+00 
 5.38140000e-10  1.75252928e+00  1.84747072e+00  2.53963523e+00  2.41198974e+00 
 5.38640000e-10  1.75191915e+00  1.84808085e+00  2.54060041e+00  2.41102624e+00 
 5.39140000e-10  1.75130950e+00  1.84869050e+00  2.54156410e+00  2.41006424e+00 
 5.39640000e-10  1.75070033e+00  1.84929967e+00  2.54252629e+00  2.40910377e+00 
 5.40140000e-10  1.75009164e+00  1.84990836e+00  2.54348694e+00  2.40814485e+00 
 5.40640000e-10  1.74948345e+00  1.85051655e+00  2.54444602e+00  2.40718750e+00 
 5.41140000e-10  1.74887575e+00  1.85112425e+00  2.54540352e+00  2.40623175e+00 
 5.41640000e-10  1.74826856e+00  1.85173144e+00  2.54635939e+00  2.40527761e+00 
 5.42140000e-10  1.74766188e+00  1.85233812e+00  2.54731362e+00  2.40432511e+00 
 5.42640000e-10  1.74705572e+00  1.85294428e+00  2.54826616e+00  2.40337426e+00 
 5.43140000e-10  1.74645008e+00  1.85354992e+00  2.54921701e+00  2.40242511e+00 
 5.43640000e-10  1.74584496e+00  1.85415504e+00  2.55016611e+00  2.40147765e+00 
 5.44140000e-10  1.74524039e+00  1.85475961e+00  2.55111346e+00  2.40053193e+00 
 5.44640000e-10  1.74463635e+00  1.85536365e+00  2.55205902e+00  2.39958796e+00 
 5.45140000e-10  1.74403286e+00  1.85596714e+00  2.55300276e+00  2.39864577e+00 
 5.45640000e-10  1.74342992e+00  1.85657008e+00  2.55394465e+00  2.39770537e+00 
 5.46140000e-10  1.74282754e+00  1.85717246e+00  2.55488467e+00  2.39676681e+00 
 5.46640000e-10  1.74222572e+00  1.85777428e+00  2.55582279e+00  2.39583009e+00 
 5.47140000e-10  1.74162448e+00  1.85837552e+00  2.55675898e+00  2.39489524e+00 
 5.47640000e-10  1.74102381e+00  1.85897619e+00  2.55769321e+00  2.39396229e+00 
 5.48140000e-10  1.74042372e+00  1.85957628e+00  2.55862545e+00  2.39303126e+00 
 5.48640000e-10  1.73982422e+00  1.86017578e+00  2.55955567e+00  2.39210219e+00 
 5.49140000e-10  1.73922531e+00  1.86077469e+00  2.56048385e+00  2.39117508e+00 
 5.49640000e-10  1.73862701e+00  1.86137299e+00  2.56140996e+00  2.39024998e+00 
 5.50140000e-10  1.73802931e+00  1.86197069e+00  2.56233397e+00  2.38932689e+00 
 5.50640000e-10  1.73743222e+00  1.86256778e+00  2.56325585e+00  2.38840586e+00 
 5.51140000e-10  1.73683575e+00  1.86316425e+00  2.56417557e+00  2.38748691e+00 
 5.51640000e-10  1.73623990e+00  1.86376010e+00  2.56509311e+00  2.38657005e+00 
 5.52140000e-10  1.73564468e+00  1.86435532e+00  2.56600843e+00  2.38565533e+00 
 5.52640000e-10  1.73505010e+00  1.86494990e+00  2.56692151e+00  2.38474277e+00 
 5.53140000e-10  1.73445616e+00  1.86554384e+00  2.56783231e+00  2.38383238e+00 
 5.53640000e-10  1.73386286e+00  1.86613714e+00  2.56874082e+00  2.38292421e+00 
 5.54140000e-10  1.73327022e+00  1.86672978e+00  2.56964699e+00  2.38201828e+00 
 5.54640000e-10  1.73267823e+00  1.86732177e+00  2.57055081e+00  2.38111461e+00 
 5.55140000e-10  1.73208691e+00  1.86791309e+00  2.57145223e+00  2.38021323e+00 
 5.55640000e-10  1.73149626e+00  1.86850374e+00  2.57235124e+00  2.37931418e+00 
 5.56140000e-10  1.73090629e+00  1.86909371e+00  2.57324781e+00  2.37841747e+00 
 5.56640000e-10  1.73031700e+00  1.86968300e+00  2.57414190e+00  2.37752315e+00 
 5.57140000e-10  1.72972840e+00  1.87027160e+00  2.57503348e+00  2.37663123e+00 
 5.57640000e-10  1.72914049e+00  1.87085951e+00  2.57592252e+00  2.37574175e+00 
 5.58140000e-10  1.72855328e+00  1.87144672e+00  2.57680901e+00  2.37485473e+00 
 5.58640000e-10  1.72796677e+00  1.87203323e+00  2.57769289e+00  2.37397021e+00 
 5.59140000e-10  1.72738098e+00  1.87261902e+00  2.57857415e+00  2.37308821e+00 
 5.59640000e-10  1.72679590e+00  1.87320410e+00  2.57945276e+00  2.37220876e+00 
 5.60140000e-10  1.72621154e+00  1.87378846e+00  2.58032868e+00  2.37133190e+00 
 5.60640000e-10  1.72562792e+00  1.87437208e+00  2.58120188e+00  2.37045766e+00 
 5.61140000e-10  1.72504502e+00  1.87495498e+00  2.58207233e+00  2.36958605e+00 
 5.61640000e-10  1.72446287e+00  1.87553713e+00  2.58294001e+00  2.36871713e+00 
 5.62140000e-10  1.72388146e+00  1.87611854e+00  2.58380487e+00  2.36785090e+00 
 5.62640000e-10  1.72330081e+00  1.87669919e+00  2.58466690e+00  2.36698742e+00 
 5.63140000e-10  1.72272091e+00  1.87727909e+00  2.58552605e+00  2.36612670e+00 
 5.63640000e-10  1.72214177e+00  1.87785823e+00  2.58638230e+00  2.36526878e+00 
 5.64140000e-10  1.72156340e+00  1.87843660e+00  2.58723561e+00  2.36441369e+00 
 5.64640000e-10  1.72098581e+00  1.87901419e+00  2.58808596e+00  2.36356147e+00 
 5.65140000e-10  1.72040899e+00  1.87959101e+00  2.58893331e+00  2.36271214e+00 
 5.65640000e-10  1.71983296e+00  1.88016704e+00  2.58977762e+00  2.36186574e+00 
 5.66140000e-10  1.71925773e+00  1.88074227e+00  2.59061887e+00  2.36102229e+00 
 5.66640000e-10  1.71868329e+00  1.88131671e+00  2.59145702e+00  2.36018184e+00 
 5.67140000e-10  1.71810965e+00  1.88189035e+00  2.59229204e+00  2.35934442e+00 
 5.67640000e-10  1.71753682e+00  1.88246318e+00  2.59312390e+00  2.35851005e+00 
 5.68140000e-10  1.71696480e+00  1.88303520e+00  2.59395256e+00  2.35767877e+00 
 5.68640000e-10  1.71639361e+00  1.88360639e+00  2.59477799e+00  2.35685062e+00 
 5.69140000e-10  1.71582323e+00  1.88417677e+00  2.59560015e+00  2.35602563e+00 
 5.69640000e-10  1.71525369e+00  1.88474631e+00  2.59641902e+00  2.35520383e+00 
 5.70140000e-10  1.71468499e+00  1.88531501e+00  2.59723455e+00  2.35438526e+00 
 5.70640000e-10  1.71411713e+00  1.88588287e+00  2.59804672e+00  2.35356994e+00 
 5.71140000e-10  1.71355011e+00  1.88644989e+00  2.59885548e+00  2.35275793e+00 
 5.71640000e-10  1.71298395e+00  1.88701605e+00  2.59966081e+00  2.35194924e+00 
 5.72140000e-10  1.71241865e+00  1.88758135e+00  2.60046267e+00  2.35114392e+00 
 5.72640000e-10  1.71185421e+00  1.88814579e+00  2.60126102e+00  2.35034200e+00 
 5.73140000e-10  1.71129064e+00  1.88870936e+00  2.60205582e+00  2.34954351e+00 
 5.73640000e-10  1.71072795e+00  1.88927205e+00  2.60284705e+00  2.34874850e+00 
 5.74140000e-10  1.71016614e+00  1.88983386e+00  2.60363467e+00  2.34795699e+00 
 5.74640000e-10  1.70960521e+00  1.89039479e+00  2.60441863e+00  2.34716902e+00 
 5.75140000e-10  1.70904518e+00  1.89095482e+00  2.60519891e+00  2.34638464e+00 
 5.75640000e-10  1.70848605e+00  1.89151395e+00  2.60597546e+00  2.34560386e+00 
 5.76140000e-10  1.70792781e+00  1.89207219e+00  2.60674826e+00  2.34482674e+00 
 5.76640000e-10  1.70737049e+00  1.89262951e+00  2.60751726e+00  2.34405331e+00 
 5.77140000e-10  1.70681408e+00  1.89318592e+00  2.60828243e+00  2.34328360e+00 
 5.77640000e-10  1.70625859e+00  1.89374141e+00  2.60904372e+00  2.34251765e+00 
 5.78140000e-10  1.70570403e+00  1.89429597e+00  2.60980111e+00  2.34175550e+00 
 5.78640000e-10  1.70515040e+00  1.89484960e+00  2.61055455e+00  2.34099719e+00 
 5.79140000e-10  1.70459770e+00  1.89540230e+00  2.61130401e+00  2.34024275e+00 
 5.79640000e-10  1.70404594e+00  1.89595406e+00  2.61204945e+00  2.33949222e+00 
 5.80140000e-10  1.70349513e+00  1.89650487e+00  2.61279083e+00  2.33874564e+00 
 5.80640000e-10  1.70294528e+00  1.89705472e+00  2.61352811e+00  2.33800305e+00 
 5.81140000e-10  1.70239638e+00  1.89760362e+00  2.61426125e+00  2.33726448e+00 
 5.81640000e-10  1.70184845e+00  1.89815155e+00  2.61499023e+00  2.33652997e+00 
 5.82140000e-10  1.70130148e+00  1.89869852e+00  2.61571498e+00  2.33579956e+00 
 5.82640000e-10  1.70075549e+00  1.89924451e+00  2.61643549e+00  2.33507330e+00 
 5.83140000e-10  1.70021047e+00  1.89978953e+00  2.61715171e+00  2.33435121e+00 
 5.83640000e-10  1.69966645e+00  1.90033355e+00  2.61786360e+00  2.33363333e+00 
 5.84140000e-10  1.69912341e+00  1.90087659e+00  2.61857112e+00  2.33291971e+00 
 5.84640000e-10  1.69858137e+00  1.90141863e+00  2.61927423e+00  2.33221038e+00 
 5.85140000e-10  1.69804033e+00  1.90195967e+00  2.61997290e+00  2.33150539e+00 
 5.85640000e-10  1.69750029e+00  1.90249971e+00  2.62066708e+00  2.33080476e+00 
 5.86140000e-10  1.69696127e+00  1.90303873e+00  2.62135674e+00  2.33010854e+00 
 5.86640000e-10  1.69642326e+00  1.90357674e+00  2.62204184e+00  2.32941677e+00 
 5.87140000e-10  1.69588628e+00  1.90411372e+00  2.62272233e+00  2.32872949e+00 
 5.87640000e-10  1.69535032e+00  1.90464968e+00  2.62339818e+00  2.32804673e+00 
 5.88140000e-10  1.69481540e+00  1.90518460e+00  2.62406935e+00  2.32736854e+00 
 5.88640000e-10  1.69428151e+00  1.90571849e+00  2.62473581e+00  2.32669494e+00 
 5.89140000e-10  1.69374867e+00  1.90625133e+00  2.62539750e+00  2.32602599e+00 
 5.89640000e-10  1.69321688e+00  1.90678312e+00  2.62605440e+00  2.32536172e+00 
 5.90140000e-10  1.69268614e+00  1.90731386e+00  2.62670646e+00  2.32470216e+00 
 5.90640000e-10  1.69215646e+00  1.90784354e+00  2.62735365e+00  2.32404737e+00 
 5.91140000e-10  1.69162784e+00  1.90837216e+00  2.62799592e+00  2.32339736e+00 
 5.91640000e-10  1.69110030e+00  1.90889970e+00  2.62863325e+00  2.32275219e+00 
 5.92140000e-10  1.69057383e+00  1.90942617e+00  2.62926559e+00  2.32211188e+00 
 5.92640000e-10  1.69004844e+00  1.90995156e+00  2.62989290e+00  2.32147649e+00 
 5.93140000e-10  1.68952413e+00  1.91047587e+00  2.63051515e+00  2.32084603e+00 
 5.93640000e-10  1.68900091e+00  1.91099909e+00  2.63113229e+00  2.32022056e+00 
 5.94140000e-10  1.68847879e+00  1.91152121e+00  2.63174431e+00  2.31960010e+00 
 5.94640000e-10  1.68795777e+00  1.91204223e+00  2.63235114e+00  2.31898470e+00 
 5.95140000e-10  1.68743786e+00  1.91256214e+00  2.63295277e+00  2.31837439e+00 
 5.95640000e-10  1.68691906e+00  1.91308094e+00  2.63354916e+00  2.31776921e+00 
 5.96140000e-10  1.68640137e+00  1.91359863e+00  2.63414026e+00  2.31716918e+00 
 5.96640000e-10  1.68588481e+00  1.91411519e+00  2.63472606e+00  2.31657435e+00 
 5.97140000e-10  1.68536937e+00  1.91463063e+00  2.63530650e+00  2.31598475e+00 
 5.97640000e-10  1.68485506e+00  1.91514494e+00  2.63588156e+00  2.31540041e+00 
 5.98140000e-10  1.68434189e+00  1.91565811e+00  2.63645121e+00  2.31482136e+00 
 5.98640000e-10  1.68382986e+00  1.91617014e+00  2.63701541e+00  2.31424765e+00 
 5.99140000e-10  1.68331897e+00  1.91668103e+00  2.63757414e+00  2.31367929e+00 
 5.99640000e-10  1.68280924e+00  1.91719076e+00  2.63812736e+00  2.31311633e+00 
 6.00140000e-10  1.68230067e+00  1.91769933e+00  2.63867503e+00  2.31255878e+00 
 6.00640000e-10  1.68179325e+00  1.91820675e+00  2.63921715e+00  2.31200669e+00 
 6.01140000e-10  1.68128700e+00  1.91871300e+00  2.63975366e+00  2.31146008e+00 
 6.01640000e-10  1.68078193e+00  1.91921807e+00  2.64028456e+00  2.31091898e+00 
 6.02140000e-10  1.68027803e+00  1.91972197e+00  2.64080980e+00  2.31038341e+00 
 6.02640000e-10  1.67977531e+00  1.92022469e+00  2.64132937e+00  2.30985340e+00 
 6.03140000e-10  1.67927378e+00  1.92072622e+00  2.64184324e+00  2.30932899e+00 
 6.03640000e-10  1.67877344e+00  1.92122656e+00  2.64235139e+00  2.30881018e+00 
 6.04140000e-10  1.67827430e+00  1.92172570e+00  2.64285380e+00  2.30829701e+00 
 6.04640000e-10  1.67777636e+00  1.92222364e+00  2.64335044e+00  2.30778949e+00 
 6.05140000e-10  1.67727963e+00  1.92272037e+00  2.64384129e+00  2.30728765e+00 
 6.05640000e-10  1.67678410e+00  1.92321590e+00  2.64432634e+00  2.30679151e+00 
 6.06140000e-10  1.67628979e+00  1.92371021e+00  2.64480557e+00  2.30630109e+00 
 6.06640000e-10  1.67579671e+00  1.92420329e+00  2.64527897e+00  2.30581640e+00 
 6.07140000e-10  1.67530485e+00  1.92469515e+00  2.64574651e+00  2.30533746e+00 
 6.07640000e-10  1.67481422e+00  1.92518578e+00  2.64620819e+00  2.30486429e+00 
 6.08140000e-10  1.67432482e+00  1.92567518e+00  2.64666399e+00  2.30439690e+00 
 6.08640000e-10  1.67383667e+00  1.92616333e+00  2.64711391e+00  2.30393529e+00 
 6.09140000e-10  1.67334976e+00  1.92665024e+00  2.64755793e+00  2.30347949e+00 
 6.09640000e-10  1.67286410e+00  1.92713590e+00  2.64799605e+00  2.30302950e+00 
 6.10140000e-10  1.67237970e+00  1.92762030e+00  2.64842826e+00  2.30258532e+00 
 6.10640000e-10  1.67189655e+00  1.92810345e+00  2.64885457e+00  2.30214697e+00 
 6.11140000e-10  1.67141467e+00  1.92858533e+00  2.64927496e+00  2.30171445e+00 
 6.11640000e-10  1.67093406e+00  1.92906594e+00  2.64968943e+00  2.30128776e+00 
 6.12140000e-10  1.67045472e+00  1.92954528e+00  2.65009800e+00  2.30086690e+00 
 6.12640000e-10  1.66997666e+00  1.93002334e+00  2.65050066e+00  2.30045187e+00 
 6.13140000e-10  1.66949989e+00  1.93050011e+00  2.65089741e+00  2.30004267e+00 
 6.13640000e-10  1.66902440e+00  1.93097560e+00  2.65128827e+00  2.29963930e+00 
 6.14140000e-10  1.66855020e+00  1.93144980e+00  2.65167324e+00  2.29924174e+00 
 6.14640000e-10  1.66807731e+00  1.93192269e+00  2.65205233e+00  2.29885000e+00 
 6.15140000e-10  1.66760571e+00  1.93239429e+00  2.65242556e+00  2.29846406e+00 
 6.15640000e-10  1.66713542e+00  1.93286458e+00  2.65279293e+00  2.29808391e+00 
 6.16140000e-10  1.66666645e+00  1.93333355e+00  2.65315448e+00  2.29770954e+00 
 6.16640000e-10  1.66619878e+00  1.93380122e+00  2.65351020e+00  2.29734093e+00 
 6.17140000e-10  1.66573244e+00  1.93426756e+00  2.65386013e+00  2.29697807e+00 
 6.17640000e-10  1.66526743e+00  1.93473257e+00  2.65420429e+00  2.29662093e+00 
 6.18140000e-10  1.66480374e+00  1.93519626e+00  2.65454270e+00  2.29626950e+00 
 6.18640000e-10  1.66434139e+00  1.93565861e+00  2.65487538e+00  2.29592376e+00 
 6.19140000e-10  1.66388038e+00  1.93611962e+00  2.65520236e+00  2.29558368e+00 
 6.19640000e-10  1.66342071e+00  1.93657929e+00  2.65552368e+00  2.29524923e+00 
 6.20140000e-10  1.66296238e+00  1.93703762e+00  2.65583936e+00  2.29492039e+00 
 6.20640000e-10  1.66250542e+00  1.93749458e+00  2.65614944e+00  2.29459712e+00 
 6.21140000e-10  1.66204980e+00  1.93795020e+00  2.65645395e+00  2.29427940e+00 
 6.21640000e-10  1.66159555e+00  1.93840445e+00  2.65675293e+00  2.29396719e+00 
 6.22140000e-10  1.66114267e+00  1.93885733e+00  2.65704642e+00  2.29366046e+00 
 6.22640000e-10  1.66069116e+00  1.93930884e+00  2.65733445e+00  2.29335917e+00 
 6.23140000e-10  1.66024102e+00  1.93975898e+00  2.65761708e+00  2.29306329e+00 
 6.23640000e-10  1.65979226e+00  1.94020774e+00  2.65789434e+00  2.29277276e+00 
 6.24140000e-10  1.65934488e+00  1.94065512e+00  2.65816627e+00  2.29248756e+00 
 6.24640000e-10  1.65889889e+00  1.94110111e+00  2.65843294e+00  2.29220763e+00 
 6.25140000e-10  1.65845430e+00  1.94154570e+00  2.65869437e+00  2.29193294e+00 
 6.25640000e-10  1.65801110e+00  1.94198890e+00  2.65895063e+00  2.29166343e+00 
 6.26140000e-10  1.65756930e+00  1.94243070e+00  2.65920176e+00  2.29139906e+00 
 6.26640000e-10  1.65712891e+00  1.94287109e+00  2.65944783e+00  2.29113978e+00 
 6.27140000e-10  1.65668993e+00  1.94331007e+00  2.65968887e+00  2.29088554e+00 
 6.27640000e-10  1.65625236e+00  1.94374764e+00  2.65992495e+00  2.29063629e+00 
 6.28140000e-10  1.65581622e+00  1.94418378e+00  2.66015612e+00  2.29039197e+00 
 6.28640000e-10  1.65538149e+00  1.94461851e+00  2.66038244e+00  2.29015253e+00 
 6.29140000e-10  1.65494819e+00  1.94505181e+00  2.66060397e+00  2.28991792e+00 
 6.29640000e-10  1.65451633e+00  1.94548367e+00  2.66082076e+00  2.28968807e+00 
 6.30140000e-10  1.65408590e+00  1.94591410e+00  2.66103289e+00  2.28946294e+00 
 6.30640000e-10  1.65365691e+00  1.94634309e+00  2.66124041e+00  2.28924246e+00 
 6.31140000e-10  1.65322936e+00  1.94677064e+00  2.66144337e+00  2.28902657e+00 
 6.31640000e-10  1.65280327e+00  1.94719673e+00  2.66164186e+00  2.28881522e+00 
 6.32140000e-10  1.65237862e+00  1.94762138e+00  2.66183592e+00  2.28860834e+00 
 6.32640000e-10  1.65195544e+00  1.94804456e+00  2.66202562e+00  2.28840587e+00 
 6.33140000e-10  1.65153371e+00  1.94846629e+00  2.66221103e+00  2.28820775e+00 
 6.33640000e-10  1.65111345e+00  1.94888655e+00  2.66239222e+00  2.28801392e+00 
 6.34140000e-10  1.65069466e+00  1.94930534e+00  2.66256924e+00  2.28782431e+00 
 6.34640000e-10  1.65027734e+00  1.94972266e+00  2.66274216e+00  2.28763886e+00 
 6.35140000e-10  1.64986150e+00  1.95013850e+00  2.66291106e+00  2.28745751e+00 
 6.35640000e-10  1.64944714e+00  1.95055286e+00  2.66307599e+00  2.28728019e+00 
 6.36140000e-10  1.64903427e+00  1.95096573e+00  2.66323703e+00  2.28710683e+00 
 6.36640000e-10  1.64862289e+00  1.95137711e+00  2.66339424e+00  2.28693738e+00 
 6.37140000e-10  1.64821300e+00  1.95178700e+00  2.66354768e+00  2.28677177e+00 
 6.37640000e-10  1.64780461e+00  1.95219539e+00  2.66369743e+00  2.28660993e+00 
 6.38140000e-10  1.64739772e+00  1.95260228e+00  2.66384355e+00  2.28645179e+00 
 6.38640000e-10  1.64699234e+00  1.95300766e+00  2.66398611e+00  2.28629730e+00 
 6.39140000e-10  1.64658847e+00  1.95341153e+00  2.66412517e+00  2.28614639e+00 
 6.39640000e-10  1.64618611e+00  1.95381389e+00  2.66426081e+00  2.28599899e+00 
 6.40140000e-10  1.64578527e+00  1.95421473e+00  2.66439308e+00  2.28585503e+00 
 6.40640000e-10  1.64538595e+00  1.95461405e+00  2.66452205e+00  2.28571446e+00 
 6.41140000e-10  1.64498816e+00  1.95501184e+00  2.66464779e+00  2.28557722e+00 
 6.41640000e-10  1.64459190e+00  1.95540810e+00  2.66477036e+00  2.28544322e+00 
 6.42140000e-10  1.64419717e+00  1.95580283e+00  2.66488982e+00  2.28531242e+00 
 6.42640000e-10  1.64380398e+00  1.95619602e+00  2.66500625e+00  2.28518475e+00 
 6.43140000e-10  1.64341233e+00  1.95658767e+00  2.66511970e+00  2.28506015e+00 
 6.43640000e-10  1.64302223e+00  1.95697777e+00  2.66523024e+00  2.28493855e+00 
 6.44140000e-10  1.64263367e+00  1.95736633e+00  2.66533793e+00  2.28481990e+00 
 6.44640000e-10  1.64224667e+00  1.95775333e+00  2.66544283e+00  2.28470413e+00 
 6.45140000e-10  1.64186123e+00  1.95813877e+00  2.66554500e+00  2.28459119e+00 
 6.45640000e-10  1.64147735e+00  1.95852265e+00  2.66564450e+00  2.28448100e+00 
 6.46140000e-10  1.64109503e+00  1.95890497e+00  2.66574139e+00  2.28437352e+00 
 6.46640000e-10  1.64071428e+00  1.95928572e+00  2.66583574e+00  2.28426869e+00 
 6.47140000e-10  1.64033510e+00  1.95966490e+00  2.66592759e+00  2.28416644e+00 
 6.47640000e-10  1.63995750e+00  1.96004250e+00  2.66601701e+00  2.28406673e+00 
 6.48140000e-10  1.63958148e+00  1.96041852e+00  2.66610405e+00  2.28396949e+00 
 6.48640000e-10  1.63920704e+00  1.96079296e+00  2.66618876e+00  2.28387466e+00 
 6.49140000e-10  1.63883418e+00  1.96116582e+00  2.66627121e+00  2.28378221e+00 
 6.49640000e-10  1.63846292e+00  1.96153708e+00  2.66635145e+00  2.28369206e+00 
 6.50140000e-10  1.63809326e+00  1.96190674e+00  2.66642953e+00  2.28360417e+00 
 6.50640000e-10  1.63772519e+00  1.96227481e+00  2.66650550e+00  2.28351849e+00 
 6.51140000e-10  1.63735872e+00  1.96264128e+00  2.66657941e+00  2.28343496e+00 
 6.51640000e-10  1.63699386e+00  1.96300614e+00  2.66665131e+00  2.28335353e+00 
 6.52140000e-10  1.63663060e+00  1.96336940e+00  2.66672126e+00  2.28327416e+00 
 6.52640000e-10  1.63626896e+00  1.96373104e+00  2.66678930e+00  2.28319679e+00 
 6.53140000e-10  1.63590893e+00  1.96409107e+00  2.66685549e+00  2.28312138e+00 
 6.53640000e-10  1.63555053e+00  1.96444947e+00  2.66691986e+00  2.28304787e+00 
 6.54140000e-10  1.63519375e+00  1.96480625e+00  2.66698246e+00  2.28297623e+00 
 6.54640000e-10  1.63483859e+00  1.96516141e+00  2.66704334e+00  2.28290641e+00 
 6.55140000e-10  1.63448506e+00  1.96551494e+00  2.66710255e+00  2.28283836e+00 
 6.55640000e-10  1.63413317e+00  1.96586683e+00  2.66716012e+00  2.28277204e+00 
 6.56140000e-10  1.63378291e+00  1.96621709e+00  2.66721610e+00  2.28270741e+00 
 6.56640000e-10  1.63343430e+00  1.96656570e+00  2.66727053e+00  2.28264442e+00 
 6.57140000e-10  1.63308733e+00  1.96691267e+00  2.66732345e+00  2.28258303e+00 
 6.57640000e-10  1.63274200e+00  1.96725800e+00  2.66737490e+00  2.28252320e+00 
 6.58140000e-10  1.63239833e+00  1.96760167e+00  2.66742492e+00  2.28246490e+00 
 6.58640000e-10  1.63205631e+00  1.96794369e+00  2.66747355e+00  2.28240809e+00 
 6.59140000e-10  1.63171595e+00  1.96828405e+00  2.66752083e+00  2.28235272e+00 
 6.59640000e-10  1.63137725e+00  1.96862275e+00  2.66756679e+00  2.28229876e+00 
 6.60140000e-10  1.63104021e+00  1.96895979e+00  2.66761147e+00  2.28224617e+00 
 6.60640000e-10  1.63070484e+00  1.96929516e+00  2.66765490e+00  2.28219492e+00 
 6.61140000e-10  1.63037115e+00  1.96962885e+00  2.66769712e+00  2.28214498e+00 
 6.61640000e-10  1.63003912e+00  1.96996088e+00  2.66773816e+00  2.28209631e+00 
 6.62140000e-10  1.62970878e+00  1.97029122e+00  2.66777805e+00  2.28204887e+00 
 6.62640000e-10  1.62938011e+00  1.97061989e+00  2.66781682e+00  2.28200264e+00 
 6.63140000e-10  1.62905313e+00  1.97094687e+00  2.66785451e+00  2.28195759e+00 
 6.63640000e-10  1.62872783e+00  1.97127217e+00  2.66789115e+00  2.28191367e+00 
 6.64140000e-10  1.62840423e+00  1.97159577e+00  2.66792676e+00  2.28187087e+00 
 6.64640000e-10  1.62808232e+00  1.97191768e+00  2.66796138e+00  2.28182916e+00 
 6.65140000e-10  1.62776211e+00  1.97223789e+00  2.66799502e+00  2.28178850e+00 
 6.65640000e-10  1.62744359e+00  1.97255641e+00  2.66802773e+00  2.28174887e+00 
 6.66140000e-10  1.62712678e+00  1.97287322e+00  2.66805952e+00  2.28171024e+00 
 6.66640000e-10  1.62681168e+00  1.97318832e+00  2.66809043e+00  2.28167258e+00 
 6.67140000e-10  1.62649828e+00  1.97350172e+00  2.66812047e+00  2.28163587e+00 
 6.67640000e-10  1.62618660e+00  1.97381340e+00  2.66814967e+00  2.28160009e+00 
 6.68140000e-10  1.62587663e+00  1.97412337e+00  2.66817806e+00  2.28156521e+00 
 6.68640000e-10  1.62556838e+00  1.97443162e+00  2.66820566e+00  2.28153120e+00 
 6.69140000e-10  1.62526186e+00  1.97473814e+00  2.66823249e+00  2.28149805e+00 
 6.69640000e-10  1.62495705e+00  1.97504295e+00  2.66825858e+00  2.28146572e+00 
 6.70140000e-10  1.62465398e+00  1.97534602e+00  2.66828394e+00  2.28143420e+00 
 6.70640000e-10  1.62435263e+00  1.97564737e+00  2.66830860e+00  2.28140347e+00 
 6.71140000e-10  1.62405302e+00  1.97594698e+00  2.66833257e+00  2.28137351e+00 
 6.71640000e-10  1.62375515e+00  1.97624485e+00  2.66835588e+00  2.28134429e+00 
 6.72140000e-10  1.62345901e+00  1.97654099e+00  2.66837855e+00  2.28131580e+00 
 6.72640000e-10  1.62316462e+00  1.97683538e+00  2.66840060e+00  2.28128802e+00 
 6.73140000e-10  1.62287197e+00  1.97712803e+00  2.66842203e+00  2.28126092e+00 
 6.73640000e-10  1.62258107e+00  1.97741893e+00  2.66844288e+00  2.28123450e+00 
 6.74140000e-10  1.62229193e+00  1.97770807e+00  2.66846316e+00  2.28120873e+00 
 6.74640000e-10  1.62200453e+00  1.97799547e+00  2.66848289e+00  2.28118359e+00 
 6.75140000e-10  1.62171889e+00  1.97828111e+00  2.66850207e+00  2.28115907e+00 
 6.75640000e-10  1.62143502e+00  1.97856498e+00  2.66852074e+00  2.28113516e+00 
 6.76140000e-10  1.62115290e+00  1.97884710e+00  2.66853890e+00  2.28111184e+00 
 6.76640000e-10  1.62087255e+00  1.97912745e+00  2.66855657e+00  2.28108908e+00 
 6.77140000e-10  1.62059397e+00  1.97940603e+00  2.66857376e+00  2.28106689e+00 
 6.77640000e-10  1.62031716e+00  1.97968284e+00  2.66859049e+00  2.28104523e+00 
 6.78140000e-10  1.62004212e+00  1.97995788e+00  2.66860677e+00  2.28102411e+00 
 6.78640000e-10  1.61976886e+00  1.98023114e+00  2.66862262e+00  2.28100350e+00 
 6.79140000e-10  1.61949737e+00  1.98050263e+00  2.66863804e+00  2.28098340e+00 
 6.79640000e-10  1.61922767e+00  1.98077233e+00  2.66865306e+00  2.28096378e+00 
 6.80140000e-10  1.61895975e+00  1.98104025e+00  2.66866768e+00  2.28094464e+00 
 6.80640000e-10  1.61869362e+00  1.98130638e+00  2.66868192e+00  2.28092597e+00 
 6.81140000e-10  1.61842928e+00  1.98157072e+00  2.66869578e+00  2.28090775e+00 
 6.81640000e-10  1.61816673e+00  1.98183327e+00  2.66870929e+00  2.28088997e+00 
 6.82140000e-10  1.61790598e+00  1.98209402e+00  2.66872244e+00  2.28087262e+00 
 6.82640000e-10  1.61764702e+00  1.98235298e+00  2.66873525e+00  2.28085570e+00 
 6.83140000e-10  1.61738986e+00  1.98261014e+00  2.66874774e+00  2.28083918e+00 
 6.83640000e-10  1.61713450e+00  1.98286550e+00  2.66875990e+00  2.28082306e+00 
 6.84140000e-10  1.61688095e+00  1.98311905e+00  2.66877176e+00  2.28080733e+00 
 6.84640000e-10  1.61662921e+00  1.98337079e+00  2.66878332e+00  2.28079199e+00 
 6.85140000e-10  1.61637928e+00  1.98362072e+00  2.66879458e+00  2.28077701e+00 
 6.85640000e-10  1.61613115e+00  1.98386885e+00  2.66880557e+00  2.28076239e+00 
 6.86140000e-10  1.61588485e+00  1.98411515e+00  2.66881628e+00  2.28074813e+00 
 6.86640000e-10  1.61564036e+00  1.98435964e+00  2.66882673e+00  2.28073422e+00 
 6.87140000e-10  1.61539769e+00  1.98460231e+00  2.66883693e+00  2.28072064e+00 
 6.87640000e-10  1.61515684e+00  1.98484316e+00  2.66884687e+00  2.28070739e+00 
 6.88140000e-10  1.61491782e+00  1.98508218e+00  2.66885658e+00  2.28069446e+00 
 6.88640000e-10  1.61468062e+00  1.98531938e+00  2.66886605e+00  2.28068184e+00 
 6.89140000e-10  1.61444525e+00  1.98555475e+00  2.66887530e+00  2.28066953e+00 
 6.89640000e-10  1.61421171e+00  1.98578829e+00  2.66888433e+00  2.28065752e+00 
 6.90140000e-10  1.61398001e+00  1.98601999e+00  2.66889316e+00  2.28064580e+00 
 6.90640000e-10  1.61375014e+00  1.98624986e+00  2.66890177e+00  2.28063437e+00 
 6.91140000e-10  1.61352211e+00  1.98647789e+00  2.66891019e+00  2.28062321e+00 
 6.91640000e-10  1.61329593e+00  1.98670407e+00  2.66891842e+00  2.28061233e+00 
 6.92140000e-10  1.61307158e+00  1.98692842e+00  2.66892646e+00  2.28060171e+00 
 6.92640000e-10  1.61284908e+00  1.98715092e+00  2.66893432e+00  2.28059135e+00 
 6.93140000e-10  1.61262843e+00  1.98737157e+00  2.66894200e+00  2.28058125e+00 
 6.93640000e-10  1.61240962e+00  1.98759038e+00  2.66894952e+00  2.28057139e+00 
 6.94140000e-10  1.61219267e+00  1.98780733e+00  2.66895688e+00  2.28056178e+00 
 6.94640000e-10  1.61197757e+00  1.98802243e+00  2.66896408e+00  2.28055240e+00 
 6.95140000e-10  1.61176433e+00  1.98823567e+00  2.66897112e+00  2.28054326e+00 
 6.95640000e-10  1.61155294e+00  1.98844706e+00  2.66897801e+00  2.28053434e+00 
 6.96140000e-10  1.61134341e+00  1.98865659e+00  2.66898477e+00  2.28052565e+00 
 6.96640000e-10  1.61113575e+00  1.98886425e+00  2.66899138e+00  2.28051717e+00 
 6.97140000e-10  1.61092995e+00  1.98907005e+00  2.66899785e+00  2.28050890e+00 
 6.97640000e-10  1.61072601e+00  1.98927399e+00  2.66900420e+00  2.28050084e+00 
 6.98140000e-10  1.61052395e+00  1.98947605e+00  2.66901042e+00  2.28049298e+00 
 6.98640000e-10  1.61032375e+00  1.98967625e+00  2.66901652e+00  2.28048532e+00 
 6.99140000e-10  1.61012543e+00  1.98987457e+00  2.66902249e+00  2.28047786e+00 
 6.99640000e-10  1.60992898e+00  1.99007102e+00  2.66902835e+00  2.28047058e+00 
 7.00140000e-10  1.60973441e+00  1.99026559e+00  2.66903410e+00  2.28046349e+00 
 7.00640000e-10  1.60954171e+00  1.99045829e+00  2.66903974e+00  2.28045657e+00 
 7.01140000e-10  1.60935089e+00  1.99064911e+00  2.66904527e+00  2.28044984e+00 
 7.01640000e-10  1.60916196e+00  1.99083804e+00  2.66905070e+00  2.28044328e+00 
 7.02140000e-10  1.60897491e+00  1.99102509e+00  2.66905603e+00  2.28043688e+00 
 7.02640000e-10  1.60878974e+00  1.99121026e+00  2.66906127e+00  2.28043065e+00 
 7.03140000e-10  1.60860646e+00  1.99139354e+00  2.66906641e+00  2.28042459e+00 
 7.03640000e-10  1.60842507e+00  1.99157493e+00  2.66907145e+00  2.28041868e+00 
 7.04140000e-10  1.60824557e+00  1.99175443e+00  2.66907641e+00  2.28041292e+00 
 7.04640000e-10  1.60806797e+00  1.99193203e+00  2.66908128e+00  2.28040732e+00 
 7.05140000e-10  1.60789225e+00  1.99210775e+00  2.66908607e+00  2.28040186e+00 
 7.05640000e-10  1.60771844e+00  1.99228156e+00  2.66909077e+00  2.28039654e+00 
 7.06140000e-10  1.60754652e+00  1.99245348e+00  2.66909539e+00  2.28039137e+00 
 7.06640000e-10  1.60737650e+00  1.99262350e+00  2.66909994e+00  2.28038633e+00 
 7.07140000e-10  1.60720838e+00  1.99279162e+00  2.66910440e+00  2.28038143e+00 
 7.07640000e-10  1.60704217e+00  1.99295783e+00  2.66910880e+00  2.28037666e+00 
 7.08140000e-10  1.60687786e+00  1.99312214e+00  2.66911312e+00  2.28037202e+00 
 7.08640000e-10  1.60671545e+00  1.99328455e+00  2.66911737e+00  2.28036750e+00 
 7.09140000e-10  1.60655496e+00  1.99344504e+00  2.66912155e+00  2.28036311e+00 
 7.09640000e-10  1.60639637e+00  1.99360363e+00  2.66912566e+00  2.28035884e+00 
 7.10140000e-10  1.60623969e+00  1.99376031e+00  2.66912971e+00  2.28035468e+00 
 7.10640000e-10  1.60608493e+00  1.99391507e+00  2.66913369e+00  2.28035064e+00 
 7.11140000e-10  1.60593208e+00  1.99406792e+00  2.66913762e+00  2.28034671e+00 
 7.11640000e-10  1.60578114e+00  1.99421886e+00  2.66914148e+00  2.28034290e+00 
 7.12140000e-10  1.60563212e+00  1.99436788e+00  2.66914528e+00  2.28033919e+00 
 7.12640000e-10  1.60548502e+00  1.99451498e+00  2.66914902e+00  2.28033559e+00 
 7.13140000e-10  1.60533984e+00  1.99466016e+00  2.66915271e+00  2.28033209e+00 
 7.13640000e-10  1.60519658e+00  1.99480342e+00  2.66915634e+00  2.28032869e+00 
 7.14140000e-10  1.60505525e+00  1.99494475e+00  2.66915991e+00  2.28032539e+00 
 7.14640000e-10  1.60491583e+00  1.99508417e+00  2.66916344e+00  2.28032220e+00 
 7.15140000e-10  1.60477835e+00  1.99522165e+00  2.66916691e+00  2.28031909e+00 
 7.15640000e-10  1.60464278e+00  1.99535722e+00  2.66917033e+00  2.28031609e+00 
 7.16140000e-10  1.60450915e+00  1.99549085e+00  2.66917371e+00  2.28031317e+00 
 7.16640000e-10  1.60437745e+00  1.99562255e+00  2.66917703e+00  2.28031035e+00 
 7.17140000e-10  1.60424768e+00  1.99575232e+00  2.66918031e+00  2.28030762e+00 
 7.17640000e-10  1.60411984e+00  1.99588016e+00  2.66918355e+00  2.28030497e+00 
 7.18140000e-10  1.60399393e+00  1.99600607e+00  2.66918674e+00  2.28030242e+00 
 7.18640000e-10  1.60386996e+00  1.99613004e+00  2.66918989e+00  2.28029995e+00 
 7.19140000e-10  1.60374792e+00  1.99625208e+00  2.66919300e+00  2.28029756e+00 
 7.19640000e-10  1.60362782e+00  1.99637218e+00  2.66919608e+00  2.28029526e+00 
 7.20140000e-10  1.60350966e+00  1.99649034e+00  2.66919911e+00  2.28029304e+00 
 7.20640000e-10  1.60339344e+00  1.99660656e+00  2.66920210e+00  2.28029090e+00 
 7.21140000e-10  1.60327916e+00  1.99672084e+00  2.66920506e+00  2.28028885e+00 
 7.21640000e-10  1.60316682e+00  1.99683318e+00  2.66920798e+00  2.28028687e+00 
 7.22140000e-10  1.60305642e+00  1.99694358e+00  2.66921087e+00  2.28028497e+00 
 7.22640000e-10  1.60294796e+00  1.99705204e+00  2.66921373e+00  2.28028315e+00 
 7.23140000e-10  1.60284145e+00  1.99715855e+00  2.66921656e+00  2.28028141e+00 
 7.23640000e-10  1.60273689e+00  1.99726311e+00  2.66921935e+00  2.28027974e+00 
 7.24140000e-10  1.60263427e+00  1.99736573e+00  2.66922212e+00  2.28027815e+00 
 7.24640000e-10  1.60253361e+00  1.99746639e+00  2.66922486e+00  2.28027664e+00 
 7.25140000e-10  1.60243489e+00  1.99756511e+00  2.66922757e+00  2.28027519e+00 
 7.25640000e-10  1.60233812e+00  1.99766188e+00  2.66923026e+00  2.28027383e+00 
 7.26140000e-10  1.60224330e+00  1.99775670e+00  2.66923292e+00  2.28027253e+00 
 7.26640000e-10  1.60215043e+00  1.99784957e+00  2.66923556e+00  2.28027131e+00 
 7.27140000e-10  1.60205952e+00  1.99794048e+00  2.66923818e+00  2.28027017e+00 
 7.27640000e-10  1.60197056e+00  1.99802944e+00  2.66924077e+00  2.28026909e+00 
 7.28140000e-10  1.60188355e+00  1.99811645e+00  2.66924334e+00  2.28026808e+00 
 7.28640000e-10  1.60179850e+00  1.99820150e+00  2.66924590e+00  2.28026715e+00 
 7.29140000e-10  1.60171540e+00  1.99828460e+00  2.66924843e+00  2.28026629e+00 
 7.29640000e-10  1.60163427e+00  1.99836573e+00  2.66925095e+00  2.28026549e+00 
 7.30140000e-10  1.60155509e+00  1.99844491e+00  2.66925345e+00  2.28026477e+00 
 7.30640000e-10  1.60147787e+00  1.99852213e+00  2.66925593e+00  2.28026411e+00 
 7.31140000e-10  1.60140260e+00  1.99859740e+00  2.66925840e+00  2.28026353e+00 
 7.31640000e-10  1.60132930e+00  1.99867070e+00  2.66926086e+00  2.28026301e+00 
 7.32140000e-10  1.60125796e+00  1.99874204e+00  2.66926330e+00  2.28026256e+00 
 7.32640000e-10  1.60118858e+00  1.99881142e+00  2.66926573e+00  2.28026218e+00 
 7.33140000e-10  1.60112116e+00  1.99887884e+00  2.66926815e+00  2.28026187e+00 
 7.33640000e-10  1.60105571e+00  1.99894429e+00  2.66927055e+00  2.28026162e+00 
 7.34140000e-10  1.60099222e+00  1.99900778e+00  2.66927295e+00  2.28026144e+00 
 7.34640000e-10  1.60093069e+00  1.99906931e+00  2.66927533e+00  2.28026133e+00 
 7.35140000e-10  1.60087113e+00  1.99912887e+00  2.66927771e+00  2.28026129e+00 
 7.35640000e-10  1.60081353e+00  1.99918647e+00  2.66928007e+00  2.28026131e+00 
 7.36140000e-10  1.60075790e+00  1.99924210e+00  2.66928243e+00  2.28026139e+00 
 7.36640000e-10  1.60070424e+00  1.99929576e+00  2.66928479e+00  2.28026155e+00 
 7.37140000e-10  1.60065254e+00  1.99934746e+00  2.66928713e+00  2.28026176e+00 
 7.37640000e-10  1.60060281e+00  1.99939719e+00  2.66928947e+00  2.28026205e+00 
 7.38140000e-10  1.60055504e+00  1.99944496e+00  2.66929180e+00  2.28026239e+00 
 7.38640000e-10  1.60050925e+00  1.99949075e+00  2.66929413e+00  2.28026281e+00 
 7.39140000e-10  1.60046543e+00  1.99953457e+00  2.66929646e+00  2.28026328e+00 
 7.39640000e-10  1.60042357e+00  1.99957643e+00  2.66929878e+00  2.28026382e+00 
 7.40140000e-10  1.60038368e+00  1.99961632e+00  2.66930109e+00  2.28026443e+00 
 7.40640000e-10  1.60034577e+00  1.99965423e+00  2.66930341e+00  2.28026510e+00 
 7.41140000e-10  1.60030982e+00  1.99969018e+00  2.66930572e+00  2.28026583e+00 
 7.41640000e-10  1.60027585e+00  1.99972415e+00  2.66930802e+00  2.28026662e+00 
 7.42140000e-10  1.60024385e+00  1.99975615e+00  2.66931033e+00  2.28026748e+00 
 7.42640000e-10  1.60021381e+00  1.99978619e+00  2.66931263e+00  2.28026840e+00 
 7.43140000e-10  1.60018576e+00  1.99981424e+00  2.66931494e+00  2.28026939e+00 
 7.43640000e-10  1.60015967e+00  1.99984033e+00  2.66931724e+00  2.28027043e+00 
 7.44140000e-10  1.60013555e+00  1.99986445e+00  2.66931954e+00  2.28027154e+00 
 7.44640000e-10  1.60011341e+00  1.99988659e+00  2.66932184e+00  2.28027271e+00 
 7.45140000e-10  1.60009324e+00  1.99990676e+00  2.66932414e+00  2.28027395e+00 
 7.45640000e-10  1.60007504e+00  1.99992496e+00  2.66932644e+00  2.28027524e+00 
 7.46140000e-10  1.60005882e+00  1.99994118e+00  2.66932874e+00  2.28027660e+00 
 7.46640000e-10  1.60004457e+00  1.99995543e+00  2.66933105e+00  2.28027801e+00 
 7.47140000e-10  1.60003229e+00  1.99996771e+00  2.66933335e+00  2.28027949e+00 
 7.47640000e-10  1.60002199e+00  1.99997801e+00  2.66933565e+00  2.28028103e+00 
 7.48140000e-10  1.60001366e+00  1.99998634e+00  2.66933796e+00  2.28028263e+00 
 7.48640000e-10  1.60000730e+00  1.99999270e+00  2.66934027e+00  2.28028429e+00 
 7.49140000e-10  1.60000292e+00  1.99999708e+00  2.66934257e+00  2.28028602e+00 
 7.49640000e-10  1.60000051e+00  1.99999949e+00  2.66934488e+00  2.28028780e+00 
 7.50140000e-10  1.60000008e+00  1.99999992e+00  2.66934720e+00  2.28028964e+00 
 7.50640000e-10  1.60000162e+00  1.99999838e+00  2.66934951e+00  2.28029155e+00 
 7.51140000e-10  1.60000513e+00  1.99999487e+00  2.66935183e+00  2.28029351e+00 
 7.51640000e-10  1.60001062e+00  1.99998938e+00  2.66935415e+00  2.28029554e+00 
 7.52140000e-10  1.60001808e+00  1.99998192e+00  2.66935647e+00  2.28029762e+00 
 7.52640000e-10  1.60002751e+00  1.99997249e+00  2.66935879e+00  2.28029976e+00 
 7.53140000e-10  1.60003892e+00  1.99996108e+00  2.66936112e+00  2.28030197e+00 
 7.53640000e-10  1.60005231e+00  1.99994769e+00  2.66936345e+00  2.28030423e+00 
 7.54140000e-10  1.60006766e+00  1.99993234e+00  2.66936578e+00  2.28030656e+00 
 7.54640000e-10  1.60008499e+00  1.99991501e+00  2.66936811e+00  2.28030894e+00 
 7.55140000e-10  1.60010429e+00  1.99989571e+00  2.66937045e+00  2.28031138e+00 
 7.55640000e-10  1.60012557e+00  1.99987443e+00  2.66937279e+00  2.28031388e+00 
 7.56140000e-10  1.60014881e+00  1.99985119e+00  2.66937514e+00  2.28031645e+00 
 7.56640000e-10  1.60017403e+00  1.99982597e+00  2.66937748e+00  2.28031907e+00 
 7.57140000e-10  1.60020123e+00  1.99979877e+00  2.66937983e+00  2.28032175e+00 
 7.57640000e-10  1.60023039e+00  1.99976961e+00  2.66938218e+00  2.28032449e+00 
 7.58140000e-10  1.60026153e+00  1.99973847e+00  2.66938454e+00  2.28032729e+00 
 7.58640000e-10  1.60029463e+00  1.99970537e+00  2.66938690e+00  2.28033015e+00 
 7.59140000e-10  1.60032971e+00  1.99967029e+00  2.66938926e+00  2.28033307e+00 
 7.59640000e-10  1.60036676e+00  1.99963324e+00  2.66939162e+00  2.28033604e+00 
 7.60140000e-10  1.60040578e+00  1.99959422e+00  2.66939399e+00  2.28033908e+00 
 7.60640000e-10  1.60044677e+00  1.99955323e+00  2.66939636e+00  2.28034218e+00 
 7.61140000e-10  1.60048973e+00  1.99951027e+00  2.66939873e+00  2.28034534e+00 
 7.61640000e-10  1.60053465e+00  1.99946535e+00  2.66940110e+00  2.28034855e+00 
 7.62140000e-10  1.60058155e+00  1.99941845e+00  2.66940348e+00  2.28035183e+00 
 7.62640000e-10  1.60063041e+00  1.99936959e+00  2.66940586e+00  2.28035516e+00 
 7.63140000e-10  1.60068125e+00  1.99931875e+00  2.66940824e+00  2.28035856e+00 
 7.63640000e-10  1.60073404e+00  1.99926596e+00  2.66941062e+00  2.28036201e+00 
 7.64140000e-10  1.60078881e+00  1.99921119e+00  2.66941301e+00  2.28036553e+00 
 7.64640000e-10  1.60084554e+00  1.99915446e+00  2.66941540e+00  2.28036910e+00 
 7.65140000e-10  1.60090424e+00  1.99909576e+00  2.66941778e+00  2.28037274e+00 
 7.65640000e-10  1.60096490e+00  1.99903510e+00  2.66942018e+00  2.28037643e+00 
 7.66140000e-10  1.60102753e+00  1.99897247e+00  2.66942257e+00  2.28038019e+00 
 7.66640000e-10  1.60109212e+00  1.99890788e+00  2.66942496e+00  2.28038400e+00 
 7.67140000e-10  1.60115867e+00  1.99884133e+00  2.66942735e+00  2.28038788e+00 
 7.67640000e-10  1.60122719e+00  1.99877281e+00  2.66942975e+00  2.28039182e+00 
 7.68140000e-10  1.60129767e+00  1.99870233e+00  2.66943215e+00  2.28039582e+00 
 7.68640000e-10  1.60137011e+00  1.99862989e+00  2.66943454e+00  2.28039988e+00 
 7.69140000e-10  1.60144451e+00  1.99855549e+00  2.66943694e+00  2.28040400e+00 
 7.69640000e-10  1.60152087e+00  1.99847913e+00  2.66943933e+00  2.28040818e+00 
 7.70140000e-10  1.60159919e+00  1.99840081e+00  2.66944173e+00  2.28041242e+00 
 7.70640000e-10  1.60167946e+00  1.99832054e+00  2.66944413e+00  2.28041673e+00 
 7.71140000e-10  1.60176170e+00  1.99823830e+00  2.66944652e+00  2.28042110e+00 
 7.71640000e-10  1.60184589e+00  1.99815411e+00  2.66944891e+00  2.28042553e+00 
 7.72140000e-10  1.60193203e+00  1.99806797e+00  2.66945131e+00  2.28043002e+00 
 7.72640000e-10  1.60202013e+00  1.99797987e+00  2.66945370e+00  2.28043458e+00 
 7.73140000e-10  1.60211019e+00  1.99788981e+00  2.66945609e+00  2.28043920e+00 
 7.73640000e-10  1.60220220e+00  1.99779780e+00  2.66945847e+00  2.28044388e+00 
 7.74140000e-10  1.60229616e+00  1.99770384e+00  2.66946086e+00  2.28044863e+00 
 7.74640000e-10  1.60239207e+00  1.99760793e+00  2.66946324e+00  2.28045343e+00 
 7.75140000e-10  1.60248993e+00  1.99751007e+00  2.66946561e+00  2.28045831e+00 
 7.75640000e-10  1.60258974e+00  1.99741026e+00  2.66946799e+00  2.28046325e+00 
 7.76140000e-10  1.60269150e+00  1.99730850e+00  2.66947036e+00  2.28046825e+00 
 7.76640000e-10  1.60279521e+00  1.99720479e+00  2.66947272e+00  2.28047332e+00 
 7.77140000e-10  1.60290086e+00  1.99709914e+00  2.66947508e+00  2.28047846e+00 
 7.77640000e-10  1.60300846e+00  1.99699154e+00  2.66947744e+00  2.28048366e+00 
 7.78140000e-10  1.60311800e+00  1.99688200e+00  2.66947978e+00  2.28048892e+00 
 7.78640000e-10  1.60322949e+00  1.99677051e+00  2.66948213e+00  2.28049426e+00 
 7.79140000e-10  1.60334291e+00  1.99665709e+00  2.66948446e+00  2.28049966e+00 
 7.79640000e-10  1.60345828e+00  1.99654172e+00  2.66948679e+00  2.28050513e+00 
 7.80140000e-10  1.60357559e+00  1.99642441e+00  2.66948911e+00  2.28051066e+00 
 7.80640000e-10  1.60369484e+00  1.99630516e+00  2.66949142e+00  2.28051627e+00 
 7.81140000e-10  1.60381602e+00  1.99618398e+00  2.66949373e+00  2.28052194e+00 
 7.81640000e-10  1.60393914e+00  1.99606086e+00  2.66949602e+00  2.28052769e+00 
 7.82140000e-10  1.60406420e+00  1.99593580e+00  2.66949831e+00  2.28053350e+00 
 7.82640000e-10  1.60419119e+00  1.99580881e+00  2.66950058e+00  2.28053939e+00 
 7.83140000e-10  1.60432011e+00  1.99567989e+00  2.66950284e+00  2.28054534e+00 
 7.83640000e-10  1.60445097e+00  1.99554903e+00  2.66950509e+00  2.28055137e+00 
 7.84140000e-10  1.60458375e+00  1.99541625e+00  2.66950733e+00  2.28055747e+00 
 7.84640000e-10  1.60471846e+00  1.99528154e+00  2.66950955e+00  2.28056364e+00 
 7.85140000e-10  1.60485510e+00  1.99514490e+00  2.66951176e+00  2.28056989e+00 
 7.85640000e-10  1.60499367e+00  1.99500633e+00  2.66951396e+00  2.28057621e+00 
 7.86140000e-10  1.60513416e+00  1.99486584e+00  2.66951614e+00  2.28058260e+00 
 7.86640000e-10  1.60527657e+00  1.99472343e+00  2.66951830e+00  2.28058908e+00 
 7.87140000e-10  1.60542091e+00  1.99457909e+00  2.66952045e+00  2.28059562e+00 
 7.87640000e-10  1.60556716e+00  1.99443284e+00  2.66952258e+00  2.28060225e+00 
 7.88140000e-10  1.60571534e+00  1.99428466e+00  2.66952469e+00  2.28060895e+00 
 7.88640000e-10  1.60586543e+00  1.99413457e+00  2.66952678e+00  2.28061573e+00 
 7.89140000e-10  1.60601744e+00  1.99398256e+00  2.66952886e+00  2.28062259e+00 
 7.89640000e-10  1.60617136e+00  1.99382864e+00  2.66953091e+00  2.28062953e+00 
 7.90140000e-10  1.60632719e+00  1.99367281e+00  2.66953293e+00  2.28063655e+00 
 7.90640000e-10  1.60648494e+00  1.99351506e+00  2.66953494e+00  2.28064365e+00 
 7.91140000e-10  1.60664460e+00  1.99335540e+00  2.66953692e+00  2.28065084e+00 
 7.91640000e-10  1.60680616e+00  1.99319384e+00  2.66953887e+00  2.28065811e+00 
 7.92140000e-10  1.60696964e+00  1.99303036e+00  2.66954080e+00  2.28066546e+00 
 7.92640000e-10  1.60713501e+00  1.99286499e+00  2.66954270e+00  2.28067290e+00 
 7.93140000e-10  1.60730229e+00  1.99269771e+00  2.66954457e+00  2.28068043e+00 
 7.93640000e-10  1.60747148e+00  1.99252852e+00  2.66954642e+00  2.28068804e+00 
 7.94140000e-10  1.60764256e+00  1.99235744e+00  2.66954823e+00  2.28069574e+00 
 7.94640000e-10  1.60781554e+00  1.99218446e+00  2.66955001e+00  2.28070354e+00 
 7.95140000e-10  1.60799042e+00  1.99200958e+00  2.66955175e+00  2.28071142e+00 
 7.95640000e-10  1.60816719e+00  1.99183281e+00  2.66955347e+00  2.28071939e+00 
 7.96140000e-10  1.60834586e+00  1.99165414e+00  2.66955514e+00  2.28072746e+00 
 7.96640000e-10  1.60852642e+00  1.99147358e+00  2.66955678e+00  2.28073563e+00 
 7.97140000e-10  1.60870887e+00  1.99129113e+00  2.66955838e+00  2.28074389e+00 
 7.97640000e-10  1.60889320e+00  1.99110680e+00  2.66955994e+00  2.28075225e+00 
 7.98140000e-10  1.60907942e+00  1.99092058e+00  2.66956145e+00  2.28076070e+00 
 7.98640000e-10  1.60926753e+00  1.99073247e+00  2.66956293e+00  2.28076926e+00 
 7.99140000e-10  1.60945752e+00  1.99054248e+00  2.66956435e+00  2.28077792e+00 
 7.99640000e-10  1.60964939e+00  1.99035061e+00  2.66956573e+00  2.28078668e+00 
 8.00140000e-10  1.60984314e+00  1.99015686e+00  2.66956707e+00  2.28079555e+00 
 8.00640000e-10  1.61003876e+00  1.98996124e+00  2.66956835e+00  2.28080452e+00 
 8.01140000e-10  1.61023626e+00  1.98976374e+00  2.66956958e+00  2.28081360e+00 
 8.01640000e-10  1.61043563e+00  1.98956437e+00  2.66957076e+00  2.28082279e+00 
 8.02140000e-10  1.61063688e+00  1.98936312e+00  2.66957188e+00  2.28083210e+00 
 8.02640000e-10  1.61083999e+00  1.98916001e+00  2.66957294e+00  2.28084151e+00 
 8.03140000e-10  1.61104497e+00  1.98895503e+00  2.66957394e+00  2.28085104e+00 
 8.03640000e-10  1.61125181e+00  1.98874819e+00  2.66957488e+00  2.28086069e+00 
 8.04140000e-10  1.61146052e+00  1.98853948e+00  2.66957576e+00  2.28087046e+00 
 8.04640000e-10  1.61167109e+00  1.98832891e+00  2.66957657e+00  2.28088035e+00 
 8.05140000e-10  1.61188351e+00  1.98811649e+00  2.66957731e+00  2.28089036e+00 
 8.05640000e-10  1.61209780e+00  1.98790220e+00  2.66957798e+00  2.28090050e+00 
 8.06140000e-10  1.61231393e+00  1.98768607e+00  2.66957857e+00  2.28091076e+00 
 8.06640000e-10  1.61253192e+00  1.98746808e+00  2.66957909e+00  2.28092116e+00 
 8.07140000e-10  1.61275176e+00  1.98724824e+00  2.66957953e+00  2.28093169e+00 
 8.07640000e-10  1.61297345e+00  1.98702655e+00  2.66957989e+00  2.28094235e+00 
 8.08140000e-10  1.61319699e+00  1.98680301e+00  2.66958017e+00  2.28095315e+00 
 8.08640000e-10  1.61342237e+00  1.98657763e+00  2.66958036e+00  2.28096409e+00 
 8.09140000e-10  1.61364958e+00  1.98635042e+00  2.66958046e+00  2.28097517e+00 
 8.09640000e-10  1.61387864e+00  1.98612136e+00  2.66958046e+00  2.28098640e+00 
 8.10140000e-10  1.61410954e+00  1.98589046e+00  2.66958037e+00  2.28099778e+00 
 8.10640000e-10  1.61434227e+00  1.98565773e+00  2.66958018e+00  2.28100930e+00 
 8.11140000e-10  1.61457683e+00  1.98542317e+00  2.66957989e+00  2.28102099e+00 
 8.11640000e-10  1.61481322e+00  1.98518678e+00  2.66957949e+00  2.28103282e+00 
 8.12140000e-10  1.61505144e+00  1.98494856e+00  2.66957899e+00  2.28104483e+00 
 8.12640000e-10  1.61529149e+00  1.98470851e+00  2.66957837e+00  2.28105699e+00 
 8.13140000e-10  1.61553336e+00  1.98446664e+00  2.66957763e+00  2.28106932e+00 
 8.13640000e-10  1.61577705e+00  1.98422295e+00  2.66957677e+00  2.28108182e+00 
 8.14140000e-10  1.61602256e+00  1.98397744e+00  2.66957579e+00  2.28109450e+00 
 8.14640000e-10  1.61626988e+00  1.98373012e+00  2.66957468e+00  2.28110736e+00 
 8.15140000e-10  1.61651902e+00  1.98348098e+00  2.66957343e+00  2.28112040e+00 
 8.15640000e-10  1.61676996e+00  1.98323004e+00  2.66957205e+00  2.28113362e+00 
 8.16140000e-10  1.61702272e+00  1.98297728e+00  2.66957053e+00  2.28114704e+00 
 8.16640000e-10  1.61727728e+00  1.98272272e+00  2.66956886e+00  2.28116065e+00 
 8.17140000e-10  1.61753365e+00  1.98246635e+00  2.66956704e+00  2.28117446e+00 
 8.17640000e-10  1.61779181e+00  1.98220819e+00  2.66956507e+00  2.28118847e+00 
 8.18140000e-10  1.61805178e+00  1.98194822e+00  2.66956293e+00  2.28120269e+00 
 8.18640000e-10  1.61831354e+00  1.98168646e+00  2.66956063e+00  2.28121712e+00 
 8.19140000e-10  1.61857709e+00  1.98142291e+00  2.66955815e+00  2.28123177e+00 
 8.19640000e-10  1.61884243e+00  1.98115757e+00  2.66955550e+00  2.28124665e+00 
 8.20140000e-10  1.61910957e+00  1.98089043e+00  2.66955267e+00  2.28126175e+00 
 8.20640000e-10  1.61937848e+00  1.98062152e+00  2.66954964e+00  2.28127709e+00 
 8.21140000e-10  1.61964918e+00  1.98035082e+00  2.66954643e+00  2.28129267e+00 
 8.21640000e-10  1.61992166e+00  1.98007834e+00  2.66954301e+00  2.28130849e+00 
 8.22140000e-10  1.62019592e+00  1.97980408e+00  2.66953938e+00  2.28132457e+00 
 8.22640000e-10  1.62047195e+00  1.97952805e+00  2.66953554e+00  2.28134090e+00 
 8.23140000e-10  1.62074976e+00  1.97925024e+00  2.66953148e+00  2.28135749e+00 
 8.23640000e-10  1.62102933e+00  1.97897067e+00  2.66952719e+00  2.28137436e+00 
 8.24140000e-10  1.62131067e+00  1.97868933e+00  2.66952267e+00  2.28139150e+00 
 8.24640000e-10  1.62159377e+00  1.97840623e+00  2.66951790e+00  2.28140893e+00 
 8.25140000e-10  1.62187863e+00  1.97812137e+00  2.66951288e+00  2.28142665e+00 
 8.25640000e-10  1.62216526e+00  1.97783474e+00  2.66950761e+00  2.28144466e+00 
 8.26140000e-10  1.62245363e+00  1.97754637e+00  2.66950207e+00  2.28146299e+00 
 8.26640000e-10  1.62274376e+00  1.97725624e+00  2.66949625e+00  2.28148163e+00 
 8.27140000e-10  1.62303564e+00  1.97696436e+00  2.66949015e+00  2.28150059e+00 
 8.27640000e-10  1.62332926e+00  1.97667074e+00  2.66948375e+00  2.28151988e+00 
 8.28140000e-10  1.62362463e+00  1.97637537e+00  2.66947706e+00  2.28153951e+00 
 8.28640000e-10  1.62392174e+00  1.97607826e+00  2.66947005e+00  2.28155949e+00 
 8.29140000e-10  1.62422059e+00  1.97577941e+00  2.66946272e+00  2.28157982e+00 
 8.29640000e-10  1.62452117e+00  1.97547883e+00  2.66945506e+00  2.28160053e+00 
 8.30140000e-10  1.62482349e+00  1.97517651e+00  2.66944706e+00  2.28162161e+00 
 8.30640000e-10  1.62512753e+00  1.97487247e+00  2.66943870e+00  2.28164307e+00 
 8.31140000e-10  1.62543330e+00  1.97456670e+00  2.66942998e+00  2.28166494e+00 
 8.31640000e-10  1.62574079e+00  1.97425921e+00  2.66942088e+00  2.28168721e+00 
 8.32140000e-10  1.62605000e+00  1.97395000e+00  2.66941140e+00  2.28170990e+00 
 8.32640000e-10  1.62636093e+00  1.97363907e+00  2.66940152e+00  2.28173302e+00 
 8.33140000e-10  1.62667357e+00  1.97332643e+00  2.66939122e+00  2.28175659e+00 
 8.33640000e-10  1.62698793e+00  1.97301207e+00  2.66938050e+00  2.28178061e+00 
 8.34140000e-10  1.62730399e+00  1.97269601e+00  2.66936934e+00  2.28180509e+00 
 8.34640000e-10  1.62762175e+00  1.97237825e+00  2.66935772e+00  2.28183006e+00 
 8.35140000e-10  1.62794122e+00  1.97205878e+00  2.66934564e+00  2.28185552e+00 
 8.35640000e-10  1.62826238e+00  1.97173762e+00  2.66933308e+00  2.28188148e+00 
 8.36140000e-10  1.62858524e+00  1.97141476e+00  2.66932002e+00  2.28190797e+00 
 8.36640000e-10  1.62890979e+00  1.97109021e+00  2.66930646e+00  2.28193499e+00 
 8.37140000e-10  1.62923603e+00  1.97076397e+00  2.66929236e+00  2.28196256e+00 
 8.37640000e-10  1.62956396e+00  1.97043604e+00  2.66927772e+00  2.28199070e+00 
 8.38140000e-10  1.62989356e+00  1.97010644e+00  2.66926251e+00  2.28201942e+00 
 8.38640000e-10  1.63022485e+00  1.96977515e+00  2.66924673e+00  2.28204873e+00 
 8.39140000e-10  1.63055781e+00  1.96944219e+00  2.66923035e+00  2.28207866e+00 
 8.39640000e-10  1.63089244e+00  1.96910756e+00  2.66921336e+00  2.28210923e+00 
 8.40140000e-10  1.63122875e+00  1.96877125e+00  2.66919573e+00  2.28214044e+00 
 8.40640000e-10  1.63156672e+00  1.96843328e+00  2.66917744e+00  2.28217232e+00 
 8.41140000e-10  1.63190635e+00  1.96809365e+00  2.66915848e+00  2.28220489e+00 
 8.41640000e-10  1.63224764e+00  1.96775236e+00  2.66913883e+00  2.28223816e+00 
 8.42140000e-10  1.63259058e+00  1.96740942e+00  2.66911846e+00  2.28227217e+00 
 8.42640000e-10  1.63293518e+00  1.96706482e+00  2.66909735e+00  2.28230691e+00 
 8.43140000e-10  1.63328143e+00  1.96671857e+00  2.66907548e+00  2.28234243e+00 
 8.43640000e-10  1.63362932e+00  1.96637068e+00  2.66905283e+00  2.28237874e+00 
 8.44140000e-10  1.63397886e+00  1.96602114e+00  2.66902937e+00  2.28241586e+00 
 8.44640000e-10  1.63433003e+00  1.96566997e+00  2.66900507e+00  2.28245382e+00 
 8.45140000e-10  1.63468284e+00  1.96531716e+00  2.66897992e+00  2.28249264e+00 
 8.45640000e-10  1.63503728e+00  1.96496272e+00  2.66895388e+00  2.28253234e+00 
 8.46140000e-10  1.63539334e+00  1.96460666e+00  2.66892693e+00  2.28257296e+00 
 8.46640000e-10  1.63575104e+00  1.96424896e+00  2.66889904e+00  2.28261450e+00 
 8.47140000e-10  1.63611035e+00  1.96388965e+00  2.66887018e+00  2.28265701e+00 
 8.47640000e-10  1.63647128e+00  1.96352872e+00  2.66884033e+00  2.28270051e+00 
 8.48140000e-10  1.63683382e+00  1.96316618e+00  2.66880945e+00  2.28274503e+00 
 8.48640000e-10  1.63719798e+00  1.96280202e+00  2.66877752e+00  2.28279059e+00 
 8.49140000e-10  1.63756374e+00  1.96243626e+00  2.66874449e+00  2.28283723e+00 
 8.49640000e-10  1.63793111e+00  1.96206889e+00  2.66871035e+00  2.28288498e+00 
 8.50140000e-10  1.63830007e+00  1.96169993e+00  2.66867506e+00  2.28293386e+00 
 8.50640000e-10  1.63867063e+00  1.96132937e+00  2.66863857e+00  2.28298391e+00 
 8.51140000e-10  1.63904279e+00  1.96095721e+00  2.66860087e+00  2.28303516e+00 
 8.51640000e-10  1.63941653e+00  1.96058347e+00  2.66856191e+00  2.28308765e+00 
 8.52140000e-10  1.63979185e+00  1.96020815e+00  2.66852165e+00  2.28314141e+00 
 8.52640000e-10  1.64016876e+00  1.95983124e+00  2.66848006e+00  2.28319647e+00 
 8.53140000e-10  1.64054725e+00  1.95945275e+00  2.66843711e+00  2.28325288e+00 
 8.53640000e-10  1.64092731e+00  1.95907269e+00  2.66839274e+00  2.28331066e+00 
 8.54140000e-10  1.64130893e+00  1.95869107e+00  2.66834693e+00  2.28336986e+00 
 8.54640000e-10  1.64169213e+00  1.95830787e+00  2.66829962e+00  2.28343051e+00 
 8.55140000e-10  1.64207689e+00  1.95792311e+00  2.66825079e+00  2.28349266e+00 
 8.55640000e-10  1.64246320e+00  1.95753680e+00  2.66820038e+00  2.28355635e+00 
 8.56140000e-10  1.64285107e+00  1.95714893e+00  2.66814835e+00  2.28362161e+00 
 8.56640000e-10  1.64324050e+00  1.95675950e+00  2.66809465e+00  2.28368850e+00 
 8.57140000e-10  1.64363146e+00  1.95636854e+00  2.66803925e+00  2.28375704e+00 
 8.57640000e-10  1.64402398e+00  1.95597602e+00  2.66798210e+00  2.28382729e+00 
 8.58140000e-10  1.64441803e+00  1.95558197e+00  2.66792313e+00  2.28389930e+00 
 8.58640000e-10  1.64481362e+00  1.95518638e+00  2.66786232e+00  2.28397310e+00 
 8.59140000e-10  1.64521074e+00  1.95478926e+00  2.66779961e+00  2.28404875e+00 
 8.59640000e-10  1.64560938e+00  1.95439062e+00  2.66773494e+00  2.28412629e+00 
 8.60140000e-10  1.64600955e+00  1.95399045e+00  2.66766827e+00  2.28420578e+00 
 8.60640000e-10  1.64641124e+00  1.95358876e+00  2.66759955e+00  2.28428725e+00 
 8.61140000e-10  1.64681445e+00  1.95318555e+00  2.66752871e+00  2.28437078e+00 
 8.61640000e-10  1.64721917e+00  1.95278083e+00  2.66745572e+00  2.28445639e+00 
 8.62140000e-10  1.64762539e+00  1.95237461e+00  2.66738050e+00  2.28454415e+00 
 8.62640000e-10  1.64803312e+00  1.95196688e+00  2.66730301e+00  2.28463412e+00 
 8.63140000e-10  1.64844235e+00  1.95155765e+00  2.66722319e+00  2.28472633e+00 
 8.63640000e-10  1.64885308e+00  1.95114692e+00  2.66714099e+00  2.28482086e+00 
 8.64140000e-10  1.64926529e+00  1.95073471e+00  2.66705633e+00  2.28491776e+00 
 8.64640000e-10  1.64967900e+00  1.95032100e+00  2.66696917e+00  2.28501707e+00 
 8.65140000e-10  1.65009419e+00  1.94990581e+00  2.66687945e+00  2.28511887e+00 
 8.65640000e-10  1.65051086e+00  1.94948914e+00  2.66678710e+00  2.28522320e+00 
 8.66140000e-10  1.65092900e+00  1.94907100e+00  2.66669206e+00  2.28533013e+00 
 8.66640000e-10  1.65134861e+00  1.94865139e+00  2.66659427e+00  2.28543972e+00 
 8.67140000e-10  1.65176970e+00  1.94823030e+00  2.66649367e+00  2.28555203e+00 
 8.67640000e-10  1.65219224e+00  1.94780776e+00  2.66639020e+00  2.28566711e+00 
 8.68140000e-10  1.65261624e+00  1.94738376e+00  2.66628378e+00  2.28578503e+00 
 8.68640000e-10  1.65304170e+00  1.94695830e+00  2.66617437e+00  2.28590585e+00 
 8.69140000e-10  1.65346861e+00  1.94653139e+00  2.66606188e+00  2.28602964e+00 
 8.69640000e-10  1.65389697e+00  1.94610303e+00  2.66594626e+00  2.28615646e+00 
 8.70140000e-10  1.65432676e+00  1.94567324e+00  2.66582744e+00  2.28628637e+00 
 8.70640000e-10  1.65475800e+00  1.94524200e+00  2.66570536e+00  2.28641943e+00 
 8.71140000e-10  1.65519067e+00  1.94480933e+00  2.66557994e+00  2.28655571e+00 
 8.71640000e-10  1.65562476e+00  1.94437524e+00  2.66545113e+00  2.28669527e+00 
 8.72140000e-10  1.65606028e+00  1.94393972e+00  2.66531885e+00  2.28683819e+00 
 8.72640000e-10  1.65649723e+00  1.94350277e+00  2.66518304e+00  2.28698452e+00 
 8.73140000e-10  1.65693559e+00  1.94306441e+00  2.66504364e+00  2.28713432e+00 
 8.73640000e-10  1.65737536e+00  1.94262464e+00  2.66490056e+00  2.28728767e+00 
 8.74140000e-10  1.65781654e+00  1.94218346e+00  2.66475376e+00  2.28744463e+00 
 8.74640000e-10  1.65825912e+00  1.94174088e+00  2.66460316e+00  2.28760527e+00 
 8.75140000e-10  1.65870310e+00  1.94129690e+00  2.66444869e+00  2.28776965e+00 
 8.75640000e-10  1.65914847e+00  1.94085153e+00  2.66429030e+00  2.28793783e+00 
 8.76140000e-10  1.65959524e+00  1.94040476e+00  2.66412790e+00  2.28810988e+00 
 8.76640000e-10  1.66004339e+00  1.93995661e+00  2.66396145e+00  2.28828587e+00 
 8.77140000e-10  1.66049292e+00  1.93950708e+00  2.66379086e+00  2.28846586e+00 
 8.77640000e-10  1.66094383e+00  1.93905617e+00  2.66361609e+00  2.28864991e+00 
 8.78140000e-10  1.66139612e+00  1.93860388e+00  2.66343706e+00  2.28883808e+00 
 8.78640000e-10  1.66184977e+00  1.93815023e+00  2.66325370e+00  2.28903045e+00 
 8.79140000e-10  1.66230478e+00  1.93769522e+00  2.66306597e+00  2.28922707e+00 
 8.79640000e-10  1.66276115e+00  1.93723885e+00  2.66287379e+00  2.28942800e+00 
 8.80140000e-10  1.66321888e+00  1.93678112e+00  2.66267711e+00  2.28963331e+00 
 8.80640000e-10  1.66367796e+00  1.93632204e+00  2.66247586e+00  2.28984305e+00 
 8.81140000e-10  1.66413838e+00  1.93586162e+00  2.66226999e+00  2.29005729e+00 
 8.81640000e-10  1.66460014e+00  1.93539986e+00  2.66205943e+00  2.29027608e+00 
 8.82140000e-10  1.66506324e+00  1.93493676e+00  2.66184413e+00  2.29049948e+00 
 8.82640000e-10  1.66552767e+00  1.93447233e+00  2.66162404e+00  2.29072755e+00 
 8.83140000e-10  1.66599343e+00  1.93400657e+00  2.66139909e+00  2.29096034e+00 
 8.83640000e-10  1.66646051e+00  1.93353949e+00  2.66116924e+00  2.29119791e+00 
 8.84140000e-10  1.66692891e+00  1.93307109e+00  2.66093443e+00  2.29144031e+00 
 8.84640000e-10  1.66739862e+00  1.93260138e+00  2.66069461e+00  2.29168760e+00 
 8.85140000e-10  1.66786964e+00  1.93213036e+00  2.66044974e+00  2.29193982e+00 
 8.85640000e-10  1.66834197e+00  1.93165803e+00  2.66019975e+00  2.29219702e+00 
 8.86140000e-10  1.66881559e+00  1.93118441e+00  2.65994461e+00  2.29245925e+00 
 8.86640000e-10  1.66929051e+00  1.93070949e+00  2.65968428e+00  2.29272657e+00 
 8.87140000e-10  1.66976672e+00  1.93023328e+00  2.65941870e+00  2.29299900e+00 
 8.87640000e-10  1.67024422e+00  1.92975578e+00  2.65914783e+00  2.29327661e+00 
 8.88140000e-10  1.67072299e+00  1.92927701e+00  2.65887164e+00  2.29355942e+00 
 8.88640000e-10  1.67120304e+00  1.92879696e+00  2.65859008e+00  2.29384748e+00 
 8.89140000e-10  1.67168437e+00  1.92831563e+00  2.65830312e+00  2.29414084e+00 
 8.89640000e-10  1.67216696e+00  1.92783304e+00  2.65801073e+00  2.29443952e+00 
 8.90140000e-10  1.67265081e+00  1.92734919e+00  2.65771286e+00  2.29474357e+00 
 8.90640000e-10  1.67313591e+00  1.92686409e+00  2.65740948e+00  2.29505301e+00 
 8.91140000e-10  1.67362227e+00  1.92637773e+00  2.65710057e+00  2.29536789e+00 
 8.91640000e-10  1.67410988e+00  1.92589012e+00  2.65678609e+00  2.29568822e+00 
 8.92140000e-10  1.67459873e+00  1.92540127e+00  2.65646603e+00  2.29601405e+00 
 8.92640000e-10  1.67508882e+00  1.92491118e+00  2.65614034e+00  2.29634540e+00 
 8.93140000e-10  1.67558014e+00  1.92441986e+00  2.65580902e+00  2.29668228e+00 
 8.93640000e-10  1.67607269e+00  1.92392731e+00  2.65547203e+00  2.29702474e+00 
 8.94140000e-10  1.67656646e+00  1.92343354e+00  2.65512936e+00  2.29737279e+00 
 8.94640000e-10  1.67706145e+00  1.92293855e+00  2.65478098e+00  2.29772645e+00 
 8.95140000e-10  1.67755765e+00  1.92244235e+00  2.65442689e+00  2.29808574e+00 
 8.95640000e-10  1.67805506e+00  1.92194494e+00  2.65406707e+00  2.29845067e+00 
 8.96140000e-10  1.67855367e+00  1.92144633e+00  2.65370150e+00  2.29882127e+00 
 8.96640000e-10  1.67905349e+00  1.92094651e+00  2.65333017e+00  2.29919755e+00 
 8.97140000e-10  1.67955449e+00  1.92044551e+00  2.65295307e+00  2.29957951e+00 
 8.97640000e-10  1.68005669e+00  1.91994331e+00  2.65257019e+00  2.29996717e+00 
 8.98140000e-10  1.68056007e+00  1.91943993e+00  2.65218153e+00  2.30036053e+00 
 8.98640000e-10  1.68106463e+00  1.91893537e+00  2.65178708e+00  2.30075961e+00 
 8.99140000e-10  1.68157036e+00  1.91842964e+00  2.65138684e+00  2.30116441e+00 
 8.99640000e-10  1.68207726e+00  1.91792274e+00  2.65098080e+00  2.30157492e+00 
 9.00140000e-10  1.68258532e+00  1.91741468e+00  2.65056896e+00  2.30199116e+00 
 9.00640000e-10  1.68309455e+00  1.91690545e+00  2.65015133e+00  2.30241313e+00 
 9.01140000e-10  1.68360493e+00  1.91639507e+00  2.64972791e+00  2.30284081e+00 
 9.01640000e-10  1.68411645e+00  1.91588355e+00  2.64929870e+00  2.30327422e+00 
 9.02140000e-10  1.68462912e+00  1.91537088e+00  2.64886371e+00  2.30371334e+00 
 9.02640000e-10  1.68514293e+00  1.91485707e+00  2.64842294e+00  2.30415817e+00 
 9.03140000e-10  1.68565787e+00  1.91434213e+00  2.64797639e+00  2.30460870e+00 
 9.03640000e-10  1.68617394e+00  1.91382606e+00  2.64752409e+00  2.30506492e+00 
 9.04140000e-10  1.68669114e+00  1.91330886e+00  2.64706604e+00  2.30552683e+00 
 9.04640000e-10  1.68720945e+00  1.91279055e+00  2.64660224e+00  2.30599441e+00 
 9.05140000e-10  1.68772888e+00  1.91227112e+00  2.64613272e+00  2.30646764e+00 
 9.05640000e-10  1.68824941e+00  1.91175059e+00  2.64565749e+00  2.30694651e+00 
 9.06140000e-10  1.68877105e+00  1.91122895e+00  2.64517655e+00  2.30743102e+00 
 9.06640000e-10  1.68929378e+00  1.91070622e+00  2.64468994e+00  2.30792113e+00 
 9.07140000e-10  1.68981761e+00  1.91018239e+00  2.64419766e+00  2.30841684e+00 
 9.07640000e-10  1.69034252e+00  1.90965748e+00  2.64369973e+00  2.30891812e+00 
 9.08140000e-10  1.69086852e+00  1.90913148e+00  2.64319617e+00  2.30942495e+00 
 9.08640000e-10  1.69139559e+00  1.90860441e+00  2.64268700e+00  2.30993731e+00 
 9.09140000e-10  1.69192374e+00  1.90807626e+00  2.64217224e+00  2.31045518e+00 
 9.09640000e-10  1.69245295e+00  1.90754705e+00  2.64165191e+00  2.31097853e+00 
 9.10140000e-10  1.69298322e+00  1.90701678e+00  2.64112604e+00  2.31150735e+00 
 9.10640000e-10  1.69351455e+00  1.90648545e+00  2.64059464e+00  2.31204160e+00 
 9.11140000e-10  1.69404694e+00  1.90595306e+00  2.64005774e+00  2.31258125e+00 
 9.11640000e-10  1.69458036e+00  1.90541964e+00  2.63951537e+00  2.31312629e+00 
 9.12140000e-10  1.69511483e+00  1.90488517e+00  2.63896754e+00  2.31367668e+00 
 9.12640000e-10  1.69565033e+00  1.90434967e+00  2.63841430e+00  2.31423238e+00 
 9.13140000e-10  1.69618686e+00  1.90381314e+00  2.63785565e+00  2.31479339e+00 
 9.13640000e-10  1.69672442e+00  1.90327558e+00  2.63729163e+00  2.31535965e+00 
 9.14140000e-10  1.69726300e+00  1.90273700e+00  2.63672227e+00  2.31593114e+00 
 9.14640000e-10  1.69780259e+00  1.90219741e+00  2.63614759e+00  2.31650784e+00 
 9.15140000e-10  1.69834319e+00  1.90165681e+00  2.63556762e+00  2.31708969e+00 
 9.15640000e-10  1.69888479e+00  1.90111521e+00  2.63498240e+00  2.31767668e+00 
 9.16140000e-10  1.69942739e+00  1.90057261e+00  2.63439195e+00  2.31826877e+00 
 9.16640000e-10  1.69997098e+00  1.90002902e+00  2.63379629e+00  2.31886592e+00 
 9.17140000e-10  1.70051556e+00  1.89948444e+00  2.63319548e+00  2.31946810e+00 
 9.17640000e-10  1.70106112e+00  1.89893888e+00  2.63258952e+00  2.32007528e+00 
 9.18140000e-10  1.70160766e+00  1.89839234e+00  2.63197846e+00  2.32068742e+00 
 9.18640000e-10  1.70215517e+00  1.89784483e+00  2.63136233e+00  2.32130448e+00 
 9.19140000e-10  1.70270364e+00  1.89729636e+00  2.63074117e+00  2.32192642e+00 
 9.19640000e-10  1.70325308e+00  1.89674692e+00  2.63011499e+00  2.32255322e+00 
 9.20140000e-10  1.70380347e+00  1.89619653e+00  2.62948384e+00  2.32318483e+00 
 9.20640000e-10  1.70435481e+00  1.89564519e+00  2.62884776e+00  2.32382122e+00 
 9.21140000e-10  1.70490709e+00  1.89509291e+00  2.62820677e+00  2.32446235e+00 
 9.21640000e-10  1.70546032e+00  1.89453968e+00  2.62756091e+00  2.32510819e+00 
 9.22140000e-10  1.70601447e+00  1.89398553e+00  2.62691022e+00  2.32575869e+00 
 9.22640000e-10  1.70656955e+00  1.89343045e+00  2.62625474e+00  2.32641383e+00 
 9.23140000e-10  1.70712556e+00  1.89287444e+00  2.62559449e+00  2.32707356e+00 
 9.23640000e-10  1.70768248e+00  1.89231752e+00  2.62492952e+00  2.32773784e+00 
 9.24140000e-10  1.70824031e+00  1.89175969e+00  2.62425985e+00  2.32840665e+00 
 9.24640000e-10  1.70879905e+00  1.89120095e+00  2.62358554e+00  2.32907994e+00 
 9.25140000e-10  1.70935869e+00  1.89064131e+00  2.62290662e+00  2.32975768e+00 
 9.25640000e-10  1.70991922e+00  1.89008078e+00  2.62222312e+00  2.33043983e+00 
 9.26140000e-10  1.71048064e+00  1.88951936e+00  2.62153508e+00  2.33112636e+00 
 9.26640000e-10  1.71104295e+00  1.88895705e+00  2.62084254e+00  2.33181722e+00 
 9.27140000e-10  1.71160613e+00  1.88839387e+00  2.62014554e+00  2.33251239e+00 
 9.27640000e-10  1.71217019e+00  1.88782981e+00  2.61944411e+00  2.33321183e+00 
 9.28140000e-10  1.71273511e+00  1.88726489e+00  2.61873830e+00  2.33391550e+00 
 9.28640000e-10  1.71330090e+00  1.88669910e+00  2.61802815e+00  2.33462337e+00 
 9.29140000e-10  1.71386754e+00  1.88613246e+00  2.61731369e+00  2.33533540e+00 
 9.29640000e-10  1.71443503e+00  1.88556497e+00  2.61659496e+00  2.33605156e+00 
 9.30140000e-10  1.71500336e+00  1.88499664e+00  2.61587200e+00  2.33677182e+00 
 9.30640000e-10  1.71557253e+00  1.88442747e+00  2.61514485e+00  2.33749613e+00 
 9.31140000e-10  1.71614254e+00  1.88385746e+00  2.61441355e+00  2.33822447e+00 
 9.31640000e-10  1.71671337e+00  1.88328663e+00  2.61367813e+00  2.33895681e+00 
 9.32140000e-10  1.71728503e+00  1.88271497e+00  2.61293864e+00  2.33969310e+00 
 9.32640000e-10  1.71785750e+00  1.88214250e+00  2.61219511e+00  2.34043331e+00 
 9.33140000e-10  1.71843079e+00  1.88156921e+00  2.61144758e+00  2.34117742e+00 
 9.33640000e-10  1.71900487e+00  1.88099513e+00  2.61069610e+00  2.34192539e+00 
 9.34140000e-10  1.71957976e+00  1.88042024e+00  2.60994069e+00  2.34267719e+00 
 9.34640000e-10  1.72015544e+00  1.87984456e+00  2.60918140e+00  2.34343278e+00 
 9.35140000e-10  1.72073191e+00  1.87926809e+00  2.60841826e+00  2.34419213e+00 
 9.35640000e-10  1.72130916e+00  1.87869084e+00  2.60765132e+00  2.34495521e+00 
 9.36140000e-10  1.72188719e+00  1.87811281e+00  2.60688060e+00  2.34572199e+00 
 9.36640000e-10  1.72246599e+00  1.87753401e+00  2.60610615e+00  2.34649243e+00 
 9.37140000e-10  1.72304556e+00  1.87695444e+00  2.60532800e+00  2.34726651e+00 
 9.37640000e-10  1.72362588e+00  1.87637412e+00  2.60454619e+00  2.34804418e+00 
 9.38140000e-10  1.72420696e+00  1.87579304e+00  2.60376076e+00  2.34882543e+00 
 9.38640000e-10  1.72478878e+00  1.87521122e+00  2.60297174e+00  2.34961022e+00 
 9.39140000e-10  1.72537135e+00  1.87462865e+00  2.60217917e+00  2.35039852e+00 
 9.39640000e-10  1.72595466e+00  1.87404534e+00  2.60138308e+00  2.35119029e+00 
 9.40140000e-10  1.72653869e+00  1.87346131e+00  2.60058351e+00  2.35198551e+00 
 9.40640000e-10  1.72712345e+00  1.87287655e+00  2.59978050e+00  2.35278414e+00 
 9.41140000e-10  1.72770893e+00  1.87229107e+00  2.59897408e+00  2.35358615e+00 
 9.41640000e-10  1.72829513e+00  1.87170487e+00  2.59816428e+00  2.35439152e+00 
 9.42140000e-10  1.72888203e+00  1.87111797e+00  2.59735115e+00  2.35520021e+00 
 9.42640000e-10  1.72946963e+00  1.87053037e+00  2.59653470e+00  2.35601219e+00 
 9.43140000e-10  1.73005793e+00  1.86994207e+00  2.59571499e+00  2.35682743e+00 
 9.43640000e-10  1.73064692e+00  1.86935308e+00  2.59489204e+00  2.35764590e+00 
 9.44140000e-10  1.73123659e+00  1.86876341e+00  2.59406588e+00  2.35846757e+00 
 9.44640000e-10  1.73182695e+00  1.86817305e+00  2.59323655e+00  2.35929241e+00 
 9.45140000e-10  1.73241797e+00  1.86758203e+00  2.59240409e+00  2.36012039e+00 
 9.45640000e-10  1.73300966e+00  1.86699034e+00  2.59156852e+00  2.36095148e+00 
 9.46140000e-10  1.73360202e+00  1.86639798e+00  2.59072987e+00  2.36178565e+00 
 9.46640000e-10  1.73419503e+00  1.86580497e+00  2.58988819e+00  2.36262287e+00 
 9.47140000e-10  1.73478868e+00  1.86521132e+00  2.58904351e+00  2.36346310e+00 
 9.47640000e-10  1.73538299e+00  1.86461701e+00  2.58819584e+00  2.36430633e+00 
 9.48140000e-10  1.73597793e+00  1.86402207e+00  2.58734524e+00  2.36515251e+00 
 9.48640000e-10  1.73657350e+00  1.86342650e+00  2.58649172e+00  2.36600163e+00 
 9.49140000e-10  1.73716969e+00  1.86283031e+00  2.58563532e+00  2.36685364e+00 
 9.49640000e-10  1.73776651e+00  1.86223349e+00  2.58477608e+00  2.36770853e+00 
 9.50140000e-10  1.73836394e+00  1.86163606e+00  2.58391401e+00  2.36856626e+00 
 9.50640000e-10  1.73896198e+00  1.86103802e+00  2.58304917e+00  2.36942680e+00 
 9.51140000e-10  1.73956063e+00  1.86043937e+00  2.58218156e+00  2.37029012e+00 
 9.51640000e-10  1.74015987e+00  1.85984013e+00  2.58131123e+00  2.37115620e+00 
 9.52140000e-10  1.74075970e+00  1.85924030e+00  2.58043820e+00  2.37202500e+00 
 9.52640000e-10  1.74136011e+00  1.85863989e+00  2.57956251e+00  2.37289650e+00 
 9.53140000e-10  1.74196110e+00  1.85803890e+00  2.57868419e+00  2.37377066e+00 
 9.53640000e-10  1.74256267e+00  1.85743733e+00  2.57780326e+00  2.37464746e+00 
 9.54140000e-10  1.74316480e+00  1.85683520e+00  2.57691975e+00  2.37552687e+00 
 9.54640000e-10  1.74376750e+00  1.85623250e+00  2.57603370e+00  2.37640886e+00 
 9.55140000e-10  1.74437074e+00  1.85562926e+00  2.57514513e+00  2.37729340e+00 
 9.55640000e-10  1.74497454e+00  1.85502546e+00  2.57425407e+00  2.37818046e+00 
 9.56140000e-10  1.74557888e+00  1.85442112e+00  2.57336055e+00  2.37907002e+00 
 9.56640000e-10  1.74618376e+00  1.85381624e+00  2.57246461e+00  2.37996205e+00 
 9.57140000e-10  1.74678917e+00  1.85321083e+00  2.57156626e+00  2.38085651e+00 
 9.57640000e-10  1.74739510e+00  1.85260490e+00  2.57066553e+00  2.38175338e+00 
 9.58140000e-10  1.74800156e+00  1.85199844e+00  2.56976246e+00  2.38265264e+00 
 9.58640000e-10  1.74860852e+00  1.85139148e+00  2.56885708e+00  2.38355424e+00 
 9.59140000e-10  1.74921600e+00  1.85078400e+00  2.56794940e+00  2.38445817e+00 
 9.59640000e-10  1.74982397e+00  1.85017603e+00  2.56703946e+00  2.38536440e+00 
 9.60140000e-10  1.75043244e+00  1.84956756e+00  2.56612728e+00  2.38627290e+00 
 9.60640000e-10  1.75104140e+00  1.84895860e+00  2.56521290e+00  2.38718365e+00 
 9.61140000e-10  1.75165085e+00  1.84834915e+00  2.56429634e+00  2.38809660e+00 
 9.61640000e-10  1.75226077e+00  1.84773923e+00  2.56337762e+00  2.38901175e+00 
 9.62140000e-10  1.75287116e+00  1.84712884e+00  2.56245678e+00  2.38992905e+00 
 9.62640000e-10  1.75348201e+00  1.84651799e+00  2.56153384e+00  2.39084849e+00 
 9.63140000e-10  1.75409333e+00  1.84590667e+00  2.56060882e+00  2.39177003e+00 
 9.63640000e-10  1.75470510e+00  1.84529490e+00  2.55968176e+00  2.39269365e+00 
 9.64140000e-10  1.75531731e+00  1.84468269e+00  2.55875267e+00  2.39361931e+00 
 9.64640000e-10  1.75592997e+00  1.84407003e+00  2.55782159e+00  2.39454701e+00 
 9.65140000e-10  1.75654306e+00  1.84345694e+00  2.55688854e+00  2.39547670e+00 
 9.65640000e-10  1.75715658e+00  1.84284342e+00  2.55595354e+00  2.39640836e+00 
 9.66140000e-10  1.75777052e+00  1.84222948e+00  2.55501663e+00  2.39734196e+00 
 9.66640000e-10  1.75838488e+00  1.84161512e+00  2.55407783e+00  2.39827748e+00 
 9.67140000e-10  1.75899966e+00  1.84100034e+00  2.55313715e+00  2.39921489e+00 
 9.67640000e-10  1.75961483e+00  1.84038517e+00  2.55219463e+00  2.40015417e+00 
 9.68140000e-10  1.76023040e+00  1.83976960e+00  2.55125030e+00  2.40109528e+00 
 9.68640000e-10  1.76084637e+00  1.83915363e+00  2.55030417e+00  2.40203820e+00 
 9.69140000e-10  1.76146272e+00  1.83853728e+00  2.54935627e+00  2.40298291e+00 
 9.69640000e-10  1.76207946e+00  1.83792054e+00  2.54840663e+00  2.40392937e+00 
 9.70140000e-10  1.76269656e+00  1.83730344e+00  2.54745527e+00  2.40487757e+00 
 9.70640000e-10  1.76331404e+00  1.83668596e+00  2.54650222e+00  2.40582747e+00 
 9.71140000e-10  1.76393188e+00  1.83606812e+00  2.54554749e+00  2.40677906e+00 
 9.71640000e-10  1.76455007e+00  1.83544993e+00  2.54459111e+00  2.40773230e+00 
 9.72140000e-10  1.76516862e+00  1.83483138e+00  2.54363311e+00  2.40868717e+00 
 9.72640000e-10  1.76578750e+00  1.83421250e+00  2.54267351e+00  2.40964364e+00 
 9.73140000e-10  1.76640673e+00  1.83359327e+00  2.54171233e+00  2.41060169e+00 
 9.73640000e-10  1.76702628e+00  1.83297372e+00  2.54074960e+00  2.41156130e+00 
 9.74140000e-10  1.76764617e+00  1.83235383e+00  2.53978534e+00  2.41252243e+00 
 9.74640000e-10  1.76826637e+00  1.83173363e+00  2.53881957e+00  2.41348506e+00 
 9.75140000e-10  1.76888688e+00  1.83111312e+00  2.53785231e+00  2.41444918e+00 
 9.75640000e-10  1.76950770e+00  1.83049230e+00  2.53688360e+00  2.41541474e+00 
 9.76140000e-10  1.77012883e+00  1.82987117e+00  2.53591344e+00  2.41638173e+00 
 9.76640000e-10  1.77075024e+00  1.82924976e+00  2.53494187e+00  2.41735012e+00 
 9.77140000e-10  1.77137195e+00  1.82862805e+00  2.53396891e+00  2.41831988e+00 
 9.77640000e-10  1.77199394e+00  1.82800606e+00  2.53299457e+00  2.41929100e+00 
 9.78140000e-10  1.77261620e+00  1.82738380e+00  2.53201889e+00  2.42026345e+00 
 9.78640000e-10  1.77323874e+00  1.82676126e+00  2.53104187e+00  2.42123720e+00 
 9.79140000e-10  1.77386154e+00  1.82613846e+00  2.53006356e+00  2.42221222e+00 
 9.79640000e-10  1.77448460e+00  1.82551540e+00  2.52908396e+00  2.42318850e+00 
 9.80140000e-10  1.77510790e+00  1.82489210e+00  2.52810310e+00  2.42416601e+00 
 9.80640000e-10  1.77573146e+00  1.82426854e+00  2.52712100e+00  2.42514473e+00 
 9.81140000e-10  1.77635525e+00  1.82364475e+00  2.52613769e+00  2.42612462e+00 
 9.81640000e-10  1.77697928e+00  1.82302072e+00  2.52515318e+00  2.42710567e+00 
 9.82140000e-10  1.77760354e+00  1.82239646e+00  2.52416749e+00  2.42808784e+00 
 9.82640000e-10  1.77822801e+00  1.82177199e+00  2.52318066e+00  2.42907113e+00 
 9.83140000e-10  1.77885270e+00  1.82114730e+00  2.52219269e+00  2.43005550e+00 
 9.83640000e-10  1.77947760e+00  1.82052240e+00  2.52120362e+00  2.43104092e+00 
 9.84140000e-10  1.78010271e+00  1.81989729e+00  2.52021345e+00  2.43202738e+00 
 9.84640000e-10  1.78072800e+00  1.81927200e+00  2.51922223e+00  2.43301485e+00 
 9.85140000e-10  1.78135349e+00  1.81864651e+00  2.51822995e+00  2.43400331e+00 
 9.85640000e-10  1.78197917e+00  1.81802083e+00  2.51723665e+00  2.43499273e+00 
 9.86140000e-10  1.78260502e+00  1.81739498e+00  2.51624235e+00  2.43598308e+00 
 9.86640000e-10  1.78323104e+00  1.81676896e+00  2.51524707e+00  2.43697435e+00 
 9.87140000e-10  1.78385723e+00  1.81614277e+00  2.51425083e+00  2.43796650e+00 
 9.87640000e-10  1.78448357e+00  1.81551643e+00  2.51325365e+00  2.43895952e+00 
 9.88140000e-10  1.78511007e+00  1.81488993e+00  2.51225555e+00  2.43995338e+00 
 9.88640000e-10  1.78573672e+00  1.81426328e+00  2.51125655e+00  2.44094806e+00 
 9.89140000e-10  1.78636351e+00  1.81363649e+00  2.51025668e+00  2.44194353e+00 
 9.89640000e-10  1.78699043e+00  1.81300957e+00  2.50925596e+00  2.44293976e+00 
 9.90140000e-10  1.78761748e+00  1.81238252e+00  2.50825440e+00  2.44393674e+00 
 9.90640000e-10  1.78824466e+00  1.81175534e+00  2.50725204e+00  2.44493443e+00 
 9.91140000e-10  1.78887195e+00  1.81112805e+00  2.50624888e+00  2.44593282e+00 
 9.91640000e-10  1.78949934e+00  1.81050066e+00  2.50524495e+00  2.44693187e+00 
 9.92140000e-10  1.79012685e+00  1.80987315e+00  2.50424028e+00  2.44793157e+00 
 9.92640000e-10  1.79075445e+00  1.80924555e+00  2.50323488e+00  2.44893189e+00 
 9.93140000e-10  1.79138214e+00  1.80861786e+00  2.50222878e+00  2.44993280e+00 
 9.93640000e-10  1.79200992e+00  1.80799008e+00  2.50122200e+00  2.45093428e+00 
 9.94140000e-10  1.79263777e+00  1.80736223e+00  2.50021456e+00  2.45193630e+00 
 9.94640000e-10  1.79326570e+00  1.80673430e+00  2.49920648e+00  2.45293884e+00 
 9.95140000e-10  1.79389369e+00  1.80610631e+00  2.49819779e+00  2.45394187e+00 
 9.95640000e-10  1.79452175e+00  1.80547825e+00  2.49718851e+00  2.45494536e+00 
 9.96140000e-10  1.79514986e+00  1.80485014e+00  2.49617866e+00  2.45594930e+00 
 9.96640000e-10  1.79577801e+00  1.80422199e+00  2.49516826e+00  2.45695364e+00 
 9.97140000e-10  1.79640621e+00  1.80359379e+00  2.49415734e+00  2.45795838e+00 
 9.97640000e-10  1.79703445e+00  1.80296555e+00  2.49314592e+00  2.45896348e+00 
 9.98140000e-10  1.79766271e+00  1.80233729e+00  2.49213403e+00  2.45996891e+00 
 9.98640000e-10  1.79829099e+00  1.80170901e+00  2.49112168e+00  2.46097465e+00 
 9.99140000e-10  1.79891930e+00  1.80108070e+00  2.49010891e+00  2.46198067e+00 
 9.99640000e-10  1.79954761e+00  1.80045239e+00  2.48909574e+00  2.46298695e+00 
 1.00014000e-09  1.80017593e+00  1.79982407e+00  2.48808219e+00  2.46399345e+00 
 1.00064000e-09  1.80080425e+00  1.79919575e+00  2.48706828e+00  2.46500016e+00 
 1.00114000e-09  1.80143255e+00  1.79856745e+00  2.48605405e+00  2.46600704e+00 
 1.00164000e-09  1.80206085e+00  1.79793915e+00  2.48503952e+00  2.46701407e+00 
 1.00214000e-09  1.80268912e+00  1.79731088e+00  2.48402471e+00  2.46802122e+00 
 1.00264000e-09  1.80331737e+00  1.79668263e+00  2.48300965e+00  2.46902847e+00 
 1.00314000e-09  1.80394558e+00  1.79605442e+00  2.48199437e+00  2.47003579e+00 
 1.00364000e-09  1.80457376e+00  1.79542624e+00  2.48097890e+00  2.47104315e+00 
 1.00414000e-09  1.80520189e+00  1.79479811e+00  2.47996325e+00  2.47205053e+00 
 1.00464000e-09  1.80582997e+00  1.79417003e+00  2.47894746e+00  2.47305790e+00 
 1.00514000e-09  1.80645799e+00  1.79354201e+00  2.47793155e+00  2.47406525e+00 
 1.00564000e-09  1.80708595e+00  1.79291405e+00  2.47691556e+00  2.47507254e+00 
 1.00614000e-09  1.80771384e+00  1.79228616e+00  2.47589950e+00  2.47607975e+00 
 1.00664000e-09  1.80834165e+00  1.79165835e+00  2.47488342e+00  2.47708686e+00 
 1.00714000e-09  1.80896938e+00  1.79103062e+00  2.47386732e+00  2.47809385e+00 
 1.00764000e-09  1.80959702e+00  1.79040298e+00  2.47285125e+00  2.47910070e+00 
 1.00814000e-09  1.81022457e+00  1.78977543e+00  2.47183524e+00  2.48010739e+00 
 1.00864000e-09  1.81085201e+00  1.78914799e+00  2.47081930e+00  2.48111391e+00 
 1.00914000e-09  1.81147935e+00  1.78852065e+00  2.46980347e+00  2.48212022e+00 
 1.00964000e-09  1.81210658e+00  1.78789342e+00  2.46878778e+00  2.48312632e+00 
 1.01014000e-09  1.81273368e+00  1.78726632e+00  2.46777225e+00  2.48413220e+00 
 1.01064000e-09  1.81336066e+00  1.78663934e+00  2.46675692e+00  2.48513783e+00 
 1.01114000e-09  1.81398751e+00  1.78601249e+00  2.46574181e+00  2.48614320e+00 
 1.01164000e-09  1.81461422e+00  1.78538578e+00  2.46472696e+00  2.48714831e+00 
 1.01214000e-09  1.81524078e+00  1.78475922e+00  2.46371239e+00  2.48815313e+00 
 1.01264000e-09  1.81586720e+00  1.78413280e+00  2.46269813e+00  2.48915767e+00 
 1.01314000e-09  1.81649346e+00  1.78350654e+00  2.46168421e+00  2.49016190e+00 
 1.01364000e-09  1.81711955e+00  1.78288045e+00  2.46067066e+00  2.49116582e+00 
 1.01414000e-09  1.81774548e+00  1.78225452e+00  2.45965752e+00  2.49216942e+00 
 1.01464000e-09  1.81837123e+00  1.78162877e+00  2.45864480e+00  2.49317269e+00 
 1.01514000e-09  1.81899680e+00  1.78100320e+00  2.45763254e+00  2.49417562e+00 
 1.01564000e-09  1.81962219e+00  1.78037781e+00  2.45662077e+00  2.49517821e+00 
 1.01614000e-09  1.82024738e+00  1.77975262e+00  2.45560951e+00  2.49618043e+00 
 1.01664000e-09  1.82087237e+00  1.77912763e+00  2.45459880e+00  2.49718228e+00 
 1.01714000e-09  1.82149715e+00  1.77850285e+00  2.45358866e+00  2.49818375e+00 
 1.01764000e-09  1.82212172e+00  1.77787828e+00  2.45257912e+00  2.49918483e+00 
 1.01814000e-09  1.82274607e+00  1.77725393e+00  2.45157021e+00  2.50018550e+00 
 1.01864000e-09  1.82337020e+00  1.77662980e+00  2.45056196e+00  2.50118576e+00 
 1.01914000e-09  1.82399410e+00  1.77600590e+00  2.44955439e+00  2.50218558e+00 
 1.01964000e-09  1.82461776e+00  1.77538224e+00  2.44854752e+00  2.50318496e+00 
 1.02014000e-09  1.82524118e+00  1.77475882e+00  2.44754139e+00  2.50418387e+00 
 1.02064000e-09  1.82586435e+00  1.77413565e+00  2.44653602e+00  2.50518231e+00 
 1.02114000e-09  1.82648726e+00  1.77351274e+00  2.44553144e+00  2.50618024e+00 
 1.02164000e-09  1.82710991e+00  1.77289009e+00  2.44452766e+00  2.50717766e+00 
 1.02214000e-09  1.82773230e+00  1.77226770e+00  2.44352471e+00  2.50817454e+00 
 1.02264000e-09  1.82835441e+00  1.77164559e+00  2.44252262e+00  2.50917086e+00 
 1.02314000e-09  1.82897624e+00  1.77102376e+00  2.44152141e+00  2.51016661e+00 
 1.02364000e-09  1.82959779e+00  1.77040221e+00  2.44052109e+00  2.51116175e+00 
 1.02414000e-09  1.83021904e+00  1.76978096e+00  2.43952170e+00  2.51215627e+00 
 1.02464000e-09  1.83083999e+00  1.76916001e+00  2.43852326e+00  2.51315014e+00 
 1.02514000e-09  1.83146064e+00  1.76853936e+00  2.43752577e+00  2.51414334e+00 
 1.02564000e-09  1.83208098e+00  1.76791902e+00  2.43652928e+00  2.51513585e+00 
 1.02614000e-09  1.83270101e+00  1.76729899e+00  2.43553379e+00  2.51612763e+00 
 1.02664000e-09  1.83332071e+00  1.76667929e+00  2.43453934e+00  2.51711866e+00 
 1.02714000e-09  1.83394008e+00  1.76605992e+00  2.43354592e+00  2.51810893e+00 
 1.02764000e-09  1.83455912e+00  1.76544088e+00  2.43255358e+00  2.51909839e+00 
 1.02814000e-09  1.83517781e+00  1.76482219e+00  2.43156233e+00  2.52008702e+00 
 1.02864000e-09  1.83579616e+00  1.76420384e+00  2.43057218e+00  2.52107481e+00 
 1.02914000e-09  1.83641416e+00  1.76358584e+00  2.42958317e+00  2.52206171e+00 
 1.02964000e-09  1.83703179e+00  1.76296821e+00  2.42859529e+00  2.52304770e+00 
 1.03014000e-09  1.83764906e+00  1.76235094e+00  2.42760859e+00  2.52403275e+00 
 1.03064000e-09  1.83826596e+00  1.76173404e+00  2.42662307e+00  2.52501684e+00 
 1.03114000e-09  1.83888248e+00  1.76111752e+00  2.42563876e+00  2.52599993e+00 
 1.03164000e-09  1.83949862e+00  1.76050138e+00  2.42465567e+00  2.52698200e+00 
 1.03214000e-09  1.84011437e+00  1.75988563e+00  2.42367383e+00  2.52796303e+00 
 1.03264000e-09  1.84072972e+00  1.75927028e+00  2.42269325e+00  2.52894297e+00 
 1.03314000e-09  1.84134467e+00  1.75865533e+00  2.42171395e+00  2.52992180e+00 
 1.03364000e-09  1.84195921e+00  1.75804079e+00  2.42073595e+00  2.53089949e+00 
 1.03414000e-09  1.84257334e+00  1.75742666e+00  2.41975928e+00  2.53187602e+00 
 1.03464000e-09  1.84318704e+00  1.75681296e+00  2.41878395e+00  2.53285136e+00 
 1.03514000e-09  1.84380032e+00  1.75619968e+00  2.41780997e+00  2.53382546e+00 
 1.03564000e-09  1.84441317e+00  1.75558683e+00  2.41683738e+00  2.53479832e+00 
 1.03614000e-09  1.84502558e+00  1.75497442e+00  2.41586619e+00  2.53576989e+00 
 1.03664000e-09  1.84563755e+00  1.75436245e+00  2.41489642e+00  2.53674015e+00 
 1.03714000e-09  1.84624906e+00  1.75375094e+00  2.41392809e+00  2.53770907e+00 
 1.03764000e-09  1.84686012e+00  1.75313988e+00  2.41296123e+00  2.53867661e+00 
 1.03814000e-09  1.84747072e+00  1.75252928e+00  2.41199584e+00  2.53964276e+00 
 1.03864000e-09  1.84808085e+00  1.75191915e+00  2.41103196e+00  2.54060748e+00 
 1.03914000e-09  1.84869050e+00  1.75130950e+00  2.41006960e+00  2.54157074e+00 
 1.03964000e-09  1.84929967e+00  1.75070033e+00  2.40910878e+00  2.54253251e+00 
 1.04014000e-09  1.84990836e+00  1.75009164e+00  2.40814953e+00  2.54349277e+00 
 1.04064000e-09  1.85051655e+00  1.74948345e+00  2.40719186e+00  2.54445149e+00 
 1.04114000e-09  1.85112425e+00  1.74887575e+00  2.40623581e+00  2.54540862e+00 
 1.04164000e-09  1.85173144e+00  1.74826856e+00  2.40528138e+00  2.54636416e+00 
 1.04214000e-09  1.85233812e+00  1.74766188e+00  2.40432860e+00  2.54731806e+00 
 1.04264000e-09  1.85294428e+00  1.74705572e+00  2.40337750e+00  2.54827031e+00 
 1.04314000e-09  1.85354992e+00  1.74645008e+00  2.40242809e+00  2.54922086e+00 
 1.04364000e-09  1.85415504e+00  1.74584496e+00  2.40148041e+00  2.55016969e+00 
 1.04414000e-09  1.85475961e+00  1.74524039e+00  2.40053446e+00  2.55111678e+00 
 1.04464000e-09  1.85536365e+00  1.74463635e+00  2.39959028e+00  2.55206209e+00 
 1.04514000e-09  1.85596714e+00  1.74403286e+00  2.39864788e+00  2.55300560e+00 
 1.04564000e-09  1.85657008e+00  1.74342992e+00  2.39770730e+00  2.55394727e+00 
 1.04614000e-09  1.85717246e+00  1.74282754e+00  2.39676855e+00  2.55488708e+00 
 1.04664000e-09  1.85777428e+00  1.74222572e+00  2.39583166e+00  2.55582500e+00 
 1.04714000e-09  1.85837552e+00  1.74162448e+00  2.39489665e+00  2.55676099e+00 
 1.04764000e-09  1.85897619e+00  1.74102381e+00  2.39396355e+00  2.55769504e+00 
 1.04814000e-09  1.85957628e+00  1.74042372e+00  2.39303238e+00  2.55862711e+00 
 1.04864000e-09  1.86017578e+00  1.73982422e+00  2.39210316e+00  2.55955718e+00 
 1.04914000e-09  1.86077469e+00  1.73922531e+00  2.39117593e+00  2.56048521e+00 
 1.04964000e-09  1.86137299e+00  1.73862701e+00  2.39025070e+00  2.56141118e+00 
 1.05014000e-09  1.86197069e+00  1.73802931e+00  2.38932750e+00  2.56233505e+00 
 1.05064000e-09  1.86256778e+00  1.73743222e+00  2.38840636e+00  2.56325680e+00 
 1.05114000e-09  1.86316425e+00  1.73683575e+00  2.38748730e+00  2.56417641e+00 
 1.05164000e-09  1.86376010e+00  1.73623990e+00  2.38657035e+00  2.56509383e+00 
 1.05214000e-09  1.86435532e+00  1.73564468e+00  2.38565554e+00  2.56600904e+00 
 1.05264000e-09  1.86494990e+00  1.73505010e+00  2.38474289e+00  2.56692202e+00 
 1.05314000e-09  1.86554384e+00  1.73445616e+00  2.38383242e+00  2.56783273e+00 
 1.05364000e-09  1.86613714e+00  1.73386286e+00  2.38292417e+00  2.56874115e+00 
 1.05414000e-09  1.86672978e+00  1.73327022e+00  2.38201817e+00  2.56964724e+00 
 1.05464000e-09  1.86732177e+00  1.73267823e+00  2.38111443e+00  2.57055098e+00 
 1.05514000e-09  1.86791309e+00  1.73208691e+00  2.38021299e+00  2.57145233e+00 
 1.05564000e-09  1.86850374e+00  1.73149626e+00  2.37931388e+00  2.57235127e+00 
 1.05614000e-09  1.86909371e+00  1.73090629e+00  2.37841712e+00  2.57324777e+00 
 1.05664000e-09  1.86968300e+00  1.73031700e+00  2.37752274e+00  2.57414180e+00 
 1.05714000e-09  1.87027160e+00  1.72972840e+00  2.37663078e+00  2.57503332e+00 
 1.05764000e-09  1.87085951e+00  1.72914049e+00  2.37574125e+00  2.57592231e+00 
 1.05814000e-09  1.87144672e+00  1.72855328e+00  2.37485419e+00  2.57680874e+00 
 1.05864000e-09  1.87203323e+00  1.72796677e+00  2.37396963e+00  2.57769258e+00 
 1.05914000e-09  1.87261902e+00  1.72738098e+00  2.37308759e+00  2.57857380e+00 
 1.05964000e-09  1.87320410e+00  1.72679590e+00  2.37220811e+00  2.57945236e+00 
 1.06014000e-09  1.87378846e+00  1.72621154e+00  2.37133122e+00  2.58032824e+00 
 1.06064000e-09  1.87437208e+00  1.72562792e+00  2.37045695e+00  2.58120140e+00 
 1.06114000e-09  1.87495498e+00  1.72504502e+00  2.36958531e+00  2.58207182e+00 
 1.06164000e-09  1.87553713e+00  1.72446287e+00  2.36871636e+00  2.58293947e+00 
 1.06214000e-09  1.87611854e+00  1.72388146e+00  2.36785012e+00  2.58380430e+00 
 1.06264000e-09  1.87669919e+00  1.72330081e+00  2.36698661e+00  2.58466630e+00 
 1.06314000e-09  1.87727909e+00  1.72272091e+00  2.36612587e+00  2.58552543e+00 
 1.06364000e-09  1.87785823e+00  1.72214177e+00  2.36526793e+00  2.58638165e+00 
 1.06414000e-09  1.87843660e+00  1.72156340e+00  2.36441283e+00  2.58723494e+00 
 1.06464000e-09  1.87901419e+00  1.72098581e+00  2.36356059e+00  2.58808527e+00 
 1.06514000e-09  1.87959101e+00  1.72040899e+00  2.36271124e+00  2.58893259e+00 
 1.06564000e-09  1.88016704e+00  1.71983296e+00  2.36186483e+00  2.58977689e+00 
 1.06614000e-09  1.88074227e+00  1.71925773e+00  2.36102137e+00  2.59061812e+00 
 1.06664000e-09  1.88131671e+00  1.71868329e+00  2.36018091e+00  2.59145626e+00 
 1.06714000e-09  1.88189035e+00  1.71810965e+00  2.35934347e+00  2.59229126e+00 
 1.06764000e-09  1.88246318e+00  1.71753682e+00  2.35850910e+00  2.59312310e+00 
 1.06814000e-09  1.88303520e+00  1.71696480e+00  2.35767781e+00  2.59395175e+00 
 1.06864000e-09  1.88360639e+00  1.71639361e+00  2.35684965e+00  2.59477717e+00 
 1.06914000e-09  1.88417677e+00  1.71582323e+00  2.35602466e+00  2.59559932e+00 
 1.06964000e-09  1.88474631e+00  1.71525369e+00  2.35520285e+00  2.59641818e+00 
 1.07014000e-09  1.88531501e+00  1.71468499e+00  2.35438427e+00  2.59723370e+00 
 1.07064000e-09  1.88588287e+00  1.71411713e+00  2.35356895e+00  2.59804586e+00 
 1.07114000e-09  1.88644989e+00  1.71355011e+00  2.35275693e+00  2.59885461e+00 
 1.07164000e-09  1.88701605e+00  1.71298395e+00  2.35194824e+00  2.59965993e+00 
 1.07214000e-09  1.88758135e+00  1.71241865e+00  2.35114292e+00  2.60046178e+00 
 1.07264000e-09  1.88814579e+00  1.71185421e+00  2.35034099e+00  2.60126012e+00 
 1.07314000e-09  1.88870936e+00  1.71129064e+00  2.34954250e+00  2.60205492e+00 
 1.07364000e-09  1.88927205e+00  1.71072795e+00  2.34874749e+00  2.60284614e+00 
 1.07414000e-09  1.88983386e+00  1.71016614e+00  2.34795598e+00  2.60363375e+00 
 1.07464000e-09  1.89039479e+00  1.70960521e+00  2.34716801e+00  2.60441771e+00 
 1.07514000e-09  1.89095482e+00  1.70904518e+00  2.34638362e+00  2.60519798e+00 
 1.07564000e-09  1.89151395e+00  1.70848605e+00  2.34560285e+00  2.60597454e+00 
 1.07614000e-09  1.89207219e+00  1.70792781e+00  2.34482573e+00  2.60674733e+00 
 1.07664000e-09  1.89262951e+00  1.70737049e+00  2.34405229e+00  2.60751632e+00 
 1.07714000e-09  1.89318592e+00  1.70681408e+00  2.34328258e+00  2.60828148e+00 
 1.07764000e-09  1.89374141e+00  1.70625859e+00  2.34251664e+00  2.60904278e+00 
 1.07814000e-09  1.89429597e+00  1.70570403e+00  2.34175449e+00  2.60980016e+00 
 1.07864000e-09  1.89484960e+00  1.70515040e+00  2.34099618e+00  2.61055360e+00 
 1.07914000e-09  1.89540230e+00  1.70459770e+00  2.34024174e+00  2.61130306e+00 
 1.07964000e-09  1.89595406e+00  1.70404594e+00  2.33949121e+00  2.61204849e+00 
 1.08014000e-09  1.89650487e+00  1.70349513e+00  2.33874463e+00  2.61278987e+00 
 1.08064000e-09  1.89705472e+00  1.70294528e+00  2.33800204e+00  2.61352715e+00 
 1.08114000e-09  1.89760362e+00  1.70239638e+00  2.33726347e+00  2.61426029e+00 
 1.08164000e-09  1.89815155e+00  1.70184845e+00  2.33652896e+00  2.61498926e+00 
 1.08214000e-09  1.89869852e+00  1.70130148e+00  2.33579856e+00  2.61571401e+00 
 1.08264000e-09  1.89924451e+00  1.70075549e+00  2.33507229e+00  2.61643452e+00 
 1.08314000e-09  1.89978953e+00  1.70021047e+00  2.33435020e+00  2.61715074e+00 
 1.08364000e-09  1.90033355e+00  1.69966645e+00  2.33363233e+00  2.61786262e+00 
 1.08414000e-09  1.90087659e+00  1.69912341e+00  2.33291871e+00  2.61857014e+00 
 1.08464000e-09  1.90141863e+00  1.69858137e+00  2.33220938e+00  2.61927325e+00 
 1.08514000e-09  1.90195967e+00  1.69804033e+00  2.33150439e+00  2.61997192e+00 
 1.08564000e-09  1.90249971e+00  1.69750029e+00  2.33080376e+00  2.62066610e+00 
 1.08614000e-09  1.90303873e+00  1.69696127e+00  2.33010755e+00  2.62135576e+00 
 1.08664000e-09  1.90357674e+00  1.69642326e+00  2.32941578e+00  2.62204086e+00 
 1.08714000e-09  1.90411372e+00  1.69588628e+00  2.32872850e+00  2.62272135e+00 
 1.08764000e-09  1.90464968e+00  1.69535032e+00  2.32804574e+00  2.62339720e+00 
 1.08814000e-09  1.90518460e+00  1.69481540e+00  2.32736755e+00  2.62406837e+00 
 1.08864000e-09  1.90571849e+00  1.69428151e+00  2.32669396e+00  2.62473482e+00 
 1.08914000e-09  1.90625133e+00  1.69374867e+00  2.32602501e+00  2.62539652e+00 
 1.08964000e-09  1.90678312e+00  1.69321688e+00  2.32536074e+00  2.62605341e+00 
 1.09014000e-09  1.90731386e+00  1.69268614e+00  2.32470119e+00  2.62670548e+00 
 1.09064000e-09  1.90784354e+00  1.69215646e+00  2.32404639e+00  2.62735266e+00 
 1.09114000e-09  1.90837216e+00  1.69162784e+00  2.32339639e+00  2.62799494e+00 
 1.09164000e-09  1.90889970e+00  1.69110030e+00  2.32275121e+00  2.62863227e+00 
 1.09214000e-09  1.90942617e+00  1.69057383e+00  2.32211091e+00  2.62926460e+00 
 1.09264000e-09  1.90995156e+00  1.69004844e+00  2.32147552e+00  2.62989192e+00 
 1.09314000e-09  1.91047587e+00  1.68952413e+00  2.32084507e+00  2.63051417e+00 
 1.09364000e-09  1.91099909e+00  1.68900091e+00  2.32021960e+00  2.63113132e+00 
 1.09414000e-09  1.91152121e+00  1.68847879e+00  2.31959914e+00  2.63174333e+00 
 1.09464000e-09  1.91204223e+00  1.68795777e+00  2.31898375e+00  2.63235017e+00 
 1.09514000e-09  1.91256214e+00  1.68743786e+00  2.31837344e+00  2.63295180e+00 
 1.09564000e-09  1.91308094e+00  1.68691906e+00  2.31776825e+00  2.63354819e+00 
 1.09614000e-09  1.91359863e+00  1.68640137e+00  2.31716823e+00  2.63413929e+00 
 1.09664000e-09  1.91411519e+00  1.68588481e+00  2.31657340e+00  2.63472509e+00 
 1.09714000e-09  1.91463063e+00  1.68536937e+00  2.31598380e+00  2.63530553e+00 
 1.09764000e-09  1.91514494e+00  1.68485506e+00  2.31539947e+00  2.63588060e+00 
 1.09814000e-09  1.91565811e+00  1.68434189e+00  2.31482042e+00  2.63645025e+00 
 1.09864000e-09  1.91617014e+00  1.68382986e+00  2.31424671e+00  2.63701445e+00 
 1.09914000e-09  1.91668103e+00  1.68331897e+00  2.31367836e+00  2.63757318e+00 
 1.09964000e-09  1.91719076e+00  1.68280924e+00  2.31311540e+00  2.63812640e+00 
 1.10014000e-09  1.91769933e+00  1.68230067e+00  2.31255786e+00  2.63867408e+00 
 1.10064000e-09  1.91820675e+00  1.68179325e+00  2.31200577e+00  2.63921620e+00 
 1.10114000e-09  1.91871300e+00  1.68128700e+00  2.31145916e+00  2.63975272e+00 
 1.10164000e-09  1.91921807e+00  1.68078193e+00  2.31091806e+00  2.64028362e+00 
 1.10214000e-09  1.91972197e+00  1.68027803e+00  2.31038250e+00  2.64080886e+00 
 1.10264000e-09  1.92022469e+00  1.67977531e+00  2.30985250e+00  2.64132844e+00 
 1.10314000e-09  1.92072622e+00  1.67927378e+00  2.30932808e+00  2.64184232e+00 
 1.10364000e-09  1.92122656e+00  1.67877344e+00  2.30880928e+00  2.64235047e+00 
 1.10414000e-09  1.92172570e+00  1.67827430e+00  2.30829611e+00  2.64285288e+00 
 1.10464000e-09  1.92222364e+00  1.67777636e+00  2.30778860e+00  2.64334952e+00 
 1.10514000e-09  1.92272037e+00  1.67727963e+00  2.30728677e+00  2.64384038e+00 
 1.10564000e-09  1.92321590e+00  1.67678410e+00  2.30679063e+00  2.64432544e+00 
 1.10614000e-09  1.92371021e+00  1.67628979e+00  2.30630021e+00  2.64480468e+00 
 1.10664000e-09  1.92420329e+00  1.67579671e+00  2.30581553e+00  2.64527808e+00 
 1.10714000e-09  1.92469515e+00  1.67530485e+00  2.30533660e+00  2.64574563e+00 
 1.10764000e-09  1.92518578e+00  1.67481422e+00  2.30486343e+00  2.64620731e+00 
 1.10814000e-09  1.92567518e+00  1.67432482e+00  2.30439604e+00  2.64666312e+00 
 1.10864000e-09  1.92616333e+00  1.67383667e+00  2.30393444e+00  2.64711304e+00 
 1.10914000e-09  1.92665024e+00  1.67334976e+00  2.30347864e+00  2.64755707e+00 
 1.10964000e-09  1.92713590e+00  1.67286410e+00  2.30302865e+00  2.64799520e+00 
 1.11014000e-09  1.92762030e+00  1.67237970e+00  2.30258449e+00  2.64842742e+00 
 1.11064000e-09  1.92810345e+00  1.67189655e+00  2.30214614e+00  2.64885373e+00 
 1.11114000e-09  1.92858533e+00  1.67141467e+00  2.30171362e+00  2.64927413e+00 
 1.11164000e-09  1.92906594e+00  1.67093406e+00  2.30128694e+00  2.64968861e+00 
 1.11214000e-09  1.92954528e+00  1.67045472e+00  2.30086608e+00  2.65009718e+00 
 1.11264000e-09  1.93002334e+00  1.66997666e+00  2.30045106e+00  2.65049985e+00 
 1.11314000e-09  1.93050011e+00  1.66949989e+00  2.30004187e+00  2.65089661e+00 
 1.11364000e-09  1.93097560e+00  1.66902440e+00  2.29963850e+00  2.65128748e+00 
 1.11414000e-09  1.93144980e+00  1.66855020e+00  2.29924095e+00  2.65167245e+00 
 1.11464000e-09  1.93192269e+00  1.66807731e+00  2.29884922e+00  2.65205156e+00 
 1.11514000e-09  1.93239429e+00  1.66760571e+00  2.29846328e+00  2.65242479e+00 
 1.11564000e-09  1.93286458e+00  1.66713542e+00  2.29808314e+00  2.65279218e+00 
 1.11614000e-09  1.93333355e+00  1.66666645e+00  2.29770877e+00  2.65315373e+00 
 1.11664000e-09  1.93380122e+00  1.66619878e+00  2.29734017e+00  2.65350947e+00 
 1.11714000e-09  1.93426756e+00  1.66573244e+00  2.29697731e+00  2.65385941e+00 
 1.11764000e-09  1.93473257e+00  1.66526743e+00  2.29662019e+00  2.65420357e+00 
 1.11814000e-09  1.93519626e+00  1.66480374e+00  2.29626876e+00  2.65454199e+00 
 1.11864000e-09  1.93565861e+00  1.66434139e+00  2.29592303e+00  2.65487468e+00 
 1.11914000e-09  1.93611962e+00  1.66388038e+00  2.29558295e+00  2.65520167e+00 
 1.11964000e-09  1.93657929e+00  1.66342071e+00  2.29524851e+00  2.65552300e+00 
 1.12014000e-09  1.93703762e+00  1.66296238e+00  2.29491967e+00  2.65583869e+00 
 1.12064000e-09  1.93749458e+00  1.66250542e+00  2.29459642e+00  2.65614878e+00 
 1.12114000e-09  1.93795020e+00  1.66204980e+00  2.29427870e+00  2.65645330e+00 
 1.12164000e-09  1.93840445e+00  1.66159555e+00  2.29396650e+00  2.65675229e+00 
 1.12214000e-09  1.93885733e+00  1.66114267e+00  2.29365978e+00  2.65704579e+00 
 1.12264000e-09  1.93930884e+00  1.66069116e+00  2.29335850e+00  2.65733383e+00 
 1.12314000e-09  1.93975898e+00  1.66024102e+00  2.29306262e+00  2.65761647e+00 
 1.12364000e-09  1.94020774e+00  1.65979226e+00  2.29277210e+00  2.65789374e+00 
 1.12414000e-09  1.94065512e+00  1.65934488e+00  2.29248690e+00  2.65816568e+00 
 1.12464000e-09  1.94110111e+00  1.65889889e+00  2.29220698e+00  2.65843236e+00 
 1.12514000e-09  1.94154570e+00  1.65845430e+00  2.29193230e+00  2.65869380e+00 
 1.12564000e-09  1.94198890e+00  1.65801110e+00  2.29166280e+00  2.65895007e+00 
 1.12614000e-09  1.94243070e+00  1.65756930e+00  2.29139844e+00  2.65920122e+00 
 1.12664000e-09  1.94287109e+00  1.65712891e+00  2.29113916e+00  2.65944729e+00 
 1.12714000e-09  1.94331007e+00  1.65668993e+00  2.29088493e+00  2.65968834e+00 
 1.12764000e-09  1.94374764e+00  1.65625236e+00  2.29063569e+00  2.65992443e+00 
 1.12814000e-09  1.94418378e+00  1.65581622e+00  2.29039137e+00  2.66015561e+00 
 1.12864000e-09  1.94461851e+00  1.65538149e+00  2.29015194e+00  2.66038194e+00 
 1.12914000e-09  1.94505181e+00  1.65494819e+00  2.28991734e+00  2.66060348e+00 
 1.12964000e-09  1.94548367e+00  1.65451633e+00  2.28968750e+00  2.66082028e+00 
 1.13014000e-09  1.94591410e+00  1.65408590e+00  2.28946237e+00  2.66103242e+00 
 1.13064000e-09  1.94634309e+00  1.65365691e+00  2.28924190e+00  2.66123994e+00 
 1.13114000e-09  1.94677064e+00  1.65322936e+00  2.28902602e+00  2.66144292e+00 
 1.13164000e-09  1.94719673e+00  1.65280327e+00  2.28881468e+00  2.66164141e+00 
 1.13214000e-09  1.94762138e+00  1.65237862e+00  2.28860780e+00  2.66183548e+00 
 1.13264000e-09  1.94804456e+00  1.65195544e+00  2.28840534e+00  2.66202519e+00 
 1.13314000e-09  1.94846629e+00  1.65153371e+00  2.28820723e+00  2.66221061e+00 
 1.13364000e-09  1.94888655e+00  1.65111345e+00  2.28801340e+00  2.66239181e+00 
 1.13414000e-09  1.94930534e+00  1.65069466e+00  2.28782380e+00  2.66256884e+00 
 1.13464000e-09  1.94972266e+00  1.65027734e+00  2.28763836e+00  2.66274177e+00 
 1.13514000e-09  1.95013850e+00  1.64986150e+00  2.28745701e+00  2.66291067e+00 
 1.13564000e-09  1.95055286e+00  1.64944714e+00  2.28727970e+00  2.66307562e+00 
 1.13614000e-09  1.95096573e+00  1.64903427e+00  2.28710635e+00  2.66323666e+00 
 1.13664000e-09  1.95137711e+00  1.64862289e+00  2.28693691e+00  2.66339388e+00 
 1.13714000e-09  1.95178700e+00  1.64821300e+00  2.28677130e+00  2.66354733e+00 
 1.13764000e-09  1.95219539e+00  1.64780461e+00  2.28660946e+00  2.66369709e+00 
 1.13814000e-09  1.95260228e+00  1.64739772e+00  2.28645133e+00  2.66384321e+00 
 1.13864000e-09  1.95300766e+00  1.64699234e+00  2.28629685e+00  2.66398578e+00 
 1.13914000e-09  1.95341153e+00  1.64658847e+00  2.28614594e+00  2.66412485e+00 
 1.13964000e-09  1.95381389e+00  1.64618611e+00  2.28599855e+00  2.66426049e+00 
 1.14014000e-09  1.95421473e+00  1.64578527e+00  2.28585460e+00  2.66439276e+00 
 1.14064000e-09  1.95461405e+00  1.64538595e+00  2.28571404e+00  2.66452174e+00 
 1.14114000e-09  1.95501184e+00  1.64498816e+00  2.28557679e+00  2.66464748e+00 
 1.14164000e-09  1.95540810e+00  1.64459190e+00  2.28544281e+00  2.66477006e+00 
 1.14214000e-09  1.95580283e+00  1.64419717e+00  2.28531201e+00  2.66488953e+00 
 1.14264000e-09  1.95619602e+00  1.64380398e+00  2.28518435e+00  2.66500597e+00 
 1.14314000e-09  1.95658767e+00  1.64341233e+00  2.28505975e+00  2.66511942e+00 
 1.14364000e-09  1.95697777e+00  1.64302223e+00  2.28493816e+00  2.66522997e+00 
 1.14414000e-09  1.95736633e+00  1.64263367e+00  2.28481951e+00  2.66533766e+00 
 1.14464000e-09  1.95775333e+00  1.64224667e+00  2.28470375e+00  2.66544256e+00 
 1.14514000e-09  1.95813877e+00  1.64186123e+00  2.28459080e+00  2.66554474e+00 
 1.14564000e-09  1.95852265e+00  1.64147735e+00  2.28448062e+00  2.66564424e+00 
 1.14614000e-09  1.95890497e+00  1.64109503e+00  2.28437315e+00  2.66574114e+00 
 1.14664000e-09  1.95928572e+00  1.64071428e+00  2.28426832e+00  2.66583549e+00 
 1.14714000e-09  1.95966490e+00  1.64033510e+00  2.28416608e+00  2.66592734e+00 
 1.14764000e-09  1.96004250e+00  1.63995750e+00  2.28406637e+00  2.66601677e+00 
 1.14814000e-09  1.96041852e+00  1.63958148e+00  2.28396913e+00  2.66610381e+00 
 1.14864000e-09  1.96079296e+00  1.63920704e+00  2.28387431e+00  2.66618853e+00 
 1.14914000e-09  1.96116582e+00  1.63883418e+00  2.28378186e+00  2.66627098e+00 
 1.14964000e-09  1.96153708e+00  1.63846292e+00  2.28369172e+00  2.66635122e+00 
 1.15014000e-09  1.96190674e+00  1.63809326e+00  2.28360383e+00  2.66642930e+00 
 1.15064000e-09  1.96227481e+00  1.63772519e+00  2.28351815e+00  2.66650527e+00 
 1.15114000e-09  1.96264128e+00  1.63735872e+00  2.28343463e+00  2.66657919e+00 
 1.15164000e-09  1.96300614e+00  1.63699386e+00  2.28335320e+00  2.66665109e+00 
 1.15214000e-09  1.96336940e+00  1.63663060e+00  2.28327383e+00  2.66672105e+00 
 1.15264000e-09  1.96373104e+00  1.63626896e+00  2.28319647e+00  2.66678909e+00 
 1.15314000e-09  1.96409107e+00  1.63590893e+00  2.28312106e+00  2.66685527e+00 
 1.15364000e-09  1.96444947e+00  1.63555053e+00  2.28304756e+00  2.66691965e+00 
 1.15414000e-09  1.96480625e+00  1.63519375e+00  2.28297592e+00  2.66698225e+00 
 1.15464000e-09  1.96516141e+00  1.63483859e+00  2.28290610e+00  2.66704313e+00 
 1.15514000e-09  1.96551494e+00  1.63448506e+00  2.28283805e+00  2.66710234e+00 
 1.15564000e-09  1.96586683e+00  1.63413317e+00  2.28277173e+00  2.66715991e+00 
 1.15614000e-09  1.96621709e+00  1.63378291e+00  2.28270710e+00  2.66721589e+00 
 1.15664000e-09  1.96656570e+00  1.63343430e+00  2.28264411e+00  2.66727032e+00 
 1.15714000e-09  1.96691267e+00  1.63308733e+00  2.28258273e+00  2.66732325e+00 
 1.15764000e-09  1.96725800e+00  1.63274200e+00  2.28252291e+00  2.66737470e+00 
 1.15814000e-09  1.96760167e+00  1.63239833e+00  2.28246461e+00  2.66742472e+00 
 1.15864000e-09  1.96794369e+00  1.63205631e+00  2.28240779e+00  2.66747335e+00 
 1.15914000e-09  1.96828405e+00  1.63171595e+00  2.28235243e+00  2.66752063e+00 
 1.15964000e-09  1.96862275e+00  1.63137725e+00  2.28229847e+00  2.66756659e+00 
 1.16014000e-09  1.96895979e+00  1.63104021e+00  2.28224588e+00  2.66761127e+00 
 1.16064000e-09  1.96929516e+00  1.63070484e+00  2.28219464e+00  2.66765470e+00 
 1.16114000e-09  1.96962885e+00  1.63037115e+00  2.28214470e+00  2.66769692e+00 
 1.16164000e-09  1.96996088e+00  1.63003912e+00  2.28209603e+00  2.66773796e+00 
 1.16214000e-09  1.97029122e+00  1.62970878e+00  2.28204859e+00  2.66777785e+00 
 1.16264000e-09  1.97061989e+00  1.62938011e+00  2.28200236e+00  2.66781662e+00 
 1.16314000e-09  1.97094687e+00  1.62905313e+00  2.28195731e+00  2.66785431e+00 
 1.16364000e-09  1.97127217e+00  1.62872783e+00  2.28191340e+00  2.66789095e+00 
 1.16414000e-09  1.97159577e+00  1.62840423e+00  2.28187060e+00  2.66792656e+00 
 1.16464000e-09  1.97191768e+00  1.62808232e+00  2.28182889e+00  2.66796117e+00 
 1.16514000e-09  1.97223789e+00  1.62776211e+00  2.28178823e+00  2.66799482e+00 
 1.16564000e-09  1.97255641e+00  1.62744359e+00  2.28174860e+00  2.66802753e+00 
 1.16614000e-09  1.97287322e+00  1.62712678e+00  2.28170997e+00  2.66805932e+00 
 1.16664000e-09  1.97318832e+00  1.62681168e+00  2.28167231e+00  2.66809022e+00 
 1.16714000e-09  1.97350172e+00  1.62649828e+00  2.28163561e+00  2.66812026e+00 
 1.16764000e-09  1.97381340e+00  1.62618660e+00  2.28159982e+00  2.66814946e+00 
 1.16814000e-09  1.97412337e+00  1.62587663e+00  2.28156494e+00  2.66817785e+00 
 1.16864000e-09  1.97443162e+00  1.62556838e+00  2.28153093e+00  2.66820545e+00 
 1.16914000e-09  1.97473814e+00  1.62526186e+00  2.28149778e+00  2.66823228e+00 
 1.16964000e-09  1.97504295e+00  1.62495705e+00  2.28146545e+00  2.66825836e+00 
 1.17014000e-09  1.97534602e+00  1.62465398e+00  2.28143394e+00  2.66828372e+00 
 1.17064000e-09  1.97564737e+00  1.62435263e+00  2.28140321e+00  2.66830837e+00 
 1.17114000e-09  1.97594698e+00  1.62405302e+00  2.28137324e+00  2.66833235e+00 
 1.17164000e-09  1.97624485e+00  1.62375515e+00  2.28134403e+00  2.66835566e+00 
 1.17214000e-09  1.97654099e+00  1.62345901e+00  2.28131554e+00  2.66837832e+00 
 1.17264000e-09  1.97683538e+00  1.62316462e+00  2.28128775e+00  2.66840036e+00 
 1.17314000e-09  1.97712803e+00  1.62287197e+00  2.28126066e+00  2.66842180e+00 
 1.17364000e-09  1.97741893e+00  1.62258107e+00  2.28123423e+00  2.66844265e+00 
 1.17414000e-09  1.97770807e+00  1.62229193e+00  2.28120846e+00  2.66846292e+00 
 1.17464000e-09  1.97799547e+00  1.62200453e+00  2.28118332e+00  2.66848264e+00 
 1.17514000e-09  1.97828111e+00  1.62171889e+00  2.28115881e+00  2.66850183e+00 
 1.17564000e-09  1.97856498e+00  1.62143502e+00  2.28113489e+00  2.66852049e+00 
 1.17614000e-09  1.97884710e+00  1.62115290e+00  2.28111157e+00  2.66853864e+00 
 1.17664000e-09  1.97912745e+00  1.62087255e+00  2.28108881e+00  2.66855631e+00 
 1.17714000e-09  1.97940603e+00  1.62059397e+00  2.28106661e+00  2.66857350e+00 
 1.17764000e-09  1.97968284e+00  1.62031716e+00  2.28104496e+00  2.66859022e+00 
 1.17814000e-09  1.97995788e+00  1.62004212e+00  2.28102384e+00  2.66860650e+00 
 1.17864000e-09  1.98023114e+00  1.61976886e+00  2.28100323e+00  2.66862234e+00 
 1.17914000e-09  1.98050263e+00  1.61949737e+00  2.28098312e+00  2.66863776e+00 
 1.17964000e-09  1.98077233e+00  1.61922767e+00  2.28096350e+00  2.66865278e+00 
 1.18014000e-09  1.98104025e+00  1.61895975e+00  2.28094436e+00  2.66866739e+00 
 1.18064000e-09  1.98130638e+00  1.61869362e+00  2.28092568e+00  2.66868162e+00 
 1.18114000e-09  1.98157072e+00  1.61842928e+00  2.28090746e+00  2.66869548e+00 
 1.18164000e-09  1.98183327e+00  1.61816673e+00  2.28088968e+00  2.66870898e+00 
 1.18214000e-09  1.98209402e+00  1.61790598e+00  2.28087233e+00  2.66872213e+00 
 1.18264000e-09  1.98235298e+00  1.61764702e+00  2.28085540e+00  2.66873493e+00 
 1.18314000e-09  1.98261014e+00  1.61738986e+00  2.28083888e+00  2.66874741e+00 
 1.18364000e-09  1.98286550e+00  1.61713450e+00  2.28082276e+00  2.66875957e+00 
 1.18414000e-09  1.98311905e+00  1.61688095e+00  2.28080703e+00  2.66877142e+00 
 1.18464000e-09  1.98337079e+00  1.61662921e+00  2.28079168e+00  2.66878297e+00 
 1.18514000e-09  1.98362072e+00  1.61637928e+00  2.28077670e+00  2.66879423e+00 
 1.18564000e-09  1.98386885e+00  1.61613115e+00  2.28076208e+00  2.66880521e+00 
 1.18614000e-09  1.98411515e+00  1.61588485e+00  2.28074782e+00  2.66881591e+00 
 1.18664000e-09  1.98435964e+00  1.61564036e+00  2.28073390e+00  2.66882636e+00 
 1.18714000e-09  1.98460231e+00  1.61539769e+00  2.28072032e+00  2.66883654e+00 
 1.18764000e-09  1.98484316e+00  1.61515684e+00  2.28070706e+00  2.66884648e+00 
 1.18814000e-09  1.98508218e+00  1.61491782e+00  2.28069413e+00  2.66885618e+00 
 1.18864000e-09  1.98531938e+00  1.61468062e+00  2.28068151e+00  2.66886564e+00 
 1.18914000e-09  1.98555475e+00  1.61444525e+00  2.28066919e+00  2.66887488e+00 
 1.18964000e-09  1.98578829e+00  1.61421171e+00  2.28065717e+00  2.66888390e+00 
 1.19014000e-09  1.98601999e+00  1.61398001e+00  2.28064545e+00  2.66889271e+00 
 1.19064000e-09  1.98624986e+00  1.61375014e+00  2.28063401e+00  2.66890132e+00 
 1.19114000e-09  1.98647789e+00  1.61352211e+00  2.28062285e+00  2.66890973e+00 
 1.19164000e-09  1.98670407e+00  1.61329593e+00  2.28061196e+00  2.66891794e+00 
 1.19214000e-09  1.98692842e+00  1.61307158e+00  2.28060134e+00  2.66892597e+00 
 1.19264000e-09  1.98715092e+00  1.61284908e+00  2.28059097e+00  2.66893382e+00 
 1.19314000e-09  1.98737157e+00  1.61262843e+00  2.28058086e+00  2.66894149e+00 
 1.19364000e-09  1.98759038e+00  1.61240962e+00  2.28057100e+00  2.66894900e+00 
 1.19414000e-09  1.98780733e+00  1.61219267e+00  2.28056138e+00  2.66895634e+00 
 1.19464000e-09  1.98802243e+00  1.61197757e+00  2.28055200e+00  2.66896353e+00 
 1.19514000e-09  1.98823567e+00  1.61176433e+00  2.28054285e+00  2.66897056e+00 
 1.19564000e-09  1.98844706e+00  1.61155294e+00  2.28053392e+00  2.66897744e+00 
 1.19614000e-09  1.98865659e+00  1.61134341e+00  2.28052522e+00  2.66898417e+00 
 1.19664000e-09  1.98886425e+00  1.61113575e+00  2.28051673e+00  2.66899077e+00 
 1.19714000e-09  1.98907005e+00  1.61092995e+00  2.28050846e+00  2.66899723e+00 
 1.19764000e-09  1.98927399e+00  1.61072601e+00  2.28050039e+00  2.66900356e+00 
 1.19814000e-09  1.98947605e+00  1.61052395e+00  2.28049252e+00  2.66900977e+00 
 1.19864000e-09  1.98967625e+00  1.61032375e+00  2.28048485e+00  2.66901585e+00 
 1.19914000e-09  1.98987457e+00  1.61012543e+00  2.28047738e+00  2.66902181e+00 
 1.19964000e-09  1.99007102e+00  1.60992898e+00  2.28047009e+00  2.66902765e+00 
 1.20014000e-09  1.99026559e+00  1.60973441e+00  2.28046299e+00  2.66903338e+00 
 1.20064000e-09  1.99045829e+00  1.60954171e+00  2.28045607e+00  2.66903900e+00 
 1.20114000e-09  1.99064911e+00  1.60935089e+00  2.28044932e+00  2.66904452e+00 
 1.20164000e-09  1.99083804e+00  1.60916196e+00  2.28044275e+00  2.66904993e+00 
 1.20214000e-09  1.99102509e+00  1.60897491e+00  2.28043634e+00  2.66905524e+00 
 1.20264000e-09  1.99121026e+00  1.60878974e+00  2.28043010e+00  2.66906046e+00 
 1.20314000e-09  1.99139354e+00  1.60860646e+00  2.28042403e+00  2.66906558e+00 
 1.20364000e-09  1.99157493e+00  1.60842507e+00  2.28041810e+00  2.66907061e+00 
 1.20414000e-09  1.99175443e+00  1.60824557e+00  2.28041234e+00  2.66907554e+00 
 1.20464000e-09  1.99193203e+00  1.60806797e+00  2.28040672e+00  2.66908039e+00 
 1.20514000e-09  1.99210775e+00  1.60789225e+00  2.28040125e+00  2.66908516e+00 
 1.20564000e-09  1.99228156e+00  1.60771844e+00  2.28039593e+00  2.66908984e+00 
 1.20614000e-09  1.99245348e+00  1.60754652e+00  2.28039074e+00  2.66909445e+00 
 1.20664000e-09  1.99262350e+00  1.60737650e+00  2.28038569e+00  2.66909897e+00 
 1.20714000e-09  1.99279162e+00  1.60720838e+00  2.28038078e+00  2.66910342e+00 
 1.20764000e-09  1.99295783e+00  1.60704217e+00  2.28037600e+00  2.66910779e+00 
 1.20814000e-09  1.99312214e+00  1.60687786e+00  2.28037134e+00  2.66911209e+00 
 1.20864000e-09  1.99328455e+00  1.60671545e+00  2.28036682e+00  2.66911632e+00 
 1.20914000e-09  1.99344504e+00  1.60655496e+00  2.28036241e+00  2.66912048e+00 
 1.20964000e-09  1.99360363e+00  1.60639637e+00  2.28035813e+00  2.66912458e+00 
 1.21014000e-09  1.99376031e+00  1.60623969e+00  2.28035396e+00  2.66912861e+00 
 1.21064000e-09  1.99391507e+00  1.60608493e+00  2.28034991e+00  2.66913257e+00 
 1.21114000e-09  1.99406792e+00  1.60593208e+00  2.28034597e+00  2.66913647e+00 
 1.21164000e-09  1.99421886e+00  1.60578114e+00  2.28034214e+00  2.66914031e+00 
 1.21214000e-09  1.99436788e+00  1.60563212e+00  2.28033842e+00  2.66914409e+00 
 1.21264000e-09  1.99451498e+00  1.60548502e+00  2.28033481e+00  2.66914781e+00 
 1.21314000e-09  1.99466016e+00  1.60533984e+00  2.28033130e+00  2.66915148e+00 
 1.21364000e-09  1.99480342e+00  1.60519658e+00  2.28032789e+00  2.66915509e+00 
 1.21414000e-09  1.99494475e+00  1.60505525e+00  2.28032458e+00  2.66915865e+00 
 1.21464000e-09  1.99508417e+00  1.60491583e+00  2.28032137e+00  2.66916215e+00 
 1.21514000e-09  1.99522165e+00  1.60477835e+00  2.28031826e+00  2.66916561e+00 
 1.21564000e-09  1.99535722e+00  1.60464278e+00  2.28031524e+00  2.66916901e+00 
 1.21614000e-09  1.99549085e+00  1.60450915e+00  2.28031231e+00  2.66917237e+00 
 1.21664000e-09  1.99562255e+00  1.60437745e+00  2.28030948e+00  2.66917568e+00 
 1.21714000e-09  1.99575232e+00  1.60424768e+00  2.28030674e+00  2.66917894e+00 
 1.21764000e-09  1.99588016e+00  1.60411984e+00  2.28030408e+00  2.66918216e+00 
 1.21814000e-09  1.99600607e+00  1.60399393e+00  2.28030151e+00  2.66918533e+00 
 1.21864000e-09  1.99613004e+00  1.60386996e+00  2.28029903e+00  2.66918847e+00 
 1.21914000e-09  1.99625208e+00  1.60374792e+00  2.28029664e+00  2.66919156e+00 
 1.21964000e-09  1.99637218e+00  1.60362782e+00  2.28029433e+00  2.66919461e+00 
 1.22014000e-09  1.99649034e+00  1.60350966e+00  2.28029210e+00  2.66919763e+00 
 1.22064000e-09  1.99660656e+00  1.60339344e+00  2.28028995e+00  2.66920061e+00 
 1.22114000e-09  1.99672084e+00  1.60327916e+00  2.28028788e+00  2.66920355e+00 
 1.22164000e-09  1.99683318e+00  1.60316682e+00  2.28028590e+00  2.66920646e+00 
 1.22214000e-09  1.99694358e+00  1.60305642e+00  2.28028399e+00  2.66920933e+00 
 1.22264000e-09  1.99705204e+00  1.60294796e+00  2.28028216e+00  2.66921217e+00 
 1.22314000e-09  1.99715855e+00  1.60284145e+00  2.28028041e+00  2.66921498e+00 
 1.22364000e-09  1.99726311e+00  1.60273689e+00  2.28027873e+00  2.66921776e+00 
 1.22414000e-09  1.99736573e+00  1.60263427e+00  2.28027713e+00  2.66922052e+00 
 1.22464000e-09  1.99746639e+00  1.60253361e+00  2.28027561e+00  2.66922324e+00 
 1.22514000e-09  1.99756511e+00  1.60243489e+00  2.28027416e+00  2.66922594e+00 
 1.22564000e-09  1.99766188e+00  1.60233812e+00  2.28027279e+00  2.66922861e+00 
 1.22614000e-09  1.99775670e+00  1.60224330e+00  2.28027148e+00  2.66923126e+00 
 1.22664000e-09  1.99784957e+00  1.60215043e+00  2.28027025e+00  2.66923388e+00 
 1.22714000e-09  1.99794048e+00  1.60205952e+00  2.28026910e+00  2.66923648e+00 
 1.22764000e-09  1.99802944e+00  1.60197056e+00  2.28026801e+00  2.66923906e+00 
 1.22814000e-09  1.99811645e+00  1.60188355e+00  2.28026700e+00  2.66924162e+00 
 1.22864000e-09  1.99820150e+00  1.60179850e+00  2.28026606e+00  2.66924416e+00 
 1.22914000e-09  1.99828460e+00  1.60171540e+00  2.28026519e+00  2.66924668e+00 
 1.22964000e-09  1.99836573e+00  1.60163427e+00  2.28026438e+00  2.66924919e+00 
 1.23014000e-09  1.99844491e+00  1.60155509e+00  2.28026365e+00  2.66925167e+00 
 1.23064000e-09  1.99852213e+00  1.60147787e+00  2.28026299e+00  2.66925414e+00 
 1.23114000e-09  1.99859740e+00  1.60140260e+00  2.28026240e+00  2.66925660e+00 
 1.23164000e-09  1.99867070e+00  1.60132930e+00  2.28026187e+00  2.66925904e+00 
 1.23214000e-09  1.99874204e+00  1.60125796e+00  2.28026142e+00  2.66926147e+00 
 1.23264000e-09  1.99881142e+00  1.60118858e+00  2.28026103e+00  2.66926388e+00 
 1.23314000e-09  1.99887884e+00  1.60112116e+00  2.28026071e+00  2.66926629e+00 
 1.23364000e-09  1.99894429e+00  1.60105571e+00  2.28026045e+00  2.66926868e+00 
 1.23414000e-09  1.99900778e+00  1.60099222e+00  2.28026027e+00  2.66927106e+00 
 1.23464000e-09  1.99906931e+00  1.60093069e+00  2.28026015e+00  2.66927343e+00 
 1.23514000e-09  1.99912887e+00  1.60087113e+00  2.28026009e+00  2.66927579e+00 
 1.23564000e-09  1.99918647e+00  1.60081353e+00  2.28026010e+00  2.66927815e+00 
 1.23614000e-09  1.99924210e+00  1.60075790e+00  2.28026018e+00  2.66928049e+00 
 1.23664000e-09  1.99929576e+00  1.60070424e+00  2.28026033e+00  2.66928283e+00 
 1.23714000e-09  1.99934746e+00  1.60065254e+00  2.28026054e+00  2.66928516e+00 
 1.23764000e-09  1.99939719e+00  1.60060281e+00  2.28026081e+00  2.66928749e+00 
 1.23814000e-09  1.99944496e+00  1.60055504e+00  2.28026115e+00  2.66928981e+00 
 1.23864000e-09  1.99949075e+00  1.60050925e+00  2.28026155e+00  2.66929212e+00 
 1.23914000e-09  1.99953457e+00  1.60046543e+00  2.28026202e+00  2.66929443e+00 
 1.23964000e-09  1.99957643e+00  1.60042357e+00  2.28026255e+00  2.66929674e+00 
 1.24014000e-09  1.99961632e+00  1.60038368e+00  2.28026315e+00  2.66929904e+00 
 1.24064000e-09  1.99965423e+00  1.60034577e+00  2.28026381e+00  2.66930134e+00 
 1.24114000e-09  1.99969018e+00  1.60030982e+00  2.28026453e+00  2.66930363e+00 
 1.24164000e-09  1.99972415e+00  1.60027585e+00  2.28026532e+00  2.66930593e+00 
 1.24214000e-09  1.99975615e+00  1.60024385e+00  2.28026617e+00  2.66930822e+00 
 1.24264000e-09  1.99978619e+00  1.60021381e+00  2.28026708e+00  2.66931051e+00 
 1.24314000e-09  1.99981424e+00  1.60018576e+00  2.28026806e+00  2.66931279e+00 
 1.24364000e-09  1.99984033e+00  1.60015967e+00  2.28026909e+00  2.66931508e+00 
 1.24414000e-09  1.99986445e+00  1.60013555e+00  2.28027019e+00  2.66931737e+00 
 1.24464000e-09  1.99988659e+00  1.60011341e+00  2.28027136e+00  2.66931965e+00 
 1.24514000e-09  1.99990676e+00  1.60009324e+00  2.28027258e+00  2.66932194e+00 
 1.24564000e-09  1.99992496e+00  1.60007504e+00  2.28027386e+00  2.66932422e+00 
 1.24614000e-09  1.99994118e+00  1.60005882e+00  2.28027521e+00  2.66932651e+00 
 1.24664000e-09  1.99995543e+00  1.60004457e+00  2.28027662e+00  2.66932879e+00 
 1.24714000e-09  1.99996771e+00  1.60003229e+00  2.28027809e+00  2.66933108e+00 
 1.24764000e-09  1.99997801e+00  1.60002199e+00  2.28027962e+00  2.66933337e+00 
 1.24814000e-09  1.99998634e+00  1.60001366e+00  2.28028121e+00  2.66933566e+00 
 1.24864000e-09  1.99999270e+00  1.60000730e+00  2.28028286e+00  2.66933795e+00 
 1.24914000e-09  1.99999708e+00  1.60000292e+00  2.28028457e+00  2.66934024e+00 
 1.24964000e-09  1.99999949e+00  1.60000051e+00  2.28028635e+00  2.66934253e+00 
 1.25014000e-09  1.99999992e+00  1.60000008e+00  2.28028818e+00  2.66934483e+00 
 1.25064000e-09  1.99999838e+00  1.60000162e+00  2.28029007e+00  2.66934713e+00 
 1.25114000e-09  1.99999487e+00  1.60000513e+00  2.28029203e+00  2.66934943e+00 
 1.25164000e-09  1.99998938e+00  1.60001062e+00  2.28029404e+00  2.66935173e+00 
 1.25214000e-09  1.99998192e+00  1.60001808e+00  2.28029612e+00  2.66935403e+00 
 1.25264000e-09  1.99997249e+00  1.60002751e+00  2.28029825e+00  2.66935634e+00 
 1.25314000e-09  1.99996108e+00  1.60003892e+00  2.28030044e+00  2.66935865e+00 
 1.25364000e-09  1.99994769e+00  1.60005231e+00  2.28030270e+00  2.66936096e+00 
 1.25414000e-09  1.99993234e+00  1.60006766e+00  2.28030501e+00  2.66936327e+00 
 1.25464000e-09  1.99991501e+00  1.60008499e+00  2.28030738e+00  2.66936559e+00 
 1.25514000e-09  1.99989571e+00  1.60010429e+00  2.28030981e+00  2.66936791e+00 
 1.25564000e-09  1.99987443e+00  1.60012557e+00  2.28031231e+00  2.66937023e+00 
 1.25614000e-09  1.99985119e+00  1.60014881e+00  2.28031486e+00  2.66937256e+00 
 1.25664000e-09  1.99982597e+00  1.60017403e+00  2.28031747e+00  2.66937489e+00 
 1.25714000e-09  1.99979877e+00  1.60020123e+00  2.28032014e+00  2.66937722e+00 
 1.25764000e-09  1.99976961e+00  1.60023039e+00  2.28032287e+00  2.66937955e+00 
 1.25814000e-09  1.99973847e+00  1.60026153e+00  2.28032565e+00  2.66938189e+00 
 1.25864000e-09  1.99970537e+00  1.60029463e+00  2.28032850e+00  2.66938423e+00 
 1.25914000e-09  1.99967029e+00  1.60032971e+00  2.28033141e+00  2.66938657e+00 
 1.25964000e-09  1.99963324e+00  1.60036676e+00  2.28033438e+00  2.66938891e+00 
 1.26014000e-09  1.99959422e+00  1.60040578e+00  2.28033740e+00  2.66939126e+00 
 1.26064000e-09  1.99955323e+00  1.60044677e+00  2.28034049e+00  2.66939361e+00 
 1.26114000e-09  1.99951027e+00  1.60048973e+00  2.28034363e+00  2.66939596e+00 
 1.26164000e-09  1.99946535e+00  1.60053465e+00  2.28034684e+00  2.66939832e+00 
 1.26214000e-09  1.99941845e+00  1.60058155e+00  2.28035010e+00  2.66940068e+00 
 1.26264000e-09  1.99936959e+00  1.60063041e+00  2.28035343e+00  2.66940304e+00 
 1.26314000e-09  1.99931875e+00  1.60068125e+00  2.28035681e+00  2.66940540e+00 
 1.26364000e-09  1.99926596e+00  1.60073404e+00  2.28036025e+00  2.66940776e+00 
 1.26414000e-09  1.99921119e+00  1.60078881e+00  2.28036376e+00  2.66941013e+00 
 1.26464000e-09  1.99915446e+00  1.60084554e+00  2.28036732e+00  2.66941250e+00 
 1.26514000e-09  1.99909576e+00  1.60090424e+00  2.28037094e+00  2.66941487e+00 
 1.26564000e-09  1.99903510e+00  1.60096490e+00  2.28037462e+00  2.66941724e+00 
 1.26614000e-09  1.99897247e+00  1.60102753e+00  2.28037837e+00  2.66941961e+00 
 1.26664000e-09  1.99890788e+00  1.60109212e+00  2.28038217e+00  2.66942198e+00 
 1.26714000e-09  1.99884133e+00  1.60115867e+00  2.28038604e+00  2.66942436e+00 
 1.26764000e-09  1.99877281e+00  1.60122719e+00  2.28038996e+00  2.66942673e+00 
 1.26814000e-09  1.99870233e+00  1.60129767e+00  2.28039395e+00  2.66942911e+00 
 1.26864000e-09  1.99862989e+00  1.60137011e+00  2.28039800e+00  2.66943149e+00 
 1.26914000e-09  1.99855549e+00  1.60144451e+00  2.28040210e+00  2.66943386e+00 
 1.26964000e-09  1.99847913e+00  1.60152087e+00  2.28040627e+00  2.66943624e+00 
 1.27014000e-09  1.99840081e+00  1.60159919e+00  2.28041051e+00  2.66943862e+00 
 1.27064000e-09  1.99832054e+00  1.60167946e+00  2.28041480e+00  2.66944099e+00 
 1.27114000e-09  1.99823830e+00  1.60176170e+00  2.28041916e+00  2.66944337e+00 
 1.27164000e-09  1.99815411e+00  1.60184589e+00  2.28042357e+00  2.66944574e+00 
 1.27214000e-09  1.99806797e+00  1.60193203e+00  2.28042805e+00  2.66944811e+00 
 1.27264000e-09  1.99797987e+00  1.60202013e+00  2.28043260e+00  2.66945048e+00 
 1.27314000e-09  1.99788981e+00  1.60211019e+00  2.28043720e+00  2.66945285e+00 
 1.27364000e-09  1.99779780e+00  1.60220220e+00  2.28044187e+00  2.66945522e+00 
 1.27414000e-09  1.99770384e+00  1.60229616e+00  2.28044661e+00  2.66945758e+00 
 1.27464000e-09  1.99760793e+00  1.60239207e+00  2.28045140e+00  2.66945994e+00 
 1.27514000e-09  1.99751007e+00  1.60248993e+00  2.28045627e+00  2.66946230e+00 
 1.27564000e-09  1.99741026e+00  1.60258974e+00  2.28046119e+00  2.66946465e+00 
 1.27614000e-09  1.99730850e+00  1.60269150e+00  2.28046618e+00  2.66946700e+00 
 1.27664000e-09  1.99720479e+00  1.60279521e+00  2.28047124e+00  2.66946935e+00 
 1.27714000e-09  1.99709914e+00  1.60290086e+00  2.28047636e+00  2.66947169e+00 
 1.27764000e-09  1.99699154e+00  1.60300846e+00  2.28048155e+00  2.66947402e+00 
 1.27814000e-09  1.99688200e+00  1.60311800e+00  2.28048680e+00  2.66947635e+00 
 1.27864000e-09  1.99677051e+00  1.60322949e+00  2.28049212e+00  2.66947867e+00 
 1.27914000e-09  1.99665709e+00  1.60334291e+00  2.28049751e+00  2.66948099e+00 
 1.27964000e-09  1.99654172e+00  1.60345828e+00  2.28050297e+00  2.66948329e+00 
 1.28014000e-09  1.99642441e+00  1.60357559e+00  2.28050849e+00  2.66948559e+00 
 1.28064000e-09  1.99630516e+00  1.60369484e+00  2.28051408e+00  2.66948789e+00 
 1.28114000e-09  1.99618398e+00  1.60381602e+00  2.28051975e+00  2.66949017e+00 
 1.28164000e-09  1.99606086e+00  1.60393914e+00  2.28052548e+00  2.66949244e+00 
 1.28214000e-09  1.99593580e+00  1.60406420e+00  2.28053128e+00  2.66949471e+00 
 1.28264000e-09  1.99580881e+00  1.60419119e+00  2.28053715e+00  2.66949696e+00 
 1.28314000e-09  1.99567989e+00  1.60432011e+00  2.28054309e+00  2.66949920e+00 
 1.28364000e-09  1.99554903e+00  1.60445097e+00  2.28054911e+00  2.66950143e+00 
 1.28414000e-09  1.99541625e+00  1.60458375e+00  2.28055520e+00  2.66950365e+00 
 1.28464000e-09  1.99528154e+00  1.60471846e+00  2.28056136e+00  2.66950585e+00 
 1.28514000e-09  1.99514490e+00  1.60485510e+00  2.28056759e+00  2.66950804e+00 
 1.28564000e-09  1.99500633e+00  1.60499367e+00  2.28057390e+00  2.66951022e+00 
 1.28614000e-09  1.99486584e+00  1.60513416e+00  2.28058028e+00  2.66951238e+00 
 1.28664000e-09  1.99472343e+00  1.60527657e+00  2.28058674e+00  2.66951452e+00 
 1.28714000e-09  1.99457909e+00  1.60542091e+00  2.28059327e+00  2.66951665e+00 
 1.28764000e-09  1.99443284e+00  1.60556716e+00  2.28059988e+00  2.66951876e+00 
 1.28814000e-09  1.99428466e+00  1.60571534e+00  2.28060657e+00  2.66952085e+00 
 1.28864000e-09  1.99413457e+00  1.60586543e+00  2.28061334e+00  2.66952292e+00 
 1.28914000e-09  1.99398256e+00  1.60601744e+00  2.28062019e+00  2.66952497e+00 
 1.28964000e-09  1.99382864e+00  1.60617136e+00  2.28062711e+00  2.66952700e+00 
 1.29014000e-09  1.99367281e+00  1.60632719e+00  2.28063412e+00  2.66952901e+00 
 1.29064000e-09  1.99351506e+00  1.60648494e+00  2.28064121e+00  2.66953099e+00 
 1.29114000e-09  1.99335540e+00  1.60664460e+00  2.28064838e+00  2.66953295e+00 
 1.29164000e-09  1.99319384e+00  1.60680616e+00  2.28065564e+00  2.66953489e+00 
 1.29214000e-09  1.99303036e+00  1.60696964e+00  2.28066298e+00  2.66953680e+00 
 1.29264000e-09  1.99286499e+00  1.60713501e+00  2.28067041e+00  2.66953868e+00 
 1.29314000e-09  1.99269771e+00  1.60730229e+00  2.28067792e+00  2.66954053e+00 
 1.29364000e-09  1.99252852e+00  1.60747148e+00  2.28068552e+00  2.66954235e+00 
 1.29414000e-09  1.99235744e+00  1.60764256e+00  2.28069321e+00  2.66954414e+00 
 1.29464000e-09  1.99218446e+00  1.60781554e+00  2.28070099e+00  2.66954590e+00 
 1.29514000e-09  1.99200958e+00  1.60799042e+00  2.28070886e+00  2.66954763e+00 
 1.29564000e-09  1.99183281e+00  1.60816719e+00  2.28071682e+00  2.66954932e+00 
 1.29614000e-09  1.99165414e+00  1.60834586e+00  2.28072488e+00  2.66955098e+00 
 1.29664000e-09  1.99147358e+00  1.60852642e+00  2.28073303e+00  2.66955259e+00 
 1.29714000e-09  1.99129113e+00  1.60870887e+00  2.28074128e+00  2.66955417e+00 
 1.29764000e-09  1.99110680e+00  1.60889320e+00  2.28074962e+00  2.66955571e+00 
 1.29814000e-09  1.99092058e+00  1.60907942e+00  2.28075807e+00  2.66955721e+00 
 1.29864000e-09  1.99073247e+00  1.60926753e+00  2.28076661e+00  2.66955866e+00 
 1.29914000e-09  1.99054248e+00  1.60945752e+00  2.28077526e+00  2.66956007e+00 
 1.29964000e-09  1.99035061e+00  1.60964939e+00  2.28078401e+00  2.66956143e+00 
 1.30014000e-09  1.99015686e+00  1.60984314e+00  2.28079286e+00  2.66956274e+00 
 1.30064000e-09  1.98996124e+00  1.61003876e+00  2.28080182e+00  2.66956401e+00 
 1.30114000e-09  1.98976374e+00  1.61023626e+00  2.28081089e+00  2.66956522e+00 
 1.30164000e-09  1.98956437e+00  1.61043563e+00  2.28082007e+00  2.66956637e+00 
 1.30214000e-09  1.98936312e+00  1.61063688e+00  2.28082936e+00  2.66956747e+00 
 1.30264000e-09  1.98916001e+00  1.61083999e+00  2.28083876e+00  2.66956852e+00 
 1.30314000e-09  1.98895503e+00  1.61104497e+00  2.28084828e+00  2.66956950e+00 
 1.30364000e-09  1.98874819e+00  1.61125181e+00  2.28085792e+00  2.66957042e+00 
 1.30414000e-09  1.98853948e+00  1.61146052e+00  2.28086767e+00  2.66957128e+00 
 1.30464000e-09  1.98832891e+00  1.61167109e+00  2.28087755e+00  2.66957207e+00 
 1.30514000e-09  1.98811649e+00  1.61188351e+00  2.28088755e+00  2.66957279e+00 
 1.30564000e-09  1.98790220e+00  1.61209780e+00  2.28089767e+00  2.66957344e+00 
 1.30614000e-09  1.98768607e+00  1.61231393e+00  2.28090792e+00  2.66957401e+00 
 1.30664000e-09  1.98746808e+00  1.61253192e+00  2.28091831e+00  2.66957452e+00 
 1.30714000e-09  1.98724824e+00  1.61275176e+00  2.28092882e+00  2.66957494e+00 
 1.30764000e-09  1.98702655e+00  1.61297345e+00  2.28093947e+00  2.66957528e+00 
 1.30814000e-09  1.98680301e+00  1.61319699e+00  2.28095026e+00  2.66957553e+00 
 1.30864000e-09  1.98657763e+00  1.61342237e+00  2.28096119e+00  2.66957570e+00 
 1.30914000e-09  1.98635042e+00  1.61364958e+00  2.28097226e+00  2.66957578e+00 
 1.30964000e-09  1.98612136e+00  1.61387864e+00  2.28098347e+00  2.66957577e+00 
 1.31014000e-09  1.98589046e+00  1.61410954e+00  2.28099484e+00  2.66957566e+00 
 1.31064000e-09  1.98565773e+00  1.61434227e+00  2.28100635e+00  2.66957545e+00 
 1.31114000e-09  1.98542317e+00  1.61457683e+00  2.28101802e+00  2.66957514e+00 
 1.31164000e-09  1.98518678e+00  1.61481322e+00  2.28102985e+00  2.66957473e+00 
 1.31214000e-09  1.98494856e+00  1.61505144e+00  2.28104184e+00  2.66957420e+00 
 1.31264000e-09  1.98470851e+00  1.61529149e+00  2.28105399e+00  2.66957356e+00 
 1.31314000e-09  1.98446664e+00  1.61553336e+00  2.28106631e+00  2.66957281e+00 
 1.31364000e-09  1.98422295e+00  1.61577705e+00  2.28107880e+00  2.66957193e+00 
 1.31414000e-09  1.98397744e+00  1.61602256e+00  2.28109147e+00  2.66957093e+00 
 1.31464000e-09  1.98373012e+00  1.61626988e+00  2.28110431e+00  2.66956980e+00 
 1.31514000e-09  1.98348098e+00  1.61651902e+00  2.28111734e+00  2.66956854e+00 
 1.31564000e-09  1.98323004e+00  1.61676996e+00  2.28113055e+00  2.66956714e+00 
 1.31614000e-09  1.98297728e+00  1.61702272e+00  2.28114395e+00  2.66956560e+00 
 1.31664000e-09  1.98272272e+00  1.61727728e+00  2.28115755e+00  2.66956391e+00 
 1.31714000e-09  1.98246635e+00  1.61753365e+00  2.28117134e+00  2.66956207e+00 
 1.31764000e-09  1.98220819e+00  1.61779181e+00  2.28118535e+00  2.66956007e+00 
 1.31814000e-09  1.98194822e+00  1.61805178e+00  2.28119955e+00  2.66955792e+00 
 1.31864000e-09  1.98168646e+00  1.61831354e+00  2.28121398e+00  2.66955560e+00 
 1.31914000e-09  1.98142291e+00  1.61857709e+00  2.28122862e+00  2.66955311e+00 
 1.31964000e-09  1.98115757e+00  1.61884243e+00  2.28124348e+00  2.66955044e+00 
 1.32014000e-09  1.98089043e+00  1.61910957e+00  2.28125857e+00  2.66954758e+00 
 1.32064000e-09  1.98062152e+00  1.61937848e+00  2.28127390e+00  2.66954454e+00 
 1.32114000e-09  1.98035082e+00  1.61964918e+00  2.28128946e+00  2.66954131e+00 
 1.32164000e-09  1.98007834e+00  1.61992166e+00  2.28130527e+00  2.66953787e+00 
 1.32214000e-09  1.97980408e+00  1.62019592e+00  2.28132134e+00  2.66953422e+00 
 1.32264000e-09  1.97952805e+00  1.62047195e+00  2.28133765e+00  2.66953037e+00 
 1.32314000e-09  1.97925024e+00  1.62074976e+00  2.28135424e+00  2.66952629e+00 
 1.32364000e-09  1.97897067e+00  1.62102933e+00  2.28137109e+00  2.66952198e+00 
 1.32414000e-09  1.97868933e+00  1.62131067e+00  2.28138822e+00  2.66951744e+00 
 1.32464000e-09  1.97840623e+00  1.62159377e+00  2.28140564e+00  2.66951265e+00 
 1.32514000e-09  1.97812137e+00  1.62187863e+00  2.28142334e+00  2.66950762e+00 
 1.32564000e-09  1.97783474e+00  1.62216526e+00  2.28144135e+00  2.66950233e+00 
 1.32614000e-09  1.97754637e+00  1.62245363e+00  2.28145966e+00  2.66949677e+00 
 1.32664000e-09  1.97725624e+00  1.62274376e+00  2.28147829e+00  2.66949093e+00 
 1.32714000e-09  1.97696436e+00  1.62303564e+00  2.28149724e+00  2.66948481e+00 
 1.32764000e-09  1.97667074e+00  1.62332926e+00  2.28151651e+00  2.66947840e+00 
 1.32814000e-09  1.97637537e+00  1.62362463e+00  2.28153613e+00  2.66947169e+00 
 1.32864000e-09  1.97607826e+00  1.62392174e+00  2.28155610e+00  2.66946466e+00 
 1.32914000e-09  1.97577941e+00  1.62422059e+00  2.28157642e+00  2.66945731e+00 
 1.32964000e-09  1.97547883e+00  1.62452117e+00  2.28159712e+00  2.66944963e+00 
 1.33014000e-09  1.97517651e+00  1.62482349e+00  2.28161818e+00  2.66944161e+00 
 1.33064000e-09  1.97487247e+00  1.62512753e+00  2.28163964e+00  2.66943324e+00 
 1.33114000e-09  1.97456670e+00  1.62543330e+00  2.28166149e+00  2.66942450e+00 
 1.33164000e-09  1.97425921e+00  1.62574079e+00  2.28168375e+00  2.66941539e+00 
 1.33214000e-09  1.97395000e+00  1.62605000e+00  2.28170643e+00  2.66940588e+00 
 1.33264000e-09  1.97363907e+00  1.62636093e+00  2.28172954e+00  2.66939598e+00 
 1.33314000e-09  1.97332643e+00  1.62667357e+00  2.28175310e+00  2.66938567e+00 
 1.33364000e-09  1.97301207e+00  1.62698793e+00  2.28177710e+00  2.66937493e+00 
 1.33414000e-09  1.97269601e+00  1.62730399e+00  2.28180158e+00  2.66936375e+00 
 1.33464000e-09  1.97237825e+00  1.62762175e+00  2.28182653e+00  2.66935212e+00 
 1.33514000e-09  1.97205878e+00  1.62794122e+00  2.28185198e+00  2.66934002e+00 
 1.33564000e-09  1.97173762e+00  1.62826238e+00  2.28187793e+00  2.66932744e+00 
 1.33614000e-09  1.97141476e+00  1.62858524e+00  2.28190440e+00  2.66931436e+00 
 1.33664000e-09  1.97109021e+00  1.62890979e+00  2.28193141e+00  2.66930078e+00 
 1.33714000e-09  1.97076397e+00  1.62923603e+00  2.28195897e+00  2.66928666e+00 
 1.33764000e-09  1.97043604e+00  1.62956396e+00  2.28198709e+00  2.66927200e+00 
 1.33814000e-09  1.97010644e+00  1.62989356e+00  2.28201580e+00  2.66925678e+00 
 1.33864000e-09  1.96977515e+00  1.63022485e+00  2.28204511e+00  2.66924098e+00 
 1.33914000e-09  1.96944219e+00  1.63055781e+00  2.28207502e+00  2.66922458e+00 
 1.33964000e-09  1.96910756e+00  1.63089244e+00  2.28210557e+00  2.66920756e+00 
 1.34014000e-09  1.96877125e+00  1.63122875e+00  2.28213677e+00  2.66918992e+00 
 1.34064000e-09  1.96843328e+00  1.63156672e+00  2.28216864e+00  2.66917161e+00 
 1.34114000e-09  1.96809365e+00  1.63190635e+00  2.28220120e+00  2.66915264e+00 
 1.34164000e-09  1.96775236e+00  1.63224764e+00  2.28223446e+00  2.66913297e+00 
 1.34214000e-09  1.96740942e+00  1.63259058e+00  2.28226845e+00  2.66911258e+00 
 1.34264000e-09  1.96706482e+00  1.63293518e+00  2.28230319e+00  2.66909145e+00 
 1.34314000e-09  1.96671857e+00  1.63328143e+00  2.28233869e+00  2.66906956e+00 
 1.34364000e-09  1.96637068e+00  1.63362932e+00  2.28237499e+00  2.66904689e+00 
 1.34414000e-09  1.96602114e+00  1.63397886e+00  2.28241210e+00  2.66902340e+00 
 1.34464000e-09  1.96566997e+00  1.63433003e+00  2.28245004e+00  2.66899909e+00 
 1.34514000e-09  1.96531716e+00  1.63468284e+00  2.28248885e+00  2.66897391e+00 
 1.34564000e-09  1.96496272e+00  1.63503728e+00  2.28252854e+00  2.66894785e+00 
 1.34614000e-09  1.96460666e+00  1.63539334e+00  2.28256914e+00  2.66892088e+00 
 1.34664000e-09  1.96424896e+00  1.63575104e+00  2.28261067e+00  2.66889297e+00 
 1.34714000e-09  1.96388965e+00  1.63611035e+00  2.28265317e+00  2.66886410e+00 
 1.34764000e-09  1.96352872e+00  1.63647128e+00  2.28269665e+00  2.66883422e+00 
 1.34814000e-09  1.96316618e+00  1.63683382e+00  2.28274116e+00  2.66880332e+00 
 1.34864000e-09  1.96280202e+00  1.63719798e+00  2.28278670e+00  2.66877137e+00 
 1.34914000e-09  1.96243626e+00  1.63756374e+00  2.28283333e+00  2.66873832e+00 
 1.34964000e-09  1.96206889e+00  1.63793111e+00  2.28288106e+00  2.66870416e+00 
 1.35014000e-09  1.96169993e+00  1.63830007e+00  2.28292993e+00  2.66866884e+00 
 1.35064000e-09  1.96132937e+00  1.63867063e+00  2.28297996e+00  2.66863233e+00 
 1.35114000e-09  1.96095721e+00  1.63904279e+00  2.28303120e+00  2.66859461e+00 
 1.35164000e-09  1.96058347e+00  1.63941653e+00  2.28308367e+00  2.66855562e+00 
 1.35214000e-09  1.96020815e+00  1.63979185e+00  2.28313742e+00  2.66851534e+00 
 1.35264000e-09  1.95983124e+00  1.64016876e+00  2.28319246e+00  2.66847373e+00 
 1.35314000e-09  1.95945275e+00  1.64054725e+00  2.28324885e+00  2.66843075e+00 
 1.35364000e-09  1.95907269e+00  1.64092731e+00  2.28330662e+00  2.66838636e+00 
 1.35414000e-09  1.95869107e+00  1.64130893e+00  2.28336580e+00  2.66834052e+00 
 1.35464000e-09  1.95830787e+00  1.64169213e+00  2.28342644e+00  2.66829319e+00 
 1.35514000e-09  1.95792311e+00  1.64207689e+00  2.28348858e+00  2.66824432e+00 
 1.35564000e-09  1.95753680e+00  1.64246320e+00  2.28355224e+00  2.66819389e+00 
 1.35614000e-09  1.95714893e+00  1.64285107e+00  2.28361749e+00  2.66814183e+00 
 1.35664000e-09  1.95675950e+00  1.64324050e+00  2.28368435e+00  2.66808811e+00 
 1.35714000e-09  1.95636854e+00  1.64363146e+00  2.28375288e+00  2.66803268e+00 
 1.35764000e-09  1.95597602e+00  1.64402398e+00  2.28382311e+00  2.66797549e+00 
 1.35814000e-09  1.95558197e+00  1.64441803e+00  2.28389510e+00  2.66791650e+00 
 1.35864000e-09  1.95518638e+00  1.64481362e+00  2.28396888e+00  2.66785565e+00 
 1.35914000e-09  1.95478926e+00  1.64521074e+00  2.28404451e+00  2.66779291e+00 
 1.35964000e-09  1.95439062e+00  1.64560938e+00  2.28412203e+00  2.66772821e+00 
 1.36014000e-09  1.95399045e+00  1.64600955e+00  2.28420150e+00  2.66766150e+00 
 1.36064000e-09  1.95358876e+00  1.64641124e+00  2.28428295e+00  2.66759274e+00 
 1.36114000e-09  1.95318555e+00  1.64681445e+00  2.28436645e+00  2.66752187e+00 
 1.36164000e-09  1.95278083e+00  1.64721917e+00  2.28445204e+00  2.66744884e+00 
 1.36214000e-09  1.95237461e+00  1.64762539e+00  2.28453978e+00  2.66737358e+00 
 1.36264000e-09  1.95196688e+00  1.64803312e+00  2.28462972e+00  2.66729606e+00 
 1.36314000e-09  1.95155765e+00  1.64844235e+00  2.28472191e+00  2.66721620e+00 
 1.36364000e-09  1.95114692e+00  1.64885308e+00  2.28481642e+00  2.66713395e+00 
 1.36414000e-09  1.95073471e+00  1.64926529e+00  2.28491328e+00  2.66704925e+00 
 1.36464000e-09  1.95032100e+00  1.64967900e+00  2.28501257e+00  2.66696205e+00 
 1.36514000e-09  1.94990581e+00  1.65009419e+00  2.28511434e+00  2.66687227e+00 
 1.36564000e-09  1.94948914e+00  1.65051086e+00  2.28521864e+00  2.66677988e+00 
 1.36614000e-09  1.94907100e+00  1.65092900e+00  2.28532555e+00  2.66668479e+00 
 1.36664000e-09  1.94865139e+00  1.65134861e+00  2.28543510e+00  2.66658695e+00 
 1.36714000e-09  1.94823030e+00  1.65176970e+00  2.28554738e+00  2.66648629e+00 
 1.36764000e-09  1.94780776e+00  1.65219224e+00  2.28566242e+00  2.66638276e+00 
 1.36814000e-09  1.94738376e+00  1.65261624e+00  2.28578031e+00  2.66627629e+00 
 1.36864000e-09  1.94695830e+00  1.65304170e+00  2.28590110e+00  2.66616681e+00 
 1.36914000e-09  1.94653139e+00  1.65346861e+00  2.28602485e+00  2.66605427e+00 
 1.36964000e-09  1.94610303e+00  1.65389697e+00  2.28615163e+00  2.66593858e+00 
 1.37014000e-09  1.94567324e+00  1.65432676e+00  2.28628150e+00  2.66581970e+00 
 1.37064000e-09  1.94524200e+00  1.65475800e+00  2.28641452e+00  2.66569754e+00 
 1.37114000e-09  1.94480933e+00  1.65519067e+00  2.28655076e+00  2.66557205e+00 
 1.37164000e-09  1.94437524e+00  1.65562476e+00  2.28669028e+00  2.66544317e+00 
 1.37214000e-09  1.94393972e+00  1.65606028e+00  2.28683315e+00  2.66531081e+00 
 1.37264000e-09  1.94350277e+00  1.65649723e+00  2.28697943e+00  2.66517492e+00 
 1.37314000e-09  1.94306441e+00  1.65693559e+00  2.28712918e+00  2.66503543e+00 
 1.37364000e-09  1.94262464e+00  1.65737536e+00  2.28728248e+00  2.66489227e+00 
 1.37414000e-09  1.94218346e+00  1.65781654e+00  2.28743939e+00  2.66474537e+00 
 1.37464000e-09  1.94174088e+00  1.65825912e+00  2.28759997e+00  2.66459467e+00 
 1.37514000e-09  1.94129690e+00  1.65870310e+00  2.28776429e+00  2.66444011e+00 
 1.37564000e-09  1.94085153e+00  1.65914847e+00  2.28793241e+00  2.66428161e+00 
 1.37614000e-09  1.94040476e+00  1.65959524e+00  2.28810440e+00  2.66411910e+00 
 1.37664000e-09  1.93995661e+00  1.66004339e+00  2.28828033e+00  2.66395253e+00 
 1.37714000e-09  1.93950708e+00  1.66049292e+00  2.28846024e+00  2.66378183e+00 
 1.37764000e-09  1.93905617e+00  1.66094383e+00  2.28864422e+00  2.66360693e+00 
 1.37814000e-09  1.93860388e+00  1.66139612e+00  2.28883233e+00  2.66342777e+00 
 1.37864000e-09  1.93815023e+00  1.66184977e+00  2.28902462e+00  2.66324429e+00 
 1.37914000e-09  1.93769522e+00  1.66230478e+00  2.28922115e+00  2.66305641e+00 
 1.37964000e-09  1.93723885e+00  1.66276115e+00  2.28942200e+00  2.66286409e+00 
 1.38014000e-09  1.93678112e+00  1.66321888e+00  2.28962722e+00  2.66266725e+00 
 1.38064000e-09  1.93632204e+00  1.66367796e+00  2.28983688e+00  2.66246584e+00 
 1.38114000e-09  1.93586162e+00  1.66413838e+00  2.29005102e+00  2.66225981e+00 
 1.38164000e-09  1.93539986e+00  1.66460014e+00  2.29026971e+00  2.66204908e+00 
 1.38214000e-09  1.93493676e+00  1.66506324e+00  2.29049301e+00  2.66183360e+00 
 1.38264000e-09  1.93447233e+00  1.66552767e+00  2.29072097e+00  2.66161332e+00 
 1.38314000e-09  1.93400657e+00  1.66599343e+00  2.29095365e+00  2.66138817e+00 
 1.38364000e-09  1.93353949e+00  1.66646051e+00  2.29119110e+00  2.66115812e+00 
 1.38414000e-09  1.93307109e+00  1.66692891e+00  2.29143338e+00  2.66092310e+00 
 1.38464000e-09  1.93260138e+00  1.66739862e+00  2.29168054e+00  2.66068306e+00 
 1.38514000e-09  1.93213036e+00  1.66786964e+00  2.29193262e+00  2.66043795e+00 
 1.38564000e-09  1.93165803e+00  1.66834197e+00  2.29218969e+00  2.66018772e+00 
 1.38614000e-09  1.93118441e+00  1.66881559e+00  2.29245178e+00  2.65993234e+00 
 1.38664000e-09  1.93070949e+00  1.66929051e+00  2.29271894e+00  2.65967174e+00 
 1.38714000e-09  1.93023328e+00  1.66976672e+00  2.29299122e+00  2.65940588e+00 
 1.38764000e-09  1.92975578e+00  1.67024422e+00  2.29326866e+00  2.65913474e+00 
 1.38814000e-09  1.92927701e+00  1.67072299e+00  2.29355130e+00  2.65885825e+00 
 1.38864000e-09  1.92879696e+00  1.67120304e+00  2.29383919e+00  2.65857639e+00 
 1.38914000e-09  1.92831563e+00  1.67168437e+00  2.29413236e+00  2.65828911e+00 
 1.38964000e-09  1.92783304e+00  1.67216696e+00  2.29443085e+00  2.65799638e+00 
 1.39014000e-09  1.92734919e+00  1.67265081e+00  2.29473469e+00  2.65769816e+00 
 1.39064000e-09  1.92686409e+00  1.67313591e+00  2.29504392e+00  2.65739443e+00 
 1.39114000e-09  1.92637773e+00  1.67362227e+00  2.29535858e+00  2.65708515e+00 
 1.39164000e-09  1.92589012e+00  1.67410988e+00  2.29567869e+00  2.65677028e+00 
 1.39214000e-09  1.92540127e+00  1.67459873e+00  2.29600428e+00  2.65644981e+00 
 1.39264000e-09  1.92491118e+00  1.67508882e+00  2.29633538e+00  2.65612371e+00 
 1.39314000e-09  1.92441986e+00  1.67558014e+00  2.29667201e+00  2.65579196e+00 
 1.39364000e-09  1.92392731e+00  1.67607269e+00  2.29701420e+00  2.65545452e+00 
 1.39414000e-09  1.92343354e+00  1.67656646e+00  2.29736197e+00  2.65511139e+00 
 1.39464000e-09  1.92293855e+00  1.67706145e+00  2.29771535e+00  2.65476253e+00 
 1.39514000e-09  1.92244235e+00  1.67755765e+00  2.29807433e+00  2.65440795e+00 
 1.39564000e-09  1.92194494e+00  1.67805506e+00  2.29843896e+00  2.65404761e+00 
 1.39614000e-09  1.92144633e+00  1.67855367e+00  2.29880923e+00  2.65368151e+00 
 1.39664000e-09  1.92094651e+00  1.67905349e+00  2.29918517e+00  2.65330963e+00 
 1.39714000e-09  1.92044551e+00  1.67955449e+00  2.29956679e+00  2.65293196e+00 
 1.39764000e-09  1.91994331e+00  1.68005669e+00  2.29995408e+00  2.65254850e+00 
 1.39814000e-09  1.91943993e+00  1.68056007e+00  2.30034707e+00  2.65215924e+00 
 1.39864000e-09  1.91893537e+00  1.68106463e+00  2.30074576e+00  2.65176417e+00 
 1.39914000e-09  1.91842964e+00  1.68157036e+00  2.30115016e+00  2.65136328e+00 
 1.39964000e-09  1.91792274e+00  1.68207726e+00  2.30156026e+00  2.65095659e+00 
 1.40014000e-09  1.91741468e+00  1.68258532e+00  2.30197607e+00  2.65054408e+00 
 1.40064000e-09  1.91690545e+00  1.68309455e+00  2.30239759e+00  2.65012576e+00 
 1.40114000e-09  1.91639507e+00  1.68360493e+00  2.30282482e+00  2.64970162e+00 
 1.40164000e-09  1.91588355e+00  1.68411645e+00  2.30325775e+00  2.64927168e+00 
 1.40214000e-09  1.91537088e+00  1.68462912e+00  2.30369638e+00  2.64883594e+00 
 1.40264000e-09  1.91485707e+00  1.68514293e+00  2.30414070e+00  2.64839440e+00 
 1.40314000e-09  1.91434213e+00  1.68565787e+00  2.30459071e+00  2.64794708e+00 
 1.40364000e-09  1.91382606e+00  1.68617394e+00  2.30504640e+00  2.64749398e+00 
 1.40414000e-09  1.91330886e+00  1.68669114e+00  2.30550775e+00  2.64703511e+00 
 1.40464000e-09  1.91279055e+00  1.68720945e+00  2.30597475e+00  2.64657049e+00 
 1.40514000e-09  1.91227112e+00  1.68772888e+00  2.30644740e+00  2.64610012e+00 
 1.40564000e-09  1.91175059e+00  1.68824941e+00  2.30692568e+00  2.64562403e+00 
 1.40614000e-09  1.91122895e+00  1.68877105e+00  2.30740956e+00  2.64514223e+00 
 1.40664000e-09  1.91070622e+00  1.68929378e+00  2.30789905e+00  2.64465474e+00 
 1.40714000e-09  1.91018239e+00  1.68981761e+00  2.30839410e+00  2.64416157e+00 
 1.40764000e-09  1.90965748e+00  1.69034252e+00  2.30889472e+00  2.64366274e+00 
 1.40814000e-09  1.90913148e+00  1.69086852e+00  2.30940088e+00  2.64315828e+00 
 1.40864000e-09  1.90860441e+00  1.69139559e+00  2.30991255e+00  2.64264819e+00 
 1.40914000e-09  1.90807626e+00  1.69192374e+00  2.31042971e+00  2.64213252e+00 
 1.40964000e-09  1.90754705e+00  1.69245295e+00  2.31095235e+00  2.64161128e+00 
 1.41014000e-09  1.90701678e+00  1.69298322e+00  2.31148044e+00  2.64108449e+00 
 1.41064000e-09  1.90648545e+00  1.69351455e+00  2.31201395e+00  2.64055217e+00 
 1.41114000e-09  1.90595306e+00  1.69404694e+00  2.31255285e+00  2.64001437e+00 
 1.41164000e-09  1.90541964e+00  1.69458036e+00  2.31309713e+00  2.63947109e+00 
 1.41214000e-09  1.90488517e+00  1.69511483e+00  2.31364674e+00  2.63892237e+00 
 1.41264000e-09  1.90434967e+00  1.69565033e+00  2.31420168e+00  2.63836824e+00 
 1.41314000e-09  1.90381314e+00  1.69618686e+00  2.31476190e+00  2.63780872e+00 
 1.41364000e-09  1.90327558e+00  1.69672442e+00  2.31532737e+00  2.63724384e+00 
 1.41414000e-09  1.90273700e+00  1.69726300e+00  2.31589807e+00  2.63667364e+00 
 1.41464000e-09  1.90219741e+00  1.69780259e+00  2.31647397e+00  2.63609815e+00 
 1.41514000e-09  1.90165681e+00  1.69834319e+00  2.31705504e+00  2.63551739e+00 
 1.41564000e-09  1.90111521e+00  1.69888479e+00  2.31764123e+00  2.63493140e+00 
 1.41614000e-09  1.90057261e+00  1.69942739e+00  2.31823253e+00  2.63434020e+00 
 1.41664000e-09  1.90002902e+00  1.69997098e+00  2.31882890e+00  2.63374385e+00 
 1.41714000e-09  1.89948444e+00  1.70051556e+00  2.31943030e+00  2.63314236e+00 
 1.41764000e-09  1.89893888e+00  1.70106112e+00  2.32003671e+00  2.63253576e+00 
 1.41814000e-09  1.89839234e+00  1.70160766e+00  2.32064808e+00  2.63192411e+00 
 1.41864000e-09  1.89784483e+00  1.70215517e+00  2.32126440e+00  2.63130742e+00 
 1.41914000e-09  1.89729636e+00  1.70270364e+00  2.32188561e+00  2.63068574e+00 
 1.41964000e-09  1.89674692e+00  1.70325308e+00  2.32251169e+00  2.63005909e+00 
 1.42014000e-09  1.89619653e+00  1.70380347e+00  2.32314260e+00  2.62942752e+00 
 1.42064000e-09  1.89564519e+00  1.70435481e+00  2.32377831e+00  2.62879106e+00 
 1.42114000e-09  1.89509291e+00  1.70490709e+00  2.32441878e+00  2.62814974e+00 
 1.42164000e-09  1.89453968e+00  1.70546032e+00  2.32506398e+00  2.62750361e+00 
 1.42214000e-09  1.89398553e+00  1.70601447e+00  2.32571387e+00  2.62685269e+00 
 1.42264000e-09  1.89343045e+00  1.70656955e+00  2.32636842e+00  2.62619703e+00 
 1.42314000e-09  1.89287444e+00  1.70712556e+00  2.32702759e+00  2.62553666e+00 
 1.42364000e-09  1.89231752e+00  1.70768248e+00  2.32769134e+00  2.62487162e+00 
 1.42414000e-09  1.89175969e+00  1.70824031e+00  2.32835965e+00  2.62420195e+00 
 1.42464000e-09  1.89120095e+00  1.70879905e+00  2.32903247e+00  2.62352767e+00 
 1.42514000e-09  1.89064131e+00  1.70935869e+00  2.32970978e+00  2.62284884e+00 
 1.42564000e-09  1.89008078e+00  1.70991922e+00  2.33039153e+00  2.62216548e+00 
 1.42614000e-09  1.88951936e+00  1.71048064e+00  2.33107768e+00  2.62147764e+00 
 1.42664000e-09  1.88895705e+00  1.71104295e+00  2.33176822e+00  2.62078534e+00 
 1.42714000e-09  1.88839387e+00  1.71160613e+00  2.33246309e+00  2.62008863e+00 
 1.42764000e-09  1.88782981e+00  1.71217019e+00  2.33316226e+00  2.61938755e+00 
 1.42814000e-09  1.88726489e+00  1.71273511e+00  2.33386571e+00  2.61868213e+00 
 1.42864000e-09  1.88669910e+00  1.71330090e+00  2.33457338e+00  2.61797241e+00 
 1.42914000e-09  1.88613246e+00  1.71386754e+00  2.33528526e+00  2.61725842e+00 
 1.42964000e-09  1.88556497e+00  1.71443503e+00  2.33600130e+00  2.61654021e+00 
 1.43014000e-09  1.88499664e+00  1.71500336e+00  2.33672146e+00  2.61581780e+00 
 1.43064000e-09  1.88442747e+00  1.71557253e+00  2.33744573e+00  2.61509125e+00 
 1.43114000e-09  1.88385746e+00  1.71614254e+00  2.33817405e+00  2.61436057e+00 
 1.43164000e-09  1.88328663e+00  1.71671337e+00  2.33890639e+00  2.61362582e+00 
 1.43214000e-09  1.88271497e+00  1.71728503e+00  2.33964273e+00  2.61288702e+00 
 1.43264000e-09  1.88214250e+00  1.71785750e+00  2.34038303e+00  2.61214421e+00 
 1.43314000e-09  1.88156921e+00  1.71843079e+00  2.34112724e+00  2.61139743e+00 
 1.43364000e-09  1.88099513e+00  1.71900487e+00  2.34187535e+00  2.61064672e+00 
 1.43414000e-09  1.88042024e+00  1.71957976e+00  2.34262731e+00  2.60989211e+00 
 1.43464000e-09  1.87984456e+00  1.72015544e+00  2.34338309e+00  2.60913363e+00 
 1.43514000e-09  1.87926809e+00  1.72073191e+00  2.34414266e+00  2.60837133e+00 
 1.43564000e-09  1.87869084e+00  1.72130916e+00  2.34490599e+00  2.60760523e+00 
 1.43614000e-09  1.87811281e+00  1.72188719e+00  2.34567303e+00  2.60683538e+00 
 1.43664000e-09  1.87753401e+00  1.72246599e+00  2.34644376e+00  2.60606181e+00 
 1.43714000e-09  1.87695444e+00  1.72304556e+00  2.34721815e+00  2.60528455e+00 
 1.43764000e-09  1.87637412e+00  1.72362588e+00  2.34799616e+00  2.60450364e+00 
 1.43814000e-09  1.87579304e+00  1.72420696e+00  2.34877776e+00  2.60371911e+00 
 1.43864000e-09  1.87521122e+00  1.72478878e+00  2.34956291e+00  2.60293100e+00 
 1.43914000e-09  1.87462865e+00  1.72537135e+00  2.35035159e+00  2.60213934e+00 
 1.43964000e-09  1.87404534e+00  1.72595466e+00  2.35114376e+00  2.60134417e+00 
 1.44014000e-09  1.87346131e+00  1.72653869e+00  2.35193939e+00  2.60054552e+00 
 1.44064000e-09  1.87287655e+00  1.72712345e+00  2.35273844e+00  2.59974343e+00 
 1.44114000e-09  1.87229107e+00  1.72770893e+00  2.35354089e+00  2.59893792e+00 
 1.44164000e-09  1.87170487e+00  1.72829513e+00  2.35434670e+00  2.59812904e+00 
 1.44214000e-09  1.87111797e+00  1.72888203e+00  2.35515585e+00  2.59731682e+00 
 1.44264000e-09  1.87053037e+00  1.72946963e+00  2.35596829e+00  2.59650128e+00 
 1.44314000e-09  1.86994207e+00  1.73005793e+00  2.35678400e+00  2.59568247e+00 
 1.44364000e-09  1.86935308e+00  1.73064692e+00  2.35760294e+00  2.59486041e+00 
 1.44414000e-09  1.86876341e+00  1.73123659e+00  2.35842509e+00  2.59403514e+00 
 1.44464000e-09  1.86817305e+00  1.73182695e+00  2.35925042e+00  2.59320669e+00 
 1.44514000e-09  1.86758203e+00  1.73241797e+00  2.36007888e+00  2.59237509e+00 
 1.44564000e-09  1.86699034e+00  1.73300966e+00  2.36091046e+00  2.59154038e+00 
 1.44614000e-09  1.86639798e+00  1.73360202e+00  2.36174512e+00  2.59070259e+00 
 1.44664000e-09  1.86580497e+00  1.73419503e+00  2.36258283e+00  2.58986175e+00 
 1.44714000e-09  1.86521132e+00  1.73478868e+00  2.36342355e+00  2.58901789e+00 
 1.44764000e-09  1.86461701e+00  1.73538299e+00  2.36426727e+00  2.58817104e+00 
 1.44814000e-09  1.86402207e+00  1.73597793e+00  2.36511394e+00  2.58732124e+00 
 1.44864000e-09  1.86342650e+00  1.73657350e+00  2.36596354e+00  2.58646852e+00 
 1.44914000e-09  1.86283031e+00  1.73716969e+00  2.36681604e+00  2.58561290e+00 
 1.44964000e-09  1.86223349e+00  1.73776651e+00  2.36767141e+00  2.58475442e+00 
 1.45014000e-09  1.86163606e+00  1.73836394e+00  2.36852961e+00  2.58389311e+00 
 1.45064000e-09  1.86103802e+00  1.73896198e+00  2.36939062e+00  2.58302900e+00 
 1.45114000e-09  1.86043937e+00  1.73956063e+00  2.37025441e+00  2.58216212e+00 
 1.45164000e-09  1.85984013e+00  1.74015987e+00  2.37112095e+00  2.58129250e+00 
 1.45214000e-09  1.85924030e+00  1.74075970e+00  2.37199020e+00  2.58042017e+00 
 1.45264000e-09  1.85863989e+00  1.74136011e+00  2.37286215e+00  2.57954516e+00 
 1.45314000e-09  1.85803890e+00  1.74196110e+00  2.37373675e+00  2.57866750e+00 
 1.45364000e-09  1.85743733e+00  1.74256267e+00  2.37461399e+00  2.57778722e+00 
 1.45414000e-09  1.85683520e+00  1.74316480e+00  2.37549382e+00  2.57690435e+00 
 1.45464000e-09  1.85623250e+00  1.74376750e+00  2.37637623e+00  2.57601892e+00 
 1.45514000e-09  1.85562926e+00  1.74437074e+00  2.37726118e+00  2.57513096e+00 
 1.45564000e-09  1.85502546e+00  1.74497454e+00  2.37814865e+00  2.57424050e+00 
 1.45614000e-09  1.85442112e+00  1.74557888e+00  2.37903861e+00  2.57334756e+00 
 1.45664000e-09  1.85381624e+00  1.74618376e+00  2.37993102e+00  2.57245218e+00 
 1.45714000e-09  1.85321083e+00  1.74678917e+00  2.38082586e+00  2.57155438e+00 
 1.45764000e-09  1.85260490e+00  1.74739510e+00  2.38172311e+00  2.57065419e+00 
 1.45814000e-09  1.85199844e+00  1.74800156e+00  2.38262272e+00  2.56975164e+00 
 1.45864000e-09  1.85139148e+00  1.74860852e+00  2.38352469e+00  2.56884676e+00 
 1.45914000e-09  1.85078400e+00  1.74921600e+00  2.38442896e+00  2.56793958e+00 
 1.45964000e-09  1.85017603e+00  1.74982397e+00  2.38533553e+00  2.56703012e+00 
 1.46014000e-09  1.84956756e+00  1.75043244e+00  2.38624436e+00  2.56611842e+00 
 1.46064000e-09  1.84895860e+00  1.75104140e+00  2.38715542e+00  2.56520449e+00 
 1.46114000e-09  1.84834915e+00  1.75165085e+00  2.38806869e+00  2.56428836e+00 
 1.46164000e-09  1.84773923e+00  1.75226077e+00  2.38898414e+00  2.56337008e+00 
 1.46214000e-09  1.84712884e+00  1.75287116e+00  2.38990174e+00  2.56244965e+00 
 1.46264000e-09  1.84651799e+00  1.75348201e+00  2.39082147e+00  2.56152711e+00 
 1.46314000e-09  1.84590667e+00  1.75409333e+00  2.39174329e+00  2.56060248e+00 
 1.46364000e-09  1.84529490e+00  1.75470510e+00  2.39266718e+00  2.55967579e+00 
 1.46414000e-09  1.84468269e+00  1.75531731e+00  2.39359311e+00  2.55874708e+00 
 1.46464000e-09  1.84407003e+00  1.75592997e+00  2.39452107e+00  2.55781635e+00 
 1.46514000e-09  1.84345694e+00  1.75654306e+00  2.39545101e+00  2.55688365e+00 
 1.46564000e-09  1.84284342e+00  1.75715658e+00  2.39638291e+00  2.55594899e+00 
 1.46614000e-09  1.84222948e+00  1.75777052e+00  2.39731676e+00  2.55501240e+00 
 1.46664000e-09  1.84161512e+00  1.75838488e+00  2.39825251e+00  2.55407391e+00 
 1.46714000e-09  1.84100034e+00  1.75899966e+00  2.39919014e+00  2.55313354e+00 
 1.46764000e-09  1.84038517e+00  1.75961483e+00  2.40012964e+00  2.55219132e+00 
 1.46814000e-09  1.83976960e+00  1.76023040e+00  2.40107097e+00  2.55124727e+00 
 1.46864000e-09  1.83915363e+00  1.76084637e+00  2.40201410e+00  2.55030142e+00 
 1.46914000e-09  1.83853728e+00  1.76146272e+00  2.40295901e+00  2.54935380e+00 
 1.46964000e-09  1.83792054e+00  1.76207946e+00  2.40390568e+00  2.54840442e+00 
 1.47014000e-09  1.83730344e+00  1.76269656e+00  2.40485408e+00  2.54745332e+00 
 1.47064000e-09  1.83668596e+00  1.76331404e+00  2.40580418e+00  2.54650051e+00 
 1.47114000e-09  1.83606812e+00  1.76393188e+00  2.40675595e+00  2.54554603e+00 
 1.47164000e-09  1.83544993e+00  1.76455007e+00  2.40770938e+00  2.54458990e+00 
 1.47214000e-09  1.83483138e+00  1.76516862e+00  2.40866444e+00  2.54363213e+00 
 1.47264000e-09  1.83421250e+00  1.76578750e+00  2.40962110e+00  2.54267276e+00 
 1.47314000e-09  1.83359327e+00  1.76640673e+00  2.41057934e+00  2.54171181e+00 
 1.47364000e-09  1.83297372e+00  1.76702628e+00  2.41153912e+00  2.54074931e+00 
 1.47414000e-09  1.83235383e+00  1.76764617e+00  2.41250044e+00  2.53978527e+00 
 1.47464000e-09  1.83173363e+00  1.76826637e+00  2.41346325e+00  2.53881971e+00 
 1.47514000e-09  1.83111312e+00  1.76888688e+00  2.41442755e+00  2.53785268e+00 
 1.47564000e-09  1.83049230e+00  1.76950770e+00  2.41539329e+00  2.53688418e+00 
 1.47614000e-09  1.82987117e+00  1.77012883e+00  2.41636047e+00  2.53591424e+00 
 1.47664000e-09  1.82924976e+00  1.77075024e+00  2.41732905e+00  2.53494288e+00 
 1.47714000e-09  1.82862805e+00  1.77137195e+00  2.41829900e+00  2.53397014e+00 
 1.47764000e-09  1.82800606e+00  1.77199394e+00  2.41927031e+00  2.53299602e+00 
 1.47814000e-09  1.82738380e+00  1.77261620e+00  2.42024296e+00  2.53202055e+00 
 1.47864000e-09  1.82676126e+00  1.77323874e+00  2.42121690e+00  2.53104376e+00 
 1.47914000e-09  1.82613846e+00  1.77386154e+00  2.42219214e+00  2.53006566e+00 
 1.47964000e-09  1.82551540e+00  1.77448460e+00  2.42316862e+00  2.52908629e+00 
 1.48014000e-09  1.82489210e+00  1.77510790e+00  2.42414635e+00  2.52810566e+00 
 1.48064000e-09  1.82426854e+00  1.77573146e+00  2.42512528e+00  2.52712379e+00 
 1.48114000e-09  1.82364475e+00  1.77635525e+00  2.42610540e+00  2.52614071e+00 
 1.48164000e-09  1.82302072e+00  1.77697928e+00  2.42708668e+00  2.52515644e+00 
 1.48214000e-09  1.82239646e+00  1.77760354e+00  2.42806910e+00  2.52417100e+00 
 1.48264000e-09  1.82177199e+00  1.77822801e+00  2.42905263e+00  2.52318441e+00 
 1.48314000e-09  1.82114730e+00  1.77885270e+00  2.43003726e+00  2.52219670e+00 
 1.48364000e-09  1.82052240e+00  1.77947760e+00  2.43102295e+00  2.52120789e+00 
 1.48414000e-09  1.81989729e+00  1.78010271e+00  2.43200969e+00  2.52021800e+00 
 1.48464000e-09  1.81927200e+00  1.78072800e+00  2.43299745e+00  2.51922704e+00 
 1.48514000e-09  1.81864651e+00  1.78135349e+00  2.43398620e+00  2.51823505e+00 
 1.48564000e-09  1.81802083e+00  1.78197917e+00  2.43497593e+00  2.51724205e+00 
 1.48614000e-09  1.81739498e+00  1.78260502e+00  2.43596661e+00  2.51624805e+00 
 1.48664000e-09  1.81676896e+00  1.78323104e+00  2.43695822e+00  2.51525307e+00 
 1.48714000e-09  1.81614277e+00  1.78385723e+00  2.43795073e+00  2.51425715e+00 
 1.48764000e-09  1.81551643e+00  1.78448357e+00  2.43894411e+00  2.51326029e+00 
 1.48814000e-09  1.81488993e+00  1.78511007e+00  2.43993836e+00  2.51226253e+00 
 1.48864000e-09  1.81426328e+00  1.78573672e+00  2.44093344e+00  2.51126388e+00 
 1.48914000e-09  1.81363649e+00  1.78636351e+00  2.44192933e+00  2.51026437e+00 
 1.48964000e-09  1.81300957e+00  1.78699043e+00  2.44292600e+00  2.50926401e+00 
 1.49014000e-09  1.81238252e+00  1.78761748e+00  2.44392344e+00  2.50826283e+00 
 1.49064000e-09  1.81175534e+00  1.78824466e+00  2.44492161e+00  2.50726085e+00 
 1.49114000e-09  1.81112805e+00  1.78887195e+00  2.44592050e+00  2.50625809e+00 
 1.49164000e-09  1.81050066e+00  1.78949934e+00  2.44692009e+00  2.50525457e+00 
 1.49214000e-09  1.80987315e+00  1.79012685e+00  2.44792034e+00  2.50425032e+00 
 1.49264000e-09  1.80924555e+00  1.79075445e+00  2.44892124e+00  2.50324535e+00 
 1.49314000e-09  1.80861786e+00  1.79138214e+00  2.44992275e+00  2.50223970e+00 
 1.49364000e-09  1.80799008e+00  1.79200992e+00  2.45092487e+00  2.50123337e+00 
 1.49414000e-09  1.80736223e+00  1.79263777e+00  2.45192756e+00  2.50022640e+00 
 1.49464000e-09  1.80673430e+00  1.79326570e+00  2.45293080e+00  2.49921880e+00 
 1.49514000e-09  1.80610631e+00  1.79389369e+00  2.45393456e+00  2.49821059e+00 
 1.49564000e-09  1.80547825e+00  1.79452175e+00  2.45493883e+00  2.49720181e+00 
 1.49614000e-09  1.80485014e+00  1.79514986e+00  2.45594357e+00  2.49619247e+00 
 1.49664000e-09  1.80422199e+00  1.79577801e+00  2.45694877e+00  2.49518260e+00 
 1.49714000e-09  1.80359379e+00  1.79640621e+00  2.45795439e+00  2.49417221e+00 
 1.49764000e-09  1.80296555e+00  1.79703445e+00  2.45896042e+00  2.49316134e+00 
 1.49814000e-09  1.80233729e+00  1.79766271e+00  2.45996683e+00  2.49215000e+00 
 1.49864000e-09  1.80170901e+00  1.79829099e+00  2.46097359e+00  2.49113823e+00 
 1.49914000e-09  1.80108070e+00  1.79891930e+00  2.46198068e+00  2.49012604e+00 
 1.49964000e-09  1.80045239e+00  1.79954761e+00  2.46298808e+00  2.48911345e+00 
 1.50014000e-09  1.79982407e+00  1.80017593e+00  2.46399575e+00  2.48810050e+00 
 1.50064000e-09  1.79919575e+00  1.80080425e+00  2.46500368e+00  2.48708721e+00 
 1.50114000e-09  1.79856745e+00  1.80143255e+00  2.46601184e+00  2.48607361e+00 
 1.50164000e-09  1.79793915e+00  1.80206085e+00  2.46702021e+00  2.48505971e+00 
 1.50214000e-09  1.79731088e+00  1.80268912e+00  2.46802875e+00  2.48404555e+00 
 1.50264000e-09  1.79668263e+00  1.80331737e+00  2.46903744e+00  2.48303115e+00 
 1.50314000e-09  1.79605442e+00  1.80394558e+00  2.47004627e+00  2.48201653e+00 
 1.50364000e-09  1.79542624e+00  1.80457376e+00  2.47105519e+00  2.48100173e+00 
 1.50414000e-09  1.79479811e+00  1.80520189e+00  2.47206419e+00  2.47998678e+00 
 1.50464000e-09  1.79417003e+00  1.80582997e+00  2.47307325e+00  2.47897169e+00 
 1.50514000e-09  1.79354201e+00  1.80645799e+00  2.47408233e+00  2.47795649e+00 
 1.50564000e-09  1.79291405e+00  1.80708595e+00  2.47509141e+00  2.47694122e+00 
 1.50614000e-09  1.79228616e+00  1.80771384e+00  2.47610046e+00  2.47592590e+00 
 1.50664000e-09  1.79165835e+00  1.80834165e+00  2.47710947e+00  2.47491055e+00 
 1.50714000e-09  1.79103062e+00  1.80896938e+00  2.47811840e+00  2.47389521e+00 
 1.50764000e-09  1.79040298e+00  1.80959702e+00  2.47912723e+00  2.47287990e+00 
 1.50814000e-09  1.78977543e+00  1.81022457e+00  2.48013594e+00  2.47186466e+00 
 1.50864000e-09  1.78914799e+00  1.81085201e+00  2.48114450e+00  2.47084950e+00 
 1.50914000e-09  1.78852065e+00  1.81147935e+00  2.48215289e+00  2.46983446e+00 
 1.50964000e-09  1.78789342e+00  1.81210658e+00  2.48316109e+00  2.46881955e+00 
 1.51014000e-09  1.78726632e+00  1.81273368e+00  2.48416907e+00  2.46780482e+00 
 1.51064000e-09  1.78663934e+00  1.81336066e+00  2.48517681e+00  2.46679029e+00 
 1.51114000e-09  1.78601249e+00  1.81398751e+00  2.48618428e+00  2.46577598e+00 
 1.51164000e-09  1.78538578e+00  1.81461422e+00  2.48719147e+00  2.46476192e+00 
 1.51214000e-09  1.78475922e+00  1.81524078e+00  2.48819836e+00  2.46374814e+00 
 1.51264000e-09  1.78413280e+00  1.81586720e+00  2.48920491e+00  2.46273466e+00 
 1.51314000e-09  1.78350654e+00  1.81649346e+00  2.49021112e+00  2.46172151e+00 
 1.51364000e-09  1.78288045e+00  1.81711955e+00  2.49121696e+00  2.46070872e+00 
 1.51414000e-09  1.78225452e+00  1.81774548e+00  2.49222241e+00  2.45969631e+00 
 1.51464000e-09  1.78162877e+00  1.81837123e+00  2.49322745e+00  2.45868430e+00 
 1.51514000e-09  1.78100320e+00  1.81899680e+00  2.49423206e+00  2.45767273e+00 
 1.51564000e-09  1.78037781e+00  1.81962219e+00  2.49523623e+00  2.45666161e+00 
 1.51614000e-09  1.77975262e+00  1.82024738e+00  2.49623993e+00  2.45565098e+00 
 1.51664000e-09  1.77912763e+00  1.82087237e+00  2.49724314e+00  2.45464085e+00 
 1.51714000e-09  1.77850285e+00  1.82149715e+00  2.49824586e+00  2.45363125e+00 
 1.51764000e-09  1.77787828e+00  1.82212172e+00  2.49924806e+00  2.45262220e+00 
 1.51814000e-09  1.77725393e+00  1.82274607e+00  2.50024972e+00  2.45161374e+00 
 1.51864000e-09  1.77662980e+00  1.82337020e+00  2.50125083e+00  2.45060588e+00 
 1.51914000e-09  1.77600590e+00  1.82399410e+00  2.50225137e+00  2.44959864e+00 
 1.51964000e-09  1.77538224e+00  1.82461776e+00  2.50325133e+00  2.44859206e+00 
 1.52014000e-09  1.77475882e+00  1.82524118e+00  2.50425068e+00  2.44758615e+00 
 1.52064000e-09  1.77413565e+00  1.82586435e+00  2.50524942e+00  2.44658093e+00 
 1.52114000e-09  1.77351274e+00  1.82648726e+00  2.50624752e+00  2.44557644e+00 
 1.52164000e-09  1.77289009e+00  1.82710991e+00  2.50724497e+00  2.44457270e+00 
 1.52214000e-09  1.77226770e+00  1.82773230e+00  2.50824175e+00  2.44356972e+00 
 1.52264000e-09  1.77164559e+00  1.82835441e+00  2.50923785e+00  2.44256754e+00 
 1.52314000e-09  1.77102376e+00  1.82897624e+00  2.51023325e+00  2.44156617e+00 
 1.52364000e-09  1.77040221e+00  1.82959779e+00  2.51122794e+00  2.44056564e+00 
 1.52414000e-09  1.76978096e+00  1.83021904e+00  2.51222189e+00  2.43956598e+00 
 1.52464000e-09  1.76916001e+00  1.83083999e+00  2.51321509e+00  2.43856720e+00 
 1.52514000e-09  1.76853936e+00  1.83146064e+00  2.51420752e+00  2.43756933e+00 
 1.52564000e-09  1.76791902e+00  1.83208098e+00  2.51519917e+00  2.43657240e+00 
 1.52614000e-09  1.76729899e+00  1.83270101e+00  2.51619001e+00  2.43557642e+00 
 1.52664000e-09  1.76667929e+00  1.83332071e+00  2.51718003e+00  2.43458142e+00 
 1.52714000e-09  1.76605992e+00  1.83394008e+00  2.51816921e+00  2.43358743e+00 
 1.52764000e-09  1.76544088e+00  1.83455912e+00  2.51915753e+00  2.43259446e+00 
 1.52814000e-09  1.76482219e+00  1.83517781e+00  2.52014497e+00  2.43160254e+00 
 1.52864000e-09  1.76420384e+00  1.83579616e+00  2.52113151e+00  2.43061170e+00 
 1.52914000e-09  1.76358584e+00  1.83641416e+00  2.52211713e+00  2.42962195e+00 
 1.52964000e-09  1.76296821e+00  1.83703179e+00  2.52310180e+00  2.42863332e+00 
 1.53014000e-09  1.76235094e+00  1.83764906e+00  2.52408551e+00  2.42764583e+00 
 1.53064000e-09  1.76173404e+00  1.83826596e+00  2.52506823e+00  2.42665951e+00 
 1.53114000e-09  1.76111752e+00  1.83888248e+00  2.52604995e+00  2.42567437e+00 
 1.53164000e-09  1.76050138e+00  1.83949862e+00  2.52703063e+00  2.42469044e+00 
 1.53214000e-09  1.75988563e+00  1.84011437e+00  2.52801025e+00  2.42370774e+00 
 1.53264000e-09  1.75927028e+00  1.84072972e+00  2.52898879e+00  2.42272630e+00 
 1.53314000e-09  1.75865533e+00  1.84134467e+00  2.52996622e+00  2.42174613e+00 
 1.53364000e-09  1.75804079e+00  1.84195921e+00  2.53094252e+00  2.42076725e+00 
 1.53414000e-09  1.75742666e+00  1.84257334e+00  2.53191766e+00  2.41978970e+00 
 1.53464000e-09  1.75681296e+00  1.84318704e+00  2.53289162e+00  2.41881349e+00 
 1.53514000e-09  1.75619968e+00  1.84380032e+00  2.53386437e+00  2.41783864e+00 
 1.53564000e-09  1.75558683e+00  1.84441317e+00  2.53483589e+00  2.41686518e+00 
 1.53614000e-09  1.75497442e+00  1.84502558e+00  2.53580614e+00  2.41589312e+00 
 1.53664000e-09  1.75436245e+00  1.84563755e+00  2.53677510e+00  2.41492249e+00 
 1.53714000e-09  1.75375094e+00  1.84624906e+00  2.53774274e+00  2.41395331e+00 
 1.53764000e-09  1.75313988e+00  1.84686012e+00  2.53870903e+00  2.41298560e+00 
 1.53814000e-09  1.75252928e+00  1.84747072e+00  2.53967395e+00  2.41201939e+00 
 1.53864000e-09  1.75191915e+00  1.84808085e+00  2.54063747e+00  2.41105469e+00 
 1.53914000e-09  1.75130950e+00  1.84869050e+00  2.54159956e+00  2.41009152e+00 
 1.53964000e-09  1.75070033e+00  1.84929967e+00  2.54256019e+00  2.40912992e+00 
 1.54014000e-09  1.75009164e+00  1.84990836e+00  2.54351933e+00  2.40816989e+00 
 1.54064000e-09  1.74948345e+00  1.85051655e+00  2.54447695e+00  2.40721147e+00 
 1.54114000e-09  1.74887575e+00  1.85112425e+00  2.54543303e+00  2.40625467e+00 
 1.54164000e-09  1.74826856e+00  1.85173144e+00  2.54638754e+00  2.40529952e+00 
 1.54214000e-09  1.74766188e+00  1.85233812e+00  2.54734044e+00  2.40434603e+00 
 1.54264000e-09  1.74705572e+00  1.85294428e+00  2.54829171e+00  2.40339424e+00 
 1.54314000e-09  1.74645008e+00  1.85354992e+00  2.54924132e+00  2.40244416e+00 
 1.54364000e-09  1.74584496e+00  1.85415504e+00  2.55018924e+00  2.40149582e+00 
 1.54414000e-09  1.74524039e+00  1.85475961e+00  2.55113544e+00  2.40054923e+00 
 1.54464000e-09  1.74463635e+00  1.85536365e+00  2.55207989e+00  2.39960443e+00 
 1.54514000e-09  1.74403286e+00  1.85596714e+00  2.55302257e+00  2.39866143e+00 
 1.54564000e-09  1.74342992e+00  1.85657008e+00  2.55396343e+00  2.39772025e+00 
 1.54614000e-09  1.74282754e+00  1.85717246e+00  2.55490246e+00  2.39678093e+00 
 1.54664000e-09  1.74222572e+00  1.85777428e+00  2.55583963e+00  2.39584349e+00 
 1.54714000e-09  1.74162448e+00  1.85837552e+00  2.55677490e+00  2.39490794e+00 
 1.54764000e-09  1.74102381e+00  1.85897619e+00  2.55770824e+00  2.39397432e+00 
 1.54814000e-09  1.74042372e+00  1.85957628e+00  2.55863963e+00  2.39304264e+00 
 1.54864000e-09  1.73982422e+00  1.86017578e+00  2.55956904e+00  2.39211294e+00 
 1.54914000e-09  1.73922531e+00  1.86077469e+00  2.56049643e+00  2.39118523e+00 
 1.54964000e-09  1.73862701e+00  1.86137299e+00  2.56142179e+00  2.39025954e+00 
 1.55014000e-09  1.73802931e+00  1.86197069e+00  2.56234507e+00  2.38933590e+00 
 1.55064000e-09  1.73743222e+00  1.86256778e+00  2.56326625e+00  2.38841433e+00 
 1.55114000e-09  1.73683575e+00  1.86316425e+00  2.56418530e+00  2.38749486e+00 
 1.55164000e-09  1.73623990e+00  1.86376010e+00  2.56510219e+00  2.38657751e+00 
 1.55214000e-09  1.73564468e+00  1.86435532e+00  2.56601689e+00  2.38566231e+00 
 1.55264000e-09  1.73505010e+00  1.86494990e+00  2.56692937e+00  2.38474928e+00 
 1.55314000e-09  1.73445616e+00  1.86554384e+00  2.56783960e+00  2.38383845e+00 
 1.55364000e-09  1.73386286e+00  1.86613714e+00  2.56874756e+00  2.38292985e+00 
 1.55414000e-09  1.73327022e+00  1.86672978e+00  2.56965320e+00  2.38202351e+00 
 1.55464000e-09  1.73267823e+00  1.86732177e+00  2.57055651e+00  2.38111945e+00 
 1.55514000e-09  1.73208691e+00  1.86791309e+00  2.57145745e+00  2.38021769e+00 
 1.55564000e-09  1.73149626e+00  1.86850374e+00  2.57235599e+00  2.37931827e+00 
 1.55614000e-09  1.73090629e+00  1.86909371e+00  2.57325210e+00  2.37842122e+00 
 1.55664000e-09  1.73031700e+00  1.86968300e+00  2.57414575e+00  2.37752656e+00 
 1.55714000e-09  1.72972840e+00  1.87027160e+00  2.57503692e+00  2.37663432e+00 
 1.55764000e-09  1.72914049e+00  1.87085951e+00  2.57592556e+00  2.37574452e+00 
 1.55814000e-09  1.72855328e+00  1.87144672e+00  2.57681166e+00  2.37485721e+00 
 1.55864000e-09  1.72796677e+00  1.87203323e+00  2.57769517e+00  2.37397240e+00 
 1.55914000e-09  1.72738098e+00  1.87261902e+00  2.57857608e+00  2.37309013e+00 
 1.55964000e-09  1.72679590e+00  1.87320410e+00  2.57945434e+00  2.37221042e+00 
 1.56014000e-09  1.72621154e+00  1.87378846e+00  2.58032993e+00  2.37133330e+00 
 1.56064000e-09  1.72562792e+00  1.87437208e+00  2.58120281e+00  2.37045881e+00 
 1.56114000e-09  1.72504502e+00  1.87495498e+00  2.58207296e+00  2.36958697e+00 
 1.56164000e-09  1.72446287e+00  1.87553713e+00  2.58294034e+00  2.36871782e+00 
 1.56214000e-09  1.72388146e+00  1.87611854e+00  2.58380493e+00  2.36785138e+00 
 1.56264000e-09  1.72330081e+00  1.87669919e+00  2.58466668e+00  2.36698768e+00 
 1.56314000e-09  1.72272091e+00  1.87727909e+00  2.58552557e+00  2.36612676e+00 
 1.56364000e-09  1.72214177e+00  1.87785823e+00  2.58638157e+00  2.36526865e+00 
 1.56414000e-09  1.72156340e+00  1.87843660e+00  2.58723464e+00  2.36441338e+00 
 1.56464000e-09  1.72098581e+00  1.87901419e+00  2.58808475e+00  2.36356098e+00 
 1.56514000e-09  1.72040899e+00  1.87959101e+00  2.58893187e+00  2.36271147e+00 
 1.56564000e-09  1.71983296e+00  1.88016704e+00  2.58977597e+00  2.36186491e+00 
 1.56614000e-09  1.71925773e+00  1.88074227e+00  2.59061701e+00  2.36102130e+00 
 1.56664000e-09  1.71868329e+00  1.88131671e+00  2.59145495e+00  2.36018070e+00 
 1.56714000e-09  1.71810965e+00  1.88189035e+00  2.59228978e+00  2.35934313e+00 
 1.56764000e-09  1.71753682e+00  1.88246318e+00  2.59312145e+00  2.35850862e+00 
 1.56814000e-09  1.71696480e+00  1.88303520e+00  2.59394993e+00  2.35767721e+00 
 1.56864000e-09  1.71639361e+00  1.88360639e+00  2.59477518e+00  2.35684892e+00 
 1.56914000e-09  1.71582323e+00  1.88417677e+00  2.59559718e+00  2.35602380e+00 
 1.56964000e-09  1.71525369e+00  1.88474631e+00  2.59641588e+00  2.35520188e+00 
 1.57014000e-09  1.71468499e+00  1.88531501e+00  2.59723126e+00  2.35438319e+00 
 1.57064000e-09  1.71411713e+00  1.88588287e+00  2.59804327e+00  2.35356776e+00 
 1.57114000e-09  1.71355011e+00  1.88644989e+00  2.59885189e+00  2.35275564e+00 
 1.57164000e-09  1.71298395e+00  1.88701605e+00  2.59965708e+00  2.35194685e+00 
 1.57214000e-09  1.71241865e+00  1.88758135e+00  2.60045880e+00  2.35114142e+00 
 1.57264000e-09  1.71185421e+00  1.88814579e+00  2.60125702e+00  2.35033940e+00 
 1.57314000e-09  1.71129064e+00  1.88870936e+00  2.60205170e+00  2.34954082e+00 
 1.57364000e-09  1.71072795e+00  1.88927205e+00  2.60284280e+00  2.34874572e+00 
 1.57414000e-09  1.71016614e+00  1.88983386e+00  2.60363030e+00  2.34795412e+00 
 1.57464000e-09  1.70960521e+00  1.89039479e+00  2.60441415e+00  2.34716607e+00 
 1.57514000e-09  1.70904518e+00  1.89095482e+00  2.60519432e+00  2.34638160e+00 
 1.57564000e-09  1.70848605e+00  1.89151395e+00  2.60597077e+00  2.34560075e+00 
 1.57614000e-09  1.70792781e+00  1.89207219e+00  2.60674346e+00  2.34482356e+00 
 1.57664000e-09  1.70737049e+00  1.89262951e+00  2.60751236e+00  2.34405005e+00 
 1.57714000e-09  1.70681408e+00  1.89318592e+00  2.60827743e+00  2.34328027e+00 
 1.57764000e-09  1.70625859e+00  1.89374141e+00  2.60903864e+00  2.34251426e+00 
 1.57814000e-09  1.70570403e+00  1.89429597e+00  2.60979594e+00  2.34175204e+00 
 1.57864000e-09  1.70515040e+00  1.89484960e+00  2.61054929e+00  2.34099367e+00 
 1.57914000e-09  1.70459770e+00  1.89540230e+00  2.61129867e+00  2.34023917e+00 
 1.57964000e-09  1.70404594e+00  1.89595406e+00  2.61204403e+00  2.33948858e+00 
 1.58014000e-09  1.70349513e+00  1.89650487e+00  2.61278533e+00  2.33874194e+00 
 1.58064000e-09  1.70294528e+00  1.89705472e+00  2.61352254e+00  2.33799930e+00 
 1.58114000e-09  1.70239638e+00  1.89760362e+00  2.61425562e+00  2.33726067e+00 
 1.58164000e-09  1.70184845e+00  1.89815155e+00  2.61498452e+00  2.33652612e+00 
 1.58214000e-09  1.70130148e+00  1.89869852e+00  2.61570922e+00  2.33579566e+00 
 1.58264000e-09  1.70075549e+00  1.89924451e+00  2.61642967e+00  2.33506935e+00 
 1.58314000e-09  1.70021047e+00  1.89978953e+00  2.61714582e+00  2.33434721e+00 
 1.58364000e-09  1.69966645e+00  1.90033355e+00  2.61785766e+00  2.33362930e+00 
 1.58414000e-09  1.69912341e+00  1.90087659e+00  2.61856513e+00  2.33291564e+00 
 1.58464000e-09  1.69858137e+00  1.90141863e+00  2.61926819e+00  2.33220627e+00 
 1.58514000e-09  1.69804033e+00  1.90195967e+00  2.61996681e+00  2.33150124e+00 
 1.58564000e-09  1.69750029e+00  1.90249971e+00  2.62066095e+00  2.33080058e+00 
 1.58614000e-09  1.69696127e+00  1.90303873e+00  2.62135057e+00  2.33010432e+00 
 1.58664000e-09  1.69642326e+00  1.90357674e+00  2.62203562e+00  2.32941252e+00 
 1.58714000e-09  1.69588628e+00  1.90411372e+00  2.62271608e+00  2.32872521e+00 
 1.58764000e-09  1.69535032e+00  1.90464968e+00  2.62339189e+00  2.32804242e+00 
 1.58814000e-09  1.69481540e+00  1.90518460e+00  2.62406303e+00  2.32736420e+00 
 1.58864000e-09  1.69428151e+00  1.90571849e+00  2.62472946e+00  2.32669058e+00 
 1.58914000e-09  1.69374867e+00  1.90625133e+00  2.62539112e+00  2.32602161e+00 
 1.58964000e-09  1.69321688e+00  1.90678312e+00  2.62604800e+00  2.32535731e+00 
 1.59014000e-09  1.69268614e+00  1.90731386e+00  2.62670004e+00  2.32469774e+00 
 1.59064000e-09  1.69215646e+00  1.90784354e+00  2.62734720e+00  2.32404292e+00 
 1.59114000e-09  1.69162784e+00  1.90837216e+00  2.62798946e+00  2.32339290e+00 
 1.59164000e-09  1.69110030e+00  1.90889970e+00  2.62862677e+00  2.32274771e+00 
 1.59214000e-09  1.69057383e+00  1.90942617e+00  2.62925910e+00  2.32210739e+00 
 1.59264000e-09  1.69004844e+00  1.90995156e+00  2.62988640e+00  2.32147198e+00 
 1.59314000e-09  1.68952413e+00  1.91047587e+00  2.63050864e+00  2.32084152e+00 
 1.59364000e-09  1.68900091e+00  1.91099909e+00  2.63112578e+00  2.32021603e+00 
 1.59414000e-09  1.68847879e+00  1.91152121e+00  2.63173779e+00  2.31959557e+00 
 1.59464000e-09  1.68795777e+00  1.91204223e+00  2.63234462e+00  2.31898016e+00 
 1.59514000e-09  1.68743786e+00  1.91256214e+00  2.63294625e+00  2.31836984e+00 
 1.59564000e-09  1.68691906e+00  1.91308094e+00  2.63354264e+00  2.31776465e+00 
 1.59614000e-09  1.68640137e+00  1.91359863e+00  2.63413375e+00  2.31716462e+00 
 1.59664000e-09  1.68588481e+00  1.91411519e+00  2.63471955e+00  2.31656979e+00 
 1.59714000e-09  1.68536937e+00  1.91463063e+00  2.63530001e+00  2.31598019e+00 
 1.59764000e-09  1.68485506e+00  1.91514494e+00  2.63587508e+00  2.31539585e+00 
 1.59814000e-09  1.68434189e+00  1.91565811e+00  2.63644474e+00  2.31481681e+00 
 1.59864000e-09  1.68382986e+00  1.91617014e+00  2.63700896e+00  2.31424310e+00 
 1.59914000e-09  1.68331897e+00  1.91668103e+00  2.63756771e+00  2.31367475e+00 
 1.59964000e-09  1.68280924e+00  1.91719076e+00  2.63812094e+00  2.31311179e+00 
 1.60014000e-09  1.68230067e+00  1.91769933e+00  2.63866865e+00  2.31255425e+00 
 1.60064000e-09  1.68179325e+00  1.91820675e+00  2.63921078e+00  2.31200217e+00 
 1.60114000e-09  1.68128700e+00  1.91871300e+00  2.63974733e+00  2.31145557e+00 
 1.60164000e-09  1.68078193e+00  1.91921807e+00  2.64027825e+00  2.31091448e+00 
 1.60214000e-09  1.68027803e+00  1.91972197e+00  2.64080353e+00  2.31037893e+00 
 1.60264000e-09  1.67977531e+00  1.92022469e+00  2.64132313e+00  2.30984893e+00 
 1.60314000e-09  1.67927378e+00  1.92072622e+00  2.64183704e+00  2.30932453e+00 
 1.60364000e-09  1.67877344e+00  1.92122656e+00  2.64234522e+00  2.30880574e+00 
 1.60414000e-09  1.67827430e+00  1.92172570e+00  2.64284767e+00  2.30829259e+00 
 1.60464000e-09  1.67777636e+00  1.92222364e+00  2.64334435e+00  2.30778509e+00 
 1.60514000e-09  1.67727963e+00  1.92272037e+00  2.64383525e+00  2.30728328e+00 
 1.60564000e-09  1.67678410e+00  1.92321590e+00  2.64432034e+00  2.30678716e+00 
 1.60614000e-09  1.67628979e+00  1.92371021e+00  2.64479962e+00  2.30629676e+00 
 1.60664000e-09  1.67579671e+00  1.92420329e+00  2.64527306e+00  2.30581210e+00 
 1.60714000e-09  1.67530485e+00  1.92469515e+00  2.64574066e+00  2.30533318e+00 
 1.60764000e-09  1.67481422e+00  1.92518578e+00  2.64620239e+00  2.30486004e+00 
 1.60814000e-09  1.67432482e+00  1.92567518e+00  2.64665824e+00  2.30439267e+00 
 1.60864000e-09  1.67383667e+00  1.92616333e+00  2.64710822e+00  2.30393110e+00 
 1.60914000e-09  1.67334976e+00  1.92665024e+00  2.64755230e+00  2.30347532e+00 
 1.60964000e-09  1.67286410e+00  1.92713590e+00  2.64799048e+00  2.30302536e+00 
 1.61014000e-09  1.67237970e+00  1.92762030e+00  2.64842275e+00  2.30258122e+00 
 1.61064000e-09  1.67189655e+00  1.92810345e+00  2.64884911e+00  2.30214290e+00 
 1.61114000e-09  1.67141467e+00  1.92858533e+00  2.64926957e+00  2.30171042e+00 
 1.61164000e-09  1.67093406e+00  1.92906594e+00  2.64968411e+00  2.30128376e+00 
 1.61214000e-09  1.67045472e+00  1.92954528e+00  2.65009274e+00  2.30086294e+00 
 1.61264000e-09  1.66997666e+00  1.93002334e+00  2.65049547e+00  2.30044795e+00 
 1.61314000e-09  1.66949989e+00  1.93050011e+00  2.65089229e+00  2.30003879e+00 
 1.61364000e-09  1.66902440e+00  1.93097560e+00  2.65128322e+00  2.29963545e+00 
 1.61414000e-09  1.66855020e+00  1.93144980e+00  2.65166826e+00  2.29923794e+00 
 1.61464000e-09  1.66807731e+00  1.93192269e+00  2.65204742e+00  2.29884624e+00 
 1.61514000e-09  1.66760571e+00  1.93239429e+00  2.65242073e+00  2.29846034e+00 
 1.61564000e-09  1.66713542e+00  1.93286458e+00  2.65278818e+00  2.29808023e+00 
 1.61614000e-09  1.66666645e+00  1.93333355e+00  2.65314980e+00  2.29770591e+00 
 1.61664000e-09  1.66619878e+00  1.93380122e+00  2.65350560e+00  2.29733734e+00 
 1.61714000e-09  1.66573244e+00  1.93426756e+00  2.65385561e+00  2.29697452e+00 
 1.61764000e-09  1.66526743e+00  1.93473257e+00  2.65419984e+00  2.29661743e+00 
 1.61814000e-09  1.66480374e+00  1.93519626e+00  2.65453833e+00  2.29626605e+00 
 1.61864000e-09  1.66434139e+00  1.93565861e+00  2.65487109e+00  2.29592036e+00 
 1.61914000e-09  1.66388038e+00  1.93611962e+00  2.65519816e+00  2.29558032e+00 
 1.61964000e-09  1.66342071e+00  1.93657929e+00  2.65551955e+00  2.29524592e+00 
 1.62014000e-09  1.66296238e+00  1.93703762e+00  2.65583532e+00  2.29491713e+00 
 1.62064000e-09  1.66250542e+00  1.93749458e+00  2.65614548e+00  2.29459391e+00 
 1.62114000e-09  1.66204980e+00  1.93795020e+00  2.65645007e+00  2.29427624e+00 
 1.62164000e-09  1.66159555e+00  1.93840445e+00  2.65674913e+00  2.29396408e+00 
 1.62214000e-09  1.66114267e+00  1.93885733e+00  2.65704270e+00  2.29365740e+00 
 1.62264000e-09  1.66069116e+00  1.93930884e+00  2.65733082e+00  2.29335616e+00 
 1.62314000e-09  1.66024102e+00  1.93975898e+00  2.65761353e+00  2.29306033e+00 
 1.62364000e-09  1.65979226e+00  1.94020774e+00  2.65789087e+00  2.29276985e+00 
 1.62414000e-09  1.65934488e+00  1.94065512e+00  2.65816288e+00  2.29248470e+00 
 1.62464000e-09  1.65889889e+00  1.94110111e+00  2.65842963e+00  2.29220483e+00 
 1.62514000e-09  1.65845430e+00  1.94154570e+00  2.65869115e+00  2.29193018e+00 
 1.62564000e-09  1.65801110e+00  1.94198890e+00  2.65894749e+00  2.29166073e+00 
 1.62614000e-09  1.65756930e+00  1.94243070e+00  2.65919870e+00  2.29139641e+00 
 1.62664000e-09  1.65712891e+00  1.94287109e+00  2.65944484e+00  2.29113718e+00 
 1.62714000e-09  1.65668993e+00  1.94331007e+00  2.65968597e+00  2.29088299e+00 
 1.62764000e-09  1.65625236e+00  1.94374764e+00  2.65992213e+00  2.29063379e+00 
 1.62814000e-09  1.65581622e+00  1.94418378e+00  2.66015338e+00  2.29038953e+00 
 1.62864000e-09  1.65538149e+00  1.94461851e+00  2.66037978e+00  2.29015014e+00 
 1.62914000e-09  1.65494819e+00  1.94505181e+00  2.66060138e+00  2.28991558e+00 
 1.62964000e-09  1.65451633e+00  1.94548367e+00  2.66081826e+00  2.28968578e+00 
 1.63014000e-09  1.65408590e+00  1.94591410e+00  2.66103046e+00  2.28946070e+00 
 1.63064000e-09  1.65365691e+00  1.94634309e+00  2.66123805e+00  2.28924027e+00 
 1.63114000e-09  1.65322936e+00  1.94677064e+00  2.66144109e+00  2.28902443e+00 
 1.63164000e-09  1.65280327e+00  1.94719673e+00  2.66163965e+00  2.28881313e+00 
 1.63214000e-09  1.65237862e+00  1.94762138e+00  2.66183378e+00  2.28860630e+00 
 1.63264000e-09  1.65195544e+00  1.94804456e+00  2.66202356e+00  2.28840388e+00 
 1.63314000e-09  1.65153371e+00  1.94846629e+00  2.66220904e+00  2.28820581e+00 
 1.63364000e-09  1.65111345e+00  1.94888655e+00  2.66239029e+00  2.28801202e+00 
 1.63414000e-09  1.65069466e+00  1.94930534e+00  2.66256738e+00  2.28782246e+00 
 1.63464000e-09  1.65027734e+00  1.94972266e+00  2.66274038e+00  2.28763706e+00 
 1.63514000e-09  1.64986150e+00  1.95013850e+00  2.66290934e+00  2.28745575e+00 
 1.63564000e-09  1.64944714e+00  1.95055286e+00  2.66307434e+00  2.28727848e+00 
 1.63614000e-09  1.64903427e+00  1.95096573e+00  2.66323544e+00  2.28710517e+00 
 1.63664000e-09  1.64862289e+00  1.95137711e+00  2.66339271e+00  2.28693576e+00 
 1.63714000e-09  1.64821300e+00  1.95178700e+00  2.66354621e+00  2.28677019e+00 
 1.63764000e-09  1.64780461e+00  1.95219539e+00  2.66369602e+00  2.28660839e+00 
 1.63814000e-09  1.64739772e+00  1.95260228e+00  2.66384220e+00  2.28645030e+00 
 1.63864000e-09  1.64699234e+00  1.95300766e+00  2.66398482e+00  2.28629585e+00 
 1.63914000e-09  1.64658847e+00  1.95341153e+00  2.66412394e+00  2.28614498e+00 
 1.63964000e-09  1.64618611e+00  1.95381389e+00  2.66425962e+00  2.28599761e+00 
 1.64014000e-09  1.64578527e+00  1.95421473e+00  2.66439194e+00  2.28585370e+00 
 1.64064000e-09  1.64538595e+00  1.95461405e+00  2.66452097e+00  2.28571317e+00 
 1.64114000e-09  1.64498816e+00  1.95501184e+00  2.66464675e+00  2.28557596e+00 
 1.64164000e-09  1.64459190e+00  1.95540810e+00  2.66476937e+00  2.28544200e+00 
 1.64214000e-09  1.64419717e+00  1.95580283e+00  2.66488889e+00  2.28531124e+00 
 1.64264000e-09  1.64380398e+00  1.95619602e+00  2.66500536e+00  2.28518361e+00 
 1.64314000e-09  1.64341233e+00  1.95658767e+00  2.66511886e+00  2.28505904e+00 
 1.64364000e-09  1.64302223e+00  1.95697777e+00  2.66522944e+00  2.28493747e+00 
 1.64414000e-09  1.64263367e+00  1.95736633e+00  2.66533717e+00  2.28481885e+00 
 1.64464000e-09  1.64224667e+00  1.95775333e+00  2.66544210e+00  2.28470312e+00 
 1.64514000e-09  1.64186123e+00  1.95813877e+00  2.66554431e+00  2.28459020e+00 
 1.64564000e-09  1.64147735e+00  1.95852265e+00  2.66564385e+00  2.28448005e+00 
 1.64614000e-09  1.64109503e+00  1.95890497e+00  2.66574078e+00  2.28437260e+00 
 1.64664000e-09  1.64071428e+00  1.95928572e+00  2.66583516e+00  2.28426779e+00 
 1.64714000e-09  1.64033510e+00  1.95966490e+00  2.66592704e+00  2.28416557e+00 
 1.64764000e-09  1.63995750e+00  1.96004250e+00  2.66601649e+00  2.28406588e+00 
 1.64814000e-09  1.63958148e+00  1.96041852e+00  2.66610356e+00  2.28396867e+00 
 1.64864000e-09  1.63920704e+00  1.96079296e+00  2.66618830e+00  2.28387387e+00 
 1.64914000e-09  1.63883418e+00  1.96116582e+00  2.66627078e+00  2.28378144e+00 
 1.64964000e-09  1.63846292e+00  1.96153708e+00  2.66635104e+00  2.28369131e+00 
 1.65014000e-09  1.63809326e+00  1.96190674e+00  2.66642914e+00  2.28360345e+00 
 1.65064000e-09  1.63772519e+00  1.96227481e+00  2.66650514e+00  2.28351779e+00 
 1.65114000e-09  1.63735872e+00  1.96264128e+00  2.66657907e+00  2.28343428e+00 
 1.65164000e-09  1.63699386e+00  1.96300614e+00  2.66665100e+00  2.28335287e+00 
 1.65214000e-09  1.63663060e+00  1.96336940e+00  2.66672096e+00  2.28327352e+00 
 1.65264000e-09  1.63626896e+00  1.96373104e+00  2.66678902e+00  2.28319616e+00 
 1.65314000e-09  1.63590893e+00  1.96409107e+00  2.66685522e+00  2.28312077e+00 
 1.65364000e-09  1.63555053e+00  1.96444947e+00  2.66691961e+00  2.28304728e+00 
 1.65414000e-09  1.63519375e+00  1.96480625e+00  2.66698223e+00  2.28297566e+00 
 1.65464000e-09  1.63483859e+00  1.96516141e+00  2.66704312e+00  2.28290585e+00 
 1.65514000e-09  1.63448506e+00  1.96551494e+00  2.66710234e+00  2.28283782e+00 
 1.65564000e-09  1.63413317e+00  1.96586683e+00  2.66715992e+00  2.28277151e+00 
 1.65614000e-09  1.63378291e+00  1.96621709e+00  2.66721591e+00  2.28270689e+00 
 1.65664000e-09  1.63343430e+00  1.96656570e+00  2.66727035e+00  2.28264391e+00 
 1.65714000e-09  1.63308733e+00  1.96691267e+00  2.66732328e+00  2.28258253e+00 
 1.65764000e-09  1.63274200e+00  1.96725800e+00  2.66737474e+00  2.28252272e+00 
 1.65814000e-09  1.63239833e+00  1.96760167e+00  2.66742477e+00  2.28246443e+00 
 1.65864000e-09  1.63205631e+00  1.96794369e+00  2.66747340e+00  2.28240762e+00 
 1.65914000e-09  1.63171595e+00  1.96828405e+00  2.66752068e+00  2.28235226e+00 
 1.65964000e-09  1.63137725e+00  1.96862275e+00  2.66756665e+00  2.28229831e+00 
 1.66014000e-09  1.63104021e+00  1.96895979e+00  2.66761133e+00  2.28224573e+00 
 1.66064000e-09  1.63070484e+00  1.96929516e+00  2.66765476e+00  2.28219449e+00 
 1.66114000e-09  1.63037115e+00  1.96962885e+00  2.66769698e+00  2.28214455e+00 
 1.66164000e-09  1.63003912e+00  1.96996088e+00  2.66773801e+00  2.28209589e+00 
 1.66214000e-09  1.62970878e+00  1.97029122e+00  2.66777790e+00  2.28204846e+00 
 1.66264000e-09  1.62938011e+00  1.97061989e+00  2.66781667e+00  2.28200223e+00 
 1.66314000e-09  1.62905313e+00  1.97094687e+00  2.66785436e+00  2.28195718e+00 
 1.66364000e-09  1.62872783e+00  1.97127217e+00  2.66789099e+00  2.28191327e+00 
 1.66414000e-09  1.62840423e+00  1.97159577e+00  2.66792660e+00  2.28187047e+00 
 1.66464000e-09  1.62808232e+00  1.97191768e+00  2.66796121e+00  2.28182876e+00 
 1.66514000e-09  1.62776211e+00  1.97223789e+00  2.66799485e+00  2.28178810e+00 
 1.66564000e-09  1.62744359e+00  1.97255641e+00  2.66802755e+00  2.28174847e+00 
 1.66614000e-09  1.62712678e+00  1.97287322e+00  2.66805933e+00  2.28170984e+00 
 1.66664000e-09  1.62681168e+00  1.97318832e+00  2.66809023e+00  2.28167219e+00 
 1.66714000e-09  1.62649828e+00  1.97350172e+00  2.66812026e+00  2.28163548e+00 
 1.66764000e-09  1.62618660e+00  1.97381340e+00  2.66814945e+00  2.28159969e+00 
 1.66814000e-09  1.62587663e+00  1.97412337e+00  2.66817783e+00  2.28156481e+00 
 1.66864000e-09  1.62556838e+00  1.97443162e+00  2.66820542e+00  2.28153080e+00 
 1.66914000e-09  1.62526186e+00  1.97473814e+00  2.66823223e+00  2.28149764e+00 
 1.66964000e-09  1.62495705e+00  1.97504295e+00  2.66825830e+00  2.28146531e+00 
 1.67014000e-09  1.62465398e+00  1.97534602e+00  2.66828365e+00  2.28143379e+00 
 1.67064000e-09  1.62435263e+00  1.97564737e+00  2.66830829e+00  2.28140306e+00 
 1.67114000e-09  1.62405302e+00  1.97594698e+00  2.66833225e+00  2.28137309e+00 
 1.67164000e-09  1.62375515e+00  1.97624485e+00  2.66835554e+00  2.28134387e+00 
 1.67214000e-09  1.62345901e+00  1.97654099e+00  2.66837819e+00  2.28131537e+00 
 1.67264000e-09  1.62316462e+00  1.97683538e+00  2.66840022e+00  2.28128758e+00 
 1.67314000e-09  1.62287197e+00  1.97712803e+00  2.66842163e+00  2.28126048e+00 
 1.67364000e-09  1.62258107e+00  1.97741893e+00  2.66844246e+00  2.28123405e+00 
 1.67414000e-09  1.62229193e+00  1.97770807e+00  2.66846272e+00  2.28120827e+00 
 1.67464000e-09  1.62200453e+00  1.97799547e+00  2.66848242e+00  2.28118312e+00 
 1.67514000e-09  1.62171889e+00  1.97828111e+00  2.66850158e+00  2.28115860e+00 
 1.67564000e-09  1.62143502e+00  1.97856498e+00  2.66852022e+00  2.28113467e+00 
 1.67614000e-09  1.62115290e+00  1.97884710e+00  2.66853835e+00  2.28111134e+00 
 1.67664000e-09  1.62087255e+00  1.97912745e+00  2.66855600e+00  2.28108857e+00 
 1.67714000e-09  1.62059397e+00  1.97940603e+00  2.66857316e+00  2.28106637e+00 
 1.67764000e-09  1.62031716e+00  1.97968284e+00  2.66858986e+00  2.28104470e+00 
 1.67814000e-09  1.62004212e+00  1.97995788e+00  2.66860611e+00  2.28102357e+00 
 1.67864000e-09  1.61976886e+00  1.98023114e+00  2.66862193e+00  2.28100294e+00 
 1.67914000e-09  1.61949737e+00  1.98050263e+00  2.66863732e+00  2.28098282e+00 
 1.67964000e-09  1.61922767e+00  1.98077233e+00  2.66865230e+00  2.28096319e+00 
 1.68014000e-09  1.61895975e+00  1.98104025e+00  2.66866689e+00  2.28094404e+00 
 1.68064000e-09  1.61869362e+00  1.98130638e+00  2.66868109e+00  2.28092535e+00 
 1.68114000e-09  1.61842928e+00  1.98157072e+00  2.66869491e+00  2.28090711e+00 
 1.68164000e-09  1.61816673e+00  1.98183327e+00  2.66870838e+00  2.28088932e+00 
 1.68214000e-09  1.61790598e+00  1.98209402e+00  2.66872149e+00  2.28087195e+00 
 1.68264000e-09  1.61764702e+00  1.98235298e+00  2.66873426e+00  2.28085501e+00 
 1.68314000e-09  1.61738986e+00  1.98261014e+00  2.66874670e+00  2.28083847e+00 
 1.68364000e-09  1.61713450e+00  1.98286550e+00  2.66875882e+00  2.28082233e+00 
 1.68414000e-09  1.61688095e+00  1.98311905e+00  2.66877064e+00  2.28080658e+00 
 1.68464000e-09  1.61662921e+00  1.98337079e+00  2.66878214e+00  2.28079121e+00 
 1.68514000e-09  1.61637928e+00  1.98362072e+00  2.66879336e+00  2.28077621e+00 
 1.68564000e-09  1.61613115e+00  1.98386885e+00  2.66880430e+00  2.28076157e+00 
 1.68614000e-09  1.61588485e+00  1.98411515e+00  2.66881496e+00  2.28074729e+00 
 1.68664000e-09  1.61564036e+00  1.98435964e+00  2.66882536e+00  2.28073335e+00 
 1.68714000e-09  1.61539769e+00  1.98460231e+00  2.66883549e+00  2.28071974e+00 
 1.68764000e-09  1.61515684e+00  1.98484316e+00  2.66884538e+00  2.28070646e+00 
 1.68814000e-09  1.61491782e+00  1.98508218e+00  2.66885503e+00  2.28069350e+00 
 1.68864000e-09  1.61468062e+00  1.98531938e+00  2.66886444e+00  2.28068086e+00 
 1.68914000e-09  1.61444525e+00  1.98555475e+00  2.66887363e+00  2.28066852e+00 
 1.68964000e-09  1.61421171e+00  1.98578829e+00  2.66888260e+00  2.28065647e+00 
 1.69014000e-09  1.61398001e+00  1.98601999e+00  2.66889135e+00  2.28064472e+00 
 1.69064000e-09  1.61375014e+00  1.98624986e+00  2.66889990e+00  2.28063325e+00 
 1.69114000e-09  1.61352211e+00  1.98647789e+00  2.66890825e+00  2.28062206e+00 
 1.69164000e-09  1.61329593e+00  1.98670407e+00  2.66891640e+00  2.28061114e+00 
 1.69214000e-09  1.61307158e+00  1.98692842e+00  2.66892437e+00  2.28060048e+00 
 1.69264000e-09  1.61284908e+00  1.98715092e+00  2.66893215e+00  2.28059009e+00 
 1.69314000e-09  1.61262843e+00  1.98737157e+00  2.66893976e+00  2.28057994e+00 
 1.69364000e-09  1.61240962e+00  1.98759038e+00  2.66894720e+00  2.28057005e+00 
 1.69414000e-09  1.61219267e+00  1.98780733e+00  2.66895447e+00  2.28056039e+00 
 1.69464000e-09  1.61197757e+00  1.98802243e+00  2.66896159e+00  2.28055097e+00 
 1.69514000e-09  1.61176433e+00  1.98823567e+00  2.66896855e+00  2.28054178e+00 
 1.69564000e-09  1.61155294e+00  1.98844706e+00  2.66897535e+00  2.28053282e+00 
 1.69614000e-09  1.61134341e+00  1.98865659e+00  2.66898201e+00  2.28052407e+00 
 1.69664000e-09  1.61113575e+00  1.98886425e+00  2.66898853e+00  2.28051554e+00 
 1.69714000e-09  1.61092995e+00  1.98907005e+00  2.66899492e+00  2.28050723e+00 
 1.69764000e-09  1.61072601e+00  1.98927399e+00  2.66900117e+00  2.28049911e+00 
 1.69814000e-09  1.61052395e+00  1.98947605e+00  2.66900729e+00  2.28049120e+00 
 1.69864000e-09  1.61032375e+00  1.98967625e+00  2.66901329e+00  2.28048349e+00 
 1.69914000e-09  1.61012543e+00  1.98987457e+00  2.66901916e+00  2.28047597e+00 
 1.69964000e-09  1.60992898e+00  1.99007102e+00  2.66902492e+00  2.28046863e+00 
 1.70014000e-09  1.60973441e+00  1.99026559e+00  2.66903056e+00  2.28046148e+00 
 1.70064000e-09  1.60954171e+00  1.99045829e+00  2.66903610e+00  2.28045451e+00 
 1.70114000e-09  1.60935089e+00  1.99064911e+00  2.66904152e+00  2.28044771e+00 
 1.70164000e-09  1.60916196e+00  1.99083804e+00  2.66904685e+00  2.28044109e+00 
 1.70214000e-09  1.60897491e+00  1.99102509e+00  2.66905207e+00  2.28043463e+00 
 1.70264000e-09  1.60878974e+00  1.99121026e+00  2.66905719e+00  2.28042834e+00 
 1.70314000e-09  1.60860646e+00  1.99139354e+00  2.66906221e+00  2.28042220e+00 
 1.70364000e-09  1.60842507e+00  1.99157493e+00  2.66906715e+00  2.28041623e+00 
 1.70414000e-09  1.60824557e+00  1.99175443e+00  2.66907199e+00  2.28041040e+00 
 1.70464000e-09  1.60806797e+00  1.99193203e+00  2.66907675e+00  2.28040473e+00 
 1.70514000e-09  1.60789225e+00  1.99210775e+00  2.66908142e+00  2.28039920e+00 
 1.70564000e-09  1.60771844e+00  1.99228156e+00  2.66908600e+00  2.28039382e+00 
 1.70614000e-09  1.60754652e+00  1.99245348e+00  2.66909051e+00  2.28038857e+00 
 1.70664000e-09  1.60737650e+00  1.99262350e+00  2.66909494e+00  2.28038347e+00 
 1.70714000e-09  1.60720838e+00  1.99279162e+00  2.66909929e+00  2.28037849e+00 
 1.70764000e-09  1.60704217e+00  1.99295783e+00  2.66910357e+00  2.28037365e+00 
 1.70814000e-09  1.60687786e+00  1.99312214e+00  2.66910777e+00  2.28036894e+00 
 1.70864000e-09  1.60671545e+00  1.99328455e+00  2.66911191e+00  2.28036435e+00 
 1.70914000e-09  1.60655496e+00  1.99344504e+00  2.66911597e+00  2.28035988e+00 
 1.70964000e-09  1.60639637e+00  1.99360363e+00  2.66911997e+00  2.28035554e+00 
 1.71014000e-09  1.60623969e+00  1.99376031e+00  2.66912390e+00  2.28035131e+00 
 1.71064000e-09  1.60608493e+00  1.99391507e+00  2.66912777e+00  2.28034720e+00 
 1.71114000e-09  1.60593208e+00  1.99406792e+00  2.66913158e+00  2.28034320e+00 
 1.71164000e-09  1.60578114e+00  1.99421886e+00  2.66913533e+00  2.28033931e+00 
 1.71214000e-09  1.60563212e+00  1.99436788e+00  2.66913902e+00  2.28033553e+00 
 1.71264000e-09  1.60548502e+00  1.99451498e+00  2.66914265e+00  2.28033185e+00 
 1.71314000e-09  1.60533984e+00  1.99466016e+00  2.66914623e+00  2.28032829e+00 
 1.71364000e-09  1.60519658e+00  1.99480342e+00  2.66914976e+00  2.28032482e+00 
 1.71414000e-09  1.60505525e+00  1.99494475e+00  2.66915323e+00  2.28032145e+00 
 1.71464000e-09  1.60491583e+00  1.99508417e+00  2.66915665e+00  2.28031819e+00 
 1.71514000e-09  1.60477835e+00  1.99522165e+00  2.66916002e+00  2.28031502e+00 
 1.71564000e-09  1.60464278e+00  1.99535722e+00  2.66916335e+00  2.28031194e+00 
 1.71614000e-09  1.60450915e+00  1.99549085e+00  2.66916662e+00  2.28030896e+00 
 1.71664000e-09  1.60437745e+00  1.99562255e+00  2.66916986e+00  2.28030608e+00 
 1.71714000e-09  1.60424768e+00  1.99575232e+00  2.66917304e+00  2.28030328e+00 
 1.71764000e-09  1.60411984e+00  1.99588016e+00  2.66917619e+00  2.28030057e+00 
 1.71814000e-09  1.60399393e+00  1.99600607e+00  2.66917929e+00  2.28029796e+00 
 1.71864000e-09  1.60386996e+00  1.99613004e+00  2.66918236e+00  2.28029542e+00 
 1.71914000e-09  1.60374792e+00  1.99625208e+00  2.66918538e+00  2.28029298e+00 
 1.71964000e-09  1.60362782e+00  1.99637218e+00  2.66918837e+00  2.28029062e+00 
 1.72014000e-09  1.60350966e+00  1.99649034e+00  2.66919132e+00  2.28028835e+00 
 1.72064000e-09  1.60339344e+00  1.99660656e+00  2.66919424e+00  2.28028615e+00 
 1.72114000e-09  1.60327916e+00  1.99672084e+00  2.66919712e+00  2.28028404e+00 
 1.72164000e-09  1.60316682e+00  1.99683318e+00  2.66919997e+00  2.28028201e+00 
 1.72214000e-09  1.60305642e+00  1.99694358e+00  2.66920279e+00  2.28028007e+00 
 1.72264000e-09  1.60294796e+00  1.99705204e+00  2.66920558e+00  2.28027820e+00 
 1.72314000e-09  1.60284145e+00  1.99715855e+00  2.66920834e+00  2.28027641e+00 
 1.72364000e-09  1.60273689e+00  1.99726311e+00  2.66921107e+00  2.28027469e+00 
 1.72414000e-09  1.60263427e+00  1.99736573e+00  2.66921377e+00  2.28027306e+00 
 1.72464000e-09  1.60253361e+00  1.99746639e+00  2.66921645e+00  2.28027150e+00 
 1.72514000e-09  1.60243489e+00  1.99756511e+00  2.66921910e+00  2.28027001e+00 
 1.72564000e-09  1.60233812e+00  1.99766188e+00  2.66922173e+00  2.28026861e+00 
 1.72614000e-09  1.60224330e+00  1.99775670e+00  2.66922434e+00  2.28026727e+00 
 1.72664000e-09  1.60215043e+00  1.99784957e+00  2.66922692e+00  2.28026601e+00 
 1.72714000e-09  1.60205952e+00  1.99794048e+00  2.66922949e+00  2.28026483e+00 
 1.72764000e-09  1.60197056e+00  1.99802944e+00  2.66923203e+00  2.28026371e+00 
 1.72814000e-09  1.60188355e+00  1.99811645e+00  2.66923455e+00  2.28026267e+00 
 1.72864000e-09  1.60179850e+00  1.99820150e+00  2.66923706e+00  2.28026170e+00 
 1.72914000e-09  1.60171540e+00  1.99828460e+00  2.66923955e+00  2.28026080e+00 
 1.72964000e-09  1.60163427e+00  1.99836573e+00  2.66924202e+00  2.28025998e+00 
 1.73014000e-09  1.60155509e+00  1.99844491e+00  2.66924448e+00  2.28025922e+00 
 1.73064000e-09  1.60147787e+00  1.99852213e+00  2.66924692e+00  2.28025854e+00 
 1.73114000e-09  1.60140260e+00  1.99859740e+00  2.66924935e+00  2.28025792e+00 
 1.73164000e-09  1.60132930e+00  1.99867070e+00  2.66925176e+00  2.28025737e+00 
 1.73214000e-09  1.60125796e+00  1.99874204e+00  2.66925416e+00  2.28025690e+00 
 1.73264000e-09  1.60118858e+00  1.99881142e+00  2.66925655e+00  2.28025649e+00 
 1.73314000e-09  1.60112116e+00  1.99887884e+00  2.66925893e+00  2.28025615e+00 
 1.73364000e-09  1.60105571e+00  1.99894429e+00  2.66926130e+00  2.28025588e+00 
 1.73414000e-09  1.60099222e+00  1.99900778e+00  2.66926366e+00  2.28025567e+00 
 1.73464000e-09  1.60093069e+00  1.99906931e+00  2.66926601e+00  2.28025553e+00 
 1.73514000e-09  1.60087113e+00  1.99912887e+00  2.66926835e+00  2.28025546e+00 
 1.73564000e-09  1.60081353e+00  1.99918647e+00  2.66927068e+00  2.28025546e+00 
 1.73614000e-09  1.60075790e+00  1.99924210e+00  2.66927301e+00  2.28025552e+00 
 1.73664000e-09  1.60070424e+00  1.99929576e+00  2.66927532e+00  2.28025565e+00 
 1.73714000e-09  1.60065254e+00  1.99934746e+00  2.66927764e+00  2.28025585e+00 
 1.73764000e-09  1.60060281e+00  1.99939719e+00  2.66927994e+00  2.28025611e+00 
 1.73814000e-09  1.60055504e+00  1.99944496e+00  2.66928224e+00  2.28025643e+00 
 1.73864000e-09  1.60050925e+00  1.99949075e+00  2.66928454e+00  2.28025682e+00 
 1.73914000e-09  1.60046543e+00  1.99953457e+00  2.66928683e+00  2.28025728e+00 
 1.73964000e-09  1.60042357e+00  1.99957643e+00  2.66928912e+00  2.28025780e+00 
 1.74014000e-09  1.60038368e+00  1.99961632e+00  2.66929141e+00  2.28025838e+00 
 1.74064000e-09  1.60034577e+00  1.99965423e+00  2.66929369e+00  2.28025903e+00 
 1.74114000e-09  1.60030982e+00  1.99969018e+00  2.66929597e+00  2.28025974e+00 
 1.74164000e-09  1.60027585e+00  1.99972415e+00  2.66929825e+00  2.28026051e+00 
 1.74214000e-09  1.60024385e+00  1.99975615e+00  2.66930052e+00  2.28026135e+00 
 1.74264000e-09  1.60021381e+00  1.99978619e+00  2.66930280e+00  2.28026225e+00 
 1.74314000e-09  1.60018576e+00  1.99981424e+00  2.66930507e+00  2.28026322e+00 
 1.74364000e-09  1.60015967e+00  1.99984033e+00  2.66930734e+00  2.28026424e+00 
 1.74414000e-09  1.60013555e+00  1.99986445e+00  2.66930961e+00  2.28026533e+00 
 1.74464000e-09  1.60011341e+00  1.99988659e+00  2.66931188e+00  2.28026648e+00 
 1.74514000e-09  1.60009324e+00  1.99990676e+00  2.66931416e+00  2.28026770e+00 
 1.74564000e-09  1.60007504e+00  1.99992496e+00  2.66931643e+00  2.28026897e+00 
 1.74614000e-09  1.60005882e+00  1.99994118e+00  2.66931870e+00  2.28027031e+00 
 1.74664000e-09  1.60004457e+00  1.99995543e+00  2.66932097e+00  2.28027171e+00 
 1.74714000e-09  1.60003229e+00  1.99996771e+00  2.66932324e+00  2.28027317e+00 
 1.74764000e-09  1.60002199e+00  1.99997801e+00  2.66932552e+00  2.28027469e+00 
 1.74814000e-09  1.60001366e+00  1.99998634e+00  2.66932779e+00  2.28027627e+00 
 1.74864000e-09  1.60000730e+00  1.99999270e+00  2.66933007e+00  2.28027791e+00 
 1.74914000e-09  1.60000292e+00  1.99999708e+00  2.66933235e+00  2.28027961e+00 
 1.74964000e-09  1.60000051e+00  1.99999949e+00  2.66933463e+00  2.28028138e+00 
 1.75014000e-09  1.60000008e+00  1.99999992e+00  2.66933691e+00  2.28028320e+00 
 1.75064000e-09  1.60000162e+00  1.99999838e+00  2.66933920e+00  2.28028509e+00 
 1.75114000e-09  1.60000513e+00  1.99999487e+00  2.66934149e+00  2.28028703e+00 
 1.75164000e-09  1.60001062e+00  1.99998938e+00  2.66934378e+00  2.28028904e+00 
 1.75214000e-09  1.60001808e+00  1.99998192e+00  2.66934607e+00  2.28029110e+00 
 1.75264000e-09  1.60002751e+00  1.99997249e+00  2.66934836e+00  2.28029323e+00 
 1.75314000e-09  1.60003892e+00  1.99996108e+00  2.66935066e+00  2.28029541e+00 
 1.75364000e-09  1.60005231e+00  1.99994769e+00  2.66935296e+00  2.28029765e+00 
 1.75414000e-09  1.60006766e+00  1.99993234e+00  2.66935526e+00  2.28029996e+00 
 1.75464000e-09  1.60008499e+00  1.99991501e+00  2.66935757e+00  2.28030232e+00 
 1.75514000e-09  1.60010429e+00  1.99989571e+00  2.66935988e+00  2.28030475e+00 
 1.75564000e-09  1.60012557e+00  1.99987443e+00  2.66936219e+00  2.28030723e+00 
 1.75614000e-09  1.60014881e+00  1.99985119e+00  2.66936450e+00  2.28030977e+00 
 1.75664000e-09  1.60017403e+00  1.99982597e+00  2.66936682e+00  2.28031238e+00 
 1.75714000e-09  1.60020123e+00  1.99979877e+00  2.66936914e+00  2.28031504e+00 
 1.75764000e-09  1.60023039e+00  1.99976961e+00  2.66937147e+00  2.28031776e+00 
 1.75814000e-09  1.60026153e+00  1.99973847e+00  2.66937379e+00  2.28032054e+00 
 1.75864000e-09  1.60029463e+00  1.99970537e+00  2.66937612e+00  2.28032338e+00 
 1.75914000e-09  1.60032971e+00  1.99967029e+00  2.66937845e+00  2.28032628e+00 
 1.75964000e-09  1.60036676e+00  1.99963324e+00  2.66938079e+00  2.28032924e+00 
 1.76014000e-09  1.60040578e+00  1.99959422e+00  2.66938313e+00  2.28033226e+00 
 1.76064000e-09  1.60044677e+00  1.99955323e+00  2.66938547e+00  2.28033534e+00 
 1.76114000e-09  1.60048973e+00  1.99951027e+00  2.66938781e+00  2.28033847e+00 
 1.76164000e-09  1.60053465e+00  1.99946535e+00  2.66939016e+00  2.28034167e+00 
 1.76214000e-09  1.60058155e+00  1.99941845e+00  2.66939251e+00  2.28034493e+00 
 1.76264000e-09  1.60063041e+00  1.99936959e+00  2.66939486e+00  2.28034825e+00 
 1.76314000e-09  1.60068125e+00  1.99931875e+00  2.66939721e+00  2.28035162e+00 
 1.76364000e-09  1.60073404e+00  1.99926596e+00  2.66939957e+00  2.28035506e+00 
 1.76414000e-09  1.60078881e+00  1.99921119e+00  2.66940193e+00  2.28035856e+00 
 1.76464000e-09  1.60084554e+00  1.99915446e+00  2.66940429e+00  2.28036211e+00 
 1.76514000e-09  1.60090424e+00  1.99909576e+00  2.66940665e+00  2.28036573e+00 
 1.76564000e-09  1.60096490e+00  1.99903510e+00  2.66940901e+00  2.28036941e+00 
 1.76614000e-09  1.60102753e+00  1.99897247e+00  2.66941138e+00  2.28037314e+00 
 1.76664000e-09  1.60109212e+00  1.99890788e+00  2.66941375e+00  2.28037694e+00 
 1.76714000e-09  1.60115867e+00  1.99884133e+00  2.66941611e+00  2.28038080e+00 
 1.76764000e-09  1.60122719e+00  1.99877281e+00  2.66941848e+00  2.28038472e+00 
 1.76814000e-09  1.60129767e+00  1.99870233e+00  2.66942085e+00  2.28038870e+00 
 1.76864000e-09  1.60137011e+00  1.99862989e+00  2.66942322e+00  2.28039274e+00 
 1.76914000e-09  1.60144451e+00  1.99855549e+00  2.66942559e+00  2.28039685e+00 
 1.76964000e-09  1.60152087e+00  1.99847913e+00  2.66942796e+00  2.28040101e+00 
 1.77014000e-09  1.60159919e+00  1.99840081e+00  2.66943033e+00  2.28040524e+00 
 1.77064000e-09  1.60167946e+00  1.99832054e+00  2.66943271e+00  2.28040953e+00 
 1.77114000e-09  1.60176170e+00  1.99823830e+00  2.66943508e+00  2.28041388e+00 
 1.77164000e-09  1.60184589e+00  1.99815411e+00  2.66943744e+00  2.28041829e+00 
 1.77214000e-09  1.60193203e+00  1.99806797e+00  2.66943981e+00  2.28042277e+00 
 1.77264000e-09  1.60202013e+00  1.99797987e+00  2.66944218e+00  2.28042731e+00 
 1.77314000e-09  1.60211019e+00  1.99788981e+00  2.66944454e+00  2.28043191e+00 
 1.77364000e-09  1.60220220e+00  1.99779780e+00  2.66944691e+00  2.28043658e+00 
 1.77414000e-09  1.60229616e+00  1.99770384e+00  2.66944927e+00  2.28044131e+00 
 1.77464000e-09  1.60239207e+00  1.99760793e+00  2.66945162e+00  2.28044610e+00 
 1.77514000e-09  1.60248993e+00  1.99751007e+00  2.66945398e+00  2.28045096e+00 
 1.77564000e-09  1.60258974e+00  1.99741026e+00  2.66945633e+00  2.28045588e+00 
 1.77614000e-09  1.60269150e+00  1.99730850e+00  2.66945867e+00  2.28046087e+00 
 1.77664000e-09  1.60279521e+00  1.99720479e+00  2.66946102e+00  2.28046592e+00 
 1.77714000e-09  1.60290086e+00  1.99709914e+00  2.66946335e+00  2.28047104e+00 
 1.77764000e-09  1.60300846e+00  1.99699154e+00  2.66946569e+00  2.28047623e+00 
 1.77814000e-09  1.60311800e+00  1.99688200e+00  2.66946801e+00  2.28048148e+00 
 1.77864000e-09  1.60322949e+00  1.99677051e+00  2.66947033e+00  2.28048680e+00 
 1.77914000e-09  1.60334291e+00  1.99665709e+00  2.66947265e+00  2.28049218e+00 
 1.77964000e-09  1.60345828e+00  1.99654172e+00  2.66947496e+00  2.28049764e+00 
 1.78014000e-09  1.60357559e+00  1.99642441e+00  2.66947726e+00  2.28050316e+00 
 1.78064000e-09  1.60369484e+00  1.99630516e+00  2.66947955e+00  2.28050875e+00 
 1.78114000e-09  1.60381602e+00  1.99618398e+00  2.66948183e+00  2.28051441e+00 
 1.78164000e-09  1.60393914e+00  1.99606086e+00  2.66948410e+00  2.28052014e+00 
 1.78214000e-09  1.60406420e+00  1.99593580e+00  2.66948637e+00  2.28052594e+00 
 1.78264000e-09  1.60419119e+00  1.99580881e+00  2.66948862e+00  2.28053181e+00 
 1.78314000e-09  1.60432011e+00  1.99567989e+00  2.66949086e+00  2.28053775e+00 
 1.78364000e-09  1.60445097e+00  1.99554903e+00  2.66949309e+00  2.28054376e+00 
 1.78414000e-09  1.60458375e+00  1.99541625e+00  2.66949531e+00  2.28054985e+00 
 1.78464000e-09  1.60471846e+00  1.99528154e+00  2.66949752e+00  2.28055601e+00 
 1.78514000e-09  1.60485510e+00  1.99514490e+00  2.66949971e+00  2.28056224e+00 
 1.78564000e-09  1.60499367e+00  1.99500633e+00  2.66950189e+00  2.28056855e+00 
 1.78614000e-09  1.60513416e+00  1.99486584e+00  2.66950405e+00  2.28057493e+00 
 1.78664000e-09  1.60527657e+00  1.99472343e+00  2.66950619e+00  2.28058139e+00 
 1.78714000e-09  1.60542091e+00  1.99457909e+00  2.66950832e+00  2.28058792e+00 
 1.78764000e-09  1.60556716e+00  1.99443284e+00  2.66951043e+00  2.28059453e+00 
 1.78814000e-09  1.60571534e+00  1.99428466e+00  2.66951253e+00  2.28060122e+00 
 1.78864000e-09  1.60586543e+00  1.99413457e+00  2.66951460e+00  2.28060799e+00 
 1.78914000e-09  1.60601744e+00  1.99398256e+00  2.66951666e+00  2.28061484e+00 
 1.78964000e-09  1.60617136e+00  1.99382864e+00  2.66951869e+00  2.28062176e+00 
 1.79014000e-09  1.60632719e+00  1.99367281e+00  2.66952070e+00  2.28062877e+00 
 1.79064000e-09  1.60648494e+00  1.99351506e+00  2.66952269e+00  2.28063586e+00 
 1.79114000e-09  1.60664460e+00  1.99335540e+00  2.66952465e+00  2.28064304e+00 
 1.79164000e-09  1.60680616e+00  1.99319384e+00  2.66952659e+00  2.28065029e+00 
 1.79214000e-09  1.60696964e+00  1.99303036e+00  2.66952850e+00  2.28065764e+00 
 1.79264000e-09  1.60713501e+00  1.99286499e+00  2.66953039e+00  2.28066506e+00 
 1.79314000e-09  1.60730229e+00  1.99269771e+00  2.66953224e+00  2.28067258e+00 
 1.79364000e-09  1.60747148e+00  1.99252852e+00  2.66953407e+00  2.28068018e+00 
 1.79414000e-09  1.60764256e+00  1.99235744e+00  2.66953587e+00  2.28068787e+00 
 1.79464000e-09  1.60781554e+00  1.99218446e+00  2.66953763e+00  2.28069565e+00 
 1.79514000e-09  1.60799042e+00  1.99200958e+00  2.66953936e+00  2.28070353e+00 
 1.79564000e-09  1.60816719e+00  1.99183281e+00  2.66954106e+00  2.28071149e+00 
 1.79614000e-09  1.60834586e+00  1.99165414e+00  2.66954272e+00  2.28071955e+00 
 1.79664000e-09  1.60852642e+00  1.99147358e+00  2.66954435e+00  2.28072771e+00 
 1.79714000e-09  1.60870887e+00  1.99129113e+00  2.66954593e+00  2.28073596e+00 
 1.79764000e-09  1.60889320e+00  1.99110680e+00  2.66954748e+00  2.28074430e+00 
 1.79814000e-09  1.60907942e+00  1.99092058e+00  2.66954898e+00  2.28075275e+00 
 1.79864000e-09  1.60926753e+00  1.99073247e+00  2.66955044e+00  2.28076130e+00 
 1.79914000e-09  1.60945752e+00  1.99054248e+00  2.66955185e+00  2.28076995e+00 
 1.79964000e-09  1.60964939e+00  1.99035061e+00  2.66955322e+00  2.28077870e+00 
 1.80014000e-09  1.60984314e+00  1.99015686e+00  2.66955454e+00  2.28078755e+00 
 1.80064000e-09  1.61003876e+00  1.98996124e+00  2.66955581e+00  2.28079652e+00 
 1.80114000e-09  1.61023626e+00  1.98976374e+00  2.66955703e+00  2.28080559e+00 
 1.80164000e-09  1.61043563e+00  1.98956437e+00  2.66955819e+00  2.28081477e+00 
 1.80214000e-09  1.61063688e+00  1.98936312e+00  2.66955930e+00  2.28082406e+00 
 1.80264000e-09  1.61083999e+00  1.98916001e+00  2.66956035e+00  2.28083347e+00 
 1.80314000e-09  1.61104497e+00  1.98895503e+00  2.66956134e+00  2.28084299e+00 
 1.80364000e-09  1.61125181e+00  1.98874819e+00  2.66956227e+00  2.28085263e+00 
 1.80414000e-09  1.61146052e+00  1.98853948e+00  2.66956313e+00  2.28086239e+00 
 1.80464000e-09  1.61167109e+00  1.98832891e+00  2.66956393e+00  2.28087227e+00 
 1.80514000e-09  1.61188351e+00  1.98811649e+00  2.66956466e+00  2.28088227e+00 
 1.80564000e-09  1.61209780e+00  1.98790220e+00  2.66956532e+00  2.28089240e+00 
 1.80614000e-09  1.61231393e+00  1.98768607e+00  2.66956590e+00  2.28090266e+00 
 1.80664000e-09  1.61253192e+00  1.98746808e+00  2.66956641e+00  2.28091305e+00 
 1.80714000e-09  1.61275176e+00  1.98724824e+00  2.66956684e+00  2.28092357e+00 
 1.80764000e-09  1.61297345e+00  1.98702655e+00  2.66956719e+00  2.28093422e+00 
 1.80814000e-09  1.61319699e+00  1.98680301e+00  2.66956746e+00  2.28094501e+00 
 1.80864000e-09  1.61342237e+00  1.98657763e+00  2.66956764e+00  2.28095594e+00 
 1.80914000e-09  1.61364958e+00  1.98635042e+00  2.66956773e+00  2.28096702e+00 
 1.80964000e-09  1.61387864e+00  1.98612136e+00  2.66956772e+00  2.28097824e+00 
 1.81014000e-09  1.61410954e+00  1.98589046e+00  2.66956762e+00  2.28098961e+00 
 1.81064000e-09  1.61434227e+00  1.98565773e+00  2.66956742e+00  2.28100113e+00 
 1.81114000e-09  1.61457683e+00  1.98542317e+00  2.66956712e+00  2.28101280e+00 
 1.81164000e-09  1.61481322e+00  1.98518678e+00  2.66956672e+00  2.28102464e+00 
 1.81214000e-09  1.61505144e+00  1.98494856e+00  2.66956620e+00  2.28103663e+00 
 1.81264000e-09  1.61529149e+00  1.98470851e+00  2.66956557e+00  2.28104879e+00 
 1.81314000e-09  1.61553336e+00  1.98446664e+00  2.66956482e+00  2.28106111e+00 
 1.81364000e-09  1.61577705e+00  1.98422295e+00  2.66956396e+00  2.28107361e+00 
 1.81414000e-09  1.61602256e+00  1.98397744e+00  2.66956297e+00  2.28108628e+00 
 1.81464000e-09  1.61626988e+00  1.98373012e+00  2.66956185e+00  2.28109913e+00 
 1.81514000e-09  1.61651902e+00  1.98348098e+00  2.66956059e+00  2.28111216e+00 
 1.81564000e-09  1.61676996e+00  1.98323004e+00  2.66955920e+00  2.28112538e+00 
 1.81614000e-09  1.61702272e+00  1.98297728e+00  2.66955767e+00  2.28113878e+00 
 1.81664000e-09  1.61727728e+00  1.98272272e+00  2.66955600e+00  2.28115239e+00 
 1.81714000e-09  1.61753365e+00  1.98246635e+00  2.66955417e+00  2.28116619e+00 
 1.81764000e-09  1.61779181e+00  1.98220819e+00  2.66955218e+00  2.28118020e+00 
 1.81814000e-09  1.61805178e+00  1.98194822e+00  2.66955004e+00  2.28119441e+00 
 1.81864000e-09  1.61831354e+00  1.98168646e+00  2.66954773e+00  2.28120884e+00 
 1.81914000e-09  1.61857709e+00  1.98142291e+00  2.66954525e+00  2.28122348e+00 
 1.81964000e-09  1.61884243e+00  1.98115757e+00  2.66954259e+00  2.28123835e+00 
 1.82014000e-09  1.61910957e+00  1.98089043e+00  2.66953974e+00  2.28125345e+00 
 1.82064000e-09  1.61937848e+00  1.98062152e+00  2.66953671e+00  2.28126878e+00 
 1.82114000e-09  1.61964918e+00  1.98035082e+00  2.66953349e+00  2.28128435e+00 
 1.82164000e-09  1.61992166e+00  1.98007834e+00  2.66953006e+00  2.28130017e+00 
 1.82214000e-09  1.62019592e+00  1.97980408e+00  2.66952643e+00  2.28131624e+00 
 1.82264000e-09  1.62047195e+00  1.97952805e+00  2.66952258e+00  2.28133256e+00 
 1.82314000e-09  1.62074976e+00  1.97925024e+00  2.66951851e+00  2.28134915e+00 
 1.82364000e-09  1.62102933e+00  1.97897067e+00  2.66951422e+00  2.28136601e+00 
 1.82414000e-09  1.62131067e+00  1.97868933e+00  2.66950969e+00  2.28138315e+00 
 1.82464000e-09  1.62159377e+00  1.97840623e+00  2.66950491e+00  2.28140057e+00 
 1.82514000e-09  1.62187863e+00  1.97812137e+00  2.66949989e+00  2.28141828e+00 
 1.82564000e-09  1.62216526e+00  1.97783474e+00  2.66949461e+00  2.28143630e+00 
 1.82614000e-09  1.62245363e+00  1.97754637e+00  2.66948906e+00  2.28145461e+00 
 1.82664000e-09  1.62274376e+00  1.97725624e+00  2.66948323e+00  2.28147325e+00 
 1.82714000e-09  1.62303564e+00  1.97696436e+00  2.66947713e+00  2.28149220e+00 
 1.82764000e-09  1.62332926e+00  1.97667074e+00  2.66947073e+00  2.28151148e+00 
 1.82814000e-09  1.62362463e+00  1.97637537e+00  2.66946402e+00  2.28153111e+00 
 1.82864000e-09  1.62392174e+00  1.97607826e+00  2.66945701e+00  2.28155108e+00 
 1.82914000e-09  1.62422059e+00  1.97577941e+00  2.66944967e+00  2.28157141e+00 
 1.82964000e-09  1.62452117e+00  1.97547883e+00  2.66944200e+00  2.28159211e+00 
 1.83014000e-09  1.62482349e+00  1.97517651e+00  2.66943399e+00  2.28161319e+00 
 1.83064000e-09  1.62512753e+00  1.97487247e+00  2.66942563e+00  2.28163465e+00 
 1.83114000e-09  1.62543330e+00  1.97456670e+00  2.66941690e+00  2.28165651e+00 
 1.83164000e-09  1.62574079e+00  1.97425921e+00  2.66940780e+00  2.28167877e+00 
 1.83214000e-09  1.62605000e+00  1.97395000e+00  2.66939831e+00  2.28170146e+00 
 1.83264000e-09  1.62636093e+00  1.97363907e+00  2.66938842e+00  2.28172458e+00 
 1.83314000e-09  1.62667357e+00  1.97332643e+00  2.66937811e+00  2.28174813e+00 
 1.83364000e-09  1.62698793e+00  1.97301207e+00  2.66936738e+00  2.28177215e+00 
 1.83414000e-09  1.62730399e+00  1.97269601e+00  2.66935622e+00  2.28179663e+00 
 1.83464000e-09  1.62762175e+00  1.97237825e+00  2.66934460e+00  2.28182159e+00 
 1.83514000e-09  1.62794122e+00  1.97205878e+00  2.66933251e+00  2.28184704e+00 
 1.83564000e-09  1.62826238e+00  1.97173762e+00  2.66931994e+00  2.28187300e+00 
 1.83614000e-09  1.62858524e+00  1.97141476e+00  2.66930687e+00  2.28189948e+00 
 1.83664000e-09  1.62890979e+00  1.97109021e+00  2.66929330e+00  2.28192649e+00 
 1.83714000e-09  1.62923603e+00  1.97076397e+00  2.66927919e+00  2.28195406e+00 
 1.83764000e-09  1.62956396e+00  1.97043604e+00  2.66926454e+00  2.28198219e+00 
 1.83814000e-09  1.62989356e+00  1.97010644e+00  2.66924933e+00  2.28201090e+00 
 1.83864000e-09  1.63022485e+00  1.96977515e+00  2.66923354e+00  2.28204021e+00 
 1.83914000e-09  1.63055781e+00  1.96944219e+00  2.66921715e+00  2.28207013e+00 
 1.83964000e-09  1.63089244e+00  1.96910756e+00  2.66920015e+00  2.28210069e+00 
 1.84014000e-09  1.63122875e+00  1.96877125e+00  2.66918251e+00  2.28213190e+00 
 1.84064000e-09  1.63156672e+00  1.96843328e+00  2.66916422e+00  2.28216377e+00 
 1.84114000e-09  1.63190635e+00  1.96809365e+00  2.66914525e+00  2.28219633e+00 
 1.84164000e-09  1.63224764e+00  1.96775236e+00  2.66912559e+00  2.28222960e+00 
 1.84214000e-09  1.63259058e+00  1.96740942e+00  2.66910521e+00  2.28226359e+00 
 1.84264000e-09  1.63293518e+00  1.96706482e+00  2.66908409e+00  2.28229834e+00 
 1.84314000e-09  1.63328143e+00  1.96671857e+00  2.66906221e+00  2.28233385e+00 
 1.84364000e-09  1.63362932e+00  1.96637068e+00  2.66903954e+00  2.28237015e+00 
 1.84414000e-09  1.63397886e+00  1.96602114e+00  2.66901607e+00  2.28240726e+00 
 1.84464000e-09  1.63433003e+00  1.96566997e+00  2.66899176e+00  2.28244521e+00 
 1.84514000e-09  1.63468284e+00  1.96531716e+00  2.66896660e+00  2.28248402e+00 
 1.84564000e-09  1.63503728e+00  1.96496272e+00  2.66894055e+00  2.28252372e+00 
 1.84614000e-09  1.63539334e+00  1.96460666e+00  2.66891358e+00  2.28256432e+00 
 1.84664000e-09  1.63575104e+00  1.96424896e+00  2.66888568e+00  2.28260586e+00 
 1.84714000e-09  1.63611035e+00  1.96388965e+00  2.66885681e+00  2.28264836e+00 
 1.84764000e-09  1.63647128e+00  1.96352872e+00  2.66882695e+00  2.28269185e+00 
 1.84814000e-09  1.63683382e+00  1.96316618e+00  2.66879605e+00  2.28273636e+00 
 1.84864000e-09  1.63719798e+00  1.96280202e+00  2.66876410e+00  2.28278191e+00 
 1.84914000e-09  1.63756374e+00  1.96243626e+00  2.66873107e+00  2.28282854e+00 
 1.84964000e-09  1.63793111e+00  1.96206889e+00  2.66869691e+00  2.28287627e+00 
 1.85014000e-09  1.63830007e+00  1.96169993e+00  2.66866160e+00  2.28292514e+00 
 1.85064000e-09  1.63867063e+00  1.96132937e+00  2.66862510e+00  2.28297518e+00 
 1.85114000e-09  1.63904279e+00  1.96095721e+00  2.66858737e+00  2.28302642e+00 
 1.85164000e-09  1.63941653e+00  1.96058347e+00  2.66854839e+00  2.28307890e+00 
 1.85214000e-09  1.63979185e+00  1.96020815e+00  2.66850812e+00  2.28313264e+00 
 1.85264000e-09  1.64016876e+00  1.95983124e+00  2.66846651e+00  2.28318769e+00 
 1.85314000e-09  1.64054725e+00  1.95945275e+00  2.66842354e+00  2.28324408e+00 
 1.85364000e-09  1.64092731e+00  1.95907269e+00  2.66837915e+00  2.28330185e+00 
 1.85414000e-09  1.64130893e+00  1.95869107e+00  2.66833331e+00  2.28336104e+00 
 1.85464000e-09  1.64169213e+00  1.95830787e+00  2.66828599e+00  2.28342168e+00 
 1.85514000e-09  1.64207689e+00  1.95792311e+00  2.66823713e+00  2.28348381e+00 
 1.85564000e-09  1.64246320e+00  1.95753680e+00  2.66818669e+00  2.28354748e+00 
 1.85614000e-09  1.64285107e+00  1.95714893e+00  2.66813463e+00  2.28361273e+00 
 1.85664000e-09  1.64324050e+00  1.95675950e+00  2.66808091e+00  2.28367959e+00 
 1.85714000e-09  1.64363146e+00  1.95636854e+00  2.66802548e+00  2.28374812e+00 
 1.85764000e-09  1.64402398e+00  1.95597602e+00  2.66796830e+00  2.28381835e+00 
 1.85814000e-09  1.64441803e+00  1.95558197e+00  2.66790931e+00  2.28389034e+00 
 1.85864000e-09  1.64481362e+00  1.95518638e+00  2.66784846e+00  2.28396412e+00 
 1.85914000e-09  1.64521074e+00  1.95478926e+00  2.66778571e+00  2.28403975e+00 
 1.85964000e-09  1.64560938e+00  1.95439062e+00  2.66772101e+00  2.28411727e+00 
 1.86014000e-09  1.64600955e+00  1.95399045e+00  2.66765431e+00  2.28419673e+00 
 1.86064000e-09  1.64641124e+00  1.95358876e+00  2.66758554e+00  2.28427818e+00 
 1.86114000e-09  1.64681445e+00  1.95318555e+00  2.66751467e+00  2.28436168e+00 
 1.86164000e-09  1.64721917e+00  1.95278083e+00  2.66744163e+00  2.28444727e+00 
 1.86214000e-09  1.64762539e+00  1.95237461e+00  2.66736637e+00  2.28453500e+00 
 1.86264000e-09  1.64803312e+00  1.95196688e+00  2.66728884e+00  2.28462494e+00 
 1.86314000e-09  1.64844235e+00  1.95155765e+00  2.66720897e+00  2.28471712e+00 
 1.86364000e-09  1.64885308e+00  1.95114692e+00  2.66712671e+00  2.28481162e+00 
 1.86414000e-09  1.64926529e+00  1.95073471e+00  2.66704201e+00  2.28490848e+00 
 1.86464000e-09  1.64967900e+00  1.95032100e+00  2.66695479e+00  2.28500777e+00 
 1.86514000e-09  1.65009419e+00  1.94990581e+00  2.66686501e+00  2.28510953e+00 
 1.86564000e-09  1.65051086e+00  1.94948914e+00  2.66677260e+00  2.28521382e+00 
 1.86614000e-09  1.65092900e+00  1.94907100e+00  2.66667750e+00  2.28532072e+00 
 1.86664000e-09  1.65134861e+00  1.94865139e+00  2.66657965e+00  2.28543026e+00 
 1.86714000e-09  1.65176970e+00  1.94823030e+00  2.66647898e+00  2.28554253e+00 
 1.86764000e-09  1.65219224e+00  1.94780776e+00  2.66637543e+00  2.28565757e+00 
 1.86814000e-09  1.65261624e+00  1.94738376e+00  2.66626894e+00  2.28577544e+00 
 1.86864000e-09  1.65304170e+00  1.94695830e+00  2.66615944e+00  2.28589622e+00 
 1.86914000e-09  1.65346861e+00  1.94653139e+00  2.66604687e+00  2.28601996e+00 
 1.86964000e-09  1.65389697e+00  1.94610303e+00  2.66593117e+00  2.28614672e+00 
 1.87014000e-09  1.65432676e+00  1.94567324e+00  2.66581226e+00  2.28627657e+00 
 1.87064000e-09  1.65475800e+00  1.94524200e+00  2.66569008e+00  2.28640958e+00 
 1.87114000e-09  1.65519067e+00  1.94480933e+00  2.66556457e+00  2.28654580e+00 
 1.87164000e-09  1.65562476e+00  1.94437524e+00  2.66543565e+00  2.28668530e+00 
 1.87214000e-09  1.65606028e+00  1.94393972e+00  2.66530326e+00  2.28682815e+00 
 1.87264000e-09  1.65649723e+00  1.94350277e+00  2.66516734e+00  2.28697441e+00 
 1.87314000e-09  1.65693559e+00  1.94306441e+00  2.66502782e+00  2.28712415e+00 
 1.87364000e-09  1.65737536e+00  1.94262464e+00  2.66488462e+00  2.28727743e+00 
 1.87414000e-09  1.65781654e+00  1.94218346e+00  2.66473769e+00  2.28743431e+00 
 1.87464000e-09  1.65825912e+00  1.94174088e+00  2.66458695e+00  2.28759487e+00 
 1.87514000e-09  1.65870310e+00  1.94129690e+00  2.66443234e+00  2.28775916e+00 
 1.87564000e-09  1.65914847e+00  1.94085153e+00  2.66427380e+00  2.28792725e+00 
 1.87614000e-09  1.65959524e+00  1.94040476e+00  2.66411125e+00  2.28809921e+00 
 1.87664000e-09  1.66004339e+00  1.93995661e+00  2.66394463e+00  2.28827510e+00 
 1.87714000e-09  1.66049292e+00  1.93950708e+00  2.66377388e+00  2.28845499e+00 
 1.87764000e-09  1.66094383e+00  1.93905617e+00  2.66359892e+00  2.28863893e+00 
 1.87814000e-09  1.66139612e+00  1.93860388e+00  2.66341971e+00  2.28882700e+00 
 1.87864000e-09  1.66184977e+00  1.93815023e+00  2.66323616e+00  2.28901925e+00 
 1.87914000e-09  1.66230478e+00  1.93769522e+00  2.66304823e+00  2.28921575e+00 
 1.87964000e-09  1.66276115e+00  1.93723885e+00  2.66285584e+00  2.28941656e+00 
 1.88014000e-09  1.66321888e+00  1.93678112e+00  2.66265894e+00  2.28962174e+00 
 1.88064000e-09  1.66367796e+00  1.93632204e+00  2.66245746e+00  2.28983134e+00 
 1.88114000e-09  1.66413838e+00  1.93586162e+00  2.66225134e+00  2.29004544e+00 
 1.88164000e-09  1.66460014e+00  1.93539986e+00  2.66204054e+00  2.29026408e+00 
 1.88214000e-09  1.66506324e+00  1.93493676e+00  2.66182498e+00  2.29048733e+00 
 1.88264000e-09  1.66552767e+00  1.93447233e+00  2.66160462e+00  2.29071524e+00 
 1.88314000e-09  1.66599343e+00  1.93400657e+00  2.66137939e+00  2.29094786e+00 
 1.88364000e-09  1.66646051e+00  1.93353949e+00  2.66114924e+00  2.29118525e+00 
 1.88414000e-09  1.66692891e+00  1.93307109e+00  2.66091413e+00  2.29142747e+00 
 1.88464000e-09  1.66739862e+00  1.93260138e+00  2.66067399e+00  2.29167457e+00 
 1.88514000e-09  1.66786964e+00  1.93213036e+00  2.66042878e+00  2.29192658e+00 
 1.88564000e-09  1.66834197e+00  1.93165803e+00  2.66017845e+00  2.29218358e+00 
 1.88614000e-09  1.66881559e+00  1.93118441e+00  2.65992296e+00  2.29244560e+00 
 1.88664000e-09  1.66929051e+00  1.93070949e+00  2.65966225e+00  2.29271268e+00 
 1.88714000e-09  1.66976672e+00  1.93023328e+00  2.65939628e+00  2.29298489e+00 
 1.88764000e-09  1.67024422e+00  1.92975578e+00  2.65912502e+00  2.29326225e+00 
 1.88814000e-09  1.67072299e+00  1.92927701e+00  2.65884841e+00  2.29354481e+00 
 1.88864000e-09  1.67120304e+00  1.92879696e+00  2.65856642e+00  2.29383261e+00 
 1.88914000e-09  1.67168437e+00  1.92831563e+00  2.65827901e+00  2.29412569e+00 
 1.88964000e-09  1.67216696e+00  1.92783304e+00  2.65798615e+00  2.29442408e+00 
 1.89014000e-09  1.67265081e+00  1.92734919e+00  2.65768780e+00  2.29472783e+00 
 1.89064000e-09  1.67313591e+00  1.92686409e+00  2.65738393e+00  2.29503697e+00 
 1.89114000e-09  1.67362227e+00  1.92637773e+00  2.65707450e+00  2.29535152e+00 
 1.89164000e-09  1.67410988e+00  1.92589012e+00  2.65675949e+00  2.29567153e+00 
 1.89214000e-09  1.67459873e+00  1.92540127e+00  2.65643888e+00  2.29599701e+00 
 1.89264000e-09  1.67508882e+00  1.92491118e+00  2.65611262e+00  2.29632800e+00 
 1.89314000e-09  1.67558014e+00  1.92441986e+00  2.65578071e+00  2.29666451e+00 
 1.89364000e-09  1.67607269e+00  1.92392731e+00  2.65544312e+00  2.29700659e+00 
 1.89414000e-09  1.67656646e+00  1.92343354e+00  2.65509982e+00  2.29735424e+00 
 1.89464000e-09  1.67706145e+00  1.92293855e+00  2.65475081e+00  2.29770748e+00 
 1.89514000e-09  1.67755765e+00  1.92244235e+00  2.65439605e+00  2.29806635e+00 
 1.89564000e-09  1.67805506e+00  1.92194494e+00  2.65403555e+00  2.29843084e+00 
 1.89614000e-09  1.67855367e+00  1.92144633e+00  2.65366927e+00  2.29880098e+00 
 1.89664000e-09  1.67905349e+00  1.92094651e+00  2.65329722e+00  2.29917678e+00 
 1.89714000e-09  1.67955449e+00  1.92044551e+00  2.65291939e+00  2.29955825e+00 
 1.89764000e-09  1.68005669e+00  1.91994331e+00  2.65253575e+00  2.29994541e+00 
 1.89814000e-09  1.68056007e+00  1.91943993e+00  2.65214631e+00  2.30033825e+00 
 1.89864000e-09  1.68106463e+00  1.91893537e+00  2.65175107e+00  2.30073679e+00 
 1.89914000e-09  1.68157036e+00  1.91842964e+00  2.65135001e+00  2.30114104e+00 
 1.89964000e-09  1.68207726e+00  1.91792274e+00  2.65094314e+00  2.30155098e+00 
 1.90014000e-09  1.68258532e+00  1.91741468e+00  2.65053046e+00  2.30196664e+00 
 1.90064000e-09  1.68309455e+00  1.91690545e+00  2.65011196e+00  2.30238800e+00 
 1.90114000e-09  1.68360493e+00  1.91639507e+00  2.64968765e+00  2.30281506e+00 
 1.90164000e-09  1.68411645e+00  1.91588355e+00  2.64925754e+00  2.30324783e+00 
 1.90214000e-09  1.68462912e+00  1.91537088e+00  2.64882163e+00  2.30368629e+00 
 1.90264000e-09  1.68514293e+00  1.91485707e+00  2.64837993e+00  2.30413045e+00 
 1.90314000e-09  1.68565787e+00  1.91434213e+00  2.64793244e+00  2.30458029e+00 
 1.90364000e-09  1.68617394e+00  1.91382606e+00  2.64747918e+00  2.30503580e+00 
 1.90414000e-09  1.68669114e+00  1.91330886e+00  2.64702015e+00  2.30549698e+00 
 1.90464000e-09  1.68720945e+00  1.91279055e+00  2.64655538e+00  2.30596381e+00 
 1.90514000e-09  1.68772888e+00  1.91227112e+00  2.64608486e+00  2.30643628e+00 
 1.90564000e-09  1.68824941e+00  1.91175059e+00  2.64560863e+00  2.30691438e+00 
 1.90614000e-09  1.68877105e+00  1.91122895e+00  2.64512669e+00  2.30739809e+00 
 1.90664000e-09  1.68929378e+00  1.91070622e+00  2.64463906e+00  2.30788740e+00 
 1.90714000e-09  1.68981761e+00  1.91018239e+00  2.64414577e+00  2.30838228e+00 
 1.90764000e-09  1.69034252e+00  1.90965748e+00  2.64364682e+00  2.30888272e+00 
 1.90814000e-09  1.69086852e+00  1.90913148e+00  2.64314224e+00  2.30938870e+00 
 1.90864000e-09  1.69139559e+00  1.90860441e+00  2.64263206e+00  2.30990020e+00 
 1.90914000e-09  1.69192374e+00  1.90807626e+00  2.64211629e+00  2.31041719e+00 
 1.90964000e-09  1.69245295e+00  1.90754705e+00  2.64159495e+00  2.31093965e+00 
 1.91014000e-09  1.69298322e+00  1.90701678e+00  2.64106808e+00  2.31146757e+00 
 1.91064000e-09  1.69351455e+00  1.90648545e+00  2.64053570e+00  2.31200091e+00 
 1.91114000e-09  1.69404694e+00  1.90595306e+00  2.63999782e+00  2.31253964e+00 
 1.91164000e-09  1.69458036e+00  1.90541964e+00  2.63945449e+00  2.31308375e+00 
 1.91214000e-09  1.69511483e+00  1.90488517e+00  2.63890573e+00  2.31363320e+00 
 1.91264000e-09  1.69565033e+00  1.90434967e+00  2.63835156e+00  2.31418798e+00 
 1.91314000e-09  1.69618686e+00  1.90381314e+00  2.63779201e+00  2.31474804e+00 
 1.91364000e-09  1.69672442e+00  1.90327558e+00  2.63722712e+00  2.31531336e+00 
 1.91414000e-09  1.69726300e+00  1.90273700e+00  2.63665692e+00  2.31588391e+00 
 1.91464000e-09  1.69780259e+00  1.90219741e+00  2.63608143e+00  2.31645966e+00 
 1.91514000e-09  1.69834319e+00  1.90165681e+00  2.63550068e+00  2.31704058e+00 
 1.91564000e-09  1.69888479e+00  1.90111521e+00  2.63491472e+00  2.31762663e+00 
 1.91614000e-09  1.69942739e+00  1.90057261e+00  2.63432356e+00  2.31821780e+00 
 1.91664000e-09  1.69997098e+00  1.90002902e+00  2.63372725e+00  2.31881403e+00 
 1.91714000e-09  1.70051556e+00  1.89948444e+00  2.63312581e+00  2.31941531e+00 
 1.91764000e-09  1.70106112e+00  1.89893888e+00  2.63251929e+00  2.32002160e+00 
 1.91814000e-09  1.70160766e+00  1.89839234e+00  2.63190771e+00  2.32063285e+00 
 1.91864000e-09  1.70215517e+00  1.89784483e+00  2.63129110e+00  2.32124905e+00 
 1.91914000e-09  1.70270364e+00  1.89729636e+00  2.63066951e+00  2.32187016e+00 
 1.91964000e-09  1.70325308e+00  1.89674692e+00  2.63004297e+00  2.32249614e+00 
 1.92014000e-09  1.70380347e+00  1.89619653e+00  2.62941151e+00  2.32312695e+00 
 1.92064000e-09  1.70435481e+00  1.89564519e+00  2.62877517e+00  2.32376257e+00 
 1.92114000e-09  1.70490709e+00  1.89509291e+00  2.62813399e+00  2.32440296e+00 
 1.92164000e-09  1.70546032e+00  1.89453968e+00  2.62748800e+00  2.32504809e+00 
 1.92214000e-09  1.70601447e+00  1.89398553e+00  2.62683723e+00  2.32569791e+00 
 1.92264000e-09  1.70656955e+00  1.89343045e+00  2.62618172e+00  2.32635239e+00 
 1.92314000e-09  1.70712556e+00  1.89287444e+00  2.62552151e+00  2.32701150e+00 
 1.92364000e-09  1.70768248e+00  1.89231752e+00  2.62485664e+00  2.32767521e+00 
 1.92414000e-09  1.70824031e+00  1.89175969e+00  2.62418714e+00  2.32834347e+00 
 1.92464000e-09  1.70879905e+00  1.89120095e+00  2.62351305e+00  2.32901625e+00 
 1.92514000e-09  1.70935869e+00  1.89064131e+00  2.62283440e+00  2.32969352e+00 
 1.92564000e-09  1.70991922e+00  1.89008078e+00  2.62215124e+00  2.33037524e+00 
 1.92614000e-09  1.71048064e+00  1.88951936e+00  2.62146359e+00  2.33106138e+00 
 1.92664000e-09  1.71104295e+00  1.88895705e+00  2.62077150e+00  2.33175190e+00 
 1.92714000e-09  1.71160613e+00  1.88839387e+00  2.62007501e+00  2.33244676e+00 
 1.92764000e-09  1.71217019e+00  1.88782981e+00  2.61937414e+00  2.33314593e+00 
 1.92814000e-09  1.71273511e+00  1.88726489e+00  2.61866893e+00  2.33384938e+00 
 1.92864000e-09  1.71330090e+00  1.88669910e+00  2.61795943e+00  2.33455706e+00 
 1.92914000e-09  1.71386754e+00  1.88613246e+00  2.61724567e+00  2.33526895e+00 
 1.92964000e-09  1.71443503e+00  1.88556497e+00  2.61652768e+00  2.33598501e+00 
 1.93014000e-09  1.71500336e+00  1.88499664e+00  2.61580550e+00  2.33670521e+00 
 1.93064000e-09  1.71557253e+00  1.88442747e+00  2.61507918e+00  2.33742950e+00 
 1.93114000e-09  1.71614254e+00  1.88385746e+00  2.61434874e+00  2.33815786e+00 
 1.93164000e-09  1.71671337e+00  1.88328663e+00  2.61361421e+00  2.33889025e+00 
 1.93214000e-09  1.71728503e+00  1.88271497e+00  2.61287565e+00  2.33962663e+00 
 1.93264000e-09  1.71785750e+00  1.88214250e+00  2.61213308e+00  2.34036698e+00 
 1.93314000e-09  1.71843079e+00  1.88156921e+00  2.61138654e+00  2.34111125e+00 
 1.93364000e-09  1.71900487e+00  1.88099513e+00  2.61063606e+00  2.34185942e+00 
 1.93414000e-09  1.71957976e+00  1.88042024e+00  2.60988169e+00  2.34261145e+00 
 1.93464000e-09  1.72015544e+00  1.87984456e+00  2.60912345e+00  2.34336730e+00 
 1.93514000e-09  1.72073191e+00  1.87926809e+00  2.60836138e+00  2.34412694e+00 
 1.93564000e-09  1.72130916e+00  1.87869084e+00  2.60759553e+00  2.34489035e+00 
 1.93614000e-09  1.72188719e+00  1.87811281e+00  2.60682591e+00  2.34565747e+00 
 1.93664000e-09  1.72246599e+00  1.87753401e+00  2.60605257e+00  2.34642829e+00 
 1.93714000e-09  1.72304556e+00  1.87695444e+00  2.60527555e+00  2.34720277e+00 
 1.93764000e-09  1.72362588e+00  1.87637412e+00  2.60449487e+00  2.34798087e+00 
 1.93814000e-09  1.72420696e+00  1.87579304e+00  2.60371057e+00  2.34876256e+00 
 1.93864000e-09  1.72478878e+00  1.87521122e+00  2.60292269e+00  2.34954781e+00 
 1.93914000e-09  1.72537135e+00  1.87462865e+00  2.60213126e+00  2.35033658e+00 
 1.93964000e-09  1.72595466e+00  1.87404534e+00  2.60133632e+00  2.35112885e+00 
 1.94014000e-09  1.72653869e+00  1.87346131e+00  2.60053790e+00  2.35192459e+00 
 1.94064000e-09  1.72712345e+00  1.87287655e+00  2.59973602e+00  2.35272374e+00 
 1.94114000e-09  1.72770893e+00  1.87229107e+00  2.59893074e+00  2.35352630e+00 
 1.94164000e-09  1.72829513e+00  1.87170487e+00  2.59812208e+00  2.35433222e+00 
 1.94214000e-09  1.72888203e+00  1.87111797e+00  2.59731007e+00  2.35514147e+00 
 1.94264000e-09  1.72946963e+00  1.87053037e+00  2.59649474e+00  2.35595403e+00 
 1.94314000e-09  1.73005793e+00  1.86994207e+00  2.59567614e+00  2.35676985e+00 
 1.94364000e-09  1.73064692e+00  1.86935308e+00  2.59485429e+00  2.35758890e+00 
 1.94414000e-09  1.73123659e+00  1.86876341e+00  2.59402922e+00  2.35841117e+00 
 1.94464000e-09  1.73182695e+00  1.86817305e+00  2.59320098e+00  2.35923660e+00 
 1.94514000e-09  1.73241797e+00  1.86758203e+00  2.59236958e+00  2.36006518e+00 
 1.94564000e-09  1.73300966e+00  1.86699034e+00  2.59153507e+00  2.36089687e+00 
 1.94614000e-09  1.73360202e+00  1.86639798e+00  2.59069747e+00  2.36173165e+00 
 1.94664000e-09  1.73419503e+00  1.86580497e+00  2.58985682e+00  2.36256947e+00 
 1.94714000e-09  1.73478868e+00  1.86521132e+00  2.58901315e+00  2.36341031e+00 
 1.94764000e-09  1.73538299e+00  1.86461701e+00  2.58816649e+00  2.36425414e+00 
 1.94814000e-09  1.73597793e+00  1.86402207e+00  2.58731687e+00  2.36510092e+00 
 1.94864000e-09  1.73657350e+00  1.86342650e+00  2.58646433e+00  2.36595063e+00 
 1.94914000e-09  1.73716969e+00  1.86283031e+00  2.58560888e+00  2.36680324e+00 
 1.94964000e-09  1.73776651e+00  1.86223349e+00  2.58475058e+00  2.36765872e+00 
 1.95014000e-09  1.73836394e+00  1.86163606e+00  2.58388944e+00  2.36851703e+00 
 1.95064000e-09  1.73896198e+00  1.86103802e+00  2.58302550e+00  2.36937815e+00 
 1.95114000e-09  1.73956063e+00  1.86043937e+00  2.58215878e+00  2.37024205e+00 
 1.95164000e-09  1.74015987e+00  1.85984013e+00  2.58128932e+00  2.37110869e+00 
 1.95214000e-09  1.74075970e+00  1.85924030e+00  2.58041715e+00  2.37197805e+00 
 1.95264000e-09  1.74136011e+00  1.85863989e+00  2.57954230e+00  2.37285010e+00 
 1.95314000e-09  1.74196110e+00  1.85803890e+00  2.57866479e+00  2.37372480e+00 
 1.95364000e-09  1.74256267e+00  1.85743733e+00  2.57778467e+00  2.37460214e+00 
 1.95414000e-09  1.74316480e+00  1.85683520e+00  2.57690194e+00  2.37548208e+00 
 1.95464000e-09  1.74376750e+00  1.85623250e+00  2.57601666e+00  2.37636458e+00 
 1.95514000e-09  1.74437074e+00  1.85562926e+00  2.57512884e+00  2.37724963e+00 
 1.95564000e-09  1.74497454e+00  1.85502546e+00  2.57423851e+00  2.37813720e+00 
 1.95614000e-09  1.74557888e+00  1.85442112e+00  2.57334571e+00  2.37902724e+00 
 1.95664000e-09  1.74618376e+00  1.85381624e+00  2.57245046e+00  2.37991975e+00 
 1.95714000e-09  1.74678917e+00  1.85321083e+00  2.57155279e+00  2.38081468e+00 
 1.95764000e-09  1.74739510e+00  1.85260490e+00  2.57065273e+00  2.38171201e+00 
 1.95814000e-09  1.74800156e+00  1.85199844e+00  2.56975031e+00  2.38261171e+00 
 1.95864000e-09  1.74860852e+00  1.85139148e+00  2.56884555e+00  2.38351376e+00 
 1.95914000e-09  1.74921600e+00  1.85078400e+00  2.56793848e+00  2.38441812e+00 
 1.95964000e-09  1.74982397e+00  1.85017603e+00  2.56702914e+00  2.38532477e+00 
 1.96014000e-09  1.75043244e+00  1.84956756e+00  2.56611755e+00  2.38623368e+00 
 1.96064000e-09  1.75104140e+00  1.84895860e+00  2.56520373e+00  2.38714482e+00 
 1.96114000e-09  1.75165085e+00  1.84834915e+00  2.56428771e+00  2.38805817e+00 
 1.96164000e-09  1.75226077e+00  1.84773923e+00  2.56336953e+00  2.38897369e+00 
 1.96214000e-09  1.75287116e+00  1.84712884e+00  2.56244920e+00  2.38989136e+00 
 1.96264000e-09  1.75348201e+00  1.84651799e+00  2.56152676e+00  2.39081116e+00 
 1.96314000e-09  1.75409333e+00  1.84590667e+00  2.56060223e+00  2.39173305e+00 
 1.96364000e-09  1.75470510e+00  1.84529490e+00  2.55967564e+00  2.39265701e+00 
 1.96414000e-09  1.75531731e+00  1.84468269e+00  2.55874702e+00  2.39358301e+00 
 1.96464000e-09  1.75592997e+00  1.84407003e+00  2.55781638e+00  2.39451103e+00 
 1.96514000e-09  1.75654306e+00  1.84345694e+00  2.55688377e+00  2.39544103e+00 
 1.96564000e-09  1.75715658e+00  1.84284342e+00  2.55594919e+00  2.39637300e+00 
 1.96614000e-09  1.75777052e+00  1.84222948e+00  2.55501269e+00  2.39730690e+00 
 1.96664000e-09  1.75838488e+00  1.84161512e+00  2.55407428e+00  2.39824272e+00 
 1.96714000e-09  1.75899966e+00  1.84100034e+00  2.55313399e+00  2.39918041e+00 
 1.96764000e-09  1.75961483e+00  1.84038517e+00  2.55219185e+00  2.40011997e+00 
 1.96814000e-09  1.76023040e+00  1.83976960e+00  2.55124788e+00  2.40106135e+00 
 1.96864000e-09  1.76084637e+00  1.83915363e+00  2.55030211e+00  2.40200454e+00 
 1.96914000e-09  1.76146272e+00  1.83853728e+00  2.54935456e+00  2.40294951e+00 
 1.96964000e-09  1.76207946e+00  1.83792054e+00  2.54840525e+00  2.40389623e+00 
 1.97014000e-09  1.76269656e+00  1.83730344e+00  2.54745422e+00  2.40484468e+00 
 1.97064000e-09  1.76331404e+00  1.83668596e+00  2.54650149e+00  2.40579483e+00 
 1.97114000e-09  1.76393188e+00  1.83606812e+00  2.54554707e+00  2.40674666e+00 
 1.97164000e-09  1.76455007e+00  1.83544993e+00  2.54459101e+00  2.40770014e+00 
 1.97214000e-09  1.76516862e+00  1.83483138e+00  2.54363331e+00  2.40865525e+00 
 1.97264000e-09  1.76578750e+00  1.83421250e+00  2.54267400e+00  2.40961195e+00 
 1.97314000e-09  1.76640673e+00  1.83359327e+00  2.54171312e+00  2.41057024e+00 
 1.97364000e-09  1.76702628e+00  1.83297372e+00  2.54075068e+00  2.41153008e+00 
 1.97414000e-09  1.76764617e+00  1.83235383e+00  2.53978670e+00  2.41249144e+00 
 1.97464000e-09  1.76826637e+00  1.83173363e+00  2.53882121e+00  2.41345431e+00 
 1.97514000e-09  1.76888688e+00  1.83111312e+00  2.53785424e+00  2.41441865e+00 
 1.97564000e-09  1.76950770e+00  1.83049230e+00  2.53688580e+00  2.41538444e+00 
 1.97614000e-09  1.77012883e+00  1.82987117e+00  2.53591593e+00  2.41635167e+00 
 1.97664000e-09  1.77075024e+00  1.82924976e+00  2.53494464e+00  2.41732030e+00 
 1.97714000e-09  1.77137195e+00  1.82862805e+00  2.53397195e+00  2.41829030e+00 
 1.97764000e-09  1.77199394e+00  1.82800606e+00  2.53299789e+00  2.41926166e+00 
 1.97814000e-09  1.77261620e+00  1.82738380e+00  2.53202249e+00  2.42023436e+00 
 1.97864000e-09  1.77323874e+00  1.82676126e+00  2.53104576e+00  2.42120836e+00 
 1.97914000e-09  1.77386154e+00  1.82613846e+00  2.53006774e+00  2.42218364e+00 
 1.97964000e-09  1.77448460e+00  1.82551540e+00  2.52908843e+00  2.42316018e+00 
 1.98014000e-09  1.77510790e+00  1.82489210e+00  2.52810786e+00  2.42413796e+00 
 1.98064000e-09  1.77573146e+00  1.82426854e+00  2.52712606e+00  2.42511695e+00 
 1.98114000e-09  1.77635525e+00  1.82364475e+00  2.52614305e+00  2.42609712e+00 
 1.98164000e-09  1.77697928e+00  1.82302072e+00  2.52515886e+00  2.42707846e+00 
 1.98214000e-09  1.77760354e+00  1.82239646e+00  2.52417349e+00  2.42806094e+00 
 1.98264000e-09  1.77822801e+00  1.82177199e+00  2.52318698e+00  2.42904453e+00 
 1.98314000e-09  1.77885270e+00  1.82114730e+00  2.52219934e+00  2.43002922e+00 
 1.98364000e-09  1.77947760e+00  1.82052240e+00  2.52121061e+00  2.43101498e+00 
 1.98414000e-09  1.78010271e+00  1.81989729e+00  2.52022079e+00  2.43200178e+00 
 1.98464000e-09  1.78072800e+00  1.81927200e+00  2.51922992e+00  2.43298961e+00 
 1.98514000e-09  1.78135349e+00  1.81864651e+00  2.51823802e+00  2.43397843e+00 
 1.98564000e-09  1.78197917e+00  1.81802083e+00  2.51724509e+00  2.43496823e+00 
 1.98614000e-09  1.78260502e+00  1.81739498e+00  2.51625118e+00  2.43595899e+00 
 1.98664000e-09  1.78323104e+00  1.81676896e+00  2.51525630e+00  2.43695067e+00 
 1.98714000e-09  1.78385723e+00  1.81614277e+00  2.51426047e+00  2.43794326e+00 
 1.98764000e-09  1.78448357e+00  1.81551643e+00  2.51326371e+00  2.43893673e+00 
 1.98814000e-09  1.78511007e+00  1.81488993e+00  2.51226604e+00  2.43993106e+00 
 1.98864000e-09  1.78573672e+00  1.81426328e+00  2.51126749e+00  2.44092623e+00 
 1.98914000e-09  1.78636351e+00  1.81363649e+00  2.51026808e+00  2.44192221e+00 
 1.98964000e-09  1.78699043e+00  1.81300957e+00  2.50926783e+00  2.44291898e+00 
 1.99014000e-09  1.78761748e+00  1.81238252e+00  2.50826675e+00  2.44391652e+00 
 1.99064000e-09  1.78824466e+00  1.81175534e+00  2.50726488e+00  2.44491480e+00 
 1.99114000e-09  1.78887195e+00  1.81112805e+00  2.50626224e+00  2.44591380e+00 
 1.99164000e-09  1.78949934e+00  1.81050066e+00  2.50525884e+00  2.44691350e+00 
 1.99214000e-09  1.79012685e+00  1.80987315e+00  2.50425470e+00  2.44791387e+00 
 1.99264000e-09  1.79075445e+00  1.80924555e+00  2.50324986e+00  2.44891489e+00 
 1.99314000e-09  1.79138214e+00  1.80861786e+00  2.50224432e+00  2.44991654e+00 
 1.99364000e-09  1.79200992e+00  1.80799008e+00  2.50123812e+00  2.45091879e+00 
 1.99414000e-09  1.79263777e+00  1.80736223e+00  2.50023127e+00  2.45192163e+00 
 1.99464000e-09  1.79326570e+00  1.80673430e+00  2.49922380e+00  2.45292502e+00 
 1.99514000e-09  1.79389369e+00  1.80610631e+00  2.49821573e+00  2.45392894e+00 
 1.99564000e-09  1.79452175e+00  1.80547825e+00  2.49720708e+00  2.45493337e+00 
 1.99614000e-09  1.79514986e+00  1.80485014e+00  2.49619788e+00  2.45593829e+00 
 1.99664000e-09  1.79577801e+00  1.80422199e+00  2.49518814e+00  2.45694366e+00 
 1.99714000e-09  1.79640621e+00  1.80359379e+00  2.49417789e+00  2.45794948e+00 
 1.99764000e-09  1.79703445e+00  1.80296555e+00  2.49316716e+00  2.45895571e+00 
 1.99814000e-09  1.79766271e+00  1.80233729e+00  2.49215597e+00  2.45996233e+00 
 1.99864000e-09  1.79829099e+00  1.80170901e+00  2.49114433e+00  2.46096931e+00 
 1.99914000e-09  1.79891930e+00  1.80108070e+00  2.49013228e+00  2.46197663e+00 
 1.99964000e-09  1.79954761e+00  1.80045239e+00  2.48911984e+00  2.46298427e+00 
 2.00014000e-09  1.80017593e+00  1.79982407e+00  2.48810703e+00  2.46399220e+00 
 2.00064000e-09  1.80080425e+00  1.79919575e+00  2.48709389e+00  2.46500040e+00 
 2.00114000e-09  1.80143255e+00  1.79856745e+00  2.48608042e+00  2.46600884e+00 
 2.00164000e-09  1.80206085e+00  1.79793915e+00  2.48506667e+00  2.46701749e+00 
 2.00214000e-09  1.80268912e+00  1.79731088e+00  2.48405264e+00  2.46802634e+00 
 2.00264000e-09  1.80331737e+00  1.79668263e+00  2.48303838e+00  2.46903535e+00 
 2.00314000e-09  1.80394558e+00  1.79605442e+00  2.48202391e+00  2.47004451e+00 
 2.00364000e-09  1.80457376e+00  1.79542624e+00  2.48100925e+00  2.47105378e+00 
 2.00414000e-09  1.80520189e+00  1.79479811e+00  2.47999443e+00  2.47206315e+00 
 2.00464000e-09  1.80582997e+00  1.79417003e+00  2.47897948e+00  2.47307258e+00 
 2.00514000e-09  1.80645799e+00  1.79354201e+00  2.47796442e+00  2.47408205e+00 
 2.00564000e-09  1.80708595e+00  1.79291405e+00  2.47694928e+00  2.47509154e+00 
 2.00614000e-09  1.80771384e+00  1.79228616e+00  2.47593409e+00  2.47610101e+00 
 2.00664000e-09  1.80834165e+00  1.79165835e+00  2.47491887e+00  2.47711046e+00 
 2.00714000e-09  1.80896938e+00  1.79103062e+00  2.47390367e+00  2.47811985e+00 
 2.00764000e-09  1.80959702e+00  1.79040298e+00  2.47288849e+00  2.47912915e+00 
 2.00814000e-09  1.81022457e+00  1.78977543e+00  2.47187337e+00  2.48013834e+00 
 2.00864000e-09  1.81085201e+00  1.78914799e+00  2.47085834e+00  2.48114741e+00 
 2.00914000e-09  1.81147935e+00  1.78852065e+00  2.46984343e+00  2.48215631e+00 
 2.00964000e-09  1.81210658e+00  1.78789342e+00  2.46882866e+00  2.48316504e+00 
 2.01014000e-09  1.81273368e+00  1.78726632e+00  2.46781406e+00  2.48417356e+00 
 2.01064000e-09  1.81336066e+00  1.78663934e+00  2.46679965e+00  2.48518186e+00 
 2.01114000e-09  1.81398751e+00  1.78601249e+00  2.46578548e+00  2.48618991e+00 
 2.01164000e-09  1.81461422e+00  1.78538578e+00  2.46477155e+00  2.48719768e+00 
 2.01214000e-09  1.81524078e+00  1.78475922e+00  2.46375791e+00  2.48820516e+00 
 2.01264000e-09  1.81586720e+00  1.78413280e+00  2.46274457e+00  2.48921232e+00 
 2.01314000e-09  1.81649346e+00  1.78350654e+00  2.46173156e+00  2.49021914e+00 
 2.01364000e-09  1.81711955e+00  1.78288045e+00  2.46071892e+00  2.49122560e+00 
 2.01414000e-09  1.81774548e+00  1.78225452e+00  2.45970666e+00  2.49223168e+00 
 2.01464000e-09  1.81837123e+00  1.78162877e+00  2.45869480e+00  2.49323736e+00 
 2.01514000e-09  1.81899680e+00  1.78100320e+00  2.45768339e+00  2.49424261e+00 
 2.01564000e-09  1.81962219e+00  1.78037781e+00  2.45667243e+00  2.49524743e+00 
 2.01614000e-09  1.82024738e+00  1.77975262e+00  2.45566196e+00  2.49625177e+00 
 2.01664000e-09  1.82087237e+00  1.77912763e+00  2.45465200e+00  2.49725564e+00 
 2.01714000e-09  1.82149715e+00  1.77850285e+00  2.45364257e+00  2.49825900e+00 
 2.01764000e-09  1.82212172e+00  1.77787828e+00  2.45263370e+00  2.49926184e+00 
 2.01814000e-09  1.82274607e+00  1.77725393e+00  2.45162542e+00  2.50026414e+00 
 2.01864000e-09  1.82337020e+00  1.77662980e+00  2.45061774e+00  2.50126588e+00 
 2.01914000e-09  1.82399410e+00  1.77600590e+00  2.44961069e+00  2.50226704e+00 
 2.01964000e-09  1.82461776e+00  1.77538224e+00  2.44860429e+00  2.50326761e+00 
 2.02014000e-09  1.82524118e+00  1.77475882e+00  2.44759856e+00  2.50426756e+00 
 2.02064000e-09  1.82586435e+00  1.77413565e+00  2.44659354e+00  2.50526687e+00 
 2.02114000e-09  1.82648726e+00  1.77351274e+00  2.44558923e+00  2.50626553e+00 
 2.02164000e-09  1.82710991e+00  1.77289009e+00  2.44458567e+00  2.50726352e+00 
 2.02214000e-09  1.82773230e+00  1.77226770e+00  2.44358287e+00  2.50826083e+00 
 2.02264000e-09  1.82835441e+00  1.77164559e+00  2.44258087e+00  2.50925742e+00 
 2.02314000e-09  1.82897624e+00  1.77102376e+00  2.44157967e+00  2.51025329e+00 
 2.02364000e-09  1.82959779e+00  1.77040221e+00  2.44057931e+00  2.51124842e+00 
 2.02414000e-09  1.83021904e+00  1.76978096e+00  2.43957981e+00  2.51224278e+00 
 2.02464000e-09  1.83083999e+00  1.76916001e+00  2.43858118e+00  2.51323636e+00 
 2.02514000e-09  1.83146064e+00  1.76853936e+00  2.43758346e+00  2.51422914e+00 
 2.02564000e-09  1.83208098e+00  1.76791902e+00  2.43658666e+00  2.51522110e+00 
 2.02614000e-09  1.83270101e+00  1.76729899e+00  2.43559080e+00  2.51621222e+00 
 2.02664000e-09  1.83332071e+00  1.76667929e+00  2.43459591e+00  2.51720248e+00 
 2.02714000e-09  1.83394008e+00  1.76605992e+00  2.43360201e+00  2.51819186e+00 
 2.02764000e-09  1.83455912e+00  1.76544088e+00  2.43260913e+00  2.51918035e+00 
 2.02814000e-09  1.83517781e+00  1.76482219e+00  2.43161728e+00  2.52016792e+00 
 2.02864000e-09  1.83579616e+00  1.76420384e+00  2.43062649e+00  2.52115455e+00 
 2.02914000e-09  1.83641416e+00  1.76358584e+00  2.42963678e+00  2.52214022e+00 
 2.02964000e-09  1.83703179e+00  1.76296821e+00  2.42864817e+00  2.52312491e+00 
 2.03014000e-09  1.83764906e+00  1.76235094e+00  2.42766068e+00  2.52410860e+00 
 2.03064000e-09  1.83826596e+00  1.76173404e+00  2.42667434e+00  2.52509127e+00 
 2.03114000e-09  1.83888248e+00  1.76111752e+00  2.42568917e+00  2.52607289e+00 
 2.03164000e-09  1.83949862e+00  1.76050138e+00  2.42470520e+00  2.52705344e+00 
 2.03214000e-09  1.84011437e+00  1.75988563e+00  2.42372243e+00  2.52803290e+00 
 2.03264000e-09  1.84072972e+00  1.75927028e+00  2.42274091e+00  2.52901125e+00 
 2.03314000e-09  1.84134467e+00  1.75865533e+00  2.42176064e+00  2.52998846e+00 
 2.03364000e-09  1.84195921e+00  1.75804079e+00  2.42078165e+00  2.53096452e+00 
 2.03414000e-09  1.84257334e+00  1.75742666e+00  2.41980397e+00  2.53193938e+00 
 2.03464000e-09  1.84318704e+00  1.75681296e+00  2.41882762e+00  2.53291304e+00 
 2.03514000e-09  1.84380032e+00  1.75619968e+00  2.41785261e+00  2.53388547e+00 
 2.03564000e-09  1.84441317e+00  1.75558683e+00  2.41687897e+00  2.53485664e+00 
 2.03614000e-09  1.84502558e+00  1.75497442e+00  2.41590673e+00  2.53582652e+00 
 2.03664000e-09  1.84563755e+00  1.75436245e+00  2.41493590e+00  2.53679509e+00 
 2.03714000e-09  1.84624906e+00  1.75375094e+00  2.41396651e+00  2.53776233e+00 
 2.03764000e-09  1.84686012e+00  1.75313988e+00  2.41299858e+00  2.53872821e+00 
 2.03814000e-09  1.84747072e+00  1.75252928e+00  2.41203213e+00  2.53969270e+00 
 2.03864000e-09  1.84808085e+00  1.75191915e+00  2.41106719e+00  2.54065578e+00 
 2.03914000e-09  1.84869050e+00  1.75130950e+00  2.41010377e+00  2.54161742e+00 
 2.03964000e-09  1.84929967e+00  1.75070033e+00  2.40914191e+00  2.54257758e+00 
 2.04014000e-09  1.84990836e+00  1.75009164e+00  2.40818162e+00  2.54353626e+00 
 2.04064000e-09  1.85051655e+00  1.74948345e+00  2.40722292e+00  2.54449341e+00 
 2.04114000e-09  1.85112425e+00  1.74887575e+00  2.40626585e+00  2.54544901e+00 
 2.04164000e-09  1.85173144e+00  1.74826856e+00  2.40531041e+00  2.54640304e+00 
 2.04214000e-09  1.85233812e+00  1.74766188e+00  2.40435664e+00  2.54735546e+00 
 2.04264000e-09  1.85294428e+00  1.74705572e+00  2.40340456e+00  2.54830625e+00 
 2.04314000e-09  1.85354992e+00  1.74645008e+00  2.40245419e+00  2.54925537e+00 
 2.04364000e-09  1.85415504e+00  1.74584496e+00  2.40150555e+00  2.55020281e+00 
 2.04414000e-09  1.85475961e+00  1.74524039e+00  2.40055867e+00  2.55114853e+00 
 2.04464000e-09  1.85536365e+00  1.74463635e+00  2.39961357e+00  2.55209250e+00 
 2.04514000e-09  1.85596714e+00  1.74403286e+00  2.39867028e+00  2.55303470e+00 
 2.04564000e-09  1.85657008e+00  1.74342992e+00  2.39772881e+00  2.55397509e+00 
 2.04614000e-09  1.85717246e+00  1.74282754e+00  2.39678919e+00  2.55491366e+00 
 2.04664000e-09  1.85777428e+00  1.74222572e+00  2.39585146e+00  2.55585036e+00 
 2.04714000e-09  1.85837552e+00  1.74162448e+00  2.39491562e+00  2.55678517e+00 
 2.04764000e-09  1.85897619e+00  1.74102381e+00  2.39398171e+00  2.55771807e+00 
 2.04814000e-09  1.85957628e+00  1.74042372e+00  2.39304975e+00  2.55864901e+00 
 2.04864000e-09  1.86017578e+00  1.73982422e+00  2.39211976e+00  2.55957798e+00 
 2.04914000e-09  1.86077469e+00  1.73922531e+00  2.39119177e+00  2.56050495e+00 
 2.04964000e-09  1.86137299e+00  1.73862701e+00  2.39026580e+00  2.56142988e+00 
 2.05014000e-09  1.86197069e+00  1.73802931e+00  2.38934189e+00  2.56235275e+00 
 2.05064000e-09  1.86256778e+00  1.73743222e+00  2.38842005e+00  2.56327352e+00 
 2.05114000e-09  1.86316425e+00  1.73683575e+00  2.38750031e+00  2.56419217e+00 
 2.05164000e-09  1.86376010e+00  1.73623990e+00  2.38658270e+00  2.56510867e+00 
 2.05214000e-09  1.86435532e+00  1.73564468e+00  2.38566724e+00  2.56602299e+00 
 2.05264000e-09  1.86494990e+00  1.73505010e+00  2.38475396e+00  2.56693510e+00 
 2.05314000e-09  1.86554384e+00  1.73445616e+00  2.38384289e+00  2.56784496e+00 
 2.05364000e-09  1.86613714e+00  1.73386286e+00  2.38293404e+00  2.56875256e+00 
 2.05414000e-09  1.86672978e+00  1.73327022e+00  2.38202746e+00  2.56965786e+00 
 2.05464000e-09  1.86732177e+00  1.73267823e+00  2.38112316e+00  2.57056082e+00 
 2.05514000e-09  1.86791309e+00  1.73208691e+00  2.38022118e+00  2.57146143e+00 
 2.05564000e-09  1.86850374e+00  1.73149626e+00  2.37932154e+00  2.57235964e+00 
 2.05614000e-09  1.86909371e+00  1.73090629e+00  2.37842427e+00  2.57325544e+00 
 2.05664000e-09  1.86968300e+00  1.73031700e+00  2.37752939e+00  2.57414878e+00 
 2.05714000e-09  1.87027160e+00  1.72972840e+00  2.37663694e+00  2.57503965e+00 
 2.05764000e-09  1.87085951e+00  1.72914049e+00  2.37574694e+00  2.57592800e+00 
 2.05814000e-09  1.87144672e+00  1.72855328e+00  2.37485943e+00  2.57681381e+00 
 2.05864000e-09  1.87203323e+00  1.72796677e+00  2.37397442e+00  2.57769705e+00 
 2.05914000e-09  1.87261902e+00  1.72738098e+00  2.37309196e+00  2.57857769e+00 
 2.05964000e-09  1.87320410e+00  1.72679590e+00  2.37221206e+00  2.57945569e+00 
 2.06014000e-09  1.87378846e+00  1.72621154e+00  2.37133477e+00  2.58033102e+00 
 2.06064000e-09  1.87437208e+00  1.72562792e+00  2.37046010e+00  2.58120366e+00 
 2.06114000e-09  1.87495498e+00  1.72504502e+00  2.36958809e+00  2.58207357e+00 
 2.06164000e-09  1.87553713e+00  1.72446287e+00  2.36871877e+00  2.58294071e+00 
 2.06214000e-09  1.87611854e+00  1.72388146e+00  2.36785217e+00  2.58380507e+00 
 2.06264000e-09  1.87669919e+00  1.72330081e+00  2.36698831e+00  2.58466660e+00 
 2.06314000e-09  1.87727909e+00  1.72272091e+00  2.36612724e+00  2.58552528e+00 
 2.06364000e-09  1.87785823e+00  1.72214177e+00  2.36526898e+00  2.58638107e+00 
 2.06414000e-09  1.87843660e+00  1.72156340e+00  2.36441356e+00  2.58723394e+00 
 2.06464000e-09  1.87901419e+00  1.72098581e+00  2.36356102e+00  2.58808386e+00 
 2.06514000e-09  1.87959101e+00  1.72040899e+00  2.36271138e+00  2.58893079e+00 
 2.06564000e-09  1.88016704e+00  1.71983296e+00  2.36186468e+00  2.58977471e+00 
 2.06614000e-09  1.88074227e+00  1.71925773e+00  2.36102094e+00  2.59061557e+00 
 2.06664000e-09  1.88131671e+00  1.71868329e+00  2.36018021e+00  2.59145335e+00 
 2.06714000e-09  1.88189035e+00  1.71810965e+00  2.35934252e+00  2.59228801e+00 
 2.06764000e-09  1.88246318e+00  1.71753682e+00  2.35850789e+00  2.59311952e+00 
 2.06814000e-09  1.88303520e+00  1.71696480e+00  2.35767637e+00  2.59394785e+00 
 2.06864000e-09  1.88360639e+00  1.71639361e+00  2.35684797e+00  2.59477296e+00 
 2.06914000e-09  1.88417677e+00  1.71582323e+00  2.35602275e+00  2.59559481e+00 
 2.06964000e-09  1.88474631e+00  1.71525369e+00  2.35520072e+00  2.59641337e+00 
 2.07014000e-09  1.88531501e+00  1.71468499e+00  2.35438193e+00  2.59722862e+00 
 2.07064000e-09  1.88588287e+00  1.71411713e+00  2.35356641e+00  2.59804050e+00 
 2.07114000e-09  1.88644989e+00  1.71355011e+00  2.35275419e+00  2.59884900e+00 
 2.07164000e-09  1.88701605e+00  1.71298395e+00  2.35194530e+00  2.59965406e+00 
 2.07214000e-09  1.88758135e+00  1.71241865e+00  2.35113979e+00  2.60045567e+00 
 2.07264000e-09  1.88814579e+00  1.71185421e+00  2.35033769e+00  2.60125378e+00 
 2.07314000e-09  1.88870936e+00  1.71129064e+00  2.34953903e+00  2.60204835e+00 
 2.07364000e-09  1.88927205e+00  1.71072795e+00  2.34874384e+00  2.60283935e+00 
 2.07414000e-09  1.88983386e+00  1.71016614e+00  2.34795217e+00  2.60362675e+00 
 2.07464000e-09  1.89039479e+00  1.70960521e+00  2.34716405e+00  2.60441051e+00 
 2.07514000e-09  1.89095482e+00  1.70904518e+00  2.34637951e+00  2.60519059e+00 
 2.07564000e-09  1.89151395e+00  1.70848605e+00  2.34559859e+00  2.60596695e+00 
 2.07614000e-09  1.89207219e+00  1.70792781e+00  2.34482133e+00  2.60673956e+00 
 2.07664000e-09  1.89262951e+00  1.70737049e+00  2.34404776e+00  2.60750839e+00 
 2.07714000e-09  1.89318592e+00  1.70681408e+00  2.34327792e+00  2.60827338e+00 
 2.07764000e-09  1.89374141e+00  1.70625859e+00  2.34251184e+00  2.60903451e+00 
 2.07814000e-09  1.89429597e+00  1.70570403e+00  2.34174957e+00  2.60979175e+00 
 2.07864000e-09  1.89484960e+00  1.70515040e+00  2.34099115e+00  2.61054504e+00 
 2.07914000e-09  1.89540230e+00  1.70459770e+00  2.34023659e+00  2.61129436e+00 
 2.07964000e-09  1.89595406e+00  1.70404594e+00  2.33948596e+00  2.61203966e+00 
 2.08014000e-09  1.89650487e+00  1.70349513e+00  2.33873928e+00  2.61278091e+00 
 2.08064000e-09  1.89705472e+00  1.70294528e+00  2.33799658e+00  2.61351806e+00 
 2.08114000e-09  1.89760362e+00  1.70239638e+00  2.33725792e+00  2.61425109e+00 
 2.08164000e-09  1.89815155e+00  1.70184845e+00  2.33652332e+00  2.61497995e+00 
 2.08214000e-09  1.89869852e+00  1.70130148e+00  2.33579283e+00  2.61570460e+00 
 2.08264000e-09  1.89924451e+00  1.70075549e+00  2.33506648e+00  2.61642501e+00 
 2.08314000e-09  1.89978953e+00  1.70021047e+00  2.33434431e+00  2.61714113e+00 
 2.08364000e-09  1.90033355e+00  1.69966645e+00  2.33362636e+00  2.61785293e+00 
 2.08414000e-09  1.90087659e+00  1.69912341e+00  2.33291267e+00  2.61856037e+00 
 2.08464000e-09  1.90141863e+00  1.69858137e+00  2.33220328e+00  2.61926340e+00 
 2.08514000e-09  1.90195967e+00  1.69804033e+00  2.33149822e+00  2.61996200e+00 
 2.08564000e-09  1.90249971e+00  1.69750029e+00  2.33079753e+00  2.62065611e+00 
 2.08614000e-09  1.90303873e+00  1.69696127e+00  2.33010126e+00  2.62134571e+00 
 2.08664000e-09  1.90357674e+00  1.69642326e+00  2.32940943e+00  2.62203074e+00 
 2.08714000e-09  1.90411372e+00  1.69588628e+00  2.32872210e+00  2.62271118e+00 
 2.08764000e-09  1.90464968e+00  1.69535032e+00  2.32803929e+00  2.62338698e+00 
 2.08814000e-09  1.90518460e+00  1.69481540e+00  2.32736106e+00  2.62405811e+00 
 2.08864000e-09  1.90571849e+00  1.69428151e+00  2.32668742e+00  2.62472453e+00 
 2.08914000e-09  1.90625133e+00  1.69374867e+00  2.32601844e+00  2.62538618e+00 
 2.08964000e-09  1.90678312e+00  1.69321688e+00  2.32535413e+00  2.62604305e+00 
 2.09014000e-09  1.90731386e+00  1.69268614e+00  2.32469454e+00  2.62669509e+00 
 2.09064000e-09  1.90784354e+00  1.69215646e+00  2.32403972e+00  2.62734226e+00 
 2.09114000e-09  1.90837216e+00  1.69162784e+00  2.32338968e+00  2.62798451e+00 
 2.09164000e-09  1.90889970e+00  1.69110030e+00  2.32274449e+00  2.62862183e+00 
 2.09214000e-09  1.90942617e+00  1.69057383e+00  2.32210417e+00  2.62925416e+00 
 2.09264000e-09  1.90995156e+00  1.69004844e+00  2.32146875e+00  2.62988146e+00 
 2.09314000e-09  1.91047587e+00  1.68952413e+00  2.32083828e+00  2.63050371e+00 
 2.09364000e-09  1.91099909e+00  1.68900091e+00  2.32021280e+00  2.63112086e+00 
 2.09414000e-09  1.91152121e+00  1.68847879e+00  2.31959234e+00  2.63173288e+00 
 2.09464000e-09  1.91204223e+00  1.68795777e+00  2.31897693e+00  2.63233974e+00 
 2.09514000e-09  1.91256214e+00  1.68743786e+00  2.31836661e+00  2.63294138e+00 
 2.09564000e-09  1.91308094e+00  1.68691906e+00  2.31776143e+00  2.63353779e+00 
 2.09614000e-09  1.91359863e+00  1.68640137e+00  2.31716140e+00  2.63412892e+00 
 2.09664000e-09  1.91411519e+00  1.68588481e+00  2.31656658e+00  2.63471474e+00 
 2.09714000e-09  1.91463063e+00  1.68536937e+00  2.31597698e+00  2.63529521e+00 
 2.09764000e-09  1.91514494e+00  1.68485506e+00  2.31539265e+00  2.63587031e+00 
 2.09814000e-09  1.91565811e+00  1.68434189e+00  2.31481362e+00  2.63644000e+00 
 2.09864000e-09  1.91617014e+00  1.68382986e+00  2.31423992e+00  2.63700424e+00 
 2.09914000e-09  1.91668103e+00  1.68331897e+00  2.31367158e+00  2.63756302e+00 
 2.09964000e-09  1.91719076e+00  1.68280924e+00  2.31310863e+00  2.63811628e+00 
 2.10014000e-09  1.91769933e+00  1.68230067e+00  2.31255111e+00  2.63866402e+00 
 2.10064000e-09  1.91820675e+00  1.68179325e+00  2.31199904e+00  2.63920618e+00 
 2.10114000e-09  1.91871300e+00  1.68128700e+00  2.31145246e+00  2.63974276e+00 
 2.10164000e-09  1.91921807e+00  1.68078193e+00  2.31091138e+00  2.64027372e+00 
 2.10214000e-09  1.91972197e+00  1.68027803e+00  2.31037585e+00  2.64079903e+00 
 2.10264000e-09  1.92022469e+00  1.67977531e+00  2.30984587e+00  2.64131867e+00 
 2.10314000e-09  1.92072622e+00  1.67927378e+00  2.30932149e+00  2.64183262e+00 
 2.10364000e-09  1.92122656e+00  1.67877344e+00  2.30880272e+00  2.64234084e+00 
 2.10414000e-09  1.92172570e+00  1.67827430e+00  2.30828958e+00  2.64284333e+00 
 2.10464000e-09  1.92222364e+00  1.67777636e+00  2.30778211e+00  2.64334005e+00 
 2.10514000e-09  1.92272037e+00  1.67727963e+00  2.30728031e+00  2.64383099e+00 
 2.10564000e-09  1.92321590e+00  1.67678410e+00  2.30678422e+00  2.64431613e+00 
 2.10614000e-09  1.92371021e+00  1.67628979e+00  2.30629384e+00  2.64479545e+00 
 2.10664000e-09  1.92420329e+00  1.67579671e+00  2.30580920e+00  2.64526894e+00 
 2.10714000e-09  1.92469515e+00  1.67530485e+00  2.30533032e+00  2.64573658e+00 
 2.10764000e-09  1.92518578e+00  1.67481422e+00  2.30485720e+00  2.64619836e+00 
 2.10814000e-09  1.92567518e+00  1.67432482e+00  2.30438986e+00  2.64665426e+00 
 2.10864000e-09  1.92616333e+00  1.67383667e+00  2.30392831e+00  2.64710429e+00 
 2.10914000e-09  1.92665024e+00  1.67334976e+00  2.30347256e+00  2.64754842e+00 
 2.10964000e-09  1.92713590e+00  1.67286410e+00  2.30302263e+00  2.64798665e+00 
 2.11014000e-09  1.92762030e+00  1.67237970e+00  2.30257852e+00  2.64841897e+00 
 2.11064000e-09  1.92810345e+00  1.67189655e+00  2.30214023e+00  2.64884539e+00 
 2.11114000e-09  1.92858533e+00  1.67141467e+00  2.30170777e+00  2.64926589e+00 
 2.11164000e-09  1.92906594e+00  1.67093406e+00  2.30128114e+00  2.64968049e+00 
 2.11214000e-09  1.92954528e+00  1.67045472e+00  2.30086035e+00  2.65008917e+00 
 2.11264000e-09  1.93002334e+00  1.66997666e+00  2.30044539e+00  2.65049195e+00 
 2.11314000e-09  1.93050011e+00  1.66949989e+00  2.30003626e+00  2.65088883e+00 
 2.11364000e-09  1.93097560e+00  1.66902440e+00  2.29963296e+00  2.65127981e+00 
 2.11414000e-09  1.93144980e+00  1.66855020e+00  2.29923548e+00  2.65166491e+00 
 2.11464000e-09  1.93192269e+00  1.66807731e+00  2.29884381e+00  2.65204413e+00 
 2.11514000e-09  1.93239429e+00  1.66760571e+00  2.29845795e+00  2.65241749e+00 
 2.11564000e-09  1.93286458e+00  1.66713542e+00  2.29807787e+00  2.65278500e+00 
 2.11614000e-09  1.93333355e+00  1.66666645e+00  2.29770358e+00  2.65314668e+00 
 2.11664000e-09  1.93380122e+00  1.66619878e+00  2.29733505e+00  2.65350254e+00 
 2.11714000e-09  1.93426756e+00  1.66573244e+00  2.29697226e+00  2.65385260e+00 
 2.11764000e-09  1.93473257e+00  1.66526743e+00  2.29661521e+00  2.65419690e+00 
 2.11814000e-09  1.93519626e+00  1.66480374e+00  2.29626386e+00  2.65453544e+00 
 2.11864000e-09  1.93565861e+00  1.66434139e+00  2.29591820e+00  2.65486826e+00 
 2.11914000e-09  1.93611962e+00  1.66388038e+00  2.29557820e+00  2.65519538e+00 
 2.11964000e-09  1.93657929e+00  1.66342071e+00  2.29524383e+00  2.65551684e+00 
 2.12014000e-09  1.93703762e+00  1.66296238e+00  2.29491508e+00  2.65583266e+00 
 2.12064000e-09  1.93749458e+00  1.66250542e+00  2.29459190e+00  2.65614288e+00 
 2.12114000e-09  1.93795020e+00  1.66204980e+00  2.29427426e+00  2.65644753e+00 
 2.12164000e-09  1.93840445e+00  1.66159555e+00  2.29396214e+00  2.65674665e+00 
 2.12214000e-09  1.93885733e+00  1.66114267e+00  2.29365550e+00  2.65704028e+00 
 2.12264000e-09  1.93930884e+00  1.66069116e+00  2.29335429e+00  2.65732845e+00 
 2.12314000e-09  1.93975898e+00  1.66024102e+00  2.29305849e+00  2.65761122e+00 
 2.12364000e-09  1.94020774e+00  1.65979226e+00  2.29276806e+00  2.65788862e+00 
 2.12414000e-09  1.94065512e+00  1.65934488e+00  2.29248294e+00  2.65816069e+00 
 2.12464000e-09  1.94110111e+00  1.65889889e+00  2.29220310e+00  2.65842749e+00 
 2.12514000e-09  1.94154570e+00  1.65845430e+00  2.29192849e+00  2.65868907e+00 
 2.12564000e-09  1.94198890e+00  1.65801110e+00  2.29165907e+00  2.65894547e+00 
 2.12614000e-09  1.94243070e+00  1.65756930e+00  2.29139479e+00  2.65919674e+00 
 2.12664000e-09  1.94287109e+00  1.65712891e+00  2.29113560e+00  2.65944293e+00 
 2.12714000e-09  1.94331007e+00  1.65668993e+00  2.29088145e+00  2.65968411e+00 
 2.12764000e-09  1.94374764e+00  1.65625236e+00  2.29063228e+00  2.65992033e+00 
 2.12814000e-09  1.94418378e+00  1.65581622e+00  2.29038805e+00  2.66015163e+00 
 2.12864000e-09  1.94461851e+00  1.65538149e+00  2.29014870e+00  2.66037808e+00 
 2.12914000e-09  1.94505181e+00  1.65494819e+00  2.28991417e+00  2.66059974e+00 
 2.12964000e-09  1.94548367e+00  1.65451633e+00  2.28968441e+00  2.66081667e+00 
 2.13014000e-09  1.94591410e+00  1.65408590e+00  2.28945936e+00  2.66102893e+00 
 2.13064000e-09  1.94634309e+00  1.65365691e+00  2.28923896e+00  2.66123657e+00 
 2.13114000e-09  1.94677064e+00  1.65322936e+00  2.28902316e+00  2.66143966e+00 
 2.13164000e-09  1.94719673e+00  1.65280327e+00  2.28881189e+00  2.66163827e+00 
 2.13214000e-09  1.94762138e+00  1.65237862e+00  2.28860509e+00  2.66183245e+00 
 2.13264000e-09  1.94804456e+00  1.65195544e+00  2.28840271e+00  2.66202228e+00 
 2.13314000e-09  1.94846629e+00  1.65153371e+00  2.28820467e+00  2.66220781e+00 
 2.13364000e-09  1.94888655e+00  1.65111345e+00  2.28801091e+00  2.66238911e+00 
 2.13414000e-09  1.94930534e+00  1.65069466e+00  2.28782138e+00  2.66256624e+00 
 2.13464000e-09  1.94972266e+00  1.65027734e+00  2.28763601e+00  2.66273928e+00 
 2.13514000e-09  1.95013850e+00  1.64986150e+00  2.28745474e+00  2.66290829e+00 
 2.13564000e-09  1.95055286e+00  1.64944714e+00  2.28727749e+00  2.66307333e+00 
 2.13614000e-09  1.95096573e+00  1.64903427e+00  2.28710421e+00  2.66323448e+00 
 2.13664000e-09  1.95137711e+00  1.64862289e+00  2.28693483e+00  2.66339179e+00 
 2.13714000e-09  1.95178700e+00  1.64821300e+00  2.28676929e+00  2.66354534e+00 
 2.13764000e-09  1.95219539e+00  1.64780461e+00  2.28660752e+00  2.66369519e+00 
 2.13814000e-09  1.95260228e+00  1.64739772e+00  2.28644946e+00  2.66384141e+00 
 2.13864000e-09  1.95300766e+00  1.64699234e+00  2.28629504e+00  2.66398406e+00 
 2.13914000e-09  1.95341153e+00  1.64658847e+00  2.28614419e+00  2.66412322e+00 
 2.13964000e-09  1.95381389e+00  1.64618611e+00  2.28599686e+00  2.66425894e+00 
 2.14014000e-09  1.95421473e+00  1.64578527e+00  2.28585297e+00  2.66439130e+00 
 2.14064000e-09  1.95461405e+00  1.64538595e+00  2.28571246e+00  2.66452036e+00 
 2.14114000e-09  1.95501184e+00  1.64498816e+00  2.28557528e+00  2.66464618e+00 
 2.14164000e-09  1.95540810e+00  1.64459190e+00  2.28544135e+00  2.66476883e+00 
 2.14214000e-09  1.95580283e+00  1.64419717e+00  2.28531061e+00  2.66488838e+00 
 2.14264000e-09  1.95619602e+00  1.64380398e+00  2.28518300e+00  2.66500489e+00 
 2.14314000e-09  1.95658767e+00  1.64341233e+00  2.28505845e+00  2.66511841e+00 
 2.14364000e-09  1.95697777e+00  1.64302223e+00  2.28493691e+00  2.66522902e+00 
 2.14414000e-09  1.95736633e+00  1.64263367e+00  2.28481831e+00  2.66533678e+00 
 2.14464000e-09  1.95775333e+00  1.64224667e+00  2.28470259e+00  2.66544175e+00 
 2.14514000e-09  1.95813877e+00  1.64186123e+00  2.28458970e+00  2.66554398e+00 
 2.14564000e-09  1.95852265e+00  1.64147735e+00  2.28447957e+00  2.66564355e+00 
 2.14614000e-09  1.95890497e+00  1.64109503e+00  2.28437213e+00  2.66574050e+00 
 2.14664000e-09  1.95928572e+00  1.64071428e+00  2.28426735e+00  2.66583490e+00 
 2.14714000e-09  1.95966490e+00  1.64033510e+00  2.28416515e+00  2.66592681e+00 
 2.14764000e-09  1.96004250e+00  1.63995750e+00  2.28406548e+00  2.66601628e+00 
 2.14814000e-09  1.96041852e+00  1.63958148e+00  2.28396828e+00  2.66610337e+00 
 2.14864000e-09  1.96079296e+00  1.63920704e+00  2.28387350e+00  2.66618814e+00 
 2.14914000e-09  1.96116582e+00  1.63883418e+00  2.28378108e+00  2.66627064e+00 
 2.14964000e-09  1.96153708e+00  1.63846292e+00  2.28369097e+00  2.66635092e+00 
 2.15014000e-09  1.96190674e+00  1.63809326e+00  2.28360312e+00  2.66642904e+00 
 2.15064000e-09  1.96227481e+00  1.63772519e+00  2.28351748e+00  2.66650505e+00 
 2.15114000e-09  1.96264128e+00  1.63735872e+00  2.28343398e+00  2.66657900e+00 
 2.15164000e-09  1.96300614e+00  1.63699386e+00  2.28335259e+00  2.66665094e+00 
 2.15214000e-09  1.96336940e+00  1.63663060e+00  2.28327325e+00  2.66672092e+00 
 2.15264000e-09  1.96373104e+00  1.63626896e+00  2.28319591e+00  2.66678900e+00 
 2.15314000e-09  1.96409107e+00  1.63590893e+00  2.28312053e+00  2.66685521e+00 
 2.15364000e-09  1.96444947e+00  1.63555053e+00  2.28304705e+00  2.66691961e+00 
 2.15414000e-09  1.96480625e+00  1.63519375e+00  2.28297544e+00  2.66698224e+00 
 2.15464000e-09  1.96516141e+00  1.63483859e+00  2.28290564e+00  2.66704314e+00 
 2.15514000e-09  1.96551494e+00  1.63448506e+00  2.28283762e+00  2.66710237e+00 
 2.15564000e-09  1.96586683e+00  1.63413317e+00  2.28277132e+00  2.66715996e+00 
 2.15614000e-09  1.96621709e+00  1.63378291e+00  2.28270671e+00  2.66721596e+00 
 2.15664000e-09  1.96656570e+00  1.63343430e+00  2.28264374e+00  2.66727040e+00 
 2.15714000e-09  1.96691267e+00  1.63308733e+00  2.28258237e+00  2.66732334e+00 
 2.15764000e-09  1.96725800e+00  1.63274200e+00  2.28252256e+00  2.66737481e+00 
 2.15814000e-09  1.96760167e+00  1.63239833e+00  2.28246428e+00  2.66742484e+00 
 2.15864000e-09  1.96794369e+00  1.63205631e+00  2.28240748e+00  2.66747348e+00 
 2.15914000e-09  1.96828405e+00  1.63171595e+00  2.28235213e+00  2.66752077e+00 
 2.15964000e-09  1.96862275e+00  1.63137725e+00  2.28229818e+00  2.66756673e+00 
 2.16014000e-09  1.96895979e+00  1.63104021e+00  2.28224561e+00  2.66761142e+00 
 2.16064000e-09  1.96929516e+00  1.63070484e+00  2.28219437e+00  2.66765485e+00 
 2.16114000e-09  1.96962885e+00  1.63037115e+00  2.28214444e+00  2.66769707e+00 
 2.16164000e-09  1.96996088e+00  1.63003912e+00  2.28209578e+00  2.66773811e+00 
 2.16214000e-09  1.97029122e+00  1.62970878e+00  2.28204835e+00  2.66777800e+00 
 2.16264000e-09  1.97061989e+00  1.62938011e+00  2.28200213e+00  2.66781677e+00 
 2.16314000e-09  1.97094687e+00  1.62905313e+00  2.28195708e+00  2.66785446e+00 
 2.16364000e-09  1.97127217e+00  1.62872783e+00  2.28191317e+00  2.66789109e+00 
 2.16414000e-09  1.97159577e+00  1.62840423e+00  2.28187038e+00  2.66792669e+00 
 2.16464000e-09  1.97191768e+00  1.62808232e+00  2.28182867e+00  2.66796130e+00 
 2.16514000e-09  1.97223789e+00  1.62776211e+00  2.28178801e+00  2.66799493e+00 
 2.16564000e-09  1.97255641e+00  1.62744359e+00  2.28174838e+00  2.66802763e+00 
 2.16614000e-09  1.97287322e+00  1.62712678e+00  2.28170975e+00  2.66805941e+00 
 2.16664000e-09  1.97318832e+00  1.62681168e+00  2.28167210e+00  2.66809030e+00 
 2.16714000e-09  1.97350172e+00  1.62649828e+00  2.28163539e+00  2.66812032e+00 
 2.16764000e-09  1.97381340e+00  1.62618660e+00  2.28159960e+00  2.66814951e+00 
 2.16814000e-09  1.97412337e+00  1.62587663e+00  2.28156472e+00  2.66817788e+00 
 2.16864000e-09  1.97443162e+00  1.62556838e+00  2.28153071e+00  2.66820546e+00 
 2.16914000e-09  1.97473814e+00  1.62526186e+00  2.28149755e+00  2.66823227e+00 
 2.16964000e-09  1.97504295e+00  1.62495705e+00  2.28146522e+00  2.66825833e+00 
 2.17014000e-09  1.97534602e+00  1.62465398e+00  2.28143369e+00  2.66828366e+00 
 2.17064000e-09  1.97564737e+00  1.62435263e+00  2.28140296e+00  2.66830829e+00 
 2.17114000e-09  1.97594698e+00  1.62405302e+00  2.28137299e+00  2.66833224e+00 
 2.17164000e-09  1.97624485e+00  1.62375515e+00  2.28134376e+00  2.66835552e+00 
 2.17214000e-09  1.97654099e+00  1.62345901e+00  2.28131526e+00  2.66837816e+00 
 2.17264000e-09  1.97683538e+00  1.62316462e+00  2.28128747e+00  2.66840017e+00 
 2.17314000e-09  1.97712803e+00  1.62287197e+00  2.28126036e+00  2.66842157e+00 
 2.17364000e-09  1.97741893e+00  1.62258107e+00  2.28123392e+00  2.66844239e+00 
 2.17414000e-09  1.97770807e+00  1.62229193e+00  2.28120814e+00  2.66846263e+00 
 2.17464000e-09  1.97799547e+00  1.62200453e+00  2.28118299e+00  2.66848231e+00 
 2.17514000e-09  1.97828111e+00  1.62171889e+00  2.28115846e+00  2.66850146e+00 
 2.17564000e-09  1.97856498e+00  1.62143502e+00  2.28113453e+00  2.66852008e+00 
 2.17614000e-09  1.97884710e+00  1.62115290e+00  2.28111119e+00  2.66853820e+00 
 2.17664000e-09  1.97912745e+00  1.62087255e+00  2.28108842e+00  2.66855582e+00 
 2.17714000e-09  1.97940603e+00  1.62059397e+00  2.28106620e+00  2.66857297e+00 
 2.17764000e-09  1.97968284e+00  1.62031716e+00  2.28104453e+00  2.66858965e+00 
 2.17814000e-09  1.97995788e+00  1.62004212e+00  2.28102338e+00  2.66860588e+00 
 2.17864000e-09  1.98023114e+00  1.61976886e+00  2.28100275e+00  2.66862167e+00 
 2.17914000e-09  1.98050263e+00  1.61949737e+00  2.28098263e+00  2.66863704e+00 
 2.17964000e-09  1.98077233e+00  1.61922767e+00  2.28096299e+00  2.66865200e+00 
 2.18014000e-09  1.98104025e+00  1.61895975e+00  2.28094382e+00  2.66866656e+00 
 2.18064000e-09  1.98130638e+00  1.61869362e+00  2.28092512e+00  2.66868074e+00 
 2.18114000e-09  1.98157072e+00  1.61842928e+00  2.28090688e+00  2.66869454e+00 
 2.18164000e-09  1.98183327e+00  1.61816673e+00  2.28088907e+00  2.66870798e+00 
 2.18214000e-09  1.98209402e+00  1.61790598e+00  2.28087169e+00  2.66872106e+00 
 2.18264000e-09  1.98235298e+00  1.61764702e+00  2.28085473e+00  2.66873380e+00 
 2.18314000e-09  1.98261014e+00  1.61738986e+00  2.28083818e+00  2.66874622e+00 
 2.18364000e-09  1.98286550e+00  1.61713450e+00  2.28082203e+00  2.66875831e+00 
 2.18414000e-09  1.98311905e+00  1.61688095e+00  2.28080627e+00  2.66877009e+00 
 2.18464000e-09  1.98337079e+00  1.61662921e+00  2.28079089e+00  2.66878156e+00 
 2.18514000e-09  1.98362072e+00  1.61637928e+00  2.28077587e+00  2.66879275e+00 
 2.18564000e-09  1.98386885e+00  1.61613115e+00  2.28076122e+00  2.66880365e+00 
 2.18614000e-09  1.98411515e+00  1.61588485e+00  2.28074692e+00  2.66881427e+00 
 2.18664000e-09  1.98435964e+00  1.61564036e+00  2.28073296e+00  2.66882463e+00 
 2.18714000e-09  1.98460231e+00  1.61539769e+00  2.28071934e+00  2.66883473e+00 
 2.18764000e-09  1.98484316e+00  1.61515684e+00  2.28070604e+00  2.66884458e+00 
 2.18814000e-09  1.98508218e+00  1.61491782e+00  2.28069306e+00  2.66885419e+00 
 2.18864000e-09  1.98531938e+00  1.61468062e+00  2.28068040e+00  2.66886357e+00 
 2.18914000e-09  1.98555475e+00  1.61444525e+00  2.28066804e+00  2.66887271e+00 
 2.18964000e-09  1.98578829e+00  1.61421171e+00  2.28065597e+00  2.66888163e+00 
 2.19014000e-09  1.98601999e+00  1.61398001e+00  2.28064420e+00  2.66889034e+00 
 2.19064000e-09  1.98624986e+00  1.61375014e+00  2.28063271e+00  2.66889885e+00 
 2.19114000e-09  1.98647789e+00  1.61352211e+00  2.28062149e+00  2.66890715e+00 
 2.19164000e-09  1.98670407e+00  1.61329593e+00  2.28061055e+00  2.66891525e+00 
 2.19214000e-09  1.98692842e+00  1.61307158e+00  2.28059987e+00  2.66892317e+00 
 2.19264000e-09  1.98715092e+00  1.61284908e+00  2.28058945e+00  2.66893091e+00 
 2.19314000e-09  1.98737157e+00  1.61262843e+00  2.28057928e+00  2.66893847e+00 
 2.19364000e-09  1.98759038e+00  1.61240962e+00  2.28056935e+00  2.66894585e+00 
 2.19414000e-09  1.98780733e+00  1.61219267e+00  2.28055967e+00  2.66895307e+00 
 2.19464000e-09  1.98802243e+00  1.61197757e+00  2.28055022e+00  2.66896013e+00 
 2.19514000e-09  1.98823567e+00  1.61176433e+00  2.28054101e+00  2.66896703e+00 
 2.19564000e-09  1.98844706e+00  1.61155294e+00  2.28053201e+00  2.66897378e+00 
 2.19614000e-09  1.98865659e+00  1.61134341e+00  2.28052324e+00  2.66898039e+00 
 2.19664000e-09  1.98886425e+00  1.61113575e+00  2.28051468e+00  2.66898685e+00 
 2.19714000e-09  1.98907005e+00  1.61092995e+00  2.28050633e+00  2.66899318e+00 
 2.19764000e-09  1.98927399e+00  1.61072601e+00  2.28049818e+00  2.66899937e+00 
 2.19814000e-09  1.98947605e+00  1.61052395e+00  2.28049024e+00  2.66900543e+00 
 2.19864000e-09  1.98967625e+00  1.61032375e+00  2.28048249e+00  2.66901136e+00 
 2.19914000e-09  1.98987457e+00  1.61012543e+00  2.28047493e+00  2.66901717e+00 
 2.19964000e-09  1.99007102e+00  1.60992898e+00  2.28046756e+00  2.66902287e+00 
 2.20014000e-09  1.99026559e+00  1.60973441e+00  2.28046037e+00  2.66902845e+00 
 2.20064000e-09  1.99045829e+00  1.60954171e+00  2.28045336e+00  2.66903392e+00 
 2.20114000e-09  1.99064911e+00  1.60935089e+00  2.28044653e+00  2.66903928e+00 
 2.20164000e-09  1.99083804e+00  1.60916196e+00  2.28043987e+00  2.66904454e+00 
 2.20214000e-09  1.99102509e+00  1.60897491e+00  2.28043337e+00  2.66904969e+00 
 2.20264000e-09  1.99121026e+00  1.60878974e+00  2.28042704e+00  2.66905475e+00 
 2.20314000e-09  1.99139354e+00  1.60860646e+00  2.28042086e+00  2.66905971e+00 
 2.20364000e-09  1.99157493e+00  1.60842507e+00  2.28041485e+00  2.66906458e+00 
 2.20414000e-09  1.99175443e+00  1.60824557e+00  2.28040898e+00  2.66906936e+00 
 2.20464000e-09  1.99193203e+00  1.60806797e+00  2.28040327e+00  2.66907405e+00 
 2.20514000e-09  1.99210775e+00  1.60789225e+00  2.28039770e+00  2.66907865e+00 
 2.20564000e-09  1.99228156e+00  1.60771844e+00  2.28039227e+00  2.66908317e+00 
 2.20614000e-09  1.99245348e+00  1.60754652e+00  2.28038699e+00  2.66908761e+00 
 2.20664000e-09  1.99262350e+00  1.60737650e+00  2.28038184e+00  2.66909198e+00 
 2.20714000e-09  1.99279162e+00  1.60720838e+00  2.28037682e+00  2.66909626e+00 
 2.20764000e-09  1.99295783e+00  1.60704217e+00  2.28037194e+00  2.66910048e+00 
 2.20814000e-09  1.99312214e+00  1.60687786e+00  2.28036718e+00  2.66910462e+00 
 2.20864000e-09  1.99328455e+00  1.60671545e+00  2.28036255e+00  2.66910869e+00 
 2.20914000e-09  1.99344504e+00  1.60655496e+00  2.28035804e+00  2.66911270e+00 
 2.20964000e-09  1.99360363e+00  1.60639637e+00  2.28035365e+00  2.66911664e+00 
 2.21014000e-09  1.99376031e+00  1.60623969e+00  2.28034939e+00  2.66912051e+00 
 2.21064000e-09  1.99391507e+00  1.60608493e+00  2.28034523e+00  2.66912432e+00 
 2.21114000e-09  1.99406792e+00  1.60593208e+00  2.28034119e+00  2.66912808e+00 
 2.21164000e-09  1.99421886e+00  1.60578114e+00  2.28033726e+00  2.66913177e+00 
 2.21214000e-09  1.99436788e+00  1.60563212e+00  2.28033344e+00  2.66913541e+00 
 2.21264000e-09  1.99451498e+00  1.60548502e+00  2.28032973e+00  2.66913899e+00 
 2.21314000e-09  1.99466016e+00  1.60533984e+00  2.28032612e+00  2.66914251e+00 
 2.21364000e-09  1.99480342e+00  1.60519658e+00  2.28032262e+00  2.66914599e+00 
 2.21414000e-09  1.99494475e+00  1.60505525e+00  2.28031922e+00  2.66914941e+00 
 2.21464000e-09  1.99508417e+00  1.60491583e+00  2.28031591e+00  2.66915279e+00 
 2.21514000e-09  1.99522165e+00  1.60477835e+00  2.28031271e+00  2.66915612e+00 
 2.21564000e-09  1.99535722e+00  1.60464278e+00  2.28030960e+00  2.66915940e+00 
 2.21614000e-09  1.99549085e+00  1.60450915e+00  2.28030659e+00  2.66916263e+00 
 2.21664000e-09  1.99562255e+00  1.60437745e+00  2.28030367e+00  2.66916583e+00 
 2.21714000e-09  1.99575232e+00  1.60424768e+00  2.28030084e+00  2.66916898e+00 
 2.21764000e-09  1.99588016e+00  1.60411984e+00  2.28029811e+00  2.66917208e+00 
 2.21814000e-09  1.99600607e+00  1.60399393e+00  2.28029546e+00  2.66917515e+00 
 2.21864000e-09  1.99613004e+00  1.60386996e+00  2.28029290e+00  2.66917819e+00 
 2.21914000e-09  1.99625208e+00  1.60374792e+00  2.28029043e+00  2.66918118e+00 
 2.21964000e-09  1.99637218e+00  1.60362782e+00  2.28028805e+00  2.66918414e+00 
 2.22014000e-09  1.99649034e+00  1.60350966e+00  2.28028575e+00  2.66918706e+00 
 2.22064000e-09  1.99660656e+00  1.60339344e+00  2.28028353e+00  2.66918995e+00 
 2.22114000e-09  1.99672084e+00  1.60327916e+00  2.28028140e+00  2.66919281e+00 
 2.22164000e-09  1.99683318e+00  1.60316682e+00  2.28027935e+00  2.66919564e+00 
 2.22214000e-09  1.99694358e+00  1.60305642e+00  2.28027738e+00  2.66919844e+00 
 2.22264000e-09  1.99705204e+00  1.60294796e+00  2.28027549e+00  2.66920120e+00 
 2.22314000e-09  1.99715855e+00  1.60284145e+00  2.28027368e+00  2.66920395e+00 
 2.22364000e-09  1.99726311e+00  1.60273689e+00  2.28027195e+00  2.66920666e+00 
 2.22414000e-09  1.99736573e+00  1.60263427e+00  2.28027030e+00  2.66920935e+00 
 2.22464000e-09  1.99746639e+00  1.60253361e+00  2.28026873e+00  2.66921201e+00 
 2.22514000e-09  1.99756511e+00  1.60243489e+00  2.28026723e+00  2.66921465e+00 
 2.22564000e-09  1.99766188e+00  1.60233812e+00  2.28026581e+00  2.66921727e+00 
 2.22614000e-09  1.99775670e+00  1.60224330e+00  2.28026446e+00  2.66921986e+00 
 2.22664000e-09  1.99784957e+00  1.60215043e+00  2.28026319e+00  2.66922244e+00 
 2.22714000e-09  1.99794048e+00  1.60205952e+00  2.28026199e+00  2.66922500e+00 
 2.22764000e-09  1.99802944e+00  1.60197056e+00  2.28026087e+00  2.66922753e+00 
 2.22814000e-09  1.99811645e+00  1.60188355e+00  2.28025982e+00  2.66923005e+00 
 2.22864000e-09  1.99820150e+00  1.60179850e+00  2.28025885e+00  2.66923255e+00 
 2.22914000e-09  1.99828460e+00  1.60171540e+00  2.28025794e+00  2.66923504e+00 
 2.22964000e-09  1.99836573e+00  1.60163427e+00  2.28025711e+00  2.66923750e+00 
 2.23014000e-09  1.99844491e+00  1.60155509e+00  2.28025635e+00  2.66923996e+00 
 2.23064000e-09  1.99852213e+00  1.60147787e+00  2.28025566e+00  2.66924240e+00 
 2.23114000e-09  1.99859740e+00  1.60140260e+00  2.28025504e+00  2.66924483e+00 
 2.23164000e-09  1.99867070e+00  1.60132930e+00  2.28025449e+00  2.66924724e+00 
 2.23214000e-09  1.99874204e+00  1.60125796e+00  2.28025401e+00  2.66924964e+00 
 2.23264000e-09  1.99881142e+00  1.60118858e+00  2.28025360e+00  2.66925203e+00 
 2.23314000e-09  1.99887884e+00  1.60112116e+00  2.28025326e+00  2.66925441e+00 
 2.23364000e-09  1.99894429e+00  1.60105571e+00  2.28025298e+00  2.66925679e+00 
 2.23414000e-09  1.99900778e+00  1.60099222e+00  2.28025278e+00  2.66925915e+00 
 2.23464000e-09  1.99906931e+00  1.60093069e+00  2.28025264e+00  2.66926150e+00 
 2.23514000e-09  1.99912887e+00  1.60087113e+00  2.28025257e+00  2.66926385e+00 
 2.23564000e-09  1.99918647e+00  1.60081353e+00  2.28025257e+00  2.66926618e+00 
 2.23614000e-09  1.99924210e+00  1.60075790e+00  2.28025263e+00  2.66926851e+00 
 2.23664000e-09  1.99929576e+00  1.60070424e+00  2.28025276e+00  2.66927084e+00 
 2.23714000e-09  1.99934746e+00  1.60065254e+00  2.28025296e+00  2.66927316e+00 
 2.23764000e-09  1.99939719e+00  1.60060281e+00  2.28025322e+00  2.66927547e+00 
 2.23814000e-09  1.99944496e+00  1.60055504e+00  2.28025355e+00  2.66927778e+00 
 2.23864000e-09  1.99949075e+00  1.60050925e+00  2.28025394e+00  2.66928008e+00 
 2.23914000e-09  1.99953457e+00  1.60046543e+00  2.28025440e+00  2.66928238e+00 
 2.23964000e-09  1.99957643e+00  1.60042357e+00  2.28025492e+00  2.66928468e+00 
 2.24014000e-09  1.99961632e+00  1.60038368e+00  2.28025551e+00  2.66928697e+00 
 2.24064000e-09  1.99965423e+00  1.60034577e+00  2.28025616e+00  2.66928926e+00 
 2.24114000e-09  1.99969018e+00  1.60030982e+00  2.28025687e+00  2.66929155e+00 
 2.24164000e-09  1.99972415e+00  1.60027585e+00  2.28025765e+00  2.66929383e+00 
 2.24214000e-09  1.99975615e+00  1.60024385e+00  2.28025850e+00  2.66929612e+00 
 2.24264000e-09  1.99978619e+00  1.60021381e+00  2.28025940e+00  2.66929840e+00 
 2.24314000e-09  1.99981424e+00  1.60018576e+00  2.28026037e+00  2.66930068e+00 
 2.24364000e-09  1.99984033e+00  1.60015967e+00  2.28026140e+00  2.66930296e+00 
 2.24414000e-09  1.99986445e+00  1.60013555e+00  2.28026249e+00  2.66930524e+00 
 2.24464000e-09  1.99988659e+00  1.60011341e+00  2.28026365e+00  2.66930752e+00 
 2.24514000e-09  1.99990676e+00  1.60009324e+00  2.28026487e+00  2.66930980e+00 
 2.24564000e-09  1.99992496e+00  1.60007504e+00  2.28026615e+00  2.66931208e+00 
 2.24614000e-09  1.99994118e+00  1.60005882e+00  2.28026749e+00  2.66931436e+00 
 2.24664000e-09  1.99995543e+00  1.60004457e+00  2.28026889e+00  2.66931664e+00 
 2.24714000e-09  1.99996771e+00  1.60003229e+00  2.28027035e+00  2.66931892e+00 
 2.24764000e-09  1.99997801e+00  1.60002199e+00  2.28027188e+00  2.66932121e+00 
 2.24814000e-09  1.99998634e+00  1.60001366e+00  2.28027347e+00  2.66932349e+00 
 2.24864000e-09  1.99999270e+00  1.60000730e+00  2.28027511e+00  2.66932578e+00 
 2.24914000e-09  1.99999708e+00  1.60000292e+00  2.28027682e+00  2.66932807e+00 
 2.24964000e-09  1.99999949e+00  1.60000051e+00  2.28027859e+00  2.66933036e+00 
 2.25014000e-09  1.99999992e+00  1.60000008e+00  2.28028042e+00  2.66933265e+00 
 2.25064000e-09  1.99999838e+00  1.60000162e+00  2.28028231e+00  2.66933494e+00 
 2.25114000e-09  1.99999487e+00  1.60000513e+00  2.28028426e+00  2.66933724e+00 
 2.25164000e-09  1.99998938e+00  1.60001062e+00  2.28028627e+00  2.66933954e+00 
 2.25214000e-09  1.99998192e+00  1.60001808e+00  2.28028834e+00  2.66934184e+00 
 2.25264000e-09  1.99997249e+00  1.60002751e+00  2.28029047e+00  2.66934415e+00 
 2.25314000e-09  1.99996108e+00  1.60003892e+00  2.28029266e+00  2.66934645e+00 
 2.25364000e-09  1.99994769e+00  1.60005231e+00  2.28029491e+00  2.66934876e+00 
 2.25414000e-09  1.99993234e+00  1.60006766e+00  2.28029722e+00  2.66935107e+00 
 2.25464000e-09  1.99991501e+00  1.60008499e+00  2.28029959e+00  2.66935339e+00 
 2.25514000e-09  1.99989571e+00  1.60010429e+00  2.28030202e+00  2.66935571e+00 
 2.25564000e-09  1.99987443e+00  1.60012557e+00  2.28030451e+00  2.66935803e+00 
 2.25614000e-09  1.99985119e+00  1.60014881e+00  2.28030706e+00  2.66936035e+00 
 2.25664000e-09  1.99982597e+00  1.60017403e+00  2.28030967e+00  2.66936268e+00 
 2.25714000e-09  1.99979877e+00  1.60020123e+00  2.28031233e+00  2.66936501e+00 
 2.25764000e-09  1.99976961e+00  1.60023039e+00  2.28031506e+00  2.66936734e+00 
 2.25814000e-09  1.99973847e+00  1.60026153e+00  2.28031785e+00  2.66936968e+00 
 2.25864000e-09  1.99970537e+00  1.60029463e+00  2.28032069e+00  2.66937202e+00 
 2.25914000e-09  1.99967029e+00  1.60032971e+00  2.28032360e+00  2.66937436e+00 
 2.25964000e-09  1.99963324e+00  1.60036676e+00  2.28032656e+00  2.66937670e+00 
 2.26014000e-09  1.99959422e+00  1.60040578e+00  2.28032959e+00  2.66937905e+00 
 2.26064000e-09  1.99955323e+00  1.60044677e+00  2.28033267e+00  2.66938140e+00 
 2.26114000e-09  1.99951027e+00  1.60048973e+00  2.28033582e+00  2.66938376e+00 
 2.26164000e-09  1.99946535e+00  1.60053465e+00  2.28033902e+00  2.66938611e+00 
 2.26214000e-09  1.99941845e+00  1.60058155e+00  2.28034228e+00  2.66938847e+00 
 2.26264000e-09  1.99936959e+00  1.60063041e+00  2.28034560e+00  2.66939083e+00 
 2.26314000e-09  1.99931875e+00  1.60068125e+00  2.28034899e+00  2.66939319e+00 
 2.26364000e-09  1.99926596e+00  1.60073404e+00  2.28035243e+00  2.66939556e+00 
 2.26414000e-09  1.99921119e+00  1.60078881e+00  2.28035593e+00  2.66939793e+00 
 2.26464000e-09  1.99915446e+00  1.60084554e+00  2.28035949e+00  2.66940030e+00 
 2.26514000e-09  1.99909576e+00  1.60090424e+00  2.28036312e+00  2.66940267e+00 
 2.26564000e-09  1.99903510e+00  1.60096490e+00  2.28036680e+00  2.66940504e+00 
 2.26614000e-09  1.99897247e+00  1.60102753e+00  2.28037054e+00  2.66940742e+00 
 2.26664000e-09  1.99890788e+00  1.60109212e+00  2.28037435e+00  2.66940979e+00 
 2.26714000e-09  1.99884133e+00  1.60115867e+00  2.28037821e+00  2.66941217e+00 
 2.26764000e-09  1.99877281e+00  1.60122719e+00  2.28038214e+00  2.66941455e+00 
 2.26814000e-09  1.99870233e+00  1.60129767e+00  2.28038612e+00  2.66941693e+00 
 2.26864000e-09  1.99862989e+00  1.60137011e+00  2.28039017e+00  2.66941931e+00 
 2.26914000e-09  1.99855549e+00  1.60144451e+00  2.28039428e+00  2.66942169e+00 
 2.26964000e-09  1.99847913e+00  1.60152087e+00  2.28039845e+00  2.66942407e+00 
 2.27014000e-09  1.99840081e+00  1.60159919e+00  2.28040268e+00  2.66942645e+00 
 2.27064000e-09  1.99832054e+00  1.60167946e+00  2.28040698e+00  2.66942883e+00 
 2.27114000e-09  1.99823830e+00  1.60176170e+00  2.28041134e+00  2.66943121e+00 
 2.27164000e-09  1.99815411e+00  1.60184589e+00  2.28041576e+00  2.66943359e+00 
 2.27214000e-09  1.99806797e+00  1.60193203e+00  2.28042024e+00  2.66943597e+00 
 2.27264000e-09  1.99797987e+00  1.60202013e+00  2.28042478e+00  2.66943834e+00 
 2.27314000e-09  1.99788981e+00  1.60211019e+00  2.28042939e+00  2.66944072e+00 
 2.27364000e-09  1.99779780e+00  1.60220220e+00  2.28043406e+00  2.66944309e+00 
 2.27414000e-09  1.99770384e+00  1.60229616e+00  2.28043880e+00  2.66944546e+00 
 2.27464000e-09  1.99760793e+00  1.60239207e+00  2.28044360e+00  2.66944783e+00 
 2.27514000e-09  1.99751007e+00  1.60248993e+00  2.28044846e+00  2.66945019e+00 
 2.27564000e-09  1.99741026e+00  1.60258974e+00  2.28045339e+00  2.66945255e+00 
 2.27614000e-09  1.99730850e+00  1.60269150e+00  2.28045838e+00  2.66945491e+00 
 2.27664000e-09  1.99720479e+00  1.60279521e+00  2.28046344e+00  2.66945726e+00 
 2.27714000e-09  1.99709914e+00  1.60290086e+00  2.28046857e+00  2.66945961e+00 
 2.27764000e-09  1.99699154e+00  1.60300846e+00  2.28047376e+00  2.66946195e+00 
 2.27814000e-09  1.99688200e+00  1.60311800e+00  2.28047902e+00  2.66946429e+00 
 2.27864000e-09  1.99677051e+00  1.60322949e+00  2.28048434e+00  2.66946662e+00 
 2.27914000e-09  1.99665709e+00  1.60334291e+00  2.28048973e+00  2.66946894e+00 
 2.27964000e-09  1.99654172e+00  1.60345828e+00  2.28049519e+00  2.66947126e+00 
 2.28014000e-09  1.99642441e+00  1.60357559e+00  2.28050072e+00  2.66947357e+00 
 2.28064000e-09  1.99630516e+00  1.60369484e+00  2.28050632e+00  2.66947587e+00 
 2.28114000e-09  1.99618398e+00  1.60381602e+00  2.28051198e+00  2.66947816e+00 
 2.28164000e-09  1.99606086e+00  1.60393914e+00  2.28051772e+00  2.66948045e+00 
 2.28214000e-09  1.99593580e+00  1.60406420e+00  2.28052352e+00  2.66948272e+00 
 2.28264000e-09  1.99580881e+00  1.60419119e+00  2.28052940e+00  2.66948498e+00 
 2.28314000e-09  1.99567989e+00  1.60432011e+00  2.28053535e+00  2.66948724e+00 
 2.28364000e-09  1.99554903e+00  1.60445097e+00  2.28054137e+00  2.66948948e+00 
 2.28414000e-09  1.99541625e+00  1.60458375e+00  2.28054746e+00  2.66949170e+00 
 2.28464000e-09  1.99528154e+00  1.60471846e+00  2.28055363e+00  2.66949392e+00 
 2.28514000e-09  1.99514490e+00  1.60485510e+00  2.28055986e+00  2.66949612e+00 
 2.28564000e-09  1.99500633e+00  1.60499367e+00  2.28056618e+00  2.66949831e+00 
 2.28614000e-09  1.99486584e+00  1.60513416e+00  2.28057257e+00  2.66950048e+00 
 2.28664000e-09  1.99472343e+00  1.60527657e+00  2.28057903e+00  2.66950264e+00 
 2.28714000e-09  1.99457909e+00  1.60542091e+00  2.28058557e+00  2.66950478e+00 
 2.28764000e-09  1.99443284e+00  1.60556716e+00  2.28059219e+00  2.66950690e+00 
 2.28814000e-09  1.99428466e+00  1.60571534e+00  2.28059888e+00  2.66950900e+00 
 2.28864000e-09  1.99413457e+00  1.60586543e+00  2.28060566e+00  2.66951108e+00 
 2.28914000e-09  1.99398256e+00  1.60601744e+00  2.28061251e+00  2.66951315e+00 
 2.28964000e-09  1.99382864e+00  1.60617136e+00  2.28061944e+00  2.66951519e+00 
 2.29014000e-09  1.99367281e+00  1.60632719e+00  2.28062646e+00  2.66951721e+00 
 2.29064000e-09  1.99351506e+00  1.60648494e+00  2.28063355e+00  2.66951921e+00 
 2.29114000e-09  1.99335540e+00  1.60664460e+00  2.28064073e+00  2.66952118e+00 
 2.29164000e-09  1.99319384e+00  1.60680616e+00  2.28064800e+00  2.66952313e+00 
 2.29214000e-09  1.99303036e+00  1.60696964e+00  2.28065534e+00  2.66952505e+00 
 2.29264000e-09  1.99286499e+00  1.60713501e+00  2.28066278e+00  2.66952695e+00 
 2.29314000e-09  1.99269771e+00  1.60730229e+00  2.28067030e+00  2.66952882e+00 
 2.29364000e-09  1.99252852e+00  1.60747148e+00  2.28067791e+00  2.66953065e+00 
 2.29414000e-09  1.99235744e+00  1.60764256e+00  2.28068561e+00  2.66953246e+00 
 2.29464000e-09  1.99218446e+00  1.60781554e+00  2.28069339e+00  2.66953423e+00 
 2.29514000e-09  1.99200958e+00  1.60799042e+00  2.28070127e+00  2.66953598e+00 
 2.29564000e-09  1.99183281e+00  1.60816719e+00  2.28070924e+00  2.66953768e+00 
 2.29614000e-09  1.99165414e+00  1.60834586e+00  2.28071731e+00  2.66953935e+00 
 2.29664000e-09  1.99147358e+00  1.60852642e+00  2.28072547e+00  2.66954099e+00 
 2.29714000e-09  1.99129113e+00  1.60870887e+00  2.28073372e+00  2.66954258e+00 
 2.29764000e-09  1.99110680e+00  1.60889320e+00  2.28074208e+00  2.66954413e+00 
 2.29814000e-09  1.99092058e+00  1.60907942e+00  2.28075053e+00  2.66954565e+00 
 2.29864000e-09  1.99073247e+00  1.60926753e+00  2.28075908e+00  2.66954712e+00 
 2.29914000e-09  1.99054248e+00  1.60945752e+00  2.28076774e+00  2.66954854e+00 
 2.29964000e-09  1.99035061e+00  1.60964939e+00  2.28077650e+00  2.66954992e+00 
 2.30014000e-09  1.99015686e+00  1.60984314e+00  2.28078536e+00  2.66955125e+00 
 2.30064000e-09  1.98996124e+00  1.61003876e+00  2.28079433e+00  2.66955253e+00 
 2.30114000e-09  1.98976374e+00  1.61023626e+00  2.28080341e+00  2.66955375e+00 
 2.30164000e-09  1.98956437e+00  1.61043563e+00  2.28081259e+00  2.66955493e+00 
 2.30214000e-09  1.98936312e+00  1.61063688e+00  2.28082189e+00  2.66955604e+00 
 2.30264000e-09  1.98916001e+00  1.61083999e+00  2.28083131e+00  2.66955710e+00 
 2.30314000e-09  1.98895503e+00  1.61104497e+00  2.28084083e+00  2.66955810e+00 
 2.30364000e-09  1.98874819e+00  1.61125181e+00  2.28085048e+00  2.66955904e+00 
 2.30414000e-09  1.98853948e+00  1.61146052e+00  2.28086024e+00  2.66955992e+00 
 2.30464000e-09  1.98832891e+00  1.61167109e+00  2.28087013e+00  2.66956072e+00 
 2.30514000e-09  1.98811649e+00  1.61188351e+00  2.28088014e+00  2.66956146e+00 
 2.30564000e-09  1.98790220e+00  1.61209780e+00  2.28089027e+00  2.66956213e+00 
 2.30614000e-09  1.98768607e+00  1.61231393e+00  2.28090054e+00  2.66956272e+00 
 2.30664000e-09  1.98746808e+00  1.61253192e+00  2.28091093e+00  2.66956324e+00 
 2.30714000e-09  1.98724824e+00  1.61275176e+00  2.28092145e+00  2.66956368e+00 
 2.30764000e-09  1.98702655e+00  1.61297345e+00  2.28093211e+00  2.66956404e+00 
 2.30814000e-09  1.98680301e+00  1.61319699e+00  2.28094291e+00  2.66956432e+00 
 2.30864000e-09  1.98657763e+00  1.61342237e+00  2.28095385e+00  2.66956450e+00 
 2.30914000e-09  1.98635042e+00  1.61364958e+00  2.28096493e+00  2.66956460e+00 
 2.30964000e-09  1.98612136e+00  1.61387864e+00  2.28097616e+00  2.66956461e+00 
 2.31014000e-09  1.98589046e+00  1.61410954e+00  2.28098753e+00  2.66956452e+00 
 2.31064000e-09  1.98565773e+00  1.61434227e+00  2.28099906e+00  2.66956433e+00 
 2.31114000e-09  1.98542317e+00  1.61457683e+00  2.28101074e+00  2.66956403e+00 
 2.31164000e-09  1.98518678e+00  1.61481322e+00  2.28102257e+00  2.66956364e+00 
 2.31214000e-09  1.98494856e+00  1.61505144e+00  2.28103457e+00  2.66956313e+00 
 2.31264000e-09  1.98470851e+00  1.61529149e+00  2.28104674e+00  2.66956251e+00 
 2.31314000e-09  1.98446664e+00  1.61553336e+00  2.28105907e+00  2.66956177e+00 
 2.31364000e-09  1.98422295e+00  1.61577705e+00  2.28107157e+00  2.66956091e+00 
 2.31414000e-09  1.98397744e+00  1.61602256e+00  2.28108424e+00  2.66955993e+00 
 2.31464000e-09  1.98373012e+00  1.61626988e+00  2.28109710e+00  2.66955882e+00 
 2.31514000e-09  1.98348098e+00  1.61651902e+00  2.28111014e+00  2.66955758e+00 
 2.31564000e-09  1.98323004e+00  1.61676996e+00  2.28112336e+00  2.66955620e+00 
 2.31614000e-09  1.98297728e+00  1.61702272e+00  2.28113677e+00  2.66955467e+00 
 2.31664000e-09  1.98272272e+00  1.61727728e+00  2.28115038e+00  2.66955301e+00 
 2.31714000e-09  1.98246635e+00  1.61753365e+00  2.28116419e+00  2.66955119e+00 
 2.31764000e-09  1.98220819e+00  1.61779181e+00  2.28117820e+00  2.66954921e+00 
 2.31814000e-09  1.98194822e+00  1.61805178e+00  2.28119242e+00  2.66954707e+00 
 2.31864000e-09  1.98168646e+00  1.61831354e+00  2.28120685e+00  2.66954477e+00 
 2.31914000e-09  1.98142291e+00  1.61857709e+00  2.28122150e+00  2.66954230e+00 
 2.31964000e-09  1.98115757e+00  1.61884243e+00  2.28123638e+00  2.66953965e+00 
 2.32014000e-09  1.98089043e+00  1.61910957e+00  2.28125148e+00  2.66953681e+00 
 2.32064000e-09  1.98062152e+00  1.61937848e+00  2.28126682e+00  2.66953379e+00 
 2.32114000e-09  1.98035082e+00  1.61964918e+00  2.28128240e+00  2.66953057e+00 
 2.32164000e-09  1.98007834e+00  1.61992166e+00  2.28129822e+00  2.66952716e+00 
 2.32214000e-09  1.97980408e+00  1.62019592e+00  2.28131429e+00  2.66952353e+00 
 2.32264000e-09  1.97952805e+00  1.62047195e+00  2.28133062e+00  2.66951969e+00 
 2.32314000e-09  1.97925024e+00  1.62074976e+00  2.28134722e+00  2.66951563e+00 
 2.32364000e-09  1.97897067e+00  1.62102933e+00  2.28136408e+00  2.66951135e+00 
 2.32414000e-09  1.97868933e+00  1.62131067e+00  2.28138122e+00  2.66950682e+00 
 2.32464000e-09  1.97840623e+00  1.62159377e+00  2.28139865e+00  2.66950206e+00 
 2.32514000e-09  1.97812137e+00  1.62187863e+00  2.28141637e+00  2.66949704e+00 
 2.32564000e-09  1.97783474e+00  1.62216526e+00  2.28143438e+00  2.66949177e+00 
 2.32614000e-09  1.97754637e+00  1.62245363e+00  2.28145271e+00  2.66948622e+00 
 2.32664000e-09  1.97725624e+00  1.62274376e+00  2.28147134e+00  2.66948041e+00 
 2.32714000e-09  1.97696436e+00  1.62303564e+00  2.28149030e+00  2.66947431e+00 
 2.32764000e-09  1.97667074e+00  1.62332926e+00  2.28150959e+00  2.66946792e+00 
 2.32814000e-09  1.97637537e+00  1.62362463e+00  2.28152922e+00  2.66946122e+00 
 2.32864000e-09  1.97607826e+00  1.62392174e+00  2.28154920e+00  2.66945421e+00 
 2.32914000e-09  1.97577941e+00  1.62422059e+00  2.28156954e+00  2.66944688e+00 
 2.32964000e-09  1.97547883e+00  1.62452117e+00  2.28159024e+00  2.66943922e+00 
 2.33014000e-09  1.97517651e+00  1.62482349e+00  2.28161132e+00  2.66943122e+00 
 2.33064000e-09  1.97487247e+00  1.62512753e+00  2.28163278e+00  2.66942287e+00 
 2.33114000e-09  1.97456670e+00  1.62543330e+00  2.28165465e+00  2.66941414e+00 
 2.33164000e-09  1.97425921e+00  1.62574079e+00  2.28167692e+00  2.66940505e+00 
 2.33214000e-09  1.97395000e+00  1.62605000e+00  2.28169961e+00  2.66939556e+00 
 2.33264000e-09  1.97363907e+00  1.62636093e+00  2.28172273e+00  2.66938568e+00 
 2.33314000e-09  1.97332643e+00  1.62667357e+00  2.28174629e+00  2.66937538e+00 
 2.33364000e-09  1.97301207e+00  1.62698793e+00  2.28177031e+00  2.66936466e+00 
 2.33414000e-09  1.97269601e+00  1.62730399e+00  2.28179480e+00  2.66935350e+00 
 2.33464000e-09  1.97237825e+00  1.62762175e+00  2.28181976e+00  2.66934189e+00 
 2.33514000e-09  1.97205878e+00  1.62794122e+00  2.28184522e+00  2.66932981e+00 
 2.33564000e-09  1.97173762e+00  1.62826238e+00  2.28187118e+00  2.66931725e+00 
 2.33614000e-09  1.97141476e+00  1.62858524e+00  2.28189766e+00  2.66930419e+00 
 2.33664000e-09  1.97109021e+00  1.62890979e+00  2.28192468e+00  2.66929062e+00 
 2.33714000e-09  1.97076397e+00  1.62923603e+00  2.28195225e+00  2.66927652e+00 
 2.33764000e-09  1.97043604e+00  1.62956396e+00  2.28198039e+00  2.66926187e+00 
 2.33814000e-09  1.97010644e+00  1.62989356e+00  2.28200910e+00  2.66924667e+00 
 2.33864000e-09  1.96977515e+00  1.63022485e+00  2.28203842e+00  2.66923089e+00 
 2.33914000e-09  1.96944219e+00  1.63055781e+00  2.28206835e+00  2.66921450e+00 
 2.33964000e-09  1.96910756e+00  1.63089244e+00  2.28209891e+00  2.66919751e+00 
 2.34014000e-09  1.96877125e+00  1.63122875e+00  2.28213012e+00  2.66917988e+00 
 2.34064000e-09  1.96843328e+00  1.63156672e+00  2.28216199e+00  2.66916159e+00 
 2.34114000e-09  1.96809365e+00  1.63190635e+00  2.28219456e+00  2.66914263e+00 
 2.34164000e-09  1.96775236e+00  1.63224764e+00  2.28222783e+00  2.66912297e+00 
 2.34214000e-09  1.96740942e+00  1.63259058e+00  2.28226183e+00  2.66910260e+00 
 2.34264000e-09  1.96706482e+00  1.63293518e+00  2.28229658e+00  2.66908149e+00 
 2.34314000e-09  1.96671857e+00  1.63328143e+00  2.28233209e+00  2.66905961e+00 
 2.34364000e-09  1.96637068e+00  1.63362932e+00  2.28236840e+00  2.66903695e+00 
 2.34414000e-09  1.96602114e+00  1.63397886e+00  2.28240551e+00  2.66901349e+00 
 2.34464000e-09  1.96566997e+00  1.63433003e+00  2.28244347e+00  2.66898918e+00 
 2.34514000e-09  1.96531716e+00  1.63468284e+00  2.28248228e+00  2.66896402e+00 
 2.34564000e-09  1.96496272e+00  1.63503728e+00  2.28252198e+00  2.66893798e+00 
 2.34614000e-09  1.96460666e+00  1.63539334e+00  2.28256259e+00  2.66891102e+00 
 2.34664000e-09  1.96424896e+00  1.63575104e+00  2.28260413e+00  2.66888313e+00 
 2.34714000e-09  1.96388965e+00  1.63611035e+00  2.28264663e+00  2.66885426e+00 
 2.34764000e-09  1.96352872e+00  1.63647128e+00  2.28269012e+00  2.66882440e+00 
 2.34814000e-09  1.96316618e+00  1.63683382e+00  2.28273463e+00  2.66879351e+00 
 2.34864000e-09  1.96280202e+00  1.63719798e+00  2.28278019e+00  2.66876157e+00 
 2.34914000e-09  1.96243626e+00  1.63756374e+00  2.28282682e+00  2.66872854e+00 
 2.34964000e-09  1.96206889e+00  1.63793111e+00  2.28287456e+00  2.66869438e+00 
 2.35014000e-09  1.96169993e+00  1.63830007e+00  2.28292343e+00  2.66865908e+00 
 2.35064000e-09  1.96132937e+00  1.63867063e+00  2.28297347e+00  2.66862258e+00 
 2.35114000e-09  1.96095721e+00  1.63904279e+00  2.28302472e+00  2.66858487e+00 
 2.35164000e-09  1.96058347e+00  1.63941653e+00  2.28307720e+00  2.66854589e+00 
 2.35214000e-09  1.96020815e+00  1.63979185e+00  2.28313094e+00  2.66850562e+00 
 2.35264000e-09  1.95983124e+00  1.64016876e+00  2.28318600e+00  2.66846402e+00 
 2.35314000e-09  1.95945275e+00  1.64054725e+00  2.28324239e+00  2.66842104e+00 
 2.35364000e-09  1.95907269e+00  1.64092731e+00  2.28330016e+00  2.66837666e+00 
 2.35414000e-09  1.95869107e+00  1.64130893e+00  2.28335935e+00  2.66833083e+00 
 2.35464000e-09  1.95830787e+00  1.64169213e+00  2.28341999e+00  2.66828351e+00 
 2.35514000e-09  1.95792311e+00  1.64207689e+00  2.28348213e+00  2.66823465e+00 
 2.35564000e-09  1.95753680e+00  1.64246320e+00  2.28354580e+00  2.66818422e+00 
 2.35614000e-09  1.95714893e+00  1.64285107e+00  2.28361105e+00  2.66813217e+00 
 2.35664000e-09  1.95675950e+00  1.64324050e+00  2.28367791e+00  2.66807845e+00 
 2.35714000e-09  1.95636854e+00  1.64363146e+00  2.28374644e+00  2.66802302e+00 
 2.35764000e-09  1.95597602e+00  1.64402398e+00  2.28381668e+00  2.66796584e+00 
 2.35814000e-09  1.95558197e+00  1.64441803e+00  2.28388866e+00  2.66790685e+00 
 2.35864000e-09  1.95518638e+00  1.64481362e+00  2.28396245e+00  2.66784601e+00 
 2.35914000e-09  1.95478926e+00  1.64521074e+00  2.28403808e+00  2.66778326e+00 
 2.35964000e-09  1.95439062e+00  1.64560938e+00  2.28411560e+00  2.66771857e+00 
 2.36014000e-09  1.95399045e+00  1.64600955e+00  2.28419506e+00  2.66765186e+00 
 2.36064000e-09  1.95358876e+00  1.64641124e+00  2.28427652e+00  2.66758310e+00 
 2.36114000e-09  1.95318555e+00  1.64681445e+00  2.28436001e+00  2.66751223e+00 
 2.36164000e-09  1.95278083e+00  1.64721917e+00  2.28444560e+00  2.66743919e+00 
 2.36214000e-09  1.95237461e+00  1.64762539e+00  2.28453334e+00  2.66736393e+00 
 2.36264000e-09  1.95196688e+00  1.64803312e+00  2.28462327e+00  2.66728640e+00 
 2.36314000e-09  1.95155765e+00  1.64844235e+00  2.28471546e+00  2.66720653e+00 
 2.36364000e-09  1.95114692e+00  1.64885308e+00  2.28480996e+00  2.66712428e+00 
 2.36414000e-09  1.95073471e+00  1.64926529e+00  2.28490682e+00  2.66703957e+00 
 2.36464000e-09  1.95032100e+00  1.64967900e+00  2.28500610e+00  2.66695236e+00 
 2.36514000e-09  1.94990581e+00  1.65009419e+00  2.28510786e+00  2.66686258e+00 
 2.36564000e-09  1.94948914e+00  1.65051086e+00  2.28521216e+00  2.66677017e+00 
 2.36614000e-09  1.94907100e+00  1.65092900e+00  2.28531905e+00  2.66667506e+00 
 2.36664000e-09  1.94865139e+00  1.65134861e+00  2.28542860e+00  2.66657721e+00 
 2.36714000e-09  1.94823030e+00  1.65176970e+00  2.28554086e+00  2.66647654e+00 
 2.36764000e-09  1.94780776e+00  1.65219224e+00  2.28565589e+00  2.66637299e+00 
 2.36814000e-09  1.94738376e+00  1.65261624e+00  2.28577377e+00  2.66626650e+00 
 2.36864000e-09  1.94695830e+00  1.65304170e+00  2.28589454e+00  2.66615700e+00 
 2.36914000e-09  1.94653139e+00  1.65346861e+00  2.28601828e+00  2.66604443e+00 
 2.36964000e-09  1.94610303e+00  1.65389697e+00  2.28614504e+00  2.66592872e+00 
 2.37014000e-09  1.94567324e+00  1.65432676e+00  2.28627489e+00  2.66580981e+00 
 2.37064000e-09  1.94524200e+00  1.65475800e+00  2.28640789e+00  2.66568763e+00 
 2.37114000e-09  1.94480933e+00  1.65519067e+00  2.28654411e+00  2.66556211e+00 
 2.37164000e-09  1.94437524e+00  1.65562476e+00  2.28668361e+00  2.66543319e+00 
 2.37214000e-09  1.94393972e+00  1.65606028e+00  2.28682645e+00  2.66530080e+00 
 2.37264000e-09  1.94350277e+00  1.65649723e+00  2.28697271e+00  2.66516487e+00 
 2.37314000e-09  1.94306441e+00  1.65693559e+00  2.28712244e+00  2.66502534e+00 
 2.37364000e-09  1.94262464e+00  1.65737536e+00  2.28727571e+00  2.66488213e+00 
 2.37414000e-09  1.94218346e+00  1.65781654e+00  2.28743259e+00  2.66473519e+00 
 2.37464000e-09  1.94174088e+00  1.65825912e+00  2.28759314e+00  2.66458445e+00 
 2.37514000e-09  1.94129690e+00  1.65870310e+00  2.28775743e+00  2.66442983e+00 
 2.37564000e-09  1.94085153e+00  1.65914847e+00  2.28792552e+00  2.66427128e+00 
 2.37614000e-09  1.94040476e+00  1.65959524e+00  2.28809747e+00  2.66410872e+00 
 2.37664000e-09  1.93995661e+00  1.66004339e+00  2.28827335e+00  2.66394209e+00 
 2.37714000e-09  1.93950708e+00  1.66049292e+00  2.28845323e+00  2.66377133e+00 
 2.37764000e-09  1.93905617e+00  1.66094383e+00  2.28863717e+00  2.66359637e+00 
 2.37814000e-09  1.93860388e+00  1.66139612e+00  2.28882522e+00  2.66341714e+00 
 2.37864000e-09  1.93815023e+00  1.66184977e+00  2.28901747e+00  2.66323358e+00 
 2.37914000e-09  1.93769522e+00  1.66230478e+00  2.28921396e+00  2.66304563e+00 
 2.37964000e-09  1.93723885e+00  1.66276115e+00  2.28941475e+00  2.66285323e+00 
 2.38014000e-09  1.93678112e+00  1.66321888e+00  2.28961992e+00  2.66265631e+00 
 2.38064000e-09  1.93632204e+00  1.66367796e+00  2.28982951e+00  2.66245482e+00 
 2.38114000e-09  1.93586162e+00  1.66413838e+00  2.29004360e+00  2.66224869e+00 
 2.38164000e-09  1.93539986e+00  1.66460014e+00  2.29026223e+00  2.66203787e+00 
 2.38214000e-09  1.93493676e+00  1.66506324e+00  2.29048546e+00  2.66182229e+00 
 2.38264000e-09  1.93447233e+00  1.66552767e+00  2.29071335e+00  2.66160191e+00 
 2.38314000e-09  1.93400657e+00  1.66599343e+00  2.29094596e+00  2.66137666e+00 
 2.38364000e-09  1.93353949e+00  1.66646051e+00  2.29118334e+00  2.66114650e+00 
 2.38414000e-09  1.93307109e+00  1.66692891e+00  2.29142554e+00  2.66091136e+00 
 2.38464000e-09  1.93260138e+00  1.66739862e+00  2.29167262e+00  2.66067120e+00 
 2.38514000e-09  1.93213036e+00  1.66786964e+00  2.29192462e+00  2.66042597e+00 
 2.38564000e-09  1.93165803e+00  1.66834197e+00  2.29218160e+00  2.66017562e+00 
 2.38614000e-09  1.93118441e+00  1.66881559e+00  2.29244360e+00  2.65992010e+00 
 2.38664000e-09  1.93070949e+00  1.66929051e+00  2.29271066e+00  2.65965937e+00 
 2.38714000e-09  1.93023328e+00  1.66976672e+00  2.29298285e+00  2.65939338e+00 
 2.38764000e-09  1.92975578e+00  1.67024422e+00  2.29326018e+00  2.65912209e+00 
 2.38814000e-09  1.92927701e+00  1.67072299e+00  2.29354272e+00  2.65884545e+00 
 2.38864000e-09  1.92879696e+00  1.67120304e+00  2.29383050e+00  2.65856343e+00 
 2.38914000e-09  1.92831563e+00  1.67168437e+00  2.29412356e+00  2.65827600e+00 
 2.38964000e-09  1.92783304e+00  1.67216696e+00  2.29442193e+00  2.65798311e+00 
 2.39014000e-09  1.92734919e+00  1.67265081e+00  2.29472565e+00  2.65768473e+00 
 2.39064000e-09  1.92686409e+00  1.67313591e+00  2.29503476e+00  2.65738082e+00 
 2.39114000e-09  1.92637773e+00  1.67362227e+00  2.29534929e+00  2.65707136e+00 
 2.39164000e-09  1.92589012e+00  1.67410988e+00  2.29566926e+00  2.65675632e+00 
 2.39214000e-09  1.92540127e+00  1.67459873e+00  2.29599472e+00  2.65643567e+00 
 2.39264000e-09  1.92491118e+00  1.67508882e+00  2.29632567e+00  2.65610939e+00 
 2.39314000e-09  1.92441986e+00  1.67558014e+00  2.29666216e+00  2.65577744e+00 
 2.39364000e-09  1.92392731e+00  1.67607269e+00  2.29700420e+00  2.65543981e+00 
 2.39414000e-09  1.92343354e+00  1.67656646e+00  2.29735182e+00  2.65509648e+00 
 2.39464000e-09  1.92293855e+00  1.67706145e+00  2.29770503e+00  2.65474743e+00 
 2.39514000e-09  1.92244235e+00  1.67755765e+00  2.29806386e+00  2.65439264e+00 
 2.39564000e-09  1.92194494e+00  1.67805506e+00  2.29842832e+00  2.65403210e+00 
 2.39614000e-09  1.92144633e+00  1.67855367e+00  2.29879842e+00  2.65366579e+00 
 2.39664000e-09  1.92094651e+00  1.67905349e+00  2.29917419e+00  2.65329370e+00 
 2.39714000e-09  1.92044551e+00  1.67955449e+00  2.29955562e+00  2.65291583e+00 
 2.39764000e-09  1.91994331e+00  1.68005669e+00  2.29994274e+00  2.65253216e+00 
 2.39814000e-09  1.91943993e+00  1.68056007e+00  2.30033554e+00  2.65214268e+00 
 2.39864000e-09  1.91893537e+00  1.68106463e+00  2.30073404e+00  2.65174740e+00 
 2.39914000e-09  1.91842964e+00  1.68157036e+00  2.30113824e+00  2.65134630e+00 
 2.39964000e-09  1.91792274e+00  1.68207726e+00  2.30154815e+00  2.65093940e+00 
 2.40014000e-09  1.91741468e+00  1.68258532e+00  2.30196376e+00  2.65052668e+00 
 2.40064000e-09  1.91690545e+00  1.68309455e+00  2.30238508e+00  2.65010814e+00 
 2.40114000e-09  1.91639507e+00  1.68360493e+00  2.30281210e+00  2.64968380e+00 
 2.40164000e-09  1.91588355e+00  1.68411645e+00  2.30324482e+00  2.64925365e+00 
 2.40214000e-09  1.91537088e+00  1.68462912e+00  2.30368323e+00  2.64881771e+00 
 2.40264000e-09  1.91485707e+00  1.68514293e+00  2.30412734e+00  2.64837597e+00 
 2.40314000e-09  1.91434213e+00  1.68565787e+00  2.30457713e+00  2.64792845e+00 
 2.40364000e-09  1.91382606e+00  1.68617394e+00  2.30503260e+00  2.64747515e+00 
 2.40414000e-09  1.91330886e+00  1.68669114e+00  2.30549373e+00  2.64701610e+00 
 2.40464000e-09  1.91279055e+00  1.68720945e+00  2.30596052e+00  2.64655129e+00 
 2.40514000e-09  1.91227112e+00  1.68772888e+00  2.30643294e+00  2.64608075e+00 
 2.40564000e-09  1.91175059e+00  1.68824941e+00  2.30691099e+00  2.64560449e+00 
 2.40614000e-09  1.91122895e+00  1.68877105e+00  2.30739465e+00  2.64512253e+00 
 2.40664000e-09  1.91070622e+00  1.68929378e+00  2.30788391e+00  2.64463488e+00 
 2.40714000e-09  1.91018239e+00  1.68981761e+00  2.30837874e+00  2.64414156e+00 
 2.40764000e-09  1.90965748e+00  1.69034252e+00  2.30887913e+00  2.64364259e+00 
 2.40814000e-09  1.90913148e+00  1.69086852e+00  2.30938506e+00  2.64313799e+00 
 2.40864000e-09  1.90860441e+00  1.69139559e+00  2.30989650e+00  2.64262779e+00 
 2.40914000e-09  1.90807626e+00  1.69192374e+00  2.31041345e+00  2.64211200e+00 
 2.40964000e-09  1.90754705e+00  1.69245295e+00  2.31093586e+00  2.64159065e+00 
 2.41014000e-09  1.90701678e+00  1.69298322e+00  2.31146372e+00  2.64106377e+00 
 2.41064000e-09  1.90648545e+00  1.69351455e+00  2.31199701e+00  2.64053137e+00 
 2.41114000e-09  1.90595306e+00  1.69404694e+00  2.31253570e+00  2.63999350e+00 
 2.41164000e-09  1.90541964e+00  1.69458036e+00  2.31307976e+00  2.63945016e+00 
 2.41214000e-09  1.90488517e+00  1.69511483e+00  2.31362916e+00  2.63890139e+00 
 2.41264000e-09  1.90434967e+00  1.69565033e+00  2.31418388e+00  2.63834722e+00 
 2.41314000e-09  1.90381314e+00  1.69618686e+00  2.31474390e+00  2.63778768e+00 
 2.41364000e-09  1.90327558e+00  1.69672442e+00  2.31530917e+00  2.63722279e+00 
 2.41414000e-09  1.90273700e+00  1.69726300e+00  2.31587967e+00  2.63665259e+00 
 2.41464000e-09  1.90219741e+00  1.69780259e+00  2.31645538e+00  2.63607711e+00 
 2.41514000e-09  1.90165681e+00  1.69834319e+00  2.31703625e+00  2.63549638e+00 
 2.41564000e-09  1.90111521e+00  1.69888479e+00  2.31762227e+00  2.63491043e+00 
 2.41614000e-09  1.90057261e+00  1.69942739e+00  2.31821339e+00  2.63431929e+00 
 2.41664000e-09  1.90002902e+00  1.69997098e+00  2.31880958e+00  2.63372299e+00 
 2.41714000e-09  1.89948444e+00  1.70051556e+00  2.31941082e+00  2.63312158e+00 
 2.41764000e-09  1.89893888e+00  1.70106112e+00  2.32001706e+00  2.63251507e+00 
 2.41814000e-09  1.89839234e+00  1.70160766e+00  2.32062828e+00  2.63190352e+00 
 2.41864000e-09  1.89784483e+00  1.70215517e+00  2.32124444e+00  2.63128694e+00 
 2.41914000e-09  1.89729636e+00  1.70270364e+00  2.32186551e+00  2.63066538e+00 
 2.41964000e-09  1.89674692e+00  1.70325308e+00  2.32249146e+00  2.63003887e+00 
 2.42014000e-09  1.89619653e+00  1.70380347e+00  2.32312224e+00  2.62940745e+00 
 2.42064000e-09  1.89564519e+00  1.70435481e+00  2.32375783e+00  2.62877115e+00 
 2.42114000e-09  1.89509291e+00  1.70490709e+00  2.32439818e+00  2.62813000e+00 
 2.42164000e-09  1.89453968e+00  1.70546032e+00  2.32504328e+00  2.62748404e+00 
 2.42214000e-09  1.89398553e+00  1.70601447e+00  2.32569307e+00  2.62683332e+00 
 2.42264000e-09  1.89343045e+00  1.70656955e+00  2.32634753e+00  2.62617786e+00 
 2.42314000e-09  1.89287444e+00  1.70712556e+00  2.32700662e+00  2.62551769e+00 
 2.42364000e-09  1.89231752e+00  1.70768248e+00  2.32767030e+00  2.62485287e+00 
 2.42414000e-09  1.89175969e+00  1.70824031e+00  2.32833854e+00  2.62418342e+00 
 2.42464000e-09  1.89120095e+00  1.70879905e+00  2.32901130e+00  2.62350938e+00 
 2.42514000e-09  1.89064131e+00  1.70935869e+00  2.32968856e+00  2.62283078e+00 
 2.42564000e-09  1.89008078e+00  1.70991922e+00  2.33037026e+00  2.62214767e+00 
 2.42614000e-09  1.88951936e+00  1.71048064e+00  2.33105639e+00  2.62146008e+00 
 2.42664000e-09  1.88895705e+00  1.71104295e+00  2.33174689e+00  2.62076804e+00 
 2.42714000e-09  1.88839387e+00  1.71160613e+00  2.33244174e+00  2.62007160e+00 
 2.42764000e-09  1.88782981e+00  1.71217019e+00  2.33314091e+00  2.61937079e+00 
 2.42814000e-09  1.88726489e+00  1.71273511e+00  2.33384435e+00  2.61866564e+00 
 2.42864000e-09  1.88669910e+00  1.71330090e+00  2.33455203e+00  2.61795620e+00 
 2.42914000e-09  1.88613246e+00  1.71386754e+00  2.33526392e+00  2.61724250e+00 
 2.42964000e-09  1.88556497e+00  1.71443503e+00  2.33597997e+00  2.61652457e+00 
 2.43014000e-09  1.88499664e+00  1.71500336e+00  2.33670017e+00  2.61580245e+00 
 2.43064000e-09  1.88442747e+00  1.71557253e+00  2.33742446e+00  2.61507619e+00 
 2.43114000e-09  1.88385746e+00  1.71614254e+00  2.33815283e+00  2.61434581e+00 
 2.43164000e-09  1.88328663e+00  1.71671337e+00  2.33888522e+00  2.61361135e+00 
 2.43214000e-09  1.88271497e+00  1.71728503e+00  2.33962161e+00  2.61287285e+00 
 2.43264000e-09  1.88214250e+00  1.71785750e+00  2.34036197e+00  2.61213034e+00 
 2.43314000e-09  1.88156921e+00  1.71843079e+00  2.34110625e+00  2.61138386e+00 
 2.43364000e-09  1.88099513e+00  1.71900487e+00  2.34185443e+00  2.61063345e+00 
 2.43414000e-09  1.88042024e+00  1.71957976e+00  2.34260647e+00  2.60987914e+00 
 2.43464000e-09  1.87984456e+00  1.72015544e+00  2.34336234e+00  2.60912096e+00 
 2.43514000e-09  1.87926809e+00  1.72073191e+00  2.34412200e+00  2.60835896e+00 
 2.43564000e-09  1.87869084e+00  1.72130916e+00  2.34488542e+00  2.60759316e+00 
 2.43614000e-09  1.87811281e+00  1.72188719e+00  2.34565256e+00  2.60682361e+00 
 2.43664000e-09  1.87753401e+00  1.72246599e+00  2.34642340e+00  2.60605033e+00 
 2.43714000e-09  1.87695444e+00  1.72304556e+00  2.34719789e+00  2.60527337e+00 
 2.43764000e-09  1.87637412e+00  1.72362588e+00  2.34797602e+00  2.60449275e+00 
 2.43814000e-09  1.87579304e+00  1.72420696e+00  2.34875773e+00  2.60370852e+00 
 2.43864000e-09  1.87521122e+00  1.72478878e+00  2.34954300e+00  2.60292070e+00 
 2.43914000e-09  1.87462865e+00  1.72537135e+00  2.35033181e+00  2.60212933e+00 
 2.43964000e-09  1.87404534e+00  1.72595466e+00  2.35112410e+00  2.60133445e+00 
 2.44014000e-09  1.87346131e+00  1.72653869e+00  2.35191986e+00  2.60053609e+00 
 2.44064000e-09  1.87287655e+00  1.72712345e+00  2.35271904e+00  2.59973427e+00 
 2.44114000e-09  1.87229107e+00  1.72770893e+00  2.35352163e+00  2.59892905e+00 
 2.44164000e-09  1.87170487e+00  1.72829513e+00  2.35432757e+00  2.59812044e+00 
 2.44214000e-09  1.87111797e+00  1.72888203e+00  2.35513686e+00  2.59730849e+00 
 2.44264000e-09  1.87053037e+00  1.72946963e+00  2.35594944e+00  2.59649323e+00 
 2.44314000e-09  1.86994207e+00  1.73005793e+00  2.35676529e+00  2.59567468e+00 
 2.44364000e-09  1.86935308e+00  1.73064692e+00  2.35758437e+00  2.59485288e+00 
 2.44414000e-09  1.86876341e+00  1.73123659e+00  2.35840667e+00  2.59402788e+00 
 2.44464000e-09  1.86817305e+00  1.73182695e+00  2.35923213e+00  2.59319968e+00 
 2.44514000e-09  1.86758203e+00  1.73241797e+00  2.36006075e+00  2.59236834e+00 
 2.44564000e-09  1.86699034e+00  1.73300966e+00  2.36089247e+00  2.59153388e+00 
 2.44614000e-09  1.86639798e+00  1.73360202e+00  2.36172727e+00  2.59069634e+00 
 2.44664000e-09  1.86580497e+00  1.73419503e+00  2.36256512e+00  2.58985574e+00 
 2.44714000e-09  1.86521132e+00  1.73478868e+00  2.36340599e+00  2.58901212e+00 
 2.44764000e-09  1.86461701e+00  1.73538299e+00  2.36424985e+00  2.58816551e+00 
 2.44814000e-09  1.86402207e+00  1.73597793e+00  2.36509667e+00  2.58731594e+00 
 2.44864000e-09  1.86342650e+00  1.73657350e+00  2.36594641e+00  2.58646345e+00 
 2.44914000e-09  1.86283031e+00  1.73716969e+00  2.36679905e+00  2.58560806e+00 
 2.44964000e-09  1.86223349e+00  1.73776651e+00  2.36765456e+00  2.58474980e+00 
 2.45014000e-09  1.86163606e+00  1.73836394e+00  2.36851290e+00  2.58388871e+00 
 2.45064000e-09  1.86103802e+00  1.73896198e+00  2.36937405e+00  2.58302481e+00 
 2.45114000e-09  1.86043937e+00  1.73956063e+00  2.37023798e+00  2.58215814e+00 
 2.45164000e-09  1.85984013e+00  1.74015987e+00  2.37110465e+00  2.58128873e+00 
 2.45214000e-09  1.85924030e+00  1.74075970e+00  2.37197404e+00  2.58041660e+00 
 2.45264000e-09  1.85863989e+00  1.74136011e+00  2.37284612e+00  2.57954179e+00 
 2.45314000e-09  1.85803890e+00  1.74196110e+00  2.37372086e+00  2.57866433e+00 
 2.45364000e-09  1.85743733e+00  1.74256267e+00  2.37459822e+00  2.57778424e+00 
 2.45414000e-09  1.85683520e+00  1.74316480e+00  2.37547819e+00  2.57690156e+00 
 2.45464000e-09  1.85623250e+00  1.74376750e+00  2.37636072e+00  2.57601632e+00 
 2.45514000e-09  1.85562926e+00  1.74437074e+00  2.37724580e+00  2.57512854e+00 
 2.45564000e-09  1.85502546e+00  1.74497454e+00  2.37813339e+00  2.57423825e+00 
 2.45614000e-09  1.85442112e+00  1.74557888e+00  2.37902346e+00  2.57334549e+00 
 2.45664000e-09  1.85381624e+00  1.74618376e+00  2.37991600e+00  2.57245028e+00 
 2.45714000e-09  1.85321083e+00  1.74678917e+00  2.38081095e+00  2.57155264e+00 
 2.45764000e-09  1.85260490e+00  1.74739510e+00  2.38170831e+00  2.57065262e+00 
 2.45814000e-09  1.85199844e+00  1.74800156e+00  2.38260804e+00  2.56975023e+00 
 2.45864000e-09  1.85139148e+00  1.74860852e+00  2.38351011e+00  2.56884551e+00 
 2.45914000e-09  1.85078400e+00  1.74921600e+00  2.38441450e+00  2.56793848e+00 
 2.45964000e-09  1.85017603e+00  1.74982397e+00  2.38532117e+00  2.56702917e+00 
 2.46014000e-09  1.84956756e+00  1.75043244e+00  2.38623011e+00  2.56611761e+00 
 2.46064000e-09  1.84895860e+00  1.75104140e+00  2.38714127e+00  2.56520382e+00 
 2.46114000e-09  1.84834915e+00  1.75165085e+00  2.38805464e+00  2.56428784e+00 
 2.46164000e-09  1.84773923e+00  1.75226077e+00  2.38897018e+00  2.56336969e+00 
 2.46214000e-09  1.84712884e+00  1.75287116e+00  2.38988788e+00  2.56244939e+00 
 2.46264000e-09  1.84651799e+00  1.75348201e+00  2.39080770e+00  2.56152698e+00 
 2.46314000e-09  1.84590667e+00  1.75409333e+00  2.39172961e+00  2.56060248e+00 
 2.46364000e-09  1.84529490e+00  1.75470510e+00  2.39265359e+00  2.55967592e+00 
 2.46414000e-09  1.84468269e+00  1.75531731e+00  2.39357961e+00  2.55874732e+00 
 2.46464000e-09  1.84407003e+00  1.75592997e+00  2.39450765e+00  2.55781671e+00 
 2.46514000e-09  1.84345694e+00  1.75654306e+00  2.39543768e+00  2.55688412e+00 
 2.46564000e-09  1.84284342e+00  1.75715658e+00  2.39636966e+00  2.55594958e+00 
 2.46614000e-09  1.84222948e+00  1.75777052e+00  2.39730358e+00  2.55501310e+00 
 2.46664000e-09  1.84161512e+00  1.75838488e+00  2.39823942e+00  2.55407471e+00 
 2.46714000e-09  1.84100034e+00  1.75899966e+00  2.39917713e+00  2.55313445e+00 
 2.46764000e-09  1.84038517e+00  1.75961483e+00  2.40011670e+00  2.55219233e+00 
 2.46814000e-09  1.83976960e+00  1.76023040e+00  2.40105810e+00  2.55124839e+00 
 2.46864000e-09  1.83915363e+00  1.76084637e+00  2.40200131e+00  2.55030264e+00 
 2.46914000e-09  1.83853728e+00  1.76146272e+00  2.40294629e+00  2.54935511e+00 
 2.46964000e-09  1.83792054e+00  1.76207946e+00  2.40389303e+00  2.54840583e+00 
 2.47014000e-09  1.83730344e+00  1.76269656e+00  2.40484150e+00  2.54745482e+00 
 2.47064000e-09  1.83668596e+00  1.76331404e+00  2.40579167e+00  2.54650211e+00 
 2.47114000e-09  1.83606812e+00  1.76393188e+00  2.40674351e+00  2.54554771e+00 
 2.47164000e-09  1.83544993e+00  1.76455007e+00  2.40769701e+00  2.54459167e+00 
 2.47214000e-09  1.83483138e+00  1.76516862e+00  2.40865213e+00  2.54363399e+00 
 2.47264000e-09  1.83421250e+00  1.76578750e+00  2.40960886e+00  2.54267471e+00 
 2.47314000e-09  1.83359327e+00  1.76640673e+00  2.41056716e+00  2.54171384e+00 
 2.47364000e-09  1.83297372e+00  1.76702628e+00  2.41152701e+00  2.54075142e+00 
 2.47414000e-09  1.83235383e+00  1.76764617e+00  2.41248839e+00  2.53978746e+00 
 2.47464000e-09  1.83173363e+00  1.76826637e+00  2.41345127e+00  2.53882200e+00 
 2.47514000e-09  1.83111312e+00  1.76888688e+00  2.41441563e+00  2.53785504e+00 
 2.47564000e-09  1.83049230e+00  1.76950770e+00  2.41538144e+00  2.53688663e+00 
 2.47614000e-09  1.82987117e+00  1.77012883e+00  2.41634868e+00  2.53591677e+00 
 2.47664000e-09  1.82924976e+00  1.77075024e+00  2.41731733e+00  2.53494550e+00 
 2.47714000e-09  1.82862805e+00  1.77137195e+00  2.41828735e+00  2.53397284e+00 
 2.47764000e-09  1.82800606e+00  1.77199394e+00  2.41925873e+00  2.53299880e+00 
 2.47814000e-09  1.82738380e+00  1.77261620e+00  2.42023144e+00  2.53202342e+00 
 2.47864000e-09  1.82676126e+00  1.77323874e+00  2.42120545e+00  2.53104671e+00 
 2.47914000e-09  1.82613846e+00  1.77386154e+00  2.42218075e+00  2.53006870e+00 
 2.47964000e-09  1.82551540e+00  1.77448460e+00  2.42315731e+00  2.52908942e+00 
 2.48014000e-09  1.82489210e+00  1.77510790e+00  2.42413510e+00  2.52810888e+00 
 2.48064000e-09  1.82426854e+00  1.77573146e+00  2.42511411e+00  2.52712710e+00 
 2.48114000e-09  1.82364475e+00  1.77635525e+00  2.42609430e+00  2.52614411e+00 
 2.48164000e-09  1.82302072e+00  1.77697928e+00  2.42707566e+00  2.52515994e+00 
 2.48214000e-09  1.82239646e+00  1.77760354e+00  2.42805815e+00  2.52417459e+00 
 2.48264000e-09  1.82177199e+00  1.77822801e+00  2.42904177e+00  2.52318810e+00 
 2.48314000e-09  1.82114730e+00  1.77885270e+00  2.43002647e+00  2.52220049e+00 
 2.48364000e-09  1.82052240e+00  1.77947760e+00  2.43101225e+00  2.52121178e+00 
 2.48414000e-09  1.81989729e+00  1.78010271e+00  2.43199907e+00  2.52022199e+00 
 2.48464000e-09  1.81927200e+00  1.78072800e+00  2.43298692e+00  2.51923115e+00 
 2.48514000e-09  1.81864651e+00  1.78135349e+00  2.43397576e+00  2.51823927e+00 
 2.48564000e-09  1.81802083e+00  1.78197917e+00  2.43496558e+00  2.51724638e+00 
 2.48614000e-09  1.81739498e+00  1.78260502e+00  2.43595636e+00  2.51625249e+00 
 2.48664000e-09  1.81676896e+00  1.78323104e+00  2.43694807e+00  2.51525764e+00 
 2.48714000e-09  1.81614277e+00  1.78385723e+00  2.43794068e+00  2.51426183e+00 
 2.48764000e-09  1.81551643e+00  1.78448357e+00  2.43893417e+00  2.51326510e+00 
 2.48814000e-09  1.81488993e+00  1.78511007e+00  2.43992853e+00  2.51226747e+00 
 2.48864000e-09  1.81426328e+00  1.78573672e+00  2.44092372e+00  2.51126895e+00 
 2.48914000e-09  1.81363649e+00  1.78636351e+00  2.44191973e+00  2.51026957e+00 
 2.48964000e-09  1.81300957e+00  1.78699043e+00  2.44291653e+00  2.50926935e+00 
 2.49014000e-09  1.81238252e+00  1.78761748e+00  2.44391409e+00  2.50826831e+00 
 2.49064000e-09  1.81175534e+00  1.78824466e+00  2.44491241e+00  2.50726648e+00 
 2.49114000e-09  1.81112805e+00  1.78887195e+00  2.44591144e+00  2.50626387e+00 
 2.49164000e-09  1.81050066e+00  1.78949934e+00  2.44691117e+00  2.50526050e+00 
 2.49214000e-09  1.80987315e+00  1.79012685e+00  2.44791158e+00  2.50425640e+00 
 2.49264000e-09  1.80924555e+00  1.79075445e+00  2.44891263e+00  2.50325160e+00 
 2.49314000e-09  1.80861786e+00  1.79138214e+00  2.44991432e+00  2.50224610e+00 
 2.49364000e-09  1.80799008e+00  1.79200992e+00  2.45091661e+00  2.50123994e+00 
 2.49414000e-09  1.80736223e+00  1.79263777e+00  2.45191948e+00  2.50023313e+00 
 2.49464000e-09  1.80673430e+00  1.79326570e+00  2.45292292e+00  2.49922570e+00 
 2.49514000e-09  1.80610631e+00  1.79389369e+00  2.45392688e+00  2.49821767e+00 
 2.49564000e-09  1.80547825e+00  1.79452175e+00  2.45493136e+00  2.49720906e+00 
 2.49614000e-09  1.80485014e+00  1.79514986e+00  2.45593633e+00  2.49619990e+00 
 2.49664000e-09  1.80422199e+00  1.79577801e+00  2.45694176e+00  2.49519020e+00 
 2.49714000e-09  1.80359379e+00  1.79640621e+00  2.45794762e+00  2.49418000e+00 
 2.49764000e-09  1.80296555e+00  1.79703445e+00  2.45895391e+00  2.49316931e+00 
 2.49814000e-09  1.80233729e+00  1.79766271e+00  2.45996059e+00  2.49215815e+00 
 2.49864000e-09  1.80170901e+00  1.79829099e+00  2.46096763e+00  2.49114656e+00 
 2.49914000e-09  1.80108070e+00  1.79891930e+00  2.46197502e+00  2.49013455e+00 
 2.49964000e-09  1.80045239e+00  1.79954761e+00  2.46298272e+00  2.48912215e+00 
 2.50014000e-09  1.79982407e+00  1.80017593e+00  2.46399072e+00  2.48810939e+00 
 2.50064000e-09  1.79919575e+00  1.80080425e+00  2.46499900e+00  2.48709628e+00 
 2.50114000e-09  1.79856745e+00  1.80143255e+00  2.46600751e+00  2.48608286e+00 
 2.50164000e-09  1.79793915e+00  1.80206085e+00  2.46701625e+00  2.48506914e+00 
 2.50214000e-09  1.79731088e+00  1.80268912e+00  2.46802518e+00  2.48405516e+00 
 2.50264000e-09  1.79668263e+00  1.80331737e+00  2.46903428e+00  2.48304094e+00 
 2.50314000e-09  1.79605442e+00  1.80394558e+00  2.47004353e+00  2.48202650e+00 
 2.50364000e-09  1.79542624e+00  1.80457376e+00  2.47105290e+00  2.48101188e+00 
 2.50414000e-09  1.79479811e+00  1.80520189e+00  2.47206237e+00  2.47999709e+00 
 2.50464000e-09  1.79417003e+00  1.80582997e+00  2.47307190e+00  2.47898218e+00 
 2.50514000e-09  1.79354201e+00  1.80645799e+00  2.47408148e+00  2.47796715e+00 
 2.50564000e-09  1.79291405e+00  1.80708595e+00  2.47509108e+00  2.47695204e+00 
 2.50614000e-09  1.79228616e+00  1.80771384e+00  2.47610068e+00  2.47593689e+00 
 2.50664000e-09  1.79165835e+00  1.80834165e+00  2.47711025e+00  2.47492170e+00 
 2.50714000e-09  1.79103062e+00  1.80896938e+00  2.47811976e+00  2.47390652e+00 
 2.50764000e-09  1.79040298e+00  1.80959702e+00  2.47912919e+00  2.47289137e+00 
 2.50814000e-09  1.78977543e+00  1.81022457e+00  2.48013852e+00  2.47187628e+00 
 2.50864000e-09  1.78914799e+00  1.81085201e+00  2.48114772e+00  2.47086128e+00 
 2.50914000e-09  1.78852065e+00  1.81147935e+00  2.48215677e+00  2.46984639e+00 
 2.50964000e-09  1.78789342e+00  1.81210658e+00  2.48316565e+00  2.46883165e+00 
 2.51014000e-09  1.78726632e+00  1.81273368e+00  2.48417432e+00  2.46781707e+00 
 2.51064000e-09  1.78663934e+00  1.81336066e+00  2.48518277e+00  2.46680269e+00 
 2.51114000e-09  1.78601249e+00  1.81398751e+00  2.48619097e+00  2.46578854e+00 
 2.51164000e-09  1.78538578e+00  1.81461422e+00  2.48719891e+00  2.46477464e+00 
 2.51214000e-09  1.78475922e+00  1.81524078e+00  2.48820655e+00  2.46376101e+00 
 2.51264000e-09  1.78413280e+00  1.81586720e+00  2.48921387e+00  2.46274770e+00 
 2.51314000e-09  1.78350654e+00  1.81649346e+00  2.49022086e+00  2.46173472e+00 
 2.51364000e-09  1.78288045e+00  1.81711955e+00  2.49122750e+00  2.46072209e+00 
 2.51414000e-09  1.78225452e+00  1.81774548e+00  2.49223375e+00  2.45970985e+00 
 2.51464000e-09  1.78162877e+00  1.81837123e+00  2.49323960e+00  2.45869802e+00 
 2.51514000e-09  1.78100320e+00  1.81899680e+00  2.49424503e+00  2.45768663e+00 
 2.51564000e-09  1.78037781e+00  1.81962219e+00  2.49525002e+00  2.45667570e+00 
 2.51614000e-09  1.77975262e+00  1.82024738e+00  2.49625454e+00  2.45566526e+00 
 2.51664000e-09  1.77912763e+00  1.82087237e+00  2.49725859e+00  2.45465532e+00 
 2.51714000e-09  1.77850285e+00  1.82149715e+00  2.49826213e+00  2.45364593e+00 
 2.51764000e-09  1.77787828e+00  1.82212172e+00  2.49926515e+00  2.45263709e+00 
 2.51814000e-09  1.77725393e+00  1.82274607e+00  2.50026762e+00  2.45162883e+00 
 2.51864000e-09  1.77662980e+00  1.82337020e+00  2.50126954e+00  2.45062118e+00 
 2.51914000e-09  1.77600590e+00  1.82399410e+00  2.50227087e+00  2.44961416e+00 
 2.51964000e-09  1.77538224e+00  1.82461776e+00  2.50327161e+00  2.44860779e+00 
 2.52014000e-09  1.77475882e+00  1.82524118e+00  2.50427173e+00  2.44760210e+00 
 2.52064000e-09  1.77413565e+00  1.82586435e+00  2.50527121e+00  2.44659711e+00 
 2.52114000e-09  1.77351274e+00  1.82648726e+00  2.50627004e+00  2.44559284e+00 
 2.52164000e-09  1.77289009e+00  1.82710991e+00  2.50726819e+00  2.44458932e+00 
 2.52214000e-09  1.77226770e+00  1.82773230e+00  2.50826565e+00  2.44358656e+00 
 2.52264000e-09  1.77164559e+00  1.82835441e+00  2.50926239e+00  2.44258459e+00 
 2.52314000e-09  1.77102376e+00  1.82897624e+00  2.51025841e+00  2.44158343e+00 
 2.52364000e-09  1.77040221e+00  1.82959779e+00  2.51125367e+00  2.44058311e+00 
 2.52414000e-09  1.76978096e+00  1.83021904e+00  2.51224817e+00  2.43958364e+00 
 2.52464000e-09  1.76916001e+00  1.83083999e+00  2.51324188e+00  2.43858505e+00 
 2.52514000e-09  1.76853936e+00  1.83146064e+00  2.51423478e+00  2.43758736e+00 
 2.52564000e-09  1.76791902e+00  1.83208098e+00  2.51522685e+00  2.43659059e+00 
 2.52614000e-09  1.76729899e+00  1.83270101e+00  2.51621808e+00  2.43559477e+00 
 2.52664000e-09  1.76667929e+00  1.83332071e+00  2.51720844e+00  2.43459991e+00 
 2.52714000e-09  1.76605992e+00  1.83394008e+00  2.51819792e+00  2.43360604e+00 
 2.52764000e-09  1.76544088e+00  1.83455912e+00  2.51918649e+00  2.43261318e+00 
 2.52814000e-09  1.76482219e+00  1.83517781e+00  2.52017413e+00  2.43162136e+00 
 2.52864000e-09  1.76420384e+00  1.83579616e+00  2.52116082e+00  2.43063059e+00 
 2.52914000e-09  1.76358584e+00  1.83641416e+00  2.52214655e+00  2.42964089e+00 
 2.52964000e-09  1.76296821e+00  1.83703179e+00  2.52313129e+00  2.42865230e+00 
 2.53014000e-09  1.76235094e+00  1.83764906e+00  2.52411501e+00  2.42766483e+00 
 2.53064000e-09  1.76173404e+00  1.83826596e+00  2.52509770e+00  2.42667850e+00 
 2.53114000e-09  1.76111752e+00  1.83888248e+00  2.52607934e+00  2.42569333e+00 
 2.53164000e-09  1.76050138e+00  1.83949862e+00  2.52705990e+00  2.42470936e+00 
 2.53214000e-09  1.75988563e+00  1.84011437e+00  2.52803936e+00  2.42372659e+00 
 2.53264000e-09  1.75927028e+00  1.84072972e+00  2.52901770e+00  2.42274506e+00 
 2.53314000e-09  1.75865533e+00  1.84134467e+00  2.52999490e+00  2.42176478e+00 
 2.53364000e-09  1.75804079e+00  1.84195921e+00  2.53097092e+00  2.42078578e+00 
 2.53414000e-09  1.75742666e+00  1.84257334e+00  2.53194575e+00  2.41980808e+00 
 2.53464000e-09  1.75681296e+00  1.84318704e+00  2.53291936e+00  2.41883170e+00 
 2.53514000e-09  1.75619968e+00  1.84380032e+00  2.53389174e+00  2.41785667e+00 
 2.53564000e-09  1.75558683e+00  1.84441317e+00  2.53486284e+00  2.41688300e+00 
 2.53614000e-09  1.75497442e+00  1.84502558e+00  2.53583266e+00  2.41591072e+00 
 2.53664000e-09  1.75436245e+00  1.84563755e+00  2.53680116e+00  2.41493986e+00 
 2.53714000e-09  1.75375094e+00  1.84624906e+00  2.53776831e+00  2.41397042e+00 
 2.53764000e-09  1.75313988e+00  1.84686012e+00  2.53873410e+00  2.41300245e+00 
 2.53814000e-09  1.75252928e+00  1.84747072e+00  2.53969850e+00  2.41203595e+00 
 2.53864000e-09  1.75191915e+00  1.84808085e+00  2.54066147e+00  2.41107095e+00 
 2.53914000e-09  1.75130950e+00  1.84869050e+00  2.54162300e+00  2.41010748e+00 
 2.53964000e-09  1.75070033e+00  1.84929967e+00  2.54258306e+00  2.40914556e+00 
 2.54014000e-09  1.75009164e+00  1.84990836e+00  2.54354162e+00  2.40818521e+00 
 2.54064000e-09  1.74948345e+00  1.85051655e+00  2.54449865e+00  2.40722645e+00 
 2.54114000e-09  1.74887575e+00  1.85112425e+00  2.54545413e+00  2.40626930e+00 
 2.54164000e-09  1.74826856e+00  1.85173144e+00  2.54640803e+00  2.40531380e+00 
 2.54214000e-09  1.74766188e+00  1.85233812e+00  2.54736032e+00  2.40435996e+00 
 2.54264000e-09  1.74705572e+00  1.85294428e+00  2.54831097e+00  2.40340780e+00 
 2.54314000e-09  1.74645008e+00  1.85354992e+00  2.54925997e+00  2.40245735e+00 
 2.54364000e-09  1.74584496e+00  1.85415504e+00  2.55020727e+00  2.40150863e+00 
 2.54414000e-09  1.74524039e+00  1.85475961e+00  2.55115285e+00  2.40056167e+00 
 2.54464000e-09  1.74463635e+00  1.85536365e+00  2.55209668e+00  2.39961649e+00 
 2.54514000e-09  1.74403286e+00  1.85596714e+00  2.55303874e+00  2.39867312e+00 
 2.54564000e-09  1.74342992e+00  1.85657008e+00  2.55397899e+00  2.39773157e+00 
 2.54614000e-09  1.74282754e+00  1.85717246e+00  2.55491742e+00  2.39679187e+00 
 2.54664000e-09  1.74222572e+00  1.85777428e+00  2.55585398e+00  2.39585405e+00 
 2.54714000e-09  1.74162448e+00  1.85837552e+00  2.55678865e+00  2.39491812e+00 
 2.54764000e-09  1.74102381e+00  1.85897619e+00  2.55772140e+00  2.39398413e+00 
 2.54814000e-09  1.74042372e+00  1.85957628e+00  2.55865221e+00  2.39305208e+00 
 2.54864000e-09  1.73982422e+00  1.86017578e+00  2.55958104e+00  2.39212200e+00 
 2.54914000e-09  1.73922531e+00  1.86077469e+00  2.56050787e+00  2.39119393e+00 
 2.54964000e-09  1.73862701e+00  1.86137299e+00  2.56143266e+00  2.39026788e+00 
 2.55014000e-09  1.73802931e+00  1.86197069e+00  2.56235540e+00  2.38934388e+00 
 2.55064000e-09  1.73743222e+00  1.86256778e+00  2.56327604e+00  2.38842195e+00 
 2.55114000e-09  1.73683575e+00  1.86316425e+00  2.56419456e+00  2.38750213e+00 
 2.55164000e-09  1.73623990e+00  1.86376010e+00  2.56511093e+00  2.38658443e+00 
 2.55214000e-09  1.73564468e+00  1.86435532e+00  2.56602512e+00  2.38566889e+00 
 2.55264000e-09  1.73505010e+00  1.86494990e+00  2.56693710e+00  2.38475553e+00 
 2.55314000e-09  1.73445616e+00  1.86554384e+00  2.56784684e+00  2.38384437e+00 
 2.55364000e-09  1.73386286e+00  1.86613714e+00  2.56875431e+00  2.38293545e+00 
 2.55414000e-09  1.73327022e+00  1.86672978e+00  2.56965949e+00  2.38202879e+00 
 2.55464000e-09  1.73267823e+00  1.86732177e+00  2.57056234e+00  2.38112442e+00 
 2.55514000e-09  1.73208691e+00  1.86791309e+00  2.57146283e+00  2.38022236e+00 
 2.55564000e-09  1.73149626e+00  1.86850374e+00  2.57236093e+00  2.37932264e+00 
 2.55614000e-09  1.73090629e+00  1.86909371e+00  2.57325661e+00  2.37842529e+00 
 2.55664000e-09  1.73031700e+00  1.86968300e+00  2.57414985e+00  2.37753034e+00 
 2.55714000e-09  1.72972840e+00  1.87027160e+00  2.57504061e+00  2.37663782e+00 
 2.55764000e-09  1.72914049e+00  1.87085951e+00  2.57592886e+00  2.37574775e+00 
 2.55814000e-09  1.72855328e+00  1.87144672e+00  2.57681457e+00  2.37486017e+00 
 2.55864000e-09  1.72796677e+00  1.87203323e+00  2.57769771e+00  2.37397509e+00 
 2.55914000e-09  1.72738098e+00  1.87261902e+00  2.57857825e+00  2.37309256e+00 
 2.55964000e-09  1.72679590e+00  1.87320410e+00  2.57945615e+00  2.37221260e+00 
 2.56014000e-09  1.72621154e+00  1.87378846e+00  2.58033139e+00  2.37133524e+00 
 2.56064000e-09  1.72562792e+00  1.87437208e+00  2.58120394e+00  2.37046051e+00 
 2.56114000e-09  1.72504502e+00  1.87495498e+00  2.58207376e+00  2.36958844e+00 
 2.56164000e-09  1.72446287e+00  1.87553713e+00  2.58294083e+00  2.36871906e+00 
 2.56214000e-09  1.72388146e+00  1.87611854e+00  2.58380511e+00  2.36785240e+00 
 2.56264000e-09  1.72330081e+00  1.87669919e+00  2.58466656e+00  2.36698849e+00 
 2.56314000e-09  1.72272091e+00  1.87727909e+00  2.58552516e+00  2.36612737e+00 
 2.56364000e-09  1.72214177e+00  1.87785823e+00  2.58638088e+00  2.36526905e+00 
 2.56414000e-09  1.72156340e+00  1.87843660e+00  2.58723367e+00  2.36441358e+00 
 2.56464000e-09  1.72098581e+00  1.87901419e+00  2.58808352e+00  2.36356099e+00 
 2.56514000e-09  1.72040899e+00  1.87959101e+00  2.58893039e+00  2.36271130e+00 
 2.56564000e-09  1.71983296e+00  1.88016704e+00  2.58977424e+00  2.36186455e+00 
 2.56614000e-09  1.71925773e+00  1.88074227e+00  2.59061504e+00  2.36102077e+00 
 2.56664000e-09  1.71868329e+00  1.88131671e+00  2.59145276e+00  2.36018000e+00 
 2.56714000e-09  1.71810965e+00  1.88189035e+00  2.59228736e+00  2.35934226e+00 
 2.56764000e-09  1.71753682e+00  1.88246318e+00  2.59311881e+00  2.35850759e+00 
 2.56814000e-09  1.71696480e+00  1.88303520e+00  2.59394708e+00  2.35767602e+00 
 2.56864000e-09  1.71639361e+00  1.88360639e+00  2.59477213e+00  2.35684759e+00 
 2.56914000e-09  1.71582323e+00  1.88417677e+00  2.59559394e+00  2.35602232e+00 
 2.56964000e-09  1.71525369e+00  1.88474631e+00  2.59641245e+00  2.35520026e+00 
 2.57014000e-09  1.71468499e+00  1.88531501e+00  2.59722765e+00  2.35438143e+00 
 2.57064000e-09  1.71411713e+00  1.88588287e+00  2.59803949e+00  2.35356587e+00 
 2.57114000e-09  1.71355011e+00  1.88644989e+00  2.59884794e+00  2.35275362e+00 
 2.57164000e-09  1.71298395e+00  1.88701605e+00  2.59965296e+00  2.35194471e+00 
 2.57214000e-09  1.71241865e+00  1.88758135e+00  2.60045453e+00  2.35113916e+00 
 2.57264000e-09  1.71185421e+00  1.88814579e+00  2.60125260e+00  2.35033703e+00 
 2.57314000e-09  1.71129064e+00  1.88870936e+00  2.60204713e+00  2.34953834e+00 
 2.57364000e-09  1.71072795e+00  1.88927205e+00  2.60283810e+00  2.34874313e+00 
 2.57414000e-09  1.71016614e+00  1.88983386e+00  2.60362547e+00  2.34795143e+00 
 2.57464000e-09  1.70960521e+00  1.89039479e+00  2.60440919e+00  2.34716328e+00 
 2.57514000e-09  1.70904518e+00  1.89095482e+00  2.60518924e+00  2.34637872e+00 
 2.57564000e-09  1.70848605e+00  1.89151395e+00  2.60596557e+00  2.34559777e+00 
 2.57614000e-09  1.70792781e+00  1.89207219e+00  2.60673816e+00  2.34482049e+00 
 2.57664000e-09  1.70737049e+00  1.89262951e+00  2.60750696e+00  2.34404690e+00 
 2.57714000e-09  1.70681408e+00  1.89318592e+00  2.60827193e+00  2.34327704e+00 
 2.57764000e-09  1.70625859e+00  1.89374141e+00  2.60903304e+00  2.34251094e+00 
 2.57814000e-09  1.70570403e+00  1.89429597e+00  2.60979025e+00  2.34174866e+00 
 2.57864000e-09  1.70515040e+00  1.89484960e+00  2.61054352e+00  2.34099021e+00 
 2.57914000e-09  1.70459770e+00  1.89540230e+00  2.61129281e+00  2.34023564e+00 
 2.57964000e-09  1.70404594e+00  1.89595406e+00  2.61203810e+00  2.33948499e+00 
 2.58014000e-09  1.70349513e+00  1.89650487e+00  2.61277933e+00  2.33873829e+00 
 2.58064000e-09  1.70294528e+00  1.89705472e+00  2.61351647e+00  2.33799559e+00 
 2.58114000e-09  1.70239638e+00  1.89760362e+00  2.61424948e+00  2.33725691e+00 
 2.58164000e-09  1.70184845e+00  1.89815155e+00  2.61497833e+00  2.33652230e+00 
 2.58214000e-09  1.70130148e+00  1.89869852e+00  2.61570297e+00  2.33579179e+00 
 2.58264000e-09  1.70075549e+00  1.89924451e+00  2.61642336e+00  2.33506543e+00 
 2.58314000e-09  1.70021047e+00  1.89978953e+00  2.61713948e+00  2.33434325e+00 
 2.58364000e-09  1.69966645e+00  1.90033355e+00  2.61785127e+00  2.33362529e+00 
 2.58414000e-09  1.69912341e+00  1.90087659e+00  2.61855869e+00  2.33291159e+00 
 2.58464000e-09  1.69858137e+00  1.90141863e+00  2.61926172e+00  2.33220219e+00 
 2.58514000e-09  1.69804033e+00  1.90195967e+00  2.61996031e+00  2.33149712e+00 
 2.58564000e-09  1.69750029e+00  1.90249971e+00  2.62065442e+00  2.33079643e+00 
 2.58614000e-09  1.69696127e+00  1.90303873e+00  2.62134401e+00  2.33010015e+00 
 2.58664000e-09  1.69642326e+00  1.90357674e+00  2.62202904e+00  2.32940832e+00 
 2.58714000e-09  1.69588628e+00  1.90411372e+00  2.62270948e+00  2.32872098e+00 
 2.58764000e-09  1.69535032e+00  1.90464968e+00  2.62338528e+00  2.32803817e+00 
 2.58814000e-09  1.69481540e+00  1.90518460e+00  2.62405640e+00  2.32735993e+00 
 2.58864000e-09  1.69428151e+00  1.90571849e+00  2.62472282e+00  2.32668629e+00 
 2.58914000e-09  1.69374867e+00  1.90625133e+00  2.62538448e+00  2.32601730e+00 
 2.58964000e-09  1.69321688e+00  1.90678312e+00  2.62604134e+00  2.32535299e+00 
 2.59014000e-09  1.69268614e+00  1.90731386e+00  2.62669338e+00  2.32469340e+00 
 2.59064000e-09  1.69215646e+00  1.90784354e+00  2.62734055e+00  2.32403858e+00 
 2.59114000e-09  1.69162784e+00  1.90837216e+00  2.62798281e+00  2.32338854e+00 
 2.59164000e-09  1.69110030e+00  1.90889970e+00  2.62862013e+00  2.32274335e+00 
 2.59214000e-09  1.69057383e+00  1.90942617e+00  2.62925246e+00  2.32210302e+00 
 2.59264000e-09  1.69004844e+00  1.90995156e+00  2.62987977e+00  2.32146761e+00 
 2.59314000e-09  1.68952413e+00  1.91047587e+00  2.63050203e+00  2.32083714e+00 
 2.59364000e-09  1.68900091e+00  1.91099909e+00  2.63111919e+00  2.32021166e+00 
 2.59414000e-09  1.68847879e+00  1.91152121e+00  2.63173121e+00  2.31959120e+00 
 2.59464000e-09  1.68795777e+00  1.91204223e+00  2.63233807e+00  2.31897579e+00 
 2.59514000e-09  1.68743786e+00  1.91256214e+00  2.63293973e+00  2.31836548e+00 
 2.59564000e-09  1.68691906e+00  1.91308094e+00  2.63353614e+00  2.31776030e+00 
 2.59614000e-09  1.68640137e+00  1.91359863e+00  2.63412728e+00  2.31716028e+00 
 2.59664000e-09  1.68588481e+00  1.91411519e+00  2.63471311e+00  2.31656545e+00 
 2.59714000e-09  1.68536937e+00  1.91463063e+00  2.63529359e+00  2.31597586e+00 
 2.59764000e-09  1.68485506e+00  1.91514494e+00  2.63586870e+00  2.31539154e+00 
 2.59814000e-09  1.68434189e+00  1.91565811e+00  2.63643840e+00  2.31481251e+00 
 2.59864000e-09  1.68382986e+00  1.91617014e+00  2.63700266e+00  2.31423881e+00 
 2.59914000e-09  1.68331897e+00  1.91668103e+00  2.63756144e+00  2.31367048e+00 
 2.59964000e-09  1.68280924e+00  1.91719076e+00  2.63811472e+00  2.31310754e+00 
 2.60014000e-09  1.68230067e+00  1.91769933e+00  2.63866246e+00  2.31255002e+00 
 2.60064000e-09  1.68179325e+00  1.91820675e+00  2.63920465e+00  2.31199796e+00 
 2.60114000e-09  1.68128700e+00  1.91871300e+00  2.63974124e+00  2.31145138e+00 
 2.60164000e-09  1.68078193e+00  1.91921807e+00  2.64027221e+00  2.31091032e+00 
 2.60214000e-09  1.68027803e+00  1.91972197e+00  2.64079753e+00  2.31037479e+00 
 2.60264000e-09  1.67977531e+00  1.92022469e+00  2.64131719e+00  2.30984482e+00 
 2.60314000e-09  1.67927378e+00  1.92072622e+00  2.64183115e+00  2.30932044e+00 
 2.60364000e-09  1.67877344e+00  1.92122656e+00  2.64233939e+00  2.30880168e+00 
 2.60414000e-09  1.67827430e+00  1.92172570e+00  2.64284189e+00  2.30828855e+00 
 2.60464000e-09  1.67777636e+00  1.92222364e+00  2.64333863e+00  2.30778109e+00 
 2.60514000e-09  1.67727963e+00  1.92272037e+00  2.64382958e+00  2.30727930e+00 
 2.60564000e-09  1.67678410e+00  1.92321590e+00  2.64431474e+00  2.30678322e+00 
 2.60614000e-09  1.67628979e+00  1.92371021e+00  2.64479408e+00  2.30629285e+00 
 2.60664000e-09  1.67579671e+00  1.92420329e+00  2.64526758e+00  2.30580822e+00 
 2.60714000e-09  1.67530485e+00  1.92469515e+00  2.64573524e+00  2.30532934e+00 
 2.60764000e-09  1.67481422e+00  1.92518578e+00  2.64619704e+00  2.30485623e+00 
 2.60814000e-09  1.67432482e+00  1.92567518e+00  2.64665296e+00  2.30438890e+00 
 2.60864000e-09  1.67383667e+00  1.92616333e+00  2.64710300e+00  2.30392736e+00 
 2.60914000e-09  1.67334976e+00  1.92665024e+00  2.64754714e+00  2.30347163e+00 
 2.60964000e-09  1.67286410e+00  1.92713590e+00  2.64798539e+00  2.30302170e+00 
 2.61014000e-09  1.67237970e+00  1.92762030e+00  2.64841773e+00  2.30257760e+00 
 2.61064000e-09  1.67189655e+00  1.92810345e+00  2.64884417e+00  2.30213932e+00 
 2.61114000e-09  1.67141467e+00  1.92858533e+00  2.64926469e+00  2.30170688e+00 
 2.61164000e-09  1.67093406e+00  1.92906594e+00  2.64967931e+00  2.30128026e+00 
 2.61214000e-09  1.67045472e+00  1.92954528e+00  2.65008801e+00  2.30085948e+00 
 2.61264000e-09  1.66997666e+00  1.93002334e+00  2.65049081e+00  2.30044453e+00 
 2.61314000e-09  1.66949989e+00  1.93050011e+00  2.65088771e+00  2.30003541e+00 
 2.61364000e-09  1.66902440e+00  1.93097560e+00  2.65127871e+00  2.29963212e+00 
 2.61414000e-09  1.66855020e+00  1.93144980e+00  2.65166383e+00  2.29923465e+00 
 2.61464000e-09  1.66807731e+00  1.93192269e+00  2.65204307e+00  2.29884300e+00 
 2.61514000e-09  1.66760571e+00  1.93239429e+00  2.65241644e+00  2.29845714e+00 
 2.61564000e-09  1.66713542e+00  1.93286458e+00  2.65278397e+00  2.29807708e+00 
 2.61614000e-09  1.66666645e+00  1.93333355e+00  2.65314567e+00  2.29770280e+00 
 2.61664000e-09  1.66619878e+00  1.93380122e+00  2.65350155e+00  2.29733428e+00 
 2.61714000e-09  1.66573244e+00  1.93426756e+00  2.65385163e+00  2.29697151e+00 
 2.61764000e-09  1.66526743e+00  1.93473257e+00  2.65419594e+00  2.29661446e+00 
 2.61814000e-09  1.66480374e+00  1.93519626e+00  2.65453451e+00  2.29626313e+00 
 2.61864000e-09  1.66434139e+00  1.93565861e+00  2.65486735e+00  2.29591748e+00 
 2.61914000e-09  1.66388038e+00  1.93611962e+00  2.65519449e+00  2.29557749e+00 
 2.61964000e-09  1.66342071e+00  1.93657929e+00  2.65551597e+00  2.29524314e+00 
 2.62014000e-09  1.66296238e+00  1.93703762e+00  2.65583181e+00  2.29491439e+00 
 2.62064000e-09  1.66250542e+00  1.93749458e+00  2.65614204e+00  2.29459122e+00 
 2.62114000e-09  1.66204980e+00  1.93795020e+00  2.65644671e+00  2.29427360e+00 
 2.62164000e-09  1.66159555e+00  1.93840445e+00  2.65674585e+00  2.29396149e+00 
 2.62214000e-09  1.66114267e+00  1.93885733e+00  2.65703950e+00  2.29365486e+00 
 2.62264000e-09  1.66069116e+00  1.93930884e+00  2.65732770e+00  2.29335367e+00 
 2.62314000e-09  1.66024102e+00  1.93975898e+00  2.65761048e+00  2.29305788e+00 
 2.62364000e-09  1.65979226e+00  1.94020774e+00  2.65788790e+00  2.29276746e+00 
 2.62414000e-09  1.65934488e+00  1.94065512e+00  2.65815999e+00  2.29248235e+00 
 2.62464000e-09  1.65889889e+00  1.94110111e+00  2.65842681e+00  2.29220252e+00 
 2.62514000e-09  1.65845430e+00  1.94154570e+00  2.65868841e+00  2.29192793e+00 
 2.62564000e-09  1.65801110e+00  1.94198890e+00  2.65894482e+00  2.29165852e+00 
 2.62614000e-09  1.65756930e+00  1.94243070e+00  2.65919611e+00  2.29139425e+00 
 2.62664000e-09  1.65712891e+00  1.94287109e+00  2.65944233e+00  2.29113507e+00 
 2.62714000e-09  1.65668993e+00  1.94331007e+00  2.65968352e+00  2.29088093e+00 
 2.62764000e-09  1.65625236e+00  1.94374764e+00  2.65991975e+00  2.29063177e+00 
 2.62814000e-09  1.65581622e+00  1.94418378e+00  2.66015108e+00  2.29038755e+00 
 2.62864000e-09  1.65538149e+00  1.94461851e+00  2.66037755e+00  2.29014821e+00 
 2.62914000e-09  1.65494819e+00  1.94505181e+00  2.66059923e+00  2.28991370e+00 
 2.62964000e-09  1.65451633e+00  1.94548367e+00  2.66081617e+00  2.28968395e+00 
 2.63014000e-09  1.65408590e+00  1.94591410e+00  2.66102844e+00  2.28945891e+00 
 2.63064000e-09  1.65365691e+00  1.94634309e+00  2.66123610e+00  2.28923853e+00 
 2.63114000e-09  1.65322936e+00  1.94677064e+00  2.66143921e+00  2.28902274e+00 
 2.63164000e-09  1.65280327e+00  1.94719673e+00  2.66163784e+00  2.28881148e+00 
 2.63214000e-09  1.65237862e+00  1.94762138e+00  2.66183204e+00  2.28860469e+00 
 2.63264000e-09  1.65195544e+00  1.94804456e+00  2.66202188e+00  2.28840231e+00 
 2.63314000e-09  1.65153371e+00  1.94846629e+00  2.66220742e+00  2.28820429e+00 
 2.63364000e-09  1.65111345e+00  1.94888655e+00  2.66238874e+00  2.28801054e+00 
 2.63414000e-09  1.65069466e+00  1.94930534e+00  2.66256589e+00  2.28782102e+00 
 2.63464000e-09  1.65027734e+00  1.94972266e+00  2.66273894e+00  2.28763566e+00 
 2.63514000e-09  1.64986150e+00  1.95013850e+00  2.66290797e+00  2.28745440e+00 
 2.63564000e-09  1.64944714e+00  1.95055286e+00  2.66307302e+00  2.28727716e+00 
 2.63614000e-09  1.64903427e+00  1.95096573e+00  2.66323418e+00  2.28710389e+00 
 2.63664000e-09  1.64862289e+00  1.95137711e+00  2.66339151e+00  2.28693452e+00 
 2.63714000e-09  1.64821300e+00  1.95178700e+00  2.66354507e+00  2.28676899e+00 
 2.63764000e-09  1.64780461e+00  1.95219539e+00  2.66369493e+00  2.28660723e+00 
 2.63814000e-09  1.64739772e+00  1.95260228e+00  2.66384117e+00  2.28644918e+00 
 2.63864000e-09  1.64699234e+00  1.95300766e+00  2.66398383e+00  2.28629476e+00 
 2.63914000e-09  1.64658847e+00  1.95341153e+00  2.66412300e+00  2.28614393e+00 
 2.63964000e-09  1.64618611e+00  1.95381389e+00  2.66425874e+00  2.28599660e+00 
 2.64014000e-09  1.64578527e+00  1.95421473e+00  2.66439111e+00  2.28585272e+00 
 2.64064000e-09  1.64538595e+00  1.95461405e+00  2.66452018e+00  2.28571223e+00 
 2.64114000e-09  1.64498816e+00  1.95501184e+00  2.66464601e+00  2.28557505e+00 
 2.64164000e-09  1.64459190e+00  1.95540810e+00  2.66476868e+00  2.28544113e+00 
 2.64214000e-09  1.64419717e+00  1.95580283e+00  2.66488824e+00  2.28531039e+00 
 2.64264000e-09  1.64380398e+00  1.95619602e+00  2.66500475e+00  2.28518279e+00 
 2.64314000e-09  1.64341233e+00  1.95658767e+00  2.66511829e+00  2.28505825e+00 
 2.64364000e-09  1.64302223e+00  1.95697777e+00  2.66522891e+00  2.28493672e+00 
 2.64414000e-09  1.64263367e+00  1.95736633e+00  2.66533668e+00  2.28481813e+00 
 2.64464000e-09  1.64224667e+00  1.95775333e+00  2.66544165e+00  2.28470242e+00 
 2.64514000e-09  1.64186123e+00  1.95813877e+00  2.66554390e+00  2.28458953e+00 
 2.64564000e-09  1.64147735e+00  1.95852265e+00  2.66564347e+00  2.28447940e+00 
 2.64614000e-09  1.64109503e+00  1.95890497e+00  2.66574043e+00  2.28437198e+00 
 2.64664000e-09  1.64071428e+00  1.95928572e+00  2.66583484e+00  2.28426720e+00 
 2.64714000e-09  1.64033510e+00  1.95966490e+00  2.66592676e+00  2.28416501e+00 
 2.64764000e-09  1.63995750e+00  1.96004250e+00  2.66601624e+00  2.28406534e+00 
 2.64814000e-09  1.63958148e+00  1.96041852e+00  2.66610334e+00  2.28396815e+00 
 2.64864000e-09  1.63920704e+00  1.96079296e+00  2.66618811e+00  2.28387337e+00 
 2.64914000e-09  1.63883418e+00  1.96116582e+00  2.66627061e+00  2.28378096e+00 
 2.64964000e-09  1.63846292e+00  1.96153708e+00  2.66635090e+00  2.28369086e+00 
 2.65014000e-09  1.63809326e+00  1.96190674e+00  2.66642903e+00  2.28360302e+00 
 2.65064000e-09  1.63772519e+00  1.96227481e+00  2.66650504e+00  2.28351737e+00 
 2.65114000e-09  1.63735872e+00  1.96264128e+00  2.66657900e+00  2.28343388e+00 
 2.65164000e-09  1.63699386e+00  1.96300614e+00  2.66665095e+00  2.28335250e+00 
 2.65214000e-09  1.63663060e+00  1.96336940e+00  2.66672093e+00  2.28327316e+00 
 2.65264000e-09  1.63626896e+00  1.96373104e+00  2.66678901e+00  2.28319583e+00 
 2.65314000e-09  1.63590893e+00  1.96409107e+00  2.66685523e+00  2.28312045e+00 
 2.65364000e-09  1.63555053e+00  1.96444947e+00  2.66691963e+00  2.28304698e+00 
 2.65414000e-09  1.63519375e+00  1.96480625e+00  2.66698227e+00  2.28297537e+00 
 2.65464000e-09  1.63483859e+00  1.96516141e+00  2.66704318e+00  2.28290557e+00 
 2.65514000e-09  1.63448506e+00  1.96551494e+00  2.66710241e+00  2.28283755e+00 
 2.65564000e-09  1.63413317e+00  1.96586683e+00  2.66716000e+00  2.28277126e+00 
 2.65614000e-09  1.63378291e+00  1.96621709e+00  2.66721600e+00  2.28270665e+00 
 2.65664000e-09  1.63343430e+00  1.96656570e+00  2.66727045e+00  2.28264368e+00 
 2.65714000e-09  1.63308733e+00  1.96691267e+00  2.66732339e+00  2.28258232e+00 
 2.65764000e-09  1.63274200e+00  1.96725800e+00  2.66737486e+00  2.28252252e+00 
 2.65814000e-09  1.63239833e+00  1.96760167e+00  2.66742490e+00  2.28246423e+00 
 2.65864000e-09  1.63205631e+00  1.96794369e+00  2.66747354e+00  2.28240744e+00 
 2.65914000e-09  1.63171595e+00  1.96828405e+00  2.66752083e+00  2.28235208e+00 
 2.65964000e-09  1.63137725e+00  1.96862275e+00  2.66756679e+00  2.28229814e+00 
 2.66014000e-09  1.63104021e+00  1.96895979e+00  2.66761148e+00  2.28224557e+00 
 2.66064000e-09  1.63070484e+00  1.96929516e+00  2.66765491e+00  2.28219434e+00 
 2.66114000e-09  1.63037115e+00  1.96962885e+00  2.66769713e+00  2.28214441e+00 
 2.66164000e-09  1.63003912e+00  1.96996088e+00  2.66773817e+00  2.28209575e+00 
 2.66214000e-09  1.62970878e+00  1.97029122e+00  2.66777806e+00  2.28204832e+00 
 2.66264000e-09  1.62938011e+00  1.97061989e+00  2.66781683e+00  2.28200210e+00 
 2.66314000e-09  1.62905313e+00  1.97094687e+00  2.66785452e+00  2.28195705e+00 
 2.66364000e-09  1.62872783e+00  1.97127217e+00  2.66789115e+00  2.28191315e+00 
 2.66414000e-09  1.62840423e+00  1.97159577e+00  2.66792676e+00  2.28187035e+00 
 2.66464000e-09  1.62808232e+00  1.97191768e+00  2.66796136e+00  2.28182864e+00 
 2.66514000e-09  1.62776211e+00  1.97223789e+00  2.66799500e+00  2.28178799e+00 
 2.66564000e-09  1.62744359e+00  1.97255641e+00  2.66802769e+00  2.28174836e+00 
 2.66614000e-09  1.62712678e+00  1.97287322e+00  2.66805947e+00  2.28170973e+00 
 2.66664000e-09  1.62681168e+00  1.97318832e+00  2.66809036e+00  2.28167208e+00 
 2.66714000e-09  1.62649828e+00  1.97350172e+00  2.66812038e+00  2.28163537e+00 
 2.66764000e-09  1.62618660e+00  1.97381340e+00  2.66814957e+00  2.28159958e+00 
 2.66814000e-09  1.62587663e+00  1.97412337e+00  2.66817793e+00  2.28156470e+00 
 2.66864000e-09  1.62556838e+00  1.97443162e+00  2.66820551e+00  2.28153069e+00 
 2.66914000e-09  1.62526186e+00  1.97473814e+00  2.66823232e+00  2.28149753e+00 
 2.66964000e-09  1.62495705e+00  1.97504295e+00  2.66825837e+00  2.28146520e+00 
 2.67014000e-09  1.62465398e+00  1.97534602e+00  2.66828371e+00  2.28143367e+00 
 2.67064000e-09  1.62435263e+00  1.97564737e+00  2.66830833e+00  2.28140294e+00 
 2.67114000e-09  1.62405302e+00  1.97594698e+00  2.66833228e+00  2.28137297e+00 
 2.67164000e-09  1.62375515e+00  1.97624485e+00  2.66835556e+00  2.28134374e+00 
 2.67214000e-09  1.62345901e+00  1.97654099e+00  2.66837819e+00  2.28131524e+00 
 2.67264000e-09  1.62316462e+00  1.97683538e+00  2.66840020e+00  2.28128744e+00 
 2.67314000e-09  1.62287197e+00  1.97712803e+00  2.66842160e+00  2.28126034e+00 
 2.67364000e-09  1.62258107e+00  1.97741893e+00  2.66844241e+00  2.28123390e+00 
 2.67414000e-09  1.62229193e+00  1.97770807e+00  2.66846264e+00  2.28120811e+00 
 2.67464000e-09  1.62200453e+00  1.97799547e+00  2.66848232e+00  2.28118296e+00 
 2.67514000e-09  1.62171889e+00  1.97828111e+00  2.66850147e+00  2.28115843e+00 
 2.67564000e-09  1.62143502e+00  1.97856498e+00  2.66852008e+00  2.28113450e+00 
 2.67614000e-09  1.62115290e+00  1.97884710e+00  2.66853819e+00  2.28111115e+00 
 2.67664000e-09  1.62087255e+00  1.97912745e+00  2.66855581e+00  2.28108838e+00 
 2.67714000e-09  1.62059397e+00  1.97940603e+00  2.66857295e+00  2.28106616e+00 
 2.67764000e-09  1.62031716e+00  1.97968284e+00  2.66858962e+00  2.28104449e+00 
 2.67814000e-09  1.62004212e+00  1.97995788e+00  2.66860585e+00  2.28102334e+00 
 2.67864000e-09  1.61976886e+00  1.98023114e+00  2.66862163e+00  2.28100271e+00 
 2.67914000e-09  1.61949737e+00  1.98050263e+00  2.66863700e+00  2.28098258e+00 
 2.67964000e-09  1.61922767e+00  1.98077233e+00  2.66865195e+00  2.28096294e+00 
 2.68014000e-09  1.61895975e+00  1.98104025e+00  2.66866650e+00  2.28094377e+00 
 2.68064000e-09  1.61869362e+00  1.98130638e+00  2.66868067e+00  2.28092507e+00 
 2.68114000e-09  1.61842928e+00  1.98157072e+00  2.66869446e+00  2.28090682e+00 
 2.68164000e-09  1.61816673e+00  1.98183327e+00  2.66870789e+00  2.28088901e+00 
 2.68214000e-09  1.61790598e+00  1.98209402e+00  2.66872097e+00  2.28087163e+00 
 2.68264000e-09  1.61764702e+00  1.98235298e+00  2.66873370e+00  2.28085467e+00 
 2.68314000e-09  1.61738986e+00  1.98261014e+00  2.66874610e+00  2.28083811e+00 
 2.68364000e-09  1.61713450e+00  1.98286550e+00  2.66875818e+00  2.28082196e+00 
 2.68414000e-09  1.61688095e+00  1.98311905e+00  2.66876995e+00  2.28080619e+00 
 2.68464000e-09  1.61662921e+00  1.98337079e+00  2.66878142e+00  2.28079080e+00 
 2.68514000e-09  1.61637928e+00  1.98362072e+00  2.66879259e+00  2.28077578e+00 
 2.68564000e-09  1.61613115e+00  1.98386885e+00  2.66880348e+00  2.28076113e+00 
 2.68614000e-09  1.61588485e+00  1.98411515e+00  2.66881410e+00  2.28074682e+00 
 2.68664000e-09  1.61564036e+00  1.98435964e+00  2.66882444e+00  2.28073286e+00 
 2.68714000e-09  1.61539769e+00  1.98460231e+00  2.66883453e+00  2.28071923e+00 
 2.68764000e-09  1.61515684e+00  1.98484316e+00  2.66884437e+00  2.28070593e+00 
 2.68814000e-09  1.61491782e+00  1.98508218e+00  2.66885397e+00  2.28069294e+00 
 2.68864000e-09  1.61468062e+00  1.98531938e+00  2.66886333e+00  2.28068027e+00 
 2.68914000e-09  1.61444525e+00  1.98555475e+00  2.66887246e+00  2.28066791e+00 
 2.68964000e-09  1.61421171e+00  1.98578829e+00  2.66888137e+00  2.28065584e+00 
 2.69014000e-09  1.61398001e+00  1.98601999e+00  2.66889006e+00  2.28064406e+00 
 2.69064000e-09  1.61375014e+00  1.98624986e+00  2.66889855e+00  2.28063256e+00 
 2.69114000e-09  1.61352211e+00  1.98647789e+00  2.66890684e+00  2.28062134e+00 
 2.69164000e-09  1.61329593e+00  1.98670407e+00  2.66891493e+00  2.28061039e+00 
 2.69214000e-09  1.61307158e+00  1.98692842e+00  2.66892283e+00  2.28059970e+00 
 2.69264000e-09  1.61284908e+00  1.98715092e+00  2.66893055e+00  2.28058927e+00 
 2.69314000e-09  1.61262843e+00  1.98737157e+00  2.66893809e+00  2.28057909e+00 
 2.69364000e-09  1.61240962e+00  1.98759038e+00  2.66894546e+00  2.28056916e+00 
 2.69414000e-09  1.61219267e+00  1.98780733e+00  2.66895266e+00  2.28055947e+00 
 2.69464000e-09  1.61197757e+00  1.98802243e+00  2.66895971e+00  2.28055001e+00 
 2.69514000e-09  1.61176433e+00  1.98823567e+00  2.66896659e+00  2.28054078e+00 
 2.69564000e-09  1.61155294e+00  1.98844706e+00  2.66897332e+00  2.28053178e+00 
 2.69614000e-09  1.61134341e+00  1.98865659e+00  2.66897991e+00  2.28052300e+00 
 2.69664000e-09  1.61113575e+00  1.98886425e+00  2.66898635e+00  2.28051443e+00 
 2.69714000e-09  1.61092995e+00  1.98907005e+00  2.66899266e+00  2.28050607e+00 
 2.69764000e-09  1.61072601e+00  1.98927399e+00  2.66899883e+00  2.28049791e+00 
 2.69814000e-09  1.61052395e+00  1.98947605e+00  2.66900487e+00  2.28048996e+00 
 2.69864000e-09  1.61032375e+00  1.98967625e+00  2.66901079e+00  2.28048220e+00 
 2.69914000e-09  1.61012543e+00  1.98987457e+00  2.66901658e+00  2.28047463e+00 
 2.69964000e-09  1.60992898e+00  1.99007102e+00  2.66902226e+00  2.28046725e+00 
 2.70014000e-09  1.60973441e+00  1.99026559e+00  2.66902782e+00  2.28046005e+00 
 2.70064000e-09  1.60954171e+00  1.99045829e+00  2.66903327e+00  2.28045303e+00 
 2.70114000e-09  1.60935089e+00  1.99064911e+00  2.66903861e+00  2.28044618e+00 
 2.70164000e-09  1.60916196e+00  1.99083804e+00  2.66904385e+00  2.28043951e+00 
 2.70214000e-09  1.60897491e+00  1.99102509e+00  2.66904898e+00  2.28043300e+00 
 2.70264000e-09  1.60878974e+00  1.99121026e+00  2.66905402e+00  2.28042665e+00 
 2.70314000e-09  1.60860646e+00  1.99139354e+00  2.66905896e+00  2.28042047e+00 
 2.70364000e-09  1.60842507e+00  1.99157493e+00  2.66906381e+00  2.28041444e+00 
 2.70414000e-09  1.60824557e+00  1.99175443e+00  2.66906856e+00  2.28040856e+00 
 2.70464000e-09  1.60806797e+00  1.99193203e+00  2.66907323e+00  2.28040283e+00 
 2.70514000e-09  1.60789225e+00  1.99210775e+00  2.66907782e+00  2.28039725e+00 
 2.70564000e-09  1.60771844e+00  1.99228156e+00  2.66908232e+00  2.28039181e+00 
 2.70614000e-09  1.60754652e+00  1.99245348e+00  2.66908674e+00  2.28038651e+00 
 2.70664000e-09  1.60737650e+00  1.99262350e+00  2.66909109e+00  2.28038135e+00 
 2.70714000e-09  1.60720838e+00  1.99279162e+00  2.66909536e+00  2.28037632e+00 
 2.70764000e-09  1.60704217e+00  1.99295783e+00  2.66909955e+00  2.28037142e+00 
 2.70814000e-09  1.60687786e+00  1.99312214e+00  2.66910368e+00  2.28036665e+00 
 2.70864000e-09  1.60671545e+00  1.99328455e+00  2.66910773e+00  2.28036201e+00 
 2.70914000e-09  1.60655496e+00  1.99344504e+00  2.66911172e+00  2.28035749e+00 
 2.70964000e-09  1.60639637e+00  1.99360363e+00  2.66911564e+00  2.28035309e+00 
 2.71014000e-09  1.60623969e+00  1.99376031e+00  2.66911950e+00  2.28034881e+00 
 2.71064000e-09  1.60608493e+00  1.99391507e+00  2.66912329e+00  2.28034464e+00 
 2.71114000e-09  1.60593208e+00  1.99406792e+00  2.66912703e+00  2.28034059e+00 
 2.71164000e-09  1.60578114e+00  1.99421886e+00  2.66913071e+00  2.28033665e+00 
 2.71214000e-09  1.60563212e+00  1.99436788e+00  2.66913433e+00  2.28033282e+00 
 2.71264000e-09  1.60548502e+00  1.99451498e+00  2.66913790e+00  2.28032909e+00 
 2.71314000e-09  1.60533984e+00  1.99466016e+00  2.66914141e+00  2.28032547e+00 
 2.71364000e-09  1.60519658e+00  1.99480342e+00  2.66914487e+00  2.28032196e+00 
 2.71414000e-09  1.60505525e+00  1.99494475e+00  2.66914828e+00  2.28031854e+00 
 2.71464000e-09  1.60491583e+00  1.99508417e+00  2.66915164e+00  2.28031523e+00 
 2.71514000e-09  1.60477835e+00  1.99522165e+00  2.66915496e+00  2.28031202e+00 
 2.71564000e-09  1.60464278e+00  1.99535722e+00  2.66915823e+00  2.28030890e+00 
 2.71614000e-09  1.60450915e+00  1.99549085e+00  2.66916145e+00  2.28030588e+00 
 2.71664000e-09  1.60437745e+00  1.99562255e+00  2.66916464e+00  2.28030295e+00 
 2.71714000e-09  1.60424768e+00  1.99575232e+00  2.66916778e+00  2.28030011e+00 
 2.71764000e-09  1.60411984e+00  1.99588016e+00  2.66917088e+00  2.28029737e+00 
 2.71814000e-09  1.60399393e+00  1.99600607e+00  2.66917394e+00  2.28029471e+00 
 2.71864000e-09  1.60386996e+00  1.99613004e+00  2.66917696e+00  2.28029215e+00 
 2.71914000e-09  1.60374792e+00  1.99625208e+00  2.66917995e+00  2.28028967e+00 
 2.71964000e-09  1.60362782e+00  1.99637218e+00  2.66918290e+00  2.28028728e+00 
 2.72014000e-09  1.60350966e+00  1.99649034e+00  2.66918582e+00  2.28028497e+00 
 2.72064000e-09  1.60339344e+00  1.99660656e+00  2.66918870e+00  2.28028275e+00 
 2.72114000e-09  1.60327916e+00  1.99672084e+00  2.66919155e+00  2.28028061e+00 
 2.72164000e-09  1.60316682e+00  1.99683318e+00  2.66919438e+00  2.28027855e+00 
 2.72214000e-09  1.60305642e+00  1.99694358e+00  2.66919717e+00  2.28027658e+00 
 2.72264000e-09  1.60294796e+00  1.99705204e+00  2.66919993e+00  2.28027469e+00 
 2.72314000e-09  1.60284145e+00  1.99715855e+00  2.66920267e+00  2.28027287e+00 
 2.72364000e-09  1.60273689e+00  1.99726311e+00  2.66920538e+00  2.28027114e+00 
 2.72414000e-09  1.60263427e+00  1.99736573e+00  2.66920807e+00  2.28026949e+00 
 2.72464000e-09  1.60253361e+00  1.99746639e+00  2.66921073e+00  2.28026791e+00 
 2.72514000e-09  1.60243489e+00  1.99756511e+00  2.66921337e+00  2.28026641e+00 
 2.72564000e-09  1.60233812e+00  1.99766188e+00  2.66921598e+00  2.28026498e+00 
 2.72614000e-09  1.60224330e+00  1.99775670e+00  2.66921858e+00  2.28026363e+00 
 2.72664000e-09  1.60215043e+00  1.99784957e+00  2.66922115e+00  2.28026236e+00 
 2.72714000e-09  1.60205952e+00  1.99794048e+00  2.66922371e+00  2.28026116e+00 
 2.72764000e-09  1.60197056e+00  1.99802944e+00  2.66922624e+00  2.28026004e+00 
 2.72814000e-09  1.60188355e+00  1.99811645e+00  2.66922876e+00  2.28025899e+00 
 2.72864000e-09  1.60179850e+00  1.99820150e+00  2.66923126e+00  2.28025801e+00 
 2.72914000e-09  1.60171540e+00  1.99828460e+00  2.66923375e+00  2.28025711e+00 
 2.72964000e-09  1.60163427e+00  1.99836573e+00  2.66923622e+00  2.28025627e+00 
 2.73014000e-09  1.60155509e+00  1.99844491e+00  2.66923867e+00  2.28025551e+00 
 2.73064000e-09  1.60147787e+00  1.99852213e+00  2.66924112e+00  2.28025482e+00 
 2.73114000e-09  1.60140260e+00  1.99859740e+00  2.66924354e+00  2.28025420e+00 
 2.73164000e-09  1.60132930e+00  1.99867070e+00  2.66924596e+00  2.28025365e+00 
 2.73214000e-09  1.60125796e+00  1.99874204e+00  2.66924837e+00  2.28025317e+00 
 2.73264000e-09  1.60118858e+00  1.99881142e+00  2.66925076e+00  2.28025276e+00 
 2.73314000e-09  1.60112116e+00  1.99887884e+00  2.66925314e+00  2.28025242e+00 
 2.73364000e-09  1.60105571e+00  1.99894429e+00  2.66925552e+00  2.28025215e+00 
 2.73414000e-09  1.60099222e+00  1.99900778e+00  2.66925788e+00  2.28025195e+00 
 2.73464000e-09  1.60093069e+00  1.99906931e+00  2.66926024e+00  2.28025181e+00 
 2.73514000e-09  1.60087113e+00  1.99912887e+00  2.66926259e+00  2.28025174e+00 
 2.73564000e-09  1.60081353e+00  1.99918647e+00  2.66926493e+00  2.28025174e+00 
 2.73614000e-09  1.60075790e+00  1.99924210e+00  2.66926726e+00  2.28025181e+00 
 2.73664000e-09  1.60070424e+00  1.99929576e+00  2.66926959e+00  2.28025194e+00 
 2.73714000e-09  1.60065254e+00  1.99934746e+00  2.66927191e+00  2.28025214e+00 
 2.73764000e-09  1.60060281e+00  1.99939719e+00  2.66927423e+00  2.28025240e+00 
 2.73814000e-09  1.60055504e+00  1.99944496e+00  2.66927654e+00  2.28025273e+00 
 2.73864000e-09  1.60050925e+00  1.99949075e+00  2.66927885e+00  2.28025312e+00 
 2.73914000e-09  1.60046543e+00  1.99953457e+00  2.66928115e+00  2.28025358e+00 
 2.73964000e-09  1.60042357e+00  1.99957643e+00  2.66928345e+00  2.28025411e+00 
 2.74014000e-09  1.60038368e+00  1.99961632e+00  2.66928575e+00  2.28025470e+00 
 2.74064000e-09  1.60034577e+00  1.99965423e+00  2.66928804e+00  2.28025535e+00 
 2.74114000e-09  1.60030982e+00  1.99969018e+00  2.66929033e+00  2.28025607e+00 
 2.74164000e-09  1.60027585e+00  1.99972415e+00  2.66929262e+00  2.28025685e+00 
 2.74214000e-09  1.60024385e+00  1.99975615e+00  2.66929491e+00  2.28025769e+00 
 2.74264000e-09  1.60021381e+00  1.99978619e+00  2.66929720e+00  2.28025860e+00 
 2.74314000e-09  1.60018576e+00  1.99981424e+00  2.66929948e+00  2.28025957e+00 
 2.74364000e-09  1.60015967e+00  1.99984033e+00  2.66930177e+00  2.28026061e+00 
 2.74414000e-09  1.60013555e+00  1.99986445e+00  2.66930405e+00  2.28026170e+00 
 2.74464000e-09  1.60011341e+00  1.99988659e+00  2.66930634e+00  2.28026286e+00 
 2.74514000e-09  1.60009324e+00  1.99990676e+00  2.66930862e+00  2.28026408e+00 
 2.74564000e-09  1.60007504e+00  1.99992496e+00  2.66931090e+00  2.28026536e+00 
 2.74614000e-09  1.60005882e+00  1.99994118e+00  2.66931319e+00  2.28026671e+00 
 2.74664000e-09  1.60004457e+00  1.99995543e+00  2.66931547e+00  2.28026811e+00 
 2.74714000e-09  1.60003229e+00  1.99996771e+00  2.66931776e+00  2.28026958e+00 
 2.74764000e-09  1.60002199e+00  1.99997801e+00  2.66932005e+00  2.28027111e+00 
 2.74814000e-09  1.60001366e+00  1.99998634e+00  2.66932234e+00  2.28027270e+00 
 2.74864000e-09  1.60000730e+00  1.99999270e+00  2.66932463e+00  2.28027435e+00 
 2.74914000e-09  1.60000292e+00  1.99999708e+00  2.66932692e+00  2.28027606e+00 
 2.74964000e-09  1.60000051e+00  1.99999949e+00  2.66932922e+00  2.28027783e+00 
 2.75014000e-09  1.60000008e+00  1.99999992e+00  2.66933151e+00  2.28027966e+00 
 2.75064000e-09  1.60000162e+00  1.99999838e+00  2.66933381e+00  2.28028156e+00 
 2.75114000e-09  1.60000513e+00  1.99999487e+00  2.66933611e+00  2.28028351e+00 
 2.75164000e-09  1.60001062e+00  1.99998938e+00  2.66933842e+00  2.28028552e+00 
 2.75214000e-09  1.60001808e+00  1.99998192e+00  2.66934072e+00  2.28028759e+00 
 2.75264000e-09  1.60002751e+00  1.99997249e+00  2.66934303e+00  2.28028973e+00 
 2.75314000e-09  1.60003892e+00  1.99996108e+00  2.66934534e+00  2.28029192e+00 
 2.75364000e-09  1.60005231e+00  1.99994769e+00  2.66934765e+00  2.28029417e+00 
 2.75414000e-09  1.60006766e+00  1.99993234e+00  2.66934997e+00  2.28029649e+00 
 2.75464000e-09  1.60008499e+00  1.99991501e+00  2.66935229e+00  2.28029886e+00 
 2.75514000e-09  1.60010429e+00  1.99989571e+00  2.66935461e+00  2.28030129e+00 
 2.75564000e-09  1.60012557e+00  1.99987443e+00  2.66935694e+00  2.28030378e+00 
 2.75614000e-09  1.60014881e+00  1.99985119e+00  2.66935927e+00  2.28030633e+00 
 2.75664000e-09  1.60017403e+00  1.99982597e+00  2.66936160e+00  2.28030894e+00 
 2.75714000e-09  1.60020123e+00  1.99979877e+00  2.66936393e+00  2.28031161e+00 
 2.75764000e-09  1.60023039e+00  1.99976961e+00  2.66936627e+00  2.28031434e+00 
 2.75814000e-09  1.60026153e+00  1.99973847e+00  2.66936861e+00  2.28031713e+00 
 2.75864000e-09  1.60029463e+00  1.99970537e+00  2.66937095e+00  2.28031998e+00 
 2.75914000e-09  1.60032971e+00  1.99967029e+00  2.66937330e+00  2.28032289e+00 
 2.75964000e-09  1.60036676e+00  1.99963324e+00  2.66937565e+00  2.28032586e+00 
 2.76014000e-09  1.60040578e+00  1.99959422e+00  2.66937800e+00  2.28032888e+00 
 2.76064000e-09  1.60044677e+00  1.99955323e+00  2.66938035e+00  2.28033197e+00 
 2.76114000e-09  1.60048973e+00  1.99951027e+00  2.66938271e+00  2.28033512e+00 
 2.76164000e-09  1.60053465e+00  1.99946535e+00  2.66938507e+00  2.28033832e+00 
 2.76214000e-09  1.60058155e+00  1.99941845e+00  2.66938743e+00  2.28034159e+00 
 2.76264000e-09  1.60063041e+00  1.99936959e+00  2.66938980e+00  2.28034491e+00 
 2.76314000e-09  1.60068125e+00  1.99931875e+00  2.66939217e+00  2.28034830e+00 
 2.76364000e-09  1.60073404e+00  1.99926596e+00  2.66939453e+00  2.28035174e+00 
 2.76414000e-09  1.60078881e+00  1.99921119e+00  2.66939691e+00  2.28035525e+00 
 2.76464000e-09  1.60084554e+00  1.99915446e+00  2.66939928e+00  2.28035881e+00 
 2.76514000e-09  1.60090424e+00  1.99909576e+00  2.66940166e+00  2.28036244e+00 
 2.76564000e-09  1.60096490e+00  1.99903510e+00  2.66940403e+00  2.28036612e+00 
 2.76614000e-09  1.60102753e+00  1.99897247e+00  2.66940641e+00  2.28036987e+00 
 2.76664000e-09  1.60109212e+00  1.99890788e+00  2.66940879e+00  2.28037367e+00 
 2.76714000e-09  1.60115867e+00  1.99884133e+00  2.66941117e+00  2.28037754e+00 
 2.76764000e-09  1.60122719e+00  1.99877281e+00  2.66941356e+00  2.28038147e+00 
 2.76814000e-09  1.60129767e+00  1.99870233e+00  2.66941594e+00  2.28038546e+00 
 2.76864000e-09  1.60137011e+00  1.99862989e+00  2.66941832e+00  2.28038951e+00 
 2.76914000e-09  1.60144451e+00  1.99855549e+00  2.66942071e+00  2.28039362e+00 
 2.76964000e-09  1.60152087e+00  1.99847913e+00  2.66942309e+00  2.28039779e+00 
 2.77014000e-09  1.60159919e+00  1.99840081e+00  2.66942548e+00  2.28040203e+00 
 2.77064000e-09  1.60167946e+00  1.99832054e+00  2.66942786e+00  2.28040633e+00 
 2.77114000e-09  1.60176170e+00  1.99823830e+00  2.66943025e+00  2.28041069e+00 
 2.77164000e-09  1.60184589e+00  1.99815411e+00  2.66943263e+00  2.28041511e+00 
 2.77214000e-09  1.60193203e+00  1.99806797e+00  2.66943501e+00  2.28041959e+00 
 2.77264000e-09  1.60202013e+00  1.99797987e+00  2.66943739e+00  2.28042414e+00 
 2.77314000e-09  1.60211019e+00  1.99788981e+00  2.66943977e+00  2.28042875e+00 
 2.77364000e-09  1.60220220e+00  1.99779780e+00  2.66944214e+00  2.28043342e+00 
 2.77414000e-09  1.60229616e+00  1.99770384e+00  2.66944452e+00  2.28043816e+00 
 2.77464000e-09  1.60239207e+00  1.99760793e+00  2.66944689e+00  2.28044296e+00 
 2.77514000e-09  1.60248993e+00  1.99751007e+00  2.66944926e+00  2.28044783e+00 
 2.77564000e-09  1.60258974e+00  1.99741026e+00  2.66945162e+00  2.28045276e+00 
 2.77614000e-09  1.60269150e+00  1.99730850e+00  2.66945398e+00  2.28045776e+00 
 2.77664000e-09  1.60279521e+00  1.99720479e+00  2.66945634e+00  2.28046282e+00 
 2.77714000e-09  1.60290086e+00  1.99709914e+00  2.66945869e+00  2.28046795e+00 
 2.77764000e-09  1.60300846e+00  1.99699154e+00  2.66946104e+00  2.28047314e+00 
 2.77814000e-09  1.60311800e+00  1.99688200e+00  2.66946338e+00  2.28047840e+00 
 2.77864000e-09  1.60322949e+00  1.99677051e+00  2.66946571e+00  2.28048373e+00 
 2.77914000e-09  1.60334291e+00  1.99665709e+00  2.66946804e+00  2.28048912e+00 
 2.77964000e-09  1.60345828e+00  1.99654172e+00  2.66947036e+00  2.28049458e+00 
 2.78014000e-09  1.60357559e+00  1.99642441e+00  2.66947267e+00  2.28050011e+00 
 2.78064000e-09  1.60369484e+00  1.99630516e+00  2.66947498e+00  2.28050571e+00 
 2.78114000e-09  1.60381602e+00  1.99618398e+00  2.66947727e+00  2.28051138e+00 
 2.78164000e-09  1.60393914e+00  1.99606086e+00  2.66947956e+00  2.28051712e+00 
 2.78214000e-09  1.60406420e+00  1.99593580e+00  2.66948184e+00  2.28052293e+00 
 2.78264000e-09  1.60419119e+00  1.99580881e+00  2.66948410e+00  2.28052881e+00 
 2.78314000e-09  1.60432011e+00  1.99567989e+00  2.66948636e+00  2.28053476e+00 
 2.78364000e-09  1.60445097e+00  1.99554903e+00  2.66948861e+00  2.28054078e+00 
 2.78414000e-09  1.60458375e+00  1.99541625e+00  2.66949084e+00  2.28054687e+00 
 2.78464000e-09  1.60471846e+00  1.99528154e+00  2.66949306e+00  2.28055304e+00 
 2.78514000e-09  1.60485510e+00  1.99514490e+00  2.66949526e+00  2.28055928e+00 
 2.78564000e-09  1.60499367e+00  1.99500633e+00  2.66949745e+00  2.28056560e+00 
 2.78614000e-09  1.60513416e+00  1.99486584e+00  2.66949963e+00  2.28057199e+00 
 2.78664000e-09  1.60527657e+00  1.99472343e+00  2.66950179e+00  2.28057845e+00 
 2.78714000e-09  1.60542091e+00  1.99457909e+00  2.66950393e+00  2.28058500e+00 
 2.78764000e-09  1.60556716e+00  1.99443284e+00  2.66950606e+00  2.28059162e+00 
 2.78814000e-09  1.60571534e+00  1.99428466e+00  2.66950816e+00  2.28059831e+00 
 2.78864000e-09  1.60586543e+00  1.99413457e+00  2.66951025e+00  2.28060509e+00 
 2.78914000e-09  1.60601744e+00  1.99398256e+00  2.66951232e+00  2.28061194e+00 
 2.78964000e-09  1.60617136e+00  1.99382864e+00  2.66951436e+00  2.28061888e+00 
 2.79014000e-09  1.60632719e+00  1.99367281e+00  2.66951639e+00  2.28062590e+00 
 2.79064000e-09  1.60648494e+00  1.99351506e+00  2.66951839e+00  2.28063300e+00 
 2.79114000e-09  1.60664460e+00  1.99335540e+00  2.66952037e+00  2.28064018e+00 
 2.79164000e-09  1.60680616e+00  1.99319384e+00  2.66952232e+00  2.28064744e+00 
 2.79214000e-09  1.60696964e+00  1.99303036e+00  2.66952424e+00  2.28065479e+00 
 2.79264000e-09  1.60713501e+00  1.99286499e+00  2.66952614e+00  2.28066223e+00 
 2.79314000e-09  1.60730229e+00  1.99269771e+00  2.66952801e+00  2.28066975e+00 
 2.79364000e-09  1.60747148e+00  1.99252852e+00  2.66952985e+00  2.28067736e+00 
 2.79414000e-09  1.60764256e+00  1.99235744e+00  2.66953166e+00  2.28068506e+00 
 2.79464000e-09  1.60781554e+00  1.99218446e+00  2.66953344e+00  2.28069285e+00 
 2.79514000e-09  1.60799042e+00  1.99200958e+00  2.66953519e+00  2.28070073e+00 
 2.79564000e-09  1.60816719e+00  1.99183281e+00  2.66953690e+00  2.28070871e+00 
 2.79614000e-09  1.60834586e+00  1.99165414e+00  2.66953857e+00  2.28071677e+00 
 2.79664000e-09  1.60852642e+00  1.99147358e+00  2.66954021e+00  2.28072494e+00 
 2.79714000e-09  1.60870887e+00  1.99129113e+00  2.66954180e+00  2.28073319e+00 
 2.79764000e-09  1.60889320e+00  1.99110680e+00  2.66954336e+00  2.28074155e+00 
 2.79814000e-09  1.60907942e+00  1.99092058e+00  2.66954488e+00  2.28075000e+00 
 2.79864000e-09  1.60926753e+00  1.99073247e+00  2.66954635e+00  2.28075856e+00 
 2.79914000e-09  1.60945752e+00  1.99054248e+00  2.66954778e+00  2.28076722e+00 
 2.79964000e-09  1.60964939e+00  1.99035061e+00  2.66954916e+00  2.28077598e+00 
 2.80014000e-09  1.60984314e+00  1.99015686e+00  2.66955049e+00  2.28078484e+00 
 2.80064000e-09  1.61003876e+00  1.98996124e+00  2.66955177e+00  2.28079381e+00 
 2.80114000e-09  1.61023626e+00  1.98976374e+00  2.66955300e+00  2.28080289e+00 
 2.80164000e-09  1.61043563e+00  1.98956437e+00  2.66955418e+00  2.28081208e+00 
 2.80214000e-09  1.61063688e+00  1.98936312e+00  2.66955530e+00  2.28082138e+00 
 2.80264000e-09  1.61083999e+00  1.98916001e+00  2.66955636e+00  2.28083080e+00 
 2.80314000e-09  1.61104497e+00  1.98895503e+00  2.66955737e+00  2.28084033e+00 
 2.80364000e-09  1.61125181e+00  1.98874819e+00  2.66955831e+00  2.28084998e+00 
 2.80414000e-09  1.61146052e+00  1.98853948e+00  2.66955919e+00  2.28085974e+00 
 2.80464000e-09  1.61167109e+00  1.98832891e+00  2.66956000e+00  2.28086963e+00 
 2.80514000e-09  1.61188351e+00  1.98811649e+00  2.66956074e+00  2.28087964e+00 
 2.80564000e-09  1.61209780e+00  1.98790220e+00  2.66956141e+00  2.28088978e+00 
 2.80614000e-09  1.61231393e+00  1.98768607e+00  2.66956201e+00  2.28090004e+00 
 2.80664000e-09  1.61253192e+00  1.98746808e+00  2.66956253e+00  2.28091044e+00 
 2.80714000e-09  1.61275176e+00  1.98724824e+00  2.66956297e+00  2.28092097e+00 
 2.80764000e-09  1.61297345e+00  1.98702655e+00  2.66956333e+00  2.28093163e+00 
 2.80814000e-09  1.61319699e+00  1.98680301e+00  2.66956361e+00  2.28094243e+00 
 2.80864000e-09  1.61342237e+00  1.98657763e+00  2.66956380e+00  2.28095337e+00 
 2.80914000e-09  1.61364958e+00  1.98635042e+00  2.66956390e+00  2.28096445e+00 
 2.80964000e-09  1.61387864e+00  1.98612136e+00  2.66956391e+00  2.28097568e+00 
 2.81014000e-09  1.61410954e+00  1.98589046e+00  2.66956382e+00  2.28098705e+00 
 2.81064000e-09  1.61434227e+00  1.98565773e+00  2.66956364e+00  2.28099858e+00 
 2.81114000e-09  1.61457683e+00  1.98542317e+00  2.66956335e+00  2.28101026e+00 
 2.81164000e-09  1.61481322e+00  1.98518678e+00  2.66956295e+00  2.28102210e+00 
 2.81214000e-09  1.61505144e+00  1.98494856e+00  2.66956245e+00  2.28103410e+00 
 2.81264000e-09  1.61529149e+00  1.98470851e+00  2.66956183e+00  2.28104627e+00 
 2.81314000e-09  1.61553336e+00  1.98446664e+00  2.66956110e+00  2.28105860e+00 
 2.81364000e-09  1.61577705e+00  1.98422295e+00  2.66956024e+00  2.28107110e+00 
 2.81414000e-09  1.61602256e+00  1.98397744e+00  2.66955926e+00  2.28108378e+00 
 2.81464000e-09  1.61626988e+00  1.98373012e+00  2.66955815e+00  2.28109664e+00 
 2.81514000e-09  1.61651902e+00  1.98348098e+00  2.66955691e+00  2.28110968e+00 
 2.81564000e-09  1.61676996e+00  1.98323004e+00  2.66955554e+00  2.28112290e+00 
 2.81614000e-09  1.61702272e+00  1.98297728e+00  2.66955402e+00  2.28113632e+00 
 2.81664000e-09  1.61727728e+00  1.98272272e+00  2.66955235e+00  2.28114993e+00 
 2.81714000e-09  1.61753365e+00  1.98246635e+00  2.66955053e+00  2.28116374e+00 
 2.81764000e-09  1.61779181e+00  1.98220819e+00  2.66954856e+00  2.28117775e+00 
 2.81814000e-09  1.61805178e+00  1.98194822e+00  2.66954643e+00  2.28119198e+00 
 2.81864000e-09  1.61831354e+00  1.98168646e+00  2.66954413e+00  2.28120641e+00 
 2.81914000e-09  1.61857709e+00  1.98142291e+00  2.66954166e+00  2.28122106e+00 
 2.81964000e-09  1.61884243e+00  1.98115757e+00  2.66953901e+00  2.28123594e+00 
 2.82014000e-09  1.61910957e+00  1.98089043e+00  2.66953618e+00  2.28125104e+00 
 2.82064000e-09  1.61937848e+00  1.98062152e+00  2.66953316e+00  2.28126638e+00 
 2.82114000e-09  1.61964918e+00  1.98035082e+00  2.66952994e+00  2.28128196e+00 
 2.82164000e-09  1.61992166e+00  1.98007834e+00  2.66952653e+00  2.28129778e+00 
 2.82214000e-09  1.62019592e+00  1.97980408e+00  2.66952291e+00  2.28131386e+00 
 2.82264000e-09  1.62047195e+00  1.97952805e+00  2.66951907e+00  2.28133019e+00 
 2.82314000e-09  1.62074976e+00  1.97925024e+00  2.66951501e+00  2.28134679e+00 
 2.82364000e-09  1.62102933e+00  1.97897067e+00  2.66951073e+00  2.28136366e+00 
 2.82414000e-09  1.62131067e+00  1.97868933e+00  2.66950621e+00  2.28138080e+00 
 2.82464000e-09  1.62159377e+00  1.97840623e+00  2.66950145e+00  2.28139823e+00 
 2.82514000e-09  1.62187863e+00  1.97812137e+00  2.66949643e+00  2.28141595e+00 
 2.82564000e-09  1.62216526e+00  1.97783474e+00  2.66949116e+00  2.28143396e+00 
 2.82614000e-09  1.62245363e+00  1.97754637e+00  2.66948562e+00  2.28145229e+00 
 2.82664000e-09  1.62274376e+00  1.97725624e+00  2.66947981e+00  2.28147093e+00 
 2.82714000e-09  1.62303564e+00  1.97696436e+00  2.66947371e+00  2.28148989e+00 
 2.82764000e-09  1.62332926e+00  1.97667074e+00  2.66946732e+00  2.28150918e+00 
 2.82814000e-09  1.62362463e+00  1.97637537e+00  2.66946063e+00  2.28152881e+00 
 2.82864000e-09  1.62392174e+00  1.97607826e+00  2.66945362e+00  2.28154879e+00 
 2.82914000e-09  1.62422059e+00  1.97577941e+00  2.66944630e+00  2.28156913e+00 
 2.82964000e-09  1.62452117e+00  1.97547883e+00  2.66943864e+00  2.28158983e+00 
 2.83014000e-09  1.62482349e+00  1.97517651e+00  2.66943064e+00  2.28161091e+00 
 2.83064000e-09  1.62512753e+00  1.97487247e+00  2.66942228e+00  2.28163238e+00 
 2.83114000e-09  1.62543330e+00  1.97456670e+00  2.66941357e+00  2.28165425e+00 
 2.83164000e-09  1.62574079e+00  1.97425921e+00  2.66940447e+00  2.28167652e+00 
 2.83214000e-09  1.62605000e+00  1.97395000e+00  2.66939499e+00  2.28169921e+00 
 2.83264000e-09  1.62636093e+00  1.97363907e+00  2.66938511e+00  2.28172234e+00 
 2.83314000e-09  1.62667357e+00  1.97332643e+00  2.66937482e+00  2.28174590e+00 
 2.83364000e-09  1.62698793e+00  1.97301207e+00  2.66936410e+00  2.28176992e+00 
 2.83414000e-09  1.62730399e+00  1.97269601e+00  2.66935294e+00  2.28179441e+00 
 2.83464000e-09  1.62762175e+00  1.97237825e+00  2.66934133e+00  2.28181937e+00 
 2.83514000e-09  1.62794122e+00  1.97205878e+00  2.66932925e+00  2.28184483e+00 
 2.83564000e-09  1.62826238e+00  1.97173762e+00  2.66931669e+00  2.28187079e+00 
 2.83614000e-09  1.62858524e+00  1.97141476e+00  2.66930363e+00  2.28189728e+00 
 2.83664000e-09  1.62890979e+00  1.97109021e+00  2.66929007e+00  2.28192430e+00 
 2.83714000e-09  1.62923603e+00  1.97076397e+00  2.66927597e+00  2.28195187e+00 
 2.83764000e-09  1.62956396e+00  1.97043604e+00  2.66926133e+00  2.28198001e+00 
 2.83814000e-09  1.62989356e+00  1.97010644e+00  2.66924612e+00  2.28200872e+00 
 2.83864000e-09  1.63022485e+00  1.96977515e+00  2.66923034e+00  2.28203804e+00 
 2.83914000e-09  1.63055781e+00  1.96944219e+00  2.66921396e+00  2.28206797e+00 
 2.83964000e-09  1.63089244e+00  1.96910756e+00  2.66919697e+00  2.28209853e+00 
 2.84014000e-09  1.63122875e+00  1.96877125e+00  2.66917934e+00  2.28212974e+00 
 2.84064000e-09  1.63156672e+00  1.96843328e+00  2.66916106e+00  2.28216162e+00 
 2.84114000e-09  1.63190635e+00  1.96809365e+00  2.66914210e+00  2.28219419e+00 
 2.84164000e-09  1.63224764e+00  1.96775236e+00  2.66912244e+00  2.28222746e+00 
 2.84214000e-09  1.63259058e+00  1.96740942e+00  2.66910207e+00  2.28226146e+00 
 2.84264000e-09  1.63293518e+00  1.96706482e+00  2.66908096e+00  2.28229621e+00 
 2.84314000e-09  1.63328143e+00  1.96671857e+00  2.66905909e+00  2.28233173e+00 
 2.84364000e-09  1.63362932e+00  1.96637068e+00  2.66903643e+00  2.28236803e+00 
 2.84414000e-09  1.63397886e+00  1.96602114e+00  2.66901297e+00  2.28240515e+00 
 2.84464000e-09  1.63433003e+00  1.96566997e+00  2.66898867e+00  2.28244311e+00 
 2.84514000e-09  1.63468284e+00  1.96531716e+00  2.66896351e+00  2.28248192e+00 
 2.84564000e-09  1.63503728e+00  1.96496272e+00  2.66893747e+00  2.28252162e+00 
 2.84614000e-09  1.63539334e+00  1.96460666e+00  2.66891051e+00  2.28256223e+00 
 2.84664000e-09  1.63575104e+00  1.96424896e+00  2.66888262e+00  2.28260377e+00 
 2.84714000e-09  1.63611035e+00  1.96388965e+00  2.66885376e+00  2.28264628e+00 
 2.84764000e-09  1.63647128e+00  1.96352872e+00  2.66882390e+00  2.28268977e+00 
 2.84814000e-09  1.63683382e+00  1.96316618e+00  2.66879301e+00  2.28273428e+00 
 2.84864000e-09  1.63719798e+00  1.96280202e+00  2.66876107e+00  2.28277984e+00 
 2.84914000e-09  1.63756374e+00  1.96243626e+00  2.66872804e+00  2.28282647e+00 
 2.84964000e-09  1.63793111e+00  1.96206889e+00  2.66869389e+00  2.28287421e+00 
 2.85014000e-09  1.63830007e+00  1.96169993e+00  2.66865858e+00  2.28292308e+00 
 2.85064000e-09  1.63867063e+00  1.96132937e+00  2.66862209e+00  2.28297313e+00 
 2.85114000e-09  1.63904279e+00  1.96095721e+00  2.66858437e+00  2.28302437e+00 
 2.85164000e-09  1.63941653e+00  1.96058347e+00  2.66854540e+00  2.28307685e+00 
 2.85214000e-09  1.63979185e+00  1.96020815e+00  2.66850513e+00  2.28313060e+00 
 2.85264000e-09  1.64016876e+00  1.95983124e+00  2.66846353e+00  2.28318566e+00 
 2.85314000e-09  1.64054725e+00  1.95945275e+00  2.66842056e+00  2.28324205e+00 
 2.85364000e-09  1.64092731e+00  1.95907269e+00  2.66837618e+00  2.28329982e+00 
 2.85414000e-09  1.64130893e+00  1.95869107e+00  2.66833035e+00  2.28335901e+00 
 2.85464000e-09  1.64169213e+00  1.95830787e+00  2.66828303e+00  2.28341965e+00 
 2.85514000e-09  1.64207689e+00  1.95792311e+00  2.66823417e+00  2.28348179e+00 
 2.85564000e-09  1.64246320e+00  1.95753680e+00  2.66818374e+00  2.28354546e+00 
 2.85614000e-09  1.64285107e+00  1.95714893e+00  2.66813169e+00  2.28361071e+00 
 2.85664000e-09  1.64324050e+00  1.95675950e+00  2.66807798e+00  2.28367758e+00 
 2.85714000e-09  1.64363146e+00  1.95636854e+00  2.66802255e+00  2.28374611e+00 
 2.85764000e-09  1.64402398e+00  1.95597602e+00  2.66796537e+00  2.28381634e+00 
 2.85814000e-09  1.64441803e+00  1.95558197e+00  2.66790638e+00  2.28388833e+00 
 2.85864000e-09  1.64481362e+00  1.95518638e+00  2.66784554e+00  2.28396212e+00 
 2.85914000e-09  1.64521074e+00  1.95478926e+00  2.66778280e+00  2.28403775e+00 
 2.85964000e-09  1.64560938e+00  1.95439062e+00  2.66771810e+00  2.28411527e+00 
 2.86014000e-09  1.64600955e+00  1.95399045e+00  2.66765139e+00  2.28419473e+00 
 2.86064000e-09  1.64641124e+00  1.95358876e+00  2.66758263e+00  2.28427619e+00 
 2.86114000e-09  1.64681445e+00  1.95318555e+00  2.66751176e+00  2.28435968e+00 
 2.86164000e-09  1.64721917e+00  1.95278083e+00  2.66743873e+00  2.28444527e+00 
 2.86214000e-09  1.64762539e+00  1.95237461e+00  2.66736347e+00  2.28453301e+00 
 2.86264000e-09  1.64803312e+00  1.95196688e+00  2.66728594e+00  2.28462295e+00 
 2.86314000e-09  1.64844235e+00  1.95155765e+00  2.66720607e+00  2.28471513e+00 
 2.86364000e-09  1.64885308e+00  1.95114692e+00  2.66712382e+00  2.28480963e+00 
 2.86414000e-09  1.64926529e+00  1.95073471e+00  2.66703911e+00  2.28490649e+00 
 2.86464000e-09  1.64967900e+00  1.95032100e+00  2.66695190e+00  2.28500577e+00 
 2.86514000e-09  1.65009419e+00  1.94990581e+00  2.66686212e+00  2.28510754e+00 
 2.86564000e-09  1.65051086e+00  1.94948914e+00  2.66676971e+00  2.28521183e+00 
 2.86614000e-09  1.65092900e+00  1.94907100e+00  2.66667461e+00  2.28531872e+00 
 2.86664000e-09  1.65134861e+00  1.94865139e+00  2.66657675e+00  2.28542827e+00 
 2.86714000e-09  1.65176970e+00  1.94823030e+00  2.66647608e+00  2.28554053e+00 
 2.86764000e-09  1.65219224e+00  1.94780776e+00  2.66637254e+00  2.28565557e+00 
 2.86814000e-09  1.65261624e+00  1.94738376e+00  2.66626604e+00  2.28577344e+00 
 2.86864000e-09  1.65304170e+00  1.94695830e+00  2.66615655e+00  2.28589422e+00 
 2.86914000e-09  1.65346861e+00  1.94653139e+00  2.66604397e+00  2.28601795e+00 
 2.86964000e-09  1.65389697e+00  1.94610303e+00  2.66592827e+00  2.28614472e+00 
 2.87014000e-09  1.65432676e+00  1.94567324e+00  2.66580935e+00  2.28627457e+00 
 2.87064000e-09  1.65475800e+00  1.94524200e+00  2.66568717e+00  2.28640757e+00 
 2.87114000e-09  1.65519067e+00  1.94480933e+00  2.66556165e+00  2.28654378e+00 
 2.87164000e-09  1.65562476e+00  1.94437524e+00  2.66543273e+00  2.28668328e+00 
 2.87214000e-09  1.65606028e+00  1.94393972e+00  2.66530034e+00  2.28682613e+00 
 2.87264000e-09  1.65649723e+00  1.94350277e+00  2.66516441e+00  2.28697238e+00 
 2.87314000e-09  1.65693559e+00  1.94306441e+00  2.66502488e+00  2.28712211e+00 
 2.87364000e-09  1.65737536e+00  1.94262464e+00  2.66488168e+00  2.28727538e+00 
 2.87414000e-09  1.65781654e+00  1.94218346e+00  2.66473473e+00  2.28743226e+00 
 2.87464000e-09  1.65825912e+00  1.94174088e+00  2.66458399e+00  2.28759281e+00 
 2.87514000e-09  1.65870310e+00  1.94129690e+00  2.66442937e+00  2.28775710e+00 
 2.87564000e-09  1.65914847e+00  1.94085153e+00  2.66427082e+00  2.28792518e+00 
 2.87614000e-09  1.65959524e+00  1.94040476e+00  2.66410826e+00  2.28809713e+00 
 2.87664000e-09  1.66004339e+00  1.93995661e+00  2.66394163e+00  2.28827302e+00 
 2.87714000e-09  1.66049292e+00  1.93950708e+00  2.66377086e+00  2.28845289e+00 
 2.87764000e-09  1.66094383e+00  1.93905617e+00  2.66359590e+00  2.28863683e+00 
 2.87814000e-09  1.66139612e+00  1.93860388e+00  2.66341667e+00  2.28882488e+00 
 2.87864000e-09  1.66184977e+00  1.93815023e+00  2.66323311e+00  2.28901712e+00 
 2.87914000e-09  1.66230478e+00  1.93769522e+00  2.66304516e+00  2.28921361e+00 
 2.87964000e-09  1.66276115e+00  1.93723885e+00  2.66285275e+00  2.28941441e+00 
 2.88014000e-09  1.66321888e+00  1.93678112e+00  2.66265583e+00  2.28961957e+00 
 2.88064000e-09  1.66367796e+00  1.93632204e+00  2.66245434e+00  2.28982916e+00 
 2.88114000e-09  1.66413838e+00  1.93586162e+00  2.66224820e+00  2.29004324e+00 
 2.88164000e-09  1.66460014e+00  1.93539986e+00  2.66203738e+00  2.29026187e+00 
 2.88214000e-09  1.66506324e+00  1.93493676e+00  2.66182180e+00  2.29048510e+00 
 2.88264000e-09  1.66552767e+00  1.93447233e+00  2.66160141e+00  2.29071299e+00 
 2.88314000e-09  1.66599343e+00  1.93400657e+00  2.66137616e+00  2.29094560e+00 
 2.88364000e-09  1.66646051e+00  1.93353949e+00  2.66114599e+00  2.29118297e+00 
 2.88414000e-09  1.66692891e+00  1.93307109e+00  2.66091086e+00  2.29142517e+00 
 2.88464000e-09  1.66739862e+00  1.93260138e+00  2.66067069e+00  2.29167225e+00 
 2.88514000e-09  1.66786964e+00  1.93213036e+00  2.66042546e+00  2.29192424e+00 
 2.88564000e-09  1.66834197e+00  1.93165803e+00  2.66017510e+00  2.29218122e+00 
 2.88614000e-09  1.66881559e+00  1.93118441e+00  2.65991958e+00  2.29244321e+00 
 2.88664000e-09  1.66929051e+00  1.93070949e+00  2.65965884e+00  2.29271027e+00 
 2.88714000e-09  1.66976672e+00  1.93023328e+00  2.65939285e+00  2.29298245e+00 
 2.88764000e-09  1.67024422e+00  1.92975578e+00  2.65912155e+00  2.29325979e+00 
 2.88814000e-09  1.67072299e+00  1.92927701e+00  2.65884491e+00  2.29354232e+00 
 2.88864000e-09  1.67120304e+00  1.92879696e+00  2.65856289e+00  2.29383009e+00 
 2.88914000e-09  1.67168437e+00  1.92831563e+00  2.65827544e+00  2.29412314e+00 
 2.88964000e-09  1.67216696e+00  1.92783304e+00  2.65798255e+00  2.29442151e+00 
 2.89014000e-09  1.67265081e+00  1.92734919e+00  2.65768416e+00  2.29472523e+00 
 2.89064000e-09  1.67313591e+00  1.92686409e+00  2.65738025e+00  2.29503433e+00 
 2.89114000e-09  1.67362227e+00  1.92637773e+00  2.65707079e+00  2.29534885e+00 
 2.89164000e-09  1.67410988e+00  1.92589012e+00  2.65675574e+00  2.29566882e+00 
 2.89214000e-09  1.67459873e+00  1.92540127e+00  2.65643508e+00  2.29599427e+00 
 2.89264000e-09  1.67508882e+00  1.92491118e+00  2.65610879e+00  2.29632522e+00 
 2.89314000e-09  1.67558014e+00  1.92441986e+00  2.65577684e+00  2.29666170e+00 
 2.89364000e-09  1.67607269e+00  1.92392731e+00  2.65543920e+00  2.29700374e+00 
 2.89414000e-09  1.67656646e+00  1.92343354e+00  2.65509587e+00  2.29735135e+00 
 2.89464000e-09  1.67706145e+00  1.92293855e+00  2.65474681e+00  2.29770455e+00 
 2.89514000e-09  1.67755765e+00  1.92244235e+00  2.65439201e+00  2.29806337e+00 
 2.89564000e-09  1.67805506e+00  1.92194494e+00  2.65403146e+00  2.29842782e+00 
 2.89614000e-09  1.67855367e+00  1.92144633e+00  2.65366515e+00  2.29879792e+00 
 2.89664000e-09  1.67905349e+00  1.92094651e+00  2.65329305e+00  2.29917368e+00 
 2.89714000e-09  1.67955449e+00  1.92044551e+00  2.65291517e+00  2.29955510e+00 
 2.89764000e-09  1.68005669e+00  1.91994331e+00  2.65253149e+00  2.29994221e+00 
 2.89814000e-09  1.68056007e+00  1.91943993e+00  2.65214201e+00  2.30033501e+00 
 2.89864000e-09  1.68106463e+00  1.91893537e+00  2.65174672e+00  2.30073350e+00 
 2.89914000e-09  1.68157036e+00  1.91842964e+00  2.65134562e+00  2.30113769e+00 
 2.89964000e-09  1.68207726e+00  1.91792274e+00  2.65093870e+00  2.30154759e+00 
 2.90014000e-09  1.68258532e+00  1.91741468e+00  2.65052597e+00  2.30196319e+00 
 2.90064000e-09  1.68309455e+00  1.91690545e+00  2.65010743e+00  2.30238449e+00 
 2.90114000e-09  1.68360493e+00  1.91639507e+00  2.64968308e+00  2.30281150e+00 
 2.90164000e-09  1.68411645e+00  1.91588355e+00  2.64925293e+00  2.30324421e+00 
 2.90214000e-09  1.68462912e+00  1.91537088e+00  2.64881698e+00  2.30368262e+00 
 2.90264000e-09  1.68514293e+00  1.91485707e+00  2.64837523e+00  2.30412672e+00 
 2.90314000e-09  1.68565787e+00  1.91434213e+00  2.64792771e+00  2.30457650e+00 
 2.90364000e-09  1.68617394e+00  1.91382606e+00  2.64747441e+00  2.30503196e+00 
 2.90414000e-09  1.68669114e+00  1.91330886e+00  2.64701535e+00  2.30549308e+00 
 2.90464000e-09  1.68720945e+00  1.91279055e+00  2.64655054e+00  2.30595985e+00 
 2.90514000e-09  1.68772888e+00  1.91227112e+00  2.64607999e+00  2.30643227e+00 
 2.90564000e-09  1.68824941e+00  1.91175059e+00  2.64560373e+00  2.30691031e+00 
 2.90614000e-09  1.68877105e+00  1.91122895e+00  2.64512176e+00  2.30739396e+00 
 2.90664000e-09  1.68929378e+00  1.91070622e+00  2.64463410e+00  2.30788320e+00 
 2.90714000e-09  1.68981761e+00  1.91018239e+00  2.64414078e+00  2.30837802e+00 
 2.90764000e-09  1.69034252e+00  1.90965748e+00  2.64364180e+00  2.30887840e+00 
 2.90814000e-09  1.69086852e+00  1.90913148e+00  2.64313720e+00  2.30938432e+00 
 2.90864000e-09  1.69139559e+00  1.90860441e+00  2.64262700e+00  2.30989575e+00 
 2.90914000e-09  1.69192374e+00  1.90807626e+00  2.64211121e+00  2.31041268e+00 
 2.90964000e-09  1.69245295e+00  1.90754705e+00  2.64158986e+00  2.31093509e+00 
 2.91014000e-09  1.69298322e+00  1.90701678e+00  2.64106298e+00  2.31146294e+00 
 2.91064000e-09  1.69351455e+00  1.90648545e+00  2.64053058e+00  2.31199622e+00 
 2.91114000e-09  1.69404694e+00  1.90595306e+00  2.63999270e+00  2.31253489e+00 
 2.91164000e-09  1.69458036e+00  1.90541964e+00  2.63944937e+00  2.31307894e+00 
 2.91214000e-09  1.69511483e+00  1.90488517e+00  2.63890060e+00  2.31362833e+00 
 2.91264000e-09  1.69565033e+00  1.90434967e+00  2.63834643e+00  2.31418305e+00 
 2.91314000e-09  1.69618686e+00  1.90381314e+00  2.63778689e+00  2.31474305e+00 
 2.91364000e-09  1.69672442e+00  1.90327558e+00  2.63722201e+00  2.31530831e+00 
 2.91414000e-09  1.69726300e+00  1.90273700e+00  2.63665181e+00  2.31587881e+00 
 2.91464000e-09  1.69780259e+00  1.90219741e+00  2.63607633e+00  2.31645450e+00 
 2.91514000e-09  1.69834319e+00  1.90165681e+00  2.63549560e+00  2.31703537e+00 
 2.91564000e-09  1.69888479e+00  1.90111521e+00  2.63490965e+00  2.31762137e+00 
 2.91614000e-09  1.69942739e+00  1.90057261e+00  2.63431852e+00  2.31821248e+00 
 2.91664000e-09  1.69997098e+00  1.90002902e+00  2.63372223e+00  2.31880866e+00 
 2.91714000e-09  1.70051556e+00  1.89948444e+00  2.63312082e+00  2.31940989e+00 
 2.91764000e-09  1.70106112e+00  1.89893888e+00  2.63251432e+00  2.32001613e+00 
 2.91814000e-09  1.70160766e+00  1.89839234e+00  2.63190277e+00  2.32062734e+00 
 2.91864000e-09  1.70215517e+00  1.89784483e+00  2.63128621e+00  2.32124349e+00 
 2.91914000e-09  1.70270364e+00  1.89729636e+00  2.63066465e+00  2.32186455e+00 
 2.91964000e-09  1.70325308e+00  1.89674692e+00  2.63003815e+00  2.32249049e+00 
 2.92014000e-09  1.70380347e+00  1.89619653e+00  2.62940674e+00  2.32312127e+00 
 2.92064000e-09  1.70435481e+00  1.89564519e+00  2.62877044e+00  2.32375685e+00 
 2.92114000e-09  1.70490709e+00  1.89509291e+00  2.62812931e+00  2.32439720e+00 
 2.92164000e-09  1.70546032e+00  1.89453968e+00  2.62748336e+00  2.32504229e+00 
 2.92214000e-09  1.70601447e+00  1.89398553e+00  2.62683265e+00  2.32569207e+00 
 2.92264000e-09  1.70656955e+00  1.89343045e+00  2.62617719e+00  2.32634653e+00 
 2.92314000e-09  1.70712556e+00  1.89287444e+00  2.62551704e+00  2.32700561e+00 
 2.92364000e-09  1.70768248e+00  1.89231752e+00  2.62485223e+00  2.32766929e+00 
 2.92414000e-09  1.70824031e+00  1.89175969e+00  2.62418279e+00  2.32833752e+00 
 2.92464000e-09  1.70879905e+00  1.89120095e+00  2.62350876e+00  2.32901029e+00 
 2.92514000e-09  1.70935869e+00  1.89064131e+00  2.62283018e+00  2.32968754e+00 
 2.92564000e-09  1.70991922e+00  1.89008078e+00  2.62214708e+00  2.33036924e+00 
 2.92614000e-09  1.71048064e+00  1.88951936e+00  2.62145950e+00  2.33105536e+00 
 2.92664000e-09  1.71104295e+00  1.88895705e+00  2.62076748e+00  2.33174586e+00 
 2.92714000e-09  1.71160613e+00  1.88839387e+00  2.62007105e+00  2.33244071e+00 
 2.92764000e-09  1.71217019e+00  1.88782981e+00  2.61937025e+00  2.33313988e+00 
 2.92814000e-09  1.71273511e+00  1.88726489e+00  2.61866512e+00  2.33384332e+00 
 2.92864000e-09  1.71330090e+00  1.88669910e+00  2.61795569e+00  2.33455100e+00 
 2.92914000e-09  1.71386754e+00  1.88613246e+00  2.61724200e+00  2.33526288e+00 
 2.92964000e-09  1.71443503e+00  1.88556497e+00  2.61652409e+00  2.33597894e+00 
 2.93014000e-09  1.71500336e+00  1.88499664e+00  2.61580199e+00  2.33669914e+00 
 2.93064000e-09  1.71557253e+00  1.88442747e+00  2.61507574e+00  2.33742344e+00 
 2.93114000e-09  1.71614254e+00  1.88385746e+00  2.61434537e+00  2.33815180e+00 
 2.93164000e-09  1.71671337e+00  1.88328663e+00  2.61361093e+00  2.33888420e+00 
 2.93214000e-09  1.71728503e+00  1.88271497e+00  2.61287244e+00  2.33962059e+00 
 2.93264000e-09  1.71785750e+00  1.88214250e+00  2.61212995e+00  2.34036095e+00 
 2.93314000e-09  1.71843079e+00  1.88156921e+00  2.61138348e+00  2.34110524e+00 
 2.93364000e-09  1.71900487e+00  1.88099513e+00  2.61063308e+00  2.34185342e+00 
 2.93414000e-09  1.71957976e+00  1.88042024e+00  2.60987879e+00  2.34260547e+00 
 2.93464000e-09  1.72015544e+00  1.87984456e+00  2.60912063e+00  2.34336134e+00 
 2.93514000e-09  1.72073191e+00  1.87926809e+00  2.60835864e+00  2.34412100e+00 
 2.93564000e-09  1.72130916e+00  1.87869084e+00  2.60759286e+00  2.34488442e+00 
 2.93614000e-09  1.72188719e+00  1.87811281e+00  2.60682332e+00  2.34565157e+00 
 2.93664000e-09  1.72246599e+00  1.87753401e+00  2.60605006e+00  2.34642242e+00 
 2.93714000e-09  1.72304556e+00  1.87695444e+00  2.60527311e+00  2.34719692e+00 
 2.93764000e-09  1.72362588e+00  1.87637412e+00  2.60449250e+00  2.34797504e+00 
 2.93814000e-09  1.72420696e+00  1.87579304e+00  2.60370828e+00  2.34875677e+00 
 2.93864000e-09  1.72478878e+00  1.87521122e+00  2.60292048e+00  2.34954205e+00 
 2.93914000e-09  1.72537135e+00  1.87462865e+00  2.60212913e+00  2.35033085e+00 
 2.93964000e-09  1.72595466e+00  1.87404534e+00  2.60133426e+00  2.35112316e+00 
 2.94014000e-09  1.72653869e+00  1.87346131e+00  2.60053591e+00  2.35191892e+00 
 2.94064000e-09  1.72712345e+00  1.87287655e+00  2.59973411e+00  2.35271811e+00 
 2.94114000e-09  1.72770893e+00  1.87229107e+00  2.59892890e+00  2.35352070e+00 
 2.94164000e-09  1.72829513e+00  1.87170487e+00  2.59812030e+00  2.35432666e+00 
 2.94214000e-09  1.72888203e+00  1.87111797e+00  2.59730836e+00  2.35513595e+00 
 2.94264000e-09  1.72946963e+00  1.87053037e+00  2.59649311e+00  2.35594854e+00 
 2.94314000e-09  1.73005793e+00  1.86994207e+00  2.59567458e+00  2.35676439e+00 
 2.94364000e-09  1.73064692e+00  1.86935308e+00  2.59485280e+00  2.35758349e+00 
 2.94414000e-09  1.73123659e+00  1.86876341e+00  2.59402780e+00  2.35840579e+00 
 2.94464000e-09  1.73182695e+00  1.86817305e+00  2.59319962e+00  2.35923127e+00 
 2.94514000e-09  1.73241797e+00  1.86758203e+00  2.59236829e+00  2.36005988e+00 
 2.94564000e-09  1.73300966e+00  1.86699034e+00  2.59153385e+00  2.36089161e+00 
 2.94614000e-09  1.73360202e+00  1.86639798e+00  2.59069631e+00  2.36172642e+00 
 2.94664000e-09  1.73419503e+00  1.86580497e+00  2.58985573e+00  2.36256429e+00 
 2.94714000e-09  1.73478868e+00  1.86521132e+00  2.58901212e+00  2.36340516e+00 
 2.94764000e-09  1.73538299e+00  1.86461701e+00  2.58816552e+00  2.36424903e+00 
 2.94814000e-09  1.73597793e+00  1.86402207e+00  2.58731596e+00  2.36509586e+00 
 2.94864000e-09  1.73657350e+00  1.86342650e+00  2.58646348e+00  2.36594561e+00 
 2.94914000e-09  1.73716969e+00  1.86283031e+00  2.58560810e+00  2.36679826e+00 
 2.94964000e-09  1.73776651e+00  1.86223349e+00  2.58474985e+00  2.36765377e+00 
 2.95014000e-09  1.73836394e+00  1.86163606e+00  2.58388877e+00  2.36851212e+00 
 2.95064000e-09  1.73896198e+00  1.86103802e+00  2.58302488e+00  2.36937328e+00 
 2.95114000e-09  1.73956063e+00  1.86043937e+00  2.58215822e+00  2.37023722e+00 
 2.95164000e-09  1.74015987e+00  1.85984013e+00  2.58128882e+00  2.37110390e+00 
 2.95214000e-09  1.74075970e+00  1.85924030e+00  2.58041670e+00  2.37197329e+00 
 2.95264000e-09  1.74136011e+00  1.85863989e+00  2.57954190e+00  2.37284538e+00 
 2.95314000e-09  1.74196110e+00  1.85803890e+00  2.57866445e+00  2.37372012e+00 
 2.95364000e-09  1.74256267e+00  1.85743733e+00  2.57778438e+00  2.37459750e+00 
 2.95414000e-09  1.74316480e+00  1.85683520e+00  2.57690171e+00  2.37547747e+00 
 2.95464000e-09  1.74376750e+00  1.85623250e+00  2.57601647e+00  2.37636001e+00 
 2.95514000e-09  1.74437074e+00  1.85562926e+00  2.57512870e+00  2.37724510e+00 
 2.95564000e-09  1.74497454e+00  1.85502546e+00  2.57423842e+00  2.37813270e+00 
 2.95614000e-09  1.74557888e+00  1.85442112e+00  2.57334567e+00  2.37902278e+00 
 2.95664000e-09  1.74618376e+00  1.85381624e+00  2.57245046e+00  2.37991532e+00 
 2.95714000e-09  1.74678917e+00  1.85321083e+00  2.57155284e+00  2.38081028e+00 
 2.95764000e-09  1.74739510e+00  1.85260490e+00  2.57065282e+00  2.38170765e+00 
 2.95814000e-09  1.74800156e+00  1.85199844e+00  2.56975044e+00  2.38260738e+00 
 2.95864000e-09  1.74860852e+00  1.85139148e+00  2.56884573e+00  2.38350946e+00 
 2.95914000e-09  1.74921600e+00  1.85078400e+00  2.56793870e+00  2.38441385e+00 
 2.95964000e-09  1.74982397e+00  1.85017603e+00  2.56702940e+00  2.38532053e+00 
 2.96014000e-09  1.75043244e+00  1.84956756e+00  2.56611785e+00  2.38622947e+00 
 2.96064000e-09  1.75104140e+00  1.84895860e+00  2.56520407e+00  2.38714064e+00 
 2.96114000e-09  1.75165085e+00  1.84834915e+00  2.56428809e+00  2.38805402e+00 
 2.96164000e-09  1.75226077e+00  1.84773923e+00  2.56336995e+00  2.38896957e+00 
 2.96214000e-09  1.75287116e+00  1.84712884e+00  2.56244966e+00  2.38988727e+00 
 2.96264000e-09  1.75348201e+00  1.84651799e+00  2.56152725e+00  2.39080709e+00 
 2.96314000e-09  1.75409333e+00  1.84590667e+00  2.56060276e+00  2.39172901e+00 
 2.96364000e-09  1.75470510e+00  1.84529490e+00  2.55967620e+00  2.39265300e+00 
 2.96414000e-09  1.75531731e+00  1.84468269e+00  2.55874761e+00  2.39357903e+00 
 2.96464000e-09  1.75592997e+00  1.84407003e+00  2.55781701e+00  2.39450707e+00 
 2.96514000e-09  1.75654306e+00  1.84345694e+00  2.55688442e+00  2.39543710e+00 
 2.96564000e-09  1.75715658e+00  1.84284342e+00  2.55594988e+00  2.39636909e+00 
 2.96614000e-09  1.75777052e+00  1.84222948e+00  2.55501341e+00  2.39730302e+00 
 2.96664000e-09  1.75838488e+00  1.84161512e+00  2.55407503e+00  2.39823886e+00 
 2.96714000e-09  1.75899966e+00  1.84100034e+00  2.55313477e+00  2.39917658e+00 
 2.96764000e-09  1.75961483e+00  1.84038517e+00  2.55219266e+00  2.40011615e+00 
 2.96814000e-09  1.76023040e+00  1.83976960e+00  2.55124872e+00  2.40105756e+00 
 2.96864000e-09  1.76084637e+00  1.83915363e+00  2.55030298e+00  2.40200077e+00 
 2.96914000e-09  1.76146272e+00  1.83853728e+00  2.54935545e+00  2.40294576e+00 
 2.96964000e-09  1.76207946e+00  1.83792054e+00  2.54840618e+00  2.40389251e+00 
 2.97014000e-09  1.76269656e+00  1.83730344e+00  2.54745517e+00  2.40484098e+00 
 2.97064000e-09  1.76331404e+00  1.83668596e+00  2.54650246e+00  2.40579115e+00 
 2.97114000e-09  1.76393188e+00  1.83606812e+00  2.54554807e+00  2.40674300e+00 
 2.97164000e-09  1.76455007e+00  1.83544993e+00  2.54459203e+00  2.40769650e+00 
 2.97214000e-09  1.76516862e+00  1.83483138e+00  2.54363436e+00  2.40865163e+00 
 2.97264000e-09  1.76578750e+00  1.83421250e+00  2.54267508e+00  2.40960836e+00 
 2.97314000e-09  1.76640673e+00  1.83359327e+00  2.54171422e+00  2.41056667e+00 
 2.97364000e-09  1.76702628e+00  1.83297372e+00  2.54075180e+00  2.41152653e+00 
 2.97414000e-09  1.76764617e+00  1.83235383e+00  2.53978785e+00  2.41248791e+00 
 2.97464000e-09  1.76826637e+00  1.83173363e+00  2.53882239e+00  2.41345079e+00 
 2.97514000e-09  1.76888688e+00  1.83111312e+00  2.53785544e+00  2.41441516e+00 
 2.97564000e-09  1.76950770e+00  1.83049230e+00  2.53688703e+00  2.41538097e+00 
 2.97614000e-09  1.77012883e+00  1.82987117e+00  2.53591717e+00  2.41634822e+00 
 2.97664000e-09  1.77075024e+00  1.82924976e+00  2.53494591e+00  2.41731687e+00 
 2.97714000e-09  1.77137195e+00  1.82862805e+00  2.53397324e+00  2.41828689e+00 
 2.97764000e-09  1.77199394e+00  1.82800606e+00  2.53299921e+00  2.41925827e+00 
 2.97814000e-09  1.77261620e+00  1.82738380e+00  2.53202383e+00  2.42023099e+00 
 2.97864000e-09  1.77323874e+00  1.82676126e+00  2.53104713e+00  2.42120501e+00 
 2.97914000e-09  1.77386154e+00  1.82613846e+00  2.53006913e+00  2.42218031e+00 
 2.97964000e-09  1.77448460e+00  1.82551540e+00  2.52908985e+00  2.42315688e+00 
 2.98014000e-09  1.77510790e+00  1.82489210e+00  2.52810931e+00  2.42413467e+00 
 2.98064000e-09  1.77573146e+00  1.82426854e+00  2.52712754e+00  2.42511368e+00 
 2.98114000e-09  1.77635525e+00  1.82364475e+00  2.52614455e+00  2.42609388e+00 
 2.98164000e-09  1.77697928e+00  1.82302072e+00  2.52516038e+00  2.42707524e+00 
 2.98214000e-09  1.77760354e+00  1.82239646e+00  2.52417504e+00  2.42805774e+00 
 2.98264000e-09  1.77822801e+00  1.82177199e+00  2.52318856e+00  2.42904136e+00 
 2.98314000e-09  1.77885270e+00  1.82114730e+00  2.52220095e+00  2.43002607e+00 
 2.98364000e-09  1.77947760e+00  1.82052240e+00  2.52121225e+00  2.43101185e+00 
 2.98414000e-09  1.78010271e+00  1.81989729e+00  2.52022246e+00  2.43199868e+00 
 2.98464000e-09  1.78072800e+00  1.81927200e+00  2.51923162e+00  2.43298653e+00 
 2.98514000e-09  1.78135349e+00  1.81864651e+00  2.51823975e+00  2.43397538e+00 
 2.98564000e-09  1.78197917e+00  1.81802083e+00  2.51724686e+00  2.43496521e+00 
 2.98614000e-09  1.78260502e+00  1.81739498e+00  2.51625298e+00  2.43595599e+00 
 2.98664000e-09  1.78323104e+00  1.81676896e+00  2.51525813e+00  2.43694770e+00 
 2.98714000e-09  1.78385723e+00  1.81614277e+00  2.51426233e+00  2.43794032e+00 
 2.98764000e-09  1.78448357e+00  1.81551643e+00  2.51326561e+00  2.43893382e+00 
 2.98814000e-09  1.78511007e+00  1.81488993e+00  2.51226798e+00  2.43992818e+00 
 2.98864000e-09  1.78573672e+00  1.81426328e+00  2.51126947e+00  2.44092338e+00 
 2.98914000e-09  1.78636351e+00  1.81363649e+00  2.51027009e+00  2.44191940e+00 
 2.98964000e-09  1.78699043e+00  1.81300957e+00  2.50926988e+00  2.44291620e+00 
 2.99014000e-09  1.78761748e+00  1.81238252e+00  2.50826885e+00  2.44391378e+00 
 2.99064000e-09  1.78824466e+00  1.81175534e+00  2.50726702e+00  2.44491209e+00 
 2.99114000e-09  1.78887195e+00  1.81112805e+00  2.50626441e+00  2.44591113e+00 
 2.99164000e-09  1.78949934e+00  1.81050066e+00  2.50526105e+00  2.44691087e+00 
 2.99214000e-09  1.79012685e+00  1.80987315e+00  2.50425696e+00  2.44791129e+00 
 2.99264000e-09  1.79075445e+00  1.80924555e+00  2.50325216e+00  2.44891235e+00 
 2.99314000e-09  1.79138214e+00  1.80861786e+00  2.50224667e+00  2.44991405e+00 
 2.99364000e-09  1.79200992e+00  1.80799008e+00  2.50124051e+00  2.45091635e+00 
 2.99414000e-09  1.79263777e+00  1.80736223e+00  2.50023371e+00  2.45191923e+00 
 2.99464000e-09  1.79326570e+00  1.80673430e+00  2.49922629e+00  2.45292267e+00 
 2.99514000e-09  1.79389369e+00  1.80610631e+00  2.49821827e+00  2.45392665e+00 
 2.99564000e-09  1.79452175e+00  1.80547825e+00  2.49720967e+00  2.45493114e+00 
 2.99614000e-09  1.79514986e+00  1.80485014e+00  2.49620051e+00  2.45593611e+00 
 2.99664000e-09  1.79577801e+00  1.80422199e+00  2.49519082e+00  2.45694155e+00 
 2.99714000e-09  1.79640621e+00  1.80359379e+00  2.49418062e+00  2.45794743e+00 
 2.99764000e-09  1.79703445e+00  1.80296555e+00  2.49316994e+00  2.45895373e+00 
 2.99814000e-09  1.79766271e+00  1.80233729e+00  2.49215879e+00  2.45996042e+00 
 2.99864000e-09  1.79829099e+00  1.80170901e+00  2.49114721e+00  2.46096748e+00 
 2.99914000e-09  1.79891930e+00  1.80108070e+00  2.49013521e+00  2.46197488e+00 
 2.99964000e-09  1.79954761e+00  1.80045239e+00  2.48912282e+00  2.46298260e+00 
 3.00014000e-09  1.80017593e+00  1.79982407e+00  2.48811006e+00  2.46399061e+00 
 3.00064000e-09  1.80080425e+00  1.79919575e+00  2.48709696e+00  2.46499890e+00 
 3.00114000e-09  1.80143255e+00  1.79856745e+00  2.48608354e+00  2.46600743e+00 
 3.00164000e-09  1.80206085e+00  1.79793915e+00  2.48506983e+00  2.46701619e+00 
 3.00214000e-09  1.80268912e+00  1.79731088e+00  2.48405586e+00  2.46802514e+00 
 3.00264000e-09  1.80331737e+00  1.79668263e+00  2.48304164e+00  2.46903426e+00 
 3.00314000e-09  1.80394558e+00  1.79605442e+00  2.48202721e+00  2.47004352e+00 
 3.00364000e-09  1.80457376e+00  1.79542624e+00  2.48101259e+00  2.47105291e+00 
 3.00414000e-09  1.80520189e+00  1.79479811e+00  2.47999781e+00  2.47206240e+00 
 3.00464000e-09  1.80582997e+00  1.79417003e+00  2.47898290e+00  2.47307195e+00 
 3.00514000e-09  1.80645799e+00  1.79354201e+00  2.47796788e+00  2.47408156e+00 
 3.00564000e-09  1.80708595e+00  1.79291405e+00  2.47695277e+00  2.47509118e+00 
 3.00614000e-09  1.80771384e+00  1.79228616e+00  2.47593762e+00  2.47610080e+00 
 3.00664000e-09  1.80834165e+00  1.79165835e+00  2.47492244e+00  2.47711039e+00 
 3.00714000e-09  1.80896938e+00  1.79103062e+00  2.47390727e+00  2.47811993e+00 
 3.00764000e-09  1.80959702e+00  1.79040298e+00  2.47289212e+00  2.47912939e+00 
 3.00814000e-09  1.81022457e+00  1.78977543e+00  2.47187703e+00  2.48013874e+00 
 3.00864000e-09  1.81085201e+00  1.78914799e+00  2.47086203e+00  2.48114797e+00 
 3.00914000e-09  1.81147935e+00  1.78852065e+00  2.46984715e+00  2.48215705e+00 
 3.00964000e-09  1.81210658e+00  1.78789342e+00  2.46883240e+00  2.48316595e+00 
 3.01014000e-09  1.81273368e+00  1.78726632e+00  2.46781783e+00  2.48417465e+00 
 3.01064000e-09  1.81336066e+00  1.78663934e+00  2.46680345e+00  2.48518313e+00 
 3.01114000e-09  1.81398751e+00  1.78601249e+00  2.46578930e+00  2.48619136e+00 
 3.01164000e-09  1.81461422e+00  1.78538578e+00  2.46477540e+00  2.48719933e+00 
 3.01214000e-09  1.81524078e+00  1.78475922e+00  2.46376178e+00  2.48820700e+00 
 3.01264000e-09  1.81586720e+00  1.78413280e+00  2.46274846e+00  2.48921436e+00 
 3.01314000e-09  1.81649346e+00  1.78350654e+00  2.46173548e+00  2.49022138e+00 
 3.01364000e-09  1.81711955e+00  1.78288045e+00  2.46072286e+00  2.49122804e+00 
 3.01414000e-09  1.81774548e+00  1.78225452e+00  2.45971062e+00  2.49223433e+00 
 3.01464000e-09  1.81837123e+00  1.78162877e+00  2.45869880e+00  2.49324021e+00 
 3.01514000e-09  1.81899680e+00  1.78100320e+00  2.45768741e+00  2.49424568e+00 
 3.01564000e-09  1.81962219e+00  1.78037781e+00  2.45667648e+00  2.49525070e+00 
 3.01614000e-09  1.82024738e+00  1.77975262e+00  2.45566604e+00  2.49625525e+00 
 3.01664000e-09  1.82087237e+00  1.77912763e+00  2.45465610e+00  2.49725933e+00 
 3.01714000e-09  1.82149715e+00  1.77850285e+00  2.45364671e+00  2.49826290e+00 
 3.01764000e-09  1.82212172e+00  1.77787828e+00  2.45263787e+00  2.49926595e+00 
 3.01814000e-09  1.82274607e+00  1.77725393e+00  2.45162962e+00  2.50026846e+00 
 3.01864000e-09  1.82337020e+00  1.77662980e+00  2.45062197e+00  2.50127041e+00 
 3.01914000e-09  1.82399410e+00  1.77600590e+00  2.44961495e+00  2.50227177e+00 
 3.01964000e-09  1.82461776e+00  1.77538224e+00  2.44860859e+00  2.50327254e+00 
 3.02014000e-09  1.82524118e+00  1.77475882e+00  2.44760291e+00  2.50427269e+00 
 3.02064000e-09  1.82586435e+00  1.77413565e+00  2.44659792e+00  2.50527220e+00 
 3.02114000e-09  1.82648726e+00  1.77351274e+00  2.44559365e+00  2.50627106e+00 
 3.02164000e-09  1.82710991e+00  1.77289009e+00  2.44459013e+00  2.50726923e+00 
 3.02214000e-09  1.82773230e+00  1.77226770e+00  2.44358738e+00  2.50826672e+00 
 3.02264000e-09  1.82835441e+00  1.77164559e+00  2.44258541e+00  2.50926349e+00 
 3.02314000e-09  1.82897624e+00  1.77102376e+00  2.44158426e+00  2.51025953e+00 
 3.02364000e-09  1.82959779e+00  1.77040221e+00  2.44058394e+00  2.51125482e+00 
 3.02414000e-09  1.83021904e+00  1.76978096e+00  2.43958447e+00  2.51224934e+00 
 3.02464000e-09  1.83083999e+00  1.76916001e+00  2.43858589e+00  2.51324307e+00 
 3.02514000e-09  1.83146064e+00  1.76853936e+00  2.43758820e+00  2.51423599e+00 
 3.02564000e-09  1.83208098e+00  1.76791902e+00  2.43659144e+00  2.51522809e+00 
 3.02614000e-09  1.83270101e+00  1.76729899e+00  2.43559562e+00  2.51621933e+00 
 3.02664000e-09  1.83332071e+00  1.76667929e+00  2.43460076e+00  2.51720971e+00 
 3.02714000e-09  1.83394008e+00  1.76605992e+00  2.43360690e+00  2.51819920e+00 
 3.02764000e-09  1.83455912e+00  1.76544088e+00  2.43261404e+00  2.51918778e+00 
 3.02814000e-09  1.83517781e+00  1.76482219e+00  2.43162222e+00  2.52017543e+00 
 3.02864000e-09  1.83579616e+00  1.76420384e+00  2.43063145e+00  2.52116214e+00 
 3.02914000e-09  1.83641416e+00  1.76358584e+00  2.42964176e+00  2.52214787e+00 
 3.02964000e-09  1.83703179e+00  1.76296821e+00  2.42865317e+00  2.52313262e+00 
 3.03014000e-09  1.83764906e+00  1.76235094e+00  2.42766569e+00  2.52411635e+00 
 3.03064000e-09  1.83826596e+00  1.76173404e+00  2.42667936e+00  2.52509905e+00 
 3.03114000e-09  1.83888248e+00  1.76111752e+00  2.42569420e+00  2.52608069e+00 
 3.03164000e-09  1.83949862e+00  1.76050138e+00  2.42471022e+00  2.52706125e+00 
 3.03214000e-09  1.84011437e+00  1.75988563e+00  2.42372746e+00  2.52804071e+00 
 3.03264000e-09  1.84072972e+00  1.75927028e+00  2.42274592e+00  2.52901904e+00 
 3.03314000e-09  1.84134467e+00  1.75865533e+00  2.42176564e+00  2.52999623e+00 
 3.03364000e-09  1.84195921e+00  1.75804079e+00  2.42078664e+00  2.53097225e+00 
 3.03414000e-09  1.84257334e+00  1.75742666e+00  2.41980893e+00  2.53194707e+00 
 3.03464000e-09  1.84318704e+00  1.75681296e+00  2.41883255e+00  2.53292068e+00 
 3.03514000e-09  1.84380032e+00  1.75619968e+00  2.41785751e+00  2.53389304e+00 
 3.03564000e-09  1.84441317e+00  1.75558683e+00  2.41688383e+00  2.53486413e+00 
 3.03614000e-09  1.84502558e+00  1.75497442e+00  2.41591155e+00  2.53583393e+00 
 3.03664000e-09  1.84563755e+00  1.75436245e+00  2.41494067e+00  2.53680241e+00 
 3.03714000e-09  1.84624906e+00  1.75375094e+00  2.41397123e+00  2.53776956e+00 
 3.03764000e-09  1.84686012e+00  1.75313988e+00  2.41300325e+00  2.53873533e+00 
 3.03814000e-09  1.84747072e+00  1.75252928e+00  2.41203674e+00  2.53969970e+00 
 3.03864000e-09  1.84808085e+00  1.75191915e+00  2.41107173e+00  2.54066266e+00 
 3.03914000e-09  1.84869050e+00  1.75130950e+00  2.41010825e+00  2.54162417e+00 
 3.03964000e-09  1.84929967e+00  1.75070033e+00  2.40914632e+00  2.54258421e+00 
 3.04014000e-09  1.84990836e+00  1.75009164e+00  2.40818595e+00  2.54354274e+00 
 3.04064000e-09  1.85051655e+00  1.74948345e+00  2.40722718e+00  2.54449975e+00 
 3.04114000e-09  1.85112425e+00  1.74887575e+00  2.40627002e+00  2.54545521e+00 
 3.04164000e-09  1.85173144e+00  1.74826856e+00  2.40531450e+00  2.54640908e+00 
 3.04214000e-09  1.85233812e+00  1.74766188e+00  2.40436065e+00  2.54736135e+00 
 3.04264000e-09  1.85294428e+00  1.74705572e+00  2.40340848e+00  2.54831198e+00 
 3.04314000e-09  1.85354992e+00  1.74645008e+00  2.40245801e+00  2.54926095e+00 
 3.04364000e-09  1.85415504e+00  1.74584496e+00  2.40150928e+00  2.55020822e+00 
 3.04414000e-09  1.85475961e+00  1.74524039e+00  2.40056231e+00  2.55115378e+00 
 3.04464000e-09  1.85536365e+00  1.74463635e+00  2.39961711e+00  2.55209758e+00 
 3.04514000e-09  1.85596714e+00  1.74403286e+00  2.39867372e+00  2.55303961e+00 
 3.04564000e-09  1.85657008e+00  1.74342992e+00  2.39773215e+00  2.55397984e+00 
 3.04614000e-09  1.85717246e+00  1.74282754e+00  2.39679244e+00  2.55491824e+00 
 3.04664000e-09  1.85777428e+00  1.74222572e+00  2.39585460e+00  2.55585477e+00 
 3.04714000e-09  1.85837552e+00  1.74162448e+00  2.39491866e+00  2.55678942e+00 
 3.04764000e-09  1.85897619e+00  1.74102381e+00  2.39398465e+00  2.55772215e+00 
 3.04814000e-09  1.85957628e+00  1.74042372e+00  2.39305258e+00  2.55865293e+00 
 3.04864000e-09  1.86017578e+00  1.73982422e+00  2.39212249e+00  2.55958173e+00 
 3.04914000e-09  1.86077469e+00  1.73922531e+00  2.39119440e+00  2.56050854e+00 
 3.04964000e-09  1.86137299e+00  1.73862701e+00  2.39026834e+00  2.56143330e+00 
 3.05014000e-09  1.86197069e+00  1.73802931e+00  2.38934432e+00  2.56235601e+00 
 3.05064000e-09  1.86256778e+00  1.73743222e+00  2.38842238e+00  2.56327663e+00 
 3.05114000e-09  1.86316425e+00  1.73683575e+00  2.38750254e+00  2.56419512e+00 
 3.05164000e-09  1.86376010e+00  1.73623990e+00  2.38658483e+00  2.56511147e+00 
 3.05214000e-09  1.86435532e+00  1.73564468e+00  2.38566927e+00  2.56602563e+00 
 3.05264000e-09  1.86494990e+00  1.73505010e+00  2.38475589e+00  2.56693759e+00 
 3.05314000e-09  1.86554384e+00  1.73445616e+00  2.38384472e+00  2.56784731e+00 
 3.05364000e-09  1.86613714e+00  1.73386286e+00  2.38293579e+00  2.56875476e+00 
 3.05414000e-09  1.86672978e+00  1.73327022e+00  2.38202911e+00  2.56965991e+00 
 3.05464000e-09  1.86732177e+00  1.73267823e+00  2.38112472e+00  2.57056274e+00 
 3.05514000e-09  1.86791309e+00  1.73208691e+00  2.38022264e+00  2.57146321e+00 
 3.05564000e-09  1.86850374e+00  1.73149626e+00  2.37932291e+00  2.57236129e+00 
 3.05614000e-09  1.86909371e+00  1.73090629e+00  2.37842555e+00  2.57325695e+00 
 3.05664000e-09  1.86968300e+00  1.73031700e+00  2.37753059e+00  2.57415017e+00 
 3.05714000e-09  1.87027160e+00  1.72972840e+00  2.37663805e+00  2.57504091e+00 
 3.05764000e-09  1.87085951e+00  1.72914049e+00  2.37574797e+00  2.57592914e+00 
 3.05814000e-09  1.87144672e+00  1.72855328e+00  2.37486037e+00  2.57681483e+00 
 3.05864000e-09  1.87203323e+00  1.72796677e+00  2.37397529e+00  2.57769795e+00 
 3.05914000e-09  1.87261902e+00  1.72738098e+00  2.37309275e+00  2.57857847e+00 
 3.05964000e-09  1.87320410e+00  1.72679590e+00  2.37221277e+00  2.57945636e+00 
 3.06014000e-09  1.87378846e+00  1.72621154e+00  2.37133540e+00  2.58033159e+00 
 3.06064000e-09  1.87437208e+00  1.72562792e+00  2.37046066e+00  2.58120412e+00 
 3.06114000e-09  1.87495498e+00  1.72504502e+00  2.36958858e+00  2.58207392e+00 
 3.06164000e-09  1.87553713e+00  1.72446287e+00  2.36871919e+00  2.58294097e+00 
 3.06214000e-09  1.87611854e+00  1.72388146e+00  2.36785252e+00  2.58380523e+00 
 3.06264000e-09  1.87669919e+00  1.72330081e+00  2.36698860e+00  2.58466667e+00 
 3.06314000e-09  1.87727909e+00  1.72272091e+00  2.36612746e+00  2.58552526e+00 
 3.06364000e-09  1.87785823e+00  1.72214177e+00  2.36526914e+00  2.58638096e+00 
 3.06414000e-09  1.87843660e+00  1.72156340e+00  2.36441366e+00  2.58723375e+00 
 3.06464000e-09  1.87901419e+00  1.72098581e+00  2.36356105e+00  2.58808358e+00 
 3.06514000e-09  1.87959101e+00  1.72040899e+00  2.36271136e+00  2.58893044e+00 
 3.06564000e-09  1.88016704e+00  1.71983296e+00  2.36186460e+00  2.58977428e+00 
 3.06614000e-09  1.88074227e+00  1.71925773e+00  2.36102081e+00  2.59061506e+00 
 3.06664000e-09  1.88131671e+00  1.71868329e+00  2.36018003e+00  2.59145277e+00 
 3.06714000e-09  1.88189035e+00  1.71810965e+00  2.35934228e+00  2.59228736e+00 
 3.06764000e-09  1.88246318e+00  1.71753682e+00  2.35850761e+00  2.59311881e+00 
 3.06814000e-09  1.88303520e+00  1.71696480e+00  2.35767603e+00  2.59394707e+00 
 3.06864000e-09  1.88360639e+00  1.71639361e+00  2.35684759e+00  2.59477211e+00 
 3.06914000e-09  1.88417677e+00  1.71582323e+00  2.35602232e+00  2.59559390e+00 
 3.06964000e-09  1.88474631e+00  1.71525369e+00  2.35520025e+00  2.59641241e+00 
 3.07014000e-09  1.88531501e+00  1.71468499e+00  2.35438141e+00  2.59722760e+00 
 3.07064000e-09  1.88588287e+00  1.71411713e+00  2.35356585e+00  2.59803943e+00 
 3.07114000e-09  1.88644989e+00  1.71355011e+00  2.35275359e+00  2.59884788e+00 
 3.07164000e-09  1.88701605e+00  1.71298395e+00  2.35194467e+00  2.59965289e+00 
 3.07214000e-09  1.88758135e+00  1.71241865e+00  2.35113912e+00  2.60045445e+00 
 3.07264000e-09  1.88814579e+00  1.71185421e+00  2.35033699e+00  2.60125251e+00 
 3.07314000e-09  1.88870936e+00  1.71129064e+00  2.34953829e+00  2.60204705e+00 
 3.07364000e-09  1.88927205e+00  1.71072795e+00  2.34874307e+00  2.60283801e+00 
 3.07414000e-09  1.88983386e+00  1.71016614e+00  2.34795137e+00  2.60362537e+00 
 3.07464000e-09  1.89039479e+00  1.70960521e+00  2.34716322e+00  2.60440909e+00 
 3.07514000e-09  1.89095482e+00  1.70904518e+00  2.34637865e+00  2.60518913e+00 
 3.07564000e-09  1.89151395e+00  1.70848605e+00  2.34559770e+00  2.60596546e+00 
 3.07614000e-09  1.89207219e+00  1.70792781e+00  2.34482041e+00  2.60673804e+00 
 3.07664000e-09  1.89262951e+00  1.70737049e+00  2.34404682e+00  2.60750683e+00 
 3.07714000e-09  1.89318592e+00  1.70681408e+00  2.34327696e+00  2.60827180e+00 
 3.07764000e-09  1.89374141e+00  1.70625859e+00  2.34251086e+00  2.60903291e+00 
 3.07814000e-09  1.89429597e+00  1.70570403e+00  2.34174857e+00  2.60979011e+00 
 3.07864000e-09  1.89484960e+00  1.70515040e+00  2.34099012e+00  2.61054338e+00 
 3.07914000e-09  1.89540230e+00  1.70459770e+00  2.34023555e+00  2.61129268e+00 
 3.07964000e-09  1.89595406e+00  1.70404594e+00  2.33948489e+00  2.61203796e+00 
 3.08014000e-09  1.89650487e+00  1.70349513e+00  2.33873819e+00  2.61277919e+00 
 3.08064000e-09  1.89705472e+00  1.70294528e+00  2.33799549e+00  2.61351632e+00 
 3.08114000e-09  1.89760362e+00  1.70239638e+00  2.33725681e+00  2.61424934e+00 
 3.08164000e-09  1.89815155e+00  1.70184845e+00  2.33652219e+00  2.61497818e+00 
 3.08214000e-09  1.89869852e+00  1.70130148e+00  2.33579169e+00  2.61570282e+00 
 3.08264000e-09  1.89924451e+00  1.70075549e+00  2.33506533e+00  2.61642321e+00 
 3.08314000e-09  1.89978953e+00  1.70021047e+00  2.33434315e+00  2.61713932e+00 
 3.08364000e-09  1.90033355e+00  1.69966645e+00  2.33362518e+00  2.61785111e+00 
 3.08414000e-09  1.90087659e+00  1.69912341e+00  2.33291148e+00  2.61855854e+00 
 3.08464000e-09  1.90141863e+00  1.69858137e+00  2.33220208e+00  2.61926157e+00 
 3.08514000e-09  1.90195967e+00  1.69804033e+00  2.33149701e+00  2.61996015e+00 
 3.08564000e-09  1.90249971e+00  1.69750029e+00  2.33079632e+00  2.62065426e+00 
 3.08614000e-09  1.90303873e+00  1.69696127e+00  2.33010003e+00  2.62134385e+00 
 3.08664000e-09  1.90357674e+00  1.69642326e+00  2.32940821e+00  2.62202888e+00 
 3.08714000e-09  1.90411372e+00  1.69588628e+00  2.32872087e+00  2.62270932e+00 
 3.08764000e-09  1.90464968e+00  1.69535032e+00  2.32803806e+00  2.62338512e+00 
 3.08814000e-09  1.90518460e+00  1.69481540e+00  2.32735981e+00  2.62405625e+00 
 3.08864000e-09  1.90571849e+00  1.69428151e+00  2.32668618e+00  2.62472266e+00 
 3.08914000e-09  1.90625133e+00  1.69374867e+00  2.32601719e+00  2.62538432e+00 
 3.08964000e-09  1.90678312e+00  1.69321688e+00  2.32535288e+00  2.62604119e+00 
 3.09014000e-09  1.90731386e+00  1.69268614e+00  2.32469329e+00  2.62669323e+00 
 3.09064000e-09  1.90784354e+00  1.69215646e+00  2.32403846e+00  2.62734040e+00 
 3.09114000e-09  1.90837216e+00  1.69162784e+00  2.32338843e+00  2.62798266e+00 
 3.09164000e-09  1.90889970e+00  1.69110030e+00  2.32274323e+00  2.62861998e+00 
 3.09214000e-09  1.90942617e+00  1.69057383e+00  2.32210291e+00  2.62925232e+00 
 3.09264000e-09  1.90995156e+00  1.69004844e+00  2.32146750e+00  2.62987963e+00 
 3.09314000e-09  1.91047587e+00  1.68952413e+00  2.32083703e+00  2.63050189e+00 
 3.09364000e-09  1.91099909e+00  1.68900091e+00  2.32021155e+00  2.63111905e+00 
 3.09414000e-09  1.91152121e+00  1.68847879e+00  2.31959109e+00  2.63173107e+00 
 3.09464000e-09  1.91204223e+00  1.68795777e+00  2.31897568e+00  2.63233793e+00 
 3.09514000e-09  1.91256214e+00  1.68743786e+00  2.31836537e+00  2.63293959e+00 
 3.09564000e-09  1.91308094e+00  1.68691906e+00  2.31776019e+00  2.63353601e+00 
 3.09614000e-09  1.91359863e+00  1.68640137e+00  2.31716017e+00  2.63412715e+00 
 3.09664000e-09  1.91411519e+00  1.68588481e+00  2.31656535e+00  2.63471298e+00 
 3.09714000e-09  1.91463063e+00  1.68536937e+00  2.31597576e+00  2.63529347e+00 
 3.09764000e-09  1.91514494e+00  1.68485506e+00  2.31539143e+00  2.63586858e+00 
 3.09814000e-09  1.91565811e+00  1.68434189e+00  2.31481241e+00  2.63643828e+00 
 3.09864000e-09  1.91617014e+00  1.68382986e+00  2.31423871e+00  2.63700254e+00 
 3.09914000e-09  1.91668103e+00  1.68331897e+00  2.31367038e+00  2.63756132e+00 
 3.09964000e-09  1.91719076e+00  1.68280924e+00  2.31310744e+00  2.63811460e+00 
 3.10014000e-09  1.91769933e+00  1.68230067e+00  2.31254993e+00  2.63866235e+00 
 3.10064000e-09  1.91820675e+00  1.68179325e+00  2.31199787e+00  2.63920454e+00 
 3.10114000e-09  1.91871300e+00  1.68128700e+00  2.31145129e+00  2.63974113e+00 
 3.10164000e-09  1.91921807e+00  1.68078193e+00  2.31091022e+00  2.64027210e+00 
 3.10214000e-09  1.91972197e+00  1.68027803e+00  2.31037470e+00  2.64079743e+00 
 3.10264000e-09  1.92022469e+00  1.67977531e+00  2.30984473e+00  2.64131709e+00 
 3.10314000e-09  1.92072622e+00  1.67927378e+00  2.30932036e+00  2.64183105e+00 
 3.10364000e-09  1.92122656e+00  1.67877344e+00  2.30880160e+00  2.64233930e+00 
 3.10414000e-09  1.92172570e+00  1.67827430e+00  2.30828847e+00  2.64284180e+00 
 3.10464000e-09  1.92222364e+00  1.67777636e+00  2.30778101e+00  2.64333854e+00 
 3.10514000e-09  1.92272037e+00  1.67727963e+00  2.30727922e+00  2.64382950e+00 
 3.10564000e-09  1.92321590e+00  1.67678410e+00  2.30678314e+00  2.64431466e+00 
 3.10614000e-09  1.92371021e+00  1.67628979e+00  2.30629277e+00  2.64479400e+00 
 3.10664000e-09  1.92420329e+00  1.67579671e+00  2.30580815e+00  2.64526751e+00 
 3.10714000e-09  1.92469515e+00  1.67530485e+00  2.30532927e+00  2.64573517e+00 
 3.10764000e-09  1.92518578e+00  1.67481422e+00  2.30485616e+00  2.64619697e+00 
 3.10814000e-09  1.92567518e+00  1.67432482e+00  2.30438883e+00  2.64665289e+00 
 3.10864000e-09  1.92616333e+00  1.67383667e+00  2.30392730e+00  2.64710294e+00 
 3.10914000e-09  1.92665024e+00  1.67334976e+00  2.30347156e+00  2.64754709e+00 
 3.10964000e-09  1.92713590e+00  1.67286410e+00  2.30302164e+00  2.64798534e+00 
 3.11014000e-09  1.92762030e+00  1.67237970e+00  2.30257754e+00  2.64841768e+00 
 3.11064000e-09  1.92810345e+00  1.67189655e+00  2.30213927e+00  2.64884412e+00 
 3.11114000e-09  1.92858533e+00  1.67141467e+00  2.30170682e+00  2.64926465e+00 
 3.11164000e-09  1.92906594e+00  1.67093406e+00  2.30128021e+00  2.64967927e+00 
 3.11214000e-09  1.92954528e+00  1.67045472e+00  2.30085943e+00  2.65008798e+00 
 3.11264000e-09  1.93002334e+00  1.66997666e+00  2.30044448e+00  2.65049078e+00 
 3.11314000e-09  1.93050011e+00  1.66949989e+00  2.30003537e+00  2.65088768e+00 
 3.11364000e-09  1.93097560e+00  1.66902440e+00  2.29963208e+00  2.65127868e+00 
 3.11414000e-09  1.93144980e+00  1.66855020e+00  2.29923461e+00  2.65166380e+00 
 3.11464000e-09  1.93192269e+00  1.66807731e+00  2.29884296e+00  2.65204304e+00 
 3.11514000e-09  1.93239429e+00  1.66760571e+00  2.29845710e+00  2.65241643e+00 
 3.11564000e-09  1.93286458e+00  1.66713542e+00  2.29807704e+00  2.65278396e+00 
 3.11614000e-09  1.93333355e+00  1.66666645e+00  2.29770276e+00  2.65314566e+00 
 3.11664000e-09  1.93380122e+00  1.66619878e+00  2.29733425e+00  2.65350154e+00 
 3.11714000e-09  1.93426756e+00  1.66573244e+00  2.29697148e+00  2.65385163e+00 
 3.11764000e-09  1.93473257e+00  1.66526743e+00  2.29661444e+00  2.65419594e+00 
 3.11814000e-09  1.93519626e+00  1.66480374e+00  2.29626310e+00  2.65453451e+00 
 3.11864000e-09  1.93565861e+00  1.66434139e+00  2.29591746e+00  2.65486735e+00 
 3.11914000e-09  1.93611962e+00  1.66388038e+00  2.29557747e+00  2.65519450e+00 
 3.11964000e-09  1.93657929e+00  1.66342071e+00  2.29524312e+00  2.65551598e+00 
 3.12014000e-09  1.93703762e+00  1.66296238e+00  2.29491437e+00  2.65583182e+00 
 3.12064000e-09  1.93749458e+00  1.66250542e+00  2.29459121e+00  2.65614206e+00 
 3.12114000e-09  1.93795020e+00  1.66204980e+00  2.29427359e+00  2.65644674e+00 
 3.12164000e-09  1.93840445e+00  1.66159555e+00  2.29396148e+00  2.65674588e+00 
 3.12214000e-09  1.93885733e+00  1.66114267e+00  2.29365485e+00  2.65703953e+00 
 3.12264000e-09  1.93930884e+00  1.66069116e+00  2.29335366e+00  2.65732773e+00 
 3.12314000e-09  1.93975898e+00  1.66024102e+00  2.29305788e+00  2.65761051e+00 
 3.12364000e-09  1.94020774e+00  1.65979226e+00  2.29276745e+00  2.65788793e+00 
 3.12414000e-09  1.94065512e+00  1.65934488e+00  2.29248235e+00  2.65816003e+00 
 3.12464000e-09  1.94110111e+00  1.65889889e+00  2.29220252e+00  2.65842685e+00 
 3.12514000e-09  1.94154570e+00  1.65845430e+00  2.29192793e+00  2.65868845e+00 
 3.12564000e-09  1.94198890e+00  1.65801110e+00  2.29165852e+00  2.65894487e+00 
 3.12614000e-09  1.94243070e+00  1.65756930e+00  2.29139426e+00  2.65919616e+00 
 3.12664000e-09  1.94287109e+00  1.65712891e+00  2.29113508e+00  2.65944238e+00 
 3.12714000e-09  1.94331007e+00  1.65668993e+00  2.29088094e+00  2.65968358e+00 
 3.12764000e-09  1.94374764e+00  1.65625236e+00  2.29063179e+00  2.65991981e+00 
 3.12814000e-09  1.94418378e+00  1.65581622e+00  2.29038757e+00  2.66015114e+00 
 3.12864000e-09  1.94461851e+00  1.65538149e+00  2.29014823e+00  2.66037761e+00 
 3.12914000e-09  1.94505181e+00  1.65494819e+00  2.28991371e+00  2.66059929e+00 
 3.12964000e-09  1.94548367e+00  1.65451633e+00  2.28968397e+00  2.66081624e+00 
 3.13014000e-09  1.94591410e+00  1.65408590e+00  2.28945893e+00  2.66102851e+00 
 3.13064000e-09  1.94634309e+00  1.65365691e+00  2.28923855e+00  2.66123618e+00 
 3.13114000e-09  1.94677064e+00  1.65322936e+00  2.28902276e+00  2.66143929e+00 
 3.13164000e-09  1.94719673e+00  1.65280327e+00  2.28881150e+00  2.66163791e+00 
 3.13214000e-09  1.94762138e+00  1.65237862e+00  2.28860472e+00  2.66183212e+00 
 3.13264000e-09  1.94804456e+00  1.65195544e+00  2.28840234e+00  2.66202196e+00 
 3.13314000e-09  1.94846629e+00  1.65153371e+00  2.28820432e+00  2.66220751e+00 
 3.13364000e-09  1.94888655e+00  1.65111345e+00  2.28801058e+00  2.66238883e+00 
 3.13414000e-09  1.94930534e+00  1.65069466e+00  2.28782106e+00  2.66256598e+00 
 3.13464000e-09  1.94972266e+00  1.65027734e+00  2.28763570e+00  2.66273904e+00 
 3.13514000e-09  1.95013850e+00  1.64986150e+00  2.28745443e+00  2.66290806e+00 
 3.13564000e-09  1.95055286e+00  1.64944714e+00  2.28727720e+00  2.66307312e+00 
 3.13614000e-09  1.95096573e+00  1.64903427e+00  2.28710393e+00  2.66323428e+00 
 3.13664000e-09  1.95137711e+00  1.64862289e+00  2.28693457e+00  2.66339161e+00 
 3.13714000e-09  1.95178700e+00  1.64821300e+00  2.28676904e+00  2.66354517e+00 
 3.13764000e-09  1.95219539e+00  1.64780461e+00  2.28660728e+00  2.66369504e+00 
 3.13814000e-09  1.95260228e+00  1.64739772e+00  2.28644922e+00  2.66384127e+00 
 3.13864000e-09  1.95300766e+00  1.64699234e+00  2.28629481e+00  2.66398394e+00 
 3.13914000e-09  1.95341153e+00  1.64658847e+00  2.28614397e+00  2.66412311e+00 
 3.13964000e-09  1.95381389e+00  1.64618611e+00  2.28599665e+00  2.66425885e+00 
 3.14014000e-09  1.95421473e+00  1.64578527e+00  2.28585277e+00  2.66439122e+00 
 3.14064000e-09  1.95461405e+00  1.64538595e+00  2.28571228e+00  2.66452029e+00 
 3.14114000e-09  1.95501184e+00  1.64498816e+00  2.28557510e+00  2.66464613e+00 
 3.14164000e-09  1.95540810e+00  1.64459190e+00  2.28544118e+00  2.66476879e+00 
 3.14214000e-09  1.95580283e+00  1.64419717e+00  2.28531045e+00  2.66488835e+00 
 3.14264000e-09  1.95619602e+00  1.64380398e+00  2.28518285e+00  2.66500487e+00 
 3.14314000e-09  1.95658767e+00  1.64341233e+00  2.28505831e+00  2.66511841e+00 
 3.14364000e-09  1.95697777e+00  1.64302223e+00  2.28493678e+00  2.66522903e+00 
 3.14414000e-09  1.95736633e+00  1.64263367e+00  2.28481819e+00  2.66533680e+00 
 3.14464000e-09  1.95775333e+00  1.64224667e+00  2.28470248e+00  2.66544178e+00 
 3.14514000e-09  1.95813877e+00  1.64186123e+00  2.28458959e+00  2.66554402e+00 
 3.14564000e-09  1.95852265e+00  1.64147735e+00  2.28447947e+00  2.66564360e+00 
 3.14614000e-09  1.95890497e+00  1.64109503e+00  2.28437204e+00  2.66574056e+00 
 3.14664000e-09  1.95928572e+00  1.64071428e+00  2.28426726e+00  2.66583497e+00 
 3.14714000e-09  1.95966490e+00  1.64033510e+00  2.28416507e+00  2.66592689e+00 
 3.14764000e-09  1.96004250e+00  1.63995750e+00  2.28406541e+00  2.66601637e+00 
 3.14814000e-09  1.96041852e+00  1.63958148e+00  2.28396821e+00  2.66610347e+00 
 3.14864000e-09  1.96079296e+00  1.63920704e+00  2.28387344e+00  2.66618824e+00 
 3.14914000e-09  1.96116582e+00  1.63883418e+00  2.28378103e+00  2.66627075e+00 
 3.14964000e-09  1.96153708e+00  1.63846292e+00  2.28369093e+00  2.66635104e+00 
 3.15014000e-09  1.96190674e+00  1.63809326e+00  2.28360308e+00  2.66642916e+00 
 3.15064000e-09  1.96227481e+00  1.63772519e+00  2.28351744e+00  2.66650518e+00 
 3.15114000e-09  1.96264128e+00  1.63735872e+00  2.28343395e+00  2.66657913e+00 
 3.15164000e-09  1.96300614e+00  1.63699386e+00  2.28335257e+00  2.66665108e+00 
 3.15214000e-09  1.96336940e+00  1.63663060e+00  2.28327323e+00  2.66672107e+00 
 3.15264000e-09  1.96373104e+00  1.63626896e+00  2.28319590e+00  2.66678915e+00 
 3.15314000e-09  1.96409107e+00  1.63590893e+00  2.28312052e+00  2.66685537e+00 
 3.15364000e-09  1.96444947e+00  1.63555053e+00  2.28304705e+00  2.66691977e+00 
 3.15414000e-09  1.96480625e+00  1.63519375e+00  2.28297544e+00  2.66698240e+00 
 3.15464000e-09  1.96516141e+00  1.63483859e+00  2.28290565e+00  2.66704331e+00 
 3.15514000e-09  1.96551494e+00  1.63448506e+00  2.28283763e+00  2.66710254e+00 
 3.15564000e-09  1.96586683e+00  1.63413317e+00  2.28277133e+00  2.66716014e+00 
 3.15614000e-09  1.96621709e+00  1.63378291e+00  2.28270672e+00  2.66721614e+00 
 3.15664000e-09  1.96656570e+00  1.63343430e+00  2.28264376e+00  2.66727059e+00 
 3.15714000e-09  1.96691267e+00  1.63308733e+00  2.28258239e+00  2.66732353e+00 
 3.15764000e-09  1.96725800e+00  1.63274200e+00  2.28252259e+00  2.66737500e+00 
 3.15814000e-09  1.96760167e+00  1.63239833e+00  2.28246431e+00  2.66742504e+00 
 3.15864000e-09  1.96794369e+00  1.63205631e+00  2.28240751e+00  2.66747368e+00 
 3.15914000e-09  1.96828405e+00  1.63171595e+00  2.28235216e+00  2.66752097e+00 
 3.15964000e-09  1.96862275e+00  1.63137725e+00  2.28229822e+00  2.66756693e+00 
 3.16014000e-09  1.96895979e+00  1.63104021e+00  2.28224565e+00  2.66761162e+00 
 3.16064000e-09  1.96929516e+00  1.63070484e+00  2.28219441e+00  2.66765505e+00 
 3.16114000e-09  1.96962885e+00  1.63037115e+00  2.28214448e+00  2.66769727e+00 
 3.16164000e-09  1.96996088e+00  1.63003912e+00  2.28209582e+00  2.66773831e+00 
 3.16214000e-09  1.97029122e+00  1.62970878e+00  2.28204840e+00  2.66777820e+00 
 3.16264000e-09  1.97061989e+00  1.62938011e+00  2.28200218e+00  2.66781697e+00 
 3.16314000e-09  1.97094687e+00  1.62905313e+00  2.28195713e+00  2.66785466e+00 
 3.16364000e-09  1.97127217e+00  1.62872783e+00  2.28191323e+00  2.66789129e+00 
 3.16414000e-09  1.97159577e+00  1.62840423e+00  2.28187043e+00  2.66792690e+00 
 3.16464000e-09  1.97191768e+00  1.62808232e+00  2.28182872e+00  2.66796150e+00 
 3.16514000e-09  1.97223789e+00  1.62776211e+00  2.28178807e+00  2.66799514e+00 
 3.16564000e-09  1.97255641e+00  1.62744359e+00  2.28174844e+00  2.66802783e+00 
 3.16614000e-09  1.97287322e+00  1.62712678e+00  2.28170981e+00  2.66805961e+00 
 3.16664000e-09  1.97318832e+00  1.62681168e+00  2.28167215e+00  2.66809050e+00 
 3.16714000e-09  1.97350172e+00  1.62649828e+00  2.28163545e+00  2.66812052e+00 
 3.16764000e-09  1.97381340e+00  1.62618660e+00  2.28159966e+00  2.66814970e+00 
 3.16814000e-09  1.97412337e+00  1.62587663e+00  2.28156478e+00  2.66817807e+00 
 3.16864000e-09  1.97443162e+00  1.62556838e+00  2.28153077e+00  2.66820565e+00 
 3.16914000e-09  1.97473814e+00  1.62526186e+00  2.28149761e+00  2.66823245e+00 
 3.16964000e-09  1.97504295e+00  1.62495705e+00  2.28146528e+00  2.66825851e+00 
 3.17014000e-09  1.97534602e+00  1.62465398e+00  2.28143375e+00  2.66828384e+00 
 3.17064000e-09  1.97564737e+00  1.62435263e+00  2.28140302e+00  2.66830847e+00 
 3.17114000e-09  1.97594698e+00  1.62405302e+00  2.28137304e+00  2.66833241e+00 
 3.17164000e-09  1.97624485e+00  1.62375515e+00  2.28134382e+00  2.66835569e+00 
 3.17214000e-09  1.97654099e+00  1.62345901e+00  2.28131532e+00  2.66837832e+00 
 3.17264000e-09  1.97683538e+00  1.62316462e+00  2.28128752e+00  2.66840033e+00 
 3.17314000e-09  1.97712803e+00  1.62287197e+00  2.28126041e+00  2.66842173e+00 
 3.17364000e-09  1.97741893e+00  1.62258107e+00  2.28123398e+00  2.66844254e+00 
 3.17414000e-09  1.97770807e+00  1.62229193e+00  2.28120819e+00  2.66846278e+00 
 3.17464000e-09  1.97799547e+00  1.62200453e+00  2.28118304e+00  2.66848246e+00 
 3.17514000e-09  1.97828111e+00  1.62171889e+00  2.28115851e+00  2.66850160e+00 
 3.17564000e-09  1.97856498e+00  1.62143502e+00  2.28113457e+00  2.66852021e+00 
 3.17614000e-09  1.97884710e+00  1.62115290e+00  2.28111123e+00  2.66853832e+00 
 3.17664000e-09  1.97912745e+00  1.62087255e+00  2.28108846e+00  2.66855594e+00 
 3.17714000e-09  1.97940603e+00  1.62059397e+00  2.28106624e+00  2.66857307e+00 
 3.17764000e-09  1.97968284e+00  1.62031716e+00  2.28104457e+00  2.66858975e+00 
 3.17814000e-09  1.97995788e+00  1.62004212e+00  2.28102342e+00  2.66860597e+00 
 3.17864000e-09  1.98023114e+00  1.61976886e+00  2.28100279e+00  2.66862176e+00 
 3.17914000e-09  1.98050263e+00  1.61949737e+00  2.28098266e+00  2.66863712e+00 
 3.17964000e-09  1.98077233e+00  1.61922767e+00  2.28096301e+00  2.66865207e+00 
 3.18014000e-09  1.98104025e+00  1.61895975e+00  2.28094385e+00  2.66866663e+00 
 3.18064000e-09  1.98130638e+00  1.61869362e+00  2.28092514e+00  2.66868079e+00 
 3.18114000e-09  1.98157072e+00  1.61842928e+00  2.28090689e+00  2.66869458e+00 
 3.18164000e-09  1.98183327e+00  1.61816673e+00  2.28088908e+00  2.66870801e+00 
 3.18214000e-09  1.98209402e+00  1.61790598e+00  2.28087170e+00  2.66872109e+00 
 3.18264000e-09  1.98235298e+00  1.61764702e+00  2.28085474e+00  2.66873382e+00 
 3.18314000e-09  1.98261014e+00  1.61738986e+00  2.28083819e+00  2.66874622e+00 
 3.18364000e-09  1.98286550e+00  1.61713450e+00  2.28082203e+00  2.66875830e+00 
 3.18414000e-09  1.98311905e+00  1.61688095e+00  2.28080626e+00  2.66877007e+00 
 3.18464000e-09  1.98337079e+00  1.61662921e+00  2.28079088e+00  2.66878153e+00 
 3.18514000e-09  1.98362072e+00  1.61637928e+00  2.28077586e+00  2.66879271e+00 
 3.18564000e-09  1.98386885e+00  1.61613115e+00  2.28076120e+00  2.66880360e+00 
 3.18614000e-09  1.98411515e+00  1.61588485e+00  2.28074689e+00  2.66881421e+00 
 3.18664000e-09  1.98435964e+00  1.61564036e+00  2.28073293e+00  2.66882456e+00 
 3.18714000e-09  1.98460231e+00  1.61539769e+00  2.28071930e+00  2.66883464e+00 
 3.18764000e-09  1.98484316e+00  1.61515684e+00  2.28070600e+00  2.66884448e+00 
 3.18814000e-09  1.98508218e+00  1.61491782e+00  2.28069301e+00  2.66885407e+00 
 3.18864000e-09  1.98531938e+00  1.61468062e+00  2.28068034e+00  2.66886343e+00 
 3.18914000e-09  1.98555475e+00  1.61444525e+00  2.28066797e+00  2.66887256e+00 
 3.18964000e-09  1.98578829e+00  1.61421171e+00  2.28065590e+00  2.66888147e+00 
 3.19014000e-09  1.98601999e+00  1.61398001e+00  2.28064412e+00  2.66889017e+00 
 3.19064000e-09  1.98624986e+00  1.61375014e+00  2.28063263e+00  2.66889865e+00 
 3.19114000e-09  1.98647789e+00  1.61352211e+00  2.28062140e+00  2.66890694e+00 
 3.19164000e-09  1.98670407e+00  1.61329593e+00  2.28061045e+00  2.66891503e+00 
 3.19214000e-09  1.98692842e+00  1.61307158e+00  2.28059976e+00  2.66892293e+00 
 3.19264000e-09  1.98715092e+00  1.61284908e+00  2.28058933e+00  2.66893065e+00 
 3.19314000e-09  1.98737157e+00  1.61262843e+00  2.28057916e+00  2.66893819e+00 
 3.19364000e-09  1.98759038e+00  1.61240962e+00  2.28056922e+00  2.66894556e+00 
 3.19414000e-09  1.98780733e+00  1.61219267e+00  2.28055953e+00  2.66895276e+00 
 3.19464000e-09  1.98802243e+00  1.61197757e+00  2.28055007e+00  2.66895980e+00 
 3.19514000e-09  1.98823567e+00  1.61176433e+00  2.28054085e+00  2.66896668e+00 
 3.19564000e-09  1.98844706e+00  1.61155294e+00  2.28053184e+00  2.66897342e+00 
 3.19614000e-09  1.98865659e+00  1.61134341e+00  2.28052306e+00  2.66898000e+00 
 3.19664000e-09  1.98886425e+00  1.61113575e+00  2.28051449e+00  2.66898644e+00 
 3.19714000e-09  1.98907005e+00  1.61092995e+00  2.28050613e+00  2.66899275e+00 
 3.19764000e-09  1.98927399e+00  1.61072601e+00  2.28049797e+00  2.66899892e+00 
 3.19814000e-09  1.98947605e+00  1.61052395e+00  2.28049002e+00  2.66900496e+00 
 3.19864000e-09  1.98967625e+00  1.61032375e+00  2.28048225e+00  2.66901087e+00 
 3.19914000e-09  1.98987457e+00  1.61012543e+00  2.28047468e+00  2.66901666e+00 
 3.19964000e-09  1.99007102e+00  1.60992898e+00  2.28046730e+00  2.66902234e+00 
 3.20014000e-09  1.99026559e+00  1.60973441e+00  2.28046010e+00  2.66902790e+00 
 3.20064000e-09  1.99045829e+00  1.60954171e+00  2.28045308e+00  2.66903335e+00 
 3.20114000e-09  1.99064911e+00  1.60935089e+00  2.28044623e+00  2.66903869e+00 
 3.20164000e-09  1.99083804e+00  1.60916196e+00  2.28043956e+00  2.66904392e+00 
 3.20214000e-09  1.99102509e+00  1.60897491e+00  2.28043305e+00  2.66904906e+00 
 3.20264000e-09  1.99121026e+00  1.60878974e+00  2.28042670e+00  2.66905409e+00 
 3.20314000e-09  1.99139354e+00  1.60860646e+00  2.28042052e+00  2.66905903e+00 
 3.20364000e-09  1.99157493e+00  1.60842507e+00  2.28041448e+00  2.66906388e+00 
 3.20414000e-09  1.99175443e+00  1.60824557e+00  2.28040861e+00  2.66906863e+00 
 3.20464000e-09  1.99193203e+00  1.60806797e+00  2.28040288e+00  2.66907330e+00 
 3.20514000e-09  1.99210775e+00  1.60789225e+00  2.28039730e+00  2.66907789e+00 
 3.20564000e-09  1.99228156e+00  1.60771844e+00  2.28039186e+00  2.66908239e+00 
 3.20614000e-09  1.99245348e+00  1.60754652e+00  2.28038656e+00  2.66908681e+00 
 3.20664000e-09  1.99262350e+00  1.60737650e+00  2.28038139e+00  2.66909115e+00 
 3.20714000e-09  1.99279162e+00  1.60720838e+00  2.28037636e+00  2.66909542e+00 
 3.20764000e-09  1.99295783e+00  1.60704217e+00  2.28037146e+00  2.66909962e+00 
 3.20814000e-09  1.99312214e+00  1.60687786e+00  2.28036669e+00  2.66910374e+00 
 3.20864000e-09  1.99328455e+00  1.60671545e+00  2.28036205e+00  2.66910779e+00 
 3.20914000e-09  1.99344504e+00  1.60655496e+00  2.28035753e+00  2.66911178e+00 
 3.20964000e-09  1.99360363e+00  1.60639637e+00  2.28035313e+00  2.66911570e+00 
 3.21014000e-09  1.99376031e+00  1.60623969e+00  2.28034885e+00  2.66911956e+00 
 3.21064000e-09  1.99391507e+00  1.60608493e+00  2.28034468e+00  2.66912335e+00 
 3.21114000e-09  1.99406792e+00  1.60593208e+00  2.28034063e+00  2.66912709e+00 
 3.21164000e-09  1.99421886e+00  1.60578114e+00  2.28033668e+00  2.66913077e+00 
 3.21214000e-09  1.99436788e+00  1.60563212e+00  2.28033285e+00  2.66913439e+00 
 3.21264000e-09  1.99451498e+00  1.60548502e+00  2.28032913e+00  2.66913795e+00 
 3.21314000e-09  1.99466016e+00  1.60533984e+00  2.28032551e+00  2.66914147e+00 
 3.21364000e-09  1.99480342e+00  1.60519658e+00  2.28032199e+00  2.66914493e+00 
 3.21414000e-09  1.99494475e+00  1.60505525e+00  2.28031858e+00  2.66914834e+00 
 3.21464000e-09  1.99508417e+00  1.60491583e+00  2.28031527e+00  2.66915170e+00 
 3.21514000e-09  1.99522165e+00  1.60477835e+00  2.28031205e+00  2.66915502e+00 
 3.21564000e-09  1.99535722e+00  1.60464278e+00  2.28030893e+00  2.66915829e+00 
 3.21614000e-09  1.99549085e+00  1.60450915e+00  2.28030591e+00  2.66916151e+00 
 3.21664000e-09  1.99562255e+00  1.60437745e+00  2.28030298e+00  2.66916469e+00 
 3.21714000e-09  1.99575232e+00  1.60424768e+00  2.28030015e+00  2.66916783e+00 
 3.21764000e-09  1.99588016e+00  1.60411984e+00  2.28029740e+00  2.66917093e+00 
 3.21814000e-09  1.99600607e+00  1.60399393e+00  2.28029475e+00  2.66917400e+00 
 3.21864000e-09  1.99613004e+00  1.60386996e+00  2.28029218e+00  2.66917702e+00 
 3.21914000e-09  1.99625208e+00  1.60374792e+00  2.28028970e+00  2.66918001e+00 
 3.21964000e-09  1.99637218e+00  1.60362782e+00  2.28028731e+00  2.66918296e+00 
 3.22014000e-09  1.99649034e+00  1.60350966e+00  2.28028500e+00  2.66918588e+00 
 3.22064000e-09  1.99660656e+00  1.60339344e+00  2.28028278e+00  2.66918876e+00 
 3.22114000e-09  1.99672084e+00  1.60327916e+00  2.28028064e+00  2.66919161e+00 
 3.22164000e-09  1.99683318e+00  1.60316682e+00  2.28027859e+00  2.66919444e+00 
 3.22214000e-09  1.99694358e+00  1.60305642e+00  2.28027661e+00  2.66919723e+00 
 3.22264000e-09  1.99705204e+00  1.60294796e+00  2.28027472e+00  2.66920000e+00 
 3.22314000e-09  1.99715855e+00  1.60284145e+00  2.28027291e+00  2.66920273e+00 
 3.22364000e-09  1.99726311e+00  1.60273689e+00  2.28027118e+00  2.66920545e+00 
 3.22414000e-09  1.99736573e+00  1.60263427e+00  2.28026952e+00  2.66920813e+00 
 3.22464000e-09  1.99746639e+00  1.60253361e+00  2.28026794e+00  2.66921079e+00 
 3.22514000e-09  1.99756511e+00  1.60243489e+00  2.28026644e+00  2.66921343e+00 
 3.22564000e-09  1.99766188e+00  1.60233812e+00  2.28026502e+00  2.66921605e+00 
 3.22614000e-09  1.99775670e+00  1.60224330e+00  2.28026367e+00  2.66921865e+00 
 3.22664000e-09  1.99784957e+00  1.60215043e+00  2.28026240e+00  2.66922122e+00 
 3.22714000e-09  1.99794048e+00  1.60205952e+00  2.28026120e+00  2.66922378e+00 
 3.22764000e-09  1.99802944e+00  1.60197056e+00  2.28026008e+00  2.66922631e+00 
 3.22814000e-09  1.99811645e+00  1.60188355e+00  2.28025903e+00  2.66922883e+00 
 3.22864000e-09  1.99820150e+00  1.60179850e+00  2.28025805e+00  2.66923134e+00 
 3.22914000e-09  1.99828460e+00  1.60171540e+00  2.28025715e+00  2.66923382e+00 
 3.22964000e-09  1.99836573e+00  1.60163427e+00  2.28025631e+00  2.66923629e+00 
 3.23014000e-09  1.99844491e+00  1.60155509e+00  2.28025555e+00  2.66923875e+00 
 3.23064000e-09  1.99852213e+00  1.60147787e+00  2.28025486e+00  2.66924119e+00 
 3.23114000e-09  1.99859740e+00  1.60140260e+00  2.28025424e+00  2.66924362e+00 
 3.23164000e-09  1.99867070e+00  1.60132930e+00  2.28025370e+00  2.66924604e+00 
 3.23214000e-09  1.99874204e+00  1.60125796e+00  2.28025322e+00  2.66924845e+00 
 3.23264000e-09  1.99881142e+00  1.60118858e+00  2.28025281e+00  2.66925084e+00 
 3.23314000e-09  1.99887884e+00  1.60112116e+00  2.28025247e+00  2.66925323e+00 
 3.23364000e-09  1.99894429e+00  1.60105571e+00  2.28025220e+00  2.66925560e+00 
 3.23414000e-09  1.99900778e+00  1.60099222e+00  2.28025199e+00  2.66925797e+00 
 3.23464000e-09  1.99906931e+00  1.60093069e+00  2.28025186e+00  2.66926032e+00 
 3.23514000e-09  1.99912887e+00  1.60087113e+00  2.28025179e+00  2.66926267e+00 
 3.23564000e-09  1.99918647e+00  1.60081353e+00  2.28025179e+00  2.66926502e+00 
 3.23614000e-09  1.99924210e+00  1.60075790e+00  2.28025185e+00  2.66926735e+00 
 3.23664000e-09  1.99929576e+00  1.60070424e+00  2.28025199e+00  2.66926968e+00 
 3.23714000e-09  1.99934746e+00  1.60065254e+00  2.28025219e+00  2.66927200e+00 
 3.23764000e-09  1.99939719e+00  1.60060281e+00  2.28025245e+00  2.66927432e+00 
 3.23814000e-09  1.99944496e+00  1.60055504e+00  2.28025278e+00  2.66927663e+00 
 3.23864000e-09  1.99949075e+00  1.60050925e+00  2.28025318e+00  2.66927894e+00 
 3.23914000e-09  1.99953457e+00  1.60046543e+00  2.28025364e+00  2.66928125e+00 
 3.23964000e-09  1.99957643e+00  1.60042357e+00  2.28025416e+00  2.66928355e+00 
 3.24014000e-09  1.99961632e+00  1.60038368e+00  2.28025475e+00  2.66928585e+00 
 3.24064000e-09  1.99965423e+00  1.60034577e+00  2.28025541e+00  2.66928814e+00 
 3.24114000e-09  1.99969018e+00  1.60030982e+00  2.28025613e+00  2.66929044e+00 
 3.24164000e-09  1.99972415e+00  1.60027585e+00  2.28025691e+00  2.66929273e+00 
 3.24214000e-09  1.99975615e+00  1.60024385e+00  2.28025775e+00  2.66929502e+00 
 3.24264000e-09  1.99978619e+00  1.60021381e+00  2.28025866e+00  2.66929730e+00 
 3.24314000e-09  1.99981424e+00  1.60018576e+00  2.28025963e+00  2.66929959e+00 
 3.24364000e-09  1.99984033e+00  1.60015967e+00  2.28026067e+00  2.66930188e+00 
 3.24414000e-09  1.99986445e+00  1.60013555e+00  2.28026176e+00  2.66930416e+00 
 3.24464000e-09  1.99988659e+00  1.60011341e+00  2.28026292e+00  2.66930645e+00 
 3.24514000e-09  1.99990676e+00  1.60009324e+00  2.28026414e+00  2.66930873e+00 
 3.24564000e-09  1.99992496e+00  1.60007504e+00  2.28026543e+00  2.66931102e+00 
 3.24614000e-09  1.99994118e+00  1.60005882e+00  2.28026677e+00  2.66931330e+00 
 3.24664000e-09  1.99995543e+00  1.60004457e+00  2.28026818e+00  2.66931559e+00 
 3.24714000e-09  1.99996771e+00  1.60003229e+00  2.28026965e+00  2.66931788e+00 
 3.24764000e-09  1.99997801e+00  1.60002199e+00  2.28027118e+00  2.66932017e+00 
 3.24814000e-09  1.99998634e+00  1.60001366e+00  2.28027277e+00  2.66932246e+00 
 3.24864000e-09  1.99999270e+00  1.60000730e+00  2.28027442e+00  2.66932475e+00 
 3.24914000e-09  1.99999708e+00  1.60000292e+00  2.28027613e+00  2.66932704e+00 
 3.24964000e-09  1.99999949e+00  1.60000051e+00  2.28027790e+00  2.66932934e+00 
 3.25014000e-09  1.99999992e+00  1.60000008e+00  2.28027973e+00  2.66933164e+00 
 3.25064000e-09  1.99999838e+00  1.60000162e+00  2.28028163e+00  2.66933394e+00 
 3.25114000e-09  1.99999487e+00  1.60000513e+00  2.28028358e+00  2.66933624e+00 
 3.25164000e-09  1.99998938e+00  1.60001062e+00  2.28028560e+00  2.66933854e+00 
 3.25214000e-09  1.99998192e+00  1.60001808e+00  2.28028767e+00  2.66934085e+00 
 3.25264000e-09  1.99997249e+00  1.60002751e+00  2.28028980e+00  2.66934316e+00 
 3.25314000e-09  1.99996108e+00  1.60003892e+00  2.28029200e+00  2.66934547e+00 
 3.25364000e-09  1.99994769e+00  1.60005231e+00  2.28029425e+00  2.66934779e+00 
 3.25414000e-09  1.99993234e+00  1.60006766e+00  2.28029656e+00  2.66935010e+00 
 3.25464000e-09  1.99991501e+00  1.60008499e+00  2.28029894e+00  2.66935243e+00 
 3.25514000e-09  1.99989571e+00  1.60010429e+00  2.28030137e+00  2.66935475e+00 
 3.25564000e-09  1.99987443e+00  1.60012557e+00  2.28030386e+00  2.66935707e+00 
 3.25614000e-09  1.99985119e+00  1.60014881e+00  2.28030641e+00  2.66935940e+00 
 3.25664000e-09  1.99982597e+00  1.60017403e+00  2.28030902e+00  2.66936174e+00 
 3.25714000e-09  1.99979877e+00  1.60020123e+00  2.28031170e+00  2.66936407e+00 
 3.25764000e-09  1.99976961e+00  1.60023039e+00  2.28031443e+00  2.66936641e+00 
 3.25814000e-09  1.99973847e+00  1.60026153e+00  2.28031722e+00  2.66936875e+00 
 3.25864000e-09  1.99970537e+00  1.60029463e+00  2.28032006e+00  2.66937110e+00 
 3.25914000e-09  1.99967029e+00  1.60032971e+00  2.28032297e+00  2.66937344e+00 
 3.25964000e-09  1.99963324e+00  1.60036676e+00  2.28032594e+00  2.66937579e+00 
 3.26014000e-09  1.99959422e+00  1.60040578e+00  2.28032897e+00  2.66937815e+00 
 3.26064000e-09  1.99955323e+00  1.60044677e+00  2.28033206e+00  2.66938050e+00 
 3.26114000e-09  1.99951027e+00  1.60048973e+00  2.28033520e+00  2.66938286e+00 
 3.26164000e-09  1.99946535e+00  1.60053465e+00  2.28033841e+00  2.66938522e+00 
 3.26214000e-09  1.99941845e+00  1.60058155e+00  2.28034168e+00  2.66938758e+00 
 3.26264000e-09  1.99936959e+00  1.60063041e+00  2.28034500e+00  2.66938995e+00 
 3.26314000e-09  1.99931875e+00  1.60068125e+00  2.28034839e+00  2.66939232e+00 
 3.26364000e-09  1.99926596e+00  1.60073404e+00  2.28035183e+00  2.66939469e+00 
 3.26414000e-09  1.99921119e+00  1.60078881e+00  2.28035534e+00  2.66939706e+00 
 3.26464000e-09  1.99915446e+00  1.60084554e+00  2.28035890e+00  2.66939944e+00 
 3.26514000e-09  1.99909576e+00  1.60090424e+00  2.28036253e+00  2.66940181e+00 
 3.26564000e-09  1.99903510e+00  1.60096490e+00  2.28036622e+00  2.66940419e+00 
 3.26614000e-09  1.99897247e+00  1.60102753e+00  2.28036996e+00  2.66940657e+00 
 3.26664000e-09  1.99890788e+00  1.60109212e+00  2.28037377e+00  2.66940895e+00 
 3.26714000e-09  1.99884133e+00  1.60115867e+00  2.28037764e+00  2.66941134e+00 
 3.26764000e-09  1.99877281e+00  1.60122719e+00  2.28038157e+00  2.66941372e+00 
 3.26814000e-09  1.99870233e+00  1.60129767e+00  2.28038556e+00  2.66941610e+00 
 3.26864000e-09  1.99862989e+00  1.60137011e+00  2.28038961e+00  2.66941849e+00 
 3.26914000e-09  1.99855549e+00  1.60144451e+00  2.28039372e+00  2.66942087e+00 
 3.26964000e-09  1.99847913e+00  1.60152087e+00  2.28039789e+00  2.66942326e+00 
 3.27014000e-09  1.99840081e+00  1.60159919e+00  2.28040213e+00  2.66942565e+00 
 3.27064000e-09  1.99832054e+00  1.60167946e+00  2.28040643e+00  2.66942803e+00 
 3.27114000e-09  1.99823830e+00  1.60176170e+00  2.28041079e+00  2.66943042e+00 
 3.27164000e-09  1.99815411e+00  1.60184589e+00  2.28041521e+00  2.66943280e+00 
 3.27214000e-09  1.99806797e+00  1.60193203e+00  2.28041970e+00  2.66943518e+00 
 3.27264000e-09  1.99797987e+00  1.60202013e+00  2.28042424e+00  2.66943756e+00 
 3.27314000e-09  1.99788981e+00  1.60211019e+00  2.28042885e+00  2.66943994e+00 
 3.27364000e-09  1.99779780e+00  1.60220220e+00  2.28043353e+00  2.66944232e+00 
 3.27414000e-09  1.99770384e+00  1.60229616e+00  2.28043827e+00  2.66944469e+00 
 3.27464000e-09  1.99760793e+00  1.60239207e+00  2.28044307e+00  2.66944707e+00 
 3.27514000e-09  1.99751007e+00  1.60248993e+00  2.28044794e+00  2.66944943e+00 
 3.27564000e-09  1.99741026e+00  1.60258974e+00  2.28045287e+00  2.66945180e+00 
 3.27614000e-09  1.99730850e+00  1.60269150e+00  2.28045787e+00  2.66945416e+00 
 3.27664000e-09  1.99720479e+00  1.60279521e+00  2.28046293e+00  2.66945652e+00 
 3.27714000e-09  1.99709914e+00  1.60290086e+00  2.28046806e+00  2.66945887e+00 
 3.27764000e-09  1.99699154e+00  1.60300846e+00  2.28047325e+00  2.66946122e+00 
 3.27814000e-09  1.99688200e+00  1.60311800e+00  2.28047851e+00  2.66946356e+00 
 3.27864000e-09  1.99677051e+00  1.60322949e+00  2.28048384e+00  2.66946589e+00 
 3.27914000e-09  1.99665709e+00  1.60334291e+00  2.28048923e+00  2.66946822e+00 
 3.27964000e-09  1.99654172e+00  1.60345828e+00  2.28049470e+00  2.66947054e+00 
 3.28014000e-09  1.99642441e+00  1.60357559e+00  2.28050023e+00  2.66947286e+00 
 3.28064000e-09  1.99630516e+00  1.60369484e+00  2.28050583e+00  2.66947516e+00 
 3.28114000e-09  1.99618398e+00  1.60381602e+00  2.28051150e+00  2.66947746e+00 
 3.28164000e-09  1.99606086e+00  1.60393914e+00  2.28051723e+00  2.66947975e+00 
 3.28214000e-09  1.99593580e+00  1.60406420e+00  2.28052304e+00  2.66948203e+00 
 3.28264000e-09  1.99580881e+00  1.60419119e+00  2.28052892e+00  2.66948430e+00 
 3.28314000e-09  1.99567989e+00  1.60432011e+00  2.28053487e+00  2.66948655e+00 
 3.28364000e-09  1.99554903e+00  1.60445097e+00  2.28054090e+00  2.66948880e+00 
 3.28414000e-09  1.99541625e+00  1.60458375e+00  2.28054699e+00  2.66949103e+00 
 3.28464000e-09  1.99528154e+00  1.60471846e+00  2.28055316e+00  2.66949325e+00 
 3.28514000e-09  1.99514490e+00  1.60485510e+00  2.28055940e+00  2.66949546e+00 
 3.28564000e-09  1.99500633e+00  1.60499367e+00  2.28056572e+00  2.66949765e+00 
 3.28614000e-09  1.99486584e+00  1.60513416e+00  2.28057211e+00  2.66949982e+00 
 3.28664000e-09  1.99472343e+00  1.60527657e+00  2.28057857e+00  2.66950199e+00 
 3.28714000e-09  1.99457909e+00  1.60542091e+00  2.28058512e+00  2.66950413e+00 
 3.28764000e-09  1.99443284e+00  1.60556716e+00  2.28059174e+00  2.66950625e+00 
 3.28814000e-09  1.99428466e+00  1.60571534e+00  2.28059844e+00  2.66950836e+00 
 3.28864000e-09  1.99413457e+00  1.60586543e+00  2.28060521e+00  2.66951045e+00 
 3.28914000e-09  1.99398256e+00  1.60601744e+00  2.28061207e+00  2.66951252e+00 
 3.28964000e-09  1.99382864e+00  1.60617136e+00  2.28061900e+00  2.66951457e+00 
 3.29014000e-09  1.99367281e+00  1.60632719e+00  2.28062602e+00  2.66951659e+00 
 3.29064000e-09  1.99351506e+00  1.60648494e+00  2.28063312e+00  2.66951859e+00 
 3.29114000e-09  1.99335540e+00  1.60664460e+00  2.28064030e+00  2.66952057e+00 
 3.29164000e-09  1.99319384e+00  1.60680616e+00  2.28064757e+00  2.66952252e+00 
 3.29214000e-09  1.99303036e+00  1.60696964e+00  2.28065492e+00  2.66952445e+00 
 3.29264000e-09  1.99286499e+00  1.60713501e+00  2.28066236e+00  2.66952635e+00 
 3.29314000e-09  1.99269771e+00  1.60730229e+00  2.28066988e+00  2.66952822e+00 
 3.29364000e-09  1.99252852e+00  1.60747148e+00  2.28067749e+00  2.66953006e+00 
 3.29414000e-09  1.99235744e+00  1.60764256e+00  2.28068519e+00  2.66953187e+00 
 3.29464000e-09  1.99218446e+00  1.60781554e+00  2.28069298e+00  2.66953365e+00 
 3.29514000e-09  1.99200958e+00  1.60799042e+00  2.28070086e+00  2.66953540e+00 
 3.29564000e-09  1.99183281e+00  1.60816719e+00  2.28070884e+00  2.66953711e+00 
 3.29614000e-09  1.99165414e+00  1.60834586e+00  2.28071691e+00  2.66953878e+00 
 3.29664000e-09  1.99147358e+00  1.60852642e+00  2.28072507e+00  2.66954042e+00 
 3.29714000e-09  1.99129113e+00  1.60870887e+00  2.28073333e+00  2.66954202e+00 
 3.29764000e-09  1.99110680e+00  1.60889320e+00  2.28074168e+00  2.66954358e+00 
 3.29814000e-09  1.99092058e+00  1.60907942e+00  2.28075014e+00  2.66954509e+00 
 3.29864000e-09  1.99073247e+00  1.60926753e+00  2.28075869e+00  2.66954657e+00 
 3.29914000e-09  1.99054248e+00  1.60945752e+00  2.28076735e+00  2.66954800e+00 
 3.29964000e-09  1.99035061e+00  1.60964939e+00  2.28077611e+00  2.66954938e+00 
 3.30014000e-09  1.99015686e+00  1.60984314e+00  2.28078498e+00  2.66955071e+00 
 3.30064000e-09  1.98996124e+00  1.61003876e+00  2.28079395e+00  2.66955199e+00 
 3.30114000e-09  1.98976374e+00  1.61023626e+00  2.28080303e+00  2.66955322e+00 
 3.30164000e-09  1.98956437e+00  1.61043563e+00  2.28081222e+00  2.66955440e+00 
 3.30214000e-09  1.98936312e+00  1.61063688e+00  2.28082152e+00  2.66955552e+00 
 3.30264000e-09  1.98916001e+00  1.61083999e+00  2.28083094e+00  2.66955659e+00 
 3.30314000e-09  1.98895503e+00  1.61104497e+00  2.28084047e+00  2.66955759e+00 
 3.30364000e-09  1.98874819e+00  1.61125181e+00  2.28085012e+00  2.66955853e+00 
 3.30414000e-09  1.98853948e+00  1.61146052e+00  2.28085988e+00  2.66955941e+00 
 3.30464000e-09  1.98832891e+00  1.61167109e+00  2.28086977e+00  2.66956022e+00 
 3.30514000e-09  1.98811649e+00  1.61188351e+00  2.28087978e+00  2.66956097e+00 
 3.30564000e-09  1.98790220e+00  1.61209780e+00  2.28088992e+00  2.66956164e+00 
 3.30614000e-09  1.98768607e+00  1.61231393e+00  2.28090019e+00  2.66956224e+00 
 3.30664000e-09  1.98746808e+00  1.61253192e+00  2.28091058e+00  2.66956276e+00 
 3.30714000e-09  1.98724824e+00  1.61275176e+00  2.28092111e+00  2.66956320e+00 
 3.30764000e-09  1.98702655e+00  1.61297345e+00  2.28093177e+00  2.66956356e+00 
 3.30814000e-09  1.98680301e+00  1.61319699e+00  2.28094257e+00  2.66956384e+00 
 3.30864000e-09  1.98657763e+00  1.61342237e+00  2.28095351e+00  2.66956403e+00 
 3.30914000e-09  1.98635042e+00  1.61364958e+00  2.28096459e+00  2.66956414e+00 
 3.30964000e-09  1.98612136e+00  1.61387864e+00  2.28097582e+00  2.66956414e+00 
 3.31014000e-09  1.98589046e+00  1.61410954e+00  2.28098720e+00  2.66956406e+00 
 3.31064000e-09  1.98565773e+00  1.61434227e+00  2.28099873e+00  2.66956387e+00 
 3.31114000e-09  1.98542317e+00  1.61457683e+00  2.28101041e+00  2.66956358e+00 
 3.31164000e-09  1.98518678e+00  1.61481322e+00  2.28102225e+00  2.66956319e+00 
 3.31214000e-09  1.98494856e+00  1.61505144e+00  2.28103425e+00  2.66956268e+00 
 3.31264000e-09  1.98470851e+00  1.61529149e+00  2.28104642e+00  2.66956207e+00 
 3.31314000e-09  1.98446664e+00  1.61553336e+00  2.28105875e+00  2.66956133e+00 
 3.31364000e-09  1.98422295e+00  1.61577705e+00  2.28107125e+00  2.66956048e+00 
 3.31414000e-09  1.98397744e+00  1.61602256e+00  2.28108393e+00  2.66955950e+00 
 3.31464000e-09  1.98373012e+00  1.61626988e+00  2.28109679e+00  2.66955839e+00 
 3.31514000e-09  1.98348098e+00  1.61651902e+00  2.28110983e+00  2.66955715e+00 
 3.31564000e-09  1.98323004e+00  1.61676996e+00  2.28112306e+00  2.66955578e+00 
 3.31614000e-09  1.98297728e+00  1.61702272e+00  2.28113647e+00  2.66955426e+00 
 3.31664000e-09  1.98272272e+00  1.61727728e+00  2.28115008e+00  2.66955259e+00 
 3.31714000e-09  1.98246635e+00  1.61753365e+00  2.28116389e+00  2.66955078e+00 
 3.31764000e-09  1.98220819e+00  1.61779181e+00  2.28117791e+00  2.66954881e+00 
 3.31814000e-09  1.98194822e+00  1.61805178e+00  2.28119213e+00  2.66954667e+00 
 3.31864000e-09  1.98168646e+00  1.61831354e+00  2.28120656e+00  2.66954437e+00 
 3.31914000e-09  1.98142291e+00  1.61857709e+00  2.28122122e+00  2.66954190e+00 
 3.31964000e-09  1.98115757e+00  1.61884243e+00  2.28123609e+00  2.66953926e+00 
 3.32014000e-09  1.98089043e+00  1.61910957e+00  2.28125120e+00  2.66953643e+00 
 3.32064000e-09  1.98062152e+00  1.61937848e+00  2.28126654e+00  2.66953341e+00 
 3.32114000e-09  1.98035082e+00  1.61964918e+00  2.28128212e+00  2.66953019e+00 
 3.32164000e-09  1.98007834e+00  1.61992166e+00  2.28129794e+00  2.66952678e+00 
 3.32214000e-09  1.97980408e+00  1.62019592e+00  2.28131402e+00  2.66952316e+00 
 3.32264000e-09  1.97952805e+00  1.62047195e+00  2.28133035e+00  2.66951932e+00 
 3.32314000e-09  1.97925024e+00  1.62074976e+00  2.28134695e+00  2.66951527e+00 
 3.32364000e-09  1.97897067e+00  1.62102933e+00  2.28136381e+00  2.66951098e+00 
 3.32414000e-09  1.97868933e+00  1.62131067e+00  2.28138096e+00  2.66950646e+00 
 3.32464000e-09  1.97840623e+00  1.62159377e+00  2.28139839e+00  2.66950170e+00 
 3.32514000e-09  1.97812137e+00  1.62187863e+00  2.28141611e+00  2.66949669e+00 
 3.32564000e-09  1.97783474e+00  1.62216526e+00  2.28143412e+00  2.66949141e+00 
 3.32614000e-09  1.97754637e+00  1.62245363e+00  2.28145245e+00  2.66948588e+00 
 3.32664000e-09  1.97725624e+00  1.62274376e+00  2.28147109e+00  2.66948006e+00 
 3.32714000e-09  1.97696436e+00  1.62303564e+00  2.28149005e+00  2.66947397e+00 
 3.32764000e-09  1.97667074e+00  1.62332926e+00  2.28150934e+00  2.66946758e+00 
 3.32814000e-09  1.97637537e+00  1.62362463e+00  2.28152897e+00  2.66946088e+00 
 3.32864000e-09  1.97607826e+00  1.62392174e+00  2.28154895e+00  2.66945388e+00 
 3.32914000e-09  1.97577941e+00  1.62422059e+00  2.28156929e+00  2.66944656e+00 
 3.32964000e-09  1.97547883e+00  1.62452117e+00  2.28159000e+00  2.66943890e+00 
 3.33014000e-09  1.97517651e+00  1.62482349e+00  2.28161108e+00  2.66943090e+00 
 3.33064000e-09  1.97487247e+00  1.62512753e+00  2.28163255e+00  2.66942254e+00 
 3.33114000e-09  1.97456670e+00  1.62543330e+00  2.28165441e+00  2.66941383e+00 
 3.33164000e-09  1.97425921e+00  1.62574079e+00  2.28167669e+00  2.66940473e+00 
 3.33214000e-09  1.97395000e+00  1.62605000e+00  2.28169938e+00  2.66939525e+00 
 3.33264000e-09  1.97363907e+00  1.62636093e+00  2.28172250e+00  2.66938537e+00 
 3.33314000e-09  1.97332643e+00  1.62667357e+00  2.28174607e+00  2.66937508e+00 
 3.33364000e-09  1.97301207e+00  1.62698793e+00  2.28177009e+00  2.66936436e+00 
 3.33414000e-09  1.97269601e+00  1.62730399e+00  2.28179457e+00  2.66935320e+00 
 3.33464000e-09  1.97237825e+00  1.62762175e+00  2.28181954e+00  2.66934159e+00 
 3.33514000e-09  1.97205878e+00  1.62794122e+00  2.28184500e+00  2.66932951e+00 
 3.33564000e-09  1.97173762e+00  1.62826238e+00  2.28187096e+00  2.66931696e+00 
 3.33614000e-09  1.97141476e+00  1.62858524e+00  2.28189745e+00  2.66930390e+00 
 3.33664000e-09  1.97109021e+00  1.62890979e+00  2.28192447e+00  2.66929033e+00 
 3.33714000e-09  1.97076397e+00  1.62923603e+00  2.28195204e+00  2.66927624e+00 
 3.33764000e-09  1.97043604e+00  1.62956396e+00  2.28198018e+00  2.66926160e+00 
 3.33814000e-09  1.97010644e+00  1.62989356e+00  2.28200890e+00  2.66924639e+00 
 3.33864000e-09  1.96977515e+00  1.63022485e+00  2.28203821e+00  2.66923061e+00 
 3.33914000e-09  1.96944219e+00  1.63055781e+00  2.28206814e+00  2.66921423e+00 
 3.33964000e-09  1.96910756e+00  1.63089244e+00  2.28209870e+00  2.66919724e+00 
 3.34014000e-09  1.96877125e+00  1.63122875e+00  2.28212992e+00  2.66917961e+00 
 3.34064000e-09  1.96843328e+00  1.63156672e+00  2.28216180e+00  2.66916133e+00 
 3.34114000e-09  1.96809365e+00  1.63190635e+00  2.28219436e+00  2.66914237e+00 
 3.34164000e-09  1.96775236e+00  1.63224764e+00  2.28222764e+00  2.66912271e+00 
 3.34214000e-09  1.96740942e+00  1.63259058e+00  2.28226164e+00  2.66910234e+00 
 3.34264000e-09  1.96706482e+00  1.63293518e+00  2.28229638e+00  2.66908123e+00 
 3.34314000e-09  1.96671857e+00  1.63328143e+00  2.28233190e+00  2.66905936e+00 
 3.34364000e-09  1.96637068e+00  1.63362932e+00  2.28236821e+00  2.66903671e+00 
 3.34414000e-09  1.96602114e+00  1.63397886e+00  2.28240533e+00  2.66901324e+00 
 3.34464000e-09  1.96566997e+00  1.63433003e+00  2.28244328e+00  2.66898894e+00 
 3.34514000e-09  1.96531716e+00  1.63468284e+00  2.28248210e+00  2.66896379e+00 
 3.34564000e-09  1.96496272e+00  1.63503728e+00  2.28252180e+00  2.66893774e+00 
 3.34614000e-09  1.96460666e+00  1.63539334e+00  2.28256240e+00  2.66891079e+00 
 3.34664000e-09  1.96424896e+00  1.63575104e+00  2.28260395e+00  2.66888289e+00 
 3.34714000e-09  1.96388965e+00  1.63611035e+00  2.28264645e+00  2.66885403e+00 
 3.34764000e-09  1.96352872e+00  1.63647128e+00  2.28268995e+00  2.66882418e+00 
 3.34814000e-09  1.96316618e+00  1.63683382e+00  2.28273446e+00  2.66879329e+00 
 3.34864000e-09  1.96280202e+00  1.63719798e+00  2.28278002e+00  2.66876135e+00 
 3.34914000e-09  1.96243626e+00  1.63756374e+00  2.28282665e+00  2.66872832e+00 
 3.34964000e-09  1.96206889e+00  1.63793111e+00  2.28287439e+00  2.66869417e+00 
 3.35014000e-09  1.96169993e+00  1.63830007e+00  2.28292326e+00  2.66865886e+00 
 3.35064000e-09  1.96132937e+00  1.63867063e+00  2.28297331e+00  2.66862237e+00 
 3.35114000e-09  1.96095721e+00  1.63904279e+00  2.28302455e+00  2.66858466e+00 
 3.35164000e-09  1.96058347e+00  1.63941653e+00  2.28307703e+00  2.66854568e+00 
 3.35214000e-09  1.96020815e+00  1.63979185e+00  2.28313078e+00  2.66850541e+00 
 3.35264000e-09  1.95983124e+00  1.64016876e+00  2.28318584e+00  2.66846381e+00 
 3.35314000e-09  1.95945275e+00  1.64054725e+00  2.28324223e+00  2.66842084e+00 
 3.35364000e-09  1.95907269e+00  1.64092731e+00  2.28330001e+00  2.66837646e+00 
 3.35414000e-09  1.95869107e+00  1.64130893e+00  2.28335919e+00  2.66833063e+00 
 3.35464000e-09  1.95830787e+00  1.64169213e+00  2.28341984e+00  2.66828331e+00 
 3.35514000e-09  1.95792311e+00  1.64207689e+00  2.28348198e+00  2.66823446e+00 
 3.35564000e-09  1.95753680e+00  1.64246320e+00  2.28354565e+00  2.66818403e+00 
 3.35614000e-09  1.95714893e+00  1.64285107e+00  2.28361090e+00  2.66813198e+00 
 3.35664000e-09  1.95675950e+00  1.64324050e+00  2.28367777e+00  2.66807826e+00 
 3.35714000e-09  1.95636854e+00  1.64363146e+00  2.28374629e+00  2.66802284e+00 
 3.35764000e-09  1.95597602e+00  1.64402398e+00  2.28381653e+00  2.66796566e+00 
 3.35814000e-09  1.95558197e+00  1.64441803e+00  2.28388852e+00  2.66790667e+00 
 3.35864000e-09  1.95518638e+00  1.64481362e+00  2.28396230e+00  2.66784583e+00 
 3.35914000e-09  1.95478926e+00  1.64521074e+00  2.28403793e+00  2.66778309e+00 
 3.35964000e-09  1.95439062e+00  1.64560938e+00  2.28411546e+00  2.66771839e+00 
 3.36014000e-09  1.95399045e+00  1.64600955e+00  2.28419492e+00  2.66765169e+00 
 3.36064000e-09  1.95358876e+00  1.64641124e+00  2.28427638e+00  2.66758293e+00 
 3.36114000e-09  1.95318555e+00  1.64681445e+00  2.28435987e+00  2.66751206e+00 
 3.36164000e-09  1.95278083e+00  1.64721917e+00  2.28444546e+00  2.66743902e+00 
 3.36214000e-09  1.95237461e+00  1.64762539e+00  2.28453320e+00  2.66736377e+00 
 3.36264000e-09  1.95196688e+00  1.64803312e+00  2.28462314e+00  2.66728623e+00 
 3.36314000e-09  1.95155765e+00  1.64844235e+00  2.28471533e+00  2.66720637e+00 
 3.36364000e-09  1.95114692e+00  1.64885308e+00  2.28480982e+00  2.66712411e+00 
 3.36414000e-09  1.95073471e+00  1.64926529e+00  2.28490668e+00  2.66703941e+00 
 3.36464000e-09  1.95032100e+00  1.64967900e+00  2.28500597e+00  2.66695220e+00 
 3.36514000e-09  1.94990581e+00  1.65009419e+00  2.28510773e+00  2.66686242e+00 
 3.36564000e-09  1.94948914e+00  1.65051086e+00  2.28521203e+00  2.66677001e+00 
 3.36614000e-09  1.94907100e+00  1.65092900e+00  2.28531892e+00  2.66667491e+00 
 3.36664000e-09  1.94865139e+00  1.65134861e+00  2.28542847e+00  2.66657705e+00 
 3.36714000e-09  1.94823030e+00  1.65176970e+00  2.28554073e+00  2.66647639e+00 
 3.36764000e-09  1.94780776e+00  1.65219224e+00  2.28565577e+00  2.66637284e+00 
 3.36814000e-09  1.94738376e+00  1.65261624e+00  2.28577364e+00  2.66626635e+00 
 3.36864000e-09  1.94695830e+00  1.65304170e+00  2.28589442e+00  2.66615685e+00 
 3.36914000e-09  1.94653139e+00  1.65346861e+00  2.28601815e+00  2.66604428e+00 
 3.36964000e-09  1.94610303e+00  1.65389697e+00  2.28614491e+00  2.66592857e+00 
 3.37014000e-09  1.94567324e+00  1.65432676e+00  2.28627476e+00  2.66580966e+00 
 3.37064000e-09  1.94524200e+00  1.65475800e+00  2.28640777e+00  2.66568748e+00 
 3.37114000e-09  1.94480933e+00  1.65519067e+00  2.28654398e+00  2.66556196e+00 
 3.37164000e-09  1.94437524e+00  1.65562476e+00  2.28668348e+00  2.66543304e+00 
 3.37214000e-09  1.94393972e+00  1.65606028e+00  2.28682633e+00  2.66530065e+00 
 3.37264000e-09  1.94350277e+00  1.65649723e+00  2.28697258e+00  2.66516472e+00 
 3.37314000e-09  1.94306441e+00  1.65693559e+00  2.28712232e+00  2.66502519e+00 
 3.37364000e-09  1.94262464e+00  1.65737536e+00  2.28727559e+00  2.66488199e+00 
 3.37414000e-09  1.94218346e+00  1.65781654e+00  2.28743247e+00  2.66473505e+00 
 3.37464000e-09  1.94174088e+00  1.65825912e+00  2.28759302e+00  2.66458430e+00 
 3.37514000e-09  1.94129690e+00  1.65870310e+00  2.28775730e+00  2.66442969e+00 
 3.37564000e-09  1.94085153e+00  1.65914847e+00  2.28792539e+00  2.66427113e+00 
 3.37614000e-09  1.94040476e+00  1.65959524e+00  2.28809734e+00  2.66410857e+00 
 3.37664000e-09  1.93995661e+00  1.66004339e+00  2.28827322e+00  2.66394194e+00 
 3.37714000e-09  1.93950708e+00  1.66049292e+00  2.28845310e+00  2.66377118e+00 
 3.37764000e-09  1.93905617e+00  1.66094383e+00  2.28863704e+00  2.66359622e+00 
 3.37814000e-09  1.93860388e+00  1.66139612e+00  2.28882510e+00  2.66341699e+00 
 3.37864000e-09  1.93815023e+00  1.66184977e+00  2.28901734e+00  2.66323343e+00 
 3.37914000e-09  1.93769522e+00  1.66230478e+00  2.28921383e+00  2.66304548e+00 
 3.37964000e-09  1.93723885e+00  1.66276115e+00  2.28941462e+00  2.66285308e+00 
 3.38014000e-09  1.93678112e+00  1.66321888e+00  2.28961979e+00  2.66265616e+00 
 3.38064000e-09  1.93632204e+00  1.66367796e+00  2.28982938e+00  2.66245466e+00 
 3.38114000e-09  1.93586162e+00  1.66413838e+00  2.29004346e+00  2.66224853e+00 
 3.38164000e-09  1.93539986e+00  1.66460014e+00  2.29026209e+00  2.66203771e+00 
 3.38214000e-09  1.93493676e+00  1.66506324e+00  2.29048532e+00  2.66182213e+00 
 3.38264000e-09  1.93447233e+00  1.66552767e+00  2.29071321e+00  2.66160174e+00 
 3.38314000e-09  1.93400657e+00  1.66599343e+00  2.29094582e+00  2.66137650e+00 
 3.38364000e-09  1.93353949e+00  1.66646051e+00  2.29118320e+00  2.66114633e+00 
 3.38414000e-09  1.93307109e+00  1.66692891e+00  2.29142540e+00  2.66091119e+00 
 3.38464000e-09  1.93260138e+00  1.66739862e+00  2.29167247e+00  2.66067103e+00 
 3.38514000e-09  1.93213036e+00  1.66786964e+00  2.29192447e+00  2.66042580e+00 
 3.38564000e-09  1.93165803e+00  1.66834197e+00  2.29218145e+00  2.66017544e+00 
 3.38614000e-09  1.93118441e+00  1.66881559e+00  2.29244344e+00  2.65991992e+00 
 3.38664000e-09  1.93070949e+00  1.66929051e+00  2.29271051e+00  2.65965919e+00 
 3.38714000e-09  1.93023328e+00  1.66976672e+00  2.29298268e+00  2.65939319e+00 
 3.38764000e-09  1.92975578e+00  1.67024422e+00  2.29326002e+00  2.65912190e+00 
 3.38814000e-09  1.92927701e+00  1.67072299e+00  2.29354255e+00  2.65884526e+00 
 3.38864000e-09  1.92879696e+00  1.67120304e+00  2.29383033e+00  2.65856324e+00 
 3.38914000e-09  1.92831563e+00  1.67168437e+00  2.29412338e+00  2.65827580e+00 
 3.38964000e-09  1.92783304e+00  1.67216696e+00  2.29442175e+00  2.65798290e+00 
 3.39014000e-09  1.92734919e+00  1.67265081e+00  2.29472547e+00  2.65768452e+00 
 3.39064000e-09  1.92686409e+00  1.67313591e+00  2.29503458e+00  2.65738061e+00 
 3.39114000e-09  1.92637773e+00  1.67362227e+00  2.29534910e+00  2.65707115e+00 
 3.39164000e-09  1.92589012e+00  1.67410988e+00  2.29566907e+00  2.65675610e+00 
 3.39214000e-09  1.92540127e+00  1.67459873e+00  2.29599452e+00  2.65643545e+00 
 3.39264000e-09  1.92491118e+00  1.67508882e+00  2.29632547e+00  2.65610916e+00 
 3.39314000e-09  1.92441986e+00  1.67558014e+00  2.29666196e+00  2.65577721e+00 
 3.39364000e-09  1.92392731e+00  1.67607269e+00  2.29700399e+00  2.65543958e+00 
 3.39414000e-09  1.92343354e+00  1.67656646e+00  2.29735161e+00  2.65509624e+00 
 3.39464000e-09  1.92293855e+00  1.67706145e+00  2.29770482e+00  2.65474718e+00 
 3.39514000e-09  1.92244235e+00  1.67755765e+00  2.29806364e+00  2.65439239e+00 
 3.39564000e-09  1.92194494e+00  1.67805506e+00  2.29842809e+00  2.65403184e+00 
 3.39614000e-09  1.92144633e+00  1.67855367e+00  2.29879819e+00  2.65366553e+00 
 3.39664000e-09  1.92094651e+00  1.67905349e+00  2.29917395e+00  2.65329344e+00 
 3.39714000e-09  1.92044551e+00  1.67955449e+00  2.29955538e+00  2.65291556e+00 
 3.39764000e-09  1.91994331e+00  1.68005669e+00  2.29994249e+00  2.65253188e+00 
 3.39814000e-09  1.91943993e+00  1.68056007e+00  2.30033529e+00  2.65214240e+00 
 3.39864000e-09  1.91893537e+00  1.68106463e+00  2.30073378e+00  2.65174711e+00 
 3.39914000e-09  1.91842964e+00  1.68157036e+00  2.30113798e+00  2.65134602e+00 
 3.39964000e-09  1.91792274e+00  1.68207726e+00  2.30154787e+00  2.65093910e+00 
 3.40014000e-09  1.91741468e+00  1.68258532e+00  2.30196348e+00  2.65052638e+00 
 3.40064000e-09  1.91690545e+00  1.68309455e+00  2.30238479e+00  2.65010784e+00 
 3.40114000e-09  1.91639507e+00  1.68360493e+00  2.30281180e+00  2.64968349e+00 
 3.40164000e-09  1.91588355e+00  1.68411645e+00  2.30324452e+00  2.64925334e+00 
 3.40214000e-09  1.91537088e+00  1.68462912e+00  2.30368293e+00  2.64881739e+00 
 3.40264000e-09  1.91485707e+00  1.68514293e+00  2.30412703e+00  2.64837565e+00 
 3.40314000e-09  1.91434213e+00  1.68565787e+00  2.30457681e+00  2.64792813e+00 
 3.40364000e-09  1.91382606e+00  1.68617394e+00  2.30503227e+00  2.64747483e+00 
 3.40414000e-09  1.91330886e+00  1.68669114e+00  2.30549340e+00  2.64701577e+00 
 3.40464000e-09  1.91279055e+00  1.68720945e+00  2.30596017e+00  2.64655096e+00 
 3.40514000e-09  1.91227112e+00  1.68772888e+00  2.30643259e+00  2.64608042e+00 
 3.40564000e-09  1.91175059e+00  1.68824941e+00  2.30691063e+00  2.64560416e+00 
 3.40614000e-09  1.91122895e+00  1.68877105e+00  2.30739429e+00  2.64512219e+00 
 3.40664000e-09  1.91070622e+00  1.68929378e+00  2.30788354e+00  2.64463454e+00 
 3.40714000e-09  1.91018239e+00  1.68981761e+00  2.30837836e+00  2.64414122e+00 
 3.40764000e-09  1.90965748e+00  1.69034252e+00  2.30887875e+00  2.64364225e+00 
 3.40814000e-09  1.90913148e+00  1.69086852e+00  2.30938467e+00  2.64313765e+00 
 3.40864000e-09  1.90860441e+00  1.69139559e+00  2.30989611e+00  2.64262744e+00 
 3.40914000e-09  1.90807626e+00  1.69192374e+00  2.31041304e+00  2.64211166e+00 
 3.40964000e-09  1.90754705e+00  1.69245295e+00  2.31093545e+00  2.64159031e+00 
 3.41014000e-09  1.90701678e+00  1.69298322e+00  2.31146330e+00  2.64106343e+00 
 3.41064000e-09  1.90648545e+00  1.69351455e+00  2.31199658e+00  2.64053103e+00 
 3.41114000e-09  1.90595306e+00  1.69404694e+00  2.31253526e+00  2.63999316e+00 
 3.41164000e-09  1.90541964e+00  1.69458036e+00  2.31307932e+00  2.63944982e+00 
 3.41214000e-09  1.90488517e+00  1.69511483e+00  2.31362872e+00  2.63890106e+00 
 3.41264000e-09  1.90434967e+00  1.69565033e+00  2.31418343e+00  2.63834689e+00 
 3.41314000e-09  1.90381314e+00  1.69618686e+00  2.31474344e+00  2.63778735e+00 
 3.41364000e-09  1.90327558e+00  1.69672442e+00  2.31530871e+00  2.63722247e+00 
 3.41414000e-09  1.90273700e+00  1.69726300e+00  2.31587920e+00  2.63665227e+00 
 3.41464000e-09  1.90219741e+00  1.69780259e+00  2.31645490e+00  2.63607679e+00 
 3.41514000e-09  1.90165681e+00  1.69834319e+00  2.31703577e+00  2.63549607e+00 
 3.41564000e-09  1.90111521e+00  1.69888479e+00  2.31762178e+00  2.63491012e+00 
 3.41614000e-09  1.90057261e+00  1.69942739e+00  2.31821289e+00  2.63431898e+00 
 3.41664000e-09  1.90002902e+00  1.69997098e+00  2.31880908e+00  2.63372270e+00 
 3.41714000e-09  1.89948444e+00  1.70051556e+00  2.31941031e+00  2.63312129e+00 
 3.41764000e-09  1.89893888e+00  1.70106112e+00  2.32001655e+00  2.63251479e+00 
 3.41814000e-09  1.89839234e+00  1.70160766e+00  2.32062777e+00  2.63190324e+00 
 3.41864000e-09  1.89784483e+00  1.70215517e+00  2.32124393e+00  2.63128667e+00 
 3.41914000e-09  1.89729636e+00  1.70270364e+00  2.32186499e+00  2.63066512e+00 
 3.41964000e-09  1.89674692e+00  1.70325308e+00  2.32249093e+00  2.63003862e+00 
 3.42014000e-09  1.89619653e+00  1.70380347e+00  2.32312171e+00  2.62940720e+00 
 3.42064000e-09  1.89564519e+00  1.70435481e+00  2.32375730e+00  2.62877091e+00 
 3.42114000e-09  1.89509291e+00  1.70490709e+00  2.32439765e+00  2.62812977e+00 
 3.42164000e-09  1.89453968e+00  1.70546032e+00  2.32504275e+00  2.62748383e+00 
 3.42214000e-09  1.89398553e+00  1.70601447e+00  2.32569254e+00  2.62683311e+00 
 3.42264000e-09  1.89343045e+00  1.70656955e+00  2.32634699e+00  2.62617766e+00 
 3.42314000e-09  1.89287444e+00  1.70712556e+00  2.32700608e+00  2.62551751e+00 
 3.42364000e-09  1.89231752e+00  1.70768248e+00  2.32766976e+00  2.62485269e+00 
 3.42414000e-09  1.89175969e+00  1.70824031e+00  2.32833800e+00  2.62418325e+00 
 3.42464000e-09  1.89120095e+00  1.70879905e+00  2.32901077e+00  2.62350922e+00 
 3.42514000e-09  1.89064131e+00  1.70935869e+00  2.32968802e+00  2.62283064e+00 
 3.42564000e-09  1.89008078e+00  1.70991922e+00  2.33036972e+00  2.62214754e+00 
 3.42614000e-09  1.88951936e+00  1.71048064e+00  2.33105585e+00  2.62145995e+00 
 3.42664000e-09  1.88895705e+00  1.71104295e+00  2.33174636e+00  2.62076793e+00 
 3.42714000e-09  1.88839387e+00  1.71160613e+00  2.33244121e+00  2.62007150e+00 
 3.42764000e-09  1.88782981e+00  1.71217019e+00  2.33314037e+00  2.61937070e+00 
 3.42814000e-09  1.88726489e+00  1.71273511e+00  2.33384382e+00  2.61866556e+00 
 3.42864000e-09  1.88669910e+00  1.71330090e+00  2.33455150e+00  2.61795613e+00 
 3.42914000e-09  1.88613246e+00  1.71386754e+00  2.33526339e+00  2.61724244e+00 
 3.42964000e-09  1.88556497e+00  1.71443503e+00  2.33597945e+00  2.61652453e+00 
 3.43014000e-09  1.88499664e+00  1.71500336e+00  2.33669965e+00  2.61580242e+00 
 3.43064000e-09  1.88442747e+00  1.71557253e+00  2.33742395e+00  2.61507617e+00 
 3.43114000e-09  1.88385746e+00  1.71614254e+00  2.33815232e+00  2.61434580e+00 
 3.43164000e-09  1.88328663e+00  1.71671337e+00  2.33888471e+00  2.61361136e+00 
 3.43214000e-09  1.88271497e+00  1.71728503e+00  2.33962111e+00  2.61287287e+00 
 3.43264000e-09  1.88214250e+00  1.71785750e+00  2.34036147e+00  2.61213037e+00 
 3.43314000e-09  1.88156921e+00  1.71843079e+00  2.34110576e+00  2.61138391e+00 
 3.43364000e-09  1.88099513e+00  1.71900487e+00  2.34185394e+00  2.61063350e+00 
 3.43414000e-09  1.88042024e+00  1.71957976e+00  2.34260599e+00  2.60987921e+00 
 3.43464000e-09  1.87984456e+00  1.72015544e+00  2.34336186e+00  2.60912104e+00 
 3.43514000e-09  1.87926809e+00  1.72073191e+00  2.34412153e+00  2.60835905e+00 
 3.43564000e-09  1.87869084e+00  1.72130916e+00  2.34488495e+00  2.60759327e+00 
 3.43614000e-09  1.87811281e+00  1.72188719e+00  2.34565210e+00  2.60682372e+00 
 3.43664000e-09  1.87753401e+00  1.72246599e+00  2.34642295e+00  2.60605046e+00 
 3.43714000e-09  1.87695444e+00  1.72304556e+00  2.34719745e+00  2.60527351e+00 
 3.43764000e-09  1.87637412e+00  1.72362588e+00  2.34797558e+00  2.60449290e+00 
 3.43814000e-09  1.87579304e+00  1.72420696e+00  2.34875730e+00  2.60370868e+00 
 3.43864000e-09  1.87521122e+00  1.72478878e+00  2.34954258e+00  2.60292087e+00 
 3.43914000e-09  1.87462865e+00  1.72537135e+00  2.35033139e+00  2.60212952e+00 
 3.43964000e-09  1.87404534e+00  1.72595466e+00  2.35112369e+00  2.60133464e+00 
 3.44014000e-09  1.87346131e+00  1.72653869e+00  2.35191946e+00  2.60053629e+00 
 3.44064000e-09  1.87287655e+00  1.72712345e+00  2.35271865e+00  2.59973449e+00 
 3.44114000e-09  1.87229107e+00  1.72770893e+00  2.35352124e+00  2.59892928e+00 
 3.44164000e-09  1.87170487e+00  1.72829513e+00  2.35432720e+00  2.59812068e+00 
 3.44214000e-09  1.87111797e+00  1.72888203e+00  2.35513648e+00  2.59730874e+00 
 3.44264000e-09  1.87053037e+00  1.72946963e+00  2.35594907e+00  2.59649348e+00 
 3.44314000e-09  1.86994207e+00  1.73005793e+00  2.35676493e+00  2.59567495e+00 
 3.44364000e-09  1.86935308e+00  1.73064692e+00  2.35758403e+00  2.59485316e+00 
 3.44414000e-09  1.86876341e+00  1.73123659e+00  2.35840633e+00  2.59402816e+00 
 3.44464000e-09  1.86817305e+00  1.73182695e+00  2.35923180e+00  2.59319998e+00 
 3.44514000e-09  1.86758203e+00  1.73241797e+00  2.36006042e+00  2.59236865e+00 
 3.44564000e-09  1.86699034e+00  1.73300966e+00  2.36089215e+00  2.59153420e+00 
 3.44614000e-09  1.86639798e+00  1.73360202e+00  2.36172696e+00  2.59069667e+00 
 3.44664000e-09  1.86580497e+00  1.73419503e+00  2.36256482e+00  2.58985608e+00 
 3.44714000e-09  1.86521132e+00  1.73478868e+00  2.36340570e+00  2.58901247e+00 
 3.44764000e-09  1.86461701e+00  1.73538299e+00  2.36424957e+00  2.58816586e+00 
 3.44814000e-09  1.86402207e+00  1.73597793e+00  2.36509640e+00  2.58731630e+00 
 3.44864000e-09  1.86342650e+00  1.73657350e+00  2.36594615e+00  2.58646382e+00 
 3.44914000e-09  1.86283031e+00  1.73716969e+00  2.36679880e+00  2.58560843e+00 
 3.44964000e-09  1.86223349e+00  1.73776651e+00  2.36765431e+00  2.58475018e+00 
 3.45014000e-09  1.86163606e+00  1.73836394e+00  2.36851266e+00  2.58388910e+00 
 3.45064000e-09  1.86103802e+00  1.73896198e+00  2.36937382e+00  2.58302521e+00 
 3.45114000e-09  1.86043937e+00  1.73956063e+00  2.37023775e+00  2.58215855e+00 
 3.45164000e-09  1.85984013e+00  1.74015987e+00  2.37110443e+00  2.58128914e+00 
 3.45214000e-09  1.85924030e+00  1.74075970e+00  2.37197383e+00  2.58041702e+00 
 3.45264000e-09  1.85863989e+00  1.74136011e+00  2.37284592e+00  2.57954222e+00 
 3.45314000e-09  1.85803890e+00  1.74196110e+00  2.37372066e+00  2.57866477e+00 
 3.45364000e-09  1.85743733e+00  1.74256267e+00  2.37459803e+00  2.57778469e+00 
 3.45414000e-09  1.85683520e+00  1.74316480e+00  2.37547801e+00  2.57690201e+00 
 3.45464000e-09  1.85623250e+00  1.74376750e+00  2.37636055e+00  2.57601678e+00 
 3.45514000e-09  1.85562926e+00  1.74437074e+00  2.37724563e+00  2.57512900e+00 
 3.45564000e-09  1.85502546e+00  1.74497454e+00  2.37813323e+00  2.57423872e+00 
 3.45614000e-09  1.85442112e+00  1.74557888e+00  2.37902331e+00  2.57334596e+00 
 3.45664000e-09  1.85381624e+00  1.74618376e+00  2.37991585e+00  2.57245076e+00 
 3.45714000e-09  1.85321083e+00  1.74678917e+00  2.38081082e+00  2.57155313e+00 
 3.45764000e-09  1.85260490e+00  1.74739510e+00  2.38170818e+00  2.57065311e+00 
 3.45814000e-09  1.85199844e+00  1.74800156e+00  2.38260792e+00  2.56975073e+00 
 3.45864000e-09  1.85139148e+00  1.74860852e+00  2.38351000e+00  2.56884601e+00 
 3.45914000e-09  1.85078400e+00  1.74921600e+00  2.38441439e+00  2.56793899e+00 
 3.45964000e-09  1.85017603e+00  1.74982397e+00  2.38532107e+00  2.56702968e+00 
 3.46014000e-09  1.84956756e+00  1.75043244e+00  2.38623001e+00  2.56611812e+00 
 3.46064000e-09  1.84895860e+00  1.75104140e+00  2.38714118e+00  2.56520434e+00 
 3.46114000e-09  1.84834915e+00  1.75165085e+00  2.38805455e+00  2.56428836e+00 
 3.46164000e-09  1.84773923e+00  1.75226077e+00  2.38897011e+00  2.56337022e+00 
 3.46214000e-09  1.84712884e+00  1.75287116e+00  2.38988781e+00  2.56244992e+00 
 3.46264000e-09  1.84651799e+00  1.75348201e+00  2.39080763e+00  2.56152752e+00 
 3.46314000e-09  1.84590667e+00  1.75409333e+00  2.39172955e+00  2.56060302e+00 
 3.46364000e-09  1.84529490e+00  1.75470510e+00  2.39265354e+00  2.55967646e+00 
 3.46414000e-09  1.84468269e+00  1.75531731e+00  2.39357956e+00  2.55874787e+00 
 3.46464000e-09  1.84407003e+00  1.75592997e+00  2.39450761e+00  2.55781727e+00 
 3.46514000e-09  1.84345694e+00  1.75654306e+00  2.39543764e+00  2.55688468e+00 
 3.46564000e-09  1.84284342e+00  1.75715658e+00  2.39636963e+00  2.55595013e+00 
 3.46614000e-09  1.84222948e+00  1.75777052e+00  2.39730356e+00  2.55501366e+00 
 3.46664000e-09  1.84161512e+00  1.75838488e+00  2.39823940e+00  2.55407528e+00 
 3.46714000e-09  1.84100034e+00  1.75899966e+00  2.39917711e+00  2.55313502e+00 
 3.46764000e-09  1.84038517e+00  1.75961483e+00  2.40011669e+00  2.55219290e+00 
 3.46814000e-09  1.83976960e+00  1.76023040e+00  2.40105810e+00  2.55124896e+00 
 3.46864000e-09  1.83915363e+00  1.76084637e+00  2.40200131e+00  2.55030321e+00 
 3.46914000e-09  1.83853728e+00  1.76146272e+00  2.40294630e+00  2.54935569e+00 
 3.46964000e-09  1.83792054e+00  1.76207946e+00  2.40389304e+00  2.54840641e+00 
 3.47014000e-09  1.83730344e+00  1.76269656e+00  2.40484151e+00  2.54745540e+00 
 3.47064000e-09  1.83668596e+00  1.76331404e+00  2.40579169e+00  2.54650269e+00 
 3.47114000e-09  1.83606812e+00  1.76393188e+00  2.40674354e+00  2.54554830e+00 
 3.47164000e-09  1.83544993e+00  1.76455007e+00  2.40769704e+00  2.54459226e+00 
 3.47214000e-09  1.83483138e+00  1.76516862e+00  2.40865217e+00  2.54363458e+00 
 3.47264000e-09  1.83421250e+00  1.76578750e+00  2.40960890e+00  2.54267530e+00 
 3.47314000e-09  1.83359327e+00  1.76640673e+00  2.41056721e+00  2.54171444e+00 
 3.47364000e-09  1.83297372e+00  1.76702628e+00  2.41152706e+00  2.54075202e+00 
 3.47414000e-09  1.83235383e+00  1.76764617e+00  2.41248845e+00  2.53978806e+00 
 3.47464000e-09  1.83173363e+00  1.76826637e+00  2.41345133e+00  2.53882260e+00 
 3.47514000e-09  1.83111312e+00  1.76888688e+00  2.41441570e+00  2.53785565e+00 
 3.47564000e-09  1.83049230e+00  1.76950770e+00  2.41538151e+00  2.53688723e+00 
 3.47614000e-09  1.82987117e+00  1.77012883e+00  2.41634876e+00  2.53591738e+00 
 3.47664000e-09  1.82924976e+00  1.77075024e+00  2.41731741e+00  2.53494611e+00 
 3.47714000e-09  1.82862805e+00  1.77137195e+00  2.41828743e+00  2.53397344e+00 
 3.47764000e-09  1.82800606e+00  1.77199394e+00  2.41925882e+00  2.53299941e+00 
 3.47814000e-09  1.82738380e+00  1.77261620e+00  2.42023153e+00  2.53202403e+00 
 3.47864000e-09  1.82676126e+00  1.77323874e+00  2.42120555e+00  2.53104732e+00 
 3.47914000e-09  1.82613846e+00  1.77386154e+00  2.42218085e+00  2.53006932e+00 
 3.47964000e-09  1.82551540e+00  1.77448460e+00  2.42315742e+00  2.52909003e+00 
 3.48014000e-09  1.82489210e+00  1.77510790e+00  2.42413522e+00  2.52810949e+00 
 3.48064000e-09  1.82426854e+00  1.77573146e+00  2.42511422e+00  2.52712771e+00 
 3.48114000e-09  1.82364475e+00  1.77635525e+00  2.42609442e+00  2.52614473e+00 
 3.48164000e-09  1.82302072e+00  1.77697928e+00  2.42707578e+00  2.52516055e+00 
 3.48214000e-09  1.82239646e+00  1.77760354e+00  2.42805828e+00  2.52417521e+00 
 3.48264000e-09  1.82177199e+00  1.77822801e+00  2.42904190e+00  2.52318872e+00 
 3.48314000e-09  1.82114730e+00  1.77885270e+00  2.43002661e+00  2.52220111e+00 
 3.48364000e-09  1.82052240e+00  1.77947760e+00  2.43101239e+00  2.52121240e+00 
 3.48414000e-09  1.81989729e+00  1.78010271e+00  2.43199922e+00  2.52022262e+00 
 3.48464000e-09  1.81927200e+00  1.78072800e+00  2.43298707e+00  2.51923177e+00 
 3.48514000e-09  1.81864651e+00  1.78135349e+00  2.43397592e+00  2.51823989e+00 
 3.48564000e-09  1.81802083e+00  1.78197917e+00  2.43496575e+00  2.51724700e+00 
 3.48614000e-09  1.81739498e+00  1.78260502e+00  2.43595653e+00  2.51625312e+00 
 3.48664000e-09  1.81676896e+00  1.78323104e+00  2.43694824e+00  2.51525826e+00 
 3.48714000e-09  1.81614277e+00  1.78385723e+00  2.43794086e+00  2.51426246e+00 
 3.48764000e-09  1.81551643e+00  1.78448357e+00  2.43893436e+00  2.51326573e+00 
 3.48814000e-09  1.81488993e+00  1.78511007e+00  2.43992872e+00  2.51226810e+00 
 3.48864000e-09  1.81426328e+00  1.78573672e+00  2.44092392e+00  2.51126958e+00 
 3.48914000e-09  1.81363649e+00  1.78636351e+00  2.44191993e+00  2.51027021e+00 
 3.48964000e-09  1.81300957e+00  1.78699043e+00  2.44291674e+00  2.50926999e+00 
 3.49014000e-09  1.81238252e+00  1.78761748e+00  2.44391431e+00  2.50826895e+00 
 3.49064000e-09  1.81175534e+00  1.78824466e+00  2.44491263e+00  2.50726712e+00 
 3.49114000e-09  1.81112805e+00  1.78887195e+00  2.44591167e+00  2.50626451e+00 
 3.49164000e-09  1.81050066e+00  1.78949934e+00  2.44691140e+00  2.50526114e+00 
 3.49214000e-09  1.80987315e+00  1.79012685e+00  2.44791182e+00  2.50425705e+00 
 3.49264000e-09  1.80924555e+00  1.79075445e+00  2.44891288e+00  2.50325224e+00 
 3.49314000e-09  1.80861786e+00  1.79138214e+00  2.44991457e+00  2.50224674e+00 
 3.49364000e-09  1.80799008e+00  1.79200992e+00  2.45091687e+00  2.50124058e+00 
 3.49414000e-09  1.80736223e+00  1.79263777e+00  2.45191975e+00  2.50023378e+00 
 3.49464000e-09  1.80673430e+00  1.79326570e+00  2.45292319e+00  2.49922635e+00 
 3.49514000e-09  1.80610631e+00  1.79389369e+00  2.45392716e+00  2.49821832e+00 
 3.49564000e-09  1.80547825e+00  1.79452175e+00  2.45493165e+00  2.49720971e+00 
 3.49614000e-09  1.80485014e+00  1.79514986e+00  2.45593662e+00  2.49620055e+00 
 3.49664000e-09  1.80422199e+00  1.79577801e+00  2.45694206e+00  2.49519085e+00 
 3.49714000e-09  1.80359379e+00  1.79640621e+00  2.45794793e+00  2.49418065e+00 
 3.49764000e-09  1.80296555e+00  1.79703445e+00  2.45895423e+00  2.49316996e+00 
 3.49814000e-09  1.80233729e+00  1.79766271e+00  2.45996091e+00  2.49215881e+00 
 3.49864000e-09  1.80170901e+00  1.79829099e+00  2.46096796e+00  2.49114722e+00 
 3.49914000e-09  1.80108070e+00  1.79891930e+00  2.46197536e+00  2.49013521e+00 
 3.49964000e-09  1.80045239e+00  1.79954761e+00  2.46298308e+00  2.48912281e+00 
 3.50014000e-09  1.79982407e+00  1.80017593e+00  2.46399109e+00  2.48811005e+00 
 3.50064000e-09  1.79919575e+00  1.80080425e+00  2.46499937e+00  2.48709694e+00 
 3.50114000e-09  1.79856745e+00  1.80143255e+00  2.46600789e+00  2.48608351e+00 
 3.50164000e-09  1.79793915e+00  1.80206085e+00  2.46701664e+00  2.48506980e+00 
 3.50214000e-09  1.79731088e+00  1.80268912e+00  2.46802558e+00  2.48405582e+00 
 3.50264000e-09  1.79668263e+00  1.80331737e+00  2.46903469e+00  2.48304160e+00 
 3.50314000e-09  1.79605442e+00  1.80394558e+00  2.47004395e+00  2.48202716e+00 
 3.50364000e-09  1.79542624e+00  1.80457376e+00  2.47105333e+00  2.48101253e+00 
 3.50414000e-09  1.79479811e+00  1.80520189e+00  2.47206281e+00  2.47999775e+00 
 3.50464000e-09  1.79417003e+00  1.80582997e+00  2.47307235e+00  2.47898283e+00 
 3.50514000e-09  1.79354201e+00  1.80645799e+00  2.47408195e+00  2.47796780e+00 
 3.50564000e-09  1.79291405e+00  1.80708595e+00  2.47509156e+00  2.47695269e+00 
 3.50614000e-09  1.79228616e+00  1.80771384e+00  2.47610117e+00  2.47593753e+00 
 3.50664000e-09  1.79165835e+00  1.80834165e+00  2.47711074e+00  2.47492235e+00 
 3.50714000e-09  1.79103062e+00  1.80896938e+00  2.47812027e+00  2.47390717e+00 
 3.50764000e-09  1.79040298e+00  1.80959702e+00  2.47912971e+00  2.47289202e+00 
 3.50814000e-09  1.78977543e+00  1.81022457e+00  2.48013906e+00  2.47187693e+00 
 3.50864000e-09  1.78914799e+00  1.81085201e+00  2.48114827e+00  2.47086192e+00 
 3.50914000e-09  1.78852065e+00  1.81147935e+00  2.48215733e+00  2.46984703e+00 
 3.50964000e-09  1.78789342e+00  1.81210658e+00  2.48316622e+00  2.46883228e+00 
 3.51014000e-09  1.78726632e+00  1.81273368e+00  2.48417490e+00  2.46781770e+00 
 3.51064000e-09  1.78663934e+00  1.81336066e+00  2.48518337e+00  2.46680332e+00 
 3.51114000e-09  1.78601249e+00  1.81398751e+00  2.48619158e+00  2.46578916e+00 
 3.51164000e-09  1.78538578e+00  1.81461422e+00  2.48719953e+00  2.46477526e+00 
 3.51214000e-09  1.78475922e+00  1.81524078e+00  2.48820718e+00  2.46376163e+00 
 3.51264000e-09  1.78413280e+00  1.81586720e+00  2.48921452e+00  2.46274831e+00 
 3.51314000e-09  1.78350654e+00  1.81649346e+00  2.49022153e+00  2.46173533e+00 
 3.51364000e-09  1.78288045e+00  1.81711955e+00  2.49122817e+00  2.46072270e+00 
 3.51414000e-09  1.78225452e+00  1.81774548e+00  2.49223444e+00  2.45971046e+00 
 3.51464000e-09  1.78162877e+00  1.81837123e+00  2.49324030e+00  2.45869863e+00 
 3.51514000e-09  1.78100320e+00  1.81899680e+00  2.49424574e+00  2.45768724e+00 
 3.51564000e-09  1.78037781e+00  1.81962219e+00  2.49525074e+00  2.45667630e+00 
 3.51614000e-09  1.77975262e+00  1.82024738e+00  2.49625528e+00  2.45566586e+00 
 3.51664000e-09  1.77912763e+00  1.82087237e+00  2.49725933e+00  2.45465592e+00 
 3.51714000e-09  1.77850285e+00  1.82149715e+00  2.49826289e+00  2.45364652e+00 
 3.51764000e-09  1.77787828e+00  1.82212172e+00  2.49926591e+00  2.45263768e+00 
 3.51814000e-09  1.77725393e+00  1.82274607e+00  2.50026840e+00  2.45162942e+00 
 3.51864000e-09  1.77662980e+00  1.82337020e+00  2.50127033e+00  2.45062177e+00 
 3.51914000e-09  1.77600590e+00  1.82399410e+00  2.50227167e+00  2.44961475e+00 
 3.51964000e-09  1.77538224e+00  1.82461776e+00  2.50327242e+00  2.44860838e+00 
 3.52014000e-09  1.77475882e+00  1.82524118e+00  2.50427254e+00  2.44760269e+00 
 3.52064000e-09  1.77413565e+00  1.82586435e+00  2.50527203e+00  2.44659769e+00 
 3.52114000e-09  1.77351274e+00  1.82648726e+00  2.50627087e+00  2.44559342e+00 
 3.52164000e-09  1.77289009e+00  1.82710991e+00  2.50726903e+00  2.44458990e+00 
 3.52214000e-09  1.77226770e+00  1.82773230e+00  2.50826649e+00  2.44358714e+00 
 3.52264000e-09  1.77164559e+00  1.82835441e+00  2.50926324e+00  2.44258516e+00 
 3.52314000e-09  1.77102376e+00  1.82897624e+00  2.51025926e+00  2.44158400e+00 
 3.52364000e-09  1.77040221e+00  1.82959779e+00  2.51125453e+00  2.44058368e+00 
 3.52414000e-09  1.76978096e+00  1.83021904e+00  2.51224903e+00  2.43958421e+00 
 3.52464000e-09  1.76916001e+00  1.83083999e+00  2.51324274e+00  2.43858562e+00 
 3.52514000e-09  1.76853936e+00  1.83146064e+00  2.51423565e+00  2.43758792e+00 
 3.52564000e-09  1.76791902e+00  1.83208098e+00  2.51522772e+00  2.43659116e+00 
 3.52614000e-09  1.76729899e+00  1.83270101e+00  2.51621895e+00  2.43559533e+00 
 3.52664000e-09  1.76667929e+00  1.83332071e+00  2.51720931e+00  2.43460047e+00 
 3.52714000e-09  1.76605992e+00  1.83394008e+00  2.51819879e+00  2.43360660e+00 
 3.52764000e-09  1.76544088e+00  1.83455912e+00  2.51918736e+00  2.43261374e+00 
 3.52814000e-09  1.76482219e+00  1.83517781e+00  2.52017500e+00  2.43162191e+00 
 3.52864000e-09  1.76420384e+00  1.83579616e+00  2.52116169e+00  2.43063114e+00 
 3.52914000e-09  1.76358584e+00  1.83641416e+00  2.52214741e+00  2.42964144e+00 
 3.52964000e-09  1.76296821e+00  1.83703179e+00  2.52313215e+00  2.42865285e+00 
 3.53014000e-09  1.76235094e+00  1.83764906e+00  2.52411587e+00  2.42766537e+00 
 3.53064000e-09  1.76173404e+00  1.83826596e+00  2.52509856e+00  2.42667904e+00 
 3.53114000e-09  1.76111752e+00  1.83888248e+00  2.52608019e+00  2.42569387e+00 
 3.53164000e-09  1.76050138e+00  1.83949862e+00  2.52706075e+00  2.42470989e+00 
 3.53214000e-09  1.75988563e+00  1.84011437e+00  2.52804020e+00  2.42372712e+00 
 3.53264000e-09  1.75927028e+00  1.84072972e+00  2.52901853e+00  2.42274559e+00 
 3.53314000e-09  1.75865533e+00  1.84134467e+00  2.52999572e+00  2.42176531e+00 
 3.53364000e-09  1.75804079e+00  1.84195921e+00  2.53097173e+00  2.42078630e+00 
 3.53414000e-09  1.75742666e+00  1.84257334e+00  2.53194656e+00  2.41980859e+00 
 3.53464000e-09  1.75681296e+00  1.84318704e+00  2.53292016e+00  2.41883221e+00 
 3.53514000e-09  1.75619968e+00  1.84380032e+00  2.53389252e+00  2.41785717e+00 
 3.53564000e-09  1.75558683e+00  1.84441317e+00  2.53486362e+00  2.41688350e+00 
 3.53614000e-09  1.75497442e+00  1.84502558e+00  2.53583342e+00  2.41591121e+00 
 3.53664000e-09  1.75436245e+00  1.84563755e+00  2.53680191e+00  2.41494034e+00 
 3.53714000e-09  1.75375094e+00  1.84624906e+00  2.53776906e+00  2.41397090e+00 
 3.53764000e-09  1.75313988e+00  1.84686012e+00  2.53873484e+00  2.41300292e+00 
 3.53814000e-09  1.75252928e+00  1.84747072e+00  2.53969922e+00  2.41203642e+00 
 3.53864000e-09  1.75191915e+00  1.84808085e+00  2.54066218e+00  2.41107141e+00 
 3.53914000e-09  1.75130950e+00  1.84869050e+00  2.54162370e+00  2.41010794e+00 
 3.53964000e-09  1.75070033e+00  1.84929967e+00  2.54258375e+00  2.40914601e+00 
 3.54014000e-09  1.75009164e+00  1.84990836e+00  2.54354230e+00  2.40818565e+00 
 3.54064000e-09  1.74948345e+00  1.85051655e+00  2.54449932e+00  2.40722688e+00 
 3.54114000e-09  1.74887575e+00  1.85112425e+00  2.54545478e+00  2.40626973e+00 
 3.54164000e-09  1.74826856e+00  1.85173144e+00  2.54640867e+00  2.40531422e+00 
 3.54214000e-09  1.74766188e+00  1.85233812e+00  2.54736095e+00  2.40436037e+00 
 3.54264000e-09  1.74705572e+00  1.85294428e+00  2.54831159e+00  2.40340820e+00 
 3.54314000e-09  1.74645008e+00  1.85354992e+00  2.54926057e+00  2.40245775e+00 
 3.54364000e-09  1.74584496e+00  1.85415504e+00  2.55020786e+00  2.40150903e+00 
 3.54414000e-09  1.74524039e+00  1.85475961e+00  2.55115343e+00  2.40056206e+00 
 3.54464000e-09  1.74463635e+00  1.85536365e+00  2.55209725e+00  2.39961687e+00 
 3.54514000e-09  1.74403286e+00  1.85596714e+00  2.55303930e+00  2.39867349e+00 
 3.54564000e-09  1.74342992e+00  1.85657008e+00  2.55397954e+00  2.39773193e+00 
 3.54614000e-09  1.74282754e+00  1.85717246e+00  2.55491795e+00  2.39679222e+00 
 3.54664000e-09  1.74222572e+00  1.85777428e+00  2.55585450e+00  2.39585439e+00 
 3.54714000e-09  1.74162448e+00  1.85837552e+00  2.55678916e+00  2.39491847e+00 
 3.54764000e-09  1.74102381e+00  1.85897619e+00  2.55772190e+00  2.39398446e+00 
 3.54814000e-09  1.74042372e+00  1.85957628e+00  2.55865270e+00  2.39305241e+00 
 3.54864000e-09  1.73982422e+00  1.86017578e+00  2.55958152e+00  2.39212232e+00 
 3.54914000e-09  1.73922531e+00  1.86077469e+00  2.56050834e+00  2.39119424e+00 
 3.54964000e-09  1.73862701e+00  1.86137299e+00  2.56143312e+00  2.39026819e+00 
 3.55014000e-09  1.73802931e+00  1.86197069e+00  2.56235585e+00  2.38934418e+00 
 3.55064000e-09  1.73743222e+00  1.86256778e+00  2.56327648e+00  2.38842225e+00 
 3.55114000e-09  1.73683575e+00  1.86316425e+00  2.56419499e+00  2.38750242e+00 
 3.55164000e-09  1.73623990e+00  1.86376010e+00  2.56511135e+00  2.38658472e+00 
 3.55214000e-09  1.73564468e+00  1.86435532e+00  2.56602553e+00  2.38566917e+00 
 3.55264000e-09  1.73505010e+00  1.86494990e+00  2.56693750e+00  2.38475580e+00 
 3.55314000e-09  1.73445616e+00  1.86554384e+00  2.56784724e+00  2.38384464e+00 
 3.55364000e-09  1.73386286e+00  1.86613714e+00  2.56875470e+00  2.38293571e+00 
 3.55414000e-09  1.73327022e+00  1.86672978e+00  2.56965987e+00  2.38202905e+00 
 3.55464000e-09  1.73267823e+00  1.86732177e+00  2.57056271e+00  2.38112467e+00 
 3.55514000e-09  1.73208691e+00  1.86791309e+00  2.57146319e+00  2.38022260e+00 
 3.55564000e-09  1.73149626e+00  1.86850374e+00  2.57236129e+00  2.37932288e+00 
 3.55614000e-09  1.73090629e+00  1.86909371e+00  2.57325697e+00  2.37842553e+00 
 3.55664000e-09  1.73031700e+00  1.86968300e+00  2.57415020e+00  2.37753057e+00 
 3.55714000e-09  1.72972840e+00  1.87027160e+00  2.57504095e+00  2.37663804e+00 
 3.55764000e-09  1.72914049e+00  1.87085951e+00  2.57592919e+00  2.37574797e+00 
 3.55814000e-09  1.72855328e+00  1.87144672e+00  2.57681490e+00  2.37486038e+00 
 3.55864000e-09  1.72796677e+00  1.87203323e+00  2.57769803e+00  2.37397531e+00 
 3.55914000e-09  1.72738098e+00  1.87261902e+00  2.57857857e+00  2.37309277e+00 
 3.55964000e-09  1.72679590e+00  1.87320410e+00  2.57945647e+00  2.37221281e+00 
 3.56014000e-09  1.72621154e+00  1.87378846e+00  2.58033171e+00  2.37133544e+00 
 3.56064000e-09  1.72562792e+00  1.87437208e+00  2.58120425e+00  2.37046071e+00 
 3.56114000e-09  1.72504502e+00  1.87495498e+00  2.58207407e+00  2.36958864e+00 
 3.56164000e-09  1.72446287e+00  1.87553713e+00  2.58294113e+00  2.36871925e+00 
 3.56214000e-09  1.72388146e+00  1.87611854e+00  2.58380540e+00  2.36785259e+00 
 3.56264000e-09  1.72330081e+00  1.87669919e+00  2.58466685e+00  2.36698868e+00 
 3.56314000e-09  1.72272091e+00  1.87727909e+00  2.58552545e+00  2.36612755e+00 
 3.56364000e-09  1.72214177e+00  1.87785823e+00  2.58638116e+00  2.36526923e+00 
 3.56414000e-09  1.72156340e+00  1.87843660e+00  2.58723396e+00  2.36441376e+00 
 3.56464000e-09  1.72098581e+00  1.87901419e+00  2.58808380e+00  2.36356116e+00 
 3.56514000e-09  1.72040899e+00  1.87959101e+00  2.58893067e+00  2.36271147e+00 
 3.56564000e-09  1.71983296e+00  1.88016704e+00  2.58977451e+00  2.36186472e+00 
 3.56614000e-09  1.71925773e+00  1.88074227e+00  2.59061531e+00  2.36102094e+00 
 3.56664000e-09  1.71868329e+00  1.88131671e+00  2.59145303e+00  2.36018016e+00 
 3.56714000e-09  1.71810965e+00  1.88189035e+00  2.59228763e+00  2.35934242e+00 
 3.56764000e-09  1.71753682e+00  1.88246318e+00  2.59311908e+00  2.35850775e+00 
 3.56814000e-09  1.71696480e+00  1.88303520e+00  2.59394735e+00  2.35767618e+00 
 3.56864000e-09  1.71639361e+00  1.88360639e+00  2.59477240e+00  2.35684775e+00 
 3.56914000e-09  1.71582323e+00  1.88417677e+00  2.59559420e+00  2.35602248e+00 
 3.56964000e-09  1.71525369e+00  1.88474631e+00  2.59641271e+00  2.35520042e+00 
 3.57014000e-09  1.71468499e+00  1.88531501e+00  2.59722791e+00  2.35438159e+00 
 3.57064000e-09  1.71411713e+00  1.88588287e+00  2.59803975e+00  2.35356603e+00 
 3.57114000e-09  1.71355011e+00  1.88644989e+00  2.59884820e+00  2.35275378e+00 
 3.57164000e-09  1.71298395e+00  1.88701605e+00  2.59965322e+00  2.35194486e+00 
 3.57214000e-09  1.71241865e+00  1.88758135e+00  2.60045479e+00  2.35113932e+00 
 3.57264000e-09  1.71185421e+00  1.88814579e+00  2.60125286e+00  2.35033718e+00 
 3.57314000e-09  1.71129064e+00  1.88870936e+00  2.60204739e+00  2.34953849e+00 
 3.57364000e-09  1.71072795e+00  1.88927205e+00  2.60283836e+00  2.34874328e+00 
 3.57414000e-09  1.71016614e+00  1.88983386e+00  2.60362573e+00  2.34795158e+00 
 3.57464000e-09  1.70960521e+00  1.89039479e+00  2.60440945e+00  2.34716343e+00 
 3.57514000e-09  1.70904518e+00  1.89095482e+00  2.60518950e+00  2.34637887e+00 
 3.57564000e-09  1.70848605e+00  1.89151395e+00  2.60596584e+00  2.34559793e+00 
 3.57614000e-09  1.70792781e+00  1.89207219e+00  2.60673842e+00  2.34482064e+00 
 3.57664000e-09  1.70737049e+00  1.89262951e+00  2.60750722e+00  2.34404705e+00 
 3.57714000e-09  1.70681408e+00  1.89318592e+00  2.60827219e+00  2.34327719e+00 
 3.57764000e-09  1.70625859e+00  1.89374141e+00  2.60903330e+00  2.34251110e+00 
 3.57814000e-09  1.70570403e+00  1.89429597e+00  2.60979051e+00  2.34174881e+00 
 3.57864000e-09  1.70515040e+00  1.89484960e+00  2.61054378e+00  2.34099036e+00 
 3.57914000e-09  1.70459770e+00  1.89540230e+00  2.61129308e+00  2.34023580e+00 
 3.57964000e-09  1.70404594e+00  1.89595406e+00  2.61203836e+00  2.33948514e+00 
 3.58014000e-09  1.70349513e+00  1.89650487e+00  2.61277960e+00  2.33873845e+00 
 3.58064000e-09  1.70294528e+00  1.89705472e+00  2.61351674e+00  2.33799574e+00 
 3.58114000e-09  1.70239638e+00  1.89760362e+00  2.61424975e+00  2.33725706e+00 
 3.58164000e-09  1.70184845e+00  1.89815155e+00  2.61497860e+00  2.33652245e+00 
 3.58214000e-09  1.70130148e+00  1.89869852e+00  2.61570324e+00  2.33579195e+00 
 3.58264000e-09  1.70075549e+00  1.89924451e+00  2.61642364e+00  2.33506559e+00 
 3.58314000e-09  1.70021047e+00  1.89978953e+00  2.61713975e+00  2.33434341e+00 
 3.58364000e-09  1.69966645e+00  1.90033355e+00  2.61785154e+00  2.33362545e+00 
 3.58414000e-09  1.69912341e+00  1.90087659e+00  2.61855897e+00  2.33291175e+00 
 3.58464000e-09  1.69858137e+00  1.90141863e+00  2.61926200e+00  2.33220235e+00 
 3.58514000e-09  1.69804033e+00  1.90195967e+00  2.61996059e+00  2.33149728e+00 
 3.58564000e-09  1.69750029e+00  1.90249971e+00  2.62065470e+00  2.33079659e+00 
 3.58614000e-09  1.69696127e+00  1.90303873e+00  2.62134429e+00  2.33010031e+00 
 3.58664000e-09  1.69642326e+00  1.90357674e+00  2.62202933e+00  2.32940848e+00 
 3.58714000e-09  1.69588628e+00  1.90411372e+00  2.62270976e+00  2.32872115e+00 
 3.58764000e-09  1.69535032e+00  1.90464968e+00  2.62338557e+00  2.32803834e+00 
 3.58814000e-09  1.69481540e+00  1.90518460e+00  2.62405669e+00  2.32736010e+00 
 3.58864000e-09  1.69428151e+00  1.90571849e+00  2.62472311e+00  2.32668646e+00 
 3.58914000e-09  1.69374867e+00  1.90625133e+00  2.62538477e+00  2.32601747e+00 
 3.58964000e-09  1.69321688e+00  1.90678312e+00  2.62604164e+00  2.32535316e+00 
 3.59014000e-09  1.69268614e+00  1.90731386e+00  2.62669368e+00  2.32469357e+00 
 3.59064000e-09  1.69215646e+00  1.90784354e+00  2.62734085e+00  2.32403875e+00 
 3.59114000e-09  1.69162784e+00  1.90837216e+00  2.62798311e+00  2.32338872e+00 
 3.59164000e-09  1.69110030e+00  1.90889970e+00  2.62862043e+00  2.32274352e+00 
 3.59214000e-09  1.69057383e+00  1.90942617e+00  2.62925277e+00  2.32210320e+00 
 3.59264000e-09  1.69004844e+00  1.90995156e+00  2.62988008e+00  2.32146779e+00 
 3.59314000e-09  1.68952413e+00  1.91047587e+00  2.63050234e+00  2.32083732e+00 
 3.59364000e-09  1.68900091e+00  1.91099909e+00  2.63111950e+00  2.32021184e+00 
 3.59414000e-09  1.68847879e+00  1.91152121e+00  2.63173152e+00  2.31959138e+00 
 3.59464000e-09  1.68795777e+00  1.91204223e+00  2.63233838e+00  2.31897597e+00 
 3.59514000e-09  1.68743786e+00  1.91256214e+00  2.63294004e+00  2.31836566e+00 
 3.59564000e-09  1.68691906e+00  1.91308094e+00  2.63353645e+00  2.31776048e+00 
 3.59614000e-09  1.68640137e+00  1.91359863e+00  2.63412759e+00  2.31716046e+00 
 3.59664000e-09  1.68588481e+00  1.91411519e+00  2.63471343e+00  2.31656564e+00 
 3.59714000e-09  1.68536937e+00  1.91463063e+00  2.63529391e+00  2.31597605e+00 
 3.59764000e-09  1.68485506e+00  1.91514494e+00  2.63586902e+00  2.31539172e+00 
 3.59814000e-09  1.68434189e+00  1.91565811e+00  2.63643872e+00  2.31481270e+00 
 3.59864000e-09  1.68382986e+00  1.91617014e+00  2.63700298e+00  2.31423900e+00 
 3.59914000e-09  1.68331897e+00  1.91668103e+00  2.63756177e+00  2.31367067e+00 
 3.59964000e-09  1.68280924e+00  1.91719076e+00  2.63811505e+00  2.31310773e+00 
 3.60014000e-09  1.68230067e+00  1.91769933e+00  2.63866279e+00  2.31255022e+00 
 3.60064000e-09  1.68179325e+00  1.91820675e+00  2.63920498e+00  2.31199816e+00 
 3.60114000e-09  1.68128700e+00  1.91871300e+00  2.63974157e+00  2.31145158e+00 
 3.60164000e-09  1.68078193e+00  1.91921807e+00  2.64027254e+00  2.31091051e+00 
 3.60214000e-09  1.68027803e+00  1.91972197e+00  2.64079787e+00  2.31037498e+00 
 3.60264000e-09  1.67977531e+00  1.92022469e+00  2.64131752e+00  2.30984502e+00 
 3.60314000e-09  1.67927378e+00  1.92072622e+00  2.64183149e+00  2.30932064e+00 
 3.60364000e-09  1.67877344e+00  1.92122656e+00  2.64233973e+00  2.30880188e+00 
 3.60414000e-09  1.67827430e+00  1.92172570e+00  2.64284223e+00  2.30828876e+00 
 3.60464000e-09  1.67777636e+00  1.92222364e+00  2.64333897e+00  2.30778129e+00 
 3.60514000e-09  1.67727963e+00  1.92272037e+00  2.64382993e+00  2.30727951e+00 
 3.60564000e-09  1.67678410e+00  1.92321590e+00  2.64431508e+00  2.30678342e+00 
 3.60614000e-09  1.67628979e+00  1.92371021e+00  2.64479442e+00  2.30629305e+00 
 3.60664000e-09  1.67579671e+00  1.92420329e+00  2.64526793e+00  2.30580842e+00 
 3.60714000e-09  1.67530485e+00  1.92469515e+00  2.64573559e+00  2.30532955e+00 
 3.60764000e-09  1.67481422e+00  1.92518578e+00  2.64619738e+00  2.30485644e+00 
 3.60814000e-09  1.67432482e+00  1.92567518e+00  2.64665331e+00  2.30438911e+00 
 3.60864000e-09  1.67383667e+00  1.92616333e+00  2.64710335e+00  2.30392757e+00 
 3.60914000e-09  1.67334976e+00  1.92665024e+00  2.64754749e+00  2.30347184e+00 
 3.60964000e-09  1.67286410e+00  1.92713590e+00  2.64798574e+00  2.30302191e+00 
 3.61014000e-09  1.67237970e+00  1.92762030e+00  2.64841809e+00  2.30257781e+00 
 3.61064000e-09  1.67189655e+00  1.92810345e+00  2.64884452e+00  2.30213954e+00 
 3.61114000e-09  1.67141467e+00  1.92858533e+00  2.64926505e+00  2.30170709e+00 
 3.61164000e-09  1.67093406e+00  1.92906594e+00  2.64967966e+00  2.30128047e+00 
 3.61214000e-09  1.67045472e+00  1.92954528e+00  2.65008837e+00  2.30085969e+00 
 3.61264000e-09  1.66997666e+00  1.93002334e+00  2.65049117e+00  2.30044475e+00 
 3.61314000e-09  1.66949989e+00  1.93050011e+00  2.65088806e+00  2.30003563e+00 
 3.61364000e-09  1.66902440e+00  1.93097560e+00  2.65127907e+00  2.29963234e+00 
 3.61414000e-09  1.66855020e+00  1.93144980e+00  2.65166418e+00  2.29923487e+00 
 3.61464000e-09  1.66807731e+00  1.93192269e+00  2.65204342e+00  2.29884321e+00 
 3.61514000e-09  1.66760571e+00  1.93239429e+00  2.65241680e+00  2.29845736e+00 
 3.61564000e-09  1.66713542e+00  1.93286458e+00  2.65278433e+00  2.29807730e+00 
 3.61614000e-09  1.66666645e+00  1.93333355e+00  2.65314602e+00  2.29770302e+00 
 3.61664000e-09  1.66619878e+00  1.93380122e+00  2.65350191e+00  2.29733450e+00 
 3.61714000e-09  1.66573244e+00  1.93426756e+00  2.65385199e+00  2.29697173e+00 
 3.61764000e-09  1.66526743e+00  1.93473257e+00  2.65419630e+00  2.29661468e+00 
 3.61814000e-09  1.66480374e+00  1.93519626e+00  2.65453487e+00  2.29626335e+00 
 3.61864000e-09  1.66434139e+00  1.93565861e+00  2.65486771e+00  2.29591770e+00 
 3.61914000e-09  1.66388038e+00  1.93611962e+00  2.65519485e+00  2.29557771e+00 
 3.61964000e-09  1.66342071e+00  1.93657929e+00  2.65551632e+00  2.29524336e+00 
 3.62014000e-09  1.66296238e+00  1.93703762e+00  2.65583217e+00  2.29491461e+00 
 3.62064000e-09  1.66250542e+00  1.93749458e+00  2.65614240e+00  2.29459144e+00 
 3.62114000e-09  1.66204980e+00  1.93795020e+00  2.65644707e+00  2.29427382e+00 
 3.62164000e-09  1.66159555e+00  1.93840445e+00  2.65674621e+00  2.29396171e+00 
 3.62214000e-09  1.66114267e+00  1.93885733e+00  2.65703986e+00  2.29365508e+00 
 3.62264000e-09  1.66069116e+00  1.93930884e+00  2.65732805e+00  2.29335389e+00 
 3.62314000e-09  1.66024102e+00  1.93975898e+00  2.65761084e+00  2.29305810e+00 
 3.62364000e-09  1.65979226e+00  1.94020774e+00  2.65788825e+00  2.29276768e+00 
 3.62414000e-09  1.65934488e+00  1.94065512e+00  2.65816035e+00  2.29248257e+00 
 3.62464000e-09  1.65889889e+00  1.94110111e+00  2.65842717e+00  2.29220275e+00 
 3.62514000e-09  1.65845430e+00  1.94154570e+00  2.65868876e+00  2.29192815e+00 
 3.62564000e-09  1.65801110e+00  1.94198890e+00  2.65894518e+00  2.29165874e+00 
 3.62614000e-09  1.65756930e+00  1.94243070e+00  2.65919647e+00  2.29139447e+00 
 3.62664000e-09  1.65712891e+00  1.94287109e+00  2.65944268e+00  2.29113529e+00 
 3.62714000e-09  1.65668993e+00  1.94331007e+00  2.65968388e+00  2.29088115e+00 
 3.62764000e-09  1.65625236e+00  1.94374764e+00  2.65992011e+00  2.29063200e+00 
 3.62814000e-09  1.65581622e+00  1.94418378e+00  2.66015143e+00  2.29038778e+00 
 3.62864000e-09  1.65538149e+00  1.94461851e+00  2.66037790e+00  2.29014844e+00 
 3.62914000e-09  1.65494819e+00  1.94505181e+00  2.66059958e+00  2.28991392e+00 
 3.62964000e-09  1.65451633e+00  1.94548367e+00  2.66081652e+00  2.28968417e+00 
 3.63014000e-09  1.65408590e+00  1.94591410e+00  2.66102879e+00  2.28945913e+00 
 3.63064000e-09  1.65365691e+00  1.94634309e+00  2.66123645e+00  2.28923875e+00 
 3.63114000e-09  1.65322936e+00  1.94677064e+00  2.66143956e+00  2.28902296e+00 
 3.63164000e-09  1.65280327e+00  1.94719673e+00  2.66163819e+00  2.28881170e+00 
 3.63214000e-09  1.65237862e+00  1.94762138e+00  2.66183238e+00  2.28860491e+00 
 3.63264000e-09  1.65195544e+00  1.94804456e+00  2.66202222e+00  2.28840253e+00 
 3.63314000e-09  1.65153371e+00  1.94846629e+00  2.66220777e+00  2.28820451e+00 
 3.63364000e-09  1.65111345e+00  1.94888655e+00  2.66238908e+00  2.28801076e+00 
 3.63414000e-09  1.65069466e+00  1.94930534e+00  2.66256624e+00  2.28782124e+00 
 3.63464000e-09  1.65027734e+00  1.94972266e+00  2.66273929e+00  2.28763588e+00 
 3.63514000e-09  1.64986150e+00  1.95013850e+00  2.66290831e+00  2.28745462e+00 
 3.63564000e-09  1.64944714e+00  1.95055286e+00  2.66307337e+00  2.28727738e+00 
 3.63614000e-09  1.64903427e+00  1.95096573e+00  2.66323453e+00  2.28710411e+00 
 3.63664000e-09  1.64862289e+00  1.95137711e+00  2.66339185e+00  2.28693474e+00 
 3.63714000e-09  1.64821300e+00  1.95178700e+00  2.66354541e+00  2.28676921e+00 
 3.63764000e-09  1.64780461e+00  1.95219539e+00  2.66369527e+00  2.28660745e+00 
 3.63814000e-09  1.64739772e+00  1.95260228e+00  2.66384151e+00  2.28644939e+00 
 3.63864000e-09  1.64699234e+00  1.95300766e+00  2.66398417e+00  2.28629498e+00 
 3.63914000e-09  1.64658847e+00  1.95341153e+00  2.66412334e+00  2.28614414e+00 
 3.63964000e-09  1.64618611e+00  1.95381389e+00  2.66425908e+00  2.28599682e+00 
 3.64014000e-09  1.64578527e+00  1.95421473e+00  2.66439145e+00  2.28585294e+00 
 3.64064000e-09  1.64538595e+00  1.95461405e+00  2.66452051e+00  2.28571244e+00 
 3.64114000e-09  1.64498816e+00  1.95501184e+00  2.66464635e+00  2.28557526e+00 
 3.64164000e-09  1.64459190e+00  1.95540810e+00  2.66476901e+00  2.28544134e+00 
 3.64214000e-09  1.64419717e+00  1.95580283e+00  2.66488857e+00  2.28531061e+00 
 3.64264000e-09  1.64380398e+00  1.95619602e+00  2.66500508e+00  2.28518300e+00 
 3.64314000e-09  1.64341233e+00  1.95658767e+00  2.66511862e+00  2.28505846e+00 
 3.64364000e-09  1.64302223e+00  1.95697777e+00  2.66522924e+00  2.28493693e+00 
 3.64414000e-09  1.64263367e+00  1.95736633e+00  2.66533700e+00  2.28481834e+00 
 3.64464000e-09  1.64224667e+00  1.95775333e+00  2.66544198e+00  2.28470263e+00 
 3.64514000e-09  1.64186123e+00  1.95813877e+00  2.66554422e+00  2.28458974e+00 
 3.64564000e-09  1.64147735e+00  1.95852265e+00  2.66564380e+00  2.28447961e+00 
 3.64614000e-09  1.64109503e+00  1.95890497e+00  2.66574076e+00  2.28437219e+00 
 3.64664000e-09  1.64071428e+00  1.95928572e+00  2.66583517e+00  2.28426741e+00 
 3.64714000e-09  1.64033510e+00  1.95966490e+00  2.66592708e+00  2.28416521e+00 
 3.64764000e-09  1.63995750e+00  1.96004250e+00  2.66601656e+00  2.28406555e+00 
 3.64814000e-09  1.63958148e+00  1.96041852e+00  2.66610366e+00  2.28396835e+00 
 3.64864000e-09  1.63920704e+00  1.96079296e+00  2.66618843e+00  2.28387358e+00 
 3.64914000e-09  1.63883418e+00  1.96116582e+00  2.66627093e+00  2.28378117e+00 
 3.64964000e-09  1.63846292e+00  1.96153708e+00  2.66635122e+00  2.28369107e+00 
 3.65014000e-09  1.63809326e+00  1.96190674e+00  2.66642934e+00  2.28360322e+00 
 3.65064000e-09  1.63772519e+00  1.96227481e+00  2.66650536e+00  2.28351758e+00 
 3.65114000e-09  1.63735872e+00  1.96264128e+00  2.66657931e+00  2.28343409e+00 
 3.65164000e-09  1.63699386e+00  1.96300614e+00  2.66665126e+00  2.28335270e+00 
 3.65214000e-09  1.63663060e+00  1.96336940e+00  2.66672125e+00  2.28327336e+00 
 3.65264000e-09  1.63626896e+00  1.96373104e+00  2.66678933e+00  2.28319603e+00 
 3.65314000e-09  1.63590893e+00  1.96409107e+00  2.66685554e+00  2.28312065e+00 
 3.65364000e-09  1.63555053e+00  1.96444947e+00  2.66691994e+00  2.28304718e+00 
 3.65414000e-09  1.63519375e+00  1.96480625e+00  2.66698258e+00  2.28297557e+00 
 3.65464000e-09  1.63483859e+00  1.96516141e+00  2.66704349e+00  2.28290577e+00 
 3.65514000e-09  1.63448506e+00  1.96551494e+00  2.66710271e+00  2.28283775e+00 
 3.65564000e-09  1.63413317e+00  1.96586683e+00  2.66716031e+00  2.28277146e+00 
 3.65614000e-09  1.63378291e+00  1.96621709e+00  2.66721631e+00  2.28270685e+00 
 3.65664000e-09  1.63343430e+00  1.96656570e+00  2.66727076e+00  2.28264388e+00 
 3.65714000e-09  1.63308733e+00  1.96691267e+00  2.66732370e+00  2.28258252e+00 
 3.65764000e-09  1.63274200e+00  1.96725800e+00  2.66737516e+00  2.28252271e+00 
 3.65814000e-09  1.63239833e+00  1.96760167e+00  2.66742520e+00  2.28246443e+00 
 3.65864000e-09  1.63205631e+00  1.96794369e+00  2.66747384e+00  2.28240763e+00 
 3.65914000e-09  1.63171595e+00  1.96828405e+00  2.66752113e+00  2.28235228e+00 
 3.65964000e-09  1.63137725e+00  1.96862275e+00  2.66756710e+00  2.28229834e+00 
 3.66014000e-09  1.63104021e+00  1.96895979e+00  2.66761178e+00  2.28224577e+00 
 3.66064000e-09  1.63070484e+00  1.96929516e+00  2.66765522e+00  2.28219453e+00 
 3.66114000e-09  1.63037115e+00  1.96962885e+00  2.66769743e+00  2.28214460e+00 
 3.66164000e-09  1.63003912e+00  1.96996088e+00  2.66773847e+00  2.28209594e+00 
 3.66214000e-09  1.62970878e+00  1.97029122e+00  2.66777836e+00  2.28204851e+00 
 3.66264000e-09  1.62938011e+00  1.97061989e+00  2.66781713e+00  2.28200229e+00 
 3.66314000e-09  1.62905313e+00  1.97094687e+00  2.66785482e+00  2.28195725e+00 
 3.66364000e-09  1.62872783e+00  1.97127217e+00  2.66789145e+00  2.28191334e+00 
 3.66414000e-09  1.62840423e+00  1.97159577e+00  2.66792705e+00  2.28187055e+00 
 3.66464000e-09  1.62808232e+00  1.97191768e+00  2.66796166e+00  2.28182884e+00 
 3.66514000e-09  1.62776211e+00  1.97223789e+00  2.66799530e+00  2.28178818e+00 
 3.66564000e-09  1.62744359e+00  1.97255641e+00  2.66802799e+00  2.28174855e+00 
 3.66614000e-09  1.62712678e+00  1.97287322e+00  2.66805977e+00  2.28170992e+00 
 3.66664000e-09  1.62681168e+00  1.97318832e+00  2.66809066e+00  2.28167227e+00 
 3.66714000e-09  1.62649828e+00  1.97350172e+00  2.66812068e+00  2.28163556e+00 
 3.66764000e-09  1.62618660e+00  1.97381340e+00  2.66814986e+00  2.28159977e+00 
 3.66814000e-09  1.62587663e+00  1.97412337e+00  2.66817823e+00  2.28156489e+00 
 3.66864000e-09  1.62556838e+00  1.97443162e+00  2.66820581e+00  2.28153088e+00 
 3.66914000e-09  1.62526186e+00  1.97473814e+00  2.66823261e+00  2.28149772e+00 
 3.66964000e-09  1.62495705e+00  1.97504295e+00  2.66825867e+00  2.28146539e+00 
 3.67014000e-09  1.62465398e+00  1.97534602e+00  2.66828400e+00  2.28143386e+00 
 3.67064000e-09  1.62435263e+00  1.97564737e+00  2.66830863e+00  2.28140313e+00 
 3.67114000e-09  1.62405302e+00  1.97594698e+00  2.66833257e+00  2.28137316e+00 
 3.67164000e-09  1.62375515e+00  1.97624485e+00  2.66835585e+00  2.28134393e+00 
 3.67214000e-09  1.62345901e+00  1.97654099e+00  2.66837849e+00  2.28131543e+00 
 3.67264000e-09  1.62316462e+00  1.97683538e+00  2.66840050e+00  2.28128763e+00 
 3.67314000e-09  1.62287197e+00  1.97712803e+00  2.66842189e+00  2.28126053e+00 
 3.67364000e-09  1.62258107e+00  1.97741893e+00  2.66844270e+00  2.28123409e+00 
 3.67414000e-09  1.62229193e+00  1.97770807e+00  2.66846294e+00  2.28120830e+00 
 3.67464000e-09  1.62200453e+00  1.97799547e+00  2.66848262e+00  2.28118315e+00 
 3.67514000e-09  1.62171889e+00  1.97828111e+00  2.66850176e+00  2.28115862e+00 
 3.67564000e-09  1.62143502e+00  1.97856498e+00  2.66852038e+00  2.28113469e+00 
 3.67614000e-09  1.62115290e+00  1.97884710e+00  2.66853849e+00  2.28111134e+00 
 3.67664000e-09  1.62087255e+00  1.97912745e+00  2.66855611e+00  2.28108857e+00 
 3.67714000e-09  1.62059397e+00  1.97940603e+00  2.66857325e+00  2.28106636e+00 
 3.67764000e-09  1.62031716e+00  1.97968284e+00  2.66858992e+00  2.28104468e+00 
 3.67814000e-09  1.62004212e+00  1.97995788e+00  2.66860615e+00  2.28102354e+00 
 3.67864000e-09  1.61976886e+00  1.98023114e+00  2.66862194e+00  2.28100290e+00 
 3.67914000e-09  1.61949737e+00  1.98050263e+00  2.66863730e+00  2.28098277e+00 
 3.67964000e-09  1.61922767e+00  1.98077233e+00  2.66865225e+00  2.28096313e+00 
 3.68014000e-09  1.61895975e+00  1.98104025e+00  2.66866681e+00  2.28094396e+00 
 3.68064000e-09  1.61869362e+00  1.98130638e+00  2.66868098e+00  2.28092526e+00 
 3.68114000e-09  1.61842928e+00  1.98157072e+00  2.66869477e+00  2.28090701e+00 
 3.68164000e-09  1.61816673e+00  1.98183327e+00  2.66870820e+00  2.28088920e+00 
 3.68214000e-09  1.61790598e+00  1.98209402e+00  2.66872128e+00  2.28087182e+00 
 3.68264000e-09  1.61764702e+00  1.98235298e+00  2.66873401e+00  2.28085486e+00 
 3.68314000e-09  1.61738986e+00  1.98261014e+00  2.66874642e+00  2.28083831e+00 
 3.68364000e-09  1.61713450e+00  1.98286550e+00  2.66875850e+00  2.28082215e+00 
 3.68414000e-09  1.61688095e+00  1.98311905e+00  2.66877027e+00  2.28080639e+00 
 3.68464000e-09  1.61662921e+00  1.98337079e+00  2.66878174e+00  2.28079100e+00 
 3.68514000e-09  1.61637928e+00  1.98362072e+00  2.66879291e+00  2.28077598e+00 
 3.68564000e-09  1.61613115e+00  1.98386885e+00  2.66880381e+00  2.28076133e+00 
 3.68614000e-09  1.61588485e+00  1.98411515e+00  2.66881442e+00  2.28074702e+00 
 3.68664000e-09  1.61564036e+00  1.98435964e+00  2.66882477e+00  2.28073306e+00 
 3.68714000e-09  1.61539769e+00  1.98460231e+00  2.66883486e+00  2.28071943e+00 
 3.68764000e-09  1.61515684e+00  1.98484316e+00  2.66884470e+00  2.28070613e+00 
 3.68814000e-09  1.61491782e+00  1.98508218e+00  2.66885430e+00  2.28069315e+00 
 3.68864000e-09  1.61468062e+00  1.98531938e+00  2.66886366e+00  2.28068048e+00 
 3.68914000e-09  1.61444525e+00  1.98555475e+00  2.66887280e+00  2.28066811e+00 
 3.68964000e-09  1.61421171e+00  1.98578829e+00  2.66888171e+00  2.28065604e+00 
 3.69014000e-09  1.61398001e+00  1.98601999e+00  2.66889041e+00  2.28064426e+00 
 3.69064000e-09  1.61375014e+00  1.98624986e+00  2.66889890e+00  2.28063277e+00 
 3.69114000e-09  1.61352211e+00  1.98647789e+00  2.66890719e+00  2.28062155e+00 
 3.69164000e-09  1.61329593e+00  1.98670407e+00  2.66891528e+00  2.28061060e+00 
 3.69214000e-09  1.61307158e+00  1.98692842e+00  2.66892319e+00  2.28059991e+00 
 3.69264000e-09  1.61284908e+00  1.98715092e+00  2.66893091e+00  2.28058949e+00 
 3.69314000e-09  1.61262843e+00  1.98737157e+00  2.66893846e+00  2.28057931e+00 
 3.69364000e-09  1.61240962e+00  1.98759038e+00  2.66894583e+00  2.28056938e+00 
 3.69414000e-09  1.61219267e+00  1.98780733e+00  2.66895304e+00  2.28055969e+00 
 3.69464000e-09  1.61197757e+00  1.98802243e+00  2.66896008e+00  2.28055024e+00 
 3.69514000e-09  1.61176433e+00  1.98823567e+00  2.66896697e+00  2.28054101e+00 
 3.69564000e-09  1.61155294e+00  1.98844706e+00  2.66897371e+00  2.28053201e+00 
 3.69614000e-09  1.61134341e+00  1.98865659e+00  2.66898030e+00  2.28052323e+00 
 3.69664000e-09  1.61113575e+00  1.98886425e+00  2.66898674e+00  2.28051466e+00 
 3.69714000e-09  1.61092995e+00  1.98907005e+00  2.66899305e+00  2.28050630e+00 
 3.69764000e-09  1.61072601e+00  1.98927399e+00  2.66899923e+00  2.28049815e+00 
 3.69814000e-09  1.61052395e+00  1.98947605e+00  2.66900528e+00  2.28049020e+00 
 3.69864000e-09  1.61032375e+00  1.98967625e+00  2.66901120e+00  2.28048244e+00 
 3.69914000e-09  1.61012543e+00  1.98987457e+00  2.66901700e+00  2.28047487e+00 
 3.69964000e-09  1.60992898e+00  1.99007102e+00  2.66902268e+00  2.28046749e+00 
 3.70014000e-09  1.60973441e+00  1.99026559e+00  2.66902824e+00  2.28046030e+00 
 3.70064000e-09  1.60954171e+00  1.99045829e+00  2.66903370e+00  2.28045328e+00 
 3.70114000e-09  1.60935089e+00  1.99064911e+00  2.66903904e+00  2.28044643e+00 
 3.70164000e-09  1.60916196e+00  1.99083804e+00  2.66904428e+00  2.28043976e+00 
 3.70214000e-09  1.60897491e+00  1.99102509e+00  2.66904942e+00  2.28043326e+00 
 3.70264000e-09  1.60878974e+00  1.99121026e+00  2.66905446e+00  2.28042691e+00 
 3.70314000e-09  1.60860646e+00  1.99139354e+00  2.66905941e+00  2.28042073e+00 
 3.70364000e-09  1.60842507e+00  1.99157493e+00  2.66906426e+00  2.28041470e+00 
 3.70414000e-09  1.60824557e+00  1.99175443e+00  2.66906903e+00  2.28040883e+00 
 3.70464000e-09  1.60806797e+00  1.99193203e+00  2.66907370e+00  2.28040310e+00 
 3.70514000e-09  1.60789225e+00  1.99210775e+00  2.66907829e+00  2.28039753e+00 
 3.70564000e-09  1.60771844e+00  1.99228156e+00  2.66908280e+00  2.28039209e+00 
 3.70614000e-09  1.60754652e+00  1.99245348e+00  2.66908723e+00  2.28038679e+00 
 3.70664000e-09  1.60737650e+00  1.99262350e+00  2.66909158e+00  2.28038163e+00 
 3.70714000e-09  1.60720838e+00  1.99279162e+00  2.66909585e+00  2.28037661e+00 
 3.70764000e-09  1.60704217e+00  1.99295783e+00  2.66910005e+00  2.28037172e+00 
 3.70814000e-09  1.60687786e+00  1.99312214e+00  2.66910418e+00  2.28036695e+00 
 3.70864000e-09  1.60671545e+00  1.99328455e+00  2.66910824e+00  2.28036231e+00 
 3.70914000e-09  1.60655496e+00  1.99344504e+00  2.66911223e+00  2.28035779e+00 
 3.70964000e-09  1.60639637e+00  1.99360363e+00  2.66911616e+00  2.28035340e+00 
 3.71014000e-09  1.60623969e+00  1.99376031e+00  2.66912002e+00  2.28034912e+00 
 3.71064000e-09  1.60608493e+00  1.99391507e+00  2.66912382e+00  2.28034495e+00 
 3.71114000e-09  1.60593208e+00  1.99406792e+00  2.66912756e+00  2.28034091e+00 
 3.71164000e-09  1.60578114e+00  1.99421886e+00  2.66913125e+00  2.28033697e+00 
 3.71214000e-09  1.60563212e+00  1.99436788e+00  2.66913487e+00  2.28033314e+00 
 3.71264000e-09  1.60548502e+00  1.99451498e+00  2.66913844e+00  2.28032942e+00 
 3.71314000e-09  1.60533984e+00  1.99466016e+00  2.66914196e+00  2.28032580e+00 
 3.71364000e-09  1.60519658e+00  1.99480342e+00  2.66914543e+00  2.28032229e+00 
 3.71414000e-09  1.60505525e+00  1.99494475e+00  2.66914884e+00  2.28031888e+00 
 3.71464000e-09  1.60491583e+00  1.99508417e+00  2.66915221e+00  2.28031557e+00 
 3.71514000e-09  1.60477835e+00  1.99522165e+00  2.66915553e+00  2.28031236e+00 
 3.71564000e-09  1.60464278e+00  1.99535722e+00  2.66915880e+00  2.28030924e+00 
 3.71614000e-09  1.60450915e+00  1.99549085e+00  2.66916203e+00  2.28030623e+00 
 3.71664000e-09  1.60437745e+00  1.99562255e+00  2.66916522e+00  2.28030330e+00 
 3.71714000e-09  1.60424768e+00  1.99575232e+00  2.66916836e+00  2.28030047e+00 
 3.71764000e-09  1.60411984e+00  1.99588016e+00  2.66917147e+00  2.28029773e+00 
 3.71814000e-09  1.60399393e+00  1.99600607e+00  2.66917453e+00  2.28029507e+00 
 3.71864000e-09  1.60386996e+00  1.99613004e+00  2.66917756e+00  2.28029251e+00 
 3.71914000e-09  1.60374792e+00  1.99625208e+00  2.66918055e+00  2.28029003e+00 
 3.71964000e-09  1.60362782e+00  1.99637218e+00  2.66918351e+00  2.28028765e+00 
 3.72014000e-09  1.60350966e+00  1.99649034e+00  2.66918643e+00  2.28028534e+00 
 3.72064000e-09  1.60339344e+00  1.99660656e+00  2.66918931e+00  2.28028312e+00 
 3.72114000e-09  1.60327916e+00  1.99672084e+00  2.66919217e+00  2.28028099e+00 
 3.72164000e-09  1.60316682e+00  1.99683318e+00  2.66919500e+00  2.28027893e+00 
 3.72214000e-09  1.60305642e+00  1.99694358e+00  2.66919779e+00  2.28027696e+00 
 3.72264000e-09  1.60294796e+00  1.99705204e+00  2.66920056e+00  2.28027507e+00 
 3.72314000e-09  1.60284145e+00  1.99715855e+00  2.66920330e+00  2.28027326e+00 
 3.72364000e-09  1.60273689e+00  1.99726311e+00  2.66920601e+00  2.28027153e+00 
 3.72414000e-09  1.60263427e+00  1.99736573e+00  2.66920870e+00  2.28026988e+00 
 3.72464000e-09  1.60253361e+00  1.99746639e+00  2.66921137e+00  2.28026830e+00 
 3.72514000e-09  1.60243489e+00  1.99756511e+00  2.66921401e+00  2.28026680e+00 
 3.72564000e-09  1.60233812e+00  1.99766188e+00  2.66921663e+00  2.28026538e+00 
 3.72614000e-09  1.60224330e+00  1.99775670e+00  2.66921922e+00  2.28026403e+00 
 3.72664000e-09  1.60215043e+00  1.99784957e+00  2.66922180e+00  2.28026276e+00 
 3.72714000e-09  1.60205952e+00  1.99794048e+00  2.66922436e+00  2.28026157e+00 
 3.72764000e-09  1.60197056e+00  1.99802944e+00  2.66922690e+00  2.28026044e+00 
 3.72814000e-09  1.60188355e+00  1.99811645e+00  2.66922942e+00  2.28025939e+00 
 3.72864000e-09  1.60179850e+00  1.99820150e+00  2.66923192e+00  2.28025842e+00 
 3.72914000e-09  1.60171540e+00  1.99828460e+00  2.66923441e+00  2.28025752e+00 
 3.72964000e-09  1.60163427e+00  1.99836573e+00  2.66923688e+00  2.28025668e+00 
 3.73014000e-09  1.60155509e+00  1.99844491e+00  2.66923934e+00  2.28025592e+00 
 3.73064000e-09  1.60147787e+00  1.99852213e+00  2.66924178e+00  2.28025524e+00 
 3.73114000e-09  1.60140260e+00  1.99859740e+00  2.66924421e+00  2.28025462e+00 
 3.73164000e-09  1.60132930e+00  1.99867070e+00  2.66924663e+00  2.28025407e+00 
 3.73214000e-09  1.60125796e+00  1.99874204e+00  2.66924904e+00  2.28025359e+00 
 3.73264000e-09  1.60118858e+00  1.99881142e+00  2.66925143e+00  2.28025318e+00 
 3.73314000e-09  1.60112116e+00  1.99887884e+00  2.66925382e+00  2.28025284e+00 
 3.73364000e-09  1.60105571e+00  1.99894429e+00  2.66925619e+00  2.28025257e+00 
 3.73414000e-09  1.60099222e+00  1.99900778e+00  2.66925856e+00  2.28025237e+00 
 3.73464000e-09  1.60093069e+00  1.99906931e+00  2.66926092e+00  2.28025223e+00 
 3.73514000e-09  1.60087113e+00  1.99912887e+00  2.66926327e+00  2.28025217e+00 
 3.73564000e-09  1.60081353e+00  1.99918647e+00  2.66926561e+00  2.28025217e+00 
 3.73614000e-09  1.60075790e+00  1.99924210e+00  2.66926794e+00  2.28025223e+00 
 3.73664000e-09  1.60070424e+00  1.99929576e+00  2.66927027e+00  2.28025237e+00 
 3.73714000e-09  1.60065254e+00  1.99934746e+00  2.66927260e+00  2.28025256e+00 
 3.73764000e-09  1.60060281e+00  1.99939719e+00  2.66927491e+00  2.28025283e+00 
 3.73814000e-09  1.60055504e+00  1.99944496e+00  2.66927723e+00  2.28025316e+00 
 3.73864000e-09  1.60050925e+00  1.99949075e+00  2.66927954e+00  2.28025356e+00 
 3.73914000e-09  1.60046543e+00  1.99953457e+00  2.66928184e+00  2.28025402e+00 
 3.73964000e-09  1.60042357e+00  1.99957643e+00  2.66928414e+00  2.28025454e+00 
 3.74014000e-09  1.60038368e+00  1.99961632e+00  2.66928644e+00  2.28025513e+00 
 3.74064000e-09  1.60034577e+00  1.99965423e+00  2.66928874e+00  2.28025579e+00 
 3.74114000e-09  1.60030982e+00  1.99969018e+00  2.66929103e+00  2.28025651e+00 
 3.74164000e-09  1.60027585e+00  1.99972415e+00  2.66929332e+00  2.28025729e+00 
 3.74214000e-09  1.60024385e+00  1.99975615e+00  2.66929561e+00  2.28025813e+00 
 3.74264000e-09  1.60021381e+00  1.99978619e+00  2.66929790e+00  2.28025904e+00 
 3.74314000e-09  1.60018576e+00  1.99981424e+00  2.66930018e+00  2.28026001e+00 
 3.74364000e-09  1.60015967e+00  1.99984033e+00  2.66930247e+00  2.28026105e+00 
 3.74414000e-09  1.60013555e+00  1.99986445e+00  2.66930475e+00  2.28026214e+00 
 3.74464000e-09  1.60011341e+00  1.99988659e+00  2.66930704e+00  2.28026330e+00 
 3.74514000e-09  1.60009324e+00  1.99990676e+00  2.66930933e+00  2.28026452e+00 
 3.74564000e-09  1.60007504e+00  1.99992496e+00  2.66931161e+00  2.28026581e+00 
 3.74614000e-09  1.60005882e+00  1.99994118e+00  2.66931390e+00  2.28026715e+00 
 3.74664000e-09  1.60004457e+00  1.99995543e+00  2.66931618e+00  2.28026856e+00 
 3.74714000e-09  1.60003229e+00  1.99996771e+00  2.66931847e+00  2.28027003e+00 
 3.74764000e-09  1.60002199e+00  1.99997801e+00  2.66932076e+00  2.28027156e+00 
 3.74814000e-09  1.60001366e+00  1.99998634e+00  2.66932305e+00  2.28027315e+00 
 3.74864000e-09  1.60000730e+00  1.99999270e+00  2.66932534e+00  2.28027480e+00 
 3.74914000e-09  1.60000292e+00  1.99999708e+00  2.66932764e+00  2.28027651e+00 
 3.74964000e-09  1.60000051e+00  1.99999949e+00  2.66932993e+00  2.28027828e+00 
 3.75014000e-09  1.60000008e+00  1.99999992e+00  2.66933223e+00  2.28028012e+00 
 3.75064000e-09  1.60000162e+00  1.99999838e+00  2.66933453e+00  2.28028201e+00 
 3.75114000e-09  1.60000513e+00  1.99999487e+00  2.66933683e+00  2.28028396e+00 
 3.75164000e-09  1.60001062e+00  1.99998938e+00  2.66933914e+00  2.28028598e+00 
 3.75214000e-09  1.60001808e+00  1.99998192e+00  2.66934144e+00  2.28028805e+00 
 3.75264000e-09  1.60002751e+00  1.99997249e+00  2.66934375e+00  2.28029018e+00 
 3.75314000e-09  1.60003892e+00  1.99996108e+00  2.66934606e+00  2.28029238e+00 
 3.75364000e-09  1.60005231e+00  1.99994769e+00  2.66934838e+00  2.28029463e+00 
 3.75414000e-09  1.60006766e+00  1.99993234e+00  2.66935070e+00  2.28029694e+00 
 3.75464000e-09  1.60008499e+00  1.99991501e+00  2.66935302e+00  2.28029932e+00 
 3.75514000e-09  1.60010429e+00  1.99989571e+00  2.66935534e+00  2.28030175e+00 
 3.75564000e-09  1.60012557e+00  1.99987443e+00  2.66935767e+00  2.28030424e+00 
 3.75614000e-09  1.60014881e+00  1.99985119e+00  2.66936000e+00  2.28030679e+00 
 3.75664000e-09  1.60017403e+00  1.99982597e+00  2.66936233e+00  2.28030941e+00 
 3.75714000e-09  1.60020123e+00  1.99979877e+00  2.66936466e+00  2.28031208e+00 
 3.75764000e-09  1.60023039e+00  1.99976961e+00  2.66936700e+00  2.28031481e+00 
 3.75814000e-09  1.60026153e+00  1.99973847e+00  2.66936934e+00  2.28031760e+00 
 3.75864000e-09  1.60029463e+00  1.99970537e+00  2.66937169e+00  2.28032045e+00 
 3.75914000e-09  1.60032971e+00  1.99967029e+00  2.66937403e+00  2.28032335e+00 
 3.75964000e-09  1.60036676e+00  1.99963324e+00  2.66937638e+00  2.28032632e+00 
 3.76014000e-09  1.60040578e+00  1.99959422e+00  2.66937874e+00  2.28032935e+00 
 3.76064000e-09  1.60044677e+00  1.99955323e+00  2.66938109e+00  2.28033244e+00 
 3.76114000e-09  1.60048973e+00  1.99951027e+00  2.66938345e+00  2.28033558e+00 
 3.76164000e-09  1.60053465e+00  1.99946535e+00  2.66938581e+00  2.28033879e+00 
 3.76214000e-09  1.60058155e+00  1.99941845e+00  2.66938817e+00  2.28034206e+00 
 3.76264000e-09  1.60063041e+00  1.99936959e+00  2.66939054e+00  2.28034538e+00 
 3.76314000e-09  1.60068125e+00  1.99931875e+00  2.66939291e+00  2.28034877e+00 
 3.76364000e-09  1.60073404e+00  1.99926596e+00  2.66939528e+00  2.28035221e+00 
 3.76414000e-09  1.60078881e+00  1.99921119e+00  2.66939765e+00  2.28035572e+00 
 3.76464000e-09  1.60084554e+00  1.99915446e+00  2.66940003e+00  2.28035928e+00 
 3.76514000e-09  1.60090424e+00  1.99909576e+00  2.66940240e+00  2.28036291e+00 
 3.76564000e-09  1.60096490e+00  1.99903510e+00  2.66940478e+00  2.28036660e+00 
 3.76614000e-09  1.60102753e+00  1.99897247e+00  2.66940716e+00  2.28037034e+00 
 3.76664000e-09  1.60109212e+00  1.99890788e+00  2.66940954e+00  2.28037415e+00 
 3.76714000e-09  1.60115867e+00  1.99884133e+00  2.66941192e+00  2.28037802e+00 
 3.76764000e-09  1.60122719e+00  1.99877281e+00  2.66941431e+00  2.28038195e+00 
 3.76814000e-09  1.60129767e+00  1.99870233e+00  2.66941669e+00  2.28038594e+00 
 3.76864000e-09  1.60137011e+00  1.99862989e+00  2.66941908e+00  2.28038999e+00 
 3.76914000e-09  1.60144451e+00  1.99855549e+00  2.66942146e+00  2.28039410e+00 
 3.76964000e-09  1.60152087e+00  1.99847913e+00  2.66942385e+00  2.28039827e+00 
 3.77014000e-09  1.60159919e+00  1.99840081e+00  2.66942623e+00  2.28040251e+00 
 3.77064000e-09  1.60167946e+00  1.99832054e+00  2.66942862e+00  2.28040681e+00 
 3.77114000e-09  1.60176170e+00  1.99823830e+00  2.66943100e+00  2.28041117e+00 
 3.77164000e-09  1.60184589e+00  1.99815411e+00  2.66943339e+00  2.28041559e+00 
 3.77214000e-09  1.60193203e+00  1.99806797e+00  2.66943577e+00  2.28042008e+00 
 3.77264000e-09  1.60202013e+00  1.99797987e+00  2.66943815e+00  2.28042462e+00 
 3.77314000e-09  1.60211019e+00  1.99788981e+00  2.66944053e+00  2.28042923e+00 
 3.77364000e-09  1.60220220e+00  1.99779780e+00  2.66944291e+00  2.28043391e+00 
 3.77414000e-09  1.60229616e+00  1.99770384e+00  2.66944528e+00  2.28043865e+00 
 3.77464000e-09  1.60239207e+00  1.99760793e+00  2.66944765e+00  2.28044345e+00 
 3.77514000e-09  1.60248993e+00  1.99751007e+00  2.66945002e+00  2.28044832e+00 
 3.77564000e-09  1.60258974e+00  1.99741026e+00  2.66945239e+00  2.28045325e+00 
 3.77614000e-09  1.60269150e+00  1.99730850e+00  2.66945475e+00  2.28045825e+00 
 3.77664000e-09  1.60279521e+00  1.99720479e+00  2.66945710e+00  2.28046331e+00 
 3.77714000e-09  1.60290086e+00  1.99709914e+00  2.66945946e+00  2.28046844e+00 
 3.77764000e-09  1.60300846e+00  1.99699154e+00  2.66946180e+00  2.28047363e+00 
 3.77814000e-09  1.60311800e+00  1.99688200e+00  2.66946414e+00  2.28047889e+00 
 3.77864000e-09  1.60322949e+00  1.99677051e+00  2.66946648e+00  2.28048422e+00 
 3.77914000e-09  1.60334291e+00  1.99665709e+00  2.66946881e+00  2.28048961e+00 
 3.77964000e-09  1.60345828e+00  1.99654172e+00  2.66947113e+00  2.28049508e+00 
 3.78014000e-09  1.60357559e+00  1.99642441e+00  2.66947344e+00  2.28050061e+00 
 3.78064000e-09  1.60369484e+00  1.99630516e+00  2.66947575e+00  2.28050621e+00 
 3.78114000e-09  1.60381602e+00  1.99618398e+00  2.66947805e+00  2.28051187e+00 
 3.78164000e-09  1.60393914e+00  1.99606086e+00  2.66948033e+00  2.28051761e+00 
 3.78214000e-09  1.60406420e+00  1.99593580e+00  2.66948261e+00  2.28052342e+00 
 3.78264000e-09  1.60419119e+00  1.99580881e+00  2.66948488e+00  2.28052930e+00 
 3.78314000e-09  1.60432011e+00  1.99567989e+00  2.66948714e+00  2.28053525e+00 
 3.78364000e-09  1.60445097e+00  1.99554903e+00  2.66948938e+00  2.28054127e+00 
 3.78414000e-09  1.60458375e+00  1.99541625e+00  2.66949161e+00  2.28054737e+00 
 3.78464000e-09  1.60471846e+00  1.99528154e+00  2.66949383e+00  2.28055354e+00 
 3.78514000e-09  1.60485510e+00  1.99514490e+00  2.66949604e+00  2.28055978e+00 
 3.78564000e-09  1.60499367e+00  1.99500633e+00  2.66949823e+00  2.28056609e+00 
 3.78614000e-09  1.60513416e+00  1.99486584e+00  2.66950041e+00  2.28057249e+00 
 3.78664000e-09  1.60527657e+00  1.99472343e+00  2.66950257e+00  2.28057895e+00 
 3.78714000e-09  1.60542091e+00  1.99457909e+00  2.66950471e+00  2.28058550e+00 
 3.78764000e-09  1.60556716e+00  1.99443284e+00  2.66950684e+00  2.28059212e+00 
 3.78814000e-09  1.60571534e+00  1.99428466e+00  2.66950894e+00  2.28059881e+00 
 3.78864000e-09  1.60586543e+00  1.99413457e+00  2.66951103e+00  2.28060559e+00 
 3.78914000e-09  1.60601744e+00  1.99398256e+00  2.66951310e+00  2.28061245e+00 
 3.78964000e-09  1.60617136e+00  1.99382864e+00  2.66951515e+00  2.28061938e+00 
 3.79014000e-09  1.60632719e+00  1.99367281e+00  2.66951717e+00  2.28062640e+00 
 3.79064000e-09  1.60648494e+00  1.99351506e+00  2.66951917e+00  2.28063350e+00 
 3.79114000e-09  1.60664460e+00  1.99335540e+00  2.66952115e+00  2.28064068e+00 
 3.79164000e-09  1.60680616e+00  1.99319384e+00  2.66952310e+00  2.28064795e+00 
 3.79214000e-09  1.60696964e+00  1.99303036e+00  2.66952503e+00  2.28065530e+00 
 3.79264000e-09  1.60713501e+00  1.99286499e+00  2.66952693e+00  2.28066273e+00 
 3.79314000e-09  1.60730229e+00  1.99269771e+00  2.66952880e+00  2.28067026e+00 
 3.79364000e-09  1.60747148e+00  1.99252852e+00  2.66953064e+00  2.28067787e+00 
 3.79414000e-09  1.60764256e+00  1.99235744e+00  2.66953245e+00  2.28068557e+00 
 3.79464000e-09  1.60781554e+00  1.99218446e+00  2.66953423e+00  2.28069336e+00 
 3.79514000e-09  1.60799042e+00  1.99200958e+00  2.66953598e+00  2.28070124e+00 
 3.79564000e-09  1.60816719e+00  1.99183281e+00  2.66953769e+00  2.28070921e+00 
 3.79614000e-09  1.60834586e+00  1.99165414e+00  2.66953936e+00  2.28071728e+00 
 3.79664000e-09  1.60852642e+00  1.99147358e+00  2.66954100e+00  2.28072544e+00 
 3.79714000e-09  1.60870887e+00  1.99129113e+00  2.66954260e+00  2.28073370e+00 
 3.79764000e-09  1.60889320e+00  1.99110680e+00  2.66954416e+00  2.28074206e+00 
 3.79814000e-09  1.60907942e+00  1.99092058e+00  2.66954567e+00  2.28075051e+00 
 3.79864000e-09  1.60926753e+00  1.99073247e+00  2.66954714e+00  2.28075907e+00 
 3.79914000e-09  1.60945752e+00  1.99054248e+00  2.66954857e+00  2.28076773e+00 
 3.79964000e-09  1.60964939e+00  1.99035061e+00  2.66954995e+00  2.28077649e+00 
 3.80014000e-09  1.60984314e+00  1.99015686e+00  2.66955129e+00  2.28078535e+00 
 3.80064000e-09  1.61003876e+00  1.98996124e+00  2.66955257e+00  2.28079433e+00 
 3.80114000e-09  1.61023626e+00  1.98976374e+00  2.66955380e+00  2.28080341e+00 
 3.80164000e-09  1.61043563e+00  1.98956437e+00  2.66955498e+00  2.28081260e+00 
 3.80214000e-09  1.61063688e+00  1.98936312e+00  2.66955610e+00  2.28082190e+00 
 3.80264000e-09  1.61083999e+00  1.98916001e+00  2.66955716e+00  2.28083131e+00 
 3.80314000e-09  1.61104497e+00  1.98895503e+00  2.66955817e+00  2.28084084e+00 
 3.80364000e-09  1.61125181e+00  1.98874819e+00  2.66955911e+00  2.28085049e+00 
 3.80414000e-09  1.61146052e+00  1.98853948e+00  2.66955999e+00  2.28086026e+00 
 3.80464000e-09  1.61167109e+00  1.98832891e+00  2.66956080e+00  2.28087015e+00 
 3.80514000e-09  1.61188351e+00  1.98811649e+00  2.66956154e+00  2.28088016e+00 
 3.80564000e-09  1.61209780e+00  1.98790220e+00  2.66956221e+00  2.28089029e+00 
 3.80614000e-09  1.61231393e+00  1.98768607e+00  2.66956281e+00  2.28090056e+00 
 3.80664000e-09  1.61253192e+00  1.98746808e+00  2.66956333e+00  2.28091095e+00 
 3.80714000e-09  1.61275176e+00  1.98724824e+00  2.66956377e+00  2.28092148e+00 
 3.80764000e-09  1.61297345e+00  1.98702655e+00  2.66956414e+00  2.28093214e+00 
 3.80814000e-09  1.61319699e+00  1.98680301e+00  2.66956442e+00  2.28094294e+00 
 3.80864000e-09  1.61342237e+00  1.98657763e+00  2.66956461e+00  2.28095388e+00 
 3.80914000e-09  1.61364958e+00  1.98635042e+00  2.66956471e+00  2.28096497e+00 
 3.80964000e-09  1.61387864e+00  1.98612136e+00  2.66956472e+00  2.28097620e+00 
 3.81014000e-09  1.61410954e+00  1.98589046e+00  2.66956463e+00  2.28098757e+00 
 3.81064000e-09  1.61434227e+00  1.98565773e+00  2.66956444e+00  2.28099910e+00 
 3.81114000e-09  1.61457683e+00  1.98542317e+00  2.66956415e+00  2.28101078e+00 
 3.81164000e-09  1.61481322e+00  1.98518678e+00  2.66956376e+00  2.28102262e+00 
 3.81214000e-09  1.61505144e+00  1.98494856e+00  2.66956326e+00  2.28103463e+00 
 3.81264000e-09  1.61529149e+00  1.98470851e+00  2.66956264e+00  2.28104679e+00 
 3.81314000e-09  1.61553336e+00  1.98446664e+00  2.66956190e+00  2.28105912e+00 
 3.81364000e-09  1.61577705e+00  1.98422295e+00  2.66956105e+00  2.28107163e+00 
 3.81414000e-09  1.61602256e+00  1.98397744e+00  2.66956007e+00  2.28108431e+00 
 3.81464000e-09  1.61626988e+00  1.98373012e+00  2.66955896e+00  2.28109716e+00 
 3.81514000e-09  1.61651902e+00  1.98348098e+00  2.66955772e+00  2.28111020e+00 
 3.81564000e-09  1.61676996e+00  1.98323004e+00  2.66955635e+00  2.28112343e+00 
 3.81614000e-09  1.61702272e+00  1.98297728e+00  2.66955483e+00  2.28113684e+00 
 3.81664000e-09  1.61727728e+00  1.98272272e+00  2.66955316e+00  2.28115045e+00 
 3.81714000e-09  1.61753365e+00  1.98246635e+00  2.66955135e+00  2.28116426e+00 
 3.81764000e-09  1.61779181e+00  1.98220819e+00  2.66954937e+00  2.28117828e+00 
 3.81814000e-09  1.61805178e+00  1.98194822e+00  2.66954724e+00  2.28119250e+00 
 3.81864000e-09  1.61831354e+00  1.98168646e+00  2.66954494e+00  2.28120694e+00 
 3.81914000e-09  1.61857709e+00  1.98142291e+00  2.66954247e+00  2.28122159e+00 
 3.81964000e-09  1.61884243e+00  1.98115757e+00  2.66953982e+00  2.28123647e+00 
 3.82014000e-09  1.61910957e+00  1.98089043e+00  2.66953699e+00  2.28125157e+00 
 3.82064000e-09  1.61937848e+00  1.98062152e+00  2.66953397e+00  2.28126691e+00 
 3.82114000e-09  1.61964918e+00  1.98035082e+00  2.66953076e+00  2.28128249e+00 
 3.82164000e-09  1.61992166e+00  1.98007834e+00  2.66952735e+00  2.28129831e+00 
 3.82214000e-09  1.62019592e+00  1.97980408e+00  2.66952372e+00  2.28131439e+00 
 3.82264000e-09  1.62047195e+00  1.97952805e+00  2.66951989e+00  2.28133072e+00 
 3.82314000e-09  1.62074976e+00  1.97925024e+00  2.66951583e+00  2.28134732e+00 
 3.82364000e-09  1.62102933e+00  1.97897067e+00  2.66951155e+00  2.28136418e+00 
 3.82414000e-09  1.62131067e+00  1.97868933e+00  2.66950703e+00  2.28138133e+00 
 3.82464000e-09  1.62159377e+00  1.97840623e+00  2.66950226e+00  2.28139876e+00 
 3.82514000e-09  1.62187863e+00  1.97812137e+00  2.66949725e+00  2.28141648e+00 
 3.82564000e-09  1.62216526e+00  1.97783474e+00  2.66949198e+00  2.28143449e+00 
 3.82614000e-09  1.62245363e+00  1.97754637e+00  2.66948644e+00  2.28145282e+00 
 3.82664000e-09  1.62274376e+00  1.97725624e+00  2.66948063e+00  2.28147146e+00 
 3.82714000e-09  1.62303564e+00  1.97696436e+00  2.66947453e+00  2.28149042e+00 
 3.82764000e-09  1.62332926e+00  1.97667074e+00  2.66946814e+00  2.28150971e+00 
 3.82814000e-09  1.62362463e+00  1.97637537e+00  2.66946145e+00  2.28152934e+00 
 3.82864000e-09  1.62392174e+00  1.97607826e+00  2.66945445e+00  2.28154932e+00 
 3.82914000e-09  1.62422059e+00  1.97577941e+00  2.66944712e+00  2.28156966e+00 
 3.82964000e-09  1.62452117e+00  1.97547883e+00  2.66943946e+00  2.28159037e+00 
 3.83014000e-09  1.62482349e+00  1.97517651e+00  2.66943146e+00  2.28161145e+00 
 3.83064000e-09  1.62512753e+00  1.97487247e+00  2.66942311e+00  2.28163292e+00 
 3.83114000e-09  1.62543330e+00  1.97456670e+00  2.66941439e+00  2.28165478e+00 
 3.83164000e-09  1.62574079e+00  1.97425921e+00  2.66940530e+00  2.28167706e+00 
 3.83214000e-09  1.62605000e+00  1.97395000e+00  2.66939582e+00  2.28169975e+00 
 3.83264000e-09  1.62636093e+00  1.97363907e+00  2.66938594e+00  2.28172287e+00 
 3.83314000e-09  1.62667357e+00  1.97332643e+00  2.66937564e+00  2.28174644e+00 
 3.83364000e-09  1.62698793e+00  1.97301207e+00  2.66936492e+00  2.28177046e+00 
 3.83414000e-09  1.62730399e+00  1.97269601e+00  2.66935377e+00  2.28179494e+00 
 3.83464000e-09  1.62762175e+00  1.97237825e+00  2.66934215e+00  2.28181991e+00 
 3.83514000e-09  1.62794122e+00  1.97205878e+00  2.66933008e+00  2.28184537e+00 
 3.83564000e-09  1.62826238e+00  1.97173762e+00  2.66931752e+00  2.28187133e+00 
 3.83614000e-09  1.62858524e+00  1.97141476e+00  2.66930446e+00  2.28189782e+00 
 3.83664000e-09  1.62890979e+00  1.97109021e+00  2.66929089e+00  2.28192484e+00 
 3.83714000e-09  1.62923603e+00  1.97076397e+00  2.66927680e+00  2.28195241e+00 
 3.83764000e-09  1.62956396e+00  1.97043604e+00  2.66926216e+00  2.28198055e+00 
 3.83814000e-09  1.62989356e+00  1.97010644e+00  2.66924696e+00  2.28200926e+00 
 3.83864000e-09  1.63022485e+00  1.96977515e+00  2.66923117e+00  2.28203858e+00 
 3.83914000e-09  1.63055781e+00  1.96944219e+00  2.66921480e+00  2.28206851e+00 
 3.83964000e-09  1.63089244e+00  1.96910756e+00  2.66919780e+00  2.28209907e+00 
 3.84014000e-09  1.63122875e+00  1.96877125e+00  2.66918017e+00  2.28213028e+00 
 3.84064000e-09  1.63156672e+00  1.96843328e+00  2.66916189e+00  2.28216216e+00 
 3.84114000e-09  1.63190635e+00  1.96809365e+00  2.66914293e+00  2.28219473e+00 
 3.84164000e-09  1.63224764e+00  1.96775236e+00  2.66912328e+00  2.28222801e+00 
 3.84214000e-09  1.63259058e+00  1.96740942e+00  2.66910291e+00  2.28226201e+00 
 3.84264000e-09  1.63293518e+00  1.96706482e+00  2.66908180e+00  2.28229675e+00 
 3.84314000e-09  1.63328143e+00  1.96671857e+00  2.66905992e+00  2.28233227e+00 
 3.84364000e-09  1.63362932e+00  1.96637068e+00  2.66903727e+00  2.28236858e+00 
 3.84414000e-09  1.63397886e+00  1.96602114e+00  2.66901380e+00  2.28240570e+00 
 3.84464000e-09  1.63433003e+00  1.96566997e+00  2.66898950e+00  2.28244365e+00 
 3.84514000e-09  1.63468284e+00  1.96531716e+00  2.66896435e+00  2.28248247e+00 
 3.84564000e-09  1.63503728e+00  1.96496272e+00  2.66893830e+00  2.28252217e+00 
 3.84614000e-09  1.63539334e+00  1.96460666e+00  2.66891135e+00  2.28256277e+00 
 3.84664000e-09  1.63575104e+00  1.96424896e+00  2.66888346e+00  2.28260432e+00 
 3.84714000e-09  1.63611035e+00  1.96388965e+00  2.66885459e+00  2.28264682e+00 
 3.84764000e-09  1.63647128e+00  1.96352872e+00  2.66882474e+00  2.28269032e+00 
 3.84814000e-09  1.63683382e+00  1.96316618e+00  2.66879385e+00  2.28273483e+00 
 3.84864000e-09  1.63719798e+00  1.96280202e+00  2.66876191e+00  2.28278039e+00 
 3.84914000e-09  1.63756374e+00  1.96243626e+00  2.66872888e+00  2.28282702e+00 
 3.84964000e-09  1.63793111e+00  1.96206889e+00  2.66869473e+00  2.28287476e+00 
 3.85014000e-09  1.63830007e+00  1.96169993e+00  2.66865942e+00  2.28292363e+00 
 3.85064000e-09  1.63867063e+00  1.96132937e+00  2.66862293e+00  2.28297368e+00 
 3.85114000e-09  1.63904279e+00  1.96095721e+00  2.66858522e+00  2.28302492e+00 
 3.85164000e-09  1.63941653e+00  1.96058347e+00  2.66854624e+00  2.28307740e+00 
 3.85214000e-09  1.63979185e+00  1.96020815e+00  2.66850598e+00  2.28313115e+00 
 3.85264000e-09  1.64016876e+00  1.95983124e+00  2.66846438e+00  2.28318621e+00 
 3.85314000e-09  1.64054725e+00  1.95945275e+00  2.66842141e+00  2.28324260e+00 
 3.85364000e-09  1.64092731e+00  1.95907269e+00  2.66837703e+00  2.28330038e+00 
 3.85414000e-09  1.64130893e+00  1.95869107e+00  2.66833120e+00  2.28335957e+00 
 3.85464000e-09  1.64169213e+00  1.95830787e+00  2.66828387e+00  2.28342021e+00 
 3.85514000e-09  1.64207689e+00  1.95792311e+00  2.66823502e+00  2.28348235e+00 
 3.85564000e-09  1.64246320e+00  1.95753680e+00  2.66818459e+00  2.28354602e+00 
 3.85614000e-09  1.64285107e+00  1.95714893e+00  2.66813254e+00  2.28361127e+00 
 3.85664000e-09  1.64324050e+00  1.95675950e+00  2.66807883e+00  2.28367814e+00 
 3.85714000e-09  1.64363146e+00  1.95636854e+00  2.66802340e+00  2.28374667e+00 
 3.85764000e-09  1.64402398e+00  1.95597602e+00  2.66796622e+00  2.28381690e+00 
 3.85814000e-09  1.64441803e+00  1.95558197e+00  2.66790723e+00  2.28388889e+00 
 3.85864000e-09  1.64481362e+00  1.95518638e+00  2.66784639e+00  2.28396268e+00 
 3.85914000e-09  1.64521074e+00  1.95478926e+00  2.66778365e+00  2.28403831e+00 
 3.85964000e-09  1.64560938e+00  1.95439062e+00  2.66771895e+00  2.28411583e+00 
 3.86014000e-09  1.64600955e+00  1.95399045e+00  2.66765225e+00  2.28419530e+00 
 3.86064000e-09  1.64641124e+00  1.95358876e+00  2.66758349e+00  2.28427675e+00 
 3.86114000e-09  1.64681445e+00  1.95318555e+00  2.66751262e+00  2.28436025e+00 
 3.86164000e-09  1.64721917e+00  1.95278083e+00  2.66743959e+00  2.28444584e+00 
 3.86214000e-09  1.64762539e+00  1.95237461e+00  2.66736433e+00  2.28453358e+00 
 3.86264000e-09  1.64803312e+00  1.95196688e+00  2.66728680e+00  2.28462351e+00 
 3.86314000e-09  1.64844235e+00  1.95155765e+00  2.66720694e+00  2.28471570e+00 
 3.86364000e-09  1.64885308e+00  1.95114692e+00  2.66712468e+00  2.28481020e+00 
 3.86414000e-09  1.64926529e+00  1.95073471e+00  2.66703998e+00  2.28490706e+00 
 3.86464000e-09  1.64967900e+00  1.95032100e+00  2.66695277e+00  2.28500635e+00 
 3.86514000e-09  1.65009419e+00  1.94990581e+00  2.66686299e+00  2.28510811e+00 
 3.86564000e-09  1.65051086e+00  1.94948914e+00  2.66677058e+00  2.28521241e+00 
 3.86614000e-09  1.65092900e+00  1.94907100e+00  2.66667548e+00  2.28531930e+00 
 3.86664000e-09  1.65134861e+00  1.94865139e+00  2.66657763e+00  2.28542885e+00 
 3.86714000e-09  1.65176970e+00  1.94823030e+00  2.66647696e+00  2.28554111e+00 
 3.86764000e-09  1.65219224e+00  1.94780776e+00  2.66637341e+00  2.28565615e+00 
 3.86814000e-09  1.65261624e+00  1.94738376e+00  2.66626692e+00  2.28577403e+00 
 3.86864000e-09  1.65304170e+00  1.94695830e+00  2.66615742e+00  2.28589480e+00 
 3.86914000e-09  1.65346861e+00  1.94653139e+00  2.66604486e+00  2.28601854e+00 
 3.86964000e-09  1.65389697e+00  1.94610303e+00  2.66592915e+00  2.28614530e+00 
 3.87014000e-09  1.65432676e+00  1.94567324e+00  2.66581024e+00  2.28627515e+00 
 3.87064000e-09  1.65475800e+00  1.94524200e+00  2.66568806e+00  2.28640816e+00 
 3.87114000e-09  1.65519067e+00  1.94480933e+00  2.66556254e+00  2.28654437e+00 
 3.87164000e-09  1.65562476e+00  1.94437524e+00  2.66543362e+00  2.28668388e+00 
 3.87214000e-09  1.65606028e+00  1.94393972e+00  2.66530123e+00  2.28682672e+00 
 3.87264000e-09  1.65649723e+00  1.94350277e+00  2.66516531e+00  2.28697298e+00 
 3.87314000e-09  1.65693559e+00  1.94306441e+00  2.66502578e+00  2.28712271e+00 
 3.87364000e-09  1.65737536e+00  1.94262464e+00  2.66488258e+00  2.28727598e+00 
 3.87414000e-09  1.65781654e+00  1.94218346e+00  2.66473564e+00  2.28743286e+00 
 3.87464000e-09  1.65825912e+00  1.94174088e+00  2.66458489e+00  2.28759341e+00 
 3.87514000e-09  1.65870310e+00  1.94129690e+00  2.66443028e+00  2.28775770e+00 
 3.87564000e-09  1.65914847e+00  1.94085153e+00  2.66427173e+00  2.28792579e+00 
 3.87614000e-09  1.65959524e+00  1.94040476e+00  2.66410917e+00  2.28809774e+00 
 3.87664000e-09  1.66004339e+00  1.93995661e+00  2.66394254e+00  2.28827363e+00 
 3.87714000e-09  1.66049292e+00  1.93950708e+00  2.66377178e+00  2.28845351e+00 
 3.87764000e-09  1.66094383e+00  1.93905617e+00  2.66359682e+00  2.28863745e+00 
 3.87814000e-09  1.66139612e+00  1.93860388e+00  2.66341759e+00  2.28882551e+00 
 3.87864000e-09  1.66184977e+00  1.93815023e+00  2.66323404e+00  2.28901775e+00 
 3.87914000e-09  1.66230478e+00  1.93769522e+00  2.66304609e+00  2.28921424e+00 
 3.87964000e-09  1.66276115e+00  1.93723885e+00  2.66285369e+00  2.28941504e+00 
 3.88014000e-09  1.66321888e+00  1.93678112e+00  2.66265677e+00  2.28962020e+00 
 3.88064000e-09  1.66367796e+00  1.93632204e+00  2.66245528e+00  2.28982980e+00 
 3.88114000e-09  1.66413838e+00  1.93586162e+00  2.66224915e+00  2.29004388e+00 
 3.88164000e-09  1.66460014e+00  1.93539986e+00  2.66203833e+00  2.29026252e+00 
 3.88214000e-09  1.66506324e+00  1.93493676e+00  2.66182276e+00  2.29048575e+00 
 3.88264000e-09  1.66552767e+00  1.93447233e+00  2.66160237e+00  2.29071364e+00 
 3.88314000e-09  1.66599343e+00  1.93400657e+00  2.66137713e+00  2.29094625e+00 
 3.88364000e-09  1.66646051e+00  1.93353949e+00  2.66114697e+00  2.29118363e+00 
 3.88414000e-09  1.66692891e+00  1.93307109e+00  2.66091183e+00  2.29142584e+00 
 3.88464000e-09  1.66739862e+00  1.93260138e+00  2.66067167e+00  2.29167292e+00 
 3.88514000e-09  1.66786964e+00  1.93213036e+00  2.66042645e+00  2.29192492e+00 
 3.88564000e-09  1.66834197e+00  1.93165803e+00  2.66017610e+00  2.29218190e+00 
 3.88614000e-09  1.66881559e+00  1.93118441e+00  2.65992058e+00  2.29244389e+00 
 3.88664000e-09  1.66929051e+00  1.93070949e+00  2.65965985e+00  2.29271096e+00 
 3.88714000e-09  1.66976672e+00  1.93023328e+00  2.65939386e+00  2.29298315e+00 
 3.88764000e-09  1.67024422e+00  1.92975578e+00  2.65912256e+00  2.29326048e+00 
 3.88814000e-09  1.67072299e+00  1.92927701e+00  2.65884593e+00  2.29354302e+00 
 3.88864000e-09  1.67120304e+00  1.92879696e+00  2.65856391e+00  2.29383080e+00 
 3.88914000e-09  1.67168437e+00  1.92831563e+00  2.65827648e+00  2.29412386e+00 
 3.88964000e-09  1.67216696e+00  1.92783304e+00  2.65798359e+00  2.29442223e+00 
 3.89014000e-09  1.67265081e+00  1.92734919e+00  2.65768521e+00  2.29472596e+00 
 3.89064000e-09  1.67313591e+00  1.92686409e+00  2.65738131e+00  2.29503507e+00 
 3.89114000e-09  1.67362227e+00  1.92637773e+00  2.65707185e+00  2.29534960e+00 
 3.89164000e-09  1.67410988e+00  1.92589012e+00  2.65675681e+00  2.29566957e+00 
 3.89214000e-09  1.67459873e+00  1.92540127e+00  2.65643616e+00  2.29599503e+00 
 3.89264000e-09  1.67508882e+00  1.92491118e+00  2.65610988e+00  2.29632599e+00 
 3.89314000e-09  1.67558014e+00  1.92441986e+00  2.65577793e+00  2.29666247e+00 
 3.89364000e-09  1.67607269e+00  1.92392731e+00  2.65544031e+00  2.29700452e+00 
 3.89414000e-09  1.67656646e+00  1.92343354e+00  2.65509698e+00  2.29735214e+00 
 3.89464000e-09  1.67706145e+00  1.92293855e+00  2.65474793e+00  2.29770535e+00 
 3.89514000e-09  1.67755765e+00  1.92244235e+00  2.65439314e+00  2.29806418e+00 
 3.89564000e-09  1.67805506e+00  1.92194494e+00  2.65403260e+00  2.29842864e+00 
 3.89614000e-09  1.67855367e+00  1.92144633e+00  2.65366629e+00  2.29879874e+00 
 3.89664000e-09  1.67905349e+00  1.92094651e+00  2.65329420e+00  2.29917451e+00 
 3.89714000e-09  1.67955449e+00  1.92044551e+00  2.65291633e+00  2.29955594e+00 
 3.89764000e-09  1.68005669e+00  1.91994331e+00  2.65253266e+00  2.29994306e+00 
 3.89814000e-09  1.68056007e+00  1.91943993e+00  2.65214319e+00  2.30033587e+00 
 3.89864000e-09  1.68106463e+00  1.91893537e+00  2.65174791e+00  2.30073437e+00 
 3.89914000e-09  1.68157036e+00  1.91842964e+00  2.65134681e+00  2.30113857e+00 
 3.89964000e-09  1.68207726e+00  1.91792274e+00  2.65093991e+00  2.30154848e+00 
 3.90014000e-09  1.68258532e+00  1.91741468e+00  2.65052719e+00  2.30196409e+00 
 3.90064000e-09  1.68309455e+00  1.91690545e+00  2.65010866e+00  2.30238541e+00 
 3.90114000e-09  1.68360493e+00  1.91639507e+00  2.64968432e+00  2.30281243e+00 
 3.90164000e-09  1.68411645e+00  1.91588355e+00  2.64925417e+00  2.30324515e+00 
 3.90214000e-09  1.68462912e+00  1.91537088e+00  2.64881823e+00  2.30368357e+00 
 3.90264000e-09  1.68514293e+00  1.91485707e+00  2.64837649e+00  2.30412768e+00 
 3.90314000e-09  1.68565787e+00  1.91434213e+00  2.64792898e+00  2.30457747e+00 
 3.90364000e-09  1.68617394e+00  1.91382606e+00  2.64747568e+00  2.30503294e+00 
 3.90414000e-09  1.68669114e+00  1.91330886e+00  2.64701663e+00  2.30549408e+00 
 3.90464000e-09  1.68720945e+00  1.91279055e+00  2.64655183e+00  2.30596086e+00 
 3.90514000e-09  1.68772888e+00  1.91227112e+00  2.64608129e+00  2.30643329e+00 
 3.90564000e-09  1.68824941e+00  1.91175059e+00  2.64560503e+00  2.30691134e+00 
 3.90614000e-09  1.68877105e+00  1.91122895e+00  2.64512307e+00  2.30739500e+00 
 3.90664000e-09  1.68929378e+00  1.91070622e+00  2.64463542e+00  2.30788426e+00 
 3.90714000e-09  1.68981761e+00  1.91018239e+00  2.64414211e+00  2.30837910e+00 
 3.90764000e-09  1.69034252e+00  1.90965748e+00  2.64364314e+00  2.30887949e+00 
 3.90814000e-09  1.69086852e+00  1.90913148e+00  2.64313855e+00  2.30938542e+00 
 3.90864000e-09  1.69139559e+00  1.90860441e+00  2.64262835e+00  2.30989687e+00 
 3.90914000e-09  1.69192374e+00  1.90807626e+00  2.64211256e+00  2.31041381e+00 
 3.90964000e-09  1.69245295e+00  1.90754705e+00  2.64159122e+00  2.31093623e+00 
 3.91014000e-09  1.69298322e+00  1.90701678e+00  2.64106434e+00  2.31146409e+00 
 3.91064000e-09  1.69351455e+00  1.90648545e+00  2.64053195e+00  2.31199739e+00 
 3.91114000e-09  1.69404694e+00  1.90595306e+00  2.63999408e+00  2.31253608e+00 
 3.91164000e-09  1.69458036e+00  1.90541964e+00  2.63945074e+00  2.31308014e+00 
 3.91214000e-09  1.69511483e+00  1.90488517e+00  2.63890198e+00  2.31362955e+00 
 3.91264000e-09  1.69565033e+00  1.90434967e+00  2.63834781e+00  2.31418427e+00 
 3.91314000e-09  1.69618686e+00  1.90381314e+00  2.63778828e+00  2.31474429e+00 
 3.91364000e-09  1.69672442e+00  1.90327558e+00  2.63722339e+00  2.31530957e+00 
 3.91414000e-09  1.69726300e+00  1.90273700e+00  2.63665320e+00  2.31588007e+00 
 3.91464000e-09  1.69780259e+00  1.90219741e+00  2.63607772e+00  2.31645578e+00 
 3.91514000e-09  1.69834319e+00  1.90165681e+00  2.63549699e+00  2.31703666e+00 
 3.91564000e-09  1.69888479e+00  1.90111521e+00  2.63491104e+00  2.31762268e+00 
 3.91614000e-09  1.69942739e+00  1.90057261e+00  2.63431991e+00  2.31821380e+00 
 3.91664000e-09  1.69997098e+00  1.90002902e+00  2.63372362e+00  2.31881000e+00 
 3.91714000e-09  1.70051556e+00  1.89948444e+00  2.63312221e+00  2.31941124e+00 
 3.91764000e-09  1.70106112e+00  1.89893888e+00  2.63251571e+00  2.32001749e+00 
 3.91814000e-09  1.70160766e+00  1.89839234e+00  2.63190416e+00  2.32062871e+00 
 3.91864000e-09  1.70215517e+00  1.89784483e+00  2.63128759e+00  2.32124488e+00 
 3.91914000e-09  1.70270364e+00  1.89729636e+00  2.63066603e+00  2.32186595e+00 
 3.91964000e-09  1.70325308e+00  1.89674692e+00  2.63003953e+00  2.32249190e+00 
 3.92014000e-09  1.70380347e+00  1.89619653e+00  2.62940811e+00  2.32312269e+00 
 3.92064000e-09  1.70435481e+00  1.89564519e+00  2.62877181e+00  2.32375828e+00 
 3.92114000e-09  1.70490709e+00  1.89509291e+00  2.62813067e+00  2.32439865e+00 
 3.92164000e-09  1.70546032e+00  1.89453968e+00  2.62748472e+00  2.32504374e+00 
 3.92214000e-09  1.70601447e+00  1.89398553e+00  2.62683399e+00  2.32569354e+00 
 3.92264000e-09  1.70656955e+00  1.89343045e+00  2.62617854e+00  2.32634801e+00 
 3.92314000e-09  1.70712556e+00  1.89287444e+00  2.62551838e+00  2.32700710e+00 
 3.92364000e-09  1.70768248e+00  1.89231752e+00  2.62485356e+00  2.32767079e+00 
 3.92414000e-09  1.70824031e+00  1.89175969e+00  2.62418411e+00  2.32833903e+00 
 3.92464000e-09  1.70879905e+00  1.89120095e+00  2.62351007e+00  2.32901180e+00 
 3.92514000e-09  1.70935869e+00  1.89064131e+00  2.62283148e+00  2.32968906e+00 
 3.92564000e-09  1.70991922e+00  1.89008078e+00  2.62214838e+00  2.33037077e+00 
 3.92614000e-09  1.71048064e+00  1.88951936e+00  2.62146079e+00  2.33105690e+00 
 3.92664000e-09  1.71104295e+00  1.88895705e+00  2.62076876e+00  2.33174741e+00 
 3.92714000e-09  1.71160613e+00  1.88839387e+00  2.62007232e+00  2.33244227e+00 
 3.92764000e-09  1.71217019e+00  1.88782981e+00  2.61937151e+00  2.33314144e+00 
 3.92814000e-09  1.71273511e+00  1.88726489e+00  2.61866637e+00  2.33384489e+00 
 3.92864000e-09  1.71330090e+00  1.88669910e+00  2.61795693e+00  2.33455257e+00 
 3.92914000e-09  1.71386754e+00  1.88613246e+00  2.61724323e+00  2.33526447e+00 
 3.92964000e-09  1.71443503e+00  1.88556497e+00  2.61652531e+00  2.33598053e+00 
 3.93014000e-09  1.71500336e+00  1.88499664e+00  2.61580319e+00  2.33670073e+00 
 3.93064000e-09  1.71557253e+00  1.88442747e+00  2.61507693e+00  2.33742503e+00 
 3.93114000e-09  1.71614254e+00  1.88385746e+00  2.61434656e+00  2.33815340e+00 
 3.93164000e-09  1.71671337e+00  1.88328663e+00  2.61361210e+00  2.33888580e+00 
 3.93214000e-09  1.71728503e+00  1.88271497e+00  2.61287360e+00  2.33962220e+00 
 3.93264000e-09  1.71785750e+00  1.88214250e+00  2.61213110e+00  2.34036256e+00 
 3.93314000e-09  1.71843079e+00  1.88156921e+00  2.61138462e+00  2.34110685e+00 
 3.93364000e-09  1.71900487e+00  1.88099513e+00  2.61063421e+00  2.34185504e+00 
 3.93414000e-09  1.71957976e+00  1.88042024e+00  2.60987990e+00  2.34260709e+00 
 3.93464000e-09  1.72015544e+00  1.87984456e+00  2.60912173e+00  2.34336296e+00 
 3.93514000e-09  1.72073191e+00  1.87926809e+00  2.60835973e+00  2.34412262e+00 
 3.93564000e-09  1.72130916e+00  1.87869084e+00  2.60759394e+00  2.34488605e+00 
 3.93614000e-09  1.72188719e+00  1.87811281e+00  2.60682439e+00  2.34565320e+00 
 3.93664000e-09  1.72246599e+00  1.87753401e+00  2.60605111e+00  2.34642404e+00 
 3.93714000e-09  1.72304556e+00  1.87695444e+00  2.60527415e+00  2.34719854e+00 
 3.93764000e-09  1.72362588e+00  1.87637412e+00  2.60449354e+00  2.34797667e+00 
 3.93814000e-09  1.72420696e+00  1.87579304e+00  2.60370931e+00  2.34875839e+00 
 3.93864000e-09  1.72478878e+00  1.87521122e+00  2.60292149e+00  2.34954367e+00 
 3.93914000e-09  1.72537135e+00  1.87462865e+00  2.60213012e+00  2.35033248e+00 
 3.93964000e-09  1.72595466e+00  1.87404534e+00  2.60133524e+00  2.35112478e+00 
 3.94014000e-09  1.72653869e+00  1.87346131e+00  2.60053688e+00  2.35192054e+00 
 3.94064000e-09  1.72712345e+00  1.87287655e+00  2.59973507e+00  2.35271973e+00 
 3.94114000e-09  1.72770893e+00  1.87229107e+00  2.59892985e+00  2.35352232e+00 
 3.94164000e-09  1.72829513e+00  1.87170487e+00  2.59812124e+00  2.35432827e+00 
 3.94214000e-09  1.72888203e+00  1.87111797e+00  2.59730929e+00  2.35513756e+00 
 3.94264000e-09  1.72946963e+00  1.87053037e+00  2.59649403e+00  2.35595014e+00 
 3.94314000e-09  1.73005793e+00  1.86994207e+00  2.59567548e+00  2.35676600e+00 
 3.94364000e-09  1.73064692e+00  1.86935308e+00  2.59485369e+00  2.35758509e+00 
 3.94414000e-09  1.73123659e+00  1.86876341e+00  2.59402868e+00  2.35840739e+00 
 3.94464000e-09  1.73182695e+00  1.86817305e+00  2.59320049e+00  2.35923286e+00 
 3.94514000e-09  1.73241797e+00  1.86758203e+00  2.59236915e+00  2.36006148e+00 
 3.94564000e-09  1.73300966e+00  1.86699034e+00  2.59153469e+00  2.36089321e+00 
 3.94614000e-09  1.73360202e+00  1.86639798e+00  2.59069715e+00  2.36172801e+00 
 3.94664000e-09  1.73419503e+00  1.86580497e+00  2.58985655e+00  2.36256587e+00 
 3.94714000e-09  1.73478868e+00  1.86521132e+00  2.58901293e+00  2.36340675e+00 
 3.94764000e-09  1.73538299e+00  1.86461701e+00  2.58816632e+00  2.36425061e+00 
 3.94814000e-09  1.73597793e+00  1.86402207e+00  2.58731675e+00  2.36509743e+00 
 3.94864000e-09  1.73657350e+00  1.86342650e+00  2.58646426e+00  2.36594718e+00 
 3.94914000e-09  1.73716969e+00  1.86283031e+00  2.58560887e+00  2.36679983e+00 
 3.94964000e-09  1.73776651e+00  1.86223349e+00  2.58475061e+00  2.36765534e+00 
 3.95014000e-09  1.73836394e+00  1.86163606e+00  2.58388952e+00  2.36851369e+00 
 3.95064000e-09  1.73896198e+00  1.86103802e+00  2.58302562e+00  2.36937484e+00 
 3.95114000e-09  1.73956063e+00  1.86043937e+00  2.58215895e+00  2.37023877e+00 
 3.95164000e-09  1.74015987e+00  1.85984013e+00  2.58128954e+00  2.37110545e+00 
 3.95214000e-09  1.74075970e+00  1.85924030e+00  2.58041741e+00  2.37197484e+00 
 3.95264000e-09  1.74136011e+00  1.85863989e+00  2.57954260e+00  2.37284692e+00 
 3.95314000e-09  1.74196110e+00  1.85803890e+00  2.57866514e+00  2.37372166e+00 
 3.95364000e-09  1.74256267e+00  1.85743733e+00  2.57778505e+00  2.37459903e+00 
 3.95414000e-09  1.74316480e+00  1.85683520e+00  2.57690237e+00  2.37547900e+00 
 3.95464000e-09  1.74376750e+00  1.85623250e+00  2.57601713e+00  2.37636154e+00 
 3.95514000e-09  1.74437074e+00  1.85562926e+00  2.57512935e+00  2.37724662e+00 
 3.95564000e-09  1.74497454e+00  1.85502546e+00  2.57423906e+00  2.37813422e+00 
 3.95614000e-09  1.74557888e+00  1.85442112e+00  2.57334629e+00  2.37902430e+00 
 3.95664000e-09  1.74618376e+00  1.85381624e+00  2.57245108e+00  2.37991683e+00 
 3.95714000e-09  1.74678917e+00  1.85321083e+00  2.57155345e+00  2.38081180e+00 
 3.95764000e-09  1.74739510e+00  1.85260490e+00  2.57065342e+00  2.38170916e+00 
 3.95814000e-09  1.74800156e+00  1.85199844e+00  2.56975103e+00  2.38260889e+00 
 3.95864000e-09  1.74860852e+00  1.85139148e+00  2.56884631e+00  2.38351097e+00 
 3.95914000e-09  1.74921600e+00  1.85078400e+00  2.56793928e+00  2.38441536e+00 
 3.95964000e-09  1.74982397e+00  1.85017603e+00  2.56702997e+00  2.38532203e+00 
 3.96014000e-09  1.75043244e+00  1.84956756e+00  2.56611840e+00  2.38623097e+00 
 3.96064000e-09  1.75104140e+00  1.84895860e+00  2.56520462e+00  2.38714214e+00 
 3.96114000e-09  1.75165085e+00  1.84834915e+00  2.56428863e+00  2.38805551e+00 
 3.96164000e-09  1.75226077e+00  1.84773923e+00  2.56337048e+00  2.38897106e+00 
 3.96214000e-09  1.75287116e+00  1.84712884e+00  2.56245018e+00  2.38988876e+00 
 3.96264000e-09  1.75348201e+00  1.84651799e+00  2.56152777e+00  2.39080858e+00 
 3.96314000e-09  1.75409333e+00  1.84590667e+00  2.56060327e+00  2.39173050e+00 
 3.96364000e-09  1.75470510e+00  1.84529490e+00  2.55967670e+00  2.39265448e+00 
 3.96414000e-09  1.75531731e+00  1.84468269e+00  2.55874810e+00  2.39358051e+00 
 3.96464000e-09  1.75592997e+00  1.84407003e+00  2.55781749e+00  2.39450855e+00 
 3.96514000e-09  1.75654306e+00  1.84345694e+00  2.55688490e+00  2.39543858e+00 
 3.96564000e-09  1.75715658e+00  1.84284342e+00  2.55595035e+00  2.39637057e+00 
 3.96614000e-09  1.75777052e+00  1.84222948e+00  2.55501387e+00  2.39730449e+00 
 3.96664000e-09  1.75838488e+00  1.84161512e+00  2.55407548e+00  2.39824033e+00 
 3.96714000e-09  1.75899966e+00  1.84100034e+00  2.55313522e+00  2.39917805e+00 
 3.96764000e-09  1.75961483e+00  1.84038517e+00  2.55219310e+00  2.40011762e+00 
 3.96814000e-09  1.76023040e+00  1.83976960e+00  2.55124915e+00  2.40105903e+00 
 3.96864000e-09  1.76084637e+00  1.83915363e+00  2.55030340e+00  2.40200224e+00 
 3.96914000e-09  1.76146272e+00  1.83853728e+00  2.54935587e+00  2.40294722e+00 
 3.96964000e-09  1.76207946e+00  1.83792054e+00  2.54840659e+00  2.40389397e+00 
 3.97014000e-09  1.76269656e+00  1.83730344e+00  2.54745557e+00  2.40484244e+00 
 3.97064000e-09  1.76331404e+00  1.83668596e+00  2.54650286e+00  2.40579261e+00 
 3.97114000e-09  1.76393188e+00  1.83606812e+00  2.54554846e+00  2.40674446e+00 
 3.97164000e-09  1.76455007e+00  1.83544993e+00  2.54459241e+00  2.40769796e+00 
 3.97214000e-09  1.76516862e+00  1.83483138e+00  2.54363473e+00  2.40865309e+00 
 3.97264000e-09  1.76578750e+00  1.83421250e+00  2.54267545e+00  2.40960981e+00 
 3.97314000e-09  1.76640673e+00  1.83359327e+00  2.54171458e+00  2.41056812e+00 
 3.97364000e-09  1.76702628e+00  1.83297372e+00  2.54075215e+00  2.41152798e+00 
 3.97414000e-09  1.76764617e+00  1.83235383e+00  2.53978820e+00  2.41248936e+00 
 3.97464000e-09  1.76826637e+00  1.83173363e+00  2.53882273e+00  2.41345224e+00 
 3.97514000e-09  1.76888688e+00  1.83111312e+00  2.53785577e+00  2.41441661e+00 
 3.97564000e-09  1.76950770e+00  1.83049230e+00  2.53688735e+00  2.41538242e+00 
 3.97614000e-09  1.77012883e+00  1.82987117e+00  2.53591749e+00  2.41634966e+00 
 3.97664000e-09  1.77075024e+00  1.82924976e+00  2.53494621e+00  2.41731831e+00 
 3.97714000e-09  1.77137195e+00  1.82862805e+00  2.53397355e+00  2.41828833e+00 
 3.97764000e-09  1.77199394e+00  1.82800606e+00  2.53299951e+00  2.41925972e+00 
 3.97814000e-09  1.77261620e+00  1.82738380e+00  2.53202412e+00  2.42023243e+00 
 3.97864000e-09  1.77323874e+00  1.82676126e+00  2.53104741e+00  2.42120645e+00 
 3.97914000e-09  1.77386154e+00  1.82613846e+00  2.53006940e+00  2.42218175e+00 
 3.97964000e-09  1.77448460e+00  1.82551540e+00  2.52909011e+00  2.42315831e+00 
 3.98014000e-09  1.77510790e+00  1.82489210e+00  2.52810956e+00  2.42413611e+00 
 3.98064000e-09  1.77573146e+00  1.82426854e+00  2.52712778e+00  2.42511511e+00 
 3.98114000e-09  1.77635525e+00  1.82364475e+00  2.52614479e+00  2.42609531e+00 
 3.98164000e-09  1.77697928e+00  1.82302072e+00  2.52516061e+00  2.42707667e+00 
 3.98214000e-09  1.77760354e+00  1.82239646e+00  2.52417526e+00  2.42805917e+00 
 3.98264000e-09  1.77822801e+00  1.82177199e+00  2.52318877e+00  2.42904278e+00 
 3.98314000e-09  1.77885270e+00  1.82114730e+00  2.52220115e+00  2.43002749e+00 
 3.98364000e-09  1.77947760e+00  1.82052240e+00  2.52121244e+00  2.43101327e+00 
 3.98414000e-09  1.78010271e+00  1.81989729e+00  2.52022264e+00  2.43200010e+00 
 3.98464000e-09  1.78072800e+00  1.81927200e+00  2.51923179e+00  2.43298795e+00 
 3.98514000e-09  1.78135349e+00  1.81864651e+00  2.51823990e+00  2.43397679e+00 
 3.98564000e-09  1.78197917e+00  1.81802083e+00  2.51724700e+00  2.43496662e+00 
 3.98614000e-09  1.78260502e+00  1.81739498e+00  2.51625311e+00  2.43595740e+00 
 3.98664000e-09  1.78323104e+00  1.81676896e+00  2.51525825e+00  2.43694910e+00 
 3.98714000e-09  1.78385723e+00  1.81614277e+00  2.51426244e+00  2.43794172e+00 
 3.98764000e-09  1.78448357e+00  1.81551643e+00  2.51326571e+00  2.43893522e+00 
 3.98814000e-09  1.78511007e+00  1.81488993e+00  2.51226807e+00  2.43992957e+00 
 3.98864000e-09  1.78573672e+00  1.81426328e+00  2.51126954e+00  2.44092477e+00 
 3.98914000e-09  1.78636351e+00  1.81363649e+00  2.51027015e+00  2.44192078e+00 
 3.98964000e-09  1.78699043e+00  1.81300957e+00  2.50926993e+00  2.44291758e+00 
 3.99014000e-09  1.78761748e+00  1.81238252e+00  2.50826888e+00  2.44391515e+00 
 3.99064000e-09  1.78824466e+00  1.81175534e+00  2.50726704e+00  2.44491346e+00 
 3.99114000e-09  1.78887195e+00  1.81112805e+00  2.50626442e+00  2.44591249e+00 
 3.99164000e-09  1.78949934e+00  1.81050066e+00  2.50526105e+00  2.44691222e+00 
 3.99214000e-09  1.79012685e+00  1.80987315e+00  2.50425694e+00  2.44791263e+00 
 3.99264000e-09  1.79075445e+00  1.80924555e+00  2.50325212e+00  2.44891369e+00 
 3.99314000e-09  1.79138214e+00  1.80861786e+00  2.50224662e+00  2.44991538e+00 
 3.99364000e-09  1.79200992e+00  1.80799008e+00  2.50124045e+00  2.45091767e+00 
 3.99414000e-09  1.79263777e+00  1.80736223e+00  2.50023363e+00  2.45192054e+00 
 3.99464000e-09  1.79326570e+00  1.80673430e+00  2.49922619e+00  2.45292397e+00 
 3.99514000e-09  1.79389369e+00  1.80610631e+00  2.49821815e+00  2.45392794e+00 
 3.99564000e-09  1.79452175e+00  1.80547825e+00  2.49720953e+00  2.45493242e+00 
 3.99614000e-09  1.79514986e+00  1.80485014e+00  2.49620036e+00  2.45593738e+00 
 3.99664000e-09  1.79577801e+00  1.80422199e+00  2.49519065e+00  2.45694281e+00 
 3.99714000e-09  1.79640621e+00  1.80359379e+00  2.49418044e+00  2.45794867e+00 
 3.99764000e-09  1.79703445e+00  1.80296555e+00  2.49316974e+00  2.45895496e+00 
 3.99814000e-09  1.79766271e+00  1.80233729e+00  2.49215857e+00  2.45996163e+00 
 3.99864000e-09  1.79829099e+00  1.80170901e+00  2.49114697e+00  2.46096867e+00 
 3.99914000e-09  1.79891930e+00  1.80108070e+00  2.49013495e+00  2.46197605e+00 
 3.99964000e-09  1.79954761e+00  1.80045239e+00  2.48912254e+00  2.46298376e+00 
 4.00014000e-09  1.80017593e+00  1.79982407e+00  2.48810976e+00  2.46399175e+00 
 4.00064000e-09  1.80080425e+00  1.79919575e+00  2.48709665e+00  2.46500002e+00 
 4.00114000e-09  1.80143255e+00  1.79856745e+00  2.48608321e+00  2.46600853e+00 
 4.00164000e-09  1.80206085e+00  1.79793915e+00  2.48506948e+00  2.46701726e+00 
 4.00214000e-09  1.80268912e+00  1.79731088e+00  2.48405549e+00  2.46802618e+00 
 4.00264000e-09  1.80331737e+00  1.79668263e+00  2.48304126e+00  2.46903528e+00 
 4.00314000e-09  1.80394558e+00  1.79605442e+00  2.48202681e+00  2.47004452e+00 
 4.00364000e-09  1.80457376e+00  1.79542624e+00  2.48101218e+00  2.47105388e+00 
 4.00414000e-09  1.80520189e+00  1.79479811e+00  2.47999738e+00  2.47206333e+00 
 4.00464000e-09  1.80582997e+00  1.79417003e+00  2.47898245e+00  2.47307286e+00 
 4.00514000e-09  1.80645799e+00  1.79354201e+00  2.47796741e+00  2.47408243e+00 
 4.00564000e-09  1.80708595e+00  1.79291405e+00  2.47695230e+00  2.47509201e+00 
 4.00614000e-09  1.80771384e+00  1.79228616e+00  2.47593713e+00  2.47610160e+00 
 4.00664000e-09  1.80834165e+00  1.79165835e+00  2.47492193e+00  2.47711115e+00 
 4.00714000e-09  1.80896938e+00  1.79103062e+00  2.47390674e+00  2.47812065e+00 
 4.00764000e-09  1.80959702e+00  1.79040298e+00  2.47289158e+00  2.47913006e+00 
 4.00814000e-09  1.81022457e+00  1.78977543e+00  2.47187648e+00  2.48013938e+00 
 4.00864000e-09  1.81085201e+00  1.78914799e+00  2.47086147e+00  2.48114856e+00 
 4.00914000e-09  1.81147935e+00  1.78852065e+00  2.46984657e+00  2.48215759e+00 
 4.00964000e-09  1.81210658e+00  1.78789342e+00  2.46883181e+00  2.48316645e+00 
 4.01014000e-09  1.81273368e+00  1.78726632e+00  2.46781723e+00  2.48417510e+00 
 4.01064000e-09  1.81336066e+00  1.78663934e+00  2.46680284e+00  2.48518353e+00 
 4.01114000e-09  1.81398751e+00  1.78601249e+00  2.46578867e+00  2.48619171e+00 
 4.01164000e-09  1.81461422e+00  1.78538578e+00  2.46477476e+00  2.48719962e+00 
 4.01214000e-09  1.81524078e+00  1.78475922e+00  2.46376113e+00  2.48820723e+00 
 4.01264000e-09  1.81586720e+00  1.78413280e+00  2.46274781e+00  2.48921454e+00 
 4.01314000e-09  1.81649346e+00  1.78350654e+00  2.46173481e+00  2.49022150e+00 
 4.01364000e-09  1.81711955e+00  1.78288045e+00  2.46072218e+00  2.49122811e+00 
 4.01414000e-09  1.81774548e+00  1.78225452e+00  2.45970993e+00  2.49223433e+00 
 4.01464000e-09  1.81837123e+00  1.78162877e+00  2.45869809e+00  2.49324016e+00 
 4.01514000e-09  1.81899680e+00  1.78100320e+00  2.45768669e+00  2.49424556e+00 
 4.01564000e-09  1.81962219e+00  1.78037781e+00  2.45667575e+00  2.49525052e+00 
 4.01614000e-09  1.82024738e+00  1.77975262e+00  2.45566530e+00  2.49625501e+00 
 4.01664000e-09  1.82087237e+00  1.77912763e+00  2.45465535e+00  2.49725902e+00 
 4.01714000e-09  1.82149715e+00  1.77850285e+00  2.45364595e+00  2.49826253e+00 
 4.01764000e-09  1.82212172e+00  1.77787828e+00  2.45263710e+00  2.49926552e+00 
 4.01814000e-09  1.82274607e+00  1.77725393e+00  2.45162883e+00  2.50026796e+00 
 4.01864000e-09  1.82337020e+00  1.77662980e+00  2.45062117e+00  2.50126985e+00 
 4.01914000e-09  1.82399410e+00  1.77600590e+00  2.44961414e+00  2.50227115e+00 
 4.01964000e-09  1.82461776e+00  1.77538224e+00  2.44860776e+00  2.50327185e+00 
 4.02014000e-09  1.82524118e+00  1.77475882e+00  2.44760206e+00  2.50427194e+00 
 4.02064000e-09  1.82586435e+00  1.77413565e+00  2.44659706e+00  2.50527139e+00 
 4.02114000e-09  1.82648726e+00  1.77351274e+00  2.44559278e+00  2.50627018e+00 
 4.02164000e-09  1.82710991e+00  1.77289009e+00  2.44458924e+00  2.50726830e+00 
 4.02214000e-09  1.82773230e+00  1.77226770e+00  2.44358647e+00  2.50826572e+00 
 4.02264000e-09  1.82835441e+00  1.77164559e+00  2.44258449e+00  2.50926244e+00 
 4.02314000e-09  1.82897624e+00  1.77102376e+00  2.44158332e+00  2.51025842e+00 
 4.02364000e-09  1.82959779e+00  1.77040221e+00  2.44058299e+00  2.51125365e+00 
 4.02414000e-09  1.83021904e+00  1.76978096e+00  2.43958351e+00  2.51224812e+00 
 4.02464000e-09  1.83083999e+00  1.76916001e+00  2.43858491e+00  2.51324180e+00 
 4.02514000e-09  1.83146064e+00  1.76853936e+00  2.43758720e+00  2.51423467e+00 
 4.02564000e-09  1.83208098e+00  1.76791902e+00  2.43659043e+00  2.51522671e+00 
 4.02614000e-09  1.83270101e+00  1.76729899e+00  2.43559459e+00  2.51621791e+00 
 4.02664000e-09  1.83332071e+00  1.76667929e+00  2.43459972e+00  2.51720825e+00 
 4.02714000e-09  1.83394008e+00  1.76605992e+00  2.43360584e+00  2.51819769e+00 
 4.02764000e-09  1.83455912e+00  1.76544088e+00  2.43261297e+00  2.51918624e+00 
 4.02814000e-09  1.83517781e+00  1.76482219e+00  2.43162114e+00  2.52017386e+00 
 4.02864000e-09  1.83579616e+00  1.76420384e+00  2.43063036e+00  2.52116053e+00 
 4.02914000e-09  1.83641416e+00  1.76358584e+00  2.42964066e+00  2.52214623e+00 
 4.02964000e-09  1.83703179e+00  1.76296821e+00  2.42865205e+00  2.52313095e+00 
 4.03014000e-09  1.83764906e+00  1.76235094e+00  2.42766457e+00  2.52411466e+00 
 4.03064000e-09  1.83826596e+00  1.76173404e+00  2.42667824e+00  2.52509733e+00 
 4.03114000e-09  1.83888248e+00  1.76111752e+00  2.42569306e+00  2.52607895e+00 
 4.03164000e-09  1.83949862e+00  1.76050138e+00  2.42470908e+00  2.52705950e+00 
 4.03214000e-09  1.84011437e+00  1.75988563e+00  2.42372631e+00  2.52803895e+00 
 4.03264000e-09  1.84072972e+00  1.75927028e+00  2.42274477e+00  2.52901728e+00 
 4.03314000e-09  1.84134467e+00  1.75865533e+00  2.42176449e+00  2.52999446e+00 
 4.03364000e-09  1.84195921e+00  1.75804079e+00  2.42078549e+00  2.53097048e+00 
 4.03414000e-09  1.84257334e+00  1.75742666e+00  2.41980778e+00  2.53194530e+00 
 4.03464000e-09  1.84318704e+00  1.75681296e+00  2.41883140e+00  2.53291891e+00 
 4.03514000e-09  1.84380032e+00  1.75619968e+00  2.41785636e+00  2.53389128e+00 
 4.03564000e-09  1.84441317e+00  1.75558683e+00  2.41688270e+00  2.53486239e+00 
 4.03614000e-09  1.84502558e+00  1.75497442e+00  2.41591042e+00  2.53583220e+00 
 4.03664000e-09  1.84563755e+00  1.75436245e+00  2.41493955e+00  2.53680070e+00 
 4.03714000e-09  1.84624906e+00  1.75375094e+00  2.41397012e+00  2.53776786e+00 
 4.03764000e-09  1.84686012e+00  1.75313988e+00  2.41300214e+00  2.53873365e+00 
 4.03814000e-09  1.84747072e+00  1.75252928e+00  2.41203565e+00  2.53969806e+00 
 4.03864000e-09  1.84808085e+00  1.75191915e+00  2.41107066e+00  2.54066104e+00 
 4.03914000e-09  1.84869050e+00  1.75130950e+00  2.41010719e+00  2.54162258e+00 
 4.03964000e-09  1.84929967e+00  1.75070033e+00  2.40914527e+00  2.54258265e+00 
 4.04014000e-09  1.84990836e+00  1.75009164e+00  2.40818492e+00  2.54354121e+00 
 4.04064000e-09  1.85051655e+00  1.74948345e+00  2.40722617e+00  2.54449826e+00 
 4.04114000e-09  1.85112425e+00  1.74887575e+00  2.40626903e+00  2.54545375e+00 
 4.04164000e-09  1.85173144e+00  1.74826856e+00  2.40531354e+00  2.54640766e+00 
 4.04214000e-09  1.85233812e+00  1.74766188e+00  2.40435970e+00  2.54735997e+00 
 4.04264000e-09  1.85294428e+00  1.74705572e+00  2.40340755e+00  2.54831064e+00 
 4.04314000e-09  1.85354992e+00  1.74645008e+00  2.40245711e+00  2.54925965e+00 
 4.04364000e-09  1.85415504e+00  1.74584496e+00  2.40150841e+00  2.55020697e+00 
 4.04414000e-09  1.85475961e+00  1.74524039e+00  2.40056146e+00  2.55115256e+00 
 4.04464000e-09  1.85536365e+00  1.74463635e+00  2.39961629e+00  2.55209642e+00 
 4.04514000e-09  1.85596714e+00  1.74403286e+00  2.39867292e+00  2.55303849e+00 
 4.04564000e-09  1.85657008e+00  1.74342992e+00  2.39773138e+00  2.55397877e+00 
 4.04614000e-09  1.85717246e+00  1.74282754e+00  2.39679169e+00  2.55491721e+00 
 4.04664000e-09  1.85777428e+00  1.74222572e+00  2.39585388e+00  2.55585379e+00 
 4.04714000e-09  1.85837552e+00  1.74162448e+00  2.39491797e+00  2.55678849e+00 
 4.04764000e-09  1.85897619e+00  1.74102381e+00  2.39398399e+00  2.55772126e+00 
 4.04814000e-09  1.85957628e+00  1.74042372e+00  2.39305195e+00  2.55865209e+00 
 4.04864000e-09  1.86017578e+00  1.73982422e+00  2.39212189e+00  2.55958094e+00 
 4.04914000e-09  1.86077469e+00  1.73922531e+00  2.39119383e+00  2.56050779e+00 
 4.04964000e-09  1.86137299e+00  1.73862701e+00  2.39026779e+00  2.56143261e+00 
 4.05014000e-09  1.86197069e+00  1.73802931e+00  2.38934380e+00  2.56235536e+00 
 4.05064000e-09  1.86256778e+00  1.73743222e+00  2.38842189e+00  2.56327603e+00 
 4.05114000e-09  1.86316425e+00  1.73683575e+00  2.38750208e+00  2.56419457e+00 
 4.05164000e-09  1.86376010e+00  1.73623990e+00  2.38658440e+00  2.56511096e+00 
 4.05214000e-09  1.86435532e+00  1.73564468e+00  2.38566887e+00  2.56602517e+00 
 4.05264000e-09  1.86494990e+00  1.73505010e+00  2.38475552e+00  2.56693717e+00 
 4.05314000e-09  1.86554384e+00  1.73445616e+00  2.38384438e+00  2.56784694e+00 
 4.05364000e-09  1.86613714e+00  1.73386286e+00  2.38293547e+00  2.56875443e+00 
 4.05414000e-09  1.86672978e+00  1.73327022e+00  2.38202882e+00  2.56965963e+00 
 4.05464000e-09  1.86732177e+00  1.73267823e+00  2.38112446e+00  2.57056250e+00 
 4.05514000e-09  1.86791309e+00  1.73208691e+00  2.38022241e+00  2.57146301e+00 
 4.05564000e-09  1.86850374e+00  1.73149626e+00  2.37932271e+00  2.57236113e+00 
 4.05614000e-09  1.86909371e+00  1.73090629e+00  2.37842538e+00  2.57325684e+00 
 4.05664000e-09  1.86968300e+00  1.73031700e+00  2.37753044e+00  2.57415010e+00 
 4.05714000e-09  1.87027160e+00  1.72972840e+00  2.37663793e+00  2.57504088e+00 
 4.05764000e-09  1.87085951e+00  1.72914049e+00  2.37574787e+00  2.57592914e+00 
 4.05814000e-09  1.87144672e+00  1.72855328e+00  2.37486030e+00  2.57681487e+00 
 4.05864000e-09  1.87203323e+00  1.72796677e+00  2.37397524e+00  2.57769803e+00 
 4.05914000e-09  1.87261902e+00  1.72738098e+00  2.37309273e+00  2.57857859e+00 
 4.05964000e-09  1.87320410e+00  1.72679590e+00  2.37221278e+00  2.57945651e+00 
 4.06014000e-09  1.87378846e+00  1.72621154e+00  2.37133543e+00  2.58033178e+00 
 4.06064000e-09  1.87437208e+00  1.72562792e+00  2.37046071e+00  2.58120434e+00 
 4.06114000e-09  1.87495498e+00  1.72504502e+00  2.36958865e+00  2.58207418e+00 
 4.06164000e-09  1.87553713e+00  1.72446287e+00  2.36871928e+00  2.58294127e+00 
 4.06214000e-09  1.87611854e+00  1.72388146e+00  2.36785264e+00  2.58380556e+00 
 4.06264000e-09  1.87669919e+00  1.72330081e+00  2.36698874e+00  2.58466703e+00 
 4.06314000e-09  1.87727909e+00  1.72272091e+00  2.36612762e+00  2.58552565e+00 
 4.06364000e-09  1.87785823e+00  1.72214177e+00  2.36526932e+00  2.58638138e+00 
 4.06414000e-09  1.87843660e+00  1.72156340e+00  2.36441386e+00  2.58723419e+00 
 4.06464000e-09  1.87901419e+00  1.72098581e+00  2.36356127e+00  2.58808406e+00 
 4.06514000e-09  1.87959101e+00  1.72040899e+00  2.36271160e+00  2.58893094e+00 
 4.06564000e-09  1.88016704e+00  1.71983296e+00  2.36186486e+00  2.58977480e+00 
 4.06614000e-09  1.88074227e+00  1.71925773e+00  2.36102109e+00  2.59061562e+00 
 4.06664000e-09  1.88131671e+00  1.71868329e+00  2.36018032e+00  2.59145335e+00 
 4.06714000e-09  1.88189035e+00  1.71810965e+00  2.35934260e+00  2.59228796e+00 
 4.06764000e-09  1.88246318e+00  1.71753682e+00  2.35850793e+00  2.59311943e+00 
 4.06814000e-09  1.88303520e+00  1.71696480e+00  2.35767638e+00  2.59394772e+00 
 4.06864000e-09  1.88360639e+00  1.71639361e+00  2.35684795e+00  2.59477278e+00 
 4.06914000e-09  1.88417677e+00  1.71582323e+00  2.35602270e+00  2.59559460e+00 
 4.06964000e-09  1.88474631e+00  1.71525369e+00  2.35520064e+00  2.59641312e+00 
 4.07014000e-09  1.88531501e+00  1.71468499e+00  2.35438182e+00  2.59722833e+00 
 4.07064000e-09  1.88588287e+00  1.71411713e+00  2.35356627e+00  2.59804018e+00 
 4.07114000e-09  1.88644989e+00  1.71355011e+00  2.35275403e+00  2.59884865e+00 
 4.07164000e-09  1.88701605e+00  1.71298395e+00  2.35194512e+00  2.59965368e+00 
 4.07214000e-09  1.88758135e+00  1.71241865e+00  2.35113959e+00  2.60045526e+00 
 4.07264000e-09  1.88814579e+00  1.71185421e+00  2.35033746e+00  2.60125334e+00 
 4.07314000e-09  1.88870936e+00  1.71129064e+00  2.34953878e+00  2.60204788e+00 
 4.07364000e-09  1.88927205e+00  1.71072795e+00  2.34874357e+00  2.60283886e+00 
 4.07414000e-09  1.88983386e+00  1.71016614e+00  2.34795188e+00  2.60362624e+00 
 4.07464000e-09  1.89039479e+00  1.70960521e+00  2.34716374e+00  2.60440997e+00 
 4.07514000e-09  1.89095482e+00  1.70904518e+00  2.34637918e+00  2.60519003e+00 
 4.07564000e-09  1.89151395e+00  1.70848605e+00  2.34559824e+00  2.60596637e+00 
 4.07614000e-09  1.89207219e+00  1.70792781e+00  2.34482097e+00  2.60673896e+00 
 4.07664000e-09  1.89262951e+00  1.70737049e+00  2.34404738e+00  2.60750777e+00 
 4.07714000e-09  1.89318592e+00  1.70681408e+00  2.34327753e+00  2.60827275e+00 
 4.07764000e-09  1.89374141e+00  1.70625859e+00  2.34251144e+00  2.60903387e+00 
 4.07814000e-09  1.89429597e+00  1.70570403e+00  2.34174916e+00  2.60979108e+00 
 4.07864000e-09  1.89484960e+00  1.70515040e+00  2.34099072e+00  2.61054436e+00 
 4.07914000e-09  1.89540230e+00  1.70459770e+00  2.34023615e+00  2.61129367e+00 
 4.07964000e-09  1.89595406e+00  1.70404594e+00  2.33948551e+00  2.61203896e+00 
 4.08014000e-09  1.89650487e+00  1.70349513e+00  2.33873881e+00  2.61278019e+00 
 4.08064000e-09  1.89705472e+00  1.70294528e+00  2.33799611e+00  2.61351734e+00 
 4.08114000e-09  1.89760362e+00  1.70239638e+00  2.33725744e+00  2.61425036e+00 
 4.08164000e-09  1.89815155e+00  1.70184845e+00  2.33652283e+00  2.61497921e+00 
 4.08214000e-09  1.89869852e+00  1.70130148e+00  2.33579233e+00  2.61570386e+00 
 4.08264000e-09  1.89924451e+00  1.70075549e+00  2.33506598e+00  2.61642426e+00 
 4.08314000e-09  1.89978953e+00  1.70021047e+00  2.33434380e+00  2.61714038e+00 
 4.08364000e-09  1.90033355e+00  1.69966645e+00  2.33362585e+00  2.61785217e+00 
 4.08414000e-09  1.90087659e+00  1.69912341e+00  2.33291215e+00  2.61855960e+00 
 4.08464000e-09  1.90141863e+00  1.69858137e+00  2.33220275e+00  2.61926263e+00 
 4.08514000e-09  1.90195967e+00  1.69804033e+00  2.33149769e+00  2.61996123e+00 
 4.08564000e-09  1.90249971e+00  1.69750029e+00  2.33079700e+00  2.62065534e+00 
 4.08614000e-09  1.90303873e+00  1.69696127e+00  2.33010072e+00  2.62134493e+00 
 4.08664000e-09  1.90357674e+00  1.69642326e+00  2.32940889e+00  2.62202997e+00 
 4.08714000e-09  1.90411372e+00  1.69588628e+00  2.32872156e+00  2.62271041e+00 
 4.08764000e-09  1.90464968e+00  1.69535032e+00  2.32803875e+00  2.62338621e+00 
 4.08814000e-09  1.90518460e+00  1.69481540e+00  2.32736051e+00  2.62405734e+00 
 4.08864000e-09  1.90571849e+00  1.69428151e+00  2.32668688e+00  2.62472376e+00 
 4.08914000e-09  1.90625133e+00  1.69374867e+00  2.32601789e+00  2.62538542e+00 
 4.08964000e-09  1.90678312e+00  1.69321688e+00  2.32535358e+00  2.62604229e+00 
 4.09014000e-09  1.90731386e+00  1.69268614e+00  2.32469399e+00  2.62669433e+00 
 4.09064000e-09  1.90784354e+00  1.69215646e+00  2.32403917e+00  2.62734150e+00 
 4.09114000e-09  1.90837216e+00  1.69162784e+00  2.32338914e+00  2.62798376e+00 
 4.09164000e-09  1.90889970e+00  1.69110030e+00  2.32274394e+00  2.62862108e+00 
 4.09214000e-09  1.90942617e+00  1.69057383e+00  2.32210362e+00  2.62925342e+00 
 4.09264000e-09  1.90995156e+00  1.69004844e+00  2.32146821e+00  2.62988073e+00 
 4.09314000e-09  1.91047587e+00  1.68952413e+00  2.32083774e+00  2.63050298e+00 
 4.09364000e-09  1.91099909e+00  1.68900091e+00  2.32021226e+00  2.63112014e+00 
 4.09414000e-09  1.91152121e+00  1.68847879e+00  2.31959180e+00  2.63173217e+00 
 4.09464000e-09  1.91204223e+00  1.68795777e+00  2.31897640e+00  2.63233903e+00 
 4.09514000e-09  1.91256214e+00  1.68743786e+00  2.31836609e+00  2.63294068e+00 
 4.09564000e-09  1.91308094e+00  1.68691906e+00  2.31776090e+00  2.63353710e+00 
 4.09614000e-09  1.91359863e+00  1.68640137e+00  2.31716088e+00  2.63412824e+00 
 4.09664000e-09  1.91411519e+00  1.68588481e+00  2.31656606e+00  2.63471407e+00 
 4.09714000e-09  1.91463063e+00  1.68536937e+00  2.31597647e+00  2.63529455e+00 
 4.09764000e-09  1.91514494e+00  1.68485506e+00  2.31539215e+00  2.63586966e+00 
 4.09814000e-09  1.91565811e+00  1.68434189e+00  2.31481312e+00  2.63643936e+00 
 4.09864000e-09  1.91617014e+00  1.68382986e+00  2.31423942e+00  2.63700361e+00 
 4.09914000e-09  1.91668103e+00  1.68331897e+00  2.31367109e+00  2.63756240e+00 
 4.09964000e-09  1.91719076e+00  1.68280924e+00  2.31310815e+00  2.63811567e+00 
 4.10014000e-09  1.91769933e+00  1.68230067e+00  2.31255063e+00  2.63866342e+00 
 4.10064000e-09  1.91820675e+00  1.68179325e+00  2.31199857e+00  2.63920560e+00 
 4.10114000e-09  1.91871300e+00  1.68128700e+00  2.31145199e+00  2.63974219e+00 
 4.10164000e-09  1.91921807e+00  1.68078193e+00  2.31091093e+00  2.64027316e+00 
 4.10214000e-09  1.91972197e+00  1.68027803e+00  2.31037539e+00  2.64079848e+00 
 4.10264000e-09  1.92022469e+00  1.67977531e+00  2.30984543e+00  2.64131813e+00 
 4.10314000e-09  1.92072622e+00  1.67927378e+00  2.30932105e+00  2.64183209e+00 
 4.10364000e-09  1.92122656e+00  1.67877344e+00  2.30880229e+00  2.64234033e+00 
 4.10414000e-09  1.92172570e+00  1.67827430e+00  2.30828916e+00  2.64284283e+00 
 4.10464000e-09  1.92222364e+00  1.67777636e+00  2.30778169e+00  2.64333956e+00 
 4.10514000e-09  1.92272037e+00  1.67727963e+00  2.30727991e+00  2.64383052e+00 
 4.10564000e-09  1.92321590e+00  1.67678410e+00  2.30678382e+00  2.64431567e+00 
 4.10614000e-09  1.92371021e+00  1.67628979e+00  2.30629345e+00  2.64479501e+00 
 4.10664000e-09  1.92420329e+00  1.67579671e+00  2.30580882e+00  2.64526851e+00 
 4.10714000e-09  1.92469515e+00  1.67530485e+00  2.30532994e+00  2.64573616e+00 
 4.10764000e-09  1.92518578e+00  1.67481422e+00  2.30485683e+00  2.64619795e+00 
 4.10814000e-09  1.92567518e+00  1.67432482e+00  2.30438950e+00  2.64665387e+00 
 4.10864000e-09  1.92616333e+00  1.67383667e+00  2.30392796e+00  2.64710391e+00 
 4.10914000e-09  1.92665024e+00  1.67334976e+00  2.30347222e+00  2.64754805e+00 
 4.10964000e-09  1.92713590e+00  1.67286410e+00  2.30302230e+00  2.64798629e+00 
 4.11014000e-09  1.92762030e+00  1.67237970e+00  2.30257819e+00  2.64841863e+00 
 4.11064000e-09  1.92810345e+00  1.67189655e+00  2.30213991e+00  2.64884506e+00 
 4.11114000e-09  1.92858533e+00  1.67141467e+00  2.30170746e+00  2.64926559e+00 
 4.11164000e-09  1.92906594e+00  1.67093406e+00  2.30128085e+00  2.64968019e+00 
 4.11214000e-09  1.92954528e+00  1.67045472e+00  2.30086006e+00  2.65008889e+00 
 4.11264000e-09  1.93002334e+00  1.66997666e+00  2.30044511e+00  2.65049169e+00 
 4.11314000e-09  1.93050011e+00  1.66949989e+00  2.30003599e+00  2.65088858e+00 
 4.11364000e-09  1.93097560e+00  1.66902440e+00  2.29963270e+00  2.65127958e+00 
 4.11414000e-09  1.93144980e+00  1.66855020e+00  2.29923523e+00  2.65166469e+00 
 4.11464000e-09  1.93192269e+00  1.66807731e+00  2.29884357e+00  2.65204393e+00 
 4.11514000e-09  1.93239429e+00  1.66760571e+00  2.29845771e+00  2.65241730e+00 
 4.11564000e-09  1.93286458e+00  1.66713542e+00  2.29807765e+00  2.65278482e+00 
 4.11614000e-09  1.93333355e+00  1.66666645e+00  2.29770336e+00  2.65314651e+00 
 4.11664000e-09  1.93380122e+00  1.66619878e+00  2.29733484e+00  2.65350239e+00 
 4.11714000e-09  1.93426756e+00  1.66573244e+00  2.29697207e+00  2.65385247e+00 
 4.11764000e-09  1.93473257e+00  1.66526743e+00  2.29661502e+00  2.65419677e+00 
 4.11814000e-09  1.93519626e+00  1.66480374e+00  2.29626368e+00  2.65453533e+00 
 4.11864000e-09  1.93565861e+00  1.66434139e+00  2.29591803e+00  2.65486817e+00 
 4.11914000e-09  1.93611962e+00  1.66388038e+00  2.29557804e+00  2.65519530e+00 
 4.11964000e-09  1.93657929e+00  1.66342071e+00  2.29524368e+00  2.65551677e+00 
 4.12014000e-09  1.93703762e+00  1.66296238e+00  2.29491493e+00  2.65583261e+00 
 4.12064000e-09  1.93749458e+00  1.66250542e+00  2.29459176e+00  2.65614284e+00 
 4.12114000e-09  1.93795020e+00  1.66204980e+00  2.29427414e+00  2.65644751e+00 
 4.12164000e-09  1.93840445e+00  1.66159555e+00  2.29396202e+00  2.65674664e+00 
 4.12214000e-09  1.93885733e+00  1.66114267e+00  2.29365539e+00  2.65704028e+00 
 4.12264000e-09  1.93930884e+00  1.66069116e+00  2.29335419e+00  2.65732847e+00 
 4.12314000e-09  1.93975898e+00  1.66024102e+00  2.29305840e+00  2.65761125e+00 
 4.12364000e-09  1.94020774e+00  1.65979226e+00  2.29276797e+00  2.65788866e+00 
 4.12414000e-09  1.94065512e+00  1.65934488e+00  2.29248287e+00  2.65816075e+00 
 4.12464000e-09  1.94110111e+00  1.65889889e+00  2.29220303e+00  2.65842756e+00 
 4.12514000e-09  1.94154570e+00  1.65845430e+00  2.29192844e+00  2.65868915e+00 
 4.12564000e-09  1.94198890e+00  1.65801110e+00  2.29165902e+00  2.65894556e+00 
 4.12614000e-09  1.94243070e+00  1.65756930e+00  2.29139475e+00  2.65919684e+00 
 4.12664000e-09  1.94287109e+00  1.65712891e+00  2.29113557e+00  2.65944305e+00 
 4.12714000e-09  1.94331007e+00  1.65668993e+00  2.29088142e+00  2.65968424e+00 
 4.12764000e-09  1.94374764e+00  1.65625236e+00  2.29063226e+00  2.65992047e+00 
 4.12814000e-09  1.94418378e+00  1.65581622e+00  2.29038804e+00  2.66015179e+00 
 4.12864000e-09  1.94461851e+00  1.65538149e+00  2.29014870e+00  2.66037825e+00 
 4.12914000e-09  1.94505181e+00  1.65494819e+00  2.28991418e+00  2.66059992e+00 
 4.12964000e-09  1.94548367e+00  1.65451633e+00  2.28968443e+00  2.66081686e+00 
 4.13014000e-09  1.94591410e+00  1.65408590e+00  2.28945939e+00  2.66102913e+00 
 4.13064000e-09  1.94634309e+00  1.65365691e+00  2.28923900e+00  2.66123678e+00 
 4.13114000e-09  1.94677064e+00  1.65322936e+00  2.28902320e+00  2.66143989e+00 
 4.13164000e-09  1.94719673e+00  1.65280327e+00  2.28881194e+00  2.66163850e+00 
 4.13214000e-09  1.94762138e+00  1.65237862e+00  2.28860515e+00  2.66183270e+00 
 4.13264000e-09  1.94804456e+00  1.65195544e+00  2.28840277e+00  2.66202253e+00 
 4.13314000e-09  1.94846629e+00  1.65153371e+00  2.28820474e+00  2.66220807e+00 
 4.13364000e-09  1.94888655e+00  1.65111345e+00  2.28801099e+00  2.66238938e+00 
 4.13414000e-09  1.94930534e+00  1.65069466e+00  2.28782147e+00  2.66256653e+00 
 4.13464000e-09  1.94972266e+00  1.65027734e+00  2.28763610e+00  2.66273958e+00 
 4.13514000e-09  1.95013850e+00  1.64986150e+00  2.28745483e+00  2.66290859e+00 
 4.13564000e-09  1.95055286e+00  1.64944714e+00  2.28727760e+00  2.66307365e+00 
 4.13614000e-09  1.95096573e+00  1.64903427e+00  2.28710432e+00  2.66323480e+00 
 4.13664000e-09  1.95137711e+00  1.64862289e+00  2.28693495e+00  2.66339212e+00 
 4.13714000e-09  1.95178700e+00  1.64821300e+00  2.28676942e+00  2.66354568e+00 
 4.13764000e-09  1.95219539e+00  1.64780461e+00  2.28660765e+00  2.66369553e+00 
 4.13814000e-09  1.95260228e+00  1.64739772e+00  2.28644959e+00  2.66384176e+00 
 4.13864000e-09  1.95300766e+00  1.64699234e+00  2.28629518e+00  2.66398442e+00 
 4.13914000e-09  1.95341153e+00  1.64658847e+00  2.28614434e+00  2.66412359e+00 
 4.13964000e-09  1.95381389e+00  1.64618611e+00  2.28599701e+00  2.66425932e+00 
 4.14014000e-09  1.95421473e+00  1.64578527e+00  2.28585313e+00  2.66439168e+00 
 4.14064000e-09  1.95461405e+00  1.64538595e+00  2.28571263e+00  2.66452075e+00 
 4.14114000e-09  1.95501184e+00  1.64498816e+00  2.28557544e+00  2.66464658e+00 
 4.14164000e-09  1.95540810e+00  1.64459190e+00  2.28544152e+00  2.66476924e+00 
 4.14214000e-09  1.95580283e+00  1.64419717e+00  2.28531078e+00  2.66488879e+00 
 4.14264000e-09  1.95619602e+00  1.64380398e+00  2.28518318e+00  2.66500530e+00 
 4.14314000e-09  1.95658767e+00  1.64341233e+00  2.28505864e+00  2.66511883e+00 
 4.14364000e-09  1.95697777e+00  1.64302223e+00  2.28493710e+00  2.66522945e+00 
 4.14414000e-09  1.95736633e+00  1.64263367e+00  2.28481851e+00  2.66533721e+00 
 4.14464000e-09  1.95775333e+00  1.64224667e+00  2.28470279e+00  2.66544218e+00 
 4.14514000e-09  1.95813877e+00  1.64186123e+00  2.28458990e+00  2.66554442e+00 
 4.14564000e-09  1.95852265e+00  1.64147735e+00  2.28447977e+00  2.66564399e+00 
 4.14614000e-09  1.95890497e+00  1.64109503e+00  2.28437235e+00  2.66574095e+00 
 4.14664000e-09  1.95928572e+00  1.64071428e+00  2.28426756e+00  2.66583536e+00 
 4.14714000e-09  1.95966490e+00  1.64033510e+00  2.28416537e+00  2.66592727e+00 
 4.14764000e-09  1.96004250e+00  1.63995750e+00  2.28406570e+00  2.66601675e+00 
 4.14814000e-09  1.96041852e+00  1.63958148e+00  2.28396850e+00  2.66610384e+00 
 4.14864000e-09  1.96079296e+00  1.63920704e+00  2.28387373e+00  2.66618861e+00 
 4.14914000e-09  1.96116582e+00  1.63883418e+00  2.28378131e+00  2.66627111e+00 
 4.14964000e-09  1.96153708e+00  1.63846292e+00  2.28369121e+00  2.66635140e+00 
 4.15014000e-09  1.96190674e+00  1.63809326e+00  2.28360336e+00  2.66642952e+00 
 4.15064000e-09  1.96227481e+00  1.63772519e+00  2.28351772e+00  2.66650553e+00 
 4.15114000e-09  1.96264128e+00  1.63735872e+00  2.28343423e+00  2.66657948e+00 
 4.15164000e-09  1.96300614e+00  1.63699386e+00  2.28335283e+00  2.66665143e+00 
 4.15214000e-09  1.96336940e+00  1.63663060e+00  2.28327350e+00  2.66672141e+00 
 4.15264000e-09  1.96373104e+00  1.63626896e+00  2.28319616e+00  2.66678949e+00 
 4.15314000e-09  1.96409107e+00  1.63590893e+00  2.28312078e+00  2.66685570e+00 
 4.15364000e-09  1.96444947e+00  1.63555053e+00  2.28304731e+00  2.66692010e+00 
 4.15414000e-09  1.96480625e+00  1.63519375e+00  2.28297570e+00  2.66698273e+00 
 4.15464000e-09  1.96516141e+00  1.63483859e+00  2.28290590e+00  2.66704364e+00 
 4.15514000e-09  1.96551494e+00  1.63448506e+00  2.28283788e+00  2.66710287e+00 
 4.15564000e-09  1.96586683e+00  1.63413317e+00  2.28277158e+00  2.66716046e+00 
 4.15614000e-09  1.96621709e+00  1.63378291e+00  2.28270697e+00  2.66721646e+00 
 4.15664000e-09  1.96656570e+00  1.63343430e+00  2.28264400e+00  2.66727091e+00 
 4.15714000e-09  1.96691267e+00  1.63308733e+00  2.28258264e+00  2.66732385e+00 
 4.15764000e-09  1.96725800e+00  1.63274200e+00  2.28252283e+00  2.66737531e+00 
 4.15814000e-09  1.96760167e+00  1.63239833e+00  2.28246455e+00  2.66742535e+00 
 4.15864000e-09  1.96794369e+00  1.63205631e+00  2.28240775e+00  2.66747399e+00 
 4.15914000e-09  1.96828405e+00  1.63171595e+00  2.28235240e+00  2.66752128e+00 
 4.15964000e-09  1.96862275e+00  1.63137725e+00  2.28229845e+00  2.66756724e+00 
 4.16014000e-09  1.96895979e+00  1.63104021e+00  2.28224588e+00  2.66761192e+00 
 4.16064000e-09  1.96929516e+00  1.63070484e+00  2.28219465e+00  2.66765536e+00 
 4.16114000e-09  1.96962885e+00  1.63037115e+00  2.28214472e+00  2.66769758e+00 
 4.16164000e-09  1.96996088e+00  1.63003912e+00  2.28209605e+00  2.66773861e+00 
 4.16214000e-09  1.97029122e+00  1.62970878e+00  2.28204863e+00  2.66777850e+00 
 4.16264000e-09  1.97061989e+00  1.62938011e+00  2.28200241e+00  2.66781728e+00 
 4.16314000e-09  1.97094687e+00  1.62905313e+00  2.28195736e+00  2.66785496e+00 
 4.16364000e-09  1.97127217e+00  1.62872783e+00  2.28191345e+00  2.66789159e+00 
 4.16414000e-09  1.97159577e+00  1.62840423e+00  2.28187066e+00  2.66792719e+00 
 4.16464000e-09  1.97191768e+00  1.62808232e+00  2.28182895e+00  2.66796180e+00 
 4.16514000e-09  1.97223789e+00  1.62776211e+00  2.28178829e+00  2.66799544e+00 
 4.16564000e-09  1.97255641e+00  1.62744359e+00  2.28174866e+00  2.66802813e+00 
 4.16614000e-09  1.97287322e+00  1.62712678e+00  2.28171003e+00  2.66805991e+00 
 4.16664000e-09  1.97318832e+00  1.62681168e+00  2.28167237e+00  2.66809080e+00 
 4.16714000e-09  1.97350172e+00  1.62649828e+00  2.28163567e+00  2.66812082e+00 
 4.16764000e-09  1.97381340e+00  1.62618660e+00  2.28159988e+00  2.66815000e+00 
 4.16814000e-09  1.97412337e+00  1.62587663e+00  2.28156500e+00  2.66817837e+00 
 4.16864000e-09  1.97443162e+00  1.62556838e+00  2.28153098e+00  2.66820595e+00 
 4.16914000e-09  1.97473814e+00  1.62526186e+00  2.28149783e+00  2.66823275e+00 
 4.16964000e-09  1.97504295e+00  1.62495705e+00  2.28146549e+00  2.66825881e+00 
 4.17014000e-09  1.97534602e+00  1.62465398e+00  2.28143397e+00  2.66828415e+00 
 4.17064000e-09  1.97564737e+00  1.62435263e+00  2.28140324e+00  2.66830878e+00 
 4.17114000e-09  1.97594698e+00  1.62405302e+00  2.28137326e+00  2.66833272e+00 
 4.17164000e-09  1.97624485e+00  1.62375515e+00  2.28134404e+00  2.66835600e+00 
 4.17214000e-09  1.97654099e+00  1.62345901e+00  2.28131554e+00  2.66837864e+00 
 4.17264000e-09  1.97683538e+00  1.62316462e+00  2.28128774e+00  2.66840064e+00 
 4.17314000e-09  1.97712803e+00  1.62287197e+00  2.28126063e+00  2.66842205e+00 
 4.17364000e-09  1.97741893e+00  1.62258107e+00  2.28123420e+00  2.66844286e+00 
 4.17414000e-09  1.97770807e+00  1.62229193e+00  2.28120841e+00  2.66846310e+00 
 4.17464000e-09  1.97799547e+00  1.62200453e+00  2.28118326e+00  2.66848278e+00 
 4.17514000e-09  1.97828111e+00  1.62171889e+00  2.28115873e+00  2.66850192e+00 
 4.17564000e-09  1.97856498e+00  1.62143502e+00  2.28113480e+00  2.66852054e+00 
 4.17614000e-09  1.97884710e+00  1.62115290e+00  2.28111146e+00  2.66853865e+00 
 4.17664000e-09  1.97912745e+00  1.62087255e+00  2.28108868e+00  2.66855627e+00 
 4.17714000e-09  1.97940603e+00  1.62059397e+00  2.28106647e+00  2.66857341e+00 
 4.17764000e-09  1.97968284e+00  1.62031716e+00  2.28104479e+00  2.66859009e+00 
 4.17814000e-09  1.97995788e+00  1.62004212e+00  2.28102365e+00  2.66860632e+00 
 4.17864000e-09  1.98023114e+00  1.61976886e+00  2.28100302e+00  2.66862211e+00 
 4.17914000e-09  1.98050263e+00  1.61949737e+00  2.28098289e+00  2.66863748e+00 
 4.17964000e-09  1.98077233e+00  1.61922767e+00  2.28096325e+00  2.66865243e+00 
 4.18014000e-09  1.98104025e+00  1.61895975e+00  2.28094408e+00  2.66866699e+00 
 4.18064000e-09  1.98130638e+00  1.61869362e+00  2.28092538e+00  2.66868116e+00 
 4.18114000e-09  1.98157072e+00  1.61842928e+00  2.28090713e+00  2.66869496e+00 
 4.18164000e-09  1.98183327e+00  1.61816673e+00  2.28088932e+00  2.66870839e+00 
 4.18214000e-09  1.98209402e+00  1.61790598e+00  2.28087194e+00  2.66872147e+00 
 4.18264000e-09  1.98235298e+00  1.61764702e+00  2.28085498e+00  2.66873421e+00 
 4.18314000e-09  1.98261014e+00  1.61738986e+00  2.28083843e+00  2.66874662e+00 
 4.18364000e-09  1.98286550e+00  1.61713450e+00  2.28082228e+00  2.66875870e+00 
 4.18414000e-09  1.98311905e+00  1.61688095e+00  2.28080652e+00  2.66877048e+00 
 4.18464000e-09  1.98337079e+00  1.61662921e+00  2.28079113e+00  2.66878195e+00 
 4.18514000e-09  1.98362072e+00  1.61637928e+00  2.28077611e+00  2.66879313e+00 
 4.18564000e-09  1.98386885e+00  1.61613115e+00  2.28076146e+00  2.66880403e+00 
 4.18614000e-09  1.98411515e+00  1.61588485e+00  2.28074716e+00  2.66881465e+00 
 4.18664000e-09  1.98435964e+00  1.61564036e+00  2.28073319e+00  2.66882500e+00 
 4.18714000e-09  1.98460231e+00  1.61539769e+00  2.28071957e+00  2.66883510e+00 
 4.18764000e-09  1.98484316e+00  1.61515684e+00  2.28070627e+00  2.66884494e+00 
 4.18814000e-09  1.98508218e+00  1.61491782e+00  2.28069329e+00  2.66885454e+00 
 4.18864000e-09  1.98531938e+00  1.61468062e+00  2.28068062e+00  2.66886391e+00 
 4.18914000e-09  1.98555475e+00  1.61444525e+00  2.28066826e+00  2.66887305e+00 
 4.18964000e-09  1.98578829e+00  1.61421171e+00  2.28065619e+00  2.66888197e+00 
 4.19014000e-09  1.98601999e+00  1.61398001e+00  2.28064442e+00  2.66889067e+00 
 4.19064000e-09  1.98624986e+00  1.61375014e+00  2.28063292e+00  2.66889917e+00 
 4.19114000e-09  1.98647789e+00  1.61352211e+00  2.28062171e+00  2.66890747e+00 
 4.19164000e-09  1.98670407e+00  1.61329593e+00  2.28061076e+00  2.66891557e+00 
 4.19214000e-09  1.98692842e+00  1.61307158e+00  2.28060008e+00  2.66892348e+00 
 4.19264000e-09  1.98715092e+00  1.61284908e+00  2.28058965e+00  2.66893121e+00 
 4.19314000e-09  1.98737157e+00  1.61262843e+00  2.28057948e+00  2.66893876e+00 
 4.19364000e-09  1.98759038e+00  1.61240962e+00  2.28056955e+00  2.66894614e+00 
 4.19414000e-09  1.98780733e+00  1.61219267e+00  2.28055987e+00  2.66895335e+00 
 4.19464000e-09  1.98802243e+00  1.61197757e+00  2.28055042e+00  2.66896041e+00 
 4.19514000e-09  1.98823567e+00  1.61176433e+00  2.28054120e+00  2.66896730e+00 
 4.19564000e-09  1.98844706e+00  1.61155294e+00  2.28053220e+00  2.66897405e+00 
 4.19614000e-09  1.98865659e+00  1.61134341e+00  2.28052342e+00  2.66898064e+00 
 4.19664000e-09  1.98886425e+00  1.61113575e+00  2.28051486e+00  2.66898710e+00 
 4.19714000e-09  1.98907005e+00  1.61092995e+00  2.28050650e+00  2.66899342e+00 
 4.19764000e-09  1.98927399e+00  1.61072601e+00  2.28049835e+00  2.66899960e+00 
 4.19814000e-09  1.98947605e+00  1.61052395e+00  2.28049041e+00  2.66900566e+00 
 4.19864000e-09  1.98967625e+00  1.61032375e+00  2.28048265e+00  2.66901158e+00 
 4.19914000e-09  1.98987457e+00  1.61012543e+00  2.28047509e+00  2.66901739e+00 
 4.19964000e-09  1.99007102e+00  1.60992898e+00  2.28046772e+00  2.66902308e+00 
 4.20014000e-09  1.99026559e+00  1.60973441e+00  2.28046052e+00  2.66902865e+00 
 4.20064000e-09  1.99045829e+00  1.60954171e+00  2.28045351e+00  2.66903412e+00 
 4.20114000e-09  1.99064911e+00  1.60935089e+00  2.28044667e+00  2.66903947e+00 
 4.20164000e-09  1.99083804e+00  1.60916196e+00  2.28044001e+00  2.66904472e+00 
 4.20214000e-09  1.99102509e+00  1.60897491e+00  2.28043351e+00  2.66904987e+00 
 4.20264000e-09  1.99121026e+00  1.60878974e+00  2.28042717e+00  2.66905492e+00 
 4.20314000e-09  1.99139354e+00  1.60860646e+00  2.28042099e+00  2.66905988e+00 
 4.20364000e-09  1.99157493e+00  1.60842507e+00  2.28041497e+00  2.66906474e+00 
 4.20414000e-09  1.99175443e+00  1.60824557e+00  2.28040910e+00  2.66906951e+00 
 4.20464000e-09  1.99193203e+00  1.60806797e+00  2.28040338e+00  2.66907419e+00 
 4.20514000e-09  1.99210775e+00  1.60789225e+00  2.28039781e+00  2.66907879e+00 
 4.20564000e-09  1.99228156e+00  1.60771844e+00  2.28039238e+00  2.66908331e+00 
 4.20614000e-09  1.99245348e+00  1.60754652e+00  2.28038709e+00  2.66908775e+00 
 4.20664000e-09  1.99262350e+00  1.60737650e+00  2.28038193e+00  2.66909210e+00 
 4.20714000e-09  1.99279162e+00  1.60720838e+00  2.28037692e+00  2.66909639e+00 
 4.20764000e-09  1.99295783e+00  1.60704217e+00  2.28037203e+00  2.66910059e+00 
 4.20814000e-09  1.99312214e+00  1.60687786e+00  2.28036727e+00  2.66910473e+00 
 4.20864000e-09  1.99328455e+00  1.60671545e+00  2.28036263e+00  2.66910880e+00 
 4.20914000e-09  1.99344504e+00  1.60655496e+00  2.28035812e+00  2.66911280e+00 
 4.20964000e-09  1.99360363e+00  1.60639637e+00  2.28035373e+00  2.66911674e+00 
 4.21014000e-09  1.99376031e+00  1.60623969e+00  2.28034946e+00  2.66912061e+00 
 4.21064000e-09  1.99391507e+00  1.60608493e+00  2.28034530e+00  2.66912442e+00 
 4.21114000e-09  1.99406792e+00  1.60593208e+00  2.28034126e+00  2.66912816e+00 
 4.21164000e-09  1.99421886e+00  1.60578114e+00  2.28033732e+00  2.66913186e+00 
 4.21214000e-09  1.99436788e+00  1.60563212e+00  2.28033350e+00  2.66913549e+00 
 4.21264000e-09  1.99451498e+00  1.60548502e+00  2.28032979e+00  2.66913907e+00 
 4.21314000e-09  1.99466016e+00  1.60533984e+00  2.28032618e+00  2.66914259e+00 
 4.21364000e-09  1.99480342e+00  1.60519658e+00  2.28032267e+00  2.66914607e+00 
 4.21414000e-09  1.99494475e+00  1.60505525e+00  2.28031926e+00  2.66914949e+00 
 4.21464000e-09  1.99508417e+00  1.60491583e+00  2.28031596e+00  2.66915286e+00 
 4.21514000e-09  1.99522165e+00  1.60477835e+00  2.28031275e+00  2.66915619e+00 
 4.21564000e-09  1.99535722e+00  1.60464278e+00  2.28030964e+00  2.66915947e+00 
 4.21614000e-09  1.99549085e+00  1.60450915e+00  2.28030663e+00  2.66916270e+00 
 4.21664000e-09  1.99562255e+00  1.60437745e+00  2.28030371e+00  2.66916589e+00 
 4.21714000e-09  1.99575232e+00  1.60424768e+00  2.28030088e+00  2.66916904e+00 
 4.21764000e-09  1.99588016e+00  1.60411984e+00  2.28029814e+00  2.66917215e+00 
 4.21814000e-09  1.99600607e+00  1.60399393e+00  2.28029549e+00  2.66917522e+00 
 4.21864000e-09  1.99613004e+00  1.60386996e+00  2.28029293e+00  2.66917825e+00 
 4.21914000e-09  1.99625208e+00  1.60374792e+00  2.28029046e+00  2.66918125e+00 
 4.21964000e-09  1.99637218e+00  1.60362782e+00  2.28028808e+00  2.66918421e+00 
 4.22014000e-09  1.99649034e+00  1.60350966e+00  2.28028578e+00  2.66918713e+00 
 4.22064000e-09  1.99660656e+00  1.60339344e+00  2.28028356e+00  2.66919002e+00 
 4.22114000e-09  1.99672084e+00  1.60327916e+00  2.28028143e+00  2.66919288e+00 
 4.22164000e-09  1.99683318e+00  1.60316682e+00  2.28027938e+00  2.66919571e+00 
 4.22214000e-09  1.99694358e+00  1.60305642e+00  2.28027741e+00  2.66919851e+00 
 4.22264000e-09  1.99705204e+00  1.60294796e+00  2.28027552e+00  2.66920128e+00 
 4.22314000e-09  1.99715855e+00  1.60284145e+00  2.28027371e+00  2.66920403e+00 
 4.22364000e-09  1.99726311e+00  1.60273689e+00  2.28027198e+00  2.66920674e+00 
 4.22414000e-09  1.99736573e+00  1.60263427e+00  2.28027033e+00  2.66920943e+00 
 4.22464000e-09  1.99746639e+00  1.60253361e+00  2.28026876e+00  2.66921210e+00 
 4.22514000e-09  1.99756511e+00  1.60243489e+00  2.28026726e+00  2.66921474e+00 
 4.22564000e-09  1.99766188e+00  1.60233812e+00  2.28026584e+00  2.66921736e+00 
 4.22614000e-09  1.99775670e+00  1.60224330e+00  2.28026450e+00  2.66921996e+00 
 4.22664000e-09  1.99784957e+00  1.60215043e+00  2.28026323e+00  2.66922254e+00 
 4.22714000e-09  1.99794048e+00  1.60205952e+00  2.28026203e+00  2.66922510e+00 
 4.22764000e-09  1.99802944e+00  1.60197056e+00  2.28026091e+00  2.66922764e+00 
 4.22814000e-09  1.99811645e+00  1.60188355e+00  2.28025987e+00  2.66923016e+00 
 4.22864000e-09  1.99820150e+00  1.60179850e+00  2.28025889e+00  2.66923267e+00 
 4.22914000e-09  1.99828460e+00  1.60171540e+00  2.28025799e+00  2.66923515e+00 
 4.22964000e-09  1.99836573e+00  1.60163427e+00  2.28025716e+00  2.66923763e+00 
 4.23014000e-09  1.99844491e+00  1.60155509e+00  2.28025640e+00  2.66924009e+00 
 4.23064000e-09  1.99852213e+00  1.60147787e+00  2.28025571e+00  2.66924253e+00 
 4.23114000e-09  1.99859740e+00  1.60140260e+00  2.28025509e+00  2.66924496e+00 
 4.23164000e-09  1.99867070e+00  1.60132930e+00  2.28025455e+00  2.66924738e+00 
 4.23214000e-09  1.99874204e+00  1.60125796e+00  2.28025407e+00  2.66924979e+00 
 4.23264000e-09  1.99881142e+00  1.60118858e+00  2.28025366e+00  2.66925218e+00 
 4.23314000e-09  1.99887884e+00  1.60112116e+00  2.28025332e+00  2.66925457e+00 
 4.23364000e-09  1.99894429e+00  1.60105571e+00  2.28025305e+00  2.66925694e+00 
 4.23414000e-09  1.99900778e+00  1.60099222e+00  2.28025285e+00  2.66925931e+00 
 4.23464000e-09  1.99906931e+00  1.60093069e+00  2.28025272e+00  2.66926167e+00 
 4.23514000e-09  1.99912887e+00  1.60087113e+00  2.28025265e+00  2.66926402e+00 
 4.23564000e-09  1.99918647e+00  1.60081353e+00  2.28025265e+00  2.66926636e+00 
 4.23614000e-09  1.99924210e+00  1.60075790e+00  2.28025272e+00  2.66926870e+00 
 4.23664000e-09  1.99929576e+00  1.60070424e+00  2.28025285e+00  2.66927103e+00 
 4.23714000e-09  1.99934746e+00  1.60065254e+00  2.28025305e+00  2.66927335e+00 
 4.23764000e-09  1.99939719e+00  1.60060281e+00  2.28025331e+00  2.66927567e+00 
 4.23814000e-09  1.99944496e+00  1.60055504e+00  2.28025364e+00  2.66927798e+00 
 4.23864000e-09  1.99949075e+00  1.60050925e+00  2.28025404e+00  2.66928029e+00 
 4.23914000e-09  1.99953457e+00  1.60046543e+00  2.28025450e+00  2.66928259e+00 
 4.23964000e-09  1.99957643e+00  1.60042357e+00  2.28025503e+00  2.66928489e+00 
 4.24014000e-09  1.99961632e+00  1.60038368e+00  2.28025562e+00  2.66928719e+00 
 4.24064000e-09  1.99965423e+00  1.60034577e+00  2.28025627e+00  2.66928949e+00 
 4.24114000e-09  1.99969018e+00  1.60030982e+00  2.28025699e+00  2.66929178e+00 
 4.24164000e-09  1.99972415e+00  1.60027585e+00  2.28025777e+00  2.66929407e+00 
 4.24214000e-09  1.99975615e+00  1.60024385e+00  2.28025862e+00  2.66929636e+00 
 4.24264000e-09  1.99978619e+00  1.60021381e+00  2.28025952e+00  2.66929865e+00 
 4.24314000e-09  1.99981424e+00  1.60018576e+00  2.28026050e+00  2.66930093e+00 
 4.24364000e-09  1.99984033e+00  1.60015967e+00  2.28026153e+00  2.66930322e+00 
 4.24414000e-09  1.99986445e+00  1.60013555e+00  2.28026263e+00  2.66930550e+00 
 4.24464000e-09  1.99988659e+00  1.60011341e+00  2.28026379e+00  2.66930779e+00 
 4.24514000e-09  1.99990676e+00  1.60009324e+00  2.28026501e+00  2.66931007e+00 
 4.24564000e-09  1.99992496e+00  1.60007504e+00  2.28026629e+00  2.66931236e+00 
 4.24614000e-09  1.99994118e+00  1.60005882e+00  2.28026763e+00  2.66931464e+00 
 4.24664000e-09  1.99995543e+00  1.60004457e+00  2.28026904e+00  2.66931693e+00 
 4.24714000e-09  1.99996771e+00  1.60003229e+00  2.28027051e+00  2.66931922e+00 
 4.24764000e-09  1.99997801e+00  1.60002199e+00  2.28027204e+00  2.66932150e+00 
 4.24814000e-09  1.99998634e+00  1.60001366e+00  2.28027363e+00  2.66932379e+00 
 4.24864000e-09  1.99999270e+00  1.60000730e+00  2.28027528e+00  2.66932609e+00 
 4.24914000e-09  1.99999708e+00  1.60000292e+00  2.28027699e+00  2.66932838e+00 
 4.24964000e-09  1.99999949e+00  1.60000051e+00  2.28027876e+00  2.66933067e+00 
 4.25014000e-09  1.99999992e+00  1.60000008e+00  2.28028059e+00  2.66933297e+00 
 4.25064000e-09  1.99999838e+00  1.60000162e+00  2.28028249e+00  2.66933527e+00 
 4.25114000e-09  1.99999487e+00  1.60000513e+00  2.28028444e+00  2.66933757e+00 
 4.25164000e-09  1.99998938e+00  1.60001062e+00  2.28028645e+00  2.66933988e+00 
 4.25214000e-09  1.99998192e+00  1.60001808e+00  2.28028853e+00  2.66934218e+00 
 4.25264000e-09  1.99997249e+00  1.60002751e+00  2.28029066e+00  2.66934449e+00 
 4.25314000e-09  1.99996108e+00  1.60003892e+00  2.28029286e+00  2.66934680e+00 
 4.25364000e-09  1.99994769e+00  1.60005231e+00  2.28029511e+00  2.66934912e+00 
 4.25414000e-09  1.99993234e+00  1.60006766e+00  2.28029742e+00  2.66935143e+00 
 4.25464000e-09  1.99991501e+00  1.60008499e+00  2.28029979e+00  2.66935375e+00 
 4.25514000e-09  1.99989571e+00  1.60010429e+00  2.28030223e+00  2.66935608e+00 
 4.25564000e-09  1.99987443e+00  1.60012557e+00  2.28030472e+00  2.66935840e+00 
 4.25614000e-09  1.99985119e+00  1.60014881e+00  2.28030727e+00  2.66936073e+00 
 4.25664000e-09  1.99982597e+00  1.60017403e+00  2.28030988e+00  2.66936306e+00 
 4.25714000e-09  1.99979877e+00  1.60020123e+00  2.28031255e+00  2.66936540e+00 
 4.25764000e-09  1.99976961e+00  1.60023039e+00  2.28031528e+00  2.66936773e+00 
 4.25814000e-09  1.99973847e+00  1.60026153e+00  2.28031807e+00  2.66937007e+00 
 4.25864000e-09  1.99970537e+00  1.60029463e+00  2.28032092e+00  2.66937242e+00 
 4.25914000e-09  1.99967029e+00  1.60032971e+00  2.28032383e+00  2.66937477e+00 
 4.25964000e-09  1.99963324e+00  1.60036676e+00  2.28032680e+00  2.66937711e+00 
 4.26014000e-09  1.99959422e+00  1.60040578e+00  2.28032982e+00  2.66937947e+00 
 4.26064000e-09  1.99955323e+00  1.60044677e+00  2.28033291e+00  2.66938182e+00 
 4.26114000e-09  1.99951027e+00  1.60048973e+00  2.28033606e+00  2.66938418e+00 
 4.26164000e-09  1.99946535e+00  1.60053465e+00  2.28033926e+00  2.66938654e+00 
 4.26214000e-09  1.99941845e+00  1.60058155e+00  2.28034253e+00  2.66938890e+00 
 4.26264000e-09  1.99936959e+00  1.60063041e+00  2.28034585e+00  2.66939127e+00 
 4.26314000e-09  1.99931875e+00  1.60068125e+00  2.28034924e+00  2.66939364e+00 
 4.26364000e-09  1.99926596e+00  1.60073404e+00  2.28035269e+00  2.66939601e+00 
 4.26414000e-09  1.99921119e+00  1.60078881e+00  2.28035619e+00  2.66939838e+00 
 4.26464000e-09  1.99915446e+00  1.60084554e+00  2.28035976e+00  2.66940075e+00 
 4.26514000e-09  1.99909576e+00  1.60090424e+00  2.28036338e+00  2.66940313e+00 
 4.26564000e-09  1.99903510e+00  1.60096490e+00  2.28036707e+00  2.66940551e+00 
 4.26614000e-09  1.99897247e+00  1.60102753e+00  2.28037081e+00  2.66940789e+00 
 4.26664000e-09  1.99890788e+00  1.60109212e+00  2.28037462e+00  2.66941027e+00 
 4.26714000e-09  1.99884133e+00  1.60115867e+00  2.28037849e+00  2.66941265e+00 
 4.26764000e-09  1.99877281e+00  1.60122719e+00  2.28038242e+00  2.66941503e+00 
 4.26814000e-09  1.99870233e+00  1.60129767e+00  2.28038641e+00  2.66941741e+00 
 4.26864000e-09  1.99862989e+00  1.60137011e+00  2.28039046e+00  2.66941980e+00 
 4.26914000e-09  1.99855549e+00  1.60144451e+00  2.28039457e+00  2.66942218e+00 
 4.26964000e-09  1.99847913e+00  1.60152087e+00  2.28039874e+00  2.66942457e+00 
 4.27014000e-09  1.99840081e+00  1.60159919e+00  2.28040298e+00  2.66942695e+00 
 4.27064000e-09  1.99832054e+00  1.60167946e+00  2.28040728e+00  2.66942934e+00 
 4.27114000e-09  1.99823830e+00  1.60176170e+00  2.28041163e+00  2.66943172e+00 
 4.27164000e-09  1.99815411e+00  1.60184589e+00  2.28041606e+00  2.66943410e+00 
 4.27214000e-09  1.99806797e+00  1.60193203e+00  2.28042054e+00  2.66943649e+00 
 4.27264000e-09  1.99797987e+00  1.60202013e+00  2.28042509e+00  2.66943887e+00 
 4.27314000e-09  1.99788981e+00  1.60211019e+00  2.28042970e+00  2.66944125e+00 
 4.27364000e-09  1.99779780e+00  1.60220220e+00  2.28043437e+00  2.66944362e+00 
 4.27414000e-09  1.99770384e+00  1.60229616e+00  2.28043911e+00  2.66944600e+00 
 4.27464000e-09  1.99760793e+00  1.60239207e+00  2.28044392e+00  2.66944837e+00 
 4.27514000e-09  1.99751007e+00  1.60248993e+00  2.28044878e+00  2.66945073e+00 
 4.27564000e-09  1.99741026e+00  1.60258974e+00  2.28045371e+00  2.66945310e+00 
 4.27614000e-09  1.99730850e+00  1.60269150e+00  2.28045871e+00  2.66945546e+00 
 4.27664000e-09  1.99720479e+00  1.60279521e+00  2.28046377e+00  2.66945782e+00 
 4.27714000e-09  1.99709914e+00  1.60290086e+00  2.28046890e+00  2.66946017e+00 
 4.27764000e-09  1.99699154e+00  1.60300846e+00  2.28047409e+00  2.66946251e+00 
 4.27814000e-09  1.99688200e+00  1.60311800e+00  2.28047935e+00  2.66946485e+00 
 4.27864000e-09  1.99677051e+00  1.60322949e+00  2.28048468e+00  2.66946719e+00 
 4.27914000e-09  1.99665709e+00  1.60334291e+00  2.28049007e+00  2.66946952e+00 
 4.27964000e-09  1.99654172e+00  1.60345828e+00  2.28049554e+00  2.66947184e+00 
 4.28014000e-09  1.99642441e+00  1.60357559e+00  2.28050107e+00  2.66947415e+00 
 4.28064000e-09  1.99630516e+00  1.60369484e+00  2.28050667e+00  2.66947646e+00 
 4.28114000e-09  1.99618398e+00  1.60381602e+00  2.28051234e+00  2.66947875e+00 
 4.28164000e-09  1.99606086e+00  1.60393914e+00  2.28051807e+00  2.66948104e+00 
 4.28214000e-09  1.99593580e+00  1.60406420e+00  2.28052388e+00  2.66948332e+00 
 4.28264000e-09  1.99580881e+00  1.60419119e+00  2.28052976e+00  2.66948559e+00 
 4.28314000e-09  1.99567989e+00  1.60432011e+00  2.28053571e+00  2.66948784e+00 
 4.28364000e-09  1.99554903e+00  1.60445097e+00  2.28054173e+00  2.66949009e+00 
 4.28414000e-09  1.99541625e+00  1.60458375e+00  2.28054783e+00  2.66949232e+00 
 4.28464000e-09  1.99528154e+00  1.60471846e+00  2.28055400e+00  2.66949454e+00 
 4.28514000e-09  1.99514490e+00  1.60485510e+00  2.28056024e+00  2.66949674e+00 
 4.28564000e-09  1.99500633e+00  1.60499367e+00  2.28056655e+00  2.66949893e+00 
 4.28614000e-09  1.99486584e+00  1.60513416e+00  2.28057294e+00  2.66950111e+00 
 4.28664000e-09  1.99472343e+00  1.60527657e+00  2.28057941e+00  2.66950327e+00 
 4.28714000e-09  1.99457909e+00  1.60542091e+00  2.28058595e+00  2.66950541e+00 
 4.28764000e-09  1.99443284e+00  1.60556716e+00  2.28059257e+00  2.66950754e+00 
 4.28814000e-09  1.99428466e+00  1.60571534e+00  2.28059927e+00  2.66950964e+00 
 4.28864000e-09  1.99413457e+00  1.60586543e+00  2.28060605e+00  2.66951173e+00 
 4.28914000e-09  1.99398256e+00  1.60601744e+00  2.28061290e+00  2.66951380e+00 
 4.28964000e-09  1.99382864e+00  1.60617136e+00  2.28061984e+00  2.66951584e+00 
 4.29014000e-09  1.99367281e+00  1.60632719e+00  2.28062685e+00  2.66951787e+00 
 4.29064000e-09  1.99351506e+00  1.60648494e+00  2.28063395e+00  2.66951987e+00 
 4.29114000e-09  1.99335540e+00  1.60664460e+00  2.28064114e+00  2.66952185e+00 
 4.29164000e-09  1.99319384e+00  1.60680616e+00  2.28064840e+00  2.66952380e+00 
 4.29214000e-09  1.99303036e+00  1.60696964e+00  2.28065575e+00  2.66952572e+00 
 4.29264000e-09  1.99286499e+00  1.60713501e+00  2.28066319e+00  2.66952762e+00 
 4.29314000e-09  1.99269771e+00  1.60730229e+00  2.28067071e+00  2.66952949e+00 
 4.29364000e-09  1.99252852e+00  1.60747148e+00  2.28067832e+00  2.66953133e+00 
 4.29414000e-09  1.99235744e+00  1.60764256e+00  2.28068602e+00  2.66953314e+00 
 4.29464000e-09  1.99218446e+00  1.60781554e+00  2.28069381e+00  2.66953492e+00 
 4.29514000e-09  1.99200958e+00  1.60799042e+00  2.28070169e+00  2.66953667e+00 
 4.29564000e-09  1.99183281e+00  1.60816719e+00  2.28070967e+00  2.66953838e+00 
 4.29614000e-09  1.99165414e+00  1.60834586e+00  2.28071773e+00  2.66954005e+00 
 4.29664000e-09  1.99147358e+00  1.60852642e+00  2.28072590e+00  2.66954169e+00 
 4.29714000e-09  1.99129113e+00  1.60870887e+00  2.28073415e+00  2.66954329e+00 
 4.29764000e-09  1.99110680e+00  1.60889320e+00  2.28074251e+00  2.66954484e+00 
 4.29814000e-09  1.99092058e+00  1.60907942e+00  2.28075096e+00  2.66954636e+00 
 4.29864000e-09  1.99073247e+00  1.60926753e+00  2.28075952e+00  2.66954783e+00 
 4.29914000e-09  1.99054248e+00  1.60945752e+00  2.28076818e+00  2.66954926e+00 
 4.29964000e-09  1.99035061e+00  1.60964939e+00  2.28077694e+00  2.66955064e+00 
 4.30014000e-09  1.99015686e+00  1.60984314e+00  2.28078580e+00  2.66955197e+00 
 4.30064000e-09  1.98996124e+00  1.61003876e+00  2.28079477e+00  2.66955325e+00 
 4.30114000e-09  1.98976374e+00  1.61023626e+00  2.28080385e+00  2.66955448e+00 
 4.30164000e-09  1.98956437e+00  1.61043563e+00  2.28081304e+00  2.66955566e+00 
 4.30214000e-09  1.98936312e+00  1.61063688e+00  2.28082234e+00  2.66955678e+00 
 4.30264000e-09  1.98916001e+00  1.61083999e+00  2.28083176e+00  2.66955784e+00 
 4.30314000e-09  1.98895503e+00  1.61104497e+00  2.28084129e+00  2.66955885e+00 
 4.30364000e-09  1.98874819e+00  1.61125181e+00  2.28085094e+00  2.66955979e+00 
 4.30414000e-09  1.98853948e+00  1.61146052e+00  2.28086070e+00  2.66956067e+00 
 4.30464000e-09  1.98832891e+00  1.61167109e+00  2.28087059e+00  2.66956148e+00 
 4.30514000e-09  1.98811649e+00  1.61188351e+00  2.28088060e+00  2.66956222e+00 
 4.30564000e-09  1.98790220e+00  1.61209780e+00  2.28089074e+00  2.66956289e+00 
 4.30614000e-09  1.98768607e+00  1.61231393e+00  2.28090100e+00  2.66956349e+00 
 4.30664000e-09  1.98746808e+00  1.61253192e+00  2.28091140e+00  2.66956401e+00 
 4.30714000e-09  1.98724824e+00  1.61275176e+00  2.28092193e+00  2.66956445e+00 
 4.30764000e-09  1.98702655e+00  1.61297345e+00  2.28093259e+00  2.66956481e+00 
 4.30814000e-09  1.98680301e+00  1.61319699e+00  2.28094339e+00  2.66956509e+00 
 4.30864000e-09  1.98657763e+00  1.61342237e+00  2.28095433e+00  2.66956528e+00 
 4.30914000e-09  1.98635042e+00  1.61364958e+00  2.28096541e+00  2.66956538e+00 
 4.30964000e-09  1.98612136e+00  1.61387864e+00  2.28097664e+00  2.66956539e+00 
 4.31014000e-09  1.98589046e+00  1.61410954e+00  2.28098801e+00  2.66956530e+00 
 4.31064000e-09  1.98565773e+00  1.61434227e+00  2.28099954e+00  2.66956512e+00 
 4.31114000e-09  1.98542317e+00  1.61457683e+00  2.28101122e+00  2.66956483e+00 
 4.31164000e-09  1.98518678e+00  1.61481322e+00  2.28102306e+00  2.66956443e+00 
 4.31214000e-09  1.98494856e+00  1.61505144e+00  2.28103507e+00  2.66956393e+00 
 4.31264000e-09  1.98470851e+00  1.61529149e+00  2.28104723e+00  2.66956331e+00 
 4.31314000e-09  1.98446664e+00  1.61553336e+00  2.28105956e+00  2.66956257e+00 
 4.31364000e-09  1.98422295e+00  1.61577705e+00  2.28107207e+00  2.66956172e+00 
 4.31414000e-09  1.98397744e+00  1.61602256e+00  2.28108474e+00  2.66956074e+00 
 4.31464000e-09  1.98373012e+00  1.61626988e+00  2.28109760e+00  2.66955963e+00 
 4.31514000e-09  1.98348098e+00  1.61651902e+00  2.28111064e+00  2.66955839e+00 
 4.31564000e-09  1.98323004e+00  1.61676996e+00  2.28112387e+00  2.66955701e+00 
 4.31614000e-09  1.98297728e+00  1.61702272e+00  2.28113728e+00  2.66955549e+00 
 4.31664000e-09  1.98272272e+00  1.61727728e+00  2.28115089e+00  2.66955383e+00 
 4.31714000e-09  1.98246635e+00  1.61753365e+00  2.28116470e+00  2.66955201e+00 
 4.31764000e-09  1.98220819e+00  1.61779181e+00  2.28117871e+00  2.66955004e+00 
 4.31814000e-09  1.98194822e+00  1.61805178e+00  2.28119294e+00  2.66954791e+00 
 4.31864000e-09  1.98168646e+00  1.61831354e+00  2.28120737e+00  2.66954561e+00 
 4.31914000e-09  1.98142291e+00  1.61857709e+00  2.28122202e+00  2.66954313e+00 
 4.31964000e-09  1.98115757e+00  1.61884243e+00  2.28123690e+00  2.66954049e+00 
 4.32014000e-09  1.98089043e+00  1.61910957e+00  2.28125201e+00  2.66953766e+00 
 4.32064000e-09  1.98062152e+00  1.61937848e+00  2.28126734e+00  2.66953464e+00 
 4.32114000e-09  1.98035082e+00  1.61964918e+00  2.28128292e+00  2.66953142e+00 
 4.32164000e-09  1.98007834e+00  1.61992166e+00  2.28129875e+00  2.66952801e+00 
 4.32214000e-09  1.97980408e+00  1.62019592e+00  2.28131482e+00  2.66952438e+00 
 4.32264000e-09  1.97952805e+00  1.62047195e+00  2.28133115e+00  2.66952055e+00 
 4.32314000e-09  1.97925024e+00  1.62074976e+00  2.28134775e+00  2.66951649e+00 
 4.32364000e-09  1.97897067e+00  1.62102933e+00  2.28136462e+00  2.66951221e+00 
 4.32414000e-09  1.97868933e+00  1.62131067e+00  2.28138176e+00  2.66950769e+00 
 4.32464000e-09  1.97840623e+00  1.62159377e+00  2.28139919e+00  2.66950292e+00 
 4.32514000e-09  1.97812137e+00  1.62187863e+00  2.28141691e+00  2.66949791e+00 
 4.32564000e-09  1.97783474e+00  1.62216526e+00  2.28143493e+00  2.66949264e+00 
 4.32614000e-09  1.97754637e+00  1.62245363e+00  2.28145325e+00  2.66948710e+00 
 4.32664000e-09  1.97725624e+00  1.62274376e+00  2.28147189e+00  2.66948128e+00 
 4.32714000e-09  1.97696436e+00  1.62303564e+00  2.28149085e+00  2.66947519e+00 
 4.32764000e-09  1.97667074e+00  1.62332926e+00  2.28151014e+00  2.66946880e+00 
 4.32814000e-09  1.97637537e+00  1.62362463e+00  2.28152978e+00  2.66946210e+00 
 4.32864000e-09  1.97607826e+00  1.62392174e+00  2.28154975e+00  2.66945510e+00 
 4.32914000e-09  1.97577941e+00  1.62422059e+00  2.28157009e+00  2.66944777e+00 
 4.32964000e-09  1.97547883e+00  1.62452117e+00  2.28159080e+00  2.66944011e+00 
 4.33014000e-09  1.97517651e+00  1.62482349e+00  2.28161188e+00  2.66943211e+00 
 4.33064000e-09  1.97487247e+00  1.62512753e+00  2.28163335e+00  2.66942376e+00 
 4.33114000e-09  1.97456670e+00  1.62543330e+00  2.28165521e+00  2.66941504e+00 
 4.33164000e-09  1.97425921e+00  1.62574079e+00  2.28167748e+00  2.66940595e+00 
 4.33214000e-09  1.97395000e+00  1.62605000e+00  2.28170018e+00  2.66939647e+00 
 4.33264000e-09  1.97363907e+00  1.62636093e+00  2.28172330e+00  2.66938659e+00 
 4.33314000e-09  1.97332643e+00  1.62667357e+00  2.28174686e+00  2.66937629e+00 
 4.33364000e-09  1.97301207e+00  1.62698793e+00  2.28177088e+00  2.66936557e+00 
 4.33414000e-09  1.97269601e+00  1.62730399e+00  2.28179537e+00  2.66935441e+00 
 4.33464000e-09  1.97237825e+00  1.62762175e+00  2.28182033e+00  2.66934280e+00 
 4.33514000e-09  1.97205878e+00  1.62794122e+00  2.28184579e+00  2.66933073e+00 
 4.33564000e-09  1.97173762e+00  1.62826238e+00  2.28187176e+00  2.66931817e+00 
 4.33614000e-09  1.97141476e+00  1.62858524e+00  2.28189824e+00  2.66930511e+00 
 4.33664000e-09  1.97109021e+00  1.62890979e+00  2.28192527e+00  2.66929154e+00 
 4.33714000e-09  1.97076397e+00  1.62923603e+00  2.28195284e+00  2.66927745e+00 
 4.33764000e-09  1.97043604e+00  1.62956396e+00  2.28198097e+00  2.66926280e+00 
 4.33814000e-09  1.97010644e+00  1.62989356e+00  2.28200969e+00  2.66924760e+00 
 4.33864000e-09  1.96977515e+00  1.63022485e+00  2.28203901e+00  2.66923182e+00 
 4.33914000e-09  1.96944219e+00  1.63055781e+00  2.28206894e+00  2.66921544e+00 
 4.33964000e-09  1.96910756e+00  1.63089244e+00  2.28209950e+00  2.66919845e+00 
 4.34014000e-09  1.96877125e+00  1.63122875e+00  2.28213071e+00  2.66918082e+00 
 4.34064000e-09  1.96843328e+00  1.63156672e+00  2.28216259e+00  2.66916253e+00 
 4.34114000e-09  1.96809365e+00  1.63190635e+00  2.28219516e+00  2.66914357e+00 
 4.34164000e-09  1.96775236e+00  1.63224764e+00  2.28222843e+00  2.66912392e+00 
 4.34214000e-09  1.96740942e+00  1.63259058e+00  2.28226243e+00  2.66910355e+00 
 4.34264000e-09  1.96706482e+00  1.63293518e+00  2.28229718e+00  2.66908244e+00 
 4.34314000e-09  1.96671857e+00  1.63328143e+00  2.28233269e+00  2.66906057e+00 
 4.34364000e-09  1.96637068e+00  1.63362932e+00  2.28236900e+00  2.66903791e+00 
 4.34414000e-09  1.96602114e+00  1.63397886e+00  2.28240612e+00  2.66901445e+00 
 4.34464000e-09  1.96566997e+00  1.63433003e+00  2.28244408e+00  2.66899015e+00 
 4.34514000e-09  1.96531716e+00  1.63468284e+00  2.28248289e+00  2.66896499e+00 
 4.34564000e-09  1.96496272e+00  1.63503728e+00  2.28252259e+00  2.66893895e+00 
 4.34614000e-09  1.96460666e+00  1.63539334e+00  2.28256320e+00  2.66891199e+00 
 4.34664000e-09  1.96424896e+00  1.63575104e+00  2.28260474e+00  2.66888410e+00 
 4.34714000e-09  1.96388965e+00  1.63611035e+00  2.28264725e+00  2.66885524e+00 
 4.34764000e-09  1.96352872e+00  1.63647128e+00  2.28269074e+00  2.66882538e+00 
 4.34814000e-09  1.96316618e+00  1.63683382e+00  2.28273525e+00  2.66879449e+00 
 4.34864000e-09  1.96280202e+00  1.63719798e+00  2.28278081e+00  2.66876255e+00 
 4.34914000e-09  1.96243626e+00  1.63756374e+00  2.28282744e+00  2.66872952e+00 
 4.34964000e-09  1.96206889e+00  1.63793111e+00  2.28287518e+00  2.66869537e+00 
 4.35014000e-09  1.96169993e+00  1.63830007e+00  2.28292406e+00  2.66866006e+00 
 4.35064000e-09  1.96132937e+00  1.63867063e+00  2.28297410e+00  2.66862357e+00 
 4.35114000e-09  1.96095721e+00  1.63904279e+00  2.28302535e+00  2.66858586e+00 
 4.35164000e-09  1.96058347e+00  1.63941653e+00  2.28307783e+00  2.66854688e+00 
 4.35214000e-09  1.96020815e+00  1.63979185e+00  2.28313158e+00  2.66850662e+00 
 4.35264000e-09  1.95983124e+00  1.64016876e+00  2.28318663e+00  2.66846502e+00 
 4.35314000e-09  1.95945275e+00  1.64054725e+00  2.28324303e+00  2.66842204e+00 
 4.35364000e-09  1.95907269e+00  1.64092731e+00  2.28330080e+00  2.66837766e+00 
 4.35414000e-09  1.95869107e+00  1.64130893e+00  2.28335999e+00  2.66833183e+00 
 4.35464000e-09  1.95830787e+00  1.64169213e+00  2.28342063e+00  2.66828451e+00 
 4.35514000e-09  1.95792311e+00  1.64207689e+00  2.28348277e+00  2.66823566e+00 
 4.35564000e-09  1.95753680e+00  1.64246320e+00  2.28354645e+00  2.66818523e+00 
 4.35614000e-09  1.95714893e+00  1.64285107e+00  2.28361170e+00  2.66813318e+00 
 4.35664000e-09  1.95675950e+00  1.64324050e+00  2.28367856e+00  2.66807947e+00 
 4.35714000e-09  1.95636854e+00  1.64363146e+00  2.28374709e+00  2.66802404e+00 
 4.35764000e-09  1.95597602e+00  1.64402398e+00  2.28381733e+00  2.66796686e+00 
 4.35814000e-09  1.95558197e+00  1.64441803e+00  2.28388932e+00  2.66790787e+00 
 4.35864000e-09  1.95518638e+00  1.64481362e+00  2.28396310e+00  2.66784703e+00 
 4.35914000e-09  1.95478926e+00  1.64521074e+00  2.28403873e+00  2.66778429e+00 
 4.35964000e-09  1.95439062e+00  1.64560938e+00  2.28411626e+00  2.66771960e+00 
 4.36014000e-09  1.95399045e+00  1.64600955e+00  2.28419572e+00  2.66765289e+00 
 4.36064000e-09  1.95358876e+00  1.64641124e+00  2.28427718e+00  2.66758413e+00 
 4.36114000e-09  1.95318555e+00  1.64681445e+00  2.28436068e+00  2.66751326e+00 
 4.36164000e-09  1.95278083e+00  1.64721917e+00  2.28444627e+00  2.66744023e+00 
 4.36214000e-09  1.95237461e+00  1.64762539e+00  2.28453401e+00  2.66736498e+00 
 4.36264000e-09  1.95196688e+00  1.64803312e+00  2.28462394e+00  2.66728744e+00 
 4.36314000e-09  1.95155765e+00  1.64844235e+00  2.28471613e+00  2.66720758e+00 
 4.36364000e-09  1.95114692e+00  1.64885308e+00  2.28481063e+00  2.66712533e+00 
 4.36414000e-09  1.95073471e+00  1.64926529e+00  2.28490749e+00  2.66704062e+00 
 4.36464000e-09  1.95032100e+00  1.64967900e+00  2.28500678e+00  2.66695341e+00 
 4.36514000e-09  1.94990581e+00  1.65009419e+00  2.28510854e+00  2.66686363e+00 
 4.36564000e-09  1.94948914e+00  1.65051086e+00  2.28521284e+00  2.66677123e+00 
 4.36614000e-09  1.94907100e+00  1.65092900e+00  2.28531973e+00  2.66667613e+00 
 4.36664000e-09  1.94865139e+00  1.65134861e+00  2.28542928e+00  2.66657827e+00 
 4.36714000e-09  1.94823030e+00  1.65176970e+00  2.28554155e+00  2.66647761e+00 
 4.36764000e-09  1.94780776e+00  1.65219224e+00  2.28565659e+00  2.66637406e+00 
 4.36814000e-09  1.94738376e+00  1.65261624e+00  2.28577446e+00  2.66626757e+00 
 4.36864000e-09  1.94695830e+00  1.65304170e+00  2.28589524e+00  2.66615808e+00 
 4.36914000e-09  1.94653139e+00  1.65346861e+00  2.28601898e+00  2.66604551e+00 
 4.36964000e-09  1.94610303e+00  1.65389697e+00  2.28614574e+00  2.66592980e+00 
 4.37014000e-09  1.94567324e+00  1.65432676e+00  2.28627559e+00  2.66581089e+00 
 4.37064000e-09  1.94524200e+00  1.65475800e+00  2.28640860e+00  2.66568871e+00 
 4.37114000e-09  1.94480933e+00  1.65519067e+00  2.28654482e+00  2.66556320e+00 
 4.37164000e-09  1.94437524e+00  1.65562476e+00  2.28668432e+00  2.66543428e+00 
 4.37214000e-09  1.94393972e+00  1.65606028e+00  2.28682717e+00  2.66530189e+00 
 4.37264000e-09  1.94350277e+00  1.65649723e+00  2.28697343e+00  2.66516597e+00 
 4.37314000e-09  1.94306441e+00  1.65693559e+00  2.28712316e+00  2.66502644e+00 
 4.37364000e-09  1.94262464e+00  1.65737536e+00  2.28727643e+00  2.66488324e+00 
 4.37414000e-09  1.94218346e+00  1.65781654e+00  2.28743332e+00  2.66473631e+00 
 4.37464000e-09  1.94174088e+00  1.65825912e+00  2.28759387e+00  2.66458556e+00 
 4.37514000e-09  1.94129690e+00  1.65870310e+00  2.28775816e+00  2.66443095e+00 
 4.37564000e-09  1.94085153e+00  1.65914847e+00  2.28792625e+00  2.66427240e+00 
 4.37614000e-09  1.94040476e+00  1.65959524e+00  2.28809820e+00  2.66410985e+00 
 4.37664000e-09  1.93995661e+00  1.66004339e+00  2.28827409e+00  2.66394322e+00 
 4.37714000e-09  1.93950708e+00  1.66049292e+00  2.28845397e+00  2.66377246e+00 
 4.37764000e-09  1.93905617e+00  1.66094383e+00  2.28863791e+00  2.66359750e+00 
 4.37814000e-09  1.93860388e+00  1.66139612e+00  2.28882597e+00  2.66341828e+00 
 4.37864000e-09  1.93815023e+00  1.66184977e+00  2.28901822e+00  2.66323473e+00 
 4.37914000e-09  1.93769522e+00  1.66230478e+00  2.28921471e+00  2.66304678e+00 
 4.37964000e-09  1.93723885e+00  1.66276115e+00  2.28941551e+00  2.66285438e+00 
 4.38014000e-09  1.93678112e+00  1.66321888e+00  2.28962068e+00  2.66265747e+00 
 4.38064000e-09  1.93632204e+00  1.66367796e+00  2.28983028e+00  2.66245598e+00 
 4.38114000e-09  1.93586162e+00  1.66413838e+00  2.29004437e+00  2.66224986e+00 
 4.38164000e-09  1.93539986e+00  1.66460014e+00  2.29026300e+00  2.66203904e+00 
 4.38214000e-09  1.93493676e+00  1.66506324e+00  2.29048624e+00  2.66182347e+00 
 4.38264000e-09  1.93447233e+00  1.66552767e+00  2.29071414e+00  2.66160309e+00 
 4.38314000e-09  1.93400657e+00  1.66599343e+00  2.29094675e+00  2.66137785e+00 
 4.38364000e-09  1.93353949e+00  1.66646051e+00  2.29118413e+00  2.66114769e+00 
 4.38414000e-09  1.93307109e+00  1.66692891e+00  2.29142634e+00  2.66091256e+00 
 4.38464000e-09  1.93260138e+00  1.66739862e+00  2.29167342e+00  2.66067241e+00 
 4.38514000e-09  1.93213036e+00  1.66786964e+00  2.29192543e+00  2.66042719e+00 
 4.38564000e-09  1.93165803e+00  1.66834197e+00  2.29218241e+00  2.66017684e+00 
 4.38614000e-09  1.93118441e+00  1.66881559e+00  2.29244441e+00  2.65992133e+00 
 4.38664000e-09  1.93070949e+00  1.66929051e+00  2.29271149e+00  2.65966060e+00 
 4.38714000e-09  1.93023328e+00  1.66976672e+00  2.29298367e+00  2.65939462e+00 
 4.38764000e-09  1.92975578e+00  1.67024422e+00  2.29326102e+00  2.65912333e+00 
 4.38814000e-09  1.92927701e+00  1.67072299e+00  2.29354356e+00  2.65884670e+00 
 4.38864000e-09  1.92879696e+00  1.67120304e+00  2.29383134e+00  2.65856469e+00 
 4.38914000e-09  1.92831563e+00  1.67168437e+00  2.29412441e+00  2.65827726e+00 
 4.38964000e-09  1.92783304e+00  1.67216696e+00  2.29442279e+00  2.65798438e+00 
 4.39014000e-09  1.92734919e+00  1.67265081e+00  2.29472652e+00  2.65768600e+00 
 4.39064000e-09  1.92686409e+00  1.67313591e+00  2.29503563e+00  2.65738211e+00 
 4.39114000e-09  1.92637773e+00  1.67362227e+00  2.29535017e+00  2.65707266e+00 
 4.39164000e-09  1.92589012e+00  1.67410988e+00  2.29567015e+00  2.65675763e+00 
 4.39214000e-09  1.92540127e+00  1.67459873e+00  2.29599561e+00  2.65643698e+00 
 4.39264000e-09  1.92491118e+00  1.67508882e+00  2.29632658e+00  2.65611071e+00 
 4.39314000e-09  1.92441986e+00  1.67558014e+00  2.29666307e+00  2.65577877e+00 
 4.39364000e-09  1.92392731e+00  1.67607269e+00  2.29700512e+00  2.65544115e+00 
 4.39414000e-09  1.92343354e+00  1.67656646e+00  2.29735275e+00  2.65509783e+00 
 4.39464000e-09  1.92293855e+00  1.67706145e+00  2.29770597e+00  2.65474879e+00 
 4.39514000e-09  1.92244235e+00  1.67755765e+00  2.29806480e+00  2.65439400e+00 
 4.39564000e-09  1.92194494e+00  1.67805506e+00  2.29842927e+00  2.65403347e+00 
 4.39614000e-09  1.92144633e+00  1.67855367e+00  2.29879938e+00  2.65366717e+00 
 4.39664000e-09  1.92094651e+00  1.67905349e+00  2.29917516e+00  2.65329509e+00 
 4.39714000e-09  1.92044551e+00  1.67955449e+00  2.29955660e+00  2.65291723e+00 
 4.39764000e-09  1.91994331e+00  1.68005669e+00  2.29994373e+00  2.65253357e+00 
 4.39814000e-09  1.91943993e+00  1.68056007e+00  2.30033654e+00  2.65214410e+00 
 4.39864000e-09  1.91893537e+00  1.68106463e+00  2.30073505e+00  2.65174883e+00 
 4.39914000e-09  1.91842964e+00  1.68157036e+00  2.30113926e+00  2.65134774e+00 
 4.39964000e-09  1.91792274e+00  1.68207726e+00  2.30154918e+00  2.65094084e+00 
 4.40014000e-09  1.91741468e+00  1.68258532e+00  2.30196480e+00  2.65052813e+00 
 4.40064000e-09  1.91690545e+00  1.68309455e+00  2.30238613e+00  2.65010961e+00 
 4.40114000e-09  1.91639507e+00  1.68360493e+00  2.30281316e+00  2.64968528e+00 
 4.40164000e-09  1.91588355e+00  1.68411645e+00  2.30324589e+00  2.64925514e+00 
 4.40214000e-09  1.91537088e+00  1.68462912e+00  2.30368432e+00  2.64881921e+00 
 4.40264000e-09  1.91485707e+00  1.68514293e+00  2.30412844e+00  2.64837748e+00 
 4.40314000e-09  1.91434213e+00  1.68565787e+00  2.30457825e+00  2.64792997e+00 
 4.40364000e-09  1.91382606e+00  1.68617394e+00  2.30503373e+00  2.64747668e+00 
 4.40414000e-09  1.91330886e+00  1.68669114e+00  2.30549487e+00  2.64701764e+00 
 4.40464000e-09  1.91279055e+00  1.68720945e+00  2.30596167e+00  2.64655284e+00 
 4.40514000e-09  1.91227112e+00  1.68772888e+00  2.30643410e+00  2.64608231e+00 
 4.40564000e-09  1.91175059e+00  1.68824941e+00  2.30691217e+00  2.64560606e+00 
 4.40614000e-09  1.91122895e+00  1.68877105e+00  2.30739584e+00  2.64512410e+00 
 4.40664000e-09  1.91070622e+00  1.68929378e+00  2.30788511e+00  2.64463646e+00 
 4.40714000e-09  1.91018239e+00  1.68981761e+00  2.30837996e+00  2.64414315e+00 
 4.40764000e-09  1.90965748e+00  1.69034252e+00  2.30888036e+00  2.64364419e+00 
 4.40814000e-09  1.90913148e+00  1.69086852e+00  2.30938630e+00  2.64313960e+00 
 4.40864000e-09  1.90860441e+00  1.69139559e+00  2.30989776e+00  2.64262941e+00 
 4.40914000e-09  1.90807626e+00  1.69192374e+00  2.31041472e+00  2.64211363e+00 
 4.40964000e-09  1.90754705e+00  1.69245295e+00  2.31093715e+00  2.64159229e+00 
 4.41014000e-09  1.90701678e+00  1.69298322e+00  2.31146502e+00  2.64106541e+00 
 4.41064000e-09  1.90648545e+00  1.69351455e+00  2.31199833e+00  2.64053302e+00 
 4.41114000e-09  1.90595306e+00  1.69404694e+00  2.31253703e+00  2.63999515e+00 
 4.41164000e-09  1.90541964e+00  1.69458036e+00  2.31308110e+00  2.63945182e+00 
 4.41214000e-09  1.90488517e+00  1.69511483e+00  2.31363052e+00  2.63890306e+00 
 4.41264000e-09  1.90434967e+00  1.69565033e+00  2.31418526e+00  2.63834890e+00 
 4.41314000e-09  1.90381314e+00  1.69618686e+00  2.31474529e+00  2.63778936e+00 
 4.41364000e-09  1.90327558e+00  1.69672442e+00  2.31531058e+00  2.63722448e+00 
 4.41414000e-09  1.90273700e+00  1.69726300e+00  2.31588110e+00  2.63665428e+00 
 4.41464000e-09  1.90219741e+00  1.69780259e+00  2.31645682e+00  2.63607880e+00 
 4.41514000e-09  1.90165681e+00  1.69834319e+00  2.31703771e+00  2.63549807e+00 
 4.41564000e-09  1.90111521e+00  1.69888479e+00  2.31762373e+00  2.63491213e+00 
 4.41614000e-09  1.90057261e+00  1.69942739e+00  2.31821487e+00  2.63432099e+00 
 4.41664000e-09  1.90002902e+00  1.69997098e+00  2.31881108e+00  2.63372470e+00 
 4.41714000e-09  1.89948444e+00  1.70051556e+00  2.31941233e+00  2.63312328e+00 
 4.41764000e-09  1.89893888e+00  1.70106112e+00  2.32001859e+00  2.63251678e+00 
 4.41814000e-09  1.89839234e+00  1.70160766e+00  2.32062982e+00  2.63190523e+00 
 4.41864000e-09  1.89784483e+00  1.70215517e+00  2.32124600e+00  2.63128865e+00 
 4.41914000e-09  1.89729636e+00  1.70270364e+00  2.32186708e+00  2.63066709e+00 
 4.41964000e-09  1.89674692e+00  1.70325308e+00  2.32249304e+00  2.63004058e+00 
 4.42014000e-09  1.89619653e+00  1.70380347e+00  2.32312384e+00  2.62940916e+00 
 4.42064000e-09  1.89564519e+00  1.70435481e+00  2.32375944e+00  2.62877285e+00 
 4.42114000e-09  1.89509291e+00  1.70490709e+00  2.32439981e+00  2.62813171e+00 
 4.42164000e-09  1.89453968e+00  1.70546032e+00  2.32504492e+00  2.62748575e+00 
 4.42214000e-09  1.89398553e+00  1.70601447e+00  2.32569473e+00  2.62683502e+00 
 4.42264000e-09  1.89343045e+00  1.70656955e+00  2.32634920e+00  2.62617956e+00 
 4.42314000e-09  1.89287444e+00  1.70712556e+00  2.32700830e+00  2.62551939e+00 
 4.42364000e-09  1.89231752e+00  1.70768248e+00  2.32767199e+00  2.62485456e+00 
 4.42414000e-09  1.89175969e+00  1.70824031e+00  2.32834024e+00  2.62418511e+00 
 4.42464000e-09  1.89120095e+00  1.70879905e+00  2.32901302e+00  2.62351106e+00 
 4.42514000e-09  1.89064131e+00  1.70935869e+00  2.32969029e+00  2.62283246e+00 
 4.42564000e-09  1.89008078e+00  1.70991922e+00  2.33037200e+00  2.62214935e+00 
 4.42614000e-09  1.88951936e+00  1.71048064e+00  2.33105814e+00  2.62146175e+00 
 4.42664000e-09  1.88895705e+00  1.71104295e+00  2.33174865e+00  2.62076971e+00 
 4.42714000e-09  1.88839387e+00  1.71160613e+00  2.33244352e+00  2.62007326e+00 
 4.42764000e-09  1.88782981e+00  1.71217019e+00  2.33314269e+00  2.61937244e+00 
 4.42814000e-09  1.88726489e+00  1.71273511e+00  2.33384614e+00  2.61866729e+00 
 4.42864000e-09  1.88669910e+00  1.71330090e+00  2.33455383e+00  2.61795784e+00 
 4.42914000e-09  1.88613246e+00  1.71386754e+00  2.33526573e+00  2.61724413e+00 
 4.42964000e-09  1.88556497e+00  1.71443503e+00  2.33598180e+00  2.61652620e+00 
 4.43014000e-09  1.88499664e+00  1.71500336e+00  2.33670200e+00  2.61580408e+00 
 4.43064000e-09  1.88442747e+00  1.71557253e+00  2.33742630e+00  2.61507780e+00 
 4.43114000e-09  1.88385746e+00  1.71614254e+00  2.33815467e+00  2.61434741e+00 
 4.43164000e-09  1.88328663e+00  1.71671337e+00  2.33888708e+00  2.61361295e+00 
 4.43214000e-09  1.88271497e+00  1.71728503e+00  2.33962348e+00  2.61287444e+00 
 4.43264000e-09  1.88214250e+00  1.71785750e+00  2.34036384e+00  2.61213192e+00 
 4.43314000e-09  1.88156921e+00  1.71843079e+00  2.34110813e+00  2.61138544e+00 
 4.43364000e-09  1.88099513e+00  1.71900487e+00  2.34185631e+00  2.61063501e+00 
 4.43414000e-09  1.88042024e+00  1.71957976e+00  2.34260836e+00  2.60988069e+00 
 4.43464000e-09  1.87984456e+00  1.72015544e+00  2.34336423e+00  2.60912251e+00 
 4.43514000e-09  1.87926809e+00  1.72073191e+00  2.34412390e+00  2.60836050e+00 
 4.43564000e-09  1.87869084e+00  1.72130916e+00  2.34488732e+00  2.60759469e+00 
 4.43614000e-09  1.87811281e+00  1.72188719e+00  2.34565447e+00  2.60682513e+00 
 4.43664000e-09  1.87753401e+00  1.72246599e+00  2.34642531e+00  2.60605184e+00 
 4.43714000e-09  1.87695444e+00  1.72304556e+00  2.34719981e+00  2.60527487e+00 
 4.43764000e-09  1.87637412e+00  1.72362588e+00  2.34797794e+00  2.60449425e+00 
 4.43814000e-09  1.87579304e+00  1.72420696e+00  2.34875965e+00  2.60371000e+00 
 4.43864000e-09  1.87521122e+00  1.72478878e+00  2.34954493e+00  2.60292217e+00 
 4.43914000e-09  1.87462865e+00  1.72537135e+00  2.35033373e+00  2.60213080e+00 
 4.43964000e-09  1.87404534e+00  1.72595466e+00  2.35112603e+00  2.60133590e+00 
 4.44014000e-09  1.87346131e+00  1.72653869e+00  2.35192179e+00  2.60053753e+00 
 4.44064000e-09  1.87287655e+00  1.72712345e+00  2.35272098e+00  2.59973571e+00 
 4.44114000e-09  1.87229107e+00  1.72770893e+00  2.35352357e+00  2.59893047e+00 
 4.44164000e-09  1.87170487e+00  1.72829513e+00  2.35432952e+00  2.59812186e+00 
 4.44214000e-09  1.87111797e+00  1.72888203e+00  2.35513880e+00  2.59730990e+00 
 4.44264000e-09  1.87053037e+00  1.72946963e+00  2.35595138e+00  2.59649462e+00 
 4.44314000e-09  1.86994207e+00  1.73005793e+00  2.35676723e+00  2.59567606e+00 
 4.44364000e-09  1.86935308e+00  1.73064692e+00  2.35758632e+00  2.59485426e+00 
 4.44414000e-09  1.86876341e+00  1.73123659e+00  2.35840861e+00  2.59402924e+00 
 4.44464000e-09  1.86817305e+00  1.73182695e+00  2.35923408e+00  2.59320104e+00 
 4.44514000e-09  1.86758203e+00  1.73241797e+00  2.36006269e+00  2.59236969e+00 
 4.44564000e-09  1.86699034e+00  1.73300966e+00  2.36089442e+00  2.59153522e+00 
 4.44614000e-09  1.86639798e+00  1.73360202e+00  2.36172922e+00  2.59069767e+00 
 4.44664000e-09  1.86580497e+00  1.73419503e+00  2.36256707e+00  2.58985706e+00 
 4.44714000e-09  1.86521132e+00  1.73478868e+00  2.36340794e+00  2.58901343e+00 
 4.44764000e-09  1.86461701e+00  1.73538299e+00  2.36425180e+00  2.58816681e+00 
 4.44814000e-09  1.86402207e+00  1.73597793e+00  2.36509862e+00  2.58731723e+00 
 4.44864000e-09  1.86342650e+00  1.73657350e+00  2.36594836e+00  2.58646472e+00 
 4.44914000e-09  1.86283031e+00  1.73716969e+00  2.36680100e+00  2.58560932e+00 
 4.44964000e-09  1.86223349e+00  1.73776651e+00  2.36765651e+00  2.58475106e+00 
 4.45014000e-09  1.86163606e+00  1.73836394e+00  2.36851485e+00  2.58388995e+00 
 4.45064000e-09  1.86103802e+00  1.73896198e+00  2.36937600e+00  2.58302605e+00 
 4.45114000e-09  1.86043937e+00  1.73956063e+00  2.37023993e+00  2.58215937e+00 
 4.45164000e-09  1.85984013e+00  1.74015987e+00  2.37110660e+00  2.58128995e+00 
 4.45214000e-09  1.85924030e+00  1.74075970e+00  2.37197599e+00  2.58041781e+00 
 4.45264000e-09  1.85863989e+00  1.74136011e+00  2.37284807e+00  2.57954299e+00 
 4.45314000e-09  1.85803890e+00  1.74196110e+00  2.37372281e+00  2.57866552e+00 
 4.45364000e-09  1.85743733e+00  1.74256267e+00  2.37460017e+00  2.57778542e+00 
 4.45414000e-09  1.85683520e+00  1.74316480e+00  2.37548014e+00  2.57690273e+00 
 4.45464000e-09  1.85623250e+00  1.74376750e+00  2.37636267e+00  2.57601748e+00 
 4.45514000e-09  1.85562926e+00  1.74437074e+00  2.37724775e+00  2.57512969e+00 
 4.45564000e-09  1.85502546e+00  1.74497454e+00  2.37813534e+00  2.57423940e+00 
 4.45614000e-09  1.85442112e+00  1.74557888e+00  2.37902541e+00  2.57334662e+00 
 4.45664000e-09  1.85381624e+00  1.74618376e+00  2.37991794e+00  2.57245140e+00 
 4.45714000e-09  1.85321083e+00  1.74678917e+00  2.38081290e+00  2.57155376e+00 
 4.45764000e-09  1.85260490e+00  1.74739510e+00  2.38171026e+00  2.57065373e+00 
 4.45814000e-09  1.85199844e+00  1.74800156e+00  2.38260999e+00  2.56975133e+00 
 4.45864000e-09  1.85139148e+00  1.74860852e+00  2.38351206e+00  2.56884660e+00 
 4.45914000e-09  1.85078400e+00  1.74921600e+00  2.38441645e+00  2.56793956e+00 
 4.45964000e-09  1.85017603e+00  1.74982397e+00  2.38532312e+00  2.56703024e+00 
 4.46014000e-09  1.84956756e+00  1.75043244e+00  2.38623205e+00  2.56611867e+00 
 4.46064000e-09  1.84895860e+00  1.75104140e+00  2.38714322e+00  2.56520488e+00 
 4.46114000e-09  1.84834915e+00  1.75165085e+00  2.38805659e+00  2.56428888e+00 
 4.46164000e-09  1.84773923e+00  1.75226077e+00  2.38897213e+00  2.56337072e+00 
 4.46214000e-09  1.84712884e+00  1.75287116e+00  2.38988983e+00  2.56245042e+00 
 4.46264000e-09  1.84651799e+00  1.75348201e+00  2.39080965e+00  2.56152800e+00 
 4.46314000e-09  1.84590667e+00  1.75409333e+00  2.39173156e+00  2.56060349e+00 
 4.46364000e-09  1.84529490e+00  1.75470510e+00  2.39265554e+00  2.55967692e+00 
 4.46414000e-09  1.84468269e+00  1.75531731e+00  2.39358157e+00  2.55874831e+00 
 4.46464000e-09  1.84407003e+00  1.75592997e+00  2.39450960e+00  2.55781770e+00 
 4.46514000e-09  1.84345694e+00  1.75654306e+00  2.39543963e+00  2.55688510e+00 
 4.46564000e-09  1.84284342e+00  1.75715658e+00  2.39637162e+00  2.55595054e+00 
 4.46614000e-09  1.84222948e+00  1.75777052e+00  2.39730554e+00  2.55501406e+00 
 4.46664000e-09  1.84161512e+00  1.75838488e+00  2.39824137e+00  2.55407567e+00 
 4.46714000e-09  1.84100034e+00  1.75899966e+00  2.39917909e+00  2.55313539e+00 
 4.46764000e-09  1.84038517e+00  1.75961483e+00  2.40011866e+00  2.55219327e+00 
 4.46814000e-09  1.83976960e+00  1.76023040e+00  2.40106006e+00  2.55124931e+00 
 4.46864000e-09  1.83915363e+00  1.76084637e+00  2.40200327e+00  2.55030356e+00 
 4.46914000e-09  1.83853728e+00  1.76146272e+00  2.40294826e+00  2.54935602e+00 
 4.46964000e-09  1.83792054e+00  1.76207946e+00  2.40389500e+00  2.54840673e+00 
 4.47014000e-09  1.83730344e+00  1.76269656e+00  2.40484347e+00  2.54745571e+00 
 4.47064000e-09  1.83668596e+00  1.76331404e+00  2.40579364e+00  2.54650299e+00 
 4.47114000e-09  1.83606812e+00  1.76393188e+00  2.40674548e+00  2.54554859e+00 
 4.47164000e-09  1.83544993e+00  1.76455007e+00  2.40769898e+00  2.54459254e+00 
 4.47214000e-09  1.83483138e+00  1.76516862e+00  2.40865411e+00  2.54363485e+00 
 4.47264000e-09  1.83421250e+00  1.76578750e+00  2.40961083e+00  2.54267556e+00 
 4.47314000e-09  1.83359327e+00  1.76640673e+00  2.41056913e+00  2.54171469e+00 
 4.47364000e-09  1.83297372e+00  1.76702628e+00  2.41152899e+00  2.54075226e+00 
 4.47414000e-09  1.83235383e+00  1.76764617e+00  2.41249037e+00  2.53978829e+00 
 4.47464000e-09  1.83173363e+00  1.76826637e+00  2.41345325e+00  2.53882281e+00 
 4.47514000e-09  1.83111312e+00  1.76888688e+00  2.41441761e+00  2.53785585e+00 
 4.47564000e-09  1.83049230e+00  1.76950770e+00  2.41538342e+00  2.53688743e+00 
 4.47614000e-09  1.82987117e+00  1.77012883e+00  2.41635067e+00  2.53591756e+00 
 4.47664000e-09  1.82924976e+00  1.77075024e+00  2.41731931e+00  2.53494628e+00 
 4.47714000e-09  1.82862805e+00  1.77137195e+00  2.41828933e+00  2.53397361e+00 
 4.47764000e-09  1.82800606e+00  1.77199394e+00  2.41926071e+00  2.53299956e+00 
 4.47814000e-09  1.82738380e+00  1.77261620e+00  2.42023342e+00  2.53202417e+00 
 4.47864000e-09  1.82676126e+00  1.77323874e+00  2.42120744e+00  2.53104745e+00 
 4.47914000e-09  1.82613846e+00  1.77386154e+00  2.42218274e+00  2.53006944e+00 
 4.47964000e-09  1.82551540e+00  1.77448460e+00  2.42315930e+00  2.52909014e+00 
 4.48014000e-09  1.82489210e+00  1.77510790e+00  2.42413709e+00  2.52810959e+00 
 4.48064000e-09  1.82426854e+00  1.77573146e+00  2.42511610e+00  2.52712780e+00 
 4.48114000e-09  1.82364475e+00  1.77635525e+00  2.42609629e+00  2.52614480e+00 
 4.48164000e-09  1.82302072e+00  1.77697928e+00  2.42707765e+00  2.52516061e+00 
 4.48214000e-09  1.82239646e+00  1.77760354e+00  2.42806014e+00  2.52417526e+00 
 4.48264000e-09  1.82177199e+00  1.77822801e+00  2.42904376e+00  2.52318876e+00 
 4.48314000e-09  1.82114730e+00  1.77885270e+00  2.43002846e+00  2.52220114e+00 
 4.48364000e-09  1.82052240e+00  1.77947760e+00  2.43101424e+00  2.52121241e+00 
 4.48414000e-09  1.81989729e+00  1.78010271e+00  2.43200106e+00  2.52022261e+00 
 4.48464000e-09  1.81927200e+00  1.78072800e+00  2.43298891e+00  2.51923175e+00 
 4.48514000e-09  1.81864651e+00  1.78135349e+00  2.43397775e+00  2.51823986e+00 
 4.48564000e-09  1.81802083e+00  1.78197917e+00  2.43496757e+00  2.51724695e+00 
 4.48614000e-09  1.81739498e+00  1.78260502e+00  2.43595834e+00  2.51625305e+00 
 4.48664000e-09  1.81676896e+00  1.78323104e+00  2.43695005e+00  2.51525818e+00 
 4.48714000e-09  1.81614277e+00  1.78385723e+00  2.43794266e+00  2.51426236e+00 
 4.48764000e-09  1.81551643e+00  1.78448357e+00  2.43893615e+00  2.51326562e+00 
 4.48814000e-09  1.81488993e+00  1.78511007e+00  2.43993050e+00  2.51226797e+00 
 4.48864000e-09  1.81426328e+00  1.78573672e+00  2.44092570e+00  2.51126943e+00 
 4.48914000e-09  1.81363649e+00  1.78636351e+00  2.44192170e+00  2.51027004e+00 
 4.48964000e-09  1.81300957e+00  1.78699043e+00  2.44291849e+00  2.50926980e+00 
 4.49014000e-09  1.81238252e+00  1.78761748e+00  2.44391606e+00  2.50826875e+00 
 4.49064000e-09  1.81175534e+00  1.78824466e+00  2.44491436e+00  2.50726689e+00 
 4.49114000e-09  1.81112805e+00  1.78887195e+00  2.44591339e+00  2.50626426e+00 
 4.49164000e-09  1.81050066e+00  1.78949934e+00  2.44691312e+00  2.50526088e+00 
 4.49214000e-09  1.80987315e+00  1.79012685e+00  2.44791352e+00  2.50425676e+00 
 4.49264000e-09  1.80924555e+00  1.79075445e+00  2.44891457e+00  2.50325193e+00 
 4.49314000e-09  1.80861786e+00  1.79138214e+00  2.44991625e+00  2.50224642e+00 
 4.49364000e-09  1.80799008e+00  1.79200992e+00  2.45091853e+00  2.50124023e+00 
 4.49414000e-09  1.80736223e+00  1.79263777e+00  2.45192139e+00  2.50023340e+00 
 4.49464000e-09  1.80673430e+00  1.79326570e+00  2.45292482e+00  2.49922595e+00 
 4.49514000e-09  1.80610631e+00  1.79389369e+00  2.45392877e+00  2.49821790e+00 
 4.49564000e-09  1.80547825e+00  1.79452175e+00  2.45493324e+00  2.49720927e+00 
 4.49614000e-09  1.80485014e+00  1.79514986e+00  2.45593819e+00  2.49620008e+00 
 4.49664000e-09  1.80422199e+00  1.79577801e+00  2.45694361e+00  2.49519037e+00 
 4.49714000e-09  1.80359379e+00  1.79640621e+00  2.45794946e+00  2.49418014e+00 
 4.49764000e-09  1.80296555e+00  1.79703445e+00  2.45895573e+00  2.49316942e+00 
 4.49814000e-09  1.80233729e+00  1.79766271e+00  2.45996239e+00  2.49215825e+00 
 4.49864000e-09  1.80170901e+00  1.79829099e+00  2.46096942e+00  2.49114663e+00 
 4.49914000e-09  1.80108070e+00  1.79891930e+00  2.46197679e+00  2.49013460e+00 
 4.49964000e-09  1.80045239e+00  1.79954761e+00  2.46298447e+00  2.48912218e+00 
 4.50014000e-09  1.79982407e+00  1.80017593e+00  2.46399245e+00  2.48810939e+00 
 4.50064000e-09  1.79919575e+00  1.80080425e+00  2.46500070e+00  2.48709626e+00 
 4.50114000e-09  1.79856745e+00  1.80143255e+00  2.46600919e+00  2.48608281e+00 
 4.50164000e-09  1.79793915e+00  1.80206085e+00  2.46701790e+00  2.48506907e+00 
 4.50214000e-09  1.79731088e+00  1.80268912e+00  2.46802681e+00  2.48405506e+00 
 4.50264000e-09  1.79668263e+00  1.80331737e+00  2.46903588e+00  2.48304082e+00 
 4.50314000e-09  1.79605442e+00  1.80394558e+00  2.47004510e+00  2.48202636e+00 
 4.50364000e-09  1.79542624e+00  1.80457376e+00  2.47105443e+00  2.48101171e+00 
 4.50414000e-09  1.79479811e+00  1.80520189e+00  2.47206386e+00  2.47999690e+00 
 4.50464000e-09  1.79417003e+00  1.80582997e+00  2.47307336e+00  2.47898196e+00 
 4.50514000e-09  1.79354201e+00  1.80645799e+00  2.47408290e+00  2.47796691e+00 
 4.50564000e-09  1.79291405e+00  1.80708595e+00  2.47509246e+00  2.47695178e+00 
 4.50614000e-09  1.79228616e+00  1.80771384e+00  2.47610201e+00  2.47593660e+00 
 4.50664000e-09  1.79165835e+00  1.80834165e+00  2.47711153e+00  2.47492140e+00 
 4.50714000e-09  1.79103062e+00  1.80896938e+00  2.47812100e+00  2.47390620e+00 
 4.50764000e-09  1.79040298e+00  1.80959702e+00  2.47913038e+00  2.47289103e+00 
 4.50814000e-09  1.78977543e+00  1.81022457e+00  2.48013966e+00  2.47187592e+00 
 4.50864000e-09  1.78914799e+00  1.81085201e+00  2.48114881e+00  2.47086090e+00 
 4.50914000e-09  1.78852065e+00  1.81147935e+00  2.48215780e+00  2.46984599e+00 
 4.50964000e-09  1.78789342e+00  1.81210658e+00  2.48316662e+00  2.46883122e+00 
 4.51014000e-09  1.78726632e+00  1.81273368e+00  2.48417523e+00  2.46781663e+00 
 4.51064000e-09  1.78663934e+00  1.81336066e+00  2.48518362e+00  2.46680223e+00 
 4.51114000e-09  1.78601249e+00  1.81398751e+00  2.48619176e+00  2.46578806e+00 
 4.51164000e-09  1.78538578e+00  1.81461422e+00  2.48719962e+00  2.46477414e+00 
 4.51214000e-09  1.78475922e+00  1.81524078e+00  2.48820720e+00  2.46376050e+00 
 4.51264000e-09  1.78413280e+00  1.81586720e+00  2.48921445e+00  2.46274717e+00 
 4.51314000e-09  1.78350654e+00  1.81649346e+00  2.49022137e+00  2.46173417e+00 
 4.51364000e-09  1.78288045e+00  1.81711955e+00  2.49122793e+00  2.46072152e+00 
 4.51414000e-09  1.78225452e+00  1.81774548e+00  2.49223411e+00  2.45970927e+00 
 4.51464000e-09  1.78162877e+00  1.81837123e+00  2.49323989e+00  2.45869742e+00 
 4.51514000e-09  1.78100320e+00  1.81899680e+00  2.49424524e+00  2.45768601e+00 
 4.51564000e-09  1.78037781e+00  1.81962219e+00  2.49525015e+00  2.45667506e+00 
 4.51614000e-09  1.77975262e+00  1.82024738e+00  2.49625459e+00  2.45566460e+00 
 4.51664000e-09  1.77912763e+00  1.82087237e+00  2.49725856e+00  2.45465465e+00 
 4.51714000e-09  1.77850285e+00  1.82149715e+00  2.49826201e+00  2.45364523e+00 
 4.51764000e-09  1.77787828e+00  1.82212172e+00  2.49926495e+00  2.45263637e+00 
 4.51814000e-09  1.77725393e+00  1.82274607e+00  2.50026735e+00  2.45162809e+00 
 4.51864000e-09  1.77662980e+00  1.82337020e+00  2.50126918e+00  2.45062042e+00 
 4.51914000e-09  1.77600590e+00  1.82399410e+00  2.50227043e+00  2.44961338e+00 
 4.51964000e-09  1.77538224e+00  1.82461776e+00  2.50327109e+00  2.44860700e+00 
 4.52014000e-09  1.77475882e+00  1.82524118e+00  2.50427112e+00  2.44760128e+00 
 4.52064000e-09  1.77413565e+00  1.82586435e+00  2.50527052e+00  2.44659627e+00 
 4.52114000e-09  1.77351274e+00  1.82648726e+00  2.50626927e+00  2.44559198e+00 
 4.52164000e-09  1.77289009e+00  1.82710991e+00  2.50726734e+00  2.44458843e+00 
 4.52214000e-09  1.77226770e+00  1.82773230e+00  2.50826472e+00  2.44358565e+00 
 4.52264000e-09  1.77164559e+00  1.82835441e+00  2.50926139e+00  2.44258365e+00 
 4.52314000e-09  1.77102376e+00  1.82897624e+00  2.51025733e+00  2.44158247e+00 
 4.52364000e-09  1.77040221e+00  1.82959779e+00  2.51125252e+00  2.44058213e+00 
 4.52414000e-09  1.76978096e+00  1.83021904e+00  2.51224694e+00  2.43958263e+00 
 4.52464000e-09  1.76916001e+00  1.83083999e+00  2.51324058e+00  2.43858402e+00 
 4.52514000e-09  1.76853936e+00  1.83146064e+00  2.51423341e+00  2.43758631e+00 
 4.52564000e-09  1.76791902e+00  1.83208098e+00  2.51522542e+00  2.43658952e+00 
 4.52614000e-09  1.76729899e+00  1.83270101e+00  2.51621659e+00  2.43559367e+00 
 4.52664000e-09  1.76667929e+00  1.83332071e+00  2.51720689e+00  2.43459879e+00 
 4.52714000e-09  1.76605992e+00  1.83394008e+00  2.51819631e+00  2.43360490e+00 
 4.52764000e-09  1.76544088e+00  1.83455912e+00  2.51918482e+00  2.43261202e+00 
 4.52814000e-09  1.76482219e+00  1.83517781e+00  2.52017242e+00  2.43162018e+00 
 4.52864000e-09  1.76420384e+00  1.83579616e+00  2.52115906e+00  2.43062939e+00 
 4.52914000e-09  1.76358584e+00  1.83641416e+00  2.52214475e+00  2.42963968e+00 
 4.52964000e-09  1.76296821e+00  1.83703179e+00  2.52312945e+00  2.42865107e+00 
 4.53014000e-09  1.76235094e+00  1.83764906e+00  2.52411314e+00  2.42766358e+00 
 4.53064000e-09  1.76173404e+00  1.83826596e+00  2.52509580e+00  2.42667724e+00 
 4.53114000e-09  1.76111752e+00  1.83888248e+00  2.52607741e+00  2.42569207e+00 
 4.53164000e-09  1.76050138e+00  1.83949862e+00  2.52705795e+00  2.42470808e+00 
 4.53214000e-09  1.75988563e+00  1.84011437e+00  2.52803740e+00  2.42372531e+00 
 4.53264000e-09  1.75927028e+00  1.84072972e+00  2.52901572e+00  2.42274377e+00 
 4.53314000e-09  1.75865533e+00  1.84134467e+00  2.52999290e+00  2.42176349e+00 
 4.53364000e-09  1.75804079e+00  1.84195921e+00  2.53096892e+00  2.42078448e+00 
 4.53414000e-09  1.75742666e+00  1.84257334e+00  2.53194375e+00  2.41980678e+00 
 4.53464000e-09  1.75681296e+00  1.84318704e+00  2.53291737e+00  2.41883040e+00 
 4.53514000e-09  1.75619968e+00  1.84380032e+00  2.53388975e+00  2.41785537e+00 
 4.53564000e-09  1.75558683e+00  1.84441317e+00  2.53486086e+00  2.41688171e+00 
 4.53614000e-09  1.75497442e+00  1.84502558e+00  2.53583069e+00  2.41590943e+00 
 4.53664000e-09  1.75436245e+00  1.84563755e+00  2.53679921e+00  2.41493858e+00 
 4.53714000e-09  1.75375094e+00  1.84624906e+00  2.53776639e+00  2.41396915e+00 
 4.53764000e-09  1.75313988e+00  1.84686012e+00  2.53873220e+00  2.41300119e+00 
 4.53814000e-09  1.75252928e+00  1.84747072e+00  2.53969662e+00  2.41203471e+00 
 4.53864000e-09  1.75191915e+00  1.84808085e+00  2.54065963e+00  2.41106973e+00 
 4.53914000e-09  1.75130950e+00  1.84869050e+00  2.54162119e+00  2.41010627e+00 
 4.53964000e-09  1.75070033e+00  1.84929967e+00  2.54258129e+00  2.40914437e+00 
 4.54014000e-09  1.75009164e+00  1.84990836e+00  2.54353989e+00  2.40818404e+00 
 4.54064000e-09  1.74948345e+00  1.85051655e+00  2.54449696e+00  2.40722530e+00 
 4.54114000e-09  1.74887575e+00  1.85112425e+00  2.54545248e+00  2.40626818e+00 
 4.54164000e-09  1.74826856e+00  1.85173144e+00  2.54640643e+00  2.40531270e+00 
 4.54214000e-09  1.74766188e+00  1.85233812e+00  2.54735877e+00  2.40435888e+00 
 4.54264000e-09  1.74705572e+00  1.85294428e+00  2.54830947e+00  2.40340675e+00 
 4.54314000e-09  1.74645008e+00  1.85354992e+00  2.54925851e+00  2.40245633e+00 
 4.54364000e-09  1.74584496e+00  1.85415504e+00  2.55020587e+00  2.40150764e+00 
 4.54414000e-09  1.74524039e+00  1.85475961e+00  2.55115150e+00  2.40056071e+00 
 4.54464000e-09  1.74463635e+00  1.85536365e+00  2.55209539e+00  2.39961557e+00 
 4.54514000e-09  1.74403286e+00  1.85596714e+00  2.55303750e+00  2.39867222e+00 
 4.54564000e-09  1.74342992e+00  1.85657008e+00  2.55397782e+00  2.39773070e+00 
 4.54614000e-09  1.74282754e+00  1.85717246e+00  2.55491630e+00  2.39679104e+00 
 4.54664000e-09  1.74222572e+00  1.85777428e+00  2.55585292e+00  2.39585325e+00 
 4.54714000e-09  1.74162448e+00  1.85837552e+00  2.55678765e+00  2.39491736e+00 
 4.54764000e-09  1.74102381e+00  1.85897619e+00  2.55772046e+00  2.39398340e+00 
 4.54814000e-09  1.74042372e+00  1.85957628e+00  2.55865133e+00  2.39305139e+00 
 4.54864000e-09  1.73982422e+00  1.86017578e+00  2.55958022e+00  2.39212135e+00 
 4.54914000e-09  1.73922531e+00  1.86077469e+00  2.56050711e+00  2.39119331e+00 
 4.54964000e-09  1.73862701e+00  1.86137299e+00  2.56143196e+00  2.39026730e+00 
 4.55014000e-09  1.73802931e+00  1.86197069e+00  2.56235475e+00  2.38934333e+00 
 4.55064000e-09  1.73743222e+00  1.86256778e+00  2.56327545e+00  2.38842144e+00 
 4.55114000e-09  1.73683575e+00  1.86316425e+00  2.56419403e+00  2.38750166e+00 
 4.55164000e-09  1.73623990e+00  1.86376010e+00  2.56511046e+00  2.38658400e+00 
 4.55214000e-09  1.73564468e+00  1.86435532e+00  2.56602470e+00  2.38566849e+00 
 4.55264000e-09  1.73505010e+00  1.86494990e+00  2.56693674e+00  2.38475517e+00 
 4.55314000e-09  1.73445616e+00  1.86554384e+00  2.56784654e+00  2.38384405e+00 
 4.55364000e-09  1.73386286e+00  1.86613714e+00  2.56875407e+00  2.38293516e+00 
 4.55414000e-09  1.73327022e+00  1.86672978e+00  2.56965930e+00  2.38202853e+00 
 4.55464000e-09  1.73267823e+00  1.86732177e+00  2.57056220e+00  2.38112419e+00 
 4.55514000e-09  1.73208691e+00  1.86791309e+00  2.57146275e+00  2.38022217e+00 
 4.55564000e-09  1.73149626e+00  1.86850374e+00  2.57236090e+00  2.37932248e+00 
 4.55614000e-09  1.73090629e+00  1.86909371e+00  2.57325664e+00  2.37842517e+00 
 4.55664000e-09  1.73031700e+00  1.86968300e+00  2.57414993e+00  2.37753026e+00 
 4.55714000e-09  1.72972840e+00  1.87027160e+00  2.57504074e+00  2.37663777e+00 
 4.55764000e-09  1.72914049e+00  1.87085951e+00  2.57592904e+00  2.37574773e+00 
 4.55814000e-09  1.72855328e+00  1.87144672e+00  2.57681479e+00  2.37486018e+00 
 4.55864000e-09  1.72796677e+00  1.87203323e+00  2.57769798e+00  2.37397514e+00 
 4.55914000e-09  1.72738098e+00  1.87261902e+00  2.57857857e+00  2.37309264e+00 
 4.55964000e-09  1.72679590e+00  1.87320410e+00  2.57945652e+00  2.37221271e+00 
 4.56014000e-09  1.72621154e+00  1.87378846e+00  2.58033181e+00  2.37133538e+00 
 4.56064000e-09  1.72562792e+00  1.87437208e+00  2.58120440e+00  2.37046068e+00 
 4.56114000e-09  1.72504502e+00  1.87495498e+00  2.58207427e+00  2.36958864e+00 
 4.56164000e-09  1.72446287e+00  1.87553713e+00  2.58294137e+00  2.36871929e+00 
 4.56214000e-09  1.72388146e+00  1.87611854e+00  2.58380569e+00  2.36785265e+00 
 4.56264000e-09  1.72330081e+00  1.87669919e+00  2.58466718e+00  2.36698877e+00 
 4.56314000e-09  1.72272091e+00  1.87727909e+00  2.58552582e+00  2.36612767e+00 
 4.56364000e-09  1.72214177e+00  1.87785823e+00  2.58638158e+00  2.36526938e+00 
 4.56414000e-09  1.72156340e+00  1.87843660e+00  2.58723441e+00  2.36441394e+00 
 4.56464000e-09  1.72098581e+00  1.87901419e+00  2.58808430e+00  2.36356137e+00 
 4.56514000e-09  1.72040899e+00  1.87959101e+00  2.58893120e+00  2.36271171e+00 
 4.56564000e-09  1.71983296e+00  1.88016704e+00  2.58977508e+00  2.36186498e+00 
 4.56614000e-09  1.71925773e+00  1.88074227e+00  2.59061592e+00  2.36102123e+00 
 4.56664000e-09  1.71868329e+00  1.88131671e+00  2.59145367e+00  2.36018048e+00 
 4.56714000e-09  1.71810965e+00  1.88189035e+00  2.59228830e+00  2.35934276e+00 
 4.56764000e-09  1.71753682e+00  1.88246318e+00  2.59311979e+00  2.35850811e+00 
 4.56814000e-09  1.71696480e+00  1.88303520e+00  2.59394809e+00  2.35767657e+00 
 4.56864000e-09  1.71639361e+00  1.88360639e+00  2.59477317e+00  2.35684815e+00 
 4.56914000e-09  1.71582323e+00  1.88417677e+00  2.59559500e+00  2.35602291e+00 
 4.56964000e-09  1.71525369e+00  1.88474631e+00  2.59641354e+00  2.35520087e+00 
 4.57014000e-09  1.71468499e+00  1.88531501e+00  2.59722876e+00  2.35438206e+00 
 4.57064000e-09  1.71411713e+00  1.88588287e+00  2.59804063e+00  2.35356652e+00 
 4.57114000e-09  1.71355011e+00  1.88644989e+00  2.59884911e+00  2.35275428e+00 
 4.57164000e-09  1.71298395e+00  1.88701605e+00  2.59965416e+00  2.35194539e+00 
 4.57214000e-09  1.71241865e+00  1.88758135e+00  2.60045575e+00  2.35113986e+00 
 4.57264000e-09  1.71185421e+00  1.88814579e+00  2.60125384e+00  2.35033774e+00 
 4.57314000e-09  1.71129064e+00  1.88870936e+00  2.60204840e+00  2.34953907e+00 
 4.57364000e-09  1.71072795e+00  1.88927205e+00  2.60283939e+00  2.34874387e+00 
 4.57414000e-09  1.71016614e+00  1.88983386e+00  2.60362677e+00  2.34795219e+00 
 4.57464000e-09  1.70960521e+00  1.89039479e+00  2.60441052e+00  2.34716406e+00 
 4.57514000e-09  1.70904518e+00  1.89095482e+00  2.60519058e+00  2.34637951e+00 
 4.57564000e-09  1.70848605e+00  1.89151395e+00  2.60596694e+00  2.34559858e+00 
 4.57614000e-09  1.70792781e+00  1.89207219e+00  2.60673954e+00  2.34482131e+00 
 4.57664000e-09  1.70737049e+00  1.89262951e+00  2.60750835e+00  2.34404773e+00 
 4.57714000e-09  1.70681408e+00  1.89318592e+00  2.60827334e+00  2.34327788e+00 
 4.57764000e-09  1.70625859e+00  1.89374141e+00  2.60903446e+00  2.34251180e+00 
 4.57814000e-09  1.70570403e+00  1.89429597e+00  2.60979169e+00  2.34174952e+00 
 4.57864000e-09  1.70515040e+00  1.89484960e+00  2.61054497e+00  2.34099109e+00 
 4.57914000e-09  1.70459770e+00  1.89540230e+00  2.61129428e+00  2.34023653e+00 
 4.57964000e-09  1.70404594e+00  1.89595406e+00  2.61203958e+00  2.33948589e+00 
 4.58014000e-09  1.70349513e+00  1.89650487e+00  2.61278082e+00  2.33873920e+00 
 4.58064000e-09  1.70294528e+00  1.89705472e+00  2.61351798e+00  2.33799651e+00 
 4.58114000e-09  1.70239638e+00  1.89760362e+00  2.61425100e+00  2.33725784e+00 
 4.58164000e-09  1.70184845e+00  1.89815155e+00  2.61497986e+00  2.33652324e+00 
 4.58214000e-09  1.70130148e+00  1.89869852e+00  2.61570451e+00  2.33579274e+00 
 4.58264000e-09  1.70075549e+00  1.89924451e+00  2.61642491e+00  2.33506639e+00 
 4.58314000e-09  1.70021047e+00  1.89978953e+00  2.61714104e+00  2.33434422e+00 
 4.58364000e-09  1.69966645e+00  1.90033355e+00  2.61785283e+00  2.33362626e+00 
 4.58414000e-09  1.69912341e+00  1.90087659e+00  2.61856027e+00  2.33291257e+00 
 4.58464000e-09  1.69858137e+00  1.90141863e+00  2.61926330e+00  2.33220317e+00 
 4.58514000e-09  1.69804033e+00  1.90195967e+00  2.61996190e+00  2.33149811e+00 
 4.58564000e-09  1.69750029e+00  1.90249971e+00  2.62065601e+00  2.33079743e+00 
 4.58614000e-09  1.69696127e+00  1.90303873e+00  2.62134561e+00  2.33010115e+00 
 4.58664000e-09  1.69642326e+00  1.90357674e+00  2.62203065e+00  2.32940933e+00 
 4.58714000e-09  1.69588628e+00  1.90411372e+00  2.62271109e+00  2.32872199e+00 
 4.58764000e-09  1.69535032e+00  1.90464968e+00  2.62338690e+00  2.32803919e+00 
 4.58814000e-09  1.69481540e+00  1.90518460e+00  2.62405803e+00  2.32736095e+00 
 4.58864000e-09  1.69428151e+00  1.90571849e+00  2.62472444e+00  2.32668732e+00 
 4.58914000e-09  1.69374867e+00  1.90625133e+00  2.62538611e+00  2.32601833e+00 
 4.58964000e-09  1.69321688e+00  1.90678312e+00  2.62604298e+00  2.32535403e+00 
 4.59014000e-09  1.69268614e+00  1.90731386e+00  2.62669502e+00  2.32469444e+00 
 4.59064000e-09  1.69215646e+00  1.90784354e+00  2.62734219e+00  2.32403962e+00 
 4.59114000e-09  1.69162784e+00  1.90837216e+00  2.62798445e+00  2.32338959e+00 
 4.59164000e-09  1.69110030e+00  1.90889970e+00  2.62862177e+00  2.32274439e+00 
 4.59214000e-09  1.69057383e+00  1.90942617e+00  2.62925411e+00  2.32210407e+00 
 4.59264000e-09  1.69004844e+00  1.90995156e+00  2.62988142e+00  2.32146866e+00 
 4.59314000e-09  1.68952413e+00  1.91047587e+00  2.63050367e+00  2.32083820e+00 
 4.59364000e-09  1.68900091e+00  1.91099909e+00  2.63112083e+00  2.32021271e+00 
 4.59414000e-09  1.68847879e+00  1.91152121e+00  2.63173286e+00  2.31959225e+00 
 4.59464000e-09  1.68795777e+00  1.91204223e+00  2.63233971e+00  2.31897685e+00 
 4.59514000e-09  1.68743786e+00  1.91256214e+00  2.63294137e+00  2.31836654e+00 
 4.59564000e-09  1.68691906e+00  1.91308094e+00  2.63353778e+00  2.31776136e+00 
 4.59614000e-09  1.68640137e+00  1.91359863e+00  2.63412892e+00  2.31716133e+00 
 4.59664000e-09  1.68588481e+00  1.91411519e+00  2.63471474e+00  2.31656651e+00 
 4.59714000e-09  1.68536937e+00  1.91463063e+00  2.63529523e+00  2.31597692e+00 
 4.59764000e-09  1.68485506e+00  1.91514494e+00  2.63587033e+00  2.31539259e+00 
 4.59814000e-09  1.68434189e+00  1.91565811e+00  2.63644003e+00  2.31481357e+00 
 4.59864000e-09  1.68382986e+00  1.91617014e+00  2.63700428e+00  2.31423987e+00 
 4.59914000e-09  1.68331897e+00  1.91668103e+00  2.63756306e+00  2.31367153e+00 
 4.59964000e-09  1.68280924e+00  1.91719076e+00  2.63811633e+00  2.31310859e+00 
 4.60014000e-09  1.68230067e+00  1.91769933e+00  2.63866407e+00  2.31255108e+00 
 4.60064000e-09  1.68179325e+00  1.91820675e+00  2.63920625e+00  2.31199901e+00 
 4.60114000e-09  1.68128700e+00  1.91871300e+00  2.63974284e+00  2.31145243e+00 
 4.60164000e-09  1.68078193e+00  1.91921807e+00  2.64027380e+00  2.31091136e+00 
 4.60214000e-09  1.68027803e+00  1.91972197e+00  2.64079912e+00  2.31037583e+00 
 4.60264000e-09  1.67977531e+00  1.92022469e+00  2.64131877e+00  2.30984586e+00 
 4.60314000e-09  1.67927378e+00  1.92072622e+00  2.64183273e+00  2.30932148e+00 
 4.60364000e-09  1.67877344e+00  1.92122656e+00  2.64234096e+00  2.30880272e+00 
 4.60414000e-09  1.67827430e+00  1.92172570e+00  2.64284345e+00  2.30828959e+00 
 4.60464000e-09  1.67777636e+00  1.92222364e+00  2.64334019e+00  2.30778212e+00 
 4.60514000e-09  1.67727963e+00  1.92272037e+00  2.64383114e+00  2.30728033e+00 
 4.60564000e-09  1.67678410e+00  1.92321590e+00  2.64431628e+00  2.30678424e+00 
 4.60614000e-09  1.67628979e+00  1.92371021e+00  2.64479562e+00  2.30629387e+00 
 4.60664000e-09  1.67579671e+00  1.92420329e+00  2.64526911e+00  2.30580924e+00 
 4.60714000e-09  1.67530485e+00  1.92469515e+00  2.64573676e+00  2.30533035e+00 
 4.60764000e-09  1.67481422e+00  1.92518578e+00  2.64619855e+00  2.30485724e+00 
 4.60814000e-09  1.67432482e+00  1.92567518e+00  2.64665446e+00  2.30438991e+00 
 4.60864000e-09  1.67383667e+00  1.92616333e+00  2.64710449e+00  2.30392836e+00 
 4.60914000e-09  1.67334976e+00  1.92665024e+00  2.64754863e+00  2.30347262e+00 
 4.60964000e-09  1.67286410e+00  1.92713590e+00  2.64798687e+00  2.30302270e+00 
 4.61014000e-09  1.67237970e+00  1.92762030e+00  2.64841920e+00  2.30257859e+00 
 4.61064000e-09  1.67189655e+00  1.92810345e+00  2.64884563e+00  2.30214031e+00 
 4.61114000e-09  1.67141467e+00  1.92858533e+00  2.64926614e+00  2.30170785e+00 
 4.61164000e-09  1.67093406e+00  1.92906594e+00  2.64968075e+00  2.30128123e+00 
 4.61214000e-09  1.67045472e+00  1.92954528e+00  2.65008944e+00  2.30086045e+00 
 4.61264000e-09  1.66997666e+00  1.93002334e+00  2.65049223e+00  2.30044549e+00 
 4.61314000e-09  1.66949989e+00  1.93050011e+00  2.65088912e+00  2.30003637e+00 
 4.61364000e-09  1.66902440e+00  1.93097560e+00  2.65128011e+00  2.29963307e+00 
 4.61414000e-09  1.66855020e+00  1.93144980e+00  2.65166521e+00  2.29923560e+00 
 4.61464000e-09  1.66807731e+00  1.93192269e+00  2.65204444e+00  2.29884394e+00 
 4.61514000e-09  1.66760571e+00  1.93239429e+00  2.65241781e+00  2.29845808e+00 
 4.61564000e-09  1.66713542e+00  1.93286458e+00  2.65278533e+00  2.29807801e+00 
 4.61614000e-09  1.66666645e+00  1.93333355e+00  2.65314701e+00  2.29770372e+00 
 4.61664000e-09  1.66619878e+00  1.93380122e+00  2.65350288e+00  2.29733519e+00 
 4.61714000e-09  1.66573244e+00  1.93426756e+00  2.65385295e+00  2.29697242e+00 
 4.61764000e-09  1.66526743e+00  1.93473257e+00  2.65419725e+00  2.29661537e+00 
 4.61814000e-09  1.66480374e+00  1.93519626e+00  2.65453581e+00  2.29626402e+00 
 4.61864000e-09  1.66434139e+00  1.93565861e+00  2.65486863e+00  2.29591837e+00 
 4.61914000e-09  1.66388038e+00  1.93611962e+00  2.65519576e+00  2.29557837e+00 
 4.61964000e-09  1.66342071e+00  1.93657929e+00  2.65551723e+00  2.29524401e+00 
 4.62014000e-09  1.66296238e+00  1.93703762e+00  2.65583306e+00  2.29491526e+00 
 4.62064000e-09  1.66250542e+00  1.93749458e+00  2.65614328e+00  2.29459209e+00 
 4.62114000e-09  1.66204980e+00  1.93795020e+00  2.65644794e+00  2.29427446e+00 
 4.62164000e-09  1.66159555e+00  1.93840445e+00  2.65674707e+00  2.29396234e+00 
 4.62214000e-09  1.66114267e+00  1.93885733e+00  2.65704070e+00  2.29365570e+00 
 4.62264000e-09  1.66069116e+00  1.93930884e+00  2.65732889e+00  2.29335450e+00 
 4.62314000e-09  1.66024102e+00  1.93975898e+00  2.65761166e+00  2.29305871e+00 
 4.62364000e-09  1.65979226e+00  1.94020774e+00  2.65788906e+00  2.29276827e+00 
 4.62414000e-09  1.65934488e+00  1.94065512e+00  2.65816115e+00  2.29248316e+00 
 4.62464000e-09  1.65889889e+00  1.94110111e+00  2.65842795e+00  2.29220333e+00 
 4.62514000e-09  1.65845430e+00  1.94154570e+00  2.65868953e+00  2.29192873e+00 
 4.62564000e-09  1.65801110e+00  1.94198890e+00  2.65894594e+00  2.29165931e+00 
 4.62614000e-09  1.65756930e+00  1.94243070e+00  2.65919722e+00  2.29139503e+00 
 4.62664000e-09  1.65712891e+00  1.94287109e+00  2.65944342e+00  2.29113585e+00 
 4.62714000e-09  1.65668993e+00  1.94331007e+00  2.65968460e+00  2.29088170e+00 
 4.62764000e-09  1.65625236e+00  1.94374764e+00  2.65992082e+00  2.29063253e+00 
 4.62814000e-09  1.65581622e+00  1.94418378e+00  2.66015213e+00  2.29038831e+00 
 4.62864000e-09  1.65538149e+00  1.94461851e+00  2.66037859e+00  2.29014896e+00 
 4.62914000e-09  1.65494819e+00  1.94505181e+00  2.66060026e+00  2.28991444e+00 
 4.62964000e-09  1.65451633e+00  1.94548367e+00  2.66081719e+00  2.28968468e+00 
 4.63014000e-09  1.65408590e+00  1.94591410e+00  2.66102945e+00  2.28945964e+00 
 4.63064000e-09  1.65365691e+00  1.94634309e+00  2.66123710e+00  2.28923924e+00 
 4.63114000e-09  1.65322936e+00  1.94677064e+00  2.66144020e+00  2.28902344e+00 
 4.63164000e-09  1.65280327e+00  1.94719673e+00  2.66163881e+00  2.28881218e+00 
 4.63214000e-09  1.65237862e+00  1.94762138e+00  2.66183300e+00  2.28860538e+00 
 4.63264000e-09  1.65195544e+00  1.94804456e+00  2.66202283e+00  2.28840300e+00 
 4.63314000e-09  1.65153371e+00  1.94846629e+00  2.66220836e+00  2.28820496e+00 
 4.63364000e-09  1.65111345e+00  1.94888655e+00  2.66238966e+00  2.28801122e+00 
 4.63414000e-09  1.65069466e+00  1.94930534e+00  2.66256681e+00  2.28782169e+00 
 4.63464000e-09  1.65027734e+00  1.94972266e+00  2.66273985e+00  2.28763632e+00 
 4.63514000e-09  1.64986150e+00  1.95013850e+00  2.66290886e+00  2.28745505e+00 
 4.63564000e-09  1.64944714e+00  1.95055286e+00  2.66307391e+00  2.28727781e+00 
 4.63614000e-09  1.64903427e+00  1.95096573e+00  2.66323505e+00  2.28710453e+00 
 4.63664000e-09  1.64862289e+00  1.95137711e+00  2.66339237e+00  2.28693515e+00 
 4.63714000e-09  1.64821300e+00  1.95178700e+00  2.66354592e+00  2.28676962e+00 
 4.63764000e-09  1.64780461e+00  1.95219539e+00  2.66369578e+00  2.28660785e+00 
 4.63814000e-09  1.64739772e+00  1.95260228e+00  2.66384200e+00  2.28644979e+00 
 4.63864000e-09  1.64699234e+00  1.95300766e+00  2.66398465e+00  2.28629537e+00 
 4.63914000e-09  1.64658847e+00  1.95341153e+00  2.66412381e+00  2.28614452e+00 
 4.63964000e-09  1.64618611e+00  1.95381389e+00  2.66425954e+00  2.28599719e+00 
 4.64014000e-09  1.64578527e+00  1.95421473e+00  2.66439190e+00  2.28585331e+00 
 4.64064000e-09  1.64538595e+00  1.95461405e+00  2.66452096e+00  2.28571280e+00 
 4.64114000e-09  1.64498816e+00  1.95501184e+00  2.66464679e+00  2.28557562e+00 
 4.64164000e-09  1.64459190e+00  1.95540810e+00  2.66476944e+00  2.28544169e+00 
 4.64214000e-09  1.64419717e+00  1.95580283e+00  2.66488899e+00  2.28531095e+00 
 4.64264000e-09  1.64380398e+00  1.95619602e+00  2.66500550e+00  2.28518334e+00 
 4.64314000e-09  1.64341233e+00  1.95658767e+00  2.66511903e+00  2.28505880e+00 
 4.64364000e-09  1.64302223e+00  1.95697777e+00  2.66522964e+00  2.28493726e+00 
 4.64414000e-09  1.64263367e+00  1.95736633e+00  2.66533740e+00  2.28481866e+00 
 4.64464000e-09  1.64224667e+00  1.95775333e+00  2.66544237e+00  2.28470295e+00 
 4.64514000e-09  1.64186123e+00  1.95813877e+00  2.66554460e+00  2.28459005e+00 
 4.64564000e-09  1.64147735e+00  1.95852265e+00  2.66564417e+00  2.28447992e+00 
 4.64614000e-09  1.64109503e+00  1.95890497e+00  2.66574112e+00  2.28437249e+00 
 4.64664000e-09  1.64071428e+00  1.95928572e+00  2.66583553e+00  2.28426771e+00 
 4.64714000e-09  1.64033510e+00  1.95966490e+00  2.66592744e+00  2.28416551e+00 
 4.64764000e-09  1.63995750e+00  1.96004250e+00  2.66601691e+00  2.28406584e+00 
 4.64814000e-09  1.63958148e+00  1.96041852e+00  2.66610400e+00  2.28396864e+00 
 4.64864000e-09  1.63920704e+00  1.96079296e+00  2.66618877e+00  2.28387386e+00 
 4.64914000e-09  1.63883418e+00  1.96116582e+00  2.66627126e+00  2.28378145e+00 
 4.64964000e-09  1.63846292e+00  1.96153708e+00  2.66635155e+00  2.28369134e+00 
 4.65014000e-09  1.63809326e+00  1.96190674e+00  2.66642967e+00  2.28360349e+00 
 4.65064000e-09  1.63772519e+00  1.96227481e+00  2.66650567e+00  2.28351784e+00 
 4.65114000e-09  1.63735872e+00  1.96264128e+00  2.66657962e+00  2.28343435e+00 
 4.65164000e-09  1.63699386e+00  1.96300614e+00  2.66665157e+00  2.28335296e+00 
 4.65214000e-09  1.63663060e+00  1.96336940e+00  2.66672155e+00  2.28327362e+00 
 4.65264000e-09  1.63626896e+00  1.96373104e+00  2.66678962e+00  2.28319628e+00 
 4.65314000e-09  1.63590893e+00  1.96409107e+00  2.66685584e+00  2.28312090e+00 
 4.65364000e-09  1.63555053e+00  1.96444947e+00  2.66692023e+00  2.28304742e+00 
 4.65414000e-09  1.63519375e+00  1.96480625e+00  2.66698286e+00  2.28297581e+00 
 4.65464000e-09  1.63483859e+00  1.96516141e+00  2.66704377e+00  2.28290601e+00 
 4.65514000e-09  1.63448506e+00  1.96551494e+00  2.66710300e+00  2.28283799e+00 
 4.65564000e-09  1.63413317e+00  1.96586683e+00  2.66716059e+00  2.28277169e+00 
 4.65614000e-09  1.63378291e+00  1.96621709e+00  2.66721658e+00  2.28270708e+00 
 4.65664000e-09  1.63343430e+00  1.96656570e+00  2.66727103e+00  2.28264411e+00 
 4.65714000e-09  1.63308733e+00  1.96691267e+00  2.66732397e+00  2.28258274e+00 
 4.65764000e-09  1.63274200e+00  1.96725800e+00  2.66737543e+00  2.28252294e+00 
 4.65814000e-09  1.63239833e+00  1.96760167e+00  2.66742547e+00  2.28246465e+00 
 4.65864000e-09  1.63205631e+00  1.96794369e+00  2.66747411e+00  2.28240785e+00 
 4.65914000e-09  1.63171595e+00  1.96828405e+00  2.66752139e+00  2.28235250e+00 
 4.65964000e-09  1.63137725e+00  1.96862275e+00  2.66756736e+00  2.28229855e+00 
 4.66014000e-09  1.63104021e+00  1.96895979e+00  2.66761204e+00  2.28224598e+00 
 4.66064000e-09  1.63070484e+00  1.96929516e+00  2.66765547e+00  2.28219474e+00 
 4.66114000e-09  1.63037115e+00  1.96962885e+00  2.66769769e+00  2.28214481e+00 
 4.66164000e-09  1.63003912e+00  1.96996088e+00  2.66773873e+00  2.28209615e+00 
 4.66214000e-09  1.62970878e+00  1.97029122e+00  2.66777862e+00  2.28204872e+00 
 4.66264000e-09  1.62938011e+00  1.97061989e+00  2.66781739e+00  2.28200250e+00 
 4.66314000e-09  1.62905313e+00  1.97094687e+00  2.66785507e+00  2.28195745e+00 
 4.66364000e-09  1.62872783e+00  1.97127217e+00  2.66789170e+00  2.28191354e+00 
 4.66414000e-09  1.62840423e+00  1.97159577e+00  2.66792730e+00  2.28187075e+00 
 4.66464000e-09  1.62808232e+00  1.97191768e+00  2.66796191e+00  2.28182904e+00 
 4.66514000e-09  1.62776211e+00  1.97223789e+00  2.66799555e+00  2.28178838e+00 
 4.66564000e-09  1.62744359e+00  1.97255641e+00  2.66802824e+00  2.28174875e+00 
 4.66614000e-09  1.62712678e+00  1.97287322e+00  2.66806002e+00  2.28171012e+00 
 4.66664000e-09  1.62681168e+00  1.97318832e+00  2.66809091e+00  2.28167247e+00 
 4.66714000e-09  1.62649828e+00  1.97350172e+00  2.66812093e+00  2.28163576e+00 
 4.66764000e-09  1.62618660e+00  1.97381340e+00  2.66815012e+00  2.28159997e+00 
 4.66814000e-09  1.62587663e+00  1.97412337e+00  2.66817848e+00  2.28156509e+00 
 4.66864000e-09  1.62556838e+00  1.97443162e+00  2.66820606e+00  2.28153107e+00 
 4.66914000e-09  1.62526186e+00  1.97473814e+00  2.66823287e+00  2.28149792e+00 
 4.66964000e-09  1.62495705e+00  1.97504295e+00  2.66825893e+00  2.28146559e+00 
 4.67014000e-09  1.62465398e+00  1.97534602e+00  2.66828426e+00  2.28143406e+00 
 4.67064000e-09  1.62435263e+00  1.97564737e+00  2.66830889e+00  2.28140333e+00 
 4.67114000e-09  1.62405302e+00  1.97594698e+00  2.66833284e+00  2.28137335e+00 
 4.67164000e-09  1.62375515e+00  1.97624485e+00  2.66835612e+00  2.28134413e+00 
 4.67214000e-09  1.62345901e+00  1.97654099e+00  2.66837876e+00  2.28131563e+00 
 4.67264000e-09  1.62316462e+00  1.97683538e+00  2.66840077e+00  2.28128783e+00 
 4.67314000e-09  1.62287197e+00  1.97712803e+00  2.66842217e+00  2.28126073e+00 
 4.67364000e-09  1.62258107e+00  1.97741893e+00  2.66844298e+00  2.28123429e+00 
 4.67414000e-09  1.62229193e+00  1.97770807e+00  2.66846322e+00  2.28120850e+00 
 4.67464000e-09  1.62200453e+00  1.97799547e+00  2.66848291e+00  2.28118335e+00 
 4.67514000e-09  1.62171889e+00  1.97828111e+00  2.66850205e+00  2.28115882e+00 
 4.67564000e-09  1.62143502e+00  1.97856498e+00  2.66852067e+00  2.28113489e+00 
 4.67614000e-09  1.62115290e+00  1.97884710e+00  2.66853879e+00  2.28111155e+00 
 4.67664000e-09  1.62087255e+00  1.97912745e+00  2.66855641e+00  2.28108878e+00 
 4.67714000e-09  1.62059397e+00  1.97940603e+00  2.66857355e+00  2.28106656e+00 
 4.67764000e-09  1.62031716e+00  1.97968284e+00  2.66859023e+00  2.28104489e+00 
 4.67814000e-09  1.62004212e+00  1.97995788e+00  2.66860646e+00  2.28102375e+00 
 4.67864000e-09  1.61976886e+00  1.98023114e+00  2.66862226e+00  2.28100312e+00 
 4.67914000e-09  1.61949737e+00  1.98050263e+00  2.66863762e+00  2.28098299e+00 
 4.67964000e-09  1.61922767e+00  1.98077233e+00  2.66865258e+00  2.28096335e+00 
 4.68014000e-09  1.61895975e+00  1.98104025e+00  2.66866714e+00  2.28094418e+00 
 4.68064000e-09  1.61869362e+00  1.98130638e+00  2.66868132e+00  2.28092548e+00 
 4.68114000e-09  1.61842928e+00  1.98157072e+00  2.66869512e+00  2.28090724e+00 
 4.68164000e-09  1.61816673e+00  1.98183327e+00  2.66870856e+00  2.28088943e+00 
 4.68214000e-09  1.61790598e+00  1.98209402e+00  2.66872164e+00  2.28087205e+00 
 4.68264000e-09  1.61764702e+00  1.98235298e+00  2.66873438e+00  2.28085509e+00 
 4.68314000e-09  1.61738986e+00  1.98261014e+00  2.66874679e+00  2.28083854e+00 
 4.68364000e-09  1.61713450e+00  1.98286550e+00  2.66875888e+00  2.28082239e+00 
 4.68414000e-09  1.61688095e+00  1.98311905e+00  2.66877066e+00  2.28080663e+00 
 4.68464000e-09  1.61662921e+00  1.98337079e+00  2.66878214e+00  2.28079125e+00 
 4.68514000e-09  1.61637928e+00  1.98362072e+00  2.66879332e+00  2.28077623e+00 
 4.68564000e-09  1.61613115e+00  1.98386885e+00  2.66880422e+00  2.28076158e+00 
 4.68614000e-09  1.61588485e+00  1.98411515e+00  2.66881485e+00  2.28074728e+00 
 4.68664000e-09  1.61564036e+00  1.98435964e+00  2.66882521e+00  2.28073332e+00 
 4.68714000e-09  1.61539769e+00  1.98460231e+00  2.66883531e+00  2.28071969e+00 
 4.68764000e-09  1.61515684e+00  1.98484316e+00  2.66884516e+00  2.28070640e+00 
 4.68814000e-09  1.61491782e+00  1.98508218e+00  2.66885477e+00  2.28069342e+00 
 4.68864000e-09  1.61468062e+00  1.98531938e+00  2.66886414e+00  2.28068076e+00 
 4.68914000e-09  1.61444525e+00  1.98555475e+00  2.66887329e+00  2.28066840e+00 
 4.68964000e-09  1.61421171e+00  1.98578829e+00  2.66888221e+00  2.28065633e+00 
 4.69014000e-09  1.61398001e+00  1.98601999e+00  2.66889092e+00  2.28064456e+00 
 4.69064000e-09  1.61375014e+00  1.98624986e+00  2.66889943e+00  2.28063307e+00 
 4.69114000e-09  1.61352211e+00  1.98647789e+00  2.66890773e+00  2.28062185e+00 
 4.69164000e-09  1.61329593e+00  1.98670407e+00  2.66891584e+00  2.28061091e+00 
 4.69214000e-09  1.61307158e+00  1.98692842e+00  2.66892376e+00  2.28060023e+00 
 4.69264000e-09  1.61284908e+00  1.98715092e+00  2.66893149e+00  2.28058981e+00 
 4.69314000e-09  1.61262843e+00  1.98737157e+00  2.66893905e+00  2.28057964e+00 
 4.69364000e-09  1.61240962e+00  1.98759038e+00  2.66894644e+00  2.28056972e+00 
 4.69414000e-09  1.61219267e+00  1.98780733e+00  2.66895366e+00  2.28056004e+00 
 4.69464000e-09  1.61197757e+00  1.98802243e+00  2.66896072e+00  2.28055059e+00 
 4.69514000e-09  1.61176433e+00  1.98823567e+00  2.66896762e+00  2.28054137e+00 
 4.69564000e-09  1.61155294e+00  1.98844706e+00  2.66897438e+00  2.28053238e+00 
 4.69614000e-09  1.61134341e+00  1.98865659e+00  2.66898098e+00  2.28052361e+00 
 4.69664000e-09  1.61113575e+00  1.98886425e+00  2.66898745e+00  2.28051505e+00 
 4.69714000e-09  1.61092995e+00  1.98907005e+00  2.66899377e+00  2.28050670e+00 
 4.69764000e-09  1.61072601e+00  1.98927399e+00  2.66899997e+00  2.28049855e+00 
 4.69814000e-09  1.61052395e+00  1.98947605e+00  2.66900603e+00  2.28049061e+00 
 4.69864000e-09  1.61032375e+00  1.98967625e+00  2.66901197e+00  2.28048286e+00 
 4.69914000e-09  1.61012543e+00  1.98987457e+00  2.66901778e+00  2.28047530e+00 
 4.69964000e-09  1.60992898e+00  1.99007102e+00  2.66902348e+00  2.28046794e+00 
 4.70014000e-09  1.60973441e+00  1.99026559e+00  2.66902906e+00  2.28046075e+00 
 4.70064000e-09  1.60954171e+00  1.99045829e+00  2.66903454e+00  2.28045374e+00 
 4.70114000e-09  1.60935089e+00  1.99064911e+00  2.66903990e+00  2.28044691e+00 
 4.70164000e-09  1.60916196e+00  1.99083804e+00  2.66904516e+00  2.28044025e+00 
 4.70214000e-09  1.60897491e+00  1.99102509e+00  2.66905032e+00  2.28043375e+00 
 4.70264000e-09  1.60878974e+00  1.99121026e+00  2.66905538e+00  2.28042742e+00 
 4.70314000e-09  1.60860646e+00  1.99139354e+00  2.66906034e+00  2.28042125e+00 
 4.70364000e-09  1.60842507e+00  1.99157493e+00  2.66906521e+00  2.28041523e+00 
 4.70414000e-09  1.60824557e+00  1.99175443e+00  2.66906999e+00  2.28040937e+00 
 4.70464000e-09  1.60806797e+00  1.99193203e+00  2.66907469e+00  2.28040366e+00 
 4.70514000e-09  1.60789225e+00  1.99210775e+00  2.66907930e+00  2.28039809e+00 
 4.70564000e-09  1.60771844e+00  1.99228156e+00  2.66908382e+00  2.28039267e+00 
 4.70614000e-09  1.60754652e+00  1.99245348e+00  2.66908827e+00  2.28038738e+00 
 4.70664000e-09  1.60737650e+00  1.99262350e+00  2.66909264e+00  2.28038224e+00 
 4.70714000e-09  1.60720838e+00  1.99279162e+00  2.66909693e+00  2.28037722e+00 
 4.70764000e-09  1.60704217e+00  1.99295783e+00  2.66910115e+00  2.28037234e+00 
 4.70814000e-09  1.60687786e+00  1.99312214e+00  2.66910529e+00  2.28036759e+00 
 4.70864000e-09  1.60671545e+00  1.99328455e+00  2.66910937e+00  2.28036296e+00 
 4.70914000e-09  1.60655496e+00  1.99344504e+00  2.66911338e+00  2.28035845e+00 
 4.70964000e-09  1.60639637e+00  1.99360363e+00  2.66911732e+00  2.28035407e+00 
 4.71014000e-09  1.60623969e+00  1.99376031e+00  2.66912120e+00  2.28034980e+00 
 4.71064000e-09  1.60608493e+00  1.99391507e+00  2.66912502e+00  2.28034565e+00 
 4.71114000e-09  1.60593208e+00  1.99406792e+00  2.66912878e+00  2.28034161e+00 
 4.71164000e-09  1.60578114e+00  1.99421886e+00  2.66913248e+00  2.28033769e+00 
 4.71214000e-09  1.60563212e+00  1.99436788e+00  2.66913612e+00  2.28033387e+00 
 4.71264000e-09  1.60548502e+00  1.99451498e+00  2.66913970e+00  2.28033016e+00 
 4.71314000e-09  1.60533984e+00  1.99466016e+00  2.66914324e+00  2.28032656e+00 
 4.71364000e-09  1.60519658e+00  1.99480342e+00  2.66914672e+00  2.28032305e+00 
 4.71414000e-09  1.60505525e+00  1.99494475e+00  2.66915015e+00  2.28031965e+00 
 4.71464000e-09  1.60491583e+00  1.99508417e+00  2.66915353e+00  2.28031635e+00 
 4.71514000e-09  1.60477835e+00  1.99522165e+00  2.66915686e+00  2.28031315e+00 
 4.71564000e-09  1.60464278e+00  1.99535722e+00  2.66916015e+00  2.28031005e+00 
 4.71614000e-09  1.60450915e+00  1.99549085e+00  2.66916339e+00  2.28030704e+00 
 4.71664000e-09  1.60437745e+00  1.99562255e+00  2.66916658e+00  2.28030412e+00 
 4.71714000e-09  1.60424768e+00  1.99575232e+00  2.66916974e+00  2.28030130e+00 
 4.71764000e-09  1.60411984e+00  1.99588016e+00  2.66917285e+00  2.28029857e+00 
 4.71814000e-09  1.60399393e+00  1.99600607e+00  2.66917593e+00  2.28029592e+00 
 4.71864000e-09  1.60386996e+00  1.99613004e+00  2.66917897e+00  2.28029337e+00 
 4.71914000e-09  1.60374792e+00  1.99625208e+00  2.66918197e+00  2.28029090e+00 
 4.71964000e-09  1.60362782e+00  1.99637218e+00  2.66918493e+00  2.28028852e+00 
 4.72014000e-09  1.60350966e+00  1.99649034e+00  2.66918786e+00  2.28028622e+00 
 4.72064000e-09  1.60339344e+00  1.99660656e+00  2.66919075e+00  2.28028401e+00 
 4.72114000e-09  1.60327916e+00  1.99672084e+00  2.66919362e+00  2.28028188e+00 
 4.72164000e-09  1.60316682e+00  1.99683318e+00  2.66919645e+00  2.28027983e+00 
 4.72214000e-09  1.60305642e+00  1.99694358e+00  2.66919925e+00  2.28027787e+00 
 4.72264000e-09  1.60294796e+00  1.99705204e+00  2.66920203e+00  2.28027598e+00 
 4.72314000e-09  1.60284145e+00  1.99715855e+00  2.66920477e+00  2.28027418e+00 
 4.72364000e-09  1.60273689e+00  1.99726311e+00  2.66920749e+00  2.28027245e+00 
 4.72414000e-09  1.60263427e+00  1.99736573e+00  2.66921019e+00  2.28027080e+00 
 4.72464000e-09  1.60253361e+00  1.99746639e+00  2.66921286e+00  2.28026923e+00 
 4.72514000e-09  1.60243489e+00  1.99756511e+00  2.66921550e+00  2.28026774e+00 
 4.72564000e-09  1.60233812e+00  1.99766188e+00  2.66921812e+00  2.28026632e+00 
 4.72614000e-09  1.60224330e+00  1.99775670e+00  2.66922072e+00  2.28026498e+00 
 4.72664000e-09  1.60215043e+00  1.99784957e+00  2.66922330e+00  2.28026371e+00 
 4.72714000e-09  1.60205952e+00  1.99794048e+00  2.66922586e+00  2.28026252e+00 
 4.72764000e-09  1.60197056e+00  1.99802944e+00  2.66922841e+00  2.28026140e+00 
 4.72814000e-09  1.60188355e+00  1.99811645e+00  2.66923093e+00  2.28026035e+00 
 4.72864000e-09  1.60179850e+00  1.99820150e+00  2.66923344e+00  2.28025938e+00 
 4.72914000e-09  1.60171540e+00  1.99828460e+00  2.66923593e+00  2.28025848e+00 
 4.72964000e-09  1.60163427e+00  1.99836573e+00  2.66923840e+00  2.28025765e+00 
 4.73014000e-09  1.60155509e+00  1.99844491e+00  2.66924086e+00  2.28025689e+00 
 4.73064000e-09  1.60147787e+00  1.99852213e+00  2.66924330e+00  2.28025620e+00 
 4.73114000e-09  1.60140260e+00  1.99859740e+00  2.66924574e+00  2.28025559e+00 
 4.73164000e-09  1.60132930e+00  1.99867070e+00  2.66924815e+00  2.28025504e+00 
 4.73214000e-09  1.60125796e+00  1.99874204e+00  2.66925056e+00  2.28025456e+00 
 4.73264000e-09  1.60118858e+00  1.99881142e+00  2.66925296e+00  2.28025416e+00 
 4.73314000e-09  1.60112116e+00  1.99887884e+00  2.66925534e+00  2.28025382e+00 
 4.73364000e-09  1.60105571e+00  1.99894429e+00  2.66925772e+00  2.28025355e+00 
 4.73414000e-09  1.60099222e+00  1.99900778e+00  2.66926009e+00  2.28025335e+00 
 4.73464000e-09  1.60093069e+00  1.99906931e+00  2.66926244e+00  2.28025321e+00 
 4.73514000e-09  1.60087113e+00  1.99912887e+00  2.66926479e+00  2.28025315e+00 
 4.73564000e-09  1.60081353e+00  1.99918647e+00  2.66926714e+00  2.28025315e+00 
 4.73614000e-09  1.60075790e+00  1.99924210e+00  2.66926947e+00  2.28025321e+00 
 4.73664000e-09  1.60070424e+00  1.99929576e+00  2.66927180e+00  2.28025335e+00 
 4.73714000e-09  1.60065254e+00  1.99934746e+00  2.66927412e+00  2.28025355e+00 
 4.73764000e-09  1.60060281e+00  1.99939719e+00  2.66927644e+00  2.28025381e+00 
 4.73814000e-09  1.60055504e+00  1.99944496e+00  2.66927875e+00  2.28025414e+00 
 4.73864000e-09  1.60050925e+00  1.99949075e+00  2.66928106e+00  2.28025454e+00 
 4.73914000e-09  1.60046543e+00  1.99953457e+00  2.66928337e+00  2.28025500e+00 
 4.73964000e-09  1.60042357e+00  1.99957643e+00  2.66928567e+00  2.28025552e+00 
 4.74014000e-09  1.60038368e+00  1.99961632e+00  2.66928796e+00  2.28025611e+00 
 4.74064000e-09  1.60034577e+00  1.99965423e+00  2.66929026e+00  2.28025677e+00 
 4.74114000e-09  1.60030982e+00  1.99969018e+00  2.66929255e+00  2.28025749e+00 
 4.74164000e-09  1.60027585e+00  1.99972415e+00  2.66929484e+00  2.28025827e+00 
 4.74214000e-09  1.60024385e+00  1.99975615e+00  2.66929713e+00  2.28025911e+00 
 4.74264000e-09  1.60021381e+00  1.99978619e+00  2.66929942e+00  2.28026002e+00 
 4.74314000e-09  1.60018576e+00  1.99981424e+00  2.66930170e+00  2.28026099e+00 
 4.74364000e-09  1.60015967e+00  1.99984033e+00  2.66930399e+00  2.28026203e+00 
 4.74414000e-09  1.60013555e+00  1.99986445e+00  2.66930627e+00  2.28026312e+00 
 4.74464000e-09  1.60011341e+00  1.99988659e+00  2.66930856e+00  2.28026428e+00 
 4.74514000e-09  1.60009324e+00  1.99990676e+00  2.66931084e+00  2.28026550e+00 
 4.74564000e-09  1.60007504e+00  1.99992496e+00  2.66931312e+00  2.28026678e+00 
 4.74614000e-09  1.60005882e+00  1.99994118e+00  2.66931541e+00  2.28026813e+00 
 4.74664000e-09  1.60004457e+00  1.99995543e+00  2.66931769e+00  2.28026954e+00 
 4.74714000e-09  1.60003229e+00  1.99996771e+00  2.66931998e+00  2.28027100e+00 
 4.74764000e-09  1.60002199e+00  1.99997801e+00  2.66932227e+00  2.28027253e+00 
 4.74814000e-09  1.60001366e+00  1.99998634e+00  2.66932456e+00  2.28027412e+00 
 4.74864000e-09  1.60000730e+00  1.99999270e+00  2.66932685e+00  2.28027577e+00 
 4.74914000e-09  1.60000292e+00  1.99999708e+00  2.66932914e+00  2.28027748e+00 
 4.74964000e-09  1.60000051e+00  1.99999949e+00  2.66933144e+00  2.28027925e+00 
 4.75014000e-09  1.60000008e+00  1.99999992e+00  2.66933373e+00  2.28028109e+00 
 4.75064000e-09  1.60000162e+00  1.99999838e+00  2.66933603e+00  2.28028298e+00 
 4.75114000e-09  1.60000513e+00  1.99999487e+00  2.66933833e+00  2.28028493e+00 
 4.75164000e-09  1.60001062e+00  1.99998938e+00  2.66934064e+00  2.28028695e+00 
 4.75214000e-09  1.60001808e+00  1.99998192e+00  2.66934294e+00  2.28028902e+00 
 4.75264000e-09  1.60002751e+00  1.99997249e+00  2.66934525e+00  2.28029115e+00 
 4.75314000e-09  1.60003892e+00  1.99996108e+00  2.66934756e+00  2.28029335e+00 
 4.75364000e-09  1.60005231e+00  1.99994769e+00  2.66934987e+00  2.28029560e+00 
 4.75414000e-09  1.60006766e+00  1.99993234e+00  2.66935219e+00  2.28029791e+00 
 4.75464000e-09  1.60008499e+00  1.99991501e+00  2.66935451e+00  2.28030028e+00 
 4.75514000e-09  1.60010429e+00  1.99989571e+00  2.66935683e+00  2.28030272e+00 
 4.75564000e-09  1.60012557e+00  1.99987443e+00  2.66935916e+00  2.28030521e+00 
 4.75614000e-09  1.60014881e+00  1.99985119e+00  2.66936148e+00  2.28030776e+00 
 4.75664000e-09  1.60017403e+00  1.99982597e+00  2.66936382e+00  2.28031037e+00 
 4.75714000e-09  1.60020123e+00  1.99979877e+00  2.66936615e+00  2.28031304e+00 
 4.75764000e-09  1.60023039e+00  1.99976961e+00  2.66936849e+00  2.28031577e+00 
 4.75814000e-09  1.60026153e+00  1.99973847e+00  2.66937083e+00  2.28031856e+00 
 4.75864000e-09  1.60029463e+00  1.99970537e+00  2.66937317e+00  2.28032141e+00 
 4.75914000e-09  1.60032971e+00  1.99967029e+00  2.66937552e+00  2.28032431e+00 
 4.75964000e-09  1.60036676e+00  1.99963324e+00  2.66937786e+00  2.28032728e+00 
 4.76014000e-09  1.60040578e+00  1.99959422e+00  2.66938022e+00  2.28033031e+00 
 4.76064000e-09  1.60044677e+00  1.99955323e+00  2.66938257e+00  2.28033340e+00 
 4.76114000e-09  1.60048973e+00  1.99951027e+00  2.66938493e+00  2.28033654e+00 
 4.76164000e-09  1.60053465e+00  1.99946535e+00  2.66938729e+00  2.28033975e+00 
 4.76214000e-09  1.60058155e+00  1.99941845e+00  2.66938965e+00  2.28034301e+00 
 4.76264000e-09  1.60063041e+00  1.99936959e+00  2.66939201e+00  2.28034634e+00 
 4.76314000e-09  1.60068125e+00  1.99931875e+00  2.66939438e+00  2.28034972e+00 
 4.76364000e-09  1.60073404e+00  1.99926596e+00  2.66939675e+00  2.28035317e+00 
 4.76414000e-09  1.60078881e+00  1.99921119e+00  2.66939912e+00  2.28035667e+00 
 4.76464000e-09  1.60084554e+00  1.99915446e+00  2.66940149e+00  2.28036024e+00 
 4.76514000e-09  1.60090424e+00  1.99909576e+00  2.66940387e+00  2.28036386e+00 
 4.76564000e-09  1.60096490e+00  1.99903510e+00  2.66940625e+00  2.28036755e+00 
 4.76614000e-09  1.60102753e+00  1.99897247e+00  2.66940863e+00  2.28037129e+00 
 4.76664000e-09  1.60109212e+00  1.99890788e+00  2.66941101e+00  2.28037510e+00 
 4.76714000e-09  1.60115867e+00  1.99884133e+00  2.66941339e+00  2.28037897e+00 
 4.76764000e-09  1.60122719e+00  1.99877281e+00  2.66941577e+00  2.28038290e+00 
 4.76814000e-09  1.60129767e+00  1.99870233e+00  2.66941815e+00  2.28038689e+00 
 4.76864000e-09  1.60137011e+00  1.99862989e+00  2.66942054e+00  2.28039094e+00 
 4.76914000e-09  1.60144451e+00  1.99855549e+00  2.66942292e+00  2.28039505e+00 
 4.76964000e-09  1.60152087e+00  1.99847913e+00  2.66942530e+00  2.28039922e+00 
 4.77014000e-09  1.60159919e+00  1.99840081e+00  2.66942769e+00  2.28040346e+00 
 4.77064000e-09  1.60167946e+00  1.99832054e+00  2.66943007e+00  2.28040775e+00 
 4.77114000e-09  1.60176170e+00  1.99823830e+00  2.66943246e+00  2.28041211e+00 
 4.77164000e-09  1.60184589e+00  1.99815411e+00  2.66943484e+00  2.28041653e+00 
 4.77214000e-09  1.60193203e+00  1.99806797e+00  2.66943722e+00  2.28042102e+00 
 4.77264000e-09  1.60202013e+00  1.99797987e+00  2.66943960e+00  2.28042557e+00 
 4.77314000e-09  1.60211019e+00  1.99788981e+00  2.66944198e+00  2.28043018e+00 
 4.77364000e-09  1.60220220e+00  1.99779780e+00  2.66944435e+00  2.28043485e+00 
 4.77414000e-09  1.60229616e+00  1.99770384e+00  2.66944673e+00  2.28043959e+00 
 4.77464000e-09  1.60239207e+00  1.99760793e+00  2.66944910e+00  2.28044439e+00 
 4.77514000e-09  1.60248993e+00  1.99751007e+00  2.66945146e+00  2.28044926e+00 
 4.77564000e-09  1.60258974e+00  1.99741026e+00  2.66945383e+00  2.28045419e+00 
 4.77614000e-09  1.60269150e+00  1.99730850e+00  2.66945619e+00  2.28045918e+00 
 4.77664000e-09  1.60279521e+00  1.99720479e+00  2.66945854e+00  2.28046425e+00 
 4.77714000e-09  1.60290086e+00  1.99709914e+00  2.66946089e+00  2.28046937e+00 
 4.77764000e-09  1.60300846e+00  1.99699154e+00  2.66946324e+00  2.28047457e+00 
 4.77814000e-09  1.60311800e+00  1.99688200e+00  2.66946558e+00  2.28047983e+00 
 4.77864000e-09  1.60322949e+00  1.99677051e+00  2.66946791e+00  2.28048515e+00 
 4.77914000e-09  1.60334291e+00  1.99665709e+00  2.66947024e+00  2.28049055e+00 
 4.77964000e-09  1.60345828e+00  1.99654172e+00  2.66947256e+00  2.28049601e+00 
 4.78014000e-09  1.60357559e+00  1.99642441e+00  2.66947487e+00  2.28050154e+00 
 4.78064000e-09  1.60369484e+00  1.99630516e+00  2.66947718e+00  2.28050714e+00 
 4.78114000e-09  1.60381602e+00  1.99618398e+00  2.66947947e+00  2.28051281e+00 
 4.78164000e-09  1.60393914e+00  1.99606086e+00  2.66948176e+00  2.28051854e+00 
 4.78214000e-09  1.60406420e+00  1.99593580e+00  2.66948404e+00  2.28052435e+00 
 4.78264000e-09  1.60419119e+00  1.99580881e+00  2.66948630e+00  2.28053023e+00 
 4.78314000e-09  1.60432011e+00  1.99567989e+00  2.66948856e+00  2.28053618e+00 
 4.78364000e-09  1.60445097e+00  1.99554903e+00  2.66949080e+00  2.28054220e+00 
 4.78414000e-09  1.60458375e+00  1.99541625e+00  2.66949303e+00  2.28054830e+00 
 4.78464000e-09  1.60471846e+00  1.99528154e+00  2.66949525e+00  2.28055446e+00 
 4.78514000e-09  1.60485510e+00  1.99514490e+00  2.66949746e+00  2.28056070e+00 
 4.78564000e-09  1.60499367e+00  1.99500633e+00  2.66949965e+00  2.28056702e+00 
 4.78614000e-09  1.60513416e+00  1.99486584e+00  2.66950182e+00  2.28057341e+00 
 4.78664000e-09  1.60527657e+00  1.99472343e+00  2.66950398e+00  2.28057988e+00 
 4.78714000e-09  1.60542091e+00  1.99457909e+00  2.66950612e+00  2.28058642e+00 
 4.78764000e-09  1.60556716e+00  1.99443284e+00  2.66950825e+00  2.28059304e+00 
 4.78814000e-09  1.60571534e+00  1.99428466e+00  2.66951035e+00  2.28059973e+00 
 4.78864000e-09  1.60586543e+00  1.99413457e+00  2.66951244e+00  2.28060651e+00 
 4.78914000e-09  1.60601744e+00  1.99398256e+00  2.66951451e+00  2.28061336e+00 
 4.78964000e-09  1.60617136e+00  1.99382864e+00  2.66951655e+00  2.28062030e+00 
 4.79014000e-09  1.60632719e+00  1.99367281e+00  2.66951858e+00  2.28062732e+00 
 4.79064000e-09  1.60648494e+00  1.99351506e+00  2.66952058e+00  2.28063442e+00 
 4.79114000e-09  1.60664460e+00  1.99335540e+00  2.66952255e+00  2.28064160e+00 
 4.79164000e-09  1.60680616e+00  1.99319384e+00  2.66952450e+00  2.28064886e+00 
 4.79214000e-09  1.60696964e+00  1.99303036e+00  2.66952643e+00  2.28065621e+00 
 4.79264000e-09  1.60713501e+00  1.99286499e+00  2.66952833e+00  2.28066365e+00 
 4.79314000e-09  1.60730229e+00  1.99269771e+00  2.66953020e+00  2.28067117e+00 
 4.79364000e-09  1.60747148e+00  1.99252852e+00  2.66953204e+00  2.28067878e+00 
 4.79414000e-09  1.60764256e+00  1.99235744e+00  2.66953385e+00  2.28068648e+00 
 4.79464000e-09  1.60781554e+00  1.99218446e+00  2.66953562e+00  2.28069427e+00 
 4.79514000e-09  1.60799042e+00  1.99200958e+00  2.66953737e+00  2.28070215e+00 
 4.79564000e-09  1.60816719e+00  1.99183281e+00  2.66953908e+00  2.28071012e+00 
 4.79614000e-09  1.60834586e+00  1.99165414e+00  2.66954075e+00  2.28071819e+00 
 4.79664000e-09  1.60852642e+00  1.99147358e+00  2.66954239e+00  2.28072635e+00 
 4.79714000e-09  1.60870887e+00  1.99129113e+00  2.66954398e+00  2.28073461e+00 
 4.79764000e-09  1.60889320e+00  1.99110680e+00  2.66954554e+00  2.28074297e+00 
 4.79814000e-09  1.60907942e+00  1.99092058e+00  2.66954705e+00  2.28075142e+00 
 4.79864000e-09  1.60926753e+00  1.99073247e+00  2.66954853e+00  2.28075997e+00 
 4.79914000e-09  1.60945752e+00  1.99054248e+00  2.66954995e+00  2.28076863e+00 
 4.79964000e-09  1.60964939e+00  1.99035061e+00  2.66955133e+00  2.28077739e+00 
 4.80014000e-09  1.60984314e+00  1.99015686e+00  2.66955266e+00  2.28078626e+00 
 4.80064000e-09  1.61003876e+00  1.98996124e+00  2.66955395e+00  2.28079523e+00 
 4.80114000e-09  1.61023626e+00  1.98976374e+00  2.66955518e+00  2.28080431e+00 
 4.80164000e-09  1.61043563e+00  1.98956437e+00  2.66955635e+00  2.28081350e+00 
 4.80214000e-09  1.61063688e+00  1.98936312e+00  2.66955747e+00  2.28082280e+00 
 4.80264000e-09  1.61083999e+00  1.98916001e+00  2.66955853e+00  2.28083221e+00 
 4.80314000e-09  1.61104497e+00  1.98895503e+00  2.66955954e+00  2.28084174e+00 
 4.80364000e-09  1.61125181e+00  1.98874819e+00  2.66956048e+00  2.28085139e+00 
 4.80414000e-09  1.61146052e+00  1.98853948e+00  2.66956135e+00  2.28086115e+00 
 4.80464000e-09  1.61167109e+00  1.98832891e+00  2.66956216e+00  2.28087104e+00 
 4.80514000e-09  1.61188351e+00  1.98811649e+00  2.66956290e+00  2.28088105e+00 
 4.80564000e-09  1.61209780e+00  1.98790220e+00  2.66956357e+00  2.28089119e+00 
 4.80614000e-09  1.61231393e+00  1.98768607e+00  2.66956417e+00  2.28090145e+00 
 4.80664000e-09  1.61253192e+00  1.98746808e+00  2.66956469e+00  2.28091185e+00 
 4.80714000e-09  1.61275176e+00  1.98724824e+00  2.66956513e+00  2.28092237e+00 
 4.80764000e-09  1.61297345e+00  1.98702655e+00  2.66956550e+00  2.28093304e+00 
 4.80814000e-09  1.61319699e+00  1.98680301e+00  2.66956577e+00  2.28094384e+00 
 4.80864000e-09  1.61342237e+00  1.98657763e+00  2.66956596e+00  2.28095477e+00 
 4.80914000e-09  1.61364958e+00  1.98635042e+00  2.66956606e+00  2.28096586e+00 
 4.80964000e-09  1.61387864e+00  1.98612136e+00  2.66956607e+00  2.28097708e+00 
 4.81014000e-09  1.61410954e+00  1.98589046e+00  2.66956598e+00  2.28098846e+00 
 4.81064000e-09  1.61434227e+00  1.98565773e+00  2.66956579e+00  2.28099999e+00 
 4.81114000e-09  1.61457683e+00  1.98542317e+00  2.66956550e+00  2.28101167e+00 
 4.81164000e-09  1.61481322e+00  1.98518678e+00  2.66956511e+00  2.28102351e+00 
 4.81214000e-09  1.61505144e+00  1.98494856e+00  2.66956460e+00  2.28103551e+00 
 4.81264000e-09  1.61529149e+00  1.98470851e+00  2.66956398e+00  2.28104767e+00 
 4.81314000e-09  1.61553336e+00  1.98446664e+00  2.66956325e+00  2.28106001e+00 
 4.81364000e-09  1.61577705e+00  1.98422295e+00  2.66956239e+00  2.28107251e+00 
 4.81414000e-09  1.61602256e+00  1.98397744e+00  2.66956141e+00  2.28108519e+00 
 4.81464000e-09  1.61626988e+00  1.98373012e+00  2.66956031e+00  2.28109804e+00 
 4.81514000e-09  1.61651902e+00  1.98348098e+00  2.66955906e+00  2.28111108e+00 
 4.81564000e-09  1.61676996e+00  1.98323004e+00  2.66955769e+00  2.28112431e+00 
 4.81614000e-09  1.61702272e+00  1.98297728e+00  2.66955616e+00  2.28113772e+00 
 4.81664000e-09  1.61727728e+00  1.98272272e+00  2.66955450e+00  2.28115133e+00 
 4.81714000e-09  1.61753365e+00  1.98246635e+00  2.66955268e+00  2.28116514e+00 
 4.81764000e-09  1.61779181e+00  1.98220819e+00  2.66955071e+00  2.28117916e+00 
 4.81814000e-09  1.61805178e+00  1.98194822e+00  2.66954857e+00  2.28119338e+00 
 4.81864000e-09  1.61831354e+00  1.98168646e+00  2.66954627e+00  2.28120781e+00 
 4.81914000e-09  1.61857709e+00  1.98142291e+00  2.66954380e+00  2.28122246e+00 
 4.81964000e-09  1.61884243e+00  1.98115757e+00  2.66954115e+00  2.28123734e+00 
 4.82014000e-09  1.61910957e+00  1.98089043e+00  2.66953832e+00  2.28125244e+00 
 4.82064000e-09  1.61937848e+00  1.98062152e+00  2.66953530e+00  2.28126778e+00 
 4.82114000e-09  1.61964918e+00  1.98035082e+00  2.66953209e+00  2.28128336e+00 
 4.82164000e-09  1.61992166e+00  1.98007834e+00  2.66952867e+00  2.28129918e+00 
 4.82214000e-09  1.62019592e+00  1.97980408e+00  2.66952505e+00  2.28131526e+00 
 4.82264000e-09  1.62047195e+00  1.97952805e+00  2.66952121e+00  2.28133159e+00 
 4.82314000e-09  1.62074976e+00  1.97925024e+00  2.66951715e+00  2.28134819e+00 
 4.82364000e-09  1.62102933e+00  1.97897067e+00  2.66951287e+00  2.28136505e+00 
 4.82414000e-09  1.62131067e+00  1.97868933e+00  2.66950835e+00  2.28138220e+00 
 4.82464000e-09  1.62159377e+00  1.97840623e+00  2.66950358e+00  2.28139962e+00 
 4.82514000e-09  1.62187863e+00  1.97812137e+00  2.66949857e+00  2.28141734e+00 
 4.82564000e-09  1.62216526e+00  1.97783474e+00  2.66949330e+00  2.28143536e+00 
 4.82614000e-09  1.62245363e+00  1.97754637e+00  2.66948776e+00  2.28145369e+00 
 4.82664000e-09  1.62274376e+00  1.97725624e+00  2.66948194e+00  2.28147232e+00 
 4.82714000e-09  1.62303564e+00  1.97696436e+00  2.66947584e+00  2.28149129e+00 
 4.82764000e-09  1.62332926e+00  1.97667074e+00  2.66946945e+00  2.28151058e+00 
 4.82814000e-09  1.62362463e+00  1.97637537e+00  2.66946276e+00  2.28153021e+00 
 4.82864000e-09  1.62392174e+00  1.97607826e+00  2.66945576e+00  2.28155019e+00 
 4.82914000e-09  1.62422059e+00  1.97577941e+00  2.66944843e+00  2.28157052e+00 
 4.82964000e-09  1.62452117e+00  1.97547883e+00  2.66944077e+00  2.28159123e+00 
 4.83014000e-09  1.62482349e+00  1.97517651e+00  2.66943277e+00  2.28161231e+00 
 4.83064000e-09  1.62512753e+00  1.97487247e+00  2.66942442e+00  2.28163378e+00 
 4.83114000e-09  1.62543330e+00  1.97456670e+00  2.66941570e+00  2.28165564e+00 
 4.83164000e-09  1.62574079e+00  1.97425921e+00  2.66940660e+00  2.28167792e+00 
 4.83214000e-09  1.62605000e+00  1.97395000e+00  2.66939712e+00  2.28170061e+00 
 4.83264000e-09  1.62636093e+00  1.97363907e+00  2.66938724e+00  2.28172373e+00 
 4.83314000e-09  1.62667357e+00  1.97332643e+00  2.66937694e+00  2.28174729e+00 
 4.83364000e-09  1.62698793e+00  1.97301207e+00  2.66936622e+00  2.28177131e+00 
 4.83414000e-09  1.62730399e+00  1.97269601e+00  2.66935507e+00  2.28179580e+00 
 4.83464000e-09  1.62762175e+00  1.97237825e+00  2.66934345e+00  2.28182076e+00 
 4.83514000e-09  1.62794122e+00  1.97205878e+00  2.66933138e+00  2.28184622e+00 
 4.83564000e-09  1.62826238e+00  1.97173762e+00  2.66931882e+00  2.28187219e+00 
 4.83614000e-09  1.62858524e+00  1.97141476e+00  2.66930576e+00  2.28189867e+00 
 4.83664000e-09  1.62890979e+00  1.97109021e+00  2.66929219e+00  2.28192569e+00 
 4.83714000e-09  1.62923603e+00  1.97076397e+00  2.66927809e+00  2.28195326e+00 
 4.83764000e-09  1.62956396e+00  1.97043604e+00  2.66926345e+00  2.28198140e+00 
 4.83814000e-09  1.62989356e+00  1.97010644e+00  2.66924825e+00  2.28201012e+00 
 4.83864000e-09  1.63022485e+00  1.96977515e+00  2.66923247e+00  2.28203943e+00 
 4.83914000e-09  1.63055781e+00  1.96944219e+00  2.66921609e+00  2.28206936e+00 
 4.83964000e-09  1.63089244e+00  1.96910756e+00  2.66919909e+00  2.28209992e+00 
 4.84014000e-09  1.63122875e+00  1.96877125e+00  2.66918146e+00  2.28213114e+00 
 4.84064000e-09  1.63156672e+00  1.96843328e+00  2.66916318e+00  2.28216302e+00 
 4.84114000e-09  1.63190635e+00  1.96809365e+00  2.66914422e+00  2.28219558e+00 
 4.84164000e-09  1.63224764e+00  1.96775236e+00  2.66912456e+00  2.28222886e+00 
 4.84214000e-09  1.63259058e+00  1.96740942e+00  2.66910419e+00  2.28226286e+00 
 4.84264000e-09  1.63293518e+00  1.96706482e+00  2.66908308e+00  2.28229760e+00 
 4.84314000e-09  1.63328143e+00  1.96671857e+00  2.66906121e+00  2.28233312e+00 
 4.84364000e-09  1.63362932e+00  1.96637068e+00  2.66903855e+00  2.28236943e+00 
 4.84414000e-09  1.63397886e+00  1.96602114e+00  2.66901509e+00  2.28240655e+00 
 4.84464000e-09  1.63433003e+00  1.96566997e+00  2.66899079e+00  2.28244450e+00 
 4.84514000e-09  1.63468284e+00  1.96531716e+00  2.66896563e+00  2.28248332e+00 
 4.84564000e-09  1.63503728e+00  1.96496272e+00  2.66893959e+00  2.28252301e+00 
 4.84614000e-09  1.63539334e+00  1.96460666e+00  2.66891263e+00  2.28256362e+00 
 4.84664000e-09  1.63575104e+00  1.96424896e+00  2.66888474e+00  2.28260517e+00 
 4.84714000e-09  1.63611035e+00  1.96388965e+00  2.66885588e+00  2.28264767e+00 
 4.84764000e-09  1.63647128e+00  1.96352872e+00  2.66882602e+00  2.28269117e+00 
 4.84814000e-09  1.63683382e+00  1.96316618e+00  2.66879513e+00  2.28273568e+00 
 4.84864000e-09  1.63719798e+00  1.96280202e+00  2.66876319e+00  2.28278124e+00 
 4.84914000e-09  1.63756374e+00  1.96243626e+00  2.66873016e+00  2.28282787e+00 
 4.84964000e-09  1.63793111e+00  1.96206889e+00  2.66869601e+00  2.28287561e+00 
 4.85014000e-09  1.63830007e+00  1.96169993e+00  2.66866070e+00  2.28292448e+00 
 4.85064000e-09  1.63867063e+00  1.96132937e+00  2.66862421e+00  2.28297453e+00 
 4.85114000e-09  1.63904279e+00  1.96095721e+00  2.66858650e+00  2.28302577e+00 
 4.85164000e-09  1.63941653e+00  1.96058347e+00  2.66854752e+00  2.28307825e+00 
 4.85214000e-09  1.63979185e+00  1.96020815e+00  2.66850725e+00  2.28313200e+00 
 4.85264000e-09  1.64016876e+00  1.95983124e+00  2.66846565e+00  2.28318706e+00 
 4.85314000e-09  1.64054725e+00  1.95945275e+00  2.66842268e+00  2.28324345e+00 
 4.85364000e-09  1.64092731e+00  1.95907269e+00  2.66837830e+00  2.28330123e+00 
 4.85414000e-09  1.64130893e+00  1.95869107e+00  2.66833247e+00  2.28336042e+00 
 4.85464000e-09  1.64169213e+00  1.95830787e+00  2.66828515e+00  2.28342106e+00 
 4.85514000e-09  1.64207689e+00  1.95792311e+00  2.66823630e+00  2.28348320e+00 
 4.85564000e-09  1.64246320e+00  1.95753680e+00  2.66818587e+00  2.28354687e+00 
 4.85614000e-09  1.64285107e+00  1.95714893e+00  2.66813382e+00  2.28361212e+00 
 4.85664000e-09  1.64324050e+00  1.95675950e+00  2.66808011e+00  2.28367899e+00 
 4.85714000e-09  1.64363146e+00  1.95636854e+00  2.66802468e+00  2.28374752e+00 
 4.85764000e-09  1.64402398e+00  1.95597602e+00  2.66796750e+00  2.28381776e+00 
 4.85814000e-09  1.64441803e+00  1.95558197e+00  2.66790851e+00  2.28388974e+00 
 4.85864000e-09  1.64481362e+00  1.95518638e+00  2.66784767e+00  2.28396353e+00 
 4.85914000e-09  1.64521074e+00  1.95478926e+00  2.66778493e+00  2.28403916e+00 
 4.85964000e-09  1.64560938e+00  1.95439062e+00  2.66772023e+00  2.28411668e+00 
 4.86014000e-09  1.64600955e+00  1.95399045e+00  2.66765353e+00  2.28419615e+00 
 4.86064000e-09  1.64641124e+00  1.95358876e+00  2.66758477e+00  2.28427761e+00 
 4.86114000e-09  1.64681445e+00  1.95318555e+00  2.66751390e+00  2.28436110e+00 
 4.86164000e-09  1.64721917e+00  1.95278083e+00  2.66744087e+00  2.28444670e+00 
 4.86214000e-09  1.64762539e+00  1.95237461e+00  2.66736562e+00  2.28453443e+00 
 4.86264000e-09  1.64803312e+00  1.95196688e+00  2.66728809e+00  2.28462437e+00 
 4.86314000e-09  1.64844235e+00  1.95155765e+00  2.66720822e+00  2.28471656e+00 
 4.86364000e-09  1.64885308e+00  1.95114692e+00  2.66712597e+00  2.28481106e+00 
 4.86414000e-09  1.64926529e+00  1.95073471e+00  2.66704127e+00  2.28490793e+00 
 4.86464000e-09  1.64967900e+00  1.95032100e+00  2.66695406e+00  2.28500721e+00 
 4.86514000e-09  1.65009419e+00  1.94990581e+00  2.66686428e+00  2.28510897e+00 
 4.86564000e-09  1.65051086e+00  1.94948914e+00  2.66677187e+00  2.28521327e+00 
 4.86614000e-09  1.65092900e+00  1.94907100e+00  2.66667677e+00  2.28532017e+00 
 4.86664000e-09  1.65134861e+00  1.94865139e+00  2.66657892e+00  2.28542972e+00 
 4.86714000e-09  1.65176970e+00  1.94823030e+00  2.66647825e+00  2.28554198e+00 
 4.86764000e-09  1.65219224e+00  1.94780776e+00  2.66637471e+00  2.28565702e+00 
 4.86814000e-09  1.65261624e+00  1.94738376e+00  2.66626822e+00  2.28577490e+00 
 4.86864000e-09  1.65304170e+00  1.94695830e+00  2.66615873e+00  2.28589568e+00 
 4.86914000e-09  1.65346861e+00  1.94653139e+00  2.66604616e+00  2.28601942e+00 
 4.86964000e-09  1.65389697e+00  1.94610303e+00  2.66593046e+00  2.28614618e+00 
 4.87014000e-09  1.65432676e+00  1.94567324e+00  2.66581155e+00  2.28627603e+00 
 4.87064000e-09  1.65475800e+00  1.94524200e+00  2.66568937e+00  2.28640904e+00 
 4.87114000e-09  1.65519067e+00  1.94480933e+00  2.66556386e+00  2.28654526e+00 
 4.87164000e-09  1.65562476e+00  1.94437524e+00  2.66543494e+00  2.28668476e+00 
 4.87214000e-09  1.65606028e+00  1.94393972e+00  2.66530255e+00  2.28682761e+00 
 4.87264000e-09  1.65649723e+00  1.94350277e+00  2.66516663e+00  2.28697387e+00 
 4.87314000e-09  1.65693559e+00  1.94306441e+00  2.66502710e+00  2.28712361e+00 
 4.87364000e-09  1.65737536e+00  1.94262464e+00  2.66488391e+00  2.28727688e+00 
 4.87414000e-09  1.65781654e+00  1.94218346e+00  2.66473697e+00  2.28743377e+00 
 4.87464000e-09  1.65825912e+00  1.94174088e+00  2.66458623e+00  2.28759432e+00 
 4.87514000e-09  1.65870310e+00  1.94129690e+00  2.66443162e+00  2.28775861e+00 
 4.87564000e-09  1.65914847e+00  1.94085153e+00  2.66427308e+00  2.28792670e+00 
 4.87614000e-09  1.65959524e+00  1.94040476e+00  2.66411052e+00  2.28809866e+00 
 4.87664000e-09  1.66004339e+00  1.93995661e+00  2.66394390e+00  2.28827455e+00 
 4.87714000e-09  1.66049292e+00  1.93950708e+00  2.66377314e+00  2.28845443e+00 
 4.87764000e-09  1.66094383e+00  1.93905617e+00  2.66359819e+00  2.28863838e+00 
 4.87814000e-09  1.66139612e+00  1.93860388e+00  2.66341897e+00  2.28882644e+00 
 4.87864000e-09  1.66184977e+00  1.93815023e+00  2.66323542e+00  2.28901869e+00 
 4.87914000e-09  1.66230478e+00  1.93769522e+00  2.66304748e+00  2.28921518e+00 
 4.87964000e-09  1.66276115e+00  1.93723885e+00  2.66285508e+00  2.28941599e+00 
 4.88014000e-09  1.66321888e+00  1.93678112e+00  2.66265817e+00  2.28962116e+00 
 4.88064000e-09  1.66367796e+00  1.93632204e+00  2.66245669e+00  2.28983076e+00 
 4.88114000e-09  1.66413838e+00  1.93586162e+00  2.66225057e+00  2.29004485e+00 
 4.88164000e-09  1.66460014e+00  1.93539986e+00  2.66203975e+00  2.29026349e+00 
 4.88214000e-09  1.66506324e+00  1.93493676e+00  2.66182419e+00  2.29048673e+00 
 4.88264000e-09  1.66552767e+00  1.93447233e+00  2.66160381e+00  2.29071463e+00 
 4.88314000e-09  1.66599343e+00  1.93400657e+00  2.66137858e+00  2.29094725e+00 
 4.88364000e-09  1.66646051e+00  1.93353949e+00  2.66114842e+00  2.29118464e+00 
 4.88414000e-09  1.66692891e+00  1.93307109e+00  2.66091330e+00  2.29142685e+00 
 4.88464000e-09  1.66739862e+00  1.93260138e+00  2.66067315e+00  2.29167393e+00 
 4.88514000e-09  1.66786964e+00  1.93213036e+00  2.66042793e+00  2.29192594e+00 
 4.88564000e-09  1.66834197e+00  1.93165803e+00  2.66017759e+00  2.29218293e+00 
 4.88614000e-09  1.66881559e+00  1.93118441e+00  2.65992208e+00  2.29244494e+00 
 4.88664000e-09  1.66929051e+00  1.93070949e+00  2.65966136e+00  2.29271201e+00 
 4.88714000e-09  1.66976672e+00  1.93023328e+00  2.65939538e+00  2.29298420e+00 
 4.88764000e-09  1.67024422e+00  1.92975578e+00  2.65912410e+00  2.29326155e+00 
 4.88814000e-09  1.67072299e+00  1.92927701e+00  2.65884748e+00  2.29354410e+00 
 4.88864000e-09  1.67120304e+00  1.92879696e+00  2.65856548e+00  2.29383189e+00 
 4.88914000e-09  1.67168437e+00  1.92831563e+00  2.65827805e+00  2.29412496e+00 
 4.88964000e-09  1.67216696e+00  1.92783304e+00  2.65798518e+00  2.29442334e+00 
 4.89014000e-09  1.67265081e+00  1.92734919e+00  2.65768681e+00  2.29472708e+00 
 4.89064000e-09  1.67313591e+00  1.92686409e+00  2.65738292e+00  2.29503620e+00 
 4.89114000e-09  1.67362227e+00  1.92637773e+00  2.65707348e+00  2.29535074e+00 
 4.89164000e-09  1.67410988e+00  1.92589012e+00  2.65675845e+00  2.29567073e+00 
 4.89214000e-09  1.67459873e+00  1.92540127e+00  2.65643782e+00  2.29599620e+00 
 4.89264000e-09  1.67508882e+00  1.92491118e+00  2.65611155e+00  2.29632717e+00 
 4.89314000e-09  1.67558014e+00  1.92441986e+00  2.65577962e+00  2.29666367e+00 
 4.89364000e-09  1.67607269e+00  1.92392731e+00  2.65544201e+00  2.29700573e+00 
 4.89414000e-09  1.67656646e+00  1.92343354e+00  2.65509869e+00  2.29735336e+00 
 4.89464000e-09  1.67706145e+00  1.92293855e+00  2.65474966e+00  2.29770659e+00 
 4.89514000e-09  1.67755765e+00  1.92244235e+00  2.65439488e+00  2.29806544e+00 
 4.89564000e-09  1.67805506e+00  1.92194494e+00  2.65403436e+00  2.29842991e+00 
 4.89614000e-09  1.67855367e+00  1.92144633e+00  2.65366807e+00  2.29880003e+00 
 4.89664000e-09  1.67905349e+00  1.92094651e+00  2.65329600e+00  2.29917581e+00 
 4.89714000e-09  1.67955449e+00  1.92044551e+00  2.65291814e+00  2.29955727e+00 
 4.89764000e-09  1.68005669e+00  1.91994331e+00  2.65253449e+00  2.29994440e+00 
 4.89814000e-09  1.68056007e+00  1.91943993e+00  2.65214503e+00  2.30033723e+00 
 4.89864000e-09  1.68106463e+00  1.91893537e+00  2.65174977e+00  2.30073575e+00 
 4.89914000e-09  1.68157036e+00  1.91842964e+00  2.65134869e+00  2.30113997e+00 
 4.89964000e-09  1.68207726e+00  1.91792274e+00  2.65094180e+00  2.30154989e+00 
 4.90014000e-09  1.68258532e+00  1.91741468e+00  2.65052910e+00  2.30196552e+00 
 4.90064000e-09  1.68309455e+00  1.91690545e+00  2.65011058e+00  2.30238686e+00 
 4.90114000e-09  1.68360493e+00  1.91639507e+00  2.64968626e+00  2.30281390e+00 
 4.90164000e-09  1.68411645e+00  1.91588355e+00  2.64925613e+00  2.30324665e+00 
 4.90214000e-09  1.68462912e+00  1.91537088e+00  2.64882020e+00  2.30368509e+00 
 4.90264000e-09  1.68514293e+00  1.91485707e+00  2.64837848e+00  2.30412922e+00 
 4.90314000e-09  1.68565787e+00  1.91434213e+00  2.64793098e+00  2.30457903e+00 
 4.90364000e-09  1.68617394e+00  1.91382606e+00  2.64747770e+00  2.30503452e+00 
 4.90414000e-09  1.68669114e+00  1.91330886e+00  2.64701867e+00  2.30549568e+00 
 4.90464000e-09  1.68720945e+00  1.91279055e+00  2.64655388e+00  2.30596249e+00 
 4.90514000e-09  1.68772888e+00  1.91227112e+00  2.64608335e+00  2.30643493e+00 
 4.90564000e-09  1.68824941e+00  1.91175059e+00  2.64560711e+00  2.30691301e+00 
 4.90614000e-09  1.68877105e+00  1.91122895e+00  2.64512516e+00  2.30739670e+00 
 4.90664000e-09  1.68929378e+00  1.91070622e+00  2.64463752e+00  2.30788598e+00 
 4.90714000e-09  1.68981761e+00  1.91018239e+00  2.64414422e+00  2.30838083e+00 
 4.90764000e-09  1.69034252e+00  1.90965748e+00  2.64364527e+00  2.30888125e+00 
 4.90814000e-09  1.69086852e+00  1.90913148e+00  2.64314068e+00  2.30938720e+00 
 4.90864000e-09  1.69139559e+00  1.90860441e+00  2.64263049e+00  2.30989868e+00 
 4.90914000e-09  1.69192374e+00  1.90807626e+00  2.64211472e+00  2.31041564e+00 
 4.90964000e-09  1.69245295e+00  1.90754705e+00  2.64159338e+00  2.31093809e+00 
 4.91014000e-09  1.69298322e+00  1.90701678e+00  2.64106651e+00  2.31146598e+00 
 4.91064000e-09  1.69351455e+00  1.90648545e+00  2.64053413e+00  2.31199929e+00 
 4.91114000e-09  1.69404694e+00  1.90595306e+00  2.63999626e+00  2.31253800e+00 
 4.91164000e-09  1.69458036e+00  1.90541964e+00  2.63945293e+00  2.31308209e+00 
 4.91214000e-09  1.69511483e+00  1.90488517e+00  2.63890417e+00  2.31363152e+00 
 4.91264000e-09  1.69565033e+00  1.90434967e+00  2.63835001e+00  2.31418627e+00 
 4.91314000e-09  1.69618686e+00  1.90381314e+00  2.63779047e+00  2.31474631e+00 
 4.91364000e-09  1.69672442e+00  1.90327558e+00  2.63722559e+00  2.31531161e+00 
 4.91414000e-09  1.69726300e+00  1.90273700e+00  2.63665540e+00  2.31588214e+00 
 4.91464000e-09  1.69780259e+00  1.90219741e+00  2.63607992e+00  2.31645787e+00 
 4.91514000e-09  1.69834319e+00  1.90165681e+00  2.63549919e+00  2.31703878e+00 
 4.91564000e-09  1.69888479e+00  1.90111521e+00  2.63491324e+00  2.31762481e+00 
 4.91614000e-09  1.69942739e+00  1.90057261e+00  2.63432210e+00  2.31821596e+00 
 4.91664000e-09  1.69997098e+00  1.90002902e+00  2.63372581e+00  2.31881218e+00 
 4.91714000e-09  1.70051556e+00  1.89948444e+00  2.63312439e+00  2.31941344e+00 
 4.91764000e-09  1.70106112e+00  1.89893888e+00  2.63251789e+00  2.32001971e+00 
 4.91814000e-09  1.70160766e+00  1.89839234e+00  2.63190633e+00  2.32063096e+00 
 4.91864000e-09  1.70215517e+00  1.89784483e+00  2.63128975e+00  2.32124714e+00 
 4.91914000e-09  1.70270364e+00  1.89729636e+00  2.63066819e+00  2.32186824e+00 
 4.91964000e-09  1.70325308e+00  1.89674692e+00  2.63004167e+00  2.32249421e+00 
 4.92014000e-09  1.70380347e+00  1.89619653e+00  2.62941024e+00  2.32312501e+00 
 4.92064000e-09  1.70435481e+00  1.89564519e+00  2.62877393e+00  2.32376062e+00 
 4.92114000e-09  1.70490709e+00  1.89509291e+00  2.62813278e+00  2.32440100e+00 
 4.92164000e-09  1.70546032e+00  1.89453968e+00  2.62748681e+00  2.32504612e+00 
 4.92214000e-09  1.70601447e+00  1.89398553e+00  2.62683608e+00  2.32569593e+00 
 4.92264000e-09  1.70656955e+00  1.89343045e+00  2.62618061e+00  2.32635041e+00 
 4.92314000e-09  1.70712556e+00  1.89287444e+00  2.62552043e+00  2.32700952e+00 
 4.92364000e-09  1.70768248e+00  1.89231752e+00  2.62485560e+00  2.32767322e+00 
 4.92414000e-09  1.70824031e+00  1.89175969e+00  2.62418613e+00  2.32834148e+00 
 4.92464000e-09  1.70879905e+00  1.89120095e+00  2.62351208e+00  2.32901427e+00 
 4.92514000e-09  1.70935869e+00  1.89064131e+00  2.62283347e+00  2.32969154e+00 
 4.92564000e-09  1.70991922e+00  1.89008078e+00  2.62215034e+00  2.33037326e+00 
 4.92614000e-09  1.71048064e+00  1.88951936e+00  2.62146274e+00  2.33105940e+00 
 4.92664000e-09  1.71104295e+00  1.88895705e+00  2.62077069e+00  2.33174992e+00 
 4.92714000e-09  1.71160613e+00  1.88839387e+00  2.62007423e+00  2.33244479e+00 
 4.92764000e-09  1.71217019e+00  1.88782981e+00  2.61937340e+00  2.33314397e+00 
 4.92814000e-09  1.71273511e+00  1.88726489e+00  2.61866824e+00  2.33384742e+00 
 4.92864000e-09  1.71330090e+00  1.88669910e+00  2.61795877e+00  2.33455511e+00 
 4.92914000e-09  1.71386754e+00  1.88613246e+00  2.61724505e+00  2.33526701e+00 
 4.92964000e-09  1.71443503e+00  1.88556497e+00  2.61652711e+00  2.33598308e+00 
 4.93014000e-09  1.71500336e+00  1.88499664e+00  2.61580497e+00  2.33670329e+00 
 4.93064000e-09  1.71557253e+00  1.88442747e+00  2.61507869e+00  2.33742760e+00 
 4.93114000e-09  1.71614254e+00  1.88385746e+00  2.61434829e+00  2.33815597e+00 
 4.93164000e-09  1.71671337e+00  1.88328663e+00  2.61361381e+00  2.33888837e+00 
 4.93214000e-09  1.71728503e+00  1.88271497e+00  2.61287529e+00  2.33962477e+00 
 4.93264000e-09  1.71785750e+00  1.88214250e+00  2.61213276e+00  2.34036513e+00 
 4.93314000e-09  1.71843079e+00  1.88156921e+00  2.61138626e+00  2.34110943e+00 
 4.93364000e-09  1.71900487e+00  1.88099513e+00  2.61063583e+00  2.34185761e+00 
 4.93414000e-09  1.71957976e+00  1.88042024e+00  2.60988150e+00  2.34260966e+00 
 4.93464000e-09  1.72015544e+00  1.87984456e+00  2.60912330e+00  2.34336553e+00 
 4.93514000e-09  1.72073191e+00  1.87926809e+00  2.60836128e+00  2.34412519e+00 
 4.93564000e-09  1.72130916e+00  1.87869084e+00  2.60759546e+00  2.34488861e+00 
 4.93614000e-09  1.72188719e+00  1.87811281e+00  2.60682588e+00  2.34565576e+00 
 4.93664000e-09  1.72246599e+00  1.87753401e+00  2.60605259e+00  2.34642660e+00 
 4.93714000e-09  1.72304556e+00  1.87695444e+00  2.60527560e+00  2.34720110e+00 
 4.93764000e-09  1.72362588e+00  1.87637412e+00  2.60449496e+00  2.34797922e+00 
 4.93814000e-09  1.72420696e+00  1.87579304e+00  2.60371071e+00  2.34876094e+00 
 4.93864000e-09  1.72478878e+00  1.87521122e+00  2.60292287e+00  2.34954621e+00 
 4.93914000e-09  1.72537135e+00  1.87462865e+00  2.60213148e+00  2.35033501e+00 
 4.93964000e-09  1.72595466e+00  1.87404534e+00  2.60133657e+00  2.35112731e+00 
 4.94014000e-09  1.72653869e+00  1.87346131e+00  2.60053818e+00  2.35192306e+00 
 4.94064000e-09  1.72712345e+00  1.87287655e+00  2.59973635e+00  2.35272225e+00 
 4.94114000e-09  1.72770893e+00  1.87229107e+00  2.59893110e+00  2.35352483e+00 
 4.94164000e-09  1.72829513e+00  1.87170487e+00  2.59812248e+00  2.35433077e+00 
 4.94214000e-09  1.72888203e+00  1.87111797e+00  2.59731050e+00  2.35514005e+00 
 4.94264000e-09  1.72946963e+00  1.87053037e+00  2.59649521e+00  2.35595263e+00 
 4.94314000e-09  1.73005793e+00  1.86994207e+00  2.59567665e+00  2.35676848e+00 
 4.94364000e-09  1.73064692e+00  1.86935308e+00  2.59485483e+00  2.35758756e+00 
 4.94414000e-09  1.73123659e+00  1.86876341e+00  2.59402980e+00  2.35840985e+00 
 4.94464000e-09  1.73182695e+00  1.86817305e+00  2.59320159e+00  2.35923531e+00 
 4.94514000e-09  1.73241797e+00  1.86758203e+00  2.59237023e+00  2.36006392e+00 
 4.94564000e-09  1.73300966e+00  1.86699034e+00  2.59153575e+00  2.36089564e+00 
 4.94614000e-09  1.73360202e+00  1.86639798e+00  2.59069818e+00  2.36173044e+00 
 4.94664000e-09  1.73419503e+00  1.86580497e+00  2.58985756e+00  2.36256828e+00 
 4.94714000e-09  1.73478868e+00  1.86521132e+00  2.58901392e+00  2.36340915e+00 
 4.94764000e-09  1.73538299e+00  1.86461701e+00  2.58816729e+00  2.36425300e+00 
 4.94814000e-09  1.73597793e+00  1.86402207e+00  2.58731770e+00  2.36509982e+00 
 4.94864000e-09  1.73657350e+00  1.86342650e+00  2.58646518e+00  2.36594956e+00 
 4.94914000e-09  1.73716969e+00  1.86283031e+00  2.58560977e+00  2.36680219e+00 
 4.94964000e-09  1.73776651e+00  1.86223349e+00  2.58475149e+00  2.36765769e+00 
 4.95014000e-09  1.73836394e+00  1.86163606e+00  2.58389038e+00  2.36851603e+00 
 4.95064000e-09  1.73896198e+00  1.86103802e+00  2.58302647e+00  2.36937717e+00 
 4.95114000e-09  1.73956063e+00  1.86043937e+00  2.58215978e+00  2.37024110e+00 
 4.95164000e-09  1.74015987e+00  1.85984013e+00  2.58129034e+00  2.37110776e+00 
 4.95214000e-09  1.74075970e+00  1.85924030e+00  2.58041820e+00  2.37197715e+00 
 4.95264000e-09  1.74136011e+00  1.85863989e+00  2.57954337e+00  2.37284922e+00 
 4.95314000e-09  1.74196110e+00  1.85803890e+00  2.57866589e+00  2.37372395e+00 
 4.95364000e-09  1.74256267e+00  1.85743733e+00  2.57778578e+00  2.37460131e+00 
 4.95414000e-09  1.74316480e+00  1.85683520e+00  2.57690309e+00  2.37548127e+00 
 4.95464000e-09  1.74376750e+00  1.85623250e+00  2.57601782e+00  2.37636380e+00 
 4.95514000e-09  1.74437074e+00  1.85562926e+00  2.57513003e+00  2.37724888e+00 
 4.95564000e-09  1.74497454e+00  1.85502546e+00  2.57423972e+00  2.37813646e+00 
 4.95614000e-09  1.74557888e+00  1.85442112e+00  2.57334694e+00  2.37902653e+00 
 4.95664000e-09  1.74618376e+00  1.85381624e+00  2.57245171e+00  2.37991906e+00 
 4.95714000e-09  1.74678917e+00  1.85321083e+00  2.57155406e+00  2.38081401e+00 
 4.95764000e-09  1.74739510e+00  1.85260490e+00  2.57065402e+00  2.38171137e+00 
 4.95814000e-09  1.74800156e+00  1.85199844e+00  2.56975161e+00  2.38261109e+00 
 4.95864000e-09  1.74860852e+00  1.85139148e+00  2.56884687e+00  2.38351316e+00 
 4.95914000e-09  1.74921600e+00  1.85078400e+00  2.56793983e+00  2.38441754e+00 
 4.95964000e-09  1.74982397e+00  1.85017603e+00  2.56703050e+00  2.38532421e+00 
 4.96014000e-09  1.75043244e+00  1.84956756e+00  2.56611892e+00  2.38623314e+00 
 4.96064000e-09  1.75104140e+00  1.84895860e+00  2.56520512e+00  2.38714430e+00 
 4.96114000e-09  1.75165085e+00  1.84834915e+00  2.56428912e+00  2.38805767e+00 
 4.96164000e-09  1.75226077e+00  1.84773923e+00  2.56337095e+00  2.38897321e+00 
 4.96214000e-09  1.75287116e+00  1.84712884e+00  2.56245064e+00  2.38989090e+00 
 4.96264000e-09  1.75348201e+00  1.84651799e+00  2.56152821e+00  2.39081071e+00 
 4.96314000e-09  1.75409333e+00  1.84590667e+00  2.56060370e+00  2.39173262e+00 
 4.96364000e-09  1.75470510e+00  1.84529490e+00  2.55967712e+00  2.39265660e+00 
 4.96414000e-09  1.75531731e+00  1.84468269e+00  2.55874851e+00  2.39358262e+00 
 4.96464000e-09  1.75592997e+00  1.84407003e+00  2.55781789e+00  2.39451066e+00 
 4.96514000e-09  1.75654306e+00  1.84345694e+00  2.55688528e+00  2.39544068e+00 
 4.96564000e-09  1.75715658e+00  1.84284342e+00  2.55595072e+00  2.39637267e+00 
 4.96614000e-09  1.75777052e+00  1.84222948e+00  2.55501422e+00  2.39730659e+00 
 4.96664000e-09  1.75838488e+00  1.84161512e+00  2.55407583e+00  2.39824242e+00 
 4.96714000e-09  1.75899966e+00  1.84100034e+00  2.55313555e+00  2.39918013e+00 
 4.96764000e-09  1.75961483e+00  1.84038517e+00  2.55219342e+00  2.40011970e+00 
 4.96814000e-09  1.76023040e+00  1.83976960e+00  2.55124946e+00  2.40106110e+00 
 4.96864000e-09  1.76084637e+00  1.83915363e+00  2.55030369e+00  2.40200430e+00 
 4.96914000e-09  1.76146272e+00  1.83853728e+00  2.54935615e+00  2.40294929e+00 
 4.96964000e-09  1.76207946e+00  1.83792054e+00  2.54840686e+00  2.40389602e+00 
 4.97014000e-09  1.76269656e+00  1.83730344e+00  2.54745583e+00  2.40484449e+00 
 4.97064000e-09  1.76331404e+00  1.83668596e+00  2.54650311e+00  2.40579466e+00 
 4.97114000e-09  1.76393188e+00  1.83606812e+00  2.54554870e+00  2.40674650e+00 
 4.97164000e-09  1.76455007e+00  1.83544993e+00  2.54459264e+00  2.40770000e+00 
 4.97214000e-09  1.76516862e+00  1.83483138e+00  2.54363495e+00  2.40865512e+00 
 4.97264000e-09  1.76578750e+00  1.83421250e+00  2.54267565e+00  2.40961184e+00 
 4.97314000e-09  1.76640673e+00  1.83359327e+00  2.54171477e+00  2.41057014e+00 
 4.97364000e-09  1.76702628e+00  1.83297372e+00  2.54075234e+00  2.41153000e+00 
 4.97414000e-09  1.76764617e+00  1.83235383e+00  2.53978836e+00  2.41249137e+00 
 4.97464000e-09  1.76826637e+00  1.83173363e+00  2.53882288e+00  2.41345425e+00 
 4.97514000e-09  1.76888688e+00  1.83111312e+00  2.53785592e+00  2.41441861e+00 
 4.97564000e-09  1.76950770e+00  1.83049230e+00  2.53688748e+00  2.41538442e+00 
 4.97614000e-09  1.77012883e+00  1.82987117e+00  2.53591761e+00  2.41635166e+00 
 4.97664000e-09  1.77075024e+00  1.82924976e+00  2.53494633e+00  2.41732030e+00 
 4.97714000e-09  1.77137195e+00  1.82862805e+00  2.53397365e+00  2.41829032e+00 
 4.97764000e-09  1.77199394e+00  1.82800606e+00  2.53299960e+00  2.41926170e+00 
 4.97814000e-09  1.77261620e+00  1.82738380e+00  2.53202420e+00  2.42023441e+00 
 4.97864000e-09  1.77323874e+00  1.82676126e+00  2.53104748e+00  2.42120842e+00 
 4.97914000e-09  1.77386154e+00  1.82613846e+00  2.53006945e+00  2.42218372e+00 
 4.97964000e-09  1.77448460e+00  1.82551540e+00  2.52909015e+00  2.42316028e+00 
 4.98014000e-09  1.77510790e+00  1.82489210e+00  2.52810959e+00  2.42413807e+00 
 4.98064000e-09  1.77573146e+00  1.82426854e+00  2.52712780e+00  2.42511707e+00 
 4.98114000e-09  1.77635525e+00  1.82364475e+00  2.52614479e+00  2.42609726e+00 
 4.98164000e-09  1.77697928e+00  1.82302072e+00  2.52516060e+00  2.42707861e+00 
 4.98214000e-09  1.77760354e+00  1.82239646e+00  2.52417523e+00  2.42806111e+00 
 4.98264000e-09  1.77822801e+00  1.82177199e+00  2.52318873e+00  2.42904472e+00 
 4.98314000e-09  1.77885270e+00  1.82114730e+00  2.52220110e+00  2.43002942e+00 
 4.98364000e-09  1.77947760e+00  1.82052240e+00  2.52121237e+00  2.43101519e+00 
 4.98414000e-09  1.78010271e+00  1.81989729e+00  2.52022256e+00  2.43200201e+00 
 4.98464000e-09  1.78072800e+00  1.81927200e+00  2.51923169e+00  2.43298985e+00 
 4.98514000e-09  1.78135349e+00  1.81864651e+00  2.51823979e+00  2.43397869e+00 
 4.98564000e-09  1.78197917e+00  1.81802083e+00  2.51724687e+00  2.43496851e+00 
 4.98614000e-09  1.78260502e+00  1.81739498e+00  2.51625297e+00  2.43595928e+00 
 4.98664000e-09  1.78323104e+00  1.81676896e+00  2.51525809e+00  2.43695098e+00 
 4.98714000e-09  1.78385723e+00  1.81614277e+00  2.51426226e+00  2.43794358e+00 
 4.98764000e-09  1.78448357e+00  1.81551643e+00  2.51326551e+00  2.43893707e+00 
 4.98814000e-09  1.78511007e+00  1.81488993e+00  2.51226785e+00  2.43993142e+00 
 4.98864000e-09  1.78573672e+00  1.81426328e+00  2.51126931e+00  2.44092661e+00 
 4.98914000e-09  1.78636351e+00  1.81363649e+00  2.51026990e+00  2.44192261e+00 
 4.98964000e-09  1.78699043e+00  1.81300957e+00  2.50926965e+00  2.44291939e+00 
 4.99014000e-09  1.78761748e+00  1.81238252e+00  2.50826859e+00  2.44391695e+00 
 4.99064000e-09  1.78824466e+00  1.81175534e+00  2.50726672e+00  2.44491525e+00 
 4.99114000e-09  1.78887195e+00  1.81112805e+00  2.50626408e+00  2.44591427e+00 
 4.99164000e-09  1.78949934e+00  1.81050066e+00  2.50526069e+00  2.44691399e+00 
 4.99214000e-09  1.79012685e+00  1.80987315e+00  2.50425656e+00  2.44791438e+00 
 4.99264000e-09  1.79075445e+00  1.80924555e+00  2.50325172e+00  2.44891543e+00 
 4.99314000e-09  1.79138214e+00  1.80861786e+00  2.50224619e+00  2.44991710e+00 
 4.99364000e-09  1.79200992e+00  1.80799008e+00  2.50123999e+00  2.45091937e+00 
 4.99414000e-09  1.79263777e+00  1.80736223e+00  2.50023315e+00  2.45192223e+00 
 4.99464000e-09  1.79326570e+00  1.80673430e+00  2.49922569e+00  2.45292564e+00 
 4.99514000e-09  1.79389369e+00  1.80610631e+00  2.49821763e+00  2.45392958e+00 
 4.99564000e-09  1.79452175e+00  1.80547825e+00  2.49720898e+00  2.45493404e+00 
 4.99614000e-09  1.79514986e+00  1.80485014e+00  2.49619978e+00  2.45593898e+00 
 4.99664000e-09  1.79577801e+00  1.80422199e+00  2.49519005e+00  2.45694439e+00 
 4.99714000e-09  1.79640621e+00  1.80359379e+00  2.49417981e+00  2.45795023e+00 
 4.99764000e-09  1.79703445e+00  1.80296555e+00  2.49316909e+00  2.45895648e+00 
 4.99814000e-09  1.79766271e+00  1.80233729e+00  2.49215790e+00  2.45996313e+00 
 4.99864000e-09  1.79829099e+00  1.80170901e+00  2.49114627e+00  2.46097014e+00 
 4.99914000e-09  1.79891930e+00  1.80108070e+00  2.49013422e+00  2.46197749e+00 
 4.99957000e-09  1.79945965e+00  1.80054035e+00  2.48926355e+00  2.46284407e+00 
 5.00000000e-09  1.80000000e+00  1.80000000e+00  2.48839260e+00  2.46371087e+00 
