 frequency       v(finalp,finaln) v(finalp,finaln) v(v1p,v1n)      v(v1p,v1n)      v(vga1p,vga1n)  v(vga1p,vga1n)  v(v2p,v2n)      v(v2p,v2n)      v(vga2p,vga2n)  v(vga2p,vga2n)  v(bufinp,bufinn) v(bufinp,bufinn) v(outp,outn)    v(outp,outn)   
 1.00000000e+06 -9.38291954e+01  6.22590848e+03 -5.91104990e+02 -2.35790044e+02  1.35720347e+03  5.36839566e+02  9.80312089e+02  9.25592891e+02 -3.81527448e+03 -3.54678006e+03  5.25756925e+01 -3.48364568e+03 -9.40043954e+01  6.23586833e+03 
 1.02329299e+06  7.66816745e+01  6.34273427e+03 -5.94780853e+02 -2.31854412e+02  1.36552173e+03  5.27830284e+02  1.00085100e+03  9.15734769e+02 -3.89369431e+03 -3.50739412e+03 -4.28288487e+01 -3.54901647e+03  7.67781920e+01  6.35288171e+03 
 1.04712855e+06  2.51831402e+02  6.45378489e+03 -5.98334210e+02 -2.27929027e+02  1.37356136e+03  5.18847455e+02  1.02087301e+03  9.05543658e+02 -3.97006206e+03 -3.46676321e+03 -1.40828983e+02 -3.61115599e+03  2.52207046e+02  6.46411074e+03 
 1.07151931e+06  4.31279244e+02  6.55885865e+03 -6.01767503e+02 -2.24017432e+02  1.38132802e+03  5.09899028e+02  1.04037496e+03  8.95047598e+02 -4.04436848e+03 -3.42499821e+03 -2.41234055e+02 -3.66995137e+03  4.31940882e+02  6.56935339e+03 
 1.09647820e+06  6.14674989e+02  6.65777771e+03 -6.05083259e+02 -2.20122968e+02  1.38882756e+03  5.00992488e+02  1.05935520e+03  8.84273940e+02 -4.11661024e+03 -3.38220712e+03 -3.43848113e+02 -3.72530310e+03  6.15628927e+02  6.66843156e+03 
 1.12201845e+06  8.01660869e+02  6.75038848e+03 -6.08284073e+02 -2.16248777e+02  1.39606599e+03  4.92134870e+02  1.07781348e+03  8.73249279e+02 -4.18678950e+03 -3.33849476e+03 -4.48470974e+02 -3.77712526e+03  8.02912843e+02  6.76119140e+03 
 1.14815362e+06  9.91873471e+02  6.83656184e+03 -6.11372601e+02 -2.12397805e+02  1.40304941e+03  4.83332762e+02  1.09575087e+03  8.61999399e+02 -4.25491356e+03 -3.29396259e+03 -5.54899300e+02 -3.82534559e+03  9.93428638e+02  6.84750358e+03 
 1.17489755e+06  1.18494565e+03  6.91619313e+03 -6.14351545e+02 -2.08572806e+02  1.40978407e+03  4.74592315e+02  1.11316961e+03  8.50549228e+02 -4.32099446e+03 -3.24870853e+03 -6.62927659e+02 -3.86990554e+03  1.18680858e+03  6.92726329e+03 
 1.20226443e+06  1.38050837e+03  6.98920210e+03 -6.17223642e+02 -2.04776347e+02  1.41627625e+03  4.65919254e+02  1.13007310e+03  8.38922799e+02 -4.38504858e+03 -3.20282679e+03 -7.72349572e+02 -3.91076020e+03  1.38268304e+03  7.00039013e+03 
 1.23026877e+06  1.57819257e+03  7.05553258e+03 -6.19991656e+02 -2.01010812e+02  1.42253230e+03  4.57318892e+02  1.14646573e+03  8.27143224e+02 -4.44709628e+03 -3.15640779e+03 -8.82958536e+02 -3.94787815e+03  1.58068239e+03  7.06682786e+03 
 1.25892541e+06  1.77763092e+03  7.11515207e+03 -6.22658365e+02 -1.97278407e+02  1.42855859e+03  4.48796137e+02  1.16235282e+03  8.15232671e+02 -4.50716152e+03 -3.10953809e+03 -9.94549014e+02 -3.98124120e+03  1.78043867e+03  7.12654392e+03 
 1.28824955e+06  1.97845949e+03  7.16805121e+03 -6.25226557e+02 -1.93581167e+02  1.43436151e+03  4.40355512e+02  1.17774055e+03  8.03212349e+02 -4.56527149e+03 -3.06230027e+03 -1.10691738e+03 -4.01084412e+03  1.98158741e+03  7.17952895e+03 
 1.31825674e+06  2.18031941e+03  7.21424307e+03 -6.27699016e+02 -1.89920960e+02  1.43994744e+03  4.32001160e+02  1.19263585e+03  7.91102498e+02 -4.62145631e+03 -3.01477300e+03 -1.21986285e+03 -4.03669423e+03  2.18376916e+03  7.22579602e+03 
 1.34896288e+06  2.38285838e+03  7.25376234e+03 -6.30078521e+02 -1.86299495e+02  1.44532273e+03  4.23736866e+02  1.20704631e+03  7.78922392e+02 -4.67574866e+03 -2.96703095e+03 -1.33318828e+03 -4.05881092e+03  2.38663104e+03  7.26537988e+03 
 1.38038426e+06  2.58573209e+03  7.28666442e+03 -6.32367833e+02 -1.82718327e+02  1.45049369e+03  4.15566067e+02  1.22098014e+03  7.66690334e+02 -4.72818347e+03 -2.91914485e+03 -1.44670103e+03 -4.07722521e+03  2.58982821e+03  7.29833603e+03 
 1.41253754e+06  2.78860556e+03  7.31302442e+03 -6.34569694e+02 -1.79178863e+02  1.45546657e+03  4.07491865e+02  1.23444606e+03  7.54423670e+02 -4.77879764e+03 -2.87118154e+03 -1.56021367e+03 -4.09197911e+03  2.79302515e+03  7.32473969e+03 
 1.44543977e+06  2.99115431e+03  7.33293604e+03 -6.36686817e+02 -1.75682369e+02  1.46024757e+03  3.99517048e+02  1.24745326e+03  7.42138797e+02 -4.82762976e+03 -2.82320399e+03 -1.67354464e+03 -4.10312507e+03  2.99589685e+03  7.34468472e+03 
 1.47910839e+06  3.19306547e+03  7.34651044e+03 -6.38721884e+02 -1.72229976e+02  1.46484281e+03  3.91644096e+02  1.26001131e+03  7.29851176e+02 -4.87471982e+03 -2.77527140e+03 -1.78651888e+03 -4.11072527e+03  3.19812995e+03  7.35828244e+03 
 1.51356125e+06  3.39403874e+03  7.35387499e+03 -6.40677539e+02 -1.68822687e+02  1.46925830e+03  3.83875203e+02  1.27213011e+03  7.17575356e+02 -4.92010896e+03 -2.72743924e+03 -1.89896836e+03 -4.11485098e+03  3.39942367e+03  7.36566044e+03 
 1.54881662e+06  3.59378722e+03  7.35517200e+03 -6.42556389e+02 -1.65461382e+02  1.47349999e+03  3.76212287e+02  1.28381983e+03  7.05324989e+02 -4.96383928e+03 -2.67975938e+03 -2.01073256e+03 -4.11558184e+03  3.59949066e+03  7.36696125e+03 
 1.58489319e+06  3.79203813e+03  7.35055744e+03 -6.44360992e+02 -1.62146825e+02  1.47757370e+03  3.68657005e+02  1.29509085e+03  6.93112856e+02 -5.00595359e+03 -2.63228020e+03 -2.12165885e+03 -4.11300512e+03  3.79805769e+03  7.36234110e+03 
 1.62181010e+06  3.98853338e+03  7.34019962e+03 -6.46093863e+02 -1.58879672e+02  1.48148514e+03  3.61210767e+02  1.30595371e+03  6.80950892e+02 -5.04649519e+03 -2.58504664e+03 -2.23160283e+03 -4.10721499e+03  3.99486627e+03  7.35196856e+03 
 1.65958691e+06  4.18303010e+03  7.32427783e+03 -6.47757465e+02 -1.55660473e+02  1.48523991e+03  3.53874753e+02  1.31641910e+03  6.68850211e+02 -5.08550774e+03 -2.53810038e+03 -2.34042858e+03 -4.09831177e+03  4.18967313e+03  7.33602321e+03 
 1.69824365e+06  4.37530088e+03  7.30298107e+03 -6.49354210e+02 -1.52489680e+02  1.48884351e+03  3.46649918e+02  1.32649776e+03  6.56821138e+02 -5.12303507e+03 -2.49147993e+03 -2.44800888e+03 -4.08640121e+03  4.38225052e+03  7.31469434e+03 
 1.73780083e+06  4.56513413e+03  7.27650666e+03 -6.50886456e+02 -1.49367654e+02  1.49230127e+03  3.39537016e+02  1.33620048e+03  6.44873231e+02 -5.15912099e+03 -2.44522075e+03 -2.55422533e+03 -4.07159373e+03  4.57238648e+03  7.28817961e+03 
 1.77827941e+06  4.75233411e+03  7.24505903e+03 -6.52356506e+02 -1.46294669e+02  1.49561844e+03  3.32536601e+02  1.34553803e+03  6.33015317e+02 -5.19380920e+03 -2.39935538e+03 -2.65896841e+03 -4.05400371e+03  4.75988498e+03  7.25668376e+03 
 1.81970086e+06  4.93672099e+03  7.20884842e+03 -6.53766604e+02 -1.43270916e+02  1.49880011e+03  3.25649049e+02  1.35452120e+03  6.21255519e+02 -5.22714316e+03 -2.35391359e+03 -2.76213750e+03 -4.03374878e+03  4.94456590e+03  7.22041736e+03 
 1.86208714e+06  5.11813078e+03  7.16808967e+03 -6.55118940e+02 -1.40296513e+02  1.50185124e+03  3.18874565e+02  1.36316066e+03  6.09601286e+02 -5.25916593e+03 -2.30892246e+03 -2.86364084e+03 -4.01094916e+03  5.12626498e+03  7.17959561e+03 
 1.90546072e+06  5.29641515e+03  7.12300104e+03 -6.56415644e+02 -1.37371502e+02  1.50477667e+03  3.12213194e+02  1.37146704e+03  5.98059423e+02 -5.28992013e+03 -2.26440657e+03 -2.96339545e+03 -3.98572697e+03  5.30483367e+03  7.13443711e+03 
 1.94984460e+06  5.47144119e+03  7.07380313e+03 -6.57658788e+02 -1.34495864e+02  1.50758109e+03  3.05664832e+02  1.37945086e+03  5.86636123e+02 -5.31944782e+03 -2.22038807e+03 -3.06132694e+03 -3.95820565e+03  5.48013883e+03  7.08516282e+03 
 1.99526231e+06  5.64309109e+03  7.02071778e+03 -6.58850385e+02 -1.31669515e+02  1.51026906e+03  2.99229239e+02  1.38712247e+03  5.75336995e+02 -5.34779039e+03 -2.17688682e+03 -3.15736940e+03 -3.92850933e+03  5.65206247e+03  7.03199492e+03 
 2.04173794e+06  5.81126176e+03  6.96396710e+03 -6.59992389e+02 -1.28892314e+02  1.51284502e+03  2.92906047e+02  1.39449213e+03  5.64167092e+02 -5.37498858e+03 -2.13392055e+03 -3.25146515e+03 -3.89676227e+03  5.82050132e+03  6.97515589e+03 
 2.08929613e+06  5.97586434e+03  6.90377250e+03 -6.61086696e+02 -1.26164067e+02  1.51531326e+03  2.86694769e+02  1.40156988e+03  5.53130944e+02 -5.40108233e+03 -2.09150493e+03 -3.34356448e+03 -3.86308839e+03  5.98536641e+03  6.91486749e+03 
 2.13796209e+06  6.13682377e+03  6.84035388e+03 -6.62135145e+02 -1.23484532e+02  1.51767793e+03  2.80594809e+02  1.40836563e+03  5.42232582e+02 -5.42611077e+03 -2.04965372e+03 -3.43362537e+03 -3.82761071e+03  6.14658254e+03  6.85134997e+03 
 2.18776162e+06  6.29407819e+03  6.77392879e+03 -6.63139514e+02 -1.20853421e+02  1.51994308e+03  2.74605471e+02  1.41488906e+03  5.31475568e+02 -5.45011220e+03 -2.00837885e+03 -3.52161322e+03 -3.79045097e+03  6.30408774e+03  6.78482124e+03 
 2.23872114e+06  6.44757837e+03  6.70471174e+03 -6.64101528e+02 -1.18270403e+02  1.52211260e+03  2.68725965e+02  1.42114968e+03  5.20863020e+02 -5.47312399e+03 -1.96769059e+03 -3.60750048e+03 -3.75172919e+03  6.45783273e+03  6.71549613e+03 
 2.29086765e+06  6.59728716e+03  6.63291349e+03 -6.65022854e+02 -1.15735112e+02  1.52419027e+03  2.62955419e+02  1.42715679e+03  5.10397640e+02 -5.49518263e+03 -1.92759757e+03 -3.69126637e+03 -3.71156329e+03  6.60778028e+03  6.64358575e+03 
 2.34422882e+06  6.74317878e+03  6.55874051e+03 -6.65905102e+02 -1.13247144e+02  1.52617973e+03  2.57292882e+02  1.43291944e+03  5.00081736e+02 -5.51632365e+03 -1.88810699e+03 -3.77289646e+03 -3.67006882e+03  6.75390457e+03  6.56929691e+03 
 2.39883292e+06  6.88523822e+03  6.48239444e+03 -6.66749831e+02 -1.10806066e+02  1.52808450e+03  2.51737333e+02  1.43844650e+03  4.89917248e+02 -5.53658163e+03 -1.84922460e+03 -3.85238235e+03 -3.62735860e+03  6.89619057e+03  6.49283155e+03 
 2.45470892e+06  7.02346060e+03  6.40407161e+03 -6.67558544e+02 -1.08411413e+02  1.52990799e+03  2.46287688e+02  1.44374659e+03  4.79905772e+02 -5.55599017e+03 -1.81095490e+03 -3.92972131e+03 -3.58354248e+03  7.03463339e+03  6.41438634e+03 
 2.51188643e+06  7.15785047e+03  6.32396270e+03 -6.68332693e+02 -1.06062699e+02  1.53165347e+03  2.40942806e+02  1.44882811e+03  4.70048581e+02 -5.57458193e+03 -1.77330115e+03 -4.00491589e+03 -3.53872715e+03  7.16923759e+03  6.33415225e+03 
 2.57039578e+06  7.28842119e+03  6.24225234e+03 -6.69073676e+02 -1.03759409e+02  1.53332411e+03  2.35701493e+02  1.45369924e+03  4.60346647e+02 -5.59238856e+03 -1.73626552e+03 -4.07797356e+03 -3.49301594e+03  7.30001656e+03  6.25231421e+03 
 2.63026799e+06  7.41519427e+03  6.15911888e+03 -6.69782846e+02 -1.01501011e+02  1.53492297e+03  2.30562511e+02  1.45836790e+03  4.50800659e+02 -5.60944076e+03 -1.69984913e+03 -4.14890635e+03 -3.44650863e+03  7.42699182e+03  6.16905086e+03 
 2.69153480e+06  7.53819871e+03  6.07473418e+03 -6.70461502e+02 -9.92869531e+01  1.53645299e+03  2.25524580e+02  1.46284180e+03  4.41411047e+02 -5.62576826e+03 -1.66405212e+03 -4.21773050e+03 -3.39930138e+03  7.55019244e+03  6.08453432e+03 
 2.75422870e+06  7.65747040e+03  5.98926336e+03 -6.71110899e+02 -9.71166666e+01  1.53791699e+03  2.20586384e+02  1.46712841e+03  4.32177998e+02 -5.64139980e+03 -1.62887378e+03 -4.28446608e+03 -3.35148659e+03  7.66965436e+03  5.99892999e+03 
 2.81838293e+06  7.77305149e+03  5.90286476e+03 -6.71732244e+02 -9.49895690e+01  1.53931771e+03  2.15746576e+02  1.47123498e+03  4.23101472e+02 -5.65636321e+03 -1.59431256e+03 -4.34913667e+03 -3.30315287e+03  7.78541978e+03  5.91239647e+03 
 2.88403150e+06  7.88498979e+03  5.81568984e+03 -6.72326698e+02 -9.29050652e+01  1.54065776e+03  2.11003782e+02  1.47516852e+03  4.14181222e+02 -5.67068537e+03 -1.56036617e+03 -4.41176903e+03 -3.25438495e+03  7.89753661e+03  5.82508545e+03 
 2.95120923e+06  7.99333822e+03  5.72788310e+03 -6.72895381e+02 -9.08625493e+01  1.54193969e+03  2.06356605e+02  1.47893582e+03  4.05416808e+02 -5.68439222e+03 -1.52703163e+03 -4.47239277e+03 -3.20526370e+03  8.00605785e+03  5.73714166e+03 
 3.01995172e+06  8.09815425e+03  5.63958213e+03 -6.73439367e+02 -8.88614065e+01  1.54316591e+03  2.01803628e+02  1.48254345e+03  3.96807614e+02 -5.69750881e+03 -1.49430531e+03 -4.53104005e+03 -3.15586610e+03  8.11104105e+03  5.64870290e+03 
 3.09029543e+06  8.19949937e+03  5.55091758e+03 -6.73959692e+02 -8.69010144e+01  1.54433877e+03  1.97343418e+02  1.48599776e+03  3.88352860e+02 -5.71005929e+03 -1.46218305e+03 -4.58774526e+03 -3.10626528e+03  8.21254781e+03  5.55990007e+03 
 3.16227766e+06  8.29743858e+03  5.46201331e+03 -6.74457349e+02 -8.49807446e+01  1.54546050e+03  1.92974531e+02  1.48930487e+03  3.80051616e+02 -5.72206697e+03 -1.43066012e+03 -4.64254478e+03 -3.05653052e+03  8.31064322e+03  5.47085719e+03 
 3.23593657e+06  8.39203995e+03  5.37298637e+03 -6.74933295e+02 -8.30999640e+01  1.54653327e+03  1.88695511e+02  1.49247070e+03  3.71902816e+02 -5.73355426e+03 -1.39973137e+03 -4.69547669e+03 -3.00672733e+03  8.40539548e+03  5.38169153e+03 
 3.31131121e+06  8.48337414e+03  5.28394721e+03 -6.75388447e+02 -8.12580362e+01  1.54755915e+03  1.84504897e+02  1.49550098e+03  3.63905270e+02 -5.74454278e+03 -1.36939117e+03 -4.74658053e+03 -2.95691751e+03  8.49687534e+03  5.29251369e+03 
 3.38844156e+06  8.57151399e+03  5.19499974e+03 -6.75823687e+02 -7.94543221e+01  1.54854012e+03  1.80401221e+02  1.49840120e+03  3.56057672e+02 -5.75505334e+03 -1.33963354e+03 -4.79589706e+03 -2.90715921e+03  8.58515577e+03  5.20342776e+03 
 3.46736850e+06  8.65653413e+03  5.10624151e+03 -6.76239862e+02 -7.76881819e+01  1.54947811e+03  1.76383016e+02  1.50117668e+03  3.48358617e+02 -5.76510593e+03 -1.31045214e+03 -4.84346804e+03 -2.85750703e+03  8.67031151e+03  5.11453146e+03 
 3.54813389e+06  8.73851061e+03  5.01776389e+03 -6.76637785e+02 -7.59589750e+01  1.55037494e+03  1.72448813e+02  1.50383255e+03  3.40806604e+02 -5.77471980e+03 -1.28184035e+03 -4.88933600e+03 -2.80801207e+03  8.75241874e+03  5.02591628e+03 
 3.63078055e+06  8.81752054e+03  4.92965221e+03 -6.77018235e+02 -7.42660619e+01  1.55123237e+03  1.68597146e+02  1.50637372e+03  3.33400050e+02 -5.78391347e+03 -1.25379123e+03 -4.93354411e+03 -2.75872211e+03  8.83155469e+03  4.93766771e+03 
 3.71535229e+06  8.89364182e+03  4.84198599e+03 -6.77381962e+02 -7.26088043e+01  1.55205211e+03  1.64826553e+02  1.50880494e+03  3.26137298e+02 -5.79270471e+03 -1.22629765e+03 -4.97613594e+03 -2.70968162e+03  8.90779738e+03  4.84986537e+03 
 3.80189396e+06  8.96695278e+03  4.75483908e+03 -6.77729684e+02 -7.09865664e+01  1.55283575e+03  1.61135577e+02  1.51113079e+03  3.19016622e+02 -5.80111061e+03 -1.19935223e+03 -5.01715533e+03 -2.66093196e+03  8.98122527e+03  4.76258327e+03 
 3.89045145e+06  9.03753199e+03  4.66827993e+03 -6.78062089e+02 -6.93987152e+01  1.55358487e+03  1.57522771e+02  1.51335565e+03  3.12036241e+02 -5.80914759e+03 -1.17294745e+03 -5.05664623e+03 -2.61251141e+03  9.05191705e+03  4.67588996e+03 
 3.98107171e+06  9.10545793e+03  4.58237177e+03 -6.78379837e+02 -6.78446213e+01  1.55430094e+03  1.53986692e+02  1.51548376e+03  3.05194320e+02 -5.81683138e+03 -1.14707561e+03 -5.09465257e+03 -2.56445536e+03  9.11995134e+03  4.58984874e+03 
 4.07380278e+06  9.17080886e+03  4.49717277e+03 -6.78683563e+02 -6.63236595e+01  1.55498540e+03  1.50525912e+02  1.51751917e+03  2.98488979e+02 -5.82417713e+03 -1.12172887e+03 -5.13121811e+03 -2.51679637e+03  9.18540649e+03  4.50451793e+03 
 4.16869383e+06  9.23366252e+03  4.41273636e+03 -6.78973872e+02 -6.48352094e+01  1.55563962e+03  1.47139010e+02  1.51946580e+03  2.91918300e+02 -5.83119935e+03 -1.09689930e+03 -5.16638638e+03 -2.46956434e+03  9.24836041e+03  4.41995100e+03 
 4.26579519e+06  9.29409604e+03  4.32911134e+03 -6.79251348e+02 -6.33786559e+01  1.55626490e+03  1.43824581e+02  1.52132739e+03  2.85480332e+02 -5.83791194e+03 -1.07257889e+03 -5.20020051e+03 -2.42278657e+03  9.30889032e+03  4.33619684e+03 
 4.36515832e+06  9.35218571e+03  4.24634214e+03 -6.79516547e+02 -6.19533891e+01  1.55686252e+03  1.40581230e+02  1.52310755e+03  2.79173098e+02 -5.84432828e+03 -1.04875954e+03 -5.23270319e+03 -2.37648795e+03  9.36707264e+03  4.25329997e+03 
 4.46683592e+06  9.40800686e+03  4.16446903e+03 -6.79770003e+02 -6.05588058e+01  1.55743366e+03  1.37407578e+02  1.52480974e+03  2.72994596e+02 -5.85046117e+03 -1.02543310e+03 -5.26393659e+03 -2.33069100e+03  9.42298283e+03  4.17130072e+03 
 4.57088190e+06  9.46163375e+03  4.08352831e+03 -6.80012228e+02 -5.91943085e+01  1.55797949e+03  1.34302260e+02  1.52643728e+03  2.66942808e+02 -5.85632288e+03 -1.00259142e+03 -5.29394224e+03 -2.28541605e+03  9.47669526e+03  4.09023544e+03 
 4.67735141e+06  9.51313943e+03  4.00355253e+03 -6.80243712e+02 -5.78593069e+01  1.55850111e+03  1.31263928e+02  1.52799337e+03  2.61015702e+02 -5.86192518e+03 -9.80226277e+02 -5.32276101e+03 -2.24068131e+03  9.52828309e+03  4.01013675e+03 
 4.78630092e+06  9.56259563e+03  3.92457067e+03 -6.80464925e+02 -5.65532176e+01  1.55899958e+03  1.28291247e+02  1.52948106e+03  2.55211235e+02 -5.86727936e+03 -9.58329485e+02 -5.35043305e+03 -2.19650300e+03  9.57781817e+03  3.93103367e+03 
 4.89778819e+06  9.61007272e+03  3.84660836e+03 -6.80676315e+02 -5.52754641e+01  1.55947591e+03  1.25382902e+02  1.53090329e+03  2.49527362e+02 -5.87239621e+03 -9.36892844e+02 -5.37699773e+03 -2.15289548e+03  9.62537100e+03  3.85295186e+03 
 5.01187234e+06  9.65563962e+03  3.76968804e+03 -6.80878315e+02 -5.40254777e+01  1.55993107e+03  1.22537594e+02  1.53226287e+03  2.43962031e+02 -5.87728609e+03 -9.15908180e+02 -5.40249361e+03 -2.10987130e+03  9.67101057e+03  3.77591382e+03 
 5.12861384e+06  9.69936371e+03  3.69382916e+03 -6.81071334e+02 -5.28026972e+01  1.56036600e+03  1.19754041e+02  1.53356251e+03  2.38513192e+02 -5.88195892e+03 -8.95367342e+02 -5.42695839e+03 -2.06744137e+03  9.71480441e+03  3.69993903e+03 
 5.24807460e+06  9.74131082e+03  3.61904835e+03 -6.81255768e+02 -5.16065691e+01  1.56078158e+03  1.17030979e+02  1.53480480e+03  2.33178802e+02 -5.88642419e+03 -8.75262221e+02 -5.45042890e+03 -2.02561499e+03  9.75681843e+03  3.62504415e+03 
 5.37031796e+06  9.78154518e+03  3.54535962e+03 -6.81431995e+02 -5.04365480e+01  1.56117865e+03  1.14367162e+02  1.53599221e+03  2.27956818e+02 -5.89069100e+03 -8.55584754e+02 -5.47294109e+03 -1.98440000e+03  9.79711697e+03  3.55124319e+03 
 5.49540874e+06  9.82012938e+03  3.47277447e+03 -6.81600375e+02 -4.92920963e+01  1.56155805e+03  1.11761364e+02  1.53712713e+03  2.22845210e+02 -5.89476805e+03 -8.36326931e+02 -5.49452997e+03 -1.94380285e+03  9.83576271e+03  3.47854771e+03 
 5.62341325e+06  9.85712437e+03  3.40130209e+03 -6.81761254e+02 -4.81726848e+01  1.56192054e+03  1.09212376e+02  1.53821184e+03  2.17841956e+02 -5.89866369e+03 -8.17480804e+02 -5.51522965e+03 -1.90382870e+03  9.87281671e+03  3.40696689e+03 
 5.75439937e+06  9.89258940e+03  3.33094950e+03 -6.81914963e+02 -4.70777923e+01  1.56226687e+03  1.06719008e+02  1.53924852e+03  2.12945049e+02 -5.90238588e+03 -7.99038496e+02 -5.53507327e+03 -1.86448148e+03  9.90833831e+03  3.33650778e+03 
 5.88843655e+06  9.92658207e+03  3.26172171e+03 -6.82061818e+02 -4.60069059e+01  1.56259776e+03  1.04280090e+02  1.54023926e+03  2.08152494e+02 -5.90594227e+03 -7.80992199e+02 -5.55409308e+03 -1.82576399e+03  9.94238521e+03  3.26717539e+03 
 6.02559586e+06  9.95915830e+03  3.19362183e+03 -6.82202123e+02 -4.49595209e+01  1.56291389e+03  1.01894469e+02  1.54118608e+03  2.03462315e+02 -5.90934016e+03 -7.63334188e+02 -5.57232035e+03 -1.78767800e+03  9.97501340e+03  3.19897284e+03 
 6.16595002e+06  9.99037233e+03  3.12665122e+03 -6.82336167e+02 -4.39351411e+01  1.56321590e+03  9.95610130e+01  1.54209087e+03  1.98872549e+02 -5.91258655e+03 -7.46056818e+02 -5.58978543e+03 -1.75022426e+03  1.00062772e+04  3.13190150e+03 
 6.30957344e+06  1.00202767e+04  3.06080962e+03 -6.82464227e+02 -4.29332784e+01  1.56350443e+03  9.72786071e+01  1.54295550e+03  1.94381256e+02 -5.91568813e+03 -7.29152536e+02 -5.60651774e+03 -1.71340265e+03  1.00362293e+04  3.06596111e+03 
 6.45654229e+06  1.00489224e+04  2.99609526e+03 -6.82586568e+02 -4.19534532e+01  1.56378008e+03  9.50461567e+01  1.54378171e+03  1.89986515e+02 -5.91865130e+03 -7.12613875e+02 -5.62254579e+03 -1.67721219e+03  1.00649207e+04  3.00114989e+03 
 6.60693448e+06  1.00763587e+04  2.93250498e+03 -6.82703443e+02 -4.09951940e+01  1.56404340e+03  9.28625855e+01  1.54457119e+03  1.85686425e+02 -5.92148217e+03 -6.96433465e+02 -5.63789714e+03 -1.64165111e+03  1.00924008e+04  2.93746471e+03 
 6.76082975e+06  1.01026333e+04  2.87003434e+03 -6.82815095e+02 -4.00580378e+01  1.56429496e+03  9.07268362e+01  1.54532556e+03  1.81479107e+02 -5.92418662e+03 -6.80604034e+02 -5.65259849e+03 -1.60671694e+03  1.01187173e+04  2.87490109e+03 
 6.91830971e+06  1.01277923e+04  2.80867772e+03 -6.82921756e+02 -3.91415295e+01  1.56453527e+03  8.86378703e+01  1.54604636e+03  1.77362707e+02 -5.92677024e+03 -6.65118406e+02 -5.66667561e+03 -1.57240656e+03  1.01439164e+04  2.81345343e+03 
 7.07945784e+06  1.01518802e+04  2.74842842e+03 -6.83023647e+02 -3.82452225e+01  1.56476483e+03  8.65946678e+01  1.54673506e+03  1.73335392e+02 -5.92923839e+03 -6.49969508e+02 -5.68015344e+03 -1.53871621e+03  1.01680427e+04  2.75311501e+03 
 7.24435960e+06  1.01749400e+04  2.68927874e+03 -6.83120981e+02 -3.73686782e+01  1.56498413e+03  8.45962271e+01  1.54739308e+03  1.69395354e+02 -5.93159620e+03 -6.35150370e+02 -5.69305604e+03 -1.50564160e+03  1.01911393e+04  2.69387812e+03 
 7.41310241e+06  1.01970132e+04  2.63122008e+03 -6.83213959e+02 -3.65114659e+01  1.56519360e+03  8.26415652e+01  1.54802177e+03  1.65540811e+02 -5.93384856e+03 -6.20654126e+02 -5.70540662e+03 -1.47317793e+03  1.02132478e+04  2.63573415e+03 
 7.58577575e+06  1.02181399e+04  2.57424301e+03 -6.83302776e+02 -3.56731632e+01  1.56539371e+03  8.07297169e+01  1.54862243e+03  1.61770005e+02 -5.93600015e+03 -6.06474014e+02 -5.71722758e+03 -1.44131994e+03  1.02344082e+04  2.57867367e+03 
 7.76247117e+06  1.02383587e+04  2.51833735e+03 -6.83387617e+02 -3.48533554e+01  1.56558485e+03  7.88597352e+01  1.54919630e+03  1.58081204e+02 -5.93805547e+03 -5.92603380e+02 -5.72854052e+03 -1.41006195e+03  1.02546592e+04  2.52268649e+03 
 7.94328235e+06  1.02577066e+04  2.46349227e+03 -6.83468658e+02 -3.40516356e+01  1.56576743e+03  7.70306910e+01  1.54974456e+03  1.54472700e+02 -5.94001879e+03 -5.79035675e+02 -5.73936626e+03 -1.37939790e+03  1.02740380e+04  2.46776174e+03 
 8.12830516e+06  1.02762197e+04  2.40969630e+03 -6.83546070e+02 -3.32676048e+01  1.56594183e+03  7.52416725e+01  1.55026834e+03  1.50942815e+02 -5.94189421e+03 -5.65764458e+02 -5.74972484e+03 -1.34932138e+03  1.02925806e+04  2.41388797e+03 
 8.31763771e+06  1.02939323e+04  2.35693745e+03 -6.83620013e+02 -3.25008715e+01  1.56610842e+03  7.34917854e+01  1.55076872e+03  1.47489894e+02 -5.94368564e+03 -5.52783393e+02 -5.75963557e+03 -1.31982571e+03  1.03103215e+04  2.36105314e+03 
 8.51138038e+06  1.03108778e+04  2.30520321e+03 -6.83690644e+02 -3.17510520e+01  1.56626754e+03  7.17801526e+01  1.55124676e+03  1.44112311e+02 -5.94539682e+03 -5.40086254e+02 -5.76911703e+03 -1.29090391e+03  1.03272940e+04  2.30924476e+03 
 8.70963590e+06  1.03270880e+04  2.25448069e+03 -6.83758108e+02 -3.10177698e+01  1.56641953e+03  7.01059139e+01  1.55170343e+03  1.40808463e+02 -5.94703134e+03 -5.27666919e+02 -5.77818709e+03 -1.26254875e+03  1.03435301e+04  2.25844990e+03 
 8.91250938e+06  1.03425936e+04  2.20475657e+03 -6.83822548e+02 -3.03006560e+01  1.56656470e+03  6.84682259e+01  1.55213968e+03  1.37576776e+02 -5.94859260e+03 -5.15519375e+02 -5.78686296e+03 -1.23475282e+03  1.03590605e+04  2.20865523e+03 
 9.12010839e+06  1.03574243e+04  2.15601724e+03 -6.83884099e+02 -2.95993486e+01  1.56670336e+03  6.68662613e+01  1.55255642e+03  1.34415704e+02 -5.95008388e+03 -5.03637714e+02 -5.79516117e+03 -1.20750850e+03  1.03739148e+04  2.15984713e+03 
 9.33254301e+06  1.03716084e+04  2.10824879e+03 -6.83942889e+02 -2.89134933e+01  1.56683580e+03  6.52992094e+01  1.55295452e+03  1.31323723e+02 -5.95150830e+03 -4.92016133e+02 -5.80309760e+03 -1.18080803e+03  1.03881216e+04  2.11201166e+03 
 9.54992586e+06  1.03851733e+04  2.06143706e+03 -6.83999043e+02 -2.82427423e+01  1.56696230e+03  6.37662752e+01  1.55333481e+03  1.28299341e+02 -5.95286885e+03 -4.80648934e+02 -5.81068755e+03 -1.15464349e+03  1.04017081e+04  2.06513465e+03 
 9.77237221e+06  1.03981451e+04  2.01556769e+03 -6.84052677e+02 -2.75867551e+01  1.56708313e+03  6.22666795e+01  1.55369807e+03  1.25341087e+02 -5.95416838e+03 -4.69530523e+02 -5.81794566e+03 -1.12900688e+03  1.04147006e+04  2.01920172e+03 
 1.00000000e+07  1.04105490e+04  1.97062616e+03 -6.84103904e+02 -2.69451979e+01  1.56719853e+03  6.07996587e+01  1.55404507e+03  1.22447520e+02 -5.95540962e+03 -4.58655409e+02 -5.82488604e+03 -1.10389008e+03  1.04271243e+04  1.97419833e+03 
 1.02329299e+07  1.04224092e+04  1.92659782e+03 -6.84152833e+02 -2.63177436e+01  1.56730875e+03  5.93644640e+01  1.55437653e+03  1.19617223e+02 -5.95659516e+03 -4.48018204e+02 -5.83152220e+03 -1.07928491e+03  1.04390035e+04  1.93010981e+03 
 1.04712855e+07  1.04337490e+04  1.88346788e+03 -6.84199565e+02 -2.57040719e+01  1.56741402e+03  5.79603619e+01  1.55469314e+03  1.16848805e+02 -5.95772751e+03 -4.37613619e+02 -5.83786714e+03 -1.05518311e+03  1.04503613e+04  1.88692137e+03 
 1.07151931e+07  1.04445905e+04  1.84122153e+03 -6.84244199e+02 -2.51038686e+01  1.56751457e+03  5.65866334e+01  1.55499557e+03  1.14140900e+02 -5.95880903e+03 -4.27436467e+02 -5.84393332e+03 -1.03157640e+03  1.04612202e+04  1.84461815e+03 
 1.09647820e+07  1.04549551e+04  1.79984388e+03 -6.84286830e+02 -2.45168263e+01  1.56761059e+03  5.52425740e+01  1.55528444e+03  1.11492170e+02 -5.95984201e+03 -4.17481658e+02 -5.84973269e+03 -1.00845648e+03  1.04716014e+04  1.80318526e+03 
 1.12201845e+07  1.04648634e+04  1.75932001e+03 -6.84327546e+02 -2.39426436e+01  1.56770231e+03  5.39274932e+01  1.55556037e+03  1.08901298e+02 -5.96082861e+03 -4.07744200e+02 -5.85527672e+03 -9.85815009e+02  1.04815255e+04  1.76260777e+03 
 1.14815362e+07  1.04743351e+04  1.71963502e+03 -6.84366433e+02 -2.33810254e+01  1.56778990e+03  5.26407146e+01  1.55582392e+03  1.06366995e+02 -5.96177092e+03 -3.98219197e+02 -5.86057640e+03 -9.63643673e+02  1.04910122e+04  1.72287076e+03 
 1.17489755e+07  1.04833888e+04  1.68077401e+03 -6.84403573e+02 -2.28316825e+01  1.56787356e+03  5.13815751e+01  1.55607565e+03  1.03887995e+02 -5.96267090e+03 -3.88901849e+02 -5.86564230e+03 -9.41934156e+02  1.05000805e+04  1.68395930e+03 
 1.20226443e+07  1.04920428e+04  1.64272215e+03 -6.84439045e+02 -2.22943319e+01  1.56795346e+03  5.01494254e+01  1.55631610e+03  1.01463056e+02 -5.96353047e+03 -3.79787448e+02 -5.87048450e+03 -9.20678168e+02  1.05087483e+04  1.64585854e+03 
 1.23026877e+07  1.05003143e+04  1.60546463e+03 -6.84472923e+02 -2.17686961e+01  1.56802977e+03  4.89436290e+01  1.55654575e+03  9.90909603e+01 -5.96435142e+03 -3.70871378e+02 -5.87511271e+03 -8.99867449e+02  1.05170330e+04  1.60855367e+03 
 1.25892541e+07  1.05082199e+04  1.56898674e+03 -6.84505278e+02 -2.12545035e+01  1.56810264e+03  4.77635623e+01  1.55676510e+03  9.67705142e+01 -5.96513549e+03 -3.62149115e+02 -5.87953621e+03 -8.79493781e+02  1.05249512e+04  1.57202995e+03 
 1.28824955e+07  1.05157756e+04  1.53327383e+03 -6.84536179e+02 -2.07514881e+01  1.56817224e+03  4.66086143e+01  1.55697461e+03  9.45005463e+01 -5.96588434e+03 -3.53616224e+02 -5.88376391e+03 -8.59548994e+02  1.05325190e+04  1.53627272e+03 
 1.31825674e+07  1.05229965e+04  1.49831138e+03 -6.84565692e+02 -2.02593892e+01  1.56823870e+03  4.54781865e+01  1.55717471e+03  9.22799083e+01 -5.96659953e+03 -3.45268355e+02 -5.88780432e+03 -8.40024975e+02  1.05397515e+04  1.50126743e+03 
 1.34896288e+07  1.05298973e+04  1.46408495e+03 -6.84593877e+02 -1.97779518e+01  1.56830218e+03  4.43716922e+01  1.55736583e+03  9.01074743e+01 -5.96728257e+03 -3.37101249e+02 -5.89166561e+03 -8.20913673e+02  1.05466633e+04  1.46699965e+03 
 1.38038426e+07  1.05364920e+04  1.43058024e+03 -6.84620795e+02 -1.93069259e+01  1.56836280e+03  4.32885567e+01  1.55754836e+03  8.79821408e+01 -5.96793492e+03 -3.29110728e+02 -5.89535561e+03 -8.02207107e+02  1.05532686e+04  1.43345504e+03 
 1.41253754e+07  1.05427939e+04  1.39778309e+03 -6.84646502e+02 -1.88460668e+01  1.56842069e+03  4.22282170e+01  1.55772270e+03  8.59028259e+01 -5.96855794e+03 -3.21292700e+02 -5.89888180e+03 -7.83897369e+02  1.05595805e+04  1.40061943e+03 
 1.44543977e+07  1.05488158e+04  1.36567947e+03 -6.84671053e+02 -1.83951347e+01  1.56847598e+03  4.11901212e+01  1.55788920e+03  8.38684690e+01 -5.96915294e+03 -3.13643153e+02 -5.90225136e+03 -7.65976630e+02  1.05656121e+04  1.36847878e+03 
 1.47910839e+07  1.05545701e+04  1.33425548e+03 -6.84694499e+02 -1.79538950e+01  1.56852878e+03  4.01737287e+01  1.55804823e+03  8.18780308e+01 -5.96972119e+03 -3.06158155e+02 -5.90547115e+03 -7.48437146e+02  1.05713756e+04  1.33701918e+03 
 1.51356125e+07  1.05600684e+04  1.30349741e+03 -6.84716891e+02 -1.75221177e+01  1.56857919e+03  3.91785096e+01  1.55820011e+03  7.99304925e+01 -5.97026389e+03 -2.98833856e+02 -5.90854775e+03 -7.31271257e+02  1.05768828e+04  1.30622689e+03 
 1.54881662e+07  1.05653221e+04  1.27339168e+03 -6.84738274e+02 -1.70995778e+01  1.56862734e+03  3.82039448e+01  1.55834516e+03  7.80248556e+01 -5.97078217e+03 -2.91666480e+02 -5.91148745e+03 -7.14471398e+02  1.05821448e+04  1.27608833e+03 
 1.58489319e+07  1.05703418e+04  1.24392491e+03 -6.84758696e+02 -1.66860546e+01  1.56867332e+03  3.72495254e+01  1.55848369e+03  7.61601416e+01 -5.97127714e+03 -2.84652329e+02 -5.91429627e+03 -6.98030093e+02  1.05871726e+04  1.24659009e+03 
 1.62181010e+07  1.05751379e+04  1.21508384e+03 -6.84778197e+02 -1.62813324e+01  1.56871722e+03  3.63147528e+01  1.55861599e+03  7.43353917e+01 -5.97174983e+03 -2.77787779e+02 -5.91697997e+03 -6.81939964e+02  1.05919764e+04  1.21771893e+03 
 1.65958691e+07  1.05797203e+04  1.18685544e+03 -6.84796821e+02 -1.58851995e+01  1.56875915e+03  3.53991382e+01  1.55874234e+03  7.25496660e+01 -5.97220126e+03 -2.71069279e+02 -5.91954407e+03 -6.66193733e+02  1.05965661e+04  1.18946178e+03 
 1.69824365e+07  1.05840983e+04  1.15922683e+03 -6.84814606e+02 -1.54974488e+01  1.56879918e+03  3.45022026e+01  1.55886301e+03  7.08020438e+01 -5.97263237e+03 -2.64493348e+02 -5.92199384e+03 -6.50784219e+02  1.06009511e+04  1.16180574e+03 
 1.73780083e+07  1.05882809e+04  1.13218530e+03 -6.84831590e+02 -1.51178775e+01  1.56883740e+03  3.36234764e+01  1.55897825e+03  6.90916226e+01 -5.97304407e+03 -2.58056577e+02 -5.92433434e+03 -6.35704345e+02  1.06051405e+04  1.13473812e+03 
 1.77827941e+07  1.05922769e+04  1.10571834e+03 -6.84847808e+02 -1.47462867e+01  1.56887391e+03  3.27624994e+01  1.55908830e+03  6.74175182e+01 -5.97343724e+03 -2.51755626e+02 -5.92657038e+03 -6.20947134e+02  1.06091430e+04  1.10824638e+03 
 1.81970086e+07  1.05960945e+04  1.07981363e+03 -6.84863296e+02 -1.43824818e+01  1.56890876e+03  3.19188203e+01  1.55919341e+03  6.57788640e+01 -5.97381270e+03 -2.45587220e+02 -5.92870660e+03 -6.06505717e+02  1.06129667e+04  1.08231819e+03 
 1.86208714e+07  1.05997415e+04  1.05445902e+03 -6.84878085e+02 -1.40262721e+01  1.56894203e+03  3.10919966e+01  1.55929377e+03  6.41748108e+01 -5.97417125e+03 -2.39548152e+02 -5.93074741e+03 -5.92373326e+02  1.06166196e+04  1.05694139e+03 
 1.90546072e+07  1.06032255e+04  1.02964255e+03 -6.84892207e+02 -1.36774708e+01  1.56897381e+03  3.02815944e+01  1.55938962e+03  6.26045266e+01 -5.97451365e+03 -2.33635278e+02 -5.93269704e+03 -5.78543300e+02  1.06201092e+04  1.03210401e+03 
 1.94984460e+07  1.06065538e+04  1.00535245e+03 -6.84905692e+02 -1.33358948e+01  1.56900414e+03  2.94871885e+01  1.55948115e+03  6.10671959e+01 -5.97484062e+03 -2.27845517e+02 -5.93455952e+03 -5.65009083e+02  1.06234429e+04  1.00779429e+03 
 1.99526231e+07  1.06097332e+04  9.81577151e+02 -6.84918569e+02 -1.30013647e+01  1.56903310e+03  2.87083614e+01  1.55956856e+03  5.95620197e+01 -5.97515285e+03 -2.22175852e+02 -5.93633872e+03 -5.51764225e+02  1.06266274e+04  9.84000616e+02 
 2.04173794e+07  1.06127704e+04  9.58305244e+02 -6.84930864e+02 -1.26737050e+01  1.56906075e+03  2.79447041e+01  1.55965203e+03  5.80882147e+01 -5.97545101e+03 -2.16623322e+02 -5.93803834e+03 -5.38802380e+02  1.06296695e+04  9.60711601e+02 
 2.08929613e+07  1.06156716e+04  9.35525526e+02 -6.84942604e+02 -1.23527433e+01  1.56908715e+03  2.71958150e+01  1.55973173e+03  5.66450136e+01 -5.97573572e+03 -2.11185029e+02 -5.93966191e+03 -5.26117309e+02  1.06325755e+04  9.37916026e+02 
 2.13796209e+07  1.06184429e+04  9.13226976e+02 -6.84953814e+02 -1.20383111e+01  1.56911235e+03  2.64613003e+01  1.55980784e+03  5.52316642e+01 -5.97600759e+03 -2.05858130e+02 -5.94121281e+03 -5.13702878e+02  1.06353513e+04  9.15602861e+02 
 2.18776162e+07  1.06210901e+04  8.91398756e+02 -6.84964517e+02 -1.17302428e+01  1.56913641e+03  2.57407736e+01  1.55988052e+03  5.38474292e+01 -5.97626719e+03 -2.00639840e+02 -5.94269427e+03 -5.01553055e+02  1.06380028e+04  8.93761264e+02 
 2.23872114e+07  1.06236187e+04  8.70030214e+02 -6.84974735e+02 -1.14283764e+01  1.56915937e+03  2.50338556e+01  1.55994992e+03  5.24915860e+01 -5.97651507e+03 -1.95527428e+02 -5.94410938e+03 -4.89661915e+02  1.06405355e+04  8.72380578e+02 
 2.29086765e+07  1.06260340e+04  8.49110882e+02 -6.84984492e+02 -1.11325531e+01  1.56918128e+03  2.43401742e+01  1.56001618e+03  5.11634264e+01 -5.97675176e+03 -1.90518216e+02 -5.94546109e+03 -4.78023634e+02  1.06429547e+04  8.51450328e+02 
 2.34422882e+07  1.06283409e+04  8.28630469e+02 -6.84993806e+02 -1.08426170e+01  1.56920220e+03  2.36593641e+01  1.56007945e+03  4.98622560e+01 -5.97697776e+03 -1.85609581e+02 -5.94675223e+03 -4.66632491e+02  1.06452655e+04  8.30960220e+02 
 2.39883292e+07  1.06305444e+04  8.08578868e+02 -6.85002699e+02 -1.05584156e+01  1.56922217e+03  2.29910664e+01  1.56013986e+03  4.85873941e+01 -5.97719355e+03 -1.80798948e+02 -5.94798548e+03 -4.55482865e+02  1.06474726e+04  8.10900142e+02 
 2.45470892e+07  1.06326491e+04  7.88946148e+02 -6.85011188e+02 -1.02797990e+01  1.56924122e+03  2.23349291e+01  1.56019753e+03  4.73381735e+01 -5.97739958e+03 -1.76083796e+02 -5.94916343e+03 -4.44569237e+02  1.06495807e+04  7.91260160e+02 
 2.51188643e+07  1.06346592e+04  7.69722552e+02 -6.85019292e+02 -1.00066204e+01  1.56925941e+03  2.16906062e+01  1.56025260e+03  4.61139397e+01 -5.97759629e+03 -1.71461648e+02 -5.95028854e+03 -4.33886186e+02  1.06515941e+04  7.72030514e+02 
 2.57039578e+07  1.06365791e+04  7.50898499e+02 -6.85027028e+02 -9.73873577e+00  1.56927676e+03  2.10577579e+01  1.56030518e+03  4.49140513e+01 -5.97778409e+03 -1.66930079e+02 -5.95136318e+03 -4.23428390e+02  1.06535172e+04  7.53201622e+02 
 2.63026799e+07  1.06384128e+04  7.32464578e+02 -6.85034412e+02 -9.47600392e+00  1.56929331e+03  2.04360505e+01  1.56035537e+03  4.37378789e+01 -5.97796339e+03 -1.62486707e+02 -5.95238958e+03 -4.13190623e+02  1.06553540e+04  7.34764070e+02 
 2.69153480e+07  1.06401641e+04  7.14411548e+02 -6.85041461e+02 -9.21828624e+00  1.56930910e+03  1.98251559e+01  1.56040329e+03  4.25848055e+01 -5.97813456e+03 -1.58129198e+02 -5.95336990e+03 -4.03167754e+02  1.06571082e+04  7.16708616e+02 
 2.75422870e+07  1.06418367e+04  6.96730333e+02 -6.85048188e+02 -8.96544675e+00  1.56932417e+03  1.92247518e+01  1.56044903e+03  4.14542259e+01 -5.97829797e+03 -1.53855260e+02 -5.95430620e+03 -3.93354748e+02  1.06587836e+04  6.99026184e+02 
 2.81838293e+07  1.06434341e+04  6.79412024e+02 -6.85054608e+02 -8.71735204e+00  1.56933854e+03  1.86345211e+01  1.56049270e+03  4.03455462e+01 -5.97845396e+03 -1.49662646e+02 -5.95520044e+03 -3.83746660e+02  1.06603836e+04  6.81707864e+02 
 2.88403150e+07  1.06449596e+04  6.62447870e+02 -6.85060735e+02 -8.47387114e+00  1.56935224e+03  1.80541524e+01  1.56053438e+03  3.92581840e+01 -5.97860286e+03 -1.45549149e+02 -5.95605449e+03 -3.74338639e+02  1.06619117e+04  6.64744908e+02 
 2.95120923e+07  1.06464164e+04  6.45829282e+02 -6.85066581e+02 -8.23487552e+00  1.56936531e+03  1.74833390e+01  1.56057416e+03  3.81915676e+01 -5.97874499e+03 -1.41512605e+02 -5.95687016e+03 -3.65125924e+02  1.06633710e+04  6.48128726e+02 
 3.01995172e+07  1.06478077e+04  6.29547826e+02 -6.85072160e+02 -8.00023896e+00  1.56937777e+03  1.69217795e+01  1.56061213e+03  3.71451363e+01 -5.97888066e+03 -1.37550886e+02 -5.95764914e+03 -3.56103840e+02  1.06647647e+04  6.31850887e+02 
 3.09029543e+07  1.06491363e+04  6.13595221e+02 -6.85077483e+02 -7.76983754e+00  1.56938965e+03  1.63691772e+01  1.56064837e+03  3.61183393e+01 -5.97901013e+03 -1.33661908e+02 -5.95839310e+03 -3.47267801e+02  1.06660956e+04  6.15903112e+02 
 3.16227766e+07  1.06504050e+04  5.97963338e+02 -6.85082561e+02 -7.54354954e+00  1.56940097e+03  1.58252401e+01  1.56068295e+03  3.51106365e+01 -5.97913370e+03 -1.29843620e+02 -5.95910357e+03 -3.38613306e+02  1.06673665e+04  6.00277276e+02 
 3.23593657e+07  1.06516165e+04  5.82644198e+02 -6.85087405e+02 -7.32125540e+00  1.56941176e+03  1.52896808e+01  1.56071595e+03  3.41214972e+01 -5.97925163e+03 -1.26094010e+02 -5.95978207e+03 -3.30135939e+02  1.06685801e+04  5.84965402e+02 
 3.31131121e+07  1.06527734e+04  5.67629962e+02 -6.85092025e+02 -7.10283765e+00  1.56942204e+03  1.47622161e+01  1.56074744e+03  3.31504005e+01 -5.97936415e+03 -1.22411100e+02 -5.96043002e+03 -3.21831365e+02  1.06697390e+04  5.69959657e+02 
 3.38844156e+07  1.06538780e+04  5.52912940e+02 -6.85096431e+02 -6.88818084e+00  1.56943183e+03  1.42425672e+01  1.56077748e+03  3.21968348e+01 -5.97947152e+03 -1.18792950e+02 -5.96104877e+03 -3.13695331e+02  1.06708457e+04  5.55252355e+02 
 3.46736850e+07  1.06549328e+04  5.38485577e+02 -6.85100632e+02 -6.67717151e+00  1.56944115e+03  1.37304594e+01  1.56080614e+03  3.12602975e+01 -5.97957395e+03 -1.15237649e+02 -5.96163965e+03 -3.05723663e+02  1.06719023e+04  5.40835947e+02 
 3.54813389e+07  1.06559399e+04  5.24340458e+02 -6.85104638e+02 -6.46969807e+00  1.56945002e+03  1.32256218e+01  1.56083348e+03  3.03402950e+01 -5.97967167e+03 -1.11743322e+02 -5.96220388e+03 -2.97912264e+02  1.06729112e+04  5.26703023e+02 
 3.63078055e+07  1.06569014e+04  5.10470299e+02 -6.85108456e+02 -6.26565084e+00  1.56945847e+03  1.27277874e+01  1.56085956e+03  2.94363421e+01 -5.97976489e+03 -1.08308125e+02 -5.96274266e+03 -2.90257115e+02  1.06738745e+04  5.12846308e+02 
 3.71535229e+07  1.06578194e+04  4.96867951e+02 -6.85112095e+02 -6.06492189e+00  1.56946650e+03  1.22366929e+01  1.56088442e+03  2.85479620e+01 -5.97985379e+03 -1.04930244e+02 -5.96325713e+03 -2.82754270e+02  1.06747942e+04  4.99258659e+02 
 3.80189396e+07  1.06586958e+04  4.83526391e+02 -6.85115563e+02 -5.86740505e+00  1.56947414e+03  1.17520784e+01  1.56090814e+03  2.76746860e+01 -5.97993858e+03 -1.01607896e+02 -5.96374837e+03 -2.75399858e+02  1.06756723e+04  4.85933061e+02 
 3.89045145e+07  1.06595325e+04  4.70438722e+02 -6.85118867e+02 -5.67299584e+00  1.56948141e+03  1.12736876e+01  1.56093074e+03  2.68160533e+01 -5.98001942e+03 -9.83393255e+01 -5.96421741e+03 -2.68190079e+02  1.06765106e+04  4.72862626e+02 
 3.98107171e+07  1.06603312e+04  4.57598171e+02 -6.85122013e+02 -5.48159141e+00  1.56948831e+03  1.08012673e+01  1.56095229e+03  2.59716106e+01 -5.98009649e+03 -9.51228061e+01 -5.96466524e+03 -2.61121202e+02  1.06773109e+04  4.60040590e+02 
 4.07380278e+07  1.06610936e+04  4.44998082e+02 -6.85125009e+02 -5.29309048e+00  1.56949486e+03  1.03345675e+01  1.56097283e+03  2.51409121e+01 -5.98016996e+03 -9.19566385e+01 -5.96509282e+03 -2.54189565e+02  1.06780748e+04  4.47460308e+02 
 4.16869383e+07  1.06618213e+04  4.32631921e+02 -6.85127861e+02 -5.10739329e+00  1.56950108e+03  9.87334119e+00  1.56099240e+03  2.43235191e+01 -5.98023998e+03 -8.88391495e+01 -5.96550104e+03 -2.47391574e+02  1.06788040e+04  4.35115256e+02 
 4.26579519e+07  1.06625159e+04  4.20493264e+02 -6.85130575e+02 -4.92440159e+00  1.56950698e+03  9.41734424e+00  1.56101104e+03  2.35189998e+01 -5.98030669e+03 -8.57686913e+01 -5.96589076e+03 -2.40723700e+02  1.06795000e+04  4.22999022e+02 
 4.36515832e+07  1.06631788e+04  4.08575801e+02 -6.85133157e+02 -4.74401850e+00  1.56951257e+03  8.96633525e+00  1.56102880e+03  2.27269293e+01 -5.98037024e+03 -8.27436409e+01 -5.96626281e+03 -2.34182477e+02  1.06801644e+04  4.11105308e+02 
 4.46683592e+07  1.06638115e+04  3.96873331e+02 -6.85135612e+02 -4.56614856e+00  1.56951787e+03  8.52007545e+00  1.56104570e+03  2.19468889e+01 -5.98043077e+03 -7.97623988e+01 -5.96661797e+03 -2.27764504e+02  1.06807984e+04  3.99427925e+02 
 4.57088190e+07  1.06644152e+04  3.85379757e+02 -6.85137945e+02 -4.39069759e+00  1.56952287e+03  8.07832857e+00  1.56106179e+03  2.11784666e+01 -5.98048840e+03 -7.68233887e+01 -5.96695699e+03 -2.21466437e+02  1.06814034e+04  3.87960790e+02 
 4.67735141e+07  1.06649912e+04  3.74089089e+02 -6.85140162e+02 -4.21757272e+00  1.56952761e+03  7.64086070e+00  1.56107711e+03  2.04212559e+01 -5.98054325e+03 -7.39250561e+01 -5.96728059e+03 -2.15284995e+02  1.06819807e+04  3.76697927e+02 
 4.78630092e+07  1.06655408e+04  3.62995434e+02 -6.85142267e+02 -4.04668228e+00  1.56953208e+03  7.20744018e+00  1.56109167e+03  1.96748568e+01 -5.98059544e+03 -7.10658680e+01 -5.96758946e+03 -2.09216955e+02  1.06825316e+04  3.65633459e+02 
 4.89778819e+07  1.06660651e+04  3.52093000e+02 -6.85144264e+02 -3.87793578e+00  1.56953629e+03  6.77783749e+00  1.56110552e+03  1.89388745e+01 -5.98064509e+03 -6.82443119e+01 -5.96788424e+03 -2.03259147e+02  1.06830572e+04  3.54761608e+02 
 5.01187234e+07  1.06665652e+04  3.41376090e+02 -6.85146158e+02 -3.71124387e+00  1.56954026e+03  6.35182511e+00  1.56111868e+03  1.82129197e+01 -5.98069229e+03 -6.54588949e+01 -5.96816555e+03 -1.97408460e+02  1.06835585e+04  3.44076694e+02 
 5.12861384e+07  1.06670422e+04  3.30839098e+02 -6.85147953e+02 -3.54651828e+00  1.56954400e+03  5.92917739e+00  1.56113118e+03  1.74966086e+01 -5.98073715e+03 -6.27081433e+01 -5.96843401e+03 -1.91661835e+02  1.06840368e+04  3.33573128e+02 
 5.24807460e+07  1.06674971e+04  3.20476510e+02 -6.85149652e+02 -3.38367175e+00  1.56954750e+03  5.50967047e+00  1.56114305e+03  1.67895623e+01 -5.98077976e+03 -5.99906013e+01 -5.96869016e+03 -1.86016266e+02  1.06844929e+04  3.23245414e+02 
 5.37031796e+07  1.06679308e+04  3.10282899e+02 -6.85151260e+02 -3.22261804e+00  1.56955078e+03  5.09308214e+00  1.56115432e+03  1.60914066e+01 -5.98082021e+03 -5.73048307e+01 -5.96893455e+03 -1.80468796e+02  1.06849278e+04  3.13088144e+02 
 5.49540874e+07  1.06683443e+04  3.00252924e+02 -6.85152779e+02 -3.06327185e+00  1.56955384e+03  4.67919171e+00  1.56116500e+03  1.54017723e+01 -5.98085859e+03 -5.46494099e+01 -5.96916770e+03 -1.75016521e+02  1.06853425e+04  3.03095995e+02 
 5.62341325e+07  1.06687384e+04  2.90381325e+02 -6.85154213e+02 -2.90554878e+00  1.56955670e+03  4.26777993e+00  1.56117511e+03  1.47202943e+01 -5.98089498e+03 -5.20229332e+01 -5.96939011e+03 -1.69656581e+02  1.06857378e+04  2.93263728e+02 
 5.75439937e+07  1.06691140e+04  2.80662923e+02 -6.85155564e+02 -2.74936526e+00  1.56955935e+03  3.85862884e+00  1.56118469e+03  1.40466120e+01 -5.98092945e+03 -4.94240101e+01 -5.96960224e+03 -1.64386165e+02  1.06861147e+04  2.83586186e+02 
 5.88843655e+07  1.06694719e+04  2.71092617e+02 -6.85156837e+02 -2.59463856e+00  1.56956181e+03  3.45152167e+00  1.56119375e+03  1.33803689e+01 -5.98096209e+03 -4.68512648e+01 -5.96980454e+03 -1.59202509e+02  1.06864737e+04  2.74058288e+02 
 6.02559586e+07  1.06698128e+04  2.61665380e+02 -6.85158032e+02 -2.44128672e+00  1.56956407e+03  3.04624271e+00  1.56120231e+03  1.27212123e+01 -5.98099295e+03 -4.43033348e+01 -5.96999744e+03 -1.54102890e+02  1.06868158e+04  2.64675030e+02 
 6.16595002e+07  1.06701375e+04  2.52376259e+02 -6.85159154e+02 -2.28922848e+00  1.56956615e+03  2.64257724e+00  1.56121039e+03  1.20687933e+01 -5.98102211e+03 -4.17788710e+01 -5.97018135e+03 -1.49084629e+02  1.06871417e+04  2.55431482e+02 
 6.30957344e+07  1.06704466e+04  2.43220369e+02 -6.85160204e+02 -2.13838328e+00  1.56956804e+03  2.24031137e+00  1.56121800e+03  1.14227665e+01 -5.98104963e+03 -3.92765366e+01 -5.97035666e+03 -1.44145088e+02  1.06874520e+04  2.46322785e+02 
 6.45654229e+07  1.06707407e+04  2.34192895e+02 -6.85161185e+02 -1.98867120e+00  1.56956976e+03  1.83923194e+00  1.56122517e+03  1.07827899e+01 -5.98107555e+03 -3.67950062e+01 -5.97052373e+03 -1.39281672e+02  1.06877474e+04  2.37344149e+02 
 6.60693448e+07  1.06710206e+04  2.25289088e+02 -6.85162098e+02 -1.84001291e+00  1.56957130e+03  1.43912642e+00  1.56123190e+03  1.01485245e+01 -5.98109995e+03 -3.43329656e+01 -5.97068293e+03 -1.34491820e+02  1.06880285e+04  2.28490848e+02 
 6.76082975e+07  1.06712868e+04  2.16504260e+02 -6.85162946e+02 -1.69232964e+00  1.56957266e+03  1.03978280e+00  1.56123821e+03  9.51963459e+00 -5.98112287e+03 -3.18891106e+01 -5.97083458e+03 -1.29773013e+02  1.06882960e+04  2.19758223e+02 
 6.91830971e+07  1.06715399e+04  2.07833785e+02 -6.85163730e+02 -1.54554314e+00  1.56957386e+03  6.40989452e-01  1.56124412e+03  8.89578704e+00 -5.98114436e+03 -2.94621467e+01 -5.97097902e+03 -1.25122766e+02  1.06885503e+04  2.11141676e+02 
 7.07945784e+07  1.06717804e+04  1.99273096e+02 -6.85164452e+02 -1.39957562e+00  1.56957490e+03  2.42535039e-01  1.56124963e+03  8.27665148e+00 -5.98116446e+03 -2.70507883e+01 -5.97111654e+03 -1.20538631e+02  1.06887921e+04  2.02636667e+02 
 7.24435960e+07  1.06720087e+04  1.90817681e+02 -6.85165114e+02 -1.25434973e+00  1.56957577e+03 -1.55791597e-01  1.56125476e+03  7.66190001e+00 -5.98118322e+03 -2.46537579e+01 -5.97124744e+03 -1.16018191e+02  1.06890218e+04  1.94238715e+02 
 7.41310241e+07  1.06722255e+04  1.82463083e+02 -6.85165716e+02 -1.10978850e+00  1.56957647e+03 -5.54201552e-01  1.56125952e+03  7.05120702e+00 -5.98120068e+03 -2.22697855e+01 -5.97137199e+03 -1.11559065e+02  1.06892399e+04  1.85943393e+02 
 7.58577575e+07  1.06724312e+04  1.74204896e+02 -6.85166261e+02 -9.65815341e-01  1.56957702e+03 -9.52905970e-01  1.56126393e+03  6.44424904e+00 -5.98121687e+03 -1.98976081e+01 -5.97149046e+03 -1.07158901e+02  1.06894469e+04  1.77746327e+02 
 7.76247117e+07  1.06726261e+04  1.66038764e+02 -6.85166750e+02 -8.22353935e-01  1.56957741e+03 -1.35211615e+00  1.56126798e+03  5.84070454e+00 -5.98123184e+03 -1.75359689e+01 -5.97160310e+03 -1.02815380e+02  1.06896432e+04  1.69643193e+02 
 7.94328235e+07  1.06728107e+04  1.57960378e+02 -6.85167182e+02 -6.79328259e-01  1.56957763e+03 -1.75204367e+00  1.56127168e+03  5.24025381e+00 -5.98124560e+03 -1.51836164e+01 -5.97171015e+03 -9.85262091e+01  1.06898293e+04  1.61629715e+02 
 8.12830516e+07  1.06729854e+04  1.49965476e+02 -6.85167560e+02 -5.36662510e-01  1.56957770e+03 -2.15290049e+00  1.56127505e+03  4.64257876e+00 -5.98125819e+03 -1.28393042e+01 -5.97181183e+03 -9.42891262e+01  1.06900055e+04  1.53701666e+02 
 8.31763771e+07  1.06731506e+04  1.42049835e+02 -6.85167884e+02 -3.94281079e-01  1.56957761e+03 -2.55489904e+00  1.56127810e+03  4.04736276e+00 -5.98126964e+03 -1.05017901e+01 -5.97190837e+03 -9.01018947e+01  1.06901722e+04  1.45854858e+02 
 8.51138038e+07  1.06733066e+04  1.34209277e+02 -6.85168155e+02 -2.52108503e-01  1.56957736e+03 -2.95825240e+00  1.56128082e+03  3.45429046e+00 -5.98127997e+03 -8.16983526e+00 -5.97199995e+03 -8.59623038e+01  1.06903297e+04  1.38085150e+02 
 8.70963590e+07  1.06734538e+04  1.26439661e+02 -6.85168374e+02 -1.10069432e-01  1.56957696e+03 -3.36317433e+00  1.56128323e+03  2.86304765e+00 -5.98128921e+03 -5.84220396e+00 -5.97208679e+03 -8.18681676e+01  1.06904785e+04  1.30388437e+02 
 8.91250938e+07  1.06735924e+04  1.18736881e+02 -6.85168540e+02  3.19114171e-02  1.56957639e+03 -3.76987945e+00  1.56128533e+03  2.27332106e+00 -5.98129736e+03 -3.51766264e+00 -5.97216906e+03 -7.78173236e+01  1.06906187e+04  1.22760655e+02 
 9.12010839e+07  1.06737227e+04  1.11096868e+02 -6.85168655e+02  1.73909294e-01  1.56957566e+03 -4.17858330e+00  1.56128712e+03  1.68479824e+00 -5.98130446e+03 -1.19497935e+00 -5.97224693e+03 -7.38076317e+01  1.06907508e+04  1.15197771e+02 
 9.33254301e+07  1.06738451e+04  1.03515584e+02 -6.85168718e+02  3.15999461e-01  1.56957477e+03 -4.58950250e+00  1.56128861e+03  1.09716736e+00 -5.98131051e+03  1.12707689e+00 -5.97232057e+03 -6.98369733e+01  1.06908750e+04  1.07695791e+02 
 9.54992586e+07  1.06739598e+04  9.59890218e+01 -6.85168729e+02  4.58257227e-01  1.56957372e+03 -5.00285483e+00  1.56128980e+03  5.10117058e-01 -5.98131552e+03  3.44973678e+00 -5.97239015e+03 -6.59032497e+01  1.06909915e+04  1.00250747e+02 
 9.77237221e+07  1.06740670e+04  8.85132021e+01 -6.85168689e+02  6.00757993e-01  1.56957250e+03 -5.41885938e+00  1.56129070e+03 -7.66637330e-02 -5.98131952e+03  5.77423136e+00 -5.97245579e+03 -6.20043816e+01  1.06911006e+04  9.28587052e+01 
 1.00000000e+08  1.06741669e+04  8.10841719e+01 -6.85168598e+02  7.43577285e-01  1.56957111e+03 -5.83773661e+00  1.56129130e+03 -6.63485934e-01 -5.98132250e+03  8.10179267e+00 -5.97251766e+03 -5.81383076e+01  1.06912025e+04  8.55157560e+01 
 1.02329299e+08  1.06742599e+04  7.36980026e+01 -6.85168455e+02  8.86790802e-01  1.56956955e+03 -6.25970852e+00  1.56129161e+03 -1.25066049e+00 -5.98132448e+03  1.04336544e+01 -5.97257586e+03 -5.43029834e+01  1.06912974e+04  7.82180164e+01 
 1.04712855e+08  1.06743460e+04  6.63507872e+01 -6.85168260e+02  1.03047445e+00  1.56956781e+03 -6.68499877e+00  1.56129162e+03 -1.83849855e+00 -5.98132545e+03  1.27710525e+01 -5.97263054e+03 -5.04963805e+01  1.06913856e+04  7.09616265e+01 
 1.07151931e+08  1.06744254e+04  5.90386393e+01 -6.85168013e+02  1.17470438e+00  1.56956589e+03 -7.11383273e+00  1.56129135e+03 -2.42731160e+00 -5.98132542e+03  1.51152260e+01 -5.97268180e+03 -4.67164855e+01  1.06914673e+04  6.37427477e+01 
 1.09647820e+08  1.06744984e+04  5.17576900e+01 -6.85167713e+02  1.31955704e+00  1.56956379e+03 -7.54643769e+00  1.56129078e+03 -3.01741164e+00 -5.98132439e+03  1.74674175e+01 -5.97272975e+03 -4.29612987e+01  1.06915425e+04  5.65575610e+01 
 1.12201845e+08  1.06745650e+04  4.45040870e+01 -6.85167359e+02  1.46510921e+00  1.56956150e+03 -7.98304290e+00  1.56128991e+03 -3.60911138e+00 -5.98132236e+03  1.98288736e+01 -5.97277450e+03 -3.92288333e+01  1.06916115e+04  4.94022644e+01 
 1.14815362e+08  1.06746254e+04  3.72739917e+01 -6.85166951e+02  1.61143802e+00  1.56955902e+03 -8.42387974e+00  1.56128875e+03 -4.20272434e+00 -5.98131932e+03  2.22008463e+01 -5.97281614e+03 -3.55171141e+01  1.06916744e+04  4.22730715e+01 
 1.17489755e+08  1.06746798e+04  3.00635776e+01 -6.85166488e+02  1.75862104e+00  1.56955634e+03 -8.86918185e+00  1.56128729e+03 -4.79856509e+00 -5.98131527e+03  2.45845929e+01 -5.97285475e+03 -3.18241768e+01  1.06917314e+04  3.51662093e+01 
 1.20226443e+08  1.06747282e+04  2.28690283e+01 -6.85165968e+02  1.90673626e+00  1.56955346e+03 -9.31918519e+00  1.56128553e+03 -5.39694935e+00 -5.98131019e+03  2.69813769e+01 -5.97289043e+03 -2.81480669e+01  1.06917825e+04  2.80779162e+01 
 1.23026877e+08  1.06747708e+04  1.56865354e+01 -6.85165392e+02  2.05586220e+00  1.56955037e+03 -9.77412824e+00  1.56128347e+03 -5.99819420e+00 -5.98130408e+03  2.93924688e+01 -5.97292324e+03 -2.44868384e+01  1.06918279e+04  2.10044401e+01 
 1.25892541e+08  1.06748076e+04  8.51229657e+00 -6.85164757e+02  2.20607788e+00  1.56954706e+03 -1.02342521e+01  1.56128109e+03 -6.60261822e+00 -5.98129693e+03  3.18191469e+01 -5.97295325e+03 -2.08385530e+01  1.06918677e+04  1.39420363e+01 
 1.28824955e+08  1.06748388e+04  1.34251356e+00 -6.85164062e+02  2.35746291e+00  1.56954353e+03 -1.06998005e+01  1.56127840e+03 -7.21054169e+00 -5.98128871e+03  3.42626975e+01 -5.97298054e+03 -1.72012793e+01  1.06919019e+04  6.88696595e+00 
 1.31825674e+08  1.06748644e+04 -5.82660978e+00 -6.85163306e+02  2.51009753e+00  1.56953977e+03 -1.11710203e+01  1.56127539e+03 -7.82228673e+00 -5.98127942e+03  3.67244160e+01 -5.97300514e+03 -1.35730913e+01  1.06919306e+04 -1.64506471e-01 
 1.34896288e+08  1.06748844e+04 -1.29988695e+01 -6.85162487e+02  2.66406263e+00  1.56953577e+03 -1.16481610e+01  1.56127205e+03 -8.43817745e+00 -5.98126902e+03  3.92056073e+01 -5.97302713e+03 -9.95206774e+00  1.06919539e+04 -7.21611470e+00 
 1.38038426e+08  1.06748988e+04 -2.01780635e+01 -6.85161604e+02  2.81943980e+00  1.56953152e+03 -1.21314755e+01  1.56126838e+03 -9.05854021e+00 -5.98125751e+03  4.17075868e+01 -5.97304655e+03 -6.33629108e+00  1.06919719e+04 -1.42715928e+01 
 1.41253754e+08  1.06749079e+04 -2.73679937e+01 -6.85160653e+02  2.97631137e+00  1.56952702e+03 -1.26212199e+01  1.56126437e+03 -9.68370367e+00 -5.98124485e+03  4.42316807e+01 -5.97306342e+03 -2.72384634e+00  1.06919845e+04 -2.13346771e+01 
 1.44543977e+08  1.06749114e+04 -3.45724677e+01 -6.85159635e+02  3.13476049e+00  1.56952225e+03 -1.31176536e+01  1.56126001e+03 -1.03139991e+01 -5.98123102e+03  4.67792273e+01 -5.97307780e+03  8.87179808e-01  1.06919918e+04 -2.84091082e+01 
 1.47910839e+08  1.06749095e+04 -4.17953011e+01 -6.85158546e+02  3.29487110e+00  1.56951720e+03 -1.36210397e+01  1.56125528e+03 -1.09497603e+01 -5.98121598e+03  4.93515769e+01 -5.97308972e+03  4.49870006e+00  1.06919939e+04 -3.54986328e+01 
 1.51356125e+08  1.06749021e+04 -4.90403193e+01 -6.85157383e+02  3.45672807e+00  1.56951187e+03 -1.41316449e+01  1.56125019e+03 -1.15913242e+01 -5.98119972e+03  5.19500933e+01 -5.97309919e+03  8.11262748e+00  1.06919906e+04 -4.26070058e+01 
 1.54881662e+08  1.06748893e+04 -5.63113596e+01 -6.85156146e+02  3.62041714e+00  1.56950624e+03 -1.46497396e+01  1.56124472e+03 -1.22390307e+01 -5.98118219e+03  5.45761540e+01 -5.97310624e+03  1.17308765e+01  1.06919821e+04 -4.97379921e+01 
 1.58489319e+08  1.06748709e+04 -6.36122733e+01 -6.85154830e+02  3.78602507e+00  1.56950030e+03 -1.51755982e+01  1.56123885e+03 -1.28932229e+01 -5.98116335e+03  5.72311511e+01 -5.97311088e+03  1.53553640e+01  1.06919683e+04 -5.68953689e+01 
 1.62181010e+08  1.06748470e+04 -7.09469274e+01 -6.85153434e+02  3.95363958e+00  1.56949404e+03 -1.57094995e+01  1.56123258e+03 -1.35542473e+01 -5.98114317e+03  5.99164921e+01 -5.97311312e+03  1.89880102e+01  1.06919491e+04 -6.40829274e+01 
 1.65958691e+08  1.06748176e+04 -7.83192070e+01 -6.85151953e+02  4.12334949e+00  1.56948744e+03 -1.62517260e+01  1.56122590e+03 -1.42224540e+01 -5.98112160e+03  6.26336005e+01 -5.97311297e+03  2.26307398e+01  1.06919246e+04 -7.13044748e+01 
 1.69824365e+08  1.06747824e+04 -8.57330172e+01 -6.85150386e+02  4.29524471e+00  1.56948050e+03 -1.68025651e+01  1.56121878e+03 -1.48981970e+01 -5.98109859e+03  6.53839168e+01 -5.97311043e+03  2.62854827e+01  1.06918946e+04 -7.85638364e+01 
 1.73780083e+08  1.06747416e+04 -9.31922851e+01 -6.85148728e+02  4.46941632e+00  1.56947319e+03 -1.73623085e+01  1.56121121e+03 -1.55818343e+01 -5.98107411e+03  6.81688990e+01 -5.97310548e+03  2.99541755e+01  1.06918591e+04 -8.58648577e+01 
 1.77827941e+08  1.06746949e+04 -1.00700962e+02 -6.85146977e+02  4.64595658e+00  1.56946549e+03 -1.79312526e+01  1.56120319e+03 -1.62737278e+01 -5.98104809e+03  7.09900234e+01 -5.97309813e+03  3.36387622e+01  1.06918181e+04 -9.32114061e+01 
 1.81970086e+08  1.06746423e+04 -1.08263025e+02 -6.85145128e+02  4.82495901e+00  1.56945741e+03 -1.85096987e+01  1.56119468e+03 -1.69742439e+01 -5.98102048e+03  7.38487856e+01 -5.97308836e+03  3.73411952e+01  1.06917714e+04 -1.00607373e+02 
 1.86208714e+08  1.06745837e+04 -1.15882480e+02 -6.85143177e+02  5.00651843e+00  1.56944891e+03 -1.90979531e+01  1.56118567e+03 -1.76837537e+01 -5.98099122e+03  7.67467010e+01 -5.97307613e+03  4.10634365e+01  1.06917189e+04 -1.08056677e+02 
 1.90546072e+08  1.06745190e+04 -1.23563363e+02 -6.85141121e+02  5.19073102e+00  1.56943997e+03 -1.96963274e+01  1.56117615e+03 -1.84026329e+01 -5.98096025e+03  7.96853058e+01 -5.97306144e+03  4.48074585e+01  1.06916606e+04 -1.15563264e+02 
 1.94984460e+08  1.06744479e+04 -1.31309743e+02 -6.85138956e+02  5.37769434e+00  1.56943059e+03 -2.03051382e+01  1.56116609e+03 -1.91312620e+01 -5.98092751e+03  8.26661580e+01 -5.97304424e+03  4.85752454e+01  1.06915963e+04 -1.23131110e+02 
 1.99526231e+08  1.06743704e+04 -1.39125722e+02 -6.85136675e+02  5.56750742e+00  1.56942074e+03 -2.09247079e+01  1.56115547e+03 -1.98700269e+01 -5.98089292e+03  8.56908375e+01 -5.97302451e+03  5.23687939e+01  1.06915259e+04 -1.30764224e+02 
 2.04173794e+08  1.06742863e+04 -1.47015441e+02 -6.85134276e+02  5.76027079e+00  1.56941040e+03 -2.15553645e+01  1.56114427e+03 -2.06193187e+01 -5.98085642e+03  8.87609478e+01 -5.97300219e+03  5.61901143e+01  1.06914492e+04 -1.38466650e+02 
 2.08929613e+08  1.06741955e+04 -1.54983078e+02 -6.85131751e+02  5.95608652e+00  1.56939954e+03 -2.21974419e+01  1.56113246e+03 -2.13795340e+01 -5.98081791e+03  9.18781164e+01 -5.97297725e+03  6.00412320e+01  1.06913661e+04 -1.46242467e+02 
 2.13796209e+08  1.06740976e+04 -1.63032855e+02 -6.85129097e+02  6.15505830e+00  1.56938815e+03 -2.28512798e+01  1.56112003e+03 -2.21510751e+01 -5.98077733e+03  9.50439957e+01 -5.97294962e+03  6.39241877e+01  1.06912764e+04 -1.54095794e+02 
 2.18776162e+08  1.06739926e+04 -1.71169033e+02 -6.85126308e+02  6.35729150e+00  1.56937619e+03 -2.35172244e+01  1.56110694e+03 -2.29343506e+01 -5.98073459e+03  9.82602638e+01 -5.97291925e+03  6.78410396e+01  1.06911798e+04 -1.62030791e+02 
 2.23872114e+08  1.06738801e+04 -1.79395923e+02 -6.85123377e+02  6.56289319e+00  1.56936366e+03 -2.41956280e+01  1.56109316e+03 -2.37297748e+01 -5.98068959e+03  1.01528626e+02 -5.97288608e+03  7.17938633e+01  1.06910762e+04 -1.70051661e+02 
 2.29086765e+08  1.06737601e+04 -1.87717882e+02 -6.85120299e+02  6.77197222e+00  1.56935051e+03 -2.48868496e+01  1.56107867e+03 -2.45377687e+01 -5.98064224e+03  1.04850814e+02 -5.97285003e+03  7.57847538e+01  1.06909655e+04 -1.78162653e+02 
 2.34422882e+08  1.06736321e+04 -1.96139316e+02 -6.85117067e+02  6.98463927e+00  1.56933671e+03 -2.55912549e+01  1.56106344e+03 -2.53587599e+01 -5.98059244e+03  1.08228589e+02 -5.97281103e+03  7.98158264e+01  1.06908472e+04 -1.86368061e+02 
 2.39883292e+08  1.06734960e+04 -2.04664685e+02 -6.85113673e+02  7.20100692e+00  1.56932226e+03 -2.63092165e+01  1.56104743e+03 -2.61931826e+01 -5.98054009e+03  1.11663742e+02 -5.97276900e+03  8.38892174e+01  1.06907212e+04 -1.94672231e+02 
 2.45470892e+08  1.06733514e+04 -2.13298504e+02 -6.85110112e+02  7.42118968e+00  1.56930710e+03 -2.70411143e+01  1.56103061e+03 -2.70414783e+01 -5.98048507e+03  1.15158094e+02 -5.97272384e+03  8.80070857e+01  1.06905873e+04 -2.03079563e+02 
 2.51188643e+08  1.06731980e+04 -2.22045344e+02 -6.85106375e+02  7.64530409e+00  1.56929120e+03 -2.77873353e+01  1.56101294e+03 -2.79040956e+01 -5.98042726e+03  1.18713496e+02 -5.97267547e+03  9.21716138e+01  1.06904451e+04 -2.11594506e+02 
 2.57039578e+08  1.06730355e+04 -2.30909837e+02 -6.85102454e+02  7.87346875e+00  1.56927455e+03 -2.85482742e+01  1.56099440e+03 -2.87814908e+01 -5.98036654e+03  1.22331834e+02 -5.97262377e+03  9.63850087e+01  1.06902943e+04 -2.20221572e+02 
 2.63026799e+08  1.06728636e+04 -2.39896676e+02 -6.85098342e+02  8.10580440e+00  1.56925709e+03 -2.93243334e+01  1.56097493e+03 -2.96741279e+01 -5.98030280e+03  1.26015025e+02 -5.97256864e+03  1.00649504e+02  1.06901346e+04 -2.28965326e+02 
 2.69153480e+08  1.06726820e+04 -2.49010618e+02 -6.85094028e+02  8.34243395e+00  1.56923879e+03 -3.01159230e+01  1.56095449e+03 -3.05824787e+01 -5.98023588e+03  1.29765021e+02 -5.97250996e+03  1.04967359e+02  1.06899658e+04 -2.37830401e+02 
 2.75422870e+08  1.06724901e+04 -2.58256488e+02 -6.85089506e+02  8.58348259e+00  1.56921962e+03 -3.09234617e+01  1.56093305e+03 -3.15070235e+01 -5.98016564e+03  1.33583809e+02 -5.97244761e+03  1.09340862e+02  1.06897873e+04 -2.46821487e+02 
 2.81838293e+08  1.06722876e+04 -2.67639181e+02 -6.85084763e+02  8.82907783e+00  1.56919953e+03 -3.17473761e+01  1.56091055e+03 -3.24482509e+01 -5.98009195e+03  1.37473415e+02 -5.97238145e+03  1.13772333e+02  1.06895988e+04 -2.55943347e+02 
 2.88403150e+08  1.06720741e+04 -2.77163662e+02 -6.85079791e+02  9.07934956e+00  1.56917848e+03 -3.25881017e+01  1.56088696e+03 -3.34066584e+01 -5.98001463e+03  1.41435899e+02 -5.97231135e+03  1.18264118e+02  1.06894000e+04 -2.65200808e+02 
 2.95120923e+08  1.06718492e+04 -2.86834972e+02 -6.85074580e+02  9.33443014e+00  1.56915642e+03 -3.34460827e+01  1.56086221e+03 -3.43827523e+01 -5.97993354e+03  1.45473362e+02 -5.97223715e+03  1.22818598e+02  1.06891904e+04 -2.74598770e+02 
 3.01995172e+08  1.06716122e+04 -2.96658229e+02 -6.85069117e+02  9.59445445e+00  1.56913332e+03 -3.43217724e+01  1.56083626e+03 -3.53770484e+01 -5.97984848e+03  1.49587943e+02 -5.97215870e+03  1.27438188e+02  1.06889696e+04 -2.84142209e+02 
 3.09029543e+08  1.06713629e+04 -3.06638632e+02 -6.85063392e+02  9.85955996e+00  1.56910911e+03 -3.52156332e+01  1.56080906e+03 -3.63900717e+01 -5.97975930e+03  1.53781823e+02 -5.97207583e+03  1.32125335e+02  1.06887371e+04 -2.93836174e+02 
 3.16227766e+08  1.06711005e+04 -3.16781460e+02 -6.85057392e+02  1.01298868e+01  1.56908375e+03 -3.61281372e+01  1.56078054e+03 -3.74223572e+01 -5.97966578e+03  1.58057224e+02 -5.97198836e+03  1.36882523e+02  1.06884924e+04 -3.03685795e+02 
 3.23593657e+08  1.06708246e+04 -3.27092080e+02 -6.85051105e+02  1.04055779e+01  1.56905719e+03 -3.70597662e+01  1.56075064e+03 -3.84744500e+01 -5.97956775e+03  1.62416412e+02 -5.97189611e+03  1.41712274e+02  1.06882350e+04 -3.13696285e+02 
 3.31131121e+08  1.06705346e+04 -3.37575945e+02 -6.85044516e+02  1.06867788e+01  1.56902936e+03 -3.80110119e+01  1.56071930e+03 -3.95469055e+01 -5.97946498e+03  1.66861698e+02 -5.97179889e+03  1.46617147e+02  1.06879643e+04 -3.23872939e+02 
 3.38844156e+08  1.06702298e+04 -3.48238601e+02 -6.85037614e+02  1.09736383e+01  1.56900022e+03 -3.89823764e+01  1.56068646e+03 -4.06402895e+01 -5.97935727e+03  1.71395436e+02 -5.97169648e+03  1.51599740e+02  1.06876798e+04 -3.34221142e+02 
 3.46736850e+08  1.06699097e+04 -3.59085686e+02 -6.85030381e+02  1.12663077e+01  1.56896969e+03 -3.99743721e+01  1.56065204e+03 -4.17551789e+01 -5.97924437e+03  1.76020029e+02 -5.97158867e+03  1.56662695e+02  1.06873808e+04 -3.44746366e+02 
 3.54813389e+08  1.06695735e+04 -3.70122937e+02 -6.85022805e+02  1.15649418e+01  1.56893771e+03 -4.09875224e+01  1.56061598e+03 -4.28921619e+01 -5.97912606e+03  1.80737929e+02 -5.97147524e+03  1.61808694e+02  1.06870668e+04 -3.55454180e+02 
 3.63078055e+08  1.06692205e+04 -3.81356188e+02 -6.85014867e+02  1.18696982e+01  1.56890422e+03 -4.20223615e+01  1.56057818e+03 -4.40518381e+01 -5.97900208e+03  1.85551633e+02 -5.97135593e+03  1.67040463e+02  1.06867371e+04 -3.66350245e+02 
 3.71535229e+08  1.06688499e+04 -3.92791378e+02 -6.85006552e+02  1.21807377e+01  1.56886915e+03 -4.30794350e+01  1.56053859e+03 -4.52348187e+01 -5.97887216e+03  1.90463694e+02 -5.97123050e+03  1.72360775e+02  1.06863909e+04 -3.77440323e+02 
 3.80189396e+08  1.06684611e+04 -4.04434550e+02 -6.84997842e+02  1.24982247e+01  1.56883241e+03 -4.41593001e+01  1.56049711e+03 -4.64417273e+01 -5.97873604e+03  1.95476714e+02 -5.97109868e+03  1.77772449e+02  1.06860275e+04 -3.88730277e+02 
 3.89045145e+08  1.06680531e+04 -4.16291858e+02 -6.84988718e+02  1.28223265e+01  1.56879393e+03 -4.52625258e+01  1.56045365e+03 -4.76731998e+01 -5.97859342e+03  2.00593348e+02 -5.97096018e+03  1.83278353e+02  1.06856462e+04 -4.00226076e+02 
 3.98107171e+08  1.06676251e+04 -4.28369567e+02 -6.84979161e+02  1.31532143e+01  1.56875364e+03 -4.63896932e+01  1.56040812e+03 -4.89298848e+01 -5.97844400e+03  2.05816308e+02 -5.97081473e+03  1.88881402e+02  1.06852462e+04 -4.11933794e+02 
 4.07380278e+08  1.06671762e+04 -4.40674057e+02 -6.84969151e+02  1.34910626e+01  1.56871144e+03 -4.75413959e+01  1.56036042e+03 -5.02124441e+01 -5.97828746e+03  2.11148361e+02 -5.97066200e+03  1.94584566e+02  1.06848265e+04 -4.23859619e+02 
 4.16869383e+08  1.06667054e+04 -4.53211827e+02 -6.84958667e+02  1.38360495e+01  1.56866725e+03 -4.87182401e+01  1.56031046e+03 -5.15215526e+01 -5.97812347e+03  2.16592330e+02 -5.97050167e+03  2.00390866e+02  1.06843864e+04 -4.36009852e+02 
 4.26579519e+08  1.06662117e+04 -4.65989497e+02 -6.84947686e+02  1.41883569e+01  1.56862097e+03 -4.99208452e+01  1.56025813e+03 -5.28578993e+01 -5.97795168e+03  2.22151100e+02 -5.97033340e+03  2.06303378e+02  1.06839248e+04 -4.48390911e+02 
 4.36515832e+08  1.06656941e+04 -4.79013814e+02 -6.84936185e+02  1.45481705e+01  1.56857250e+03 -5.11498437e+01  1.56020332e+03 -5.42221871e+01 -5.97777173e+03  2.27827616e+02 -5.97015684e+03  2.12325233e+02  1.06834408e+04 -4.61009336e+02 
 4.46683592e+08  1.06651516e+04 -4.92291653e+02 -6.84924140e+02  1.49156799e+01  1.56852175e+03 -5.24058819e+01  1.56014591e+03 -5.56151331e+01 -5.97758323e+03  2.33624884e+02 -5.96997161e+03  2.18459622e+02  1.06829334e+04 -4.73871789e+02 
 4.57088190e+08  1.06645828e+04 -5.05830021e+02 -6.84911526e+02  1.52910786e+01  1.56846860e+03 -5.36896201e+01  1.56008577e+03 -5.70374694e+01 -5.97738578e+03  2.39545974e+02 -5.96977731e+03  2.24709794e+02  1.06824015e+04 -4.86985062e+02 
 4.67735141e+08  1.06639867e+04 -5.19636060e+02 -6.84898315e+02  1.56745644e+01  1.56841294e+03 -5.50017326e+01  1.56002279e+03 -5.84899433e+01 -5.97717897e+03  2.45594024e+02 -5.96957353e+03  2.31079060e+02  1.06818439e+04 -5.00356075e+02 
 4.78630092e+08  1.06633619e+04 -5.33717053e+02 -6.84884479e+02  1.60663391e+01  1.56835466e+03 -5.63429087e+01  1.55995683e+03 -5.99733173e+01 -5.97696235e+03  2.51772235e+02 -5.96935984e+03  2.37570791e+02  1.06812595e+04 -5.13991885e+02 
 4.89778819e+08  1.06627072e+04 -5.48080426e+02 -6.84869990e+02  1.64666088e+01  1.56829362e+03 -5.77138522e+01  1.55988775e+03 -6.14883700e+01 -5.97673547e+03  2.58083879e+02 -5.96913579e+03  2.44188428e+02  1.06806471e+04 -5.27899686e+02 
 5.01187234e+08  1.06620211e+04 -5.62733749e+02 -6.84854817e+02  1.68755842e+01  1.56822971e+03 -5.91152826e+01  1.55981540e+03 -6.30358961e+01 -5.97649784e+03  2.64532299e+02 -5.96890090e+03  2.50935473e+02  1.06800053e+04 -5.42086813e+02 
 5.12861384e+08  1.06613022e+04 -5.77684747e+02 -6.84838927e+02  1.72934801e+01  1.56816278e+03 -6.05479347e+01  1.55973964e+03 -6.46167069e+01 -5.97624895e+03  2.71120909e+02 -5.96865466e+03  2.57815500e+02  1.06793327e+04 -5.56560747e+02 
 5.24807460e+08  1.06605489e+04 -5.92941296e+02 -6.84822287e+02  1.77205164e+01  1.56809270e+03 -6.20125594e+01  1.55966029e+03 -6.62316307e+01 -5.97598828e+03  2.77853197e+02 -5.96839656e+03  2.64832151e+02  1.06786280e+04 -5.71329119e+02 
 5.37031796e+08  1.06597597e+04 -6.08511433e+02 -6.84804861e+02  1.81569173e+01  1.56801932e+03 -6.35099239e+01  1.55957719e+03 -6.78815133e+01 -5.97571527e+03  2.84732728e+02 -5.96812605e+03  2.71989143e+02  1.06778897e+04 -5.86399711e+02 
 5.49540874e+08  1.06589329e+04 -6.24403354e+02 -6.84786614e+02  1.86029120e+01  1.56794247e+03 -6.50408122e+01  1.55949017e+03 -6.95672181e+01 -5.97542934e+03  2.91763144e+02 -5.96784255e+03  2.79290262e+02  1.06771161e+04 -6.01780464e+02 
 5.62341325e+08  1.06580667e+04 -6.40625426e+02 -6.84767506e+02  1.90587347e+01  1.56786201e+03 -6.66060253e+01  1.55939905e+03 -7.12896268e+01 -5.97512989e+03  2.98948166e+02 -5.96754545e+03  2.86739375e+02  1.06763057e+04 -6.17479477e+02 
 5.75439937e+08  1.06571594e+04 -6.57186183e+02 -6.84747496e+02  1.95246243e+01  1.56777775e+03 -6.82063815e+01  1.55930362e+03 -7.30496396e+01 -5.97481627e+03  3.06291597e+02 -5.96723414e+03  2.94340426e+02  1.06754567e+04 -6.33505017e+02 
 5.88843655e+08  1.06562088e+04 -6.74094335e+02 -6.84726543e+02  2.00008253e+01  1.56768952e+03 -6.98427170e+01  1.55920369e+03 -7.48481760e+01 -5.97448782e+03  3.13797323e+02 -5.96690793e+03  3.02097435e+02  1.06745673e+04 -6.49865518e+02 
 6.02559586e+08  1.06552131e+04 -6.91358772e+02 -6.84704602e+02  2.04875872e+01  1.56759713e+03 -7.15158864e+01  1.55909904e+03 -7.66861744e+01 -5.97414385e+03  3.21469318e+02 -5.96656615e+03  3.10014510e+02  1.06736356e+04 -6.66569589e+02 
 6.16595002e+08  1.06541702e+04 -7.08988567e+02 -6.84681627e+02  2.09851650e+01  1.56750040e+03 -7.32267625e+01  1.55898946e+03 -7.85645937e+01 -5.97378361e+03  3.29311640e+02 -5.96620806e+03  3.18095840e+02  1.06726596e+04 -6.83626012e+02 
 6.30957344e+08  1.06530778e+04 -7.26992979e+02 -6.84657569e+02  2.14938191e+01  1.56739910e+03 -7.49762374e+01  1.55887472e+03 -8.04844125e+01 -5.97340634e+03  3.37328439e+02 -5.96583290e+03  3.26345701e+02  1.06716373e+04 -7.01043757e+02 
 6.45654229e+08  1.06519335e+04 -7.45381463e+02 -6.84632377e+02  2.20138157e+01  1.56729304e+03 -7.67652225e+01  1.55875456e+03 -8.24466306e+01 -5.97301124e+03  3.45523957e+02 -5.96543987e+03  3.34768458e+02  1.06705666e+04 -7.18831974e+02 
 6.60693448e+08  1.06507350e+04 -7.64163669e+02 -6.84605998e+02  2.25454265e+01  1.56718198e+03 -7.85946490e+01  1.55862874e+03 -8.44522686e+01 -5.97259747e+03  3.53902528e+02 -5.96502813e+03  3.43368567e+02  1.06694450e+04 -7.37000008e+02 
 6.76082975e+08  1.06494797e+04 -7.83349447e+02 -6.84578377e+02  2.30889294e+01  1.56706570e+03 -8.04654681e+01  1.55849700e+03 -8.65023690e+01 -5.97216415e+03  3.62468584e+02 -5.96459682e+03  3.52150576e+02  1.06682703e+04 -7.55557397e+02 
 6.91830971e+08  1.06481650e+04 -8.02948856e+02 -6.84549455e+02  2.36446081e+01  1.56694394e+03 -8.23786520e+01  1.55835904e+03 -8.85979962e+01 -5.97171034e+03  3.71226656e+02 -5.96414500e+03  3.61119131e+02  1.06670399e+04 -7.74513878e+02 
 7.07945784e+08  1.06467880e+04 -8.22972165e+02 -6.84519170e+02  2.42127525e+01  1.56681644e+03 -8.43351936e+01  1.55821459e+03 -9.07402373e+01 -5.97123510e+03  3.80181375e+02 -5.96367172e+03  3.70278975e+02  1.06657513e+04 -7.93879395e+02 
 7.24435960e+08  1.06453459e+04 -8.43429859e+02 -6.84487459e+02  2.47936588e+01  1.56668295e+03 -8.63361074e+01  1.55806334e+03 -9.29302022e+01 -5.97073740e+03  3.89337475e+02 -5.96317596e+03  3.79634951e+02  1.06644016e+04 -8.13664097e+02 
 7.41310241e+08  1.06438355e+04 -8.64332643e+02 -6.84454255e+02  2.53876295e+01  1.56654317e+03 -8.83824298e+01  1.55790496e+03 -9.51690243e+01 -5.97021618e+03  3.98699798e+02 -5.96265668e+03  3.89192006e+02  1.06629881e+04 -8.33878351e+02 
 7.58577575e+08  1.06422536e+04 -8.85691450e+02 -6.84419488e+02  2.59949737e+01  1.56639682e+03 -9.04752196e+01  1.55773912e+03 -9.74578611e+01 -5.96967033e+03  4.08273291e+02 -5.96211276e+03  3.98955192e+02  1.06615076e+04 -8.54532741e+02 
 7.76247117e+08  1.06405970e+04 -9.07517440e+02 -6.84383085e+02  2.66160073e+01  1.56624358e+03 -9.26155582e+01  1.55756548e+03 -9.97978944e+01 -5.96909869e+03  4.18063014e+02 -5.96154305e+03  4.08929668e+02  1.06599571e+04 -8.75638073e+02 
 7.94328235e+08  1.06388620e+04 -9.29822014e+02 -6.84344968e+02  2.72510528e+01  1.56608313e+03 -9.48045503e+01  1.55738366e+03 -1.02190331e+02 -5.96850004e+03  4.28074141e+02 -5.96094632e+03  4.19120706e+02  1.06583333e+04 -8.97205384e+02 
 8.12830516e+08  1.06370450e+04 -9.52616811e+02 -6.84305057e+02  2.79004398e+01  1.56591513e+03 -9.70433243e+01  1.55719329e+03 -1.04636402e+02 -5.96787310e+03  4.38311960e+02 -5.96032132e+03  4.29533690e+02  1.06566328e+04 -9.19245945e+02 
 8.31763771e+08  1.06351420e+04 -9.75913716e+02 -6.84263268e+02  2.85645049e+01  1.56573923e+03 -9.93330325e+01  1.55699396e+03 -1.07137367e+02 -5.96721653e+03  4.48781880e+02 -5.95966669e+03  4.40174122e+02  1.06548518e+04 -9.41771264e+02 
 8.51138038e+08  1.06331492e+04 -9.99724869e+02 -6.84219512e+02  2.92435921e+01  1.56555505e+03 -1.01674852e+02  1.55678524e+03 -1.09694508e+02 -5.96652894e+03  4.59489429e+02 -5.95898105e+03  4.51047621e+02  1.06529866e+04 -9.64793096e+02 
 8.70963590e+08  1.06310622e+04 -1.02406266e+03 -6.84173699e+02  2.99380526e+01  1.56536222e+03 -1.04069985e+02  1.55656672e+03 -1.12309138e+02 -5.96580885e+03  4.70440262e+02 -5.95826293e+03  4.62159929e+02  1.06510332e+04 -9.88323443e+02 
 8.91250938e+08  1.06288765e+04 -1.04893976e+03 -6.84125730e+02  3.06482451e+01  1.56516031e+03 -1.06519658e+02  1.55633791e+03 -1.14982594e+02 -5.96505472e+03  4.81640159e+02 -5.95751080e+03  4.73516912e+02  1.06489876e+04 -1.01237456e+03 
 9.12010839e+08  1.06265876e+04 -1.07436908e+03 -6.84075505e+02  3.13745362e+01  1.56494892e+03 -1.09025125e+02  1.55609834e+03 -1.17716243e+02 -5.96426495e+03  4.93095032e+02 -5.95672305e+03  4.85124566e+02  1.06468452e+04 -1.03695898e+03 
 9.33254301e+08  1.06241906e+04 -1.10036382e+03 -6.84022919e+02  3.21173001e+01  1.56472759e+03 -1.11587665e+02  1.55584751e+03 -1.20511478e+02 -5.96343785e+03  5.04810925e+02 -5.95589800e+03  4.96989016e+02  1.06446016e+04 -1.06208946e+03 
 9.54992586e+08  1.06216803e+04 -1.12693748e+03 -6.83967859e+02  3.28769190e+01  1.56449585e+03 -1.14208586e+02  1.55558488e+03 -1.23369723e+02 -5.96257165e+03  5.16794018e+02 -5.95503388e+03  5.09116520e+02  1.06422521e+04 -1.08777908e+03 
 9.77237221e+08  1.06190514e+04 -1.15410380e+03 -6.83910212e+02  3.36537834e+01  1.56425322e+03 -1.16889220e+02  1.55530991e+03 -1.26292429e+02 -5.96166449e+03  5.29050633e+02 -5.95412884e+03  5.21513477e+02  1.06397915e+04 -1.11404117e+03 
 1.00000000e+09  1.06162984e+04 -1.18187684e+03 -6.83849854e+02  3.44482917e+01  1.56399920e+03 -1.19630928e+02  1.55502202e+03 -1.29281080e+02 -5.96071443e+03  5.41587230e+02 -5.95318095e+03  5.34186423e+02  1.06372146e+04 -1.14088933e+03 
 1.02329299e+09  1.06134153e+04 -1.21027096e+03 -6.83786660e+02  3.52608511e+01  1.56373324e+03 -1.22435101e+02  1.55472059e+03 -1.32337186e+02 -5.95971945e+03  5.54410419e+02 -5.95218818e+03  5.47142038e+02  1.06345160e+04 -1.16833747e+03 
 1.04712855e+09  1.06103960e+04 -1.23930080e+03 -6.83720496e+02  3.60918771e+01  1.56345478e+03 -1.25303156e+02  1.55440501e+03 -1.35462291e+02 -5.95867741e+03  5.67526956e+02 -5.95114841e+03  5.60387150e+02  1.06316899e+04 -1.19639980e+03 
 1.07151931e+09  1.06072341e+04 -1.26898134e+03 -6.83651223e+02  3.69417940e+01  1.56316325e+03 -1.28236540e+02  1.55407460e+03 -1.38657967e+02 -5.95758608e+03  5.80943750e+02 -5.95005940e+03  5.73928737e+02  1.06287303e+04 -1.22509080e+03 
 1.09647820e+09  1.06039229e+04 -1.29932784e+03 -6.83578696e+02  3.78110349e+01  1.56285803e+03 -1.31236730e+02  1.55372867e+03 -1.41925821e+02 -5.95644312e+03  5.94667868e+02 -5.94891883e+03  5.87773930e+02  1.06256309e+04 -1.25442529e+03 
 1.12201845e+09  1.06004552e+04 -1.33035590e+03 -6.83502762e+02  3.87000420e+01  1.56253848e+03 -1.34305231e+02  1.55336650e+03 -1.45267490e+02 -5.95524608e+03  6.08706534e+02 -5.94772424e+03  6.01930019e+02  1.06223850e+04 -1.28441837e+03 
 1.14815362e+09  1.05968237e+04 -1.36208143e+03 -6.83423263e+02  3.96092665e+01  1.56220393e+03 -1.37443581e+02  1.55298732e+03 -1.48684641e+02 -5.95399238e+03  6.23067135e+02 -5.94647307e+03  6.16404453e+02  1.06189858e+04 -1.31508548e+03 
 1.17489755e+09  1.05930207e+04 -1.39452070e+03 -6.83340030e+02  4.05391691e+01  1.56185368e+03 -1.40653345e+02  1.55259034e+03 -1.52178979e+02 -5.95267935e+03  6.37757224e+02 -5.94516264e+03  6.31204846e+02  1.06154260e+04 -1.34644237e+03 
 1.20226443e+09  1.05890381e+04 -1.42769029e+03 -6.83252891e+02  4.14902197e+01  1.56148699e+03 -1.43936122e+02  1.55217474e+03 -1.55752238e+02 -5.95130416e+03  6.52784526e+02 -5.94379014e+03  6.46338982e+02  1.06116980e+04 -1.37850513e+03 
 1.23026877e+09  1.05848672e+04 -1.46160712e+03 -6.83161662e+02  4.24628980e+01  1.56110310e+03 -1.47293541e+02  1.55173963e+03 -1.59406187e+02 -5.94986385e+03  6.68156938e+02 -5.94235261e+03  6.61814814e+02  1.06077938e+04 -1.41129017e+03 
 1.25892541e+09  1.05804994e+04 -1.49628849e+03 -6.83066151e+02  4.34576932e+01  1.56070121e+03 -1.50727263e+02  1.55128411e+03 -1.63142629e+02 -5.94835533e+03  6.83882536e+02 -5.94084696e+03  6.77640473e+02  1.06037051e+04 -1.44481426e+03 
 1.28824955e+09  1.05759251e+04 -1.53175201e+03 -6.82966160e+02  4.44751045e+01  1.56028047e+03 -1.54238980e+02  1.55080723e+03 -1.66963400e+02 -5.94677535e+03  6.99969576e+02 -5.93926996e+03  6.93824269e+02  1.05994232e+04 -1.47909450e+03 
 1.31825674e+09  1.05711347e+04 -1.56801570e+03 -6.82861478e+02  4.55156410e+01  1.55984001e+03 -1.57830419e+02  1.55030799e+03 -1.70870372e+02 -5.94512052e+03  7.16426500e+02 -5.93761820e+03  7.10374695e+02  1.05949389e+04 -1.51414834e+03 
 1.34896288e+09  1.05661180e+04 -1.60509789e+03 -6.82751888e+02  4.65798221e+01  1.55937891e+03 -1.61503337e+02  1.54978534e+03 -1.74865450e+02 -5.94338726e+03  7.33261940e+02 -5.93588814e+03  7.27300433e+02  1.05902427e+04 -1.54999361e+03 
 1.38038426e+09  1.05608642e+04 -1.64301733e+03 -6.82637160e+02  4.76681771e+01  1.55889620e+03 -1.65259524e+02  1.54923821e+03 -1.78950577e+02 -5.94157183e+03  7.50484719e+02 -5.93407604e+03  7.44610356e+02  1.05853245e+04 -1.58664848e+03 
 1.41253754e+09  1.05553620e+04 -1.68179311e+03 -6.82517055e+02  4.87812460e+01  1.55839088e+03 -1.69100804e+02  1.54866544e+03 -1.83127728e+02 -5.93967033e+03  7.68103860e+02 -5.93217799e+03  7.62313532e+02  1.05801738e+04 -1.62413149e+03 
 1.44543977e+09  1.05495998e+04 -1.72144472e+03 -6.82391321e+02  4.99195790e+01  1.55786190e+03 -1.73029035e+02  1.54806584e+03 -1.87398914e+02 -5.93767865e+03  7.86128587e+02 -5.93018989e+03  7.80419229e+02  1.05747796e+04 -1.66246158e+03 
 1.47910839e+09  1.05435652e+04 -1.76199203e+03 -6.82259698e+02  5.10837370e+01  1.55730816e+03 -1.77046105e+02  1.54743817e+03 -1.91766183e+02 -5.93559248e+03  8.04568328e+02 -5.92810744e+03  7.98936921e+02  1.05691303e+04 -1.70165804e+03 
 1.51356125e+09  1.05372453e+04 -1.80345530e+03 -6.82121910e+02  5.22742916e+01  1.55672850e+03 -1.81153940e+02  1.54678111e+03 -1.96231617e+02 -5.93340731e+03  8.23432724e+02 -5.92592615e+03  8.17876288e+02  1.05632138e+04 -1.74174055e+03 
 1.54881662e+09  1.05306265e+04 -1.84585519e+03 -6.81977672e+02  5.34918250e+01  1.55612172e+03 -1.85354496e+02  1.54609332e+03 -2.00797335e+02 -5.93111842e+03  8.42731626e+02 -5.92364129e+03  8.37247224e+02  1.05570175e+04 -1.78272918e+03 
 1.58489319e+09  1.05236948e+04 -1.88921275e+03 -6.81826682e+02  5.47369305e+01  1.55548657e+03 -1.89649763e+02  1.54537334e+03 -2.05465490e+02 -5.92872083e+03  8.62475108e+02 -5.92124792e+03  8.57059840e+02  1.05505281e+04 -1.82464441e+03 
 1.62181010e+09  1.05164352e+04 -1.93354944e+03 -6.81668629e+02  5.60102122e+01  1.55482173e+03 -1.94041768e+02  1.54461971e+03 -2.10238272e+02 -5.92620936e+03  8.82673464e+02 -5.91874083e+03  8.77324467e+02  1.05437317e+04 -1.86750709e+03 
 1.65958691e+09  1.05088322e+04 -1.97888712e+03 -6.81503183e+02  5.73122850e+01  1.55412581e+03 -1.98532566e+02  1.54383084e+03 -2.15117903e+02 -5.92357855e+03  9.03337216e+02 -5.91611459e+03  8.98051664e+02  1.05366137e+04 -1.91133850e+03 
 1.69824365e+09  1.05008695e+04 -2.02524806e+03 -6.81330002e+02  5.86437751e+01  1.55339739e+03 -2.03124250e+02  1.54300512e+03 -2.20106645e+02 -5.92082268e+03  9.24477117e+02 -5.91336349e+03  9.19252218e+02  1.05291588e+04 -1.95616031e+03 
 1.73780083e+09  1.04925301e+04 -2.07265495e+03 -6.81148727e+02  6.00053195e+01  1.55263496e+03 -2.07818943e+02  1.54214083e+03 -2.25206792e+02 -5.91793576e+03  9.46104157e+02 -5.91048154e+03  9.40937152e+02  1.05213511e+04 -2.00199458e+03 
 1.77827941e+09  1.04837960e+04 -2.12113087e+03 -6.80958983e+02  6.13975666e+01  1.55183694e+03 -2.12618802e+02  1.54123619e+03 -2.30420671e+02 -5.91491150e+03  9.68229567e+02 -5.90746248e+03  9.63117727e+02  1.05131738e+04 -2.04886383e+03 
 1.81970086e+09  1.04746485e+04 -2.17069936e+03 -6.80760378e+02  6.28211756e+01  1.55100170e+03 -2.17526017e+02  1.54028934e+03 -2.35750645e+02 -5.91174330e+03  9.90864820e+02 -5.90429971e+03  9.85805448e+02  1.05046092e+04 -2.09679095e+03 
 1.86208714e+09  1.04650679e+04 -2.22138433e+03 -6.80552503e+02  6.42768169e+01  1.55012751e+03 -2.22542808e+02  1.53929832e+03 -2.41199109e+02 -5.90842426e+03  1.01402164e+03 -5.90098633e+03  1.00901207e+03  1.04956391e+04 -2.14579926e+03 
 1.90546072e+09  1.04550337e+04 -2.27321013e+03 -6.80334929e+02  6.57651720e+01  1.54921258e+03 -2.27671428e+02  1.53826110e+03 -2.46768492e+02 -5.90494711e+03  1.03771201e+03 -5.89751509e+03  1.03274959e+03  1.04862440e+04 -2.19591251e+03 
 1.94984460e+09  1.04445243e+04 -2.32620153e+03 -6.80107209e+02  6.72869331e+01  1.54825503e+03 -2.32914161e+02  1.53717556e+03 -2.52461254e+02 -5.90130424e+03  1.06194816e+03 -5.89387841e+03  1.05703029e+03  1.04764038e+04 -2.24715485e+03 
 1.99526231e+09  1.04335170e+04 -2.38038370e+03 -6.79868874e+02  6.88428038e+01  1.54725290e+03 -2.38273318e+02  1.53603945e+03 -2.58279885e+02 -5.89748768e+03  1.08674259e+03 -5.89006831e+03  1.08186667e+03  1.04660972e+04 -2.29955086e+03 
 2.04173794e+09  1.04219883e+04 -2.43578223e+03 -6.79619436e+02  7.04334981e+01  1.54620415e+03 -2.43751242e+02  1.53485048e+03 -2.64226906e+02 -5.89348903e+03  1.11210806e+03 -5.88607642e+03  1.10727153e+03  1.04553022e+04 -2.35312552e+03 
 2.08929613e+09  1.04099132e+04 -2.49242313e+03 -6.79358383e+02  7.20597409e+01  1.54510663e+03 -2.49350304e+02  1.53360619e+03 -2.70304864e+02 -5.88929951e+03  1.13805761e+03 -5.88189396e+03  1.13325792e+03  1.04439953e+04 -2.40790425e+03 
 2.13796209e+09  1.03972657e+04 -2.55033279e+03 -6.79085182e+02  7.37222675e+01  1.54395812e+03 -2.55072899e+02  1.53230406e+03 -2.76516337e+02 -5.88490990e+03  1.16460455e+03 -5.87751174e+03  1.15983918e+03  1.04321521e+04 -2.46391286e+03 
 2.18776162e+09  1.03840186e+04 -2.60953803e+03 -6.78799276e+02  7.54218238e+01  1.54275626e+03 -2.60921450e+02  1.53094144e+03 -2.82863926e+02 -5.88031052e+03  1.19176247e+03 -5.87292009e+03  1.18702891e+03  1.04197472e+04 -2.52117758e+03 
 2.23872114e+09  1.03701432e+04 -2.67006604e+03 -6.78500081e+02  7.71591656e+01  1.54149864e+03 -2.66898405e+02  1.52951555e+03 -2.89350255e+02 -5.87549120e+03  1.21954523e+03 -5.86810885e+03  1.21484100e+03  1.04067536e+04 -2.57972504e+03 
 2.29086765e+09  1.03556096e+04 -2.73194441e+03 -6.78186989e+02  7.89350586e+01  1.54018269e+03 -2.73006230e+02  1.52802352e+03 -2.95977972e+02 -5.87044128e+03  1.24796700e+03 -5.86306739e+03  1.24328963e+03  1.03931434e+04 -2.63958227e+03 
 2.34422882e+09  1.03403865e+04 -2.79520108e+03 -6.77859364e+02  8.07502784e+01  1.53880577e+03 -2.79247416e+02  1.52646231e+03 -3.02749744e+02 -5.86514956e+03  1.27704222e+03 -5.85778452e+03  1.27238925e+03  1.03788869e+04 -2.70077668e+03 
 2.39883292e+09  1.03244407e+04 -2.85986437e+03 -6.77516543e+02  8.26056094e+01  1.53736510e+03 -2.85624471e+02  1.52482879e+03 -3.09668255e+02 -5.85960430e+03  1.30678562e+03 -5.85224852e+03  1.30215462e+03  1.03639533e+04 -2.76333607e+03 
 2.45470892e+09  1.03077380e+04 -2.92596296e+03 -6.77157834e+02  8.45018453e+01  1.53585778e+03 -2.92139920e+02  1.52311966e+03 -3.16736204e+02 -5.85379314e+03  1.33721224e+03 -5.84644705e+03  1.33260079e+03  1.03483103e+04 -2.82728861e+03 
 2.51188643e+09  1.02902420e+04 -2.99352584e+03 -6.76782512e+02  8.64397880e+01  1.53428080e+03 -2.98796300e+02  1.52133149e+03 -3.23956301e+02 -5.84770313e+03  1.36833741e+03 -5.84036719e+03  1.36374310e+03  1.03319239e+04 -2.89266280e+03 
 2.57039578e+09  1.02719148e+04 -3.06258231e+03 -6.76389823e+02  8.84202476e+01  1.53263099e+03 -3.05596160e+02  1.51946070e+03 -3.31331266e+02 -5.84132066e+03  1.40017676e+03 -5.83399534e+03  1.39559719e+03  1.03147584e+04 -2.95948751e+03 
 2.63026799e+09  1.02527167e+04 -3.13316199e+03 -6.75978978e+02  9.04440415e+01  1.53090507e+03 -3.12542060e+02  1.51750356e+03 -3.38863824e+02 -5.83463143e+03  1.43274621e+03 -5.82731724e+03  1.42817900e+03  1.02967766e+04 -3.02779192e+03 
 2.69153480e+09  1.02326060e+04 -3.20529474e+03 -6.75549156e+02  9.25119941e+01  1.52909961e+03 -3.19636562e+02  1.51545616e+03 -3.46556701e+02 -5.82762043e+03  1.46606200e+03 -5.82031788e+03  1.46150476e+03  1.02779394e+04 -3.09760551e+03 
 2.75422870e+09  1.02115389e+04 -3.27901067e+03 -6.75099499e+02  9.46249360e+01  1.52721103e+03 -3.26882229e+02  1.51331444e+03 -3.54412622e+02 -5.82027188e+03  1.50014067e+03 -5.81298153e+03  1.49559103e+03  1.02582056e+04 -3.16895802e+03 
 2.81838293e+09  1.01894697e+04 -3.35434010e+03 -6.74629112e+02  9.67837031e+01  1.52523560e+03 -3.34281625e+02  1.51107417e+03 -3.62434302e+02 -5.81256921e+03  1.53499904e+03 -5.80529163e+03  1.53045465e+03  1.02375323e+04 -3.24187948e+03 
 2.88403150e+09  1.01663502e+04 -3.43131352e+03 -6.74137061e+02  9.89891364e+01  1.52316943e+03 -3.41837306e+02  1.50873091e+03 -3.70624446e+02 -5.80449500e+03  1.57065426e+03 -5.79723079e+03  1.56611276e+03  1.02158743e+04 -3.31640011e+03 
 2.95120923e+09  1.01421302e+04 -3.50996158e+03 -6.73622375e+02  1.01242080e+02  1.52100847e+03 -3.49551815e+02  1.50628007e+03 -3.78985744e+02 -5.79603094e+03  1.60712376e+03 -5.78878075e+03  1.60258280e+03  1.01931842e+04 -3.39255033e+03 
 3.01995172e+09  1.01167566e+04 -3.59031499e+03 -6.73084037e+02  1.03543383e+02  1.51874850e+03 -3.57427682e+02  1.50371685e+03 -3.87520859e+02 -5.78715779e+03  1.64442527e+03 -5.77992228e+03  1.63988252e+03  1.01694126e+04 -3.47036071e+03 
 3.09029543e+09  1.00901742e+04 -3.67240452e+03 -6.72520991e+02  1.05893893e+02  1.51638511e+03 -3.65467415e+02  1.50103624e+03 -3.96232428e+02 -5.77785534e+03  1.68257683e+03 -5.77063520e+03  1.67802994e+03  1.01445072e+04 -3.54986192e+03 
 3.16227766e+09  1.00623248e+04 -3.75626093e+03 -6.71932136e+02  1.08294461e+02  1.51391372e+03 -3.73673494e+02  1.49823304e+03 -4.05123052e+02 -5.76810230e+03  1.72159674e+03 -5.76089827e+03  1.71704338e+03  1.01184134e+04 -3.63108470e+03 
 3.23593657e+09  1.00331475e+04 -3.84191491e+03 -6.71316322e+02  1.10745937e+02  1.51132958e+03 -3.82048369e+02  1.49530182e+03 -4.14195289e+02 -5.75787633e+03  1.76150361e+03 -5.75068917e+03  1.75694143e+03  1.00910741e+04 -3.71405979e+03 
 3.31131121e+09  1.00025783e+04 -3.92939700e+03 -6.70672356e+02  1.13249168e+02  1.50862770e+03 -3.90594448e+02  1.49223692e+03 -4.23451647e+02 -5.74715389e+03  1.80231629e+03 -5.73998442e+03  1.79774297e+03  1.00624291e+04 -3.79881788e+03 
 3.38844156e+09  9.97055032e+03 -4.01873755e+03 -6.69998991e+02  1.15805000e+02  1.50580292e+03 -3.99314092e+02  1.48903249e+03 -4.32894575e+02 -5.73591027e+03  1.84405391e+03 -5.72875932e+03  1.83946712e+03  1.00324154e+04 -3.88538954e+03 
 3.46736850e+09  9.93699318e+03 -4.10996661e+03 -6.69294932e+02  1.18414272e+02  1.50284988e+03 -4.08209609e+02  1.48568239e+03 -4.42526454e+02 -5.72411943e+03  1.88673587e+03 -5.71698789e+03  1.88213327e+03  1.00009669e+04 -3.97380516e+03 
 3.54813389e+09  9.90183316e+03 -4.20311382e+03 -6.68558829e+02  1.21077818e+02  1.49976297e+03 -4.17283243e+02  1.48218027e+03 -4.52349591e+02 -5.71175401e+03  1.93038177e+03 -5.70464281e+03  1.92576104e+03  9.96801418e+03 -4.06409484e+03 
 3.63078055e+09  9.86499295e+03 -4.29820838e+03 -6.67789281e+02  1.23796462e+02  1.49653639e+03 -4.26537170e+02  1.47851951e+03 -4.62366203e+02 -5.69878518e+03  1.97501146e+03 -5.69169531e+03  1.97037026e+03  9.93348457e+03 -4.15628833e+03 
 3.71535229e+09  9.82639146e+03 -4.39527887e+03 -6.66984826e+02  1.26571021e+02  1.49316411e+03 -4.35973480e+02  1.47469325e+03 -4.72578410e+02 -5.68518264e+03  2.02064497e+03 -5.67811511e+03  2.01598097e+03  9.89730171e+03 -4.25041492e+03 
 3.80189396e+09  9.78594362e+03 -4.49435314e+03 -6.66143948e+02  1.29402295e+02  1.48963984e+03 -4.45594176e+02  1.47069433e+03 -4.82988220e+02 -5.67091446e+03  2.06730254e+03 -5.66387036e+03  2.06261340e+03  9.85938554e+03 -4.34650333e+03 
 3.89045145e+09  9.74356024e+03 -4.59545821e+03 -6.65265069e+02  1.32291075e+02  1.48595708e+03 -4.55401158e+02  1.46651533e+03 -4.93597523e+02 -5.65594706e+03  2.11500452e+03 -5.64892752e+03  2.11028792e+03  9.81965205e+03 -4.44458158e+03 
 3.98107171e+09  9.69914775e+03 -4.69862008e+03 -6.64346550e+02  1.35238130e+02  1.48210907e+03 -4.65396213e+02  1.46214856e+03 -5.04408071e+02 -5.64024507e+03  2.16377143e+03 -5.63325126e+03  2.15902502e+03  9.77801313e+03 -4.54467687e+03 
 4.07380278e+09  9.65260804e+03 -4.80386360e+03 -6.63386690e+02  1.38244213e+02  1.47808878e+03 -4.75581002e+02  1.45758602e+03 -5.15421465e+02 -5.62377122e+03  2.21362385e+03 -5.61680439e+03  2.20884529e+03  9.73437632e+03 -4.64681544e+03 
 4.16869383e+09  9.60383820e+03 -4.91121225e+03 -6.62383720e+02  1.41310052e+02  1.47388895e+03 -4.85957049e+02  1.45281941e+03 -5.26639143e+02 -5.60648630e+03  2.26458243e+03 -5.59954776e+03  2.25976937e+03  9.68864464e+03 -4.75102236e+03 
 4.26579519e+09  9.55273032e+03 -5.02068799e+03 -6.61335808e+02  1.44436353e+02  1.46950204e+03 -4.96525725e+02  1.44784013e+03 -5.38062363e+02 -5.58834899e+03  2.31666780e+03 -5.58144011e+03  2.31181790e+03  9.64071635e+03 -4.85732141e+03 
 4.36515832e+09  9.49917123e+03 -5.13231099e+03 -6.60241050e+02  1.47623790e+02  1.46492023e+03 -5.07288233e+02  1.44263928e+03 -5.49692182e+02 -5.56931576e+03  2.36990059e+03 -5.56243797e+03  2.36501149e+03  9.59048473e+03 -4.96573485e+03 
 4.46683592e+09  9.44304227e+03 -5.24609944e+03 -6.59097473e+02  1.50873010e+02  1.46013543e+03 -5.18245595e+02  1.43720763e+03 -5.61529444e+02 -5.54934074e+03  2.42430129e+03 -5.54249556e+03  2.41937065e+03  9.53783782e+03 -5.07628319e+03 
 4.57088190e+09  9.38421904e+03 -5.36206922e+03 -6.57903035e+02  1.54184619e+02  1.45513927e+03 -5.29398633e+02  1.43153561e+03 -5.73574755e+02 -5.52837561e+03  2.47989026e+03 -5.52156462e+03  2.47491573e+03  9.48265822e+03 -5.18898498e+03 
 4.67735141e+09  9.32257110e+03 -5.48023369e+03 -6.56655617e+02  1.57559189e+02  1.44992310e+03 -5.40747953e+02  1.42561334e+03 -5.85828467e+02 -5.50636946e+03  2.53668761e+03 -5.49959432e+03  2.53166683e+03  9.42482277e+03 -5.30385652e+03 
 4.78630092e+09  9.25796174e+03 -5.60060330e+03 -6.55353027e+02  1.60997247e+02  1.44447797e+03 -5.52293926e+02  1.41943060e+03 -5.98290654e+02 -5.48326861e+03  2.59471314e+03 -5.47653107e+03  2.58964375e+03  9.36420235e+03 -5.42091160e+03 
 4.89778819e+09  9.19024766e+03 -5.72318528e+03 -6.53992998e+02  1.64499274e+02  1.43879462e+03 -5.64036669e+02  1.41297683e+03 -6.10961092e+02 -5.45901648e+03  2.65398623e+03 -5.45231839e+03  2.64886588e+03  9.30066153e+03 -5.54016113e+03 
 5.01187234e+09  9.11927869e+03 -5.84798324e+03 -6.52573184e+02  1.68065697e+02  1.43286352e+03 -5.75976023e+02  1.40624110e+03 -6.23839231e+02 -5.43355347e+03  2.71452578e+03 -5.42689674e+03  2.70935212e+03  9.23405837e+03 -5.66161284e+03 
 5.12861384e+09  9.04489751e+03 -5.97499674e+03 -6.51091160e+02  1.71696889e+02  1.42667482e+03 -5.88111534e+02  1.39921217e+03 -6.36924173e+02 -5.40681670e+03  2.77635004e+03 -5.40020336e+03  2.77112071e+03  9.16424406e+03 -5.78527085e+03 
 5.24807460e+09  8.96693931e+03 -6.10422086e+03 -6.49544426e+02  1.75393162e+02  1.42021838e+03 -6.00442429e+02  1.39187843e+03 -6.50214645e+02 -5.37873992e+03  2.83947651e+03 -5.37217209e+03  2.83418918e+03  9.09106264e+03 -5.91113528e+03 
 5.37031796e+09  8.88523152e+03 -6.23564564e+03 -6.47930396e+02  1.79154760e+02  1.41348374e+03 -6.12967590e+02  1.38422790e+03 -6.63708969e+02 -5.34925327e+03  2.90392179e+03 -5.34273318e+03  2.89857412e+03  9.01435073e+03 -6.03920178e+03 
 5.49540874e+09  8.79959346e+03 -6.36925557e+03 -6.46246408e+02  1.82981856e+02  1.40646017e+03 -6.25685534e+02  1.37624829e+03 -6.77405038e+02 -5.31828310e+03  2.96970145e+03 -5.31181310e+03  2.96429111e+03  8.93393716e+03 -6.16946098e+03 
 5.62341325e+09  8.70983604e+03 -6.50502896e+03 -6.44489717e+02  1.86874545e+02  1.39913661e+03 -6.38594383e+02  1.36792692e+03 -6.91300279e+02 -5.28575178e+03  3.03682978e+03 -5.27933432e+03  3.03135444e+03  8.84964270e+03 -6.30189797e+03 
 5.75439937e+09  8.61576144e+03 -6.64293727e+03 -6.42657496e+02  1.90832840e+02  1.39150171e+03 -6.51691841e+02  1.35925079e+03 -7.05391625e+02 -5.25157747e+03  3.10531965e+03 -5.24521514e+03  3.09977701e+03  8.76127973e+03 -6.43649168e+03 
 5.88843655e+09  8.51716280e+03 -6.78294438e+03 -6.40746838e+02  1.94856661e+02  1.38354383e+03 -6.64975160e+02  1.35020652e+03 -7.19675482e+02 -5.21567390e+03  3.17518225e+03 -5.20936941e+03  3.16957002e+03  8.66865192e+03 -6.57321419e+03 
 6.02559586e+09  8.41382392e+03 -6.92500579e+03 -6.38754755e+02  1.98945834e+02  1.37525104e+03 -6.78441116e+02  1.34078043e+03 -7.34147691e+02 -5.17795015e+03  3.24642686e+03 -5.17170636e+03  3.24074278e+03  8.57155394e+03 -6.71203000e+03 
 6.16595002e+09  8.30551894e+03 -7.06906776e+03 -6.36678179e+02  2.03100081e+02  1.36661111e+03 -6.92085978e+02  1.33095847e+03 -7.48803497e+02 -5.13831041e+03  3.31906055e+03 -5.13213030e+03  3.31330239e+03  8.46977112e+03 -6.85289523e+03 
 6.30957344e+09  8.19201207e+03 -7.21506634e+03 -6.34513961e+02  2.07319014e+02  1.35761158e+03 -7.05905474e+02  1.32072630e+03 -7.63637508e+02 -5.09665373e+03  3.39308791e+03 -5.09054044e+03  3.38725345e+03  8.36307919e+03 -6.99575674e+03 
 6.45654229e+09  8.07305734e+03 -7.36292634e+03 -6.32258879e+02  2.11602127e+02  1.34823969e+03 -7.19894762e+02  1.31006923e+03 -7.78643656e+02 -5.05287378e+03  3.46851065e+03 -5.04683061e+03  3.46259770e+03  8.25124398e+03 -7.14055112e+03 
 6.60693448e+09  7.94839834e+03 -7.51256018e+03 -6.29909630e+02  2.15948788e+02  1.33848245e+03 -7.34048392e+02  1.29897232e+03 -7.93815162e+02 -5.00685858e+03  3.54532723e+03 -5.00088899e+03  3.53933367e+03  8.13402119e+03 -7.28720371e+03 
 6.76082975e+09  7.81776803e+03 -7.66386666e+03 -6.27462841e+02  2.20358233e+02  1.32832662e+03 -7.48360281e+02  1.28742030e+03 -8.09144489e+02 -4.95849025e+03  3.62353248e+03 -4.95259788e+03  3.61745621e+03  8.01115613e+03 -7.43562740e+03 
 6.91830971e+09  7.68088858e+03 -7.81672962e+03 -6.24915068e+02  2.24829558e+02  1.31775877e+03 -7.62823667e+02  1.27539767e+03 -8.24623303e+02 -4.90764477e+03  3.70311705e+03 -4.90183343e+03  3.69695606e+03  7.88238355e+03 -7.58572140e+03 
 7.07945784e+09  7.53747125e+03 -7.97101647e+03 -6.22262799e+02  2.29361707e+02  1.30676525e+03 -7.77431084e+02  1.26288868e+03 -8.40242431e+02 -4.85419168e+03  3.78406698e+03 -4.84846537e+03  3.77781929e+03  7.74742751e+03 -7.73736985e+03 
 7.24435960e+09  7.38721637e+03 -8.12657659e+03 -6.19502459e+02  2.33953468e+02  1.29533225e+03 -7.92174319e+02  1.24987734e+03 -8.55991816e+02 -4.79799386e+03  3.86636302e+03 -4.79235678e+03  3.86002674e+03  7.60600126e+03 -7.89044039e+03 
 7.41310241e+09  7.22981336e+03 -8.28323962e+03 -6.16630414e+02  2.38603461e+02  1.28344581e+03 -8.07044380e+02  1.23634751e+03 -8.71860472e+02 -4.73890726e+03  3.94998008e+03 -4.73336381e+03  3.94355340e+03  7.45780722e+03 -8.04478248e+03 
 7.58577575e+09  7.06494086e+03 -8.44081360e+03 -6.13642977e+02  2.43310135e+02  1.27109184e+03 -8.22031457e+02  1.22228287e+03 -8.87836438e+02 -4.67678068e+03  4.03488647e+03 -4.67133549e+03  4.02836767e+03  7.30253709e+03 -8.20022573e+03 
 7.76247117e+09  6.89226697e+03 -8.59908293e+03 -6.10536413e+02  2.48071750e+02  1.25825620e+03 -8.37124890e+02  1.20766698e+03 -9.03906738e+02 -4.61145556e+03  4.12104314e+03 -4.60611345e+03  4.11443061e+03  7.13987196e+03 -8.35657796e+03 
 7.94328235e+09  6.71144964e+03 -8.75780622e+03 -6.07306945e+02  2.52886378e+02  1.24492465e+03 -8.52313126e+02  1.19248333e+03 -9.20057327e+02 -4.54276573e+03  4.20840283e+03 -4.53753179e+03  4.20169509e+03  6.96948261e+03 -8.51362321e+03 
 8.12830516e+09  6.52213719e+03 -8.91671392e+03 -6.03950762e+02  2.57751886e+02  1.23108299e+03 -8.67583692e+02  1.17671537e+03 -9.36273054e+02 -4.47053733e+03  4.29690913e+03 -4.46541686e+03  4.29010484e+03  6.79102996e+03 -8.67111947e+03 
 8.31763771e+09  6.32396901e+03 -9.07550588e+03 -6.00464030e+02  2.62665933e+02  1.21671701e+03 -8.82923153e+02  1.16034656e+03 -9.52537613e+02 -4.39458861e+03  4.38649544e+03 -4.38958718e+03  4.37959340e+03  6.60416563e+03 -8.82879643e+03 
 8.51138038e+09  6.11657653e+03 -9.23384855e+03 -5.96842895e+02  2.67625959e+02  1.20181259e+03 -8.98317084e+02  1.14336041e+03 -9.68833498e+02 -4.31472989e+03  4.47708388e+03 -4.30985333e+03  4.47008306e+03  6.40853270e+03 -8.98635285e+03 
 8.70963590e+09  5.89958436e+03 -9.39137225e+03 -5.93083498e+02  2.72629177e+02  1.18635577e+03 -9.13750036e+02  1.12574057e+03 -9.85141961e+02 -4.23076356e+03  4.56858401e+03 -4.22601794e+03  4.56148358e+03  6.20376679e+03 -9.14345392e+03 
 8.91250938e+09  5.67261177e+03 -9.54766802e+03 -5.89181983e+02  2.77672563e+02  1.17033273e+03 -9.29205502e+02  1.10747086e+03 -1.00144297e+03 -4.14248409e+03  4.66089152e+03 -4.13787577e+03  4.65369087e+03  5.98949727e+03 -9.29972837e+03 
 9.12010839e+09  5.43527448e+03 -9.70228446e+03 -5.85134510e+02  2.82752851e+02  1.15372992e+03 -9.44665896e+02  1.08853538e+03 -1.01771518e+03 -4.04967823e+03  4.75388680e+03 -4.04521385e+03  4.74658554e+03  5.76534883e+03 -9.45476540e+03 
 9.33254301e+09  5.18718682e+03 -9.85472435e+03 -5.80937268e+02  2.87866524e+02  1.13653410e+03 -9.60112521e+02  1.06891850e+03 -1.03393587e+03 -3.95212523e+03  4.84743331e+03 -3.94781172e+03  4.84003135e+03  5.53094343e+03 -9.60811153e+03 
 9.54992586e+09  4.92796436e+03 -1.00044411e+04 -5.76586486e+02  2.93009805e+02  1.11873238e+03 -9.75525553e+02  1.04860505e+03 -1.05008093e+03 -3.84959725e+03  4.94137596e+03 -3.84544183e+03  4.93387348e+03  5.28590258e+03 -9.75926716e+03 
 9.77237221e+09  4.65722698e+03 -1.01508350e+04 -5.72078450e+02  2.98178655e+02  1.10031235e+03 -9.90884014e+02  1.02758029e+03 -1.06612482e+03 -3.74185990e+03  5.03553922e+03 -3.73787008e+03  5.02793673e+03  5.02985012e+03 -9.90768312e+03 
 1.00000000e+10  4.37460253e+03 -1.02932496e+04 -5.67409519e+02  3.03368763e+02  1.08126210e+03 -1.00616577e+03  1.00583010e+03 -1.08204056e+03 -3.62867297e+03  5.12972519e+03 -3.62485656e+03  5.12202357e+03  4.76241547e+03 -1.00527570e+04 
 1.02329299e+10  4.07973104e+03 -1.04309678e+04 -5.62576139e+02  3.08575545e+02  1.06157032e+03 -1.02134750e+03  9.83340981e+02 -1.09779967e+03 -3.50979132e+03  5.22371157e+03 -3.50615642e+03  5.21591210e+03  4.48323748e+03 -1.01938295e+04 
 1.04712855e+10  3.77226976e+03 -1.05632078e+04 -5.57574864e+02  3.13794133e+02  1.04122641e+03 -1.03640471e+03  9.60100233e+02 -1.11337219e+03 -3.38496609e+03  5.31724940e+03 -3.38152112e+03  5.30935379e+03  4.19196893e+03 -1.03301805e+04 
 1.07151931e+10  3.45189881e+03 -1.06891195e+04 -5.52402370e+02  3.19019381e+02  1.02022051e+03 -1.05131174e+03  9.36096002e+02 -1.12872665e+03 -3.25394616e+03  5.41006080e+03 -3.25069980e+03  5.40207124e+03  3.88828167e+03 -1.04610257e+04 
 1.09647820e+10  3.11832779e+03 -1.08077805e+04 -5.47055477e+02  3.24245857e+02  9.98543643e+02 -1.06604174e+03  9.11317415e+02 -1.14383006e+03 -3.11647987e+03  5.50183656e+03 -3.11344110e+03  5.49375577e+03  3.57187268e+03 -1.05855125e+04 
 1.12201845e+10  2.77130326e+03 -1.09181931e+04 -5.41531170e+02  3.29467841e+02  9.76187789e+02 -1.08056672e+03  8.85754683e+02 -1.15864792e+03 -2.97231721e+03  5.59223364e+03 -2.96949526e+03  5.58406492e+03  3.24247086e+03 -1.07027168e+04 
 1.14815362e+10  2.41061730e+03 -1.10192803e+04 -5.35826619e+02  3.34679331e+02  9.53145974e+02 -1.09485753e+03  8.59399219e+02 -1.17314420e+03 -2.82121232e+03  5.68087268e+03 -2.81861670e+03  5.67261996e+03  2.89984485e+03 -1.08116398e+04 
 1.17489755e+10  2.03611703e+03 -1.11098838e+04 -5.29939198e+02  3.39874042e+02  9.29412375e+02 -1.10888395e+03  8.32243759e+02 -1.18728142e+03 -2.66292654e+03  5.76733545e+03 -2.66056695e+03  5.75900333e+03  2.54381188e+03 -1.09112047e+04 
 1.20226443e+10  1.64771545e+03 -1.11887613e+04 -5.23866512e+02  3.45045408e+02  9.04982414e+02 -1.12261466e+03  8.04282483e+02 -1.20102059e+03 -2.49723185e+03  5.85116234e+03 -2.49511823e+03  5.84275617e+03  2.17424759e+03 -1.10002552e+04 
 1.23026877e+10  1.24540334e+03 -1.12545857e+04 -5.17606415e+02  3.50186590e+02  8.79852863e+02 -1.13601735e+03  7.75511137e+02 -1.21432132e+03 -2.32391504e+03  5.93184996e+03 -2.32205747e+03  5.92337589e+03  1.79109716e+03 -1.10775532e+04 
 1.25892541e+10  8.29262523e+02 -1.13059446e+04 -5.11157039e+02  3.55290483e+02  8.54021937e+02 -1.14905873e+03  7.45927165e+02 -1.22714181e+03 -2.14278230e+03  6.00884889e+03 -2.14119100e+03  6.00031393e+03  1.39438750e+03 -1.11417788e+04 
 1.28824955e+10  3.99480319e+02 -1.13413414e+04 -5.04516810e+02  3.60349723e+02  8.27489391e+02 -1.16170460e+03  7.15529831e+02 -1.23943894e+03 -1.95366463e+03  6.08156174e+03 -1.95234988e+03  6.07297380e+03  9.84240713e+02 -1.11915304e+04 
 1.31825674e+10 -4.36347078e+01 -1.13591979e+04 -4.97684478e+02  3.65356700e+02  8.00256618e+02 -1.17391999e+03  6.84320347e+02 -1.25116829e+03 -1.75642384e+03  6.14934145e+03 -1.75539592e+03  6.14070945e+03  5.60888694e+02 -1.12253269e+04 
 1.34896288e+10 -4.99635844e+02 -1.13578590e+04 -4.90659137e+02  3.70303570e+02  7.72326735e+02 -1.18566917e+03  6.52301998e+02 -1.26228429e+03 -1.55095932e+03  6.21149022e+03 -1.55022848e+03  6.20282412e+03  1.24688957e+02 -1.12416113e+04 
 1.38038426e+10 -9.67920245e+02 -1.13355996e+04 -4.83440247e+02  3.75182273e+02  7.43704672e+02 -1.19691579e+03  6.19480264e+02 -1.27274021e+03 -1.33721558e+03  6.26725898e+03 -1.33679192e+03  6.25856984e+03 -3.23858560e+02 -1.12387570e+04 
 1.41253754e+10 -1.44771008e+03 -1.12906340e+04 -4.76027663e+02  3.79984547e+02  7.14397248e+02 -1.20762298e+03  5.85862941e+02 -1.28248837e+03 -1.11519047e+03  6.31584765e+03 -1.11508383e+03  6.30714771e+03 -7.84093777e+02 -1.12150754e+04 
 1.44543977e+10 -1.93803306e+03 -1.12211288e+04 -4.68421648e+02  3.84701948e+02  6.84413245e+02 -1.21775349e+03  5.51460250e+02 -1.29148014e+03 -8.84944147e+02  6.35640645e+03 -8.85164059e+02  6.34770915e+03 -1.25517811e+03 -1.11688275e+04 
 1.47910839e+10 -2.43770272e+03 -1.11252184e+04 -4.60622902e+02  3.89325875e+02  6.53763468e+02 -1.22726980e+03  5.16284946e+02 -1.29966614e+03 -6.46608723e+02  6.38803827e+03 -6.47164235e+02  6.37935833e+03 -1.73607578e+03 -1.10982381e+04 
 1.51356125e+10 -2.94529889e+03 -1.10010257e+04 -4.52632576e+02  3.93847594e+02  6.22460794e+02 -1.23613428e+03  4.80352421e+02 -1.30699636e+03 -4.00398396e+02  6.40980252e+03 -4.01297966e+02  6.40115594e+03 -2.22553523e+03 -1.10015136e+04 
 1.54881662e+10 -3.45914902e+03 -1.08466859e+04 -4.44452297e+02  3.98258260e+02  5.90520212e+02 -1.24430933e+03  4.43680783e+02 -1.31342027e+03 -1.46620045e+02  6.42072056e+03 -1.47871386e+02  6.41212468e+03 -2.72207118e+03 -1.08768638e+04 
 1.58489319e+10 -3.97731100e+03 -1.06603749e+04 -4.36084177e+02  4.02548954e+02  5.57958842e+02 -1.25175756e+03  4.06290942e+02 -1.31888699e+03  1.14316003e+02  6.41978292e+03  1.12706083e+02  6.41125641e+03 -3.22394794e+03 -1.07225280e+04 
 1.62181010e+10 -4.49755834e+03 -1.04403434e+04 -4.27530836e+02  4.06710704e+02  5.24795941e+02 -1.25844195e+03  3.68206673e+02 -1.32334548e+03  3.81885250e+02  6.40595860e+03  3.79911023e+02  6.39752147e+03 -3.72916487e+03 -1.05368054e+04 
 1.65958691e+10 -5.01736881e+03 -1.01849548e+04 -4.18795409e+02  4.10734527e+02  4.91052891e+02 -1.26432601e+03  3.29454660e+02 -1.32674468e+03  6.55438710e+02  6.37820661e+03  6.53095710e+02  6.36988016e+03 -4.23544478e+03 -1.03180905e+04 
 1.69824365e+10 -5.53391739e+03 -9.89272823e+03 -4.09881561e+02  4.14611457e+02  4.56753161e+02 -1.26937399e+03  2.90064534e+02 -1.32903368e+03  9.34193366e+02  6.33548976e+03  9.31478588e+02  6.32729656e+03 -4.74022632e+03 -1.00649118e+04 
 1.73780083e+10 -6.04407504e+03 -9.56238581e+03 -4.00793493e+02  4.18332586e+02  4.21922253e+02 -1.27355107e+03  2.50068889e+02 -1.33016194e+03  1.21722390e+03  6.27679104e+03  1.21413600e+03  6.26875483e+03 -5.24066158e+03 -9.77597635e+03 
 1.77827941e+10 -6.54441434e+03 -9.19290406e+03 -3.91535948e+02  4.21889097e+02  3.86587615e+02 -1.27682351e+03  2.09503271e+02 -1.33007941e+03  1.50345621e+03  6.20113232e+03  1.49999571e+03  6.19327790e+03 -5.73361989e+03 -9.45021641e+03 
 1.81970086e+10 -7.03122324e+03 -8.78356777e+03 -3.82114211e+02  4.25272310e+02  3.50778535e+02 -1.27915886e+03  1.68406160e+02 -1.32873678e+03  1.79166330e+03  6.10759543e+03  1.78783278e+03  6.09994854e+03 -6.21569922e+03 -9.08684008e+03 
 1.86208714e+10 -7.50052830e+03 -8.33402579e+03 -3.72534112e+02  4.28473713e+02  3.14526001e+02 -1.28052613e+03  1.26818913e+02 -1.32608559e+03  2.08046411e+03  5.99534527e+03  2.07626843e+03  5.98793242e+03 -6.68324609e+03 -8.68538312e+03 
 1.90546072e+10 -7.94812821e+03 -7.84434671e+03 -3.62802019e+02  4.31485010e+02  2.77862530e+02 -1.28089595e+03  8.47857015e+01 -1.32207845e+03  2.36832604e+03  5.86365469e+03  2.36377251e+03  5.85650290e+03 -7.13238515e+03 -8.24576123e+03 
 1.94984460e+10 -8.36963854e+03 -7.31507272e+03 -3.52924834e+02  4.34298160e+02  2.40821970e+02 -1.28024077e+03  4.23534095e+01 -1.31666916e+03  2.65357153e+03  5.71193033e+03  2.64867007e+03  5.70506698e+03 -7.55905909e+03 -7.76832079e+03 
 1.99526231e+10 -8.76054794e+03 -6.74726915e+03 -3.42909975e+02  4.36905416e+02  2.03439260e+02 -1.27853493e+03 -4.28484086e-01 -1.30981287e+03  2.93438941e+03  5.53973906e+03  2.92915269e+03  5.53319149e+03 -7.95907934e+03 -7.25388592e+03 
 2.04173794e+10 -9.11628589e+03 -6.14256737e+03 -3.32765368e+02  4.39299366e+02  1.65750164e+02 -1.27575483e+03 -4.35080505e+01 -1.30146621e+03  3.20885121e+03  5.34683367e+03  3.20329478e+03  5.34062897e+03 -8.32818749e+03 -6.70379965e+03 
 2.08929613e+10 -9.43230109e+03 -5.50319808e+03 -3.22499427e+02  4.41472978e+02  1.27790961e+02 -1.27187899e+03 -8.68310792e+01 -1.29158733e+03  3.47493277e+03  5.13317717e+03  3.46907513e+03  5.12734178e+03 -8.66212688e+03 -6.11995651e+03 
 2.13796209e+10 -9.70414926e+03 -4.83201262e+03 -3.12121029e+02  4.43419632e+02  8.95981011e+01 -1.26688811e+03 -1.30341269e+02 -1.28013600e+03  3.73054102e+03  4.89896428e+03  3.72440361e+03  4.89352363e+03 -8.95672314e+03 -5.50482411e+03 
 2.18776162e+10 -9.92758830e+03 -4.13248950e+03 -3.01639492e+02  4.45133161e+02  5.12078249e+01 -1.26076509e+03 -1.73980438e+02 -1.26707363e+03  3.97354559e+03  4.64463899e+03  3.96715276e+03  4.63961714e+03 -9.20797186e+03 -4.86145131e+03 
 2.23872114e+10 -1.00986779e+04 -3.40872417e+03 -2.91064545e+02  4.46607890e+02  1.26557452e+01 -1.25349496e+03 -2.17688755e+02 -1.25236319e+03  4.20181466e+03  4.37090696e+03  4.19519361e+03  4.36632622e+03 -9.41213081e+03 -4.19346095e+03 
 2.29086765e+10 -1.02138801e+04 -2.66540042e+03 -2.80406296e+02  4.47838665e+02 -2.60236089e+01 -1.24506481e+03 -2.61404975e+02 -1.23596915e+03  4.41325413e+03  4.07874179e+03  4.40643473e+03  4.07462229e+03 -9.56581356e+03 -3.50502551e+03 
 2.34422882e+10 -1.02701574e+04 -1.90774261e+03 -2.69675197e+02  4.48820886e+02 -6.47972819e+01 -1.23546357e+03 -3.05066694e+02 -1.21785731e+03  4.60584874e+03  3.76938395e+03  4.59886336e+03  3.76574333e+03 -9.66608099e+03 -2.80082497e+03 
 2.39883292e+10 -1.02650632e+04 -1.14144906e+03 -2.58882006e+02  4.49550538e+02 -1.03634417e+02 -1.22468179e+03 -3.48610590e+02 -1.19799454e+03  4.77770378e+03  3.44433218e+03  4.77058695e+03  3.44118520e+03 -9.71052652e+03 -2.08598696e+03 
 2.45470892e+10 -1.01968213e+04 -3.72607654e+02 -2.48037745e+02  4.50024216e+02 -1.42506807e+02 -1.21271128e+03 -3.91972663e+02 -1.17634846e+03  4.92708545e+03  3.10532665e+03  4.91987362e+03  3.10268493e+03 -9.69735128e+03 -1.36601017e+03 
 2.51188643e+10 -1.00643896e+04  3.92403806e+02 -2.37153661e+02  4.50239145e+02 -1.81389476e+02 -1.19954459e+03 -4.35088446e+02 -1.15288699e+03  5.05245834e+03  2.75432442e+03  5.04518943e+03  2.75219615e+03 -9.62542526e+03 -6.46673105e+02 
 2.57039578e+10 -9.86750533e+03  1.14702914e+03 -2.26241178e+02  4.50193205e+02 -2.20261277e+02 -1.18517446e+03 -4.77893175e+02 -1.12757779e+03  5.15251794e+03  2.39346752e+03  5.14523098e+03  2.39185731e+03 -9.49433115e+03  6.60686793e+01 
 2.63026799e+10 -9.60670802e+03  1.88465295e+03 -2.15311851e+02  4.49884942e+02 -2.59105496e+02 -1.16959303e+03 -5.20321900e+02 -1.10038753e+03  5.22621679e+03  2.02504498e+03  5.21895145e+03  2.02395369e+03 -9.30438834e+03  7.66193073e+02 
 2.69153480e+10 -9.28333995e+03  2.59872240e+03 -2.04377319e+02  4.49313584e+02 -2.97910462e+02 -1.15279087e+03 -5.62309506e+02 -1.07128105e+03  5.27278263e+03  1.65144999e+03  5.26557880e+03  1.65087469e+03 -9.05665531e+03  1.44772501e+03 
 2.75422870e+10 -8.89952283e+03  3.28286634e+03 -1.93449259e+02  4.48479048e+02 -3.36670130e+02 -1.13475585e+03 -6.03790606e+02 -1.04022035e+03  5.29172775e+03  1.27513429e+03  5.28462505e+03  1.27506826e+03 -8.75291026e+03  2.10484835e+03 
 2.81838293e+10 -8.45811215e+03  3.93100627e+03 -1.82539332e+02  4.47381946e+02 -3.75384628e+02 -1.11547173e+03 -6.44699277e+02 -1.00716328e+03  5.28284868e+03  8.98561552e+02  5.27588607e+03  8.98994401e+02 -8.39561045e+03  2.73201097e+03 
 2.88403150e+10 -7.96263141e+03  4.53745443e+03 -1.71659140e+02  4.46023586e+02 -4.14060729e+02 -1.09491641e+03 -6.84968559e+02 -9.72062192e+02  5.24621640e+03  5.24162153e+02  5.23943173e+03  5.25079911e+02 -7.98783234e+03  3.32401859e+03 
 2.95120923e+10 -7.41718984e+03  5.09699428e+03 -1.60820172e+02  4.44405973e+02 -4.52712212e+02 -1.07305992e+03 -7.24529671e+02 -9.34862170e+02  5.18215717e+03  1.54291224e+02  5.17558683e+03  1.55676580e+02 -7.53319564e+03  3.87611303e+03 
 3.01995172e+10 -6.82638787e+03  5.60494017e+03 -1.50033757e+02  4.42531800e+02 -4.91360047e+02 -1.04986193e+03 -7.63310835e+02 -8.95499141e+02  5.09122493e+03 -2.08807829e+02  5.08490353e+03 -2.06975286e+02 -7.03577500e+03  4.38403162e+03 
 3.09029543e+10 -6.19521579e+03  6.05717365e+03 -1.39311019e+02  4.40404443e+02 -5.30032334e+02 -1.02526886e+03 -8.01235589e+02 -8.53897661e+02  4.97416644e+03 -5.63032626e+02  4.96812657e+03 -5.60776128e+02 -6.50000413e+03  4.84404555e+03 
 3.16227766e+10 -5.52895099e+03  6.45015518e+03 -1.28662827e+02  4.38027949e+02 -5.68763878e+02 -9.99210308e+02 -8.38220460e+02 -8.09968454e+02  4.83188066e+03 -9.06442367e+02  4.82615265e+03 -9.03787662e+02 -5.93057722e+03  5.25297562e+03 
 3.23593657e+10 -4.83305990e+03  6.78091112e+03 -1.18099749e+02  4.35407023e+02 -6.07595256e+02 -9.71594983e+02 -8.74171773e+02 -7.63605714e+02  4.66537401e+03 -1.23726837e+03  4.65998584e+03 -1.23424342e+03 -5.33235285e+03  5.60818523e+03 
 3.31131121e+10 -4.11311036e+03  7.04699702e+03 -1.07632015e+02  4.32547014e+02 -6.46571163e+02 -9.42305775e+02 -9.08981375e+02 -7.14684224e+02  4.47571351e+03 -1.55391355e+03  4.47069073e+03 -1.55054823e+03 -4.71026565e+03  5.90755135e+03 
 3.38844156e+10 -3.37470049e+03  7.24643928e+03 -9.72694624e+01  4.29453895e+02 -6.85737763e+02 -9.11194042e+02 -9.42520956e+02 -6.63056405e+02  4.26397965e+03 -1.85494002e+03  4.25934539e+03 -1.85126586e+03 -4.06925079e+03  6.14941484e+03 
 3.46736850e+10 -2.62340983e+03  7.37765808e+03 -8.70215063e+01  4.26134248e+02 -7.25138642e+02 -8.78072966e+02 -9.74634568e+02 -6.08549485e+02  4.03122125e+03 -2.13904397e+03  4.02699625e+03 -2.13509393e+03 -3.41418627e+03  6.33251271e+03 
 3.54813389e+10 -1.86477883e+03  7.43937582e+03 -7.68970922e+01  4.22595239e+02 -7.64808842e+02 -8.42709957e+02 -1.00512889e+03 -5.50963144e+02  3.77841449e+03 -2.40501713e+03  3.77461719e+03 -2.40082544e+03 -2.74985808e+03  6.45589519e+03 
 3.63078055e+10 -1.10432288e+03  7.43051624e+03 -6.69046600e+01  4.18844604e+02 -8.04766260e+02 -8.04818161e+02 -1.03376061e+03 -4.90068138e+02  3.50642905e+03 -2.65169388e+03  3.50307572e+03 -2.64729596e+03 -2.08095342e+03  6.51883186e+03 
 3.71535229e+10 -3.47587758e+02  7.35010148e+03 -5.70521058e+01  4.14890624e+02 -8.44999470e+02 -7.64047310e+02 -1.06022041e+03 -4.25606777e+02  3.21600485e+03 -2.87788306e+03  3.21310970e+03 -2.87331550e+03 -1.41208765e+03  6.52071190e+03 
 3.80189396e+10  3.99746279e+02  7.19715673e+03 -4.73467450e+01  4.10742106e+02 -8.85450733e+02 -7.19974435e+02 -1.08411265e+03 -3.57296533e+02  2.90774405e+03 -3.08228346e+03  2.90531932e+03 -3.07758415e+03 -7.47871167e+02  6.46094544e+03 
 3.89045145e+10  1.13170383e+03  6.97063637e+03 -3.77952761e+01  4.06408365e+02 -9.25992675e+02 -6.72095487e+02 -1.10493043e+03 -2.84838710e+02  2.58212502e+03 -3.26338247e+03  2.58018105e+03 -3.25859076e+03 -9.30231491e+01  6.33887611e+03 
 3.98107171e+10  1.84178987e+03  6.66939156e+03 -2.84037435e+01  4.01899204e+02 -9.66396825e+02 -6.19819715e+02 -1.12202554e+03 -2.07934983e+02  2.23954739e+03 -3.41933826e+03  2.23809255e+03 -3.41449534e+03  5.47460620e+02  6.15371904e+03 
 4.07380278e+10  2.52269686e+03  6.29220811e+03 -1.91775011e+01  3.97224896e+02 -1.00629211e+03 -5.62469910e+02 -1.13457399e+03 -1.26315745e+02  1.88042089e+03 -3.54784885e+03  1.87946139e+03 -3.54299815e+03  1.16807976e+03  5.90454557e+03 
 4.16869383e+10  3.16594558e+03  5.83795524e+03 -1.01211736e+01  3.92396170e+02 -1.04511172e+03 -4.99293430e+02 -1.14153901e+03 -3.97855071e+01  1.50531447e+03 -3.64601619e+03  1.50485392e+03 -3.64120389e+03  1.76253902e+03  5.59034546e+03 
 4.26579519e+10  3.76147763e+03  5.30590033e+03 -1.23861642e+00  3.87424200e+02 -1.08202811e+03 -4.29491424e+02 -1.14163654e+03  5.17081752e+01  1.11518592e+03 -3.71022263e+03  1.11522459e+03 -3.70549822e+03  2.32340335e+03  5.21020924e+03 
 4.36515832e+10  4.29724507e+03  4.69625795e+03  7.46712732e+00  3.82320596e+02 -1.11587853e+03 -3.52276573e+02 -1.13331223e+03  1.47975287e+02  7.11712789e+02 -3.73605209e+03  7.12246502e+02 -3.73146883e+03  2.84172561e+03  4.76368684e+03 
 4.46683592e+10  4.75889081e+03  4.01104698e+03  1.59938742e+01  3.77097396e+02 -1.14508969e+03 -2.66972398e+02 -1.11474622e+03  2.48448132e+02  2.97739215e+02 -3.71830917e+03  2.98757722e+02 -3.71392434e+03  3.30670908e+03  4.25138695e+03 
 4.57088190e+10  5.12968244e+03  3.25530990e+03  2.43403536e+01  3.71767070e+02 -1.16761904e+03 -1.73167756e+02 -1.08390976e+03  3.52010968e+02 -1.22167917e+02 -3.65121682e+03 -1.20683052e+02 -3.64709150e+03  3.70552055e+03  3.67587470e+03 
 4.67735141e+10  5.39094770e+03  2.43867914e+03  3.25062699e+01  3.66342524e+02 -1.18094411e+03 -7.09352244e+01 -1.03870646e+03  4.56808685e+02 -5.41105665e+02 -3.52889680e+03 -5.39183615e+02 -3.52509476e+03  4.02344089e+03  3.04288237e+03 
 4.78630092e+10  5.52332927e+03  1.57712441e+03  4.04923754e+01  3.60837111e+02 -1.18214634e+03  3.88937089e+01 -9.77232143e+02  5.60072398e+02 -9.49294906e+02 -3.34624015e+03 -9.46978294e+02 -3.34282565e+03  4.24460754e+03  2.36274289e+03 
 4.89778819e+10  5.50916040e+03  6.94466031e+02  4.83005601e+01  3.55264652e+02 -1.16814452e+03  1.54435322e+02 -8.98173704e+02  6.58032470e+02 -1.33384876e+03 -3.10022223e+03 -1.33119598e+03 -3.09725616e+03  4.35361770e+03  1.65176825e+03 
 5.01187234e+10  5.33605176e+03 -1.77063427e+02  5.59339609e+01  3.49639455e+02 -1.13611946e+03  2.72527518e+02 -8.01323289e+02  7.46019767e+02 -1.67917763e+03 -2.79156959e+03 -1.67626389e+03 -2.78910408e+03  4.33813541e+03  9.33047412e+02 
 5.12861384e+10  5.00128161e+03 -9.98121789e+02  6.33970952e+01  3.43976335e+02 -1.08411826e+03  3.88701626e+02 -6.88108200e+02  8.18857527e+02 -1.96835202e+03 -2.42643433e+03 -1.96526815e+03 -2.42450615e+03  4.19229501e+03  2.35940198e+02 
 5.24807460e+10  4.51585447e+03 -1.72613905e+03  7.06960184e+01  3.38290633e+02 -1.01172744e+03  4.97489424e+02 -5.61948627e+02  8.71583857e+02 -2.18552546e+03 -2.01745205e+03 -2.18237343e+03 -2.01607609e+03  3.92013043e+03 -4.06385767e+02 
 5.37031796e+10  3.90649619e+03 -2.32166402e+03  7.78385034e+01  3.32598223e+02 -9.20594903e+02  5.93125070e+02 -4.28216188e+02  9.00404027e+02 -2.31905032e+03 -1.58345260e+03 -2.31593563e+03 -1.58261717e+03  3.53772742e+03 -9.61472919e+02 
 5.49540874e+10  3.21398545e+03 -2.75574412e+03  8.48342392e+01  3.26915515e+02 -8.14540502e+02  6.70532295e+02 -2.93648811e+02  9.03601177e+02 -2.36437198e+03 -1.14739120e+03 -2.36139384e+03 -1.14705707e+03  3.07275449e+03 -1.40324829e+03 
 5.62341325e+10  2.48745084e+03 -3.01584317e+03  9.16950467e+01  3.21259466e+02 -6.99102758e+02  7.26302576e+02 -1.65295215e+02  8.82051869e+02 -2.32555025e+03 -7.32796198e+02 -2.32279188e+03 -7.32900174e+02  2.56083289e+03 -1.71703418e+03 
 5.75439937e+10  1.77613662e+03 -3.10793936e+03  9.84351230e+01  3.15647611e+02 -5.80607660e+02  7.59307003e+02 -4.93072040e+01  8.39103664e+02 -2.21466002e+03 -3.59817695e+02 -2.21218154e+03 -3.60280301e+02  2.03961682e+03 -1.90197857e+03 
 5.88843655e+10  1.12144079e+03 -3.05400753e+03  1.05071334e+02  3.10098120e+02 -4.65074020e+02  7.70723225e+02  5.00042461e+01  7.79846010e+02 -2.04923934e+03 -4.22396365e+01 -2.04707492e+03 -4.29747527e+01  1.54258962e+03 -1.97001622e+03 
 6.02559586e+10  5.51789997e+02 -2.88613060e+03  1.11623582e+02  3.04629892e+02 -3.57327219e+02  7.63522574e+02  1.30565869e+02  7.10068080e+02 -1.84879494e+03  2.13659764e+02 -1.84695433e+03  2.12735723e+02  1.09461917e+03 -1.94201734e+03 
 6.16595002e+10  8.13700793e+01 -2.63965290e+03  1.18115280e+02  2.99262687e+02 -2.60550962e+02  7.41673719e+02  1.92374009e+02  6.35277960e+02 -1.63159901e+03  4.08399199e+02 -1.63007220e+03  4.07360454e+02  7.10286506e+02 -1.84281503e+03 
 6.30957344e+10 -2.87960395e+02 -2.34754157e+03  1.24573958e+02  2.94017273e+02 -1.76285909e+02  7.09360704e+02  2.36958700e+02  5.60041043e+02 -1.41259382e+03  5.47425938e+02 -1.41135712e+03  5.46333589e+02  3.94715165e+02 -1.69679703e+03 
 6.45654229e+10 -5.63113263e+02 -2.03700075e+03  1.31032038e+02  2.88915601e+02 -1.04728473e+02  6.70410940e+02  2.66738304e+02  4.87702083e+02 -1.20257567e+03  6.38947665e+02 -1.20159755e+03  6.37848701e+02  1.45863750e+02 -1.52500353e+03 
 6.60693448e+10 -7.56025424e+02 -1.72827635e+03  1.37527818e+02  2.83981006e+02 -4.51462587e+01  6.27987498e+02  2.84457099e+02  4.20410750e+02 -1.00836418e+03  6.92084484e+02 -1.00761006e+03  6.91012723e+02 -4.28093532e+01 -1.34383797e+03 
 6.76082975e+10 -8.80601821e+02 -1.43499400e+03  1.44106723e+02  2.79238442e+02  3.72688979e+00  5.84501455e+02  2.92791218e+02  3.59319153e+02 -8.33511064e+02  7.15601220e+02 -8.32946708e+02  7.14579288e+02 -1.80032193e+02 -1.16499381e+03 
 6.91830971e+10 -9.50635047e+02 -1.16528526e+03  1.50822926e+02  2.74714754e+02  4.33839389e+01  5.41663970e+02  2.94124931e+02  3.04836945e+02 -6.79172043e+02  7.17208610e+02 -6.78765650e+02  7.16250255e+02 -2.75050071e+02 -9.96072336e+02 
 7.07945784e+10 -9.78618370e+02 -9.23138812e+02  1.57741456e+02  2.70439003e+02  7.53395810e+01  5.00604558e+02  2.90458347e+02  2.56872448e+02 -5.44912646e+02  7.03294111e+02 -5.44635928e+02  7.02406413e+02 -3.36598529e+02 -8.41462831e+02 
 7.24435960e+10 -9.75220362e+02 -7.09652358e+02  1.64940986e+02  2.66442847e+02  1.01012159e+02  4.62005329e+02  2.83399412e+02  2.15027574e+02 -4.29349449e+02  6.78922285e+02 -4.29178014e+02  6.78107551e+02 -3.72380080e+02 -7.03219119e+02 
 7.41310241e+10 -9.49180758e+02 -5.24048380e+02  1.72517579e+02  2.62760970e+02  1.21668717e+02  4.26223908e+02  2.74201210e+02  1.78739991e+02 -3.30611315e+02  6.47975425e+02 -3.30524619e+02  6.47232705e+02 -3.88880108e+02 -5.81805049e+02 
 7.58577575e+10 -9.07438197e+02 -3.64430490e+02  1.80589788e+02  2.59431549e+02  1.38410869e+02  3.93394039e+02  2.63818044e+02  1.47378647e+02 -2.46645033e+02  6.13348040e+02 -2.46626091e+02  6.12674282e+02 -3.91383482e+02 -4.76671732e+02 
 7.76247117e+10 -8.55362049e+02 -2.28311122e+02  1.89305719e+02  2.56496707e+02  1.52184621e+02  3.63502193e+02  2.52964795e+02  1.20302965e+02 -1.75401869e+02  5.77145495e+02 -1.75436862e+02  5.76536390e+02 -3.84093669e+02 -3.86676090e+02 
 7.94328235e+10 -7.97011505e+02 -1.12958794e+02  1.98852984e+02  2.54002818e+02  1.63803092e+02  3.36442810e+02  2.42171781e+02  9.68957977e+01 -1.14939652e+02  5.40862494e+02 -1.15017509e+02  5.40313077e+02 -3.70292472e+02 -3.10368748e+02 
 8.12830516e+10 -7.35380574e+02 -1.56121107e+01  2.09473012e+02  2.52000444e+02  1.73975793e+02  3.12056130e+02  2.31832212e+02  7.65781664e+01 -6.34678612e+01  5.05532390e+02 -6.35798667e+01  5.05037452e+02 -3.52505325e+02 -2.46182382e+02 
 8.31763771e+10 -6.72609474e+02  6.64007737e+01  2.21482046e+02  2.50543339e+02  1.83341756e+02  2.90152245e+02  2.22241998e+02  5.88114197e+01 -1.93551070e+01  4.71846407e+02 -1.94945543e+01  4.71400780e+02 -3.32654704e+02 -1.92547703e+02 
 8.51138038e+10 -6.10154691e+02  1.35608609e+02  2.35302710e+02  2.49685409e+02  1.92506573e+02  2.70523956e+02  2.13633035e+02  4.30900345e+01  1.88888235e+01  4.40245359e+02  1.87269152e+01  4.39844096e+02 -3.12194941e+02 -1.47958220e+02 
 8.70963590e+10 -5.48914735e+02  1.94390221e+02  2.51512722e+02  2.49473224e+02  2.02085960e+02  2.52949260e+02  2.06201722e+02  2.89259908e+01  5.26504602e+01  4.10987103e+02  5.24695586e+01  4.10625605e+02 -2.92227770e+02 -1.10998527e+02 
 8.91250938e+10 -4.89307929e+02  2.45003368e+02  2.70922303e+02  2.49928773e+02  2.12761622e+02  2.37181573e+02  2.00134662e+02  1.58229487e+01  8.32697400e+01  3.84191638e+02  8.30719331e+01  3.83865746e+02 -2.73601340e+02 -8.03448670e+01 
 9.12010839e+10 -4.31291974e+02  2.89645403e+02  2.94701187e+02  2.51010409e+02  2.25360123e+02  2.22920672e+02  1.95633387e+02  3.23440833e+00  1.12123837e+02  3.59861865e+02  1.11909873e+02  3.59567954e+02 -2.56997257e+02 -5.47403391e+01 
 9.33254301e+10 -3.74298382e+02  3.30548152e+02  3.24594391e+02  2.52523170e+02  2.40974212e+02  2.09746052e+02  1.92938880e+02 -9.50751551e+00  1.40755665e+02  3.37869149e+02  1.40524868e+02  3.37604268e+02 -2.43011228e+02 -3.29383885e+01 
 9.54992586e+10 -3.17015784e+02  3.70112710e+02  3.63301800e+02  2.53905541e+02  2.61162155e+02  1.96966571e+02  1.92352155e+02 -2.33222082e+01  1.71084346e+02  3.17870234e+02  1.70834357e+02  3.17632374e+02 -2.32232364e+02 -1.35923277e+01 
 9.77237221e+10 -2.56859921e+02  4.11076542e+02  4.15165667e+02  2.53694945e+02  2.88288011e+02  1.83265068e+02  1.94229325e+02 -3.96363943e+01  2.05771232e+02  2.99059360e+02  2.05497471e+02  2.98848041e+02 -2.25318594e+02  4.96721287e+00 
 1.00000000e+11 -1.88717572e+02  4.56605236e+02  4.87418399e+02  2.48091644e+02  3.26092476e+02  1.65795491e+02  1.98857823e+02 -6.09222871e+01  2.48872972e+02  2.79467607e+02  2.48567686e+02  2.79285269e+02 -2.23023702e+02  2.52150871e+01 
