 time            v(bufinp)       v(bufinn)       v(outp)         v(outn)        
 0.00000000e+00  1.80000000e+00  1.80000000e+00  2.69455771e+00  2.69455771e+00 
 5.00000000e-15  1.80000314e+00  1.79999686e+00  2.69455766e+00  2.69455776e+00 
 1.00000000e-14  1.80000628e+00  1.79999372e+00  2.69455760e+00  2.69455782e+00 
 2.00000000e-14  1.80001257e+00  1.79998743e+00  2.69455745e+00  2.69455797e+00 
 4.00000000e-14  1.80002513e+00  1.79997487e+00  2.69455716e+00  2.69455826e+00 
 8.00000000e-14  1.80005027e+00  1.79994973e+00  2.69455672e+00  2.69455870e+00 
 1.60000000e-13  1.80010053e+00  1.79989947e+00  2.69455673e+00  2.69455869e+00 
 3.20000000e-13  1.80020106e+00  1.79979894e+00  2.69456201e+00  2.69455341e+00 
 6.40000000e-13  1.80040212e+00  1.79959788e+00  2.69459870e+00  2.69451671e+00 
 1.14000000e-12  1.80071628e+00  1.79928372e+00  2.69472320e+00  2.69439216e+00 
 1.64000000e-12  1.80103042e+00  1.79896958e+00  2.69491240e+00  2.69420286e+00 
 2.14000000e-12  1.80134456e+00  1.79865544e+00  2.69514591e+00  2.69396920e+00 
 2.64000000e-12  1.80165868e+00  1.79834132e+00  2.69541153e+00  2.69370337e+00 
 3.14000000e-12  1.80197279e+00  1.79802721e+00  2.69570284e+00  2.69341178e+00 
 3.64000000e-12  1.80228688e+00  1.79771312e+00  2.69601593e+00  2.69309835e+00 
 4.14000000e-12  1.80260095e+00  1.79739905e+00  2.69634792e+00  2.69276595e+00 
 4.64000000e-12  1.80291499e+00  1.79708501e+00  2.69669649e+00  2.69241690e+00 
 5.14000000e-12  1.80322900e+00  1.79677100e+00  2.69705963e+00  2.69205321e+00 
 5.64000000e-12  1.80354297e+00  1.79645703e+00  2.69743559e+00  2.69167664e+00 
 6.14000000e-12  1.80385692e+00  1.79614308e+00  2.69782282e+00  2.69128872e+00 
 6.64000000e-12  1.80417082e+00  1.79582918e+00  2.69821998e+00  2.69089081e+00 
 7.14000000e-12  1.80448469e+00  1.79551531e+00  2.69862585e+00  2.69048412e+00 
 7.64000000e-12  1.80479851e+00  1.79520149e+00  2.69903939e+00  2.69006970e+00 
 8.14000000e-12  1.80511228e+00  1.79488772e+00  2.69945966e+00  2.68964848e+00 
 8.64000000e-12  1.80542601e+00  1.79457399e+00  2.69988583e+00  2.68922129e+00 
 9.14000000e-12  1.80573968e+00  1.79426032e+00  2.70031720e+00  2.68878884e+00 
 9.64000000e-12  1.80605329e+00  1.79394671e+00  2.70075312e+00  2.68835177e+00 
 1.01400000e-11  1.80636684e+00  1.79363316e+00  2.70119303e+00  2.68791065e+00 
 1.06400000e-11  1.80668033e+00  1.79331967e+00  2.70163644e+00  2.68746598e+00 
 1.11400000e-11  1.80699375e+00  1.79300625e+00  2.70208291e+00  2.68701818e+00 
 1.16400000e-11  1.80730711e+00  1.79269289e+00  2.70253206e+00  2.68656765e+00 
 1.21400000e-11  1.80762039e+00  1.79237961e+00  2.70298356e+00  2.68611472e+00 
 1.26400000e-11  1.80793360e+00  1.79206640e+00  2.70343709e+00  2.68565969e+00 
 1.31400000e-11  1.80824673e+00  1.79175327e+00  2.70389241e+00  2.68520283e+00 
 1.36400000e-11  1.80855978e+00  1.79144022e+00  2.70434929e+00  2.68474438e+00 
 1.41400000e-11  1.80887274e+00  1.79112726e+00  2.70480750e+00  2.68428453e+00 
 1.46400000e-11  1.80918562e+00  1.79081438e+00  2.70526689e+00  2.68382347e+00 
 1.51400000e-11  1.80949840e+00  1.79050160e+00  2.70572728e+00  2.68336136e+00 
 1.56400000e-11  1.80981109e+00  1.79018891e+00  2.70618854e+00  2.68289834e+00 
 1.61400000e-11  1.81012369e+00  1.78987631e+00  2.70665054e+00  2.68243454e+00 
 1.66400000e-11  1.81043618e+00  1.78956382e+00  2.70711318e+00  2.68197007e+00 
 1.71400000e-11  1.81074857e+00  1.78925143e+00  2.70757635e+00  2.68150503e+00 
 1.76400000e-11  1.81106086e+00  1.78893914e+00  2.70803997e+00  2.68103950e+00 
 1.81400000e-11  1.81137304e+00  1.78862696e+00  2.70850396e+00  2.68057357e+00 
 1.86400000e-11  1.81168510e+00  1.78831490e+00  2.70896826e+00  2.68010729e+00 
 1.91400000e-11  1.81199705e+00  1.78800295e+00  2.70943281e+00  2.67964074e+00 
 1.96400000e-11  1.81230888e+00  1.78769112e+00  2.70989755e+00  2.67917397e+00 
 2.01400000e-11  1.81262059e+00  1.78737941e+00  2.71036243e+00  2.67870702e+00 
 2.06400000e-11  1.81293217e+00  1.78706783e+00  2.71082742e+00  2.67823994e+00 
 2.11400000e-11  1.81324363e+00  1.78675637e+00  2.71129247e+00  2.67777277e+00 
 2.16400000e-11  1.81355496e+00  1.78644504e+00  2.71175756e+00  2.67730555e+00 
 2.21400000e-11  1.81386615e+00  1.78613385e+00  2.71222264e+00  2.67683830e+00 
 2.26400000e-11  1.81417720e+00  1.78582280e+00  2.71268770e+00  2.67637105e+00 
 2.31400000e-11  1.81448812e+00  1.78551188e+00  2.71315272e+00  2.67590383e+00 
 2.36400000e-11  1.81479889e+00  1.78520111e+00  2.71361766e+00  2.67543667e+00 
 2.41400000e-11  1.81510952e+00  1.78489048e+00  2.71408250e+00  2.67496958e+00 
 2.46400000e-11  1.81542000e+00  1.78458000e+00  2.71454724e+00  2.67450258e+00 
 2.51400000e-11  1.81573032e+00  1.78426968e+00  2.71501186e+00  2.67403569e+00 
 2.56400000e-11  1.81604049e+00  1.78395951e+00  2.71547633e+00  2.67356892e+00 
 2.61400000e-11  1.81635050e+00  1.78364950e+00  2.71594065e+00  2.67310230e+00 
 2.66400000e-11  1.81666035e+00  1.78333965e+00  2.71640480e+00  2.67263583e+00 
 2.71400000e-11  1.81697004e+00  1.78302996e+00  2.71686878e+00  2.67216952e+00 
 2.76400000e-11  1.81727956e+00  1.78272044e+00  2.71733256e+00  2.67170340e+00 
 2.81400000e-11  1.81758891e+00  1.78241109e+00  2.71779615e+00  2.67123746e+00 
 2.86400000e-11  1.81789808e+00  1.78210192e+00  2.71825952e+00  2.67077172e+00 
 2.91400000e-11  1.81820708e+00  1.78179292e+00  2.71872268e+00  2.67030619e+00 
 2.96400000e-11  1.81851590e+00  1.78148410e+00  2.71918561e+00  2.66984088e+00 
 3.01400000e-11  1.81882453e+00  1.78117547e+00  2.71964831e+00  2.66937579e+00 
 3.06400000e-11  1.81913298e+00  1.78086702e+00  2.72011077e+00  2.66891094e+00 
 3.11400000e-11  1.81944124e+00  1.78055876e+00  2.72057297e+00  2.66844633e+00 
 3.16400000e-11  1.81974931e+00  1.78025069e+00  2.72103493e+00  2.66798197e+00 
 3.21400000e-11  1.82005718e+00  1.77994282e+00  2.72149662e+00  2.66751786e+00 
 3.26400000e-11  1.82036486e+00  1.77963514e+00  2.72195804e+00  2.66705402e+00 
 3.31400000e-11  1.82067233e+00  1.77932767e+00  2.72241918e+00  2.66659045e+00 
 3.36400000e-11  1.82097960e+00  1.77902040e+00  2.72288005e+00  2.66612716e+00 
 3.41400000e-11  1.82128667e+00  1.77871333e+00  2.72334063e+00  2.66566414e+00 
 3.46400000e-11  1.82159352e+00  1.77840648e+00  2.72380092e+00  2.66520142e+00 
 3.51400000e-11  1.82190016e+00  1.77809984e+00  2.72426090e+00  2.66473899e+00 
 3.56400000e-11  1.82220659e+00  1.77779341e+00  2.72472059e+00  2.66427686e+00 
 3.61400000e-11  1.82251279e+00  1.77748721e+00  2.72517997e+00  2.66381504e+00 
 3.66400000e-11  1.82281877e+00  1.77718123e+00  2.72563903e+00  2.66335352e+00 
 3.71400000e-11  1.82312453e+00  1.77687547e+00  2.72609777e+00  2.66289233e+00 
 3.76400000e-11  1.82343006e+00  1.77656994e+00  2.72655619e+00  2.66243146e+00 
 3.81400000e-11  1.82373536e+00  1.77626464e+00  2.72701428e+00  2.66197091e+00 
 3.86400000e-11  1.82404042e+00  1.77595958e+00  2.72747204e+00  2.66151070e+00 
 3.91400000e-11  1.82434525e+00  1.77565475e+00  2.72792945e+00  2.66105083e+00 
 3.96400000e-11  1.82464984e+00  1.77535016e+00  2.72838652e+00  2.66059130e+00 
 4.01400000e-11  1.82495418e+00  1.77504582e+00  2.72884325e+00  2.66013212e+00 
 4.06400000e-11  1.82525828e+00  1.77474172e+00  2.72929961e+00  2.65967330e+00 
 4.11400000e-11  1.82556212e+00  1.77443788e+00  2.72975562e+00  2.65921483e+00 
 4.16400000e-11  1.82586572e+00  1.77413428e+00  2.73021127e+00  2.65875673e+00 
 4.21400000e-11  1.82616906e+00  1.77383094e+00  2.73066654e+00  2.65829899e+00 
 4.26400000e-11  1.82647214e+00  1.77352786e+00  2.73112144e+00  2.65784164e+00 
 4.31400000e-11  1.82677496e+00  1.77322504e+00  2.73157597e+00  2.65738466e+00 
 4.36400000e-11  1.82707752e+00  1.77292248e+00  2.73203011e+00  2.65692806e+00 
 4.41400000e-11  1.82737981e+00  1.77262019e+00  2.73248386e+00  2.65647185e+00 
 4.46400000e-11  1.82768183e+00  1.77231817e+00  2.73293722e+00  2.65601604e+00 
 4.51400000e-11  1.82798357e+00  1.77201643e+00  2.73339018e+00  2.65556063e+00 
 4.56400000e-11  1.82828504e+00  1.77171496e+00  2.73384274e+00  2.65510562e+00 
 4.61400000e-11  1.82858623e+00  1.77141377e+00  2.73429489e+00  2.65465102e+00 
 4.66400000e-11  1.82888714e+00  1.77111286e+00  2.73474664e+00  2.65419683e+00 
 4.71400000e-11  1.82918776e+00  1.77081224e+00  2.73519796e+00  2.65374306e+00 
 4.76400000e-11  1.82948810e+00  1.77051190e+00  2.73564887e+00  2.65328972e+00 
 4.81400000e-11  1.82978814e+00  1.77021186e+00  2.73609935e+00  2.65283680e+00 
 4.86400000e-11  1.83008789e+00  1.76991211e+00  2.73654940e+00  2.65238432e+00 
 4.91400000e-11  1.83038734e+00  1.76961266e+00  2.73699902e+00  2.65193227e+00 
 4.96400000e-11  1.83068650e+00  1.76931350e+00  2.73744820e+00  2.65148067e+00 
 5.01400000e-11  1.83098535e+00  1.76901465e+00  2.73789694e+00  2.65102951e+00 
 5.06400000e-11  1.83128389e+00  1.76871611e+00  2.73834523e+00  2.65057881e+00 
 5.11400000e-11  1.83158213e+00  1.76841787e+00  2.73879306e+00  2.65012857e+00 
 5.16400000e-11  1.83188005e+00  1.76811995e+00  2.73924044e+00  2.64967878e+00 
 5.21400000e-11  1.83217766e+00  1.76782234e+00  2.73968736e+00  2.64922947e+00 
 5.26400000e-11  1.83247495e+00  1.76752505e+00  2.74013381e+00  2.64878062e+00 
 5.31400000e-11  1.83277192e+00  1.76722808e+00  2.74057979e+00  2.64833226e+00 
 5.36400000e-11  1.83306857e+00  1.76693143e+00  2.74102530e+00  2.64788437e+00 
 5.41400000e-11  1.83336489e+00  1.76663511e+00  2.74147032e+00  2.64743697e+00 
 5.46400000e-11  1.83366088e+00  1.76633912e+00  2.74191486e+00  2.64699006e+00 
 5.51400000e-11  1.83395654e+00  1.76604346e+00  2.74235892e+00  2.64654365e+00 
 5.56400000e-11  1.83425187e+00  1.76574813e+00  2.74280248e+00  2.64609773e+00 
 5.61400000e-11  1.83454685e+00  1.76545315e+00  2.74324555e+00  2.64565233e+00 
 5.66400000e-11  1.83484150e+00  1.76515850e+00  2.74368811e+00  2.64520743e+00 
 5.71400000e-11  1.83513580e+00  1.76486420e+00  2.74413017e+00  2.64476304e+00 
 5.76400000e-11  1.83542976e+00  1.76457024e+00  2.74457171e+00  2.64431918e+00 
 5.81400000e-11  1.83572336e+00  1.76427664e+00  2.74501274e+00  2.64387584e+00 
 5.86400000e-11  1.83601661e+00  1.76398339e+00  2.74545326e+00  2.64343303e+00 
 5.91400000e-11  1.83630951e+00  1.76369049e+00  2.74589324e+00  2.64299075e+00 
 5.96400000e-11  1.83660205e+00  1.76339795e+00  2.74633270e+00  2.64254901e+00 
 6.01400000e-11  1.83689423e+00  1.76310577e+00  2.74677163e+00  2.64210781e+00 
 6.06400000e-11  1.83718604e+00  1.76281396e+00  2.74721002e+00  2.64166716e+00 
 6.11400000e-11  1.83747749e+00  1.76252251e+00  2.74764787e+00  2.64122707e+00 
 6.16400000e-11  1.83776857e+00  1.76223143e+00  2.74808517e+00  2.64078753e+00 
 6.21400000e-11  1.83805927e+00  1.76194073e+00  2.74852193e+00  2.64034855e+00 
 6.26400000e-11  1.83834960e+00  1.76165040e+00  2.74895813e+00  2.63991013e+00 
 6.31400000e-11  1.83863955e+00  1.76136045e+00  2.74939377e+00  2.63947229e+00 
 6.36400000e-11  1.83892912e+00  1.76107088e+00  2.74982884e+00  2.63903502e+00 
 6.41400000e-11  1.83921830e+00  1.76078170e+00  2.75026335e+00  2.63859834e+00 
 6.46400000e-11  1.83950710e+00  1.76049290e+00  2.75069729e+00  2.63816223e+00 
 6.51400000e-11  1.83979550e+00  1.76020450e+00  2.75113065e+00  2.63772672e+00 
 6.56400000e-11  1.84008352e+00  1.75991648e+00  2.75156343e+00  2.63729180e+00 
 6.61400000e-11  1.84037114e+00  1.75962886e+00  2.75199563e+00  2.63685748e+00 
 6.66400000e-11  1.84065836e+00  1.75934164e+00  2.75242723e+00  2.63642376e+00 
 6.71400000e-11  1.84094518e+00  1.75905482e+00  2.75285825e+00  2.63599065e+00 
 6.76400000e-11  1.84123159e+00  1.75876841e+00  2.75328866e+00  2.63555815e+00 
 6.81400000e-11  1.84151760e+00  1.75848240e+00  2.75371848e+00  2.63512626e+00 
 6.86400000e-11  1.84180320e+00  1.75819680e+00  2.75414768e+00  2.63469500e+00 
 6.91400000e-11  1.84208838e+00  1.75791162e+00  2.75457628e+00  2.63426436e+00 
 6.96400000e-11  1.84237315e+00  1.75762685e+00  2.75500426e+00  2.63383435e+00 
 7.01400000e-11  1.84265751e+00  1.75734249e+00  2.75543162e+00  2.63340498e+00 
 7.06400000e-11  1.84294144e+00  1.75705856e+00  2.75585836e+00  2.63297624e+00 
 7.11400000e-11  1.84322494e+00  1.75677506e+00  2.75628447e+00  2.63254815e+00 
 7.16400000e-11  1.84350802e+00  1.75649198e+00  2.75670994e+00  2.63212071e+00 
 7.21400000e-11  1.84379068e+00  1.75620932e+00  2.75713479e+00  2.63169391e+00 
 7.26400000e-11  1.84407289e+00  1.75592711e+00  2.75755899e+00  2.63126778e+00 
 7.31400000e-11  1.84435468e+00  1.75564532e+00  2.75798254e+00  2.63084230e+00 
 7.36400000e-11  1.84463602e+00  1.75536398e+00  2.75840545e+00  2.63041749e+00 
 7.41400000e-11  1.84491693e+00  1.75508307e+00  2.75882770e+00  2.62999335e+00 
 7.46400000e-11  1.84519739e+00  1.75480261e+00  2.75924930e+00  2.62956988e+00 
 7.51400000e-11  1.84547741e+00  1.75452259e+00  2.75967023e+00  2.62914709e+00 
 7.56400000e-11  1.84575698e+00  1.75424302e+00  2.76009050e+00  2.62872499e+00 
 7.61400000e-11  1.84603609e+00  1.75396391e+00  2.76051010e+00  2.62830357e+00 
 7.66400000e-11  1.84631475e+00  1.75368525e+00  2.76092902e+00  2.62788284e+00 
 7.71400000e-11  1.84659296e+00  1.75340704e+00  2.76134727e+00  2.62746281e+00 
 7.76400000e-11  1.84687070e+00  1.75312930e+00  2.76176483e+00  2.62704348e+00 
 7.81400000e-11  1.84714799e+00  1.75285201e+00  2.76218170e+00  2.62662485e+00 
 7.86400000e-11  1.84742480e+00  1.75257520e+00  2.76259789e+00  2.62620693e+00 
 7.91400000e-11  1.84770115e+00  1.75229885e+00  2.76301338e+00  2.62578972e+00 
 7.96400000e-11  1.84797703e+00  1.75202297e+00  2.76342817e+00  2.62537323e+00 
 8.01400000e-11  1.84825243e+00  1.75174757e+00  2.76384226e+00  2.62495746e+00 
 8.06400000e-11  1.84852736e+00  1.75147264e+00  2.76425564e+00  2.62454242e+00 
 8.11400000e-11  1.84880181e+00  1.75119819e+00  2.76466830e+00  2.62412811e+00 
 8.16400000e-11  1.84907578e+00  1.75092422e+00  2.76508026e+00  2.62371453e+00 
 8.21400000e-11  1.84934926e+00  1.75065074e+00  2.76549149e+00  2.62330169e+00 
 8.26400000e-11  1.84962226e+00  1.75037774e+00  2.76590200e+00  2.62288959e+00 
 8.31400000e-11  1.84989476e+00  1.75010524e+00  2.76631178e+00  2.62247824e+00 
 8.36400000e-11  1.85016678e+00  1.74983322e+00  2.76672083e+00  2.62206764e+00 
 8.41400000e-11  1.85043830e+00  1.74956170e+00  2.76712914e+00  2.62165779e+00 
 8.46400000e-11  1.85070932e+00  1.74929068e+00  2.76753672e+00  2.62124871e+00 
 8.51400000e-11  1.85097984e+00  1.74902016e+00  2.76794355e+00  2.62084039e+00 
 8.56400000e-11  1.85124985e+00  1.74875015e+00  2.76834963e+00  2.62043283e+00 
 8.61400000e-11  1.85151937e+00  1.74848063e+00  2.76875496e+00  2.62002605e+00 
 8.66400000e-11  1.85178837e+00  1.74821163e+00  2.76915953e+00  2.61962004e+00 
 8.71400000e-11  1.85205686e+00  1.74794314e+00  2.76956335e+00  2.61921481e+00 
 8.76400000e-11  1.85232484e+00  1.74767516e+00  2.76996640e+00  2.61881037e+00 
 8.81400000e-11  1.85259230e+00  1.74740770e+00  2.77036868e+00  2.61840672e+00 
 8.86400000e-11  1.85285924e+00  1.74714076e+00  2.77077020e+00  2.61800386e+00 
 8.91400000e-11  1.85312566e+00  1.74687434e+00  2.77117093e+00  2.61760179e+00 
 8.96400000e-11  1.85339156e+00  1.74660844e+00  2.77157089e+00  2.61720053e+00 
 9.01400000e-11  1.85365693e+00  1.74634307e+00  2.77197006e+00  2.61680007e+00 
 9.06400000e-11  1.85392177e+00  1.74607823e+00  2.77236845e+00  2.61640042e+00 
 9.11400000e-11  1.85418608e+00  1.74581392e+00  2.77276605e+00  2.61600158e+00 
 9.16400000e-11  1.85444985e+00  1.74555015e+00  2.77316285e+00  2.61560356e+00 
 9.21400000e-11  1.85471309e+00  1.74528691e+00  2.77355885e+00  2.61520636e+00 
 9.26400000e-11  1.85497578e+00  1.74502422e+00  2.77395405e+00  2.61480998e+00 
 9.31400000e-11  1.85523794e+00  1.74476206e+00  2.77434845e+00  2.61441444e+00 
 9.36400000e-11  1.85549954e+00  1.74450046e+00  2.77474203e+00  2.61401972e+00 
 9.41400000e-11  1.85576060e+00  1.74423940e+00  2.77513480e+00  2.61362585e+00 
 9.46400000e-11  1.85602111e+00  1.74397889e+00  2.77552675e+00  2.61323281e+00 
 9.51400000e-11  1.85628107e+00  1.74371893e+00  2.77591788e+00  2.61284062e+00 
 9.56400000e-11  1.85654047e+00  1.74345953e+00  2.77630819e+00  2.61244928e+00 
 9.61400000e-11  1.85679931e+00  1.74320069e+00  2.77669767e+00  2.61205879e+00 
 9.66400000e-11  1.85705760e+00  1.74294240e+00  2.77708631e+00  2.61166916e+00 
 9.71400000e-11  1.85731532e+00  1.74268468e+00  2.77747412e+00  2.61128039e+00 
 9.76400000e-11  1.85757247e+00  1.74242753e+00  2.77786109e+00  2.61089249e+00 
 9.81400000e-11  1.85782906e+00  1.74217094e+00  2.77824721e+00  2.61050545e+00 
 9.86400000e-11  1.85808507e+00  1.74191493e+00  2.77863249e+00  2.61011929e+00 
 9.91400000e-11  1.85834051e+00  1.74165949e+00  2.77901692e+00  2.60973400e+00 
 9.96400000e-11  1.85859538e+00  1.74140462e+00  2.77940049e+00  2.60934960e+00 
 1.00140000e-10  1.85884967e+00  1.74115033e+00  2.77978321e+00  2.60896608e+00 
 1.00640000e-10  1.85910337e+00  1.74089663e+00  2.78016506e+00  2.60858344e+00 
 1.01140000e-10  1.85935650e+00  1.74064350e+00  2.78054605e+00  2.60820170e+00 
 1.01640000e-10  1.85960904e+00  1.74039096e+00  2.78092616e+00  2.60782086e+00 
 1.02140000e-10  1.85986098e+00  1.74013902e+00  2.78130541e+00  2.60744092e+00 
 1.02640000e-10  1.86011234e+00  1.73988766e+00  2.78168378e+00  2.60706188e+00 
 1.03140000e-10  1.86036311e+00  1.73963689e+00  2.78206127e+00  2.60668374e+00 
 1.03640000e-10  1.86061328e+00  1.73938672e+00  2.78243788e+00  2.60630652e+00 
 1.04140000e-10  1.86086285e+00  1.73913715e+00  2.78281360e+00  2.60593022e+00 
 1.04640000e-10  1.86111182e+00  1.73888818e+00  2.78318843e+00  2.60555483e+00 
 1.05140000e-10  1.86136019e+00  1.73863981e+00  2.78356236e+00  2.60518037e+00 
 1.05640000e-10  1.86160795e+00  1.73839205e+00  2.78393540e+00  2.60480683e+00 
 1.06140000e-10  1.86185510e+00  1.73814490e+00  2.78430754e+00  2.60443422e+00 
 1.06640000e-10  1.86210165e+00  1.73789835e+00  2.78467878e+00  2.60406255e+00 
 1.07140000e-10  1.86234758e+00  1.73765242e+00  2.78504910e+00  2.60369182e+00 
 1.07640000e-10  1.86259289e+00  1.73740711e+00  2.78541852e+00  2.60332202e+00 
 1.08140000e-10  1.86283759e+00  1.73716241e+00  2.78578702e+00  2.60295318e+00 
 1.08640000e-10  1.86308167e+00  1.73691833e+00  2.78615461e+00  2.60258528e+00 
 1.09140000e-10  1.86332512e+00  1.73667488e+00  2.78652127e+00  2.60221833e+00 
 1.09640000e-10  1.86356795e+00  1.73643205e+00  2.78688701e+00  2.60185234e+00 
 1.10140000e-10  1.86381015e+00  1.73618985e+00  2.78725182e+00  2.60148732e+00 
 1.10640000e-10  1.86405172e+00  1.73594828e+00  2.78761570e+00  2.60112325e+00 
 1.11140000e-10  1.86429266e+00  1.73570734e+00  2.78797864e+00  2.60076016e+00 
 1.11640000e-10  1.86453297e+00  1.73546703e+00  2.78834065e+00  2.60039803e+00 
 1.12140000e-10  1.86477264e+00  1.73522736e+00  2.78870171e+00  2.60003688e+00 
 1.12640000e-10  1.86501167e+00  1.73498833e+00  2.78906183e+00  2.59967671e+00 
 1.13140000e-10  1.86525006e+00  1.73474994e+00  2.78942101e+00  2.59931752e+00 
 1.13640000e-10  1.86548780e+00  1.73451220e+00  2.78977923e+00  2.59895932e+00 
 1.14140000e-10  1.86572490e+00  1.73427510e+00  2.79013650e+00  2.59860210e+00 
 1.14640000e-10  1.86596135e+00  1.73403865e+00  2.79049281e+00  2.59824588e+00 
 1.15140000e-10  1.86619714e+00  1.73380286e+00  2.79084815e+00  2.59789065e+00 
 1.15640000e-10  1.86643229e+00  1.73356771e+00  2.79120254e+00  2.59753643e+00 
 1.16140000e-10  1.86666678e+00  1.73333322e+00  2.79155596e+00  2.59718321e+00 
 1.16640000e-10  1.86690061e+00  1.73309939e+00  2.79190840e+00  2.59683099e+00 
 1.17140000e-10  1.86713378e+00  1.73286622e+00  2.79225988e+00  2.59647979e+00 
 1.17640000e-10  1.86736629e+00  1.73263371e+00  2.79261037e+00  2.59612960e+00 
 1.18140000e-10  1.86759813e+00  1.73240187e+00  2.79295989e+00  2.59578042e+00 
 1.18640000e-10  1.86782931e+00  1.73217069e+00  2.79330842e+00  2.59543227e+00 
 1.19140000e-10  1.86805981e+00  1.73194019e+00  2.79365596e+00  2.59508514e+00 
 1.19640000e-10  1.86828965e+00  1.73171035e+00  2.79400252e+00  2.59473904e+00 
 1.20140000e-10  1.86851881e+00  1.73148119e+00  2.79434808e+00  2.59439397e+00 
 1.20640000e-10  1.86874729e+00  1.73125271e+00  2.79469265e+00  2.59404994e+00 
 1.21140000e-10  1.86897510e+00  1.73102490e+00  2.79503622e+00  2.59370694e+00 
 1.21640000e-10  1.86920222e+00  1.73079778e+00  2.79537878e+00  2.59336499e+00 
 1.22140000e-10  1.86942867e+00  1.73057133e+00  2.79572034e+00  2.59302408e+00 
 1.22640000e-10  1.86965442e+00  1.73034558e+00  2.79606089e+00  2.59268421e+00 
 1.23140000e-10  1.86987949e+00  1.73012051e+00  2.79640043e+00  2.59234540e+00 
 1.23640000e-10  1.87010387e+00  1.72989613e+00  2.79673896e+00  2.59200764e+00 
 1.24140000e-10  1.87032756e+00  1.72967244e+00  2.79707646e+00  2.59167094e+00 
 1.24640000e-10  1.87055055e+00  1.72944945e+00  2.79741295e+00  2.59133531e+00 
 1.25140000e-10  1.87077285e+00  1.72922715e+00  2.79774841e+00  2.59100073e+00 
 1.25640000e-10  1.87099445e+00  1.72900555e+00  2.79808284e+00  2.59066722e+00 
 1.26140000e-10  1.87121535e+00  1.72878465e+00  2.79841625e+00  2.59033479e+00 
 1.26640000e-10  1.87143554e+00  1.72856446e+00  2.79874862e+00  2.59000343e+00 
 1.27140000e-10  1.87165503e+00  1.72834497e+00  2.79907996e+00  2.58967314e+00 
 1.27640000e-10  1.87187382e+00  1.72812618e+00  2.79941025e+00  2.58934394e+00 
 1.28140000e-10  1.87209189e+00  1.72790811e+00  2.79973950e+00  2.58901581e+00 
 1.28640000e-10  1.87230925e+00  1.72769075e+00  2.80006771e+00  2.58868878e+00 
 1.29140000e-10  1.87252590e+00  1.72747410e+00  2.80039487e+00  2.58836283e+00 
 1.29640000e-10  1.87274184e+00  1.72725816e+00  2.80072098e+00  2.58803798e+00 
 1.30140000e-10  1.87295705e+00  1.72704295e+00  2.80104603e+00  2.58771422e+00 
 1.30640000e-10  1.87317155e+00  1.72682845e+00  2.80137003e+00  2.58739156e+00 
 1.31140000e-10  1.87338532e+00  1.72661468e+00  2.80169296e+00  2.58707000e+00 
 1.31640000e-10  1.87359837e+00  1.72640163e+00  2.80201483e+00  2.58674954e+00 
 1.32140000e-10  1.87381069e+00  1.72618931e+00  2.80233564e+00  2.58643020e+00 
 1.32640000e-10  1.87402228e+00  1.72597772e+00  2.80265537e+00  2.58611196e+00 
 1.33140000e-10  1.87423315e+00  1.72576685e+00  2.80297404e+00  2.58579483e+00 
 1.33640000e-10  1.87444328e+00  1.72555672e+00  2.80329162e+00  2.58547882e+00 
 1.34140000e-10  1.87465267e+00  1.72534733e+00  2.80360813e+00  2.58516393e+00 
 1.34640000e-10  1.87486133e+00  1.72513867e+00  2.80392356e+00  2.58485017e+00 
 1.35140000e-10  1.87506925e+00  1.72493075e+00  2.80423790e+00  2.58453752e+00 
 1.35640000e-10  1.87527643e+00  1.72472357e+00  2.80455116e+00  2.58422600e+00 
 1.36140000e-10  1.87548287e+00  1.72451713e+00  2.80486332e+00  2.58391562e+00 
 1.36640000e-10  1.87568856e+00  1.72431144e+00  2.80517439e+00  2.58360636e+00 
 1.37140000e-10  1.87589350e+00  1.72410650e+00  2.80548436e+00  2.58329824e+00 
 1.37640000e-10  1.87609770e+00  1.72390230e+00  2.80579324e+00  2.58299126e+00 
 1.38140000e-10  1.87630114e+00  1.72369886e+00  2.80610101e+00  2.58268542e+00 
 1.38640000e-10  1.87650383e+00  1.72349617e+00  2.80640767e+00  2.58238072e+00 
 1.39140000e-10  1.87670577e+00  1.72329423e+00  2.80671323e+00  2.58207717e+00 
 1.39640000e-10  1.87690695e+00  1.72309305e+00  2.80701767e+00  2.58177476e+00 
 1.40140000e-10  1.87710737e+00  1.72289263e+00  2.80732101e+00  2.58147351e+00 
 1.40640000e-10  1.87730702e+00  1.72269298e+00  2.80762322e+00  2.58117340e+00 
 1.41140000e-10  1.87750592e+00  1.72249408e+00  2.80792431e+00  2.58087446e+00 
 1.41640000e-10  1.87770405e+00  1.72229595e+00  2.80822428e+00  2.58057667e+00 
 1.42140000e-10  1.87790141e+00  1.72209859e+00  2.80852312e+00  2.58028005e+00 
 1.42640000e-10  1.87809801e+00  1.72190199e+00  2.80882084e+00  2.57998458e+00 
 1.43140000e-10  1.87829383e+00  1.72170617e+00  2.80911742e+00  2.57969028e+00 
 1.43640000e-10  1.87848889e+00  1.72151111e+00  2.80941286e+00  2.57939715e+00 
 1.44140000e-10  1.87868316e+00  1.72131684e+00  2.80970717e+00  2.57910519e+00 
 1.44640000e-10  1.87887666e+00  1.72112334e+00  2.81000034e+00  2.57881441e+00 
 1.45140000e-10  1.87906938e+00  1.72093062e+00  2.81029236e+00  2.57852479e+00 
 1.45640000e-10  1.87926133e+00  1.72073867e+00  2.81058323e+00  2.57823636e+00 
 1.46140000e-10  1.87945249e+00  1.72054751e+00  2.81087296e+00  2.57794910e+00 
 1.46640000e-10  1.87964286e+00  1.72035714e+00  2.81116153e+00  2.57766303e+00 
 1.47140000e-10  1.87983245e+00  1.72016755e+00  2.81144895e+00  2.57737813e+00 
 1.47640000e-10  1.88002125e+00  1.71997875e+00  2.81173520e+00  2.57709443e+00 
 1.48140000e-10  1.88020926e+00  1.71979074e+00  2.81202030e+00  2.57681191e+00 
 1.48640000e-10  1.88039648e+00  1.71960352e+00  2.81230423e+00  2.57653058e+00 
 1.49140000e-10  1.88058291e+00  1.71941709e+00  2.81258700e+00  2.57625045e+00 
 1.49640000e-10  1.88076854e+00  1.71923146e+00  2.81286859e+00  2.57597151e+00 
 1.50140000e-10  1.88095337e+00  1.71904663e+00  2.81314901e+00  2.57569377e+00 
 1.50640000e-10  1.88113741e+00  1.71886259e+00  2.81342825e+00  2.57541722e+00 
 1.51140000e-10  1.88132064e+00  1.71867936e+00  2.81370632e+00  2.57514188e+00 
 1.51640000e-10  1.88150307e+00  1.71849693e+00  2.81398321e+00  2.57486774e+00 
 1.52140000e-10  1.88168470e+00  1.71831530e+00  2.81425891e+00  2.57459480e+00 
 1.52640000e-10  1.88186552e+00  1.71813448e+00  2.81453342e+00  2.57432307e+00 
 1.53140000e-10  1.88204553e+00  1.71795447e+00  2.81480674e+00  2.57405255e+00 
 1.53640000e-10  1.88222474e+00  1.71777526e+00  2.81507887e+00  2.57378324e+00 
 1.54140000e-10  1.88240313e+00  1.71759687e+00  2.81534981e+00  2.57351515e+00 
 1.54640000e-10  1.88258071e+00  1.71741929e+00  2.81561954e+00  2.57324826e+00 
 1.55140000e-10  1.88275747e+00  1.71724253e+00  2.81588808e+00  2.57298260e+00 
 1.55640000e-10  1.88293342e+00  1.71706658e+00  2.81615541e+00  2.57271815e+00 
 1.56140000e-10  1.88310854e+00  1.71689146e+00  2.81642154e+00  2.57245493e+00 
 1.56640000e-10  1.88328285e+00  1.71671715e+00  2.81668645e+00  2.57219292e+00 
 1.57140000e-10  1.88345634e+00  1.71654366e+00  2.81695016e+00  2.57193215e+00 
 1.57640000e-10  1.88362900e+00  1.71637100e+00  2.81721265e+00  2.57167259e+00 
 1.58140000e-10  1.88380083e+00  1.71619917e+00  2.81747392e+00  2.57141427e+00 
 1.58640000e-10  1.88397184e+00  1.71602816e+00  2.81773398e+00  2.57115718e+00 
 1.59140000e-10  1.88414203e+00  1.71585797e+00  2.81799281e+00  2.57090132e+00 
 1.59640000e-10  1.88431138e+00  1.71568862e+00  2.81825041e+00  2.57064669e+00 
 1.60140000e-10  1.88447989e+00  1.71552011e+00  2.81850679e+00  2.57039330e+00 
 1.60640000e-10  1.88464758e+00  1.71535242e+00  2.81876194e+00  2.57014114e+00 
 1.61140000e-10  1.88481443e+00  1.71518557e+00  2.81901586e+00  2.56989023e+00 
 1.61640000e-10  1.88498044e+00  1.71501956e+00  2.81926855e+00  2.56964055e+00 
 1.62140000e-10  1.88514561e+00  1.71485439e+00  2.81951999e+00  2.56939212e+00 
 1.62640000e-10  1.88530994e+00  1.71469006e+00  2.81977020e+00  2.56914494e+00 
 1.63140000e-10  1.88547344e+00  1.71452656e+00  2.82001916e+00  2.56889900e+00 
 1.63640000e-10  1.88563608e+00  1.71436392e+00  2.82026688e+00  2.56865431e+00 
 1.64140000e-10  1.88579788e+00  1.71420212e+00  2.82051336e+00  2.56841087e+00 
 1.64640000e-10  1.88595884e+00  1.71404116e+00  2.82075858e+00  2.56816868e+00 
 1.65140000e-10  1.88611895e+00  1.71388105e+00  2.82100255e+00  2.56792775e+00 
 1.65640000e-10  1.88627820e+00  1.71372180e+00  2.82124527e+00  2.56768807e+00 
 1.66140000e-10  1.88643661e+00  1.71356339e+00  2.82148673e+00  2.56744965e+00 
 1.66640000e-10  1.88659416e+00  1.71340584e+00  2.82172694e+00  2.56721249e+00 
 1.67140000e-10  1.88675086e+00  1.71324914e+00  2.82196588e+00  2.56697659e+00 
 1.67640000e-10  1.88690670e+00  1.71309330e+00  2.82220356e+00  2.56674195e+00 
 1.68140000e-10  1.88706168e+00  1.71293832e+00  2.82243998e+00  2.56650858e+00 
 1.68640000e-10  1.88721581e+00  1.71278419e+00  2.82267513e+00  2.56627647e+00 
 1.69140000e-10  1.88736907e+00  1.71263093e+00  2.82290901e+00  2.56604563e+00 
 1.69640000e-10  1.88752147e+00  1.71247853e+00  2.82314161e+00  2.56581606e+00 
 1.70140000e-10  1.88767301e+00  1.71232699e+00  2.82337295e+00  2.56558777e+00 
 1.70640000e-10  1.88782368e+00  1.71217632e+00  2.82360301e+00  2.56536075e+00 
 1.71140000e-10  1.88797349e+00  1.71202651e+00  2.82383179e+00  2.56513500e+00 
 1.71640000e-10  1.88812243e+00  1.71187757e+00  2.82405929e+00  2.56491053e+00 
 1.72140000e-10  1.88827049e+00  1.71172951e+00  2.82428551e+00  2.56468733e+00 
 1.72640000e-10  1.88841769e+00  1.71158231e+00  2.82451045e+00  2.56446542e+00 
 1.73140000e-10  1.88856401e+00  1.71143599e+00  2.82473410e+00  2.56424479e+00 
 1.73640000e-10  1.88870946e+00  1.71129054e+00  2.82495646e+00  2.56402545e+00 
 1.74140000e-10  1.88885404e+00  1.71114596e+00  2.82517754e+00  2.56380739e+00 
 1.74640000e-10  1.88899773e+00  1.71100227e+00  2.82539732e+00  2.56359061e+00 
 1.75140000e-10  1.88914055e+00  1.71085945e+00  2.82561581e+00  2.56337513e+00 
 1.75640000e-10  1.88928249e+00  1.71071751e+00  2.82583300e+00  2.56316094e+00 
 1.76140000e-10  1.88942355e+00  1.71057645e+00  2.82604890e+00  2.56294804e+00 
 1.76640000e-10  1.88956372e+00  1.71043628e+00  2.82626350e+00  2.56273643e+00 
 1.77140000e-10  1.88970302e+00  1.71029698e+00  2.82647680e+00  2.56252612e+00 
 1.77640000e-10  1.88984142e+00  1.71015858e+00  2.82668879e+00  2.56231710e+00 
 1.78140000e-10  1.88997894e+00  1.71002106e+00  2.82689948e+00  2.56210939e+00 
 1.78640000e-10  1.89011557e+00  1.70988443e+00  2.82710887e+00  2.56190297e+00 
 1.79140000e-10  1.89025131e+00  1.70974869e+00  2.82731695e+00  2.56169786e+00 
 1.79640000e-10  1.89038616e+00  1.70961384e+00  2.82752372e+00  2.56149406e+00 
 1.80140000e-10  1.89052012e+00  1.70947988e+00  2.82772918e+00  2.56129155e+00 
 1.80640000e-10  1.89065319e+00  1.70934681e+00  2.82793332e+00  2.56109036e+00 
 1.81140000e-10  1.89078536e+00  1.70921464e+00  2.82813615e+00  2.56089047e+00 
 1.81640000e-10  1.89091663e+00  1.70908337e+00  2.82833767e+00  2.56069190e+00 
 1.82140000e-10  1.89104701e+00  1.70895299e+00  2.82853787e+00  2.56049464e+00 
 1.82640000e-10  1.89117649e+00  1.70882351e+00  2.82873675e+00  2.56029869e+00 
 1.83140000e-10  1.89130507e+00  1.70869493e+00  2.82893431e+00  2.56010406e+00 
 1.83640000e-10  1.89143275e+00  1.70856725e+00  2.82913054e+00  2.55991074e+00 
 1.84140000e-10  1.89155952e+00  1.70844048e+00  2.82932546e+00  2.55971874e+00 
 1.84640000e-10  1.89168540e+00  1.70831460e+00  2.82951905e+00  2.55952806e+00 
 1.85140000e-10  1.89181036e+00  1.70818964e+00  2.82971131e+00  2.55933871e+00 
 1.85640000e-10  1.89193442e+00  1.70806558e+00  2.82990224e+00  2.55915068e+00 
 1.86140000e-10  1.89205758e+00  1.70794242e+00  2.83009184e+00  2.55896397e+00 
 1.86640000e-10  1.89217982e+00  1.70782018e+00  2.83028012e+00  2.55877859e+00 
 1.87140000e-10  1.89230116e+00  1.70769884e+00  2.83046706e+00  2.55859453e+00 
 1.87640000e-10  1.89242158e+00  1.70757842e+00  2.83065266e+00  2.55841181e+00 
 1.88140000e-10  1.89254109e+00  1.70745891e+00  2.83083694e+00  2.55823042e+00 
 1.88640000e-10  1.89265969e+00  1.70734031e+00  2.83101987e+00  2.55805035e+00 
 1.89140000e-10  1.89277737e+00  1.70722263e+00  2.83120147e+00  2.55787163e+00 
 1.89640000e-10  1.89289414e+00  1.70710586e+00  2.83138172e+00  2.55769424e+00 
 1.90140000e-10  1.89300999e+00  1.70699001e+00  2.83156064e+00  2.55751818e+00 
 1.90640000e-10  1.89312493e+00  1.70687507e+00  2.83173821e+00  2.55734346e+00 
 1.91140000e-10  1.89323894e+00  1.70676106e+00  2.83191444e+00  2.55717009e+00 
 1.91640000e-10  1.89335204e+00  1.70664796e+00  2.83208933e+00  2.55699805e+00 
 1.92140000e-10  1.89346421e+00  1.70653579e+00  2.83226287e+00  2.55682735e+00 
 1.92640000e-10  1.89357546e+00  1.70642454e+00  2.83243506e+00  2.55665800e+00 
 1.93140000e-10  1.89368579e+00  1.70631421e+00  2.83260590e+00  2.55649000e+00 
 1.93640000e-10  1.89379519e+00  1.70620481e+00  2.83277540e+00  2.55632334e+00 
 1.94140000e-10  1.89390367e+00  1.70609633e+00  2.83294354e+00  2.55615803e+00 
 1.94640000e-10  1.89401122e+00  1.70598878e+00  2.83311033e+00  2.55599407e+00 
 1.95140000e-10  1.89411784e+00  1.70588216e+00  2.83327577e+00  2.55583146e+00 
 1.95640000e-10  1.89422353e+00  1.70577647e+00  2.83343985e+00  2.55567020e+00 
 1.96140000e-10  1.89432829e+00  1.70567171e+00  2.83360257e+00  2.55551029e+00 
 1.96640000e-10  1.89443213e+00  1.70556787e+00  2.83376394e+00  2.55535174e+00 
 1.97140000e-10  1.89453503e+00  1.70546497e+00  2.83392395e+00  2.55519455e+00 
 1.97640000e-10  1.89463699e+00  1.70536301e+00  2.83408260e+00  2.55503871e+00 
 1.98140000e-10  1.89473803e+00  1.70526197e+00  2.83423989e+00  2.55488423e+00 
 1.98640000e-10  1.89483812e+00  1.70516188e+00  2.83439582e+00  2.55473111e+00 
 1.99140000e-10  1.89493729e+00  1.70506271e+00  2.83455039e+00  2.55457935e+00 
 1.99640000e-10  1.89503551e+00  1.70496449e+00  2.83470359e+00  2.55442895e+00 
 2.00140000e-10  1.89513280e+00  1.70486720e+00  2.83485542e+00  2.55427992e+00 
 2.00640000e-10  1.89522915e+00  1.70477085e+00  2.83500589e+00  2.55413225e+00 
 2.01140000e-10  1.89532455e+00  1.70467545e+00  2.83515499e+00  2.55398594e+00 
 2.01640000e-10  1.89541902e+00  1.70458098e+00  2.83530273e+00  2.55384101e+00 
 2.02140000e-10  1.89551255e+00  1.70448745e+00  2.83544909e+00  2.55369744e+00 
 2.02640000e-10  1.89560513e+00  1.70439487e+00  2.83559409e+00  2.55355524e+00 
 2.03140000e-10  1.89569677e+00  1.70430323e+00  2.83573771e+00  2.55341441e+00 
 2.03640000e-10  1.89578746e+00  1.70421254e+00  2.83587996e+00  2.55327495e+00 
 2.04140000e-10  1.89587721e+00  1.70412279e+00  2.83602083e+00  2.55313686e+00 
 2.04640000e-10  1.89596602e+00  1.70403398e+00  2.83616033e+00  2.55300015e+00 
 2.05140000e-10  1.89605387e+00  1.70394613e+00  2.83629846e+00  2.55286481e+00 
 2.05640000e-10  1.89614078e+00  1.70385922e+00  2.83643521e+00  2.55273085e+00 
 2.06140000e-10  1.89622674e+00  1.70377326e+00  2.83657058e+00  2.55259826e+00 
 2.06640000e-10  1.89631175e+00  1.70368825e+00  2.83670458e+00  2.55246706e+00 
 2.07140000e-10  1.89639581e+00  1.70360419e+00  2.83683719e+00  2.55233723e+00 
 2.07640000e-10  1.89647892e+00  1.70352108e+00  2.83696842e+00  2.55220878e+00 
 2.08140000e-10  1.89656107e+00  1.70343893e+00  2.83709828e+00  2.55208171e+00 
 2.08640000e-10  1.89664227e+00  1.70335773e+00  2.83722675e+00  2.55195602e+00 
 2.09140000e-10  1.89672252e+00  1.70327748e+00  2.83735383e+00  2.55183172e+00 
 2.09640000e-10  1.89680182e+00  1.70319818e+00  2.83747954e+00  2.55170880e+00 
 2.10140000e-10  1.89688015e+00  1.70311985e+00  2.83760386e+00  2.55158727e+00 
 2.10640000e-10  1.89695754e+00  1.70304246e+00  2.83772679e+00  2.55146712e+00 
 2.11140000e-10  1.89703396e+00  1.70296604e+00  2.83784833e+00  2.55134836e+00 
 2.11640000e-10  1.89710943e+00  1.70289057e+00  2.83796849e+00  2.55123098e+00 
 2.12140000e-10  1.89718394e+00  1.70281606e+00  2.83808726e+00  2.55111499e+00 
 2.12640000e-10  1.89725749e+00  1.70274251e+00  2.83820464e+00  2.55100040e+00 
 2.13140000e-10  1.89733008e+00  1.70266992e+00  2.83832064e+00  2.55088719e+00 
 2.13640000e-10  1.89740171e+00  1.70259829e+00  2.83843524e+00  2.55077538e+00 
 2.14140000e-10  1.89747238e+00  1.70252762e+00  2.83854845e+00  2.55066495e+00 
 2.14640000e-10  1.89754208e+00  1.70245792e+00  2.83866026e+00  2.55055592e+00 
 2.15140000e-10  1.89761083e+00  1.70238917e+00  2.83877069e+00  2.55044828e+00 
 2.15640000e-10  1.89767861e+00  1.70232139e+00  2.83887972e+00  2.55034204e+00 
 2.16140000e-10  1.89774542e+00  1.70225458e+00  2.83898735e+00  2.55023719e+00 
 2.16640000e-10  1.89781128e+00  1.70218872e+00  2.83909359e+00  2.55013374e+00 
 2.17140000e-10  1.89787616e+00  1.70212384e+00  2.83919844e+00  2.55003169e+00 
 2.17640000e-10  1.89794008e+00  1.70205992e+00  2.83930188e+00  2.54993103e+00 
 2.18140000e-10  1.89800303e+00  1.70199697e+00  2.83940393e+00  2.54983177e+00 
 2.18640000e-10  1.89806502e+00  1.70193498e+00  2.83950458e+00  2.54973392e+00 
 2.19140000e-10  1.89812604e+00  1.70187396e+00  2.83960384e+00  2.54963746e+00 
 2.19640000e-10  1.89818609e+00  1.70181391e+00  2.83970169e+00  2.54954240e+00 
 2.20140000e-10  1.89824517e+00  1.70175483e+00  2.83979814e+00  2.54944874e+00 
 2.20640000e-10  1.89830328e+00  1.70169672e+00  2.83989319e+00  2.54935649e+00 
 2.21140000e-10  1.89836042e+00  1.70163958e+00  2.83998684e+00  2.54926563e+00 
 2.21640000e-10  1.89841659e+00  1.70158341e+00  2.84007909e+00  2.54917618e+00 
 2.22140000e-10  1.89847179e+00  1.70152821e+00  2.84016993e+00  2.54908814e+00 
 2.22640000e-10  1.89852602e+00  1.70147398e+00  2.84025937e+00  2.54900150e+00 
 2.23140000e-10  1.89857927e+00  1.70142073e+00  2.84034741e+00  2.54891626e+00 
 2.23640000e-10  1.89863155e+00  1.70136845e+00  2.84043404e+00  2.54883244e+00 
 2.24140000e-10  1.89868286e+00  1.70131714e+00  2.84051927e+00  2.54875001e+00 
 2.24640000e-10  1.89873320e+00  1.70126680e+00  2.84060309e+00  2.54866900e+00 
 2.25140000e-10  1.89878256e+00  1.70121744e+00  2.84068550e+00  2.54858939e+00 
 2.25640000e-10  1.89883094e+00  1.70116906e+00  2.84076651e+00  2.54851119e+00 
 2.26140000e-10  1.89887835e+00  1.70112165e+00  2.84084611e+00  2.54843440e+00 
 2.26640000e-10  1.89892478e+00  1.70107522e+00  2.84092430e+00  2.54835902e+00 
 2.27140000e-10  1.89897024e+00  1.70102976e+00  2.84100108e+00  2.54828505e+00 
 2.27640000e-10  1.89901472e+00  1.70098528e+00  2.84107645e+00  2.54821249e+00 
 2.28140000e-10  1.89905822e+00  1.70094178e+00  2.84115041e+00  2.54814134e+00 
 2.28640000e-10  1.89910075e+00  1.70089925e+00  2.84122297e+00  2.54807160e+00 
 2.29140000e-10  1.89914230e+00  1.70085770e+00  2.84129411e+00  2.54800328e+00 
 2.29640000e-10  1.89918287e+00  1.70081713e+00  2.84136384e+00  2.54793636e+00 
 2.30140000e-10  1.89922246e+00  1.70077754e+00  2.84143215e+00  2.54787086e+00 
 2.30640000e-10  1.89926107e+00  1.70073893e+00  2.84149906e+00  2.54780678e+00 
 2.31140000e-10  1.89929870e+00  1.70070130e+00  2.84156455e+00  2.54774411e+00 
 2.31640000e-10  1.89933535e+00  1.70066465e+00  2.84162863e+00  2.54768285e+00 
 2.32140000e-10  1.89937102e+00  1.70062898e+00  2.84169129e+00  2.54762300e+00 
 2.32640000e-10  1.89940571e+00  1.70059429e+00  2.84175254e+00  2.54756458e+00 
 2.33140000e-10  1.89943942e+00  1.70056058e+00  2.84181238e+00  2.54750756e+00 
 2.33640000e-10  1.89947215e+00  1.70052785e+00  2.84187080e+00  2.54745197e+00 
 2.34140000e-10  1.89950389e+00  1.70049611e+00  2.84192781e+00  2.54739778e+00 
 2.34640000e-10  1.89953465e+00  1.70046535e+00  2.84198339e+00  2.54734502e+00 
 2.35140000e-10  1.89956444e+00  1.70043556e+00  2.84203757e+00  2.54729367e+00 
 2.35640000e-10  1.89959323e+00  1.70040677e+00  2.84209032e+00  2.54724374e+00 
 2.36140000e-10  1.89962105e+00  1.70037895e+00  2.84214166e+00  2.54719523e+00 
 2.36640000e-10  1.89964788e+00  1.70035212e+00  2.84219158e+00  2.54714814e+00 
 2.37140000e-10  1.89967373e+00  1.70032627e+00  2.84224009e+00  2.54710246e+00 
 2.37640000e-10  1.89969860e+00  1.70030140e+00  2.84228717e+00  2.54705821e+00 
 2.38140000e-10  1.89972248e+00  1.70027752e+00  2.84233284e+00  2.54701537e+00 
 2.38640000e-10  1.89974537e+00  1.70025463e+00  2.84237709e+00  2.54697395e+00 
 2.39140000e-10  1.89976729e+00  1.70023271e+00  2.84241991e+00  2.54693395e+00 
 2.39640000e-10  1.89978821e+00  1.70021179e+00  2.84246132e+00  2.54689537e+00 
 2.40140000e-10  1.89980816e+00  1.70019184e+00  2.84250131e+00  2.54685821e+00 
 2.40640000e-10  1.89982712e+00  1.70017288e+00  2.84253988e+00  2.54682247e+00 
 2.41140000e-10  1.89984509e+00  1.70015491e+00  2.84257703e+00  2.54678815e+00 
 2.41640000e-10  1.89986208e+00  1.70013792e+00  2.84261275e+00  2.54675525e+00 
 2.42140000e-10  1.89987808e+00  1.70012192e+00  2.84264706e+00  2.54672378e+00 
 2.42640000e-10  1.89989309e+00  1.70010691e+00  2.84267994e+00  2.54669372e+00 
 2.43140000e-10  1.89990712e+00  1.70009288e+00  2.84271141e+00  2.54666508e+00 
 2.43640000e-10  1.89992017e+00  1.70007983e+00  2.84274145e+00  2.54663787e+00 
 2.44140000e-10  1.89993222e+00  1.70006778e+00  2.84277007e+00  2.54661208e+00 
 2.44640000e-10  1.89994330e+00  1.70005670e+00  2.84279726e+00  2.54658770e+00 
 2.45140000e-10  1.89995338e+00  1.70004662e+00  2.84282304e+00  2.54656475e+00 
 2.45640000e-10  1.89996248e+00  1.70003752e+00  2.84284739e+00  2.54654323e+00 
 2.46140000e-10  1.89997059e+00  1.70002941e+00  2.84287031e+00  2.54652312e+00 
 2.46640000e-10  1.89997772e+00  1.70002228e+00  2.84289182e+00  2.54650444e+00 
 2.47140000e-10  1.89998385e+00  1.70001615e+00  2.84291190e+00  2.54648717e+00 
 2.47640000e-10  1.89998901e+00  1.70001099e+00  2.84293056e+00  2.54647133e+00 
 2.48140000e-10  1.89999317e+00  1.70000683e+00  2.84294779e+00  2.54645692e+00 
 2.48640000e-10  1.89999635e+00  1.70000365e+00  2.84296360e+00  2.54644392e+00 
 2.49140000e-10  1.89999854e+00  1.70000146e+00  2.84297799e+00  2.54643235e+00 
 2.49640000e-10  1.89999974e+00  1.70000026e+00  2.84299095e+00  2.54642220e+00 
 2.50140000e-10  1.89999996e+00  1.70000004e+00  2.84300249e+00  2.54641347e+00 
 2.50640000e-10  1.89999919e+00  1.70000081e+00  2.84301260e+00  2.54640616e+00 
 2.51140000e-10  1.89999743e+00  1.70000257e+00  2.84302129e+00  2.54640028e+00 
 2.51640000e-10  1.89999469e+00  1.70000531e+00  2.84302855e+00  2.54639582e+00 
 2.52140000e-10  1.89999096e+00  1.70000904e+00  2.84303439e+00  2.54639278e+00 
 2.52640000e-10  1.89998624e+00  1.70001376e+00  2.84303880e+00  2.54639116e+00 
 2.53140000e-10  1.89998054e+00  1.70001946e+00  2.84304179e+00  2.54639096e+00 
 2.53640000e-10  1.89997385e+00  1.70002615e+00  2.84304336e+00  2.54639219e+00 
 2.54140000e-10  1.89996617e+00  1.70003383e+00  2.84304349e+00  2.54639484e+00 
 2.54640000e-10  1.89995751e+00  1.70004249e+00  2.84304221e+00  2.54639891e+00 
 2.55140000e-10  1.89994785e+00  1.70005215e+00  2.84303950e+00  2.54640441e+00 
 2.55640000e-10  1.89993722e+00  1.70006278e+00  2.84303536e+00  2.54641132e+00 
 2.56140000e-10  1.89992559e+00  1.70007441e+00  2.84302980e+00  2.54641966e+00 
 2.56640000e-10  1.89991298e+00  1.70008702e+00  2.84302281e+00  2.54642942e+00 
 2.57140000e-10  1.89989939e+00  1.70010061e+00  2.84301440e+00  2.54644060e+00 
 2.57640000e-10  1.89988481e+00  1.70011519e+00  2.84300456e+00  2.54645320e+00 
 2.58140000e-10  1.89986924e+00  1.70013076e+00  2.84299329e+00  2.54646722e+00 
 2.58640000e-10  1.89985268e+00  1.70014732e+00  2.84298061e+00  2.54648266e+00 
 2.59140000e-10  1.89983514e+00  1.70016486e+00  2.84296649e+00  2.54649953e+00 
 2.59640000e-10  1.89981662e+00  1.70018338e+00  2.84295095e+00  2.54651781e+00 
 2.60140000e-10  1.89979711e+00  1.70020289e+00  2.84293399e+00  2.54653752e+00 
 2.60640000e-10  1.89977662e+00  1.70022338e+00  2.84291560e+00  2.54655864e+00 
 2.61140000e-10  1.89975514e+00  1.70024486e+00  2.84289578e+00  2.54658119e+00 
 2.61640000e-10  1.89973267e+00  1.70026733e+00  2.84287454e+00  2.54660515e+00 
 2.62140000e-10  1.89970923e+00  1.70029077e+00  2.84285188e+00  2.54663054e+00 
 2.62640000e-10  1.89968479e+00  1.70031521e+00  2.84282779e+00  2.54665734e+00 
 2.63140000e-10  1.89965938e+00  1.70034062e+00  2.84280228e+00  2.54668557e+00 
 2.63640000e-10  1.89963298e+00  1.70036702e+00  2.84277534e+00  2.54671521e+00 
 2.64140000e-10  1.89960559e+00  1.70039441e+00  2.84274698e+00  2.54674627e+00 
 2.64640000e-10  1.89957723e+00  1.70042277e+00  2.84271719e+00  2.54677875e+00 
 2.65140000e-10  1.89954788e+00  1.70045212e+00  2.84268598e+00  2.54681265e+00 
 2.65640000e-10  1.89951755e+00  1.70048245e+00  2.84265334e+00  2.54684796e+00 
 2.66140000e-10  1.89948623e+00  1.70051377e+00  2.84261928e+00  2.54688469e+00 
 2.66640000e-10  1.89945394e+00  1.70054606e+00  2.84258380e+00  2.54692284e+00 
 2.67140000e-10  1.89942066e+00  1.70057934e+00  2.84254690e+00  2.54696241e+00 
 2.67640000e-10  1.89938640e+00  1.70061360e+00  2.84250857e+00  2.54700339e+00 
 2.68140000e-10  1.89935117e+00  1.70064883e+00  2.84246881e+00  2.54704578e+00 
 2.68640000e-10  1.89931495e+00  1.70068505e+00  2.84242764e+00  2.54708960e+00 
 2.69140000e-10  1.89927775e+00  1.70072225e+00  2.84238504e+00  2.54713483e+00 
 2.69640000e-10  1.89923957e+00  1.70076043e+00  2.84234102e+00  2.54718147e+00 
 2.70140000e-10  1.89920041e+00  1.70079959e+00  2.84229558e+00  2.54722953e+00 
 2.70640000e-10  1.89916027e+00  1.70083973e+00  2.84224871e+00  2.54727900e+00 
 2.71140000e-10  1.89911915e+00  1.70088085e+00  2.84220043e+00  2.54732988e+00 
 2.71640000e-10  1.89907706e+00  1.70092294e+00  2.84215072e+00  2.54738218e+00 
 2.72140000e-10  1.89903398e+00  1.70096602e+00  2.84209959e+00  2.54743589e+00 
 2.72640000e-10  1.89898993e+00  1.70101007e+00  2.84204704e+00  2.54749101e+00 
 2.73140000e-10  1.89894491e+00  1.70105509e+00  2.84199307e+00  2.54754755e+00 
 2.73640000e-10  1.89889890e+00  1.70110110e+00  2.84193768e+00  2.54760549e+00 
 2.74140000e-10  1.89885192e+00  1.70114808e+00  2.84188087e+00  2.54766485e+00 
 2.74640000e-10  1.89880397e+00  1.70119603e+00  2.84182264e+00  2.54772562e+00 
 2.75140000e-10  1.89875504e+00  1.70124496e+00  2.84176299e+00  2.54778779e+00 
 2.75640000e-10  1.89870513e+00  1.70129487e+00  2.84170192e+00  2.54785138e+00 
 2.76140000e-10  1.89865425e+00  1.70134575e+00  2.84163943e+00  2.54791637e+00 
 2.76640000e-10  1.89860240e+00  1.70139760e+00  2.84157553e+00  2.54798278e+00 
 2.77140000e-10  1.89854957e+00  1.70145043e+00  2.84151021e+00  2.54805059e+00 
 2.77640000e-10  1.89849577e+00  1.70150423e+00  2.84144347e+00  2.54811980e+00 
 2.78140000e-10  1.89844100e+00  1.70155900e+00  2.84137531e+00  2.54819043e+00 
 2.78640000e-10  1.89838526e+00  1.70161474e+00  2.84130574e+00  2.54826246e+00 
 2.79140000e-10  1.89832854e+00  1.70167146e+00  2.84123475e+00  2.54833589e+00 
 2.79640000e-10  1.89827086e+00  1.70172914e+00  2.84116234e+00  2.54841073e+00 
 2.80140000e-10  1.89821220e+00  1.70178780e+00  2.84108852e+00  2.54848698e+00 
 2.80640000e-10  1.89815258e+00  1.70184742e+00  2.84101328e+00  2.54856463e+00 
 2.81140000e-10  1.89809199e+00  1.70190801e+00  2.84093663e+00  2.54864368e+00 
 2.81640000e-10  1.89803043e+00  1.70196957e+00  2.84085857e+00  2.54872413e+00 
 2.82140000e-10  1.89796790e+00  1.70203210e+00  2.84077909e+00  2.54880599e+00 
 2.82640000e-10  1.89790441e+00  1.70209559e+00  2.84069820e+00  2.54888924e+00 
 2.83140000e-10  1.89783994e+00  1.70216006e+00  2.84061590e+00  2.54897390e+00 
 2.83640000e-10  1.89777452e+00  1.70222548e+00  2.84053218e+00  2.54905995e+00 
 2.84140000e-10  1.89770813e+00  1.70229187e+00  2.84044706e+00  2.54914741e+00 
 2.84640000e-10  1.89764077e+00  1.70235923e+00  2.84036052e+00  2.54923626e+00 
 2.85140000e-10  1.89757245e+00  1.70242755e+00  2.84027257e+00  2.54932651e+00 
 2.85640000e-10  1.89750317e+00  1.70249683e+00  2.84018322e+00  2.54941816e+00 
 2.86140000e-10  1.89743292e+00  1.70256708e+00  2.84009245e+00  2.54951120e+00 
 2.86640000e-10  1.89736171e+00  1.70263829e+00  2.84000028e+00  2.54960564e+00 
 2.87140000e-10  1.89728955e+00  1.70271045e+00  2.83990669e+00  2.54970147e+00 
 2.87640000e-10  1.89721642e+00  1.70278358e+00  2.83981170e+00  2.54979870e+00 
 2.88140000e-10  1.89714233e+00  1.70285767e+00  2.83971531e+00  2.54989732e+00 
 2.88640000e-10  1.89706729e+00  1.70293271e+00  2.83961750e+00  2.54999733e+00 
 2.89140000e-10  1.89699128e+00  1.70300872e+00  2.83951829e+00  2.55009873e+00 
 2.89640000e-10  1.89691432e+00  1.70308568e+00  2.83941768e+00  2.55020153e+00 
 2.90140000e-10  1.89683640e+00  1.70316360e+00  2.83931566e+00  2.55030571e+00 
 2.90640000e-10  1.89675753e+00  1.70324247e+00  2.83921224e+00  2.55041128e+00 
 2.91140000e-10  1.89667770e+00  1.70332230e+00  2.83910741e+00  2.55051824e+00 
 2.91640000e-10  1.89659692e+00  1.70340308e+00  2.83900119e+00  2.55062659e+00 
 2.92140000e-10  1.89651518e+00  1.70348482e+00  2.83889356e+00  2.55073633e+00 
 2.92640000e-10  1.89643249e+00  1.70356751e+00  2.83878453e+00  2.55084745e+00 
 2.93140000e-10  1.89634885e+00  1.70365115e+00  2.83867410e+00  2.55095995e+00 
 2.93640000e-10  1.89626426e+00  1.70373574e+00  2.83856227e+00  2.55107384e+00 
 2.94140000e-10  1.89617872e+00  1.70382128e+00  2.83844905e+00  2.55118911e+00 
 2.94640000e-10  1.89609223e+00  1.70390777e+00  2.83833442e+00  2.55130576e+00 
 2.95140000e-10  1.89600479e+00  1.70399521e+00  2.83821840e+00  2.55142380e+00 
 2.95640000e-10  1.89591640e+00  1.70408360e+00  2.83810098e+00  2.55154321e+00 
 2.96140000e-10  1.89582707e+00  1.70417293e+00  2.83798217e+00  2.55166401e+00 
 2.96640000e-10  1.89573679e+00  1.70426321e+00  2.83786196e+00  2.55178618e+00 
 2.97140000e-10  1.89564557e+00  1.70435443e+00  2.83774036e+00  2.55190973e+00 
 2.97640000e-10  1.89555340e+00  1.70444660e+00  2.83761736e+00  2.55203465e+00 
 2.98140000e-10  1.89546029e+00  1.70453971e+00  2.83749297e+00  2.55216095e+00 
 2.98640000e-10  1.89536624e+00  1.70463376e+00  2.83736719e+00  2.55228863e+00 
 2.99140000e-10  1.89527124e+00  1.70472876e+00  2.83724002e+00  2.55241767e+00 
 2.99640000e-10  1.89517531e+00  1.70482469e+00  2.83711147e+00  2.55254809e+00 
 3.00140000e-10  1.89507843e+00  1.70492157e+00  2.83698152e+00  2.55267989e+00 
 3.00640000e-10  1.89498062e+00  1.70501938e+00  2.83685018e+00  2.55281305e+00 
 3.01140000e-10  1.89488187e+00  1.70511813e+00  2.83671746e+00  2.55294758e+00 
 3.01640000e-10  1.89478218e+00  1.70521782e+00  2.83658335e+00  2.55308348e+00 
 3.02140000e-10  1.89468156e+00  1.70531844e+00  2.83644786e+00  2.55322074e+00 
 3.02640000e-10  1.89458001e+00  1.70541999e+00  2.83631098e+00  2.55335937e+00 
 3.03140000e-10  1.89447752e+00  1.70552248e+00  2.83617272e+00  2.55349937e+00 
 3.03640000e-10  1.89437409e+00  1.70562591e+00  2.83603307e+00  2.55364073e+00 
 3.04140000e-10  1.89426974e+00  1.70573026e+00  2.83589205e+00  2.55378345e+00 
 3.04640000e-10  1.89416446e+00  1.70583554e+00  2.83574965e+00  2.55392753e+00 
 3.05140000e-10  1.89405824e+00  1.70594176e+00  2.83560586e+00  2.55407298e+00 
 3.05640000e-10  1.89395110e+00  1.70604890e+00  2.83546070e+00  2.55421978e+00 
 3.06140000e-10  1.89384303e+00  1.70615697e+00  2.83531416e+00  2.55436794e+00 
 3.06640000e-10  1.89373404e+00  1.70626596e+00  2.83516624e+00  2.55451746e+00 
 3.07140000e-10  1.89362412e+00  1.70637588e+00  2.83501695e+00  2.55466833e+00 
 3.07640000e-10  1.89351327e+00  1.70648673e+00  2.83486629e+00  2.55482056e+00 
 3.08140000e-10  1.89340151e+00  1.70659849e+00  2.83471425e+00  2.55497414e+00 
 3.08640000e-10  1.89328882e+00  1.70671118e+00  2.83456084e+00  2.55512907e+00 
 3.09140000e-10  1.89317521e+00  1.70682479e+00  2.83440606e+00  2.55528535e+00 
 3.09640000e-10  1.89306068e+00  1.70693932e+00  2.83424991e+00  2.55544298e+00 
 3.10140000e-10  1.89294523e+00  1.70705477e+00  2.83409239e+00  2.55560196e+00 
 3.10640000e-10  1.89282887e+00  1.70717113e+00  2.83393351e+00  2.55576229e+00 
 3.11140000e-10  1.89271158e+00  1.70728842e+00  2.83377326e+00  2.55592396e+00 
 3.11640000e-10  1.89259339e+00  1.70740661e+00  2.83361164e+00  2.55608698e+00 
 3.12140000e-10  1.89247428e+00  1.70752572e+00  2.83344866e+00  2.55625134e+00 
 3.12640000e-10  1.89235425e+00  1.70764575e+00  2.83328432e+00  2.55641704e+00 
 3.13140000e-10  1.89223332e+00  1.70776668e+00  2.83311861e+00  2.55658408e+00 
 3.13640000e-10  1.89211148e+00  1.70788852e+00  2.83295155e+00  2.55675247e+00 
 3.14140000e-10  1.89198872e+00  1.70801128e+00  2.83278312e+00  2.55692218e+00 
 3.14640000e-10  1.89186506e+00  1.70813494e+00  2.83261334e+00  2.55709324e+00 
 3.15140000e-10  1.89174049e+00  1.70825951e+00  2.83244220e+00  2.55726563e+00 
 3.15640000e-10  1.89161502e+00  1.70838498e+00  2.83226971e+00  2.55743935e+00 
 3.16140000e-10  1.89148864e+00  1.70851136e+00  2.83209586e+00  2.55761441e+00 
 3.16640000e-10  1.89136136e+00  1.70863864e+00  2.83192066e+00  2.55779080e+00 
 3.17140000e-10  1.89123318e+00  1.70876682e+00  2.83174411e+00  2.55796851e+00 
 3.17640000e-10  1.89110409e+00  1.70889591e+00  2.83156621e+00  2.55814756e+00 
 3.18140000e-10  1.89097411e+00  1.70902589e+00  2.83138696e+00  2.55832793e+00 
 3.18640000e-10  1.89084323e+00  1.70915677e+00  2.83120636e+00  2.55850962e+00 
 3.19140000e-10  1.89071145e+00  1.70928855e+00  2.83102442e+00  2.55869264e+00 
 3.19640000e-10  1.89057878e+00  1.70942122e+00  2.83084113e+00  2.55887698e+00 
 3.20140000e-10  1.89044522e+00  1.70955478e+00  2.83065650e+00  2.55906264e+00 
 3.20640000e-10  1.89031076e+00  1.70968924e+00  2.83047052e+00  2.55924962e+00 
 3.21140000e-10  1.89017541e+00  1.70982459e+00  2.83028321e+00  2.55943792e+00 
 3.21640000e-10  1.89003917e+00  1.70996083e+00  2.83009456e+00  2.55962754e+00 
 3.22140000e-10  1.88990204e+00  1.71009796e+00  2.82990457e+00  2.55981847e+00 
 3.22640000e-10  1.88976402e+00  1.71023598e+00  2.82971324e+00  2.56001071e+00 
 3.23140000e-10  1.88962512e+00  1.71037488e+00  2.82952058e+00  2.56020426e+00 
 3.23640000e-10  1.88948534e+00  1.71051466e+00  2.82932659e+00  2.56039912e+00 
 3.24140000e-10  1.88934467e+00  1.71065533e+00  2.82913126e+00  2.56059529e+00 
 3.24640000e-10  1.88920311e+00  1.71079689e+00  2.82893461e+00  2.56079277e+00 
 3.25140000e-10  1.88906068e+00  1.71093932e+00  2.82873662e+00  2.56099156e+00 
 3.25640000e-10  1.88891737e+00  1.71108263e+00  2.82853731e+00  2.56119164e+00 
 3.26140000e-10  1.88877318e+00  1.71122682e+00  2.82833667e+00  2.56139303e+00 
 3.26640000e-10  1.88862812e+00  1.71137188e+00  2.82813471e+00  2.56159572e+00 
 3.27140000e-10  1.88848218e+00  1.71151782e+00  2.82793143e+00  2.56179970e+00 
 3.27640000e-10  1.88833537e+00  1.71166463e+00  2.82772683e+00  2.56200499e+00 
 3.28140000e-10  1.88818768e+00  1.71181232e+00  2.82752090e+00  2.56221157e+00 
 3.28640000e-10  1.88803913e+00  1.71196087e+00  2.82731366e+00  2.56241944e+00 
 3.29140000e-10  1.88788970e+00  1.71211030e+00  2.82710511e+00  2.56262860e+00 
 3.29640000e-10  1.88773941e+00  1.71226059e+00  2.82689524e+00  2.56283906e+00 
 3.30140000e-10  1.88758826e+00  1.71241174e+00  2.82668405e+00  2.56305080e+00 
 3.30640000e-10  1.88743624e+00  1.71256376e+00  2.82647156e+00  2.56326383e+00 
 3.31140000e-10  1.88728335e+00  1.71271665e+00  2.82625776e+00  2.56347814e+00 
 3.31640000e-10  1.88712961e+00  1.71287039e+00  2.82604265e+00  2.56369374e+00 
 3.32140000e-10  1.88697500e+00  1.71302500e+00  2.82582623e+00  2.56391061e+00 
 3.32640000e-10  1.88681954e+00  1.71318046e+00  2.82560851e+00  2.56412877e+00 
 3.33140000e-10  1.88666321e+00  1.71333679e+00  2.82538948e+00  2.56434820e+00 
 3.33640000e-10  1.88650604e+00  1.71349396e+00  2.82516916e+00  2.56456891e+00 
 3.34140000e-10  1.88634801e+00  1.71365199e+00  2.82494754e+00  2.56479090e+00 
 3.34640000e-10  1.88618912e+00  1.71381088e+00  2.82472462e+00  2.56501416e+00 
 3.35140000e-10  1.88602939e+00  1.71397061e+00  2.82450040e+00  2.56523868e+00 
 3.35640000e-10  1.88586881e+00  1.71413119e+00  2.82427490e+00  2.56546448e+00 
 3.36140000e-10  1.88570738e+00  1.71429262e+00  2.82404810e+00  2.56569154e+00 
 3.36640000e-10  1.88554510e+00  1.71445490e+00  2.82382001e+00  2.56591987e+00 
 3.37140000e-10  1.88538198e+00  1.71461802e+00  2.82359063e+00  2.56614945e+00 
 3.37640000e-10  1.88521802e+00  1.71478198e+00  2.82335996e+00  2.56638030e+00 
 3.38140000e-10  1.88505322e+00  1.71494678e+00  2.82312802e+00  2.56661241e+00 
 3.38640000e-10  1.88488758e+00  1.71511242e+00  2.82289479e+00  2.56684578e+00 
 3.39140000e-10  1.88472109e+00  1.71527891e+00  2.82266028e+00  2.56708040e+00 
 3.39640000e-10  1.88455378e+00  1.71544622e+00  2.82242449e+00  2.56731627e+00 
 3.40140000e-10  1.88438563e+00  1.71561437e+00  2.82218742e+00  2.56755340e+00 
 3.40640000e-10  1.88421664e+00  1.71578336e+00  2.82194908e+00  2.56779177e+00 
 3.41140000e-10  1.88404683e+00  1.71595317e+00  2.82170947e+00  2.56803139e+00 
 3.41640000e-10  1.88387618e+00  1.71612382e+00  2.82146858e+00  2.56827226e+00 
 3.42140000e-10  1.88370471e+00  1.71629529e+00  2.82122643e+00  2.56851437e+00 
 3.42640000e-10  1.88353241e+00  1.71646759e+00  2.82098301e+00  2.56875772e+00 
 3.43140000e-10  1.88335929e+00  1.71664071e+00  2.82073833e+00  2.56900230e+00 
 3.43640000e-10  1.88318534e+00  1.71681466e+00  2.82049239e+00  2.56924813e+00 
 3.44140000e-10  1.88301057e+00  1.71698943e+00  2.82024518e+00  2.56949519e+00 
 3.44640000e-10  1.88283499e+00  1.71716501e+00  2.81999672e+00  2.56974348e+00 
 3.45140000e-10  1.88265858e+00  1.71734142e+00  2.81974700e+00  2.56999300e+00 
 3.45640000e-10  1.88248136e+00  1.71751864e+00  2.81949602e+00  2.57024376e+00 
 3.46140000e-10  1.88230333e+00  1.71769667e+00  2.81924379e+00  2.57049573e+00 
 3.46640000e-10  1.88212448e+00  1.71787552e+00  2.81899032e+00  2.57074894e+00 
 3.47140000e-10  1.88194483e+00  1.71805517e+00  2.81873559e+00  2.57100336e+00 
 3.47640000e-10  1.88176436e+00  1.71823564e+00  2.81847962e+00  2.57125900e+00 
 3.48140000e-10  1.88158309e+00  1.71841691e+00  2.81822241e+00  2.57151586e+00 
 3.48640000e-10  1.88140101e+00  1.71859899e+00  2.81796395e+00  2.57177394e+00 
 3.49140000e-10  1.88121813e+00  1.71878187e+00  2.81770426e+00  2.57203323e+00 
 3.49640000e-10  1.88103445e+00  1.71896555e+00  2.81744333e+00  2.57229373e+00 
 3.50140000e-10  1.88084996e+00  1.71915004e+00  2.81718116e+00  2.57255544e+00 
 3.50640000e-10  1.88066468e+00  1.71933532e+00  2.81691776e+00  2.57281836e+00 
 3.51140000e-10  1.88047861e+00  1.71952139e+00  2.81665314e+00  2.57308248e+00 
 3.51640000e-10  1.88029174e+00  1.71970826e+00  2.81638728e+00  2.57334780e+00 
 3.52140000e-10  1.88010407e+00  1.71989593e+00  2.81612020e+00  2.57361432e+00 
 3.52640000e-10  1.87991562e+00  1.72008438e+00  2.81585189e+00  2.57388204e+00 
 3.53140000e-10  1.87972638e+00  1.72027362e+00  2.81558237e+00  2.57415096e+00 
 3.53640000e-10  1.87953635e+00  1.72046365e+00  2.81531162e+00  2.57442106e+00 
 3.54140000e-10  1.87934553e+00  1.72065447e+00  2.81503966e+00  2.57469236e+00 
 3.54640000e-10  1.87915394e+00  1.72084606e+00  2.81476648e+00  2.57496485e+00 
 3.55140000e-10  1.87896156e+00  1.72103844e+00  2.81449210e+00  2.57523852e+00 
 3.55640000e-10  1.87876840e+00  1.72123160e+00  2.81421650e+00  2.57551337e+00 
 3.56140000e-10  1.87857446e+00  1.72142554e+00  2.81393970e+00  2.57578941e+00 
 3.56640000e-10  1.87837975e+00  1.72162025e+00  2.81366169e+00  2.57606662e+00 
 3.57140000e-10  1.87818427e+00  1.72181573e+00  2.81338248e+00  2.57634501e+00 
 3.57640000e-10  1.87798801e+00  1.72201199e+00  2.81310207e+00  2.57662457e+00 
 3.58140000e-10  1.87779099e+00  1.72220901e+00  2.81282046e+00  2.57690531e+00 
 3.58640000e-10  1.87759319e+00  1.72240681e+00  2.81253766e+00  2.57718721e+00 
 3.59140000e-10  1.87739463e+00  1.72260537e+00  2.81225367e+00  2.57747028e+00 
 3.59640000e-10  1.87719531e+00  1.72280469e+00  2.81196849e+00  2.57775452e+00 
 3.60140000e-10  1.87699522e+00  1.72300478e+00  2.81168212e+00  2.57803991e+00 
 3.60640000e-10  1.87679438e+00  1.72320562e+00  2.81139456e+00  2.57832646e+00 
 3.61140000e-10  1.87659278e+00  1.72340722e+00  2.81110583e+00  2.57861417e+00 
 3.61640000e-10  1.87639042e+00  1.72360958e+00  2.81081591e+00  2.57890304e+00 
 3.62140000e-10  1.87618730e+00  1.72381270e+00  2.81052482e+00  2.57919305e+00 
 3.62640000e-10  1.87598344e+00  1.72401656e+00  2.81023255e+00  2.57948421e+00 
 3.63140000e-10  1.87577882e+00  1.72422118e+00  2.80993911e+00  2.57977652e+00 
 3.63640000e-10  1.87557346e+00  1.72442654e+00  2.80964451e+00  2.58006998e+00 
 3.64140000e-10  1.87536735e+00  1.72463265e+00  2.80934873e+00  2.58036457e+00 
 3.64640000e-10  1.87516050e+00  1.72483950e+00  2.80905179e+00  2.58066030e+00 
 3.65140000e-10  1.87495291e+00  1.72504709e+00  2.80875369e+00  2.58095717e+00 
 3.65640000e-10  1.87474457e+00  1.72525543e+00  2.80845444e+00  2.58125517e+00 
 3.66140000e-10  1.87453550e+00  1.72546450e+00  2.80815402e+00  2.58155430e+00 
 3.66640000e-10  1.87432569e+00  1.72567431e+00  2.80785246e+00  2.58185456e+00 
 3.67140000e-10  1.87411515e+00  1.72588485e+00  2.80754974e+00  2.58215594e+00 
 3.67640000e-10  1.87390388e+00  1.72609612e+00  2.80724588e+00  2.58245845e+00 
 3.68140000e-10  1.87369188e+00  1.72630812e+00  2.80694087e+00  2.58276207e+00 
 3.68640000e-10  1.87347915e+00  1.72652085e+00  2.80663471e+00  2.58306682e+00 
 3.69140000e-10  1.87326569e+00  1.72673431e+00  2.80632742e+00  2.58337267e+00 
 3.69640000e-10  1.87305152e+00  1.72694848e+00  2.80601900e+00  2.58367964e+00 
 3.70140000e-10  1.87283662e+00  1.72716338e+00  2.80570943e+00  2.58398772e+00 
 3.70640000e-10  1.87262100e+00  1.72737900e+00  2.80539874e+00  2.58429690e+00 
 3.71140000e-10  1.87240467e+00  1.72759533e+00  2.80508692e+00  2.58460718e+00 
 3.71640000e-10  1.87218762e+00  1.72781238e+00  2.80477398e+00  2.58491857e+00 
 3.72140000e-10  1.87196986e+00  1.72803014e+00  2.80445991e+00  2.58523105e+00 
 3.72640000e-10  1.87175139e+00  1.72824861e+00  2.80414472e+00  2.58554463e+00 
 3.73140000e-10  1.87153221e+00  1.72846779e+00  2.80382842e+00  2.58585930e+00 
 3.73640000e-10  1.87131232e+00  1.72868768e+00  2.80351100e+00  2.58617506e+00 
 3.74140000e-10  1.87109173e+00  1.72890827e+00  2.80319247e+00  2.58649190e+00 
 3.74640000e-10  1.87087044e+00  1.72912956e+00  2.80287283e+00  2.58680983e+00 
 3.75140000e-10  1.87064845e+00  1.72935155e+00  2.80255209e+00  2.58712884e+00 
 3.75640000e-10  1.87042576e+00  1.72957424e+00  2.80223025e+00  2.58744892e+00 
 3.76140000e-10  1.87020238e+00  1.72979762e+00  2.80190731e+00  2.58777008e+00 
 3.76640000e-10  1.86997830e+00  1.73002170e+00  2.80158327e+00  2.58809232e+00 
 3.77140000e-10  1.86975354e+00  1.73024646e+00  2.80125814e+00  2.58841562e+00 
 3.77640000e-10  1.86952808e+00  1.73047192e+00  2.80093191e+00  2.58873998e+00 
 3.78140000e-10  1.86930194e+00  1.73069806e+00  2.80060461e+00  2.58906541e+00 
 3.78640000e-10  1.86907512e+00  1.73092488e+00  2.80027621e+00  2.58939190e+00 
 3.79140000e-10  1.86884761e+00  1.73115239e+00  2.79994674e+00  2.58971945e+00 
 3.79640000e-10  1.86861942e+00  1.73138058e+00  2.79961619e+00  2.59004804e+00 
 3.80140000e-10  1.86839056e+00  1.73160944e+00  2.79928456e+00  2.59037770e+00 
 3.80640000e-10  1.86816102e+00  1.73183898e+00  2.79895187e+00  2.59070839e+00 
 3.81140000e-10  1.86793081e+00  1.73206919e+00  2.79861810e+00  2.59104014e+00 
 3.81640000e-10  1.86769993e+00  1.73230007e+00  2.79828327e+00  2.59137292e+00 
 3.82140000e-10  1.86746838e+00  1.73253162e+00  2.79794737e+00  2.59170674e+00 
 3.82640000e-10  1.86723616e+00  1.73276384e+00  2.79761042e+00  2.59204160e+00 
 3.83140000e-10  1.86700328e+00  1.73299672e+00  2.79727241e+00  2.59237749e+00 
 3.83640000e-10  1.86676974e+00  1.73323026e+00  2.79693335e+00  2.59271441e+00 
 3.84140000e-10  1.86653554e+00  1.73346446e+00  2.79659324e+00  2.59305236e+00 
 3.84640000e-10  1.86630069e+00  1.73369931e+00  2.79625208e+00  2.59339133e+00 
 3.85140000e-10  1.86606518e+00  1.73393482e+00  2.79590988e+00  2.59373132e+00 
 3.85640000e-10  1.86582902e+00  1.73417098e+00  2.79556664e+00  2.59407233e+00 
 3.86140000e-10  1.86559220e+00  1.73440780e+00  2.79522237e+00  2.59441435e+00 
 3.86640000e-10  1.86535474e+00  1.73464526e+00  2.79487706e+00  2.59475738e+00 
 3.87140000e-10  1.86511664e+00  1.73488336e+00  2.79453072e+00  2.59510142e+00 
 3.87640000e-10  1.86487789e+00  1.73512211e+00  2.79418335e+00  2.59544646e+00 
 3.88140000e-10  1.86463850e+00  1.73536150e+00  2.79383496e+00  2.59579250e+00 
 3.88640000e-10  1.86439848e+00  1.73560152e+00  2.79348555e+00  2.59613954e+00 
 3.89140000e-10  1.86415782e+00  1.73584218e+00  2.79313512e+00  2.59648758e+00 
 3.89640000e-10  1.86391652e+00  1.73608348e+00  2.79278368e+00  2.59683660e+00 
 3.90140000e-10  1.86367460e+00  1.73632540e+00  2.79243123e+00  2.59718662e+00 
 3.90640000e-10  1.86343204e+00  1.73656796e+00  2.79207777e+00  2.59753761e+00 
 3.91140000e-10  1.86318886e+00  1.73681114e+00  2.79172331e+00  2.59788959e+00 
 3.91640000e-10  1.86294506e+00  1.73705494e+00  2.79136785e+00  2.59824255e+00 
 3.92140000e-10  1.86270063e+00  1.73729937e+00  2.79101140e+00  2.59859648e+00 
 3.92640000e-10  1.86245559e+00  1.73754441e+00  2.79065395e+00  2.59895139e+00 
 3.93140000e-10  1.86220993e+00  1.73779007e+00  2.79029551e+00  2.59930726e+00 
 3.93640000e-10  1.86196366e+00  1.73803634e+00  2.78993608e+00  2.59966410e+00 
 3.94140000e-10  1.86171677e+00  1.73828323e+00  2.78957567e+00  2.60002190e+00 
 3.94640000e-10  1.86146928e+00  1.73853072e+00  2.78921428e+00  2.60038065e+00 
 3.95140000e-10  1.86122118e+00  1.73877882e+00  2.78885192e+00  2.60074036e+00 
 3.95640000e-10  1.86097247e+00  1.73902753e+00  2.78848858e+00  2.60110102e+00 
 3.96140000e-10  1.86072316e+00  1.73927684e+00  2.78812428e+00  2.60146263e+00 
 3.96640000e-10  1.86047326e+00  1.73952674e+00  2.78775901e+00  2.60182519e+00 
 3.97140000e-10  1.86022275e+00  1.73977725e+00  2.78739277e+00  2.60218868e+00 
 3.97640000e-10  1.85997166e+00  1.74002834e+00  2.78702558e+00  2.60255311e+00 
 3.98140000e-10  1.85971997e+00  1.74028003e+00  2.78665744e+00  2.60291848e+00 
 3.98640000e-10  1.85946769e+00  1.74053231e+00  2.78628834e+00  2.60328478e+00 
 3.99140000e-10  1.85921482e+00  1.74078518e+00  2.78591830e+00  2.60365200e+00 
 3.99640000e-10  1.85896137e+00  1.74103863e+00  2.78554731e+00  2.60402015e+00 
 4.00140000e-10  1.85870734e+00  1.74129266e+00  2.78517538e+00  2.60438921e+00 
 4.00640000e-10  1.85845273e+00  1.74154727e+00  2.78480252e+00  2.60475920e+00 
 4.01140000e-10  1.85819754e+00  1.74180246e+00  2.78442872e+00  2.60513009e+00 
 4.01640000e-10  1.85794177e+00  1.74205823e+00  2.78405400e+00  2.60550190e+00 
 4.02140000e-10  1.85768544e+00  1.74231456e+00  2.78367835e+00  2.60587461e+00 
 4.02640000e-10  1.85742853e+00  1.74257147e+00  2.78330177e+00  2.60624823e+00 
 4.03140000e-10  1.85717106e+00  1.74282894e+00  2.78292428e+00  2.60662274e+00 
 4.03640000e-10  1.85691303e+00  1.74308697e+00  2.78254587e+00  2.60699815e+00 
 4.04140000e-10  1.85665443e+00  1.74334557e+00  2.78216656e+00  2.60737445e+00 
 4.04640000e-10  1.85639528e+00  1.74360472e+00  2.78178633e+00  2.60775163e+00 
 4.05140000e-10  1.85613556e+00  1.74386444e+00  2.78140521e+00  2.60812970e+00 
 4.05640000e-10  1.85587530e+00  1.74412470e+00  2.78102318e+00  2.60850866e+00 
 4.06140000e-10  1.85561448e+00  1.74438552e+00  2.78064026e+00  2.60888849e+00 
 4.06640000e-10  1.85535311e+00  1.74464689e+00  2.78025644e+00  2.60926919e+00 
 4.07140000e-10  1.85509120e+00  1.74490880e+00  2.77987174e+00  2.60965076e+00 
 4.07640000e-10  1.85482874e+00  1.74517126e+00  2.77948615e+00  2.61003320e+00 
 4.08140000e-10  1.85456574e+00  1.74543426e+00  2.77909968e+00  2.61041650e+00 
 4.08640000e-10  1.85430220e+00  1.74569780e+00  2.77871234e+00  2.61080066e+00 
 4.09140000e-10  1.85403813e+00  1.74596187e+00  2.77832412e+00  2.61118567e+00 
 4.09640000e-10  1.85377352e+00  1.74622648e+00  2.77793503e+00  2.61157154e+00 
 4.10140000e-10  1.85350839e+00  1.74649161e+00  2.77754508e+00  2.61195825e+00 
 4.10640000e-10  1.85324272e+00  1.74675728e+00  2.77715427e+00  2.61234581e+00 
 4.11140000e-10  1.85297653e+00  1.74702347e+00  2.77676260e+00  2.61273421e+00 
 4.11640000e-10  1.85270982e+00  1.74729018e+00  2.77637007e+00  2.61312344e+00 
 4.12140000e-10  1.85244259e+00  1.74755741e+00  2.77597670e+00  2.61351350e+00 
 4.12640000e-10  1.85217483e+00  1.74782517e+00  2.77558248e+00  2.61390440e+00 
 4.13140000e-10  1.85190657e+00  1.74809343e+00  2.77518742e+00  2.61429612e+00 
 4.13640000e-10  1.85163779e+00  1.74836221e+00  2.77479152e+00  2.61468865e+00 
 4.14140000e-10  1.85136850e+00  1.74863150e+00  2.77439478e+00  2.61508201e+00 
 4.14640000e-10  1.85109871e+00  1.74890129e+00  2.77399722e+00  2.61547618e+00 
 4.15140000e-10  1.85082841e+00  1.74917159e+00  2.77359883e+00  2.61587116e+00 
 4.15640000e-10  1.85055761e+00  1.74944239e+00  2.77319962e+00  2.61626694e+00 
 4.16140000e-10  1.85028631e+00  1.74971369e+00  2.77279959e+00  2.61666353e+00 
 4.16640000e-10  1.85001451e+00  1.74998549e+00  2.77239875e+00  2.61706092e+00 
 4.17140000e-10  1.84974222e+00  1.75025778e+00  2.77199709e+00  2.61745909e+00 
 4.17640000e-10  1.84946944e+00  1.75053056e+00  2.77159463e+00  2.61785806e+00 
 4.18140000e-10  1.84919617e+00  1.75080383e+00  2.77119137e+00  2.61825782e+00 
 4.18640000e-10  1.84892242e+00  1.75107758e+00  2.77078731e+00  2.61865835e+00 
 4.19140000e-10  1.84864818e+00  1.75135182e+00  2.77038246e+00  2.61905967e+00 
 4.19640000e-10  1.84837346e+00  1.75162654e+00  2.76997682e+00  2.61946176e+00 
 4.20140000e-10  1.84809826e+00  1.75190174e+00  2.76957039e+00  2.61986462e+00 
 4.20640000e-10  1.84782260e+00  1.75217740e+00  2.76916318e+00  2.62026824e+00 
 4.21140000e-10  1.84754645e+00  1.75245355e+00  2.76875519e+00  2.62067263e+00 
 4.21640000e-10  1.84726984e+00  1.75273016e+00  2.76834643e+00  2.62107778e+00 
 4.22140000e-10  1.84699276e+00  1.75300724e+00  2.76793690e+00  2.62148368e+00 
 4.22640000e-10  1.84671522e+00  1.75328478e+00  2.76752661e+00  2.62189033e+00 
 4.23140000e-10  1.84643722e+00  1.75356278e+00  2.76711555e+00  2.62229773e+00 
 4.23640000e-10  1.84615876e+00  1.75384124e+00  2.76670374e+00  2.62270587e+00 
 4.24140000e-10  1.84587984e+00  1.75412016e+00  2.76629118e+00  2.62311475e+00 
 4.24640000e-10  1.84560047e+00  1.75439953e+00  2.76587787e+00  2.62352437e+00 
 4.25140000e-10  1.84532066e+00  1.75467934e+00  2.76546381e+00  2.62393471e+00 
 4.25640000e-10  1.84504039e+00  1.75495961e+00  2.76504901e+00  2.62434578e+00 
 4.26140000e-10  1.84475968e+00  1.75524032e+00  2.76463348e+00  2.62475757e+00 
 4.26640000e-10  1.84447853e+00  1.75552147e+00  2.76421721e+00  2.62517009e+00 
 4.27140000e-10  1.84419693e+00  1.75580307e+00  2.76380022e+00  2.62558331e+00 
 4.27640000e-10  1.84391491e+00  1.75608509e+00  2.76338251e+00  2.62599725e+00 
 4.28140000e-10  1.84363244e+00  1.75636756e+00  2.76296407e+00  2.62641189e+00 
 4.28640000e-10  1.84334955e+00  1.75665045e+00  2.76254493e+00  2.62682723e+00 
 4.29140000e-10  1.84306623e+00  1.75693377e+00  2.76212507e+00  2.62724327e+00 
 4.29640000e-10  1.84278249e+00  1.75721751e+00  2.76170450e+00  2.62766000e+00 
 4.30140000e-10  1.84249832e+00  1.75750168e+00  2.76128324e+00  2.62807742e+00 
 4.30640000e-10  1.84221373e+00  1.75778627e+00  2.76086128e+00  2.62849553e+00 
 4.31140000e-10  1.84192873e+00  1.75807127e+00  2.76043862e+00  2.62891432e+00 
 4.31640000e-10  1.84164331e+00  1.75835669e+00  2.76001527e+00  2.62933379e+00 
 4.32140000e-10  1.84135748e+00  1.75864252e+00  2.75959125e+00  2.62975392e+00 
 4.32640000e-10  1.84107125e+00  1.75892875e+00  2.75916654e+00  2.63017473e+00 
 4.33140000e-10  1.84078461e+00  1.75921539e+00  2.75874115e+00  2.63059620e+00 
 4.33640000e-10  1.84049756e+00  1.75950244e+00  2.75831509e+00  2.63101833e+00 
 4.34140000e-10  1.84021012e+00  1.75978988e+00  2.75788837e+00  2.63144112e+00 
 4.34640000e-10  1.83992228e+00  1.76007772e+00  2.75746098e+00  2.63186455e+00 
 4.35140000e-10  1.83963404e+00  1.76036596e+00  2.75703294e+00  2.63228864e+00 
 4.35640000e-10  1.83934542e+00  1.76065458e+00  2.75660424e+00  2.63271337e+00 
 4.36140000e-10  1.83905640e+00  1.76094360e+00  2.75617489e+00  2.63313873e+00 
 4.36640000e-10  1.83876700e+00  1.76123300e+00  2.75574490e+00  2.63356474e+00 
 4.37140000e-10  1.83847722e+00  1.76152278e+00  2.75531427e+00  2.63399137e+00 
 4.37640000e-10  1.83818706e+00  1.76181294e+00  2.75488300e+00  2.63441862e+00 
 4.38140000e-10  1.83789652e+00  1.76210348e+00  2.75445110e+00  2.63484650e+00 
 4.38640000e-10  1.83760561e+00  1.76239439e+00  2.75401857e+00  2.63527500e+00 
 4.39140000e-10  1.83731432e+00  1.76268568e+00  2.75358542e+00  2.63570411e+00 
 4.39640000e-10  1.83702267e+00  1.76297733e+00  2.75315165e+00  2.63613383e+00 
 4.40140000e-10  1.83673065e+00  1.76326935e+00  2.75271726e+00  2.63656415e+00 
 4.40640000e-10  1.83643827e+00  1.76356173e+00  2.75228227e+00  2.63699508e+00 
 4.41140000e-10  1.83614553e+00  1.76385447e+00  2.75184667e+00  2.63742659e+00 
 4.41640000e-10  1.83585244e+00  1.76414756e+00  2.75141047e+00  2.63785870e+00 
 4.42140000e-10  1.83555899e+00  1.76444101e+00  2.75097368e+00  2.63829140e+00 
 4.42640000e-10  1.83526518e+00  1.76473482e+00  2.75053629e+00  2.63872468e+00 
 4.43140000e-10  1.83497104e+00  1.76502896e+00  2.75009832e+00  2.63915854e+00 
 4.43640000e-10  1.83467654e+00  1.76532346e+00  2.74965977e+00  2.63959297e+00 
 4.44140000e-10  1.83438170e+00  1.76561830e+00  2.74922064e+00  2.64002797e+00 
 4.44640000e-10  1.83408653e+00  1.76591347e+00  2.74878093e+00  2.64046354e+00 
 4.45140000e-10  1.83379101e+00  1.76620899e+00  2.74834065e+00  2.64089967e+00 
 4.45640000e-10  1.83349517e+00  1.76650483e+00  2.74789982e+00  2.64133635e+00 
 4.46140000e-10  1.83319899e+00  1.76680101e+00  2.74745842e+00  2.64177359e+00 
 4.46640000e-10  1.83290249e+00  1.76709751e+00  2.74701647e+00  2.64221137e+00 
 4.47140000e-10  1.83260566e+00  1.76739434e+00  2.74657396e+00  2.64264970e+00 
 4.47640000e-10  1.83230851e+00  1.76769149e+00  2.74613091e+00  2.64308856e+00 
 4.48140000e-10  1.83201104e+00  1.76798896e+00  2.74568732e+00  2.64352796e+00 
 4.48640000e-10  1.83171325e+00  1.76828675e+00  2.74524320e+00  2.64396789e+00 
 4.49140000e-10  1.83141515e+00  1.76858485e+00  2.74479854e+00  2.64440835e+00 
 4.49640000e-10  1.83111674e+00  1.76888326e+00  2.74435335e+00  2.64484932e+00 
 4.50140000e-10  1.83081803e+00  1.76918197e+00  2.74390764e+00  2.64529082e+00 
 4.50640000e-10  1.83051901e+00  1.76948099e+00  2.74346142e+00  2.64573282e+00 
 4.51140000e-10  1.83021969e+00  1.76978031e+00  2.74301468e+00  2.64617533e+00 
 4.51640000e-10  1.82992007e+00  1.77007993e+00  2.74256743e+00  2.64661835e+00 
 4.52140000e-10  1.82962015e+00  1.77037985e+00  2.74211968e+00  2.64706186e+00 
 4.52640000e-10  1.82931995e+00  1.77068005e+00  2.74167143e+00  2.64750586e+00 
 4.53140000e-10  1.82901945e+00  1.77098055e+00  2.74122268e+00  2.64795036e+00 
 4.53640000e-10  1.82871867e+00  1.77128133e+00  2.74077344e+00  2.64839534e+00 
 4.54140000e-10  1.82841760e+00  1.77158240e+00  2.74032372e+00  2.64884080e+00 
 4.54640000e-10  1.82811625e+00  1.77188375e+00  2.73987352e+00  2.64928674e+00 
 4.55140000e-10  1.82781463e+00  1.77218537e+00  2.73942284e+00  2.64973315e+00 
 4.55640000e-10  1.82751273e+00  1.77248727e+00  2.73897169e+00  2.65018002e+00 
 4.56140000e-10  1.82721056e+00  1.77278944e+00  2.73852008e+00  2.65062736e+00 
 4.56640000e-10  1.82690812e+00  1.77309188e+00  2.73806800e+00  2.65107516e+00 
 4.57140000e-10  1.82660542e+00  1.77339458e+00  2.73761547e+00  2.65152340e+00 
 4.57640000e-10  1.82630245e+00  1.77369755e+00  2.73716248e+00  2.65197210e+00 
 4.58140000e-10  1.82599922e+00  1.77400078e+00  2.73670905e+00  2.65242124e+00 
 4.58640000e-10  1.82569574e+00  1.77430426e+00  2.73625517e+00  2.65287082e+00 
 4.59140000e-10  1.82539200e+00  1.77460800e+00  2.73580086e+00  2.65332084e+00 
 4.59640000e-10  1.82508801e+00  1.77491199e+00  2.73534611e+00  2.65377128e+00 
 4.60140000e-10  1.82478378e+00  1.77521622e+00  2.73489094e+00  2.65422215e+00 
 4.60640000e-10  1.82447930e+00  1.77552070e+00  2.73443534e+00  2.65467344e+00 
 4.61140000e-10  1.82417458e+00  1.77582542e+00  2.73397932e+00  2.65512515e+00 
 4.61640000e-10  1.82386962e+00  1.77613038e+00  2.73352289e+00  2.65557727e+00 
 4.62140000e-10  1.82356442e+00  1.77643558e+00  2.73306605e+00  2.65602980e+00 
 4.62640000e-10  1.82325899e+00  1.77674101e+00  2.73260881e+00  2.65648273e+00 
 4.63140000e-10  1.82295334e+00  1.77704666e+00  2.73215117e+00  2.65693606e+00 
 4.63640000e-10  1.82264745e+00  1.77735255e+00  2.73169313e+00  2.65738978e+00 
 4.64140000e-10  1.82234134e+00  1.77765866e+00  2.73123470e+00  2.65784389e+00 
 4.64640000e-10  1.82203502e+00  1.77796498e+00  2.73077589e+00  2.65829838e+00 
 4.65140000e-10  1.82172847e+00  1.77827153e+00  2.73031670e+00  2.65875326e+00 
 4.65640000e-10  1.82142171e+00  1.77857829e+00  2.72985713e+00  2.65920850e+00 
 4.66140000e-10  1.82111474e+00  1.77888526e+00  2.72939719e+00  2.65966412e+00 
 4.66640000e-10  1.82080756e+00  1.77919244e+00  2.72893689e+00  2.66012011e+00 
 4.67140000e-10  1.82050017e+00  1.77949983e+00  2.72847622e+00  2.66057645e+00 
 4.67640000e-10  1.82019258e+00  1.77980742e+00  2.72801520e+00  2.66103315e+00 
 4.68140000e-10  1.81988480e+00  1.78011520e+00  2.72755383e+00  2.66149021e+00 
 4.68640000e-10  1.81957681e+00  1.78042319e+00  2.72709212e+00  2.66194761e+00 
 4.69140000e-10  1.81926864e+00  1.78073136e+00  2.72663006e+00  2.66240535e+00 
 4.69640000e-10  1.81896027e+00  1.78103973e+00  2.72616766e+00  2.66286343e+00 
 4.70140000e-10  1.81865172e+00  1.78134828e+00  2.72570494e+00  2.66332184e+00 
 4.70640000e-10  1.81834298e+00  1.78165702e+00  2.72524189e+00  2.66378058e+00 
 4.71140000e-10  1.81803406e+00  1.78196594e+00  2.72477852e+00  2.66423964e+00 
 4.71640000e-10  1.81772496e+00  1.78227504e+00  2.72431483e+00  2.66469903e+00 
 4.72140000e-10  1.81741569e+00  1.78258431e+00  2.72385083e+00  2.66515872e+00 
 4.72640000e-10  1.81710625e+00  1.78289375e+00  2.72338652e+00  2.66561873e+00 
 4.73140000e-10  1.81679664e+00  1.78320336e+00  2.72292192e+00  2.66607904e+00 
 4.73640000e-10  1.81648686e+00  1.78351314e+00  2.72245701e+00  2.66653965e+00 
 4.74140000e-10  1.81617692e+00  1.78382308e+00  2.72199182e+00  2.66700056e+00 
 4.74640000e-10  1.81586682e+00  1.78413318e+00  2.72152633e+00  2.66746176e+00 
 4.75140000e-10  1.81555656e+00  1.78444344e+00  2.72106057e+00  2.66792324e+00 
 4.75640000e-10  1.81524615e+00  1.78475385e+00  2.72059453e+00  2.66838501e+00 
 4.76140000e-10  1.81493559e+00  1.78506441e+00  2.72012822e+00  2.66884705e+00 
 4.76640000e-10  1.81462488e+00  1.78537512e+00  2.71966164e+00  2.66930936e+00 
 4.77140000e-10  1.81431403e+00  1.78568597e+00  2.71919480e+00  2.66977194e+00 
 4.77640000e-10  1.81400303e+00  1.78599697e+00  2.71872770e+00  2.67023478e+00 
 4.78140000e-10  1.81369190e+00  1.78630810e+00  2.71826035e+00  2.67069789e+00 
 4.78640000e-10  1.81338063e+00  1.78661937e+00  2.71779276e+00  2.67116124e+00 
 4.79140000e-10  1.81306923e+00  1.78693077e+00  2.71732492e+00  2.67162484e+00 
 4.79640000e-10  1.81275770e+00  1.78724230e+00  2.71685685e+00  2.67208869e+00 
 4.80140000e-10  1.81244605e+00  1.78755395e+00  2.71638855e+00  2.67255277e+00 
 4.80640000e-10  1.81213427e+00  1.78786573e+00  2.71592001e+00  2.67301709e+00 
 4.81140000e-10  1.81182237e+00  1.78817763e+00  2.71545126e+00  2.67348164e+00 
 4.81640000e-10  1.81151036e+00  1.78848964e+00  2.71498229e+00  2.67394641e+00 
 4.82140000e-10  1.81119823e+00  1.78880177e+00  2.71451311e+00  2.67441140e+00 
 4.82640000e-10  1.81088599e+00  1.78911401e+00  2.71404373e+00  2.67487661e+00 
 4.83140000e-10  1.81057365e+00  1.78942635e+00  2.71357414e+00  2.67534203e+00 
 4.83640000e-10  1.81026120e+00  1.78973880e+00  2.71310436e+00  2.67580765e+00 
 4.84140000e-10  1.80994865e+00  1.79005135e+00  2.71263438e+00  2.67627348e+00 
 4.84640000e-10  1.80963600e+00  1.79036400e+00  2.71216422e+00  2.67673950e+00 
 4.85140000e-10  1.80932325e+00  1.79067675e+00  2.71169388e+00  2.67720571e+00 
 4.85640000e-10  1.80901042e+00  1.79098958e+00  2.71122337e+00  2.67767212e+00 
 4.86140000e-10  1.80869749e+00  1.79130251e+00  2.71075268e+00  2.67813870e+00 
 4.86640000e-10  1.80838448e+00  1.79161552e+00  2.71028183e+00  2.67860546e+00 
 4.87140000e-10  1.80807139e+00  1.79192861e+00  2.70981082e+00  2.67907239e+00 
 4.87640000e-10  1.80775821e+00  1.79224179e+00  2.70933965e+00  2.67953949e+00 
 4.88140000e-10  1.80744496e+00  1.79255504e+00  2.70886833e+00  2.68000676e+00 
 4.88640000e-10  1.80713164e+00  1.79286836e+00  2.70839687e+00  2.68047418e+00 
 4.89140000e-10  1.80681825e+00  1.79318175e+00  2.70792527e+00  2.68094176e+00 
 4.89640000e-10  1.80650478e+00  1.79349522e+00  2.70745353e+00  2.68140948e+00 
 4.90140000e-10  1.80619126e+00  1.79380874e+00  2.70698167e+00  2.68187735e+00 
 4.90640000e-10  1.80587767e+00  1.79412233e+00  2.70650968e+00  2.68234536e+00 
 4.91140000e-10  1.80556403e+00  1.79443597e+00  2.70603757e+00  2.68281351e+00 
 4.91640000e-10  1.80525033e+00  1.79474967e+00  2.70556535e+00  2.68328178e+00 
 4.92140000e-10  1.80493658e+00  1.79506342e+00  2.70509302e+00  2.68375018e+00 
 4.92640000e-10  1.80462278e+00  1.79537722e+00  2.70462058e+00  2.68421871e+00 
 4.93140000e-10  1.80430893e+00  1.79569107e+00  2.70414805e+00  2.68468734e+00 
 4.93640000e-10  1.80399504e+00  1.79600496e+00  2.70367542e+00  2.68515609e+00 
 4.94140000e-10  1.80368111e+00  1.79631889e+00  2.70320271e+00  2.68562495e+00 
 4.94640000e-10  1.80336715e+00  1.79663285e+00  2.70272991e+00  2.68609391e+00 
 4.95140000e-10  1.80305315e+00  1.79694685e+00  2.70225703e+00  2.68656296e+00 
 4.95640000e-10  1.80273913e+00  1.79726087e+00  2.70178409e+00  2.68703211e+00 
 4.96140000e-10  1.80242507e+00  1.79757493e+00  2.70131107e+00  2.68750135e+00 
 4.96640000e-10  1.80211099e+00  1.79788901e+00  2.70083800e+00  2.68797067e+00 
 4.97140000e-10  1.80179689e+00  1.79820311e+00  2.70036487e+00  2.68844006e+00 
 4.97640000e-10  1.80148278e+00  1.79851722e+00  2.69989168e+00  2.68890953e+00 
 4.98140000e-10  1.80116865e+00  1.79883135e+00  2.69941845e+00  2.68937908e+00 
 4.98640000e-10  1.80085450e+00  1.79914550e+00  2.69894518e+00  2.68984868e+00 
 4.99140000e-10  1.80054035e+00  1.79945965e+00  2.69847188e+00  2.69031835e+00 
 4.99640000e-10  1.80022619e+00  1.79977381e+00  2.69799854e+00  2.69078807e+00 
 5.00140000e-10  1.79991204e+00  1.80008796e+00  2.69752518e+00  2.69125784e+00 
 5.00640000e-10  1.79959788e+00  1.80040212e+00  2.69705180e+00  2.69172765e+00 
 5.01140000e-10  1.79928372e+00  1.80071628e+00  2.69657840e+00  2.69219751e+00 
 5.01640000e-10  1.79896958e+00  1.80103042e+00  2.69610499e+00  2.69266740e+00 
 5.02140000e-10  1.79865544e+00  1.80134456e+00  2.69563158e+00  2.69313733e+00 
 5.02640000e-10  1.79834132e+00  1.80165868e+00  2.69515817e+00  2.69360728e+00 
 5.03140000e-10  1.79802721e+00  1.80197279e+00  2.69468477e+00  2.69407725e+00 
 5.03640000e-10  1.79771312e+00  1.80228688e+00  2.69421138e+00  2.69454724e+00 
 5.04140000e-10  1.79739905e+00  1.80260095e+00  2.69373801e+00  2.69501725e+00 
 5.04640000e-10  1.79708501e+00  1.80291499e+00  2.69326466e+00  2.69548726e+00 
 5.05140000e-10  1.79677100e+00  1.80322900e+00  2.69279133e+00  2.69595728e+00 
 5.05640000e-10  1.79645703e+00  1.80354297e+00  2.69231804e+00  2.69642729e+00 
 5.06140000e-10  1.79614308e+00  1.80385692e+00  2.69184479e+00  2.69689730e+00 
 5.06640000e-10  1.79582918e+00  1.80417082e+00  2.69137158e+00  2.69736730e+00 
 5.07140000e-10  1.79551531e+00  1.80448469e+00  2.69089842e+00  2.69783728e+00 
 5.07640000e-10  1.79520149e+00  1.80479851e+00  2.69042531e+00  2.69830725e+00 
 5.08140000e-10  1.79488772e+00  1.80511228e+00  2.68995227e+00  2.69877719e+00 
 5.08640000e-10  1.79457399e+00  1.80542601e+00  2.68947928e+00  2.69924710e+00 
 5.09140000e-10  1.79426032e+00  1.80573968e+00  2.68900637e+00  2.69971697e+00 
 5.09640000e-10  1.79394671e+00  1.80605329e+00  2.68853353e+00  2.70018681e+00 
 5.10140000e-10  1.79363316e+00  1.80636684e+00  2.68806077e+00  2.70065661e+00 
 5.10640000e-10  1.79331967e+00  1.80668033e+00  2.68758810e+00  2.70112635e+00 
 5.11140000e-10  1.79300625e+00  1.80699375e+00  2.68711552e+00  2.70159605e+00 
 5.11640000e-10  1.79269289e+00  1.80730711e+00  2.68664304e+00  2.70206569e+00 
 5.12140000e-10  1.79237961e+00  1.80762039e+00  2.68617066e+00  2.70253526e+00 
 5.12640000e-10  1.79206640e+00  1.80793360e+00  2.68569838e+00  2.70300477e+00 
 5.13140000e-10  1.79175327e+00  1.80824673e+00  2.68522621e+00  2.70347421e+00 
 5.13640000e-10  1.79144022e+00  1.80855978e+00  2.68475417e+00  2.70394357e+00 
 5.14140000e-10  1.79112726e+00  1.80887274e+00  2.68428224e+00  2.70441285e+00 
 5.14640000e-10  1.79081438e+00  1.80918562e+00  2.68381045e+00  2.70488205e+00 
 5.15140000e-10  1.79050160e+00  1.80949840e+00  2.68333878e+00  2.70535115e+00 
 5.15640000e-10  1.79018891e+00  1.80981109e+00  2.68286726e+00  2.70582016e+00 
 5.16140000e-10  1.78987631e+00  1.81012369e+00  2.68239588e+00  2.70628908e+00 
 5.16640000e-10  1.78956382e+00  1.81043618e+00  2.68192464e+00  2.70675788e+00 
 5.17140000e-10  1.78925143e+00  1.81074857e+00  2.68145356e+00  2.70722658e+00 
 5.17640000e-10  1.78893914e+00  1.81106086e+00  2.68098264e+00  2.70769517e+00 
 5.18140000e-10  1.78862696e+00  1.81137304e+00  2.68051189e+00  2.70816363e+00 
 5.18640000e-10  1.78831490e+00  1.81168510e+00  2.68004130e+00  2.70863198e+00 
 5.19140000e-10  1.78800295e+00  1.81199705e+00  2.67957089e+00  2.70910020e+00 
 5.19640000e-10  1.78769112e+00  1.81230888e+00  2.67910066e+00  2.70956828e+00 
 5.20140000e-10  1.78737941e+00  1.81262059e+00  2.67863061e+00  2.71003623e+00 
 5.20640000e-10  1.78706783e+00  1.81293217e+00  2.67816075e+00  2.71050403e+00 
 5.21140000e-10  1.78675637e+00  1.81324363e+00  2.67769109e+00  2.71097169e+00 
 5.21640000e-10  1.78644504e+00  1.81355496e+00  2.67722163e+00  2.71143919e+00 
 5.22140000e-10  1.78613385e+00  1.81386615e+00  2.67675237e+00  2.71190654e+00 
 5.22640000e-10  1.78582280e+00  1.81417720e+00  2.67628333e+00  2.71237373e+00 
 5.23140000e-10  1.78551188e+00  1.81448812e+00  2.67581450e+00  2.71284076e+00 
 5.23640000e-10  1.78520111e+00  1.81479889e+00  2.67534589e+00  2.71330761e+00 
 5.24140000e-10  1.78489048e+00  1.81510952e+00  2.67487750e+00  2.71377429e+00 
 5.24640000e-10  1.78458000e+00  1.81542000e+00  2.67440935e+00  2.71424078e+00 
 5.25140000e-10  1.78426968e+00  1.81573032e+00  2.67394143e+00  2.71470709e+00 
 5.25640000e-10  1.78395951e+00  1.81604049e+00  2.67347375e+00  2.71517321e+00 
 5.26140000e-10  1.78364950e+00  1.81635050e+00  2.67300632e+00  2.71563914e+00 
 5.26640000e-10  1.78333965e+00  1.81666035e+00  2.67253914e+00  2.71610487e+00 
 5.27140000e-10  1.78302996e+00  1.81697004e+00  2.67207221e+00  2.71657039e+00 
 5.27640000e-10  1.78272044e+00  1.81727956e+00  2.67160555e+00  2.71703570e+00 
 5.28140000e-10  1.78241109e+00  1.81758891e+00  2.67113915e+00  2.71750079e+00 
 5.28640000e-10  1.78210192e+00  1.81789808e+00  2.67067301e+00  2.71796567e+00 
 5.29140000e-10  1.78179292e+00  1.81820708e+00  2.67020716e+00  2.71843032e+00 
 5.29640000e-10  1.78148410e+00  1.81851590e+00  2.66974158e+00  2.71889475e+00 
 5.30140000e-10  1.78117547e+00  1.81882453e+00  2.66927629e+00  2.71935894e+00 
 5.30640000e-10  1.78086702e+00  1.81913298e+00  2.66881128e+00  2.71982288e+00 
 5.31140000e-10  1.78055876e+00  1.81944124e+00  2.66834657e+00  2.72028659e+00 
 5.31640000e-10  1.78025069e+00  1.81974931e+00  2.66788216e+00  2.72075004e+00 
 5.32140000e-10  1.77994282e+00  1.82005718e+00  2.66741805e+00  2.72121325e+00 
 5.32640000e-10  1.77963514e+00  1.82036486e+00  2.66695425e+00  2.72167619e+00 
 5.33140000e-10  1.77932767e+00  1.82067233e+00  2.66649076e+00  2.72213886e+00 
 5.33640000e-10  1.77902040e+00  1.82097960e+00  2.66602759e+00  2.72260127e+00 
 5.34140000e-10  1.77871333e+00  1.82128667e+00  2.66556474e+00  2.72306340e+00 
 5.34640000e-10  1.77840648e+00  1.82159352e+00  2.66510222e+00  2.72352525e+00 
 5.35140000e-10  1.77809984e+00  1.82190016e+00  2.66464003e+00  2.72398682e+00 
 5.35640000e-10  1.77779341e+00  1.82220659e+00  2.66417817e+00  2.72444810e+00 
 5.36140000e-10  1.77748721e+00  1.82251279e+00  2.66371666e+00  2.72490908e+00 
 5.36640000e-10  1.77718123e+00  1.82281877e+00  2.66325548e+00  2.72536976e+00 
 5.37140000e-10  1.77687547e+00  1.82312453e+00  2.66279466e+00  2.72583013e+00 
 5.37640000e-10  1.77656994e+00  1.82343006e+00  2.66233419e+00  2.72629020e+00 
 5.38140000e-10  1.77626464e+00  1.82373536e+00  2.66187408e+00  2.72674995e+00 
 5.38640000e-10  1.77595958e+00  1.82404042e+00  2.66141432e+00  2.72720937e+00 
 5.39140000e-10  1.77565475e+00  1.82434525e+00  2.66095494e+00  2.72766847e+00 
 5.39640000e-10  1.77535016e+00  1.82464984e+00  2.66049593e+00  2.72812724e+00 
 5.40140000e-10  1.77504582e+00  1.82495418e+00  2.66003729e+00  2.72858567e+00 
 5.40640000e-10  1.77474172e+00  1.82525828e+00  2.65957903e+00  2.72904376e+00 
 5.41140000e-10  1.77443788e+00  1.82556212e+00  2.65912115e+00  2.72950151e+00 
 5.41640000e-10  1.77413428e+00  1.82586572e+00  2.65866367e+00  2.72995890e+00 
 5.42140000e-10  1.77383094e+00  1.82616906e+00  2.65820657e+00  2.73041593e+00 
 5.42640000e-10  1.77352786e+00  1.82647214e+00  2.65774987e+00  2.73087260e+00 
 5.43140000e-10  1.77322504e+00  1.82677496e+00  2.65729358e+00  2.73132890e+00 
 5.43640000e-10  1.77292248e+00  1.82707752e+00  2.65683768e+00  2.73178483e+00 
 5.44140000e-10  1.77262019e+00  1.82737981e+00  2.65638220e+00  2.73224038e+00 
 5.44640000e-10  1.77231817e+00  1.82768183e+00  2.65592713e+00  2.73269554e+00 
 5.45140000e-10  1.77201643e+00  1.82798357e+00  2.65547248e+00  2.73315032e+00 
 5.45640000e-10  1.77171496e+00  1.82828504e+00  2.65501825e+00  2.73360470e+00 
 5.46140000e-10  1.77141377e+00  1.82858623e+00  2.65456444e+00  2.73405868e+00 
 5.46640000e-10  1.77111286e+00  1.82888714e+00  2.65411106e+00  2.73451226e+00 
 5.47140000e-10  1.77081224e+00  1.82918776e+00  2.65365812e+00  2.73496542e+00 
 5.47640000e-10  1.77051190e+00  1.82948810e+00  2.65320562e+00  2.73541817e+00 
 5.48140000e-10  1.77021186e+00  1.82978814e+00  2.65275356e+00  2.73587050e+00 
 5.48640000e-10  1.76991211e+00  1.83008789e+00  2.65230195e+00  2.73632240e+00 
 5.49140000e-10  1.76961266e+00  1.83038734e+00  2.65185078e+00  2.73677388e+00 
 5.49640000e-10  1.76931350e+00  1.83068650e+00  2.65140007e+00  2.73722491e+00 
 5.50140000e-10  1.76901465e+00  1.83098535e+00  2.65094982e+00  2.73767551e+00 
 5.50640000e-10  1.76871611e+00  1.83128389e+00  2.65050004e+00  2.73812565e+00 
 5.51140000e-10  1.76841787e+00  1.83158213e+00  2.65005072e+00  2.73857535e+00 
 5.51640000e-10  1.76811995e+00  1.83188005e+00  2.64960187e+00  2.73902458e+00 
 5.52140000e-10  1.76782234e+00  1.83217766e+00  2.64915349e+00  2.73947336e+00 
 5.52640000e-10  1.76752505e+00  1.83247495e+00  2.64870560e+00  2.73992167e+00 
 5.53140000e-10  1.76722808e+00  1.83277192e+00  2.64825819e+00  2.74036950e+00 
 5.53640000e-10  1.76693143e+00  1.83306857e+00  2.64781126e+00  2.74081686e+00 
 5.54140000e-10  1.76663511e+00  1.83336489e+00  2.64736483e+00  2.74126374e+00 
 5.54640000e-10  1.76633912e+00  1.83366088e+00  2.64691889e+00  2.74171012e+00 
 5.55140000e-10  1.76604346e+00  1.83395654e+00  2.64647346e+00  2.74215602e+00 
 5.55640000e-10  1.76574813e+00  1.83425187e+00  2.64602852e+00  2.74260141e+00 
 5.56140000e-10  1.76545315e+00  1.83454685e+00  2.64558410e+00  2.74304631e+00 
 5.56640000e-10  1.76515850e+00  1.83484150e+00  2.64514018e+00  2.74349069e+00 
 5.57140000e-10  1.76486420e+00  1.83513580e+00  2.64469679e+00  2.74393456e+00 
 5.57640000e-10  1.76457024e+00  1.83542976e+00  2.64425391e+00  2.74437792e+00 
 5.58140000e-10  1.76427664e+00  1.83572336e+00  2.64381156e+00  2.74482075e+00 
 5.58640000e-10  1.76398339e+00  1.83601661e+00  2.64336973e+00  2.74526305e+00 
 5.59140000e-10  1.76369049e+00  1.83630951e+00  2.64292844e+00  2.74570482e+00 
 5.59640000e-10  1.76339795e+00  1.83660205e+00  2.64248769e+00  2.74614606e+00 
 5.60140000e-10  1.76310577e+00  1.83689423e+00  2.64204747e+00  2.74658675e+00 
 5.60640000e-10  1.76281396e+00  1.83718604e+00  2.64160780e+00  2.74702689e+00 
 5.61140000e-10  1.76252251e+00  1.83747749e+00  2.64116869e+00  2.74746648e+00 
 5.61640000e-10  1.76223143e+00  1.83776857e+00  2.64073012e+00  2.74790552e+00 
 5.62140000e-10  1.76194073e+00  1.83805927e+00  2.64029211e+00  2.74834399e+00 
 5.62640000e-10  1.76165040e+00  1.83834960e+00  2.63985467e+00  2.74878190e+00 
 5.63140000e-10  1.76136045e+00  1.83863955e+00  2.63941779e+00  2.74921923e+00 
 5.63640000e-10  1.76107088e+00  1.83892912e+00  2.63898148e+00  2.74965600e+00 
 5.64140000e-10  1.76078170e+00  1.83921830e+00  2.63854574e+00  2.75009218e+00 
 5.64640000e-10  1.76049290e+00  1.83950710e+00  2.63811059e+00  2.75052777e+00 
 5.65140000e-10  1.76020450e+00  1.83979550e+00  2.63767602e+00  2.75096278e+00 
 5.65640000e-10  1.75991648e+00  1.84008352e+00  2.63724203e+00  2.75139719e+00 
 5.66140000e-10  1.75962886e+00  1.84037114e+00  2.63680864e+00  2.75183100e+00 
 5.66640000e-10  1.75934164e+00  1.84065836e+00  2.63637584e+00  2.75226421e+00 
 5.67140000e-10  1.75905482e+00  1.84094518e+00  2.63594364e+00  2.75269681e+00 
 5.67640000e-10  1.75876841e+00  1.84123159e+00  2.63551205e+00  2.75312880e+00 
 5.68140000e-10  1.75848240e+00  1.84151760e+00  2.63508106e+00  2.75356018e+00 
 5.68640000e-10  1.75819680e+00  1.84180320e+00  2.63465069e+00  2.75399093e+00 
 5.69140000e-10  1.75791162e+00  1.84208838e+00  2.63422093e+00  2.75442105e+00 
 5.69640000e-10  1.75762685e+00  1.84237315e+00  2.63379180e+00  2.75485055e+00 
 5.70140000e-10  1.75734249e+00  1.84265751e+00  2.63336329e+00  2.75527941e+00 
 5.70640000e-10  1.75705856e+00  1.84294144e+00  2.63293542e+00  2.75570764e+00 
 5.71140000e-10  1.75677506e+00  1.84322494e+00  2.63250817e+00  2.75613522e+00 
 5.71640000e-10  1.75649198e+00  1.84350802e+00  2.63208157e+00  2.75656215e+00 
 5.72140000e-10  1.75620932e+00  1.84379068e+00  2.63165561e+00  2.75698843e+00 
 5.72640000e-10  1.75592711e+00  1.84407289e+00  2.63123030e+00  2.75741406e+00 
 5.73140000e-10  1.75564532e+00  1.84435468e+00  2.63080563e+00  2.75783902e+00 
 5.73640000e-10  1.75536398e+00  1.84463602e+00  2.63038163e+00  2.75826332e+00 
 5.74140000e-10  1.75508307e+00  1.84491693e+00  2.62995828e+00  2.75868695e+00 
 5.74640000e-10  1.75480261e+00  1.84519739e+00  2.62953560e+00  2.75910991e+00 
 5.75140000e-10  1.75452259e+00  1.84547741e+00  2.62911359e+00  2.75953219e+00 
 5.75640000e-10  1.75424302e+00  1.84575698e+00  2.62869225e+00  2.75995379e+00 
 5.76140000e-10  1.75396391e+00  1.84603609e+00  2.62827159e+00  2.76037471e+00 
 5.76640000e-10  1.75368525e+00  1.84631475e+00  2.62785161e+00  2.76079493e+00 
 5.77140000e-10  1.75340704e+00  1.84659296e+00  2.62743232e+00  2.76121446e+00 
 5.77640000e-10  1.75312930e+00  1.84687070e+00  2.62701371e+00  2.76163329e+00 
 5.78140000e-10  1.75285201e+00  1.84714799e+00  2.62659581e+00  2.76205142e+00 
 5.78640000e-10  1.75257520e+00  1.84742480e+00  2.62617860e+00  2.76246885e+00 
 5.79140000e-10  1.75229885e+00  1.84770115e+00  2.62576209e+00  2.76288556e+00 
 5.79640000e-10  1.75202297e+00  1.84797703e+00  2.62534629e+00  2.76330156e+00 
 5.80140000e-10  1.75174757e+00  1.84825243e+00  2.62493121e+00  2.76371685e+00 
 5.80640000e-10  1.75147264e+00  1.84852736e+00  2.62451684e+00  2.76413141e+00 
 5.81140000e-10  1.75119819e+00  1.84880181e+00  2.62410319e+00  2.76454524e+00 
 5.81640000e-10  1.75092422e+00  1.84907578e+00  2.62369026e+00  2.76495834e+00 
 5.82140000e-10  1.75065074e+00  1.84934926e+00  2.62327807e+00  2.76537071e+00 
 5.82640000e-10  1.75037774e+00  1.84962226e+00  2.62286661e+00  2.76578234e+00 
 5.83140000e-10  1.75010524e+00  1.84989476e+00  2.62245588e+00  2.76619323e+00 
 5.83640000e-10  1.74983322e+00  1.85016678e+00  2.62204590e+00  2.76660337e+00 
 5.84140000e-10  1.74956170e+00  1.85043830e+00  2.62163666e+00  2.76701276e+00 
 5.84640000e-10  1.74929068e+00  1.85070932e+00  2.62122817e+00  2.76742140e+00 
 5.85140000e-10  1.74902016e+00  1.85097984e+00  2.62082044e+00  2.76782928e+00 
 5.85640000e-10  1.74875015e+00  1.85124985e+00  2.62041347e+00  2.76823640e+00 
 5.86140000e-10  1.74848063e+00  1.85151937e+00  2.62000725e+00  2.76864275e+00 
 5.86640000e-10  1.74821163e+00  1.85178837e+00  2.61960181e+00  2.76904833e+00 
 5.87140000e-10  1.74794314e+00  1.85205686e+00  2.61919713e+00  2.76945314e+00 
 5.87640000e-10  1.74767516e+00  1.85232484e+00  2.61879324e+00  2.76985717e+00 
 5.88140000e-10  1.74740770e+00  1.85259230e+00  2.61839012e+00  2.77026042e+00 
 5.88640000e-10  1.74714076e+00  1.85285924e+00  2.61798778e+00  2.77066288e+00 
 5.89140000e-10  1.74687434e+00  1.85312566e+00  2.61758623e+00  2.77106456e+00 
 5.89640000e-10  1.74660844e+00  1.85339156e+00  2.61718548e+00  2.77146544e+00 
 5.90140000e-10  1.74634307e+00  1.85365693e+00  2.61678552e+00  2.77186552e+00 
 5.90640000e-10  1.74607823e+00  1.85392177e+00  2.61638635e+00  2.77226481e+00 
 5.91140000e-10  1.74581392e+00  1.85418608e+00  2.61598800e+00  2.77266329e+00 
 5.91640000e-10  1.74555015e+00  1.85444985e+00  2.61559045e+00  2.77306096e+00 
 5.92140000e-10  1.74528691e+00  1.85471309e+00  2.61519371e+00  2.77345782e+00 
 5.92640000e-10  1.74502422e+00  1.85497578e+00  2.61479779e+00  2.77385386e+00 
 5.93140000e-10  1.74476206e+00  1.85523794e+00  2.61440269e+00  2.77424909e+00 
 5.93640000e-10  1.74450046e+00  1.85549954e+00  2.61400842e+00  2.77464349e+00 
 5.94140000e-10  1.74423940e+00  1.85576060e+00  2.61361497e+00  2.77503707e+00 
 5.94640000e-10  1.74397889e+00  1.85602111e+00  2.61322235e+00  2.77542981e+00 
 5.95140000e-10  1.74371893e+00  1.85628107e+00  2.61283057e+00  2.77582172e+00 
 5.95640000e-10  1.74345953e+00  1.85654047e+00  2.61243963e+00  2.77621279e+00 
 5.96140000e-10  1.74320069e+00  1.85679931e+00  2.61204954e+00  2.77660302e+00 
 5.96640000e-10  1.74294240e+00  1.85705760e+00  2.61166029e+00  2.77699241e+00 
 5.97140000e-10  1.74268468e+00  1.85731532e+00  2.61127190e+00  2.77738094e+00 
 5.97640000e-10  1.74242753e+00  1.85757247e+00  2.61088436e+00  2.77776863e+00 
 5.98140000e-10  1.74217094e+00  1.85782906e+00  2.61049768e+00  2.77815545e+00 
 5.98640000e-10  1.74191493e+00  1.85808507e+00  2.61011186e+00  2.77854142e+00 
 5.99140000e-10  1.74165949e+00  1.85834051e+00  2.60972692e+00  2.77892652e+00 
 5.99640000e-10  1.74140462e+00  1.85859538e+00  2.60934284e+00  2.77931076e+00 
 6.00140000e-10  1.74115033e+00  1.85884967e+00  2.60895964e+00  2.77969413e+00 
 6.00640000e-10  1.74089663e+00  1.85910337e+00  2.60857732e+00  2.78007662e+00 
 6.01140000e-10  1.74064350e+00  1.85935650e+00  2.60819588e+00  2.78045823e+00 
 6.01640000e-10  1.74039096e+00  1.85960904e+00  2.60781533e+00  2.78083896e+00 
 6.02140000e-10  1.74013902e+00  1.85986098e+00  2.60743567e+00  2.78121881e+00 
 6.02640000e-10  1.73988766e+00  1.86011234e+00  2.60705691e+00  2.78159776e+00 
 6.03140000e-10  1.73963689e+00  1.86036311e+00  2.60667904e+00  2.78197583e+00 
 6.03640000e-10  1.73938672e+00  1.86061328e+00  2.60630208e+00  2.78235300e+00 
 6.04140000e-10  1.73913715e+00  1.86086285e+00  2.60592602e+00  2.78272927e+00 
 6.04640000e-10  1.73888818e+00  1.86111182e+00  2.60555088e+00  2.78310464e+00 
 6.05140000e-10  1.73863981e+00  1.86136019e+00  2.60517664e+00  2.78347910e+00 
 6.05640000e-10  1.73839205e+00  1.86160795e+00  2.60480333e+00  2.78385265e+00 
 6.06140000e-10  1.73814490e+00  1.86185510e+00  2.60443093e+00  2.78422529e+00 
 6.06640000e-10  1.73789835e+00  1.86210165e+00  2.60405946e+00  2.78459701e+00 
 6.07140000e-10  1.73765242e+00  1.86234758e+00  2.60368892e+00  2.78496781e+00 
 6.07640000e-10  1.73740711e+00  1.86259289e+00  2.60331931e+00  2.78533769e+00 
 6.08140000e-10  1.73716241e+00  1.86283759e+00  2.60295064e+00  2.78570665e+00 
 6.08640000e-10  1.73691833e+00  1.86308167e+00  2.60258291e+00  2.78607467e+00 
 6.09140000e-10  1.73667488e+00  1.86332512e+00  2.60221612e+00  2.78644176e+00 
 6.09640000e-10  1.73643205e+00  1.86356795e+00  2.60185028e+00  2.78680791e+00 
 6.10140000e-10  1.73618985e+00  1.86381015e+00  2.60148539e+00  2.78717312e+00 
 6.10640000e-10  1.73594828e+00  1.86405172e+00  2.60112145e+00  2.78753739e+00 
 6.11140000e-10  1.73570734e+00  1.86429266e+00  2.60075847e+00  2.78790071e+00 
 6.11640000e-10  1.73546703e+00  1.86453297e+00  2.60039645e+00  2.78826309e+00 
 6.12140000e-10  1.73522736e+00  1.86477264e+00  2.60003540e+00  2.78862450e+00 
 6.12640000e-10  1.73498833e+00  1.86501167e+00  2.59967532e+00  2.78898497e+00 
 6.13140000e-10  1.73474994e+00  1.86525006e+00  2.59931621e+00  2.78934447e+00 
 6.13640000e-10  1.73451220e+00  1.86548780e+00  2.59895808e+00  2.78970301e+00 
 6.14140000e-10  1.73427510e+00  1.86572490e+00  2.59860093e+00  2.79006058e+00 
 6.14640000e-10  1.73403865e+00  1.86596135e+00  2.59824476e+00  2.79041719e+00 
 6.15140000e-10  1.73380286e+00  1.86619714e+00  2.59788957e+00  2.79077282e+00 
 6.15640000e-10  1.73356771e+00  1.86643229e+00  2.59753538e+00  2.79112748e+00 
 6.16140000e-10  1.73333322e+00  1.86666678e+00  2.59718219e+00  2.79148115e+00 
 6.16640000e-10  1.73309939e+00  1.86690061e+00  2.59682999e+00  2.79183385e+00 
 6.17140000e-10  1.73286622e+00  1.86713378e+00  2.59647879e+00  2.79218556e+00 
 6.17640000e-10  1.73263371e+00  1.86736629e+00  2.59612859e+00  2.79253628e+00 
 6.18140000e-10  1.73240187e+00  1.86759813e+00  2.59577941e+00  2.79288601e+00 
 6.18640000e-10  1.73217069e+00  1.86782931e+00  2.59543123e+00  2.79323475e+00 
 6.19140000e-10  1.73194019e+00  1.86805981e+00  2.59508408e+00  2.79358249e+00 
 6.19640000e-10  1.73171035e+00  1.86828965e+00  2.59473794e+00  2.79392923e+00 
 6.20140000e-10  1.73148119e+00  1.86851881e+00  2.59439282e+00  2.79427496e+00 
 6.20640000e-10  1.73125271e+00  1.86874729e+00  2.59404873e+00  2.79461969e+00 
 6.21140000e-10  1.73102490e+00  1.86897510e+00  2.59370567e+00  2.79496341e+00 
 6.21640000e-10  1.73079778e+00  1.86920222e+00  2.59336364e+00  2.79530612e+00 
 6.22140000e-10  1.73057133e+00  1.86942867e+00  2.59302264e+00  2.79564781e+00 
 6.22640000e-10  1.73034558e+00  1.86965442e+00  2.59268269e+00  2.79598848e+00 
 6.23140000e-10  1.73012051e+00  1.86987949e+00  2.59234378e+00  2.79632814e+00 
 6.23640000e-10  1.72989613e+00  1.87010387e+00  2.59200592e+00  2.79666676e+00 
 6.24140000e-10  1.72967244e+00  1.87032756e+00  2.59166910e+00  2.79700437e+00 
 6.24640000e-10  1.72944945e+00  1.87055055e+00  2.59133334e+00  2.79734094e+00 
 6.25140000e-10  1.72922715e+00  1.87077285e+00  2.59099864e+00  2.79767648e+00 
 6.25640000e-10  1.72900555e+00  1.87099445e+00  2.59066500e+00  2.79801098e+00 
 6.26140000e-10  1.72878465e+00  1.87121535e+00  2.59033242e+00  2.79834445e+00 
 6.26640000e-10  1.72856446e+00  1.87143554e+00  2.59000090e+00  2.79867687e+00 
 6.27140000e-10  1.72834497e+00  1.87165503e+00  2.58967046e+00  2.79900825e+00 
 6.27640000e-10  1.72812618e+00  1.87187382e+00  2.58934109e+00  2.79933859e+00 
 6.28140000e-10  1.72790811e+00  1.87209189e+00  2.58901280e+00  2.79966787e+00 
 6.28640000e-10  1.72769075e+00  1.87230925e+00  2.58868559e+00  2.79999610e+00 
 6.29140000e-10  1.72747410e+00  1.87252590e+00  2.58835946e+00  2.80032328e+00 
 6.29640000e-10  1.72725816e+00  1.87274184e+00  2.58803442e+00  2.80064940e+00 
 6.30140000e-10  1.72704295e+00  1.87295705e+00  2.58771047e+00  2.80097446e+00 
 6.30640000e-10  1.72682845e+00  1.87317155e+00  2.58738761e+00  2.80129846e+00 
 6.31140000e-10  1.72661468e+00  1.87338532e+00  2.58706585e+00  2.80162140e+00 
 6.31640000e-10  1.72640163e+00  1.87359837e+00  2.58674519e+00  2.80194326e+00 
 6.32140000e-10  1.72618931e+00  1.87381069e+00  2.58642563e+00  2.80226405e+00 
 6.32640000e-10  1.72597772e+00  1.87402228e+00  2.58610718e+00  2.80258378e+00 
 6.33140000e-10  1.72576685e+00  1.87423315e+00  2.58578984e+00  2.80290242e+00 
 6.33640000e-10  1.72555672e+00  1.87444328e+00  2.58547362e+00  2.80321999e+00 
 6.34140000e-10  1.72534733e+00  1.87465267e+00  2.58515851e+00  2.80353647e+00 
 6.34640000e-10  1.72513867e+00  1.87486133e+00  2.58484452e+00  2.80385188e+00 
 6.35140000e-10  1.72493075e+00  1.87506925e+00  2.58453165e+00  2.80416619e+00 
 6.35640000e-10  1.72472357e+00  1.87527643e+00  2.58421991e+00  2.80447942e+00 
 6.36140000e-10  1.72451713e+00  1.87548287e+00  2.58390930e+00  2.80479156e+00 
 6.36640000e-10  1.72431144e+00  1.87568856e+00  2.58359982e+00  2.80510260e+00 
 6.37140000e-10  1.72410650e+00  1.87589350e+00  2.58329147e+00  2.80541255e+00 
 6.37640000e-10  1.72390230e+00  1.87609770e+00  2.58298427e+00  2.80572140e+00 
 6.38140000e-10  1.72369886e+00  1.87630114e+00  2.58267821e+00  2.80602914e+00 
 6.38640000e-10  1.72349617e+00  1.87650383e+00  2.58237329e+00  2.80633579e+00 
 6.39140000e-10  1.72329423e+00  1.87670577e+00  2.58206952e+00  2.80664133e+00 
 6.39640000e-10  1.72309305e+00  1.87690695e+00  2.58176690e+00  2.80694576e+00 
 6.40140000e-10  1.72289263e+00  1.87710737e+00  2.58146544e+00  2.80724908e+00 
 6.40640000e-10  1.72269298e+00  1.87730702e+00  2.58116513e+00  2.80755129e+00 
 6.41140000e-10  1.72249408e+00  1.87750592e+00  2.58086598e+00  2.80785238e+00 
 6.41640000e-10  1.72229595e+00  1.87770405e+00  2.58056800e+00  2.80815235e+00 
 6.42140000e-10  1.72209859e+00  1.87790141e+00  2.58027118e+00  2.80845121e+00 
 6.42640000e-10  1.72190199e+00  1.87809801e+00  2.57997554e+00  2.80874894e+00 
 6.43140000e-10  1.72170617e+00  1.87829383e+00  2.57968106e+00  2.80904554e+00 
 6.43640000e-10  1.72151111e+00  1.87848889e+00  2.57938776e+00  2.80934102e+00 
 6.44140000e-10  1.72131684e+00  1.87868316e+00  2.57909564e+00  2.80963537e+00 
 6.44640000e-10  1.72112334e+00  1.87887666e+00  2.57880470e+00  2.80992859e+00 
 6.45140000e-10  1.72093062e+00  1.87906938e+00  2.57851494e+00  2.81022067e+00 
 6.45640000e-10  1.72073867e+00  1.87926133e+00  2.57822637e+00  2.81051161e+00 
 6.46140000e-10  1.72054751e+00  1.87945249e+00  2.57793899e+00  2.81080142e+00 
 6.46640000e-10  1.72035714e+00  1.87964286e+00  2.57765280e+00  2.81109008e+00 
 6.47140000e-10  1.72016755e+00  1.87983245e+00  2.57736780e+00  2.81137760e+00 
 6.47640000e-10  1.71997875e+00  1.88002125e+00  2.57708401e+00  2.81166397e+00 
 6.48140000e-10  1.71979074e+00  1.88020926e+00  2.57680141e+00  2.81194920e+00 
 6.48640000e-10  1.71960352e+00  1.88039648e+00  2.57652002e+00  2.81223327e+00 
 6.49140000e-10  1.71941709e+00  1.88058291e+00  2.57623983e+00  2.81251619e+00 
 6.49640000e-10  1.71923146e+00  1.88076854e+00  2.57596085e+00  2.81279795e+00 
 6.50140000e-10  1.71904663e+00  1.88095337e+00  2.57568308e+00  2.81307855e+00 
 6.50640000e-10  1.71886259e+00  1.88113741e+00  2.57540652e+00  2.81335800e+00 
 6.51140000e-10  1.71867936e+00  1.88132064e+00  2.57513118e+00  2.81363627e+00 
 6.51640000e-10  1.71849693e+00  1.88150307e+00  2.57485706e+00  2.81391339e+00 
 6.52140000e-10  1.71831530e+00  1.88168470e+00  2.57458416e+00  2.81418933e+00 
 6.52640000e-10  1.71813448e+00  1.88186552e+00  2.57431248e+00  2.81446410e+00 
 6.53140000e-10  1.71795447e+00  1.88204553e+00  2.57404202e+00  2.81473770e+00 
 6.53640000e-10  1.71777526e+00  1.88222474e+00  2.57377279e+00  2.81501012e+00 
 6.54140000e-10  1.71759687e+00  1.88240313e+00  2.57350479e+00  2.81528137e+00 
 6.54640000e-10  1.71741929e+00  1.88258071e+00  2.57323803e+00  2.81555143e+00 
 6.55140000e-10  1.71724253e+00  1.88275747e+00  2.57297249e+00  2.81582031e+00 
 6.55640000e-10  1.71706658e+00  1.88293342e+00  2.57270820e+00  2.81608800e+00 
 6.56140000e-10  1.71689146e+00  1.88310854e+00  2.57244514e+00  2.81635451e+00 
 6.56640000e-10  1.71671715e+00  1.88328285e+00  2.57218332e+00  2.81661982e+00 
 6.57140000e-10  1.71654366e+00  1.88345634e+00  2.57192274e+00  2.81688394e+00 
 6.57640000e-10  1.71637100e+00  1.88362900e+00  2.57166341e+00  2.81714686e+00 
 6.58140000e-10  1.71619917e+00  1.88380083e+00  2.57140532e+00  2.81740858e+00 
 6.58640000e-10  1.71602816e+00  1.88397184e+00  2.57114848e+00  2.81766910e+00 
 6.59140000e-10  1.71585797e+00  1.88414203e+00  2.57089289e+00  2.81792841e+00 
 6.59640000e-10  1.71568862e+00  1.88431138e+00  2.57063855e+00  2.81818652e+00 
 6.60140000e-10  1.71552011e+00  1.88447989e+00  2.57038546e+00  2.81844341e+00 
 6.60640000e-10  1.71535242e+00  1.88464758e+00  2.57013363e+00  2.81869910e+00 
 6.61140000e-10  1.71518557e+00  1.88481443e+00  2.56988305e+00  2.81895356e+00 
 6.61640000e-10  1.71501956e+00  1.88498044e+00  2.56963373e+00  2.81920681e+00 
 6.62140000e-10  1.71485439e+00  1.88514561e+00  2.56938567e+00  2.81945884e+00 
 6.62640000e-10  1.71469006e+00  1.88530994e+00  2.56913888e+00  2.81970965e+00 
 6.63140000e-10  1.71452656e+00  1.88547344e+00  2.56889334e+00  2.81995922e+00 
 6.63640000e-10  1.71436392e+00  1.88563608e+00  2.56864907e+00  2.82020757e+00 
 6.64140000e-10  1.71420212e+00  1.88579788e+00  2.56840606e+00  2.82045469e+00 
 6.64640000e-10  1.71404116e+00  1.88595884e+00  2.56816432e+00  2.82070057e+00 
 6.65140000e-10  1.71388105e+00  1.88611895e+00  2.56792385e+00  2.82094521e+00 
 6.65640000e-10  1.71372180e+00  1.88627820e+00  2.56768465e+00  2.82118861e+00 
 6.66140000e-10  1.71356339e+00  1.88643661e+00  2.56744672e+00  2.82143077e+00 
 6.66640000e-10  1.71340584e+00  1.88659416e+00  2.56721006e+00  2.82167169e+00 
 6.67140000e-10  1.71324914e+00  1.88675086e+00  2.56697468e+00  2.82191135e+00 
 6.67640000e-10  1.71309330e+00  1.88690670e+00  2.56674057e+00  2.82214976e+00 
 6.68140000e-10  1.71293832e+00  1.88706168e+00  2.56650773e+00  2.82238692e+00 
 6.68640000e-10  1.71278419e+00  1.88721581e+00  2.56627617e+00  2.82262282e+00 
 6.69140000e-10  1.71263093e+00  1.88736907e+00  2.56604589e+00  2.82285747e+00 
 6.69640000e-10  1.71247853e+00  1.88752147e+00  2.56581689e+00  2.82309085e+00 
 6.70140000e-10  1.71232699e+00  1.88767301e+00  2.56558917e+00  2.82332296e+00 
 6.70640000e-10  1.71217632e+00  1.88782368e+00  2.56536273e+00  2.82355381e+00 
 6.71140000e-10  1.71202651e+00  1.88797349e+00  2.56513758e+00  2.82378338e+00 
 6.71640000e-10  1.71187757e+00  1.88812243e+00  2.56491371e+00  2.82401168e+00 
 6.72140000e-10  1.71172951e+00  1.88827049e+00  2.56469112e+00  2.82423871e+00 
 6.72640000e-10  1.71158231e+00  1.88841769e+00  2.56446982e+00  2.82446446e+00 
 6.73140000e-10  1.71143599e+00  1.88856401e+00  2.56424981e+00  2.82468892e+00 
 6.73640000e-10  1.71129054e+00  1.88870946e+00  2.56403108e+00  2.82491211e+00 
 6.74140000e-10  1.71114596e+00  1.88885404e+00  2.56381364e+00  2.82513400e+00 
 6.74640000e-10  1.71100227e+00  1.88899773e+00  2.56359750e+00  2.82535461e+00 
 6.75140000e-10  1.71085945e+00  1.88914055e+00  2.56338264e+00  2.82557392e+00 
 6.75640000e-10  1.71071751e+00  1.88928249e+00  2.56316908e+00  2.82579195e+00 
 6.76140000e-10  1.71057645e+00  1.88942355e+00  2.56295681e+00  2.82600867e+00 
 6.76640000e-10  1.71043628e+00  1.88956372e+00  2.56274584e+00  2.82622410e+00 
 6.77140000e-10  1.71029698e+00  1.88970302e+00  2.56253616e+00  2.82643823e+00 
 6.77640000e-10  1.71015858e+00  1.88984142e+00  2.56232778e+00  2.82665105e+00 
 6.78140000e-10  1.71002106e+00  1.88997894e+00  2.56212069e+00  2.82686256e+00 
 6.78640000e-10  1.70988443e+00  1.89011557e+00  2.56191491e+00  2.82707277e+00 
 6.79140000e-10  1.70974869e+00  1.89025131e+00  2.56171042e+00  2.82728167e+00 
 6.79640000e-10  1.70961384e+00  1.89038616e+00  2.56150724e+00  2.82748926e+00 
 6.80140000e-10  1.70947988e+00  1.89052012e+00  2.56130536e+00  2.82769553e+00 
 6.80640000e-10  1.70934681e+00  1.89065319e+00  2.56110478e+00  2.82790048e+00 
 6.81140000e-10  1.70921464e+00  1.89078536e+00  2.56090551e+00  2.82810412e+00 
 6.81640000e-10  1.70908337e+00  1.89091663e+00  2.56070754e+00  2.82830643e+00 
 6.82140000e-10  1.70895299e+00  1.89104701e+00  2.56051088e+00  2.82850742e+00 
 6.82640000e-10  1.70882351e+00  1.89117649e+00  2.56031552e+00  2.82870709e+00 
 6.83140000e-10  1.70869493e+00  1.89130507e+00  2.56012148e+00  2.82890543e+00 
 6.83640000e-10  1.70856725e+00  1.89143275e+00  2.55992875e+00  2.82910244e+00 
 6.84140000e-10  1.70844048e+00  1.89155952e+00  2.55973733e+00  2.82929812e+00 
 6.84640000e-10  1.70831460e+00  1.89168540e+00  2.55954722e+00  2.82949246e+00 
 6.85140000e-10  1.70818964e+00  1.89181036e+00  2.55935843e+00  2.82968548e+00 
 6.85640000e-10  1.70806558e+00  1.89193442e+00  2.55917095e+00  2.82987715e+00 
 6.86140000e-10  1.70794242e+00  1.89205758e+00  2.55898479e+00  2.83006749e+00 
 6.86640000e-10  1.70782018e+00  1.89217982e+00  2.55879994e+00  2.83025649e+00 
 6.87140000e-10  1.70769884e+00  1.89230116e+00  2.55861642e+00  2.83044415e+00 
 6.87640000e-10  1.70757842e+00  1.89242158e+00  2.55843421e+00  2.83063046e+00 
 6.88140000e-10  1.70745891e+00  1.89254109e+00  2.55825333e+00  2.83081543e+00 
 6.88640000e-10  1.70734031e+00  1.89265969e+00  2.55807377e+00  2.83099905e+00 
 6.89140000e-10  1.70722263e+00  1.89277737e+00  2.55789554e+00  2.83118133e+00 
 6.89640000e-10  1.70710586e+00  1.89289414e+00  2.55771863e+00  2.83136226e+00 
 6.90140000e-10  1.70699001e+00  1.89300999e+00  2.55754305e+00  2.83154183e+00 
 6.90640000e-10  1.70687507e+00  1.89312493e+00  2.55736880e+00  2.83172006e+00 
 6.91140000e-10  1.70676106e+00  1.89323894e+00  2.55719588e+00  2.83189693e+00 
 6.91640000e-10  1.70664796e+00  1.89335204e+00  2.55702429e+00  2.83207245e+00 
 6.92140000e-10  1.70653579e+00  1.89346421e+00  2.55685403e+00  2.83224661e+00 
 6.92640000e-10  1.70642454e+00  1.89357546e+00  2.55668510e+00  2.83241941e+00 
 6.93140000e-10  1.70631421e+00  1.89368579e+00  2.55651752e+00  2.83259085e+00 
 6.93640000e-10  1.70620481e+00  1.89379519e+00  2.55635126e+00  2.83276094e+00 
 6.94140000e-10  1.70609633e+00  1.89390367e+00  2.55618635e+00  2.83292966e+00 
 6.94640000e-10  1.70598878e+00  1.89401122e+00  2.55602278e+00  2.83309702e+00 
 6.95140000e-10  1.70588216e+00  1.89411784e+00  2.55586054e+00  2.83326302e+00 
 6.95640000e-10  1.70577647e+00  1.89422353e+00  2.55569965e+00  2.83342765e+00 
 6.96140000e-10  1.70567171e+00  1.89432829e+00  2.55554010e+00  2.83359092e+00 
 6.96640000e-10  1.70556787e+00  1.89443213e+00  2.55538190e+00  2.83375282e+00 
 6.97140000e-10  1.70546497e+00  1.89453503e+00  2.55522505e+00  2.83391335e+00 
 6.97640000e-10  1.70536301e+00  1.89463699e+00  2.55506954e+00  2.83407251e+00 
 6.98140000e-10  1.70526197e+00  1.89473803e+00  2.55491538e+00  2.83423030e+00 
 6.98640000e-10  1.70516188e+00  1.89483812e+00  2.55476257e+00  2.83438672e+00 
 6.99140000e-10  1.70506271e+00  1.89493729e+00  2.55461111e+00  2.83454177e+00 
 6.99640000e-10  1.70496449e+00  1.89503551e+00  2.55446101e+00  2.83469545e+00 
 7.00140000e-10  1.70486720e+00  1.89513280e+00  2.55431226e+00  2.83484775e+00 
 7.00640000e-10  1.70477085e+00  1.89522915e+00  2.55416487e+00  2.83499867e+00 
 7.01140000e-10  1.70467545e+00  1.89532455e+00  2.55401883e+00  2.83514822e+00 
 7.01640000e-10  1.70458098e+00  1.89541902e+00  2.55387415e+00  2.83529640e+00 
 7.02140000e-10  1.70448745e+00  1.89551255e+00  2.55373083e+00  2.83544319e+00 
 7.02640000e-10  1.70439487e+00  1.89560513e+00  2.55358888e+00  2.83558860e+00 
 7.03140000e-10  1.70430323e+00  1.89569677e+00  2.55344828e+00  2.83573264e+00 
 7.03640000e-10  1.70421254e+00  1.89578746e+00  2.55330905e+00  2.83587529e+00 
 7.04140000e-10  1.70412279e+00  1.89587721e+00  2.55317118e+00  2.83601657e+00 
 7.04640000e-10  1.70403398e+00  1.89596602e+00  2.55303468e+00  2.83615646e+00 
 7.05140000e-10  1.70394613e+00  1.89605387e+00  2.55289954e+00  2.83629496e+00 
 7.05640000e-10  1.70385922e+00  1.89614078e+00  2.55276578e+00  2.83643209e+00 
 7.06140000e-10  1.70377326e+00  1.89622674e+00  2.55263338e+00  2.83656782e+00 
 7.06640000e-10  1.70368825e+00  1.89631175e+00  2.55250236e+00  2.83670217e+00 
 7.07140000e-10  1.70360419e+00  1.89639581e+00  2.55237270e+00  2.83683514e+00 
 7.07640000e-10  1.70352108e+00  1.89647892e+00  2.55224442e+00  2.83696672e+00 
 7.08140000e-10  1.70343893e+00  1.89656107e+00  2.55211751e+00  2.83709690e+00 
 7.08640000e-10  1.70335773e+00  1.89664227e+00  2.55199198e+00  2.83722570e+00 
 7.09140000e-10  1.70327748e+00  1.89672252e+00  2.55186782e+00  2.83735311e+00 
 7.09640000e-10  1.70319818e+00  1.89680182e+00  2.55174505e+00  2.83747913e+00 
 7.10140000e-10  1.70311985e+00  1.89688015e+00  2.55162365e+00  2.83760376e+00 
 7.10640000e-10  1.70304246e+00  1.89695754e+00  2.55150363e+00  2.83772699e+00 
 7.11140000e-10  1.70296604e+00  1.89703396e+00  2.55138498e+00  2.83784883e+00 
 7.11640000e-10  1.70289057e+00  1.89710943e+00  2.55126773e+00  2.83796928e+00 
 7.12140000e-10  1.70281606e+00  1.89718394e+00  2.55115185e+00  2.83808833e+00 
 7.12640000e-10  1.70274251e+00  1.89725749e+00  2.55103736e+00  2.83820599e+00 
 7.13140000e-10  1.70266992e+00  1.89733008e+00  2.55092425e+00  2.83832225e+00 
 7.13640000e-10  1.70259829e+00  1.89740171e+00  2.55081253e+00  2.83843711e+00 
 7.14140000e-10  1.70252762e+00  1.89747238e+00  2.55070219e+00  2.83855058e+00 
 7.14640000e-10  1.70245792e+00  1.89754208e+00  2.55059324e+00  2.83866264e+00 
 7.15140000e-10  1.70238917e+00  1.89761083e+00  2.55048568e+00  2.83877331e+00 
 7.15640000e-10  1.70232139e+00  1.89767861e+00  2.55037951e+00  2.83888258e+00 
 7.16140000e-10  1.70225458e+00  1.89774542e+00  2.55027473e+00  2.83899045e+00 
 7.16640000e-10  1.70218872e+00  1.89781128e+00  2.55017134e+00  2.83909692e+00 
 7.17140000e-10  1.70212384e+00  1.89787616e+00  2.55006934e+00  2.83920199e+00 
 7.17640000e-10  1.70205992e+00  1.89794008e+00  2.54996874e+00  2.83930565e+00 
 7.18140000e-10  1.70199697e+00  1.89800303e+00  2.54986953e+00  2.83940791e+00 
 7.18640000e-10  1.70193498e+00  1.89806502e+00  2.54977171e+00  2.83950877e+00 
 7.19140000e-10  1.70187396e+00  1.89812604e+00  2.54967529e+00  2.83960823e+00 
 7.19640000e-10  1.70181391e+00  1.89818609e+00  2.54958026e+00  2.83970627e+00 
 7.20140000e-10  1.70175483e+00  1.89824517e+00  2.54948663e+00  2.83980292e+00 
 7.20640000e-10  1.70169672e+00  1.89830328e+00  2.54939440e+00  2.83989816e+00 
 7.21140000e-10  1.70163958e+00  1.89836042e+00  2.54930357e+00  2.83999199e+00 
 7.21640000e-10  1.70158341e+00  1.89841659e+00  2.54921413e+00  2.84008441e+00 
 7.22140000e-10  1.70152821e+00  1.89847179e+00  2.54912610e+00  2.84017543e+00 
 7.22640000e-10  1.70147398e+00  1.89852602e+00  2.54903946e+00  2.84026503e+00 
 7.23140000e-10  1.70142073e+00  1.89857927e+00  2.54895423e+00  2.84035323e+00 
 7.23640000e-10  1.70136845e+00  1.89863155e+00  2.54887040e+00  2.84044002e+00 
 7.24140000e-10  1.70131714e+00  1.89868286e+00  2.54878797e+00  2.84052540e+00 
 7.24640000e-10  1.70126680e+00  1.89873320e+00  2.54870694e+00  2.84060937e+00 
 7.25140000e-10  1.70121744e+00  1.89878256e+00  2.54862732e+00  2.84069193e+00 
 7.25640000e-10  1.70116906e+00  1.89883094e+00  2.54854910e+00  2.84077308e+00 
 7.26140000e-10  1.70112165e+00  1.89887835e+00  2.54847229e+00  2.84085281e+00 
 7.26640000e-10  1.70107522e+00  1.89892478e+00  2.54839689e+00  2.84093113e+00 
 7.27140000e-10  1.70102976e+00  1.89897024e+00  2.54832289e+00  2.84100804e+00 
 7.27640000e-10  1.70098528e+00  1.89901472e+00  2.54825029e+00  2.84108354e+00 
 7.28140000e-10  1.70094178e+00  1.89905822e+00  2.54817911e+00  2.84115762e+00 
 7.28640000e-10  1.70089925e+00  1.89910075e+00  2.54810933e+00  2.84123029e+00 
 7.29140000e-10  1.70085770e+00  1.89914230e+00  2.54804096e+00  2.84130154e+00 
 7.29640000e-10  1.70081713e+00  1.89918287e+00  2.54797400e+00  2.84137138e+00 
 7.30140000e-10  1.70077754e+00  1.89922246e+00  2.54790846e+00  2.84143980e+00 
 7.30640000e-10  1.70073893e+00  1.89926107e+00  2.54784432e+00  2.84150680e+00 
 7.31140000e-10  1.70070130e+00  1.89929870e+00  2.54778159e+00  2.84157239e+00 
 7.31640000e-10  1.70066465e+00  1.89933535e+00  2.54772027e+00  2.84163657e+00 
 7.32140000e-10  1.70062898e+00  1.89937102e+00  2.54766037e+00  2.84169932e+00 
 7.32640000e-10  1.70059429e+00  1.89940571e+00  2.54760188e+00  2.84176066e+00 
 7.33140000e-10  1.70056058e+00  1.89943942e+00  2.54754480e+00  2.84182058e+00 
 7.33640000e-10  1.70052785e+00  1.89947215e+00  2.54748913e+00  2.84187908e+00 
 7.34140000e-10  1.70049611e+00  1.89950389e+00  2.54743488e+00  2.84193616e+00 
 7.34640000e-10  1.70046535e+00  1.89953465e+00  2.54738204e+00  2.84199182e+00 
 7.35140000e-10  1.70043556e+00  1.89956444e+00  2.54733062e+00  2.84204607e+00 
 7.35640000e-10  1.70040677e+00  1.89959323e+00  2.54728061e+00  2.84209889e+00 
 7.36140000e-10  1.70037895e+00  1.89962105e+00  2.54723201e+00  2.84215030e+00 
 7.36640000e-10  1.70035212e+00  1.89964788e+00  2.54718484e+00  2.84220028e+00 
 7.37140000e-10  1.70032627e+00  1.89967373e+00  2.54713907e+00  2.84224884e+00 
 7.37640000e-10  1.70030140e+00  1.89969860e+00  2.54709473e+00  2.84229598e+00 
 7.38140000e-10  1.70027752e+00  1.89972248e+00  2.54705180e+00  2.84234170e+00 
 7.38640000e-10  1.70025463e+00  1.89974537e+00  2.54701029e+00  2.84238600e+00 
 7.39140000e-10  1.70023271e+00  1.89976729e+00  2.54697019e+00  2.84242888e+00 
 7.39640000e-10  1.70021179e+00  1.89978821e+00  2.54693152e+00  2.84247034e+00 
 7.40140000e-10  1.70019184e+00  1.89980816e+00  2.54689426e+00  2.84251037e+00 
 7.40640000e-10  1.70017288e+00  1.89982712e+00  2.54685842e+00  2.84254898e+00 
 7.41140000e-10  1.70015491e+00  1.89984509e+00  2.54682400e+00  2.84258617e+00 
 7.41640000e-10  1.70013792e+00  1.89986208e+00  2.54679100e+00  2.84262193e+00 
 7.42140000e-10  1.70012192e+00  1.89987808e+00  2.54675942e+00  2.84265627e+00 
 7.42640000e-10  1.70010691e+00  1.89989309e+00  2.54672925e+00  2.84268919e+00 
 7.43140000e-10  1.70009288e+00  1.89990712e+00  2.54670051e+00  2.84272068e+00 
 7.43640000e-10  1.70007983e+00  1.89992017e+00  2.54667318e+00  2.84275075e+00 
 7.44140000e-10  1.70006778e+00  1.89993222e+00  2.54664728e+00  2.84277940e+00 
 7.44640000e-10  1.70005670e+00  1.89994330e+00  2.54662280e+00  2.84280662e+00 
 7.45140000e-10  1.70004662e+00  1.89995338e+00  2.54659973e+00  2.84283242e+00 
 7.45640000e-10  1.70003752e+00  1.89996248e+00  2.54657809e+00  2.84285679e+00 
 7.46140000e-10  1.70002941e+00  1.89997059e+00  2.54655787e+00  2.84287974e+00 
 7.46640000e-10  1.70002228e+00  1.89997772e+00  2.54653907e+00  2.84290126e+00 
 7.47140000e-10  1.70001615e+00  1.89998385e+00  2.54652169e+00  2.84292136e+00 
 7.47640000e-10  1.70001099e+00  1.89998901e+00  2.54650573e+00  2.84294003e+00 
 7.48140000e-10  1.70000683e+00  1.89999317e+00  2.54649119e+00  2.84295728e+00 
 7.48640000e-10  1.70000365e+00  1.89999635e+00  2.54647807e+00  2.84297310e+00 
 7.49140000e-10  1.70000146e+00  1.89999854e+00  2.54646638e+00  2.84298749e+00 
 7.49640000e-10  1.70000026e+00  1.89999974e+00  2.54645610e+00  2.84300046e+00 
 7.50140000e-10  1.70000004e+00  1.89999996e+00  2.54644725e+00  2.84301201e+00 
 7.50640000e-10  1.70000081e+00  1.89999919e+00  2.54643982e+00  2.84302213e+00 
 7.51140000e-10  1.70000257e+00  1.89999743e+00  2.54643381e+00  2.84303082e+00 
 7.51640000e-10  1.70000531e+00  1.89999469e+00  2.54642922e+00  2.84303809e+00 
 7.52140000e-10  1.70000904e+00  1.89999096e+00  2.54642606e+00  2.84304393e+00 
 7.52640000e-10  1.70001376e+00  1.89998624e+00  2.54642431e+00  2.84304834e+00 
 7.53140000e-10  1.70001946e+00  1.89998054e+00  2.54642399e+00  2.84305133e+00 
 7.53640000e-10  1.70002615e+00  1.89997385e+00  2.54642509e+00  2.84305289e+00 
 7.54140000e-10  1.70003383e+00  1.89996617e+00  2.54642761e+00  2.84305303e+00 
 7.54640000e-10  1.70004249e+00  1.89995751e+00  2.54643155e+00  2.84305174e+00 
 7.55140000e-10  1.70005215e+00  1.89994785e+00  2.54643692e+00  2.84304902e+00 
 7.55640000e-10  1.70006278e+00  1.89993722e+00  2.54644370e+00  2.84304488e+00 
 7.56140000e-10  1.70007441e+00  1.89992559e+00  2.54645191e+00  2.84303931e+00 
 7.56640000e-10  1.70008702e+00  1.89991298e+00  2.54646153e+00  2.84303232e+00 
 7.57140000e-10  1.70010061e+00  1.89989939e+00  2.54647258e+00  2.84302389e+00 
 7.57640000e-10  1.70011519e+00  1.89988481e+00  2.54648505e+00  2.84301405e+00 
 7.58140000e-10  1.70013076e+00  1.89986924e+00  2.54649894e+00  2.84300277e+00 
 7.58640000e-10  1.70014732e+00  1.89985268e+00  2.54651425e+00  2.84299007e+00 
 7.59140000e-10  1.70016486e+00  1.89983514e+00  2.54653098e+00  2.84297595e+00 
 7.59640000e-10  1.70018338e+00  1.89981662e+00  2.54654913e+00  2.84296039e+00 
 7.60140000e-10  1.70020289e+00  1.89979711e+00  2.54656870e+00  2.84294341e+00 
 7.60640000e-10  1.70022338e+00  1.89977662e+00  2.54658970e+00  2.84292501e+00 
 7.61140000e-10  1.70024486e+00  1.89975514e+00  2.54661211e+00  2.84290518e+00 
 7.61640000e-10  1.70026733e+00  1.89973267e+00  2.54663594e+00  2.84288392e+00 
 7.62140000e-10  1.70029077e+00  1.89970923e+00  2.54666119e+00  2.84286124e+00 
 7.62640000e-10  1.70031521e+00  1.89968479e+00  2.54668786e+00  2.84283714e+00 
 7.63140000e-10  1.70034062e+00  1.89965938e+00  2.54671595e+00  2.84281160e+00 
 7.63640000e-10  1.70036702e+00  1.89963298e+00  2.54674545e+00  2.84278465e+00 
 7.64140000e-10  1.70039441e+00  1.89960559e+00  2.54677638e+00  2.84275626e+00 
 7.64640000e-10  1.70042277e+00  1.89957723e+00  2.54680872e+00  2.84272646e+00 
 7.65140000e-10  1.70045212e+00  1.89954788e+00  2.54684249e+00  2.84269523e+00 
 7.65640000e-10  1.70048245e+00  1.89951755e+00  2.54687767e+00  2.84266257e+00 
 7.66140000e-10  1.70051377e+00  1.89948623e+00  2.54691426e+00  2.84262849e+00 
 7.66640000e-10  1.70054606e+00  1.89945394e+00  2.54695228e+00  2.84259298e+00 
 7.67140000e-10  1.70057934e+00  1.89942066e+00  2.54699171e+00  2.84255605e+00 
 7.67640000e-10  1.70061360e+00  1.89938640e+00  2.54703255e+00  2.84251770e+00 
 7.68140000e-10  1.70064883e+00  1.89935117e+00  2.54707481e+00  2.84247792e+00 
 7.68640000e-10  1.70068505e+00  1.89931495e+00  2.54711849e+00  2.84243672e+00 
 7.69140000e-10  1.70072225e+00  1.89927775e+00  2.54716358e+00  2.84239410e+00 
 7.69640000e-10  1.70076043e+00  1.89923957e+00  2.54721009e+00  2.84235005e+00 
 7.70140000e-10  1.70079959e+00  1.89920041e+00  2.54725801e+00  2.84230458e+00 
 7.70640000e-10  1.70083973e+00  1.89916027e+00  2.54730735e+00  2.84225769e+00 
 7.71140000e-10  1.70088085e+00  1.89911915e+00  2.54735810e+00  2.84220938e+00 
 7.71640000e-10  1.70092294e+00  1.89907706e+00  2.54741026e+00  2.84215964e+00 
 7.72140000e-10  1.70096602e+00  1.89903398e+00  2.54746384e+00  2.84210849e+00 
 7.72640000e-10  1.70101007e+00  1.89898993e+00  2.54751883e+00  2.84205591e+00 
 7.73140000e-10  1.70105509e+00  1.89894491e+00  2.54757523e+00  2.84200191e+00 
 7.73640000e-10  1.70110110e+00  1.89889890e+00  2.54763304e+00  2.84194649e+00 
 7.74140000e-10  1.70114808e+00  1.89885192e+00  2.54769226e+00  2.84188965e+00 
 7.74640000e-10  1.70119603e+00  1.89880397e+00  2.54775290e+00  2.84183139e+00 
 7.75140000e-10  1.70124496e+00  1.89875504e+00  2.54781494e+00  2.84177171e+00 
 7.75640000e-10  1.70129487e+00  1.89870513e+00  2.54787839e+00  2.84171061e+00 
 7.76140000e-10  1.70134575e+00  1.89865425e+00  2.54794325e+00  2.84164810e+00 
 7.76640000e-10  1.70139760e+00  1.89860240e+00  2.54800952e+00  2.84158416e+00 
 7.77140000e-10  1.70145043e+00  1.89854957e+00  2.54807720e+00  2.84151881e+00 
 7.77640000e-10  1.70150423e+00  1.89849577e+00  2.54814629e+00  2.84145204e+00 
 7.78140000e-10  1.70155900e+00  1.89844100e+00  2.54821678e+00  2.84138385e+00 
 7.78640000e-10  1.70161474e+00  1.89838526e+00  2.54828868e+00  2.84131424e+00 
 7.79140000e-10  1.70167146e+00  1.89832854e+00  2.54836198e+00  2.84124322e+00 
 7.79640000e-10  1.70172914e+00  1.89827086e+00  2.54843669e+00  2.84117078e+00 
 7.80140000e-10  1.70178780e+00  1.89821220e+00  2.54851281e+00  2.84109693e+00 
 7.80640000e-10  1.70184742e+00  1.89815258e+00  2.54859032e+00  2.84102166e+00 
 7.81140000e-10  1.70190801e+00  1.89809199e+00  2.54866924e+00  2.84094498e+00 
 7.81640000e-10  1.70196957e+00  1.89803043e+00  2.54874957e+00  2.84086688e+00 
 7.82140000e-10  1.70203210e+00  1.89796790e+00  2.54883129e+00  2.84078737e+00 
 7.82640000e-10  1.70209559e+00  1.89790441e+00  2.54891442e+00  2.84070645e+00 
 7.83140000e-10  1.70216006e+00  1.89783994e+00  2.54899895e+00  2.84062411e+00 
 7.83640000e-10  1.70222548e+00  1.89777452e+00  2.54908487e+00  2.84054036e+00 
 7.84140000e-10  1.70229187e+00  1.89770813e+00  2.54917220e+00  2.84045520e+00 
 7.84640000e-10  1.70235923e+00  1.89764077e+00  2.54926092e+00  2.84036863e+00 
 7.85140000e-10  1.70242755e+00  1.89757245e+00  2.54935105e+00  2.84028065e+00 
 7.85640000e-10  1.70249683e+00  1.89750317e+00  2.54944257e+00  2.84019126e+00 
 7.86140000e-10  1.70256708e+00  1.89743292e+00  2.54953548e+00  2.84010046e+00 
 7.86640000e-10  1.70263829e+00  1.89736171e+00  2.54962980e+00  2.84000825e+00 
 7.87140000e-10  1.70271045e+00  1.89728955e+00  2.54972550e+00  2.83991463e+00 
 7.87640000e-10  1.70278358e+00  1.89721642e+00  2.54982260e+00  2.83981961e+00 
 7.88140000e-10  1.70285767e+00  1.89714233e+00  2.54992110e+00  2.83972318e+00 
 7.88640000e-10  1.70293271e+00  1.89706729e+00  2.55002099e+00  2.83962534e+00 
 7.89140000e-10  1.70300872e+00  1.89699128e+00  2.55012226e+00  2.83952609e+00 
 7.89640000e-10  1.70308568e+00  1.89691432e+00  2.55022494e+00  2.83942545e+00 
 7.90140000e-10  1.70316360e+00  1.89683640e+00  2.55032900e+00  2.83932339e+00 
 7.90640000e-10  1.70324247e+00  1.89675753e+00  2.55043445e+00  2.83921994e+00 
 7.91140000e-10  1.70332230e+00  1.89667770e+00  2.55054128e+00  2.83911508e+00 
 7.91640000e-10  1.70340308e+00  1.89659692e+00  2.55064951e+00  2.83900882e+00 
 7.92140000e-10  1.70348482e+00  1.89651518e+00  2.55075912e+00  2.83890115e+00 
 7.92640000e-10  1.70356751e+00  1.89643249e+00  2.55087012e+00  2.83879209e+00 
 7.93140000e-10  1.70365115e+00  1.89634885e+00  2.55098251e+00  2.83868163e+00 
 7.93640000e-10  1.70373574e+00  1.89626426e+00  2.55109627e+00  2.83856976e+00 
 7.94140000e-10  1.70382128e+00  1.89617872e+00  2.55121143e+00  2.83845650e+00 
 7.94640000e-10  1.70390777e+00  1.89609223e+00  2.55132796e+00  2.83834184e+00 
 7.95140000e-10  1.70399521e+00  1.89600479e+00  2.55144588e+00  2.83822579e+00 
 7.95640000e-10  1.70408360e+00  1.89591640e+00  2.55156517e+00  2.83810833e+00 
 7.96140000e-10  1.70417293e+00  1.89582707e+00  2.55168585e+00  2.83798948e+00 
 7.96640000e-10  1.70426321e+00  1.89573679e+00  2.55180790e+00  2.83786924e+00 
 7.97140000e-10  1.70435443e+00  1.89564557e+00  2.55193133e+00  2.83774760e+00 
 7.97640000e-10  1.70444660e+00  1.89555340e+00  2.55205614e+00  2.83762457e+00 
 7.98140000e-10  1.70453971e+00  1.89546029e+00  2.55218233e+00  2.83750015e+00 
 7.98640000e-10  1.70463376e+00  1.89536624e+00  2.55230989e+00  2.83737434e+00 
 7.99140000e-10  1.70472876e+00  1.89527124e+00  2.55243882e+00  2.83724713e+00 
 7.99640000e-10  1.70482469e+00  1.89517531e+00  2.55256912e+00  2.83711854e+00 
 8.00140000e-10  1.70492157e+00  1.89507843e+00  2.55270080e+00  2.83698856e+00 
 8.00640000e-10  1.70501938e+00  1.89498062e+00  2.55283385e+00  2.83685719e+00 
 8.01140000e-10  1.70511813e+00  1.89488187e+00  2.55296827e+00  2.83672443e+00 
 8.01640000e-10  1.70521782e+00  1.89478218e+00  2.55310405e+00  2.83659029e+00 
 8.02140000e-10  1.70531844e+00  1.89468156e+00  2.55324120e+00  2.83645476e+00 
 8.02640000e-10  1.70541999e+00  1.89458001e+00  2.55337972e+00  2.83631785e+00 
 8.03140000e-10  1.70552248e+00  1.89447752e+00  2.55351961e+00  2.83617955e+00 
 8.03640000e-10  1.70562591e+00  1.89437409e+00  2.55366086e+00  2.83603988e+00 
 8.04140000e-10  1.70573026e+00  1.89426974e+00  2.55380347e+00  2.83589882e+00 
 8.04640000e-10  1.70583554e+00  1.89416446e+00  2.55394744e+00  2.83575638e+00 
 8.05140000e-10  1.70594176e+00  1.89405824e+00  2.55409278e+00  2.83561256e+00 
 8.05640000e-10  1.70604890e+00  1.89395110e+00  2.55423947e+00  2.83546737e+00 
 8.06140000e-10  1.70615697e+00  1.89384303e+00  2.55438752e+00  2.83532079e+00 
 8.06640000e-10  1.70626596e+00  1.89373404e+00  2.55453693e+00  2.83517285e+00 
 8.07140000e-10  1.70637588e+00  1.89362412e+00  2.55468770e+00  2.83502352e+00 
 8.07640000e-10  1.70648673e+00  1.89351327e+00  2.55483982e+00  2.83487282e+00 
 8.08140000e-10  1.70659849e+00  1.89340151e+00  2.55499329e+00  2.83472075e+00 
 8.08640000e-10  1.70671118e+00  1.89328882e+00  2.55514812e+00  2.83456731e+00 
 8.09140000e-10  1.70682479e+00  1.89317521e+00  2.55530430e+00  2.83441250e+00 
 8.09640000e-10  1.70693932e+00  1.89306068e+00  2.55546183e+00  2.83425631e+00 
 8.10140000e-10  1.70705477e+00  1.89294523e+00  2.55562070e+00  2.83409876e+00 
 8.10640000e-10  1.70717113e+00  1.89282887e+00  2.55578092e+00  2.83393985e+00 
 8.11140000e-10  1.70728842e+00  1.89271158e+00  2.55594249e+00  2.83377956e+00 
 8.11640000e-10  1.70740661e+00  1.89259339e+00  2.55610541e+00  2.83361791e+00 
 8.12140000e-10  1.70752572e+00  1.89247428e+00  2.55626967e+00  2.83345490e+00 
 8.12640000e-10  1.70764575e+00  1.89235425e+00  2.55643527e+00  2.83329052e+00 
 8.13140000e-10  1.70776668e+00  1.89223332e+00  2.55660221e+00  2.83312479e+00 
 8.13640000e-10  1.70788852e+00  1.89211148e+00  2.55677049e+00  2.83295769e+00 
 8.14140000e-10  1.70801128e+00  1.89198872e+00  2.55694011e+00  2.83278923e+00 
 8.14640000e-10  1.70813494e+00  1.89186506e+00  2.55711106e+00  2.83261942e+00 
 8.15140000e-10  1.70825951e+00  1.89174049e+00  2.55728335e+00  2.83244825e+00 
 8.15640000e-10  1.70838498e+00  1.89161502e+00  2.55745698e+00  2.83227572e+00 
 8.16140000e-10  1.70851136e+00  1.89148864e+00  2.55763194e+00  2.83210185e+00 
 8.16640000e-10  1.70863864e+00  1.89136136e+00  2.55780822e+00  2.83192661e+00 
 8.17140000e-10  1.70876682e+00  1.89123318e+00  2.55798584e+00  2.83175003e+00 
 8.17640000e-10  1.70889591e+00  1.89110409e+00  2.55816479e+00  2.83157210e+00 
 8.18140000e-10  1.70902589e+00  1.89097411e+00  2.55834506e+00  2.83139282e+00 
 8.18640000e-10  1.70915677e+00  1.89084323e+00  2.55852666e+00  2.83121219e+00 
 8.19140000e-10  1.70928855e+00  1.89071145e+00  2.55870959e+00  2.83103021e+00 
 8.19640000e-10  1.70942122e+00  1.89057878e+00  2.55889383e+00  2.83084690e+00 
 8.20140000e-10  1.70955478e+00  1.89044522e+00  2.55907940e+00  2.83066223e+00 
 8.20640000e-10  1.70968924e+00  1.89031076e+00  2.55926629e+00  2.83047623e+00 
 8.21140000e-10  1.70982459e+00  1.89017541e+00  2.55945449e+00  2.83028889e+00 
 8.21640000e-10  1.70996083e+00  1.89003917e+00  2.55964401e+00  2.83010020e+00 
 8.22140000e-10  1.71009796e+00  1.88990204e+00  2.55983485e+00  2.82991018e+00 
 8.22640000e-10  1.71023598e+00  1.88976402e+00  2.56002700e+00  2.82971883e+00 
 8.23140000e-10  1.71037488e+00  1.88962512e+00  2.56022046e+00  2.82952614e+00 
 8.23640000e-10  1.71051466e+00  1.88948534e+00  2.56041523e+00  2.82933211e+00 
 8.24140000e-10  1.71065533e+00  1.88934467e+00  2.56061131e+00  2.82913676e+00 
 8.24640000e-10  1.71079689e+00  1.88920311e+00  2.56080870e+00  2.82894007e+00 
 8.25140000e-10  1.71093932e+00  1.88906068e+00  2.56100739e+00  2.82874206e+00 
 8.25640000e-10  1.71108263e+00  1.88891737e+00  2.56120739e+00  2.82854272e+00 
 8.26140000e-10  1.71122682e+00  1.88877318e+00  2.56140869e+00  2.82834206e+00 
 8.26640000e-10  1.71137188e+00  1.88862812e+00  2.56161129e+00  2.82814007e+00 
 8.27140000e-10  1.71151782e+00  1.88848218e+00  2.56181519e+00  2.82793675e+00 
 8.27640000e-10  1.71166463e+00  1.88833537e+00  2.56202038e+00  2.82773212e+00 
 8.28140000e-10  1.71181232e+00  1.88818768e+00  2.56222688e+00  2.82752617e+00 
 8.28640000e-10  1.71196087e+00  1.88803913e+00  2.56243466e+00  2.82731890e+00 
 8.29140000e-10  1.71211030e+00  1.88788970e+00  2.56264374e+00  2.82711032e+00 
 8.29640000e-10  1.71226059e+00  1.88773941e+00  2.56285411e+00  2.82690042e+00 
 8.30140000e-10  1.71241174e+00  1.88758826e+00  2.56306576e+00  2.82668921e+00 
 8.30640000e-10  1.71256376e+00  1.88743624e+00  2.56327871e+00  2.82647669e+00 
 8.31140000e-10  1.71271665e+00  1.88728335e+00  2.56349294e+00  2.82626285e+00 
 8.31640000e-10  1.71287039e+00  1.88712961e+00  2.56370845e+00  2.82604772e+00 
 8.32140000e-10  1.71302500e+00  1.88697500e+00  2.56392524e+00  2.82583127e+00 
 8.32640000e-10  1.71318046e+00  1.88681954e+00  2.56414332e+00  2.82561352e+00 
 8.33140000e-10  1.71333679e+00  1.88666321e+00  2.56436267e+00  2.82539447e+00 
 8.33640000e-10  1.71349396e+00  1.88650604e+00  2.56458330e+00  2.82517412e+00 
 8.34140000e-10  1.71365199e+00  1.88634801e+00  2.56480520e+00  2.82495247e+00 
 8.34640000e-10  1.71381088e+00  1.88618912e+00  2.56502837e+00  2.82472953e+00 
 8.35140000e-10  1.71397061e+00  1.88602939e+00  2.56525282e+00  2.82450528e+00 
 8.35640000e-10  1.71413119e+00  1.88586881e+00  2.56547854e+00  2.82427975e+00 
 8.36140000e-10  1.71429262e+00  1.88570738e+00  2.56570552e+00  2.82405292e+00 
 8.36640000e-10  1.71445490e+00  1.88554510e+00  2.56593376e+00  2.82382481e+00 
 8.37140000e-10  1.71461802e+00  1.88538198e+00  2.56616327e+00  2.82359540e+00 
 8.37640000e-10  1.71478198e+00  1.88521802e+00  2.56639405e+00  2.82336471e+00 
 8.38140000e-10  1.71494678e+00  1.88505322e+00  2.56662608e+00  2.82313274e+00 
 8.38640000e-10  1.71511242e+00  1.88488758e+00  2.56685936e+00  2.82289948e+00 
 8.39140000e-10  1.71527891e+00  1.88472109e+00  2.56709391e+00  2.82266495e+00 
 8.39640000e-10  1.71544622e+00  1.88455378e+00  2.56732970e+00  2.82242913e+00 
 8.40140000e-10  1.71561437e+00  1.88438563e+00  2.56756675e+00  2.82219204e+00 
 8.40640000e-10  1.71578336e+00  1.88421664e+00  2.56780505e+00  2.82195368e+00 
 8.41140000e-10  1.71595317e+00  1.88404683e+00  2.56804459e+00  2.82171404e+00 
 8.41640000e-10  1.71612382e+00  1.88387618e+00  2.56828538e+00  2.82147313e+00 
 8.42140000e-10  1.71629529e+00  1.88370471e+00  2.56852742e+00  2.82123095e+00 
 8.42640000e-10  1.71646759e+00  1.88353241e+00  2.56877069e+00  2.82098751e+00 
 8.43140000e-10  1.71664071e+00  1.88335929e+00  2.56901521e+00  2.82074280e+00 
 8.43640000e-10  1.71681466e+00  1.88318534e+00  2.56926096e+00  2.82049683e+00 
 8.44140000e-10  1.71698943e+00  1.88301057e+00  2.56950795e+00  2.82024960e+00 
 8.44640000e-10  1.71716501e+00  1.88283499e+00  2.56975617e+00  2.82000111e+00 
 8.45140000e-10  1.71734142e+00  1.88265858e+00  2.57000562e+00  2.81975137e+00 
 8.45640000e-10  1.71751864e+00  1.88248136e+00  2.57025630e+00  2.81950037e+00 
 8.46140000e-10  1.71769667e+00  1.88230333e+00  2.57050820e+00  2.81924812e+00 
 8.46640000e-10  1.71787552e+00  1.88212448e+00  2.57076133e+00  2.81899462e+00 
 8.47140000e-10  1.71805517e+00  1.88194483e+00  2.57101569e+00  2.81873987e+00 
 8.47640000e-10  1.71823564e+00  1.88176436e+00  2.57127126e+00  2.81848388e+00 
 8.48140000e-10  1.71841691e+00  1.88158309e+00  2.57152805e+00  2.81822664e+00 
 8.48640000e-10  1.71859899e+00  1.88140101e+00  2.57178606e+00  2.81796816e+00 
 8.49140000e-10  1.71878187e+00  1.88121813e+00  2.57204528e+00  2.81770844e+00 
 8.49640000e-10  1.71896555e+00  1.88103445e+00  2.57230571e+00  2.81744749e+00 
 8.50140000e-10  1.71915004e+00  1.88084996e+00  2.57256735e+00  2.81718530e+00 
 8.50640000e-10  1.71933532e+00  1.88066468e+00  2.57283020e+00  2.81692188e+00 
 8.51140000e-10  1.71952139e+00  1.88047861e+00  2.57309425e+00  2.81665723e+00 
 8.51640000e-10  1.71970826e+00  1.88029174e+00  2.57335951e+00  2.81639135e+00 
 8.52140000e-10  1.71989593e+00  1.88010407e+00  2.57362596e+00  2.81612424e+00 
 8.52640000e-10  1.72008438e+00  1.87991562e+00  2.57389362e+00  2.81585592e+00 
 8.53140000e-10  1.72027362e+00  1.87972638e+00  2.57416246e+00  2.81558637e+00 
 8.53640000e-10  1.72046365e+00  1.87953635e+00  2.57443251e+00  2.81531560e+00 
 8.54140000e-10  1.72065447e+00  1.87934553e+00  2.57470374e+00  2.81504362e+00 
 8.54640000e-10  1.72084606e+00  1.87915394e+00  2.57497616e+00  2.81477042e+00 
 8.55140000e-10  1.72103844e+00  1.87896156e+00  2.57524976e+00  2.81449601e+00 
 8.55640000e-10  1.72123160e+00  1.87876840e+00  2.57552455e+00  2.81422039e+00 
 8.56140000e-10  1.72142554e+00  1.87857446e+00  2.57580053e+00  2.81394357e+00 
 8.56640000e-10  1.72162025e+00  1.87837975e+00  2.57607768e+00  2.81366554e+00 
 8.57140000e-10  1.72181573e+00  1.87818427e+00  2.57635600e+00  2.81338631e+00 
 8.57640000e-10  1.72201199e+00  1.87798801e+00  2.57663550e+00  2.81310588e+00 
 8.58140000e-10  1.72220901e+00  1.87779099e+00  2.57691617e+00  2.81282425e+00 
 8.58640000e-10  1.72240681e+00  1.87759319e+00  2.57719802e+00  2.81254143e+00 
 8.59140000e-10  1.72260537e+00  1.87739463e+00  2.57748102e+00  2.81225742e+00 
 8.59640000e-10  1.72280469e+00  1.87719531e+00  2.57776520e+00  2.81197221e+00 
 8.60140000e-10  1.72300478e+00  1.87699522e+00  2.57805053e+00  2.81168582e+00 
 8.60640000e-10  1.72320562e+00  1.87679438e+00  2.57833702e+00  2.81139825e+00 
 8.61140000e-10  1.72340722e+00  1.87659278e+00  2.57862467e+00  2.81110949e+00 
 8.61640000e-10  1.72360958e+00  1.87639042e+00  2.57891347e+00  2.81081955e+00 
 8.62140000e-10  1.72381270e+00  1.87618730e+00  2.57920343e+00  2.81052844e+00 
 8.62640000e-10  1.72401656e+00  1.87598344e+00  2.57949453e+00  2.81023616e+00 
 8.63140000e-10  1.72422118e+00  1.87577882e+00  2.57978678e+00  2.80994270e+00 
 8.63640000e-10  1.72442654e+00  1.87557346e+00  2.58008018e+00  2.80964807e+00 
 8.64140000e-10  1.72463265e+00  1.87536735e+00  2.58037471e+00  2.80935227e+00 
 8.64640000e-10  1.72483950e+00  1.87516050e+00  2.58067039e+00  2.80905532e+00 
 8.65140000e-10  1.72504709e+00  1.87495291e+00  2.58096720e+00  2.80875720e+00 
 8.65640000e-10  1.72525543e+00  1.87474457e+00  2.58126514e+00  2.80845792e+00 
 8.66140000e-10  1.72546450e+00  1.87453550e+00  2.58156421e+00  2.80815749e+00 
 8.66640000e-10  1.72567431e+00  1.87432569e+00  2.58186441e+00  2.80785590e+00 
 8.67140000e-10  1.72588485e+00  1.87411515e+00  2.58216574e+00  2.80755317e+00 
 8.67640000e-10  1.72609612e+00  1.87390388e+00  2.58246819e+00  2.80724928e+00 
 8.68140000e-10  1.72630812e+00  1.87369188e+00  2.58277176e+00  2.80694426e+00 
 8.68640000e-10  1.72652085e+00  1.87347915e+00  2.58307645e+00  2.80663808e+00 
 8.69140000e-10  1.72673431e+00  1.87326569e+00  2.58338225e+00  2.80633078e+00 
 8.69640000e-10  1.72694848e+00  1.87305152e+00  2.58368916e+00  2.80602233e+00 
 8.70140000e-10  1.72716338e+00  1.87283662e+00  2.58399718e+00  2.80571275e+00 
 8.70640000e-10  1.72737900e+00  1.87262100e+00  2.58430631e+00  2.80540204e+00 
 8.71140000e-10  1.72759533e+00  1.87240467e+00  2.58461654e+00  2.80509020e+00 
 8.71640000e-10  1.72781238e+00  1.87218762e+00  2.58492787e+00  2.80477724e+00 
 8.72140000e-10  1.72803014e+00  1.87196986e+00  2.58524030e+00  2.80446315e+00 
 8.72640000e-10  1.72824861e+00  1.87175139e+00  2.58555383e+00  2.80414795e+00 
 8.73140000e-10  1.72846779e+00  1.87153221e+00  2.58586844e+00  2.80383162e+00 
 8.73640000e-10  1.72868768e+00  1.87131232e+00  2.58618415e+00  2.80351419e+00 
 8.74140000e-10  1.72890827e+00  1.87109173e+00  2.58650094e+00  2.80319564e+00 
 8.74640000e-10  1.72912956e+00  1.87087044e+00  2.58681882e+00  2.80287599e+00 
 8.75140000e-10  1.72935155e+00  1.87064845e+00  2.58713777e+00  2.80255523e+00 
 8.75640000e-10  1.72957424e+00  1.87042576e+00  2.58745781e+00  2.80223337e+00 
 8.76140000e-10  1.72979762e+00  1.87020238e+00  2.58777892e+00  2.80191041e+00 
 8.76640000e-10  1.73002170e+00  1.86997830e+00  2.58810110e+00  2.80158635e+00 
 8.77140000e-10  1.73024646e+00  1.86975354e+00  2.58842435e+00  2.80126120e+00 
 8.77640000e-10  1.73047192e+00  1.86952808e+00  2.58874867e+00  2.80093496e+00 
 8.78140000e-10  1.73069806e+00  1.86930194e+00  2.58907405e+00  2.80060764e+00 
 8.78640000e-10  1.73092488e+00  1.86907512e+00  2.58940048e+00  2.80027923e+00 
 8.79140000e-10  1.73115239e+00  1.86884761e+00  2.58972798e+00  2.79994974e+00 
 8.79640000e-10  1.73138058e+00  1.86861942e+00  2.59005653e+00  2.79961917e+00 
 8.80140000e-10  1.73160944e+00  1.86839056e+00  2.59038613e+00  2.79928753e+00 
 8.80640000e-10  1.73183898e+00  1.86816102e+00  2.59071678e+00  2.79895482e+00 
 8.81140000e-10  1.73206919e+00  1.86793081e+00  2.59104848e+00  2.79862103e+00 
 8.81640000e-10  1.73230007e+00  1.86769993e+00  2.59138121e+00  2.79828619e+00 
 8.82140000e-10  1.73253162e+00  1.86746838e+00  2.59171499e+00  2.79795028e+00 
 8.82640000e-10  1.73276384e+00  1.86723616e+00  2.59204980e+00  2.79761331e+00 
 8.83140000e-10  1.73299672e+00  1.86700328e+00  2.59238565e+00  2.79727528e+00 
 8.83640000e-10  1.73323026e+00  1.86676974e+00  2.59272252e+00  2.79693621e+00 
 8.84140000e-10  1.73346446e+00  1.86653554e+00  2.59306042e+00  2.79659608e+00 
 8.84640000e-10  1.73369931e+00  1.86630069e+00  2.59339934e+00  2.79625491e+00 
 8.85140000e-10  1.73393482e+00  1.86606518e+00  2.59373929e+00  2.79591269e+00 
 8.85640000e-10  1.73417098e+00  1.86582902e+00  2.59408025e+00  2.79556944e+00 
 8.86140000e-10  1.73440780e+00  1.86559220e+00  2.59442222e+00  2.79522515e+00 
 8.86640000e-10  1.73464526e+00  1.86535474e+00  2.59476521e+00  2.79487982e+00 
 8.87140000e-10  1.73488336e+00  1.86511664e+00  2.59510920e+00  2.79453347e+00 
 8.87640000e-10  1.73512211e+00  1.86487789e+00  2.59545420e+00  2.79418608e+00 
 8.88140000e-10  1.73536150e+00  1.86463850e+00  2.59580020e+00  2.79383768e+00 
 8.88640000e-10  1.73560152e+00  1.86439848e+00  2.59614719e+00  2.79348825e+00 
 8.89140000e-10  1.73584218e+00  1.86415782e+00  2.59649518e+00  2.79313781e+00 
 8.89640000e-10  1.73608348e+00  1.86391652e+00  2.59684417e+00  2.79278636e+00 
 8.90140000e-10  1.73632540e+00  1.86367460e+00  2.59719414e+00  2.79243389e+00 
 8.90640000e-10  1.73656796e+00  1.86343204e+00  2.59754509e+00  2.79208042e+00 
 8.91140000e-10  1.73681114e+00  1.86318886e+00  2.59789703e+00  2.79172594e+00 
 8.91640000e-10  1.73705494e+00  1.86294506e+00  2.59824995e+00  2.79137047e+00 
 8.92140000e-10  1.73729937e+00  1.86270063e+00  2.59860384e+00  2.79101400e+00 
 8.92640000e-10  1.73754441e+00  1.86245559e+00  2.59895870e+00  2.79065653e+00 
 8.93140000e-10  1.73779007e+00  1.86220993e+00  2.59931453e+00  2.79029808e+00 
 8.93640000e-10  1.73803634e+00  1.86196366e+00  2.59967132e+00  2.78993864e+00 
 8.94140000e-10  1.73828323e+00  1.86171677e+00  2.60002908e+00  2.78957821e+00 
 8.94640000e-10  1.73853072e+00  1.86146928e+00  2.60038780e+00  2.78921681e+00 
 8.95140000e-10  1.73877882e+00  1.86122118e+00  2.60074746e+00  2.78885443e+00 
 8.95640000e-10  1.73902753e+00  1.86097247e+00  2.60110809e+00  2.78849108e+00 
 8.96140000e-10  1.73927684e+00  1.86072316e+00  2.60146965e+00  2.78812676e+00 
 8.96640000e-10  1.73952674e+00  1.86047326e+00  2.60183217e+00  2.78776148e+00 
 8.97140000e-10  1.73977725e+00  1.86022275e+00  2.60219562e+00  2.78739523e+00 
 8.97640000e-10  1.74002834e+00  1.85997166e+00  2.60256002e+00  2.78702803e+00 
 8.98140000e-10  1.74028003e+00  1.85971997e+00  2.60292534e+00  2.78665987e+00 
 8.98640000e-10  1.74053231e+00  1.85946769e+00  2.60329160e+00  2.78629076e+00 
 8.99140000e-10  1.74078518e+00  1.85921482e+00  2.60365878e+00  2.78592071e+00 
 8.99640000e-10  1.74103863e+00  1.85896137e+00  2.60402689e+00  2.78554971e+00 
 9.00140000e-10  1.74129266e+00  1.85870734e+00  2.60439592e+00  2.78517777e+00 
 9.00640000e-10  1.74154727e+00  1.85845273e+00  2.60476587e+00  2.78480489e+00 
 9.01140000e-10  1.74180246e+00  1.85819754e+00  2.60513672e+00  2.78443108e+00 
 9.01640000e-10  1.74205823e+00  1.85794177e+00  2.60550849e+00  2.78405634e+00 
 9.02140000e-10  1.74231456e+00  1.85768544e+00  2.60588117e+00  2.78368068e+00 
 9.02640000e-10  1.74257147e+00  1.85742853e+00  2.60625474e+00  2.78330409e+00 
 9.03140000e-10  1.74282894e+00  1.85717106e+00  2.60662922e+00  2.78292659e+00 
 9.03640000e-10  1.74308697e+00  1.85691303e+00  2.60700459e+00  2.78254817e+00 
 9.04140000e-10  1.74334557e+00  1.85665443e+00  2.60738085e+00  2.78216884e+00 
 9.04640000e-10  1.74360472e+00  1.85639528e+00  2.60775800e+00  2.78178860e+00 
 9.05140000e-10  1.74386444e+00  1.85613556e+00  2.60813604e+00  2.78140746e+00 
 9.05640000e-10  1.74412470e+00  1.85587530e+00  2.60851496e+00  2.78102542e+00 
 9.06140000e-10  1.74438552e+00  1.85561448e+00  2.60889475e+00  2.78064249e+00 
 9.06640000e-10  1.74464689e+00  1.85535311e+00  2.60927542e+00  2.78025866e+00 
 9.07140000e-10  1.74490880e+00  1.85509120e+00  2.60965695e+00  2.77987395e+00 
 9.07640000e-10  1.74517126e+00  1.85482874e+00  2.61003936e+00  2.77948835e+00 
 9.08140000e-10  1.74543426e+00  1.85456574e+00  2.61042262e+00  2.77910187e+00 
 9.08640000e-10  1.74569780e+00  1.85430220e+00  2.61080675e+00  2.77871451e+00 
 9.09140000e-10  1.74596187e+00  1.85403813e+00  2.61119173e+00  2.77832628e+00 
 9.09640000e-10  1.74622648e+00  1.85377352e+00  2.61157756e+00  2.77793718e+00 
 9.10140000e-10  1.74649161e+00  1.85350839e+00  2.61196424e+00  2.77754722e+00 
 9.10640000e-10  1.74675728e+00  1.85324272e+00  2.61235176e+00  2.77715639e+00 
 9.11140000e-10  1.74702347e+00  1.85297653e+00  2.61274012e+00  2.77676471e+00 
 9.11640000e-10  1.74729018e+00  1.85270982e+00  2.61312932e+00  2.77637218e+00 
 9.12140000e-10  1.74755741e+00  1.85244259e+00  2.61351935e+00  2.77597879e+00 
 9.12640000e-10  1.74782517e+00  1.85217483e+00  2.61391021e+00  2.77558456e+00 
 9.13140000e-10  1.74809343e+00  1.85190657e+00  2.61430190e+00  2.77518949e+00 
 9.13640000e-10  1.74836221e+00  1.85163779e+00  2.61469440e+00  2.77479358e+00 
 9.14140000e-10  1.74863150e+00  1.85136850e+00  2.61508773e+00  2.77439683e+00 
 9.14640000e-10  1.74890129e+00  1.85109871e+00  2.61548186e+00  2.77399926e+00 
 9.15140000e-10  1.74917159e+00  1.85082841e+00  2.61587681e+00  2.77360086e+00 
 9.15640000e-10  1.74944239e+00  1.85055761e+00  2.61627256e+00  2.77320164e+00 
 9.16140000e-10  1.74971369e+00  1.85028631e+00  2.61666912e+00  2.77280160e+00 
 9.16640000e-10  1.74998549e+00  1.85001451e+00  2.61706647e+00  2.77240074e+00 
 9.17140000e-10  1.75025778e+00  1.84974222e+00  2.61746462e+00  2.77199908e+00 
 9.17640000e-10  1.75053056e+00  1.84946944e+00  2.61786356e+00  2.77159661e+00 
 9.18140000e-10  1.75080383e+00  1.84919617e+00  2.61826328e+00  2.77119334e+00 
 9.18640000e-10  1.75107758e+00  1.84892242e+00  2.61866378e+00  2.77078927e+00 
 9.19140000e-10  1.75135182e+00  1.84864818e+00  2.61906507e+00  2.77038440e+00 
 9.19640000e-10  1.75162654e+00  1.84837346e+00  2.61946713e+00  2.76997875e+00 
 9.20140000e-10  1.75190174e+00  1.84809826e+00  2.61986996e+00  2.76957231e+00 
 9.20640000e-10  1.75217740e+00  1.84782260e+00  2.62027355e+00  2.76916509e+00 
 9.21140000e-10  1.75245355e+00  1.84754645e+00  2.62067791e+00  2.76875710e+00 
 9.21640000e-10  1.75273016e+00  1.84726984e+00  2.62108303e+00  2.76834833e+00 
 9.22140000e-10  1.75300724e+00  1.84699276e+00  2.62148890e+00  2.76793879e+00 
 9.22640000e-10  1.75328478e+00  1.84671522e+00  2.62189552e+00  2.76752848e+00 
 9.23140000e-10  1.75356278e+00  1.84643722e+00  2.62230289e+00  2.76711742e+00 
 9.23640000e-10  1.75384124e+00  1.84615876e+00  2.62271101e+00  2.76670560e+00 
 9.24140000e-10  1.75412016e+00  1.84587984e+00  2.62311986e+00  2.76629302e+00 
 9.24640000e-10  1.75439953e+00  1.84560047e+00  2.62352944e+00  2.76587970e+00 
 9.25140000e-10  1.75467934e+00  1.84532066e+00  2.62393976e+00  2.76546563e+00 
 9.25640000e-10  1.75495961e+00  1.84504039e+00  2.62435080e+00  2.76505083e+00 
 9.26140000e-10  1.75524032e+00  1.84475968e+00  2.62476256e+00  2.76463528e+00 
 9.26640000e-10  1.75552147e+00  1.84447853e+00  2.62517505e+00  2.76421901e+00 
 9.27140000e-10  1.75580307e+00  1.84419693e+00  2.62558824e+00  2.76380201e+00 
 9.27640000e-10  1.75608509e+00  1.84391491e+00  2.62600215e+00  2.76338429e+00 
 9.28140000e-10  1.75636756e+00  1.84363244e+00  2.62641676e+00  2.76296584e+00 
 9.28640000e-10  1.75665045e+00  1.84334955e+00  2.62683208e+00  2.76254669e+00 
 9.29140000e-10  1.75693377e+00  1.84306623e+00  2.62724809e+00  2.76212682e+00 
 9.29640000e-10  1.75721751e+00  1.84278249e+00  2.62766480e+00  2.76170625e+00 
 9.30140000e-10  1.75750168e+00  1.84249832e+00  2.62808219e+00  2.76128497e+00 
 9.30640000e-10  1.75778627e+00  1.84221373e+00  2.62850027e+00  2.76086300e+00 
 9.31140000e-10  1.75807127e+00  1.84192873e+00  2.62891904e+00  2.76044033e+00 
 9.31640000e-10  1.75835669e+00  1.84164331e+00  2.62933848e+00  2.76001698e+00 
 9.32140000e-10  1.75864252e+00  1.84135748e+00  2.62975859e+00  2.75959294e+00 
 9.32640000e-10  1.75892875e+00  1.84107125e+00  2.63017937e+00  2.75916822e+00 
 9.33140000e-10  1.75921539e+00  1.84078461e+00  2.63060081e+00  2.75874283e+00 
 9.33640000e-10  1.75950244e+00  1.84049756e+00  2.63102292e+00  2.75831677e+00 
 9.34140000e-10  1.75978988e+00  1.84021012e+00  2.63144568e+00  2.75789003e+00 
 9.34640000e-10  1.76007772e+00  1.83992228e+00  2.63186909e+00  2.75746264e+00 
 9.35140000e-10  1.76036596e+00  1.83963404e+00  2.63229315e+00  2.75703459e+00 
 9.35640000e-10  1.76065458e+00  1.83934542e+00  2.63271785e+00  2.75660588e+00 
 9.36140000e-10  1.76094360e+00  1.83905640e+00  2.63314319e+00  2.75617652e+00 
 9.36640000e-10  1.76123300e+00  1.83876700e+00  2.63356917e+00  2.75574652e+00 
 9.37140000e-10  1.76152278e+00  1.83847722e+00  2.63399578e+00  2.75531588e+00 
 9.37640000e-10  1.76181294e+00  1.83818706e+00  2.63442301e+00  2.75488461e+00 
 9.38140000e-10  1.76210348e+00  1.83789652e+00  2.63485087e+00  2.75445270e+00 
 9.38640000e-10  1.76239439e+00  1.83760561e+00  2.63527934e+00  2.75402016e+00 
 9.39140000e-10  1.76268568e+00  1.83731432e+00  2.63570843e+00  2.75358700e+00 
 9.39640000e-10  1.76297733e+00  1.83702267e+00  2.63613812e+00  2.75315322e+00 
 9.40140000e-10  1.76326935e+00  1.83673065e+00  2.63656842e+00  2.75271883e+00 
 9.40640000e-10  1.76356173e+00  1.83643827e+00  2.63699932e+00  2.75228383e+00 
 9.41140000e-10  1.76385447e+00  1.83614553e+00  2.63743081e+00  2.75184823e+00 
 9.41640000e-10  1.76414756e+00  1.83585244e+00  2.63786290e+00  2.75141202e+00 
 9.42140000e-10  1.76444101e+00  1.83555899e+00  2.63829558e+00  2.75097522e+00 
 9.42640000e-10  1.76473482e+00  1.83526518e+00  2.63872883e+00  2.75053783e+00 
 9.43140000e-10  1.76502896e+00  1.83497104e+00  2.63916267e+00  2.75009985e+00 
 9.43640000e-10  1.76532346e+00  1.83467654e+00  2.63959708e+00  2.74966128e+00 
 9.44140000e-10  1.76561830e+00  1.83438170e+00  2.64003206e+00  2.74922214e+00 
 9.44640000e-10  1.76591347e+00  1.83408653e+00  2.64046760e+00  2.74878243e+00 
 9.45140000e-10  1.76620899e+00  1.83379101e+00  2.64090371e+00  2.74834215e+00 
 9.45640000e-10  1.76650483e+00  1.83349517e+00  2.64134037e+00  2.74790131e+00 
 9.46140000e-10  1.76680101e+00  1.83319899e+00  2.64177758e+00  2.74745990e+00 
 9.46640000e-10  1.76709751e+00  1.83290249e+00  2.64221535e+00  2.74701794e+00 
 9.47140000e-10  1.76739434e+00  1.83260566e+00  2.64265365e+00  2.74657543e+00 
 9.47640000e-10  1.76769149e+00  1.83230851e+00  2.64309250e+00  2.74613238e+00 
 9.48140000e-10  1.76798896e+00  1.83201104e+00  2.64353187e+00  2.74568878e+00 
 9.48640000e-10  1.76828675e+00  1.83171325e+00  2.64397178e+00  2.74524465e+00 
 9.49140000e-10  1.76858485e+00  1.83141515e+00  2.64441222e+00  2.74479998e+00 
 9.49640000e-10  1.76888326e+00  1.83111674e+00  2.64485317e+00  2.74435479e+00 
 9.50140000e-10  1.76918197e+00  1.83081803e+00  2.64529464e+00  2.74390907e+00 
 9.50640000e-10  1.76948099e+00  1.83051901e+00  2.64573663e+00  2.74346284e+00 
 9.51140000e-10  1.76978031e+00  1.83021969e+00  2.64617912e+00  2.74301609e+00 
 9.51640000e-10  1.77007993e+00  1.82992007e+00  2.64662211e+00  2.74256884e+00 
 9.52140000e-10  1.77037985e+00  1.82962015e+00  2.64706560e+00  2.74212108e+00 
 9.52640000e-10  1.77068005e+00  1.82931995e+00  2.64750959e+00  2.74167282e+00 
 9.53140000e-10  1.77098055e+00  1.82901945e+00  2.64795407e+00  2.74122407e+00 
 9.53640000e-10  1.77128133e+00  1.82871867e+00  2.64839903e+00  2.74077483e+00 
 9.54140000e-10  1.77158240e+00  1.82841760e+00  2.64884447e+00  2.74032510e+00 
 9.54640000e-10  1.77188375e+00  1.82811625e+00  2.64929039e+00  2.73987490e+00 
 9.55140000e-10  1.77218537e+00  1.82781463e+00  2.64973678e+00  2.73942421e+00 
 9.55640000e-10  1.77248727e+00  1.82751273e+00  2.65018363e+00  2.73897306e+00 
 9.56140000e-10  1.77278944e+00  1.82721056e+00  2.65063095e+00  2.73852144e+00 
 9.56640000e-10  1.77309188e+00  1.82690812e+00  2.65107873e+00  2.73806936e+00 
 9.57140000e-10  1.77339458e+00  1.82660542e+00  2.65152696e+00  2.73761682e+00 
 9.57640000e-10  1.77369755e+00  1.82630245e+00  2.65197563e+00  2.73716383e+00 
 9.58140000e-10  1.77400078e+00  1.82599922e+00  2.65242476e+00  2.73671039e+00 
 9.58640000e-10  1.77430426e+00  1.82569574e+00  2.65287432e+00  2.73625651e+00 
 9.59140000e-10  1.77460800e+00  1.82539200e+00  2.65332431e+00  2.73580219e+00 
 9.59640000e-10  1.77491199e+00  1.82508801e+00  2.65377474e+00  2.73534744e+00 
 9.60140000e-10  1.77521622e+00  1.82478378e+00  2.65422559e+00  2.73489226e+00 
 9.60640000e-10  1.77552070e+00  1.82447930e+00  2.65467687e+00  2.73443665e+00 
 9.61140000e-10  1.77582542e+00  1.82417458e+00  2.65512856e+00  2.73398063e+00 
 9.61640000e-10  1.77613038e+00  1.82386962e+00  2.65558066e+00  2.73352420e+00 
 9.62140000e-10  1.77643558e+00  1.82356442e+00  2.65603317e+00  2.73306735e+00 
 9.62640000e-10  1.77674101e+00  1.82325899e+00  2.65648608e+00  2.73261010e+00 
 9.63140000e-10  1.77704666e+00  1.82295334e+00  2.65693940e+00  2.73215245e+00 
 9.63640000e-10  1.77735255e+00  1.82264745e+00  2.65739310e+00  2.73169441e+00 
 9.64140000e-10  1.77765866e+00  1.82234134e+00  2.65784719e+00  2.73123598e+00 
 9.64640000e-10  1.77796498e+00  1.82203502e+00  2.65830167e+00  2.73077716e+00 
 9.65140000e-10  1.77827153e+00  1.82172847e+00  2.65875653e+00  2.73031797e+00 
 9.65640000e-10  1.77857829e+00  1.82142171e+00  2.65921176e+00  2.72985839e+00 
 9.66140000e-10  1.77888526e+00  1.82111474e+00  2.65966736e+00  2.72939845e+00 
 9.66640000e-10  1.77919244e+00  1.82080756e+00  2.66012333e+00  2.72893814e+00 
 9.67140000e-10  1.77949983e+00  1.82050017e+00  2.66057966e+00  2.72847748e+00 
 9.67640000e-10  1.77980742e+00  1.82019258e+00  2.66103635e+00  2.72801645e+00 
 9.68140000e-10  1.78011520e+00  1.81988480e+00  2.66149338e+00  2.72755508e+00 
 9.68640000e-10  1.78042319e+00  1.81957681e+00  2.66195077e+00  2.72709336e+00 
 9.69140000e-10  1.78073136e+00  1.81926864e+00  2.66240849e+00  2.72663130e+00 
 9.69640000e-10  1.78103973e+00  1.81896027e+00  2.66286656e+00  2.72616890e+00 
 9.70140000e-10  1.78134828e+00  1.81865172e+00  2.66332496e+00  2.72570617e+00 
 9.70640000e-10  1.78165702e+00  1.81834298e+00  2.66378368e+00  2.72524312e+00 
 9.71140000e-10  1.78196594e+00  1.81803406e+00  2.66424273e+00  2.72477974e+00 
 9.71640000e-10  1.78227504e+00  1.81772496e+00  2.66470210e+00  2.72431605e+00 
 9.72140000e-10  1.78258431e+00  1.81741569e+00  2.66516178e+00  2.72385205e+00 
 9.72640000e-10  1.78289375e+00  1.81710625e+00  2.66562177e+00  2.72338774e+00 
 9.73140000e-10  1.78320336e+00  1.81679664e+00  2.66608207e+00  2.72292313e+00 
 9.73640000e-10  1.78351314e+00  1.81648686e+00  2.66654267e+00  2.72245822e+00 
 9.74140000e-10  1.78382308e+00  1.81617692e+00  2.66700356e+00  2.72199302e+00 
 9.74640000e-10  1.78413318e+00  1.81586682e+00  2.66746474e+00  2.72152754e+00 
 9.75140000e-10  1.78444344e+00  1.81555656e+00  2.66792621e+00  2.72106177e+00 
 9.75640000e-10  1.78475385e+00  1.81524615e+00  2.66838797e+00  2.72059573e+00 
 9.76140000e-10  1.78506441e+00  1.81493559e+00  2.66884999e+00  2.72012942e+00 
 9.76640000e-10  1.78537512e+00  1.81462488e+00  2.66931229e+00  2.71966283e+00 
 9.77140000e-10  1.78568597e+00  1.81431403e+00  2.66977486e+00  2.71919599e+00 
 9.77640000e-10  1.78599697e+00  1.81400303e+00  2.67023769e+00  2.71872889e+00 
 9.78140000e-10  1.78630810e+00  1.81369190e+00  2.67070078e+00  2.71826154e+00 
 9.78640000e-10  1.78661937e+00  1.81338063e+00  2.67116412e+00  2.71779395e+00 
 9.79140000e-10  1.78693077e+00  1.81306923e+00  2.67162771e+00  2.71732611e+00 
 9.79640000e-10  1.78724230e+00  1.81275770e+00  2.67209154e+00  2.71685803e+00 
 9.80140000e-10  1.78755395e+00  1.81244605e+00  2.67255561e+00  2.71638973e+00 
 9.80640000e-10  1.78786573e+00  1.81213427e+00  2.67301992e+00  2.71592119e+00 
 9.81140000e-10  1.78817763e+00  1.81182237e+00  2.67348446e+00  2.71545244e+00 
 9.81640000e-10  1.78848964e+00  1.81151036e+00  2.67394922e+00  2.71498347e+00 
 9.82140000e-10  1.78880177e+00  1.81119823e+00  2.67441420e+00  2.71451429e+00 
 9.82640000e-10  1.78911401e+00  1.81088599e+00  2.67487940e+00  2.71404490e+00 
 9.83140000e-10  1.78942635e+00  1.81057365e+00  2.67534480e+00  2.71357531e+00 
 9.83640000e-10  1.78973880e+00  1.81026120e+00  2.67581042e+00  2.71310553e+00 
 9.84140000e-10  1.79005135e+00  1.80994865e+00  2.67627623e+00  2.71263555e+00 
 9.84640000e-10  1.79036400e+00  1.80963600e+00  2.67674224e+00  2.71216539e+00 
 9.85140000e-10  1.79067675e+00  1.80932325e+00  2.67720844e+00  2.71169505e+00 
 9.85640000e-10  1.79098958e+00  1.80901042e+00  2.67767483e+00  2.71122454e+00 
 9.86140000e-10  1.79130251e+00  1.80869749e+00  2.67814141e+00  2.71075385e+00 
 9.86640000e-10  1.79161552e+00  1.80838448e+00  2.67860816e+00  2.71028300e+00 
 9.87140000e-10  1.79192861e+00  1.80807139e+00  2.67907508e+00  2.70981198e+00 
 9.87640000e-10  1.79224179e+00  1.80775821e+00  2.67954217e+00  2.70934082e+00 
 9.88140000e-10  1.79255504e+00  1.80744496e+00  2.68000942e+00  2.70886950e+00 
 9.88640000e-10  1.79286836e+00  1.80713164e+00  2.68047684e+00  2.70839804e+00 
 9.89140000e-10  1.79318175e+00  1.80681825e+00  2.68094440e+00  2.70792643e+00 
 9.89640000e-10  1.79349522e+00  1.80650478e+00  2.68141212e+00  2.70745470e+00 
 9.90140000e-10  1.79380874e+00  1.80619126e+00  2.68187998e+00  2.70698283e+00 
 9.90640000e-10  1.79412233e+00  1.80587767e+00  2.68234798e+00  2.70651084e+00 
 9.91140000e-10  1.79443597e+00  1.80556403e+00  2.68281612e+00  2.70603873e+00 
 9.91640000e-10  1.79474967e+00  1.80525033e+00  2.68328438e+00  2.70556651e+00 
 9.92140000e-10  1.79506342e+00  1.80493658e+00  2.68375278e+00  2.70509418e+00 
 9.92640000e-10  1.79537722e+00  1.80462278e+00  2.68422129e+00  2.70462175e+00 
 9.93140000e-10  1.79569107e+00  1.80430893e+00  2.68468992e+00  2.70414921e+00 
 9.93640000e-10  1.79600496e+00  1.80399504e+00  2.68515866e+00  2.70367659e+00 
 9.94140000e-10  1.79631889e+00  1.80368111e+00  2.68562751e+00  2.70320388e+00 
 9.94640000e-10  1.79663285e+00  1.80336715e+00  2.68609646e+00  2.70273108e+00 
 9.95140000e-10  1.79694685e+00  1.80305315e+00  2.68656550e+00  2.70225821e+00 
 9.95640000e-10  1.79726087e+00  1.80273913e+00  2.68703464e+00  2.70178526e+00 
 9.96140000e-10  1.79757493e+00  1.80242507e+00  2.68750387e+00  2.70131225e+00 
 9.96640000e-10  1.79788901e+00  1.80211099e+00  2.68797318e+00  2.70083917e+00 
 9.97140000e-10  1.79820311e+00  1.80179689e+00  2.68844257e+00  2.70036604e+00 
 9.97640000e-10  1.79851722e+00  1.80148278e+00  2.68891204e+00  2.69989286e+00 
 9.98140000e-10  1.79883135e+00  1.80116865e+00  2.68938157e+00  2.69941963e+00 
 9.98640000e-10  1.79914550e+00  1.80085450e+00  2.68985117e+00  2.69894637e+00 
 9.99140000e-10  1.79945965e+00  1.80054035e+00  2.69032083e+00  2.69847306e+00 
 9.99640000e-10  1.79977381e+00  1.80022619e+00  2.69079054e+00  2.69799973e+00 
 1.00014000e-09  1.80008796e+00  1.79991204e+00  2.69126030e+00  2.69752637e+00 
 1.00064000e-09  1.80040212e+00  1.79959788e+00  2.69173011e+00  2.69705299e+00 
 1.00114000e-09  1.80071628e+00  1.79928372e+00  2.69219996e+00  2.69657959e+00 
 1.00164000e-09  1.80103042e+00  1.79896958e+00  2.69266985e+00  2.69610619e+00 
 1.00214000e-09  1.80134456e+00  1.79865544e+00  2.69313977e+00  2.69563278e+00 
 1.00264000e-09  1.80165868e+00  1.79834132e+00  2.69360972e+00  2.69515938e+00 
 1.00314000e-09  1.80197279e+00  1.79802721e+00  2.69407968e+00  2.69468598e+00 
 1.00364000e-09  1.80228688e+00  1.79771312e+00  2.69454967e+00  2.69421259e+00 
 1.00414000e-09  1.80260095e+00  1.79739905e+00  2.69501967e+00  2.69373922e+00 
 1.00464000e-09  1.80291499e+00  1.79708501e+00  2.69548968e+00  2.69326587e+00 
 1.00514000e-09  1.80322900e+00  1.79677100e+00  2.69595969e+00  2.69279255e+00 
 1.00564000e-09  1.80354297e+00  1.79645703e+00  2.69642970e+00  2.69231926e+00 
 1.00614000e-09  1.80385692e+00  1.79614308e+00  2.69689970e+00  2.69184601e+00 
 1.00664000e-09  1.80417082e+00  1.79582918e+00  2.69736969e+00  2.69137281e+00 
 1.00714000e-09  1.80448469e+00  1.79551531e+00  2.69783967e+00  2.69089965e+00 
 1.00764000e-09  1.80479851e+00  1.79520149e+00  2.69830963e+00  2.69042655e+00 
 1.00814000e-09  1.80511228e+00  1.79488772e+00  2.69877957e+00  2.68995350e+00 
 1.00864000e-09  1.80542601e+00  1.79457399e+00  2.69924947e+00  2.68948052e+00 
 1.00914000e-09  1.80573968e+00  1.79426032e+00  2.69971934e+00  2.68900762e+00 
 1.00964000e-09  1.80605329e+00  1.79394671e+00  2.70018918e+00  2.68853478e+00 
 1.01014000e-09  1.80636684e+00  1.79363316e+00  2.70065897e+00  2.68806203e+00 
 1.01064000e-09  1.80668033e+00  1.79331967e+00  2.70112871e+00  2.68758936e+00 
 1.01114000e-09  1.80699375e+00  1.79300625e+00  2.70159840e+00  2.68711678e+00 
 1.01164000e-09  1.80730711e+00  1.79269289e+00  2.70206803e+00  2.68664430e+00 
 1.01214000e-09  1.80762039e+00  1.79237961e+00  2.70253760e+00  2.68617192e+00 
 1.01264000e-09  1.80793360e+00  1.79206640e+00  2.70300711e+00  2.68569965e+00 
 1.01314000e-09  1.80824673e+00  1.79175327e+00  2.70347654e+00  2.68522749e+00 
 1.01364000e-09  1.80855978e+00  1.79144022e+00  2.70394590e+00  2.68475545e+00 
 1.01414000e-09  1.80887274e+00  1.79112726e+00  2.70441518e+00  2.68428353e+00 
 1.01464000e-09  1.80918562e+00  1.79081438e+00  2.70488437e+00  2.68381174e+00 
 1.01514000e-09  1.80949840e+00  1.79050160e+00  2.70535347e+00  2.68334008e+00 
 1.01564000e-09  1.80981109e+00  1.79018891e+00  2.70582248e+00  2.68286856e+00 
 1.01614000e-09  1.81012369e+00  1.78987631e+00  2.70629139e+00  2.68239718e+00 
 1.01664000e-09  1.81043618e+00  1.78956382e+00  2.70676019e+00  2.68192595e+00 
 1.01714000e-09  1.81074857e+00  1.78925143e+00  2.70722889e+00  2.68145487e+00 
 1.01764000e-09  1.81106086e+00  1.78893914e+00  2.70769747e+00  2.68098396e+00 
 1.01814000e-09  1.81137304e+00  1.78862696e+00  2.70816593e+00  2.68051321e+00 
 1.01864000e-09  1.81168510e+00  1.78831490e+00  2.70863427e+00  2.68004262e+00 
 1.01914000e-09  1.81199705e+00  1.78800295e+00  2.70910248e+00  2.67957222e+00 
 1.01964000e-09  1.81230888e+00  1.78769112e+00  2.70957056e+00  2.67910199e+00 
 1.02014000e-09  1.81262059e+00  1.78737941e+00  2.71003851e+00  2.67863195e+00 
 1.02064000e-09  1.81293217e+00  1.78706783e+00  2.71050631e+00  2.67816209e+00 
 1.02114000e-09  1.81324363e+00  1.78675637e+00  2.71097396e+00  2.67769243e+00 
 1.02164000e-09  1.81355496e+00  1.78644504e+00  2.71144146e+00  2.67722298e+00 
 1.02214000e-09  1.81386615e+00  1.78613385e+00  2.71190881e+00  2.67675372e+00 
 1.02264000e-09  1.81417720e+00  1.78582280e+00  2.71237599e+00  2.67628468e+00 
 1.02314000e-09  1.81448812e+00  1.78551188e+00  2.71284301e+00  2.67581585e+00 
 1.02364000e-09  1.81479889e+00  1.78520111e+00  2.71330986e+00  2.67534725e+00 
 1.02414000e-09  1.81510952e+00  1.78489048e+00  2.71377653e+00  2.67487887e+00 
 1.02464000e-09  1.81542000e+00  1.78458000e+00  2.71424302e+00  2.67441072e+00 
 1.02514000e-09  1.81573032e+00  1.78426968e+00  2.71470933e+00  2.67394280e+00 
 1.02564000e-09  1.81604049e+00  1.78395951e+00  2.71517545e+00  2.67347513e+00 
 1.02614000e-09  1.81635050e+00  1.78364950e+00  2.71564137e+00  2.67300770e+00 
 1.02664000e-09  1.81666035e+00  1.78333965e+00  2.71610709e+00  2.67254052e+00 
 1.02714000e-09  1.81697004e+00  1.78302996e+00  2.71657260e+00  2.67207359e+00 
 1.02764000e-09  1.81727956e+00  1.78272044e+00  2.71703791e+00  2.67160693e+00 
 1.02814000e-09  1.81758891e+00  1.78241109e+00  2.71750300e+00  2.67114053e+00 
 1.02864000e-09  1.81789808e+00  1.78210192e+00  2.71796787e+00  2.67067440e+00 
 1.02914000e-09  1.81820708e+00  1.78179292e+00  2.71843252e+00  2.67020854e+00 
 1.02964000e-09  1.81851590e+00  1.78148410e+00  2.71889694e+00  2.66974297e+00 
 1.03014000e-09  1.81882453e+00  1.78117547e+00  2.71936112e+00  2.66927768e+00 
 1.03064000e-09  1.81913298e+00  1.78086702e+00  2.71982506e+00  2.66881267e+00 
 1.03114000e-09  1.81944124e+00  1.78055876e+00  2.72028876e+00  2.66834796e+00 
 1.03164000e-09  1.81974931e+00  1.78025069e+00  2.72075221e+00  2.66788355e+00 
 1.03214000e-09  1.82005718e+00  1.77994282e+00  2.72121541e+00  2.66741945e+00 
 1.03264000e-09  1.82036486e+00  1.77963514e+00  2.72167834e+00  2.66695564e+00 
 1.03314000e-09  1.82067233e+00  1.77932767e+00  2.72214101e+00  2.66649216e+00 
 1.03364000e-09  1.82097960e+00  1.77902040e+00  2.72260341e+00  2.66602899e+00 
 1.03414000e-09  1.82128667e+00  1.77871333e+00  2.72306553e+00  2.66556614e+00 
 1.03464000e-09  1.82159352e+00  1.77840648e+00  2.72352738e+00  2.66510361e+00 
 1.03514000e-09  1.82190016e+00  1.77809984e+00  2.72398894e+00  2.66464142e+00 
 1.03564000e-09  1.82220659e+00  1.77779341e+00  2.72445021e+00  2.66417956e+00 
 1.03614000e-09  1.82251279e+00  1.77748721e+00  2.72491118e+00  2.66371804e+00 
 1.03664000e-09  1.82281877e+00  1.77718123e+00  2.72537185e+00  2.66325687e+00 
 1.03714000e-09  1.82312453e+00  1.77687547e+00  2.72583222e+00  2.66279604e+00 
 1.03764000e-09  1.82343006e+00  1.77656994e+00  2.72629227e+00  2.66233557e+00 
 1.03814000e-09  1.82373536e+00  1.77626464e+00  2.72675201e+00  2.66187545e+00 
 1.03864000e-09  1.82404042e+00  1.77595958e+00  2.72721143e+00  2.66141570e+00 
 1.03914000e-09  1.82434525e+00  1.77565475e+00  2.72767052e+00  2.66095631e+00 
 1.03964000e-09  1.82464984e+00  1.77535016e+00  2.72812928e+00  2.66049729e+00 
 1.04014000e-09  1.82495418e+00  1.77504582e+00  2.72858770e+00  2.66003865e+00 
 1.04064000e-09  1.82525828e+00  1.77474172e+00  2.72904578e+00  2.65958039e+00 
 1.04114000e-09  1.82556212e+00  1.77443788e+00  2.72950351e+00  2.65912251e+00 
 1.04164000e-09  1.82586572e+00  1.77413428e+00  2.72996089e+00  2.65866502e+00 
 1.04214000e-09  1.82616906e+00  1.77383094e+00  2.73041792e+00  2.65820792e+00 
 1.04264000e-09  1.82647214e+00  1.77352786e+00  2.73087457e+00  2.65775121e+00 
 1.04314000e-09  1.82677496e+00  1.77322504e+00  2.73133086e+00  2.65729491e+00 
 1.04364000e-09  1.82707752e+00  1.77292248e+00  2.73178678e+00  2.65683901e+00 
 1.04414000e-09  1.82737981e+00  1.77262019e+00  2.73224232e+00  2.65638352e+00 
 1.04464000e-09  1.82768183e+00  1.77231817e+00  2.73269747e+00  2.65592845e+00 
 1.04514000e-09  1.82798357e+00  1.77201643e+00  2.73315223e+00  2.65547379e+00 
 1.04564000e-09  1.82828504e+00  1.77171496e+00  2.73360660e+00  2.65501955e+00 
 1.04614000e-09  1.82858623e+00  1.77141377e+00  2.73406057e+00  2.65456574e+00 
 1.04664000e-09  1.82888714e+00  1.77111286e+00  2.73451413e+00  2.65411235e+00 
 1.04714000e-09  1.82918776e+00  1.77081224e+00  2.73496729e+00  2.65365940e+00 
 1.04764000e-09  1.82948810e+00  1.77051190e+00  2.73542002e+00  2.65320689e+00 
 1.04814000e-09  1.82978814e+00  1.77021186e+00  2.73587234e+00  2.65275483e+00 
 1.04864000e-09  1.83008789e+00  1.76991211e+00  2.73632423e+00  2.65230320e+00 
 1.04914000e-09  1.83038734e+00  1.76961266e+00  2.73677569e+00  2.65185203e+00 
 1.04964000e-09  1.83068650e+00  1.76931350e+00  2.73722671e+00  2.65140131e+00 
 1.05014000e-09  1.83098535e+00  1.76901465e+00  2.73767729e+00  2.65095105e+00 
 1.05064000e-09  1.83128389e+00  1.76871611e+00  2.73812742e+00  2.65050126e+00 
 1.05114000e-09  1.83158213e+00  1.76841787e+00  2.73857710e+00  2.65005193e+00 
 1.05164000e-09  1.83188005e+00  1.76811995e+00  2.73902633e+00  2.64960307e+00 
 1.05214000e-09  1.83217766e+00  1.76782234e+00  2.73947509e+00  2.64915469e+00 
 1.05264000e-09  1.83247495e+00  1.76752505e+00  2.73992338e+00  2.64870678e+00 
 1.05314000e-09  1.83277192e+00  1.76722808e+00  2.74037120e+00  2.64825936e+00 
 1.05364000e-09  1.83306857e+00  1.76693143e+00  2.74081855e+00  2.64781243e+00 
 1.05414000e-09  1.83336489e+00  1.76663511e+00  2.74126541e+00  2.64736598e+00 
 1.05464000e-09  1.83366088e+00  1.76633912e+00  2.74171178e+00  2.64692004e+00 
 1.05514000e-09  1.83395654e+00  1.76604346e+00  2.74215766e+00  2.64647459e+00 
 1.05564000e-09  1.83425187e+00  1.76574813e+00  2.74260304e+00  2.64602964e+00 
 1.05614000e-09  1.83454685e+00  1.76545315e+00  2.74304792e+00  2.64558521e+00 
 1.05664000e-09  1.83484150e+00  1.76515850e+00  2.74349229e+00  2.64514128e+00 
 1.05714000e-09  1.83513580e+00  1.76486420e+00  2.74393614e+00  2.64469788e+00 
 1.05764000e-09  1.83542976e+00  1.76457024e+00  2.74437948e+00  2.64425499e+00 
 1.05814000e-09  1.83572336e+00  1.76427664e+00  2.74482230e+00  2.64381262e+00 
 1.05864000e-09  1.83601661e+00  1.76398339e+00  2.74526459e+00  2.64337079e+00 
 1.05914000e-09  1.83630951e+00  1.76369049e+00  2.74570634e+00  2.64292949e+00 
 1.05964000e-09  1.83660205e+00  1.76339795e+00  2.74614756e+00  2.64248872e+00 
 1.06014000e-09  1.83689423e+00  1.76310577e+00  2.74658824e+00  2.64204850e+00 
 1.06064000e-09  1.83718604e+00  1.76281396e+00  2.74702836e+00  2.64160882e+00 
 1.06114000e-09  1.83747749e+00  1.76252251e+00  2.74746794e+00  2.64116969e+00 
 1.06164000e-09  1.83776857e+00  1.76223143e+00  2.74790696e+00  2.64073111e+00 
 1.06214000e-09  1.83805927e+00  1.76194073e+00  2.74834542e+00  2.64029309e+00 
 1.06264000e-09  1.83834960e+00  1.76165040e+00  2.74878331e+00  2.63985563e+00 
 1.06314000e-09  1.83863955e+00  1.76136045e+00  2.74922063e+00  2.63941874e+00 
 1.06364000e-09  1.83892912e+00  1.76107088e+00  2.74965738e+00  2.63898242e+00 
 1.06414000e-09  1.83921830e+00  1.76078170e+00  2.75009355e+00  2.63854668e+00 
 1.06464000e-09  1.83950710e+00  1.76049290e+00  2.75052913e+00  2.63811151e+00 
 1.06514000e-09  1.83979550e+00  1.76020450e+00  2.75096412e+00  2.63767692e+00 
 1.06564000e-09  1.84008352e+00  1.75991648e+00  2.75139851e+00  2.63724293e+00 
 1.06614000e-09  1.84037114e+00  1.75962886e+00  2.75183231e+00  2.63680952e+00 
 1.06664000e-09  1.84065836e+00  1.75934164e+00  2.75226551e+00  2.63637671e+00 
 1.06714000e-09  1.84094518e+00  1.75905482e+00  2.75269810e+00  2.63594451e+00 
 1.06764000e-09  1.84123159e+00  1.75876841e+00  2.75313007e+00  2.63551290e+00 
 1.06814000e-09  1.84151760e+00  1.75848240e+00  2.75356143e+00  2.63508191e+00 
 1.06864000e-09  1.84180320e+00  1.75819680e+00  2.75399217e+00  2.63465152e+00 
 1.06914000e-09  1.84208838e+00  1.75791162e+00  2.75442228e+00  2.63422176e+00 
 1.06964000e-09  1.84237315e+00  1.75762685e+00  2.75485177e+00  2.63379261e+00 
 1.07014000e-09  1.84265751e+00  1.75734249e+00  2.75528061e+00  2.63336410e+00 
 1.07064000e-09  1.84294144e+00  1.75705856e+00  2.75570882e+00  2.63293621e+00 
 1.07114000e-09  1.84322494e+00  1.75677506e+00  2.75613639e+00  2.63250896e+00 
 1.07164000e-09  1.84350802e+00  1.75649198e+00  2.75656331e+00  2.63208234e+00 
 1.07214000e-09  1.84379068e+00  1.75620932e+00  2.75698958e+00  2.63165637e+00 
 1.07264000e-09  1.84407289e+00  1.75592711e+00  2.75741519e+00  2.63123105e+00 
 1.07314000e-09  1.84435468e+00  1.75564532e+00  2.75784014e+00  2.63080638e+00 
 1.07364000e-09  1.84463602e+00  1.75536398e+00  2.75826443e+00  2.63038236e+00 
 1.07414000e-09  1.84491693e+00  1.75508307e+00  2.75868805e+00  2.62995900e+00 
 1.07464000e-09  1.84519739e+00  1.75480261e+00  2.75911100e+00  2.62953631e+00 
 1.07514000e-09  1.84547741e+00  1.75452259e+00  2.75953327e+00  2.62911429e+00 
 1.07564000e-09  1.84575698e+00  1.75424302e+00  2.75995485e+00  2.62869294e+00 
 1.07614000e-09  1.84603609e+00  1.75396391e+00  2.76037576e+00  2.62827227e+00 
 1.07664000e-09  1.84631475e+00  1.75368525e+00  2.76079597e+00  2.62785229e+00 
 1.07714000e-09  1.84659296e+00  1.75340704e+00  2.76121549e+00  2.62743298e+00 
 1.07764000e-09  1.84687070e+00  1.75312930e+00  2.76163431e+00  2.62701437e+00 
 1.07814000e-09  1.84714799e+00  1.75285201e+00  2.76205243e+00  2.62659646e+00 
 1.07864000e-09  1.84742480e+00  1.75257520e+00  2.76246984e+00  2.62617924e+00 
 1.07914000e-09  1.84770115e+00  1.75229885e+00  2.76288655e+00  2.62576272e+00 
 1.07964000e-09  1.84797703e+00  1.75202297e+00  2.76330254e+00  2.62534692e+00 
 1.08014000e-09  1.84825243e+00  1.75174757e+00  2.76371781e+00  2.62493182e+00 
 1.08064000e-09  1.84852736e+00  1.75147264e+00  2.76413236e+00  2.62451745e+00 
 1.08114000e-09  1.84880181e+00  1.75119819e+00  2.76454618e+00  2.62410379e+00 
 1.08164000e-09  1.84907578e+00  1.75092422e+00  2.76495927e+00  2.62369086e+00 
 1.08214000e-09  1.84934926e+00  1.75065074e+00  2.76537163e+00  2.62327865e+00 
 1.08264000e-09  1.84962226e+00  1.75037774e+00  2.76578325e+00  2.62286718e+00 
 1.08314000e-09  1.84989476e+00  1.75010524e+00  2.76619413e+00  2.62245645e+00 
 1.08364000e-09  1.85016678e+00  1.74983322e+00  2.76660426e+00  2.62204646e+00 
 1.08414000e-09  1.85043830e+00  1.74956170e+00  2.76701365e+00  2.62163721e+00 
 1.08464000e-09  1.85070932e+00  1.74929068e+00  2.76742227e+00  2.62122872e+00 
 1.08514000e-09  1.85097984e+00  1.74902016e+00  2.76783014e+00  2.62082098e+00 
 1.08564000e-09  1.85124985e+00  1.74875015e+00  2.76823725e+00  2.62041400e+00 
 1.08614000e-09  1.85151937e+00  1.74848063e+00  2.76864360e+00  2.62000778e+00 
 1.08664000e-09  1.85178837e+00  1.74821163e+00  2.76904917e+00  2.61960233e+00 
 1.08714000e-09  1.85205686e+00  1.74794314e+00  2.76945397e+00  2.61919765e+00 
 1.08764000e-09  1.85232484e+00  1.74767516e+00  2.76985799e+00  2.61879374e+00 
 1.08814000e-09  1.85259230e+00  1.74740770e+00  2.77026123e+00  2.61839061e+00 
 1.08864000e-09  1.85285924e+00  1.74714076e+00  2.77066369e+00  2.61798827e+00 
 1.08914000e-09  1.85312566e+00  1.74687434e+00  2.77106535e+00  2.61758672e+00 
 1.08964000e-09  1.85339156e+00  1.74660844e+00  2.77146623e+00  2.61718595e+00 
 1.09014000e-09  1.85365693e+00  1.74634307e+00  2.77186630e+00  2.61678599e+00 
 1.09064000e-09  1.85392177e+00  1.74607823e+00  2.77226558e+00  2.61638682e+00 
 1.09114000e-09  1.85418608e+00  1.74581392e+00  2.77266405e+00  2.61598846e+00 
 1.09164000e-09  1.85444985e+00  1.74555015e+00  2.77306172e+00  2.61559090e+00 
 1.09214000e-09  1.85471309e+00  1.74528691e+00  2.77345857e+00  2.61519416e+00 
 1.09264000e-09  1.85497578e+00  1.74502422e+00  2.77385461e+00  2.61479823e+00 
 1.09314000e-09  1.85523794e+00  1.74476206e+00  2.77424982e+00  2.61440313e+00 
 1.09364000e-09  1.85549954e+00  1.74450046e+00  2.77464422e+00  2.61400885e+00 
 1.09414000e-09  1.85576060e+00  1.74423940e+00  2.77503779e+00  2.61361539e+00 
 1.09464000e-09  1.85602111e+00  1.74397889e+00  2.77543052e+00  2.61322277e+00 
 1.09514000e-09  1.85628107e+00  1.74371893e+00  2.77582243e+00  2.61283099e+00 
 1.09564000e-09  1.85654047e+00  1.74345953e+00  2.77621349e+00  2.61244004e+00 
 1.09614000e-09  1.85679931e+00  1.74320069e+00  2.77660372e+00  2.61204994e+00 
 1.09664000e-09  1.85705760e+00  1.74294240e+00  2.77699309e+00  2.61166069e+00 
 1.09714000e-09  1.85731532e+00  1.74268468e+00  2.77738162e+00  2.61127229e+00 
 1.09764000e-09  1.85757247e+00  1.74242753e+00  2.77776930e+00  2.61088475e+00 
 1.09814000e-09  1.85782906e+00  1.74217094e+00  2.77815612e+00  2.61049806e+00 
 1.09864000e-09  1.85808507e+00  1.74191493e+00  2.77854208e+00  2.61011224e+00 
 1.09914000e-09  1.85834051e+00  1.74165949e+00  2.77892718e+00  2.60972729e+00 
 1.09964000e-09  1.85859538e+00  1.74140462e+00  2.77931141e+00  2.60934321e+00 
 1.10014000e-09  1.85884967e+00  1.74115033e+00  2.77969477e+00  2.60896000e+00 
 1.10064000e-09  1.85910337e+00  1.74089663e+00  2.78007725e+00  2.60857768e+00 
 1.10114000e-09  1.85935650e+00  1.74064350e+00  2.78045886e+00  2.60819624e+00 
 1.10164000e-09  1.85960904e+00  1.74039096e+00  2.78083958e+00  2.60781568e+00 
 1.10214000e-09  1.85986098e+00  1.74013902e+00  2.78121942e+00  2.60743602e+00 
 1.10264000e-09  1.86011234e+00  1.73988766e+00  2.78159837e+00  2.60705725e+00 
 1.10314000e-09  1.86036311e+00  1.73963689e+00  2.78197643e+00  2.60667938e+00 
 1.10364000e-09  1.86061328e+00  1.73938672e+00  2.78235360e+00  2.60630241e+00 
 1.10414000e-09  1.86086285e+00  1.73913715e+00  2.78272986e+00  2.60592635e+00 
 1.10464000e-09  1.86111182e+00  1.73888818e+00  2.78310522e+00  2.60555120e+00 
 1.10514000e-09  1.86136019e+00  1.73863981e+00  2.78347968e+00  2.60517696e+00 
 1.10564000e-09  1.86160795e+00  1.73839205e+00  2.78385323e+00  2.60480364e+00 
 1.10614000e-09  1.86185510e+00  1.73814490e+00  2.78422586e+00  2.60443124e+00 
 1.10664000e-09  1.86210165e+00  1.73789835e+00  2.78459758e+00  2.60405977e+00 
 1.10714000e-09  1.86234758e+00  1.73765242e+00  2.78496838e+00  2.60368922e+00 
 1.10764000e-09  1.86259289e+00  1.73740711e+00  2.78533825e+00  2.60331961e+00 
 1.10814000e-09  1.86283759e+00  1.73716241e+00  2.78570720e+00  2.60295094e+00 
 1.10864000e-09  1.86308167e+00  1.73691833e+00  2.78607522e+00  2.60258320e+00 
 1.10914000e-09  1.86332512e+00  1.73667488e+00  2.78644230e+00  2.60221641e+00 
 1.10964000e-09  1.86356795e+00  1.73643205e+00  2.78680845e+00  2.60185056e+00 
 1.11014000e-09  1.86381015e+00  1.73618985e+00  2.78717366e+00  2.60148567e+00 
 1.11064000e-09  1.86405172e+00  1.73594828e+00  2.78753792e+00  2.60112173e+00 
 1.11114000e-09  1.86429266e+00  1.73570734e+00  2.78790124e+00  2.60075875e+00 
 1.11164000e-09  1.86453297e+00  1.73546703e+00  2.78826361e+00  2.60039673e+00 
 1.11214000e-09  1.86477264e+00  1.73522736e+00  2.78862502e+00  2.60003567e+00 
 1.11264000e-09  1.86501167e+00  1.73498833e+00  2.78898548e+00  2.59967559e+00 
 1.11314000e-09  1.86525006e+00  1.73474994e+00  2.78934498e+00  2.59931647e+00 
 1.11364000e-09  1.86548780e+00  1.73451220e+00  2.78970352e+00  2.59895834e+00 
 1.11414000e-09  1.86572490e+00  1.73427510e+00  2.79006109e+00  2.59860118e+00 
 1.11464000e-09  1.86596135e+00  1.73403865e+00  2.79041769e+00  2.59824501e+00 
 1.11514000e-09  1.86619714e+00  1.73380286e+00  2.79077332e+00  2.59788982e+00 
 1.11564000e-09  1.86643229e+00  1.73356771e+00  2.79112797e+00  2.59753563e+00 
 1.11614000e-09  1.86666678e+00  1.73333322e+00  2.79148164e+00  2.59718243e+00 
 1.11664000e-09  1.86690061e+00  1.73309939e+00  2.79183433e+00  2.59683023e+00 
 1.11714000e-09  1.86713378e+00  1.73286622e+00  2.79218604e+00  2.59647903e+00 
 1.11764000e-09  1.86736629e+00  1.73263371e+00  2.79253676e+00  2.59612883e+00 
 1.11814000e-09  1.86759813e+00  1.73240187e+00  2.79288649e+00  2.59577964e+00 
 1.11864000e-09  1.86782931e+00  1.73217069e+00  2.79323522e+00  2.59543147e+00 
 1.11914000e-09  1.86805981e+00  1.73194019e+00  2.79358296e+00  2.59508431e+00 
 1.11964000e-09  1.86828965e+00  1.73171035e+00  2.79392969e+00  2.59473816e+00 
 1.12014000e-09  1.86851881e+00  1.73148119e+00  2.79427542e+00  2.59439305e+00 
 1.12064000e-09  1.86874729e+00  1.73125271e+00  2.79462015e+00  2.59404895e+00 
 1.12114000e-09  1.86897510e+00  1.73102490e+00  2.79496387e+00  2.59370589e+00 
 1.12164000e-09  1.86920222e+00  1.73079778e+00  2.79530657e+00  2.59336386e+00 
 1.12214000e-09  1.86942867e+00  1.73057133e+00  2.79564826e+00  2.59302286e+00 
 1.12264000e-09  1.86965442e+00  1.73034558e+00  2.79598893e+00  2.59268291e+00 
 1.12314000e-09  1.86987949e+00  1.73012051e+00  2.79632858e+00  2.59234399e+00 
 1.12364000e-09  1.87010387e+00  1.72989613e+00  2.79666721e+00  2.59200613e+00 
 1.12414000e-09  1.87032756e+00  1.72967244e+00  2.79700481e+00  2.59166931e+00 
 1.12464000e-09  1.87055055e+00  1.72944945e+00  2.79734138e+00  2.59133355e+00 
 1.12514000e-09  1.87077285e+00  1.72922715e+00  2.79767691e+00  2.59099885e+00 
 1.12564000e-09  1.87099445e+00  1.72900555e+00  2.79801141e+00  2.59066520e+00 
 1.12614000e-09  1.87121535e+00  1.72878465e+00  2.79834488e+00  2.59033262e+00 
 1.12664000e-09  1.87143554e+00  1.72856446e+00  2.79867730e+00  2.59000110e+00 
 1.12714000e-09  1.87165503e+00  1.72834497e+00  2.79900868e+00  2.58967066e+00 
 1.12764000e-09  1.87187382e+00  1.72812618e+00  2.79933901e+00  2.58934129e+00 
 1.12814000e-09  1.87209189e+00  1.72790811e+00  2.79966829e+00  2.58901300e+00 
 1.12864000e-09  1.87230925e+00  1.72769075e+00  2.79999653e+00  2.58868578e+00 
 1.12914000e-09  1.87252590e+00  1.72747410e+00  2.80032370e+00  2.58835965e+00 
 1.12964000e-09  1.87274184e+00  1.72725816e+00  2.80064982e+00  2.58803461e+00 
 1.13014000e-09  1.87295705e+00  1.72704295e+00  2.80097488e+00  2.58771066e+00 
 1.13064000e-09  1.87317155e+00  1.72682845e+00  2.80129888e+00  2.58738780e+00 
 1.13114000e-09  1.87338532e+00  1.72661468e+00  2.80162181e+00  2.58706604e+00 
 1.13164000e-09  1.87359837e+00  1.72640163e+00  2.80194367e+00  2.58674538e+00 
 1.13214000e-09  1.87381069e+00  1.72618931e+00  2.80226446e+00  2.58642582e+00 
 1.13264000e-09  1.87402228e+00  1.72597772e+00  2.80258418e+00  2.58610737e+00 
 1.13314000e-09  1.87423315e+00  1.72576685e+00  2.80290283e+00  2.58579003e+00 
 1.13364000e-09  1.87444328e+00  1.72555672e+00  2.80322039e+00  2.58547380e+00 
 1.13414000e-09  1.87465267e+00  1.72534733e+00  2.80353688e+00  2.58515869e+00 
 1.13464000e-09  1.87486133e+00  1.72513867e+00  2.80385228e+00  2.58484470e+00 
 1.13514000e-09  1.87506925e+00  1.72493075e+00  2.80416659e+00  2.58453183e+00 
 1.13564000e-09  1.87527643e+00  1.72472357e+00  2.80447982e+00  2.58422009e+00 
 1.13614000e-09  1.87548287e+00  1.72451713e+00  2.80479196e+00  2.58390948e+00 
 1.13664000e-09  1.87568856e+00  1.72431144e+00  2.80510300e+00  2.58360000e+00 
 1.13714000e-09  1.87589350e+00  1.72410650e+00  2.80541295e+00  2.58329166e+00 
 1.13764000e-09  1.87609770e+00  1.72390230e+00  2.80572179e+00  2.58298445e+00 
 1.13814000e-09  1.87630114e+00  1.72369886e+00  2.80602954e+00  2.58267839e+00 
 1.13864000e-09  1.87650383e+00  1.72349617e+00  2.80633619e+00  2.58237347e+00 
 1.13914000e-09  1.87670577e+00  1.72329423e+00  2.80664172e+00  2.58206970e+00 
 1.13964000e-09  1.87690695e+00  1.72309305e+00  2.80694615e+00  2.58176708e+00 
 1.14014000e-09  1.87710737e+00  1.72289263e+00  2.80724947e+00  2.58146562e+00 
 1.14064000e-09  1.87730702e+00  1.72269298e+00  2.80755168e+00  2.58116531e+00 
 1.14114000e-09  1.87750592e+00  1.72249408e+00  2.80785277e+00  2.58086617e+00 
 1.14164000e-09  1.87770405e+00  1.72229595e+00  2.80815275e+00  2.58056818e+00 
 1.14214000e-09  1.87790141e+00  1.72209859e+00  2.80845160e+00  2.58027137e+00 
 1.14264000e-09  1.87809801e+00  1.72190199e+00  2.80874933e+00  2.57997572e+00 
 1.14314000e-09  1.87829383e+00  1.72170617e+00  2.80904593e+00  2.57968124e+00 
 1.14364000e-09  1.87848889e+00  1.72151111e+00  2.80934141e+00  2.57938794e+00 
 1.14414000e-09  1.87868316e+00  1.72131684e+00  2.80963576e+00  2.57909582e+00 
 1.14464000e-09  1.87887666e+00  1.72112334e+00  2.80992898e+00  2.57880488e+00 
 1.14514000e-09  1.87906938e+00  1.72093062e+00  2.81022106e+00  2.57851513e+00 
 1.14564000e-09  1.87926133e+00  1.72073867e+00  2.81051200e+00  2.57822656e+00 
 1.14614000e-09  1.87945249e+00  1.72054751e+00  2.81080181e+00  2.57793917e+00 
 1.14664000e-09  1.87964286e+00  1.72035714e+00  2.81109047e+00  2.57765299e+00 
 1.14714000e-09  1.87983245e+00  1.72016755e+00  2.81137799e+00  2.57736799e+00 
 1.14764000e-09  1.88002125e+00  1.71997875e+00  2.81166436e+00  2.57708420e+00 
 1.14814000e-09  1.88020926e+00  1.71979074e+00  2.81194959e+00  2.57680160e+00 
 1.14864000e-09  1.88039648e+00  1.71960352e+00  2.81223366e+00  2.57652021e+00 
 1.14914000e-09  1.88058291e+00  1.71941709e+00  2.81251658e+00  2.57624002e+00 
 1.14964000e-09  1.88076854e+00  1.71923146e+00  2.81279834e+00  2.57596104e+00 
 1.15014000e-09  1.88095337e+00  1.71904663e+00  2.81307894e+00  2.57568327e+00 
 1.15064000e-09  1.88113741e+00  1.71886259e+00  2.81335839e+00  2.57540671e+00 
 1.15114000e-09  1.88132064e+00  1.71867936e+00  2.81363666e+00  2.57513137e+00 
 1.15164000e-09  1.88150307e+00  1.71849693e+00  2.81391378e+00  2.57485725e+00 
 1.15214000e-09  1.88168470e+00  1.71831530e+00  2.81418972e+00  2.57458435e+00 
 1.15264000e-09  1.88186552e+00  1.71813448e+00  2.81446449e+00  2.57431267e+00 
 1.15314000e-09  1.88204553e+00  1.71795447e+00  2.81473809e+00  2.57404221e+00 
 1.15364000e-09  1.88222474e+00  1.71777526e+00  2.81501051e+00  2.57377298e+00 
 1.15414000e-09  1.88240313e+00  1.71759687e+00  2.81528176e+00  2.57350499e+00 
 1.15464000e-09  1.88258071e+00  1.71741929e+00  2.81555182e+00  2.57323822e+00 
 1.15514000e-09  1.88275747e+00  1.71724253e+00  2.81582070e+00  2.57297269e+00 
 1.15564000e-09  1.88293342e+00  1.71706658e+00  2.81608839e+00  2.57270839e+00 
 1.15614000e-09  1.88310854e+00  1.71689146e+00  2.81635489e+00  2.57244533e+00 
 1.15664000e-09  1.88328285e+00  1.71671715e+00  2.81662020e+00  2.57218351e+00 
 1.15714000e-09  1.88345634e+00  1.71654366e+00  2.81688432e+00  2.57192293e+00 
 1.15764000e-09  1.88362900e+00  1.71637100e+00  2.81714724e+00  2.57166360e+00 
 1.15814000e-09  1.88380083e+00  1.71619917e+00  2.81740896e+00  2.57140551e+00 
 1.15864000e-09  1.88397184e+00  1.71602816e+00  2.81766948e+00  2.57114867e+00 
 1.15914000e-09  1.88414203e+00  1.71585797e+00  2.81792879e+00  2.57089308e+00 
 1.15964000e-09  1.88431138e+00  1.71568862e+00  2.81818690e+00  2.57063874e+00 
 1.16014000e-09  1.88447989e+00  1.71552011e+00  2.81844379e+00  2.57038565e+00 
 1.16064000e-09  1.88464758e+00  1.71535242e+00  2.81869947e+00  2.57013382e+00 
 1.16114000e-09  1.88481443e+00  1.71518557e+00  2.81895394e+00  2.56988324e+00 
 1.16164000e-09  1.88498044e+00  1.71501956e+00  2.81920719e+00  2.56963392e+00 
 1.16214000e-09  1.88514561e+00  1.71485439e+00  2.81945922e+00  2.56938587e+00 
 1.16264000e-09  1.88530994e+00  1.71469006e+00  2.81971002e+00  2.56913907e+00 
 1.16314000e-09  1.88547344e+00  1.71452656e+00  2.81995960e+00  2.56889353e+00 
 1.16364000e-09  1.88563608e+00  1.71436392e+00  2.82020794e+00  2.56864926e+00 
 1.16414000e-09  1.88579788e+00  1.71420212e+00  2.82045506e+00  2.56840625e+00 
 1.16464000e-09  1.88595884e+00  1.71404116e+00  2.82070094e+00  2.56816451e+00 
 1.16514000e-09  1.88611895e+00  1.71388105e+00  2.82094558e+00  2.56792404e+00 
 1.16564000e-09  1.88627820e+00  1.71372180e+00  2.82118898e+00  2.56768484e+00 
 1.16614000e-09  1.88643661e+00  1.71356339e+00  2.82143114e+00  2.56744690e+00 
 1.16664000e-09  1.88659416e+00  1.71340584e+00  2.82167205e+00  2.56721024e+00 
 1.16714000e-09  1.88675086e+00  1.71324914e+00  2.82191171e+00  2.56697486e+00 
 1.16764000e-09  1.88690670e+00  1.71309330e+00  2.82215012e+00  2.56674075e+00 
 1.16814000e-09  1.88706168e+00  1.71293832e+00  2.82238728e+00  2.56650791e+00 
 1.16864000e-09  1.88721581e+00  1.71278419e+00  2.82262318e+00  2.56627635e+00 
 1.16914000e-09  1.88736907e+00  1.71263093e+00  2.82285781e+00  2.56604607e+00 
 1.16964000e-09  1.88752147e+00  1.71247853e+00  2.82309119e+00  2.56581707e+00 
 1.17014000e-09  1.88767301e+00  1.71232699e+00  2.82332330e+00  2.56558934e+00 
 1.17064000e-09  1.88782368e+00  1.71217632e+00  2.82355415e+00  2.56536290e+00 
 1.17114000e-09  1.88797349e+00  1.71202651e+00  2.82378372e+00  2.56513775e+00 
 1.17164000e-09  1.88812243e+00  1.71187757e+00  2.82401202e+00  2.56491387e+00 
 1.17214000e-09  1.88827049e+00  1.71172951e+00  2.82423904e+00  2.56469128e+00 
 1.17264000e-09  1.88841769e+00  1.71158231e+00  2.82446479e+00  2.56446998e+00 
 1.17314000e-09  1.88856401e+00  1.71143599e+00  2.82468925e+00  2.56424996e+00 
 1.17364000e-09  1.88870946e+00  1.71129054e+00  2.82491243e+00  2.56403123e+00 
 1.17414000e-09  1.88885404e+00  1.71114596e+00  2.82513432e+00  2.56381380e+00 
 1.17464000e-09  1.88899773e+00  1.71100227e+00  2.82535493e+00  2.56359765e+00 
 1.17514000e-09  1.88914055e+00  1.71085945e+00  2.82557424e+00  2.56338279e+00 
 1.17564000e-09  1.88928249e+00  1.71071751e+00  2.82579226e+00  2.56316922e+00 
 1.17614000e-09  1.88942355e+00  1.71057645e+00  2.82600898e+00  2.56295695e+00 
 1.17664000e-09  1.88956372e+00  1.71043628e+00  2.82622440e+00  2.56274598e+00 
 1.17714000e-09  1.88970302e+00  1.71029698e+00  2.82643853e+00  2.56253629e+00 
 1.17764000e-09  1.88984142e+00  1.71015858e+00  2.82665134e+00  2.56232791e+00 
 1.17814000e-09  1.88997894e+00  1.71002106e+00  2.82686286e+00  2.56212082e+00 
 1.17864000e-09  1.89011557e+00  1.70988443e+00  2.82707306e+00  2.56191503e+00 
 1.17914000e-09  1.89025131e+00  1.70974869e+00  2.82728196e+00  2.56171055e+00 
 1.17964000e-09  1.89038616e+00  1.70961384e+00  2.82748954e+00  2.56150736e+00 
 1.18014000e-09  1.89052012e+00  1.70947988e+00  2.82769581e+00  2.56130548e+00 
 1.18064000e-09  1.89065319e+00  1.70934681e+00  2.82790076e+00  2.56110489e+00 
 1.18114000e-09  1.89078536e+00  1.70921464e+00  2.82810439e+00  2.56090562e+00 
 1.18164000e-09  1.89091663e+00  1.70908337e+00  2.82830670e+00  2.56070765e+00 
 1.18214000e-09  1.89104701e+00  1.70895299e+00  2.82850769e+00  2.56051098e+00 
 1.18264000e-09  1.89117649e+00  1.70882351e+00  2.82870735e+00  2.56031563e+00 
 1.18314000e-09  1.89130507e+00  1.70869493e+00  2.82890568e+00  2.56012158e+00 
 1.18364000e-09  1.89143275e+00  1.70856725e+00  2.82910269e+00  2.55992885e+00 
 1.18414000e-09  1.89155952e+00  1.70844048e+00  2.82929837e+00  2.55973742e+00 
 1.18464000e-09  1.89168540e+00  1.70831460e+00  2.82949271e+00  2.55954731e+00 
 1.18514000e-09  1.89181036e+00  1.70818964e+00  2.82968572e+00  2.55935851e+00 
 1.18564000e-09  1.89193442e+00  1.70806558e+00  2.82987739e+00  2.55917103e+00 
 1.18614000e-09  1.89205758e+00  1.70794242e+00  2.83006772e+00  2.55898487e+00 
 1.18664000e-09  1.89217982e+00  1.70782018e+00  2.83025672e+00  2.55880002e+00 
 1.18714000e-09  1.89230116e+00  1.70769884e+00  2.83044437e+00  2.55861649e+00 
 1.18764000e-09  1.89242158e+00  1.70757842e+00  2.83063068e+00  2.55843429e+00 
 1.18814000e-09  1.89254109e+00  1.70745891e+00  2.83081565e+00  2.55825340e+00 
 1.18864000e-09  1.89265969e+00  1.70734031e+00  2.83099927e+00  2.55807384e+00 
 1.18914000e-09  1.89277737e+00  1.70722263e+00  2.83118154e+00  2.55789560e+00 
 1.18964000e-09  1.89289414e+00  1.70710586e+00  2.83136246e+00  2.55771869e+00 
 1.19014000e-09  1.89300999e+00  1.70699001e+00  2.83154204e+00  2.55754311e+00 
 1.19064000e-09  1.89312493e+00  1.70687507e+00  2.83172026e+00  2.55736885e+00 
 1.19114000e-09  1.89323894e+00  1.70676106e+00  2.83189713e+00  2.55719593e+00 
 1.19164000e-09  1.89335204e+00  1.70664796e+00  2.83207264e+00  2.55702433e+00 
 1.19214000e-09  1.89346421e+00  1.70653579e+00  2.83224680e+00  2.55685407e+00 
 1.19264000e-09  1.89357546e+00  1.70642454e+00  2.83241959e+00  2.55668515e+00 
 1.19314000e-09  1.89368579e+00  1.70631421e+00  2.83259104e+00  2.55651756e+00 
 1.19364000e-09  1.89379519e+00  1.70620481e+00  2.83276112e+00  2.55635130e+00 
 1.19414000e-09  1.89390367e+00  1.70609633e+00  2.83292984e+00  2.55618638e+00 
 1.19464000e-09  1.89401122e+00  1.70598878e+00  2.83309719e+00  2.55602281e+00 
 1.19514000e-09  1.89411784e+00  1.70588216e+00  2.83326319e+00  2.55586057e+00 
 1.19564000e-09  1.89422353e+00  1.70577647e+00  2.83342782e+00  2.55569968e+00 
 1.19614000e-09  1.89432829e+00  1.70567171e+00  2.83359108e+00  2.55554013e+00 
 1.19664000e-09  1.89443213e+00  1.70556787e+00  2.83375298e+00  2.55538192e+00 
 1.19714000e-09  1.89453503e+00  1.70546497e+00  2.83391350e+00  2.55522506e+00 
 1.19764000e-09  1.89463699e+00  1.70536301e+00  2.83407266e+00  2.55506955e+00 
 1.19814000e-09  1.89473803e+00  1.70526197e+00  2.83423045e+00  2.55491539e+00 
 1.19864000e-09  1.89483812e+00  1.70516188e+00  2.83438687e+00  2.55476258e+00 
 1.19914000e-09  1.89493729e+00  1.70506271e+00  2.83454192e+00  2.55461112e+00 
 1.19964000e-09  1.89503551e+00  1.70496449e+00  2.83469559e+00  2.55446102e+00 
 1.20014000e-09  1.89513280e+00  1.70486720e+00  2.83484789e+00  2.55431226e+00 
 1.20064000e-09  1.89522915e+00  1.70477085e+00  2.83499881e+00  2.55416487e+00 
 1.20114000e-09  1.89532455e+00  1.70467545e+00  2.83514836e+00  2.55401883e+00 
 1.20164000e-09  1.89541902e+00  1.70458098e+00  2.83529653e+00  2.55387415e+00 
 1.20214000e-09  1.89551255e+00  1.70448745e+00  2.83544332e+00  2.55373083e+00 
 1.20264000e-09  1.89560513e+00  1.70439487e+00  2.83558873e+00  2.55358887e+00 
 1.20314000e-09  1.89569677e+00  1.70430323e+00  2.83573276e+00  2.55344827e+00 
 1.20364000e-09  1.89578746e+00  1.70421254e+00  2.83587541e+00  2.55330904e+00 
 1.20414000e-09  1.89587721e+00  1.70412279e+00  2.83601669e+00  2.55317117e+00 
 1.20464000e-09  1.89596602e+00  1.70403398e+00  2.83615657e+00  2.55303466e+00 
 1.20514000e-09  1.89605387e+00  1.70394613e+00  2.83629508e+00  2.55289953e+00 
 1.20564000e-09  1.89614078e+00  1.70385922e+00  2.83643220e+00  2.55276576e+00 
 1.20614000e-09  1.89622674e+00  1.70377326e+00  2.83656793e+00  2.55263336e+00 
 1.20664000e-09  1.89631175e+00  1.70368825e+00  2.83670228e+00  2.55250233e+00 
 1.20714000e-09  1.89639581e+00  1.70360419e+00  2.83683524e+00  2.55237268e+00 
 1.20764000e-09  1.89647892e+00  1.70352108e+00  2.83696682e+00  2.55224439e+00 
 1.20814000e-09  1.89656107e+00  1.70343893e+00  2.83709700e+00  2.55211748e+00 
 1.20864000e-09  1.89664227e+00  1.70335773e+00  2.83722580e+00  2.55199195e+00 
 1.20914000e-09  1.89672252e+00  1.70327748e+00  2.83735320e+00  2.55186779e+00 
 1.20964000e-09  1.89680182e+00  1.70319818e+00  2.83747922e+00  2.55174501e+00 
 1.21014000e-09  1.89688015e+00  1.70311985e+00  2.83760384e+00  2.55162361e+00 
 1.21064000e-09  1.89695754e+00  1.70304246e+00  2.83772708e+00  2.55150359e+00 
 1.21114000e-09  1.89703396e+00  1.70296604e+00  2.83784891e+00  2.55138495e+00 
 1.21164000e-09  1.89710943e+00  1.70289057e+00  2.83796936e+00  2.55126769e+00 
 1.21214000e-09  1.89718394e+00  1.70281606e+00  2.83808841e+00  2.55115181e+00 
 1.21264000e-09  1.89725749e+00  1.70274251e+00  2.83820606e+00  2.55103732e+00 
 1.21314000e-09  1.89733008e+00  1.70266992e+00  2.83832232e+00  2.55092421e+00 
 1.21364000e-09  1.89740171e+00  1.70259829e+00  2.83843718e+00  2.55081248e+00 
 1.21414000e-09  1.89747238e+00  1.70252762e+00  2.83855065e+00  2.55070214e+00 
 1.21464000e-09  1.89754208e+00  1.70245792e+00  2.83866271e+00  2.55059319e+00 
 1.21514000e-09  1.89761083e+00  1.70238917e+00  2.83877338e+00  2.55048563e+00 
 1.21564000e-09  1.89767861e+00  1.70232139e+00  2.83888265e+00  2.55037946e+00 
 1.21614000e-09  1.89774542e+00  1.70225458e+00  2.83899052e+00  2.55027468e+00 
 1.21664000e-09  1.89781128e+00  1.70218872e+00  2.83909698e+00  2.55017129e+00 
 1.21714000e-09  1.89787616e+00  1.70212384e+00  2.83920205e+00  2.55006929e+00 
 1.21764000e-09  1.89794008e+00  1.70205992e+00  2.83930571e+00  2.54996868e+00 
 1.21814000e-09  1.89800303e+00  1.70199697e+00  2.83940797e+00  2.54986947e+00 
 1.21864000e-09  1.89806502e+00  1.70193498e+00  2.83950883e+00  2.54977165e+00 
 1.21914000e-09  1.89812604e+00  1.70187396e+00  2.83960828e+00  2.54967523e+00 
 1.21964000e-09  1.89818609e+00  1.70181391e+00  2.83970633e+00  2.54958020e+00 
 1.22014000e-09  1.89824517e+00  1.70175483e+00  2.83980297e+00  2.54948657e+00 
 1.22064000e-09  1.89830328e+00  1.70169672e+00  2.83989820e+00  2.54939433e+00 
 1.22114000e-09  1.89836042e+00  1.70163958e+00  2.83999203e+00  2.54930350e+00 
 1.22164000e-09  1.89841659e+00  1.70158341e+00  2.84008445e+00  2.54921406e+00 
 1.22214000e-09  1.89847179e+00  1.70152821e+00  2.84017547e+00  2.54912603e+00 
 1.22264000e-09  1.89852602e+00  1.70147398e+00  2.84026507e+00  2.54903939e+00 
 1.22314000e-09  1.89857927e+00  1.70142073e+00  2.84035327e+00  2.54895416e+00 
 1.22364000e-09  1.89863155e+00  1.70136845e+00  2.84044006e+00  2.54887032e+00 
 1.22414000e-09  1.89868286e+00  1.70131714e+00  2.84052544e+00  2.54878789e+00 
 1.22464000e-09  1.89873320e+00  1.70126680e+00  2.84060940e+00  2.54870687e+00 
 1.22514000e-09  1.89878256e+00  1.70121744e+00  2.84069196e+00  2.54862724e+00 
 1.22564000e-09  1.89883094e+00  1.70116906e+00  2.84077311e+00  2.54854903e+00 
 1.22614000e-09  1.89887835e+00  1.70112165e+00  2.84085284e+00  2.54847221e+00 
 1.22664000e-09  1.89892478e+00  1.70107522e+00  2.84093116e+00  2.54839681e+00 
 1.22714000e-09  1.89897024e+00  1.70102976e+00  2.84100807e+00  2.54832281e+00 
 1.22764000e-09  1.89901472e+00  1.70098528e+00  2.84108356e+00  2.54825021e+00 
 1.22814000e-09  1.89905822e+00  1.70094178e+00  2.84115764e+00  2.54817903e+00 
 1.22864000e-09  1.89910075e+00  1.70089925e+00  2.84123031e+00  2.54810925e+00 
 1.22914000e-09  1.89914230e+00  1.70085770e+00  2.84130156e+00  2.54804088e+00 
 1.22964000e-09  1.89918287e+00  1.70081713e+00  2.84137139e+00  2.54797392e+00 
 1.23014000e-09  1.89922246e+00  1.70077754e+00  2.84143981e+00  2.54790837e+00 
 1.23064000e-09  1.89926107e+00  1.70073893e+00  2.84150682e+00  2.54784423e+00 
 1.23114000e-09  1.89929870e+00  1.70070130e+00  2.84157241e+00  2.54778150e+00 
 1.23164000e-09  1.89933535e+00  1.70066465e+00  2.84163658e+00  2.54772018e+00 
 1.23214000e-09  1.89937102e+00  1.70062898e+00  2.84169933e+00  2.54766028e+00 
 1.23264000e-09  1.89940571e+00  1.70059429e+00  2.84176067e+00  2.54760178e+00 
 1.23314000e-09  1.89943942e+00  1.70056058e+00  2.84182058e+00  2.54754470e+00 
 1.23364000e-09  1.89947215e+00  1.70052785e+00  2.84187908e+00  2.54748904e+00 
 1.23414000e-09  1.89950389e+00  1.70049611e+00  2.84193616e+00  2.54743478e+00 
 1.23464000e-09  1.89953465e+00  1.70046535e+00  2.84199183e+00  2.54738194e+00 
 1.23514000e-09  1.89956444e+00  1.70043556e+00  2.84204607e+00  2.54733052e+00 
 1.23564000e-09  1.89959323e+00  1.70040677e+00  2.84209889e+00  2.54728051e+00 
 1.23614000e-09  1.89962105e+00  1.70037895e+00  2.84215029e+00  2.54723191e+00 
 1.23664000e-09  1.89964788e+00  1.70035212e+00  2.84220028e+00  2.54718473e+00 
 1.23714000e-09  1.89967373e+00  1.70032627e+00  2.84224884e+00  2.54713897e+00 
 1.23764000e-09  1.89969860e+00  1.70030140e+00  2.84229598e+00  2.54709463e+00 
 1.23814000e-09  1.89972248e+00  1.70027752e+00  2.84234170e+00  2.54705170e+00 
 1.23864000e-09  1.89974537e+00  1.70025463e+00  2.84238599e+00  2.54701018e+00 
 1.23914000e-09  1.89976729e+00  1.70023271e+00  2.84242887e+00  2.54697009e+00 
 1.23964000e-09  1.89978821e+00  1.70021179e+00  2.84247032e+00  2.54693141e+00 
 1.24014000e-09  1.89980816e+00  1.70019184e+00  2.84251036e+00  2.54689415e+00 
 1.24064000e-09  1.89982712e+00  1.70017288e+00  2.84254896e+00  2.54685831e+00 
 1.24114000e-09  1.89984509e+00  1.70015491e+00  2.84258615e+00  2.54682389e+00 
 1.24164000e-09  1.89986208e+00  1.70013792e+00  2.84262191e+00  2.54679089e+00 
 1.24214000e-09  1.89987808e+00  1.70012192e+00  2.84265625e+00  2.54675931e+00 
 1.24264000e-09  1.89989309e+00  1.70010691e+00  2.84268917e+00  2.54672914e+00 
 1.24314000e-09  1.89990712e+00  1.70009288e+00  2.84272066e+00  2.54670040e+00 
 1.24364000e-09  1.89992017e+00  1.70007983e+00  2.84275073e+00  2.54667307e+00 
 1.24414000e-09  1.89993222e+00  1.70006778e+00  2.84277937e+00  2.54664717e+00 
 1.24464000e-09  1.89994330e+00  1.70005670e+00  2.84280660e+00  2.54662268e+00 
 1.24514000e-09  1.89995338e+00  1.70004662e+00  2.84283239e+00  2.54659962e+00 
 1.24564000e-09  1.89996248e+00  1.70003752e+00  2.84285676e+00  2.54657797e+00 
 1.24614000e-09  1.89997059e+00  1.70002941e+00  2.84287971e+00  2.54655775e+00 
 1.24664000e-09  1.89997772e+00  1.70002228e+00  2.84290123e+00  2.54653895e+00 
 1.24714000e-09  1.89998385e+00  1.70001615e+00  2.84292133e+00  2.54652157e+00 
 1.24764000e-09  1.89998901e+00  1.70001099e+00  2.84294000e+00  2.54650561e+00 
 1.24814000e-09  1.89999317e+00  1.70000683e+00  2.84295724e+00  2.54649107e+00 
 1.24864000e-09  1.89999635e+00  1.70000365e+00  2.84297306e+00  2.54647795e+00 
 1.24914000e-09  1.89999854e+00  1.70000146e+00  2.84298746e+00  2.54646626e+00 
 1.24964000e-09  1.89999974e+00  1.70000026e+00  2.84300043e+00  2.54645598e+00 
 1.25014000e-09  1.89999996e+00  1.70000004e+00  2.84301197e+00  2.54644713e+00 
 1.25064000e-09  1.89999919e+00  1.70000081e+00  2.84302209e+00  2.54643970e+00 
 1.25114000e-09  1.89999743e+00  1.70000257e+00  2.84303078e+00  2.54643369e+00 
 1.25164000e-09  1.89999469e+00  1.70000531e+00  2.84303805e+00  2.54642910e+00 
 1.25214000e-09  1.89999096e+00  1.70000904e+00  2.84304389e+00  2.54642593e+00 
 1.25264000e-09  1.89998624e+00  1.70001376e+00  2.84304830e+00  2.54642419e+00 
 1.25314000e-09  1.89998054e+00  1.70001946e+00  2.84305129e+00  2.54642386e+00 
 1.25364000e-09  1.89997385e+00  1.70002615e+00  2.84305285e+00  2.54642496e+00 
 1.25414000e-09  1.89996617e+00  1.70003383e+00  2.84305298e+00  2.54642748e+00 
 1.25464000e-09  1.89995751e+00  1.70004249e+00  2.84305169e+00  2.54643142e+00 
 1.25514000e-09  1.89994785e+00  1.70005215e+00  2.84304897e+00  2.54643678e+00 
 1.25564000e-09  1.89993722e+00  1.70006278e+00  2.84304483e+00  2.54644357e+00 
 1.25614000e-09  1.89992559e+00  1.70007441e+00  2.84303926e+00  2.54645177e+00 
 1.25664000e-09  1.89991298e+00  1.70008702e+00  2.84303226e+00  2.54646140e+00 
 1.25714000e-09  1.89989939e+00  1.70010061e+00  2.84302384e+00  2.54647245e+00 
 1.25764000e-09  1.89988481e+00  1.70011519e+00  2.84301399e+00  2.54648491e+00 
 1.25814000e-09  1.89986924e+00  1.70013076e+00  2.84300272e+00  2.54649880e+00 
 1.25864000e-09  1.89985268e+00  1.70014732e+00  2.84299001e+00  2.54651411e+00 
 1.25914000e-09  1.89983514e+00  1.70016486e+00  2.84297589e+00  2.54653084e+00 
 1.25964000e-09  1.89981662e+00  1.70018338e+00  2.84296033e+00  2.54654899e+00 
 1.26014000e-09  1.89979711e+00  1.70020289e+00  2.84294335e+00  2.54656857e+00 
 1.26064000e-09  1.89977662e+00  1.70022338e+00  2.84292495e+00  2.54658956e+00 
 1.26114000e-09  1.89975514e+00  1.70024486e+00  2.84290512e+00  2.54661197e+00 
 1.26164000e-09  1.89973267e+00  1.70026733e+00  2.84288386e+00  2.54663580e+00 
 1.26214000e-09  1.89970923e+00  1.70029077e+00  2.84286118e+00  2.54666105e+00 
 1.26264000e-09  1.89968479e+00  1.70031521e+00  2.84283707e+00  2.54668772e+00 
 1.26314000e-09  1.89965938e+00  1.70034062e+00  2.84281154e+00  2.54671580e+00 
 1.26364000e-09  1.89963298e+00  1.70036702e+00  2.84278458e+00  2.54674531e+00 
 1.26414000e-09  1.89960559e+00  1.70039441e+00  2.84275619e+00  2.54677623e+00 
 1.26464000e-09  1.89957723e+00  1.70042277e+00  2.84272639e+00  2.54680858e+00 
 1.26514000e-09  1.89954788e+00  1.70045212e+00  2.84269515e+00  2.54684234e+00 
 1.26564000e-09  1.89951755e+00  1.70048245e+00  2.84266250e+00  2.54687752e+00 
 1.26614000e-09  1.89948623e+00  1.70051377e+00  2.84262841e+00  2.54691411e+00 
 1.26664000e-09  1.89945394e+00  1.70054606e+00  2.84259291e+00  2.54695212e+00 
 1.26714000e-09  1.89942066e+00  1.70057934e+00  2.84255598e+00  2.54699155e+00 
 1.26764000e-09  1.89938640e+00  1.70061360e+00  2.84251762e+00  2.54703240e+00 
 1.26814000e-09  1.89935117e+00  1.70064883e+00  2.84247784e+00  2.54707466e+00 
 1.26864000e-09  1.89931495e+00  1.70068505e+00  2.84243664e+00  2.54711834e+00 
 1.26914000e-09  1.89927775e+00  1.70072225e+00  2.84239402e+00  2.54716343e+00 
 1.26964000e-09  1.89923957e+00  1.70076043e+00  2.84234997e+00  2.54720994e+00 
 1.27014000e-09  1.89920041e+00  1.70079959e+00  2.84230450e+00  2.54725786e+00 
 1.27064000e-09  1.89916027e+00  1.70083973e+00  2.84225761e+00  2.54730719e+00 
 1.27114000e-09  1.89911915e+00  1.70088085e+00  2.84220929e+00  2.54735794e+00 
 1.27164000e-09  1.89907706e+00  1.70092294e+00  2.84215956e+00  2.54741011e+00 
 1.27214000e-09  1.89903398e+00  1.70096602e+00  2.84210840e+00  2.54746368e+00 
 1.27264000e-09  1.89898993e+00  1.70101007e+00  2.84205582e+00  2.54751867e+00 
 1.27314000e-09  1.89894491e+00  1.70105509e+00  2.84200182e+00  2.54757507e+00 
 1.27364000e-09  1.89889890e+00  1.70110110e+00  2.84194640e+00  2.54763288e+00 
 1.27414000e-09  1.89885192e+00  1.70114808e+00  2.84188956e+00  2.54769210e+00 
 1.27464000e-09  1.89880397e+00  1.70119603e+00  2.84183130e+00  2.54775273e+00 
 1.27514000e-09  1.89875504e+00  1.70124496e+00  2.84177162e+00  2.54781478e+00 
 1.27564000e-09  1.89870513e+00  1.70129487e+00  2.84171052e+00  2.54787823e+00 
 1.27614000e-09  1.89865425e+00  1.70134575e+00  2.84164800e+00  2.54794309e+00 
 1.27664000e-09  1.89860240e+00  1.70139760e+00  2.84158406e+00  2.54800936e+00 
 1.27714000e-09  1.89854957e+00  1.70145043e+00  2.84151871e+00  2.54807703e+00 
 1.27764000e-09  1.89849577e+00  1.70150423e+00  2.84145194e+00  2.54814612e+00 
 1.27814000e-09  1.89844100e+00  1.70155900e+00  2.84138375e+00  2.54821661e+00 
 1.27864000e-09  1.89838526e+00  1.70161474e+00  2.84131414e+00  2.54828851e+00 
 1.27914000e-09  1.89832854e+00  1.70167146e+00  2.84124312e+00  2.54836181e+00 
 1.27964000e-09  1.89827086e+00  1.70172914e+00  2.84117068e+00  2.54843652e+00 
 1.28014000e-09  1.89821220e+00  1.70178780e+00  2.84109682e+00  2.54851263e+00 
 1.28064000e-09  1.89815258e+00  1.70184742e+00  2.84102155e+00  2.54859015e+00 
 1.28114000e-09  1.89809199e+00  1.70190801e+00  2.84094487e+00  2.54866907e+00 
 1.28164000e-09  1.89803043e+00  1.70196957e+00  2.84086677e+00  2.54874939e+00 
 1.28214000e-09  1.89796790e+00  1.70203210e+00  2.84078726e+00  2.54883111e+00 
 1.28264000e-09  1.89790441e+00  1.70209559e+00  2.84070633e+00  2.54891424e+00 
 1.28314000e-09  1.89783994e+00  1.70216006e+00  2.84062400e+00  2.54899877e+00 
 1.28364000e-09  1.89777452e+00  1.70222548e+00  2.84054025e+00  2.54908469e+00 
 1.28414000e-09  1.89770813e+00  1.70229187e+00  2.84045509e+00  2.54917202e+00 
 1.28464000e-09  1.89764077e+00  1.70235923e+00  2.84036851e+00  2.54926074e+00 
 1.28514000e-09  1.89757245e+00  1.70242755e+00  2.84028053e+00  2.54935086e+00 
 1.28564000e-09  1.89750317e+00  1.70249683e+00  2.84019114e+00  2.54944238e+00 
 1.28614000e-09  1.89743292e+00  1.70256708e+00  2.84010034e+00  2.54953530e+00 
 1.28664000e-09  1.89736171e+00  1.70263829e+00  2.84000813e+00  2.54962961e+00 
 1.28714000e-09  1.89728955e+00  1.70271045e+00  2.83991451e+00  2.54972532e+00 
 1.28764000e-09  1.89721642e+00  1.70278358e+00  2.83981948e+00  2.54982242e+00 
 1.28814000e-09  1.89714233e+00  1.70285767e+00  2.83972305e+00  2.54992091e+00 
 1.28864000e-09  1.89706729e+00  1.70293271e+00  2.83962521e+00  2.55002080e+00 
 1.28914000e-09  1.89699128e+00  1.70300872e+00  2.83952597e+00  2.55012207e+00 
 1.28964000e-09  1.89691432e+00  1.70308568e+00  2.83942532e+00  2.55022474e+00 
 1.29014000e-09  1.89683640e+00  1.70316360e+00  2.83932326e+00  2.55032880e+00 
 1.29064000e-09  1.89675753e+00  1.70324247e+00  2.83921981e+00  2.55043425e+00 
 1.29114000e-09  1.89667770e+00  1.70332230e+00  2.83911495e+00  2.55054109e+00 
 1.29164000e-09  1.89659692e+00  1.70340308e+00  2.83900868e+00  2.55064932e+00 
 1.29214000e-09  1.89651518e+00  1.70348482e+00  2.83890102e+00  2.55075893e+00 
 1.29264000e-09  1.89643249e+00  1.70356751e+00  2.83879195e+00  2.55086993e+00 
 1.29314000e-09  1.89634885e+00  1.70365115e+00  2.83868149e+00  2.55098231e+00 
 1.29364000e-09  1.89626426e+00  1.70373574e+00  2.83856963e+00  2.55109608e+00 
 1.29414000e-09  1.89617872e+00  1.70382128e+00  2.83845636e+00  2.55121123e+00 
 1.29464000e-09  1.89609223e+00  1.70390777e+00  2.83834170e+00  2.55132776e+00 
 1.29514000e-09  1.89600479e+00  1.70399521e+00  2.83822564e+00  2.55144567e+00 
 1.29564000e-09  1.89591640e+00  1.70408360e+00  2.83810819e+00  2.55156497e+00 
 1.29614000e-09  1.89582707e+00  1.70417293e+00  2.83798934e+00  2.55168564e+00 
 1.29664000e-09  1.89573679e+00  1.70426321e+00  2.83786910e+00  2.55180770e+00 
 1.29714000e-09  1.89564557e+00  1.70435443e+00  2.83774746e+00  2.55193113e+00 
 1.29764000e-09  1.89555340e+00  1.70444660e+00  2.83762443e+00  2.55205594e+00 
 1.29814000e-09  1.89546029e+00  1.70453971e+00  2.83750000e+00  2.55218212e+00 
 1.29864000e-09  1.89536624e+00  1.70463376e+00  2.83737419e+00  2.55230968e+00 
 1.29914000e-09  1.89527124e+00  1.70472876e+00  2.83724698e+00  2.55243861e+00 
 1.29964000e-09  1.89517531e+00  1.70482469e+00  2.83711839e+00  2.55256891e+00 
 1.30014000e-09  1.89507843e+00  1.70492157e+00  2.83698841e+00  2.55270059e+00 
 1.30064000e-09  1.89498062e+00  1.70501938e+00  2.83685703e+00  2.55283364e+00 
 1.30114000e-09  1.89488187e+00  1.70511813e+00  2.83672428e+00  2.55296805e+00 
 1.30164000e-09  1.89478218e+00  1.70521782e+00  2.83659013e+00  2.55310384e+00 
 1.30214000e-09  1.89468156e+00  1.70531844e+00  2.83645460e+00  2.55324099e+00 
 1.30264000e-09  1.89458001e+00  1.70541999e+00  2.83631769e+00  2.55337951e+00 
 1.30314000e-09  1.89447752e+00  1.70552248e+00  2.83617939e+00  2.55351939e+00 
 1.30364000e-09  1.89437409e+00  1.70562591e+00  2.83603972e+00  2.55366064e+00 
 1.30414000e-09  1.89426974e+00  1.70573026e+00  2.83589866e+00  2.55380325e+00 
 1.30464000e-09  1.89416446e+00  1.70583554e+00  2.83575622e+00  2.55394722e+00 
 1.30514000e-09  1.89405824e+00  1.70594176e+00  2.83561240e+00  2.55409256e+00 
 1.30564000e-09  1.89395110e+00  1.70604890e+00  2.83546720e+00  2.55423925e+00 
 1.30614000e-09  1.89384303e+00  1.70615697e+00  2.83532063e+00  2.55438730e+00 
 1.30664000e-09  1.89373404e+00  1.70626596e+00  2.83517268e+00  2.55453671e+00 
 1.30714000e-09  1.89362412e+00  1.70637588e+00  2.83502335e+00  2.55468747e+00 
 1.30764000e-09  1.89351327e+00  1.70648673e+00  2.83487265e+00  2.55483959e+00 
 1.30814000e-09  1.89340151e+00  1.70659849e+00  2.83472058e+00  2.55499307e+00 
 1.30864000e-09  1.89328882e+00  1.70671118e+00  2.83456714e+00  2.55514789e+00 
 1.30914000e-09  1.89317521e+00  1.70682479e+00  2.83441232e+00  2.55530407e+00 
 1.30964000e-09  1.89306068e+00  1.70693932e+00  2.83425614e+00  2.55546160e+00 
 1.31014000e-09  1.89294523e+00  1.70705477e+00  2.83409859e+00  2.55562047e+00 
 1.31064000e-09  1.89282887e+00  1.70717113e+00  2.83393967e+00  2.55578069e+00 
 1.31114000e-09  1.89271158e+00  1.70728842e+00  2.83377938e+00  2.55594226e+00 
 1.31164000e-09  1.89259339e+00  1.70740661e+00  2.83361773e+00  2.55610518e+00 
 1.31214000e-09  1.89247428e+00  1.70752572e+00  2.83345472e+00  2.55626943e+00 
 1.31264000e-09  1.89235425e+00  1.70764575e+00  2.83329034e+00  2.55643503e+00 
 1.31314000e-09  1.89223332e+00  1.70776668e+00  2.83312460e+00  2.55660197e+00 
 1.31364000e-09  1.89211148e+00  1.70788852e+00  2.83295750e+00  2.55677025e+00 
 1.31414000e-09  1.89198872e+00  1.70801128e+00  2.83278905e+00  2.55693987e+00 
 1.31464000e-09  1.89186506e+00  1.70813494e+00  2.83261923e+00  2.55711082e+00 
 1.31514000e-09  1.89174049e+00  1.70825951e+00  2.83244806e+00  2.55728311e+00 
 1.31564000e-09  1.89161502e+00  1.70838498e+00  2.83227553e+00  2.55745674e+00 
 1.31614000e-09  1.89148864e+00  1.70851136e+00  2.83210165e+00  2.55763169e+00 
 1.31664000e-09  1.89136136e+00  1.70863864e+00  2.83192642e+00  2.55780798e+00 
 1.31714000e-09  1.89123318e+00  1.70876682e+00  2.83174984e+00  2.55798560e+00 
 1.31764000e-09  1.89110409e+00  1.70889591e+00  2.83157190e+00  2.55816454e+00 
 1.31814000e-09  1.89097411e+00  1.70902589e+00  2.83139262e+00  2.55834482e+00 
 1.31864000e-09  1.89084323e+00  1.70915677e+00  2.83121199e+00  2.55852642e+00 
 1.31914000e-09  1.89071145e+00  1.70928855e+00  2.83103002e+00  2.55870934e+00 
 1.31964000e-09  1.89057878e+00  1.70942122e+00  2.83084670e+00  2.55889358e+00 
 1.32014000e-09  1.89044522e+00  1.70955478e+00  2.83066203e+00  2.55907915e+00 
 1.32064000e-09  1.89031076e+00  1.70968924e+00  2.83047603e+00  2.55926604e+00 
 1.32114000e-09  1.89017541e+00  1.70982459e+00  2.83028868e+00  2.55945424e+00 
 1.32164000e-09  1.89003917e+00  1.70996083e+00  2.83010000e+00  2.55964376e+00 
 1.32214000e-09  1.88990204e+00  1.71009796e+00  2.82990998e+00  2.55983459e+00 
 1.32264000e-09  1.88976402e+00  1.71023598e+00  2.82971862e+00  2.56002674e+00 
 1.32314000e-09  1.88962512e+00  1.71037488e+00  2.82952593e+00  2.56022020e+00 
 1.32364000e-09  1.88948534e+00  1.71051466e+00  2.82933191e+00  2.56041497e+00 
 1.32414000e-09  1.88934467e+00  1.71065533e+00  2.82913655e+00  2.56061105e+00 
 1.32464000e-09  1.88920311e+00  1.71079689e+00  2.82893986e+00  2.56080844e+00 
 1.32514000e-09  1.88906068e+00  1.71093932e+00  2.82874185e+00  2.56100713e+00 
 1.32564000e-09  1.88891737e+00  1.71108263e+00  2.82854251e+00  2.56120713e+00 
 1.32614000e-09  1.88877318e+00  1.71122682e+00  2.82834184e+00  2.56140843e+00 
 1.32664000e-09  1.88862812e+00  1.71137188e+00  2.82813985e+00  2.56161103e+00 
 1.32714000e-09  1.88848218e+00  1.71151782e+00  2.82793654e+00  2.56181492e+00 
 1.32764000e-09  1.88833537e+00  1.71166463e+00  2.82773190e+00  2.56202012e+00 
 1.32814000e-09  1.88818768e+00  1.71181232e+00  2.82752595e+00  2.56222661e+00 
 1.32864000e-09  1.88803913e+00  1.71196087e+00  2.82731868e+00  2.56243439e+00 
 1.32914000e-09  1.88788970e+00  1.71211030e+00  2.82711010e+00  2.56264347e+00 
 1.32964000e-09  1.88773941e+00  1.71226059e+00  2.82690020e+00  2.56285384e+00 
 1.33014000e-09  1.88758826e+00  1.71241174e+00  2.82668898e+00  2.56306549e+00 
 1.33064000e-09  1.88743624e+00  1.71256376e+00  2.82647646e+00  2.56327844e+00 
 1.33114000e-09  1.88728335e+00  1.71271665e+00  2.82626263e+00  2.56349266e+00 
 1.33164000e-09  1.88712961e+00  1.71287039e+00  2.82604749e+00  2.56370818e+00 
 1.33214000e-09  1.88697500e+00  1.71302500e+00  2.82583104e+00  2.56392497e+00 
 1.33264000e-09  1.88681954e+00  1.71318046e+00  2.82561329e+00  2.56414304e+00 
 1.33314000e-09  1.88666321e+00  1.71333679e+00  2.82539424e+00  2.56436239e+00 
 1.33364000e-09  1.88650604e+00  1.71349396e+00  2.82517389e+00  2.56458302e+00 
 1.33414000e-09  1.88634801e+00  1.71365199e+00  2.82495224e+00  2.56480492e+00 
 1.33464000e-09  1.88618912e+00  1.71381088e+00  2.82472929e+00  2.56502810e+00 
 1.33514000e-09  1.88602939e+00  1.71397061e+00  2.82450505e+00  2.56525254e+00 
 1.33564000e-09  1.88586881e+00  1.71413119e+00  2.82427951e+00  2.56547826e+00 
 1.33614000e-09  1.88570738e+00  1.71429262e+00  2.82405269e+00  2.56570524e+00 
 1.33664000e-09  1.88554510e+00  1.71445490e+00  2.82382457e+00  2.56593348e+00 
 1.33714000e-09  1.88538198e+00  1.71461802e+00  2.82359516e+00  2.56616299e+00 
 1.33764000e-09  1.88521802e+00  1.71478198e+00  2.82336447e+00  2.56639376e+00 
 1.33814000e-09  1.88505322e+00  1.71494678e+00  2.82313250e+00  2.56662579e+00 
 1.33864000e-09  1.88488758e+00  1.71511242e+00  2.82289924e+00  2.56685908e+00 
 1.33914000e-09  1.88472109e+00  1.71527891e+00  2.82266470e+00  2.56709362e+00 
 1.33964000e-09  1.88455378e+00  1.71544622e+00  2.82242889e+00  2.56732942e+00 
 1.34014000e-09  1.88438563e+00  1.71561437e+00  2.82219180e+00  2.56756646e+00 
 1.34064000e-09  1.88421664e+00  1.71578336e+00  2.82195343e+00  2.56780476e+00 
 1.34114000e-09  1.88404683e+00  1.71595317e+00  2.82171379e+00  2.56804430e+00 
 1.34164000e-09  1.88387618e+00  1.71612382e+00  2.82147288e+00  2.56828509e+00 
 1.34214000e-09  1.88370471e+00  1.71629529e+00  2.82123070e+00  2.56852713e+00 
 1.34264000e-09  1.88353241e+00  1.71646759e+00  2.82098726e+00  2.56877040e+00 
 1.34314000e-09  1.88335929e+00  1.71664071e+00  2.82074255e+00  2.56901492e+00 
 1.34364000e-09  1.88318534e+00  1.71681466e+00  2.82049658e+00  2.56926067e+00 
 1.34414000e-09  1.88301057e+00  1.71698943e+00  2.82024935e+00  2.56950765e+00 
 1.34464000e-09  1.88283499e+00  1.71716501e+00  2.82000086e+00  2.56975587e+00 
 1.34514000e-09  1.88265858e+00  1.71734142e+00  2.81975112e+00  2.57000532e+00 
 1.34564000e-09  1.88248136e+00  1.71751864e+00  2.81950012e+00  2.57025600e+00 
 1.34614000e-09  1.88230333e+00  1.71769667e+00  2.81924786e+00  2.57050791e+00 
 1.34664000e-09  1.88212448e+00  1.71787552e+00  2.81899436e+00  2.57076104e+00 
 1.34714000e-09  1.88194483e+00  1.71805517e+00  2.81873961e+00  2.57101539e+00 
 1.34764000e-09  1.88176436e+00  1.71823564e+00  2.81848362e+00  2.57127096e+00 
 1.34814000e-09  1.88158309e+00  1.71841691e+00  2.81822638e+00  2.57152775e+00 
 1.34864000e-09  1.88140101e+00  1.71859899e+00  2.81796790e+00  2.57178576e+00 
 1.34914000e-09  1.88121813e+00  1.71878187e+00  2.81770818e+00  2.57204498e+00 
 1.34964000e-09  1.88103445e+00  1.71896555e+00  2.81744723e+00  2.57230541e+00 
 1.35014000e-09  1.88084996e+00  1.71915004e+00  2.81718504e+00  2.57256705e+00 
 1.35064000e-09  1.88066468e+00  1.71933532e+00  2.81692162e+00  2.57282990e+00 
 1.35114000e-09  1.88047861e+00  1.71952139e+00  2.81665696e+00  2.57309395e+00 
 1.35164000e-09  1.88029174e+00  1.71970826e+00  2.81639108e+00  2.57335920e+00 
 1.35214000e-09  1.88010407e+00  1.71989593e+00  2.81612398e+00  2.57362566e+00 
 1.35264000e-09  1.87991562e+00  1.72008438e+00  2.81585565e+00  2.57389331e+00 
 1.35314000e-09  1.87972638e+00  1.72027362e+00  2.81558610e+00  2.57416216e+00 
 1.35364000e-09  1.87953635e+00  1.72046365e+00  2.81531533e+00  2.57443220e+00 
 1.35414000e-09  1.87934553e+00  1.72065447e+00  2.81504335e+00  2.57470343e+00 
 1.35464000e-09  1.87915394e+00  1.72084606e+00  2.81477015e+00  2.57497585e+00 
 1.35514000e-09  1.87896156e+00  1.72103844e+00  2.81449574e+00  2.57524945e+00 
 1.35564000e-09  1.87876840e+00  1.72123160e+00  2.81422012e+00  2.57552424e+00 
 1.35614000e-09  1.87857446e+00  1.72142554e+00  2.81394330e+00  2.57580021e+00 
 1.35664000e-09  1.87837975e+00  1.72162025e+00  2.81366527e+00  2.57607736e+00 
 1.35714000e-09  1.87818427e+00  1.72181573e+00  2.81338604e+00  2.57635569e+00 
 1.35764000e-09  1.87798801e+00  1.72201199e+00  2.81310560e+00  2.57663519e+00 
 1.35814000e-09  1.87779099e+00  1.72220901e+00  2.81282398e+00  2.57691586e+00 
 1.35864000e-09  1.87759319e+00  1.72240681e+00  2.81254115e+00  2.57719770e+00 
 1.35914000e-09  1.87739463e+00  1.72260537e+00  2.81225714e+00  2.57748071e+00 
 1.35964000e-09  1.87719531e+00  1.72280469e+00  2.81197194e+00  2.57776488e+00 
 1.36014000e-09  1.87699522e+00  1.72300478e+00  2.81168555e+00  2.57805021e+00 
 1.36064000e-09  1.87679438e+00  1.72320562e+00  2.81139797e+00  2.57833671e+00 
 1.36114000e-09  1.87659278e+00  1.72340722e+00  2.81110921e+00  2.57862436e+00 
 1.36164000e-09  1.87639042e+00  1.72360958e+00  2.81081928e+00  2.57891316e+00 
 1.36214000e-09  1.87618730e+00  1.72381270e+00  2.81052816e+00  2.57920311e+00 
 1.36264000e-09  1.87598344e+00  1.72401656e+00  2.81023587e+00  2.57949422e+00 
 1.36314000e-09  1.87577882e+00  1.72422118e+00  2.80994242e+00  2.57978647e+00 
 1.36364000e-09  1.87557346e+00  1.72442654e+00  2.80964779e+00  2.58007986e+00 
 1.36414000e-09  1.87536735e+00  1.72463265e+00  2.80935199e+00  2.58037439e+00 
 1.36464000e-09  1.87516050e+00  1.72483950e+00  2.80905504e+00  2.58067007e+00 
 1.36514000e-09  1.87495291e+00  1.72504709e+00  2.80875692e+00  2.58096688e+00 
 1.36564000e-09  1.87474457e+00  1.72525543e+00  2.80845764e+00  2.58126482e+00 
 1.36614000e-09  1.87453550e+00  1.72546450e+00  2.80815721e+00  2.58156389e+00 
 1.36664000e-09  1.87432569e+00  1.72567431e+00  2.80785562e+00  2.58186409e+00 
 1.36714000e-09  1.87411515e+00  1.72588485e+00  2.80755288e+00  2.58216542e+00 
 1.36764000e-09  1.87390388e+00  1.72609612e+00  2.80724900e+00  2.58246787e+00 
 1.36814000e-09  1.87369188e+00  1.72630812e+00  2.80694397e+00  2.58277144e+00 
 1.36864000e-09  1.87347915e+00  1.72652085e+00  2.80663780e+00  2.58307613e+00 
 1.36914000e-09  1.87326569e+00  1.72673431e+00  2.80633049e+00  2.58338193e+00 
 1.36964000e-09  1.87305152e+00  1.72694848e+00  2.80602204e+00  2.58368884e+00 
 1.37014000e-09  1.87283662e+00  1.72716338e+00  2.80571246e+00  2.58399686e+00 
 1.37064000e-09  1.87262100e+00  1.72737900e+00  2.80540175e+00  2.58430599e+00 
 1.37114000e-09  1.87240467e+00  1.72759533e+00  2.80508991e+00  2.58461622e+00 
 1.37164000e-09  1.87218762e+00  1.72781238e+00  2.80477695e+00  2.58492755e+00 
 1.37214000e-09  1.87196986e+00  1.72803014e+00  2.80446286e+00  2.58523998e+00 
 1.37264000e-09  1.87175139e+00  1.72824861e+00  2.80414766e+00  2.58555350e+00 
 1.37314000e-09  1.87153221e+00  1.72846779e+00  2.80383133e+00  2.58586812e+00 
 1.37364000e-09  1.87131232e+00  1.72868768e+00  2.80351390e+00  2.58618383e+00 
 1.37414000e-09  1.87109173e+00  1.72890827e+00  2.80319535e+00  2.58650062e+00 
 1.37464000e-09  1.87087044e+00  1.72912956e+00  2.80287570e+00  2.58681850e+00 
 1.37514000e-09  1.87064845e+00  1.72935155e+00  2.80255494e+00  2.58713745e+00 
 1.37564000e-09  1.87042576e+00  1.72957424e+00  2.80223308e+00  2.58745749e+00 
 1.37614000e-09  1.87020238e+00  1.72979762e+00  2.80191012e+00  2.58777860e+00 
 1.37664000e-09  1.86997830e+00  1.73002170e+00  2.80158606e+00  2.58810078e+00 
 1.37714000e-09  1.86975354e+00  1.73024646e+00  2.80126091e+00  2.58842403e+00 
 1.37764000e-09  1.86952808e+00  1.73047192e+00  2.80093468e+00  2.58874834e+00 
 1.37814000e-09  1.86930194e+00  1.73069806e+00  2.80060735e+00  2.58907372e+00 
 1.37864000e-09  1.86907512e+00  1.73092488e+00  2.80027894e+00  2.58940016e+00 
 1.37914000e-09  1.86884761e+00  1.73115239e+00  2.79994945e+00  2.58972766e+00 
 1.37964000e-09  1.86861942e+00  1.73138058e+00  2.79961888e+00  2.59005621e+00 
 1.38014000e-09  1.86839056e+00  1.73160944e+00  2.79928724e+00  2.59038581e+00 
 1.38064000e-09  1.86816102e+00  1.73183898e+00  2.79895453e+00  2.59071646e+00 
 1.38114000e-09  1.86793081e+00  1.73206919e+00  2.79862074e+00  2.59104816e+00 
 1.38164000e-09  1.86769993e+00  1.73230007e+00  2.79828590e+00  2.59138089e+00 
 1.38214000e-09  1.86746838e+00  1.73253162e+00  2.79794999e+00  2.59171467e+00 
 1.38264000e-09  1.86723616e+00  1.73276384e+00  2.79761302e+00  2.59204948e+00 
 1.38314000e-09  1.86700328e+00  1.73299672e+00  2.79727500e+00  2.59238533e+00 
 1.38364000e-09  1.86676974e+00  1.73323026e+00  2.79693592e+00  2.59272220e+00 
 1.38414000e-09  1.86653554e+00  1.73346446e+00  2.79659579e+00  2.59306010e+00 
 1.38464000e-09  1.86630069e+00  1.73369931e+00  2.79625462e+00  2.59339902e+00 
 1.38514000e-09  1.86606518e+00  1.73393482e+00  2.79591240e+00  2.59373897e+00 
 1.38564000e-09  1.86582902e+00  1.73417098e+00  2.79556915e+00  2.59407993e+00 
 1.38614000e-09  1.86559220e+00  1.73440780e+00  2.79522486e+00  2.59442190e+00 
 1.38664000e-09  1.86535474e+00  1.73464526e+00  2.79487953e+00  2.59476489e+00 
 1.38714000e-09  1.86511664e+00  1.73488336e+00  2.79453318e+00  2.59510888e+00 
 1.38764000e-09  1.86487789e+00  1.73512211e+00  2.79418580e+00  2.59545388e+00 
 1.38814000e-09  1.86463850e+00  1.73536150e+00  2.79383739e+00  2.59579988e+00 
 1.38864000e-09  1.86439848e+00  1.73560152e+00  2.79348797e+00  2.59614688e+00 
 1.38914000e-09  1.86415782e+00  1.73584218e+00  2.79313753e+00  2.59649487e+00 
 1.38964000e-09  1.86391652e+00  1.73608348e+00  2.79278607e+00  2.59684385e+00 
 1.39014000e-09  1.86367460e+00  1.73632540e+00  2.79243361e+00  2.59719382e+00 
 1.39064000e-09  1.86343204e+00  1.73656796e+00  2.79208013e+00  2.59754478e+00 
 1.39114000e-09  1.86318886e+00  1.73681114e+00  2.79172566e+00  2.59789672e+00 
 1.39164000e-09  1.86294506e+00  1.73705494e+00  2.79137018e+00  2.59824963e+00 
 1.39214000e-09  1.86270063e+00  1.73729937e+00  2.79101371e+00  2.59860353e+00 
 1.39264000e-09  1.86245559e+00  1.73754441e+00  2.79065625e+00  2.59895839e+00 
 1.39314000e-09  1.86220993e+00  1.73779007e+00  2.79029780e+00  2.59931422e+00 
 1.39364000e-09  1.86196366e+00  1.73803634e+00  2.78993836e+00  2.59967102e+00 
 1.39414000e-09  1.86171677e+00  1.73828323e+00  2.78957793e+00  2.60002877e+00 
 1.39464000e-09  1.86146928e+00  1.73853072e+00  2.78921653e+00  2.60038749e+00 
 1.39514000e-09  1.86122118e+00  1.73877882e+00  2.78885415e+00  2.60074716e+00 
 1.39564000e-09  1.86097247e+00  1.73902753e+00  2.78849080e+00  2.60110778e+00 
 1.39614000e-09  1.86072316e+00  1.73927684e+00  2.78812649e+00  2.60146935e+00 
 1.39664000e-09  1.86047326e+00  1.73952674e+00  2.78776120e+00  2.60183187e+00 
 1.39714000e-09  1.86022275e+00  1.73977725e+00  2.78739496e+00  2.60219532e+00 
 1.39764000e-09  1.85997166e+00  1.74002834e+00  2.78702776e+00  2.60255971e+00 
 1.39814000e-09  1.85971997e+00  1.74028003e+00  2.78665960e+00  2.60292504e+00 
 1.39864000e-09  1.85946769e+00  1.74053231e+00  2.78629049e+00  2.60329130e+00 
 1.39914000e-09  1.85921482e+00  1.74078518e+00  2.78592043e+00  2.60365849e+00 
 1.39964000e-09  1.85896137e+00  1.74103863e+00  2.78554943e+00  2.60402659e+00 
 1.40014000e-09  1.85870734e+00  1.74129266e+00  2.78517750e+00  2.60439562e+00 
 1.40064000e-09  1.85845273e+00  1.74154727e+00  2.78480462e+00  2.60476557e+00 
 1.40114000e-09  1.85819754e+00  1.74180246e+00  2.78443081e+00  2.60513643e+00 
 1.40164000e-09  1.85794177e+00  1.74205823e+00  2.78405607e+00  2.60550820e+00 
 1.40214000e-09  1.85768544e+00  1.74231456e+00  2.78368041e+00  2.60588088e+00 
 1.40264000e-09  1.85742853e+00  1.74257147e+00  2.78330382e+00  2.60625445e+00 
 1.40314000e-09  1.85717106e+00  1.74282894e+00  2.78292632e+00  2.60662893e+00 
 1.40364000e-09  1.85691303e+00  1.74308697e+00  2.78254790e+00  2.60700430e+00 
 1.40414000e-09  1.85665443e+00  1.74334557e+00  2.78216858e+00  2.60738057e+00 
 1.40464000e-09  1.85639528e+00  1.74360472e+00  2.78178834e+00  2.60775772e+00 
 1.40514000e-09  1.85613556e+00  1.74386444e+00  2.78140720e+00  2.60813575e+00 
 1.40564000e-09  1.85587530e+00  1.74412470e+00  2.78102516e+00  2.60851467e+00 
 1.40614000e-09  1.85561448e+00  1.74438552e+00  2.78064223e+00  2.60889447e+00 
 1.40664000e-09  1.85535311e+00  1.74464689e+00  2.78025840e+00  2.60927514e+00 
 1.40714000e-09  1.85509120e+00  1.74490880e+00  2.77987369e+00  2.60965667e+00 
 1.40764000e-09  1.85482874e+00  1.74517126e+00  2.77948809e+00  2.61003908e+00 
 1.40814000e-09  1.85456574e+00  1.74543426e+00  2.77910161e+00  2.61042235e+00 
 1.40864000e-09  1.85430220e+00  1.74569780e+00  2.77871426e+00  2.61080647e+00 
 1.40914000e-09  1.85403813e+00  1.74596187e+00  2.77832603e+00  2.61119145e+00 
 1.40964000e-09  1.85377352e+00  1.74622648e+00  2.77793693e+00  2.61157729e+00 
 1.41014000e-09  1.85350839e+00  1.74649161e+00  2.77754697e+00  2.61196397e+00 
 1.41064000e-09  1.85324272e+00  1.74675728e+00  2.77715615e+00  2.61235149e+00 
 1.41114000e-09  1.85297653e+00  1.74702347e+00  2.77676447e+00  2.61273985e+00 
 1.41164000e-09  1.85270982e+00  1.74729018e+00  2.77637193e+00  2.61312905e+00 
 1.41214000e-09  1.85244259e+00  1.74755741e+00  2.77597855e+00  2.61351909e+00 
 1.41264000e-09  1.85217483e+00  1.74782517e+00  2.77558432e+00  2.61390995e+00 
 1.41314000e-09  1.85190657e+00  1.74809343e+00  2.77518925e+00  2.61430164e+00 
 1.41364000e-09  1.85163779e+00  1.74836221e+00  2.77479334e+00  2.61469414e+00 
 1.41414000e-09  1.85136850e+00  1.74863150e+00  2.77439659e+00  2.61508747e+00 
 1.41464000e-09  1.85109871e+00  1.74890129e+00  2.77399902e+00  2.61548161e+00 
 1.41514000e-09  1.85082841e+00  1.74917159e+00  2.77360062e+00  2.61587656e+00 
 1.41564000e-09  1.85055761e+00  1.74944239e+00  2.77320140e+00  2.61627231e+00 
 1.41614000e-09  1.85028631e+00  1.74971369e+00  2.77280136e+00  2.61666887e+00 
 1.41664000e-09  1.85001451e+00  1.74998549e+00  2.77240051e+00  2.61706622e+00 
 1.41714000e-09  1.84974222e+00  1.75025778e+00  2.77199885e+00  2.61746437e+00 
 1.41764000e-09  1.84946944e+00  1.75053056e+00  2.77159638e+00  2.61786331e+00 
 1.41814000e-09  1.84919617e+00  1.75080383e+00  2.77119311e+00  2.61826304e+00 
 1.41864000e-09  1.84892242e+00  1.75107758e+00  2.77078904e+00  2.61866354e+00 
 1.41914000e-09  1.84864818e+00  1.75135182e+00  2.77038418e+00  2.61906483e+00 
 1.41964000e-09  1.84837346e+00  1.75162654e+00  2.76997853e+00  2.61946689e+00 
 1.42014000e-09  1.84809826e+00  1.75190174e+00  2.76957209e+00  2.61986972e+00 
 1.42064000e-09  1.84782260e+00  1.75217740e+00  2.76916488e+00  2.62027332e+00 
 1.42114000e-09  1.84754645e+00  1.75245355e+00  2.76875688e+00  2.62067768e+00 
 1.42164000e-09  1.84726984e+00  1.75273016e+00  2.76834811e+00  2.62108280e+00 
 1.42214000e-09  1.84699276e+00  1.75300724e+00  2.76793857e+00  2.62148867e+00 
 1.42264000e-09  1.84671522e+00  1.75328478e+00  2.76752827e+00  2.62189530e+00 
 1.42314000e-09  1.84643722e+00  1.75356278e+00  2.76711721e+00  2.62230267e+00 
 1.42364000e-09  1.84615876e+00  1.75384124e+00  2.76670539e+00  2.62271078e+00 
 1.42414000e-09  1.84587984e+00  1.75412016e+00  2.76629282e+00  2.62311964e+00 
 1.42464000e-09  1.84560047e+00  1.75439953e+00  2.76587950e+00  2.62352922e+00 
 1.42514000e-09  1.84532066e+00  1.75467934e+00  2.76546543e+00  2.62393954e+00 
 1.42564000e-09  1.84504039e+00  1.75495961e+00  2.76505063e+00  2.62435059e+00 
 1.42614000e-09  1.84475968e+00  1.75524032e+00  2.76463509e+00  2.62476235e+00 
 1.42664000e-09  1.84447853e+00  1.75552147e+00  2.76421881e+00  2.62517484e+00 
 1.42714000e-09  1.84419693e+00  1.75580307e+00  2.76380182e+00  2.62558804e+00 
 1.42764000e-09  1.84391491e+00  1.75608509e+00  2.76338409e+00  2.62600194e+00 
 1.42814000e-09  1.84363244e+00  1.75636756e+00  2.76296565e+00  2.62641656e+00 
 1.42864000e-09  1.84334955e+00  1.75665045e+00  2.76254650e+00  2.62683188e+00 
 1.42914000e-09  1.84306623e+00  1.75693377e+00  2.76212663e+00  2.62724789e+00 
 1.42964000e-09  1.84278249e+00  1.75721751e+00  2.76170606e+00  2.62766460e+00 
 1.43014000e-09  1.84249832e+00  1.75750168e+00  2.76128479e+00  2.62808200e+00 
 1.43064000e-09  1.84221373e+00  1.75778627e+00  2.76086282e+00  2.62850008e+00 
 1.43114000e-09  1.84192873e+00  1.75807127e+00  2.76044016e+00  2.62891884e+00 
 1.43164000e-09  1.84164331e+00  1.75835669e+00  2.76001680e+00  2.62933829e+00 
 1.43214000e-09  1.84135748e+00  1.75864252e+00  2.75959277e+00  2.62975840e+00 
 1.43264000e-09  1.84107125e+00  1.75892875e+00  2.75916805e+00  2.63017918e+00 
 1.43314000e-09  1.84078461e+00  1.75921539e+00  2.75874266e+00  2.63060063e+00 
 1.43364000e-09  1.84049756e+00  1.75950244e+00  2.75831660e+00  2.63102274e+00 
 1.43414000e-09  1.84021012e+00  1.75978988e+00  2.75788987e+00  2.63144550e+00 
 1.43464000e-09  1.83992228e+00  1.76007772e+00  2.75746248e+00  2.63186891e+00 
 1.43514000e-09  1.83963404e+00  1.76036596e+00  2.75703442e+00  2.63229297e+00 
 1.43564000e-09  1.83934542e+00  1.76065458e+00  2.75660572e+00  2.63271768e+00 
 1.43614000e-09  1.83905640e+00  1.76094360e+00  2.75617637e+00  2.63314302e+00 
 1.43664000e-09  1.83876700e+00  1.76123300e+00  2.75574637e+00  2.63356900e+00 
 1.43714000e-09  1.83847722e+00  1.76152278e+00  2.75531573e+00  2.63399561e+00 
 1.43764000e-09  1.83818706e+00  1.76181294e+00  2.75488445e+00  2.63442285e+00 
 1.43814000e-09  1.83789652e+00  1.76210348e+00  2.75445254e+00  2.63485070e+00 
 1.43864000e-09  1.83760561e+00  1.76239439e+00  2.75402001e+00  2.63527918e+00 
 1.43914000e-09  1.83731432e+00  1.76268568e+00  2.75358685e+00  2.63570827e+00 
 1.43964000e-09  1.83702267e+00  1.76297733e+00  2.75315308e+00  2.63613796e+00 
 1.44014000e-09  1.83673065e+00  1.76326935e+00  2.75271869e+00  2.63656826e+00 
 1.44064000e-09  1.83643827e+00  1.76356173e+00  2.75228369e+00  2.63699917e+00 
 1.44114000e-09  1.83614553e+00  1.76385447e+00  2.75184809e+00  2.63743066e+00 
 1.44164000e-09  1.83585244e+00  1.76414756e+00  2.75141188e+00  2.63786275e+00 
 1.44214000e-09  1.83555899e+00  1.76444101e+00  2.75097508e+00  2.63829543e+00 
 1.44264000e-09  1.83526518e+00  1.76473482e+00  2.75053769e+00  2.63872869e+00 
 1.44314000e-09  1.83497104e+00  1.76502896e+00  2.75009971e+00  2.63916253e+00 
 1.44364000e-09  1.83467654e+00  1.76532346e+00  2.74966115e+00  2.63959694e+00 
 1.44414000e-09  1.83438170e+00  1.76561830e+00  2.74922202e+00  2.64003192e+00 
 1.44464000e-09  1.83408653e+00  1.76591347e+00  2.74878231e+00  2.64046747e+00 
 1.44514000e-09  1.83379101e+00  1.76620899e+00  2.74834203e+00  2.64090357e+00 
 1.44564000e-09  1.83349517e+00  1.76650483e+00  2.74790118e+00  2.64134024e+00 
 1.44614000e-09  1.83319899e+00  1.76680101e+00  2.74745978e+00  2.64177745e+00 
 1.44664000e-09  1.83290249e+00  1.76709751e+00  2.74701782e+00  2.64221522e+00 
 1.44714000e-09  1.83260566e+00  1.76739434e+00  2.74657531e+00  2.64265353e+00 
 1.44764000e-09  1.83230851e+00  1.76769149e+00  2.74613226e+00  2.64309237e+00 
 1.44814000e-09  1.83201104e+00  1.76798896e+00  2.74568867e+00  2.64353175e+00 
 1.44864000e-09  1.83171325e+00  1.76828675e+00  2.74524453e+00  2.64397166e+00 
 1.44914000e-09  1.83141515e+00  1.76858485e+00  2.74479987e+00  2.64441210e+00 
 1.44964000e-09  1.83111674e+00  1.76888326e+00  2.74435468e+00  2.64485305e+00 
 1.45014000e-09  1.83081803e+00  1.76918197e+00  2.74390897e+00  2.64529453e+00 
 1.45064000e-09  1.83051901e+00  1.76948099e+00  2.74346274e+00  2.64573651e+00 
 1.45114000e-09  1.83021969e+00  1.76978031e+00  2.74301599e+00  2.64617901e+00 
 1.45164000e-09  1.82992007e+00  1.77007993e+00  2.74256874e+00  2.64662200e+00 
 1.45214000e-09  1.82962015e+00  1.77037985e+00  2.74212098e+00  2.64706550e+00 
 1.45264000e-09  1.82931995e+00  1.77068005e+00  2.74167273e+00  2.64750948e+00 
 1.45314000e-09  1.82901945e+00  1.77098055e+00  2.74122398e+00  2.64795396e+00 
 1.45364000e-09  1.82871867e+00  1.77128133e+00  2.74077474e+00  2.64839893e+00 
 1.45414000e-09  1.82841760e+00  1.77158240e+00  2.74032501e+00  2.64884437e+00 
 1.45464000e-09  1.82811625e+00  1.77188375e+00  2.73987481e+00  2.64929029e+00 
 1.45514000e-09  1.82781463e+00  1.77218537e+00  2.73942412e+00  2.64973668e+00 
 1.45564000e-09  1.82751273e+00  1.77248727e+00  2.73897297e+00  2.65018354e+00 
 1.45614000e-09  1.82721056e+00  1.77278944e+00  2.73852135e+00  2.65063086e+00 
 1.45664000e-09  1.82690812e+00  1.77309188e+00  2.73806927e+00  2.65107864e+00 
 1.45714000e-09  1.82660542e+00  1.77339458e+00  2.73761673e+00  2.65152687e+00 
 1.45764000e-09  1.82630245e+00  1.77369755e+00  2.73716375e+00  2.65197555e+00 
 1.45814000e-09  1.82599922e+00  1.77400078e+00  2.73671031e+00  2.65242467e+00 
 1.45864000e-09  1.82569574e+00  1.77430426e+00  2.73625643e+00  2.65287423e+00 
 1.45914000e-09  1.82539200e+00  1.77460800e+00  2.73580211e+00  2.65332423e+00 
 1.45964000e-09  1.82508801e+00  1.77491199e+00  2.73534736e+00  2.65377466e+00 
 1.46014000e-09  1.82478378e+00  1.77521622e+00  2.73489218e+00  2.65422552e+00 
 1.46064000e-09  1.82447930e+00  1.77552070e+00  2.73443658e+00  2.65467679e+00 
 1.46114000e-09  1.82417458e+00  1.77582542e+00  2.73398056e+00  2.65512848e+00 
 1.46164000e-09  1.82386962e+00  1.77613038e+00  2.73352413e+00  2.65558059e+00 
 1.46214000e-09  1.82356442e+00  1.77643558e+00  2.73306729e+00  2.65603310e+00 
 1.46264000e-09  1.82325899e+00  1.77674101e+00  2.73261004e+00  2.65648601e+00 
 1.46314000e-09  1.82295334e+00  1.77704666e+00  2.73215239e+00  2.65693933e+00 
 1.46364000e-09  1.82264745e+00  1.77735255e+00  2.73169435e+00  2.65739303e+00 
 1.46414000e-09  1.82234134e+00  1.77765866e+00  2.73123592e+00  2.65784713e+00 
 1.46464000e-09  1.82203502e+00  1.77796498e+00  2.73077710e+00  2.65830161e+00 
 1.46514000e-09  1.82172847e+00  1.77827153e+00  2.73031791e+00  2.65875646e+00 
 1.46564000e-09  1.82142171e+00  1.77857829e+00  2.72985834e+00  2.65921170e+00 
 1.46614000e-09  1.82111474e+00  1.77888526e+00  2.72939840e+00  2.65966730e+00 
 1.46664000e-09  1.82080756e+00  1.77919244e+00  2.72893809e+00  2.66012327e+00 
 1.46714000e-09  1.82050017e+00  1.77949983e+00  2.72847742e+00  2.66057960e+00 
 1.46764000e-09  1.82019258e+00  1.77980742e+00  2.72801640e+00  2.66103629e+00 
 1.46814000e-09  1.81988480e+00  1.78011520e+00  2.72755503e+00  2.66149333e+00 
 1.46864000e-09  1.81957681e+00  1.78042319e+00  2.72709331e+00  2.66195071e+00 
 1.46914000e-09  1.81926864e+00  1.78073136e+00  2.72663125e+00  2.66240844e+00 
 1.46964000e-09  1.81896027e+00  1.78103973e+00  2.72616886e+00  2.66286651e+00 
 1.47014000e-09  1.81865172e+00  1.78134828e+00  2.72570613e+00  2.66332491e+00 
 1.47064000e-09  1.81834298e+00  1.78165702e+00  2.72524308e+00  2.66378363e+00 
 1.47114000e-09  1.81803406e+00  1.78196594e+00  2.72477970e+00  2.66424268e+00 
 1.47164000e-09  1.81772496e+00  1.78227504e+00  2.72431601e+00  2.66470205e+00 
 1.47214000e-09  1.81741569e+00  1.78258431e+00  2.72385201e+00  2.66516174e+00 
 1.47264000e-09  1.81710625e+00  1.78289375e+00  2.72338770e+00  2.66562173e+00 
 1.47314000e-09  1.81679664e+00  1.78320336e+00  2.72292309e+00  2.66608203e+00 
 1.47364000e-09  1.81648686e+00  1.78351314e+00  2.72245819e+00  2.66654263e+00 
 1.47414000e-09  1.81617692e+00  1.78382308e+00  2.72199299e+00  2.66700352e+00 
 1.47464000e-09  1.81586682e+00  1.78413318e+00  2.72152751e+00  2.66746471e+00 
 1.47514000e-09  1.81555656e+00  1.78444344e+00  2.72106174e+00  2.66792618e+00 
 1.47564000e-09  1.81524615e+00  1.78475385e+00  2.72059570e+00  2.66838793e+00 
 1.47614000e-09  1.81493559e+00  1.78506441e+00  2.72012938e+00  2.66884996e+00 
 1.47664000e-09  1.81462488e+00  1.78537512e+00  2.71966280e+00  2.66931226e+00 
 1.47714000e-09  1.81431403e+00  1.78568597e+00  2.71919596e+00  2.66977483e+00 
 1.47764000e-09  1.81400303e+00  1.78599697e+00  2.71872887e+00  2.67023766e+00 
 1.47814000e-09  1.81369190e+00  1.78630810e+00  2.71826152e+00  2.67070075e+00 
 1.47864000e-09  1.81338063e+00  1.78661937e+00  2.71779392e+00  2.67116409e+00 
 1.47914000e-09  1.81306923e+00  1.78693077e+00  2.71732608e+00  2.67162768e+00 
 1.47964000e-09  1.81275770e+00  1.78724230e+00  2.71685801e+00  2.67209151e+00 
 1.48014000e-09  1.81244605e+00  1.78755395e+00  2.71638970e+00  2.67255559e+00 
 1.48064000e-09  1.81213427e+00  1.78786573e+00  2.71592117e+00  2.67301990e+00 
 1.48114000e-09  1.81182237e+00  1.78817763e+00  2.71545242e+00  2.67348443e+00 
 1.48164000e-09  1.81151036e+00  1.78848964e+00  2.71498345e+00  2.67394919e+00 
 1.48214000e-09  1.81119823e+00  1.78880177e+00  2.71451427e+00  2.67441418e+00 
 1.48264000e-09  1.81088599e+00  1.78911401e+00  2.71404488e+00  2.67487937e+00 
 1.48314000e-09  1.81057365e+00  1.78942635e+00  2.71357529e+00  2.67534478e+00 
 1.48364000e-09  1.81026120e+00  1.78973880e+00  2.71310551e+00  2.67581040e+00 
 1.48414000e-09  1.80994865e+00  1.79005135e+00  2.71263554e+00  2.67627621e+00 
 1.48464000e-09  1.80963600e+00  1.79036400e+00  2.71216538e+00  2.67674222e+00 
 1.48514000e-09  1.80932325e+00  1.79067675e+00  2.71169504e+00  2.67720843e+00 
 1.48564000e-09  1.80901042e+00  1.79098958e+00  2.71122452e+00  2.67767482e+00 
 1.48614000e-09  1.80869749e+00  1.79130251e+00  2.71075383e+00  2.67814139e+00 
 1.48664000e-09  1.80838448e+00  1.79161552e+00  2.71028298e+00  2.67860814e+00 
 1.48714000e-09  1.80807139e+00  1.79192861e+00  2.70981197e+00  2.67907506e+00 
 1.48764000e-09  1.80775821e+00  1.79224179e+00  2.70934080e+00  2.67954215e+00 
 1.48814000e-09  1.80744496e+00  1.79255504e+00  2.70886949e+00  2.68000941e+00 
 1.48864000e-09  1.80713164e+00  1.79286836e+00  2.70839803e+00  2.68047682e+00 
 1.48914000e-09  1.80681825e+00  1.79318175e+00  2.70792643e+00  2.68094439e+00 
 1.48964000e-09  1.80650478e+00  1.79349522e+00  2.70745469e+00  2.68141211e+00 
 1.49014000e-09  1.80619126e+00  1.79380874e+00  2.70698282e+00  2.68187997e+00 
 1.49064000e-09  1.80587767e+00  1.79412233e+00  2.70651084e+00  2.68234797e+00 
 1.49114000e-09  1.80556403e+00  1.79443597e+00  2.70603873e+00  2.68281611e+00 
 1.49164000e-09  1.80525033e+00  1.79474967e+00  2.70556651e+00  2.68328437e+00 
 1.49214000e-09  1.80493658e+00  1.79506342e+00  2.70509418e+00  2.68375277e+00 
 1.49264000e-09  1.80462278e+00  1.79537722e+00  2.70462174e+00  2.68422128e+00 
 1.49314000e-09  1.80430893e+00  1.79569107e+00  2.70414921e+00  2.68468991e+00 
 1.49364000e-09  1.80399504e+00  1.79600496e+00  2.70367659e+00  2.68515865e+00 
 1.49414000e-09  1.80368111e+00  1.79631889e+00  2.70320387e+00  2.68562750e+00 
 1.49464000e-09  1.80336715e+00  1.79663285e+00  2.70273108e+00  2.68609645e+00 
 1.49514000e-09  1.80305315e+00  1.79694685e+00  2.70225820e+00  2.68656550e+00 
 1.49564000e-09  1.80273913e+00  1.79726087e+00  2.70178526e+00  2.68703464e+00 
 1.49614000e-09  1.80242507e+00  1.79757493e+00  2.70131225e+00  2.68750387e+00 
 1.49664000e-09  1.80211099e+00  1.79788901e+00  2.70083917e+00  2.68797318e+00 
 1.49714000e-09  1.80179689e+00  1.79820311e+00  2.70036604e+00  2.68844257e+00 
 1.49764000e-09  1.80148278e+00  1.79851722e+00  2.69989286e+00  2.68891204e+00 
 1.49814000e-09  1.80116865e+00  1.79883135e+00  2.69941963e+00  2.68938157e+00 
 1.49864000e-09  1.80085450e+00  1.79914550e+00  2.69894637e+00  2.68985117e+00 
 1.49914000e-09  1.80054035e+00  1.79945965e+00  2.69847306e+00  2.69032083e+00 
 1.49964000e-09  1.80022619e+00  1.79977381e+00  2.69799973e+00  2.69079054e+00 
 1.50014000e-09  1.79991204e+00  1.80008796e+00  2.69752637e+00  2.69126030e+00 
 1.50064000e-09  1.79959788e+00  1.80040212e+00  2.69705299e+00  2.69173011e+00 
 1.50114000e-09  1.79928372e+00  1.80071628e+00  2.69657960e+00  2.69219996e+00 
 1.50164000e-09  1.79896958e+00  1.80103042e+00  2.69610619e+00  2.69266985e+00 
 1.50214000e-09  1.79865544e+00  1.80134456e+00  2.69563279e+00  2.69313977e+00 
 1.50264000e-09  1.79834132e+00  1.80165868e+00  2.69515938e+00  2.69360972e+00 
 1.50314000e-09  1.79802721e+00  1.80197279e+00  2.69468598e+00  2.69407969e+00 
 1.50364000e-09  1.79771312e+00  1.80228688e+00  2.69421259e+00  2.69454967e+00 
 1.50414000e-09  1.79739905e+00  1.80260095e+00  2.69373922e+00  2.69501967e+00 
 1.50464000e-09  1.79708501e+00  1.80291499e+00  2.69326588e+00  2.69548968e+00 
 1.50514000e-09  1.79677100e+00  1.80322900e+00  2.69279256e+00  2.69595969e+00 
 1.50564000e-09  1.79645703e+00  1.80354297e+00  2.69231927e+00  2.69642970e+00 
 1.50614000e-09  1.79614308e+00  1.80385692e+00  2.69184602e+00  2.69689970e+00 
 1.50664000e-09  1.79582918e+00  1.80417082e+00  2.69137281e+00  2.69736970e+00 
 1.50714000e-09  1.79551531e+00  1.80448469e+00  2.69089966e+00  2.69783968e+00 
 1.50764000e-09  1.79520149e+00  1.80479851e+00  2.69042655e+00  2.69830964e+00 
 1.50814000e-09  1.79488772e+00  1.80511228e+00  2.68995351e+00  2.69877957e+00 
 1.50864000e-09  1.79457399e+00  1.80542601e+00  2.68948053e+00  2.69924948e+00 
 1.50914000e-09  1.79426032e+00  1.80573968e+00  2.68900762e+00  2.69971935e+00 
 1.50964000e-09  1.79394671e+00  1.80605329e+00  2.68853479e+00  2.70018918e+00 
 1.51014000e-09  1.79363316e+00  1.80636684e+00  2.68806204e+00  2.70065897e+00 
 1.51064000e-09  1.79331967e+00  1.80668033e+00  2.68758937e+00  2.70112872e+00 
 1.51114000e-09  1.79300625e+00  1.80699375e+00  2.68711679e+00  2.70159841e+00 
 1.51164000e-09  1.79269289e+00  1.80730711e+00  2.68664431e+00  2.70206804e+00 
 1.51214000e-09  1.79237961e+00  1.80762039e+00  2.68617193e+00  2.70253761e+00 
 1.51264000e-09  1.79206640e+00  1.80793360e+00  2.68569966e+00  2.70300712e+00 
 1.51314000e-09  1.79175327e+00  1.80824673e+00  2.68522750e+00  2.70347655e+00 
 1.51364000e-09  1.79144022e+00  1.80855978e+00  2.68475546e+00  2.70394591e+00 
 1.51414000e-09  1.79112726e+00  1.80887274e+00  2.68428354e+00  2.70441518e+00 
 1.51464000e-09  1.79081438e+00  1.80918562e+00  2.68381175e+00  2.70488438e+00 
 1.51514000e-09  1.79050160e+00  1.80949840e+00  2.68334009e+00  2.70535348e+00 
 1.51564000e-09  1.79018891e+00  1.80981109e+00  2.68286857e+00  2.70582249e+00 
 1.51614000e-09  1.78987631e+00  1.81012369e+00  2.68239719e+00  2.70629139e+00 
 1.51664000e-09  1.78956382e+00  1.81043618e+00  2.68192596e+00  2.70676020e+00 
 1.51714000e-09  1.78925143e+00  1.81074857e+00  2.68145488e+00  2.70722889e+00 
 1.51764000e-09  1.78893914e+00  1.81106086e+00  2.68098397e+00  2.70769747e+00 
 1.51814000e-09  1.78862696e+00  1.81137304e+00  2.68051322e+00  2.70816594e+00 
 1.51864000e-09  1.78831490e+00  1.81168510e+00  2.68004263e+00  2.70863428e+00 
 1.51914000e-09  1.78800295e+00  1.81199705e+00  2.67957223e+00  2.70910249e+00 
 1.51964000e-09  1.78769112e+00  1.81230888e+00  2.67910200e+00  2.70957057e+00 
 1.52014000e-09  1.78737941e+00  1.81262059e+00  2.67863196e+00  2.71003851e+00 
 1.52064000e-09  1.78706783e+00  1.81293217e+00  2.67816210e+00  2.71050632e+00 
 1.52114000e-09  1.78675637e+00  1.81324363e+00  2.67769245e+00  2.71097397e+00 
 1.52164000e-09  1.78644504e+00  1.81355496e+00  2.67722299e+00  2.71144147e+00 
 1.52214000e-09  1.78613385e+00  1.81386615e+00  2.67675373e+00  2.71190882e+00 
 1.52264000e-09  1.78582280e+00  1.81417720e+00  2.67628469e+00  2.71237600e+00 
 1.52314000e-09  1.78551188e+00  1.81448812e+00  2.67581587e+00  2.71284302e+00 
 1.52364000e-09  1.78520111e+00  1.81479889e+00  2.67534726e+00  2.71330987e+00 
 1.52414000e-09  1.78489048e+00  1.81510952e+00  2.67487888e+00  2.71377654e+00 
 1.52464000e-09  1.78458000e+00  1.81542000e+00  2.67441073e+00  2.71424303e+00 
 1.52514000e-09  1.78426968e+00  1.81573032e+00  2.67394281e+00  2.71470934e+00 
 1.52564000e-09  1.78395951e+00  1.81604049e+00  2.67347514e+00  2.71517546e+00 
 1.52614000e-09  1.78364950e+00  1.81635050e+00  2.67300771e+00  2.71564138e+00 
 1.52664000e-09  1.78333965e+00  1.81666035e+00  2.67254053e+00  2.71610710e+00 
 1.52714000e-09  1.78302996e+00  1.81697004e+00  2.67207361e+00  2.71657262e+00 
 1.52764000e-09  1.78272044e+00  1.81727956e+00  2.67160694e+00  2.71703792e+00 
 1.52814000e-09  1.78241109e+00  1.81758891e+00  2.67114054e+00  2.71750301e+00 
 1.52864000e-09  1.78210192e+00  1.81789808e+00  2.67067441e+00  2.71796789e+00 
 1.52914000e-09  1.78179292e+00  1.81820708e+00  2.67020856e+00  2.71843253e+00 
 1.52964000e-09  1.78148410e+00  1.81851590e+00  2.66974298e+00  2.71889695e+00 
 1.53014000e-09  1.78117547e+00  1.81882453e+00  2.66927769e+00  2.71936113e+00 
 1.53064000e-09  1.78086702e+00  1.81913298e+00  2.66881269e+00  2.71982508e+00 
 1.53114000e-09  1.78055876e+00  1.81944124e+00  2.66834798e+00  2.72028877e+00 
 1.53164000e-09  1.78025069e+00  1.81974931e+00  2.66788357e+00  2.72075222e+00 
 1.53214000e-09  1.77994282e+00  1.82005718e+00  2.66741946e+00  2.72121542e+00 
 1.53264000e-09  1.77963514e+00  1.82036486e+00  2.66695566e+00  2.72167835e+00 
 1.53314000e-09  1.77932767e+00  1.82067233e+00  2.66649217e+00  2.72214102e+00 
 1.53364000e-09  1.77902040e+00  1.82097960e+00  2.66602900e+00  2.72260342e+00 
 1.53414000e-09  1.77871333e+00  1.82128667e+00  2.66556615e+00  2.72306555e+00 
 1.53464000e-09  1.77840648e+00  1.82159352e+00  2.66510363e+00  2.72352739e+00 
 1.53514000e-09  1.77809984e+00  1.82190016e+00  2.66464143e+00  2.72398895e+00 
 1.53564000e-09  1.77779341e+00  1.82220659e+00  2.66417957e+00  2.72445022e+00 
 1.53614000e-09  1.77748721e+00  1.82251279e+00  2.66371806e+00  2.72491119e+00 
 1.53664000e-09  1.77718123e+00  1.82281877e+00  2.66325688e+00  2.72537186e+00 
 1.53714000e-09  1.77687547e+00  1.82312453e+00  2.66279606e+00  2.72583223e+00 
 1.53764000e-09  1.77656994e+00  1.82343006e+00  2.66233558e+00  2.72629228e+00 
 1.53814000e-09  1.77626464e+00  1.82373536e+00  2.66187547e+00  2.72675202e+00 
 1.53864000e-09  1.77595958e+00  1.82404042e+00  2.66141571e+00  2.72721144e+00 
 1.53914000e-09  1.77565475e+00  1.82434525e+00  2.66095633e+00  2.72767053e+00 
 1.53964000e-09  1.77535016e+00  1.82464984e+00  2.66049731e+00  2.72812929e+00 
 1.54014000e-09  1.77504582e+00  1.82495418e+00  2.66003867e+00  2.72858771e+00 
 1.54064000e-09  1.77474172e+00  1.82525828e+00  2.65958040e+00  2.72904579e+00 
 1.54114000e-09  1.77443788e+00  1.82556212e+00  2.65912252e+00  2.72950353e+00 
 1.54164000e-09  1.77413428e+00  1.82586572e+00  2.65866503e+00  2.72996091e+00 
 1.54214000e-09  1.77383094e+00  1.82616906e+00  2.65820793e+00  2.73041793e+00 
 1.54264000e-09  1.77352786e+00  1.82647214e+00  2.65775123e+00  2.73087459e+00 
 1.54314000e-09  1.77322504e+00  1.82677496e+00  2.65729492e+00  2.73133088e+00 
 1.54364000e-09  1.77292248e+00  1.82707752e+00  2.65683903e+00  2.73178679e+00 
 1.54414000e-09  1.77262019e+00  1.82737981e+00  2.65638354e+00  2.73224233e+00 
 1.54464000e-09  1.77231817e+00  1.82768183e+00  2.65592846e+00  2.73269748e+00 
 1.54514000e-09  1.77201643e+00  1.82798357e+00  2.65547380e+00  2.73315225e+00 
 1.54564000e-09  1.77171496e+00  1.82828504e+00  2.65501956e+00  2.73360662e+00 
 1.54614000e-09  1.77141377e+00  1.82858623e+00  2.65456575e+00  2.73406058e+00 
 1.54664000e-09  1.77111286e+00  1.82888714e+00  2.65411237e+00  2.73451415e+00 
 1.54714000e-09  1.77081224e+00  1.82918776e+00  2.65365942e+00  2.73496730e+00 
 1.54764000e-09  1.77051190e+00  1.82948810e+00  2.65320691e+00  2.73542004e+00 
 1.54814000e-09  1.77021186e+00  1.82978814e+00  2.65275484e+00  2.73587235e+00 
 1.54864000e-09  1.76991211e+00  1.83008789e+00  2.65230322e+00  2.73632424e+00 
 1.54914000e-09  1.76961266e+00  1.83038734e+00  2.65185205e+00  2.73677570e+00 
 1.54964000e-09  1.76931350e+00  1.83068650e+00  2.65140133e+00  2.73722672e+00 
 1.55014000e-09  1.76901465e+00  1.83098535e+00  2.65095107e+00  2.73767730e+00 
 1.55064000e-09  1.76871611e+00  1.83128389e+00  2.65050127e+00  2.73812744e+00 
 1.55114000e-09  1.76841787e+00  1.83158213e+00  2.65005194e+00  2.73857712e+00 
 1.55164000e-09  1.76811995e+00  1.83188005e+00  2.64960308e+00  2.73902634e+00 
 1.55214000e-09  1.76782234e+00  1.83217766e+00  2.64915470e+00  2.73947510e+00 
 1.55264000e-09  1.76752505e+00  1.83247495e+00  2.64870680e+00  2.73992339e+00 
 1.55314000e-09  1.76722808e+00  1.83277192e+00  2.64825937e+00  2.74037122e+00 
 1.55364000e-09  1.76693143e+00  1.83306857e+00  2.64781244e+00  2.74081856e+00 
 1.55414000e-09  1.76663511e+00  1.83336489e+00  2.64736600e+00  2.74126542e+00 
 1.55464000e-09  1.76633912e+00  1.83366088e+00  2.64692005e+00  2.74171179e+00 
 1.55514000e-09  1.76604346e+00  1.83395654e+00  2.64647460e+00  2.74215767e+00 
 1.55564000e-09  1.76574813e+00  1.83425187e+00  2.64602966e+00  2.74260305e+00 
 1.55614000e-09  1.76545315e+00  1.83454685e+00  2.64558522e+00  2.74304793e+00 
 1.55664000e-09  1.76515850e+00  1.83484150e+00  2.64514130e+00  2.74349230e+00 
 1.55714000e-09  1.76486420e+00  1.83513580e+00  2.64469789e+00  2.74393616e+00 
 1.55764000e-09  1.76457024e+00  1.83542976e+00  2.64425500e+00  2.74437949e+00 
 1.55814000e-09  1.76427664e+00  1.83572336e+00  2.64381264e+00  2.74482231e+00 
 1.55864000e-09  1.76398339e+00  1.83601661e+00  2.64337080e+00  2.74526460e+00 
 1.55914000e-09  1.76369049e+00  1.83630951e+00  2.64292950e+00  2.74570635e+00 
 1.55964000e-09  1.76339795e+00  1.83660205e+00  2.64248873e+00  2.74614757e+00 
 1.56014000e-09  1.76310577e+00  1.83689423e+00  2.64204851e+00  2.74658825e+00 
 1.56064000e-09  1.76281396e+00  1.83718604e+00  2.64160883e+00  2.74702838e+00 
 1.56114000e-09  1.76252251e+00  1.83747749e+00  2.64116970e+00  2.74746795e+00 
 1.56164000e-09  1.76223143e+00  1.83776857e+00  2.64073112e+00  2.74790697e+00 
 1.56214000e-09  1.76194073e+00  1.83805927e+00  2.64029310e+00  2.74834543e+00 
 1.56264000e-09  1.76165040e+00  1.83834960e+00  2.63985565e+00  2.74878332e+00 
 1.56314000e-09  1.76136045e+00  1.83863955e+00  2.63941876e+00  2.74922065e+00 
 1.56364000e-09  1.76107088e+00  1.83892912e+00  2.63898243e+00  2.74965739e+00 
 1.56414000e-09  1.76078170e+00  1.83921830e+00  2.63854669e+00  2.75009356e+00 
 1.56464000e-09  1.76049290e+00  1.83950710e+00  2.63811152e+00  2.75052914e+00 
 1.56514000e-09  1.76020450e+00  1.83979550e+00  2.63767694e+00  2.75096413e+00 
 1.56564000e-09  1.75991648e+00  1.84008352e+00  2.63724294e+00  2.75139853e+00 
 1.56614000e-09  1.75962886e+00  1.84037114e+00  2.63680954e+00  2.75183232e+00 
 1.56664000e-09  1.75934164e+00  1.84065836e+00  2.63637673e+00  2.75226552e+00 
 1.56714000e-09  1.75905482e+00  1.84094518e+00  2.63594452e+00  2.75269811e+00 
 1.56764000e-09  1.75876841e+00  1.84123159e+00  2.63551291e+00  2.75313008e+00 
 1.56814000e-09  1.75848240e+00  1.84151760e+00  2.63508192e+00  2.75356144e+00 
 1.56864000e-09  1.75819680e+00  1.84180320e+00  2.63465154e+00  2.75399218e+00 
 1.56914000e-09  1.75791162e+00  1.84208838e+00  2.63422177e+00  2.75442229e+00 
 1.56964000e-09  1.75762685e+00  1.84237315e+00  2.63379263e+00  2.75485178e+00 
 1.57014000e-09  1.75734249e+00  1.84265751e+00  2.63336411e+00  2.75528062e+00 
 1.57064000e-09  1.75705856e+00  1.84294144e+00  2.63293622e+00  2.75570883e+00 
 1.57114000e-09  1.75677506e+00  1.84322494e+00  2.63250897e+00  2.75613640e+00 
 1.57164000e-09  1.75649198e+00  1.84350802e+00  2.63208235e+00  2.75656332e+00 
 1.57214000e-09  1.75620932e+00  1.84379068e+00  2.63165638e+00  2.75698959e+00 
 1.57264000e-09  1.75592711e+00  1.84407289e+00  2.63123106e+00  2.75741520e+00 
 1.57314000e-09  1.75564532e+00  1.84435468e+00  2.63080639e+00  2.75784015e+00 
 1.57364000e-09  1.75536398e+00  1.84463602e+00  2.63038237e+00  2.75826444e+00 
 1.57414000e-09  1.75508307e+00  1.84491693e+00  2.62995902e+00  2.75868806e+00 
 1.57464000e-09  1.75480261e+00  1.84519739e+00  2.62953632e+00  2.75911101e+00 
 1.57514000e-09  1.75452259e+00  1.84547741e+00  2.62911430e+00  2.75953327e+00 
 1.57564000e-09  1.75424302e+00  1.84575698e+00  2.62869295e+00  2.75995486e+00 
 1.57614000e-09  1.75396391e+00  1.84603609e+00  2.62827228e+00  2.76037577e+00 
 1.57664000e-09  1.75368525e+00  1.84631475e+00  2.62785230e+00  2.76079598e+00 
 1.57714000e-09  1.75340704e+00  1.84659296e+00  2.62743299e+00  2.76121550e+00 
 1.57764000e-09  1.75312930e+00  1.84687070e+00  2.62701438e+00  2.76163432e+00 
 1.57814000e-09  1.75285201e+00  1.84714799e+00  2.62659646e+00  2.76205244e+00 
 1.57864000e-09  1.75257520e+00  1.84742480e+00  2.62617925e+00  2.76246985e+00 
 1.57914000e-09  1.75229885e+00  1.84770115e+00  2.62576273e+00  2.76288656e+00 
 1.57964000e-09  1.75202297e+00  1.84797703e+00  2.62534693e+00  2.76330254e+00 
 1.58014000e-09  1.75174757e+00  1.84825243e+00  2.62493183e+00  2.76371782e+00 
 1.58064000e-09  1.75147264e+00  1.84852736e+00  2.62451745e+00  2.76413237e+00 
 1.58114000e-09  1.75119819e+00  1.84880181e+00  2.62410380e+00  2.76454619e+00 
 1.58164000e-09  1.75092422e+00  1.84907578e+00  2.62369086e+00  2.76495928e+00 
 1.58214000e-09  1.75065074e+00  1.84934926e+00  2.62327866e+00  2.76537164e+00 
 1.58264000e-09  1.75037774e+00  1.84962226e+00  2.62286719e+00  2.76578326e+00 
 1.58314000e-09  1.75010524e+00  1.84989476e+00  2.62245646e+00  2.76619414e+00 
 1.58364000e-09  1.74983322e+00  1.85016678e+00  2.62204647e+00  2.76660427e+00 
 1.58414000e-09  1.74956170e+00  1.85043830e+00  2.62163722e+00  2.76701365e+00 
 1.58464000e-09  1.74929068e+00  1.85070932e+00  2.62122873e+00  2.76742228e+00 
 1.58514000e-09  1.74902016e+00  1.85097984e+00  2.62082098e+00  2.76783015e+00 
 1.58564000e-09  1.74875015e+00  1.85124985e+00  2.62041400e+00  2.76823726e+00 
 1.58614000e-09  1.74848063e+00  1.85151937e+00  2.62000778e+00  2.76864360e+00 
 1.58664000e-09  1.74821163e+00  1.85178837e+00  2.61960233e+00  2.76904917e+00 
 1.58714000e-09  1.74794314e+00  1.85205686e+00  2.61919765e+00  2.76945397e+00 
 1.58764000e-09  1.74767516e+00  1.85232484e+00  2.61879375e+00  2.76985799e+00 
 1.58814000e-09  1.74740770e+00  1.85259230e+00  2.61839062e+00  2.77026123e+00 
 1.58864000e-09  1.74714076e+00  1.85285924e+00  2.61798828e+00  2.77066369e+00 
 1.58914000e-09  1.74687434e+00  1.85312566e+00  2.61758672e+00  2.77106535e+00 
 1.58964000e-09  1.74660844e+00  1.85339156e+00  2.61718596e+00  2.77146623e+00 
 1.59014000e-09  1.74634307e+00  1.85365693e+00  2.61678599e+00  2.77186631e+00 
 1.59064000e-09  1.74607823e+00  1.85392177e+00  2.61638682e+00  2.77226558e+00 
 1.59114000e-09  1.74581392e+00  1.85418608e+00  2.61598846e+00  2.77266405e+00 
 1.59164000e-09  1.74555015e+00  1.85444985e+00  2.61559091e+00  2.77306172e+00 
 1.59214000e-09  1.74528691e+00  1.85471309e+00  2.61519416e+00  2.77345857e+00 
 1.59264000e-09  1.74502422e+00  1.85497578e+00  2.61479824e+00  2.77385461e+00 
 1.59314000e-09  1.74476206e+00  1.85523794e+00  2.61440313e+00  2.77424982e+00 
 1.59364000e-09  1.74450046e+00  1.85549954e+00  2.61400885e+00  2.77464422e+00 
 1.59414000e-09  1.74423940e+00  1.85576060e+00  2.61361539e+00  2.77503779e+00 
 1.59464000e-09  1.74397889e+00  1.85602111e+00  2.61322277e+00  2.77543052e+00 
 1.59514000e-09  1.74371893e+00  1.85628107e+00  2.61283099e+00  2.77582243e+00 
 1.59564000e-09  1.74345953e+00  1.85654047e+00  2.61244004e+00  2.77621349e+00 
 1.59614000e-09  1.74320069e+00  1.85679931e+00  2.61204994e+00  2.77660371e+00 
 1.59664000e-09  1.74294240e+00  1.85705760e+00  2.61166069e+00  2.77699309e+00 
 1.59714000e-09  1.74268468e+00  1.85731532e+00  2.61127229e+00  2.77738162e+00 
 1.59764000e-09  1.74242753e+00  1.85757247e+00  2.61088474e+00  2.77776930e+00 
 1.59814000e-09  1.74217094e+00  1.85782906e+00  2.61049806e+00  2.77815612e+00 
 1.59864000e-09  1.74191493e+00  1.85808507e+00  2.61011224e+00  2.77854208e+00 
 1.59914000e-09  1.74165949e+00  1.85834051e+00  2.60972729e+00  2.77892717e+00 
 1.59964000e-09  1.74140462e+00  1.85859538e+00  2.60934321e+00  2.77931140e+00 
 1.60014000e-09  1.74115033e+00  1.85884967e+00  2.60896000e+00  2.77969476e+00 
 1.60064000e-09  1.74089663e+00  1.85910337e+00  2.60857768e+00  2.78007725e+00 
 1.60114000e-09  1.74064350e+00  1.85935650e+00  2.60819624e+00  2.78045885e+00 
 1.60164000e-09  1.74039096e+00  1.85960904e+00  2.60781568e+00  2.78083958e+00 
 1.60214000e-09  1.74013902e+00  1.85986098e+00  2.60743602e+00  2.78121942e+00 
 1.60264000e-09  1.73988766e+00  1.86011234e+00  2.60705725e+00  2.78159837e+00 
 1.60314000e-09  1.73963689e+00  1.86036311e+00  2.60667938e+00  2.78197643e+00 
 1.60364000e-09  1.73938672e+00  1.86061328e+00  2.60630241e+00  2.78235359e+00 
 1.60414000e-09  1.73913715e+00  1.86086285e+00  2.60592635e+00  2.78272986e+00 
 1.60464000e-09  1.73888818e+00  1.86111182e+00  2.60555119e+00  2.78310522e+00 
 1.60514000e-09  1.73863981e+00  1.86136019e+00  2.60517696e+00  2.78347968e+00 
 1.60564000e-09  1.73839205e+00  1.86160795e+00  2.60480364e+00  2.78385322e+00 
 1.60614000e-09  1.73814490e+00  1.86185510e+00  2.60443124e+00  2.78422586e+00 
 1.60664000e-09  1.73789835e+00  1.86210165e+00  2.60405976e+00  2.78459757e+00 
 1.60714000e-09  1.73765242e+00  1.86234758e+00  2.60368922e+00  2.78496837e+00 
 1.60764000e-09  1.73740711e+00  1.86259289e+00  2.60331961e+00  2.78533824e+00 
 1.60814000e-09  1.73716241e+00  1.86283759e+00  2.60295093e+00  2.78570719e+00 
 1.60864000e-09  1.73691833e+00  1.86308167e+00  2.60258319e+00  2.78607521e+00 
 1.60914000e-09  1.73667488e+00  1.86332512e+00  2.60221640e+00  2.78644229e+00 
 1.60964000e-09  1.73643205e+00  1.86356795e+00  2.60185055e+00  2.78680844e+00 
 1.61014000e-09  1.73618985e+00  1.86381015e+00  2.60148566e+00  2.78717365e+00 
 1.61064000e-09  1.73594828e+00  1.86405172e+00  2.60112172e+00  2.78753791e+00 
 1.61114000e-09  1.73570734e+00  1.86429266e+00  2.60075874e+00  2.78790123e+00 
 1.61164000e-09  1.73546703e+00  1.86453297e+00  2.60039672e+00  2.78826360e+00 
 1.61214000e-09  1.73522736e+00  1.86477264e+00  2.60003566e+00  2.78862501e+00 
 1.61264000e-09  1.73498833e+00  1.86501167e+00  2.59967558e+00  2.78898547e+00 
 1.61314000e-09  1.73474994e+00  1.86525006e+00  2.59931646e+00  2.78934497e+00 
 1.61364000e-09  1.73451220e+00  1.86548780e+00  2.59895833e+00  2.78970351e+00 
 1.61414000e-09  1.73427510e+00  1.86572490e+00  2.59860117e+00  2.79006108e+00 
 1.61464000e-09  1.73403865e+00  1.86596135e+00  2.59824500e+00  2.79041768e+00 
 1.61514000e-09  1.73380286e+00  1.86619714e+00  2.59788981e+00  2.79077330e+00 
 1.61564000e-09  1.73356771e+00  1.86643229e+00  2.59753562e+00  2.79112796e+00 
 1.61614000e-09  1.73333322e+00  1.86666678e+00  2.59718242e+00  2.79148163e+00 
 1.61664000e-09  1.73309939e+00  1.86690061e+00  2.59683022e+00  2.79183432e+00 
 1.61714000e-09  1.73286622e+00  1.86713378e+00  2.59647901e+00  2.79218603e+00 
 1.61764000e-09  1.73263371e+00  1.86736629e+00  2.59612882e+00  2.79253675e+00 
 1.61814000e-09  1.73240187e+00  1.86759813e+00  2.59577963e+00  2.79288647e+00 
 1.61864000e-09  1.73217069e+00  1.86782931e+00  2.59543145e+00  2.79323521e+00 
 1.61914000e-09  1.73194019e+00  1.86805981e+00  2.59508429e+00  2.79358294e+00 
 1.61964000e-09  1.73171035e+00  1.86828965e+00  2.59473815e+00  2.79392968e+00 
 1.62014000e-09  1.73148119e+00  1.86851881e+00  2.59439303e+00  2.79427541e+00 
 1.62064000e-09  1.73125271e+00  1.86874729e+00  2.59404894e+00  2.79462014e+00 
 1.62114000e-09  1.73102490e+00  1.86897510e+00  2.59370587e+00  2.79496385e+00 
 1.62164000e-09  1.73079778e+00  1.86920222e+00  2.59336384e+00  2.79530656e+00 
 1.62214000e-09  1.73057133e+00  1.86942867e+00  2.59302285e+00  2.79564824e+00 
 1.62264000e-09  1.73034558e+00  1.86965442e+00  2.59268289e+00  2.79598892e+00 
 1.62314000e-09  1.73012051e+00  1.86987949e+00  2.59234398e+00  2.79632857e+00 
 1.62364000e-09  1.72989613e+00  1.87010387e+00  2.59200611e+00  2.79666719e+00 
 1.62414000e-09  1.72967244e+00  1.87032756e+00  2.59166930e+00  2.79700479e+00 
 1.62464000e-09  1.72944945e+00  1.87055055e+00  2.59133353e+00  2.79734136e+00 
 1.62514000e-09  1.72922715e+00  1.87077285e+00  2.59099883e+00  2.79767690e+00 
 1.62564000e-09  1.72900555e+00  1.87099445e+00  2.59066518e+00  2.79801140e+00 
 1.62614000e-09  1.72878465e+00  1.87121535e+00  2.59033260e+00  2.79834486e+00 
 1.62664000e-09  1.72856446e+00  1.87143554e+00  2.59000109e+00  2.79867728e+00 
 1.62714000e-09  1.72834497e+00  1.87165503e+00  2.58967064e+00  2.79900866e+00 
 1.62764000e-09  1.72812618e+00  1.87187382e+00  2.58934127e+00  2.79933899e+00 
 1.62814000e-09  1.72790811e+00  1.87209189e+00  2.58901298e+00  2.79966828e+00 
 1.62864000e-09  1.72769075e+00  1.87230925e+00  2.58868576e+00  2.79999651e+00 
 1.62914000e-09  1.72747410e+00  1.87252590e+00  2.58835963e+00  2.80032368e+00 
 1.62964000e-09  1.72725816e+00  1.87274184e+00  2.58803459e+00  2.80064980e+00 
 1.63014000e-09  1.72704295e+00  1.87295705e+00  2.58771064e+00  2.80097486e+00 
 1.63064000e-09  1.72682845e+00  1.87317155e+00  2.58738778e+00  2.80129886e+00 
 1.63114000e-09  1.72661468e+00  1.87338532e+00  2.58706602e+00  2.80162179e+00 
 1.63164000e-09  1.72640163e+00  1.87359837e+00  2.58674536e+00  2.80194365e+00 
 1.63214000e-09  1.72618931e+00  1.87381069e+00  2.58642580e+00  2.80226444e+00 
 1.63264000e-09  1.72597772e+00  1.87402228e+00  2.58610735e+00  2.80258416e+00 
 1.63314000e-09  1.72576685e+00  1.87423315e+00  2.58579001e+00  2.80290281e+00 
 1.63364000e-09  1.72555672e+00  1.87444328e+00  2.58547378e+00  2.80322037e+00 
 1.63414000e-09  1.72534733e+00  1.87465267e+00  2.58515867e+00  2.80353686e+00 
 1.63464000e-09  1.72513867e+00  1.87486133e+00  2.58484468e+00  2.80385226e+00 
 1.63514000e-09  1.72493075e+00  1.87506925e+00  2.58453181e+00  2.80416657e+00 
 1.63564000e-09  1.72472357e+00  1.87527643e+00  2.58422007e+00  2.80447980e+00 
 1.63614000e-09  1.72451713e+00  1.87548287e+00  2.58390946e+00  2.80479193e+00 
 1.63664000e-09  1.72431144e+00  1.87568856e+00  2.58359998e+00  2.80510298e+00 
 1.63714000e-09  1.72410650e+00  1.87589350e+00  2.58329163e+00  2.80541292e+00 
 1.63764000e-09  1.72390230e+00  1.87609770e+00  2.58298443e+00  2.80572177e+00 
 1.63814000e-09  1.72369886e+00  1.87630114e+00  2.58267837e+00  2.80602952e+00 
 1.63864000e-09  1.72349617e+00  1.87650383e+00  2.58237345e+00  2.80633616e+00 
 1.63914000e-09  1.72329423e+00  1.87670577e+00  2.58206968e+00  2.80664170e+00 
 1.63964000e-09  1.72309305e+00  1.87690695e+00  2.58176706e+00  2.80694613e+00 
 1.64014000e-09  1.72289263e+00  1.87710737e+00  2.58146560e+00  2.80724945e+00 
 1.64064000e-09  1.72269298e+00  1.87730702e+00  2.58116529e+00  2.80755166e+00 
 1.64114000e-09  1.72249408e+00  1.87750592e+00  2.58086614e+00  2.80785275e+00 
 1.64164000e-09  1.72229595e+00  1.87770405e+00  2.58056816e+00  2.80815272e+00 
 1.64214000e-09  1.72209859e+00  1.87790141e+00  2.58027134e+00  2.80845157e+00 
 1.64264000e-09  1.72190199e+00  1.87809801e+00  2.57997569e+00  2.80874930e+00 
 1.64314000e-09  1.72170617e+00  1.87829383e+00  2.57968122e+00  2.80904591e+00 
 1.64364000e-09  1.72151111e+00  1.87848889e+00  2.57938792e+00  2.80934139e+00 
 1.64414000e-09  1.72131684e+00  1.87868316e+00  2.57909580e+00  2.80963574e+00 
 1.64464000e-09  1.72112334e+00  1.87887666e+00  2.57880486e+00  2.80992895e+00 
 1.64514000e-09  1.72093062e+00  1.87906938e+00  2.57851510e+00  2.81022103e+00 
 1.64564000e-09  1.72073867e+00  1.87926133e+00  2.57822653e+00  2.81051198e+00 
 1.64614000e-09  1.72054751e+00  1.87945249e+00  2.57793915e+00  2.81080178e+00 
 1.64664000e-09  1.72035714e+00  1.87964286e+00  2.57765296e+00  2.81109045e+00 
 1.64714000e-09  1.72016755e+00  1.87983245e+00  2.57736797e+00  2.81137796e+00 
 1.64764000e-09  1.71997875e+00  1.88002125e+00  2.57708417e+00  2.81166434e+00 
 1.64814000e-09  1.71979074e+00  1.88020926e+00  2.57680157e+00  2.81194956e+00 
 1.64864000e-09  1.71960352e+00  1.88039648e+00  2.57652018e+00  2.81223363e+00 
 1.64914000e-09  1.71941709e+00  1.88058291e+00  2.57623999e+00  2.81251655e+00 
 1.64964000e-09  1.71923146e+00  1.88076854e+00  2.57596101e+00  2.81279831e+00 
 1.65014000e-09  1.71904663e+00  1.88095337e+00  2.57568324e+00  2.81307892e+00 
 1.65064000e-09  1.71886259e+00  1.88113741e+00  2.57540669e+00  2.81335836e+00 
 1.65114000e-09  1.71867936e+00  1.88132064e+00  2.57513135e+00  2.81363664e+00 
 1.65164000e-09  1.71849693e+00  1.88150307e+00  2.57485722e+00  2.81391375e+00 
 1.65214000e-09  1.71831530e+00  1.88168470e+00  2.57458432e+00  2.81418969e+00 
 1.65264000e-09  1.71813448e+00  1.88186552e+00  2.57431264e+00  2.81446446e+00 
 1.65314000e-09  1.71795447e+00  1.88204553e+00  2.57404219e+00  2.81473806e+00 
 1.65364000e-09  1.71777526e+00  1.88222474e+00  2.57377296e+00  2.81501048e+00 
 1.65414000e-09  1.71759687e+00  1.88240313e+00  2.57350496e+00  2.81528173e+00 
 1.65464000e-09  1.71741929e+00  1.88258071e+00  2.57323819e+00  2.81555179e+00 
 1.65514000e-09  1.71724253e+00  1.88275747e+00  2.57297266e+00  2.81582067e+00 
 1.65564000e-09  1.71706658e+00  1.88293342e+00  2.57270836e+00  2.81608836e+00 
 1.65614000e-09  1.71689146e+00  1.88310854e+00  2.57244530e+00  2.81635486e+00 
 1.65664000e-09  1.71671715e+00  1.88328285e+00  2.57218348e+00  2.81662017e+00 
 1.65714000e-09  1.71654366e+00  1.88345634e+00  2.57192291e+00  2.81688429e+00 
 1.65764000e-09  1.71637100e+00  1.88362900e+00  2.57166357e+00  2.81714721e+00 
 1.65814000e-09  1.71619917e+00  1.88380083e+00  2.57140548e+00  2.81740893e+00 
 1.65864000e-09  1.71602816e+00  1.88397184e+00  2.57114864e+00  2.81766945e+00 
 1.65914000e-09  1.71585797e+00  1.88414203e+00  2.57089305e+00  2.81792876e+00 
 1.65964000e-09  1.71568862e+00  1.88431138e+00  2.57063871e+00  2.81818687e+00 
 1.66014000e-09  1.71552011e+00  1.88447989e+00  2.57038562e+00  2.81844376e+00 
 1.66064000e-09  1.71535242e+00  1.88464758e+00  2.57013379e+00  2.81869945e+00 
 1.66114000e-09  1.71518557e+00  1.88481443e+00  2.56988322e+00  2.81895391e+00 
 1.66164000e-09  1.71501956e+00  1.88498044e+00  2.56963390e+00  2.81920716e+00 
 1.66214000e-09  1.71485439e+00  1.88514561e+00  2.56938584e+00  2.81945919e+00 
 1.66264000e-09  1.71469006e+00  1.88530994e+00  2.56913904e+00  2.81970999e+00 
 1.66314000e-09  1.71452656e+00  1.88547344e+00  2.56889350e+00  2.81995957e+00 
 1.66364000e-09  1.71436392e+00  1.88563608e+00  2.56864923e+00  2.82020791e+00 
 1.66414000e-09  1.71420212e+00  1.88579788e+00  2.56840622e+00  2.82045503e+00 
 1.66464000e-09  1.71404116e+00  1.88595884e+00  2.56816448e+00  2.82070091e+00 
 1.66514000e-09  1.71388105e+00  1.88611895e+00  2.56792401e+00  2.82094555e+00 
 1.66564000e-09  1.71372180e+00  1.88627820e+00  2.56768481e+00  2.82118895e+00 
 1.66614000e-09  1.71356339e+00  1.88643661e+00  2.56744688e+00  2.82143111e+00 
 1.66664000e-09  1.71340584e+00  1.88659416e+00  2.56721022e+00  2.82167202e+00 
 1.66714000e-09  1.71324914e+00  1.88675086e+00  2.56697483e+00  2.82191168e+00 
 1.66764000e-09  1.71309330e+00  1.88690670e+00  2.56674072e+00  2.82215009e+00 
 1.66814000e-09  1.71293832e+00  1.88706168e+00  2.56650788e+00  2.82238725e+00 
 1.66864000e-09  1.71278419e+00  1.88721581e+00  2.56627632e+00  2.82262315e+00 
 1.66914000e-09  1.71263093e+00  1.88736907e+00  2.56604604e+00  2.82285779e+00 
 1.66964000e-09  1.71247853e+00  1.88752147e+00  2.56581704e+00  2.82309116e+00 
 1.67014000e-09  1.71232699e+00  1.88767301e+00  2.56558932e+00  2.82332327e+00 
 1.67064000e-09  1.71217632e+00  1.88782368e+00  2.56536288e+00  2.82355412e+00 
 1.67114000e-09  1.71202651e+00  1.88797349e+00  2.56513772e+00  2.82378369e+00 
 1.67164000e-09  1.71187757e+00  1.88812243e+00  2.56491384e+00  2.82401199e+00 
 1.67214000e-09  1.71172951e+00  1.88827049e+00  2.56469126e+00  2.82423901e+00 
 1.67264000e-09  1.71158231e+00  1.88841769e+00  2.56446995e+00  2.82446476e+00 
 1.67314000e-09  1.71143599e+00  1.88856401e+00  2.56424994e+00  2.82468922e+00 
 1.67364000e-09  1.71129054e+00  1.88870946e+00  2.56403121e+00  2.82491240e+00 
 1.67414000e-09  1.71114596e+00  1.88885404e+00  2.56381377e+00  2.82513429e+00 
 1.67464000e-09  1.71100227e+00  1.88899773e+00  2.56359762e+00  2.82535490e+00 
 1.67514000e-09  1.71085945e+00  1.88914055e+00  2.56338276e+00  2.82557421e+00 
 1.67564000e-09  1.71071751e+00  1.88928249e+00  2.56316920e+00  2.82579223e+00 
 1.67614000e-09  1.71057645e+00  1.88942355e+00  2.56295693e+00  2.82600895e+00 
 1.67664000e-09  1.71043628e+00  1.88956372e+00  2.56274595e+00  2.82622438e+00 
 1.67714000e-09  1.71029698e+00  1.88970302e+00  2.56253627e+00  2.82643850e+00 
 1.67764000e-09  1.71015858e+00  1.88984142e+00  2.56232788e+00  2.82665132e+00 
 1.67814000e-09  1.71002106e+00  1.88997894e+00  2.56212080e+00  2.82686283e+00 
 1.67864000e-09  1.70988443e+00  1.89011557e+00  2.56191501e+00  2.82707304e+00 
 1.67914000e-09  1.70974869e+00  1.89025131e+00  2.56171052e+00  2.82728193e+00 
 1.67964000e-09  1.70961384e+00  1.89038616e+00  2.56150734e+00  2.82748951e+00 
 1.68014000e-09  1.70947988e+00  1.89052012e+00  2.56130545e+00  2.82769578e+00 
 1.68064000e-09  1.70934681e+00  1.89065319e+00  2.56110487e+00  2.82790073e+00 
 1.68114000e-09  1.70921464e+00  1.89078536e+00  2.56090559e+00  2.82810436e+00 
 1.68164000e-09  1.70908337e+00  1.89091663e+00  2.56070762e+00  2.82830667e+00 
 1.68214000e-09  1.70895299e+00  1.89104701e+00  2.56051096e+00  2.82850766e+00 
 1.68264000e-09  1.70882351e+00  1.89117649e+00  2.56031560e+00  2.82870732e+00 
 1.68314000e-09  1.70869493e+00  1.89130507e+00  2.56012156e+00  2.82890566e+00 
 1.68364000e-09  1.70856725e+00  1.89143275e+00  2.55992882e+00  2.82910267e+00 
 1.68414000e-09  1.70844048e+00  1.89155952e+00  2.55973740e+00  2.82929834e+00 
 1.68464000e-09  1.70831460e+00  1.89168540e+00  2.55954729e+00  2.82949269e+00 
 1.68514000e-09  1.70818964e+00  1.89181036e+00  2.55935849e+00  2.82968569e+00 
 1.68564000e-09  1.70806558e+00  1.89193442e+00  2.55917101e+00  2.82987737e+00 
 1.68614000e-09  1.70794242e+00  1.89205758e+00  2.55898484e+00  2.83006770e+00 
 1.68664000e-09  1.70782018e+00  1.89217982e+00  2.55880000e+00  2.83025670e+00 
 1.68714000e-09  1.70769884e+00  1.89230116e+00  2.55861647e+00  2.83044435e+00 
 1.68764000e-09  1.70757842e+00  1.89242158e+00  2.55843426e+00  2.83063066e+00 
 1.68814000e-09  1.70745891e+00  1.89254109e+00  2.55825338e+00  2.83081563e+00 
 1.68864000e-09  1.70734031e+00  1.89265969e+00  2.55807382e+00  2.83099925e+00 
 1.68914000e-09  1.70722263e+00  1.89277737e+00  2.55789558e+00  2.83118152e+00 
 1.68964000e-09  1.70710586e+00  1.89289414e+00  2.55771867e+00  2.83136244e+00 
 1.69014000e-09  1.70699001e+00  1.89300999e+00  2.55754309e+00  2.83154202e+00 
 1.69064000e-09  1.70687507e+00  1.89312493e+00  2.55736883e+00  2.83172024e+00 
 1.69114000e-09  1.70676106e+00  1.89323894e+00  2.55719591e+00  2.83189710e+00 
 1.69164000e-09  1.70664796e+00  1.89335204e+00  2.55702431e+00  2.83207262e+00 
 1.69214000e-09  1.70653579e+00  1.89346421e+00  2.55685405e+00  2.83224677e+00 
 1.69264000e-09  1.70642454e+00  1.89357546e+00  2.55668513e+00  2.83241957e+00 
 1.69314000e-09  1.70631421e+00  1.89368579e+00  2.55651754e+00  2.83259101e+00 
 1.69364000e-09  1.70620481e+00  1.89379519e+00  2.55635128e+00  2.83276110e+00 
 1.69414000e-09  1.70609633e+00  1.89390367e+00  2.55618636e+00  2.83292982e+00 
 1.69464000e-09  1.70598878e+00  1.89401122e+00  2.55602279e+00  2.83309717e+00 
 1.69514000e-09  1.70588216e+00  1.89411784e+00  2.55586055e+00  2.83326317e+00 
 1.69564000e-09  1.70577647e+00  1.89422353e+00  2.55569966e+00  2.83342780e+00 
 1.69614000e-09  1.70567171e+00  1.89432829e+00  2.55554011e+00  2.83359106e+00 
 1.69664000e-09  1.70556787e+00  1.89443213e+00  2.55538190e+00  2.83375296e+00 
 1.69714000e-09  1.70546497e+00  1.89453503e+00  2.55522505e+00  2.83391348e+00 
 1.69764000e-09  1.70536301e+00  1.89463699e+00  2.55506954e+00  2.83407264e+00 
 1.69814000e-09  1.70526197e+00  1.89473803e+00  2.55491537e+00  2.83423043e+00 
 1.69864000e-09  1.70516188e+00  1.89483812e+00  2.55476256e+00  2.83438685e+00 
 1.69914000e-09  1.70506271e+00  1.89493729e+00  2.55461110e+00  2.83454190e+00 
 1.69964000e-09  1.70496449e+00  1.89503551e+00  2.55446100e+00  2.83469557e+00 
 1.70014000e-09  1.70486720e+00  1.89513280e+00  2.55431225e+00  2.83484787e+00 
 1.70064000e-09  1.70477085e+00  1.89522915e+00  2.55416485e+00  2.83499879e+00 
 1.70114000e-09  1.70467545e+00  1.89532455e+00  2.55401881e+00  2.83514834e+00 
 1.70164000e-09  1.70458098e+00  1.89541902e+00  2.55387413e+00  2.83529651e+00 
 1.70214000e-09  1.70448745e+00  1.89551255e+00  2.55373081e+00  2.83544330e+00 
 1.70264000e-09  1.70439487e+00  1.89560513e+00  2.55358885e+00  2.83558871e+00 
 1.70314000e-09  1.70430323e+00  1.89569677e+00  2.55344825e+00  2.83573274e+00 
 1.70364000e-09  1.70421254e+00  1.89578746e+00  2.55330902e+00  2.83587540e+00 
 1.70414000e-09  1.70412279e+00  1.89587721e+00  2.55317115e+00  2.83601667e+00 
 1.70464000e-09  1.70403398e+00  1.89596602e+00  2.55303465e+00  2.83615655e+00 
 1.70514000e-09  1.70394613e+00  1.89605387e+00  2.55289951e+00  2.83629506e+00 
 1.70564000e-09  1.70385922e+00  1.89614078e+00  2.55276574e+00  2.83643218e+00 
 1.70614000e-09  1.70377326e+00  1.89622674e+00  2.55263334e+00  2.83656791e+00 
 1.70664000e-09  1.70368825e+00  1.89631175e+00  2.55250232e+00  2.83670226e+00 
 1.70714000e-09  1.70360419e+00  1.89639581e+00  2.55237266e+00  2.83683522e+00 
 1.70764000e-09  1.70352108e+00  1.89647892e+00  2.55224438e+00  2.83696680e+00 
 1.70814000e-09  1.70343893e+00  1.89656107e+00  2.55211747e+00  2.83709698e+00 
 1.70864000e-09  1.70335773e+00  1.89664227e+00  2.55199193e+00  2.83722578e+00 
 1.70914000e-09  1.70327748e+00  1.89672252e+00  2.55186778e+00  2.83735319e+00 
 1.70964000e-09  1.70319818e+00  1.89680182e+00  2.55174500e+00  2.83747920e+00 
 1.71014000e-09  1.70311985e+00  1.89688015e+00  2.55162360e+00  2.83760383e+00 
 1.71064000e-09  1.70304246e+00  1.89695754e+00  2.55150357e+00  2.83772706e+00 
 1.71114000e-09  1.70296604e+00  1.89703396e+00  2.55138493e+00  2.83784890e+00 
 1.71164000e-09  1.70289057e+00  1.89710943e+00  2.55126767e+00  2.83796934e+00 
 1.71214000e-09  1.70281606e+00  1.89718394e+00  2.55115179e+00  2.83808839e+00 
 1.71264000e-09  1.70274251e+00  1.89725749e+00  2.55103730e+00  2.83820605e+00 
 1.71314000e-09  1.70266992e+00  1.89733008e+00  2.55092419e+00  2.83832231e+00 
 1.71364000e-09  1.70259829e+00  1.89740171e+00  2.55081247e+00  2.83843717e+00 
 1.71414000e-09  1.70252762e+00  1.89747238e+00  2.55070213e+00  2.83855063e+00 
 1.71464000e-09  1.70245792e+00  1.89754208e+00  2.55059318e+00  2.83866270e+00 
 1.71514000e-09  1.70238917e+00  1.89761083e+00  2.55048562e+00  2.83877337e+00 
 1.71564000e-09  1.70232139e+00  1.89767861e+00  2.55037945e+00  2.83888263e+00 
 1.71614000e-09  1.70225458e+00  1.89774542e+00  2.55027466e+00  2.83899050e+00 
 1.71664000e-09  1.70218872e+00  1.89781128e+00  2.55017127e+00  2.83909697e+00 
 1.71714000e-09  1.70212384e+00  1.89787616e+00  2.55006927e+00  2.83920203e+00 
 1.71764000e-09  1.70205992e+00  1.89794008e+00  2.54996867e+00  2.83930570e+00 
 1.71814000e-09  1.70199697e+00  1.89800303e+00  2.54986945e+00  2.83940796e+00 
 1.71864000e-09  1.70193498e+00  1.89806502e+00  2.54977164e+00  2.83950881e+00 
 1.71914000e-09  1.70187396e+00  1.89812604e+00  2.54967521e+00  2.83960826e+00 
 1.71964000e-09  1.70181391e+00  1.89818609e+00  2.54958019e+00  2.83970631e+00 
 1.72014000e-09  1.70175483e+00  1.89824517e+00  2.54948655e+00  2.83980295e+00 
 1.72064000e-09  1.70169672e+00  1.89830328e+00  2.54939432e+00  2.83989819e+00 
 1.72114000e-09  1.70163958e+00  1.89836042e+00  2.54930349e+00  2.83999202e+00 
 1.72164000e-09  1.70158341e+00  1.89841659e+00  2.54921405e+00  2.84008444e+00 
 1.72214000e-09  1.70152821e+00  1.89847179e+00  2.54912601e+00  2.84017545e+00 
 1.72264000e-09  1.70147398e+00  1.89852602e+00  2.54903938e+00  2.84026506e+00 
 1.72314000e-09  1.70142073e+00  1.89857927e+00  2.54895414e+00  2.84035326e+00 
 1.72364000e-09  1.70136845e+00  1.89863155e+00  2.54887031e+00  2.84044005e+00 
 1.72414000e-09  1.70131714e+00  1.89868286e+00  2.54878788e+00  2.84052542e+00 
 1.72464000e-09  1.70126680e+00  1.89873320e+00  2.54870686e+00  2.84060939e+00 
 1.72514000e-09  1.70121744e+00  1.89878256e+00  2.54862723e+00  2.84069195e+00 
 1.72564000e-09  1.70116906e+00  1.89883094e+00  2.54854902e+00  2.84077309e+00 
 1.72614000e-09  1.70112165e+00  1.89887835e+00  2.54847220e+00  2.84085283e+00 
 1.72664000e-09  1.70107522e+00  1.89892478e+00  2.54839680e+00  2.84093115e+00 
 1.72714000e-09  1.70102976e+00  1.89897024e+00  2.54832279e+00  2.84100805e+00 
 1.72764000e-09  1.70098528e+00  1.89901472e+00  2.54825020e+00  2.84108355e+00 
 1.72814000e-09  1.70094178e+00  1.89905822e+00  2.54817901e+00  2.84115763e+00 
 1.72864000e-09  1.70089925e+00  1.89910075e+00  2.54810924e+00  2.84123029e+00 
 1.72914000e-09  1.70085770e+00  1.89914230e+00  2.54804087e+00  2.84130155e+00 
 1.72964000e-09  1.70081713e+00  1.89918287e+00  2.54797391e+00  2.84137138e+00 
 1.73014000e-09  1.70077754e+00  1.89922246e+00  2.54790836e+00  2.84143980e+00 
 1.73064000e-09  1.70073893e+00  1.89926107e+00  2.54784422e+00  2.84150681e+00 
 1.73114000e-09  1.70070130e+00  1.89929870e+00  2.54778149e+00  2.84157239e+00 
 1.73164000e-09  1.70066465e+00  1.89933535e+00  2.54772017e+00  2.84163657e+00 
 1.73214000e-09  1.70062898e+00  1.89937102e+00  2.54766027e+00  2.84169932e+00 
 1.73264000e-09  1.70059429e+00  1.89940571e+00  2.54760177e+00  2.84176065e+00 
 1.73314000e-09  1.70056058e+00  1.89943942e+00  2.54754469e+00  2.84182057e+00 
 1.73364000e-09  1.70052785e+00  1.89947215e+00  2.54748903e+00  2.84187907e+00 
 1.73414000e-09  1.70049611e+00  1.89950389e+00  2.54743477e+00  2.84193615e+00 
 1.73464000e-09  1.70046535e+00  1.89953465e+00  2.54738193e+00  2.84199182e+00 
 1.73514000e-09  1.70043556e+00  1.89956444e+00  2.54733051e+00  2.84204606e+00 
 1.73564000e-09  1.70040677e+00  1.89959323e+00  2.54728050e+00  2.84209888e+00 
 1.73614000e-09  1.70037895e+00  1.89962105e+00  2.54723190e+00  2.84215028e+00 
 1.73664000e-09  1.70035212e+00  1.89964788e+00  2.54718473e+00  2.84220027e+00 
 1.73714000e-09  1.70032627e+00  1.89967373e+00  2.54713896e+00  2.84224883e+00 
 1.73764000e-09  1.70030140e+00  1.89969860e+00  2.54709462e+00  2.84229597e+00 
 1.73814000e-09  1.70027752e+00  1.89972248e+00  2.54705169e+00  2.84234169e+00 
 1.73864000e-09  1.70025463e+00  1.89974537e+00  2.54701018e+00  2.84238598e+00 
 1.73914000e-09  1.70023271e+00  1.89976729e+00  2.54697008e+00  2.84242886e+00 
 1.73964000e-09  1.70021179e+00  1.89978821e+00  2.54693140e+00  2.84247031e+00 
 1.74014000e-09  1.70019184e+00  1.89980816e+00  2.54689415e+00  2.84251035e+00 
 1.74064000e-09  1.70017288e+00  1.89982712e+00  2.54685831e+00  2.84254895e+00 
 1.74114000e-09  1.70015491e+00  1.89984509e+00  2.54682388e+00  2.84258614e+00 
 1.74164000e-09  1.70013792e+00  1.89986208e+00  2.54679088e+00  2.84262190e+00 
 1.74214000e-09  1.70012192e+00  1.89987808e+00  2.54675930e+00  2.84265624e+00 
 1.74264000e-09  1.70010691e+00  1.89989309e+00  2.54672913e+00  2.84268916e+00 
 1.74314000e-09  1.70009288e+00  1.89990712e+00  2.54670039e+00  2.84272065e+00 
 1.74364000e-09  1.70007983e+00  1.89992017e+00  2.54667306e+00  2.84275072e+00 
 1.74414000e-09  1.70006778e+00  1.89993222e+00  2.54664716e+00  2.84277937e+00 
 1.74464000e-09  1.70005670e+00  1.89994330e+00  2.54662267e+00  2.84280659e+00 
 1.74514000e-09  1.70004662e+00  1.89995338e+00  2.54659961e+00  2.84283238e+00 
 1.74564000e-09  1.70003752e+00  1.89996248e+00  2.54657797e+00  2.84285675e+00 
 1.74614000e-09  1.70002941e+00  1.89997059e+00  2.54655774e+00  2.84287970e+00 
 1.74664000e-09  1.70002228e+00  1.89997772e+00  2.54653894e+00  2.84290122e+00 
 1.74714000e-09  1.70001615e+00  1.89998385e+00  2.54652156e+00  2.84292132e+00 
 1.74764000e-09  1.70001099e+00  1.89998901e+00  2.54650560e+00  2.84293999e+00 
 1.74814000e-09  1.70000683e+00  1.89999317e+00  2.54649106e+00  2.84295724e+00 
 1.74864000e-09  1.70000365e+00  1.89999635e+00  2.54647795e+00  2.84297306e+00 
 1.74914000e-09  1.70000146e+00  1.89999854e+00  2.54646625e+00  2.84298745e+00 
 1.74964000e-09  1.70000026e+00  1.89999974e+00  2.54645598e+00  2.84300042e+00 
 1.75014000e-09  1.70000004e+00  1.89999996e+00  2.54644712e+00  2.84301196e+00 
 1.75064000e-09  1.70000081e+00  1.89999919e+00  2.54643969e+00  2.84302208e+00 
 1.75114000e-09  1.70000257e+00  1.89999743e+00  2.54643368e+00  2.84303077e+00 
 1.75164000e-09  1.70000531e+00  1.89999469e+00  2.54642909e+00  2.84303804e+00 
 1.75214000e-09  1.70000904e+00  1.89999096e+00  2.54642593e+00  2.84304388e+00 
 1.75264000e-09  1.70001376e+00  1.89998624e+00  2.54642418e+00  2.84304829e+00 
 1.75314000e-09  1.70001946e+00  1.89998054e+00  2.54642386e+00  2.84305128e+00 
 1.75364000e-09  1.70002615e+00  1.89997385e+00  2.54642496e+00  2.84305284e+00 
 1.75414000e-09  1.70003383e+00  1.89996617e+00  2.54642748e+00  2.84305298e+00 
 1.75464000e-09  1.70004249e+00  1.89995751e+00  2.54643142e+00  2.84305168e+00 
 1.75514000e-09  1.70005215e+00  1.89994785e+00  2.54643678e+00  2.84304897e+00 
 1.75564000e-09  1.70006278e+00  1.89993722e+00  2.54644356e+00  2.84304482e+00 
 1.75614000e-09  1.70007441e+00  1.89992559e+00  2.54645177e+00  2.84303925e+00 
 1.75664000e-09  1.70008702e+00  1.89991298e+00  2.54646139e+00  2.84303226e+00 
 1.75714000e-09  1.70010061e+00  1.89989939e+00  2.54647244e+00  2.84302383e+00 
 1.75764000e-09  1.70011519e+00  1.89988481e+00  2.54648491e+00  2.84301398e+00 
 1.75814000e-09  1.70013076e+00  1.89986924e+00  2.54649880e+00  2.84300271e+00 
 1.75864000e-09  1.70014732e+00  1.89985268e+00  2.54651411e+00  2.84299001e+00 
 1.75914000e-09  1.70016486e+00  1.89983514e+00  2.54653084e+00  2.84297588e+00 
 1.75964000e-09  1.70018338e+00  1.89981662e+00  2.54654899e+00  2.84296033e+00 
 1.76014000e-09  1.70020289e+00  1.89979711e+00  2.54656856e+00  2.84294335e+00 
 1.76064000e-09  1.70022338e+00  1.89977662e+00  2.54658955e+00  2.84292494e+00 
 1.76114000e-09  1.70024486e+00  1.89975514e+00  2.54661196e+00  2.84290511e+00 
 1.76164000e-09  1.70026733e+00  1.89973267e+00  2.54663579e+00  2.84288385e+00 
 1.76214000e-09  1.70029077e+00  1.89970923e+00  2.54666104e+00  2.84286117e+00 
 1.76264000e-09  1.70031521e+00  1.89968479e+00  2.54668771e+00  2.84283706e+00 
 1.76314000e-09  1.70034062e+00  1.89965938e+00  2.54671580e+00  2.84281153e+00 
 1.76364000e-09  1.70036702e+00  1.89963298e+00  2.54674531e+00  2.84278457e+00 
 1.76414000e-09  1.70039441e+00  1.89960559e+00  2.54677623e+00  2.84275619e+00 
 1.76464000e-09  1.70042277e+00  1.89957723e+00  2.54680857e+00  2.84272638e+00 
 1.76514000e-09  1.70045212e+00  1.89954788e+00  2.54684233e+00  2.84269515e+00 
 1.76564000e-09  1.70048245e+00  1.89951755e+00  2.54687751e+00  2.84266249e+00 
 1.76614000e-09  1.70051377e+00  1.89948623e+00  2.54691411e+00  2.84262841e+00 
 1.76664000e-09  1.70054606e+00  1.89945394e+00  2.54695212e+00  2.84259290e+00 
 1.76714000e-09  1.70057934e+00  1.89942066e+00  2.54699155e+00  2.84255597e+00 
 1.76764000e-09  1.70061360e+00  1.89938640e+00  2.54703240e+00  2.84251762e+00 
 1.76814000e-09  1.70064883e+00  1.89935117e+00  2.54707466e+00  2.84247784e+00 
 1.76864000e-09  1.70068505e+00  1.89931495e+00  2.54711833e+00  2.84243664e+00 
 1.76914000e-09  1.70072225e+00  1.89927775e+00  2.54716343e+00  2.84239401e+00 
 1.76964000e-09  1.70076043e+00  1.89923957e+00  2.54720993e+00  2.84234997e+00 
 1.77014000e-09  1.70079959e+00  1.89920041e+00  2.54725786e+00  2.84230450e+00 
 1.77064000e-09  1.70083973e+00  1.89916027e+00  2.54730719e+00  2.84225760e+00 
 1.77114000e-09  1.70088085e+00  1.89911915e+00  2.54735794e+00  2.84220929e+00 
 1.77164000e-09  1.70092294e+00  1.89907706e+00  2.54741010e+00  2.84215955e+00 
 1.77214000e-09  1.70096602e+00  1.89903398e+00  2.54746368e+00  2.84210840e+00 
 1.77264000e-09  1.70101007e+00  1.89898993e+00  2.54751867e+00  2.84205582e+00 
 1.77314000e-09  1.70105509e+00  1.89894491e+00  2.54757507e+00  2.84200182e+00 
 1.77364000e-09  1.70110110e+00  1.89889890e+00  2.54763288e+00  2.84194640e+00 
 1.77414000e-09  1.70114808e+00  1.89885192e+00  2.54769210e+00  2.84188955e+00 
 1.77464000e-09  1.70119603e+00  1.89880397e+00  2.54775273e+00  2.84183129e+00 
 1.77514000e-09  1.70124496e+00  1.89875504e+00  2.54781477e+00  2.84177161e+00 
 1.77564000e-09  1.70129487e+00  1.89870513e+00  2.54787823e+00  2.84171051e+00 
 1.77614000e-09  1.70134575e+00  1.89865425e+00  2.54794309e+00  2.84164800e+00 
 1.77664000e-09  1.70139760e+00  1.89860240e+00  2.54800936e+00  2.84158406e+00 
 1.77714000e-09  1.70145043e+00  1.89854957e+00  2.54807703e+00  2.84151870e+00 
 1.77764000e-09  1.70150423e+00  1.89849577e+00  2.54814612e+00  2.84145193e+00 
 1.77814000e-09  1.70155900e+00  1.89844100e+00  2.54821661e+00  2.84138374e+00 
 1.77864000e-09  1.70161474e+00  1.89838526e+00  2.54828851e+00  2.84131414e+00 
 1.77914000e-09  1.70167146e+00  1.89832854e+00  2.54836181e+00  2.84124311e+00 
 1.77964000e-09  1.70172914e+00  1.89827086e+00  2.54843652e+00  2.84117067e+00 
 1.78014000e-09  1.70178780e+00  1.89821220e+00  2.54851263e+00  2.84109682e+00 
 1.78064000e-09  1.70184742e+00  1.89815258e+00  2.54859015e+00  2.84102155e+00 
 1.78114000e-09  1.70190801e+00  1.89809199e+00  2.54866907e+00  2.84094487e+00 
 1.78164000e-09  1.70196957e+00  1.89803043e+00  2.54874939e+00  2.84086677e+00 
 1.78214000e-09  1.70203210e+00  1.89796790e+00  2.54883111e+00  2.84078726e+00 
 1.78264000e-09  1.70209559e+00  1.89790441e+00  2.54891424e+00  2.84070633e+00 
 1.78314000e-09  1.70216006e+00  1.89783994e+00  2.54899877e+00  2.84062399e+00 
 1.78364000e-09  1.70222548e+00  1.89777452e+00  2.54908469e+00  2.84054024e+00 
 1.78414000e-09  1.70229187e+00  1.89770813e+00  2.54917202e+00  2.84045508e+00 
 1.78464000e-09  1.70235923e+00  1.89764077e+00  2.54926074e+00  2.84036851e+00 
 1.78514000e-09  1.70242755e+00  1.89757245e+00  2.54935086e+00  2.84028053e+00 
 1.78564000e-09  1.70249683e+00  1.89750317e+00  2.54944238e+00  2.84019114e+00 
 1.78614000e-09  1.70256708e+00  1.89743292e+00  2.54953530e+00  2.84010034e+00 
 1.78664000e-09  1.70263829e+00  1.89736171e+00  2.54962961e+00  2.84000813e+00 
 1.78714000e-09  1.70271045e+00  1.89728955e+00  2.54972532e+00  2.83991451e+00 
 1.78764000e-09  1.70278358e+00  1.89721642e+00  2.54982242e+00  2.83981948e+00 
 1.78814000e-09  1.70285767e+00  1.89714233e+00  2.54992091e+00  2.83972305e+00 
 1.78864000e-09  1.70293271e+00  1.89706729e+00  2.55002080e+00  2.83962521e+00 
 1.78914000e-09  1.70300872e+00  1.89699128e+00  2.55012208e+00  2.83952597e+00 
 1.78964000e-09  1.70308568e+00  1.89691432e+00  2.55022474e+00  2.83942532e+00 
 1.79014000e-09  1.70316360e+00  1.89683640e+00  2.55032880e+00  2.83932326e+00 
 1.79064000e-09  1.70324247e+00  1.89675753e+00  2.55043425e+00  2.83921980e+00 
 1.79114000e-09  1.70332230e+00  1.89667770e+00  2.55054109e+00  2.83911494e+00 
 1.79164000e-09  1.70340308e+00  1.89659692e+00  2.55064932e+00  2.83900868e+00 
 1.79214000e-09  1.70348482e+00  1.89651518e+00  2.55075893e+00  2.83890102e+00 
 1.79264000e-09  1.70356751e+00  1.89643249e+00  2.55086993e+00  2.83879195e+00 
 1.79314000e-09  1.70365115e+00  1.89634885e+00  2.55098231e+00  2.83868149e+00 
 1.79364000e-09  1.70373574e+00  1.89626426e+00  2.55109608e+00  2.83856962e+00 
 1.79414000e-09  1.70382128e+00  1.89617872e+00  2.55121123e+00  2.83845636e+00 
 1.79464000e-09  1.70390777e+00  1.89609223e+00  2.55132776e+00  2.83834170e+00 
 1.79514000e-09  1.70399521e+00  1.89600479e+00  2.55144568e+00  2.83822564e+00 
 1.79564000e-09  1.70408360e+00  1.89591640e+00  2.55156497e+00  2.83810819e+00 
 1.79614000e-09  1.70417293e+00  1.89582707e+00  2.55168565e+00  2.83798934e+00 
 1.79664000e-09  1.70426321e+00  1.89573679e+00  2.55180770e+00  2.83786909e+00 
 1.79714000e-09  1.70435443e+00  1.89564557e+00  2.55193113e+00  2.83774746e+00 
 1.79764000e-09  1.70444660e+00  1.89555340e+00  2.55205594e+00  2.83762443e+00 
 1.79814000e-09  1.70453971e+00  1.89546029e+00  2.55218212e+00  2.83750000e+00 
 1.79864000e-09  1.70463376e+00  1.89536624e+00  2.55230968e+00  2.83737419e+00 
 1.79914000e-09  1.70472876e+00  1.89527124e+00  2.55243861e+00  2.83724698e+00 
 1.79964000e-09  1.70482469e+00  1.89517531e+00  2.55256892e+00  2.83711839e+00 
 1.80014000e-09  1.70492157e+00  1.89507843e+00  2.55270059e+00  2.83698841e+00 
 1.80064000e-09  1.70501938e+00  1.89498062e+00  2.55283364e+00  2.83685703e+00 
 1.80114000e-09  1.70511813e+00  1.89488187e+00  2.55296806e+00  2.83672428e+00 
 1.80164000e-09  1.70521782e+00  1.89478218e+00  2.55310384e+00  2.83659013e+00 
 1.80214000e-09  1.70531844e+00  1.89468156e+00  2.55324099e+00  2.83645460e+00 
 1.80264000e-09  1.70541999e+00  1.89458001e+00  2.55337951e+00  2.83631769e+00 
 1.80314000e-09  1.70552248e+00  1.89447752e+00  2.55351940e+00  2.83617939e+00 
 1.80364000e-09  1.70562591e+00  1.89437409e+00  2.55366064e+00  2.83603972e+00 
 1.80414000e-09  1.70573026e+00  1.89426974e+00  2.55380325e+00  2.83589866e+00 
 1.80464000e-09  1.70583554e+00  1.89416446e+00  2.55394723e+00  2.83575622e+00 
 1.80514000e-09  1.70594176e+00  1.89405824e+00  2.55409256e+00  2.83561240e+00 
 1.80564000e-09  1.70604890e+00  1.89395110e+00  2.55423925e+00  2.83546720e+00 
 1.80614000e-09  1.70615697e+00  1.89384303e+00  2.55438731e+00  2.83532063e+00 
 1.80664000e-09  1.70626596e+00  1.89373404e+00  2.55453671e+00  2.83517268e+00 
 1.80714000e-09  1.70637588e+00  1.89362412e+00  2.55468748e+00  2.83502335e+00 
 1.80764000e-09  1.70648673e+00  1.89351327e+00  2.55483960e+00  2.83487265e+00 
 1.80814000e-09  1.70659849e+00  1.89340151e+00  2.55499307e+00  2.83472058e+00 
 1.80864000e-09  1.70671118e+00  1.89328882e+00  2.55514790e+00  2.83456714e+00 
 1.80914000e-09  1.70682479e+00  1.89317521e+00  2.55530407e+00  2.83441232e+00 
 1.80964000e-09  1.70693932e+00  1.89306068e+00  2.55546160e+00  2.83425614e+00 
 1.81014000e-09  1.70705477e+00  1.89294523e+00  2.55562048e+00  2.83409859e+00 
 1.81064000e-09  1.70717113e+00  1.89282887e+00  2.55578070e+00  2.83393967e+00 
 1.81114000e-09  1.70728842e+00  1.89271158e+00  2.55594227e+00  2.83377938e+00 
 1.81164000e-09  1.70740661e+00  1.89259339e+00  2.55610518e+00  2.83361773e+00 
 1.81214000e-09  1.70752572e+00  1.89247428e+00  2.55626944e+00  2.83345472e+00 
 1.81264000e-09  1.70764575e+00  1.89235425e+00  2.55643504e+00  2.83329034e+00 
 1.81314000e-09  1.70776668e+00  1.89223332e+00  2.55660198e+00  2.83312460e+00 
 1.81364000e-09  1.70788852e+00  1.89211148e+00  2.55677026e+00  2.83295751e+00 
 1.81414000e-09  1.70801128e+00  1.89198872e+00  2.55693987e+00  2.83278905e+00 
 1.81464000e-09  1.70813494e+00  1.89186506e+00  2.55711083e+00  2.83261923e+00 
 1.81514000e-09  1.70825951e+00  1.89174049e+00  2.55728312e+00  2.83244806e+00 
 1.81564000e-09  1.70838498e+00  1.89161502e+00  2.55745674e+00  2.83227554e+00 
 1.81614000e-09  1.70851136e+00  1.89148864e+00  2.55763170e+00  2.83210166e+00 
 1.81664000e-09  1.70863864e+00  1.89136136e+00  2.55780799e+00  2.83192642e+00 
 1.81714000e-09  1.70876682e+00  1.89123318e+00  2.55798560e+00  2.83174984e+00 
 1.81764000e-09  1.70889591e+00  1.89110409e+00  2.55816455e+00  2.83157191e+00 
 1.81814000e-09  1.70902589e+00  1.89097411e+00  2.55834482e+00  2.83139262e+00 
 1.81864000e-09  1.70915677e+00  1.89084323e+00  2.55852642e+00  2.83121200e+00 
 1.81914000e-09  1.70928855e+00  1.89071145e+00  2.55870934e+00  2.83103002e+00 
 1.81964000e-09  1.70942122e+00  1.89057878e+00  2.55889359e+00  2.83084670e+00 
 1.82014000e-09  1.70955478e+00  1.89044522e+00  2.55907916e+00  2.83066204e+00 
 1.82064000e-09  1.70968924e+00  1.89031076e+00  2.55926604e+00  2.83047603e+00 
 1.82114000e-09  1.70982459e+00  1.89017541e+00  2.55945425e+00  2.83028869e+00 
 1.82164000e-09  1.70996083e+00  1.89003917e+00  2.55964377e+00  2.83010000e+00 
 1.82214000e-09  1.71009796e+00  1.88990204e+00  2.55983460e+00  2.82990998e+00 
 1.82264000e-09  1.71023598e+00  1.88976402e+00  2.56002675e+00  2.82971863e+00 
 1.82314000e-09  1.71037488e+00  1.88962512e+00  2.56022021e+00  2.82952593e+00 
 1.82364000e-09  1.71051466e+00  1.88948534e+00  2.56041498e+00  2.82933191e+00 
 1.82414000e-09  1.71065533e+00  1.88934467e+00  2.56061106e+00  2.82913655e+00 
 1.82464000e-09  1.71079689e+00  1.88920311e+00  2.56080845e+00  2.82893987e+00 
 1.82514000e-09  1.71093932e+00  1.88906068e+00  2.56100714e+00  2.82874185e+00 
 1.82564000e-09  1.71108263e+00  1.88891737e+00  2.56120714e+00  2.82854251e+00 
 1.82614000e-09  1.71122682e+00  1.88877318e+00  2.56140843e+00  2.82834185e+00 
 1.82664000e-09  1.71137188e+00  1.88862812e+00  2.56161103e+00  2.82813986e+00 
 1.82714000e-09  1.71151782e+00  1.88848218e+00  2.56181493e+00  2.82793654e+00 
 1.82764000e-09  1.71166463e+00  1.88833537e+00  2.56202013e+00  2.82773191e+00 
 1.82814000e-09  1.71181232e+00  1.88818768e+00  2.56222662e+00  2.82752596e+00 
 1.82864000e-09  1.71196087e+00  1.88803913e+00  2.56243440e+00  2.82731869e+00 
 1.82914000e-09  1.71211030e+00  1.88788970e+00  2.56264348e+00  2.82711010e+00 
 1.82964000e-09  1.71226059e+00  1.88773941e+00  2.56285385e+00  2.82690020e+00 
 1.83014000e-09  1.71241174e+00  1.88758826e+00  2.56306550e+00  2.82668899e+00 
 1.83064000e-09  1.71256376e+00  1.88743624e+00  2.56327844e+00  2.82647647e+00 
 1.83114000e-09  1.71271665e+00  1.88728335e+00  2.56349267e+00  2.82626263e+00 
 1.83164000e-09  1.71287039e+00  1.88712961e+00  2.56370818e+00  2.82604749e+00 
 1.83214000e-09  1.71302500e+00  1.88697500e+00  2.56392498e+00  2.82583105e+00 
 1.83264000e-09  1.71318046e+00  1.88681954e+00  2.56414305e+00  2.82561330e+00 
 1.83314000e-09  1.71333679e+00  1.88666321e+00  2.56436240e+00  2.82539425e+00 
 1.83364000e-09  1.71349396e+00  1.88650604e+00  2.56458303e+00  2.82517390e+00 
 1.83414000e-09  1.71365199e+00  1.88634801e+00  2.56480493e+00  2.82495225e+00 
 1.83464000e-09  1.71381088e+00  1.88618912e+00  2.56502811e+00  2.82472930e+00 
 1.83514000e-09  1.71397061e+00  1.88602939e+00  2.56525255e+00  2.82450506e+00 
 1.83564000e-09  1.71413119e+00  1.88586881e+00  2.56547826e+00  2.82427952e+00 
 1.83614000e-09  1.71429262e+00  1.88570738e+00  2.56570525e+00  2.82405269e+00 
 1.83664000e-09  1.71445490e+00  1.88554510e+00  2.56593349e+00  2.82382458e+00 
 1.83714000e-09  1.71461802e+00  1.88538198e+00  2.56616300e+00  2.82359517e+00 
 1.83764000e-09  1.71478198e+00  1.88521802e+00  2.56639377e+00  2.82336448e+00 
 1.83814000e-09  1.71494678e+00  1.88505322e+00  2.56662580e+00  2.82313250e+00 
 1.83864000e-09  1.71511242e+00  1.88488758e+00  2.56685909e+00  2.82289925e+00 
 1.83914000e-09  1.71527891e+00  1.88472109e+00  2.56709363e+00  2.82266471e+00 
 1.83964000e-09  1.71544622e+00  1.88455378e+00  2.56732943e+00  2.82242890e+00 
 1.84014000e-09  1.71561437e+00  1.88438563e+00  2.56756647e+00  2.82219180e+00 
 1.84064000e-09  1.71578336e+00  1.88421664e+00  2.56780477e+00  2.82195344e+00 
 1.84114000e-09  1.71595317e+00  1.88404683e+00  2.56804431e+00  2.82171380e+00 
 1.84164000e-09  1.71612382e+00  1.88387618e+00  2.56828510e+00  2.82147289e+00 
 1.84214000e-09  1.71629529e+00  1.88370471e+00  2.56852714e+00  2.82123071e+00 
 1.84264000e-09  1.71646759e+00  1.88353241e+00  2.56877041e+00  2.82098727e+00 
 1.84314000e-09  1.71664071e+00  1.88335929e+00  2.56901493e+00  2.82074256e+00 
 1.84364000e-09  1.71681466e+00  1.88318534e+00  2.56926068e+00  2.82049659e+00 
 1.84414000e-09  1.71698943e+00  1.88301057e+00  2.56950766e+00  2.82024936e+00 
 1.84464000e-09  1.71716501e+00  1.88283499e+00  2.56975588e+00  2.82000087e+00 
 1.84514000e-09  1.71734142e+00  1.88265858e+00  2.57000533e+00  2.81975112e+00 
 1.84564000e-09  1.71751864e+00  1.88248136e+00  2.57025601e+00  2.81950012e+00 
 1.84614000e-09  1.71769667e+00  1.88230333e+00  2.57050792e+00  2.81924787e+00 
 1.84664000e-09  1.71787552e+00  1.88212448e+00  2.57076105e+00  2.81899437e+00 
 1.84714000e-09  1.71805517e+00  1.88194483e+00  2.57101540e+00  2.81873962e+00 
 1.84764000e-09  1.71823564e+00  1.88176436e+00  2.57127097e+00  2.81848363e+00 
 1.84814000e-09  1.71841691e+00  1.88158309e+00  2.57152776e+00  2.81822639e+00 
 1.84864000e-09  1.71859899e+00  1.88140101e+00  2.57178577e+00  2.81796791e+00 
 1.84914000e-09  1.71878187e+00  1.88121813e+00  2.57204499e+00  2.81770819e+00 
 1.84964000e-09  1.71896555e+00  1.88103445e+00  2.57230542e+00  2.81744724e+00 
 1.85014000e-09  1.71915004e+00  1.88084996e+00  2.57256706e+00  2.81718505e+00 
 1.85064000e-09  1.71933532e+00  1.88066468e+00  2.57282991e+00  2.81692162e+00 
 1.85114000e-09  1.71952139e+00  1.88047861e+00  2.57309396e+00  2.81665697e+00 
 1.85164000e-09  1.71970826e+00  1.88029174e+00  2.57335921e+00  2.81639109e+00 
 1.85214000e-09  1.71989593e+00  1.88010407e+00  2.57362567e+00  2.81612399e+00 
 1.85264000e-09  1.72008438e+00  1.87991562e+00  2.57389332e+00  2.81585566e+00 
 1.85314000e-09  1.72027362e+00  1.87972638e+00  2.57416217e+00  2.81558611e+00 
 1.85364000e-09  1.72046365e+00  1.87953635e+00  2.57443221e+00  2.81531534e+00 
 1.85414000e-09  1.72065447e+00  1.87934553e+00  2.57470344e+00  2.81504336e+00 
 1.85464000e-09  1.72084606e+00  1.87915394e+00  2.57497586e+00  2.81477016e+00 
 1.85514000e-09  1.72103844e+00  1.87896156e+00  2.57524947e+00  2.81449575e+00 
 1.85564000e-09  1.72123160e+00  1.87876840e+00  2.57552426e+00  2.81422013e+00 
 1.85614000e-09  1.72142554e+00  1.87857446e+00  2.57580023e+00  2.81394331e+00 
 1.85664000e-09  1.72162025e+00  1.87837975e+00  2.57607738e+00  2.81366528e+00 
 1.85714000e-09  1.72181573e+00  1.87818427e+00  2.57635570e+00  2.81338604e+00 
 1.85764000e-09  1.72201199e+00  1.87798801e+00  2.57663520e+00  2.81310561e+00 
 1.85814000e-09  1.72220901e+00  1.87779099e+00  2.57691587e+00  2.81282399e+00 
 1.85864000e-09  1.72240681e+00  1.87759319e+00  2.57719771e+00  2.81254116e+00 
 1.85914000e-09  1.72260537e+00  1.87739463e+00  2.57748072e+00  2.81225715e+00 
 1.85964000e-09  1.72280469e+00  1.87719531e+00  2.57776489e+00  2.81197195e+00 
 1.86014000e-09  1.72300478e+00  1.87699522e+00  2.57805023e+00  2.81168555e+00 
 1.86064000e-09  1.72320562e+00  1.87679438e+00  2.57833672e+00  2.81139798e+00 
 1.86114000e-09  1.72340722e+00  1.87659278e+00  2.57862437e+00  2.81110922e+00 
 1.86164000e-09  1.72360958e+00  1.87639042e+00  2.57891317e+00  2.81081929e+00 
 1.86214000e-09  1.72381270e+00  1.87618730e+00  2.57920312e+00  2.81052817e+00 
 1.86264000e-09  1.72401656e+00  1.87598344e+00  2.57949423e+00  2.81023588e+00 
 1.86314000e-09  1.72422118e+00  1.87577882e+00  2.57978648e+00  2.80994243e+00 
 1.86364000e-09  1.72442654e+00  1.87557346e+00  2.58007987e+00  2.80964780e+00 
 1.86414000e-09  1.72463265e+00  1.87536735e+00  2.58037441e+00  2.80935200e+00 
 1.86464000e-09  1.72483950e+00  1.87516050e+00  2.58067008e+00  2.80905504e+00 
 1.86514000e-09  1.72504709e+00  1.87495291e+00  2.58096689e+00  2.80875693e+00 
 1.86564000e-09  1.72525543e+00  1.87474457e+00  2.58126483e+00  2.80845765e+00 
 1.86614000e-09  1.72546450e+00  1.87453550e+00  2.58156391e+00  2.80815722e+00 
 1.86664000e-09  1.72567431e+00  1.87432569e+00  2.58186411e+00  2.80785563e+00 
 1.86714000e-09  1.72588485e+00  1.87411515e+00  2.58216543e+00  2.80755289e+00 
 1.86764000e-09  1.72609612e+00  1.87390388e+00  2.58246788e+00  2.80724901e+00 
 1.86814000e-09  1.72630812e+00  1.87369188e+00  2.58277145e+00  2.80694398e+00 
 1.86864000e-09  1.72652085e+00  1.87347915e+00  2.58307614e+00  2.80663781e+00 
 1.86914000e-09  1.72673431e+00  1.87326569e+00  2.58338194e+00  2.80633050e+00 
 1.86964000e-09  1.72694848e+00  1.87305152e+00  2.58368885e+00  2.80602205e+00 
 1.87014000e-09  1.72716338e+00  1.87283662e+00  2.58399687e+00  2.80571247e+00 
 1.87064000e-09  1.72737900e+00  1.87262100e+00  2.58430600e+00  2.80540176e+00 
 1.87114000e-09  1.72759533e+00  1.87240467e+00  2.58461623e+00  2.80508992e+00 
 1.87164000e-09  1.72781238e+00  1.87218762e+00  2.58492756e+00  2.80477696e+00 
 1.87214000e-09  1.72803014e+00  1.87196986e+00  2.58523999e+00  2.80446287e+00 
 1.87264000e-09  1.72824861e+00  1.87175139e+00  2.58555352e+00  2.80414767e+00 
 1.87314000e-09  1.72846779e+00  1.87153221e+00  2.58586814e+00  2.80383135e+00 
 1.87364000e-09  1.72868768e+00  1.87131232e+00  2.58618384e+00  2.80351391e+00 
 1.87414000e-09  1.72890827e+00  1.87109173e+00  2.58650063e+00  2.80319536e+00 
 1.87464000e-09  1.72912956e+00  1.87087044e+00  2.58681851e+00  2.80287571e+00 
 1.87514000e-09  1.72935155e+00  1.87064845e+00  2.58713747e+00  2.80255495e+00 
 1.87564000e-09  1.72957424e+00  1.87042576e+00  2.58745750e+00  2.80223309e+00 
 1.87614000e-09  1.72979762e+00  1.87020238e+00  2.58777861e+00  2.80191013e+00 
 1.87664000e-09  1.73002170e+00  1.86997830e+00  2.58810079e+00  2.80158607e+00 
 1.87714000e-09  1.73024646e+00  1.86975354e+00  2.58842404e+00  2.80126092e+00 
 1.87764000e-09  1.73047192e+00  1.86952808e+00  2.58874836e+00  2.80093469e+00 
 1.87814000e-09  1.73069806e+00  1.86930194e+00  2.58907374e+00  2.80060736e+00 
 1.87864000e-09  1.73092488e+00  1.86907512e+00  2.58940018e+00  2.80027895e+00 
 1.87914000e-09  1.73115239e+00  1.86884761e+00  2.58972767e+00  2.79994946e+00 
 1.87964000e-09  1.73138058e+00  1.86861942e+00  2.59005622e+00  2.79961889e+00 
 1.88014000e-09  1.73160944e+00  1.86839056e+00  2.59038583e+00  2.79928725e+00 
 1.88064000e-09  1.73183898e+00  1.86816102e+00  2.59071648e+00  2.79895454e+00 
 1.88114000e-09  1.73206919e+00  1.86793081e+00  2.59104817e+00  2.79862076e+00 
 1.88164000e-09  1.73230007e+00  1.86769993e+00  2.59138091e+00  2.79828591e+00 
 1.88214000e-09  1.73253162e+00  1.86746838e+00  2.59171468e+00  2.79795000e+00 
 1.88264000e-09  1.73276384e+00  1.86723616e+00  2.59204950e+00  2.79761303e+00 
 1.88314000e-09  1.73299672e+00  1.86700328e+00  2.59238534e+00  2.79727501e+00 
 1.88364000e-09  1.73323026e+00  1.86676974e+00  2.59272221e+00  2.79693593e+00 
 1.88414000e-09  1.73346446e+00  1.86653554e+00  2.59306011e+00  2.79659580e+00 
 1.88464000e-09  1.73369931e+00  1.86630069e+00  2.59339904e+00  2.79625463e+00 
 1.88514000e-09  1.73393482e+00  1.86606518e+00  2.59373898e+00  2.79591242e+00 
 1.88564000e-09  1.73417098e+00  1.86582902e+00  2.59407994e+00  2.79556916e+00 
 1.88614000e-09  1.73440780e+00  1.86559220e+00  2.59442192e+00  2.79522487e+00 
 1.88664000e-09  1.73464526e+00  1.86535474e+00  2.59476491e+00  2.79487954e+00 
 1.88714000e-09  1.73488336e+00  1.86511664e+00  2.59510890e+00  2.79453319e+00 
 1.88764000e-09  1.73512211e+00  1.86487789e+00  2.59545390e+00  2.79418581e+00 
 1.88814000e-09  1.73536150e+00  1.86463850e+00  2.59579990e+00  2.79383740e+00 
 1.88864000e-09  1.73560152e+00  1.86439848e+00  2.59614689e+00  2.79348798e+00 
 1.88914000e-09  1.73584218e+00  1.86415782e+00  2.59649489e+00  2.79313754e+00 
 1.88964000e-09  1.73608348e+00  1.86391652e+00  2.59684387e+00  2.79278608e+00 
 1.89014000e-09  1.73632540e+00  1.86367460e+00  2.59719384e+00  2.79243362e+00 
 1.89064000e-09  1.73656796e+00  1.86343204e+00  2.59754480e+00  2.79208015e+00 
 1.89114000e-09  1.73681114e+00  1.86318886e+00  2.59789673e+00  2.79172567e+00 
 1.89164000e-09  1.73705494e+00  1.86294506e+00  2.59824965e+00  2.79137020e+00 
 1.89214000e-09  1.73729937e+00  1.86270063e+00  2.59860354e+00  2.79101373e+00 
 1.89264000e-09  1.73754441e+00  1.86245559e+00  2.59895840e+00  2.79065626e+00 
 1.89314000e-09  1.73779007e+00  1.86220993e+00  2.59931423e+00  2.79029781e+00 
 1.89364000e-09  1.73803634e+00  1.86196366e+00  2.59967103e+00  2.78993837e+00 
 1.89414000e-09  1.73828323e+00  1.86171677e+00  2.60002879e+00  2.78957795e+00 
 1.89464000e-09  1.73853072e+00  1.86146928e+00  2.60038750e+00  2.78921654e+00 
 1.89514000e-09  1.73877882e+00  1.86122118e+00  2.60074717e+00  2.78885417e+00 
 1.89564000e-09  1.73902753e+00  1.86097247e+00  2.60110780e+00  2.78849082e+00 
 1.89614000e-09  1.73927684e+00  1.86072316e+00  2.60146937e+00  2.78812650e+00 
 1.89664000e-09  1.73952674e+00  1.86047326e+00  2.60183188e+00  2.78776122e+00 
 1.89714000e-09  1.73977725e+00  1.86022275e+00  2.60219534e+00  2.78739497e+00 
 1.89764000e-09  1.74002834e+00  1.85997166e+00  2.60255973e+00  2.78702777e+00 
 1.89814000e-09  1.74028003e+00  1.85971997e+00  2.60292506e+00  2.78665961e+00 
 1.89864000e-09  1.74053231e+00  1.85946769e+00  2.60329132e+00  2.78629050e+00 
 1.89914000e-09  1.74078518e+00  1.85921482e+00  2.60365850e+00  2.78592045e+00 
 1.89964000e-09  1.74103863e+00  1.85896137e+00  2.60402661e+00  2.78554945e+00 
 1.90014000e-09  1.74129266e+00  1.85870734e+00  2.60439564e+00  2.78517751e+00 
 1.90064000e-09  1.74154727e+00  1.85845273e+00  2.60476559e+00  2.78480463e+00 
 1.90114000e-09  1.74180246e+00  1.85819754e+00  2.60513645e+00  2.78443082e+00 
 1.90164000e-09  1.74205823e+00  1.85794177e+00  2.60550822e+00  2.78405609e+00 
 1.90214000e-09  1.74231456e+00  1.85768544e+00  2.60588089e+00  2.78368042e+00 
 1.90264000e-09  1.74257147e+00  1.85742853e+00  2.60625447e+00  2.78330384e+00 
 1.90314000e-09  1.74282894e+00  1.85717106e+00  2.60662895e+00  2.78292633e+00 
 1.90364000e-09  1.74308697e+00  1.85691303e+00  2.60700432e+00  2.78254792e+00 
 1.90414000e-09  1.74334557e+00  1.85665443e+00  2.60738058e+00  2.78216859e+00 
 1.90464000e-09  1.74360472e+00  1.85639528e+00  2.60775773e+00  2.78178835e+00 
 1.90514000e-09  1.74386444e+00  1.85613556e+00  2.60813577e+00  2.78140721e+00 
 1.90564000e-09  1.74412470e+00  1.85587530e+00  2.60851469e+00  2.78102518e+00 
 1.90614000e-09  1.74438552e+00  1.85561448e+00  2.60889448e+00  2.78064224e+00 
 1.90664000e-09  1.74464689e+00  1.85535311e+00  2.60927515e+00  2.78025842e+00 
 1.90714000e-09  1.74490880e+00  1.85509120e+00  2.60965669e+00  2.77987370e+00 
 1.90764000e-09  1.74517126e+00  1.85482874e+00  2.61003909e+00  2.77948811e+00 
 1.90814000e-09  1.74543426e+00  1.85456574e+00  2.61042236e+00  2.77910163e+00 
 1.90864000e-09  1.74569780e+00  1.85430220e+00  2.61080649e+00  2.77871427e+00 
 1.90914000e-09  1.74596187e+00  1.85403813e+00  2.61119147e+00  2.77832604e+00 
 1.90964000e-09  1.74622648e+00  1.85377352e+00  2.61157730e+00  2.77793695e+00 
 1.91014000e-09  1.74649161e+00  1.85350839e+00  2.61196398e+00  2.77754698e+00 
 1.91064000e-09  1.74675728e+00  1.85324272e+00  2.61235151e+00  2.77715616e+00 
 1.91114000e-09  1.74702347e+00  1.85297653e+00  2.61273987e+00  2.77676448e+00 
 1.91164000e-09  1.74729018e+00  1.85270982e+00  2.61312907e+00  2.77637195e+00 
 1.91214000e-09  1.74755741e+00  1.85244259e+00  2.61351910e+00  2.77597856e+00 
 1.91264000e-09  1.74782517e+00  1.85217483e+00  2.61390997e+00  2.77558433e+00 
 1.91314000e-09  1.74809343e+00  1.85190657e+00  2.61430165e+00  2.77518926e+00 
 1.91364000e-09  1.74836221e+00  1.85163779e+00  2.61469416e+00  2.77479335e+00 
 1.91414000e-09  1.74863150e+00  1.85136850e+00  2.61508749e+00  2.77439661e+00 
 1.91464000e-09  1.74890129e+00  1.85109871e+00  2.61548162e+00  2.77399903e+00 
 1.91514000e-09  1.74917159e+00  1.85082841e+00  2.61587657e+00  2.77360064e+00 
 1.91564000e-09  1.74944239e+00  1.85055761e+00  2.61627233e+00  2.77320142e+00 
 1.91614000e-09  1.74971369e+00  1.85028631e+00  2.61666888e+00  2.77280138e+00 
 1.91664000e-09  1.74998549e+00  1.85001451e+00  2.61706624e+00  2.77240052e+00 
 1.91714000e-09  1.75025778e+00  1.84974222e+00  2.61746439e+00  2.77199886e+00 
 1.91764000e-09  1.75053056e+00  1.84946944e+00  2.61786333e+00  2.77159639e+00 
 1.91814000e-09  1.75080383e+00  1.84919617e+00  2.61826305e+00  2.77119312e+00 
 1.91864000e-09  1.75107758e+00  1.84892242e+00  2.61866356e+00  2.77078906e+00 
 1.91914000e-09  1.75135182e+00  1.84864818e+00  2.61906485e+00  2.77038419e+00 
 1.91964000e-09  1.75162654e+00  1.84837346e+00  2.61946691e+00  2.76997854e+00 
 1.92014000e-09  1.75190174e+00  1.84809826e+00  2.61986974e+00  2.76957211e+00 
 1.92064000e-09  1.75217740e+00  1.84782260e+00  2.62027334e+00  2.76916489e+00 
 1.92114000e-09  1.75245355e+00  1.84754645e+00  2.62067770e+00  2.76875689e+00 
 1.92164000e-09  1.75273016e+00  1.84726984e+00  2.62108282e+00  2.76834813e+00 
 1.92214000e-09  1.75300724e+00  1.84699276e+00  2.62148869e+00  2.76793859e+00 
 1.92264000e-09  1.75328478e+00  1.84671522e+00  2.62189531e+00  2.76752829e+00 
 1.92314000e-09  1.75356278e+00  1.84643722e+00  2.62230269e+00  2.76711722e+00 
 1.92364000e-09  1.75384124e+00  1.84615876e+00  2.62271080e+00  2.76670540e+00 
 1.92414000e-09  1.75412016e+00  1.84587984e+00  2.62311965e+00  2.76629283e+00 
 1.92464000e-09  1.75439953e+00  1.84560047e+00  2.62352924e+00  2.76587951e+00 
 1.92514000e-09  1.75467934e+00  1.84532066e+00  2.62393956e+00  2.76546544e+00 
 1.92564000e-09  1.75495961e+00  1.84504039e+00  2.62435060e+00  2.76505064e+00 
 1.92614000e-09  1.75524032e+00  1.84475968e+00  2.62476237e+00  2.76463510e+00 
 1.92664000e-09  1.75552147e+00  1.84447853e+00  2.62517485e+00  2.76421883e+00 
 1.92714000e-09  1.75580307e+00  1.84419693e+00  2.62558805e+00  2.76380183e+00 
 1.92764000e-09  1.75608509e+00  1.84391491e+00  2.62600196e+00  2.76338411e+00 
 1.92814000e-09  1.75636756e+00  1.84363244e+00  2.62641658e+00  2.76296567e+00 
 1.92864000e-09  1.75665045e+00  1.84334955e+00  2.62683189e+00  2.76254651e+00 
 1.92914000e-09  1.75693377e+00  1.84306623e+00  2.62724791e+00  2.76212665e+00 
 1.92964000e-09  1.75721751e+00  1.84278249e+00  2.62766462e+00  2.76170608e+00 
 1.93014000e-09  1.75750168e+00  1.84249832e+00  2.62808201e+00  2.76128480e+00 
 1.93064000e-09  1.75778627e+00  1.84221373e+00  2.62850010e+00  2.76086283e+00 
 1.93114000e-09  1.75807127e+00  1.84192873e+00  2.62891886e+00  2.76044017e+00 
 1.93164000e-09  1.75835669e+00  1.84164331e+00  2.62933830e+00  2.76001682e+00 
 1.93214000e-09  1.75864252e+00  1.84135748e+00  2.62975842e+00  2.75959278e+00 
 1.93264000e-09  1.75892875e+00  1.84107125e+00  2.63017920e+00  2.75916807e+00 
 1.93314000e-09  1.75921539e+00  1.84078461e+00  2.63060064e+00  2.75874267e+00 
 1.93364000e-09  1.75950244e+00  1.84049756e+00  2.63102275e+00  2.75831661e+00 
 1.93414000e-09  1.75978988e+00  1.84021012e+00  2.63144551e+00  2.75788988e+00 
 1.93464000e-09  1.76007772e+00  1.83992228e+00  2.63186893e+00  2.75746249e+00 
 1.93514000e-09  1.76036596e+00  1.83963404e+00  2.63229299e+00  2.75703444e+00 
 1.93564000e-09  1.76065458e+00  1.83934542e+00  2.63271770e+00  2.75660573e+00 
 1.93614000e-09  1.76094360e+00  1.83905640e+00  2.63314304e+00  2.75617638e+00 
 1.93664000e-09  1.76123300e+00  1.83876700e+00  2.63356902e+00  2.75574638e+00 
 1.93714000e-09  1.76152278e+00  1.83847722e+00  2.63399563e+00  2.75531574e+00 
 1.93764000e-09  1.76181294e+00  1.83818706e+00  2.63442286e+00  2.75488447e+00 
 1.93814000e-09  1.76210348e+00  1.83789652e+00  2.63485072e+00  2.75445256e+00 
 1.93864000e-09  1.76239439e+00  1.83760561e+00  2.63527920e+00  2.75402003e+00 
 1.93914000e-09  1.76268568e+00  1.83731432e+00  2.63570828e+00  2.75358687e+00 
 1.93964000e-09  1.76297733e+00  1.83702267e+00  2.63613798e+00  2.75315309e+00 
 1.94014000e-09  1.76326935e+00  1.83673065e+00  2.63656828e+00  2.75271870e+00 
 1.94064000e-09  1.76356173e+00  1.83643827e+00  2.63699918e+00  2.75228371e+00 
 1.94114000e-09  1.76385447e+00  1.83614553e+00  2.63743068e+00  2.75184810e+00 
 1.94164000e-09  1.76414756e+00  1.83585244e+00  2.63786277e+00  2.75141190e+00 
 1.94214000e-09  1.76444101e+00  1.83555899e+00  2.63829545e+00  2.75097510e+00 
 1.94264000e-09  1.76473482e+00  1.83526518e+00  2.63872871e+00  2.75053771e+00 
 1.94314000e-09  1.76502896e+00  1.83497104e+00  2.63916254e+00  2.75009973e+00 
 1.94364000e-09  1.76532346e+00  1.83467654e+00  2.63959696e+00  2.74966117e+00 
 1.94414000e-09  1.76561830e+00  1.83438170e+00  2.64003194e+00  2.74922203e+00 
 1.94464000e-09  1.76591347e+00  1.83408653e+00  2.64046748e+00  2.74878232e+00 
 1.94514000e-09  1.76620899e+00  1.83379101e+00  2.64090359e+00  2.74834204e+00 
 1.94564000e-09  1.76650483e+00  1.83349517e+00  2.64134026e+00  2.74790120e+00 
 1.94614000e-09  1.76680101e+00  1.83319899e+00  2.64177747e+00  2.74745980e+00 
 1.94664000e-09  1.76709751e+00  1.83290249e+00  2.64221524e+00  2.74701784e+00 
 1.94714000e-09  1.76739434e+00  1.83260566e+00  2.64265354e+00  2.74657533e+00 
 1.94764000e-09  1.76769149e+00  1.83230851e+00  2.64309239e+00  2.74613228e+00 
 1.94814000e-09  1.76798896e+00  1.83201104e+00  2.64353177e+00  2.74568868e+00 
 1.94864000e-09  1.76828675e+00  1.83171325e+00  2.64397168e+00  2.74524455e+00 
 1.94914000e-09  1.76858485e+00  1.83141515e+00  2.64441212e+00  2.74479989e+00 
 1.94964000e-09  1.76888326e+00  1.83111674e+00  2.64485307e+00  2.74435470e+00 
 1.95014000e-09  1.76918197e+00  1.83081803e+00  2.64529455e+00  2.74390898e+00 
 1.95064000e-09  1.76948099e+00  1.83051901e+00  2.64573653e+00  2.74346275e+00 
 1.95114000e-09  1.76978031e+00  1.83021969e+00  2.64617903e+00  2.74301601e+00 
 1.95164000e-09  1.77007993e+00  1.82992007e+00  2.64662202e+00  2.74256876e+00 
 1.95214000e-09  1.77037985e+00  1.82962015e+00  2.64706552e+00  2.74212100e+00 
 1.95264000e-09  1.77068005e+00  1.82931995e+00  2.64750951e+00  2.74167275e+00 
 1.95314000e-09  1.77098055e+00  1.82901945e+00  2.64795398e+00  2.74122400e+00 
 1.95364000e-09  1.77128133e+00  1.82871867e+00  2.64839895e+00  2.74077476e+00 
 1.95414000e-09  1.77158240e+00  1.82841760e+00  2.64884439e+00  2.74032503e+00 
 1.95464000e-09  1.77188375e+00  1.82811625e+00  2.64929031e+00  2.73987482e+00 
 1.95514000e-09  1.77218537e+00  1.82781463e+00  2.64973670e+00  2.73942414e+00 
 1.95564000e-09  1.77248727e+00  1.82751273e+00  2.65018356e+00  2.73897299e+00 
 1.95614000e-09  1.77278944e+00  1.82721056e+00  2.65063088e+00  2.73852137e+00 
 1.95664000e-09  1.77309188e+00  1.82690812e+00  2.65107866e+00  2.73806929e+00 
 1.95714000e-09  1.77339458e+00  1.82660542e+00  2.65152689e+00  2.73761675e+00 
 1.95764000e-09  1.77369755e+00  1.82630245e+00  2.65197557e+00  2.73716376e+00 
 1.95814000e-09  1.77400078e+00  1.82599922e+00  2.65242469e+00  2.73671033e+00 
 1.95864000e-09  1.77430426e+00  1.82569574e+00  2.65287426e+00  2.73625645e+00 
 1.95914000e-09  1.77460800e+00  1.82539200e+00  2.65332426e+00  2.73580213e+00 
 1.95964000e-09  1.77491199e+00  1.82508801e+00  2.65377468e+00  2.73534738e+00 
 1.96014000e-09  1.77521622e+00  1.82478378e+00  2.65422554e+00  2.73489220e+00 
 1.96064000e-09  1.77552070e+00  1.82447930e+00  2.65467681e+00  2.73443660e+00 
 1.96114000e-09  1.77582542e+00  1.82417458e+00  2.65512851e+00  2.73398058e+00 
 1.96164000e-09  1.77613038e+00  1.82386962e+00  2.65558061e+00  2.73352415e+00 
 1.96214000e-09  1.77643558e+00  1.82356442e+00  2.65603312e+00  2.73306731e+00 
 1.96264000e-09  1.77674101e+00  1.82325899e+00  2.65648604e+00  2.73261006e+00 
 1.96314000e-09  1.77704666e+00  1.82295334e+00  2.65693935e+00  2.73215241e+00 
 1.96364000e-09  1.77735255e+00  1.82264745e+00  2.65739306e+00  2.73169437e+00 
 1.96414000e-09  1.77765866e+00  1.82234134e+00  2.65784715e+00  2.73123594e+00 
 1.96464000e-09  1.77796498e+00  1.82203502e+00  2.65830163e+00  2.73077713e+00 
 1.96514000e-09  1.77827153e+00  1.82172847e+00  2.65875649e+00  2.73031793e+00 
 1.96564000e-09  1.77857829e+00  1.82142171e+00  2.65921172e+00  2.72985836e+00 
 1.96614000e-09  1.77888526e+00  1.82111474e+00  2.65966733e+00  2.72939842e+00 
 1.96664000e-09  1.77919244e+00  1.82080756e+00  2.66012330e+00  2.72893812e+00 
 1.96714000e-09  1.77949983e+00  1.82050017e+00  2.66057963e+00  2.72847745e+00 
 1.96764000e-09  1.77980742e+00  1.82019258e+00  2.66103632e+00  2.72801643e+00 
 1.96814000e-09  1.78011520e+00  1.81988480e+00  2.66149335e+00  2.72755505e+00 
 1.96864000e-09  1.78042319e+00  1.81957681e+00  2.66195074e+00  2.72709334e+00 
 1.96914000e-09  1.78073136e+00  1.81926864e+00  2.66240847e+00  2.72663128e+00 
 1.96964000e-09  1.78103973e+00  1.81896027e+00  2.66286653e+00  2.72616888e+00 
 1.97014000e-09  1.78134828e+00  1.81865172e+00  2.66332493e+00  2.72570615e+00 
 1.97064000e-09  1.78165702e+00  1.81834298e+00  2.66378366e+00  2.72524310e+00 
 1.97114000e-09  1.78196594e+00  1.81803406e+00  2.66424271e+00  2.72477973e+00 
 1.97164000e-09  1.78227504e+00  1.81772496e+00  2.66470208e+00  2.72431604e+00 
 1.97214000e-09  1.78258431e+00  1.81741569e+00  2.66516177e+00  2.72385204e+00 
 1.97264000e-09  1.78289375e+00  1.81710625e+00  2.66562176e+00  2.72338773e+00 
 1.97314000e-09  1.78320336e+00  1.81679664e+00  2.66608206e+00  2.72292312e+00 
 1.97364000e-09  1.78351314e+00  1.81648686e+00  2.66654266e+00  2.72245821e+00 
 1.97414000e-09  1.78382308e+00  1.81617692e+00  2.66700355e+00  2.72199302e+00 
 1.97464000e-09  1.78413318e+00  1.81586682e+00  2.66746474e+00  2.72152753e+00 
 1.97514000e-09  1.78444344e+00  1.81555656e+00  2.66792621e+00  2.72106177e+00 
 1.97564000e-09  1.78475385e+00  1.81524615e+00  2.66838796e+00  2.72059573e+00 
 1.97614000e-09  1.78506441e+00  1.81493559e+00  2.66884999e+00  2.72012941e+00 
 1.97664000e-09  1.78537512e+00  1.81462488e+00  2.66931229e+00  2.71966283e+00 
 1.97714000e-09  1.78568597e+00  1.81431403e+00  2.66977486e+00  2.71919599e+00 
 1.97764000e-09  1.78599697e+00  1.81400303e+00  2.67023769e+00  2.71872890e+00 
 1.97814000e-09  1.78630810e+00  1.81369190e+00  2.67070078e+00  2.71826155e+00 
 1.97864000e-09  1.78661937e+00  1.81338063e+00  2.67116412e+00  2.71779395e+00 
 1.97914000e-09  1.78693077e+00  1.81306923e+00  2.67162771e+00  2.71732611e+00 
 1.97964000e-09  1.78724230e+00  1.81275770e+00  2.67209155e+00  2.71685804e+00 
 1.98014000e-09  1.78755395e+00  1.81244605e+00  2.67255562e+00  2.71638974e+00 
 1.98064000e-09  1.78786573e+00  1.81213427e+00  2.67301993e+00  2.71592120e+00 
 1.98114000e-09  1.78817763e+00  1.81182237e+00  2.67348447e+00  2.71545245e+00 
 1.98164000e-09  1.78848964e+00  1.81151036e+00  2.67394923e+00  2.71498348e+00 
 1.98214000e-09  1.78880177e+00  1.81119823e+00  2.67441421e+00  2.71451430e+00 
 1.98264000e-09  1.78911401e+00  1.81088599e+00  2.67487941e+00  2.71404492e+00 
 1.98314000e-09  1.78942635e+00  1.81057365e+00  2.67534482e+00  2.71357533e+00 
 1.98364000e-09  1.78973880e+00  1.81026120e+00  2.67581043e+00  2.71310555e+00 
 1.98414000e-09  1.79005135e+00  1.80994865e+00  2.67627625e+00  2.71263557e+00 
 1.98464000e-09  1.79036400e+00  1.80963600e+00  2.67674226e+00  2.71216541e+00 
 1.98514000e-09  1.79067675e+00  1.80932325e+00  2.67720846e+00  2.71169507e+00 
 1.98564000e-09  1.79098958e+00  1.80901042e+00  2.67767486e+00  2.71122456e+00 
 1.98614000e-09  1.79130251e+00  1.80869749e+00  2.67814143e+00  2.71075387e+00 
 1.98664000e-09  1.79161552e+00  1.80838448e+00  2.67860818e+00  2.71028302e+00 
 1.98714000e-09  1.79192861e+00  1.80807139e+00  2.67907510e+00  2.70981201e+00 
 1.98764000e-09  1.79224179e+00  1.80775821e+00  2.67954220e+00  2.70934084e+00 
 1.98814000e-09  1.79255504e+00  1.80744496e+00  2.68000945e+00  2.70886953e+00 
 1.98864000e-09  1.79286836e+00  1.80713164e+00  2.68047687e+00  2.70839807e+00 
 1.98914000e-09  1.79318175e+00  1.80681825e+00  2.68094443e+00  2.70792647e+00 
 1.98964000e-09  1.79349522e+00  1.80650478e+00  2.68141215e+00  2.70745473e+00 
 1.99014000e-09  1.79380874e+00  1.80619126e+00  2.68188001e+00  2.70698287e+00 
 1.99064000e-09  1.79412233e+00  1.80587767e+00  2.68234801e+00  2.70651088e+00 
 1.99114000e-09  1.79443597e+00  1.80556403e+00  2.68281615e+00  2.70603877e+00 
 1.99164000e-09  1.79474967e+00  1.80525033e+00  2.68328442e+00  2.70556655e+00 
 1.99214000e-09  1.79506342e+00  1.80493658e+00  2.68375281e+00  2.70509422e+00 
 1.99264000e-09  1.79537722e+00  1.80462278e+00  2.68422133e+00  2.70462179e+00 
 1.99314000e-09  1.79569107e+00  1.80430893e+00  2.68468996e+00  2.70414926e+00 
 1.99364000e-09  1.79600496e+00  1.80399504e+00  2.68515870e+00  2.70367663e+00 
 1.99414000e-09  1.79631889e+00  1.80368111e+00  2.68562755e+00  2.70320392e+00 
 1.99464000e-09  1.79663285e+00  1.80336715e+00  2.68609650e+00  2.70273112e+00 
 1.99514000e-09  1.79694685e+00  1.80305315e+00  2.68656555e+00  2.70225825e+00 
 1.99564000e-09  1.79726087e+00  1.80273913e+00  2.68703469e+00  2.70178531e+00 
 1.99614000e-09  1.79757493e+00  1.80242507e+00  2.68750392e+00  2.70131230e+00 
 1.99664000e-09  1.79788901e+00  1.80211099e+00  2.68797323e+00  2.70083922e+00 
 1.99714000e-09  1.79820311e+00  1.80179689e+00  2.68844262e+00  2.70036609e+00 
 1.99764000e-09  1.79851722e+00  1.80148278e+00  2.68891209e+00  2.69989291e+00 
 1.99814000e-09  1.79883135e+00  1.80116865e+00  2.68938162e+00  2.69941968e+00 
 1.99864000e-09  1.79914550e+00  1.80085450e+00  2.68985122e+00  2.69894642e+00 
 1.99914000e-09  1.79945965e+00  1.80054035e+00  2.69032088e+00  2.69847311e+00 
 1.99964000e-09  1.79977381e+00  1.80022619e+00  2.69079059e+00  2.69799978e+00 
 2.00014000e-09  1.80008796e+00  1.79991204e+00  2.69126036e+00  2.69752642e+00 
 2.00064000e-09  1.80040212e+00  1.79959788e+00  2.69173017e+00  2.69705304e+00 
 2.00114000e-09  1.80071628e+00  1.79928372e+00  2.69220002e+00  2.69657965e+00 
 2.00164000e-09  1.80103042e+00  1.79896958e+00  2.69266991e+00  2.69610625e+00 
 2.00214000e-09  1.80134456e+00  1.79865544e+00  2.69313983e+00  2.69563284e+00 
 2.00264000e-09  1.80165868e+00  1.79834132e+00  2.69360977e+00  2.69515944e+00 
 2.00314000e-09  1.80197279e+00  1.79802721e+00  2.69407974e+00  2.69468604e+00 
 2.00364000e-09  1.80228688e+00  1.79771312e+00  2.69454973e+00  2.69421265e+00 
 2.00414000e-09  1.80260095e+00  1.79739905e+00  2.69501973e+00  2.69373928e+00 
 2.00464000e-09  1.80291499e+00  1.79708501e+00  2.69548974e+00  2.69326593e+00 
 2.00514000e-09  1.80322900e+00  1.79677100e+00  2.69595975e+00  2.69279261e+00 
 2.00564000e-09  1.80354297e+00  1.79645703e+00  2.69642976e+00  2.69231933e+00 
 2.00614000e-09  1.80385692e+00  1.79614308e+00  2.69689976e+00  2.69184608e+00 
 2.00664000e-09  1.80417082e+00  1.79582918e+00  2.69736976e+00  2.69137287e+00 
 2.00714000e-09  1.80448469e+00  1.79551531e+00  2.69783974e+00  2.69089972e+00 
 2.00764000e-09  1.80479851e+00  1.79520149e+00  2.69830970e+00  2.69042662e+00 
 2.00814000e-09  1.80511228e+00  1.79488772e+00  2.69877963e+00  2.68995357e+00 
 2.00864000e-09  1.80542601e+00  1.79457399e+00  2.69924954e+00  2.68948060e+00 
 2.00914000e-09  1.80573968e+00  1.79426032e+00  2.69971941e+00  2.68900769e+00 
 2.00964000e-09  1.80605329e+00  1.79394671e+00  2.70018925e+00  2.68853485e+00 
 2.01014000e-09  1.80636684e+00  1.79363316e+00  2.70065904e+00  2.68806210e+00 
 2.01064000e-09  1.80668033e+00  1.79331967e+00  2.70112878e+00  2.68758943e+00 
 2.01114000e-09  1.80699375e+00  1.79300625e+00  2.70159847e+00  2.68711686e+00 
 2.01164000e-09  1.80730711e+00  1.79269289e+00  2.70206811e+00  2.68664438e+00 
 2.01214000e-09  1.80762039e+00  1.79237961e+00  2.70253768e+00  2.68617200e+00 
 2.01264000e-09  1.80793360e+00  1.79206640e+00  2.70300719e+00  2.68569973e+00 
 2.01314000e-09  1.80824673e+00  1.79175327e+00  2.70347662e+00  2.68522757e+00 
 2.01364000e-09  1.80855978e+00  1.79144022e+00  2.70394598e+00  2.68475553e+00 
 2.01414000e-09  1.80887274e+00  1.79112726e+00  2.70441526e+00  2.68428361e+00 
 2.01464000e-09  1.80918562e+00  1.79081438e+00  2.70488445e+00  2.68381182e+00 
 2.01514000e-09  1.80949840e+00  1.79050160e+00  2.70535355e+00  2.68334016e+00 
 2.01564000e-09  1.80981109e+00  1.79018891e+00  2.70582256e+00  2.68286864e+00 
 2.01614000e-09  1.81012369e+00  1.78987631e+00  2.70629147e+00  2.68239726e+00 
 2.01664000e-09  1.81043618e+00  1.78956382e+00  2.70676027e+00  2.68192603e+00 
 2.01714000e-09  1.81074857e+00  1.78925143e+00  2.70722897e+00  2.68145496e+00 
 2.01764000e-09  1.81106086e+00  1.78893914e+00  2.70769755e+00  2.68098404e+00 
 2.01814000e-09  1.81137304e+00  1.78862696e+00  2.70816602e+00  2.68051329e+00 
 2.01864000e-09  1.81168510e+00  1.78831490e+00  2.70863436e+00  2.68004271e+00 
 2.01914000e-09  1.81199705e+00  1.78800295e+00  2.70910257e+00  2.67957231e+00 
 2.01964000e-09  1.81230888e+00  1.78769112e+00  2.70957065e+00  2.67910208e+00 
 2.02014000e-09  1.81262059e+00  1.78737941e+00  2.71003860e+00  2.67863204e+00 
 2.02064000e-09  1.81293217e+00  1.78706783e+00  2.71050640e+00  2.67816218e+00 
 2.02114000e-09  1.81324363e+00  1.78675637e+00  2.71097405e+00  2.67769253e+00 
 2.02164000e-09  1.81355496e+00  1.78644504e+00  2.71144155e+00  2.67722307e+00 
 2.02214000e-09  1.81386615e+00  1.78613385e+00  2.71190890e+00  2.67675382e+00 
 2.02264000e-09  1.81417720e+00  1.78582280e+00  2.71237609e+00  2.67628478e+00 
 2.02314000e-09  1.81448812e+00  1.78551188e+00  2.71284311e+00  2.67581595e+00 
 2.02364000e-09  1.81479889e+00  1.78520111e+00  2.71330996e+00  2.67534734e+00 
 2.02414000e-09  1.81510952e+00  1.78489048e+00  2.71377663e+00  2.67487896e+00 
 2.02464000e-09  1.81542000e+00  1.78458000e+00  2.71424312e+00  2.67441081e+00 
 2.02514000e-09  1.81573032e+00  1.78426968e+00  2.71470943e+00  2.67394290e+00 
 2.02564000e-09  1.81604049e+00  1.78395951e+00  2.71517555e+00  2.67347523e+00 
 2.02614000e-09  1.81635050e+00  1.78364950e+00  2.71564147e+00  2.67300780e+00 
 2.02664000e-09  1.81666035e+00  1.78333965e+00  2.71610719e+00  2.67254062e+00 
 2.02714000e-09  1.81697004e+00  1.78302996e+00  2.71657271e+00  2.67207370e+00 
 2.02764000e-09  1.81727956e+00  1.78272044e+00  2.71703801e+00  2.67160703e+00 
 2.02814000e-09  1.81758891e+00  1.78241109e+00  2.71750311e+00  2.67114063e+00 
 2.02864000e-09  1.81789808e+00  1.78210192e+00  2.71796798e+00  2.67067451e+00 
 2.02914000e-09  1.81820708e+00  1.78179292e+00  2.71843263e+00  2.67020865e+00 
 2.02964000e-09  1.81851590e+00  1.78148410e+00  2.71889704e+00  2.66974308e+00 
 2.03014000e-09  1.81882453e+00  1.78117547e+00  2.71936123e+00  2.66927779e+00 
 2.03064000e-09  1.81913298e+00  1.78086702e+00  2.71982517e+00  2.66881278e+00 
 2.03114000e-09  1.81944124e+00  1.78055876e+00  2.72028887e+00  2.66834807e+00 
 2.03164000e-09  1.81974931e+00  1.78025069e+00  2.72075232e+00  2.66788366e+00 
 2.03214000e-09  1.82005718e+00  1.77994282e+00  2.72121552e+00  2.66741956e+00 
 2.03264000e-09  1.82036486e+00  1.77963514e+00  2.72167845e+00  2.66695576e+00 
 2.03314000e-09  1.82067233e+00  1.77932767e+00  2.72214112e+00  2.66649227e+00 
 2.03364000e-09  1.82097960e+00  1.77902040e+00  2.72260352e+00  2.66602910e+00 
 2.03414000e-09  1.82128667e+00  1.77871333e+00  2.72306565e+00  2.66556625e+00 
 2.03464000e-09  1.82159352e+00  1.77840648e+00  2.72352749e+00  2.66510373e+00 
 2.03514000e-09  1.82190016e+00  1.77809984e+00  2.72398905e+00  2.66464154e+00 
 2.03564000e-09  1.82220659e+00  1.77779341e+00  2.72445032e+00  2.66417968e+00 
 2.03614000e-09  1.82251279e+00  1.77748721e+00  2.72491129e+00  2.66371816e+00 
 2.03664000e-09  1.82281877e+00  1.77718123e+00  2.72537197e+00  2.66325699e+00 
 2.03714000e-09  1.82312453e+00  1.77687547e+00  2.72583234e+00  2.66279616e+00 
 2.03764000e-09  1.82343006e+00  1.77656994e+00  2.72629239e+00  2.66233569e+00 
 2.03814000e-09  1.82373536e+00  1.77626464e+00  2.72675213e+00  2.66187557e+00 
 2.03864000e-09  1.82404042e+00  1.77595958e+00  2.72721155e+00  2.66141582e+00 
 2.03914000e-09  1.82434525e+00  1.77565475e+00  2.72767064e+00  2.66095644e+00 
 2.03964000e-09  1.82464984e+00  1.77535016e+00  2.72812940e+00  2.66049742e+00 
 2.04014000e-09  1.82495418e+00  1.77504582e+00  2.72858783e+00  2.66003878e+00 
 2.04064000e-09  1.82525828e+00  1.77474172e+00  2.72904591e+00  2.65958051e+00 
 2.04114000e-09  1.82556212e+00  1.77443788e+00  2.72950364e+00  2.65912264e+00 
 2.04164000e-09  1.82586572e+00  1.77413428e+00  2.72996102e+00  2.65866514e+00 
 2.04214000e-09  1.82616906e+00  1.77383094e+00  2.73041804e+00  2.65820805e+00 
 2.04264000e-09  1.82647214e+00  1.77352786e+00  2.73087470e+00  2.65775134e+00 
 2.04314000e-09  1.82677496e+00  1.77322504e+00  2.73133099e+00  2.65729504e+00 
 2.04364000e-09  1.82707752e+00  1.77292248e+00  2.73178691e+00  2.65683914e+00 
 2.04414000e-09  1.82737981e+00  1.77262019e+00  2.73224245e+00  2.65638365e+00 
 2.04464000e-09  1.82768183e+00  1.77231817e+00  2.73269760e+00  2.65592858e+00 
 2.04514000e-09  1.82798357e+00  1.77201643e+00  2.73315236e+00  2.65547392e+00 
 2.04564000e-09  1.82828504e+00  1.77171496e+00  2.73360673e+00  2.65501968e+00 
 2.04614000e-09  1.82858623e+00  1.77141377e+00  2.73406070e+00  2.65456587e+00 
 2.04664000e-09  1.82888714e+00  1.77111286e+00  2.73451427e+00  2.65411249e+00 
 2.04714000e-09  1.82918776e+00  1.77081224e+00  2.73496742e+00  2.65365954e+00 
 2.04764000e-09  1.82948810e+00  1.77051190e+00  2.73542016e+00  2.65320703e+00 
 2.04814000e-09  1.82978814e+00  1.77021186e+00  2.73587247e+00  2.65275496e+00 
 2.04864000e-09  1.83008789e+00  1.76991211e+00  2.73632436e+00  2.65230334e+00 
 2.04914000e-09  1.83038734e+00  1.76961266e+00  2.73677582e+00  2.65185217e+00 
 2.04964000e-09  1.83068650e+00  1.76931350e+00  2.73722685e+00  2.65140145e+00 
 2.05014000e-09  1.83098535e+00  1.76901465e+00  2.73767743e+00  2.65095119e+00 
 2.05064000e-09  1.83128389e+00  1.76871611e+00  2.73812756e+00  2.65050140e+00 
 2.05114000e-09  1.83158213e+00  1.76841787e+00  2.73857724e+00  2.65005207e+00 
 2.05164000e-09  1.83188005e+00  1.76811995e+00  2.73902647e+00  2.64960321e+00 
 2.05214000e-09  1.83217766e+00  1.76782234e+00  2.73947523e+00  2.64915483e+00 
 2.05264000e-09  1.83247495e+00  1.76752505e+00  2.73992352e+00  2.64870692e+00 
 2.05314000e-09  1.83277192e+00  1.76722808e+00  2.74037134e+00  2.64825950e+00 
 2.05364000e-09  1.83306857e+00  1.76693143e+00  2.74081869e+00  2.64781257e+00 
 2.05414000e-09  1.83336489e+00  1.76663511e+00  2.74126555e+00  2.64736613e+00 
 2.05464000e-09  1.83366088e+00  1.76633912e+00  2.74171192e+00  2.64692018e+00 
 2.05514000e-09  1.83395654e+00  1.76604346e+00  2.74215780e+00  2.64647473e+00 
 2.05564000e-09  1.83425187e+00  1.76574813e+00  2.74260318e+00  2.64602979e+00 
 2.05614000e-09  1.83454685e+00  1.76545315e+00  2.74304806e+00  2.64558535e+00 
 2.05664000e-09  1.83484150e+00  1.76515850e+00  2.74349243e+00  2.64514143e+00 
 2.05714000e-09  1.83513580e+00  1.76486420e+00  2.74393629e+00  2.64469802e+00 
 2.05764000e-09  1.83542976e+00  1.76457024e+00  2.74437963e+00  2.64425514e+00 
 2.05814000e-09  1.83572336e+00  1.76427664e+00  2.74482244e+00  2.64381277e+00 
 2.05864000e-09  1.83601661e+00  1.76398339e+00  2.74526473e+00  2.64337094e+00 
 2.05914000e-09  1.83630951e+00  1.76369049e+00  2.74570649e+00  2.64292964e+00 
 2.05964000e-09  1.83660205e+00  1.76339795e+00  2.74614771e+00  2.64248887e+00 
 2.06014000e-09  1.83689423e+00  1.76310577e+00  2.74658838e+00  2.64204865e+00 
 2.06064000e-09  1.83718604e+00  1.76281396e+00  2.74702851e+00  2.64160897e+00 
 2.06114000e-09  1.83747749e+00  1.76252251e+00  2.74746809e+00  2.64116984e+00 
 2.06164000e-09  1.83776857e+00  1.76223143e+00  2.74790711e+00  2.64073126e+00 
 2.06214000e-09  1.83805927e+00  1.76194073e+00  2.74834557e+00  2.64029324e+00 
 2.06264000e-09  1.83834960e+00  1.76165040e+00  2.74878346e+00  2.63985579e+00 
 2.06314000e-09  1.83863955e+00  1.76136045e+00  2.74922078e+00  2.63941890e+00 
 2.06364000e-09  1.83892912e+00  1.76107088e+00  2.74965753e+00  2.63898258e+00 
 2.06414000e-09  1.83921830e+00  1.76078170e+00  2.75009370e+00  2.63854683e+00 
 2.06464000e-09  1.83950710e+00  1.76049290e+00  2.75052928e+00  2.63811166e+00 
 2.06514000e-09  1.83979550e+00  1.76020450e+00  2.75096427e+00  2.63767708e+00 
 2.06564000e-09  1.84008352e+00  1.75991648e+00  2.75139867e+00  2.63724308e+00 
 2.06614000e-09  1.84037114e+00  1.75962886e+00  2.75183246e+00  2.63680968e+00 
 2.06664000e-09  1.84065836e+00  1.75934164e+00  2.75226566e+00  2.63637687e+00 
 2.06714000e-09  1.84094518e+00  1.75905482e+00  2.75269825e+00  2.63594466e+00 
 2.06764000e-09  1.84123159e+00  1.75876841e+00  2.75313022e+00  2.63551306e+00 
 2.06814000e-09  1.84151760e+00  1.75848240e+00  2.75356158e+00  2.63508206e+00 
 2.06864000e-09  1.84180320e+00  1.75819680e+00  2.75399232e+00  2.63465168e+00 
 2.06914000e-09  1.84208838e+00  1.75791162e+00  2.75442244e+00  2.63422192e+00 
 2.06964000e-09  1.84237315e+00  1.75762685e+00  2.75485192e+00  2.63379277e+00 
 2.07014000e-09  1.84265751e+00  1.75734249e+00  2.75528077e+00  2.63336425e+00 
 2.07064000e-09  1.84294144e+00  1.75705856e+00  2.75570898e+00  2.63293637e+00 
 2.07114000e-09  1.84322494e+00  1.75677506e+00  2.75613655e+00  2.63250911e+00 
 2.07164000e-09  1.84350802e+00  1.75649198e+00  2.75656346e+00  2.63208250e+00 
 2.07214000e-09  1.84379068e+00  1.75620932e+00  2.75698973e+00  2.63165653e+00 
 2.07264000e-09  1.84407289e+00  1.75592711e+00  2.75741535e+00  2.63123121e+00 
 2.07314000e-09  1.84435468e+00  1.75564532e+00  2.75784030e+00  2.63080654e+00 
 2.07364000e-09  1.84463602e+00  1.75536398e+00  2.75826459e+00  2.63038252e+00 
 2.07414000e-09  1.84491693e+00  1.75508307e+00  2.75868820e+00  2.62995916e+00 
 2.07464000e-09  1.84519739e+00  1.75480261e+00  2.75911115e+00  2.62953647e+00 
 2.07514000e-09  1.84547741e+00  1.75452259e+00  2.75953342e+00  2.62911445e+00 
 2.07564000e-09  1.84575698e+00  1.75424302e+00  2.75995501e+00  2.62869310e+00 
 2.07614000e-09  1.84603609e+00  1.75396391e+00  2.76037591e+00  2.62827243e+00 
 2.07664000e-09  1.84631475e+00  1.75368525e+00  2.76079612e+00  2.62785245e+00 
 2.07714000e-09  1.84659296e+00  1.75340704e+00  2.76121564e+00  2.62743314e+00 
 2.07764000e-09  1.84687070e+00  1.75312930e+00  2.76163447e+00  2.62701453e+00 
 2.07814000e-09  1.84714799e+00  1.75285201e+00  2.76205259e+00  2.62659662e+00 
 2.07864000e-09  1.84742480e+00  1.75257520e+00  2.76247000e+00  2.62617940e+00 
 2.07914000e-09  1.84770115e+00  1.75229885e+00  2.76288670e+00  2.62576288e+00 
 2.07964000e-09  1.84797703e+00  1.75202297e+00  2.76330269e+00  2.62534708e+00 
 2.08014000e-09  1.84825243e+00  1.75174757e+00  2.76371796e+00  2.62493198e+00 
 2.08064000e-09  1.84852736e+00  1.75147264e+00  2.76413251e+00  2.62451761e+00 
 2.08114000e-09  1.84880181e+00  1.75119819e+00  2.76454634e+00  2.62410395e+00 
 2.08164000e-09  1.84907578e+00  1.75092422e+00  2.76495943e+00  2.62369102e+00 
 2.08214000e-09  1.84934926e+00  1.75065074e+00  2.76537179e+00  2.62327881e+00 
 2.08264000e-09  1.84962226e+00  1.75037774e+00  2.76578341e+00  2.62286734e+00 
 2.08314000e-09  1.84989476e+00  1.75010524e+00  2.76619429e+00  2.62245661e+00 
 2.08364000e-09  1.85016678e+00  1.74983322e+00  2.76660442e+00  2.62204662e+00 
 2.08414000e-09  1.85043830e+00  1.74956170e+00  2.76701380e+00  2.62163737e+00 
 2.08464000e-09  1.85070932e+00  1.74929068e+00  2.76742243e+00  2.62122888e+00 
 2.08514000e-09  1.85097984e+00  1.74902016e+00  2.76783030e+00  2.62082114e+00 
 2.08564000e-09  1.85124985e+00  1.74875015e+00  2.76823741e+00  2.62041416e+00 
 2.08614000e-09  1.85151937e+00  1.74848063e+00  2.76864375e+00  2.62000794e+00 
 2.08664000e-09  1.85178837e+00  1.74821163e+00  2.76904932e+00  2.61960249e+00 
 2.08714000e-09  1.85205686e+00  1.74794314e+00  2.76945412e+00  2.61919780e+00 
 2.08764000e-09  1.85232484e+00  1.74767516e+00  2.76985814e+00  2.61879390e+00 
 2.08814000e-09  1.85259230e+00  1.74740770e+00  2.77026138e+00  2.61839077e+00 
 2.08864000e-09  1.85285924e+00  1.74714076e+00  2.77066384e+00  2.61798843e+00 
 2.08914000e-09  1.85312566e+00  1.74687434e+00  2.77106550e+00  2.61758688e+00 
 2.08964000e-09  1.85339156e+00  1.74660844e+00  2.77146638e+00  2.61718611e+00 
 2.09014000e-09  1.85365693e+00  1.74634307e+00  2.77186645e+00  2.61678615e+00 
 2.09064000e-09  1.85392177e+00  1.74607823e+00  2.77226573e+00  2.61638698e+00 
 2.09114000e-09  1.85418608e+00  1.74581392e+00  2.77266420e+00  2.61598861e+00 
 2.09164000e-09  1.85444985e+00  1.74555015e+00  2.77306187e+00  2.61559106e+00 
 2.09214000e-09  1.85471309e+00  1.74528691e+00  2.77345872e+00  2.61519432e+00 
 2.09264000e-09  1.85497578e+00  1.74502422e+00  2.77385476e+00  2.61479839e+00 
 2.09314000e-09  1.85523794e+00  1.74476206e+00  2.77424997e+00  2.61440328e+00 
 2.09364000e-09  1.85549954e+00  1.74450046e+00  2.77464437e+00  2.61400900e+00 
 2.09414000e-09  1.85576060e+00  1.74423940e+00  2.77503794e+00  2.61361555e+00 
 2.09464000e-09  1.85602111e+00  1.74397889e+00  2.77543067e+00  2.61322293e+00 
 2.09514000e-09  1.85628107e+00  1.74371893e+00  2.77582258e+00  2.61283114e+00 
 2.09564000e-09  1.85654047e+00  1.74345953e+00  2.77621364e+00  2.61244020e+00 
 2.09614000e-09  1.85679931e+00  1.74320069e+00  2.77660386e+00  2.61205010e+00 
 2.09664000e-09  1.85705760e+00  1.74294240e+00  2.77699324e+00  2.61166084e+00 
 2.09714000e-09  1.85731532e+00  1.74268468e+00  2.77738177e+00  2.61127244e+00 
 2.09764000e-09  1.85757247e+00  1.74242753e+00  2.77776945e+00  2.61088490e+00 
 2.09814000e-09  1.85782906e+00  1.74217094e+00  2.77815627e+00  2.61049822e+00 
 2.09864000e-09  1.85808507e+00  1.74191493e+00  2.77854223e+00  2.61011239e+00 
 2.09914000e-09  1.85834051e+00  1.74165949e+00  2.77892732e+00  2.60972744e+00 
 2.09964000e-09  1.85859538e+00  1.74140462e+00  2.77931155e+00  2.60934336e+00 
 2.10014000e-09  1.85884967e+00  1.74115033e+00  2.77969491e+00  2.60896016e+00 
 2.10064000e-09  1.85910337e+00  1.74089663e+00  2.78007739e+00  2.60857783e+00 
 2.10114000e-09  1.85935650e+00  1.74064350e+00  2.78045900e+00  2.60819639e+00 
 2.10164000e-09  1.85960904e+00  1.74039096e+00  2.78083973e+00  2.60781583e+00 
 2.10214000e-09  1.85986098e+00  1.74013902e+00  2.78121957e+00  2.60743617e+00 
 2.10264000e-09  1.86011234e+00  1.73988766e+00  2.78159852e+00  2.60705740e+00 
 2.10314000e-09  1.86036311e+00  1.73963689e+00  2.78197658e+00  2.60667953e+00 
 2.10364000e-09  1.86061328e+00  1.73938672e+00  2.78235374e+00  2.60630256e+00 
 2.10414000e-09  1.86086285e+00  1.73913715e+00  2.78273000e+00  2.60592650e+00 
 2.10464000e-09  1.86111182e+00  1.73888818e+00  2.78310537e+00  2.60555135e+00 
 2.10514000e-09  1.86136019e+00  1.73863981e+00  2.78347982e+00  2.60517711e+00 
 2.10564000e-09  1.86160795e+00  1.73839205e+00  2.78385337e+00  2.60480379e+00 
 2.10614000e-09  1.86185510e+00  1.73814490e+00  2.78422600e+00  2.60443139e+00 
 2.10664000e-09  1.86210165e+00  1.73789835e+00  2.78459772e+00  2.60405992e+00 
 2.10714000e-09  1.86234758e+00  1.73765242e+00  2.78496852e+00  2.60368937e+00 
 2.10764000e-09  1.86259289e+00  1.73740711e+00  2.78533839e+00  2.60331976e+00 
 2.10814000e-09  1.86283759e+00  1.73716241e+00  2.78570734e+00  2.60295108e+00 
 2.10864000e-09  1.86308167e+00  1.73691833e+00  2.78607535e+00  2.60258334e+00 
 2.10914000e-09  1.86332512e+00  1.73667488e+00  2.78644244e+00  2.60221655e+00 
 2.10964000e-09  1.86356795e+00  1.73643205e+00  2.78680859e+00  2.60185071e+00 
 2.11014000e-09  1.86381015e+00  1.73618985e+00  2.78717379e+00  2.60148581e+00 
 2.11064000e-09  1.86405172e+00  1.73594828e+00  2.78753806e+00  2.60112187e+00 
 2.11114000e-09  1.86429266e+00  1.73570734e+00  2.78790138e+00  2.60075889e+00 
 2.11164000e-09  1.86453297e+00  1.73546703e+00  2.78826374e+00  2.60039687e+00 
 2.11214000e-09  1.86477264e+00  1.73522736e+00  2.78862516e+00  2.60003581e+00 
 2.11264000e-09  1.86501167e+00  1.73498833e+00  2.78898562e+00  2.59967573e+00 
 2.11314000e-09  1.86525006e+00  1.73474994e+00  2.78934511e+00  2.59931661e+00 
 2.11364000e-09  1.86548780e+00  1.73451220e+00  2.78970365e+00  2.59895848e+00 
 2.11414000e-09  1.86572490e+00  1.73427510e+00  2.79006122e+00  2.59860132e+00 
 2.11464000e-09  1.86596135e+00  1.73403865e+00  2.79041782e+00  2.59824515e+00 
 2.11514000e-09  1.86619714e+00  1.73380286e+00  2.79077345e+00  2.59788996e+00 
 2.11564000e-09  1.86643229e+00  1.73356771e+00  2.79112810e+00  2.59753577e+00 
 2.11614000e-09  1.86666678e+00  1.73333322e+00  2.79148177e+00  2.59718257e+00 
 2.11664000e-09  1.86690061e+00  1.73309939e+00  2.79183446e+00  2.59683036e+00 
 2.11714000e-09  1.86713378e+00  1.73286622e+00  2.79218617e+00  2.59647916e+00 
 2.11764000e-09  1.86736629e+00  1.73263371e+00  2.79253689e+00  2.59612897e+00 
 2.11814000e-09  1.86759813e+00  1.73240187e+00  2.79288661e+00  2.59577978e+00 
 2.11864000e-09  1.86782931e+00  1.73217069e+00  2.79323535e+00  2.59543160e+00 
 2.11914000e-09  1.86805981e+00  1.73194019e+00  2.79358308e+00  2.59508444e+00 
 2.11964000e-09  1.86828965e+00  1.73171035e+00  2.79392982e+00  2.59473830e+00 
 2.12014000e-09  1.86851881e+00  1.73148119e+00  2.79427555e+00  2.59439318e+00 
 2.12064000e-09  1.86874729e+00  1.73125271e+00  2.79462027e+00  2.59404908e+00 
 2.12114000e-09  1.86897510e+00  1.73102490e+00  2.79496399e+00  2.59370602e+00 
 2.12164000e-09  1.86920222e+00  1.73079778e+00  2.79530669e+00  2.59336399e+00 
 2.12214000e-09  1.86942867e+00  1.73057133e+00  2.79564838e+00  2.59302299e+00 
 2.12264000e-09  1.86965442e+00  1.73034558e+00  2.79598905e+00  2.59268304e+00 
 2.12314000e-09  1.86987949e+00  1.73012051e+00  2.79632870e+00  2.59234412e+00 
 2.12364000e-09  1.87010387e+00  1.72989613e+00  2.79666733e+00  2.59200626e+00 
 2.12414000e-09  1.87032756e+00  1.72967244e+00  2.79700493e+00  2.59166944e+00 
 2.12464000e-09  1.87055055e+00  1.72944945e+00  2.79734150e+00  2.59133368e+00 
 2.12514000e-09  1.87077285e+00  1.72922715e+00  2.79767703e+00  2.59099897e+00 
 2.12564000e-09  1.87099445e+00  1.72900555e+00  2.79801153e+00  2.59066533e+00 
 2.12614000e-09  1.87121535e+00  1.72878465e+00  2.79834500e+00  2.59033275e+00 
 2.12664000e-09  1.87143554e+00  1.72856446e+00  2.79867742e+00  2.59000123e+00 
 2.12714000e-09  1.87165503e+00  1.72834497e+00  2.79900880e+00  2.58967079e+00 
 2.12764000e-09  1.87187382e+00  1.72812618e+00  2.79933913e+00  2.58934141e+00 
 2.12814000e-09  1.87209189e+00  1.72790811e+00  2.79966841e+00  2.58901312e+00 
 2.12864000e-09  1.87230925e+00  1.72769075e+00  2.79999664e+00  2.58868591e+00 
 2.12914000e-09  1.87252590e+00  1.72747410e+00  2.80032382e+00  2.58835978e+00 
 2.12964000e-09  1.87274184e+00  1.72725816e+00  2.80064994e+00  2.58803473e+00 
 2.13014000e-09  1.87295705e+00  1.72704295e+00  2.80097499e+00  2.58771078e+00 
 2.13064000e-09  1.87317155e+00  1.72682845e+00  2.80129899e+00  2.58738792e+00 
 2.13114000e-09  1.87338532e+00  1.72661468e+00  2.80162192e+00  2.58706616e+00 
 2.13164000e-09  1.87359837e+00  1.72640163e+00  2.80194378e+00  2.58674550e+00 
 2.13214000e-09  1.87381069e+00  1.72618931e+00  2.80226458e+00  2.58642594e+00 
 2.13264000e-09  1.87402228e+00  1.72597772e+00  2.80258429e+00  2.58610749e+00 
 2.13314000e-09  1.87423315e+00  1.72576685e+00  2.80290294e+00  2.58579015e+00 
 2.13364000e-09  1.87444328e+00  1.72555672e+00  2.80322050e+00  2.58547392e+00 
 2.13414000e-09  1.87465267e+00  1.72534733e+00  2.80353699e+00  2.58515881e+00 
 2.13464000e-09  1.87486133e+00  1.72513867e+00  2.80385239e+00  2.58484482e+00 
 2.13514000e-09  1.87506925e+00  1.72493075e+00  2.80416670e+00  2.58453195e+00 
 2.13564000e-09  1.87527643e+00  1.72472357e+00  2.80447993e+00  2.58422021e+00 
 2.13614000e-09  1.87548287e+00  1.72451713e+00  2.80479206e+00  2.58390960e+00 
 2.13664000e-09  1.87568856e+00  1.72431144e+00  2.80510311e+00  2.58360012e+00 
 2.13714000e-09  1.87589350e+00  1.72410650e+00  2.80541305e+00  2.58329177e+00 
 2.13764000e-09  1.87609770e+00  1.72390230e+00  2.80572190e+00  2.58298457e+00 
 2.13814000e-09  1.87630114e+00  1.72369886e+00  2.80602965e+00  2.58267850e+00 
 2.13864000e-09  1.87650383e+00  1.72349617e+00  2.80633629e+00  2.58237358e+00 
 2.13914000e-09  1.87670577e+00  1.72329423e+00  2.80664183e+00  2.58206981e+00 
 2.13964000e-09  1.87690695e+00  1.72309305e+00  2.80694626e+00  2.58176719e+00 
 2.14014000e-09  1.87710737e+00  1.72289263e+00  2.80724958e+00  2.58146573e+00 
 2.14064000e-09  1.87730702e+00  1.72269298e+00  2.80755178e+00  2.58116542e+00 
 2.14114000e-09  1.87750592e+00  1.72249408e+00  2.80785287e+00  2.58086628e+00 
 2.14164000e-09  1.87770405e+00  1.72229595e+00  2.80815285e+00  2.58056829e+00 
 2.14214000e-09  1.87790141e+00  1.72209859e+00  2.80845170e+00  2.58027148e+00 
 2.14264000e-09  1.87809801e+00  1.72190199e+00  2.80874943e+00  2.57997583e+00 
 2.14314000e-09  1.87829383e+00  1.72170617e+00  2.80904603e+00  2.57968135e+00 
 2.14364000e-09  1.87848889e+00  1.72151111e+00  2.80934151e+00  2.57938805e+00 
 2.14414000e-09  1.87868316e+00  1.72131684e+00  2.80963586e+00  2.57909593e+00 
 2.14464000e-09  1.87887666e+00  1.72112334e+00  2.80992907e+00  2.57880499e+00 
 2.14514000e-09  1.87906938e+00  1.72093062e+00  2.81022116e+00  2.57851523e+00 
 2.14564000e-09  1.87926133e+00  1.72073867e+00  2.81051210e+00  2.57822666e+00 
 2.14614000e-09  1.87945249e+00  1.72054751e+00  2.81080190e+00  2.57793928e+00 
 2.14664000e-09  1.87964286e+00  1.72035714e+00  2.81109057e+00  2.57765309e+00 
 2.14714000e-09  1.87983245e+00  1.72016755e+00  2.81137809e+00  2.57736810e+00 
 2.14764000e-09  1.88002125e+00  1.71997875e+00  2.81166446e+00  2.57708430e+00 
 2.14814000e-09  1.88020926e+00  1.71979074e+00  2.81194968e+00  2.57680170e+00 
 2.14864000e-09  1.88039648e+00  1.71960352e+00  2.81223375e+00  2.57652031e+00 
 2.14914000e-09  1.88058291e+00  1.71941709e+00  2.81251667e+00  2.57624012e+00 
 2.14964000e-09  1.88076854e+00  1.71923146e+00  2.81279843e+00  2.57596114e+00 
 2.15014000e-09  1.88095337e+00  1.71904663e+00  2.81307904e+00  2.57568337e+00 
 2.15064000e-09  1.88113741e+00  1.71886259e+00  2.81335848e+00  2.57540681e+00 
 2.15114000e-09  1.88132064e+00  1.71867936e+00  2.81363675e+00  2.57513147e+00 
 2.15164000e-09  1.88150307e+00  1.71849693e+00  2.81391387e+00  2.57485735e+00 
 2.15214000e-09  1.88168470e+00  1.71831530e+00  2.81418981e+00  2.57458445e+00 
 2.15264000e-09  1.88186552e+00  1.71813448e+00  2.81446458e+00  2.57431277e+00 
 2.15314000e-09  1.88204553e+00  1.71795447e+00  2.81473818e+00  2.57404231e+00 
 2.15364000e-09  1.88222474e+00  1.71777526e+00  2.81501060e+00  2.57377308e+00 
 2.15414000e-09  1.88240313e+00  1.71759687e+00  2.81528184e+00  2.57350508e+00 
 2.15464000e-09  1.88258071e+00  1.71741929e+00  2.81555191e+00  2.57323832e+00 
 2.15514000e-09  1.88275747e+00  1.71724253e+00  2.81582078e+00  2.57297278e+00 
 2.15564000e-09  1.88293342e+00  1.71706658e+00  2.81608848e+00  2.57270849e+00 
 2.15614000e-09  1.88310854e+00  1.71689146e+00  2.81635498e+00  2.57244543e+00 
 2.15664000e-09  1.88328285e+00  1.71671715e+00  2.81662029e+00  2.57218361e+00 
 2.15714000e-09  1.88345634e+00  1.71654366e+00  2.81688441e+00  2.57192303e+00 
 2.15764000e-09  1.88362900e+00  1.71637100e+00  2.81714733e+00  2.57166369e+00 
 2.15814000e-09  1.88380083e+00  1.71619917e+00  2.81740905e+00  2.57140561e+00 
 2.15864000e-09  1.88397184e+00  1.71602816e+00  2.81766956e+00  2.57114876e+00 
 2.15914000e-09  1.88414203e+00  1.71585797e+00  2.81792888e+00  2.57089317e+00 
 2.15964000e-09  1.88431138e+00  1.71568862e+00  2.81818698e+00  2.57063883e+00 
 2.16014000e-09  1.88447989e+00  1.71552011e+00  2.81844388e+00  2.57038575e+00 
 2.16064000e-09  1.88464758e+00  1.71535242e+00  2.81869956e+00  2.57013391e+00 
 2.16114000e-09  1.88481443e+00  1.71518557e+00  2.81895402e+00  2.56988334e+00 
 2.16164000e-09  1.88498044e+00  1.71501956e+00  2.81920727e+00  2.56963402e+00 
 2.16214000e-09  1.88514561e+00  1.71485439e+00  2.81945930e+00  2.56938596e+00 
 2.16264000e-09  1.88530994e+00  1.71469006e+00  2.81971010e+00  2.56913916e+00 
 2.16314000e-09  1.88547344e+00  1.71452656e+00  2.81995968e+00  2.56889362e+00 
 2.16364000e-09  1.88563608e+00  1.71436392e+00  2.82020802e+00  2.56864935e+00 
 2.16414000e-09  1.88579788e+00  1.71420212e+00  2.82045514e+00  2.56840634e+00 
 2.16464000e-09  1.88595884e+00  1.71404116e+00  2.82070102e+00  2.56816460e+00 
 2.16514000e-09  1.88611895e+00  1.71388105e+00  2.82094566e+00  2.56792413e+00 
 2.16564000e-09  1.88627820e+00  1.71372180e+00  2.82118906e+00  2.56768493e+00 
 2.16614000e-09  1.88643661e+00  1.71356339e+00  2.82143121e+00  2.56744699e+00 
 2.16664000e-09  1.88659416e+00  1.71340584e+00  2.82167213e+00  2.56721033e+00 
 2.16714000e-09  1.88675086e+00  1.71324914e+00  2.82191179e+00  2.56697495e+00 
 2.16764000e-09  1.88690670e+00  1.71309330e+00  2.82215020e+00  2.56674083e+00 
 2.16814000e-09  1.88706168e+00  1.71293832e+00  2.82238735e+00  2.56650800e+00 
 2.16864000e-09  1.88721581e+00  1.71278419e+00  2.82262325e+00  2.56627644e+00 
 2.16914000e-09  1.88736907e+00  1.71263093e+00  2.82285789e+00  2.56604615e+00 
 2.16964000e-09  1.88752147e+00  1.71247853e+00  2.82309127e+00  2.56581715e+00 
 2.17014000e-09  1.88767301e+00  1.71232699e+00  2.82332338e+00  2.56558943e+00 
 2.17064000e-09  1.88782368e+00  1.71217632e+00  2.82355422e+00  2.56536299e+00 
 2.17114000e-09  1.88797349e+00  1.71202651e+00  2.82378380e+00  2.56513783e+00 
 2.17164000e-09  1.88812243e+00  1.71187757e+00  2.82401209e+00  2.56491396e+00 
 2.17214000e-09  1.88827049e+00  1.71172951e+00  2.82423912e+00  2.56469137e+00 
 2.17264000e-09  1.88841769e+00  1.71158231e+00  2.82446486e+00  2.56447006e+00 
 2.17314000e-09  1.88856401e+00  1.71143599e+00  2.82468932e+00  2.56425005e+00 
 2.17364000e-09  1.88870946e+00  1.71129054e+00  2.82491250e+00  2.56403132e+00 
 2.17414000e-09  1.88885404e+00  1.71114596e+00  2.82513440e+00  2.56381388e+00 
 2.17464000e-09  1.88899773e+00  1.71100227e+00  2.82535500e+00  2.56359773e+00 
 2.17514000e-09  1.88914055e+00  1.71085945e+00  2.82557431e+00  2.56338287e+00 
 2.17564000e-09  1.88928249e+00  1.71071751e+00  2.82579233e+00  2.56316931e+00 
 2.17614000e-09  1.88942355e+00  1.71057645e+00  2.82600905e+00  2.56295704e+00 
 2.17664000e-09  1.88956372e+00  1.71043628e+00  2.82622448e+00  2.56274606e+00 
 2.17714000e-09  1.88970302e+00  1.71029698e+00  2.82643860e+00  2.56253638e+00 
 2.17764000e-09  1.88984142e+00  1.71015858e+00  2.82665142e+00  2.56232799e+00 
 2.17814000e-09  1.88997894e+00  1.71002106e+00  2.82686293e+00  2.56212090e+00 
 2.17864000e-09  1.89011557e+00  1.70988443e+00  2.82707313e+00  2.56191512e+00 
 2.17914000e-09  1.89025131e+00  1.70974869e+00  2.82728203e+00  2.56171063e+00 
 2.17964000e-09  1.89038616e+00  1.70961384e+00  2.82748961e+00  2.56150744e+00 
 2.18014000e-09  1.89052012e+00  1.70947988e+00  2.82769588e+00  2.56130556e+00 
 2.18064000e-09  1.89065319e+00  1.70934681e+00  2.82790083e+00  2.56110498e+00 
 2.18114000e-09  1.89078536e+00  1.70921464e+00  2.82810446e+00  2.56090570e+00 
 2.18164000e-09  1.89091663e+00  1.70908337e+00  2.82830677e+00  2.56070773e+00 
 2.18214000e-09  1.89104701e+00  1.70895299e+00  2.82850776e+00  2.56051106e+00 
 2.18264000e-09  1.89117649e+00  1.70882351e+00  2.82870742e+00  2.56031571e+00 
 2.18314000e-09  1.89130507e+00  1.70869493e+00  2.82890575e+00  2.56012166e+00 
 2.18364000e-09  1.89143275e+00  1.70856725e+00  2.82910276e+00  2.55992892e+00 
 2.18414000e-09  1.89155952e+00  1.70844048e+00  2.82929844e+00  2.55973750e+00 
 2.18464000e-09  1.89168540e+00  1.70831460e+00  2.82949278e+00  2.55954739e+00 
 2.18514000e-09  1.89181036e+00  1.70818964e+00  2.82968579e+00  2.55935859e+00 
 2.18564000e-09  1.89193442e+00  1.70806558e+00  2.82987746e+00  2.55917111e+00 
 2.18614000e-09  1.89205758e+00  1.70794242e+00  2.83006779e+00  2.55898495e+00 
 2.18664000e-09  1.89217982e+00  1.70782018e+00  2.83025679e+00  2.55880010e+00 
 2.18714000e-09  1.89230116e+00  1.70769884e+00  2.83044444e+00  2.55861657e+00 
 2.18764000e-09  1.89242158e+00  1.70757842e+00  2.83063075e+00  2.55843436e+00 
 2.18814000e-09  1.89254109e+00  1.70745891e+00  2.83081572e+00  2.55825348e+00 
 2.18864000e-09  1.89265969e+00  1.70734031e+00  2.83099934e+00  2.55807392e+00 
 2.18914000e-09  1.89277737e+00  1.70722263e+00  2.83118161e+00  2.55789568e+00 
 2.18964000e-09  1.89289414e+00  1.70710586e+00  2.83136253e+00  2.55771877e+00 
 2.19014000e-09  1.89300999e+00  1.70699001e+00  2.83154210e+00  2.55754318e+00 
 2.19064000e-09  1.89312493e+00  1.70687507e+00  2.83172032e+00  2.55736893e+00 
 2.19114000e-09  1.89323894e+00  1.70676106e+00  2.83189719e+00  2.55719600e+00 
 2.19164000e-09  1.89335204e+00  1.70664796e+00  2.83207270e+00  2.55702441e+00 
 2.19214000e-09  1.89346421e+00  1.70653579e+00  2.83224686e+00  2.55685415e+00 
 2.19264000e-09  1.89357546e+00  1.70642454e+00  2.83241966e+00  2.55668522e+00 
 2.19314000e-09  1.89368579e+00  1.70631421e+00  2.83259110e+00  2.55651763e+00 
 2.19364000e-09  1.89379519e+00  1.70620481e+00  2.83276118e+00  2.55635137e+00 
 2.19414000e-09  1.89390367e+00  1.70609633e+00  2.83292990e+00  2.55618646e+00 
 2.19464000e-09  1.89401122e+00  1.70598878e+00  2.83309726e+00  2.55602288e+00 
 2.19514000e-09  1.89411784e+00  1.70588216e+00  2.83326325e+00  2.55586064e+00 
 2.19564000e-09  1.89422353e+00  1.70577647e+00  2.83342788e+00  2.55569975e+00 
 2.19614000e-09  1.89432829e+00  1.70567171e+00  2.83359114e+00  2.55554020e+00 
 2.19664000e-09  1.89443213e+00  1.70556787e+00  2.83375304e+00  2.55538199e+00 
 2.19714000e-09  1.89453503e+00  1.70546497e+00  2.83391357e+00  2.55522513e+00 
 2.19764000e-09  1.89463699e+00  1.70536301e+00  2.83407272e+00  2.55506962e+00 
 2.19814000e-09  1.89473803e+00  1.70526197e+00  2.83423051e+00  2.55491546e+00 
 2.19864000e-09  1.89483812e+00  1.70516188e+00  2.83438693e+00  2.55476265e+00 
 2.19914000e-09  1.89493729e+00  1.70506271e+00  2.83454198e+00  2.55461119e+00 
 2.19964000e-09  1.89503551e+00  1.70496449e+00  2.83469565e+00  2.55446108e+00 
 2.20014000e-09  1.89513280e+00  1.70486720e+00  2.83484795e+00  2.55431233e+00 
 2.20064000e-09  1.89522915e+00  1.70477085e+00  2.83499887e+00  2.55416494e+00 
 2.20114000e-09  1.89532455e+00  1.70467545e+00  2.83514841e+00  2.55401890e+00 
 2.20164000e-09  1.89541902e+00  1.70458098e+00  2.83529658e+00  2.55387422e+00 
 2.20214000e-09  1.89551255e+00  1.70448745e+00  2.83544337e+00  2.55373089e+00 
 2.20264000e-09  1.89560513e+00  1.70439487e+00  2.83558879e+00  2.55358893e+00 
 2.20314000e-09  1.89569677e+00  1.70430323e+00  2.83573282e+00  2.55344834e+00 
 2.20364000e-09  1.89578746e+00  1.70421254e+00  2.83587547e+00  2.55330910e+00 
 2.20414000e-09  1.89587721e+00  1.70412279e+00  2.83601674e+00  2.55317123e+00 
 2.20464000e-09  1.89596602e+00  1.70403398e+00  2.83615663e+00  2.55303473e+00 
 2.20514000e-09  1.89605387e+00  1.70394613e+00  2.83629513e+00  2.55289959e+00 
 2.20564000e-09  1.89614078e+00  1.70385922e+00  2.83643225e+00  2.55276582e+00 
 2.20614000e-09  1.89622674e+00  1.70377326e+00  2.83656798e+00  2.55263342e+00 
 2.20664000e-09  1.89631175e+00  1.70368825e+00  2.83670233e+00  2.55250239e+00 
 2.20714000e-09  1.89639581e+00  1.70360419e+00  2.83683529e+00  2.55237274e+00 
 2.20764000e-09  1.89647892e+00  1.70352108e+00  2.83696687e+00  2.55224445e+00 
 2.20814000e-09  1.89656107e+00  1.70343893e+00  2.83709705e+00  2.55211754e+00 
 2.20864000e-09  1.89664227e+00  1.70335773e+00  2.83722585e+00  2.55199201e+00 
 2.20914000e-09  1.89672252e+00  1.70327748e+00  2.83735325e+00  2.55186785e+00 
 2.20964000e-09  1.89680182e+00  1.70319818e+00  2.83747927e+00  2.55174507e+00 
 2.21014000e-09  1.89688015e+00  1.70311985e+00  2.83760389e+00  2.55162367e+00 
 2.21064000e-09  1.89695754e+00  1.70304246e+00  2.83772712e+00  2.55150364e+00 
 2.21114000e-09  1.89703396e+00  1.70296604e+00  2.83784896e+00  2.55138500e+00 
 2.21164000e-09  1.89710943e+00  1.70289057e+00  2.83796941e+00  2.55126774e+00 
 2.21214000e-09  1.89718394e+00  1.70281606e+00  2.83808846e+00  2.55115186e+00 
 2.21264000e-09  1.89725749e+00  1.70274251e+00  2.83820611e+00  2.55103737e+00 
 2.21314000e-09  1.89733008e+00  1.70266992e+00  2.83832237e+00  2.55092426e+00 
 2.21364000e-09  1.89740171e+00  1.70259829e+00  2.83843723e+00  2.55081253e+00 
 2.21414000e-09  1.89747238e+00  1.70252762e+00  2.83855069e+00  2.55070220e+00 
 2.21464000e-09  1.89754208e+00  1.70245792e+00  2.83866276e+00  2.55059325e+00 
 2.21514000e-09  1.89761083e+00  1.70238917e+00  2.83877342e+00  2.55048568e+00 
 2.21564000e-09  1.89767861e+00  1.70232139e+00  2.83888269e+00  2.55037951e+00 
 2.21614000e-09  1.89774542e+00  1.70225458e+00  2.83899056e+00  2.55027473e+00 
 2.21664000e-09  1.89781128e+00  1.70218872e+00  2.83909702e+00  2.55017134e+00 
 2.21714000e-09  1.89787616e+00  1.70212384e+00  2.83920209e+00  2.55006934e+00 
 2.21764000e-09  1.89794008e+00  1.70205992e+00  2.83930575e+00  2.54996873e+00 
 2.21814000e-09  1.89800303e+00  1.70199697e+00  2.83940801e+00  2.54986951e+00 
 2.21864000e-09  1.89806502e+00  1.70193498e+00  2.83950886e+00  2.54977169e+00 
 2.21914000e-09  1.89812604e+00  1.70187396e+00  2.83960832e+00  2.54967527e+00 
 2.21964000e-09  1.89818609e+00  1.70181391e+00  2.83970636e+00  2.54958024e+00 
 2.22014000e-09  1.89824517e+00  1.70175483e+00  2.83980300e+00  2.54948661e+00 
 2.22064000e-09  1.89830328e+00  1.70169672e+00  2.83989824e+00  2.54939438e+00 
 2.22114000e-09  1.89836042e+00  1.70163958e+00  2.83999207e+00  2.54930354e+00 
 2.22164000e-09  1.89841659e+00  1.70158341e+00  2.84008449e+00  2.54921410e+00 
 2.22214000e-09  1.89847179e+00  1.70152821e+00  2.84017550e+00  2.54912607e+00 
 2.22264000e-09  1.89852602e+00  1.70147398e+00  2.84026511e+00  2.54903943e+00 
 2.22314000e-09  1.89857927e+00  1.70142073e+00  2.84035330e+00  2.54895420e+00 
 2.22364000e-09  1.89863155e+00  1.70136845e+00  2.84044009e+00  2.54887036e+00 
 2.22414000e-09  1.89868286e+00  1.70131714e+00  2.84052547e+00  2.54878793e+00 
 2.22464000e-09  1.89873320e+00  1.70126680e+00  2.84060943e+00  2.54870690e+00 
 2.22514000e-09  1.89878256e+00  1.70121744e+00  2.84069199e+00  2.54862728e+00 
 2.22564000e-09  1.89883094e+00  1.70116906e+00  2.84077313e+00  2.54854906e+00 
 2.22614000e-09  1.89887835e+00  1.70112165e+00  2.84085287e+00  2.54847225e+00 
 2.22664000e-09  1.89892478e+00  1.70107522e+00  2.84093119e+00  2.54839684e+00 
 2.22714000e-09  1.89897024e+00  1.70102976e+00  2.84100809e+00  2.54832284e+00 
 2.22764000e-09  1.89901472e+00  1.70098528e+00  2.84108359e+00  2.54825024e+00 
 2.22814000e-09  1.89905822e+00  1.70094178e+00  2.84115767e+00  2.54817906e+00 
 2.22864000e-09  1.89910075e+00  1.70089925e+00  2.84123033e+00  2.54810928e+00 
 2.22914000e-09  1.89914230e+00  1.70085770e+00  2.84130158e+00  2.54804091e+00 
 2.22964000e-09  1.89918287e+00  1.70081713e+00  2.84137142e+00  2.54797395e+00 
 2.23014000e-09  1.89922246e+00  1.70077754e+00  2.84143984e+00  2.54790840e+00 
 2.23064000e-09  1.89926107e+00  1.70073893e+00  2.84150684e+00  2.54784426e+00 
 2.23114000e-09  1.89929870e+00  1.70070130e+00  2.84157243e+00  2.54778153e+00 
 2.23164000e-09  1.89933535e+00  1.70066465e+00  2.84163660e+00  2.54772021e+00 
 2.23214000e-09  1.89937102e+00  1.70062898e+00  2.84169935e+00  2.54766030e+00 
 2.23264000e-09  1.89940571e+00  1.70059429e+00  2.84176068e+00  2.54760181e+00 
 2.23314000e-09  1.89943942e+00  1.70056058e+00  2.84182060e+00  2.54754473e+00 
 2.23364000e-09  1.89947215e+00  1.70052785e+00  2.84187910e+00  2.54748906e+00 
 2.23414000e-09  1.89950389e+00  1.70049611e+00  2.84193618e+00  2.54743480e+00 
 2.23464000e-09  1.89953465e+00  1.70046535e+00  2.84199184e+00  2.54738196e+00 
 2.23514000e-09  1.89956444e+00  1.70043556e+00  2.84204608e+00  2.54733054e+00 
 2.23564000e-09  1.89959323e+00  1.70040677e+00  2.84209890e+00  2.54728053e+00 
 2.23614000e-09  1.89962105e+00  1.70037895e+00  2.84215031e+00  2.54723193e+00 
 2.23664000e-09  1.89964788e+00  1.70035212e+00  2.84220029e+00  2.54718475e+00 
 2.23714000e-09  1.89967373e+00  1.70032627e+00  2.84224885e+00  2.54713899e+00 
 2.23764000e-09  1.89969860e+00  1.70030140e+00  2.84229599e+00  2.54709464e+00 
 2.23814000e-09  1.89972248e+00  1.70027752e+00  2.84234171e+00  2.54705171e+00 
 2.23864000e-09  1.89974537e+00  1.70025463e+00  2.84238600e+00  2.54701020e+00 
 2.23914000e-09  1.89976729e+00  1.70023271e+00  2.84242888e+00  2.54697010e+00 
 2.23964000e-09  1.89978821e+00  1.70021179e+00  2.84247033e+00  2.54693143e+00 
 2.24014000e-09  1.89980816e+00  1.70019184e+00  2.84251036e+00  2.54689417e+00 
 2.24064000e-09  1.89982712e+00  1.70017288e+00  2.84254897e+00  2.54685832e+00 
 2.24114000e-09  1.89984509e+00  1.70015491e+00  2.84258615e+00  2.54682390e+00 
 2.24164000e-09  1.89986208e+00  1.70013792e+00  2.84262192e+00  2.54679090e+00 
 2.24214000e-09  1.89987808e+00  1.70012192e+00  2.84265626e+00  2.54675931e+00 
 2.24264000e-09  1.89989309e+00  1.70010691e+00  2.84268917e+00  2.54672915e+00 
 2.24314000e-09  1.89990712e+00  1.70009288e+00  2.84272066e+00  2.54670040e+00 
 2.24364000e-09  1.89992017e+00  1.70007983e+00  2.84275073e+00  2.54667308e+00 
 2.24414000e-09  1.89993222e+00  1.70006778e+00  2.84277937e+00  2.54664717e+00 
 2.24464000e-09  1.89994330e+00  1.70005670e+00  2.84280659e+00  2.54662269e+00 
 2.24514000e-09  1.89995338e+00  1.70004662e+00  2.84283239e+00  2.54659962e+00 
 2.24564000e-09  1.89996248e+00  1.70003752e+00  2.84285676e+00  2.54657798e+00 
 2.24614000e-09  1.89997059e+00  1.70002941e+00  2.84287970e+00  2.54655775e+00 
 2.24664000e-09  1.89997772e+00  1.70002228e+00  2.84290122e+00  2.54653895e+00 
 2.24714000e-09  1.89998385e+00  1.70001615e+00  2.84292132e+00  2.54652157e+00 
 2.24764000e-09  1.89998901e+00  1.70001099e+00  2.84293999e+00  2.54650561e+00 
 2.24814000e-09  1.89999317e+00  1.70000683e+00  2.84295724e+00  2.54649107e+00 
 2.24864000e-09  1.89999635e+00  1.70000365e+00  2.84297306e+00  2.54647795e+00 
 2.24914000e-09  1.89999854e+00  1.70000146e+00  2.84298745e+00  2.54646625e+00 
 2.24964000e-09  1.89999974e+00  1.70000026e+00  2.84300042e+00  2.54645598e+00 
 2.25014000e-09  1.89999996e+00  1.70000004e+00  2.84301196e+00  2.54644712e+00 
 2.25064000e-09  1.89999919e+00  1.70000081e+00  2.84302208e+00  2.54643969e+00 
 2.25114000e-09  1.89999743e+00  1.70000257e+00  2.84303077e+00  2.54643368e+00 
 2.25164000e-09  1.89999469e+00  1.70000531e+00  2.84303803e+00  2.54642909e+00 
 2.25214000e-09  1.89999096e+00  1.70000904e+00  2.84304387e+00  2.54642592e+00 
 2.25264000e-09  1.89998624e+00  1.70001376e+00  2.84304828e+00  2.54642417e+00 
 2.25314000e-09  1.89998054e+00  1.70001946e+00  2.84305127e+00  2.54642385e+00 
 2.25364000e-09  1.89997385e+00  1.70002615e+00  2.84305283e+00  2.54642495e+00 
 2.25414000e-09  1.89996617e+00  1.70003383e+00  2.84305296e+00  2.54642747e+00 
 2.25464000e-09  1.89995751e+00  1.70004249e+00  2.84305167e+00  2.54643141e+00 
 2.25514000e-09  1.89994785e+00  1.70005215e+00  2.84304895e+00  2.54643677e+00 
 2.25564000e-09  1.89993722e+00  1.70006278e+00  2.84304481e+00  2.54644355e+00 
 2.25614000e-09  1.89992559e+00  1.70007441e+00  2.84303924e+00  2.54645175e+00 
 2.25664000e-09  1.89991298e+00  1.70008702e+00  2.84303224e+00  2.54646138e+00 
 2.25714000e-09  1.89989939e+00  1.70010061e+00  2.84302382e+00  2.54647242e+00 
 2.25764000e-09  1.89988481e+00  1.70011519e+00  2.84301397e+00  2.54648489e+00 
 2.25814000e-09  1.89986924e+00  1.70013076e+00  2.84300269e+00  2.54649878e+00 
 2.25864000e-09  1.89985268e+00  1.70014732e+00  2.84298999e+00  2.54651409e+00 
 2.25914000e-09  1.89983514e+00  1.70016486e+00  2.84297586e+00  2.54653082e+00 
 2.25964000e-09  1.89981662e+00  1.70018338e+00  2.84296030e+00  2.54654897e+00 
 2.26014000e-09  1.89979711e+00  1.70020289e+00  2.84294332e+00  2.54656854e+00 
 2.26064000e-09  1.89977662e+00  1.70022338e+00  2.84292492e+00  2.54658953e+00 
 2.26114000e-09  1.89975514e+00  1.70024486e+00  2.84290509e+00  2.54661194e+00 
 2.26164000e-09  1.89973267e+00  1.70026733e+00  2.84288383e+00  2.54663577e+00 
 2.26214000e-09  1.89970923e+00  1.70029077e+00  2.84286114e+00  2.54666101e+00 
 2.26264000e-09  1.89968479e+00  1.70031521e+00  2.84283703e+00  2.54668768e+00 
 2.26314000e-09  1.89965938e+00  1.70034062e+00  2.84281150e+00  2.54671577e+00 
 2.26364000e-09  1.89963298e+00  1.70036702e+00  2.84278454e+00  2.54674527e+00 
 2.26414000e-09  1.89960559e+00  1.70039441e+00  2.84275616e+00  2.54677620e+00 
 2.26464000e-09  1.89957723e+00  1.70042277e+00  2.84272635e+00  2.54680854e+00 
 2.26514000e-09  1.89954788e+00  1.70045212e+00  2.84269511e+00  2.54684230e+00 
 2.26564000e-09  1.89951755e+00  1.70048245e+00  2.84266245e+00  2.54687748e+00 
 2.26614000e-09  1.89948623e+00  1.70051377e+00  2.84262837e+00  2.54691407e+00 
 2.26664000e-09  1.89945394e+00  1.70054606e+00  2.84259286e+00  2.54695208e+00 
 2.26714000e-09  1.89942066e+00  1.70057934e+00  2.84255593e+00  2.54699151e+00 
 2.26764000e-09  1.89938640e+00  1.70061360e+00  2.84251758e+00  2.54703236e+00 
 2.26814000e-09  1.89935117e+00  1.70064883e+00  2.84247780e+00  2.54707462e+00 
 2.26864000e-09  1.89931495e+00  1.70068505e+00  2.84243660e+00  2.54711829e+00 
 2.26914000e-09  1.89927775e+00  1.70072225e+00  2.84239397e+00  2.54716338e+00 
 2.26964000e-09  1.89923957e+00  1.70076043e+00  2.84234992e+00  2.54720989e+00 
 2.27014000e-09  1.89920041e+00  1.70079959e+00  2.84230445e+00  2.54725781e+00 
 2.27064000e-09  1.89916027e+00  1.70083973e+00  2.84225756e+00  2.54730714e+00 
 2.27114000e-09  1.89911915e+00  1.70088085e+00  2.84220924e+00  2.54735789e+00 
 2.27164000e-09  1.89907706e+00  1.70092294e+00  2.84215950e+00  2.54741005e+00 
 2.27214000e-09  1.89903398e+00  1.70096602e+00  2.84210835e+00  2.54746363e+00 
 2.27264000e-09  1.89898993e+00  1.70101007e+00  2.84205577e+00  2.54751861e+00 
 2.27314000e-09  1.89894491e+00  1.70105509e+00  2.84200176e+00  2.54757501e+00 
 2.27364000e-09  1.89889890e+00  1.70110110e+00  2.84194634e+00  2.54763282e+00 
 2.27414000e-09  1.89885192e+00  1.70114808e+00  2.84188950e+00  2.54769204e+00 
 2.27464000e-09  1.89880397e+00  1.70119603e+00  2.84183124e+00  2.54775267e+00 
 2.27514000e-09  1.89875504e+00  1.70124496e+00  2.84177156e+00  2.54781471e+00 
 2.27564000e-09  1.89870513e+00  1.70129487e+00  2.84171046e+00  2.54787817e+00 
 2.27614000e-09  1.89865425e+00  1.70134575e+00  2.84164794e+00  2.54794303e+00 
 2.27664000e-09  1.89860240e+00  1.70139760e+00  2.84158400e+00  2.54800929e+00 
 2.27714000e-09  1.89854957e+00  1.70145043e+00  2.84151864e+00  2.54807697e+00 
 2.27764000e-09  1.89849577e+00  1.70150423e+00  2.84145187e+00  2.54814605e+00 
 2.27814000e-09  1.89844100e+00  1.70155900e+00  2.84138368e+00  2.54821654e+00 
 2.27864000e-09  1.89838526e+00  1.70161474e+00  2.84131407e+00  2.54828844e+00 
 2.27914000e-09  1.89832854e+00  1.70167146e+00  2.84124305e+00  2.54836174e+00 
 2.27964000e-09  1.89827086e+00  1.70172914e+00  2.84117061e+00  2.54843645e+00 
 2.28014000e-09  1.89821220e+00  1.70178780e+00  2.84109675e+00  2.54851256e+00 
 2.28064000e-09  1.89815258e+00  1.70184742e+00  2.84102148e+00  2.54859008e+00 
 2.28114000e-09  1.89809199e+00  1.70190801e+00  2.84094480e+00  2.54866899e+00 
 2.28164000e-09  1.89803043e+00  1.70196957e+00  2.84086670e+00  2.54874931e+00 
 2.28214000e-09  1.89796790e+00  1.70203210e+00  2.84078718e+00  2.54883104e+00 
 2.28264000e-09  1.89790441e+00  1.70209559e+00  2.84070626e+00  2.54891416e+00 
 2.28314000e-09  1.89783994e+00  1.70216006e+00  2.84062392e+00  2.54899869e+00 
 2.28364000e-09  1.89777452e+00  1.70222548e+00  2.84054017e+00  2.54908461e+00 
 2.28414000e-09  1.89770813e+00  1.70229187e+00  2.84045501e+00  2.54917194e+00 
 2.28464000e-09  1.89764077e+00  1.70235923e+00  2.84036843e+00  2.54926066e+00 
 2.28514000e-09  1.89757245e+00  1.70242755e+00  2.84028045e+00  2.54935078e+00 
 2.28564000e-09  1.89750317e+00  1.70249683e+00  2.84019106e+00  2.54944230e+00 
 2.28614000e-09  1.89743292e+00  1.70256708e+00  2.84010025e+00  2.54953521e+00 
 2.28664000e-09  1.89736171e+00  1.70263829e+00  2.84000804e+00  2.54962952e+00 
 2.28714000e-09  1.89728955e+00  1.70271045e+00  2.83991442e+00  2.54972523e+00 
 2.28764000e-09  1.89721642e+00  1.70278358e+00  2.83981940e+00  2.54982233e+00 
 2.28814000e-09  1.89714233e+00  1.70285767e+00  2.83972296e+00  2.54992082e+00 
 2.28864000e-09  1.89706729e+00  1.70293271e+00  2.83962512e+00  2.55002071e+00 
 2.28914000e-09  1.89699128e+00  1.70300872e+00  2.83952588e+00  2.55012198e+00 
 2.28964000e-09  1.89691432e+00  1.70308568e+00  2.83942523e+00  2.55022465e+00 
 2.29014000e-09  1.89683640e+00  1.70316360e+00  2.83932317e+00  2.55032871e+00 
 2.29064000e-09  1.89675753e+00  1.70324247e+00  2.83921971e+00  2.55043416e+00 
 2.29114000e-09  1.89667770e+00  1.70332230e+00  2.83911485e+00  2.55054099e+00 
 2.29164000e-09  1.89659692e+00  1.70340308e+00  2.83900859e+00  2.55064922e+00 
 2.29214000e-09  1.89651518e+00  1.70348482e+00  2.83890092e+00  2.55075883e+00 
 2.29264000e-09  1.89643249e+00  1.70356751e+00  2.83879186e+00  2.55086982e+00 
 2.29314000e-09  1.89634885e+00  1.70365115e+00  2.83868139e+00  2.55098221e+00 
 2.29364000e-09  1.89626426e+00  1.70373574e+00  2.83856952e+00  2.55109597e+00 
 2.29414000e-09  1.89617872e+00  1.70382128e+00  2.83845626e+00  2.55121112e+00 
 2.29464000e-09  1.89609223e+00  1.70390777e+00  2.83834160e+00  2.55132765e+00 
 2.29514000e-09  1.89600479e+00  1.70399521e+00  2.83822554e+00  2.55144557e+00 
 2.29564000e-09  1.89591640e+00  1.70408360e+00  2.83810808e+00  2.55156486e+00 
 2.29614000e-09  1.89582707e+00  1.70417293e+00  2.83798923e+00  2.55168553e+00 
 2.29664000e-09  1.89573679e+00  1.70426321e+00  2.83786899e+00  2.55180759e+00 
 2.29714000e-09  1.89564557e+00  1.70435443e+00  2.83774735e+00  2.55193102e+00 
 2.29764000e-09  1.89555340e+00  1.70444660e+00  2.83762432e+00  2.55205582e+00 
 2.29814000e-09  1.89546029e+00  1.70453971e+00  2.83749989e+00  2.55218201e+00 
 2.29864000e-09  1.89536624e+00  1.70463376e+00  2.83737408e+00  2.55230956e+00 
 2.29914000e-09  1.89527124e+00  1.70472876e+00  2.83724687e+00  2.55243849e+00 
 2.29964000e-09  1.89517531e+00  1.70482469e+00  2.83711828e+00  2.55256880e+00 
 2.30014000e-09  1.89507843e+00  1.70492157e+00  2.83698829e+00  2.55270047e+00 
 2.30064000e-09  1.89498062e+00  1.70501938e+00  2.83685692e+00  2.55283352e+00 
 2.30114000e-09  1.89488187e+00  1.70511813e+00  2.83672416e+00  2.55296793e+00 
 2.30164000e-09  1.89478218e+00  1.70521782e+00  2.83659001e+00  2.55310372e+00 
 2.30214000e-09  1.89468156e+00  1.70531844e+00  2.83645448e+00  2.55324087e+00 
 2.30264000e-09  1.89458001e+00  1.70541999e+00  2.83631757e+00  2.55337938e+00 
 2.30314000e-09  1.89447752e+00  1.70552248e+00  2.83617927e+00  2.55351927e+00 
 2.30364000e-09  1.89437409e+00  1.70562591e+00  2.83603959e+00  2.55366051e+00 
 2.30414000e-09  1.89426974e+00  1.70573026e+00  2.83589853e+00  2.55380312e+00 
 2.30464000e-09  1.89416446e+00  1.70583554e+00  2.83575609e+00  2.55394709e+00 
 2.30514000e-09  1.89405824e+00  1.70594176e+00  2.83561227e+00  2.55409243e+00 
 2.30564000e-09  1.89395110e+00  1.70604890e+00  2.83546707e+00  2.55423912e+00 
 2.30614000e-09  1.89384303e+00  1.70615697e+00  2.83532050e+00  2.55438717e+00 
 2.30664000e-09  1.89373404e+00  1.70626596e+00  2.83517255e+00  2.55453658e+00 
 2.30714000e-09  1.89362412e+00  1.70637588e+00  2.83502322e+00  2.55468734e+00 
 2.30764000e-09  1.89351327e+00  1.70648673e+00  2.83487252e+00  2.55483946e+00 
 2.30814000e-09  1.89340151e+00  1.70659849e+00  2.83472045e+00  2.55499293e+00 
 2.30864000e-09  1.89328882e+00  1.70671118e+00  2.83456700e+00  2.55514775e+00 
 2.30914000e-09  1.89317521e+00  1.70682479e+00  2.83441219e+00  2.55530393e+00 
 2.30964000e-09  1.89306068e+00  1.70693932e+00  2.83425600e+00  2.55546146e+00 
 2.31014000e-09  1.89294523e+00  1.70705477e+00  2.83409845e+00  2.55562033e+00 
 2.31064000e-09  1.89282887e+00  1.70717113e+00  2.83393953e+00  2.55578055e+00 
 2.31114000e-09  1.89271158e+00  1.70728842e+00  2.83377924e+00  2.55594212e+00 
 2.31164000e-09  1.89259339e+00  1.70740661e+00  2.83361759e+00  2.55610503e+00 
 2.31214000e-09  1.89247428e+00  1.70752572e+00  2.83345458e+00  2.55626929e+00 
 2.31264000e-09  1.89235425e+00  1.70764575e+00  2.83329020e+00  2.55643488e+00 
 2.31314000e-09  1.89223332e+00  1.70776668e+00  2.83312446e+00  2.55660182e+00 
 2.31364000e-09  1.89211148e+00  1.70788852e+00  2.83295736e+00  2.55677010e+00 
 2.31414000e-09  1.89198872e+00  1.70801128e+00  2.83278890e+00  2.55693972e+00 
 2.31464000e-09  1.89186506e+00  1.70813494e+00  2.83261909e+00  2.55711067e+00 
 2.31514000e-09  1.89174049e+00  1.70825951e+00  2.83244791e+00  2.55728296e+00 
 2.31564000e-09  1.89161502e+00  1.70838498e+00  2.83227539e+00  2.55745658e+00 
 2.31614000e-09  1.89148864e+00  1.70851136e+00  2.83210151e+00  2.55763154e+00 
 2.31664000e-09  1.89136136e+00  1.70863864e+00  2.83192627e+00  2.55780782e+00 
 2.31714000e-09  1.89123318e+00  1.70876682e+00  2.83174969e+00  2.55798544e+00 
 2.31764000e-09  1.89110409e+00  1.70889591e+00  2.83157175e+00  2.55816439e+00 
 2.31814000e-09  1.89097411e+00  1.70902589e+00  2.83139247e+00  2.55834466e+00 
 2.31864000e-09  1.89084323e+00  1.70915677e+00  2.83121184e+00  2.55852626e+00 
 2.31914000e-09  1.89071145e+00  1.70928855e+00  2.83102986e+00  2.55870918e+00 
 2.31964000e-09  1.89057878e+00  1.70942122e+00  2.83084654e+00  2.55889342e+00 
 2.32014000e-09  1.89044522e+00  1.70955478e+00  2.83066188e+00  2.55907899e+00 
 2.32064000e-09  1.89031076e+00  1.70968924e+00  2.83047587e+00  2.55926587e+00 
 2.32114000e-09  1.89017541e+00  1.70982459e+00  2.83028852e+00  2.55945407e+00 
 2.32164000e-09  1.89003917e+00  1.70996083e+00  2.83009984e+00  2.55964359e+00 
 2.32214000e-09  1.88990204e+00  1.71009796e+00  2.82990982e+00  2.55983443e+00 
 2.32264000e-09  1.88976402e+00  1.71023598e+00  2.82971846e+00  2.56002657e+00 
 2.32314000e-09  1.88962512e+00  1.71037488e+00  2.82952577e+00  2.56022003e+00 
 2.32364000e-09  1.88948534e+00  1.71051466e+00  2.82933174e+00  2.56041480e+00 
 2.32414000e-09  1.88934467e+00  1.71065533e+00  2.82913638e+00  2.56061088e+00 
 2.32464000e-09  1.88920311e+00  1.71079689e+00  2.82893970e+00  2.56080827e+00 
 2.32514000e-09  1.88906068e+00  1.71093932e+00  2.82874168e+00  2.56100696e+00 
 2.32564000e-09  1.88891737e+00  1.71108263e+00  2.82854234e+00  2.56120695e+00 
 2.32614000e-09  1.88877318e+00  1.71122682e+00  2.82834167e+00  2.56140825e+00 
 2.32664000e-09  1.88862812e+00  1.71137188e+00  2.82813968e+00  2.56161085e+00 
 2.32714000e-09  1.88848218e+00  1.71151782e+00  2.82793637e+00  2.56181474e+00 
 2.32764000e-09  1.88833537e+00  1.71166463e+00  2.82773173e+00  2.56201994e+00 
 2.32814000e-09  1.88818768e+00  1.71181232e+00  2.82752578e+00  2.56222643e+00 
 2.32864000e-09  1.88803913e+00  1.71196087e+00  2.82731851e+00  2.56243421e+00 
 2.32914000e-09  1.88788970e+00  1.71211030e+00  2.82710992e+00  2.56264329e+00 
 2.32964000e-09  1.88773941e+00  1.71226059e+00  2.82690002e+00  2.56285365e+00 
 2.33014000e-09  1.88758826e+00  1.71241174e+00  2.82668881e+00  2.56306531e+00 
 2.33064000e-09  1.88743624e+00  1.71256376e+00  2.82647628e+00  2.56327825e+00 
 2.33114000e-09  1.88728335e+00  1.71271665e+00  2.82626245e+00  2.56349248e+00 
 2.33164000e-09  1.88712961e+00  1.71287039e+00  2.82604731e+00  2.56370799e+00 
 2.33214000e-09  1.88697500e+00  1.71302500e+00  2.82583086e+00  2.56392478e+00 
 2.33264000e-09  1.88681954e+00  1.71318046e+00  2.82561311e+00  2.56414285e+00 
 2.33314000e-09  1.88666321e+00  1.71333679e+00  2.82539406e+00  2.56436220e+00 
 2.33364000e-09  1.88650604e+00  1.71349396e+00  2.82517371e+00  2.56458283e+00 
 2.33414000e-09  1.88634801e+00  1.71365199e+00  2.82495205e+00  2.56480473e+00 
 2.33464000e-09  1.88618912e+00  1.71381088e+00  2.82472911e+00  2.56502790e+00 
 2.33514000e-09  1.88602939e+00  1.71397061e+00  2.82450486e+00  2.56525235e+00 
 2.33564000e-09  1.88586881e+00  1.71413119e+00  2.82427933e+00  2.56547806e+00 
 2.33614000e-09  1.88570738e+00  1.71429262e+00  2.82405250e+00  2.56570504e+00 
 2.33664000e-09  1.88554510e+00  1.71445490e+00  2.82382438e+00  2.56593328e+00 
 2.33714000e-09  1.88538198e+00  1.71461802e+00  2.82359497e+00  2.56616279e+00 
 2.33764000e-09  1.88521802e+00  1.71478198e+00  2.82336428e+00  2.56639356e+00 
 2.33814000e-09  1.88505322e+00  1.71494678e+00  2.82313231e+00  2.56662559e+00 
 2.33864000e-09  1.88488758e+00  1.71511242e+00  2.82289905e+00  2.56685888e+00 
 2.33914000e-09  1.88472109e+00  1.71527891e+00  2.82266451e+00  2.56709342e+00 
 2.33964000e-09  1.88455378e+00  1.71544622e+00  2.82242869e+00  2.56732921e+00 
 2.34014000e-09  1.88438563e+00  1.71561437e+00  2.82219160e+00  2.56756626e+00 
 2.34064000e-09  1.88421664e+00  1.71578336e+00  2.82195323e+00  2.56780455e+00 
 2.34114000e-09  1.88404683e+00  1.71595317e+00  2.82171359e+00  2.56804410e+00 
 2.34164000e-09  1.88387618e+00  1.71612382e+00  2.82147268e+00  2.56828489e+00 
 2.34214000e-09  1.88370471e+00  1.71629529e+00  2.82123050e+00  2.56852692e+00 
 2.34264000e-09  1.88353241e+00  1.71646759e+00  2.82098706e+00  2.56877019e+00 
 2.34314000e-09  1.88335929e+00  1.71664071e+00  2.82074235e+00  2.56901470e+00 
 2.34364000e-09  1.88318534e+00  1.71681466e+00  2.82049638e+00  2.56926045e+00 
 2.34414000e-09  1.88301057e+00  1.71698943e+00  2.82024915e+00  2.56950744e+00 
 2.34464000e-09  1.88283499e+00  1.71716501e+00  2.82000066e+00  2.56975566e+00 
 2.34514000e-09  1.88265858e+00  1.71734142e+00  2.81975091e+00  2.57000511e+00 
 2.34564000e-09  1.88248136e+00  1.71751864e+00  2.81949991e+00  2.57025579e+00 
 2.34614000e-09  1.88230333e+00  1.71769667e+00  2.81924766e+00  2.57050769e+00 
 2.34664000e-09  1.88212448e+00  1.71787552e+00  2.81899415e+00  2.57076082e+00 
 2.34714000e-09  1.88194483e+00  1.71805517e+00  2.81873940e+00  2.57101517e+00 
 2.34764000e-09  1.88176436e+00  1.71823564e+00  2.81848341e+00  2.57127074e+00 
 2.34814000e-09  1.88158309e+00  1.71841691e+00  2.81822617e+00  2.57152753e+00 
 2.34864000e-09  1.88140101e+00  1.71859899e+00  2.81796769e+00  2.57178554e+00 
 2.34914000e-09  1.88121813e+00  1.71878187e+00  2.81770797e+00  2.57204476e+00 
 2.34964000e-09  1.88103445e+00  1.71896555e+00  2.81744702e+00  2.57230519e+00 
 2.35014000e-09  1.88084996e+00  1.71915004e+00  2.81718483e+00  2.57256683e+00 
 2.35064000e-09  1.88066468e+00  1.71933532e+00  2.81692140e+00  2.57282967e+00 
 2.35114000e-09  1.88047861e+00  1.71952139e+00  2.81665675e+00  2.57309373e+00 
 2.35164000e-09  1.88029174e+00  1.71970826e+00  2.81639087e+00  2.57335898e+00 
 2.35214000e-09  1.88010407e+00  1.71989593e+00  2.81612376e+00  2.57362543e+00 
 2.35264000e-09  1.87991562e+00  1.72008438e+00  2.81585543e+00  2.57389308e+00 
 2.35314000e-09  1.87972638e+00  1.72027362e+00  2.81558588e+00  2.57416193e+00 
 2.35364000e-09  1.87953635e+00  1.72046365e+00  2.81531512e+00  2.57443197e+00 
 2.35414000e-09  1.87934553e+00  1.72065447e+00  2.81504313e+00  2.57470320e+00 
 2.35464000e-09  1.87915394e+00  1.72084606e+00  2.81476993e+00  2.57497562e+00 
 2.35514000e-09  1.87896156e+00  1.72103844e+00  2.81449552e+00  2.57524923e+00 
 2.35564000e-09  1.87876840e+00  1.72123160e+00  2.81421990e+00  2.57552401e+00 
 2.35614000e-09  1.87857446e+00  1.72142554e+00  2.81394308e+00  2.57579998e+00 
 2.35664000e-09  1.87837975e+00  1.72162025e+00  2.81366505e+00  2.57607713e+00 
 2.35714000e-09  1.87818427e+00  1.72181573e+00  2.81338581e+00  2.57635546e+00 
 2.35764000e-09  1.87798801e+00  1.72201199e+00  2.81310538e+00  2.57663496e+00 
 2.35814000e-09  1.87779099e+00  1.72220901e+00  2.81282375e+00  2.57691563e+00 
 2.35864000e-09  1.87759319e+00  1.72240681e+00  2.81254093e+00  2.57719747e+00 
 2.35914000e-09  1.87739463e+00  1.72260537e+00  2.81225692e+00  2.57748048e+00 
 2.35964000e-09  1.87719531e+00  1.72280469e+00  2.81197171e+00  2.57776465e+00 
 2.36014000e-09  1.87699522e+00  1.72300478e+00  2.81168532e+00  2.57804998e+00 
 2.36064000e-09  1.87679438e+00  1.72320562e+00  2.81139774e+00  2.57833647e+00 
 2.36114000e-09  1.87659278e+00  1.72340722e+00  2.81110899e+00  2.57862412e+00 
 2.36164000e-09  1.87639042e+00  1.72360958e+00  2.81081905e+00  2.57891292e+00 
 2.36214000e-09  1.87618730e+00  1.72381270e+00  2.81052794e+00  2.57920288e+00 
 2.36264000e-09  1.87598344e+00  1.72401656e+00  2.81023565e+00  2.57949398e+00 
 2.36314000e-09  1.87577882e+00  1.72422118e+00  2.80994219e+00  2.57978623e+00 
 2.36364000e-09  1.87557346e+00  1.72442654e+00  2.80964756e+00  2.58007962e+00 
 2.36414000e-09  1.87536735e+00  1.72463265e+00  2.80935176e+00  2.58037416e+00 
 2.36464000e-09  1.87516050e+00  1.72483950e+00  2.80905481e+00  2.58066983e+00 
 2.36514000e-09  1.87495291e+00  1.72504709e+00  2.80875669e+00  2.58096664e+00 
 2.36564000e-09  1.87474457e+00  1.72525543e+00  2.80845741e+00  2.58126458e+00 
 2.36614000e-09  1.87453550e+00  1.72546450e+00  2.80815697e+00  2.58156365e+00 
 2.36664000e-09  1.87432569e+00  1.72567431e+00  2.80785539e+00  2.58186385e+00 
 2.36714000e-09  1.87411515e+00  1.72588485e+00  2.80755265e+00  2.58216518e+00 
 2.36764000e-09  1.87390388e+00  1.72609612e+00  2.80724877e+00  2.58246763e+00 
 2.36814000e-09  1.87369188e+00  1.72630812e+00  2.80694374e+00  2.58277120e+00 
 2.36864000e-09  1.87347915e+00  1.72652085e+00  2.80663757e+00  2.58307588e+00 
 2.36914000e-09  1.87326569e+00  1.72673431e+00  2.80633026e+00  2.58338169e+00 
 2.36964000e-09  1.87305152e+00  1.72694848e+00  2.80602181e+00  2.58368860e+00 
 2.37014000e-09  1.87283662e+00  1.72716338e+00  2.80571223e+00  2.58399662e+00 
 2.37064000e-09  1.87262100e+00  1.72737900e+00  2.80540152e+00  2.58430575e+00 
 2.37114000e-09  1.87240467e+00  1.72759533e+00  2.80508968e+00  2.58461598e+00 
 2.37164000e-09  1.87218762e+00  1.72781238e+00  2.80477672e+00  2.58492731e+00 
 2.37214000e-09  1.87196986e+00  1.72803014e+00  2.80446263e+00  2.58523974e+00 
 2.37264000e-09  1.87175139e+00  1.72824861e+00  2.80414742e+00  2.58555326e+00 
 2.37314000e-09  1.87153221e+00  1.72846779e+00  2.80383110e+00  2.58586788e+00 
 2.37364000e-09  1.87131232e+00  1.72868768e+00  2.80351367e+00  2.58618359e+00 
 2.37414000e-09  1.87109173e+00  1.72890827e+00  2.80319512e+00  2.58650038e+00 
 2.37464000e-09  1.87087044e+00  1.72912956e+00  2.80287546e+00  2.58681825e+00 
 2.37514000e-09  1.87064845e+00  1.72935155e+00  2.80255471e+00  2.58713721e+00 
 2.37564000e-09  1.87042576e+00  1.72957424e+00  2.80223284e+00  2.58745724e+00 
 2.37614000e-09  1.87020238e+00  1.72979762e+00  2.80190988e+00  2.58777835e+00 
 2.37664000e-09  1.86997830e+00  1.73002170e+00  2.80158583e+00  2.58810053e+00 
 2.37714000e-09  1.86975354e+00  1.73024646e+00  2.80126068e+00  2.58842379e+00 
 2.37764000e-09  1.86952808e+00  1.73047192e+00  2.80093444e+00  2.58874810e+00 
 2.37814000e-09  1.86930194e+00  1.73069806e+00  2.80060712e+00  2.58907348e+00 
 2.37864000e-09  1.86907512e+00  1.73092488e+00  2.80027871e+00  2.58939992e+00 
 2.37914000e-09  1.86884761e+00  1.73115239e+00  2.79994922e+00  2.58972742e+00 
 2.37964000e-09  1.86861942e+00  1.73138058e+00  2.79961865e+00  2.59005597e+00 
 2.38014000e-09  1.86839056e+00  1.73160944e+00  2.79928701e+00  2.59038557e+00 
 2.38064000e-09  1.86816102e+00  1.73183898e+00  2.79895429e+00  2.59071622e+00 
 2.38114000e-09  1.86793081e+00  1.73206919e+00  2.79862051e+00  2.59104792e+00 
 2.38164000e-09  1.86769993e+00  1.73230007e+00  2.79828566e+00  2.59138065e+00 
 2.38214000e-09  1.86746838e+00  1.73253162e+00  2.79794975e+00  2.59171443e+00 
 2.38264000e-09  1.86723616e+00  1.73276384e+00  2.79761279e+00  2.59204924e+00 
 2.38314000e-09  1.86700328e+00  1.73299672e+00  2.79727476e+00  2.59238508e+00 
 2.38364000e-09  1.86676974e+00  1.73323026e+00  2.79693569e+00  2.59272196e+00 
 2.38414000e-09  1.86653554e+00  1.73346446e+00  2.79659556e+00  2.59305986e+00 
 2.38464000e-09  1.86630069e+00  1.73369931e+00  2.79625439e+00  2.59339878e+00 
 2.38514000e-09  1.86606518e+00  1.73393482e+00  2.79591217e+00  2.59373873e+00 
 2.38564000e-09  1.86582902e+00  1.73417098e+00  2.79556892e+00  2.59407969e+00 
 2.38614000e-09  1.86559220e+00  1.73440780e+00  2.79522463e+00  2.59442167e+00 
 2.38664000e-09  1.86535474e+00  1.73464526e+00  2.79487930e+00  2.59476465e+00 
 2.38714000e-09  1.86511664e+00  1.73488336e+00  2.79453295e+00  2.59510865e+00 
 2.38764000e-09  1.86487789e+00  1.73512211e+00  2.79418557e+00  2.59545365e+00 
 2.38814000e-09  1.86463850e+00  1.73536150e+00  2.79383716e+00  2.59579964e+00 
 2.38864000e-09  1.86439848e+00  1.73560152e+00  2.79348774e+00  2.59614664e+00 
 2.38914000e-09  1.86415782e+00  1.73584218e+00  2.79313730e+00  2.59649463e+00 
 2.38964000e-09  1.86391652e+00  1.73608348e+00  2.79278584e+00  2.59684362e+00 
 2.39014000e-09  1.86367460e+00  1.73632540e+00  2.79243338e+00  2.59719359e+00 
 2.39064000e-09  1.86343204e+00  1.73656796e+00  2.79207991e+00  2.59754455e+00 
 2.39114000e-09  1.86318886e+00  1.73681114e+00  2.79172543e+00  2.59789649e+00 
 2.39164000e-09  1.86294506e+00  1.73705494e+00  2.79136996e+00  2.59824940e+00 
 2.39214000e-09  1.86270063e+00  1.73729937e+00  2.79101349e+00  2.59860329e+00 
 2.39264000e-09  1.86245559e+00  1.73754441e+00  2.79065602e+00  2.59895816e+00 
 2.39314000e-09  1.86220993e+00  1.73779007e+00  2.79029757e+00  2.59931399e+00 
 2.39364000e-09  1.86196366e+00  1.73803634e+00  2.78993813e+00  2.59967078e+00 
 2.39414000e-09  1.86171677e+00  1.73828323e+00  2.78957771e+00  2.60002854e+00 
 2.39464000e-09  1.86146928e+00  1.73853072e+00  2.78921631e+00  2.60038726e+00 
 2.39514000e-09  1.86122118e+00  1.73877882e+00  2.78885393e+00  2.60074693e+00 
 2.39564000e-09  1.86097247e+00  1.73902753e+00  2.78849058e+00  2.60110755e+00 
 2.39614000e-09  1.86072316e+00  1.73927684e+00  2.78812627e+00  2.60146912e+00 
 2.39664000e-09  1.86047326e+00  1.73952674e+00  2.78776098e+00  2.60183164e+00 
 2.39714000e-09  1.86022275e+00  1.73977725e+00  2.78739474e+00  2.60219510e+00 
 2.39764000e-09  1.85997166e+00  1.74002834e+00  2.78702754e+00  2.60255949e+00 
 2.39814000e-09  1.85971997e+00  1.74028003e+00  2.78665938e+00  2.60292482e+00 
 2.39864000e-09  1.85946769e+00  1.74053231e+00  2.78629027e+00  2.60329108e+00 
 2.39914000e-09  1.85921482e+00  1.74078518e+00  2.78592022e+00  2.60365826e+00 
 2.39964000e-09  1.85896137e+00  1.74103863e+00  2.78554922e+00  2.60402637e+00 
 2.40014000e-09  1.85870734e+00  1.74129266e+00  2.78517728e+00  2.60439540e+00 
 2.40064000e-09  1.85845273e+00  1.74154727e+00  2.78480441e+00  2.60476535e+00 
 2.40114000e-09  1.85819754e+00  1.74180246e+00  2.78443060e+00  2.60513621e+00 
 2.40164000e-09  1.85794177e+00  1.74205823e+00  2.78405586e+00  2.60550798e+00 
 2.40214000e-09  1.85768544e+00  1.74231456e+00  2.78368020e+00  2.60588066e+00 
 2.40264000e-09  1.85742853e+00  1.74257147e+00  2.78330362e+00  2.60625424e+00 
 2.40314000e-09  1.85717106e+00  1.74282894e+00  2.78292611e+00  2.60662872e+00 
 2.40364000e-09  1.85691303e+00  1.74308697e+00  2.78254770e+00  2.60700409e+00 
 2.40414000e-09  1.85665443e+00  1.74334557e+00  2.78216837e+00  2.60738035e+00 
 2.40464000e-09  1.85639528e+00  1.74360472e+00  2.78178813e+00  2.60775751e+00 
 2.40514000e-09  1.85613556e+00  1.74386444e+00  2.78140700e+00  2.60813555e+00 
 2.40564000e-09  1.85587530e+00  1.74412470e+00  2.78102496e+00  2.60851446e+00 
 2.40614000e-09  1.85561448e+00  1.74438552e+00  2.78064203e+00  2.60889426e+00 
 2.40664000e-09  1.85535311e+00  1.74464689e+00  2.78025820e+00  2.60927493e+00 
 2.40714000e-09  1.85509120e+00  1.74490880e+00  2.77987349e+00  2.60965647e+00 
 2.40764000e-09  1.85482874e+00  1.74517126e+00  2.77948789e+00  2.61003888e+00 
 2.40814000e-09  1.85456574e+00  1.74543426e+00  2.77910142e+00  2.61042214e+00 
 2.40864000e-09  1.85430220e+00  1.74569780e+00  2.77871406e+00  2.61080627e+00 
 2.40914000e-09  1.85403813e+00  1.74596187e+00  2.77832584e+00  2.61119125e+00 
 2.40964000e-09  1.85377352e+00  1.74622648e+00  2.77793674e+00  2.61157709e+00 
 2.41014000e-09  1.85350839e+00  1.74649161e+00  2.77754678e+00  2.61196377e+00 
 2.41064000e-09  1.85324272e+00  1.74675728e+00  2.77715596e+00  2.61235129e+00 
 2.41114000e-09  1.85297653e+00  1.74702347e+00  2.77676428e+00  2.61273966e+00 
 2.41164000e-09  1.85270982e+00  1.74729018e+00  2.77637174e+00  2.61312886e+00 
 2.41214000e-09  1.85244259e+00  1.74755741e+00  2.77597836e+00  2.61351890e+00 
 2.41264000e-09  1.85217483e+00  1.74782517e+00  2.77558413e+00  2.61390976e+00 
 2.41314000e-09  1.85190657e+00  1.74809343e+00  2.77518906e+00  2.61430145e+00 
 2.41364000e-09  1.85163779e+00  1.74836221e+00  2.77479315e+00  2.61469396e+00 
 2.41414000e-09  1.85136850e+00  1.74863150e+00  2.77439641e+00  2.61508728e+00 
 2.41464000e-09  1.85109871e+00  1.74890129e+00  2.77399884e+00  2.61548143e+00 
 2.41514000e-09  1.85082841e+00  1.74917159e+00  2.77360044e+00  2.61587638e+00 
 2.41564000e-09  1.85055761e+00  1.74944239e+00  2.77320122e+00  2.61627213e+00 
 2.41614000e-09  1.85028631e+00  1.74971369e+00  2.77280119e+00  2.61666869e+00 
 2.41664000e-09  1.85001451e+00  1.74998549e+00  2.77240034e+00  2.61706605e+00 
 2.41714000e-09  1.84974222e+00  1.75025778e+00  2.77199868e+00  2.61746420e+00 
 2.41764000e-09  1.84946944e+00  1.75053056e+00  2.77159621e+00  2.61786314e+00 
 2.41814000e-09  1.84919617e+00  1.75080383e+00  2.77119294e+00  2.61826286e+00 
 2.41864000e-09  1.84892242e+00  1.75107758e+00  2.77078887e+00  2.61866337e+00 
 2.41914000e-09  1.84864818e+00  1.75135182e+00  2.77038401e+00  2.61906466e+00 
 2.41964000e-09  1.84837346e+00  1.75162654e+00  2.76997836e+00  2.61946672e+00 
 2.42014000e-09  1.84809826e+00  1.75190174e+00  2.76957193e+00  2.61986955e+00 
 2.42064000e-09  1.84782260e+00  1.75217740e+00  2.76916471e+00  2.62027315e+00 
 2.42114000e-09  1.84754645e+00  1.75245355e+00  2.76875672e+00  2.62067752e+00 
 2.42164000e-09  1.84726984e+00  1.75273016e+00  2.76834795e+00  2.62108264e+00 
 2.42214000e-09  1.84699276e+00  1.75300724e+00  2.76793842e+00  2.62148851e+00 
 2.42264000e-09  1.84671522e+00  1.75328478e+00  2.76752812e+00  2.62189514e+00 
 2.42314000e-09  1.84643722e+00  1.75356278e+00  2.76711705e+00  2.62230251e+00 
 2.42364000e-09  1.84615876e+00  1.75384124e+00  2.76670524e+00  2.62271063e+00 
 2.42414000e-09  1.84587984e+00  1.75412016e+00  2.76629266e+00  2.62311948e+00 
 2.42464000e-09  1.84560047e+00  1.75439953e+00  2.76587935e+00  2.62352907e+00 
 2.42514000e-09  1.84532066e+00  1.75467934e+00  2.76546528e+00  2.62393939e+00 
 2.42564000e-09  1.84504039e+00  1.75495961e+00  2.76505048e+00  2.62435044e+00 
 2.42614000e-09  1.84475968e+00  1.75524032e+00  2.76463494e+00  2.62476221e+00 
 2.42664000e-09  1.84447853e+00  1.75552147e+00  2.76421867e+00  2.62517469e+00 
 2.42714000e-09  1.84419693e+00  1.75580307e+00  2.76380167e+00  2.62558789e+00 
 2.42764000e-09  1.84391491e+00  1.75608509e+00  2.76338395e+00  2.62600180e+00 
 2.42814000e-09  1.84363244e+00  1.75636756e+00  2.76296551e+00  2.62641642e+00 
 2.42864000e-09  1.84334955e+00  1.75665045e+00  2.76254636e+00  2.62683174e+00 
 2.42914000e-09  1.84306623e+00  1.75693377e+00  2.76212650e+00  2.62724776e+00 
 2.42964000e-09  1.84278249e+00  1.75721751e+00  2.76170593e+00  2.62766447e+00 
 2.43014000e-09  1.84249832e+00  1.75750168e+00  2.76128466e+00  2.62808186e+00 
 2.43064000e-09  1.84221373e+00  1.75778627e+00  2.76086269e+00  2.62849995e+00 
 2.43114000e-09  1.84192873e+00  1.75807127e+00  2.76044003e+00  2.62891872e+00 
 2.43164000e-09  1.84164331e+00  1.75835669e+00  2.76001668e+00  2.62933816e+00 
 2.43214000e-09  1.84135748e+00  1.75864252e+00  2.75959264e+00  2.62975827e+00 
 2.43264000e-09  1.84107125e+00  1.75892875e+00  2.75916793e+00  2.63017906e+00 
 2.43314000e-09  1.84078461e+00  1.75921539e+00  2.75874254e+00  2.63060051e+00 
 2.43364000e-09  1.84049756e+00  1.75950244e+00  2.75831648e+00  2.63102262e+00 
 2.43414000e-09  1.84021012e+00  1.75978988e+00  2.75788975e+00  2.63144538e+00 
 2.43464000e-09  1.83992228e+00  1.76007772e+00  2.75746236e+00  2.63186880e+00 
 2.43514000e-09  1.83963404e+00  1.76036596e+00  2.75703431e+00  2.63229286e+00 
 2.43564000e-09  1.83934542e+00  1.76065458e+00  2.75660561e+00  2.63271757e+00 
 2.43614000e-09  1.83905640e+00  1.76094360e+00  2.75617625e+00  2.63314291e+00 
 2.43664000e-09  1.83876700e+00  1.76123300e+00  2.75574626e+00  2.63356889e+00 
 2.43714000e-09  1.83847722e+00  1.76152278e+00  2.75531562e+00  2.63399550e+00 
 2.43764000e-09  1.83818706e+00  1.76181294e+00  2.75488435e+00  2.63442274e+00 
 2.43814000e-09  1.83789652e+00  1.76210348e+00  2.75445244e+00  2.63485060e+00 
 2.43864000e-09  1.83760561e+00  1.76239439e+00  2.75401991e+00  2.63527908e+00 
 2.43914000e-09  1.83731432e+00  1.76268568e+00  2.75358675e+00  2.63570817e+00 
 2.43964000e-09  1.83702267e+00  1.76297733e+00  2.75315298e+00  2.63613787e+00 
 2.44014000e-09  1.83673065e+00  1.76326935e+00  2.75271859e+00  2.63656817e+00 
 2.44064000e-09  1.83643827e+00  1.76356173e+00  2.75228359e+00  2.63699907e+00 
 2.44114000e-09  1.83614553e+00  1.76385447e+00  2.75184799e+00  2.63743057e+00 
 2.44164000e-09  1.83585244e+00  1.76414756e+00  2.75141179e+00  2.63786266e+00 
 2.44214000e-09  1.83555899e+00  1.76444101e+00  2.75097499e+00  2.63829534e+00 
 2.44264000e-09  1.83526518e+00  1.76473482e+00  2.75053760e+00  2.63872860e+00 
 2.44314000e-09  1.83497104e+00  1.76502896e+00  2.75009963e+00  2.63916244e+00 
 2.44364000e-09  1.83467654e+00  1.76532346e+00  2.74966107e+00  2.63959685e+00 
 2.44414000e-09  1.83438170e+00  1.76561830e+00  2.74922193e+00  2.64003184e+00 
 2.44464000e-09  1.83408653e+00  1.76591347e+00  2.74878222e+00  2.64046739e+00 
 2.44514000e-09  1.83379101e+00  1.76620899e+00  2.74834195e+00  2.64090350e+00 
 2.44564000e-09  1.83349517e+00  1.76650483e+00  2.74790111e+00  2.64134016e+00 
 2.44614000e-09  1.83319899e+00  1.76680101e+00  2.74745970e+00  2.64177738e+00 
 2.44664000e-09  1.83290249e+00  1.76709751e+00  2.74701775e+00  2.64221515e+00 
 2.44714000e-09  1.83260566e+00  1.76739434e+00  2.74657524e+00  2.64265345e+00 
 2.44764000e-09  1.83230851e+00  1.76769149e+00  2.74613219e+00  2.64309230e+00 
 2.44814000e-09  1.83201104e+00  1.76798896e+00  2.74568860e+00  2.64353168e+00 
 2.44864000e-09  1.83171325e+00  1.76828675e+00  2.74524447e+00  2.64397160e+00 
 2.44914000e-09  1.83141515e+00  1.76858485e+00  2.74479981e+00  2.64441203e+00 
 2.44964000e-09  1.83111674e+00  1.76888326e+00  2.74435462e+00  2.64485299e+00 
 2.45014000e-09  1.83081803e+00  1.76918197e+00  2.74390891e+00  2.64529447e+00 
 2.45064000e-09  1.83051901e+00  1.76948099e+00  2.74346268e+00  2.64573645e+00 
 2.45114000e-09  1.83021969e+00  1.76978031e+00  2.74301593e+00  2.64617895e+00 
 2.45164000e-09  1.82992007e+00  1.77007993e+00  2.74256868e+00  2.64662195e+00 
 2.45214000e-09  1.82962015e+00  1.77037985e+00  2.74212093e+00  2.64706544e+00 
 2.45264000e-09  1.82931995e+00  1.77068005e+00  2.74167267e+00  2.64750943e+00 
 2.45314000e-09  1.82901945e+00  1.77098055e+00  2.74122392e+00  2.64795391e+00 
 2.45364000e-09  1.82871867e+00  1.77128133e+00  2.74077469e+00  2.64839888e+00 
 2.45414000e-09  1.82841760e+00  1.77158240e+00  2.74032496e+00  2.64884432e+00 
 2.45464000e-09  1.82811625e+00  1.77188375e+00  2.73987476e+00  2.64929024e+00 
 2.45514000e-09  1.82781463e+00  1.77218537e+00  2.73942408e+00  2.64973664e+00 
 2.45564000e-09  1.82751273e+00  1.77248727e+00  2.73897293e+00  2.65018350e+00 
 2.45614000e-09  1.82721056e+00  1.77278944e+00  2.73852131e+00  2.65063082e+00 
 2.45664000e-09  1.82690812e+00  1.77309188e+00  2.73806923e+00  2.65107860e+00 
 2.45714000e-09  1.82660542e+00  1.77339458e+00  2.73761669e+00  2.65152683e+00 
 2.45764000e-09  1.82630245e+00  1.77369755e+00  2.73716371e+00  2.65197551e+00 
 2.45814000e-09  1.82599922e+00  1.77400078e+00  2.73671027e+00  2.65242464e+00 
 2.45864000e-09  1.82569574e+00  1.77430426e+00  2.73625639e+00  2.65287420e+00 
 2.45914000e-09  1.82539200e+00  1.77460800e+00  2.73580208e+00  2.65332420e+00 
 2.45964000e-09  1.82508801e+00  1.77491199e+00  2.73534733e+00  2.65377463e+00 
 2.46014000e-09  1.82478378e+00  1.77521622e+00  2.73489215e+00  2.65422549e+00 
 2.46064000e-09  1.82447930e+00  1.77552070e+00  2.73443655e+00  2.65467677e+00 
 2.46114000e-09  1.82417458e+00  1.77582542e+00  2.73398053e+00  2.65512846e+00 
 2.46164000e-09  1.82386962e+00  1.77613038e+00  2.73352410e+00  2.65558056e+00 
 2.46214000e-09  1.82356442e+00  1.77643558e+00  2.73306726e+00  2.65603308e+00 
 2.46264000e-09  1.82325899e+00  1.77674101e+00  2.73261001e+00  2.65648599e+00 
 2.46314000e-09  1.82295334e+00  1.77704666e+00  2.73215237e+00  2.65693931e+00 
 2.46364000e-09  1.82264745e+00  1.77735255e+00  2.73169433e+00  2.65739301e+00 
 2.46414000e-09  1.82234134e+00  1.77765866e+00  2.73123590e+00  2.65784711e+00 
 2.46464000e-09  1.82203502e+00  1.77796498e+00  2.73077709e+00  2.65830159e+00 
 2.46514000e-09  1.82172847e+00  1.77827153e+00  2.73031789e+00  2.65875645e+00 
 2.46564000e-09  1.82142171e+00  1.77857829e+00  2.72985832e+00  2.65921169e+00 
 2.46614000e-09  1.82111474e+00  1.77888526e+00  2.72939838e+00  2.65966729e+00 
 2.46664000e-09  1.82080756e+00  1.77919244e+00  2.72893808e+00  2.66012326e+00 
 2.46714000e-09  1.82050017e+00  1.77949983e+00  2.72847741e+00  2.66057959e+00 
 2.46764000e-09  1.82019258e+00  1.77980742e+00  2.72801639e+00  2.66103628e+00 
 2.46814000e-09  1.81988480e+00  1.78011520e+00  2.72755502e+00  2.66149332e+00 
 2.46864000e-09  1.81957681e+00  1.78042319e+00  2.72709330e+00  2.66195071e+00 
 2.46914000e-09  1.81926864e+00  1.78073136e+00  2.72663125e+00  2.66240844e+00 
 2.46964000e-09  1.81896027e+00  1.78103973e+00  2.72616885e+00  2.66286651e+00 
 2.47014000e-09  1.81865172e+00  1.78134828e+00  2.72570613e+00  2.66332491e+00 
 2.47064000e-09  1.81834298e+00  1.78165702e+00  2.72524307e+00  2.66378363e+00 
 2.47114000e-09  1.81803406e+00  1.78196594e+00  2.72477970e+00  2.66424269e+00 
 2.47164000e-09  1.81772496e+00  1.78227504e+00  2.72431601e+00  2.66470206e+00 
 2.47214000e-09  1.81741569e+00  1.78258431e+00  2.72385201e+00  2.66516174e+00 
 2.47264000e-09  1.81710625e+00  1.78289375e+00  2.72338771e+00  2.66562174e+00 
 2.47314000e-09  1.81679664e+00  1.78320336e+00  2.72292310e+00  2.66608204e+00 
 2.47364000e-09  1.81648686e+00  1.78351314e+00  2.72245819e+00  2.66654264e+00 
 2.47414000e-09  1.81617692e+00  1.78382308e+00  2.72199300e+00  2.66700353e+00 
 2.47464000e-09  1.81586682e+00  1.78413318e+00  2.72152751e+00  2.66746472e+00 
 2.47514000e-09  1.81555656e+00  1.78444344e+00  2.72106175e+00  2.66792619e+00 
 2.47564000e-09  1.81524615e+00  1.78475385e+00  2.72059571e+00  2.66838794e+00 
 2.47614000e-09  1.81493559e+00  1.78506441e+00  2.72012940e+00  2.66884997e+00 
 2.47664000e-09  1.81462488e+00  1.78537512e+00  2.71966282e+00  2.66931228e+00 
 2.47714000e-09  1.81431403e+00  1.78568597e+00  2.71919598e+00  2.66977485e+00 
 2.47764000e-09  1.81400303e+00  1.78599697e+00  2.71872888e+00  2.67023768e+00 
 2.47814000e-09  1.81369190e+00  1.78630810e+00  2.71826153e+00  2.67070077e+00 
 2.47864000e-09  1.81338063e+00  1.78661937e+00  2.71779394e+00  2.67116411e+00 
 2.47914000e-09  1.81306923e+00  1.78693077e+00  2.71732610e+00  2.67162770e+00 
 2.47964000e-09  1.81275770e+00  1.78724230e+00  2.71685803e+00  2.67209154e+00 
 2.48014000e-09  1.81244605e+00  1.78755395e+00  2.71638972e+00  2.67255561e+00 
 2.48064000e-09  1.81213427e+00  1.78786573e+00  2.71592119e+00  2.67301992e+00 
 2.48114000e-09  1.81182237e+00  1.78817763e+00  2.71545244e+00  2.67348446e+00 
 2.48164000e-09  1.81151036e+00  1.78848964e+00  2.71498347e+00  2.67394922e+00 
 2.48214000e-09  1.81119823e+00  1.78880177e+00  2.71451429e+00  2.67441421e+00 
 2.48264000e-09  1.81088599e+00  1.78911401e+00  2.71404491e+00  2.67487940e+00 
 2.48314000e-09  1.81057365e+00  1.78942635e+00  2.71357532e+00  2.67534481e+00 
 2.48364000e-09  1.81026120e+00  1.78973880e+00  2.71310554e+00  2.67581043e+00 
 2.48414000e-09  1.80994865e+00  1.79005135e+00  2.71263557e+00  2.67627624e+00 
 2.48464000e-09  1.80963600e+00  1.79036400e+00  2.71216541e+00  2.67674226e+00 
 2.48514000e-09  1.80932325e+00  1.79067675e+00  2.71169507e+00  2.67720846e+00 
 2.48564000e-09  1.80901042e+00  1.79098958e+00  2.71122455e+00  2.67767485e+00 
 2.48614000e-09  1.80869749e+00  1.79130251e+00  2.71075387e+00  2.67814143e+00 
 2.48664000e-09  1.80838448e+00  1.79161552e+00  2.71028302e+00  2.67860818e+00 
 2.48714000e-09  1.80807139e+00  1.79192861e+00  2.70981201e+00  2.67907510e+00 
 2.48764000e-09  1.80775821e+00  1.79224179e+00  2.70934084e+00  2.67954219e+00 
 2.48814000e-09  1.80744496e+00  1.79255504e+00  2.70886953e+00  2.68000945e+00 
 2.48864000e-09  1.80713164e+00  1.79286836e+00  2.70839807e+00  2.68047687e+00 
 2.48914000e-09  1.80681825e+00  1.79318175e+00  2.70792647e+00  2.68094443e+00 
 2.48964000e-09  1.80650478e+00  1.79349522e+00  2.70745473e+00  2.68141215e+00 
 2.49014000e-09  1.80619126e+00  1.79380874e+00  2.70698287e+00  2.68188001e+00 
 2.49064000e-09  1.80587767e+00  1.79412233e+00  2.70651088e+00  2.68234802e+00 
 2.49114000e-09  1.80556403e+00  1.79443597e+00  2.70603877e+00  2.68281615e+00 
 2.49164000e-09  1.80525033e+00  1.79474967e+00  2.70556655e+00  2.68328442e+00 
 2.49214000e-09  1.80493658e+00  1.79506342e+00  2.70509422e+00  2.68375282e+00 
 2.49264000e-09  1.80462278e+00  1.79537722e+00  2.70462179e+00  2.68422133e+00 
 2.49314000e-09  1.80430893e+00  1.79569107e+00  2.70414926e+00  2.68468996e+00 
 2.49364000e-09  1.80399504e+00  1.79600496e+00  2.70367663e+00  2.68515870e+00 
 2.49414000e-09  1.80368111e+00  1.79631889e+00  2.70320392e+00  2.68562755e+00 
 2.49464000e-09  1.80336715e+00  1.79663285e+00  2.70273113e+00  2.68609650e+00 
 2.49514000e-09  1.80305315e+00  1.79694685e+00  2.70225826e+00  2.68656555e+00 
 2.49564000e-09  1.80273913e+00  1.79726087e+00  2.70178531e+00  2.68703470e+00 
 2.49614000e-09  1.80242507e+00  1.79757493e+00  2.70131230e+00  2.68750392e+00 
 2.49664000e-09  1.80211099e+00  1.79788901e+00  2.70083923e+00  2.68797324e+00 
 2.49714000e-09  1.80179689e+00  1.79820311e+00  2.70036610e+00  2.68844263e+00 
 2.49764000e-09  1.80148278e+00  1.79851722e+00  2.69989292e+00  2.68891209e+00 
 2.49814000e-09  1.80116865e+00  1.79883135e+00  2.69941969e+00  2.68938163e+00 
 2.49864000e-09  1.80085450e+00  1.79914550e+00  2.69894642e+00  2.68985123e+00 
 2.49914000e-09  1.80054035e+00  1.79945965e+00  2.69847312e+00  2.69032089e+00 
 2.49964000e-09  1.80022619e+00  1.79977381e+00  2.69799979e+00  2.69079060e+00 
 2.50014000e-09  1.79991204e+00  1.80008796e+00  2.69752643e+00  2.69126037e+00 
 2.50064000e-09  1.79959788e+00  1.80040212e+00  2.69705305e+00  2.69173018e+00 
 2.50114000e-09  1.79928372e+00  1.80071628e+00  2.69657966e+00  2.69220003e+00 
 2.50164000e-09  1.79896958e+00  1.80103042e+00  2.69610626e+00  2.69266992e+00 
 2.50214000e-09  1.79865544e+00  1.80134456e+00  2.69563285e+00  2.69313984e+00 
 2.50264000e-09  1.79834132e+00  1.80165868e+00  2.69515944e+00  2.69360978e+00 
 2.50314000e-09  1.79802721e+00  1.80197279e+00  2.69468605e+00  2.69407975e+00 
 2.50364000e-09  1.79771312e+00  1.80228688e+00  2.69421266e+00  2.69454974e+00 
 2.50414000e-09  1.79739905e+00  1.80260095e+00  2.69373929e+00  2.69501974e+00 
 2.50464000e-09  1.79708501e+00  1.80291499e+00  2.69326594e+00  2.69548975e+00 
 2.50514000e-09  1.79677100e+00  1.80322900e+00  2.69279262e+00  2.69595976e+00 
 2.50564000e-09  1.79645703e+00  1.80354297e+00  2.69231934e+00  2.69642977e+00 
 2.50614000e-09  1.79614308e+00  1.80385692e+00  2.69184609e+00  2.69689978e+00 
 2.50664000e-09  1.79582918e+00  1.80417082e+00  2.69137288e+00  2.69736977e+00 
 2.50714000e-09  1.79551531e+00  1.80448469e+00  2.69089973e+00  2.69783975e+00 
 2.50764000e-09  1.79520149e+00  1.80479851e+00  2.69042663e+00  2.69830971e+00 
 2.50814000e-09  1.79488772e+00  1.80511228e+00  2.68995358e+00  2.69877965e+00 
 2.50864000e-09  1.79457399e+00  1.80542601e+00  2.68948061e+00  2.69924955e+00 
 2.50914000e-09  1.79426032e+00  1.80573968e+00  2.68900770e+00  2.69971943e+00 
 2.50964000e-09  1.79394671e+00  1.80605329e+00  2.68853487e+00  2.70018926e+00 
 2.51014000e-09  1.79363316e+00  1.80636684e+00  2.68806211e+00  2.70065905e+00 
 2.51064000e-09  1.79331967e+00  1.80668033e+00  2.68758945e+00  2.70112880e+00 
 2.51114000e-09  1.79300625e+00  1.80699375e+00  2.68711687e+00  2.70159849e+00 
 2.51164000e-09  1.79269289e+00  1.80730711e+00  2.68664439e+00  2.70206812e+00 
 2.51214000e-09  1.79237961e+00  1.80762039e+00  2.68617201e+00  2.70253769e+00 
 2.51264000e-09  1.79206640e+00  1.80793360e+00  2.68569974e+00  2.70300720e+00 
 2.51314000e-09  1.79175327e+00  1.80824673e+00  2.68522758e+00  2.70347663e+00 
 2.51364000e-09  1.79144022e+00  1.80855978e+00  2.68475554e+00  2.70394599e+00 
 2.51414000e-09  1.79112726e+00  1.80887274e+00  2.68428362e+00  2.70441527e+00 
 2.51464000e-09  1.79081438e+00  1.80918562e+00  2.68381183e+00  2.70488446e+00 
 2.51514000e-09  1.79050160e+00  1.80949840e+00  2.68334017e+00  2.70535357e+00 
 2.51564000e-09  1.79018891e+00  1.80981109e+00  2.68286865e+00  2.70582257e+00 
 2.51614000e-09  1.78987631e+00  1.81012369e+00  2.68239728e+00  2.70629148e+00 
 2.51664000e-09  1.78956382e+00  1.81043618e+00  2.68192605e+00  2.70676029e+00 
 2.51714000e-09  1.78925143e+00  1.81074857e+00  2.68145497e+00  2.70722898e+00 
 2.51764000e-09  1.78893914e+00  1.81106086e+00  2.68098406e+00  2.70769757e+00 
 2.51814000e-09  1.78862696e+00  1.81137304e+00  2.68051331e+00  2.70816603e+00 
 2.51864000e-09  1.78831490e+00  1.81168510e+00  2.68004273e+00  2.70863437e+00 
 2.51914000e-09  1.78800295e+00  1.81199705e+00  2.67957232e+00  2.70910258e+00 
 2.51964000e-09  1.78769112e+00  1.81230888e+00  2.67910209e+00  2.70957067e+00 
 2.52014000e-09  1.78737941e+00  1.81262059e+00  2.67863205e+00  2.71003861e+00 
 2.52064000e-09  1.78706783e+00  1.81293217e+00  2.67816220e+00  2.71050641e+00 
 2.52114000e-09  1.78675637e+00  1.81324363e+00  2.67769254e+00  2.71097407e+00 
 2.52164000e-09  1.78644504e+00  1.81355496e+00  2.67722308e+00  2.71144157e+00 
 2.52214000e-09  1.78613385e+00  1.81386615e+00  2.67675383e+00  2.71190892e+00 
 2.52264000e-09  1.78582280e+00  1.81417720e+00  2.67628479e+00  2.71237610e+00 
 2.52314000e-09  1.78551188e+00  1.81448812e+00  2.67581596e+00  2.71284312e+00 
 2.52364000e-09  1.78520111e+00  1.81479889e+00  2.67534736e+00  2.71330997e+00 
 2.52414000e-09  1.78489048e+00  1.81510952e+00  2.67487898e+00  2.71377664e+00 
 2.52464000e-09  1.78458000e+00  1.81542000e+00  2.67441083e+00  2.71424314e+00 
 2.52514000e-09  1.78426968e+00  1.81573032e+00  2.67394291e+00  2.71470944e+00 
 2.52564000e-09  1.78395951e+00  1.81604049e+00  2.67347524e+00  2.71517556e+00 
 2.52614000e-09  1.78364950e+00  1.81635050e+00  2.67300781e+00  2.71564148e+00 
 2.52664000e-09  1.78333965e+00  1.81666035e+00  2.67254063e+00  2.71610720e+00 
 2.52714000e-09  1.78302996e+00  1.81697004e+00  2.67207371e+00  2.71657272e+00 
 2.52764000e-09  1.78272044e+00  1.81727956e+00  2.67160705e+00  2.71703803e+00 
 2.52814000e-09  1.78241109e+00  1.81758891e+00  2.67114065e+00  2.71750312e+00 
 2.52864000e-09  1.78210192e+00  1.81789808e+00  2.67067452e+00  2.71796799e+00 
 2.52914000e-09  1.78179292e+00  1.81820708e+00  2.67020866e+00  2.71843264e+00 
 2.52964000e-09  1.78148410e+00  1.81851590e+00  2.66974309e+00  2.71889706e+00 
 2.53014000e-09  1.78117547e+00  1.81882453e+00  2.66927780e+00  2.71936124e+00 
 2.53064000e-09  1.78086702e+00  1.81913298e+00  2.66881280e+00  2.71982519e+00 
 2.53114000e-09  1.78055876e+00  1.81944124e+00  2.66834809e+00  2.72028889e+00 
 2.53164000e-09  1.78025069e+00  1.81974931e+00  2.66788368e+00  2.72075234e+00 
 2.53214000e-09  1.77994282e+00  1.82005718e+00  2.66741957e+00  2.72121553e+00 
 2.53264000e-09  1.77963514e+00  1.82036486e+00  2.66695577e+00  2.72167847e+00 
 2.53314000e-09  1.77932767e+00  1.82067233e+00  2.66649228e+00  2.72214114e+00 
 2.53364000e-09  1.77902040e+00  1.82097960e+00  2.66602911e+00  2.72260354e+00 
 2.53414000e-09  1.77871333e+00  1.82128667e+00  2.66556626e+00  2.72306566e+00 
 2.53464000e-09  1.77840648e+00  1.82159352e+00  2.66510374e+00  2.72352751e+00 
 2.53514000e-09  1.77809984e+00  1.82190016e+00  2.66464155e+00  2.72398907e+00 
 2.53564000e-09  1.77779341e+00  1.82220659e+00  2.66417969e+00  2.72445033e+00 
 2.53614000e-09  1.77748721e+00  1.82251279e+00  2.66371817e+00  2.72491131e+00 
 2.53664000e-09  1.77718123e+00  1.82281877e+00  2.66325700e+00  2.72537198e+00 
 2.53714000e-09  1.77687547e+00  1.82312453e+00  2.66279617e+00  2.72583235e+00 
 2.53764000e-09  1.77656994e+00  1.82343006e+00  2.66233570e+00  2.72629241e+00 
 2.53814000e-09  1.77626464e+00  1.82373536e+00  2.66187559e+00  2.72675215e+00 
 2.53864000e-09  1.77595958e+00  1.82404042e+00  2.66141583e+00  2.72721156e+00 
 2.53914000e-09  1.77565475e+00  1.82434525e+00  2.66095645e+00  2.72767066e+00 
 2.53964000e-09  1.77535016e+00  1.82464984e+00  2.66049743e+00  2.72812942e+00 
 2.54014000e-09  1.77504582e+00  1.82495418e+00  2.66003879e+00  2.72858784e+00 
 2.54064000e-09  1.77474172e+00  1.82525828e+00  2.65958053e+00  2.72904592e+00 
 2.54114000e-09  1.77443788e+00  1.82556212e+00  2.65912265e+00  2.72950365e+00 
 2.54164000e-09  1.77413428e+00  1.82586572e+00  2.65866516e+00  2.72996103e+00 
 2.54214000e-09  1.77383094e+00  1.82616906e+00  2.65820806e+00  2.73041805e+00 
 2.54264000e-09  1.77352786e+00  1.82647214e+00  2.65775136e+00  2.73087471e+00 
 2.54314000e-09  1.77322504e+00  1.82677496e+00  2.65729505e+00  2.73133100e+00 
 2.54364000e-09  1.77292248e+00  1.82707752e+00  2.65683915e+00  2.73178692e+00 
 2.54414000e-09  1.77262019e+00  1.82737981e+00  2.65638367e+00  2.73224246e+00 
 2.54464000e-09  1.77231817e+00  1.82768183e+00  2.65592859e+00  2.73269761e+00 
 2.54514000e-09  1.77201643e+00  1.82798357e+00  2.65547393e+00  2.73315238e+00 
 2.54564000e-09  1.77171496e+00  1.82828504e+00  2.65501969e+00  2.73360675e+00 
 2.54614000e-09  1.77141377e+00  1.82858623e+00  2.65456588e+00  2.73406071e+00 
 2.54664000e-09  1.77111286e+00  1.82888714e+00  2.65411250e+00  2.73451428e+00 
 2.54714000e-09  1.77081224e+00  1.82918776e+00  2.65365955e+00  2.73496743e+00 
 2.54764000e-09  1.77051190e+00  1.82948810e+00  2.65320704e+00  2.73542017e+00 
 2.54814000e-09  1.77021186e+00  1.82978814e+00  2.65275497e+00  2.73587249e+00 
 2.54864000e-09  1.76991211e+00  1.83008789e+00  2.65230335e+00  2.73632438e+00 
 2.54914000e-09  1.76961266e+00  1.83038734e+00  2.65185218e+00  2.73677584e+00 
 2.54964000e-09  1.76931350e+00  1.83068650e+00  2.65140146e+00  2.73722686e+00 
 2.55014000e-09  1.76901465e+00  1.83098535e+00  2.65095121e+00  2.73767744e+00 
 2.55064000e-09  1.76871611e+00  1.83128389e+00  2.65050141e+00  2.73812757e+00 
 2.55114000e-09  1.76841787e+00  1.83158213e+00  2.65005208e+00  2.73857725e+00 
 2.55164000e-09  1.76811995e+00  1.83188005e+00  2.64960322e+00  2.73902648e+00 
 2.55214000e-09  1.76782234e+00  1.83217766e+00  2.64915484e+00  2.73947524e+00 
 2.55264000e-09  1.76752505e+00  1.83247495e+00  2.64870694e+00  2.73992353e+00 
 2.55314000e-09  1.76722808e+00  1.83277192e+00  2.64825951e+00  2.74037135e+00 
 2.55364000e-09  1.76693143e+00  1.83306857e+00  2.64781258e+00  2.74081870e+00 
 2.55414000e-09  1.76663511e+00  1.83336489e+00  2.64736614e+00  2.74126556e+00 
 2.55464000e-09  1.76633912e+00  1.83366088e+00  2.64692019e+00  2.74171193e+00 
 2.55514000e-09  1.76604346e+00  1.83395654e+00  2.64647474e+00  2.74215781e+00 
 2.55564000e-09  1.76574813e+00  1.83425187e+00  2.64602980e+00  2.74260319e+00 
 2.55614000e-09  1.76545315e+00  1.83454685e+00  2.64558537e+00  2.74304807e+00 
 2.55664000e-09  1.76515850e+00  1.83484150e+00  2.64514144e+00  2.74349244e+00 
 2.55714000e-09  1.76486420e+00  1.83513580e+00  2.64469803e+00  2.74393630e+00 
 2.55764000e-09  1.76457024e+00  1.83542976e+00  2.64425515e+00  2.74437964e+00 
 2.55814000e-09  1.76427664e+00  1.83572336e+00  2.64381278e+00  2.74482245e+00 
 2.55864000e-09  1.76398339e+00  1.83601661e+00  2.64337095e+00  2.74526474e+00 
 2.55914000e-09  1.76369049e+00  1.83630951e+00  2.64292965e+00  2.74570650e+00 
 2.55964000e-09  1.76339795e+00  1.83660205e+00  2.64248888e+00  2.74614772e+00 
 2.56014000e-09  1.76310577e+00  1.83689423e+00  2.64204866e+00  2.74658839e+00 
 2.56064000e-09  1.76281396e+00  1.83718604e+00  2.64160898e+00  2.74702852e+00 
 2.56114000e-09  1.76252251e+00  1.83747749e+00  2.64116985e+00  2.74746810e+00 
 2.56164000e-09  1.76223143e+00  1.83776857e+00  2.64073127e+00  2.74790712e+00 
 2.56214000e-09  1.76194073e+00  1.83805927e+00  2.64029325e+00  2.74834558e+00 
 2.56264000e-09  1.76165040e+00  1.83834960e+00  2.63985579e+00  2.74878347e+00 
 2.56314000e-09  1.76136045e+00  1.83863955e+00  2.63941890e+00  2.74922079e+00 
 2.56364000e-09  1.76107088e+00  1.83892912e+00  2.63898258e+00  2.74965754e+00 
 2.56414000e-09  1.76078170e+00  1.83921830e+00  2.63854684e+00  2.75009370e+00 
 2.56464000e-09  1.76049290e+00  1.83950710e+00  2.63811167e+00  2.75052928e+00 
 2.56514000e-09  1.76020450e+00  1.83979550e+00  2.63767709e+00  2.75096428e+00 
 2.56564000e-09  1.75991648e+00  1.84008352e+00  2.63724309e+00  2.75139867e+00 
 2.56614000e-09  1.75962886e+00  1.84037114e+00  2.63680969e+00  2.75183247e+00 
 2.56664000e-09  1.75934164e+00  1.84065836e+00  2.63637688e+00  2.75226567e+00 
 2.56714000e-09  1.75905482e+00  1.84094518e+00  2.63594467e+00  2.75269826e+00 
 2.56764000e-09  1.75876841e+00  1.84123159e+00  2.63551307e+00  2.75313023e+00 
 2.56814000e-09  1.75848240e+00  1.84151760e+00  2.63508207e+00  2.75356159e+00 
 2.56864000e-09  1.75819680e+00  1.84180320e+00  2.63465169e+00  2.75399233e+00 
 2.56914000e-09  1.75791162e+00  1.84208838e+00  2.63422192e+00  2.75442244e+00 
 2.56964000e-09  1.75762685e+00  1.84237315e+00  2.63379278e+00  2.75485193e+00 
 2.57014000e-09  1.75734249e+00  1.84265751e+00  2.63336426e+00  2.75528077e+00 
 2.57064000e-09  1.75705856e+00  1.84294144e+00  2.63293637e+00  2.75570898e+00 
 2.57114000e-09  1.75677506e+00  1.84322494e+00  2.63250912e+00  2.75613655e+00 
 2.57164000e-09  1.75649198e+00  1.84350802e+00  2.63208251e+00  2.75656347e+00 
 2.57214000e-09  1.75620932e+00  1.84379068e+00  2.63165654e+00  2.75698974e+00 
 2.57264000e-09  1.75592711e+00  1.84407289e+00  2.63123121e+00  2.75741535e+00 
 2.57314000e-09  1.75564532e+00  1.84435468e+00  2.63080654e+00  2.75784030e+00 
 2.57364000e-09  1.75536398e+00  1.84463602e+00  2.63038252e+00  2.75826459e+00 
 2.57414000e-09  1.75508307e+00  1.84491693e+00  2.62995917e+00  2.75868821e+00 
 2.57464000e-09  1.75480261e+00  1.84519739e+00  2.62953648e+00  2.75911116e+00 
 2.57514000e-09  1.75452259e+00  1.84547741e+00  2.62911446e+00  2.75953343e+00 
 2.57564000e-09  1.75424302e+00  1.84575698e+00  2.62869311e+00  2.75995501e+00 
 2.57614000e-09  1.75396391e+00  1.84603609e+00  2.62827244e+00  2.76037592e+00 
 2.57664000e-09  1.75368525e+00  1.84631475e+00  2.62785245e+00  2.76079613e+00 
 2.57714000e-09  1.75340704e+00  1.84659296e+00  2.62743315e+00  2.76121565e+00 
 2.57764000e-09  1.75312930e+00  1.84687070e+00  2.62701454e+00  2.76163447e+00 
 2.57814000e-09  1.75285201e+00  1.84714799e+00  2.62659662e+00  2.76205259e+00 
 2.57864000e-09  1.75257520e+00  1.84742480e+00  2.62617940e+00  2.76247000e+00 
 2.57914000e-09  1.75229885e+00  1.84770115e+00  2.62576289e+00  2.76288671e+00 
 2.57964000e-09  1.75202297e+00  1.84797703e+00  2.62534708e+00  2.76330270e+00 
 2.58014000e-09  1.75174757e+00  1.84825243e+00  2.62493199e+00  2.76371797e+00 
 2.58064000e-09  1.75147264e+00  1.84852736e+00  2.62451761e+00  2.76413252e+00 
 2.58114000e-09  1.75119819e+00  1.84880181e+00  2.62410395e+00  2.76454634e+00 
 2.58164000e-09  1.75092422e+00  1.84907578e+00  2.62369102e+00  2.76495943e+00 
 2.58214000e-09  1.75065074e+00  1.84934926e+00  2.62327881e+00  2.76537179e+00 
 2.58264000e-09  1.75037774e+00  1.84962226e+00  2.62286734e+00  2.76578341e+00 
 2.58314000e-09  1.75010524e+00  1.84989476e+00  2.62245661e+00  2.76619429e+00 
 2.58364000e-09  1.74983322e+00  1.85016678e+00  2.62204662e+00  2.76660442e+00 
 2.58414000e-09  1.74956170e+00  1.85043830e+00  2.62163738e+00  2.76701380e+00 
 2.58464000e-09  1.74929068e+00  1.85070932e+00  2.62122888e+00  2.76742243e+00 
 2.58514000e-09  1.74902016e+00  1.85097984e+00  2.62082114e+00  2.76783030e+00 
 2.58564000e-09  1.74875015e+00  1.85124985e+00  2.62041416e+00  2.76823741e+00 
 2.58614000e-09  1.74848063e+00  1.85151937e+00  2.62000794e+00  2.76864375e+00 
 2.58664000e-09  1.74821163e+00  1.85178837e+00  2.61960249e+00  2.76904932e+00 
 2.58714000e-09  1.74794314e+00  1.85205686e+00  2.61919781e+00  2.76945412e+00 
 2.58764000e-09  1.74767516e+00  1.85232484e+00  2.61879390e+00  2.76985814e+00 
 2.58814000e-09  1.74740770e+00  1.85259230e+00  2.61839077e+00  2.77026138e+00 
 2.58864000e-09  1.74714076e+00  1.85285924e+00  2.61798843e+00  2.77066384e+00 
 2.58914000e-09  1.74687434e+00  1.85312566e+00  2.61758688e+00  2.77106550e+00 
 2.58964000e-09  1.74660844e+00  1.85339156e+00  2.61718611e+00  2.77146638e+00 
 2.59014000e-09  1.74634307e+00  1.85365693e+00  2.61678615e+00  2.77186645e+00 
 2.59064000e-09  1.74607823e+00  1.85392177e+00  2.61638698e+00  2.77226573e+00 
 2.59114000e-09  1.74581392e+00  1.85418608e+00  2.61598861e+00  2.77266420e+00 
 2.59164000e-09  1.74555015e+00  1.85444985e+00  2.61559106e+00  2.77306187e+00 
 2.59214000e-09  1.74528691e+00  1.85471309e+00  2.61519432e+00  2.77345872e+00 
 2.59264000e-09  1.74502422e+00  1.85497578e+00  2.61479839e+00  2.77385476e+00 
 2.59314000e-09  1.74476206e+00  1.85523794e+00  2.61440328e+00  2.77424997e+00 
 2.59364000e-09  1.74450046e+00  1.85549954e+00  2.61400900e+00  2.77464437e+00 
 2.59414000e-09  1.74423940e+00  1.85576060e+00  2.61361555e+00  2.77503793e+00 
 2.59464000e-09  1.74397889e+00  1.85602111e+00  2.61322292e+00  2.77543067e+00 
 2.59514000e-09  1.74371893e+00  1.85628107e+00  2.61283114e+00  2.77582257e+00 
 2.59564000e-09  1.74345953e+00  1.85654047e+00  2.61244019e+00  2.77621364e+00 
 2.59614000e-09  1.74320069e+00  1.85679931e+00  2.61205009e+00  2.77660386e+00 
 2.59664000e-09  1.74294240e+00  1.85705760e+00  2.61166084e+00  2.77699324e+00 
 2.59714000e-09  1.74268468e+00  1.85731532e+00  2.61127244e+00  2.77738177e+00 
 2.59764000e-09  1.74242753e+00  1.85757247e+00  2.61088490e+00  2.77776944e+00 
 2.59814000e-09  1.74217094e+00  1.85782906e+00  2.61049821e+00  2.77815626e+00 
 2.59864000e-09  1.74191493e+00  1.85808507e+00  2.61011239e+00  2.77854222e+00 
 2.59914000e-09  1.74165949e+00  1.85834051e+00  2.60972744e+00  2.77892732e+00 
 2.59964000e-09  1.74140462e+00  1.85859538e+00  2.60934336e+00  2.77931155e+00 
 2.60014000e-09  1.74115033e+00  1.85884967e+00  2.60896015e+00  2.77969491e+00 
 2.60064000e-09  1.74089663e+00  1.85910337e+00  2.60857783e+00  2.78007739e+00 
 2.60114000e-09  1.74064350e+00  1.85935650e+00  2.60819639e+00  2.78045900e+00 
 2.60164000e-09  1.74039096e+00  1.85960904e+00  2.60781583e+00  2.78083972e+00 
 2.60214000e-09  1.74013902e+00  1.85986098e+00  2.60743617e+00  2.78121956e+00 
 2.60264000e-09  1.73988766e+00  1.86011234e+00  2.60705740e+00  2.78159851e+00 
 2.60314000e-09  1.73963689e+00  1.86036311e+00  2.60667953e+00  2.78197657e+00 
 2.60364000e-09  1.73938672e+00  1.86061328e+00  2.60630256e+00  2.78235373e+00 
 2.60414000e-09  1.73913715e+00  1.86086285e+00  2.60592649e+00  2.78273000e+00 
 2.60464000e-09  1.73888818e+00  1.86111182e+00  2.60555134e+00  2.78310536e+00 
 2.60514000e-09  1.73863981e+00  1.86136019e+00  2.60517710e+00  2.78347982e+00 
 2.60564000e-09  1.73839205e+00  1.86160795e+00  2.60480378e+00  2.78385336e+00 
 2.60614000e-09  1.73814490e+00  1.86185510e+00  2.60443138e+00  2.78422600e+00 
 2.60664000e-09  1.73789835e+00  1.86210165e+00  2.60405991e+00  2.78459771e+00 
 2.60714000e-09  1.73765242e+00  1.86234758e+00  2.60368936e+00  2.78496851e+00 
 2.60764000e-09  1.73740711e+00  1.86259289e+00  2.60331975e+00  2.78533838e+00 
 2.60814000e-09  1.73716241e+00  1.86283759e+00  2.60295107e+00  2.78570733e+00 
 2.60864000e-09  1.73691833e+00  1.86308167e+00  2.60258334e+00  2.78607535e+00 
 2.60914000e-09  1.73667488e+00  1.86332512e+00  2.60221654e+00  2.78644243e+00 
 2.60964000e-09  1.73643205e+00  1.86356795e+00  2.60185070e+00  2.78680858e+00 
 2.61014000e-09  1.73618985e+00  1.86381015e+00  2.60148580e+00  2.78717379e+00 
 2.61064000e-09  1.73594828e+00  1.86405172e+00  2.60112186e+00  2.78753805e+00 
 2.61114000e-09  1.73570734e+00  1.86429266e+00  2.60075888e+00  2.78790137e+00 
 2.61164000e-09  1.73546703e+00  1.86453297e+00  2.60039686e+00  2.78826374e+00 
 2.61214000e-09  1.73522736e+00  1.86477264e+00  2.60003581e+00  2.78862515e+00 
 2.61264000e-09  1.73498833e+00  1.86501167e+00  2.59967572e+00  2.78898561e+00 
 2.61314000e-09  1.73474994e+00  1.86525006e+00  2.59931661e+00  2.78934511e+00 
 2.61364000e-09  1.73451220e+00  1.86548780e+00  2.59895847e+00  2.78970364e+00 
 2.61414000e-09  1.73427510e+00  1.86572490e+00  2.59860131e+00  2.79006121e+00 
 2.61464000e-09  1.73403865e+00  1.86596135e+00  2.59824514e+00  2.79041781e+00 
 2.61514000e-09  1.73380286e+00  1.86619714e+00  2.59788995e+00  2.79077344e+00 
 2.61564000e-09  1.73356771e+00  1.86643229e+00  2.59753576e+00  2.79112809e+00 
 2.61614000e-09  1.73333322e+00  1.86666678e+00  2.59718256e+00  2.79148176e+00 
 2.61664000e-09  1.73309939e+00  1.86690061e+00  2.59683036e+00  2.79183445e+00 
 2.61714000e-09  1.73286622e+00  1.86713378e+00  2.59647915e+00  2.79218616e+00 
 2.61764000e-09  1.73263371e+00  1.86736629e+00  2.59612896e+00  2.79253688e+00 
 2.61814000e-09  1.73240187e+00  1.86759813e+00  2.59577977e+00  2.79288660e+00 
 2.61864000e-09  1.73217069e+00  1.86782931e+00  2.59543159e+00  2.79323534e+00 
 2.61914000e-09  1.73194019e+00  1.86805981e+00  2.59508443e+00  2.79358307e+00 
 2.61964000e-09  1.73171035e+00  1.86828965e+00  2.59473829e+00  2.79392981e+00 
 2.62014000e-09  1.73148119e+00  1.86851881e+00  2.59439317e+00  2.79427554e+00 
 2.62064000e-09  1.73125271e+00  1.86874729e+00  2.59404907e+00  2.79462026e+00 
 2.62114000e-09  1.73102490e+00  1.86897510e+00  2.59370601e+00  2.79496398e+00 
 2.62164000e-09  1.73079778e+00  1.86920222e+00  2.59336398e+00  2.79530668e+00 
 2.62214000e-09  1.73057133e+00  1.86942867e+00  2.59302298e+00  2.79564837e+00 
 2.62264000e-09  1.73034558e+00  1.86965442e+00  2.59268303e+00  2.79598904e+00 
 2.62314000e-09  1.73012051e+00  1.86987949e+00  2.59234411e+00  2.79632869e+00 
 2.62364000e-09  1.72989613e+00  1.87010387e+00  2.59200625e+00  2.79666732e+00 
 2.62414000e-09  1.72967244e+00  1.87032756e+00  2.59166943e+00  2.79700492e+00 
 2.62464000e-09  1.72944945e+00  1.87055055e+00  2.59133367e+00  2.79734148e+00 
 2.62514000e-09  1.72922715e+00  1.87077285e+00  2.59099896e+00  2.79767702e+00 
 2.62564000e-09  1.72900555e+00  1.87099445e+00  2.59066532e+00  2.79801152e+00 
 2.62614000e-09  1.72878465e+00  1.87121535e+00  2.59033273e+00  2.79834498e+00 
 2.62664000e-09  1.72856446e+00  1.87143554e+00  2.59000122e+00  2.79867741e+00 
 2.62714000e-09  1.72834497e+00  1.87165503e+00  2.58967077e+00  2.79900878e+00 
 2.62764000e-09  1.72812618e+00  1.87187382e+00  2.58934140e+00  2.79933912e+00 
 2.62814000e-09  1.72790811e+00  1.87209189e+00  2.58901311e+00  2.79966840e+00 
 2.62864000e-09  1.72769075e+00  1.87230925e+00  2.58868589e+00  2.79999663e+00 
 2.62914000e-09  1.72747410e+00  1.87252590e+00  2.58835976e+00  2.80032380e+00 
 2.62964000e-09  1.72725816e+00  1.87274184e+00  2.58803472e+00  2.80064992e+00 
 2.63014000e-09  1.72704295e+00  1.87295705e+00  2.58771077e+00  2.80097498e+00 
 2.63064000e-09  1.72682845e+00  1.87317155e+00  2.58738791e+00  2.80129898e+00 
 2.63114000e-09  1.72661468e+00  1.87338532e+00  2.58706615e+00  2.80162191e+00 
 2.63164000e-09  1.72640163e+00  1.87359837e+00  2.58674549e+00  2.80194377e+00 
 2.63214000e-09  1.72618931e+00  1.87381069e+00  2.58642593e+00  2.80226456e+00 
 2.63264000e-09  1.72597772e+00  1.87402228e+00  2.58610748e+00  2.80258428e+00 
 2.63314000e-09  1.72576685e+00  1.87423315e+00  2.58579014e+00  2.80290292e+00 
 2.63364000e-09  1.72555672e+00  1.87444328e+00  2.58547391e+00  2.80322049e+00 
 2.63414000e-09  1.72534733e+00  1.87465267e+00  2.58515880e+00  2.80353697e+00 
 2.63464000e-09  1.72513867e+00  1.87486133e+00  2.58484480e+00  2.80385237e+00 
 2.63514000e-09  1.72493075e+00  1.87506925e+00  2.58453194e+00  2.80416669e+00 
 2.63564000e-09  1.72472357e+00  1.87527643e+00  2.58422019e+00  2.80447991e+00 
 2.63614000e-09  1.72451713e+00  1.87548287e+00  2.58390958e+00  2.80479205e+00 
 2.63664000e-09  1.72431144e+00  1.87568856e+00  2.58360010e+00  2.80510309e+00 
 2.63714000e-09  1.72410650e+00  1.87589350e+00  2.58329176e+00  2.80541304e+00 
 2.63764000e-09  1.72390230e+00  1.87609770e+00  2.58298455e+00  2.80572188e+00 
 2.63814000e-09  1.72369886e+00  1.87630114e+00  2.58267849e+00  2.80602963e+00 
 2.63864000e-09  1.72349617e+00  1.87650383e+00  2.58237357e+00  2.80633627e+00 
 2.63914000e-09  1.72329423e+00  1.87670577e+00  2.58206980e+00  2.80664181e+00 
 2.63964000e-09  1.72309305e+00  1.87690695e+00  2.58176718e+00  2.80694624e+00 
 2.64014000e-09  1.72289263e+00  1.87710737e+00  2.58146571e+00  2.80724956e+00 
 2.64064000e-09  1.72269298e+00  1.87730702e+00  2.58116541e+00  2.80755177e+00 
 2.64114000e-09  1.72249408e+00  1.87750592e+00  2.58086626e+00  2.80785286e+00 
 2.64164000e-09  1.72229595e+00  1.87770405e+00  2.58056828e+00  2.80815283e+00 
 2.64214000e-09  1.72209859e+00  1.87790141e+00  2.58027146e+00  2.80845168e+00 
 2.64264000e-09  1.72190199e+00  1.87809801e+00  2.57997581e+00  2.80874941e+00 
 2.64314000e-09  1.72170617e+00  1.87829383e+00  2.57968134e+00  2.80904602e+00 
 2.64364000e-09  1.72151111e+00  1.87848889e+00  2.57938804e+00  2.80934150e+00 
 2.64414000e-09  1.72131684e+00  1.87868316e+00  2.57909591e+00  2.80963584e+00 
 2.64464000e-09  1.72112334e+00  1.87887666e+00  2.57880497e+00  2.80992906e+00 
 2.64514000e-09  1.72093062e+00  1.87906938e+00  2.57851521e+00  2.81022114e+00 
 2.64564000e-09  1.72073867e+00  1.87926133e+00  2.57822664e+00  2.81051208e+00 
 2.64614000e-09  1.72054751e+00  1.87945249e+00  2.57793926e+00  2.81080189e+00 
 2.64664000e-09  1.72035714e+00  1.87964286e+00  2.57765307e+00  2.81109055e+00 
 2.64714000e-09  1.72016755e+00  1.87983245e+00  2.57736808e+00  2.81137807e+00 
 2.64764000e-09  1.71997875e+00  1.88002125e+00  2.57708428e+00  2.81166444e+00 
 2.64814000e-09  1.71979074e+00  1.88020926e+00  2.57680168e+00  2.81194966e+00 
 2.64864000e-09  1.71960352e+00  1.88039648e+00  2.57652029e+00  2.81223374e+00 
 2.64914000e-09  1.71941709e+00  1.88058291e+00  2.57624010e+00  2.81251665e+00 
 2.64964000e-09  1.71923146e+00  1.88076854e+00  2.57596112e+00  2.81279842e+00 
 2.65014000e-09  1.71904663e+00  1.88095337e+00  2.57568335e+00  2.81307902e+00 
 2.65064000e-09  1.71886259e+00  1.88113741e+00  2.57540680e+00  2.81335846e+00 
 2.65114000e-09  1.71867936e+00  1.88132064e+00  2.57513145e+00  2.81363674e+00 
 2.65164000e-09  1.71849693e+00  1.88150307e+00  2.57485733e+00  2.81391385e+00 
 2.65214000e-09  1.71831530e+00  1.88168470e+00  2.57458443e+00  2.81418979e+00 
 2.65264000e-09  1.71813448e+00  1.88186552e+00  2.57431275e+00  2.81446456e+00 
 2.65314000e-09  1.71795447e+00  1.88204553e+00  2.57404229e+00  2.81473816e+00 
 2.65364000e-09  1.71777526e+00  1.88222474e+00  2.57377306e+00  2.81501058e+00 
 2.65414000e-09  1.71759687e+00  1.88240313e+00  2.57350507e+00  2.81528183e+00 
 2.65464000e-09  1.71741929e+00  1.88258071e+00  2.57323830e+00  2.81555189e+00 
 2.65514000e-09  1.71724253e+00  1.88275747e+00  2.57297277e+00  2.81582077e+00 
 2.65564000e-09  1.71706658e+00  1.88293342e+00  2.57270847e+00  2.81608846e+00 
 2.65614000e-09  1.71689146e+00  1.88310854e+00  2.57244541e+00  2.81635496e+00 
 2.65664000e-09  1.71671715e+00  1.88328285e+00  2.57218359e+00  2.81662027e+00 
 2.65714000e-09  1.71654366e+00  1.88345634e+00  2.57192301e+00  2.81688439e+00 
 2.65764000e-09  1.71637100e+00  1.88362900e+00  2.57166368e+00  2.81714731e+00 
 2.65814000e-09  1.71619917e+00  1.88380083e+00  2.57140559e+00  2.81740903e+00 
 2.65864000e-09  1.71602816e+00  1.88397184e+00  2.57114875e+00  2.81766954e+00 
 2.65914000e-09  1.71585797e+00  1.88414203e+00  2.57089316e+00  2.81792886e+00 
 2.65964000e-09  1.71568862e+00  1.88431138e+00  2.57063881e+00  2.81818696e+00 
 2.66014000e-09  1.71552011e+00  1.88447989e+00  2.57038573e+00  2.81844386e+00 
 2.66064000e-09  1.71535242e+00  1.88464758e+00  2.57013389e+00  2.81869954e+00 
 2.66114000e-09  1.71518557e+00  1.88481443e+00  2.56988332e+00  2.81895401e+00 
 2.66164000e-09  1.71501956e+00  1.88498044e+00  2.56963400e+00  2.81920725e+00 
 2.66214000e-09  1.71485439e+00  1.88514561e+00  2.56938594e+00  2.81945928e+00 
 2.66264000e-09  1.71469006e+00  1.88530994e+00  2.56913914e+00  2.81971008e+00 
 2.66314000e-09  1.71452656e+00  1.88547344e+00  2.56889360e+00  2.81995966e+00 
 2.66364000e-09  1.71436392e+00  1.88563608e+00  2.56864933e+00  2.82020800e+00 
 2.66414000e-09  1.71420212e+00  1.88579788e+00  2.56840632e+00  2.82045512e+00 
 2.66464000e-09  1.71404116e+00  1.88595884e+00  2.56816458e+00  2.82070100e+00 
 2.66514000e-09  1.71388105e+00  1.88611895e+00  2.56792411e+00  2.82094564e+00 
 2.66564000e-09  1.71372180e+00  1.88627820e+00  2.56768491e+00  2.82118904e+00 
 2.66614000e-09  1.71356339e+00  1.88643661e+00  2.56744698e+00  2.82143120e+00 
 2.66664000e-09  1.71340584e+00  1.88659416e+00  2.56721031e+00  2.82167211e+00 
 2.66714000e-09  1.71324914e+00  1.88675086e+00  2.56697493e+00  2.82191177e+00 
 2.66764000e-09  1.71309330e+00  1.88690670e+00  2.56674082e+00  2.82215018e+00 
 2.66814000e-09  1.71293832e+00  1.88706168e+00  2.56650798e+00  2.82238734e+00 
 2.66864000e-09  1.71278419e+00  1.88721581e+00  2.56627642e+00  2.82262324e+00 
 2.66914000e-09  1.71263093e+00  1.88736907e+00  2.56604614e+00  2.82285787e+00 
 2.66964000e-09  1.71247853e+00  1.88752147e+00  2.56581713e+00  2.82309125e+00 
 2.67014000e-09  1.71232699e+00  1.88767301e+00  2.56558941e+00  2.82332336e+00 
 2.67064000e-09  1.71217632e+00  1.88782368e+00  2.56536297e+00  2.82355421e+00 
 2.67114000e-09  1.71202651e+00  1.88797349e+00  2.56513781e+00  2.82378378e+00 
 2.67164000e-09  1.71187757e+00  1.88812243e+00  2.56491394e+00  2.82401208e+00 
 2.67214000e-09  1.71172951e+00  1.88827049e+00  2.56469135e+00  2.82423910e+00 
 2.67264000e-09  1.71158231e+00  1.88841769e+00  2.56447005e+00  2.82446484e+00 
 2.67314000e-09  1.71143599e+00  1.88856401e+00  2.56425003e+00  2.82468931e+00 
 2.67364000e-09  1.71129054e+00  1.88870946e+00  2.56403130e+00  2.82491249e+00 
 2.67414000e-09  1.71114596e+00  1.88885404e+00  2.56381386e+00  2.82513438e+00 
 2.67464000e-09  1.71100227e+00  1.88899773e+00  2.56359771e+00  2.82535498e+00 
 2.67514000e-09  1.71085945e+00  1.88914055e+00  2.56338286e+00  2.82557430e+00 
 2.67564000e-09  1.71071751e+00  1.88928249e+00  2.56316929e+00  2.82579231e+00 
 2.67614000e-09  1.71057645e+00  1.88942355e+00  2.56295702e+00  2.82600904e+00 
 2.67664000e-09  1.71043628e+00  1.88956372e+00  2.56274604e+00  2.82622446e+00 
 2.67714000e-09  1.71029698e+00  1.88970302e+00  2.56253636e+00  2.82643858e+00 
 2.67764000e-09  1.71015858e+00  1.88984142e+00  2.56232798e+00  2.82665140e+00 
 2.67814000e-09  1.71002106e+00  1.88997894e+00  2.56212089e+00  2.82686291e+00 
 2.67864000e-09  1.70988443e+00  1.89011557e+00  2.56191510e+00  2.82707312e+00 
 2.67914000e-09  1.70974869e+00  1.89025131e+00  2.56171061e+00  2.82728201e+00 
 2.67964000e-09  1.70961384e+00  1.89038616e+00  2.56150742e+00  2.82748959e+00 
 2.68014000e-09  1.70947988e+00  1.89052012e+00  2.56130554e+00  2.82769586e+00 
 2.68064000e-09  1.70934681e+00  1.89065319e+00  2.56110496e+00  2.82790081e+00 
 2.68114000e-09  1.70921464e+00  1.89078536e+00  2.56090568e+00  2.82810444e+00 
 2.68164000e-09  1.70908337e+00  1.89091663e+00  2.56070771e+00  2.82830675e+00 
 2.68214000e-09  1.70895299e+00  1.89104701e+00  2.56051105e+00  2.82850774e+00 
 2.68264000e-09  1.70882351e+00  1.89117649e+00  2.56031569e+00  2.82870740e+00 
 2.68314000e-09  1.70869493e+00  1.89130507e+00  2.56012165e+00  2.82890574e+00 
 2.68364000e-09  1.70856725e+00  1.89143275e+00  2.55992891e+00  2.82910274e+00 
 2.68414000e-09  1.70844048e+00  1.89155952e+00  2.55973748e+00  2.82929842e+00 
 2.68464000e-09  1.70831460e+00  1.89168540e+00  2.55954737e+00  2.82949276e+00 
 2.68514000e-09  1.70818964e+00  1.89181036e+00  2.55935858e+00  2.82968577e+00 
 2.68564000e-09  1.70806558e+00  1.89193442e+00  2.55917109e+00  2.82987744e+00 
 2.68614000e-09  1.70794242e+00  1.89205758e+00  2.55898493e+00  2.83006778e+00 
 2.68664000e-09  1.70782018e+00  1.89217982e+00  2.55880008e+00  2.83025677e+00 
 2.68714000e-09  1.70769884e+00  1.89230116e+00  2.55861656e+00  2.83044442e+00 
 2.68764000e-09  1.70757842e+00  1.89242158e+00  2.55843435e+00  2.83063074e+00 
 2.68814000e-09  1.70745891e+00  1.89254109e+00  2.55825346e+00  2.83081570e+00 
 2.68864000e-09  1.70734031e+00  1.89265969e+00  2.55807390e+00  2.83099932e+00 
 2.68914000e-09  1.70722263e+00  1.89277737e+00  2.55789566e+00  2.83118159e+00 
 2.68964000e-09  1.70710586e+00  1.89289414e+00  2.55771875e+00  2.83136252e+00 
 2.69014000e-09  1.70699001e+00  1.89300999e+00  2.55754317e+00  2.83154209e+00 
 2.69064000e-09  1.70687507e+00  1.89312493e+00  2.55736891e+00  2.83172031e+00 
 2.69114000e-09  1.70676106e+00  1.89323894e+00  2.55719599e+00  2.83189718e+00 
 2.69164000e-09  1.70664796e+00  1.89335204e+00  2.55702439e+00  2.83207269e+00 
 2.69214000e-09  1.70653579e+00  1.89346421e+00  2.55685413e+00  2.83224685e+00 
 2.69264000e-09  1.70642454e+00  1.89357546e+00  2.55668521e+00  2.83241964e+00 
 2.69314000e-09  1.70631421e+00  1.89368579e+00  2.55651761e+00  2.83259108e+00 
 2.69364000e-09  1.70620481e+00  1.89379519e+00  2.55635136e+00  2.83276117e+00 
 2.69414000e-09  1.70609633e+00  1.89390367e+00  2.55618644e+00  2.83292988e+00 
 2.69464000e-09  1.70598878e+00  1.89401122e+00  2.55602287e+00  2.83309724e+00 
 2.69514000e-09  1.70588216e+00  1.89411784e+00  2.55586063e+00  2.83326324e+00 
 2.69564000e-09  1.70577647e+00  1.89422353e+00  2.55569974e+00  2.83342786e+00 
 2.69614000e-09  1.70567171e+00  1.89432829e+00  2.55554019e+00  2.83359113e+00 
 2.69664000e-09  1.70556787e+00  1.89443213e+00  2.55538198e+00  2.83375302e+00 
 2.69714000e-09  1.70546497e+00  1.89453503e+00  2.55522512e+00  2.83391355e+00 
 2.69764000e-09  1.70536301e+00  1.89463699e+00  2.55506961e+00  2.83407271e+00 
 2.69814000e-09  1.70526197e+00  1.89473803e+00  2.55491545e+00  2.83423050e+00 
 2.69864000e-09  1.70516188e+00  1.89483812e+00  2.55476264e+00  2.83438692e+00 
 2.69914000e-09  1.70506271e+00  1.89493729e+00  2.55461118e+00  2.83454196e+00 
 2.69964000e-09  1.70496449e+00  1.89503551e+00  2.55446107e+00  2.83469563e+00 
 2.70014000e-09  1.70486720e+00  1.89513280e+00  2.55431232e+00  2.83484793e+00 
 2.70064000e-09  1.70477085e+00  1.89522915e+00  2.55416492e+00  2.83499885e+00 
 2.70114000e-09  1.70467545e+00  1.89532455e+00  2.55401888e+00  2.83514840e+00 
 2.70164000e-09  1.70458098e+00  1.89541902e+00  2.55387420e+00  2.83529657e+00 
 2.70214000e-09  1.70448745e+00  1.89551255e+00  2.55373088e+00  2.83544336e+00 
 2.70264000e-09  1.70439487e+00  1.89560513e+00  2.55358892e+00  2.83558877e+00 
 2.70314000e-09  1.70430323e+00  1.89569677e+00  2.55344832e+00  2.83573281e+00 
 2.70364000e-09  1.70421254e+00  1.89578746e+00  2.55330909e+00  2.83587546e+00 
 2.70414000e-09  1.70412279e+00  1.89587721e+00  2.55317122e+00  2.83601673e+00 
 2.70464000e-09  1.70403398e+00  1.89596602e+00  2.55303471e+00  2.83615661e+00 
 2.70514000e-09  1.70394613e+00  1.89605387e+00  2.55289958e+00  2.83629512e+00 
 2.70564000e-09  1.70385922e+00  1.89614078e+00  2.55276581e+00  2.83643224e+00 
 2.70614000e-09  1.70377326e+00  1.89622674e+00  2.55263341e+00  2.83656797e+00 
 2.70664000e-09  1.70368825e+00  1.89631175e+00  2.55250238e+00  2.83670232e+00 
 2.70714000e-09  1.70360419e+00  1.89639581e+00  2.55237273e+00  2.83683528e+00 
 2.70764000e-09  1.70352108e+00  1.89647892e+00  2.55224444e+00  2.83696685e+00 
 2.70814000e-09  1.70343893e+00  1.89656107e+00  2.55211753e+00  2.83709704e+00 
 2.70864000e-09  1.70335773e+00  1.89664227e+00  2.55199200e+00  2.83722584e+00 
 2.70914000e-09  1.70327748e+00  1.89672252e+00  2.55186784e+00  2.83735324e+00 
 2.70964000e-09  1.70319818e+00  1.89680182e+00  2.55174506e+00  2.83747926e+00 
 2.71014000e-09  1.70311985e+00  1.89688015e+00  2.55162366e+00  2.83760388e+00 
 2.71064000e-09  1.70304246e+00  1.89695754e+00  2.55150363e+00  2.83772711e+00 
 2.71114000e-09  1.70296604e+00  1.89703396e+00  2.55138499e+00  2.83784895e+00 
 2.71164000e-09  1.70289057e+00  1.89710943e+00  2.55126773e+00  2.83796939e+00 
 2.71214000e-09  1.70281606e+00  1.89718394e+00  2.55115185e+00  2.83808844e+00 
 2.71264000e-09  1.70274251e+00  1.89725749e+00  2.55103736e+00  2.83820610e+00 
 2.71314000e-09  1.70266992e+00  1.89733008e+00  2.55092425e+00  2.83832236e+00 
 2.71364000e-09  1.70259829e+00  1.89740171e+00  2.55081252e+00  2.83843722e+00 
 2.71414000e-09  1.70252762e+00  1.89747238e+00  2.55070219e+00  2.83855068e+00 
 2.71464000e-09  1.70245792e+00  1.89754208e+00  2.55059324e+00  2.83866275e+00 
 2.71514000e-09  1.70238917e+00  1.89761083e+00  2.55048567e+00  2.83877341e+00 
 2.71564000e-09  1.70232139e+00  1.89767861e+00  2.55037950e+00  2.83888268e+00 
 2.71614000e-09  1.70225458e+00  1.89774542e+00  2.55027472e+00  2.83899055e+00 
 2.71664000e-09  1.70218872e+00  1.89781128e+00  2.55017133e+00  2.83909701e+00 
 2.71714000e-09  1.70212384e+00  1.89787616e+00  2.55006933e+00  2.83920208e+00 
 2.71764000e-09  1.70205992e+00  1.89794008e+00  2.54996872e+00  2.83930574e+00 
 2.71814000e-09  1.70199697e+00  1.89800303e+00  2.54986950e+00  2.83940800e+00 
 2.71864000e-09  1.70193498e+00  1.89806502e+00  2.54977169e+00  2.83950885e+00 
 2.71914000e-09  1.70187396e+00  1.89812604e+00  2.54967526e+00  2.83960831e+00 
 2.71964000e-09  1.70181391e+00  1.89818609e+00  2.54958023e+00  2.83970635e+00 
 2.72014000e-09  1.70175483e+00  1.89824517e+00  2.54948660e+00  2.83980299e+00 
 2.72064000e-09  1.70169672e+00  1.89830328e+00  2.54939437e+00  2.83989823e+00 
 2.72114000e-09  1.70163958e+00  1.89836042e+00  2.54930353e+00  2.83999206e+00 
 2.72164000e-09  1.70158341e+00  1.89841659e+00  2.54921410e+00  2.84008448e+00 
 2.72214000e-09  1.70152821e+00  1.89847179e+00  2.54912606e+00  2.84017549e+00 
 2.72264000e-09  1.70147398e+00  1.89852602e+00  2.54903942e+00  2.84026510e+00 
 2.72314000e-09  1.70142073e+00  1.89857927e+00  2.54895419e+00  2.84035329e+00 
 2.72364000e-09  1.70136845e+00  1.89863155e+00  2.54887035e+00  2.84044008e+00 
 2.72414000e-09  1.70131714e+00  1.89868286e+00  2.54878792e+00  2.84052546e+00 
 2.72464000e-09  1.70126680e+00  1.89873320e+00  2.54870690e+00  2.84060943e+00 
 2.72514000e-09  1.70121744e+00  1.89878256e+00  2.54862727e+00  2.84069198e+00 
 2.72564000e-09  1.70116906e+00  1.89883094e+00  2.54854905e+00  2.84077313e+00 
 2.72614000e-09  1.70112165e+00  1.89887835e+00  2.54847224e+00  2.84085286e+00 
 2.72664000e-09  1.70107522e+00  1.89892478e+00  2.54839683e+00  2.84093118e+00 
 2.72714000e-09  1.70102976e+00  1.89897024e+00  2.54832283e+00  2.84100808e+00 
 2.72764000e-09  1.70098528e+00  1.89901472e+00  2.54825024e+00  2.84108358e+00 
 2.72814000e-09  1.70094178e+00  1.89905822e+00  2.54817905e+00  2.84115766e+00 
 2.72864000e-09  1.70089925e+00  1.89910075e+00  2.54810927e+00  2.84123032e+00 
 2.72914000e-09  1.70085770e+00  1.89914230e+00  2.54804090e+00  2.84130157e+00 
 2.72964000e-09  1.70081713e+00  1.89918287e+00  2.54797394e+00  2.84137141e+00 
 2.73014000e-09  1.70077754e+00  1.89922246e+00  2.54790839e+00  2.84143983e+00 
 2.73064000e-09  1.70073893e+00  1.89926107e+00  2.54784425e+00  2.84150683e+00 
 2.73114000e-09  1.70070130e+00  1.89929870e+00  2.54778152e+00  2.84157242e+00 
 2.73164000e-09  1.70066465e+00  1.89933535e+00  2.54772020e+00  2.84163659e+00 
 2.73214000e-09  1.70062898e+00  1.89937102e+00  2.54766029e+00  2.84169934e+00 
 2.73264000e-09  1.70059429e+00  1.89940571e+00  2.54760180e+00  2.84176068e+00 
 2.73314000e-09  1.70056058e+00  1.89943942e+00  2.54754472e+00  2.84182059e+00 
 2.73364000e-09  1.70052785e+00  1.89947215e+00  2.54748905e+00  2.84187909e+00 
 2.73414000e-09  1.70049611e+00  1.89950389e+00  2.54743480e+00  2.84193617e+00 
 2.73464000e-09  1.70046535e+00  1.89953465e+00  2.54738196e+00  2.84199183e+00 
 2.73514000e-09  1.70043556e+00  1.89956444e+00  2.54733053e+00  2.84204608e+00 
 2.73564000e-09  1.70040677e+00  1.89959323e+00  2.54728052e+00  2.84209890e+00 
 2.73614000e-09  1.70037895e+00  1.89962105e+00  2.54723193e+00  2.84215030e+00 
 2.73664000e-09  1.70035212e+00  1.89964788e+00  2.54718475e+00  2.84220028e+00 
 2.73714000e-09  1.70032627e+00  1.89967373e+00  2.54713898e+00  2.84224884e+00 
 2.73764000e-09  1.70030140e+00  1.89969860e+00  2.54709464e+00  2.84229598e+00 
 2.73814000e-09  1.70027752e+00  1.89972248e+00  2.54705171e+00  2.84234170e+00 
 2.73864000e-09  1.70025463e+00  1.89974537e+00  2.54701019e+00  2.84238600e+00 
 2.73914000e-09  1.70023271e+00  1.89976729e+00  2.54697010e+00  2.84242887e+00 
 2.73964000e-09  1.70021179e+00  1.89978821e+00  2.54693142e+00  2.84247032e+00 
 2.74014000e-09  1.70019184e+00  1.89980816e+00  2.54689416e+00  2.84251035e+00 
 2.74064000e-09  1.70017288e+00  1.89982712e+00  2.54685832e+00  2.84254896e+00 
 2.74114000e-09  1.70015491e+00  1.89984509e+00  2.54682390e+00  2.84258615e+00 
 2.74164000e-09  1.70013792e+00  1.89986208e+00  2.54679089e+00  2.84262191e+00 
 2.74214000e-09  1.70012192e+00  1.89987808e+00  2.54675931e+00  2.84265625e+00 
 2.74264000e-09  1.70010691e+00  1.89989309e+00  2.54672914e+00  2.84268916e+00 
 2.74314000e-09  1.70009288e+00  1.89990712e+00  2.54670040e+00  2.84272066e+00 
 2.74364000e-09  1.70007983e+00  1.89992017e+00  2.54667307e+00  2.84275072e+00 
 2.74414000e-09  1.70006778e+00  1.89993222e+00  2.54664717e+00  2.84277937e+00 
 2.74464000e-09  1.70005670e+00  1.89994330e+00  2.54662268e+00  2.84280659e+00 
 2.74514000e-09  1.70004662e+00  1.89995338e+00  2.54659961e+00  2.84283238e+00 
 2.74564000e-09  1.70003752e+00  1.89996248e+00  2.54657797e+00  2.84285675e+00 
 2.74614000e-09  1.70002941e+00  1.89997059e+00  2.54655775e+00  2.84287970e+00 
 2.74664000e-09  1.70002228e+00  1.89997772e+00  2.54653894e+00  2.84290122e+00 
 2.74714000e-09  1.70001615e+00  1.89998385e+00  2.54652156e+00  2.84292131e+00 
 2.74764000e-09  1.70001099e+00  1.89998901e+00  2.54650560e+00  2.84293998e+00 
 2.74814000e-09  1.70000683e+00  1.89999317e+00  2.54649106e+00  2.84295723e+00 
 2.74864000e-09  1.70000365e+00  1.89999635e+00  2.54647794e+00  2.84297305e+00 
 2.74914000e-09  1.70000146e+00  1.89999854e+00  2.54646625e+00  2.84298744e+00 
 2.74964000e-09  1.70000026e+00  1.89999974e+00  2.54645597e+00  2.84300041e+00 
 2.75014000e-09  1.70000004e+00  1.89999996e+00  2.54644712e+00  2.84301195e+00 
 2.75064000e-09  1.70000081e+00  1.89999919e+00  2.54643968e+00  2.84302207e+00 
 2.75114000e-09  1.70000257e+00  1.89999743e+00  2.54643367e+00  2.84303076e+00 
 2.75164000e-09  1.70000531e+00  1.89999469e+00  2.54642908e+00  2.84303803e+00 
 2.75214000e-09  1.70000904e+00  1.89999096e+00  2.54642592e+00  2.84304387e+00 
 2.75264000e-09  1.70001376e+00  1.89998624e+00  2.54642417e+00  2.84304828e+00 
 2.75314000e-09  1.70001946e+00  1.89998054e+00  2.54642385e+00  2.84305126e+00 
 2.75364000e-09  1.70002615e+00  1.89997385e+00  2.54642494e+00  2.84305282e+00 
 2.75414000e-09  1.70003383e+00  1.89996617e+00  2.54642746e+00  2.84305296e+00 
 2.75464000e-09  1.70004249e+00  1.89995751e+00  2.54643140e+00  2.84305167e+00 
 2.75514000e-09  1.70005215e+00  1.89994785e+00  2.54643676e+00  2.84304895e+00 
 2.75564000e-09  1.70006278e+00  1.89993722e+00  2.54644355e+00  2.84304480e+00 
 2.75614000e-09  1.70007441e+00  1.89992559e+00  2.54645175e+00  2.84303923e+00 
 2.75664000e-09  1.70008702e+00  1.89991298e+00  2.54646137e+00  2.84303223e+00 
 2.75714000e-09  1.70010061e+00  1.89989939e+00  2.54647242e+00  2.84302381e+00 
 2.75764000e-09  1.70011519e+00  1.89988481e+00  2.54648489e+00  2.84301396e+00 
 2.75814000e-09  1.70013076e+00  1.89986924e+00  2.54649878e+00  2.84300268e+00 
 2.75864000e-09  1.70014732e+00  1.89985268e+00  2.54651409e+00  2.84298998e+00 
 2.75914000e-09  1.70016486e+00  1.89983514e+00  2.54653081e+00  2.84297585e+00 
 2.75964000e-09  1.70018338e+00  1.89981662e+00  2.54654896e+00  2.84296030e+00 
 2.76014000e-09  1.70020289e+00  1.89979711e+00  2.54656853e+00  2.84294332e+00 
 2.76064000e-09  1.70022338e+00  1.89977662e+00  2.54658952e+00  2.84292491e+00 
 2.76114000e-09  1.70024486e+00  1.89975514e+00  2.54661193e+00  2.84290508e+00 
 2.76164000e-09  1.70026733e+00  1.89973267e+00  2.54663576e+00  2.84288382e+00 
 2.76214000e-09  1.70029077e+00  1.89970923e+00  2.54666101e+00  2.84286114e+00 
 2.76264000e-09  1.70031521e+00  1.89968479e+00  2.54668768e+00  2.84283703e+00 
 2.76314000e-09  1.70034062e+00  1.89965938e+00  2.54671577e+00  2.84281150e+00 
 2.76364000e-09  1.70036702e+00  1.89963298e+00  2.54674527e+00  2.84278454e+00 
 2.76414000e-09  1.70039441e+00  1.89960559e+00  2.54677620e+00  2.84275615e+00 
 2.76464000e-09  1.70042277e+00  1.89957723e+00  2.54680854e+00  2.84272634e+00 
 2.76514000e-09  1.70045212e+00  1.89954788e+00  2.54684230e+00  2.84269511e+00 
 2.76564000e-09  1.70048245e+00  1.89951755e+00  2.54687747e+00  2.84266245e+00 
 2.76614000e-09  1.70051377e+00  1.89948623e+00  2.54691407e+00  2.84262837e+00 
 2.76664000e-09  1.70054606e+00  1.89945394e+00  2.54695208e+00  2.84259286e+00 
 2.76714000e-09  1.70057934e+00  1.89942066e+00  2.54699151e+00  2.84255593e+00 
 2.76764000e-09  1.70061360e+00  1.89938640e+00  2.54703235e+00  2.84251757e+00 
 2.76814000e-09  1.70064883e+00  1.89935117e+00  2.54707461e+00  2.84247779e+00 
 2.76864000e-09  1.70068505e+00  1.89931495e+00  2.54711829e+00  2.84243659e+00 
 2.76914000e-09  1.70072225e+00  1.89927775e+00  2.54716338e+00  2.84239397e+00 
 2.76964000e-09  1.70076043e+00  1.89923957e+00  2.54720989e+00  2.84234992e+00 
 2.77014000e-09  1.70079959e+00  1.89920041e+00  2.54725781e+00  2.84230445e+00 
 2.77064000e-09  1.70083973e+00  1.89916027e+00  2.54730714e+00  2.84225755e+00 
 2.77114000e-09  1.70088085e+00  1.89911915e+00  2.54735789e+00  2.84220924e+00 
 2.77164000e-09  1.70092294e+00  1.89907706e+00  2.54741005e+00  2.84215950e+00 
 2.77214000e-09  1.70096602e+00  1.89903398e+00  2.54746363e+00  2.84210834e+00 
 2.77264000e-09  1.70101007e+00  1.89898993e+00  2.54751861e+00  2.84205576e+00 
 2.77314000e-09  1.70105509e+00  1.89894491e+00  2.54757501e+00  2.84200176e+00 
 2.77364000e-09  1.70110110e+00  1.89889890e+00  2.54763282e+00  2.84194634e+00 
 2.77414000e-09  1.70114808e+00  1.89885192e+00  2.54769204e+00  2.84188950e+00 
 2.77464000e-09  1.70119603e+00  1.89880397e+00  2.54775267e+00  2.84183124e+00 
 2.77514000e-09  1.70124496e+00  1.89875504e+00  2.54781471e+00  2.84177156e+00 
 2.77564000e-09  1.70129487e+00  1.89870513e+00  2.54787816e+00  2.84171045e+00 
 2.77614000e-09  1.70134575e+00  1.89865425e+00  2.54794302e+00  2.84164794e+00 
 2.77664000e-09  1.70139760e+00  1.89860240e+00  2.54800929e+00  2.84158400e+00 
 2.77714000e-09  1.70145043e+00  1.89854957e+00  2.54807697e+00  2.84151864e+00 
 2.77764000e-09  1.70150423e+00  1.89849577e+00  2.54814605e+00  2.84145187e+00 
 2.77814000e-09  1.70155900e+00  1.89844100e+00  2.54821654e+00  2.84138368e+00 
 2.77864000e-09  1.70161474e+00  1.89838526e+00  2.54828844e+00  2.84131407e+00 
 2.77914000e-09  1.70167146e+00  1.89832854e+00  2.54836174e+00  2.84124305e+00 
 2.77964000e-09  1.70172914e+00  1.89827086e+00  2.54843645e+00  2.84117061e+00 
 2.78014000e-09  1.70178780e+00  1.89821220e+00  2.54851256e+00  2.84109675e+00 
 2.78064000e-09  1.70184742e+00  1.89815258e+00  2.54859007e+00  2.84102148e+00 
 2.78114000e-09  1.70190801e+00  1.89809199e+00  2.54866899e+00  2.84094479e+00 
 2.78164000e-09  1.70196957e+00  1.89803043e+00  2.54874931e+00  2.84086670e+00 
 2.78214000e-09  1.70203210e+00  1.89796790e+00  2.54883104e+00  2.84078718e+00 
 2.78264000e-09  1.70209559e+00  1.89790441e+00  2.54891416e+00  2.84070626e+00 
 2.78314000e-09  1.70216006e+00  1.89783994e+00  2.54899869e+00  2.84062392e+00 
 2.78364000e-09  1.70222548e+00  1.89777452e+00  2.54908461e+00  2.84054017e+00 
 2.78414000e-09  1.70229187e+00  1.89770813e+00  2.54917194e+00  2.84045501e+00 
 2.78464000e-09  1.70235923e+00  1.89764077e+00  2.54926066e+00  2.84036843e+00 
 2.78514000e-09  1.70242755e+00  1.89757245e+00  2.54935078e+00  2.84028045e+00 
 2.78564000e-09  1.70249683e+00  1.89750317e+00  2.54944230e+00  2.84019106e+00 
 2.78614000e-09  1.70256708e+00  1.89743292e+00  2.54953521e+00  2.84010025e+00 
 2.78664000e-09  1.70263829e+00  1.89736171e+00  2.54962952e+00  2.84000804e+00 
 2.78714000e-09  1.70271045e+00  1.89728955e+00  2.54972523e+00  2.83991442e+00 
 2.78764000e-09  1.70278358e+00  1.89721642e+00  2.54982233e+00  2.83981940e+00 
 2.78814000e-09  1.70285767e+00  1.89714233e+00  2.54992082e+00  2.83972296e+00 
 2.78864000e-09  1.70293271e+00  1.89706729e+00  2.55002071e+00  2.83962512e+00 
 2.78914000e-09  1.70300872e+00  1.89699128e+00  2.55012198e+00  2.83952588e+00 
 2.78964000e-09  1.70308568e+00  1.89691432e+00  2.55022465e+00  2.83942523e+00 
 2.79014000e-09  1.70316360e+00  1.89683640e+00  2.55032871e+00  2.83932317e+00 
 2.79064000e-09  1.70324247e+00  1.89675753e+00  2.55043416e+00  2.83921971e+00 
 2.79114000e-09  1.70332230e+00  1.89667770e+00  2.55054099e+00  2.83911485e+00 
 2.79164000e-09  1.70340308e+00  1.89659692e+00  2.55064922e+00  2.83900859e+00 
 2.79214000e-09  1.70348482e+00  1.89651518e+00  2.55075883e+00  2.83890092e+00 
 2.79264000e-09  1.70356751e+00  1.89643249e+00  2.55086983e+00  2.83879186e+00 
 2.79314000e-09  1.70365115e+00  1.89634885e+00  2.55098221e+00  2.83868139e+00 
 2.79364000e-09  1.70373574e+00  1.89626426e+00  2.55109597e+00  2.83856953e+00 
 2.79414000e-09  1.70382128e+00  1.89617872e+00  2.55121112e+00  2.83845626e+00 
 2.79464000e-09  1.70390777e+00  1.89609223e+00  2.55132766e+00  2.83834160e+00 
 2.79514000e-09  1.70399521e+00  1.89600479e+00  2.55144557e+00  2.83822554e+00 
 2.79564000e-09  1.70408360e+00  1.89591640e+00  2.55156486e+00  2.83810809e+00 
 2.79614000e-09  1.70417293e+00  1.89582707e+00  2.55168554e+00  2.83798923e+00 
 2.79664000e-09  1.70426321e+00  1.89573679e+00  2.55180759e+00  2.83786899e+00 
 2.79714000e-09  1.70435443e+00  1.89564557e+00  2.55193102e+00  2.83774735e+00 
 2.79764000e-09  1.70444660e+00  1.89555340e+00  2.55205583e+00  2.83762432e+00 
 2.79814000e-09  1.70453971e+00  1.89546029e+00  2.55218201e+00  2.83749989e+00 
 2.79864000e-09  1.70463376e+00  1.89536624e+00  2.55230956e+00  2.83737408e+00 
 2.79914000e-09  1.70472876e+00  1.89527124e+00  2.55243850e+00  2.83724687e+00 
 2.79964000e-09  1.70482469e+00  1.89517531e+00  2.55256880e+00  2.83711828e+00 
 2.80014000e-09  1.70492157e+00  1.89507843e+00  2.55270047e+00  2.83698829e+00 
 2.80064000e-09  1.70501938e+00  1.89498062e+00  2.55283352e+00  2.83685692e+00 
 2.80114000e-09  1.70511813e+00  1.89488187e+00  2.55296794e+00  2.83672416e+00 
 2.80164000e-09  1.70521782e+00  1.89478218e+00  2.55310372e+00  2.83659002e+00 
 2.80214000e-09  1.70531844e+00  1.89468156e+00  2.55324087e+00  2.83645449e+00 
 2.80264000e-09  1.70541999e+00  1.89458001e+00  2.55337939e+00  2.83631757e+00 
 2.80314000e-09  1.70552248e+00  1.89447752e+00  2.55351927e+00  2.83617927e+00 
 2.80364000e-09  1.70562591e+00  1.89437409e+00  2.55366052e+00  2.83603960e+00 
 2.80414000e-09  1.70573026e+00  1.89426974e+00  2.55380313e+00  2.83589854e+00 
 2.80464000e-09  1.70583554e+00  1.89416446e+00  2.55394710e+00  2.83575609e+00 
 2.80514000e-09  1.70594176e+00  1.89405824e+00  2.55409243e+00  2.83561227e+00 
 2.80564000e-09  1.70604890e+00  1.89395110e+00  2.55423912e+00  2.83546708e+00 
 2.80614000e-09  1.70615697e+00  1.89384303e+00  2.55438717e+00  2.83532050e+00 
 2.80664000e-09  1.70626596e+00  1.89373404e+00  2.55453658e+00  2.83517255e+00 
 2.80714000e-09  1.70637588e+00  1.89362412e+00  2.55468734e+00  2.83502322e+00 
 2.80764000e-09  1.70648673e+00  1.89351327e+00  2.55483946e+00  2.83487252e+00 
 2.80814000e-09  1.70659849e+00  1.89340151e+00  2.55499293e+00  2.83472045e+00 
 2.80864000e-09  1.70671118e+00  1.89328882e+00  2.55514776e+00  2.83456701e+00 
 2.80914000e-09  1.70682479e+00  1.89317521e+00  2.55530393e+00  2.83441219e+00 
 2.80964000e-09  1.70693932e+00  1.89306068e+00  2.55546146e+00  2.83425601e+00 
 2.81014000e-09  1.70705477e+00  1.89294523e+00  2.55562033e+00  2.83409845e+00 
 2.81064000e-09  1.70717113e+00  1.89282887e+00  2.55578055e+00  2.83393953e+00 
 2.81114000e-09  1.70728842e+00  1.89271158e+00  2.55594212e+00  2.83377925e+00 
 2.81164000e-09  1.70740661e+00  1.89259339e+00  2.55610503e+00  2.83361759e+00 
 2.81214000e-09  1.70752572e+00  1.89247428e+00  2.55626929e+00  2.83345458e+00 
 2.81264000e-09  1.70764575e+00  1.89235425e+00  2.55643489e+00  2.83329020e+00 
 2.81314000e-09  1.70776668e+00  1.89223332e+00  2.55660183e+00  2.83312446e+00 
 2.81364000e-09  1.70788852e+00  1.89211148e+00  2.55677011e+00  2.83295736e+00 
 2.81414000e-09  1.70801128e+00  1.89198872e+00  2.55693972e+00  2.83278891e+00 
 2.81464000e-09  1.70813494e+00  1.89186506e+00  2.55711068e+00  2.83261909e+00 
 2.81514000e-09  1.70825951e+00  1.89174049e+00  2.55728296e+00  2.83244792e+00 
 2.81564000e-09  1.70838498e+00  1.89161502e+00  2.55745659e+00  2.83227539e+00 
 2.81614000e-09  1.70851136e+00  1.89148864e+00  2.55763154e+00  2.83210151e+00 
 2.81664000e-09  1.70863864e+00  1.89136136e+00  2.55780783e+00  2.83192628e+00 
 2.81714000e-09  1.70876682e+00  1.89123318e+00  2.55798545e+00  2.83174969e+00 
 2.81764000e-09  1.70889591e+00  1.89110409e+00  2.55816439e+00  2.83157176e+00 
 2.81814000e-09  1.70902589e+00  1.89097411e+00  2.55834466e+00  2.83139247e+00 
 2.81864000e-09  1.70915677e+00  1.89084323e+00  2.55852626e+00  2.83121184e+00 
 2.81914000e-09  1.70928855e+00  1.89071145e+00  2.55870918e+00  2.83102987e+00 
 2.81964000e-09  1.70942122e+00  1.89057878e+00  2.55889343e+00  2.83084654e+00 
 2.82014000e-09  1.70955478e+00  1.89044522e+00  2.55907899e+00  2.83066188e+00 
 2.82064000e-09  1.70968924e+00  1.89031076e+00  2.55926588e+00  2.83047587e+00 
 2.82114000e-09  1.70982459e+00  1.89017541e+00  2.55945408e+00  2.83028853e+00 
 2.82164000e-09  1.70996083e+00  1.89003917e+00  2.55964360e+00  2.83009984e+00 
 2.82214000e-09  1.71009796e+00  1.88990204e+00  2.55983443e+00  2.82990982e+00 
 2.82264000e-09  1.71023598e+00  1.88976402e+00  2.56002658e+00  2.82971846e+00 
 2.82314000e-09  1.71037488e+00  1.88962512e+00  2.56022004e+00  2.82952577e+00 
 2.82364000e-09  1.71051466e+00  1.88948534e+00  2.56041481e+00  2.82933175e+00 
 2.82414000e-09  1.71065533e+00  1.88934467e+00  2.56061089e+00  2.82913639e+00 
 2.82464000e-09  1.71079689e+00  1.88920311e+00  2.56080827e+00  2.82893970e+00 
 2.82514000e-09  1.71093932e+00  1.88906068e+00  2.56100696e+00  2.82874169e+00 
 2.82564000e-09  1.71108263e+00  1.88891737e+00  2.56120696e+00  2.82854234e+00 
 2.82614000e-09  1.71122682e+00  1.88877318e+00  2.56140826e+00  2.82834168e+00 
 2.82664000e-09  1.71137188e+00  1.88862812e+00  2.56161085e+00  2.82813969e+00 
 2.82714000e-09  1.71151782e+00  1.88848218e+00  2.56181475e+00  2.82793637e+00 
 2.82764000e-09  1.71166463e+00  1.88833537e+00  2.56201995e+00  2.82773174e+00 
 2.82814000e-09  1.71181232e+00  1.88818768e+00  2.56222644e+00  2.82752578e+00 
 2.82864000e-09  1.71196087e+00  1.88803913e+00  2.56243422e+00  2.82731851e+00 
 2.82914000e-09  1.71211030e+00  1.88788970e+00  2.56264329e+00  2.82710993e+00 
 2.82964000e-09  1.71226059e+00  1.88773941e+00  2.56285366e+00  2.82690003e+00 
 2.83014000e-09  1.71241174e+00  1.88758826e+00  2.56306532e+00  2.82668881e+00 
 2.83064000e-09  1.71256376e+00  1.88743624e+00  2.56327826e+00  2.82647629e+00 
 2.83114000e-09  1.71271665e+00  1.88728335e+00  2.56349248e+00  2.82626245e+00 
 2.83164000e-09  1.71287039e+00  1.88712961e+00  2.56370800e+00  2.82604731e+00 
 2.83214000e-09  1.71302500e+00  1.88697500e+00  2.56392479e+00  2.82583087e+00 
 2.83264000e-09  1.71318046e+00  1.88681954e+00  2.56414286e+00  2.82561312e+00 
 2.83314000e-09  1.71333679e+00  1.88666321e+00  2.56436221e+00  2.82539407e+00 
 2.83364000e-09  1.71349396e+00  1.88650604e+00  2.56458284e+00  2.82517371e+00 
 2.83414000e-09  1.71365199e+00  1.88634801e+00  2.56480474e+00  2.82495206e+00 
 2.83464000e-09  1.71381088e+00  1.88618912e+00  2.56502791e+00  2.82472911e+00 
 2.83514000e-09  1.71397061e+00  1.88602939e+00  2.56525235e+00  2.82450487e+00 
 2.83564000e-09  1.71413119e+00  1.88586881e+00  2.56547807e+00  2.82427933e+00 
 2.83614000e-09  1.71429262e+00  1.88570738e+00  2.56570505e+00  2.82405250e+00 
 2.83664000e-09  1.71445490e+00  1.88554510e+00  2.56593329e+00  2.82382439e+00 
 2.83714000e-09  1.71461802e+00  1.88538198e+00  2.56616280e+00  2.82359498e+00 
 2.83764000e-09  1.71478198e+00  1.88521802e+00  2.56639357e+00  2.82336429e+00 
 2.83814000e-09  1.71494678e+00  1.88505322e+00  2.56662560e+00  2.82313231e+00 
 2.83864000e-09  1.71511242e+00  1.88488758e+00  2.56685888e+00  2.82289905e+00 
 2.83914000e-09  1.71527891e+00  1.88472109e+00  2.56709343e+00  2.82266452e+00 
 2.83964000e-09  1.71544622e+00  1.88455378e+00  2.56732922e+00  2.82242870e+00 
 2.84014000e-09  1.71561437e+00  1.88438563e+00  2.56756627e+00  2.82219161e+00 
 2.84064000e-09  1.71578336e+00  1.88421664e+00  2.56780456e+00  2.82195324e+00 
 2.84114000e-09  1.71595317e+00  1.88404683e+00  2.56804411e+00  2.82171360e+00 
 2.84164000e-09  1.71612382e+00  1.88387618e+00  2.56828490e+00  2.82147269e+00 
 2.84214000e-09  1.71629529e+00  1.88370471e+00  2.56852693e+00  2.82123051e+00 
 2.84264000e-09  1.71646759e+00  1.88353241e+00  2.56877020e+00  2.82098707e+00 
 2.84314000e-09  1.71664071e+00  1.88335929e+00  2.56901471e+00  2.82074236e+00 
 2.84364000e-09  1.71681466e+00  1.88318534e+00  2.56926046e+00  2.82049639e+00 
 2.84414000e-09  1.71698943e+00  1.88301057e+00  2.56950745e+00  2.82024915e+00 
 2.84464000e-09  1.71716501e+00  1.88283499e+00  2.56975567e+00  2.82000066e+00 
 2.84514000e-09  1.71734142e+00  1.88265858e+00  2.57000512e+00  2.81975092e+00 
 2.84564000e-09  1.71751864e+00  1.88248136e+00  2.57025580e+00  2.81949992e+00 
 2.84614000e-09  1.71769667e+00  1.88230333e+00  2.57050770e+00  2.81924767e+00 
 2.84664000e-09  1.71787552e+00  1.88212448e+00  2.57076083e+00  2.81899416e+00 
 2.84714000e-09  1.71805517e+00  1.88194483e+00  2.57101518e+00  2.81873941e+00 
 2.84764000e-09  1.71823564e+00  1.88176436e+00  2.57127075e+00  2.81848342e+00 
 2.84814000e-09  1.71841691e+00  1.88158309e+00  2.57152754e+00  2.81822618e+00 
 2.84864000e-09  1.71859899e+00  1.88140101e+00  2.57178555e+00  2.81796770e+00 
 2.84914000e-09  1.71878187e+00  1.88121813e+00  2.57204477e+00  2.81770798e+00 
 2.84964000e-09  1.71896555e+00  1.88103445e+00  2.57230520e+00  2.81744702e+00 
 2.85014000e-09  1.71915004e+00  1.88084996e+00  2.57256684e+00  2.81718483e+00 
 2.85064000e-09  1.71933532e+00  1.88066468e+00  2.57282968e+00  2.81692141e+00 
 2.85114000e-09  1.71952139e+00  1.88047861e+00  2.57309374e+00  2.81665676e+00 
 2.85164000e-09  1.71970826e+00  1.88029174e+00  2.57335899e+00  2.81639088e+00 
 2.85214000e-09  1.71989593e+00  1.88010407e+00  2.57362544e+00  2.81612377e+00 
 2.85264000e-09  1.72008438e+00  1.87991562e+00  2.57389309e+00  2.81585544e+00 
 2.85314000e-09  1.72027362e+00  1.87972638e+00  2.57416194e+00  2.81558589e+00 
 2.85364000e-09  1.72046365e+00  1.87953635e+00  2.57443198e+00  2.81531512e+00 
 2.85414000e-09  1.72065447e+00  1.87934553e+00  2.57470321e+00  2.81504314e+00 
 2.85464000e-09  1.72084606e+00  1.87915394e+00  2.57497563e+00  2.81476994e+00 
 2.85514000e-09  1.72103844e+00  1.87896156e+00  2.57524924e+00  2.81449553e+00 
 2.85564000e-09  1.72123160e+00  1.87876840e+00  2.57552403e+00  2.81421991e+00 
 2.85614000e-09  1.72142554e+00  1.87857446e+00  2.57580000e+00  2.81394309e+00 
 2.85664000e-09  1.72162025e+00  1.87837975e+00  2.57607714e+00  2.81366506e+00 
 2.85714000e-09  1.72181573e+00  1.87818427e+00  2.57635547e+00  2.81338582e+00 
 2.85764000e-09  1.72201199e+00  1.87798801e+00  2.57663497e+00  2.81310539e+00 
 2.85814000e-09  1.72220901e+00  1.87779099e+00  2.57691564e+00  2.81282376e+00 
 2.85864000e-09  1.72240681e+00  1.87759319e+00  2.57719748e+00  2.81254094e+00 
 2.85914000e-09  1.72260537e+00  1.87739463e+00  2.57748049e+00  2.81225693e+00 
 2.85964000e-09  1.72280469e+00  1.87719531e+00  2.57776466e+00  2.81197172e+00 
 2.86014000e-09  1.72300478e+00  1.87699522e+00  2.57804999e+00  2.81168533e+00 
 2.86064000e-09  1.72320562e+00  1.87679438e+00  2.57833648e+00  2.81139775e+00 
 2.86114000e-09  1.72340722e+00  1.87659278e+00  2.57862413e+00  2.81110900e+00 
 2.86164000e-09  1.72360958e+00  1.87639042e+00  2.57891293e+00  2.81081906e+00 
 2.86214000e-09  1.72381270e+00  1.87618730e+00  2.57920289e+00  2.81052795e+00 
 2.86264000e-09  1.72401656e+00  1.87598344e+00  2.57949399e+00  2.81023566e+00 
 2.86314000e-09  1.72422118e+00  1.87577882e+00  2.57978624e+00  2.80994220e+00 
 2.86364000e-09  1.72442654e+00  1.87557346e+00  2.58007963e+00  2.80964757e+00 
 2.86414000e-09  1.72463265e+00  1.87536735e+00  2.58037417e+00  2.80935177e+00 
 2.86464000e-09  1.72483950e+00  1.87516050e+00  2.58066984e+00  2.80905482e+00 
 2.86514000e-09  1.72504709e+00  1.87495291e+00  2.58096665e+00  2.80875670e+00 
 2.86564000e-09  1.72525543e+00  1.87474457e+00  2.58126459e+00  2.80845742e+00 
 2.86614000e-09  1.72546450e+00  1.87453550e+00  2.58156367e+00  2.80815699e+00 
 2.86664000e-09  1.72567431e+00  1.87432569e+00  2.58186387e+00  2.80785540e+00 
 2.86714000e-09  1.72588485e+00  1.87411515e+00  2.58216519e+00  2.80755266e+00 
 2.86764000e-09  1.72609612e+00  1.87390388e+00  2.58246764e+00  2.80724878e+00 
 2.86814000e-09  1.72630812e+00  1.87369188e+00  2.58277121e+00  2.80694375e+00 
 2.86864000e-09  1.72652085e+00  1.87347915e+00  2.58307590e+00  2.80663758e+00 
 2.86914000e-09  1.72673431e+00  1.87326569e+00  2.58338170e+00  2.80633027e+00 
 2.86964000e-09  1.72694848e+00  1.87305152e+00  2.58368861e+00  2.80602182e+00 
 2.87014000e-09  1.72716338e+00  1.87283662e+00  2.58399663e+00  2.80571224e+00 
 2.87064000e-09  1.72737900e+00  1.87262100e+00  2.58430576e+00  2.80540153e+00 
 2.87114000e-09  1.72759533e+00  1.87240467e+00  2.58461599e+00  2.80508969e+00 
 2.87164000e-09  1.72781238e+00  1.87218762e+00  2.58492732e+00  2.80477673e+00 
 2.87214000e-09  1.72803014e+00  1.87196986e+00  2.58523975e+00  2.80446264e+00 
 2.87264000e-09  1.72824861e+00  1.87175139e+00  2.58555328e+00  2.80414743e+00 
 2.87314000e-09  1.72846779e+00  1.87153221e+00  2.58586789e+00  2.80383111e+00 
 2.87364000e-09  1.72868768e+00  1.87131232e+00  2.58618360e+00  2.80351368e+00 
 2.87414000e-09  1.72890827e+00  1.87109173e+00  2.58650039e+00  2.80319513e+00 
 2.87464000e-09  1.72912956e+00  1.87087044e+00  2.58681827e+00  2.80287548e+00 
 2.87514000e-09  1.72935155e+00  1.87064845e+00  2.58713722e+00  2.80255472e+00 
 2.87564000e-09  1.72957424e+00  1.87042576e+00  2.58745726e+00  2.80223285e+00 
 2.87614000e-09  1.72979762e+00  1.87020238e+00  2.58777837e+00  2.80190989e+00 
 2.87664000e-09  1.73002170e+00  1.86997830e+00  2.58810055e+00  2.80158584e+00 
 2.87714000e-09  1.73024646e+00  1.86975354e+00  2.58842380e+00  2.80126069e+00 
 2.87764000e-09  1.73047192e+00  1.86952808e+00  2.58874811e+00  2.80093445e+00 
 2.87814000e-09  1.73069806e+00  1.86930194e+00  2.58907349e+00  2.80060713e+00 
 2.87864000e-09  1.73092488e+00  1.86907512e+00  2.58939993e+00  2.80027872e+00 
 2.87914000e-09  1.73115239e+00  1.86884761e+00  2.58972743e+00  2.79994923e+00 
 2.87964000e-09  1.73138058e+00  1.86861942e+00  2.59005598e+00  2.79961866e+00 
 2.88014000e-09  1.73160944e+00  1.86839056e+00  2.59038558e+00  2.79928702e+00 
 2.88064000e-09  1.73183898e+00  1.86816102e+00  2.59071623e+00  2.79895430e+00 
 2.88114000e-09  1.73206919e+00  1.86793081e+00  2.59104793e+00  2.79862052e+00 
 2.88164000e-09  1.73230007e+00  1.86769993e+00  2.59138067e+00  2.79828568e+00 
 2.88214000e-09  1.73253162e+00  1.86746838e+00  2.59171444e+00  2.79794977e+00 
 2.88264000e-09  1.73276384e+00  1.86723616e+00  2.59204925e+00  2.79761280e+00 
 2.88314000e-09  1.73299672e+00  1.86700328e+00  2.59238510e+00  2.79727477e+00 
 2.88364000e-09  1.73323026e+00  1.86676974e+00  2.59272197e+00  2.79693570e+00 
 2.88414000e-09  1.73346446e+00  1.86653554e+00  2.59305987e+00  2.79659557e+00 
 2.88464000e-09  1.73369931e+00  1.86630069e+00  2.59339880e+00  2.79625440e+00 
 2.88514000e-09  1.73393482e+00  1.86606518e+00  2.59373874e+00  2.79591218e+00 
 2.88564000e-09  1.73417098e+00  1.86582902e+00  2.59407970e+00  2.79556893e+00 
 2.88614000e-09  1.73440780e+00  1.86559220e+00  2.59442168e+00  2.79522464e+00 
 2.88664000e-09  1.73464526e+00  1.86535474e+00  2.59476467e+00  2.79487931e+00 
 2.88714000e-09  1.73488336e+00  1.86511664e+00  2.59510866e+00  2.79453296e+00 
 2.88764000e-09  1.73512211e+00  1.86487789e+00  2.59545366e+00  2.79418558e+00 
 2.88814000e-09  1.73536150e+00  1.86463850e+00  2.59579966e+00  2.79383717e+00 
 2.88864000e-09  1.73560152e+00  1.86439848e+00  2.59614666e+00  2.79348775e+00 
 2.88914000e-09  1.73584218e+00  1.86415782e+00  2.59649465e+00  2.79313731e+00 
 2.88964000e-09  1.73608348e+00  1.86391652e+00  2.59684363e+00  2.79278585e+00 
 2.89014000e-09  1.73632540e+00  1.86367460e+00  2.59719360e+00  2.79243339e+00 
 2.89064000e-09  1.73656796e+00  1.86343204e+00  2.59754456e+00  2.79207992e+00 
 2.89114000e-09  1.73681114e+00  1.86318886e+00  2.59789650e+00  2.79172544e+00 
 2.89164000e-09  1.73705494e+00  1.86294506e+00  2.59824942e+00  2.79136997e+00 
 2.89214000e-09  1.73729937e+00  1.86270063e+00  2.59860331e+00  2.79101350e+00 
 2.89264000e-09  1.73754441e+00  1.86245559e+00  2.59895817e+00  2.79065604e+00 
 2.89314000e-09  1.73779007e+00  1.86220993e+00  2.59931400e+00  2.79029758e+00 
 2.89364000e-09  1.73803634e+00  1.86196366e+00  2.59967080e+00  2.78993814e+00 
 2.89414000e-09  1.73828323e+00  1.86171677e+00  2.60002856e+00  2.78957772e+00 
 2.89464000e-09  1.73853072e+00  1.86146928e+00  2.60038727e+00  2.78921632e+00 
 2.89514000e-09  1.73877882e+00  1.86122118e+00  2.60074694e+00  2.78885394e+00 
 2.89564000e-09  1.73902753e+00  1.86097247e+00  2.60110757e+00  2.78849060e+00 
 2.89614000e-09  1.73927684e+00  1.86072316e+00  2.60146914e+00  2.78812628e+00 
 2.89664000e-09  1.73952674e+00  1.86047326e+00  2.60183165e+00  2.78776100e+00 
 2.89714000e-09  1.73977725e+00  1.86022275e+00  2.60219511e+00  2.78739475e+00 
 2.89764000e-09  1.74002834e+00  1.85997166e+00  2.60255950e+00  2.78702755e+00 
 2.89814000e-09  1.74028003e+00  1.85971997e+00  2.60292483e+00  2.78665939e+00 
 2.89864000e-09  1.74053231e+00  1.85946769e+00  2.60329109e+00  2.78629028e+00 
 2.89914000e-09  1.74078518e+00  1.85921482e+00  2.60365828e+00  2.78592023e+00 
 2.89964000e-09  1.74103863e+00  1.85896137e+00  2.60402639e+00  2.78554923e+00 
 2.90014000e-09  1.74129266e+00  1.85870734e+00  2.60439542e+00  2.78517729e+00 
 2.90064000e-09  1.74154727e+00  1.85845273e+00  2.60476537e+00  2.78480442e+00 
 2.90114000e-09  1.74180246e+00  1.85819754e+00  2.60513623e+00  2.78443061e+00 
 2.90164000e-09  1.74205823e+00  1.85794177e+00  2.60550800e+00  2.78405587e+00 
 2.90214000e-09  1.74231456e+00  1.85768544e+00  2.60588067e+00  2.78368021e+00 
 2.90264000e-09  1.74257147e+00  1.85742853e+00  2.60625425e+00  2.78330363e+00 
 2.90314000e-09  1.74282894e+00  1.85717106e+00  2.60662873e+00  2.78292612e+00 
 2.90364000e-09  1.74308697e+00  1.85691303e+00  2.60700410e+00  2.78254771e+00 
 2.90414000e-09  1.74334557e+00  1.85665443e+00  2.60738037e+00  2.78216838e+00 
 2.90464000e-09  1.74360472e+00  1.85639528e+00  2.60775752e+00  2.78178815e+00 
 2.90514000e-09  1.74386444e+00  1.85613556e+00  2.60813556e+00  2.78140701e+00 
 2.90564000e-09  1.74412470e+00  1.85587530e+00  2.60851448e+00  2.78102497e+00 
 2.90614000e-09  1.74438552e+00  1.85561448e+00  2.60889427e+00  2.78064204e+00 
 2.90664000e-09  1.74464689e+00  1.85535311e+00  2.60927494e+00  2.78025822e+00 
 2.90714000e-09  1.74490880e+00  1.85509120e+00  2.60965648e+00  2.77987350e+00 
 2.90764000e-09  1.74517126e+00  1.85482874e+00  2.61003889e+00  2.77948791e+00 
 2.90814000e-09  1.74543426e+00  1.85456574e+00  2.61042216e+00  2.77910143e+00 
 2.90864000e-09  1.74569780e+00  1.85430220e+00  2.61080628e+00  2.77871407e+00 
 2.90914000e-09  1.74596187e+00  1.85403813e+00  2.61119127e+00  2.77832585e+00 
 2.90964000e-09  1.74622648e+00  1.85377352e+00  2.61157710e+00  2.77793675e+00 
 2.91014000e-09  1.74649161e+00  1.85350839e+00  2.61196378e+00  2.77754679e+00 
 2.91064000e-09  1.74675728e+00  1.85324272e+00  2.61235131e+00  2.77715597e+00 
 2.91114000e-09  1.74702347e+00  1.85297653e+00  2.61273967e+00  2.77676429e+00 
 2.91164000e-09  1.74729018e+00  1.85270982e+00  2.61312888e+00  2.77637176e+00 
 2.91214000e-09  1.74755741e+00  1.85244259e+00  2.61351891e+00  2.77597837e+00 
 2.91264000e-09  1.74782517e+00  1.85217483e+00  2.61390977e+00  2.77558414e+00 
 2.91314000e-09  1.74809343e+00  1.85190657e+00  2.61430146e+00  2.77518907e+00 
 2.91364000e-09  1.74836221e+00  1.85163779e+00  2.61469397e+00  2.77479317e+00 
 2.91414000e-09  1.74863150e+00  1.85136850e+00  2.61508730e+00  2.77439642e+00 
 2.91464000e-09  1.74890129e+00  1.85109871e+00  2.61548144e+00  2.77399885e+00 
 2.91514000e-09  1.74917159e+00  1.85082841e+00  2.61587639e+00  2.77360046e+00 
 2.91564000e-09  1.74944239e+00  1.85055761e+00  2.61627215e+00  2.77320124e+00 
 2.91614000e-09  1.74971369e+00  1.85028631e+00  2.61666870e+00  2.77280120e+00 
 2.91664000e-09  1.74998549e+00  1.85001451e+00  2.61706606e+00  2.77240035e+00 
 2.91714000e-09  1.75025778e+00  1.84974222e+00  2.61746421e+00  2.77199869e+00 
 2.91764000e-09  1.75053056e+00  1.84946944e+00  2.61786315e+00  2.77159622e+00 
 2.91814000e-09  1.75080383e+00  1.84919617e+00  2.61826288e+00  2.77119295e+00 
 2.91864000e-09  1.75107758e+00  1.84892242e+00  2.61866339e+00  2.77078889e+00 
 2.91914000e-09  1.75135182e+00  1.84864818e+00  2.61906467e+00  2.77038403e+00 
 2.91964000e-09  1.75162654e+00  1.84837346e+00  2.61946674e+00  2.76997838e+00 
 2.92014000e-09  1.75190174e+00  1.84809826e+00  2.61986957e+00  2.76957194e+00 
 2.92064000e-09  1.75217740e+00  1.84782260e+00  2.62027317e+00  2.76916473e+00 
 2.92114000e-09  1.75245355e+00  1.84754645e+00  2.62067753e+00  2.76875673e+00 
 2.92164000e-09  1.75273016e+00  1.84726984e+00  2.62108265e+00  2.76834796e+00 
 2.92214000e-09  1.75300724e+00  1.84699276e+00  2.62148853e+00  2.76793843e+00 
 2.92264000e-09  1.75328478e+00  1.84671522e+00  2.62189515e+00  2.76752813e+00 
 2.92314000e-09  1.75356278e+00  1.84643722e+00  2.62230253e+00  2.76711707e+00 
 2.92364000e-09  1.75384124e+00  1.84615876e+00  2.62271064e+00  2.76670525e+00 
 2.92414000e-09  1.75412016e+00  1.84587984e+00  2.62311950e+00  2.76629268e+00 
 2.92464000e-09  1.75439953e+00  1.84560047e+00  2.62352909e+00  2.76587936e+00 
 2.92514000e-09  1.75467934e+00  1.84532066e+00  2.62393940e+00  2.76546529e+00 
 2.92564000e-09  1.75495961e+00  1.84504039e+00  2.62435045e+00  2.76505049e+00 
 2.92614000e-09  1.75524032e+00  1.84475968e+00  2.62476222e+00  2.76463495e+00 
 2.92664000e-09  1.75552147e+00  1.84447853e+00  2.62517471e+00  2.76421868e+00 
 2.92714000e-09  1.75580307e+00  1.84419693e+00  2.62558791e+00  2.76380169e+00 
 2.92764000e-09  1.75608509e+00  1.84391491e+00  2.62600182e+00  2.76338397e+00 
 2.92814000e-09  1.75636756e+00  1.84363244e+00  2.62641643e+00  2.76296553e+00 
 2.92864000e-09  1.75665045e+00  1.84334955e+00  2.62683175e+00  2.76254637e+00 
 2.92914000e-09  1.75693377e+00  1.84306623e+00  2.62724777e+00  2.76212651e+00 
 2.92964000e-09  1.75721751e+00  1.84278249e+00  2.62766448e+00  2.76170594e+00 
 2.93014000e-09  1.75750168e+00  1.84249832e+00  2.62808188e+00  2.76128467e+00 
 2.93064000e-09  1.75778627e+00  1.84221373e+00  2.62849996e+00  2.76086270e+00 
 2.93114000e-09  1.75807127e+00  1.84192873e+00  2.62891873e+00  2.76044004e+00 
 2.93164000e-09  1.75835669e+00  1.84164331e+00  2.62933817e+00  2.76001669e+00 
 2.93214000e-09  1.75864252e+00  1.84135748e+00  2.62975829e+00  2.75959266e+00 
 2.93264000e-09  1.75892875e+00  1.84107125e+00  2.63017907e+00  2.75916794e+00 
 2.93314000e-09  1.75921539e+00  1.84078461e+00  2.63060052e+00  2.75874255e+00 
 2.93364000e-09  1.75950244e+00  1.84049756e+00  2.63102263e+00  2.75831649e+00 
 2.93414000e-09  1.75978988e+00  1.84021012e+00  2.63144539e+00  2.75788976e+00 
 2.93464000e-09  1.76007772e+00  1.83992228e+00  2.63186881e+00  2.75746237e+00 
 2.93514000e-09  1.76036596e+00  1.83963404e+00  2.63229287e+00  2.75703432e+00 
 2.93564000e-09  1.76065458e+00  1.83934542e+00  2.63271758e+00  2.75660562e+00 
 2.93614000e-09  1.76094360e+00  1.83905640e+00  2.63314293e+00  2.75617627e+00 
 2.93664000e-09  1.76123300e+00  1.83876700e+00  2.63356891e+00  2.75574627e+00 
 2.93714000e-09  1.76152278e+00  1.83847722e+00  2.63399552e+00  2.75531563e+00 
 2.93764000e-09  1.76181294e+00  1.83818706e+00  2.63442276e+00  2.75488436e+00 
 2.93814000e-09  1.76210348e+00  1.83789652e+00  2.63485062e+00  2.75445245e+00 
 2.93864000e-09  1.76239439e+00  1.83760561e+00  2.63527909e+00  2.75401992e+00 
 2.93914000e-09  1.76268568e+00  1.83731432e+00  2.63570818e+00  2.75358677e+00 
 2.93964000e-09  1.76297733e+00  1.83702267e+00  2.63613788e+00  2.75315299e+00 
 2.94014000e-09  1.76326935e+00  1.83673065e+00  2.63656818e+00  2.75271861e+00 
 2.94064000e-09  1.76356173e+00  1.83643827e+00  2.63699909e+00  2.75228361e+00 
 2.94114000e-09  1.76385447e+00  1.83614553e+00  2.63743059e+00  2.75184801e+00 
 2.94164000e-09  1.76414756e+00  1.83585244e+00  2.63786268e+00  2.75141180e+00 
 2.94214000e-09  1.76444101e+00  1.83555899e+00  2.63829536e+00  2.75097501e+00 
 2.94264000e-09  1.76473482e+00  1.83526518e+00  2.63872862e+00  2.75053762e+00 
 2.94314000e-09  1.76502896e+00  1.83497104e+00  2.63916246e+00  2.75009964e+00 
 2.94364000e-09  1.76532346e+00  1.83467654e+00  2.63959687e+00  2.74966108e+00 
 2.94414000e-09  1.76561830e+00  1.83438170e+00  2.64003185e+00  2.74922195e+00 
 2.94464000e-09  1.76591347e+00  1.83408653e+00  2.64046740e+00  2.74878224e+00 
 2.94514000e-09  1.76620899e+00  1.83379101e+00  2.64090351e+00  2.74834196e+00 
 2.94564000e-09  1.76650483e+00  1.83349517e+00  2.64134018e+00  2.74790112e+00 
 2.94614000e-09  1.76680101e+00  1.83319899e+00  2.64177740e+00  2.74745972e+00 
 2.94664000e-09  1.76709751e+00  1.83290249e+00  2.64221516e+00  2.74701776e+00 
 2.94714000e-09  1.76739434e+00  1.83260566e+00  2.64265347e+00  2.74657526e+00 
 2.94764000e-09  1.76769149e+00  1.83230851e+00  2.64309232e+00  2.74613220e+00 
 2.94814000e-09  1.76798896e+00  1.83201104e+00  2.64353170e+00  2.74568861e+00 
 2.94864000e-09  1.76828675e+00  1.83171325e+00  2.64397161e+00  2.74524448e+00 
 2.94914000e-09  1.76858485e+00  1.83141515e+00  2.64441205e+00  2.74479982e+00 
 2.94964000e-09  1.76888326e+00  1.83111674e+00  2.64485301e+00  2.74435463e+00 
 2.95014000e-09  1.76918197e+00  1.83081803e+00  2.64529448e+00  2.74390892e+00 
 2.95064000e-09  1.76948099e+00  1.83051901e+00  2.64573647e+00  2.74346269e+00 
 2.95114000e-09  1.76978031e+00  1.83021969e+00  2.64617897e+00  2.74301595e+00 
 2.95164000e-09  1.77007993e+00  1.82992007e+00  2.64662196e+00  2.74256870e+00 
 2.95214000e-09  1.77037985e+00  1.82962015e+00  2.64706546e+00  2.74212094e+00 
 2.95264000e-09  1.77068005e+00  1.82931995e+00  2.64750945e+00  2.74167269e+00 
 2.95314000e-09  1.77098055e+00  1.82901945e+00  2.64795393e+00  2.74122394e+00 
 2.95364000e-09  1.77128133e+00  1.82871867e+00  2.64839889e+00  2.74077470e+00 
 2.95414000e-09  1.77158240e+00  1.82841760e+00  2.64884434e+00  2.74032498e+00 
 2.95464000e-09  1.77188375e+00  1.82811625e+00  2.64929026e+00  2.73987477e+00 
 2.95514000e-09  1.77218537e+00  1.82781463e+00  2.64973665e+00  2.73942409e+00 
 2.95564000e-09  1.77248727e+00  1.82751273e+00  2.65018351e+00  2.73897294e+00 
 2.95614000e-09  1.77278944e+00  1.82721056e+00  2.65063084e+00  2.73852133e+00 
 2.95664000e-09  1.77309188e+00  1.82690812e+00  2.65107862e+00  2.73806925e+00 
 2.95714000e-09  1.77339458e+00  1.82660542e+00  2.65152685e+00  2.73761671e+00 
 2.95764000e-09  1.77369755e+00  1.82630245e+00  2.65197553e+00  2.73716372e+00 
 2.95814000e-09  1.77400078e+00  1.82599922e+00  2.65242466e+00  2.73671029e+00 
 2.95864000e-09  1.77430426e+00  1.82569574e+00  2.65287422e+00  2.73625641e+00 
 2.95914000e-09  1.77460800e+00  1.82539200e+00  2.65332422e+00  2.73580210e+00 
 2.95964000e-09  1.77491199e+00  1.82508801e+00  2.65377465e+00  2.73534735e+00 
 2.96014000e-09  1.77521622e+00  1.82478378e+00  2.65422551e+00  2.73489217e+00 
 2.96064000e-09  1.77552070e+00  1.82447930e+00  2.65467679e+00  2.73443657e+00 
 2.96114000e-09  1.77582542e+00  1.82417458e+00  2.65512848e+00  2.73398055e+00 
 2.96164000e-09  1.77613038e+00  1.82386962e+00  2.65558058e+00  2.73352412e+00 
 2.96214000e-09  1.77643558e+00  1.82356442e+00  2.65603310e+00  2.73306728e+00 
 2.96264000e-09  1.77674101e+00  1.82325899e+00  2.65648601e+00  2.73261003e+00 
 2.96314000e-09  1.77704666e+00  1.82295334e+00  2.65693933e+00  2.73215239e+00 
 2.96364000e-09  1.77735255e+00  1.82264745e+00  2.65739304e+00  2.73169435e+00 
 2.96414000e-09  1.77765866e+00  1.82234134e+00  2.65784713e+00  2.73123592e+00 
 2.96464000e-09  1.77796498e+00  1.82203502e+00  2.65830161e+00  2.73077711e+00 
 2.96514000e-09  1.77827153e+00  1.82172847e+00  2.65875647e+00  2.73031791e+00 
 2.96564000e-09  1.77857829e+00  1.82142171e+00  2.65921171e+00  2.72985834e+00 
 2.96614000e-09  1.77888526e+00  1.82111474e+00  2.65966731e+00  2.72939840e+00 
 2.96664000e-09  1.77919244e+00  1.82080756e+00  2.66012329e+00  2.72893810e+00 
 2.96714000e-09  1.77949983e+00  1.82050017e+00  2.66057962e+00  2.72847744e+00 
 2.96764000e-09  1.77980742e+00  1.82019258e+00  2.66103631e+00  2.72801641e+00 
 2.96814000e-09  1.78011520e+00  1.81988480e+00  2.66149335e+00  2.72755504e+00 
 2.96864000e-09  1.78042319e+00  1.81957681e+00  2.66195073e+00  2.72709333e+00 
 2.96914000e-09  1.78073136e+00  1.81926864e+00  2.66240846e+00  2.72663127e+00 
 2.96964000e-09  1.78103973e+00  1.81896027e+00  2.66286653e+00  2.72616887e+00 
 2.97014000e-09  1.78134828e+00  1.81865172e+00  2.66332493e+00  2.72570615e+00 
 2.97064000e-09  1.78165702e+00  1.81834298e+00  2.66378366e+00  2.72524310e+00 
 2.97114000e-09  1.78196594e+00  1.81803406e+00  2.66424271e+00  2.72477973e+00 
 2.97164000e-09  1.78227504e+00  1.81772496e+00  2.66470208e+00  2.72431604e+00 
 2.97214000e-09  1.78258431e+00  1.81741569e+00  2.66516177e+00  2.72385204e+00 
 2.97264000e-09  1.78289375e+00  1.81710625e+00  2.66562176e+00  2.72338773e+00 
 2.97314000e-09  1.78320336e+00  1.81679664e+00  2.66608206e+00  2.72292312e+00 
 2.97364000e-09  1.78351314e+00  1.81648686e+00  2.66654266e+00  2.72245822e+00 
 2.97414000e-09  1.78382308e+00  1.81617692e+00  2.66700356e+00  2.72199302e+00 
 2.97464000e-09  1.78413318e+00  1.81586682e+00  2.66746474e+00  2.72152754e+00 
 2.97514000e-09  1.78444344e+00  1.81555656e+00  2.66792622e+00  2.72106178e+00 
 2.97564000e-09  1.78475385e+00  1.81524615e+00  2.66838797e+00  2.72059573e+00 
 2.97614000e-09  1.78506441e+00  1.81493559e+00  2.66885000e+00  2.72012942e+00 
 2.97664000e-09  1.78537512e+00  1.81462488e+00  2.66931230e+00  2.71966284e+00 
 2.97714000e-09  1.78568597e+00  1.81431403e+00  2.66977487e+00  2.71919600e+00 
 2.97764000e-09  1.78599697e+00  1.81400303e+00  2.67023771e+00  2.71872891e+00 
 2.97814000e-09  1.78630810e+00  1.81369190e+00  2.67070080e+00  2.71826156e+00 
 2.97864000e-09  1.78661937e+00  1.81338063e+00  2.67116414e+00  2.71779396e+00 
 2.97914000e-09  1.78693077e+00  1.81306923e+00  2.67162773e+00  2.71732613e+00 
 2.97964000e-09  1.78724230e+00  1.81275770e+00  2.67209157e+00  2.71685806e+00 
 2.98014000e-09  1.78755395e+00  1.81244605e+00  2.67255564e+00  2.71638975e+00 
 2.98064000e-09  1.78786573e+00  1.81213427e+00  2.67301995e+00  2.71592122e+00 
 2.98114000e-09  1.78817763e+00  1.81182237e+00  2.67348449e+00  2.71545247e+00 
 2.98164000e-09  1.78848964e+00  1.81151036e+00  2.67394925e+00  2.71498350e+00 
 2.98214000e-09  1.78880177e+00  1.81119823e+00  2.67441424e+00  2.71451432e+00 
 2.98264000e-09  1.78911401e+00  1.81088599e+00  2.67487944e+00  2.71404494e+00 
 2.98314000e-09  1.78942635e+00  1.81057365e+00  2.67534484e+00  2.71357535e+00 
 2.98364000e-09  1.78973880e+00  1.81026120e+00  2.67581046e+00  2.71310557e+00 
 2.98414000e-09  1.79005135e+00  1.80994865e+00  2.67627628e+00  2.71263560e+00 
 2.98464000e-09  1.79036400e+00  1.80963600e+00  2.67674229e+00  2.71216544e+00 
 2.98514000e-09  1.79067675e+00  1.80932325e+00  2.67720849e+00  2.71169510e+00 
 2.98564000e-09  1.79098958e+00  1.80901042e+00  2.67767489e+00  2.71122459e+00 
 2.98614000e-09  1.79130251e+00  1.80869749e+00  2.67814146e+00  2.71075390e+00 
 2.98664000e-09  1.79161552e+00  1.80838448e+00  2.67860821e+00  2.71028305e+00 
 2.98714000e-09  1.79192861e+00  1.80807139e+00  2.67907514e+00  2.70981204e+00 
 2.98764000e-09  1.79224179e+00  1.80775821e+00  2.67954223e+00  2.70934088e+00 
 2.98814000e-09  1.79255504e+00  1.80744496e+00  2.68000949e+00  2.70886956e+00 
 2.98864000e-09  1.79286836e+00  1.80713164e+00  2.68047690e+00  2.70839810e+00 
 2.98914000e-09  1.79318175e+00  1.80681825e+00  2.68094447e+00  2.70792650e+00 
 2.98964000e-09  1.79349522e+00  1.80650478e+00  2.68141219e+00  2.70745477e+00 
 2.99014000e-09  1.79380874e+00  1.80619126e+00  2.68188005e+00  2.70698290e+00 
 2.99064000e-09  1.79412233e+00  1.80587767e+00  2.68234805e+00  2.70651092e+00 
 2.99114000e-09  1.79443597e+00  1.80556403e+00  2.68281619e+00  2.70603881e+00 
 2.99164000e-09  1.79474967e+00  1.80525033e+00  2.68328446e+00  2.70556659e+00 
 2.99214000e-09  1.79506342e+00  1.80493658e+00  2.68375286e+00  2.70509426e+00 
 2.99264000e-09  1.79537722e+00  1.80462278e+00  2.68422137e+00  2.70462183e+00 
 2.99314000e-09  1.79569107e+00  1.80430893e+00  2.68469000e+00  2.70414930e+00 
 2.99364000e-09  1.79600496e+00  1.80399504e+00  2.68515874e+00  2.70367667e+00 
 2.99414000e-09  1.79631889e+00  1.80368111e+00  2.68562759e+00  2.70320396e+00 
 2.99464000e-09  1.79663285e+00  1.80336715e+00  2.68609655e+00  2.70273117e+00 
 2.99514000e-09  1.79694685e+00  1.80305315e+00  2.68656560e+00  2.70225830e+00 
 2.99564000e-09  1.79726087e+00  1.80273913e+00  2.68703474e+00  2.70178535e+00 
 2.99614000e-09  1.79757493e+00  1.80242507e+00  2.68750397e+00  2.70131234e+00 
 2.99664000e-09  1.79788901e+00  1.80211099e+00  2.68797328e+00  2.70083927e+00 
 2.99714000e-09  1.79820311e+00  1.80179689e+00  2.68844267e+00  2.70036614e+00 
 2.99764000e-09  1.79851722e+00  1.80148278e+00  2.68891214e+00  2.69989296e+00 
 2.99814000e-09  1.79883135e+00  1.80116865e+00  2.68938167e+00  2.69941973e+00 
 2.99864000e-09  1.79914550e+00  1.80085450e+00  2.68985127e+00  2.69894647e+00 
 2.99914000e-09  1.79945965e+00  1.80054035e+00  2.69032093e+00  2.69847316e+00 
 2.99964000e-09  1.79977381e+00  1.80022619e+00  2.69079065e+00  2.69799983e+00 
 3.00014000e-09  1.80008796e+00  1.79991204e+00  2.69126041e+00  2.69752647e+00 
 3.00064000e-09  1.80040212e+00  1.79959788e+00  2.69173022e+00  2.69705310e+00 
 3.00114000e-09  1.80071628e+00  1.79928372e+00  2.69220008e+00  2.69657970e+00 
 3.00164000e-09  1.80103042e+00  1.79896958e+00  2.69266997e+00  2.69610630e+00 
 3.00214000e-09  1.80134456e+00  1.79865544e+00  2.69313989e+00  2.69563290e+00 
 3.00264000e-09  1.80165868e+00  1.79834132e+00  2.69360983e+00  2.69515949e+00 
 3.00314000e-09  1.80197279e+00  1.79802721e+00  2.69407980e+00  2.69468610e+00 
 3.00364000e-09  1.80228688e+00  1.79771312e+00  2.69454979e+00  2.69421271e+00 
 3.00414000e-09  1.80260095e+00  1.79739905e+00  2.69501979e+00  2.69373934e+00 
 3.00464000e-09  1.80291499e+00  1.79708501e+00  2.69548980e+00  2.69326599e+00 
 3.00514000e-09  1.80322900e+00  1.79677100e+00  2.69595981e+00  2.69279267e+00 
 3.00564000e-09  1.80354297e+00  1.79645703e+00  2.69642982e+00  2.69231939e+00 
 3.00614000e-09  1.80385692e+00  1.79614308e+00  2.69689983e+00  2.69184614e+00 
 3.00664000e-09  1.80417082e+00  1.79582918e+00  2.69736982e+00  2.69137294e+00 
 3.00714000e-09  1.80448469e+00  1.79551531e+00  2.69783980e+00  2.69089978e+00 
 3.00764000e-09  1.80479851e+00  1.79520149e+00  2.69830977e+00  2.69042668e+00 
 3.00814000e-09  1.80511228e+00  1.79488772e+00  2.69877970e+00  2.68995364e+00 
 3.00864000e-09  1.80542601e+00  1.79457399e+00  2.69924961e+00  2.68948066e+00 
 3.00914000e-09  1.80573968e+00  1.79426032e+00  2.69971948e+00  2.68900775e+00 
 3.00964000e-09  1.80605329e+00  1.79394671e+00  2.70018932e+00  2.68853492e+00 
 3.01014000e-09  1.80636684e+00  1.79363316e+00  2.70065911e+00  2.68806217e+00 
 3.01064000e-09  1.80668033e+00  1.79331967e+00  2.70112885e+00  2.68758950e+00 
 3.01114000e-09  1.80699375e+00  1.79300625e+00  2.70159854e+00  2.68711693e+00 
 3.01164000e-09  1.80730711e+00  1.79269289e+00  2.70206818e+00  2.68664445e+00 
 3.01214000e-09  1.80762039e+00  1.79237961e+00  2.70253775e+00  2.68617207e+00 
 3.01264000e-09  1.80793360e+00  1.79206640e+00  2.70300726e+00  2.68569980e+00 
 3.01314000e-09  1.80824673e+00  1.79175327e+00  2.70347669e+00  2.68522764e+00 
 3.01364000e-09  1.80855978e+00  1.79144022e+00  2.70394605e+00  2.68475560e+00 
 3.01414000e-09  1.80887274e+00  1.79112726e+00  2.70441533e+00  2.68428368e+00 
 3.01464000e-09  1.80918562e+00  1.79081438e+00  2.70488452e+00  2.68381189e+00 
 3.01514000e-09  1.80949840e+00  1.79050160e+00  2.70535363e+00  2.68334023e+00 
 3.01564000e-09  1.80981109e+00  1.79018891e+00  2.70582264e+00  2.68286871e+00 
 3.01614000e-09  1.81012369e+00  1.78987631e+00  2.70629155e+00  2.68239734e+00 
 3.01664000e-09  1.81043618e+00  1.78956382e+00  2.70676035e+00  2.68192611e+00 
 3.01714000e-09  1.81074857e+00  1.78925143e+00  2.70722905e+00  2.68145504e+00 
 3.01764000e-09  1.81106086e+00  1.78893914e+00  2.70769763e+00  2.68098412e+00 
 3.01814000e-09  1.81137304e+00  1.78862696e+00  2.70816610e+00  2.68051337e+00 
 3.01864000e-09  1.81168510e+00  1.78831490e+00  2.70863444e+00  2.68004279e+00 
 3.01914000e-09  1.81199705e+00  1.78800295e+00  2.70910265e+00  2.67957239e+00 
 3.01964000e-09  1.81230888e+00  1.78769112e+00  2.70957073e+00  2.67910216e+00 
 3.02014000e-09  1.81262059e+00  1.78737941e+00  2.71003868e+00  2.67863212e+00 
 3.02064000e-09  1.81293217e+00  1.78706783e+00  2.71050648e+00  2.67816227e+00 
 3.02114000e-09  1.81324363e+00  1.78675637e+00  2.71097414e+00  2.67769261e+00 
 3.02164000e-09  1.81355496e+00  1.78644504e+00  2.71144164e+00  2.67722315e+00 
 3.02214000e-09  1.81386615e+00  1.78613385e+00  2.71190899e+00  2.67675390e+00 
 3.02264000e-09  1.81417720e+00  1.78582280e+00  2.71237617e+00  2.67628486e+00 
 3.02314000e-09  1.81448812e+00  1.78551188e+00  2.71284319e+00  2.67581604e+00 
 3.02364000e-09  1.81479889e+00  1.78520111e+00  2.71331004e+00  2.67534743e+00 
 3.02414000e-09  1.81510952e+00  1.78489048e+00  2.71377672e+00  2.67487905e+00 
 3.02464000e-09  1.81542000e+00  1.78458000e+00  2.71424321e+00  2.67441090e+00 
 3.02514000e-09  1.81573032e+00  1.78426968e+00  2.71470952e+00  2.67394299e+00 
 3.02564000e-09  1.81604049e+00  1.78395951e+00  2.71517564e+00  2.67347532e+00 
 3.02614000e-09  1.81635050e+00  1.78364950e+00  2.71564156e+00  2.67300789e+00 
 3.02664000e-09  1.81666035e+00  1.78333965e+00  2.71610728e+00  2.67254071e+00 
 3.02714000e-09  1.81697004e+00  1.78302996e+00  2.71657280e+00  2.67207379e+00 
 3.02764000e-09  1.81727956e+00  1.78272044e+00  2.71703811e+00  2.67160712e+00 
 3.02814000e-09  1.81758891e+00  1.78241109e+00  2.71750320e+00  2.67114073e+00 
 3.02864000e-09  1.81789808e+00  1.78210192e+00  2.71796807e+00  2.67067460e+00 
 3.02914000e-09  1.81820708e+00  1.78179292e+00  2.71843272e+00  2.67020874e+00 
 3.02964000e-09  1.81851590e+00  1.78148410e+00  2.71889714e+00  2.66974317e+00 
 3.03014000e-09  1.81882453e+00  1.78117547e+00  2.71936132e+00  2.66927788e+00 
 3.03064000e-09  1.81913298e+00  1.78086702e+00  2.71982527e+00  2.66881288e+00 
 3.03114000e-09  1.81944124e+00  1.78055876e+00  2.72028897e+00  2.66834817e+00 
 3.03164000e-09  1.81974931e+00  1.78025069e+00  2.72075242e+00  2.66788376e+00 
 3.03214000e-09  1.82005718e+00  1.77994282e+00  2.72121561e+00  2.66741965e+00 
 3.03264000e-09  1.82036486e+00  1.77963514e+00  2.72167855e+00  2.66695586e+00 
 3.03314000e-09  1.82067233e+00  1.77932767e+00  2.72214122e+00  2.66649237e+00 
 3.03364000e-09  1.82097960e+00  1.77902040e+00  2.72260362e+00  2.66602920e+00 
 3.03414000e-09  1.82128667e+00  1.77871333e+00  2.72306575e+00  2.66556635e+00 
 3.03464000e-09  1.82159352e+00  1.77840648e+00  2.72352759e+00  2.66510383e+00 
 3.03514000e-09  1.82190016e+00  1.77809984e+00  2.72398915e+00  2.66464164e+00 
 3.03564000e-09  1.82220659e+00  1.77779341e+00  2.72445042e+00  2.66417978e+00 
 3.03614000e-09  1.82251279e+00  1.77748721e+00  2.72491140e+00  2.66371826e+00 
 3.03664000e-09  1.82281877e+00  1.77718123e+00  2.72537207e+00  2.66325709e+00 
 3.03714000e-09  1.82312453e+00  1.77687547e+00  2.72583244e+00  2.66279627e+00 
 3.03764000e-09  1.82343006e+00  1.77656994e+00  2.72629250e+00  2.66233579e+00 
 3.03814000e-09  1.82373536e+00  1.77626464e+00  2.72675224e+00  2.66187568e+00 
 3.03864000e-09  1.82404042e+00  1.77595958e+00  2.72721166e+00  2.66141593e+00 
 3.03914000e-09  1.82434525e+00  1.77565475e+00  2.72767075e+00  2.66095654e+00 
 3.03964000e-09  1.82464984e+00  1.77535016e+00  2.72812951e+00  2.66049753e+00 
 3.04014000e-09  1.82495418e+00  1.77504582e+00  2.72858793e+00  2.66003888e+00 
 3.04064000e-09  1.82525828e+00  1.77474172e+00  2.72904601e+00  2.65958062e+00 
 3.04114000e-09  1.82556212e+00  1.77443788e+00  2.72950375e+00  2.65912274e+00 
 3.04164000e-09  1.82586572e+00  1.77413428e+00  2.72996113e+00  2.65866525e+00 
 3.04214000e-09  1.82616906e+00  1.77383094e+00  2.73041815e+00  2.65820816e+00 
 3.04264000e-09  1.82647214e+00  1.77352786e+00  2.73087481e+00  2.65775145e+00 
 3.04314000e-09  1.82677496e+00  1.77322504e+00  2.73133110e+00  2.65729515e+00 
 3.04364000e-09  1.82707752e+00  1.77292248e+00  2.73178702e+00  2.65683925e+00 
 3.04414000e-09  1.82737981e+00  1.77262019e+00  2.73224256e+00  2.65638377e+00 
 3.04464000e-09  1.82768183e+00  1.77231817e+00  2.73269771e+00  2.65592869e+00 
 3.04514000e-09  1.82798357e+00  1.77201643e+00  2.73315248e+00  2.65547403e+00 
 3.04564000e-09  1.82828504e+00  1.77171496e+00  2.73360685e+00  2.65501980e+00 
 3.04614000e-09  1.82858623e+00  1.77141377e+00  2.73406082e+00  2.65456598e+00 
 3.04664000e-09  1.82888714e+00  1.77111286e+00  2.73451438e+00  2.65411260e+00 
 3.04714000e-09  1.82918776e+00  1.77081224e+00  2.73496753e+00  2.65365966e+00 
 3.04764000e-09  1.82948810e+00  1.77051190e+00  2.73542027e+00  2.65320715e+00 
 3.04814000e-09  1.82978814e+00  1.77021186e+00  2.73587259e+00  2.65275508e+00 
 3.04864000e-09  1.83008789e+00  1.76991211e+00  2.73632448e+00  2.65230346e+00 
 3.04914000e-09  1.83038734e+00  1.76961266e+00  2.73677594e+00  2.65185229e+00 
 3.04964000e-09  1.83068650e+00  1.76931350e+00  2.73722696e+00  2.65140157e+00 
 3.05014000e-09  1.83098535e+00  1.76901465e+00  2.73767754e+00  2.65095131e+00 
 3.05064000e-09  1.83128389e+00  1.76871611e+00  2.73812768e+00  2.65050152e+00 
 3.05114000e-09  1.83158213e+00  1.76841787e+00  2.73857736e+00  2.65005219e+00 
 3.05164000e-09  1.83188005e+00  1.76811995e+00  2.73902658e+00  2.64960333e+00 
 3.05214000e-09  1.83217766e+00  1.76782234e+00  2.73947535e+00  2.64915495e+00 
 3.05264000e-09  1.83247495e+00  1.76752505e+00  2.73992364e+00  2.64870705e+00 
 3.05314000e-09  1.83277192e+00  1.76722808e+00  2.74037146e+00  2.64825963e+00 
 3.05364000e-09  1.83306857e+00  1.76693143e+00  2.74081881e+00  2.64781269e+00 
 3.05414000e-09  1.83336489e+00  1.76663511e+00  2.74126567e+00  2.64736625e+00 
 3.05464000e-09  1.83366088e+00  1.76633912e+00  2.74171204e+00  2.64692030e+00 
 3.05514000e-09  1.83395654e+00  1.76604346e+00  2.74215792e+00  2.64647486e+00 
 3.05564000e-09  1.83425187e+00  1.76574813e+00  2.74260330e+00  2.64602991e+00 
 3.05614000e-09  1.83454685e+00  1.76545315e+00  2.74304818e+00  2.64558548e+00 
 3.05664000e-09  1.83484150e+00  1.76515850e+00  2.74349255e+00  2.64514156e+00 
 3.05714000e-09  1.83513580e+00  1.76486420e+00  2.74393641e+00  2.64469815e+00 
 3.05764000e-09  1.83542976e+00  1.76457024e+00  2.74437975e+00  2.64425526e+00 
 3.05814000e-09  1.83572336e+00  1.76427664e+00  2.74482257e+00  2.64381290e+00 
 3.05864000e-09  1.83601661e+00  1.76398339e+00  2.74526486e+00  2.64337106e+00 
 3.05914000e-09  1.83630951e+00  1.76369049e+00  2.74570661e+00  2.64292976e+00 
 3.05964000e-09  1.83660205e+00  1.76339795e+00  2.74614783e+00  2.64248900e+00 
 3.06014000e-09  1.83689423e+00  1.76310577e+00  2.74658851e+00  2.64204877e+00 
 3.06064000e-09  1.83718604e+00  1.76281396e+00  2.74702864e+00  2.64160909e+00 
 3.06114000e-09  1.83747749e+00  1.76252251e+00  2.74746821e+00  2.64116996e+00 
 3.06164000e-09  1.83776857e+00  1.76223143e+00  2.74790724e+00  2.64073139e+00 
 3.06214000e-09  1.83805927e+00  1.76194073e+00  2.74834569e+00  2.64029337e+00 
 3.06264000e-09  1.83834960e+00  1.76165040e+00  2.74878359e+00  2.63985591e+00 
 3.06314000e-09  1.83863955e+00  1.76136045e+00  2.74922091e+00  2.63941902e+00 
 3.06364000e-09  1.83892912e+00  1.76107088e+00  2.74965766e+00  2.63898270e+00 
 3.06414000e-09  1.83921830e+00  1.76078170e+00  2.75009382e+00  2.63854696e+00 
 3.06464000e-09  1.83950710e+00  1.76049290e+00  2.75052940e+00  2.63811179e+00 
 3.06514000e-09  1.83979550e+00  1.76020450e+00  2.75096440e+00  2.63767721e+00 
 3.06564000e-09  1.84008352e+00  1.75991648e+00  2.75139879e+00  2.63724321e+00 
 3.06614000e-09  1.84037114e+00  1.75962886e+00  2.75183259e+00  2.63680981e+00 
 3.06664000e-09  1.84065836e+00  1.75934164e+00  2.75226579e+00  2.63637700e+00 
 3.06714000e-09  1.84094518e+00  1.75905482e+00  2.75269838e+00  2.63594479e+00 
 3.06764000e-09  1.84123159e+00  1.75876841e+00  2.75313035e+00  2.63551319e+00 
 3.06814000e-09  1.84151760e+00  1.75848240e+00  2.75356171e+00  2.63508219e+00 
 3.06864000e-09  1.84180320e+00  1.75819680e+00  2.75399245e+00  2.63465181e+00 
 3.06914000e-09  1.84208838e+00  1.75791162e+00  2.75442256e+00  2.63422205e+00 
 3.06964000e-09  1.84237315e+00  1.75762685e+00  2.75485205e+00  2.63379290e+00 
 3.07014000e-09  1.84265751e+00  1.75734249e+00  2.75528090e+00  2.63336439e+00 
 3.07064000e-09  1.84294144e+00  1.75705856e+00  2.75570911e+00  2.63293650e+00 
 3.07114000e-09  1.84322494e+00  1.75677506e+00  2.75613667e+00  2.63250925e+00 
 3.07164000e-09  1.84350802e+00  1.75649198e+00  2.75656359e+00  2.63208263e+00 
 3.07214000e-09  1.84379068e+00  1.75620932e+00  2.75698986e+00  2.63165666e+00 
 3.07264000e-09  1.84407289e+00  1.75592711e+00  2.75741548e+00  2.63123134e+00 
 3.07314000e-09  1.84435468e+00  1.75564532e+00  2.75784043e+00  2.63080667e+00 
 3.07364000e-09  1.84463602e+00  1.75536398e+00  2.75826472e+00  2.63038265e+00 
 3.07414000e-09  1.84491693e+00  1.75508307e+00  2.75868834e+00  2.62995930e+00 
 3.07464000e-09  1.84519739e+00  1.75480261e+00  2.75911128e+00  2.62953661e+00 
 3.07514000e-09  1.84547741e+00  1.75452259e+00  2.75953355e+00  2.62911459e+00 
 3.07564000e-09  1.84575698e+00  1.75424302e+00  2.75995514e+00  2.62869324e+00 
 3.07614000e-09  1.84603609e+00  1.75396391e+00  2.76037604e+00  2.62827257e+00 
 3.07664000e-09  1.84631475e+00  1.75368525e+00  2.76079626e+00  2.62785258e+00 
 3.07714000e-09  1.84659296e+00  1.75340704e+00  2.76121577e+00  2.62743328e+00 
 3.07764000e-09  1.84687070e+00  1.75312930e+00  2.76163460e+00  2.62701467e+00 
 3.07814000e-09  1.84714799e+00  1.75285201e+00  2.76205272e+00  2.62659675e+00 
 3.07864000e-09  1.84742480e+00  1.75257520e+00  2.76247013e+00  2.62617953e+00 
 3.07914000e-09  1.84770115e+00  1.75229885e+00  2.76288683e+00  2.62576302e+00 
 3.07964000e-09  1.84797703e+00  1.75202297e+00  2.76330282e+00  2.62534721e+00 
 3.08014000e-09  1.84825243e+00  1.75174757e+00  2.76371810e+00  2.62493212e+00 
 3.08064000e-09  1.84852736e+00  1.75147264e+00  2.76413264e+00  2.62451774e+00 
 3.08114000e-09  1.84880181e+00  1.75119819e+00  2.76454647e+00  2.62410408e+00 
 3.08164000e-09  1.84907578e+00  1.75092422e+00  2.76495956e+00  2.62369115e+00 
 3.08214000e-09  1.84934926e+00  1.75065074e+00  2.76537192e+00  2.62327895e+00 
 3.08264000e-09  1.84962226e+00  1.75037774e+00  2.76578354e+00  2.62286748e+00 
 3.08314000e-09  1.84989476e+00  1.75010524e+00  2.76619442e+00  2.62245674e+00 
 3.08364000e-09  1.85016678e+00  1.74983322e+00  2.76660455e+00  2.62204675e+00 
 3.08414000e-09  1.85043830e+00  1.74956170e+00  2.76701393e+00  2.62163751e+00 
 3.08464000e-09  1.85070932e+00  1.74929068e+00  2.76742256e+00  2.62122901e+00 
 3.08514000e-09  1.85097984e+00  1.74902016e+00  2.76783043e+00  2.62082127e+00 
 3.08564000e-09  1.85124985e+00  1.74875015e+00  2.76823754e+00  2.62041429e+00 
 3.08614000e-09  1.85151937e+00  1.74848063e+00  2.76864388e+00  2.62000807e+00 
 3.08664000e-09  1.85178837e+00  1.74821163e+00  2.76904945e+00  2.61960262e+00 
 3.08714000e-09  1.85205686e+00  1.74794314e+00  2.76945425e+00  2.61919794e+00 
 3.08764000e-09  1.85232484e+00  1.74767516e+00  2.76985827e+00  2.61879403e+00 
 3.08814000e-09  1.85259230e+00  1.74740770e+00  2.77026151e+00  2.61839091e+00 
 3.08864000e-09  1.85285924e+00  1.74714076e+00  2.77066397e+00  2.61798857e+00 
 3.08914000e-09  1.85312566e+00  1.74687434e+00  2.77106563e+00  2.61758701e+00 
 3.08964000e-09  1.85339156e+00  1.74660844e+00  2.77146651e+00  2.61718625e+00 
 3.09014000e-09  1.85365693e+00  1.74634307e+00  2.77186658e+00  2.61678628e+00 
 3.09064000e-09  1.85392177e+00  1.74607823e+00  2.77226586e+00  2.61638711e+00 
 3.09114000e-09  1.85418608e+00  1.74581392e+00  2.77266433e+00  2.61598875e+00 
 3.09164000e-09  1.85444985e+00  1.74555015e+00  2.77306200e+00  2.61559119e+00 
 3.09214000e-09  1.85471309e+00  1.74528691e+00  2.77345885e+00  2.61519445e+00 
 3.09264000e-09  1.85497578e+00  1.74502422e+00  2.77385489e+00  2.61479853e+00 
 3.09314000e-09  1.85523794e+00  1.74476206e+00  2.77425010e+00  2.61440342e+00 
 3.09364000e-09  1.85549954e+00  1.74450046e+00  2.77464450e+00  2.61400914e+00 
 3.09414000e-09  1.85576060e+00  1.74423940e+00  2.77503807e+00  2.61361568e+00 
 3.09464000e-09  1.85602111e+00  1.74397889e+00  2.77543080e+00  2.61322306e+00 
 3.09514000e-09  1.85628107e+00  1.74371893e+00  2.77582270e+00  2.61283128e+00 
 3.09564000e-09  1.85654047e+00  1.74345953e+00  2.77621377e+00  2.61244033e+00 
 3.09614000e-09  1.85679931e+00  1.74320069e+00  2.77660399e+00  2.61205023e+00 
 3.09664000e-09  1.85705760e+00  1.74294240e+00  2.77699337e+00  2.61166098e+00 
 3.09714000e-09  1.85731532e+00  1.74268468e+00  2.77738190e+00  2.61127258e+00 
 3.09764000e-09  1.85757247e+00  1.74242753e+00  2.77776957e+00  2.61088503e+00 
 3.09814000e-09  1.85782906e+00  1.74217094e+00  2.77815639e+00  2.61049835e+00 
 3.09864000e-09  1.85808507e+00  1.74191493e+00  2.77854235e+00  2.61011253e+00 
 3.09914000e-09  1.85834051e+00  1.74165949e+00  2.77892745e+00  2.60972758e+00 
 3.09964000e-09  1.85859538e+00  1.74140462e+00  2.77931168e+00  2.60934350e+00 
 3.10014000e-09  1.85884967e+00  1.74115033e+00  2.77969504e+00  2.60896029e+00 
 3.10064000e-09  1.85910337e+00  1.74089663e+00  2.78007752e+00  2.60857796e+00 
 3.10114000e-09  1.85935650e+00  1.74064350e+00  2.78045913e+00  2.60819652e+00 
 3.10164000e-09  1.85960904e+00  1.74039096e+00  2.78083985e+00  2.60781597e+00 
 3.10214000e-09  1.85986098e+00  1.74013902e+00  2.78121969e+00  2.60743630e+00 
 3.10264000e-09  1.86011234e+00  1.73988766e+00  2.78159864e+00  2.60705753e+00 
 3.10314000e-09  1.86036311e+00  1.73963689e+00  2.78197670e+00  2.60667966e+00 
 3.10364000e-09  1.86061328e+00  1.73938672e+00  2.78235387e+00  2.60630269e+00 
 3.10414000e-09  1.86086285e+00  1.73913715e+00  2.78273013e+00  2.60592663e+00 
 3.10464000e-09  1.86111182e+00  1.73888818e+00  2.78310549e+00  2.60555148e+00 
 3.10514000e-09  1.86136019e+00  1.73863981e+00  2.78347995e+00  2.60517724e+00 
 3.10564000e-09  1.86160795e+00  1.73839205e+00  2.78385349e+00  2.60480392e+00 
 3.10614000e-09  1.86185510e+00  1.73814490e+00  2.78422613e+00  2.60443152e+00 
 3.10664000e-09  1.86210165e+00  1.73789835e+00  2.78459784e+00  2.60406005e+00 
 3.10714000e-09  1.86234758e+00  1.73765242e+00  2.78496864e+00  2.60368950e+00 
 3.10764000e-09  1.86259289e+00  1.73740711e+00  2.78533851e+00  2.60331989e+00 
 3.10814000e-09  1.86283759e+00  1.73716241e+00  2.78570746e+00  2.60295121e+00 
 3.10864000e-09  1.86308167e+00  1.73691833e+00  2.78607548e+00  2.60258347e+00 
 3.10914000e-09  1.86332512e+00  1.73667488e+00  2.78644256e+00  2.60221668e+00 
 3.10964000e-09  1.86356795e+00  1.73643205e+00  2.78680871e+00  2.60185083e+00 
 3.11014000e-09  1.86381015e+00  1.73618985e+00  2.78717392e+00  2.60148594e+00 
 3.11064000e-09  1.86405172e+00  1.73594828e+00  2.78753818e+00  2.60112200e+00 
 3.11114000e-09  1.86429266e+00  1.73570734e+00  2.78790150e+00  2.60075902e+00 
 3.11164000e-09  1.86453297e+00  1.73546703e+00  2.78826386e+00  2.60039700e+00 
 3.11214000e-09  1.86477264e+00  1.73522736e+00  2.78862528e+00  2.60003594e+00 
 3.11264000e-09  1.86501167e+00  1.73498833e+00  2.78898574e+00  2.59967585e+00 
 3.11314000e-09  1.86525006e+00  1.73474994e+00  2.78934523e+00  2.59931674e+00 
 3.11364000e-09  1.86548780e+00  1.73451220e+00  2.78970377e+00  2.59895860e+00 
 3.11414000e-09  1.86572490e+00  1.73427510e+00  2.79006134e+00  2.59860145e+00 
 3.11464000e-09  1.86596135e+00  1.73403865e+00  2.79041794e+00  2.59824528e+00 
 3.11514000e-09  1.86619714e+00  1.73380286e+00  2.79077357e+00  2.59789009e+00 
 3.11564000e-09  1.86643229e+00  1.73356771e+00  2.79112822e+00  2.59753589e+00 
 3.11614000e-09  1.86666678e+00  1.73333322e+00  2.79148189e+00  2.59718269e+00 
 3.11664000e-09  1.86690061e+00  1.73309939e+00  2.79183458e+00  2.59683049e+00 
 3.11714000e-09  1.86713378e+00  1.73286622e+00  2.79218629e+00  2.59647929e+00 
 3.11764000e-09  1.86736629e+00  1.73263371e+00  2.79253701e+00  2.59612909e+00 
 3.11814000e-09  1.86759813e+00  1.73240187e+00  2.79288673e+00  2.59577990e+00 
 3.11864000e-09  1.86782931e+00  1.73217069e+00  2.79323546e+00  2.59543172e+00 
 3.11914000e-09  1.86805981e+00  1.73194019e+00  2.79358320e+00  2.59508456e+00 
 3.11964000e-09  1.86828965e+00  1.73171035e+00  2.79392993e+00  2.59473842e+00 
 3.12014000e-09  1.86851881e+00  1.73148119e+00  2.79427567e+00  2.59439330e+00 
 3.12064000e-09  1.86874729e+00  1.73125271e+00  2.79462039e+00  2.59404921e+00 
 3.12114000e-09  1.86897510e+00  1.73102490e+00  2.79496411e+00  2.59370614e+00 
 3.12164000e-09  1.86920222e+00  1.73079778e+00  2.79530681e+00  2.59336411e+00 
 3.12214000e-09  1.86942867e+00  1.73057133e+00  2.79564850e+00  2.59302311e+00 
 3.12264000e-09  1.86965442e+00  1.73034558e+00  2.79598917e+00  2.59268316e+00 
 3.12314000e-09  1.86987949e+00  1.73012051e+00  2.79632882e+00  2.59234424e+00 
 3.12364000e-09  1.87010387e+00  1.72989613e+00  2.79666744e+00  2.59200638e+00 
 3.12414000e-09  1.87032756e+00  1.72967244e+00  2.79700504e+00  2.59166956e+00 
 3.12464000e-09  1.87055055e+00  1.72944945e+00  2.79734161e+00  2.59133380e+00 
 3.12514000e-09  1.87077285e+00  1.72922715e+00  2.79767715e+00  2.59099909e+00 
 3.12564000e-09  1.87099445e+00  1.72900555e+00  2.79801165e+00  2.59066545e+00 
 3.12614000e-09  1.87121535e+00  1.72878465e+00  2.79834511e+00  2.59033286e+00 
 3.12664000e-09  1.87143554e+00  1.72856446e+00  2.79867753e+00  2.59000135e+00 
 3.12714000e-09  1.87165503e+00  1.72834497e+00  2.79900891e+00  2.58967090e+00 
 3.12764000e-09  1.87187382e+00  1.72812618e+00  2.79933924e+00  2.58934153e+00 
 3.12814000e-09  1.87209189e+00  1.72790811e+00  2.79966852e+00  2.58901324e+00 
 3.12864000e-09  1.87230925e+00  1.72769075e+00  2.79999675e+00  2.58868602e+00 
 3.12914000e-09  1.87252590e+00  1.72747410e+00  2.80032393e+00  2.58835989e+00 
 3.12964000e-09  1.87274184e+00  1.72725816e+00  2.80065005e+00  2.58803485e+00 
 3.13014000e-09  1.87295705e+00  1.72704295e+00  2.80097510e+00  2.58771090e+00 
 3.13064000e-09  1.87317155e+00  1.72682845e+00  2.80129910e+00  2.58738804e+00 
 3.13114000e-09  1.87338532e+00  1.72661468e+00  2.80162203e+00  2.58706628e+00 
 3.13164000e-09  1.87359837e+00  1.72640163e+00  2.80194389e+00  2.58674561e+00 
 3.13214000e-09  1.87381069e+00  1.72618931e+00  2.80226468e+00  2.58642606e+00 
 3.13264000e-09  1.87402228e+00  1.72597772e+00  2.80258440e+00  2.58610760e+00 
 3.13314000e-09  1.87423315e+00  1.72576685e+00  2.80290304e+00  2.58579026e+00 
 3.13364000e-09  1.87444328e+00  1.72555672e+00  2.80322061e+00  2.58547404e+00 
 3.13414000e-09  1.87465267e+00  1.72534733e+00  2.80353709e+00  2.58515892e+00 
 3.13464000e-09  1.87486133e+00  1.72513867e+00  2.80385249e+00  2.58484493e+00 
 3.13514000e-09  1.87506925e+00  1.72493075e+00  2.80416681e+00  2.58453206e+00 
 3.13564000e-09  1.87527643e+00  1.72472357e+00  2.80448003e+00  2.58422032e+00 
 3.13614000e-09  1.87548287e+00  1.72451713e+00  2.80479217e+00  2.58390971e+00 
 3.13664000e-09  1.87568856e+00  1.72431144e+00  2.80510321e+00  2.58360023e+00 
 3.13714000e-09  1.87589350e+00  1.72410650e+00  2.80541316e+00  2.58329188e+00 
 3.13764000e-09  1.87609770e+00  1.72390230e+00  2.80572200e+00  2.58298468e+00 
 3.13814000e-09  1.87630114e+00  1.72369886e+00  2.80602975e+00  2.58267861e+00 
 3.13864000e-09  1.87650383e+00  1.72349617e+00  2.80633639e+00  2.58237369e+00 
 3.13914000e-09  1.87670577e+00  1.72329423e+00  2.80664193e+00  2.58206992e+00 
 3.13964000e-09  1.87690695e+00  1.72309305e+00  2.80694636e+00  2.58176730e+00 
 3.14014000e-09  1.87710737e+00  1.72289263e+00  2.80724968e+00  2.58146584e+00 
 3.14064000e-09  1.87730702e+00  1.72269298e+00  2.80755188e+00  2.58116553e+00 
 3.14114000e-09  1.87750592e+00  1.72249408e+00  2.80785297e+00  2.58086638e+00 
 3.14164000e-09  1.87770405e+00  1.72229595e+00  2.80815295e+00  2.58056840e+00 
 3.14214000e-09  1.87790141e+00  1.72209859e+00  2.80845180e+00  2.58027158e+00 
 3.14264000e-09  1.87809801e+00  1.72190199e+00  2.80874953e+00  2.57997593e+00 
 3.14314000e-09  1.87829383e+00  1.72170617e+00  2.80904613e+00  2.57968146e+00 
 3.14364000e-09  1.87848889e+00  1.72151111e+00  2.80934161e+00  2.57938816e+00 
 3.14414000e-09  1.87868316e+00  1.72131684e+00  2.80963596e+00  2.57909604e+00 
 3.14464000e-09  1.87887666e+00  1.72112334e+00  2.80992917e+00  2.57880509e+00 
 3.14514000e-09  1.87906938e+00  1.72093062e+00  2.81022125e+00  2.57851534e+00 
 3.14564000e-09  1.87926133e+00  1.72073867e+00  2.81051220e+00  2.57822676e+00 
 3.14614000e-09  1.87945249e+00  1.72054751e+00  2.81080200e+00  2.57793938e+00 
 3.14664000e-09  1.87964286e+00  1.72035714e+00  2.81109066e+00  2.57765319e+00 
 3.14714000e-09  1.87983245e+00  1.72016755e+00  2.81137818e+00  2.57736820e+00 
 3.14764000e-09  1.88002125e+00  1.71997875e+00  2.81166455e+00  2.57708440e+00 
 3.14814000e-09  1.88020926e+00  1.71979074e+00  2.81194978e+00  2.57680180e+00 
 3.14864000e-09  1.88039648e+00  1.71960352e+00  2.81223385e+00  2.57652041e+00 
 3.14914000e-09  1.88058291e+00  1.71941709e+00  2.81251677e+00  2.57624022e+00 
 3.14964000e-09  1.88076854e+00  1.71923146e+00  2.81279853e+00  2.57596124e+00 
 3.15014000e-09  1.88095337e+00  1.71904663e+00  2.81307913e+00  2.57568347e+00 
 3.15064000e-09  1.88113741e+00  1.71886259e+00  2.81335857e+00  2.57540691e+00 
 3.15114000e-09  1.88132064e+00  1.71867936e+00  2.81363685e+00  2.57513157e+00 
 3.15164000e-09  1.88150307e+00  1.71849693e+00  2.81391396e+00  2.57485745e+00 
 3.15214000e-09  1.88168470e+00  1.71831530e+00  2.81418990e+00  2.57458455e+00 
 3.15264000e-09  1.88186552e+00  1.71813448e+00  2.81446467e+00  2.57431287e+00 
 3.15314000e-09  1.88204553e+00  1.71795447e+00  2.81473827e+00  2.57404241e+00 
 3.15364000e-09  1.88222474e+00  1.71777526e+00  2.81501069e+00  2.57377318e+00 
 3.15414000e-09  1.88240313e+00  1.71759687e+00  2.81528194e+00  2.57350518e+00 
 3.15464000e-09  1.88258071e+00  1.71741929e+00  2.81555200e+00  2.57323842e+00 
 3.15514000e-09  1.88275747e+00  1.71724253e+00  2.81582087e+00  2.57297288e+00 
 3.15564000e-09  1.88293342e+00  1.71706658e+00  2.81608857e+00  2.57270858e+00 
 3.15614000e-09  1.88310854e+00  1.71689146e+00  2.81635507e+00  2.57244552e+00 
 3.15664000e-09  1.88328285e+00  1.71671715e+00  2.81662038e+00  2.57218370e+00 
 3.15714000e-09  1.88345634e+00  1.71654366e+00  2.81688449e+00  2.57192313e+00 
 3.15764000e-09  1.88362900e+00  1.71637100e+00  2.81714741e+00  2.57166379e+00 
 3.15814000e-09  1.88380083e+00  1.71619917e+00  2.81740913e+00  2.57140570e+00 
 3.15864000e-09  1.88397184e+00  1.71602816e+00  2.81766965e+00  2.57114886e+00 
 3.15914000e-09  1.88414203e+00  1.71585797e+00  2.81792896e+00  2.57089327e+00 
 3.15964000e-09  1.88431138e+00  1.71568862e+00  2.81818707e+00  2.57063893e+00 
 3.16014000e-09  1.88447989e+00  1.71552011e+00  2.81844396e+00  2.57038584e+00 
 3.16064000e-09  1.88464758e+00  1.71535242e+00  2.81869964e+00  2.57013401e+00 
 3.16114000e-09  1.88481443e+00  1.71518557e+00  2.81895411e+00  2.56988343e+00 
 3.16164000e-09  1.88498044e+00  1.71501956e+00  2.81920736e+00  2.56963411e+00 
 3.16214000e-09  1.88514561e+00  1.71485439e+00  2.81945938e+00  2.56938605e+00 
 3.16264000e-09  1.88530994e+00  1.71469006e+00  2.81971019e+00  2.56913925e+00 
 3.16314000e-09  1.88547344e+00  1.71452656e+00  2.81995976e+00  2.56889371e+00 
 3.16364000e-09  1.88563608e+00  1.71436392e+00  2.82020811e+00  2.56864944e+00 
 3.16414000e-09  1.88579788e+00  1.71420212e+00  2.82045522e+00  2.56840643e+00 
 3.16464000e-09  1.88595884e+00  1.71404116e+00  2.82070110e+00  2.56816469e+00 
 3.16514000e-09  1.88611895e+00  1.71388105e+00  2.82094574e+00  2.56792422e+00 
 3.16564000e-09  1.88627820e+00  1.71372180e+00  2.82118914e+00  2.56768502e+00 
 3.16614000e-09  1.88643661e+00  1.71356339e+00  2.82143130e+00  2.56744708e+00 
 3.16664000e-09  1.88659416e+00  1.71340584e+00  2.82167221e+00  2.56721042e+00 
 3.16714000e-09  1.88675086e+00  1.71324914e+00  2.82191187e+00  2.56697504e+00 
 3.16764000e-09  1.88690670e+00  1.71309330e+00  2.82215028e+00  2.56674092e+00 
 3.16814000e-09  1.88706168e+00  1.71293832e+00  2.82238744e+00  2.56650809e+00 
 3.16864000e-09  1.88721581e+00  1.71278419e+00  2.82262334e+00  2.56627653e+00 
 3.16914000e-09  1.88736907e+00  1.71263093e+00  2.82285797e+00  2.56604624e+00 
 3.16964000e-09  1.88752147e+00  1.71247853e+00  2.82309135e+00  2.56581724e+00 
 3.17014000e-09  1.88767301e+00  1.71232699e+00  2.82332346e+00  2.56558952e+00 
 3.17064000e-09  1.88782368e+00  1.71217632e+00  2.82355430e+00  2.56536308e+00 
 3.17114000e-09  1.88797349e+00  1.71202651e+00  2.82378388e+00  2.56513792e+00 
 3.17164000e-09  1.88812243e+00  1.71187757e+00  2.82401217e+00  2.56491404e+00 
 3.17214000e-09  1.88827049e+00  1.71172951e+00  2.82423920e+00  2.56469145e+00 
 3.17264000e-09  1.88841769e+00  1.71158231e+00  2.82446494e+00  2.56447015e+00 
 3.17314000e-09  1.88856401e+00  1.71143599e+00  2.82468940e+00  2.56425013e+00 
 3.17364000e-09  1.88870946e+00  1.71129054e+00  2.82491258e+00  2.56403141e+00 
 3.17414000e-09  1.88885404e+00  1.71114596e+00  2.82513447e+00  2.56381397e+00 
 3.17464000e-09  1.88899773e+00  1.71100227e+00  2.82535508e+00  2.56359782e+00 
 3.17514000e-09  1.88914055e+00  1.71085945e+00  2.82557439e+00  2.56338296e+00 
 3.17564000e-09  1.88928249e+00  1.71071751e+00  2.82579241e+00  2.56316939e+00 
 3.17614000e-09  1.88942355e+00  1.71057645e+00  2.82600913e+00  2.56295712e+00 
 3.17664000e-09  1.88956372e+00  1.71043628e+00  2.82622455e+00  2.56274614e+00 
 3.17714000e-09  1.88970302e+00  1.71029698e+00  2.82643867e+00  2.56253646e+00 
 3.17764000e-09  1.88984142e+00  1.71015858e+00  2.82665149e+00  2.56232808e+00 
 3.17814000e-09  1.88997894e+00  1.71002106e+00  2.82686301e+00  2.56212099e+00 
 3.17864000e-09  1.89011557e+00  1.70988443e+00  2.82707321e+00  2.56191520e+00 
 3.17914000e-09  1.89025131e+00  1.70974869e+00  2.82728210e+00  2.56171071e+00 
 3.17964000e-09  1.89038616e+00  1.70961384e+00  2.82748969e+00  2.56150752e+00 
 3.18014000e-09  1.89052012e+00  1.70947988e+00  2.82769595e+00  2.56130564e+00 
 3.18064000e-09  1.89065319e+00  1.70934681e+00  2.82790090e+00  2.56110506e+00 
 3.18114000e-09  1.89078536e+00  1.70921464e+00  2.82810453e+00  2.56090578e+00 
 3.18164000e-09  1.89091663e+00  1.70908337e+00  2.82830684e+00  2.56070781e+00 
 3.18214000e-09  1.89104701e+00  1.70895299e+00  2.82850783e+00  2.56051114e+00 
 3.18264000e-09  1.89117649e+00  1.70882351e+00  2.82870749e+00  2.56031579e+00 
 3.18314000e-09  1.89130507e+00  1.70869493e+00  2.82890583e+00  2.56012174e+00 
 3.18364000e-09  1.89143275e+00  1.70856725e+00  2.82910283e+00  2.55992900e+00 
 3.18414000e-09  1.89155952e+00  1.70844048e+00  2.82929851e+00  2.55973758e+00 
 3.18464000e-09  1.89168540e+00  1.70831460e+00  2.82949285e+00  2.55954747e+00 
 3.18514000e-09  1.89181036e+00  1.70818964e+00  2.82968586e+00  2.55935867e+00 
 3.18564000e-09  1.89193442e+00  1.70806558e+00  2.82987753e+00  2.55917119e+00 
 3.18614000e-09  1.89205758e+00  1.70794242e+00  2.83006786e+00  2.55898502e+00 
 3.18664000e-09  1.89217982e+00  1.70782018e+00  2.83025686e+00  2.55880018e+00 
 3.18714000e-09  1.89230116e+00  1.70769884e+00  2.83044451e+00  2.55861665e+00 
 3.18764000e-09  1.89242158e+00  1.70757842e+00  2.83063082e+00  2.55843444e+00 
 3.18814000e-09  1.89254109e+00  1.70745891e+00  2.83081578e+00  2.55825355e+00 
 3.18864000e-09  1.89265969e+00  1.70734031e+00  2.83099940e+00  2.55807399e+00 
 3.18914000e-09  1.89277737e+00  1.70722263e+00  2.83118168e+00  2.55789575e+00 
 3.18964000e-09  1.89289414e+00  1.70710586e+00  2.83136260e+00  2.55771884e+00 
 3.19014000e-09  1.89300999e+00  1.70699001e+00  2.83154217e+00  2.55754326e+00 
 3.19064000e-09  1.89312493e+00  1.70687507e+00  2.83172039e+00  2.55736900e+00 
 3.19114000e-09  1.89323894e+00  1.70676106e+00  2.83189726e+00  2.55719608e+00 
 3.19164000e-09  1.89335204e+00  1.70664796e+00  2.83207277e+00  2.55702448e+00 
 3.19214000e-09  1.89346421e+00  1.70653579e+00  2.83224693e+00  2.55685422e+00 
 3.19264000e-09  1.89357546e+00  1.70642454e+00  2.83241972e+00  2.55668529e+00 
 3.19314000e-09  1.89368579e+00  1.70631421e+00  2.83259116e+00  2.55651770e+00 
 3.19364000e-09  1.89379519e+00  1.70620481e+00  2.83276124e+00  2.55635145e+00 
 3.19414000e-09  1.89390367e+00  1.70609633e+00  2.83292996e+00  2.55618653e+00 
 3.19464000e-09  1.89401122e+00  1.70598878e+00  2.83309732e+00  2.55602295e+00 
 3.19514000e-09  1.89411784e+00  1.70588216e+00  2.83326331e+00  2.55586071e+00 
 3.19564000e-09  1.89422353e+00  1.70577647e+00  2.83342794e+00  2.55569982e+00 
 3.19614000e-09  1.89432829e+00  1.70567171e+00  2.83359120e+00  2.55554027e+00 
 3.19664000e-09  1.89443213e+00  1.70556787e+00  2.83375310e+00  2.55538206e+00 
 3.19714000e-09  1.89453503e+00  1.70546497e+00  2.83391363e+00  2.55522520e+00 
 3.19764000e-09  1.89463699e+00  1.70536301e+00  2.83407278e+00  2.55506969e+00 
 3.19814000e-09  1.89473803e+00  1.70526197e+00  2.83423057e+00  2.55491553e+00 
 3.19864000e-09  1.89483812e+00  1.70516188e+00  2.83438699e+00  2.55476272e+00 
 3.19914000e-09  1.89493729e+00  1.70506271e+00  2.83454203e+00  2.55461126e+00 
 3.19964000e-09  1.89503551e+00  1.70496449e+00  2.83469571e+00  2.55446115e+00 
 3.20014000e-09  1.89513280e+00  1.70486720e+00  2.83484800e+00  2.55431240e+00 
 3.20064000e-09  1.89522915e+00  1.70477085e+00  2.83499893e+00  2.55416500e+00 
 3.20114000e-09  1.89532455e+00  1.70467545e+00  2.83514847e+00  2.55401896e+00 
 3.20164000e-09  1.89541902e+00  1.70458098e+00  2.83529664e+00  2.55387428e+00 
 3.20214000e-09  1.89551255e+00  1.70448745e+00  2.83544343e+00  2.55373096e+00 
 3.20264000e-09  1.89560513e+00  1.70439487e+00  2.83558884e+00  2.55358900e+00 
 3.20314000e-09  1.89569677e+00  1.70430323e+00  2.83573287e+00  2.55344840e+00 
 3.20364000e-09  1.89578746e+00  1.70421254e+00  2.83587552e+00  2.55330916e+00 
 3.20414000e-09  1.89587721e+00  1.70412279e+00  2.83601679e+00  2.55317129e+00 
 3.20464000e-09  1.89596602e+00  1.70403398e+00  2.83615668e+00  2.55303479e+00 
 3.20514000e-09  1.89605387e+00  1.70394613e+00  2.83629518e+00  2.55289965e+00 
 3.20564000e-09  1.89614078e+00  1.70385922e+00  2.83643230e+00  2.55276588e+00 
 3.20614000e-09  1.89622674e+00  1.70377326e+00  2.83656804e+00  2.55263348e+00 
 3.20664000e-09  1.89631175e+00  1.70368825e+00  2.83670238e+00  2.55250245e+00 
 3.20714000e-09  1.89639581e+00  1.70360419e+00  2.83683534e+00  2.55237279e+00 
 3.20764000e-09  1.89647892e+00  1.70352108e+00  2.83696692e+00  2.55224451e+00 
 3.20814000e-09  1.89656107e+00  1.70343893e+00  2.83709710e+00  2.55211760e+00 
 3.20864000e-09  1.89664227e+00  1.70335773e+00  2.83722590e+00  2.55199207e+00 
 3.20914000e-09  1.89672252e+00  1.70327748e+00  2.83735330e+00  2.55186791e+00 
 3.20964000e-09  1.89680182e+00  1.70319818e+00  2.83747932e+00  2.55174513e+00 
 3.21014000e-09  1.89688015e+00  1.70311985e+00  2.83760394e+00  2.55162372e+00 
 3.21064000e-09  1.89695754e+00  1.70304246e+00  2.83772717e+00  2.55150370e+00 
 3.21114000e-09  1.89703396e+00  1.70296604e+00  2.83784901e+00  2.55138506e+00 
 3.21164000e-09  1.89710943e+00  1.70289057e+00  2.83796945e+00  2.55126779e+00 
 3.21214000e-09  1.89718394e+00  1.70281606e+00  2.83808850e+00  2.55115192e+00 
 3.21264000e-09  1.89725749e+00  1.70274251e+00  2.83820615e+00  2.55103742e+00 
 3.21314000e-09  1.89733008e+00  1.70266992e+00  2.83832241e+00  2.55092431e+00 
 3.21364000e-09  1.89740171e+00  1.70259829e+00  2.83843727e+00  2.55081259e+00 
 3.21414000e-09  1.89747238e+00  1.70252762e+00  2.83855074e+00  2.55070225e+00 
 3.21464000e-09  1.89754208e+00  1.70245792e+00  2.83866280e+00  2.55059330e+00 
 3.21514000e-09  1.89761083e+00  1.70238917e+00  2.83877347e+00  2.55048573e+00 
 3.21564000e-09  1.89767861e+00  1.70232139e+00  2.83888273e+00  2.55037956e+00 
 3.21614000e-09  1.89774542e+00  1.70225458e+00  2.83899060e+00  2.55027477e+00 
 3.21664000e-09  1.89781128e+00  1.70218872e+00  2.83909706e+00  2.55017138e+00 
 3.21714000e-09  1.89787616e+00  1.70212384e+00  2.83920213e+00  2.55006938e+00 
 3.21764000e-09  1.89794008e+00  1.70205992e+00  2.83930579e+00  2.54996877e+00 
 3.21814000e-09  1.89800303e+00  1.70199697e+00  2.83940805e+00  2.54986956e+00 
 3.21864000e-09  1.89806502e+00  1.70193498e+00  2.83950890e+00  2.54977174e+00 
 3.21914000e-09  1.89812604e+00  1.70187396e+00  2.83960835e+00  2.54967531e+00 
 3.21964000e-09  1.89818609e+00  1.70181391e+00  2.83970640e+00  2.54958028e+00 
 3.22014000e-09  1.89824517e+00  1.70175483e+00  2.83980304e+00  2.54948665e+00 
 3.22064000e-09  1.89830328e+00  1.70169672e+00  2.83989827e+00  2.54939442e+00 
 3.22114000e-09  1.89836042e+00  1.70163958e+00  2.83999210e+00  2.54930358e+00 
 3.22164000e-09  1.89841659e+00  1.70158341e+00  2.84008452e+00  2.54921414e+00 
 3.22214000e-09  1.89847179e+00  1.70152821e+00  2.84017554e+00  2.54912611e+00 
 3.22264000e-09  1.89852602e+00  1.70147398e+00  2.84026514e+00  2.54903947e+00 
 3.22314000e-09  1.89857927e+00  1.70142073e+00  2.84035334e+00  2.54895423e+00 
 3.22364000e-09  1.89863155e+00  1.70136845e+00  2.84044012e+00  2.54887040e+00 
 3.22414000e-09  1.89868286e+00  1.70131714e+00  2.84052550e+00  2.54878797e+00 
 3.22464000e-09  1.89873320e+00  1.70126680e+00  2.84060946e+00  2.54870694e+00 
 3.22514000e-09  1.89878256e+00  1.70121744e+00  2.84069202e+00  2.54862732e+00 
 3.22564000e-09  1.89883094e+00  1.70116906e+00  2.84077316e+00  2.54854910e+00 
 3.22614000e-09  1.89887835e+00  1.70112165e+00  2.84085289e+00  2.54847228e+00 
 3.22664000e-09  1.89892478e+00  1.70107522e+00  2.84093121e+00  2.54839687e+00 
 3.22714000e-09  1.89897024e+00  1.70102976e+00  2.84100812e+00  2.54832287e+00 
 3.22764000e-09  1.89901472e+00  1.70098528e+00  2.84108361e+00  2.54825028e+00 
 3.22814000e-09  1.89905822e+00  1.70094178e+00  2.84115769e+00  2.54817909e+00 
 3.22864000e-09  1.89910075e+00  1.70089925e+00  2.84123036e+00  2.54810931e+00 
 3.22914000e-09  1.89914230e+00  1.70085770e+00  2.84130161e+00  2.54804094e+00 
 3.22964000e-09  1.89918287e+00  1.70081713e+00  2.84137144e+00  2.54797398e+00 
 3.23014000e-09  1.89922246e+00  1.70077754e+00  2.84143986e+00  2.54790842e+00 
 3.23064000e-09  1.89926107e+00  1.70073893e+00  2.84150686e+00  2.54784428e+00 
 3.23114000e-09  1.89929870e+00  1.70070130e+00  2.84157245e+00  2.54778155e+00 
 3.23164000e-09  1.89933535e+00  1.70066465e+00  2.84163662e+00  2.54772023e+00 
 3.23214000e-09  1.89937102e+00  1.70062898e+00  2.84169937e+00  2.54766033e+00 
 3.23264000e-09  1.89940571e+00  1.70059429e+00  2.84176070e+00  2.54760183e+00 
 3.23314000e-09  1.89943942e+00  1.70056058e+00  2.84182062e+00  2.54754475e+00 
 3.23364000e-09  1.89947215e+00  1.70052785e+00  2.84187912e+00  2.54748908e+00 
 3.23414000e-09  1.89950389e+00  1.70049611e+00  2.84193620e+00  2.54743483e+00 
 3.23464000e-09  1.89953465e+00  1.70046535e+00  2.84199186e+00  2.54738198e+00 
 3.23514000e-09  1.89956444e+00  1.70043556e+00  2.84204610e+00  2.54733056e+00 
 3.23564000e-09  1.89959323e+00  1.70040677e+00  2.84209892e+00  2.54728055e+00 
 3.23614000e-09  1.89962105e+00  1.70037895e+00  2.84215032e+00  2.54723195e+00 
 3.23664000e-09  1.89964788e+00  1.70035212e+00  2.84220030e+00  2.54718477e+00 
 3.23714000e-09  1.89967373e+00  1.70032627e+00  2.84224886e+00  2.54713901e+00 
 3.23764000e-09  1.89969860e+00  1.70030140e+00  2.84229600e+00  2.54709466e+00 
 3.23814000e-09  1.89972248e+00  1.70027752e+00  2.84234172e+00  2.54705173e+00 
 3.23864000e-09  1.89974537e+00  1.70025463e+00  2.84238601e+00  2.54701021e+00 
 3.23914000e-09  1.89976729e+00  1.70023271e+00  2.84242889e+00  2.54697012e+00 
 3.23964000e-09  1.89978821e+00  1.70021179e+00  2.84247034e+00  2.54693144e+00 
 3.24014000e-09  1.89980816e+00  1.70019184e+00  2.84251037e+00  2.54689418e+00 
 3.24064000e-09  1.89982712e+00  1.70017288e+00  2.84254898e+00  2.54685833e+00 
 3.24114000e-09  1.89984509e+00  1.70015491e+00  2.84258616e+00  2.54682391e+00 
 3.24164000e-09  1.89986208e+00  1.70013792e+00  2.84262192e+00  2.54679091e+00 
 3.24214000e-09  1.89987808e+00  1.70012192e+00  2.84265626e+00  2.54675932e+00 
 3.24264000e-09  1.89989309e+00  1.70010691e+00  2.84268917e+00  2.54672915e+00 
 3.24314000e-09  1.89990712e+00  1.70009288e+00  2.84272067e+00  2.54670041e+00 
 3.24364000e-09  1.89992017e+00  1.70007983e+00  2.84275073e+00  2.54667308e+00 
 3.24414000e-09  1.89993222e+00  1.70006778e+00  2.84277938e+00  2.54664717e+00 
 3.24464000e-09  1.89994330e+00  1.70005670e+00  2.84280659e+00  2.54662269e+00 
 3.24514000e-09  1.89995338e+00  1.70004662e+00  2.84283239e+00  2.54659962e+00 
 3.24564000e-09  1.89996248e+00  1.70003752e+00  2.84285676e+00  2.54657798e+00 
 3.24614000e-09  1.89997059e+00  1.70002941e+00  2.84287970e+00  2.54655775e+00 
 3.24664000e-09  1.89997772e+00  1.70002228e+00  2.84290122e+00  2.54653895e+00 
 3.24714000e-09  1.89998385e+00  1.70001615e+00  2.84292132e+00  2.54652157e+00 
 3.24764000e-09  1.89998901e+00  1.70001099e+00  2.84293999e+00  2.54650560e+00 
 3.24814000e-09  1.89999317e+00  1.70000683e+00  2.84295723e+00  2.54649106e+00 
 3.24864000e-09  1.89999635e+00  1.70000365e+00  2.84297305e+00  2.54647794e+00 
 3.24914000e-09  1.89999854e+00  1.70000146e+00  2.84298744e+00  2.54646625e+00 
 3.24964000e-09  1.89999974e+00  1.70000026e+00  2.84300041e+00  2.54645597e+00 
 3.25014000e-09  1.89999996e+00  1.70000004e+00  2.84301195e+00  2.54644711e+00 
 3.25064000e-09  1.89999919e+00  1.70000081e+00  2.84302207e+00  2.54643968e+00 
 3.25114000e-09  1.89999743e+00  1.70000257e+00  2.84303076e+00  2.54643367e+00 
 3.25164000e-09  1.89999469e+00  1.70000531e+00  2.84303802e+00  2.54642908e+00 
 3.25214000e-09  1.89999096e+00  1.70000904e+00  2.84304386e+00  2.54642591e+00 
 3.25264000e-09  1.89998624e+00  1.70001376e+00  2.84304827e+00  2.54642416e+00 
 3.25314000e-09  1.89998054e+00  1.70001946e+00  2.84305126e+00  2.54642384e+00 
 3.25364000e-09  1.89997385e+00  1.70002615e+00  2.84305282e+00  2.54642493e+00 
 3.25414000e-09  1.89996617e+00  1.70003383e+00  2.84305295e+00  2.54642745e+00 
 3.25464000e-09  1.89995751e+00  1.70004249e+00  2.84305166e+00  2.54643139e+00 
 3.25514000e-09  1.89994785e+00  1.70005215e+00  2.84304894e+00  2.54643675e+00 
 3.25564000e-09  1.89993722e+00  1.70006278e+00  2.84304479e+00  2.54644353e+00 
 3.25614000e-09  1.89992559e+00  1.70007441e+00  2.84303922e+00  2.54645174e+00 
 3.25664000e-09  1.89991298e+00  1.70008702e+00  2.84303222e+00  2.54646136e+00 
 3.25714000e-09  1.89989939e+00  1.70010061e+00  2.84302379e+00  2.54647241e+00 
 3.25764000e-09  1.89988481e+00  1.70011519e+00  2.84301394e+00  2.54648487e+00 
 3.25814000e-09  1.89986924e+00  1.70013076e+00  2.84300267e+00  2.54649876e+00 
 3.25864000e-09  1.89985268e+00  1.70014732e+00  2.84298996e+00  2.54651407e+00 
 3.25914000e-09  1.89983514e+00  1.70016486e+00  2.84297583e+00  2.54653079e+00 
 3.25964000e-09  1.89981662e+00  1.70018338e+00  2.84296028e+00  2.54654894e+00 
 3.26014000e-09  1.89979711e+00  1.70020289e+00  2.84294330e+00  2.54656851e+00 
 3.26064000e-09  1.89977662e+00  1.70022338e+00  2.84292489e+00  2.54658950e+00 
 3.26114000e-09  1.89975514e+00  1.70024486e+00  2.84290506e+00  2.54661191e+00 
 3.26164000e-09  1.89973267e+00  1.70026733e+00  2.84288380e+00  2.54663574e+00 
 3.26214000e-09  1.89970923e+00  1.70029077e+00  2.84286111e+00  2.54666099e+00 
 3.26264000e-09  1.89968479e+00  1.70031521e+00  2.84283700e+00  2.54668765e+00 
 3.26314000e-09  1.89965938e+00  1.70034062e+00  2.84281147e+00  2.54671574e+00 
 3.26364000e-09  1.89963298e+00  1.70036702e+00  2.84278451e+00  2.54674524e+00 
 3.26414000e-09  1.89960559e+00  1.70039441e+00  2.84275612e+00  2.54677616e+00 
 3.26464000e-09  1.89957723e+00  1.70042277e+00  2.84272631e+00  2.54680851e+00 
 3.26514000e-09  1.89954788e+00  1.70045212e+00  2.84269508e+00  2.54684226e+00 
 3.26564000e-09  1.89951755e+00  1.70048245e+00  2.84266242e+00  2.54687744e+00 
 3.26614000e-09  1.89948623e+00  1.70051377e+00  2.84262833e+00  2.54691403e+00 
 3.26664000e-09  1.89945394e+00  1.70054606e+00  2.84259283e+00  2.54695204e+00 
 3.26714000e-09  1.89942066e+00  1.70057934e+00  2.84255589e+00  2.54699147e+00 
 3.26764000e-09  1.89938640e+00  1.70061360e+00  2.84251754e+00  2.54703232e+00 
 3.26814000e-09  1.89935117e+00  1.70064883e+00  2.84247776e+00  2.54707457e+00 
 3.26864000e-09  1.89931495e+00  1.70068505e+00  2.84243655e+00  2.54711825e+00 
 3.26914000e-09  1.89927775e+00  1.70072225e+00  2.84239393e+00  2.54716334e+00 
 3.26964000e-09  1.89923957e+00  1.70076043e+00  2.84234988e+00  2.54720984e+00 
 3.27014000e-09  1.89920041e+00  1.70079959e+00  2.84230441e+00  2.54725776e+00 
 3.27064000e-09  1.89916027e+00  1.70083973e+00  2.84225751e+00  2.54730710e+00 
 3.27114000e-09  1.89911915e+00  1.70088085e+00  2.84220920e+00  2.54735784e+00 
 3.27164000e-09  1.89907706e+00  1.70092294e+00  2.84215946e+00  2.54741000e+00 
 3.27214000e-09  1.89903398e+00  1.70096602e+00  2.84210830e+00  2.54746358e+00 
 3.27264000e-09  1.89898993e+00  1.70101007e+00  2.84205572e+00  2.54751856e+00 
 3.27314000e-09  1.89894491e+00  1.70105509e+00  2.84200171e+00  2.54757496e+00 
 3.27364000e-09  1.89889890e+00  1.70110110e+00  2.84194629e+00  2.54763277e+00 
 3.27414000e-09  1.89885192e+00  1.70114808e+00  2.84188945e+00  2.54769199e+00 
 3.27464000e-09  1.89880397e+00  1.70119603e+00  2.84183119e+00  2.54775262e+00 
 3.27514000e-09  1.89875504e+00  1.70124496e+00  2.84177150e+00  2.54781466e+00 
 3.27564000e-09  1.89870513e+00  1.70129487e+00  2.84171040e+00  2.54787811e+00 
 3.27614000e-09  1.89865425e+00  1.70134575e+00  2.84164788e+00  2.54794297e+00 
 3.27664000e-09  1.89860240e+00  1.70139760e+00  2.84158394e+00  2.54800923e+00 
 3.27714000e-09  1.89854957e+00  1.70145043e+00  2.84151859e+00  2.54807691e+00 
 3.27764000e-09  1.89849577e+00  1.70150423e+00  2.84145181e+00  2.54814599e+00 
 3.27814000e-09  1.89844100e+00  1.70155900e+00  2.84138362e+00  2.54821648e+00 
 3.27864000e-09  1.89838526e+00  1.70161474e+00  2.84131401e+00  2.54828838e+00 
 3.27914000e-09  1.89832854e+00  1.70167146e+00  2.84124299e+00  2.54836168e+00 
 3.27964000e-09  1.89827086e+00  1.70172914e+00  2.84117054e+00  2.54843638e+00 
 3.28014000e-09  1.89821220e+00  1.70178780e+00  2.84109669e+00  2.54851249e+00 
 3.28064000e-09  1.89815258e+00  1.70184742e+00  2.84102142e+00  2.54859001e+00 
 3.28114000e-09  1.89809199e+00  1.70190801e+00  2.84094473e+00  2.54866893e+00 
 3.28164000e-09  1.89803043e+00  1.70196957e+00  2.84086663e+00  2.54874925e+00 
 3.28214000e-09  1.89796790e+00  1.70203210e+00  2.84078712e+00  2.54883097e+00 
 3.28264000e-09  1.89790441e+00  1.70209559e+00  2.84070619e+00  2.54891409e+00 
 3.28314000e-09  1.89783994e+00  1.70216006e+00  2.84062385e+00  2.54899862e+00 
 3.28364000e-09  1.89777452e+00  1.70222548e+00  2.84054010e+00  2.54908454e+00 
 3.28414000e-09  1.89770813e+00  1.70229187e+00  2.84045494e+00  2.54917186e+00 
 3.28464000e-09  1.89764077e+00  1.70235923e+00  2.84036836e+00  2.54926058e+00 
 3.28514000e-09  1.89757245e+00  1.70242755e+00  2.84028038e+00  2.54935070e+00 
 3.28564000e-09  1.89750317e+00  1.70249683e+00  2.84019098e+00  2.54944222e+00 
 3.28614000e-09  1.89743292e+00  1.70256708e+00  2.84010018e+00  2.54953513e+00 
 3.28664000e-09  1.89736171e+00  1.70263829e+00  2.84000797e+00  2.54962944e+00 
 3.28714000e-09  1.89728955e+00  1.70271045e+00  2.83991435e+00  2.54972515e+00 
 3.28764000e-09  1.89721642e+00  1.70278358e+00  2.83981932e+00  2.54982225e+00 
 3.28814000e-09  1.89714233e+00  1.70285767e+00  2.83972288e+00  2.54992074e+00 
 3.28864000e-09  1.89706729e+00  1.70293271e+00  2.83962504e+00  2.55002062e+00 
 3.28914000e-09  1.89699128e+00  1.70300872e+00  2.83952580e+00  2.55012190e+00 
 3.28964000e-09  1.89691432e+00  1.70308568e+00  2.83942514e+00  2.55022456e+00 
 3.29014000e-09  1.89683640e+00  1.70316360e+00  2.83932309e+00  2.55032862e+00 
 3.29064000e-09  1.89675753e+00  1.70324247e+00  2.83921963e+00  2.55043407e+00 
 3.29114000e-09  1.89667770e+00  1.70332230e+00  2.83911477e+00  2.55054090e+00 
 3.29164000e-09  1.89659692e+00  1.70340308e+00  2.83900850e+00  2.55064913e+00 
 3.29214000e-09  1.89651518e+00  1.70348482e+00  2.83890084e+00  2.55075874e+00 
 3.29264000e-09  1.89643249e+00  1.70356751e+00  2.83879177e+00  2.55086973e+00 
 3.29314000e-09  1.89634885e+00  1.70365115e+00  2.83868130e+00  2.55098211e+00 
 3.29364000e-09  1.89626426e+00  1.70373574e+00  2.83856943e+00  2.55109588e+00 
 3.29414000e-09  1.89617872e+00  1.70382128e+00  2.83845617e+00  2.55121103e+00 
 3.29464000e-09  1.89609223e+00  1.70390777e+00  2.83834151e+00  2.55132756e+00 
 3.29514000e-09  1.89600479e+00  1.70399521e+00  2.83822545e+00  2.55144547e+00 
 3.29564000e-09  1.89591640e+00  1.70408360e+00  2.83810799e+00  2.55156476e+00 
 3.29614000e-09  1.89582707e+00  1.70417293e+00  2.83798914e+00  2.55168543e+00 
 3.29664000e-09  1.89573679e+00  1.70426321e+00  2.83786889e+00  2.55180749e+00 
 3.29714000e-09  1.89564557e+00  1.70435443e+00  2.83774725e+00  2.55193091e+00 
 3.29764000e-09  1.89555340e+00  1.70444660e+00  2.83762422e+00  2.55205572e+00 
 3.29814000e-09  1.89546029e+00  1.70453971e+00  2.83749979e+00  2.55218190e+00 
 3.29864000e-09  1.89536624e+00  1.70463376e+00  2.83737398e+00  2.55230946e+00 
 3.29914000e-09  1.89527124e+00  1.70472876e+00  2.83724677e+00  2.55243839e+00 
 3.29964000e-09  1.89517531e+00  1.70482469e+00  2.83711817e+00  2.55256869e+00 
 3.30014000e-09  1.89507843e+00  1.70492157e+00  2.83698819e+00  2.55270036e+00 
 3.30064000e-09  1.89498062e+00  1.70501938e+00  2.83685681e+00  2.55283341e+00 
 3.30114000e-09  1.89488187e+00  1.70511813e+00  2.83672405e+00  2.55296782e+00 
 3.30164000e-09  1.89478218e+00  1.70521782e+00  2.83658991e+00  2.55310360e+00 
 3.30214000e-09  1.89468156e+00  1.70531844e+00  2.83645438e+00  2.55324075e+00 
 3.30264000e-09  1.89458001e+00  1.70541999e+00  2.83631746e+00  2.55337927e+00 
 3.30314000e-09  1.89447752e+00  1.70552248e+00  2.83617916e+00  2.55351915e+00 
 3.30364000e-09  1.89437409e+00  1.70562591e+00  2.83603948e+00  2.55366040e+00 
 3.30414000e-09  1.89426974e+00  1.70573026e+00  2.83589842e+00  2.55380301e+00 
 3.30464000e-09  1.89416446e+00  1.70583554e+00  2.83575598e+00  2.55394698e+00 
 3.30514000e-09  1.89405824e+00  1.70594176e+00  2.83561216e+00  2.55409231e+00 
 3.30564000e-09  1.89395110e+00  1.70604890e+00  2.83546696e+00  2.55423900e+00 
 3.30614000e-09  1.89384303e+00  1.70615697e+00  2.83532038e+00  2.55438705e+00 
 3.30664000e-09  1.89373404e+00  1.70626596e+00  2.83517243e+00  2.55453645e+00 
 3.30714000e-09  1.89362412e+00  1.70637588e+00  2.83502310e+00  2.55468722e+00 
 3.30764000e-09  1.89351327e+00  1.70648673e+00  2.83487240e+00  2.55483933e+00 
 3.30814000e-09  1.89340151e+00  1.70659849e+00  2.83472033e+00  2.55499280e+00 
 3.30864000e-09  1.89328882e+00  1.70671118e+00  2.83456688e+00  2.55514763e+00 
 3.30914000e-09  1.89317521e+00  1.70682479e+00  2.83441207e+00  2.55530380e+00 
 3.30964000e-09  1.89306068e+00  1.70693932e+00  2.83425588e+00  2.55546133e+00 
 3.31014000e-09  1.89294523e+00  1.70705477e+00  2.83409833e+00  2.55562020e+00 
 3.31064000e-09  1.89282887e+00  1.70717113e+00  2.83393941e+00  2.55578042e+00 
 3.31114000e-09  1.89271158e+00  1.70728842e+00  2.83377912e+00  2.55594199e+00 
 3.31164000e-09  1.89259339e+00  1.70740661e+00  2.83361747e+00  2.55610490e+00 
 3.31214000e-09  1.89247428e+00  1.70752572e+00  2.83345445e+00  2.55626915e+00 
 3.31264000e-09  1.89235425e+00  1.70764575e+00  2.83329007e+00  2.55643475e+00 
 3.31314000e-09  1.89223332e+00  1.70776668e+00  2.83312433e+00  2.55660169e+00 
 3.31364000e-09  1.89211148e+00  1.70788852e+00  2.83295723e+00  2.55676996e+00 
 3.31414000e-09  1.89198872e+00  1.70801128e+00  2.83278877e+00  2.55693958e+00 
 3.31464000e-09  1.89186506e+00  1.70813494e+00  2.83261895e+00  2.55711053e+00 
 3.31514000e-09  1.89174049e+00  1.70825951e+00  2.83244778e+00  2.55728282e+00 
 3.31564000e-09  1.89161502e+00  1.70838498e+00  2.83227525e+00  2.55745644e+00 
 3.31614000e-09  1.89148864e+00  1.70851136e+00  2.83210137e+00  2.55763140e+00 
 3.31664000e-09  1.89136136e+00  1.70863864e+00  2.83192614e+00  2.55780768e+00 
 3.31714000e-09  1.89123318e+00  1.70876682e+00  2.83174955e+00  2.55798530e+00 
 3.31764000e-09  1.89110409e+00  1.70889591e+00  2.83157161e+00  2.55816424e+00 
 3.31814000e-09  1.89097411e+00  1.70902589e+00  2.83139233e+00  2.55834451e+00 
 3.31864000e-09  1.89084323e+00  1.70915677e+00  2.83121170e+00  2.55852611e+00 
 3.31914000e-09  1.89071145e+00  1.70928855e+00  2.83102972e+00  2.55870903e+00 
 3.31964000e-09  1.89057878e+00  1.70942122e+00  2.83084640e+00  2.55889327e+00 
 3.32014000e-09  1.89044522e+00  1.70955478e+00  2.83066173e+00  2.55907884e+00 
 3.32064000e-09  1.89031076e+00  1.70968924e+00  2.83047573e+00  2.55926572e+00 
 3.32114000e-09  1.89017541e+00  1.70982459e+00  2.83028838e+00  2.55945392e+00 
 3.32164000e-09  1.89003917e+00  1.70996083e+00  2.83009969e+00  2.55964344e+00 
 3.32214000e-09  1.88990204e+00  1.71009796e+00  2.82990967e+00  2.55983427e+00 
 3.32264000e-09  1.88976402e+00  1.71023598e+00  2.82971831e+00  2.56002642e+00 
 3.32314000e-09  1.88962512e+00  1.71037488e+00  2.82952562e+00  2.56021988e+00 
 3.32364000e-09  1.88948534e+00  1.71051466e+00  2.82933159e+00  2.56041465e+00 
 3.32414000e-09  1.88934467e+00  1.71065533e+00  2.82913623e+00  2.56061072e+00 
 3.32464000e-09  1.88920311e+00  1.71079689e+00  2.82893955e+00  2.56080811e+00 
 3.32514000e-09  1.88906068e+00  1.71093932e+00  2.82874153e+00  2.56100680e+00 
 3.32564000e-09  1.88891737e+00  1.71108263e+00  2.82854219e+00  2.56120679e+00 
 3.32614000e-09  1.88877318e+00  1.71122682e+00  2.82834152e+00  2.56140809e+00 
 3.32664000e-09  1.88862812e+00  1.71137188e+00  2.82813953e+00  2.56161069e+00 
 3.32714000e-09  1.88848218e+00  1.71151782e+00  2.82793621e+00  2.56181458e+00 
 3.32764000e-09  1.88833537e+00  1.71166463e+00  2.82773158e+00  2.56201977e+00 
 3.32814000e-09  1.88818768e+00  1.71181232e+00  2.82752562e+00  2.56222626e+00 
 3.32864000e-09  1.88803913e+00  1.71196087e+00  2.82731835e+00  2.56243405e+00 
 3.32914000e-09  1.88788970e+00  1.71211030e+00  2.82710976e+00  2.56264312e+00 
 3.32964000e-09  1.88773941e+00  1.71226059e+00  2.82689986e+00  2.56285349e+00 
 3.33014000e-09  1.88758826e+00  1.71241174e+00  2.82668865e+00  2.56306514e+00 
 3.33064000e-09  1.88743624e+00  1.71256376e+00  2.82647612e+00  2.56327808e+00 
 3.33114000e-09  1.88728335e+00  1.71271665e+00  2.82626229e+00  2.56349231e+00 
 3.33164000e-09  1.88712961e+00  1.71287039e+00  2.82604715e+00  2.56370782e+00 
 3.33214000e-09  1.88697500e+00  1.71302500e+00  2.82583070e+00  2.56392461e+00 
 3.33264000e-09  1.88681954e+00  1.71318046e+00  2.82561295e+00  2.56414268e+00 
 3.33314000e-09  1.88666321e+00  1.71333679e+00  2.82539389e+00  2.56436203e+00 
 3.33364000e-09  1.88650604e+00  1.71349396e+00  2.82517354e+00  2.56458265e+00 
 3.33414000e-09  1.88634801e+00  1.71365199e+00  2.82495189e+00  2.56480455e+00 
 3.33464000e-09  1.88618912e+00  1.71381088e+00  2.82472894e+00  2.56502773e+00 
 3.33514000e-09  1.88602939e+00  1.71397061e+00  2.82450469e+00  2.56525217e+00 
 3.33564000e-09  1.88586881e+00  1.71413119e+00  2.82427916e+00  2.56547788e+00 
 3.33614000e-09  1.88570738e+00  1.71429262e+00  2.82405233e+00  2.56570486e+00 
 3.33664000e-09  1.88554510e+00  1.71445490e+00  2.82382421e+00  2.56593310e+00 
 3.33714000e-09  1.88538198e+00  1.71461802e+00  2.82359480e+00  2.56616261e+00 
 3.33764000e-09  1.88521802e+00  1.71478198e+00  2.82336411e+00  2.56639338e+00 
 3.33814000e-09  1.88505322e+00  1.71494678e+00  2.82313213e+00  2.56662541e+00 
 3.33864000e-09  1.88488758e+00  1.71511242e+00  2.82289887e+00  2.56685869e+00 
 3.33914000e-09  1.88472109e+00  1.71527891e+00  2.82266433e+00  2.56709323e+00 
 3.33964000e-09  1.88455378e+00  1.71544622e+00  2.82242852e+00  2.56732903e+00 
 3.34014000e-09  1.88438563e+00  1.71561437e+00  2.82219142e+00  2.56756607e+00 
 3.34064000e-09  1.88421664e+00  1.71578336e+00  2.82195306e+00  2.56780437e+00 
 3.34114000e-09  1.88404683e+00  1.71595317e+00  2.82171342e+00  2.56804391e+00 
 3.34164000e-09  1.88387618e+00  1.71612382e+00  2.82147250e+00  2.56828470e+00 
 3.34214000e-09  1.88370471e+00  1.71629529e+00  2.82123033e+00  2.56852673e+00 
 3.34264000e-09  1.88353241e+00  1.71646759e+00  2.82098688e+00  2.56877000e+00 
 3.34314000e-09  1.88335929e+00  1.71664071e+00  2.82074217e+00  2.56901451e+00 
 3.34364000e-09  1.88318534e+00  1.71681466e+00  2.82049620e+00  2.56926026e+00 
 3.34414000e-09  1.88301057e+00  1.71698943e+00  2.82024896e+00  2.56950725e+00 
 3.34464000e-09  1.88283499e+00  1.71716501e+00  2.82000047e+00  2.56975547e+00 
 3.34514000e-09  1.88265858e+00  1.71734142e+00  2.81975073e+00  2.57000491e+00 
 3.34564000e-09  1.88248136e+00  1.71751864e+00  2.81949972e+00  2.57025559e+00 
 3.34614000e-09  1.88230333e+00  1.71769667e+00  2.81924747e+00  2.57050750e+00 
 3.34664000e-09  1.88212448e+00  1.71787552e+00  2.81899397e+00  2.57076062e+00 
 3.34714000e-09  1.88194483e+00  1.71805517e+00  2.81873922e+00  2.57101497e+00 
 3.34764000e-09  1.88176436e+00  1.71823564e+00  2.81848322e+00  2.57127055e+00 
 3.34814000e-09  1.88158309e+00  1.71841691e+00  2.81822598e+00  2.57152733e+00 
 3.34864000e-09  1.88140101e+00  1.71859899e+00  2.81796750e+00  2.57178534e+00 
 3.34914000e-09  1.88121813e+00  1.71878187e+00  2.81770778e+00  2.57204456e+00 
 3.34964000e-09  1.88103445e+00  1.71896555e+00  2.81744683e+00  2.57230499e+00 
 3.35014000e-09  1.88084996e+00  1.71915004e+00  2.81718463e+00  2.57256663e+00 
 3.35064000e-09  1.88066468e+00  1.71933532e+00  2.81692121e+00  2.57282947e+00 
 3.35114000e-09  1.88047861e+00  1.71952139e+00  2.81665656e+00  2.57309352e+00 
 3.35164000e-09  1.88029174e+00  1.71970826e+00  2.81639068e+00  2.57335878e+00 
 3.35214000e-09  1.88010407e+00  1.71989593e+00  2.81612357e+00  2.57362523e+00 
 3.35264000e-09  1.87991562e+00  1.72008438e+00  2.81585524e+00  2.57389288e+00 
 3.35314000e-09  1.87972638e+00  1.72027362e+00  2.81558569e+00  2.57416173e+00 
 3.35364000e-09  1.87953635e+00  1.72046365e+00  2.81531492e+00  2.57443177e+00 
 3.35414000e-09  1.87934553e+00  1.72065447e+00  2.81504294e+00  2.57470300e+00 
 3.35464000e-09  1.87915394e+00  1.72084606e+00  2.81476974e+00  2.57497542e+00 
 3.35514000e-09  1.87896156e+00  1.72103844e+00  2.81449533e+00  2.57524902e+00 
 3.35564000e-09  1.87876840e+00  1.72123160e+00  2.81421971e+00  2.57552381e+00 
 3.35614000e-09  1.87857446e+00  1.72142554e+00  2.81394288e+00  2.57579978e+00 
 3.35664000e-09  1.87837975e+00  1.72162025e+00  2.81366485e+00  2.57607693e+00 
 3.35714000e-09  1.87818427e+00  1.72181573e+00  2.81338562e+00  2.57635525e+00 
 3.35764000e-09  1.87798801e+00  1.72201199e+00  2.81310518e+00  2.57663475e+00 
 3.35814000e-09  1.87779099e+00  1.72220901e+00  2.81282355e+00  2.57691542e+00 
 3.35864000e-09  1.87759319e+00  1.72240681e+00  2.81254073e+00  2.57719726e+00 
 3.35914000e-09  1.87739463e+00  1.72260537e+00  2.81225672e+00  2.57748027e+00 
 3.35964000e-09  1.87719531e+00  1.72280469e+00  2.81197151e+00  2.57776444e+00 
 3.36014000e-09  1.87699522e+00  1.72300478e+00  2.81168512e+00  2.57804977e+00 
 3.36064000e-09  1.87679438e+00  1.72320562e+00  2.81139754e+00  2.57833626e+00 
 3.36114000e-09  1.87659278e+00  1.72340722e+00  2.81110878e+00  2.57862391e+00 
 3.36164000e-09  1.87639042e+00  1.72360958e+00  2.81081885e+00  2.57891271e+00 
 3.36214000e-09  1.87618730e+00  1.72381270e+00  2.81052773e+00  2.57920266e+00 
 3.36264000e-09  1.87598344e+00  1.72401656e+00  2.81023544e+00  2.57949377e+00 
 3.36314000e-09  1.87577882e+00  1.72422118e+00  2.80994198e+00  2.57978602e+00 
 3.36364000e-09  1.87557346e+00  1.72442654e+00  2.80964736e+00  2.58007941e+00 
 3.36414000e-09  1.87536735e+00  1.72463265e+00  2.80935156e+00  2.58037394e+00 
 3.36464000e-09  1.87516050e+00  1.72483950e+00  2.80905460e+00  2.58066962e+00 
 3.36514000e-09  1.87495291e+00  1.72504709e+00  2.80875648e+00  2.58096642e+00 
 3.36564000e-09  1.87474457e+00  1.72525543e+00  2.80845720e+00  2.58126437e+00 
 3.36614000e-09  1.87453550e+00  1.72546450e+00  2.80815677e+00  2.58156344e+00 
 3.36664000e-09  1.87432569e+00  1.72567431e+00  2.80785518e+00  2.58186364e+00 
 3.36714000e-09  1.87411515e+00  1.72588485e+00  2.80755245e+00  2.58216497e+00 
 3.36764000e-09  1.87390388e+00  1.72609612e+00  2.80724856e+00  2.58246741e+00 
 3.36814000e-09  1.87369188e+00  1.72630812e+00  2.80694353e+00  2.58277098e+00 
 3.36864000e-09  1.87347915e+00  1.72652085e+00  2.80663736e+00  2.58307567e+00 
 3.36914000e-09  1.87326569e+00  1.72673431e+00  2.80633005e+00  2.58338147e+00 
 3.36964000e-09  1.87305152e+00  1.72694848e+00  2.80602160e+00  2.58368838e+00 
 3.37014000e-09  1.87283662e+00  1.72716338e+00  2.80571202e+00  2.58399640e+00 
 3.37064000e-09  1.87262100e+00  1.72737900e+00  2.80540131e+00  2.58430553e+00 
 3.37114000e-09  1.87240467e+00  1.72759533e+00  2.80508947e+00  2.58461576e+00 
 3.37164000e-09  1.87218762e+00  1.72781238e+00  2.80477651e+00  2.58492709e+00 
 3.37214000e-09  1.87196986e+00  1.72803014e+00  2.80446242e+00  2.58523952e+00 
 3.37264000e-09  1.87175139e+00  1.72824861e+00  2.80414722e+00  2.58555305e+00 
 3.37314000e-09  1.87153221e+00  1.72846779e+00  2.80383089e+00  2.58586766e+00 
 3.37364000e-09  1.87131232e+00  1.72868768e+00  2.80351346e+00  2.58618337e+00 
 3.37414000e-09  1.87109173e+00  1.72890827e+00  2.80319491e+00  2.58650016e+00 
 3.37464000e-09  1.87087044e+00  1.72912956e+00  2.80287526e+00  2.58681804e+00 
 3.37514000e-09  1.87064845e+00  1.72935155e+00  2.80255450e+00  2.58713699e+00 
 3.37564000e-09  1.87042576e+00  1.72957424e+00  2.80223264e+00  2.58745703e+00 
 3.37614000e-09  1.87020238e+00  1.72979762e+00  2.80190968e+00  2.58777814e+00 
 3.37664000e-09  1.86997830e+00  1.73002170e+00  2.80158562e+00  2.58810032e+00 
 3.37714000e-09  1.86975354e+00  1.73024646e+00  2.80126047e+00  2.58842357e+00 
 3.37764000e-09  1.86952808e+00  1.73047192e+00  2.80093423e+00  2.58874789e+00 
 3.37814000e-09  1.86930194e+00  1.73069806e+00  2.80060691e+00  2.58907327e+00 
 3.37864000e-09  1.86907512e+00  1.73092488e+00  2.80027850e+00  2.58939970e+00 
 3.37914000e-09  1.86884761e+00  1.73115239e+00  2.79994901e+00  2.58972720e+00 
 3.37964000e-09  1.86861942e+00  1.73138058e+00  2.79961844e+00  2.59005575e+00 
 3.38014000e-09  1.86839056e+00  1.73160944e+00  2.79928680e+00  2.59038535e+00 
 3.38064000e-09  1.86816102e+00  1.73183898e+00  2.79895409e+00  2.59071601e+00 
 3.38114000e-09  1.86793081e+00  1.73206919e+00  2.79862031e+00  2.59104770e+00 
 3.38164000e-09  1.86769993e+00  1.73230007e+00  2.79828546e+00  2.59138044e+00 
 3.38214000e-09  1.86746838e+00  1.73253162e+00  2.79794955e+00  2.59171421e+00 
 3.38264000e-09  1.86723616e+00  1.73276384e+00  2.79761258e+00  2.59204903e+00 
 3.38314000e-09  1.86700328e+00  1.73299672e+00  2.79727456e+00  2.59238487e+00 
 3.38364000e-09  1.86676974e+00  1.73323026e+00  2.79693548e+00  2.59272175e+00 
 3.38414000e-09  1.86653554e+00  1.73346446e+00  2.79659536e+00  2.59305965e+00 
 3.38464000e-09  1.86630069e+00  1.73369931e+00  2.79625418e+00  2.59339857e+00 
 3.38514000e-09  1.86606518e+00  1.73393482e+00  2.79591197e+00  2.59373852e+00 
 3.38564000e-09  1.86582902e+00  1.73417098e+00  2.79556871e+00  2.59407948e+00 
 3.38614000e-09  1.86559220e+00  1.73440780e+00  2.79522442e+00  2.59442146e+00 
 3.38664000e-09  1.86535474e+00  1.73464526e+00  2.79487910e+00  2.59476444e+00 
 3.38714000e-09  1.86511664e+00  1.73488336e+00  2.79453274e+00  2.59510844e+00 
 3.38764000e-09  1.86487789e+00  1.73512211e+00  2.79418536e+00  2.59545344e+00 
 3.38814000e-09  1.86463850e+00  1.73536150e+00  2.79383696e+00  2.59579944e+00 
 3.38864000e-09  1.86439848e+00  1.73560152e+00  2.79348754e+00  2.59614643e+00 
 3.38914000e-09  1.86415782e+00  1.73584218e+00  2.79313710e+00  2.59649443e+00 
 3.38964000e-09  1.86391652e+00  1.73608348e+00  2.79278564e+00  2.59684341e+00 
 3.39014000e-09  1.86367460e+00  1.73632540e+00  2.79243318e+00  2.59719338e+00 
 3.39064000e-09  1.86343204e+00  1.73656796e+00  2.79207971e+00  2.59754434e+00 
 3.39114000e-09  1.86318886e+00  1.73681114e+00  2.79172523e+00  2.59789628e+00 
 3.39164000e-09  1.86294506e+00  1.73705494e+00  2.79136976e+00  2.59824920e+00 
 3.39214000e-09  1.86270063e+00  1.73729937e+00  2.79101329e+00  2.59860309e+00 
 3.39264000e-09  1.86245559e+00  1.73754441e+00  2.79065583e+00  2.59895795e+00 
 3.39314000e-09  1.86220993e+00  1.73779007e+00  2.79029737e+00  2.59931378e+00 
 3.39364000e-09  1.86196366e+00  1.73803634e+00  2.78993794e+00  2.59967058e+00 
 3.39414000e-09  1.86171677e+00  1.73828323e+00  2.78957751e+00  2.60002834e+00 
 3.39464000e-09  1.86146928e+00  1.73853072e+00  2.78921611e+00  2.60038706e+00 
 3.39514000e-09  1.86122118e+00  1.73877882e+00  2.78885374e+00  2.60074673e+00 
 3.39564000e-09  1.86097247e+00  1.73902753e+00  2.78849039e+00  2.60110735e+00 
 3.39614000e-09  1.86072316e+00  1.73927684e+00  2.78812607e+00  2.60146893e+00 
 3.39664000e-09  1.86047326e+00  1.73952674e+00  2.78776079e+00  2.60183144e+00 
 3.39714000e-09  1.86022275e+00  1.73977725e+00  2.78739455e+00  2.60219490e+00 
 3.39764000e-09  1.85997166e+00  1.74002834e+00  2.78702735e+00  2.60255929e+00 
 3.39814000e-09  1.85971997e+00  1.74028003e+00  2.78665919e+00  2.60292462e+00 
 3.39864000e-09  1.85946769e+00  1.74053231e+00  2.78629008e+00  2.60329088e+00 
 3.39914000e-09  1.85921482e+00  1.74078518e+00  2.78592003e+00  2.60365807e+00 
 3.39964000e-09  1.85896137e+00  1.74103863e+00  2.78554903e+00  2.60402618e+00 
 3.40014000e-09  1.85870734e+00  1.74129266e+00  2.78517710e+00  2.60439521e+00 
 3.40064000e-09  1.85845273e+00  1.74154727e+00  2.78480422e+00  2.60476516e+00 
 3.40114000e-09  1.85819754e+00  1.74180246e+00  2.78443041e+00  2.60513602e+00 
 3.40164000e-09  1.85794177e+00  1.74205823e+00  2.78405568e+00  2.60550779e+00 
 3.40214000e-09  1.85768544e+00  1.74231456e+00  2.78368002e+00  2.60588047e+00 
 3.40264000e-09  1.85742853e+00  1.74257147e+00  2.78330343e+00  2.60625405e+00 
 3.40314000e-09  1.85717106e+00  1.74282894e+00  2.78292593e+00  2.60662853e+00 
 3.40364000e-09  1.85691303e+00  1.74308697e+00  2.78254752e+00  2.60700390e+00 
 3.40414000e-09  1.85665443e+00  1.74334557e+00  2.78216819e+00  2.60738017e+00 
 3.40464000e-09  1.85639528e+00  1.74360472e+00  2.78178796e+00  2.60775732e+00 
 3.40514000e-09  1.85613556e+00  1.74386444e+00  2.78140682e+00  2.60813536e+00 
 3.40564000e-09  1.85587530e+00  1.74412470e+00  2.78102478e+00  2.60851428e+00 
 3.40614000e-09  1.85561448e+00  1.74438552e+00  2.78064185e+00  2.60889408e+00 
 3.40664000e-09  1.85535311e+00  1.74464689e+00  2.78025803e+00  2.60927475e+00 
 3.40714000e-09  1.85509120e+00  1.74490880e+00  2.77987332e+00  2.60965629e+00 
 3.40764000e-09  1.85482874e+00  1.74517126e+00  2.77948772e+00  2.61003870e+00 
 3.40814000e-09  1.85456574e+00  1.74543426e+00  2.77910125e+00  2.61042197e+00 
 3.40864000e-09  1.85430220e+00  1.74569780e+00  2.77871389e+00  2.61080610e+00 
 3.40914000e-09  1.85403813e+00  1.74596187e+00  2.77832567e+00  2.61119108e+00 
 3.40964000e-09  1.85377352e+00  1.74622648e+00  2.77793657e+00  2.61157692e+00 
 3.41014000e-09  1.85350839e+00  1.74649161e+00  2.77754661e+00  2.61196360e+00 
 3.41064000e-09  1.85324272e+00  1.74675728e+00  2.77715579e+00  2.61235113e+00 
 3.41114000e-09  1.85297653e+00  1.74702347e+00  2.77676411e+00  2.61273949e+00 
 3.41164000e-09  1.85270982e+00  1.74729018e+00  2.77637158e+00  2.61312870e+00 
 3.41214000e-09  1.85244259e+00  1.74755741e+00  2.77597820e+00  2.61351873e+00 
 3.41264000e-09  1.85217483e+00  1.74782517e+00  2.77558397e+00  2.61390960e+00 
 3.41314000e-09  1.85190657e+00  1.74809343e+00  2.77518890e+00  2.61430129e+00 
 3.41364000e-09  1.85163779e+00  1.74836221e+00  2.77479300e+00  2.61469380e+00 
 3.41414000e-09  1.85136850e+00  1.74863150e+00  2.77439626e+00  2.61508712e+00 
 3.41464000e-09  1.85109871e+00  1.74890129e+00  2.77399869e+00  2.61548127e+00 
 3.41514000e-09  1.85082841e+00  1.74917159e+00  2.77360029e+00  2.61587622e+00 
 3.41564000e-09  1.85055761e+00  1.74944239e+00  2.77320107e+00  2.61627198e+00 
 3.41614000e-09  1.85028631e+00  1.74971369e+00  2.77280104e+00  2.61666854e+00 
 3.41664000e-09  1.85001451e+00  1.74998549e+00  2.77240019e+00  2.61706589e+00 
 3.41714000e-09  1.84974222e+00  1.75025778e+00  2.77199853e+00  2.61746404e+00 
 3.41764000e-09  1.84946944e+00  1.75053056e+00  2.77159606e+00  2.61786299e+00 
 3.41814000e-09  1.84919617e+00  1.75080383e+00  2.77119279e+00  2.61826271e+00 
 3.41864000e-09  1.84892242e+00  1.75107758e+00  2.77078873e+00  2.61866322e+00 
 3.41914000e-09  1.84864818e+00  1.75135182e+00  2.77038387e+00  2.61906451e+00 
 3.41964000e-09  1.84837346e+00  1.75162654e+00  2.76997822e+00  2.61946658e+00 
 3.42014000e-09  1.84809826e+00  1.75190174e+00  2.76957179e+00  2.61986941e+00 
 3.42064000e-09  1.84782260e+00  1.75217740e+00  2.76916457e+00  2.62027301e+00 
 3.42114000e-09  1.84754645e+00  1.75245355e+00  2.76875658e+00  2.62067738e+00 
 3.42164000e-09  1.84726984e+00  1.75273016e+00  2.76834782e+00  2.62108250e+00 
 3.42214000e-09  1.84699276e+00  1.75300724e+00  2.76793828e+00  2.62148838e+00 
 3.42264000e-09  1.84671522e+00  1.75328478e+00  2.76752798e+00  2.62189500e+00 
 3.42314000e-09  1.84643722e+00  1.75356278e+00  2.76711692e+00  2.62230238e+00 
 3.42364000e-09  1.84615876e+00  1.75384124e+00  2.76670511e+00  2.62271050e+00 
 3.42414000e-09  1.84587984e+00  1.75412016e+00  2.76629254e+00  2.62311935e+00 
 3.42464000e-09  1.84560047e+00  1.75439953e+00  2.76587922e+00  2.62352894e+00 
 3.42514000e-09  1.84532066e+00  1.75467934e+00  2.76546516e+00  2.62393926e+00 
 3.42564000e-09  1.84504039e+00  1.75495961e+00  2.76505036e+00  2.62435031e+00 
 3.42614000e-09  1.84475968e+00  1.75524032e+00  2.76463482e+00  2.62476208e+00 
 3.42664000e-09  1.84447853e+00  1.75552147e+00  2.76421855e+00  2.62517457e+00 
 3.42714000e-09  1.84419693e+00  1.75580307e+00  2.76380155e+00  2.62558777e+00 
 3.42764000e-09  1.84391491e+00  1.75608509e+00  2.76338384e+00  2.62600168e+00 
 3.42814000e-09  1.84363244e+00  1.75636756e+00  2.76296540e+00  2.62641630e+00 
 3.42864000e-09  1.84334955e+00  1.75665045e+00  2.76254625e+00  2.62683162e+00 
 3.42914000e-09  1.84306623e+00  1.75693377e+00  2.76212639e+00  2.62724764e+00 
 3.42964000e-09  1.84278249e+00  1.75721751e+00  2.76170582e+00  2.62766435e+00 
 3.43014000e-09  1.84249832e+00  1.75750168e+00  2.76128455e+00  2.62808175e+00 
 3.43064000e-09  1.84221373e+00  1.75778627e+00  2.76086258e+00  2.62849984e+00 
 3.43114000e-09  1.84192873e+00  1.75807127e+00  2.76043992e+00  2.62891861e+00 
 3.43164000e-09  1.84164331e+00  1.75835669e+00  2.76001657e+00  2.62933805e+00 
 3.43214000e-09  1.84135748e+00  1.75864252e+00  2.75959254e+00  2.62975817e+00 
 3.43264000e-09  1.84107125e+00  1.75892875e+00  2.75916783e+00  2.63017895e+00 
 3.43314000e-09  1.84078461e+00  1.75921539e+00  2.75874244e+00  2.63060040e+00 
 3.43364000e-09  1.84049756e+00  1.75950244e+00  2.75831638e+00  2.63102252e+00 
 3.43414000e-09  1.84021012e+00  1.75978988e+00  2.75788965e+00  2.63144528e+00 
 3.43464000e-09  1.83992228e+00  1.76007772e+00  2.75746226e+00  2.63186870e+00 
 3.43514000e-09  1.83963404e+00  1.76036596e+00  2.75703422e+00  2.63229276e+00 
 3.43564000e-09  1.83934542e+00  1.76065458e+00  2.75660551e+00  2.63271747e+00 
 3.43614000e-09  1.83905640e+00  1.76094360e+00  2.75617616e+00  2.63314282e+00 
 3.43664000e-09  1.83876700e+00  1.76123300e+00  2.75574617e+00  2.63356880e+00 
 3.43714000e-09  1.83847722e+00  1.76152278e+00  2.75531553e+00  2.63399542e+00 
 3.43764000e-09  1.83818706e+00  1.76181294e+00  2.75488426e+00  2.63442265e+00 
 3.43814000e-09  1.83789652e+00  1.76210348e+00  2.75445236e+00  2.63485051e+00 
 3.43864000e-09  1.83760561e+00  1.76239439e+00  2.75401982e+00  2.63527899e+00 
 3.43914000e-09  1.83731432e+00  1.76268568e+00  2.75358667e+00  2.63570808e+00 
 3.43964000e-09  1.83702267e+00  1.76297733e+00  2.75315290e+00  2.63613778e+00 
 3.44014000e-09  1.83673065e+00  1.76326935e+00  2.75271851e+00  2.63656809e+00 
 3.44064000e-09  1.83643827e+00  1.76356173e+00  2.75228352e+00  2.63699899e+00 
 3.44114000e-09  1.83614553e+00  1.76385447e+00  2.75184792e+00  2.63743050e+00 
 3.44164000e-09  1.83585244e+00  1.76414756e+00  2.75141172e+00  2.63786259e+00 
 3.44214000e-09  1.83555899e+00  1.76444101e+00  2.75097492e+00  2.63829527e+00 
 3.44264000e-09  1.83526518e+00  1.76473482e+00  2.75053753e+00  2.63872853e+00 
 3.44314000e-09  1.83497104e+00  1.76502896e+00  2.75009956e+00  2.63916237e+00 
 3.44364000e-09  1.83467654e+00  1.76532346e+00  2.74966100e+00  2.63959679e+00 
 3.44414000e-09  1.83438170e+00  1.76561830e+00  2.74922187e+00  2.64003177e+00 
 3.44464000e-09  1.83408653e+00  1.76591347e+00  2.74878216e+00  2.64046732e+00 
 3.44514000e-09  1.83379101e+00  1.76620899e+00  2.74834188e+00  2.64090343e+00 
 3.44564000e-09  1.83349517e+00  1.76650483e+00  2.74790104e+00  2.64134010e+00 
 3.44614000e-09  1.83319899e+00  1.76680101e+00  2.74745964e+00  2.64177732e+00 
 3.44664000e-09  1.83290249e+00  1.76709751e+00  2.74701769e+00  2.64221509e+00 
 3.44714000e-09  1.83260566e+00  1.76739434e+00  2.74657518e+00  2.64265340e+00 
 3.44764000e-09  1.83230851e+00  1.76769149e+00  2.74613213e+00  2.64309225e+00 
 3.44814000e-09  1.83201104e+00  1.76798896e+00  2.74568854e+00  2.64353163e+00 
 3.44864000e-09  1.83171325e+00  1.76828675e+00  2.74524441e+00  2.64397154e+00 
 3.44914000e-09  1.83141515e+00  1.76858485e+00  2.74479975e+00  2.64441198e+00 
 3.44964000e-09  1.83111674e+00  1.76888326e+00  2.74435457e+00  2.64485294e+00 
 3.45014000e-09  1.83081803e+00  1.76918197e+00  2.74390886e+00  2.64529442e+00 
 3.45064000e-09  1.83051901e+00  1.76948099e+00  2.74346263e+00  2.64573641e+00 
 3.45114000e-09  1.83021969e+00  1.76978031e+00  2.74301589e+00  2.64617890e+00 
 3.45164000e-09  1.82992007e+00  1.77007993e+00  2.74256864e+00  2.64662190e+00 
 3.45214000e-09  1.82962015e+00  1.77037985e+00  2.74212088e+00  2.64706540e+00 
 3.45264000e-09  1.82931995e+00  1.77068005e+00  2.74167263e+00  2.64750939e+00 
 3.45314000e-09  1.82901945e+00  1.77098055e+00  2.74122388e+00  2.64795387e+00 
 3.45364000e-09  1.82871867e+00  1.77128133e+00  2.74077465e+00  2.64839884e+00 
 3.45414000e-09  1.82841760e+00  1.77158240e+00  2.74032492e+00  2.64884429e+00 
 3.45464000e-09  1.82811625e+00  1.77188375e+00  2.73987472e+00  2.64929021e+00 
 3.45514000e-09  1.82781463e+00  1.77218537e+00  2.73942404e+00  2.64973660e+00 
 3.45564000e-09  1.82751273e+00  1.77248727e+00  2.73897289e+00  2.65018346e+00 
 3.45614000e-09  1.82721056e+00  1.77278944e+00  2.73852128e+00  2.65063079e+00 
 3.45664000e-09  1.82690812e+00  1.77309188e+00  2.73806920e+00  2.65107857e+00 
 3.45714000e-09  1.82660542e+00  1.77339458e+00  2.73761667e+00  2.65152680e+00 
 3.45764000e-09  1.82630245e+00  1.77369755e+00  2.73716368e+00  2.65197548e+00 
 3.45814000e-09  1.82599922e+00  1.77400078e+00  2.73671024e+00  2.65242461e+00 
 3.45864000e-09  1.82569574e+00  1.77430426e+00  2.73625637e+00  2.65287418e+00 
 3.45914000e-09  1.82539200e+00  1.77460800e+00  2.73580205e+00  2.65332418e+00 
 3.45964000e-09  1.82508801e+00  1.77491199e+00  2.73534731e+00  2.65377461e+00 
 3.46014000e-09  1.82478378e+00  1.77521622e+00  2.73489213e+00  2.65422547e+00 
 3.46064000e-09  1.82447930e+00  1.77552070e+00  2.73443653e+00  2.65467675e+00 
 3.46114000e-09  1.82417458e+00  1.77582542e+00  2.73398052e+00  2.65512844e+00 
 3.46164000e-09  1.82386962e+00  1.77613038e+00  2.73352408e+00  2.65558055e+00 
 3.46214000e-09  1.82356442e+00  1.77643558e+00  2.73306724e+00  2.65603306e+00 
 3.46264000e-09  1.82325899e+00  1.77674101e+00  2.73261000e+00  2.65648598e+00 
 3.46314000e-09  1.82295334e+00  1.77704666e+00  2.73215236e+00  2.65693929e+00 
 3.46364000e-09  1.82264745e+00  1.77735255e+00  2.73169432e+00  2.65739300e+00 
 3.46414000e-09  1.82234134e+00  1.77765866e+00  2.73123589e+00  2.65784710e+00 
 3.46464000e-09  1.82203502e+00  1.77796498e+00  2.73077708e+00  2.65830158e+00 
 3.46514000e-09  1.82172847e+00  1.77827153e+00  2.73031788e+00  2.65875644e+00 
 3.46564000e-09  1.82142171e+00  1.77857829e+00  2.72985832e+00  2.65921168e+00 
 3.46614000e-09  1.82111474e+00  1.77888526e+00  2.72939838e+00  2.65966729e+00 
 3.46664000e-09  1.82080756e+00  1.77919244e+00  2.72893807e+00  2.66012326e+00 
 3.46714000e-09  1.82050017e+00  1.77949983e+00  2.72847741e+00  2.66057959e+00 
 3.46764000e-09  1.82019258e+00  1.77980742e+00  2.72801639e+00  2.66103628e+00 
 3.46814000e-09  1.81988480e+00  1.78011520e+00  2.72755502e+00  2.66149332e+00 
 3.46864000e-09  1.81957681e+00  1.78042319e+00  2.72709330e+00  2.66195071e+00 
 3.46914000e-09  1.81926864e+00  1.78073136e+00  2.72663125e+00  2.66240844e+00 
 3.46964000e-09  1.81896027e+00  1.78103973e+00  2.72616885e+00  2.66286651e+00 
 3.47014000e-09  1.81865172e+00  1.78134828e+00  2.72570613e+00  2.66332491e+00 
 3.47064000e-09  1.81834298e+00  1.78165702e+00  2.72524308e+00  2.66378364e+00 
 3.47114000e-09  1.81803406e+00  1.78196594e+00  2.72477971e+00  2.66424269e+00 
 3.47164000e-09  1.81772496e+00  1.78227504e+00  2.72431602e+00  2.66470206e+00 
 3.47214000e-09  1.81741569e+00  1.78258431e+00  2.72385202e+00  2.66516175e+00 
 3.47264000e-09  1.81710625e+00  1.78289375e+00  2.72338771e+00  2.66562175e+00 
 3.47314000e-09  1.81679664e+00  1.78320336e+00  2.72292311e+00  2.66608205e+00 
 3.47364000e-09  1.81648686e+00  1.78351314e+00  2.72245820e+00  2.66654265e+00 
 3.47414000e-09  1.81617692e+00  1.78382308e+00  2.72199301e+00  2.66700354e+00 
 3.47464000e-09  1.81586682e+00  1.78413318e+00  2.72152753e+00  2.66746473e+00 
 3.47514000e-09  1.81555656e+00  1.78444344e+00  2.72106176e+00  2.66792620e+00 
 3.47564000e-09  1.81524615e+00  1.78475385e+00  2.72059572e+00  2.66838796e+00 
 3.47614000e-09  1.81493559e+00  1.78506441e+00  2.72012941e+00  2.66884999e+00 
 3.47664000e-09  1.81462488e+00  1.78537512e+00  2.71966283e+00  2.66931229e+00 
 3.47714000e-09  1.81431403e+00  1.78568597e+00  2.71919599e+00  2.66977486e+00 
 3.47764000e-09  1.81400303e+00  1.78599697e+00  2.71872890e+00  2.67023770e+00 
 3.47814000e-09  1.81369190e+00  1.78630810e+00  2.71826155e+00  2.67070079e+00 
 3.47864000e-09  1.81338063e+00  1.78661937e+00  2.71779396e+00  2.67116413e+00 
 3.47914000e-09  1.81306923e+00  1.78693077e+00  2.71732612e+00  2.67162773e+00 
 3.47964000e-09  1.81275770e+00  1.78724230e+00  2.71685805e+00  2.67209156e+00 
 3.48014000e-09  1.81244605e+00  1.78755395e+00  2.71638975e+00  2.67255564e+00 
 3.48064000e-09  1.81213427e+00  1.78786573e+00  2.71592122e+00  2.67301995e+00 
 3.48114000e-09  1.81182237e+00  1.78817763e+00  2.71545247e+00  2.67348449e+00 
 3.48164000e-09  1.81151036e+00  1.78848964e+00  2.71498350e+00  2.67394925e+00 
 3.48214000e-09  1.81119823e+00  1.78880177e+00  2.71451432e+00  2.67441423e+00 
 3.48264000e-09  1.81088599e+00  1.78911401e+00  2.71404494e+00  2.67487943e+00 
 3.48314000e-09  1.81057365e+00  1.78942635e+00  2.71357535e+00  2.67534484e+00 
 3.48364000e-09  1.81026120e+00  1.78973880e+00  2.71310557e+00  2.67581046e+00 
 3.48414000e-09  1.80994865e+00  1.79005135e+00  2.71263560e+00  2.67627627e+00 
 3.48464000e-09  1.80963600e+00  1.79036400e+00  2.71216544e+00  2.67674229e+00 
 3.48514000e-09  1.80932325e+00  1.79067675e+00  2.71169510e+00  2.67720849e+00 
 3.48564000e-09  1.80901042e+00  1.79098958e+00  2.71122459e+00  2.67767489e+00 
 3.48614000e-09  1.80869749e+00  1.79130251e+00  2.71075390e+00  2.67814146e+00 
 3.48664000e-09  1.80838448e+00  1.79161552e+00  2.71028305e+00  2.67860821e+00 
 3.48714000e-09  1.80807139e+00  1.79192861e+00  2.70981204e+00  2.67907514e+00 
 3.48764000e-09  1.80775821e+00  1.79224179e+00  2.70934088e+00  2.67954223e+00 
 3.48814000e-09  1.80744496e+00  1.79255504e+00  2.70886956e+00  2.68000949e+00 
 3.48864000e-09  1.80713164e+00  1.79286836e+00  2.70839810e+00  2.68047690e+00 
 3.48914000e-09  1.80681825e+00  1.79318175e+00  2.70792650e+00  2.68094447e+00 
 3.48964000e-09  1.80650478e+00  1.79349522e+00  2.70745477e+00  2.68141219e+00 
 3.49014000e-09  1.80619126e+00  1.79380874e+00  2.70698291e+00  2.68188006e+00 
 3.49064000e-09  1.80587767e+00  1.79412233e+00  2.70651092e+00  2.68234806e+00 
 3.49114000e-09  1.80556403e+00  1.79443597e+00  2.70603881e+00  2.68281620e+00 
 3.49164000e-09  1.80525033e+00  1.79474967e+00  2.70556659e+00  2.68328447e+00 
 3.49214000e-09  1.80493658e+00  1.79506342e+00  2.70509426e+00  2.68375286e+00 
 3.49264000e-09  1.80462278e+00  1.79537722e+00  2.70462183e+00  2.68422138e+00 
 3.49314000e-09  1.80430893e+00  1.79569107e+00  2.70414930e+00  2.68469001e+00 
 3.49364000e-09  1.80399504e+00  1.79600496e+00  2.70367668e+00  2.68515875e+00 
 3.49414000e-09  1.80368111e+00  1.79631889e+00  2.70320397e+00  2.68562760e+00 
 3.49464000e-09  1.80336715e+00  1.79663285e+00  2.70273117e+00  2.68609655e+00 
 3.49514000e-09  1.80305315e+00  1.79694685e+00  2.70225830e+00  2.68656560e+00 
 3.49564000e-09  1.80273913e+00  1.79726087e+00  2.70178536e+00  2.68703474e+00 
 3.49614000e-09  1.80242507e+00  1.79757493e+00  2.70131235e+00  2.68750397e+00 
 3.49664000e-09  1.80211099e+00  1.79788901e+00  2.70083928e+00  2.68797329e+00 
 3.49714000e-09  1.80179689e+00  1.79820311e+00  2.70036615e+00  2.68844268e+00 
 3.49764000e-09  1.80148278e+00  1.79851722e+00  2.69989297e+00  2.68891215e+00 
 3.49814000e-09  1.80116865e+00  1.79883135e+00  2.69941974e+00  2.68938168e+00 
 3.49864000e-09  1.80085450e+00  1.79914550e+00  2.69894648e+00  2.68985128e+00 
 3.49914000e-09  1.80054035e+00  1.79945965e+00  2.69847317e+00  2.69032094e+00 
 3.49964000e-09  1.80022619e+00  1.79977381e+00  2.69799984e+00  2.69079066e+00 
 3.50014000e-09  1.79991204e+00  1.80008796e+00  2.69752648e+00  2.69126042e+00 
 3.50064000e-09  1.79959788e+00  1.80040212e+00  2.69705310e+00  2.69173023e+00 
 3.50114000e-09  1.79928372e+00  1.80071628e+00  2.69657971e+00  2.69220009e+00 
 3.50164000e-09  1.79896958e+00  1.80103042e+00  2.69610631e+00  2.69266997e+00 
 3.50214000e-09  1.79865544e+00  1.80134456e+00  2.69563291e+00  2.69313990e+00 
 3.50264000e-09  1.79834132e+00  1.80165868e+00  2.69515950e+00  2.69360984e+00 
 3.50314000e-09  1.79802721e+00  1.80197279e+00  2.69468610e+00  2.69407981e+00 
 3.50364000e-09  1.79771312e+00  1.80228688e+00  2.69421272e+00  2.69454980e+00 
 3.50414000e-09  1.79739905e+00  1.80260095e+00  2.69373935e+00  2.69501980e+00 
 3.50464000e-09  1.79708501e+00  1.80291499e+00  2.69326600e+00  2.69548981e+00 
 3.50514000e-09  1.79677100e+00  1.80322900e+00  2.69279268e+00  2.69595982e+00 
 3.50564000e-09  1.79645703e+00  1.80354297e+00  2.69231940e+00  2.69642983e+00 
 3.50614000e-09  1.79614308e+00  1.80385692e+00  2.69184615e+00  2.69689984e+00 
 3.50664000e-09  1.79582918e+00  1.80417082e+00  2.69137295e+00  2.69736984e+00 
 3.50714000e-09  1.79551531e+00  1.80448469e+00  2.69089979e+00  2.69783982e+00 
 3.50764000e-09  1.79520149e+00  1.80479851e+00  2.69042669e+00  2.69830978e+00 
 3.50814000e-09  1.79488772e+00  1.80511228e+00  2.68995365e+00  2.69877971e+00 
 3.50864000e-09  1.79457399e+00  1.80542601e+00  2.68948067e+00  2.69924962e+00 
 3.50914000e-09  1.79426032e+00  1.80573968e+00  2.68900776e+00  2.69971949e+00 
 3.50964000e-09  1.79394671e+00  1.80605329e+00  2.68853493e+00  2.70018933e+00 
 3.51014000e-09  1.79363316e+00  1.80636684e+00  2.68806218e+00  2.70065912e+00 
 3.51064000e-09  1.79331967e+00  1.80668033e+00  2.68758951e+00  2.70112886e+00 
 3.51114000e-09  1.79300625e+00  1.80699375e+00  2.68711694e+00  2.70159856e+00 
 3.51164000e-09  1.79269289e+00  1.80730711e+00  2.68664446e+00  2.70206819e+00 
 3.51214000e-09  1.79237961e+00  1.80762039e+00  2.68617208e+00  2.70253776e+00 
 3.51264000e-09  1.79206640e+00  1.80793360e+00  2.68569981e+00  2.70300727e+00 
 3.51314000e-09  1.79175327e+00  1.80824673e+00  2.68522765e+00  2.70347671e+00 
 3.51364000e-09  1.79144022e+00  1.80855978e+00  2.68475561e+00  2.70394606e+00 
 3.51414000e-09  1.79112726e+00  1.80887274e+00  2.68428369e+00  2.70441534e+00 
 3.51464000e-09  1.79081438e+00  1.80918562e+00  2.68381190e+00  2.70488454e+00 
 3.51514000e-09  1.79050160e+00  1.80949840e+00  2.68334025e+00  2.70535364e+00 
 3.51564000e-09  1.79018891e+00  1.80981109e+00  2.68286873e+00  2.70582265e+00 
 3.51614000e-09  1.78987631e+00  1.81012369e+00  2.68239735e+00  2.70629156e+00 
 3.51664000e-09  1.78956382e+00  1.81043618e+00  2.68192612e+00  2.70676036e+00 
 3.51714000e-09  1.78925143e+00  1.81074857e+00  2.68145505e+00  2.70722906e+00 
 3.51764000e-09  1.78893914e+00  1.81106086e+00  2.68098413e+00  2.70769764e+00 
 3.51814000e-09  1.78862696e+00  1.81137304e+00  2.68051338e+00  2.70816611e+00 
 3.51864000e-09  1.78831490e+00  1.81168510e+00  2.68004280e+00  2.70863445e+00 
 3.51914000e-09  1.78800295e+00  1.81199705e+00  2.67957240e+00  2.70910266e+00 
 3.51964000e-09  1.78769112e+00  1.81230888e+00  2.67910217e+00  2.70957075e+00 
 3.52014000e-09  1.78737941e+00  1.81262059e+00  2.67863213e+00  2.71003869e+00 
 3.52064000e-09  1.78706783e+00  1.81293217e+00  2.67816228e+00  2.71050649e+00 
 3.52114000e-09  1.78675637e+00  1.81324363e+00  2.67769262e+00  2.71097415e+00 
 3.52164000e-09  1.78644504e+00  1.81355496e+00  2.67722316e+00  2.71144165e+00 
 3.52214000e-09  1.78613385e+00  1.81386615e+00  2.67675391e+00  2.71190900e+00 
 3.52264000e-09  1.78582280e+00  1.81417720e+00  2.67628487e+00  2.71237619e+00 
 3.52314000e-09  1.78551188e+00  1.81448812e+00  2.67581605e+00  2.71284321e+00 
 3.52364000e-09  1.78520111e+00  1.81479889e+00  2.67534744e+00  2.71331005e+00 
 3.52414000e-09  1.78489048e+00  1.81510952e+00  2.67487906e+00  2.71377673e+00 
 3.52464000e-09  1.78458000e+00  1.81542000e+00  2.67441091e+00  2.71424322e+00 
 3.52514000e-09  1.78426968e+00  1.81573032e+00  2.67394300e+00  2.71470953e+00 
 3.52564000e-09  1.78395951e+00  1.81604049e+00  2.67347533e+00  2.71517565e+00 
 3.52614000e-09  1.78364950e+00  1.81635050e+00  2.67300790e+00  2.71564157e+00 
 3.52664000e-09  1.78333965e+00  1.81666035e+00  2.67254072e+00  2.71610729e+00 
 3.52714000e-09  1.78302996e+00  1.81697004e+00  2.67207380e+00  2.71657281e+00 
 3.52764000e-09  1.78272044e+00  1.81727956e+00  2.67160714e+00  2.71703812e+00 
 3.52814000e-09  1.78241109e+00  1.81758891e+00  2.67114074e+00  2.71750321e+00 
 3.52864000e-09  1.78210192e+00  1.81789808e+00  2.67067461e+00  2.71796808e+00 
 3.52914000e-09  1.78179292e+00  1.81820708e+00  2.67020876e+00  2.71843273e+00 
 3.52964000e-09  1.78148410e+00  1.81851590e+00  2.66974318e+00  2.71889715e+00 
 3.53014000e-09  1.78117547e+00  1.81882453e+00  2.66927789e+00  2.71936133e+00 
 3.53064000e-09  1.78086702e+00  1.81913298e+00  2.66881289e+00  2.71982528e+00 
 3.53114000e-09  1.78055876e+00  1.81944124e+00  2.66834818e+00  2.72028898e+00 
 3.53164000e-09  1.78025069e+00  1.81974931e+00  2.66788377e+00  2.72075243e+00 
 3.53214000e-09  1.77994282e+00  1.82005718e+00  2.66741967e+00  2.72121562e+00 
 3.53264000e-09  1.77963514e+00  1.82036486e+00  2.66695587e+00  2.72167856e+00 
 3.53314000e-09  1.77932767e+00  1.82067233e+00  2.66649238e+00  2.72214123e+00 
 3.53364000e-09  1.77902040e+00  1.82097960e+00  2.66602921e+00  2.72260363e+00 
 3.53414000e-09  1.77871333e+00  1.82128667e+00  2.66556636e+00  2.72306576e+00 
 3.53464000e-09  1.77840648e+00  1.82159352e+00  2.66510384e+00  2.72352760e+00 
 3.53514000e-09  1.77809984e+00  1.82190016e+00  2.66464165e+00  2.72398916e+00 
 3.53564000e-09  1.77779341e+00  1.82220659e+00  2.66417979e+00  2.72445043e+00 
 3.53614000e-09  1.77748721e+00  1.82251279e+00  2.66371827e+00  2.72491141e+00 
 3.53664000e-09  1.77718123e+00  1.82281877e+00  2.66325710e+00  2.72537208e+00 
 3.53714000e-09  1.77687547e+00  1.82312453e+00  2.66279628e+00  2.72583245e+00 
 3.53764000e-09  1.77656994e+00  1.82343006e+00  2.66233580e+00  2.72629251e+00 
 3.53814000e-09  1.77626464e+00  1.82373536e+00  2.66187569e+00  2.72675225e+00 
 3.53864000e-09  1.77595958e+00  1.82404042e+00  2.66141594e+00  2.72721167e+00 
 3.53914000e-09  1.77565475e+00  1.82434525e+00  2.66095655e+00  2.72767076e+00 
 3.53964000e-09  1.77535016e+00  1.82464984e+00  2.66049753e+00  2.72812952e+00 
 3.54014000e-09  1.77504582e+00  1.82495418e+00  2.66003889e+00  2.72858794e+00 
 3.54064000e-09  1.77474172e+00  1.82525828e+00  2.65958063e+00  2.72904602e+00 
 3.54114000e-09  1.77443788e+00  1.82556212e+00  2.65912275e+00  2.72950376e+00 
 3.54164000e-09  1.77413428e+00  1.82586572e+00  2.65866526e+00  2.72996114e+00 
 3.54214000e-09  1.77383094e+00  1.82616906e+00  2.65820816e+00  2.73041816e+00 
 3.54264000e-09  1.77352786e+00  1.82647214e+00  2.65775146e+00  2.73087482e+00 
 3.54314000e-09  1.77322504e+00  1.82677496e+00  2.65729516e+00  2.73133111e+00 
 3.54364000e-09  1.77292248e+00  1.82707752e+00  2.65683926e+00  2.73178703e+00 
 3.54414000e-09  1.77262019e+00  1.82737981e+00  2.65638377e+00  2.73224257e+00 
 3.54464000e-09  1.77231817e+00  1.82768183e+00  2.65592870e+00  2.73269772e+00 
 3.54514000e-09  1.77201643e+00  1.82798357e+00  2.65547404e+00  2.73315248e+00 
 3.54564000e-09  1.77171496e+00  1.82828504e+00  2.65501980e+00  2.73360685e+00 
 3.54614000e-09  1.77141377e+00  1.82858623e+00  2.65456599e+00  2.73406082e+00 
 3.54664000e-09  1.77111286e+00  1.82888714e+00  2.65411261e+00  2.73451439e+00 
 3.54714000e-09  1.77081224e+00  1.82918776e+00  2.65365966e+00  2.73496754e+00 
 3.54764000e-09  1.77051190e+00  1.82948810e+00  2.65320715e+00  2.73542028e+00 
 3.54814000e-09  1.77021186e+00  1.82978814e+00  2.65275509e+00  2.73587260e+00 
 3.54864000e-09  1.76991211e+00  1.83008789e+00  2.65230347e+00  2.73632449e+00 
 3.54914000e-09  1.76961266e+00  1.83038734e+00  2.65185229e+00  2.73677595e+00 
 3.54964000e-09  1.76931350e+00  1.83068650e+00  2.65140158e+00  2.73722697e+00 
 3.55014000e-09  1.76901465e+00  1.83098535e+00  2.65095132e+00  2.73767755e+00 
 3.55064000e-09  1.76871611e+00  1.83128389e+00  2.65050152e+00  2.73812768e+00 
 3.55114000e-09  1.76841787e+00  1.83158213e+00  2.65005220e+00  2.73857737e+00 
 3.55164000e-09  1.76811995e+00  1.83188005e+00  2.64960334e+00  2.73902659e+00 
 3.55214000e-09  1.76782234e+00  1.83217766e+00  2.64915496e+00  2.73947535e+00 
 3.55264000e-09  1.76752505e+00  1.83247495e+00  2.64870705e+00  2.73992365e+00 
 3.55314000e-09  1.76722808e+00  1.83277192e+00  2.64825963e+00  2.74037147e+00 
 3.55364000e-09  1.76693143e+00  1.83306857e+00  2.64781270e+00  2.74081881e+00 
 3.55414000e-09  1.76663511e+00  1.83336489e+00  2.64736626e+00  2.74126567e+00 
 3.55464000e-09  1.76633912e+00  1.83366088e+00  2.64692031e+00  2.74171205e+00 
 3.55514000e-09  1.76604346e+00  1.83395654e+00  2.64647486e+00  2.74215793e+00 
 3.55564000e-09  1.76574813e+00  1.83425187e+00  2.64602992e+00  2.74260331e+00 
 3.55614000e-09  1.76545315e+00  1.83454685e+00  2.64558548e+00  2.74304819e+00 
 3.55664000e-09  1.76515850e+00  1.83484150e+00  2.64514156e+00  2.74349256e+00 
 3.55714000e-09  1.76486420e+00  1.83513580e+00  2.64469815e+00  2.74393642e+00 
 3.55764000e-09  1.76457024e+00  1.83542976e+00  2.64425527e+00  2.74437975e+00 
 3.55814000e-09  1.76427664e+00  1.83572336e+00  2.64381290e+00  2.74482257e+00 
 3.55864000e-09  1.76398339e+00  1.83601661e+00  2.64337107e+00  2.74526486e+00 
 3.55914000e-09  1.76369049e+00  1.83630951e+00  2.64292977e+00  2.74570662e+00 
 3.55964000e-09  1.76339795e+00  1.83660205e+00  2.64248900e+00  2.74614784e+00 
 3.56014000e-09  1.76310577e+00  1.83689423e+00  2.64204878e+00  2.74658851e+00 
 3.56064000e-09  1.76281396e+00  1.83718604e+00  2.64160910e+00  2.74702864e+00 
 3.56114000e-09  1.76252251e+00  1.83747749e+00  2.64116997e+00  2.74746822e+00 
 3.56164000e-09  1.76223143e+00  1.83776857e+00  2.64073139e+00  2.74790724e+00 
 3.56214000e-09  1.76194073e+00  1.83805927e+00  2.64029338e+00  2.74834570e+00 
 3.56264000e-09  1.76165040e+00  1.83834960e+00  2.63985592e+00  2.74878359e+00 
 3.56314000e-09  1.76136045e+00  1.83863955e+00  2.63941903e+00  2.74922091e+00 
 3.56364000e-09  1.76107088e+00  1.83892912e+00  2.63898271e+00  2.74965766e+00 
 3.56414000e-09  1.76078170e+00  1.83921830e+00  2.63854696e+00  2.75009383e+00 
 3.56464000e-09  1.76049290e+00  1.83950710e+00  2.63811180e+00  2.75052941e+00 
 3.56514000e-09  1.76020450e+00  1.83979550e+00  2.63767721e+00  2.75096440e+00 
 3.56564000e-09  1.75991648e+00  1.84008352e+00  2.63724322e+00  2.75139880e+00 
 3.56614000e-09  1.75962886e+00  1.84037114e+00  2.63680981e+00  2.75183260e+00 
 3.56664000e-09  1.75934164e+00  1.84065836e+00  2.63637701e+00  2.75226579e+00 
 3.56714000e-09  1.75905482e+00  1.84094518e+00  2.63594480e+00  2.75269838e+00 
 3.56764000e-09  1.75876841e+00  1.84123159e+00  2.63551319e+00  2.75313036e+00 
 3.56814000e-09  1.75848240e+00  1.84151760e+00  2.63508220e+00  2.75356172e+00 
 3.56864000e-09  1.75819680e+00  1.84180320e+00  2.63465182e+00  2.75399245e+00 
 3.56914000e-09  1.75791162e+00  1.84208838e+00  2.63422205e+00  2.75442257e+00 
 3.56964000e-09  1.75762685e+00  1.84237315e+00  2.63379291e+00  2.75485205e+00 
 3.57014000e-09  1.75734249e+00  1.84265751e+00  2.63336439e+00  2.75528090e+00 
 3.57064000e-09  1.75705856e+00  1.84294144e+00  2.63293650e+00  2.75570911e+00 
 3.57114000e-09  1.75677506e+00  1.84322494e+00  2.63250925e+00  2.75613668e+00 
 3.57164000e-09  1.75649198e+00  1.84350802e+00  2.63208264e+00  2.75656360e+00 
 3.57214000e-09  1.75620932e+00  1.84379068e+00  2.63165667e+00  2.75698987e+00 
 3.57264000e-09  1.75592711e+00  1.84407289e+00  2.63123134e+00  2.75741548e+00 
 3.57314000e-09  1.75564532e+00  1.84435468e+00  2.63080667e+00  2.75784043e+00 
 3.57364000e-09  1.75536398e+00  1.84463602e+00  2.63038266e+00  2.75826472e+00 
 3.57414000e-09  1.75508307e+00  1.84491693e+00  2.62995930e+00  2.75868834e+00 
 3.57464000e-09  1.75480261e+00  1.84519739e+00  2.62953661e+00  2.75911128e+00 
 3.57514000e-09  1.75452259e+00  1.84547741e+00  2.62911459e+00  2.75953355e+00 
 3.57564000e-09  1.75424302e+00  1.84575698e+00  2.62869324e+00  2.75995514e+00 
 3.57614000e-09  1.75396391e+00  1.84603609e+00  2.62827257e+00  2.76037604e+00 
 3.57664000e-09  1.75368525e+00  1.84631475e+00  2.62785258e+00  2.76079626e+00 
 3.57714000e-09  1.75340704e+00  1.84659296e+00  2.62743328e+00  2.76121578e+00 
 3.57764000e-09  1.75312930e+00  1.84687070e+00  2.62701467e+00  2.76163460e+00 
 3.57814000e-09  1.75285201e+00  1.84714799e+00  2.62659675e+00  2.76205272e+00 
 3.57864000e-09  1.75257520e+00  1.84742480e+00  2.62617953e+00  2.76247013e+00 
 3.57914000e-09  1.75229885e+00  1.84770115e+00  2.62576302e+00  2.76288683e+00 
 3.57964000e-09  1.75202297e+00  1.84797703e+00  2.62534721e+00  2.76330282e+00 
 3.58014000e-09  1.75174757e+00  1.84825243e+00  2.62493212e+00  2.76371810e+00 
 3.58064000e-09  1.75147264e+00  1.84852736e+00  2.62451774e+00  2.76413264e+00 
 3.58114000e-09  1.75119819e+00  1.84880181e+00  2.62410408e+00  2.76454647e+00 
 3.58164000e-09  1.75092422e+00  1.84907578e+00  2.62369115e+00  2.76495956e+00 
 3.58214000e-09  1.75065074e+00  1.84934926e+00  2.62327895e+00  2.76537192e+00 
 3.58264000e-09  1.75037774e+00  1.84962226e+00  2.62286748e+00  2.76578354e+00 
 3.58314000e-09  1.75010524e+00  1.84989476e+00  2.62245674e+00  2.76619442e+00 
 3.58364000e-09  1.74983322e+00  1.85016678e+00  2.62204675e+00  2.76660455e+00 
 3.58414000e-09  1.74956170e+00  1.85043830e+00  2.62163751e+00  2.76701393e+00 
 3.58464000e-09  1.74929068e+00  1.85070932e+00  2.62122901e+00  2.76742256e+00 
 3.58514000e-09  1.74902016e+00  1.85097984e+00  2.62082127e+00  2.76783043e+00 
 3.58564000e-09  1.74875015e+00  1.85124985e+00  2.62041429e+00  2.76823754e+00 
 3.58614000e-09  1.74848063e+00  1.85151937e+00  2.62000807e+00  2.76864388e+00 
 3.58664000e-09  1.74821163e+00  1.85178837e+00  2.61960262e+00  2.76904945e+00 
 3.58714000e-09  1.74794314e+00  1.85205686e+00  2.61919794e+00  2.76945425e+00 
 3.58764000e-09  1.74767516e+00  1.85232484e+00  2.61879403e+00  2.76985827e+00 
 3.58814000e-09  1.74740770e+00  1.85259230e+00  2.61839091e+00  2.77026151e+00 
 3.58864000e-09  1.74714076e+00  1.85285924e+00  2.61798856e+00  2.77066397e+00 
 3.58914000e-09  1.74687434e+00  1.85312566e+00  2.61758701e+00  2.77106563e+00 
 3.58964000e-09  1.74660844e+00  1.85339156e+00  2.61718625e+00  2.77146651e+00 
 3.59014000e-09  1.74634307e+00  1.85365693e+00  2.61678628e+00  2.77186658e+00 
 3.59064000e-09  1.74607823e+00  1.85392177e+00  2.61638711e+00  2.77226586e+00 
 3.59114000e-09  1.74581392e+00  1.85418608e+00  2.61598875e+00  2.77266433e+00 
 3.59164000e-09  1.74555015e+00  1.85444985e+00  2.61559119e+00  2.77306199e+00 
 3.59214000e-09  1.74528691e+00  1.85471309e+00  2.61519445e+00  2.77345885e+00 
 3.59264000e-09  1.74502422e+00  1.85497578e+00  2.61479852e+00  2.77385488e+00 
 3.59314000e-09  1.74476206e+00  1.85523794e+00  2.61440342e+00  2.77425010e+00 
 3.59364000e-09  1.74450046e+00  1.85549954e+00  2.61400913e+00  2.77464449e+00 
 3.59414000e-09  1.74423940e+00  1.85576060e+00  2.61361568e+00  2.77503806e+00 
 3.59464000e-09  1.74397889e+00  1.85602111e+00  2.61322306e+00  2.77543080e+00 
 3.59514000e-09  1.74371893e+00  1.85628107e+00  2.61283127e+00  2.77582270e+00 
 3.59564000e-09  1.74345953e+00  1.85654047e+00  2.61244033e+00  2.77621377e+00 
 3.59614000e-09  1.74320069e+00  1.85679931e+00  2.61205023e+00  2.77660399e+00 
 3.59664000e-09  1.74294240e+00  1.85705760e+00  2.61166097e+00  2.77699337e+00 
 3.59714000e-09  1.74268468e+00  1.85731532e+00  2.61127257e+00  2.77738189e+00 
 3.59764000e-09  1.74242753e+00  1.85757247e+00  2.61088503e+00  2.77776957e+00 
 3.59814000e-09  1.74217094e+00  1.85782906e+00  2.61049834e+00  2.77815639e+00 
 3.59864000e-09  1.74191493e+00  1.85808507e+00  2.61011252e+00  2.77854235e+00 
 3.59914000e-09  1.74165949e+00  1.85834051e+00  2.60972757e+00  2.77892745e+00 
 3.59964000e-09  1.74140462e+00  1.85859538e+00  2.60934349e+00  2.77931168e+00 
 3.60014000e-09  1.74115033e+00  1.85884967e+00  2.60896029e+00  2.77969503e+00 
 3.60064000e-09  1.74089663e+00  1.85910337e+00  2.60857796e+00  2.78007752e+00 
 3.60114000e-09  1.74064350e+00  1.85935650e+00  2.60819652e+00  2.78045912e+00 
 3.60164000e-09  1.74039096e+00  1.85960904e+00  2.60781596e+00  2.78083985e+00 
 3.60214000e-09  1.74013902e+00  1.85986098e+00  2.60743630e+00  2.78121969e+00 
 3.60264000e-09  1.73988766e+00  1.86011234e+00  2.60705753e+00  2.78159864e+00 
 3.60314000e-09  1.73963689e+00  1.86036311e+00  2.60667966e+00  2.78197670e+00 
 3.60364000e-09  1.73938672e+00  1.86061328e+00  2.60630269e+00  2.78235386e+00 
 3.60414000e-09  1.73913715e+00  1.86086285e+00  2.60592663e+00  2.78273012e+00 
 3.60464000e-09  1.73888818e+00  1.86111182e+00  2.60555147e+00  2.78310549e+00 
 3.60514000e-09  1.73863981e+00  1.86136019e+00  2.60517724e+00  2.78347994e+00 
 3.60564000e-09  1.73839205e+00  1.86160795e+00  2.60480391e+00  2.78385349e+00 
 3.60614000e-09  1.73814490e+00  1.86185510e+00  2.60443151e+00  2.78422612e+00 
 3.60664000e-09  1.73789835e+00  1.86210165e+00  2.60406004e+00  2.78459784e+00 
 3.60714000e-09  1.73765242e+00  1.86234758e+00  2.60368949e+00  2.78496863e+00 
 3.60764000e-09  1.73740711e+00  1.86259289e+00  2.60331988e+00  2.78533851e+00 
 3.60814000e-09  1.73716241e+00  1.86283759e+00  2.60295120e+00  2.78570745e+00 
 3.60864000e-09  1.73691833e+00  1.86308167e+00  2.60258347e+00  2.78607547e+00 
 3.60914000e-09  1.73667488e+00  1.86332512e+00  2.60221667e+00  2.78644256e+00 
 3.60964000e-09  1.73643205e+00  1.86356795e+00  2.60185083e+00  2.78680870e+00 
 3.61014000e-09  1.73618985e+00  1.86381015e+00  2.60148593e+00  2.78717391e+00 
 3.61064000e-09  1.73594828e+00  1.86405172e+00  2.60112199e+00  2.78753817e+00 
 3.61114000e-09  1.73570734e+00  1.86429266e+00  2.60075901e+00  2.78790149e+00 
 3.61164000e-09  1.73546703e+00  1.86453297e+00  2.60039699e+00  2.78826386e+00 
 3.61214000e-09  1.73522736e+00  1.86477264e+00  2.60003593e+00  2.78862527e+00 
 3.61264000e-09  1.73498833e+00  1.86501167e+00  2.59967585e+00  2.78898573e+00 
 3.61314000e-09  1.73474994e+00  1.86525006e+00  2.59931673e+00  2.78934523e+00 
 3.61364000e-09  1.73451220e+00  1.86548780e+00  2.59895860e+00  2.78970376e+00 
 3.61414000e-09  1.73427510e+00  1.86572490e+00  2.59860144e+00  2.79006133e+00 
 3.61464000e-09  1.73403865e+00  1.86596135e+00  2.59824527e+00  2.79041793e+00 
 3.61514000e-09  1.73380286e+00  1.86619714e+00  2.59789008e+00  2.79077356e+00 
 3.61564000e-09  1.73356771e+00  1.86643229e+00  2.59753589e+00  2.79112821e+00 
 3.61614000e-09  1.73333322e+00  1.86666678e+00  2.59718268e+00  2.79148188e+00 
 3.61664000e-09  1.73309939e+00  1.86690061e+00  2.59683048e+00  2.79183457e+00 
 3.61714000e-09  1.73286622e+00  1.86713378e+00  2.59647928e+00  2.79218628e+00 
 3.61764000e-09  1.73263371e+00  1.86736629e+00  2.59612908e+00  2.79253700e+00 
 3.61814000e-09  1.73240187e+00  1.86759813e+00  2.59577989e+00  2.79288672e+00 
 3.61864000e-09  1.73217069e+00  1.86782931e+00  2.59543172e+00  2.79323546e+00 
 3.61914000e-09  1.73194019e+00  1.86805981e+00  2.59508455e+00  2.79358319e+00 
 3.61964000e-09  1.73171035e+00  1.86828965e+00  2.59473841e+00  2.79392993e+00 
 3.62014000e-09  1.73148119e+00  1.86851881e+00  2.59439329e+00  2.79427566e+00 
 3.62064000e-09  1.73125271e+00  1.86874729e+00  2.59404920e+00  2.79462038e+00 
 3.62114000e-09  1.73102490e+00  1.86897510e+00  2.59370613e+00  2.79496410e+00 
 3.62164000e-09  1.73079778e+00  1.86920222e+00  2.59336410e+00  2.79530680e+00 
 3.62214000e-09  1.73057133e+00  1.86942867e+00  2.59302310e+00  2.79564849e+00 
 3.62264000e-09  1.73034558e+00  1.86965442e+00  2.59268315e+00  2.79598916e+00 
 3.62314000e-09  1.73012051e+00  1.86987949e+00  2.59234424e+00  2.79632881e+00 
 3.62364000e-09  1.72989613e+00  1.87010387e+00  2.59200637e+00  2.79666743e+00 
 3.62414000e-09  1.72967244e+00  1.87032756e+00  2.59166955e+00  2.79700503e+00 
 3.62464000e-09  1.72944945e+00  1.87055055e+00  2.59133379e+00  2.79734160e+00 
 3.62514000e-09  1.72922715e+00  1.87077285e+00  2.59099908e+00  2.79767714e+00 
 3.62564000e-09  1.72900555e+00  1.87099445e+00  2.59066544e+00  2.79801164e+00 
 3.62614000e-09  1.72878465e+00  1.87121535e+00  2.59033285e+00  2.79834510e+00 
 3.62664000e-09  1.72856446e+00  1.87143554e+00  2.59000134e+00  2.79867752e+00 
 3.62714000e-09  1.72834497e+00  1.87165503e+00  2.58967089e+00  2.79900890e+00 
 3.62764000e-09  1.72812618e+00  1.87187382e+00  2.58934152e+00  2.79933923e+00 
 3.62814000e-09  1.72790811e+00  1.87209189e+00  2.58901323e+00  2.79966851e+00 
 3.62864000e-09  1.72769075e+00  1.87230925e+00  2.58868601e+00  2.79999674e+00 
 3.62914000e-09  1.72747410e+00  1.87252590e+00  2.58835988e+00  2.80032392e+00 
 3.62964000e-09  1.72725816e+00  1.87274184e+00  2.58803484e+00  2.80065004e+00 
 3.63014000e-09  1.72704295e+00  1.87295705e+00  2.58771089e+00  2.80097509e+00 
 3.63064000e-09  1.72682845e+00  1.87317155e+00  2.58738803e+00  2.80129909e+00 
 3.63114000e-09  1.72661468e+00  1.87338532e+00  2.58706627e+00  2.80162202e+00 
 3.63164000e-09  1.72640163e+00  1.87359837e+00  2.58674560e+00  2.80194388e+00 
 3.63214000e-09  1.72618931e+00  1.87381069e+00  2.58642605e+00  2.80226467e+00 
 3.63264000e-09  1.72597772e+00  1.87402228e+00  2.58610759e+00  2.80258439e+00 
 3.63314000e-09  1.72576685e+00  1.87423315e+00  2.58579025e+00  2.80290303e+00 
 3.63364000e-09  1.72555672e+00  1.87444328e+00  2.58547402e+00  2.80322060e+00 
 3.63414000e-09  1.72534733e+00  1.87465267e+00  2.58515891e+00  2.80353708e+00 
 3.63464000e-09  1.72513867e+00  1.87486133e+00  2.58484492e+00  2.80385248e+00 
 3.63514000e-09  1.72493075e+00  1.87506925e+00  2.58453205e+00  2.80416680e+00 
 3.63564000e-09  1.72472357e+00  1.87527643e+00  2.58422031e+00  2.80448002e+00 
 3.63614000e-09  1.72451713e+00  1.87548287e+00  2.58390970e+00  2.80479216e+00 
 3.63664000e-09  1.72431144e+00  1.87568856e+00  2.58360022e+00  2.80510320e+00 
 3.63714000e-09  1.72410650e+00  1.87589350e+00  2.58329187e+00  2.80541314e+00 
 3.63764000e-09  1.72390230e+00  1.87609770e+00  2.58298466e+00  2.80572199e+00 
 3.63814000e-09  1.72369886e+00  1.87630114e+00  2.58267860e+00  2.80602974e+00 
 3.63864000e-09  1.72349617e+00  1.87650383e+00  2.58237368e+00  2.80633638e+00 
 3.63914000e-09  1.72329423e+00  1.87670577e+00  2.58206991e+00  2.80664192e+00 
 3.63964000e-09  1.72309305e+00  1.87690695e+00  2.58176729e+00  2.80694635e+00 
 3.64014000e-09  1.72289263e+00  1.87710737e+00  2.58146583e+00  2.80724967e+00 
 3.64064000e-09  1.72269298e+00  1.87730702e+00  2.58116552e+00  2.80755187e+00 
 3.64114000e-09  1.72249408e+00  1.87750592e+00  2.58086637e+00  2.80785296e+00 
 3.64164000e-09  1.72229595e+00  1.87770405e+00  2.58056839e+00  2.80815293e+00 
 3.64214000e-09  1.72209859e+00  1.87790141e+00  2.58027157e+00  2.80845179e+00 
 3.64264000e-09  1.72190199e+00  1.87809801e+00  2.57997592e+00  2.80874952e+00 
 3.64314000e-09  1.72170617e+00  1.87829383e+00  2.57968145e+00  2.80904612e+00 
 3.64364000e-09  1.72151111e+00  1.87848889e+00  2.57938815e+00  2.80934160e+00 
 3.64414000e-09  1.72131684e+00  1.87868316e+00  2.57909602e+00  2.80963595e+00 
 3.64464000e-09  1.72112334e+00  1.87887666e+00  2.57880508e+00  2.80992916e+00 
 3.64514000e-09  1.72093062e+00  1.87906938e+00  2.57851532e+00  2.81022124e+00 
 3.64564000e-09  1.72073867e+00  1.87926133e+00  2.57822675e+00  2.81051219e+00 
 3.64614000e-09  1.72054751e+00  1.87945249e+00  2.57793937e+00  2.81080199e+00 
 3.64664000e-09  1.72035714e+00  1.87964286e+00  2.57765318e+00  2.81109065e+00 
 3.64714000e-09  1.72016755e+00  1.87983245e+00  2.57736819e+00  2.81137817e+00 
 3.64764000e-09  1.71997875e+00  1.88002125e+00  2.57708439e+00  2.81166454e+00 
 3.64814000e-09  1.71979074e+00  1.88020926e+00  2.57680179e+00  2.81194977e+00 
 3.64864000e-09  1.71960352e+00  1.88039648e+00  2.57652040e+00  2.81223384e+00 
 3.64914000e-09  1.71941709e+00  1.88058291e+00  2.57624021e+00  2.81251675e+00 
 3.64964000e-09  1.71923146e+00  1.88076854e+00  2.57596123e+00  2.81279851e+00 
 3.65014000e-09  1.71904663e+00  1.88095337e+00  2.57568346e+00  2.81307912e+00 
 3.65064000e-09  1.71886259e+00  1.88113741e+00  2.57540690e+00  2.81335856e+00 
 3.65114000e-09  1.71867936e+00  1.88132064e+00  2.57513156e+00  2.81363684e+00 
 3.65164000e-09  1.71849693e+00  1.88150307e+00  2.57485744e+00  2.81391395e+00 
 3.65214000e-09  1.71831530e+00  1.88168470e+00  2.57458453e+00  2.81418989e+00 
 3.65264000e-09  1.71813448e+00  1.88186552e+00  2.57431285e+00  2.81446466e+00 
 3.65314000e-09  1.71795447e+00  1.88204553e+00  2.57404240e+00  2.81473826e+00 
 3.65364000e-09  1.71777526e+00  1.88222474e+00  2.57377317e+00  2.81501068e+00 
 3.65414000e-09  1.71759687e+00  1.88240313e+00  2.57350517e+00  2.81528192e+00 
 3.65464000e-09  1.71741929e+00  1.88258071e+00  2.57323840e+00  2.81555198e+00 
 3.65514000e-09  1.71724253e+00  1.88275747e+00  2.57297287e+00  2.81582086e+00 
 3.65564000e-09  1.71706658e+00  1.88293342e+00  2.57270857e+00  2.81608855e+00 
 3.65614000e-09  1.71689146e+00  1.88310854e+00  2.57244551e+00  2.81635506e+00 
 3.65664000e-09  1.71671715e+00  1.88328285e+00  2.57218369e+00  2.81662037e+00 
 3.65714000e-09  1.71654366e+00  1.88345634e+00  2.57192311e+00  2.81688448e+00 
 3.65764000e-09  1.71637100e+00  1.88362900e+00  2.57166378e+00  2.81714740e+00 
 3.65814000e-09  1.71619917e+00  1.88380083e+00  2.57140569e+00  2.81740912e+00 
 3.65864000e-09  1.71602816e+00  1.88397184e+00  2.57114885e+00  2.81766964e+00 
 3.65914000e-09  1.71585797e+00  1.88414203e+00  2.57089326e+00  2.81792895e+00 
 3.65964000e-09  1.71568862e+00  1.88431138e+00  2.57063891e+00  2.81818706e+00 
 3.66014000e-09  1.71552011e+00  1.88447989e+00  2.57038583e+00  2.81844395e+00 
 3.66064000e-09  1.71535242e+00  1.88464758e+00  2.57013399e+00  2.81869963e+00 
 3.66114000e-09  1.71518557e+00  1.88481443e+00  2.56988342e+00  2.81895410e+00 
 3.66164000e-09  1.71501956e+00  1.88498044e+00  2.56963410e+00  2.81920735e+00 
 3.66214000e-09  1.71485439e+00  1.88514561e+00  2.56938604e+00  2.81945937e+00 
 3.66264000e-09  1.71469006e+00  1.88530994e+00  2.56913924e+00  2.81971017e+00 
 3.66314000e-09  1.71452656e+00  1.88547344e+00  2.56889370e+00  2.81995975e+00 
 3.66364000e-09  1.71436392e+00  1.88563608e+00  2.56864943e+00  2.82020809e+00 
 3.66414000e-09  1.71420212e+00  1.88579788e+00  2.56840642e+00  2.82045521e+00 
 3.66464000e-09  1.71404116e+00  1.88595884e+00  2.56816468e+00  2.82070109e+00 
 3.66514000e-09  1.71388105e+00  1.88611895e+00  2.56792421e+00  2.82094573e+00 
 3.66564000e-09  1.71372180e+00  1.88627820e+00  2.56768500e+00  2.82118913e+00 
 3.66614000e-09  1.71356339e+00  1.88643661e+00  2.56744707e+00  2.82143129e+00 
 3.66664000e-09  1.71340584e+00  1.88659416e+00  2.56721041e+00  2.82167220e+00 
 3.66714000e-09  1.71324914e+00  1.88675086e+00  2.56697502e+00  2.82191186e+00 
 3.66764000e-09  1.71309330e+00  1.88690670e+00  2.56674091e+00  2.82215027e+00 
 3.66814000e-09  1.71293832e+00  1.88706168e+00  2.56650807e+00  2.82238742e+00 
 3.66864000e-09  1.71278419e+00  1.88721581e+00  2.56627651e+00  2.82262332e+00 
 3.66914000e-09  1.71263093e+00  1.88736907e+00  2.56604623e+00  2.82285796e+00 
 3.66964000e-09  1.71247853e+00  1.88752147e+00  2.56581723e+00  2.82309134e+00 
 3.67014000e-09  1.71232699e+00  1.88767301e+00  2.56558951e+00  2.82332345e+00 
 3.67064000e-09  1.71217632e+00  1.88782368e+00  2.56536306e+00  2.82355429e+00 
 3.67114000e-09  1.71202651e+00  1.88797349e+00  2.56513791e+00  2.82378386e+00 
 3.67164000e-09  1.71187757e+00  1.88812243e+00  2.56491403e+00  2.82401216e+00 
 3.67214000e-09  1.71172951e+00  1.88827049e+00  2.56469144e+00  2.82423918e+00 
 3.67264000e-09  1.71158231e+00  1.88841769e+00  2.56447014e+00  2.82446493e+00 
 3.67314000e-09  1.71143599e+00  1.88856401e+00  2.56425012e+00  2.82468939e+00 
 3.67364000e-09  1.71129054e+00  1.88870946e+00  2.56403139e+00  2.82491257e+00 
 3.67414000e-09  1.71114596e+00  1.88885404e+00  2.56381395e+00  2.82513446e+00 
 3.67464000e-09  1.71100227e+00  1.88899773e+00  2.56359780e+00  2.82535507e+00 
 3.67514000e-09  1.71085945e+00  1.88914055e+00  2.56338295e+00  2.82557438e+00 
 3.67564000e-09  1.71071751e+00  1.88928249e+00  2.56316938e+00  2.82579240e+00 
 3.67614000e-09  1.71057645e+00  1.88942355e+00  2.56295711e+00  2.82600912e+00 
 3.67664000e-09  1.71043628e+00  1.88956372e+00  2.56274613e+00  2.82622454e+00 
 3.67714000e-09  1.71029698e+00  1.88970302e+00  2.56253645e+00  2.82643866e+00 
 3.67764000e-09  1.71015858e+00  1.88984142e+00  2.56232806e+00  2.82665148e+00 
 3.67814000e-09  1.71002106e+00  1.88997894e+00  2.56212098e+00  2.82686299e+00 
 3.67864000e-09  1.70988443e+00  1.89011557e+00  2.56191519e+00  2.82707320e+00 
 3.67914000e-09  1.70974869e+00  1.89025131e+00  2.56171070e+00  2.82728209e+00 
 3.67964000e-09  1.70961384e+00  1.89038616e+00  2.56150751e+00  2.82748967e+00 
 3.68014000e-09  1.70947988e+00  1.89052012e+00  2.56130563e+00  2.82769594e+00 
 3.68064000e-09  1.70934681e+00  1.89065319e+00  2.56110504e+00  2.82790089e+00 
 3.68114000e-09  1.70921464e+00  1.89078536e+00  2.56090577e+00  2.82810452e+00 
 3.68164000e-09  1.70908337e+00  1.89091663e+00  2.56070780e+00  2.82830683e+00 
 3.68214000e-09  1.70895299e+00  1.89104701e+00  2.56051113e+00  2.82850782e+00 
 3.68264000e-09  1.70882351e+00  1.89117649e+00  2.56031578e+00  2.82870748e+00 
 3.68314000e-09  1.70869493e+00  1.89130507e+00  2.56012173e+00  2.82890581e+00 
 3.68364000e-09  1.70856725e+00  1.89143275e+00  2.55992899e+00  2.82910282e+00 
 3.68414000e-09  1.70844048e+00  1.89155952e+00  2.55973757e+00  2.82929850e+00 
 3.68464000e-09  1.70831460e+00  1.89168540e+00  2.55954746e+00  2.82949284e+00 
 3.68514000e-09  1.70818964e+00  1.89181036e+00  2.55935866e+00  2.82968585e+00 
 3.68564000e-09  1.70806558e+00  1.89193442e+00  2.55917118e+00  2.82987752e+00 
 3.68614000e-09  1.70794242e+00  1.89205758e+00  2.55898501e+00  2.83006785e+00 
 3.68664000e-09  1.70782018e+00  1.89217982e+00  2.55880016e+00  2.83025685e+00 
 3.68714000e-09  1.70769884e+00  1.89230116e+00  2.55861664e+00  2.83044450e+00 
 3.68764000e-09  1.70757842e+00  1.89242158e+00  2.55843443e+00  2.83063081e+00 
 3.68814000e-09  1.70745891e+00  1.89254109e+00  2.55825354e+00  2.83081577e+00 
 3.68864000e-09  1.70734031e+00  1.89265969e+00  2.55807398e+00  2.83099939e+00 
 3.68914000e-09  1.70722263e+00  1.89277737e+00  2.55789574e+00  2.83118166e+00 
 3.68964000e-09  1.70710586e+00  1.89289414e+00  2.55771883e+00  2.83136259e+00 
 3.69014000e-09  1.70699001e+00  1.89300999e+00  2.55754325e+00  2.83154216e+00 
 3.69064000e-09  1.70687507e+00  1.89312493e+00  2.55736899e+00  2.83172038e+00 
 3.69114000e-09  1.70676106e+00  1.89323894e+00  2.55719607e+00  2.83189725e+00 
 3.69164000e-09  1.70664796e+00  1.89335204e+00  2.55702447e+00  2.83207276e+00 
 3.69214000e-09  1.70653579e+00  1.89346421e+00  2.55685421e+00  2.83224691e+00 
 3.69264000e-09  1.70642454e+00  1.89357546e+00  2.55668528e+00  2.83241971e+00 
 3.69314000e-09  1.70631421e+00  1.89368579e+00  2.55651769e+00  2.83259115e+00 
 3.69364000e-09  1.70620481e+00  1.89379519e+00  2.55635143e+00  2.83276123e+00 
 3.69414000e-09  1.70609633e+00  1.89390367e+00  2.55618652e+00  2.83292995e+00 
 3.69464000e-09  1.70598878e+00  1.89401122e+00  2.55602294e+00  2.83309731e+00 
 3.69514000e-09  1.70588216e+00  1.89411784e+00  2.55586070e+00  2.83326330e+00 
 3.69564000e-09  1.70577647e+00  1.89422353e+00  2.55569981e+00  2.83342793e+00 
 3.69614000e-09  1.70567171e+00  1.89432829e+00  2.55554026e+00  2.83359119e+00 
 3.69664000e-09  1.70556787e+00  1.89443213e+00  2.55538205e+00  2.83375309e+00 
 3.69714000e-09  1.70546497e+00  1.89453503e+00  2.55522519e+00  2.83391362e+00 
 3.69764000e-09  1.70536301e+00  1.89463699e+00  2.55506968e+00  2.83407277e+00 
 3.69814000e-09  1.70526197e+00  1.89473803e+00  2.55491552e+00  2.83423056e+00 
 3.69864000e-09  1.70516188e+00  1.89483812e+00  2.55476271e+00  2.83438698e+00 
 3.69914000e-09  1.70506271e+00  1.89493729e+00  2.55461125e+00  2.83454203e+00 
 3.69964000e-09  1.70496449e+00  1.89503551e+00  2.55446114e+00  2.83469570e+00 
 3.70014000e-09  1.70486720e+00  1.89513280e+00  2.55431239e+00  2.83484799e+00 
 3.70064000e-09  1.70477085e+00  1.89522915e+00  2.55416499e+00  2.83499892e+00 
 3.70114000e-09  1.70467545e+00  1.89532455e+00  2.55401895e+00  2.83514846e+00 
 3.70164000e-09  1.70458098e+00  1.89541902e+00  2.55387427e+00  2.83529663e+00 
 3.70214000e-09  1.70448745e+00  1.89551255e+00  2.55373095e+00  2.83544342e+00 
 3.70264000e-09  1.70439487e+00  1.89560513e+00  2.55358899e+00  2.83558883e+00 
 3.70314000e-09  1.70430323e+00  1.89569677e+00  2.55344839e+00  2.83573286e+00 
 3.70364000e-09  1.70421254e+00  1.89578746e+00  2.55330915e+00  2.83587552e+00 
 3.70414000e-09  1.70412279e+00  1.89587721e+00  2.55317128e+00  2.83601678e+00 
 3.70464000e-09  1.70403398e+00  1.89596602e+00  2.55303478e+00  2.83615667e+00 
 3.70514000e-09  1.70394613e+00  1.89605387e+00  2.55289964e+00  2.83629517e+00 
 3.70564000e-09  1.70385922e+00  1.89614078e+00  2.55276587e+00  2.83643229e+00 
 3.70614000e-09  1.70377326e+00  1.89622674e+00  2.55263347e+00  2.83656803e+00 
 3.70664000e-09  1.70368825e+00  1.89631175e+00  2.55250244e+00  2.83670237e+00 
 3.70714000e-09  1.70360419e+00  1.89639581e+00  2.55237279e+00  2.83683534e+00 
 3.70764000e-09  1.70352108e+00  1.89647892e+00  2.55224450e+00  2.83696691e+00 
 3.70814000e-09  1.70343893e+00  1.89656107e+00  2.55211759e+00  2.83709709e+00 
 3.70864000e-09  1.70335773e+00  1.89664227e+00  2.55199206e+00  2.83722589e+00 
 3.70914000e-09  1.70327748e+00  1.89672252e+00  2.55186790e+00  2.83735329e+00 
 3.70964000e-09  1.70319818e+00  1.89680182e+00  2.55174512e+00  2.83747931e+00 
 3.71014000e-09  1.70311985e+00  1.89688015e+00  2.55162371e+00  2.83760393e+00 
 3.71064000e-09  1.70304246e+00  1.89695754e+00  2.55150369e+00  2.83772716e+00 
 3.71114000e-09  1.70296604e+00  1.89703396e+00  2.55138505e+00  2.83784900e+00 
 3.71164000e-09  1.70289057e+00  1.89710943e+00  2.55126779e+00  2.83796944e+00 
 3.71214000e-09  1.70281606e+00  1.89718394e+00  2.55115191e+00  2.83808849e+00 
 3.71264000e-09  1.70274251e+00  1.89725749e+00  2.55103741e+00  2.83820615e+00 
 3.71314000e-09  1.70266992e+00  1.89733008e+00  2.55092430e+00  2.83832240e+00 
 3.71364000e-09  1.70259829e+00  1.89740171e+00  2.55081258e+00  2.83843726e+00 
 3.71414000e-09  1.70252762e+00  1.89747238e+00  2.55070224e+00  2.83855073e+00 
 3.71464000e-09  1.70245792e+00  1.89754208e+00  2.55059329e+00  2.83866279e+00 
 3.71514000e-09  1.70238917e+00  1.89761083e+00  2.55048572e+00  2.83877346e+00 
 3.71564000e-09  1.70232139e+00  1.89767861e+00  2.55037955e+00  2.83888273e+00 
 3.71614000e-09  1.70225458e+00  1.89774542e+00  2.55027477e+00  2.83899059e+00 
 3.71664000e-09  1.70218872e+00  1.89781128e+00  2.55017137e+00  2.83909706e+00 
 3.71714000e-09  1.70212384e+00  1.89787616e+00  2.55006937e+00  2.83920212e+00 
 3.71764000e-09  1.70205992e+00  1.89794008e+00  2.54996877e+00  2.83930578e+00 
 3.71814000e-09  1.70199697e+00  1.89800303e+00  2.54986955e+00  2.83940804e+00 
 3.71864000e-09  1.70193498e+00  1.89806502e+00  2.54977173e+00  2.83950889e+00 
 3.71914000e-09  1.70187396e+00  1.89812604e+00  2.54967531e+00  2.83960835e+00 
 3.71964000e-09  1.70181391e+00  1.89818609e+00  2.54958028e+00  2.83970639e+00 
 3.72014000e-09  1.70175483e+00  1.89824517e+00  2.54948665e+00  2.83980303e+00 
 3.72064000e-09  1.70169672e+00  1.89830328e+00  2.54939441e+00  2.83989827e+00 
 3.72114000e-09  1.70163958e+00  1.89836042e+00  2.54930357e+00  2.83999209e+00 
 3.72164000e-09  1.70158341e+00  1.89841659e+00  2.54921414e+00  2.84008451e+00 
 3.72214000e-09  1.70152821e+00  1.89847179e+00  2.54912610e+00  2.84017553e+00 
 3.72264000e-09  1.70147398e+00  1.89852602e+00  2.54903946e+00  2.84026513e+00 
 3.72314000e-09  1.70142073e+00  1.89857927e+00  2.54895423e+00  2.84035333e+00 
 3.72364000e-09  1.70136845e+00  1.89863155e+00  2.54887039e+00  2.84044011e+00 
 3.72414000e-09  1.70131714e+00  1.89868286e+00  2.54878796e+00  2.84052549e+00 
 3.72464000e-09  1.70126680e+00  1.89873320e+00  2.54870693e+00  2.84060946e+00 
 3.72514000e-09  1.70121744e+00  1.89878256e+00  2.54862731e+00  2.84069201e+00 
 3.72564000e-09  1.70116906e+00  1.89883094e+00  2.54854909e+00  2.84077316e+00 
 3.72614000e-09  1.70112165e+00  1.89887835e+00  2.54847227e+00  2.84085289e+00 
 3.72664000e-09  1.70107522e+00  1.89892478e+00  2.54839687e+00  2.84093121e+00 
 3.72714000e-09  1.70102976e+00  1.89897024e+00  2.54832286e+00  2.84100811e+00 
 3.72764000e-09  1.70098528e+00  1.89901472e+00  2.54825027e+00  2.84108361e+00 
 3.72814000e-09  1.70094178e+00  1.89905822e+00  2.54817908e+00  2.84115768e+00 
 3.72864000e-09  1.70089925e+00  1.89910075e+00  2.54810930e+00  2.84123035e+00 
 3.72914000e-09  1.70085770e+00  1.89914230e+00  2.54804093e+00  2.84130160e+00 
 3.72964000e-09  1.70081713e+00  1.89918287e+00  2.54797397e+00  2.84137143e+00 
 3.73014000e-09  1.70077754e+00  1.89922246e+00  2.54790842e+00  2.84143985e+00 
 3.73064000e-09  1.70073893e+00  1.89926107e+00  2.54784428e+00  2.84150686e+00 
 3.73114000e-09  1.70070130e+00  1.89929870e+00  2.54778155e+00  2.84157244e+00 
 3.73164000e-09  1.70066465e+00  1.89933535e+00  2.54772023e+00  2.84163661e+00 
 3.73214000e-09  1.70062898e+00  1.89937102e+00  2.54766032e+00  2.84169936e+00 
 3.73264000e-09  1.70059429e+00  1.89940571e+00  2.54760183e+00  2.84176070e+00 
 3.73314000e-09  1.70056058e+00  1.89943942e+00  2.54754474e+00  2.84182061e+00 
 3.73364000e-09  1.70052785e+00  1.89947215e+00  2.54748907e+00  2.84187911e+00 
 3.73414000e-09  1.70049611e+00  1.89950389e+00  2.54743482e+00  2.84193619e+00 
 3.73464000e-09  1.70046535e+00  1.89953465e+00  2.54738198e+00  2.84199185e+00 
 3.73514000e-09  1.70043556e+00  1.89956444e+00  2.54733055e+00  2.84204609e+00 
 3.73564000e-09  1.70040677e+00  1.89959323e+00  2.54728054e+00  2.84209891e+00 
 3.73614000e-09  1.70037895e+00  1.89962105e+00  2.54723194e+00  2.84215031e+00 
 3.73664000e-09  1.70035212e+00  1.89964788e+00  2.54718476e+00  2.84220030e+00 
 3.73714000e-09  1.70032627e+00  1.89967373e+00  2.54713900e+00  2.84224886e+00 
 3.73764000e-09  1.70030140e+00  1.89969860e+00  2.54709465e+00  2.84229599e+00 
 3.73814000e-09  1.70027752e+00  1.89972248e+00  2.54705172e+00  2.84234171e+00 
 3.73864000e-09  1.70025463e+00  1.89974537e+00  2.54701021e+00  2.84238601e+00 
 3.73914000e-09  1.70023271e+00  1.89976729e+00  2.54697011e+00  2.84242888e+00 
 3.73964000e-09  1.70021179e+00  1.89978821e+00  2.54693143e+00  2.84247033e+00 
 3.74014000e-09  1.70019184e+00  1.89980816e+00  2.54689417e+00  2.84251036e+00 
 3.74064000e-09  1.70017288e+00  1.89982712e+00  2.54685833e+00  2.84254897e+00 
 3.74114000e-09  1.70015491e+00  1.89984509e+00  2.54682391e+00  2.84258616e+00 
 3.74164000e-09  1.70013792e+00  1.89986208e+00  2.54679090e+00  2.84262192e+00 
 3.74214000e-09  1.70012192e+00  1.89987808e+00  2.54675932e+00  2.84265626e+00 
 3.74264000e-09  1.70010691e+00  1.89989309e+00  2.54672915e+00  2.84268917e+00 
 3.74314000e-09  1.70009288e+00  1.89990712e+00  2.54670040e+00  2.84272066e+00 
 3.74364000e-09  1.70007983e+00  1.89992017e+00  2.54667308e+00  2.84275073e+00 
 3.74414000e-09  1.70006778e+00  1.89993222e+00  2.54664717e+00  2.84277937e+00 
 3.74464000e-09  1.70005670e+00  1.89994330e+00  2.54662268e+00  2.84280659e+00 
 3.74514000e-09  1.70004662e+00  1.89995338e+00  2.54659962e+00  2.84283238e+00 
 3.74564000e-09  1.70003752e+00  1.89996248e+00  2.54657797e+00  2.84285675e+00 
 3.74614000e-09  1.70002941e+00  1.89997059e+00  2.54655775e+00  2.84287970e+00 
 3.74664000e-09  1.70002228e+00  1.89997772e+00  2.54653894e+00  2.84290122e+00 
 3.74714000e-09  1.70001615e+00  1.89998385e+00  2.54652156e+00  2.84292131e+00 
 3.74764000e-09  1.70001099e+00  1.89998901e+00  2.54650560e+00  2.84293998e+00 
 3.74814000e-09  1.70000683e+00  1.89999317e+00  2.54649106e+00  2.84295723e+00 
 3.74864000e-09  1.70000365e+00  1.89999635e+00  2.54647794e+00  2.84297304e+00 
 3.74914000e-09  1.70000146e+00  1.89999854e+00  2.54646624e+00  2.84298744e+00 
 3.74964000e-09  1.70000026e+00  1.89999974e+00  2.54645597e+00  2.84300041e+00 
 3.75014000e-09  1.70000004e+00  1.89999996e+00  2.54644711e+00  2.84301195e+00 
 3.75064000e-09  1.70000081e+00  1.89999919e+00  2.54643968e+00  2.84302206e+00 
 3.75114000e-09  1.70000257e+00  1.89999743e+00  2.54643367e+00  2.84303075e+00 
 3.75164000e-09  1.70000531e+00  1.89999469e+00  2.54642908e+00  2.84303802e+00 
 3.75214000e-09  1.70000904e+00  1.89999096e+00  2.54642591e+00  2.84304386e+00 
 3.75264000e-09  1.70001376e+00  1.89998624e+00  2.54642416e+00  2.84304827e+00 
 3.75314000e-09  1.70001946e+00  1.89998054e+00  2.54642383e+00  2.84305125e+00 
 3.75364000e-09  1.70002615e+00  1.89997385e+00  2.54642493e+00  2.84305281e+00 
 3.75414000e-09  1.70003383e+00  1.89996617e+00  2.54642745e+00  2.84305294e+00 
 3.75464000e-09  1.70004249e+00  1.89995751e+00  2.54643139e+00  2.84305165e+00 
 3.75514000e-09  1.70005215e+00  1.89994785e+00  2.54643675e+00  2.84304893e+00 
 3.75564000e-09  1.70006278e+00  1.89993722e+00  2.54644353e+00  2.84304479e+00 
 3.75614000e-09  1.70007441e+00  1.89992559e+00  2.54645173e+00  2.84303921e+00 
 3.75664000e-09  1.70008702e+00  1.89991298e+00  2.54646136e+00  2.84303222e+00 
 3.75714000e-09  1.70010061e+00  1.89989939e+00  2.54647240e+00  2.84302379e+00 
 3.75764000e-09  1.70011519e+00  1.89988481e+00  2.54648487e+00  2.84301394e+00 
 3.75814000e-09  1.70013076e+00  1.89986924e+00  2.54649876e+00  2.84300266e+00 
 3.75864000e-09  1.70014732e+00  1.89985268e+00  2.54651406e+00  2.84298996e+00 
 3.75914000e-09  1.70016486e+00  1.89983514e+00  2.54653079e+00  2.84297583e+00 
 3.75964000e-09  1.70018338e+00  1.89981662e+00  2.54654894e+00  2.84296028e+00 
 3.76014000e-09  1.70020289e+00  1.89979711e+00  2.54656851e+00  2.84294329e+00 
 3.76064000e-09  1.70022338e+00  1.89977662e+00  2.54658950e+00  2.84292489e+00 
 3.76114000e-09  1.70024486e+00  1.89975514e+00  2.54661191e+00  2.84290505e+00 
 3.76164000e-09  1.70026733e+00  1.89973267e+00  2.54663574e+00  2.84288380e+00 
 3.76214000e-09  1.70029077e+00  1.89970923e+00  2.54666098e+00  2.84286111e+00 
 3.76264000e-09  1.70031521e+00  1.89968479e+00  2.54668765e+00  2.84283700e+00 
 3.76314000e-09  1.70034062e+00  1.89965938e+00  2.54671574e+00  2.84281147e+00 
 3.76364000e-09  1.70036702e+00  1.89963298e+00  2.54674524e+00  2.84278451e+00 
 3.76414000e-09  1.70039441e+00  1.89960559e+00  2.54677616e+00  2.84275612e+00 
 3.76464000e-09  1.70042277e+00  1.89957723e+00  2.54680850e+00  2.84272631e+00 
 3.76514000e-09  1.70045212e+00  1.89954788e+00  2.54684226e+00  2.84269508e+00 
 3.76564000e-09  1.70048245e+00  1.89951755e+00  2.54687744e+00  2.84266242e+00 
 3.76614000e-09  1.70051377e+00  1.89948623e+00  2.54691403e+00  2.84262833e+00 
 3.76664000e-09  1.70054606e+00  1.89945394e+00  2.54695204e+00  2.84259282e+00 
 3.76714000e-09  1.70057934e+00  1.89942066e+00  2.54699147e+00  2.84255589e+00 
 3.76764000e-09  1.70061360e+00  1.89938640e+00  2.54703231e+00  2.84251753e+00 
 3.76814000e-09  1.70064883e+00  1.89935117e+00  2.54707457e+00  2.84247775e+00 
 3.76864000e-09  1.70068505e+00  1.89931495e+00  2.54711825e+00  2.84243655e+00 
 3.76914000e-09  1.70072225e+00  1.89927775e+00  2.54716334e+00  2.84239393e+00 
 3.76964000e-09  1.70076043e+00  1.89923957e+00  2.54720984e+00  2.84234988e+00 
 3.77014000e-09  1.70079959e+00  1.89920041e+00  2.54725776e+00  2.84230440e+00 
 3.77064000e-09  1.70083973e+00  1.89916027e+00  2.54730710e+00  2.84225751e+00 
 3.77114000e-09  1.70088085e+00  1.89911915e+00  2.54735784e+00  2.84220919e+00 
 3.77164000e-09  1.70092294e+00  1.89907706e+00  2.54741000e+00  2.84215946e+00 
 3.77214000e-09  1.70096602e+00  1.89903398e+00  2.54746358e+00  2.84210830e+00 
 3.77264000e-09  1.70101007e+00  1.89898993e+00  2.54751856e+00  2.84205571e+00 
 3.77314000e-09  1.70105509e+00  1.89894491e+00  2.54757496e+00  2.84200171e+00 
 3.77364000e-09  1.70110110e+00  1.89889890e+00  2.54763277e+00  2.84194629e+00 
 3.77414000e-09  1.70114808e+00  1.89885192e+00  2.54769199e+00  2.84188945e+00 
 3.77464000e-09  1.70119603e+00  1.89880397e+00  2.54775262e+00  2.84183118e+00 
 3.77514000e-09  1.70124496e+00  1.89875504e+00  2.54781466e+00  2.84177150e+00 
 3.77564000e-09  1.70129487e+00  1.89870513e+00  2.54787811e+00  2.84171040e+00 
 3.77614000e-09  1.70134575e+00  1.89865425e+00  2.54794297e+00  2.84164788e+00 
 3.77664000e-09  1.70139760e+00  1.89860240e+00  2.54800923e+00  2.84158394e+00 
 3.77714000e-09  1.70145043e+00  1.89854957e+00  2.54807691e+00  2.84151858e+00 
 3.77764000e-09  1.70150423e+00  1.89849577e+00  2.54814599e+00  2.84145181e+00 
 3.77814000e-09  1.70155900e+00  1.89844100e+00  2.54821648e+00  2.84138362e+00 
 3.77864000e-09  1.70161474e+00  1.89838526e+00  2.54828838e+00  2.84131401e+00 
 3.77914000e-09  1.70167146e+00  1.89832854e+00  2.54836168e+00  2.84124298e+00 
 3.77964000e-09  1.70172914e+00  1.89827086e+00  2.54843638e+00  2.84117054e+00 
 3.78014000e-09  1.70178780e+00  1.89821220e+00  2.54851249e+00  2.84109669e+00 
 3.78064000e-09  1.70184742e+00  1.89815258e+00  2.54859001e+00  2.84102142e+00 
 3.78114000e-09  1.70190801e+00  1.89809199e+00  2.54866893e+00  2.84094473e+00 
 3.78164000e-09  1.70196957e+00  1.89803043e+00  2.54874925e+00  2.84086663e+00 
 3.78214000e-09  1.70203210e+00  1.89796790e+00  2.54883097e+00  2.84078712e+00 
 3.78264000e-09  1.70209559e+00  1.89790441e+00  2.54891409e+00  2.84070619e+00 
 3.78314000e-09  1.70216006e+00  1.89783994e+00  2.54899862e+00  2.84062385e+00 
 3.78364000e-09  1.70222548e+00  1.89777452e+00  2.54908454e+00  2.84054010e+00 
 3.78414000e-09  1.70229187e+00  1.89770813e+00  2.54917186e+00  2.84045494e+00 
 3.78464000e-09  1.70235923e+00  1.89764077e+00  2.54926059e+00  2.84036836e+00 
 3.78514000e-09  1.70242755e+00  1.89757245e+00  2.54935070e+00  2.84028038e+00 
 3.78564000e-09  1.70249683e+00  1.89750317e+00  2.54944222e+00  2.84019098e+00 
 3.78614000e-09  1.70256708e+00  1.89743292e+00  2.54953514e+00  2.84010018e+00 
 3.78664000e-09  1.70263829e+00  1.89736171e+00  2.54962944e+00  2.84000797e+00 
 3.78714000e-09  1.70271045e+00  1.89728955e+00  2.54972515e+00  2.83991435e+00 
 3.78764000e-09  1.70278358e+00  1.89721642e+00  2.54982225e+00  2.83981932e+00 
 3.78814000e-09  1.70285767e+00  1.89714233e+00  2.54992074e+00  2.83972288e+00 
 3.78864000e-09  1.70293271e+00  1.89706729e+00  2.55002062e+00  2.83962504e+00 
 3.78914000e-09  1.70300872e+00  1.89699128e+00  2.55012190e+00  2.83952580e+00 
 3.78964000e-09  1.70308568e+00  1.89691432e+00  2.55022457e+00  2.83942514e+00 
 3.79014000e-09  1.70316360e+00  1.89683640e+00  2.55032862e+00  2.83932309e+00 
 3.79064000e-09  1.70324247e+00  1.89675753e+00  2.55043407e+00  2.83921963e+00 
 3.79114000e-09  1.70332230e+00  1.89667770e+00  2.55054090e+00  2.83911477e+00 
 3.79164000e-09  1.70340308e+00  1.89659692e+00  2.55064913e+00  2.83900850e+00 
 3.79214000e-09  1.70348482e+00  1.89651518e+00  2.55075874e+00  2.83890084e+00 
 3.79264000e-09  1.70356751e+00  1.89643249e+00  2.55086973e+00  2.83879177e+00 
 3.79314000e-09  1.70365115e+00  1.89634885e+00  2.55098211e+00  2.83868130e+00 
 3.79364000e-09  1.70373574e+00  1.89626426e+00  2.55109588e+00  2.83856944e+00 
 3.79414000e-09  1.70382128e+00  1.89617872e+00  2.55121103e+00  2.83845617e+00 
 3.79464000e-09  1.70390777e+00  1.89609223e+00  2.55132756e+00  2.83834151e+00 
 3.79514000e-09  1.70399521e+00  1.89600479e+00  2.55144547e+00  2.83822545e+00 
 3.79564000e-09  1.70408360e+00  1.89591640e+00  2.55156476e+00  2.83810799e+00 
 3.79614000e-09  1.70417293e+00  1.89582707e+00  2.55168544e+00  2.83798914e+00 
 3.79664000e-09  1.70426321e+00  1.89573679e+00  2.55180749e+00  2.83786889e+00 
 3.79714000e-09  1.70435443e+00  1.89564557e+00  2.55193092e+00  2.83774725e+00 
 3.79764000e-09  1.70444660e+00  1.89555340e+00  2.55205572e+00  2.83762422e+00 
 3.79814000e-09  1.70453971e+00  1.89546029e+00  2.55218190e+00  2.83749980e+00 
 3.79864000e-09  1.70463376e+00  1.89536624e+00  2.55230946e+00  2.83737398e+00 
 3.79914000e-09  1.70472876e+00  1.89527124e+00  2.55243839e+00  2.83724677e+00 
 3.79964000e-09  1.70482469e+00  1.89517531e+00  2.55256869e+00  2.83711818e+00 
 3.80014000e-09  1.70492157e+00  1.89507843e+00  2.55270037e+00  2.83698819e+00 
 3.80064000e-09  1.70501938e+00  1.89498062e+00  2.55283341e+00  2.83685682e+00 
 3.80114000e-09  1.70511813e+00  1.89488187e+00  2.55296782e+00  2.83672406e+00 
 3.80164000e-09  1.70521782e+00  1.89478218e+00  2.55310361e+00  2.83658991e+00 
 3.80214000e-09  1.70531844e+00  1.89468156e+00  2.55324076e+00  2.83645438e+00 
 3.80264000e-09  1.70541999e+00  1.89458001e+00  2.55337927e+00  2.83631746e+00 
 3.80314000e-09  1.70552248e+00  1.89447752e+00  2.55351916e+00  2.83617917e+00 
 3.80364000e-09  1.70562591e+00  1.89437409e+00  2.55366040e+00  2.83603949e+00 
 3.80414000e-09  1.70573026e+00  1.89426974e+00  2.55380301e+00  2.83589842e+00 
 3.80464000e-09  1.70583554e+00  1.89416446e+00  2.55394698e+00  2.83575598e+00 
 3.80514000e-09  1.70594176e+00  1.89405824e+00  2.55409231e+00  2.83561216e+00 
 3.80564000e-09  1.70604890e+00  1.89395110e+00  2.55423900e+00  2.83546696e+00 
 3.80614000e-09  1.70615697e+00  1.89384303e+00  2.55438705e+00  2.83532039e+00 
 3.80664000e-09  1.70626596e+00  1.89373404e+00  2.55453646e+00  2.83517243e+00 
 3.80714000e-09  1.70637588e+00  1.89362412e+00  2.55468722e+00  2.83502311e+00 
 3.80764000e-09  1.70648673e+00  1.89351327e+00  2.55483934e+00  2.83487241e+00 
 3.80814000e-09  1.70659849e+00  1.89340151e+00  2.55499281e+00  2.83472033e+00 
 3.80864000e-09  1.70671118e+00  1.89328882e+00  2.55514763e+00  2.83456689e+00 
 3.80914000e-09  1.70682479e+00  1.89317521e+00  2.55530381e+00  2.83441207e+00 
 3.80964000e-09  1.70693932e+00  1.89306068e+00  2.55546133e+00  2.83425589e+00 
 3.81014000e-09  1.70705477e+00  1.89294523e+00  2.55562020e+00  2.83409833e+00 
 3.81064000e-09  1.70717113e+00  1.89282887e+00  2.55578042e+00  2.83393941e+00 
 3.81114000e-09  1.70728842e+00  1.89271158e+00  2.55594199e+00  2.83377912e+00 
 3.81164000e-09  1.70740661e+00  1.89259339e+00  2.55610490e+00  2.83361747e+00 
 3.81214000e-09  1.70752572e+00  1.89247428e+00  2.55626916e+00  2.83345445e+00 
 3.81264000e-09  1.70764575e+00  1.89235425e+00  2.55643475e+00  2.83329007e+00 
 3.81314000e-09  1.70776668e+00  1.89223332e+00  2.55660169e+00  2.83312433e+00 
 3.81364000e-09  1.70788852e+00  1.89211148e+00  2.55676997e+00  2.83295723e+00 
 3.81414000e-09  1.70801128e+00  1.89198872e+00  2.55693958e+00  2.83278877e+00 
 3.81464000e-09  1.70813494e+00  1.89186506e+00  2.55711054e+00  2.83261896e+00 
 3.81514000e-09  1.70825951e+00  1.89174049e+00  2.55728282e+00  2.83244779e+00 
 3.81564000e-09  1.70838498e+00  1.89161502e+00  2.55745645e+00  2.83227526e+00 
 3.81614000e-09  1.70851136e+00  1.89148864e+00  2.55763140e+00  2.83210137e+00 
 3.81664000e-09  1.70863864e+00  1.89136136e+00  2.55780769e+00  2.83192614e+00 
 3.81714000e-09  1.70876682e+00  1.89123318e+00  2.55798530e+00  2.83174955e+00 
 3.81764000e-09  1.70889591e+00  1.89110409e+00  2.55816425e+00  2.83157162e+00 
 3.81814000e-09  1.70902589e+00  1.89097411e+00  2.55834452e+00  2.83139233e+00 
 3.81864000e-09  1.70915677e+00  1.89084323e+00  2.55852611e+00  2.83121170e+00 
 3.81914000e-09  1.70928855e+00  1.89071145e+00  2.55870903e+00  2.83102973e+00 
 3.81964000e-09  1.70942122e+00  1.89057878e+00  2.55889328e+00  2.83084640e+00 
 3.82014000e-09  1.70955478e+00  1.89044522e+00  2.55907884e+00  2.83066174e+00 
 3.82064000e-09  1.70968924e+00  1.89031076e+00  2.55926572e+00  2.83047573e+00 
 3.82114000e-09  1.70982459e+00  1.89017541e+00  2.55945393e+00  2.83028839e+00 
 3.82164000e-09  1.70996083e+00  1.89003917e+00  2.55964344e+00  2.83009970e+00 
 3.82214000e-09  1.71009796e+00  1.88990204e+00  2.55983428e+00  2.82990968e+00 
 3.82264000e-09  1.71023598e+00  1.88976402e+00  2.56002642e+00  2.82971832e+00 
 3.82314000e-09  1.71037488e+00  1.88962512e+00  2.56021988e+00  2.82952562e+00 
 3.82364000e-09  1.71051466e+00  1.88948534e+00  2.56041465e+00  2.82933160e+00 
 3.82414000e-09  1.71065533e+00  1.88934467e+00  2.56061073e+00  2.82913624e+00 
 3.82464000e-09  1.71079689e+00  1.88920311e+00  2.56080811e+00  2.82893955e+00 
 3.82514000e-09  1.71093932e+00  1.88906068e+00  2.56100680e+00  2.82874154e+00 
 3.82564000e-09  1.71108263e+00  1.88891737e+00  2.56120680e+00  2.82854219e+00 
 3.82614000e-09  1.71122682e+00  1.88877318e+00  2.56140809e+00  2.82834152e+00 
 3.82664000e-09  1.71137188e+00  1.88862812e+00  2.56161069e+00  2.82813953e+00 
 3.82714000e-09  1.71151782e+00  1.88848218e+00  2.56181459e+00  2.82793622e+00 
 3.82764000e-09  1.71166463e+00  1.88833537e+00  2.56201978e+00  2.82773158e+00 
 3.82814000e-09  1.71181232e+00  1.88818768e+00  2.56222627e+00  2.82752563e+00 
 3.82864000e-09  1.71196087e+00  1.88803913e+00  2.56243405e+00  2.82731836e+00 
 3.82914000e-09  1.71211030e+00  1.88788970e+00  2.56264313e+00  2.82710977e+00 
 3.82964000e-09  1.71226059e+00  1.88773941e+00  2.56285349e+00  2.82689987e+00 
 3.83014000e-09  1.71241174e+00  1.88758826e+00  2.56306515e+00  2.82668865e+00 
 3.83064000e-09  1.71256376e+00  1.88743624e+00  2.56327809e+00  2.82647613e+00 
 3.83114000e-09  1.71271665e+00  1.88728335e+00  2.56349231e+00  2.82626229e+00 
 3.83164000e-09  1.71287039e+00  1.88712961e+00  2.56370782e+00  2.82604715e+00 
 3.83214000e-09  1.71302500e+00  1.88697500e+00  2.56392461e+00  2.82583070e+00 
 3.83264000e-09  1.71318046e+00  1.88681954e+00  2.56414269e+00  2.82561295e+00 
 3.83314000e-09  1.71333679e+00  1.88666321e+00  2.56436203e+00  2.82539390e+00 
 3.83364000e-09  1.71349396e+00  1.88650604e+00  2.56458266e+00  2.82517355e+00 
 3.83414000e-09  1.71365199e+00  1.88634801e+00  2.56480456e+00  2.82495189e+00 
 3.83464000e-09  1.71381088e+00  1.88618912e+00  2.56502773e+00  2.82472894e+00 
 3.83514000e-09  1.71397061e+00  1.88602939e+00  2.56525218e+00  2.82450470e+00 
 3.83564000e-09  1.71413119e+00  1.88586881e+00  2.56547789e+00  2.82427916e+00 
 3.83614000e-09  1.71429262e+00  1.88570738e+00  2.56570487e+00  2.82405233e+00 
 3.83664000e-09  1.71445490e+00  1.88554510e+00  2.56593311e+00  2.82382421e+00 
 3.83714000e-09  1.71461802e+00  1.88538198e+00  2.56616262e+00  2.82359481e+00 
 3.83764000e-09  1.71478198e+00  1.88521802e+00  2.56639339e+00  2.82336412e+00 
 3.83814000e-09  1.71494678e+00  1.88505322e+00  2.56662541e+00  2.82313214e+00 
 3.83864000e-09  1.71511242e+00  1.88488758e+00  2.56685870e+00  2.82289888e+00 
 3.83914000e-09  1.71527891e+00  1.88472109e+00  2.56709324e+00  2.82266434e+00 
 3.83964000e-09  1.71544622e+00  1.88455378e+00  2.56732903e+00  2.82242852e+00 
 3.84014000e-09  1.71561437e+00  1.88438563e+00  2.56756608e+00  2.82219143e+00 
 3.84064000e-09  1.71578336e+00  1.88421664e+00  2.56780438e+00  2.82195306e+00 
 3.84114000e-09  1.71595317e+00  1.88404683e+00  2.56804392e+00  2.82171342e+00 
 3.84164000e-09  1.71612382e+00  1.88387618e+00  2.56828471e+00  2.82147251e+00 
 3.84214000e-09  1.71629529e+00  1.88370471e+00  2.56852674e+00  2.82123033e+00 
 3.84264000e-09  1.71646759e+00  1.88353241e+00  2.56877001e+00  2.82098689e+00 
 3.84314000e-09  1.71664071e+00  1.88335929e+00  2.56901452e+00  2.82074218e+00 
 3.84364000e-09  1.71681466e+00  1.88318534e+00  2.56926027e+00  2.82049620e+00 
 3.84414000e-09  1.71698943e+00  1.88301057e+00  2.56950726e+00  2.82024897e+00 
 3.84464000e-09  1.71716501e+00  1.88283499e+00  2.56975547e+00  2.82000048e+00 
 3.84514000e-09  1.71734142e+00  1.88265858e+00  2.57000492e+00  2.81975073e+00 
 3.84564000e-09  1.71751864e+00  1.88248136e+00  2.57025560e+00  2.81949973e+00 
 3.84614000e-09  1.71769667e+00  1.88230333e+00  2.57050750e+00  2.81924748e+00 
 3.84664000e-09  1.71787552e+00  1.88212448e+00  2.57076063e+00  2.81899398e+00 
 3.84714000e-09  1.71805517e+00  1.88194483e+00  2.57101498e+00  2.81873923e+00 
 3.84764000e-09  1.71823564e+00  1.88176436e+00  2.57127055e+00  2.81848323e+00 
 3.84814000e-09  1.71841691e+00  1.88158309e+00  2.57152734e+00  2.81822599e+00 
 3.84864000e-09  1.71859899e+00  1.88140101e+00  2.57178535e+00  2.81796751e+00 
 3.84914000e-09  1.71878187e+00  1.88121813e+00  2.57204457e+00  2.81770779e+00 
 3.84964000e-09  1.71896555e+00  1.88103445e+00  2.57230500e+00  2.81744683e+00 
 3.85014000e-09  1.71915004e+00  1.88084996e+00  2.57256664e+00  2.81718464e+00 
 3.85064000e-09  1.71933532e+00  1.88066468e+00  2.57282948e+00  2.81692122e+00 
 3.85114000e-09  1.71952139e+00  1.88047861e+00  2.57309353e+00  2.81665657e+00 
 3.85164000e-09  1.71970826e+00  1.88029174e+00  2.57335879e+00  2.81639068e+00 
 3.85214000e-09  1.71989593e+00  1.88010407e+00  2.57362524e+00  2.81612358e+00 
 3.85264000e-09  1.72008438e+00  1.87991562e+00  2.57389289e+00  2.81585525e+00 
 3.85314000e-09  1.72027362e+00  1.87972638e+00  2.57416174e+00  2.81558570e+00 
 3.85364000e-09  1.72046365e+00  1.87953635e+00  2.57443178e+00  2.81531493e+00 
 3.85414000e-09  1.72065447e+00  1.87934553e+00  2.57470301e+00  2.81504294e+00 
 3.85464000e-09  1.72084606e+00  1.87915394e+00  2.57497542e+00  2.81476974e+00 
 3.85514000e-09  1.72103844e+00  1.87896156e+00  2.57524903e+00  2.81449533e+00 
 3.85564000e-09  1.72123160e+00  1.87876840e+00  2.57552382e+00  2.81421971e+00 
 3.85614000e-09  1.72142554e+00  1.87857446e+00  2.57579979e+00  2.81394289e+00 
 3.85664000e-09  1.72162025e+00  1.87837975e+00  2.57607694e+00  2.81366486e+00 
 3.85714000e-09  1.72181573e+00  1.87818427e+00  2.57635526e+00  2.81338562e+00 
 3.85764000e-09  1.72201199e+00  1.87798801e+00  2.57663476e+00  2.81310519e+00 
 3.85814000e-09  1.72220901e+00  1.87779099e+00  2.57691543e+00  2.81282356e+00 
 3.85864000e-09  1.72240681e+00  1.87759319e+00  2.57719727e+00  2.81254074e+00 
 3.85914000e-09  1.72260537e+00  1.87739463e+00  2.57748028e+00  2.81225672e+00 
 3.85964000e-09  1.72280469e+00  1.87719531e+00  2.57776445e+00  2.81197152e+00 
 3.86014000e-09  1.72300478e+00  1.87699522e+00  2.57804978e+00  2.81168513e+00 
 3.86064000e-09  1.72320562e+00  1.87679438e+00  2.57833627e+00  2.81139755e+00 
 3.86114000e-09  1.72340722e+00  1.87659278e+00  2.57862392e+00  2.81110879e+00 
 3.86164000e-09  1.72360958e+00  1.87639042e+00  2.57891272e+00  2.81081886e+00 
 3.86214000e-09  1.72381270e+00  1.87618730e+00  2.57920267e+00  2.81052774e+00 
 3.86264000e-09  1.72401656e+00  1.87598344e+00  2.57949378e+00  2.81023545e+00 
 3.86314000e-09  1.72422118e+00  1.87577882e+00  2.57978603e+00  2.80994199e+00 
 3.86364000e-09  1.72442654e+00  1.87557346e+00  2.58007942e+00  2.80964737e+00 
 3.86414000e-09  1.72463265e+00  1.87536735e+00  2.58037395e+00  2.80935157e+00 
 3.86464000e-09  1.72483950e+00  1.87516050e+00  2.58066963e+00  2.80905461e+00 
 3.86514000e-09  1.72504709e+00  1.87495291e+00  2.58096644e+00  2.80875649e+00 
 3.86564000e-09  1.72525543e+00  1.87474457e+00  2.58126438e+00  2.80845721e+00 
 3.86614000e-09  1.72546450e+00  1.87453550e+00  2.58156345e+00  2.80815678e+00 
 3.86664000e-09  1.72567431e+00  1.87432569e+00  2.58186365e+00  2.80785519e+00 
 3.86714000e-09  1.72588485e+00  1.87411515e+00  2.58216498e+00  2.80755246e+00 
 3.86764000e-09  1.72609612e+00  1.87390388e+00  2.58246743e+00  2.80724857e+00 
 3.86814000e-09  1.72630812e+00  1.87369188e+00  2.58277099e+00  2.80694354e+00 
 3.86864000e-09  1.72652085e+00  1.87347915e+00  2.58307568e+00  2.80663737e+00 
 3.86914000e-09  1.72673431e+00  1.87326569e+00  2.58338148e+00  2.80633006e+00 
 3.86964000e-09  1.72694848e+00  1.87305152e+00  2.58368839e+00  2.80602161e+00 
 3.87014000e-09  1.72716338e+00  1.87283662e+00  2.58399641e+00  2.80571203e+00 
 3.87064000e-09  1.72737900e+00  1.87262100e+00  2.58430554e+00  2.80540132e+00 
 3.87114000e-09  1.72759533e+00  1.87240467e+00  2.58461577e+00  2.80508948e+00 
 3.87164000e-09  1.72781238e+00  1.87218762e+00  2.58492710e+00  2.80477652e+00 
 3.87214000e-09  1.72803014e+00  1.87196986e+00  2.58523953e+00  2.80446243e+00 
 3.87264000e-09  1.72824861e+00  1.87175139e+00  2.58555306e+00  2.80414723e+00 
 3.87314000e-09  1.72846779e+00  1.87153221e+00  2.58586767e+00  2.80383090e+00 
 3.87364000e-09  1.72868768e+00  1.87131232e+00  2.58618338e+00  2.80351347e+00 
 3.87414000e-09  1.72890827e+00  1.87109173e+00  2.58650017e+00  2.80319492e+00 
 3.87464000e-09  1.72912956e+00  1.87087044e+00  2.58681805e+00  2.80287527e+00 
 3.87514000e-09  1.72935155e+00  1.87064845e+00  2.58713700e+00  2.80255451e+00 
 3.87564000e-09  1.72957424e+00  1.87042576e+00  2.58745704e+00  2.80223265e+00 
 3.87614000e-09  1.72979762e+00  1.87020238e+00  2.58777815e+00  2.80190969e+00 
 3.87664000e-09  1.73002170e+00  1.86997830e+00  2.58810033e+00  2.80158563e+00 
 3.87714000e-09  1.73024646e+00  1.86975354e+00  2.58842358e+00  2.80126048e+00 
 3.87764000e-09  1.73047192e+00  1.86952808e+00  2.58874790e+00  2.80093424e+00 
 3.87814000e-09  1.73069806e+00  1.86930194e+00  2.58907328e+00  2.80060692e+00 
 3.87864000e-09  1.73092488e+00  1.86907512e+00  2.58939972e+00  2.80027851e+00 
 3.87914000e-09  1.73115239e+00  1.86884761e+00  2.58972721e+00  2.79994902e+00 
 3.87964000e-09  1.73138058e+00  1.86861942e+00  2.59005576e+00  2.79961845e+00 
 3.88014000e-09  1.73160944e+00  1.86839056e+00  2.59038537e+00  2.79928681e+00 
 3.88064000e-09  1.73183898e+00  1.86816102e+00  2.59071602e+00  2.79895410e+00 
 3.88114000e-09  1.73206919e+00  1.86793081e+00  2.59104771e+00  2.79862032e+00 
 3.88164000e-09  1.73230007e+00  1.86769993e+00  2.59138045e+00  2.79828547e+00 
 3.88214000e-09  1.73253162e+00  1.86746838e+00  2.59171423e+00  2.79794956e+00 
 3.88264000e-09  1.73276384e+00  1.86723616e+00  2.59204904e+00  2.79761259e+00 
 3.88314000e-09  1.73299672e+00  1.86700328e+00  2.59238488e+00  2.79727457e+00 
 3.88364000e-09  1.73323026e+00  1.86676974e+00  2.59272176e+00  2.79693549e+00 
 3.88414000e-09  1.73346446e+00  1.86653554e+00  2.59305966e+00  2.79659537e+00 
 3.88464000e-09  1.73369931e+00  1.86630069e+00  2.59339858e+00  2.79625419e+00 
 3.88514000e-09  1.73393482e+00  1.86606518e+00  2.59373853e+00  2.79591198e+00 
 3.88564000e-09  1.73417098e+00  1.86582902e+00  2.59407949e+00  2.79556872e+00 
 3.88614000e-09  1.73440780e+00  1.86559220e+00  2.59442147e+00  2.79522443e+00 
 3.88664000e-09  1.73464526e+00  1.86535474e+00  2.59476445e+00  2.79487911e+00 
 3.88714000e-09  1.73488336e+00  1.86511664e+00  2.59510845e+00  2.79453276e+00 
 3.88764000e-09  1.73512211e+00  1.86487789e+00  2.59545345e+00  2.79418537e+00 
 3.88814000e-09  1.73536150e+00  1.86463850e+00  2.59579945e+00  2.79383697e+00 
 3.88864000e-09  1.73560152e+00  1.86439848e+00  2.59614645e+00  2.79348755e+00 
 3.88914000e-09  1.73584218e+00  1.86415782e+00  2.59649444e+00  2.79313711e+00 
 3.88964000e-09  1.73608348e+00  1.86391652e+00  2.59684342e+00  2.79278565e+00 
 3.89014000e-09  1.73632540e+00  1.86367460e+00  2.59719339e+00  2.79243319e+00 
 3.89064000e-09  1.73656796e+00  1.86343204e+00  2.59754435e+00  2.79207972e+00 
 3.89114000e-09  1.73681114e+00  1.86318886e+00  2.59789629e+00  2.79172524e+00 
 3.89164000e-09  1.73705494e+00  1.86294506e+00  2.59824921e+00  2.79136977e+00 
 3.89214000e-09  1.73729937e+00  1.86270063e+00  2.59860310e+00  2.79101330e+00 
 3.89264000e-09  1.73754441e+00  1.86245559e+00  2.59895796e+00  2.79065584e+00 
 3.89314000e-09  1.73779007e+00  1.86220993e+00  2.59931380e+00  2.79029739e+00 
 3.89364000e-09  1.73803634e+00  1.86196366e+00  2.59967059e+00  2.78993795e+00 
 3.89414000e-09  1.73828323e+00  1.86171677e+00  2.60002835e+00  2.78957753e+00 
 3.89464000e-09  1.73853072e+00  1.86146928e+00  2.60038707e+00  2.78921613e+00 
 3.89514000e-09  1.73877882e+00  1.86122118e+00  2.60074674e+00  2.78885375e+00 
 3.89564000e-09  1.73902753e+00  1.86097247e+00  2.60110737e+00  2.78849040e+00 
 3.89614000e-09  1.73927684e+00  1.86072316e+00  2.60146894e+00  2.78812608e+00 
 3.89664000e-09  1.73952674e+00  1.86047326e+00  2.60183145e+00  2.78776080e+00 
 3.89714000e-09  1.73977725e+00  1.86022275e+00  2.60219491e+00  2.78739456e+00 
 3.89764000e-09  1.74002834e+00  1.85997166e+00  2.60255931e+00  2.78702736e+00 
 3.89814000e-09  1.74028003e+00  1.85971997e+00  2.60292463e+00  2.78665920e+00 
 3.89864000e-09  1.74053231e+00  1.85946769e+00  2.60329089e+00  2.78629010e+00 
 3.89914000e-09  1.74078518e+00  1.85921482e+00  2.60365808e+00  2.78592004e+00 
 3.89964000e-09  1.74103863e+00  1.85896137e+00  2.60402619e+00  2.78554904e+00 
 3.90014000e-09  1.74129266e+00  1.85870734e+00  2.60439522e+00  2.78517711e+00 
 3.90064000e-09  1.74154727e+00  1.85845273e+00  2.60476517e+00  2.78480423e+00 
 3.90114000e-09  1.74180246e+00  1.85819754e+00  2.60513603e+00  2.78443042e+00 
 3.90164000e-09  1.74205823e+00  1.85794177e+00  2.60550781e+00  2.78405569e+00 
 3.90214000e-09  1.74231456e+00  1.85768544e+00  2.60588048e+00  2.78368003e+00 
 3.90264000e-09  1.74257147e+00  1.85742853e+00  2.60625406e+00  2.78330344e+00 
 3.90314000e-09  1.74282894e+00  1.85717106e+00  2.60662854e+00  2.78292594e+00 
 3.90364000e-09  1.74308697e+00  1.85691303e+00  2.60700392e+00  2.78254753e+00 
 3.90414000e-09  1.74334557e+00  1.85665443e+00  2.60738018e+00  2.78216820e+00 
 3.90464000e-09  1.74360472e+00  1.85639528e+00  2.60775734e+00  2.78178797e+00 
 3.90514000e-09  1.74386444e+00  1.85613556e+00  2.60813538e+00  2.78140683e+00 
 3.90564000e-09  1.74412470e+00  1.85587530e+00  2.60851430e+00  2.78102480e+00 
 3.90614000e-09  1.74438552e+00  1.85561448e+00  2.60889409e+00  2.78064186e+00 
 3.90664000e-09  1.74464689e+00  1.85535311e+00  2.60927476e+00  2.78025804e+00 
 3.90714000e-09  1.74490880e+00  1.85509120e+00  2.60965630e+00  2.77987333e+00 
 3.90764000e-09  1.74517126e+00  1.85482874e+00  2.61003871e+00  2.77948773e+00 
 3.90814000e-09  1.74543426e+00  1.85456574e+00  2.61042198e+00  2.77910126e+00 
 3.90864000e-09  1.74569780e+00  1.85430220e+00  2.61080611e+00  2.77871390e+00 
 3.90914000e-09  1.74596187e+00  1.85403813e+00  2.61119109e+00  2.77832568e+00 
 3.90964000e-09  1.74622648e+00  1.85377352e+00  2.61157693e+00  2.77793658e+00 
 3.91014000e-09  1.74649161e+00  1.85350839e+00  2.61196361e+00  2.77754662e+00 
 3.91064000e-09  1.74675728e+00  1.85324272e+00  2.61235114e+00  2.77715580e+00 
 3.91114000e-09  1.74702347e+00  1.85297653e+00  2.61273950e+00  2.77676412e+00 
 3.91164000e-09  1.74729018e+00  1.85270982e+00  2.61312871e+00  2.77637159e+00 
 3.91214000e-09  1.74755741e+00  1.85244259e+00  2.61351874e+00  2.77597821e+00 
 3.91264000e-09  1.74782517e+00  1.85217483e+00  2.61390961e+00  2.77558398e+00 
 3.91314000e-09  1.74809343e+00  1.85190657e+00  2.61430130e+00  2.77518891e+00 
 3.91364000e-09  1.74836221e+00  1.85163779e+00  2.61469381e+00  2.77479301e+00 
 3.91414000e-09  1.74863150e+00  1.85136850e+00  2.61508714e+00  2.77439627e+00 
 3.91464000e-09  1.74890129e+00  1.85109871e+00  2.61548128e+00  2.77399870e+00 
 3.91514000e-09  1.74917159e+00  1.85082841e+00  2.61587623e+00  2.77360030e+00 
 3.91564000e-09  1.74944239e+00  1.85055761e+00  2.61627199e+00  2.77320108e+00 
 3.91614000e-09  1.74971369e+00  1.85028631e+00  2.61666855e+00  2.77280105e+00 
 3.91664000e-09  1.74998549e+00  1.85001451e+00  2.61706590e+00  2.77240020e+00 
 3.91714000e-09  1.75025778e+00  1.84974222e+00  2.61746406e+00  2.77199854e+00 
 3.91764000e-09  1.75053056e+00  1.84946944e+00  2.61786300e+00  2.77159607e+00 
 3.91814000e-09  1.75080383e+00  1.84919617e+00  2.61826273e+00  2.77119281e+00 
 3.91864000e-09  1.75107758e+00  1.84892242e+00  2.61866324e+00  2.77078874e+00 
 3.91914000e-09  1.75135182e+00  1.84864818e+00  2.61906453e+00  2.77038388e+00 
 3.91964000e-09  1.75162654e+00  1.84837346e+00  2.61946659e+00  2.76997823e+00 
 3.92014000e-09  1.75190174e+00  1.84809826e+00  2.61986942e+00  2.76957180e+00 
 3.92064000e-09  1.75217740e+00  1.84782260e+00  2.62027303e+00  2.76916459e+00 
 3.92114000e-09  1.75245355e+00  1.84754645e+00  2.62067739e+00  2.76875659e+00 
 3.92164000e-09  1.75273016e+00  1.84726984e+00  2.62108251e+00  2.76834783e+00 
 3.92214000e-09  1.75300724e+00  1.84699276e+00  2.62148839e+00  2.76793829e+00 
 3.92264000e-09  1.75328478e+00  1.84671522e+00  2.62189502e+00  2.76752799e+00 
 3.92314000e-09  1.75356278e+00  1.84643722e+00  2.62230239e+00  2.76711693e+00 
 3.92364000e-09  1.75384124e+00  1.84615876e+00  2.62271051e+00  2.76670512e+00 
 3.92414000e-09  1.75412016e+00  1.84587984e+00  2.62311936e+00  2.76629255e+00 
 3.92464000e-09  1.75439953e+00  1.84560047e+00  2.62352895e+00  2.76587923e+00 
 3.92514000e-09  1.75467934e+00  1.84532066e+00  2.62393928e+00  2.76546517e+00 
 3.92564000e-09  1.75495961e+00  1.84504039e+00  2.62435032e+00  2.76505037e+00 
 3.92614000e-09  1.75524032e+00  1.84475968e+00  2.62476209e+00  2.76463483e+00 
 3.92664000e-09  1.75552147e+00  1.84447853e+00  2.62517458e+00  2.76421856e+00 
 3.92714000e-09  1.75580307e+00  1.84419693e+00  2.62558778e+00  2.76380157e+00 
 3.92764000e-09  1.75608509e+00  1.84391491e+00  2.62600170e+00  2.76338385e+00 
 3.92814000e-09  1.75636756e+00  1.84363244e+00  2.62641631e+00  2.76296541e+00 
 3.92864000e-09  1.75665045e+00  1.84334955e+00  2.62683163e+00  2.76254626e+00 
 3.92914000e-09  1.75693377e+00  1.84306623e+00  2.62724765e+00  2.76212640e+00 
 3.92964000e-09  1.75721751e+00  1.84278249e+00  2.62766436e+00  2.76170583e+00 
 3.93014000e-09  1.75750168e+00  1.84249832e+00  2.62808177e+00  2.76128456e+00 
 3.93064000e-09  1.75778627e+00  1.84221373e+00  2.62849985e+00  2.76086259e+00 
 3.93114000e-09  1.75807127e+00  1.84192873e+00  2.62891862e+00  2.76043993e+00 
 3.93164000e-09  1.75835669e+00  1.84164331e+00  2.62933806e+00  2.76001658e+00 
 3.93214000e-09  1.75864252e+00  1.84135748e+00  2.62975818e+00  2.75959255e+00 
 3.93264000e-09  1.75892875e+00  1.84107125e+00  2.63017897e+00  2.75916784e+00 
 3.93314000e-09  1.75921539e+00  1.84078461e+00  2.63060042e+00  2.75874245e+00 
 3.93364000e-09  1.75950244e+00  1.84049756e+00  2.63102253e+00  2.75831639e+00 
 3.93414000e-09  1.75978988e+00  1.84021012e+00  2.63144529e+00  2.75788966e+00 
 3.93464000e-09  1.76007772e+00  1.83992228e+00  2.63186871e+00  2.75746227e+00 
 3.93514000e-09  1.76036596e+00  1.83963404e+00  2.63229278e+00  2.75703423e+00 
 3.93564000e-09  1.76065458e+00  1.83934542e+00  2.63271749e+00  2.75660553e+00 
 3.93614000e-09  1.76094360e+00  1.83905640e+00  2.63314283e+00  2.75617618e+00 
 3.93664000e-09  1.76123300e+00  1.83876700e+00  2.63356882e+00  2.75574618e+00 
 3.93714000e-09  1.76152278e+00  1.83847722e+00  2.63399543e+00  2.75531554e+00 
 3.93764000e-09  1.76181294e+00  1.83818706e+00  2.63442267e+00  2.75488427e+00 
 3.93814000e-09  1.76210348e+00  1.83789652e+00  2.63485053e+00  2.75445237e+00 
 3.93864000e-09  1.76239439e+00  1.83760561e+00  2.63527901e+00  2.75401984e+00 
 3.93914000e-09  1.76268568e+00  1.83731432e+00  2.63570810e+00  2.75358668e+00 
 3.93964000e-09  1.76297733e+00  1.83702267e+00  2.63613780e+00  2.75315291e+00 
 3.94014000e-09  1.76326935e+00  1.83673065e+00  2.63656810e+00  2.75271852e+00 
 3.94064000e-09  1.76356173e+00  1.83643827e+00  2.63699901e+00  2.75228353e+00 
 3.94114000e-09  1.76385447e+00  1.83614553e+00  2.63743051e+00  2.75184793e+00 
 3.94164000e-09  1.76414756e+00  1.83585244e+00  2.63786260e+00  2.75141173e+00 
 3.94214000e-09  1.76444101e+00  1.83555899e+00  2.63829528e+00  2.75097493e+00 
 3.94264000e-09  1.76473482e+00  1.83526518e+00  2.63872854e+00  2.75053754e+00 
 3.94314000e-09  1.76502896e+00  1.83497104e+00  2.63916238e+00  2.75009957e+00 
 3.94364000e-09  1.76532346e+00  1.83467654e+00  2.63959680e+00  2.74966101e+00 
 3.94414000e-09  1.76561830e+00  1.83438170e+00  2.64003178e+00  2.74922188e+00 
 3.94464000e-09  1.76591347e+00  1.83408653e+00  2.64046733e+00  2.74878217e+00 
 3.94514000e-09  1.76620899e+00  1.83379101e+00  2.64090345e+00  2.74834190e+00 
 3.94564000e-09  1.76650483e+00  1.83349517e+00  2.64134011e+00  2.74790106e+00 
 3.94614000e-09  1.76680101e+00  1.83319899e+00  2.64177733e+00  2.74745966e+00 
 3.94664000e-09  1.76709751e+00  1.83290249e+00  2.64221510e+00  2.74701770e+00 
 3.94714000e-09  1.76739434e+00  1.83260566e+00  2.64265341e+00  2.74657520e+00 
 3.94764000e-09  1.76769149e+00  1.83230851e+00  2.64309226e+00  2.74613215e+00 
 3.94814000e-09  1.76798896e+00  1.83201104e+00  2.64353164e+00  2.74568855e+00 
 3.94864000e-09  1.76828675e+00  1.83171325e+00  2.64397156e+00  2.74524443e+00 
 3.94914000e-09  1.76858485e+00  1.83141515e+00  2.64441200e+00  2.74479977e+00 
 3.94964000e-09  1.76888326e+00  1.83111674e+00  2.64485296e+00  2.74435458e+00 
 3.95014000e-09  1.76918197e+00  1.83081803e+00  2.64529443e+00  2.74390887e+00 
 3.95064000e-09  1.76948099e+00  1.83051901e+00  2.64573642e+00  2.74346264e+00 
 3.95114000e-09  1.76978031e+00  1.83021969e+00  2.64617892e+00  2.74301590e+00 
 3.95164000e-09  1.77007993e+00  1.82992007e+00  2.64662192e+00  2.74256865e+00 
 3.95214000e-09  1.77037985e+00  1.82962015e+00  2.64706541e+00  2.74212090e+00 
 3.95264000e-09  1.77068005e+00  1.82931995e+00  2.64750941e+00  2.74167265e+00 
 3.95314000e-09  1.77098055e+00  1.82901945e+00  2.64795389e+00  2.74122390e+00 
 3.95364000e-09  1.77128133e+00  1.82871867e+00  2.64839885e+00  2.74077466e+00 
 3.95414000e-09  1.77158240e+00  1.82841760e+00  2.64884430e+00  2.74032494e+00 
 3.95464000e-09  1.77188375e+00  1.82811625e+00  2.64929022e+00  2.73987474e+00 
 3.95514000e-09  1.77218537e+00  1.82781463e+00  2.64973662e+00  2.73942406e+00 
 3.95564000e-09  1.77248727e+00  1.82751273e+00  2.65018348e+00  2.73897291e+00 
 3.95614000e-09  1.77278944e+00  1.82721056e+00  2.65063080e+00  2.73852129e+00 
 3.95664000e-09  1.77309188e+00  1.82690812e+00  2.65107858e+00  2.73806921e+00 
 3.95714000e-09  1.77339458e+00  1.82660542e+00  2.65152682e+00  2.73761668e+00 
 3.95764000e-09  1.77369755e+00  1.82630245e+00  2.65197550e+00  2.73716369e+00 
 3.95814000e-09  1.77400078e+00  1.82599922e+00  2.65242463e+00  2.73671026e+00 
 3.95864000e-09  1.77430426e+00  1.82569574e+00  2.65287419e+00  2.73625638e+00 
 3.95914000e-09  1.77460800e+00  1.82539200e+00  2.65332419e+00  2.73580207e+00 
 3.95964000e-09  1.77491199e+00  1.82508801e+00  2.65377463e+00  2.73534732e+00 
 3.96014000e-09  1.77521622e+00  1.82478378e+00  2.65422548e+00  2.73489215e+00 
 3.96064000e-09  1.77552070e+00  1.82447930e+00  2.65467676e+00  2.73443655e+00 
 3.96114000e-09  1.77582542e+00  1.82417458e+00  2.65512846e+00  2.73398053e+00 
 3.96164000e-09  1.77613038e+00  1.82386962e+00  2.65558057e+00  2.73352410e+00 
 3.96214000e-09  1.77643558e+00  1.82356442e+00  2.65603308e+00  2.73306726e+00 
 3.96264000e-09  1.77674101e+00  1.82325899e+00  2.65648600e+00  2.73261002e+00 
 3.96314000e-09  1.77704666e+00  1.82295334e+00  2.65693931e+00  2.73215237e+00 
 3.96364000e-09  1.77735255e+00  1.82264745e+00  2.65739302e+00  2.73169433e+00 
 3.96414000e-09  1.77765866e+00  1.82234134e+00  2.65784712e+00  2.73123591e+00 
 3.96464000e-09  1.77796498e+00  1.82203502e+00  2.65830160e+00  2.73077709e+00 
 3.96514000e-09  1.77827153e+00  1.82172847e+00  2.65875646e+00  2.73031790e+00 
 3.96564000e-09  1.77857829e+00  1.82142171e+00  2.65921170e+00  2.72985833e+00 
 3.96614000e-09  1.77888526e+00  1.82111474e+00  2.65966731e+00  2.72939839e+00 
 3.96664000e-09  1.77919244e+00  1.82080756e+00  2.66012328e+00  2.72893809e+00 
 3.96714000e-09  1.77949983e+00  1.82050017e+00  2.66057961e+00  2.72847743e+00 
 3.96764000e-09  1.77980742e+00  1.82019258e+00  2.66103630e+00  2.72801641e+00 
 3.96814000e-09  1.78011520e+00  1.81988480e+00  2.66149334e+00  2.72755504e+00 
 3.96864000e-09  1.78042319e+00  1.81957681e+00  2.66195073e+00  2.72709332e+00 
 3.96914000e-09  1.78073136e+00  1.81926864e+00  2.66240846e+00  2.72663126e+00 
 3.96964000e-09  1.78103973e+00  1.81896027e+00  2.66286653e+00  2.72616887e+00 
 3.97014000e-09  1.78134828e+00  1.81865172e+00  2.66332493e+00  2.72570615e+00 
 3.97064000e-09  1.78165702e+00  1.81834298e+00  2.66378366e+00  2.72524310e+00 
 3.97114000e-09  1.78196594e+00  1.81803406e+00  2.66424271e+00  2.72477973e+00 
 3.97164000e-09  1.78227504e+00  1.81772496e+00  2.66470209e+00  2.72431604e+00 
 3.97214000e-09  1.78258431e+00  1.81741569e+00  2.66516177e+00  2.72385204e+00 
 3.97264000e-09  1.78289375e+00  1.81710625e+00  2.66562177e+00  2.72338773e+00 
 3.97314000e-09  1.78320336e+00  1.81679664e+00  2.66608207e+00  2.72292313e+00 
 3.97364000e-09  1.78351314e+00  1.81648686e+00  2.66654267e+00  2.72245822e+00 
 3.97414000e-09  1.78382308e+00  1.81617692e+00  2.66700357e+00  2.72199303e+00 
 3.97464000e-09  1.78413318e+00  1.81586682e+00  2.66746475e+00  2.72152755e+00 
 3.97514000e-09  1.78444344e+00  1.81555656e+00  2.66792623e+00  2.72106178e+00 
 3.97564000e-09  1.78475385e+00  1.81524615e+00  2.66838798e+00  2.72059574e+00 
 3.97614000e-09  1.78506441e+00  1.81493559e+00  2.66885001e+00  2.72012943e+00 
 3.97664000e-09  1.78537512e+00  1.81462488e+00  2.66931232e+00  2.71966286e+00 
 3.97714000e-09  1.78568597e+00  1.81431403e+00  2.66977489e+00  2.71919602e+00 
 3.97764000e-09  1.78599697e+00  1.81400303e+00  2.67023772e+00  2.71872892e+00 
 3.97814000e-09  1.78630810e+00  1.81369190e+00  2.67070081e+00  2.71826157e+00 
 3.97864000e-09  1.78661937e+00  1.81338063e+00  2.67116416e+00  2.71779398e+00 
 3.97914000e-09  1.78693077e+00  1.81306923e+00  2.67162775e+00  2.71732615e+00 
 3.97964000e-09  1.78724230e+00  1.81275770e+00  2.67209159e+00  2.71685807e+00 
 3.98014000e-09  1.78755395e+00  1.81244605e+00  2.67255566e+00  2.71638977e+00 
 3.98064000e-09  1.78786573e+00  1.81213427e+00  2.67301997e+00  2.71592124e+00 
 3.98114000e-09  1.78817763e+00  1.81182237e+00  2.67348451e+00  2.71545249e+00 
 3.98164000e-09  1.78848964e+00  1.81151036e+00  2.67394928e+00  2.71498352e+00 
 3.98214000e-09  1.78880177e+00  1.81119823e+00  2.67441426e+00  2.71451435e+00 
 3.98264000e-09  1.78911401e+00  1.81088599e+00  2.67487946e+00  2.71404496e+00 
 3.98314000e-09  1.78942635e+00  1.81057365e+00  2.67534487e+00  2.71357538e+00 
 3.98364000e-09  1.78973880e+00  1.81026120e+00  2.67581049e+00  2.71310560e+00 
 3.98414000e-09  1.79005135e+00  1.80994865e+00  2.67627630e+00  2.71263562e+00 
 3.98464000e-09  1.79036400e+00  1.80963600e+00  2.67674232e+00  2.71216547e+00 
 3.98514000e-09  1.79067675e+00  1.80932325e+00  2.67720852e+00  2.71169513e+00 
 3.98564000e-09  1.79098958e+00  1.80901042e+00  2.67767492e+00  2.71122461e+00 
 3.98614000e-09  1.79130251e+00  1.80869749e+00  2.67814149e+00  2.71075393e+00 
 3.98664000e-09  1.79161552e+00  1.80838448e+00  2.67860824e+00  2.71028308e+00 
 3.98714000e-09  1.79192861e+00  1.80807139e+00  2.67907517e+00  2.70981207e+00 
 3.98764000e-09  1.79224179e+00  1.80775821e+00  2.67954226e+00  2.70934091e+00 
 3.98814000e-09  1.79255504e+00  1.80744496e+00  2.68000952e+00  2.70886959e+00 
 3.98864000e-09  1.79286836e+00  1.80713164e+00  2.68047693e+00  2.70839813e+00 
 3.98914000e-09  1.79318175e+00  1.80681825e+00  2.68094450e+00  2.70792653e+00 
 3.98964000e-09  1.79349522e+00  1.80650478e+00  2.68141222e+00  2.70745480e+00 
 3.99014000e-09  1.79380874e+00  1.80619126e+00  2.68188009e+00  2.70698294e+00 
 3.99064000e-09  1.79412233e+00  1.80587767e+00  2.68234809e+00  2.70651095e+00 
 3.99114000e-09  1.79443597e+00  1.80556403e+00  2.68281623e+00  2.70603884e+00 
 3.99164000e-09  1.79474967e+00  1.80525033e+00  2.68328450e+00  2.70556662e+00 
 3.99214000e-09  1.79506342e+00  1.80493658e+00  2.68375289e+00  2.70509430e+00 
 3.99264000e-09  1.79537722e+00  1.80462278e+00  2.68422141e+00  2.70462187e+00 
 3.99314000e-09  1.79569107e+00  1.80430893e+00  2.68469004e+00  2.70414934e+00 
 3.99364000e-09  1.79600496e+00  1.80399504e+00  2.68515878e+00  2.70367671e+00 
 3.99414000e-09  1.79631889e+00  1.80368111e+00  2.68562763e+00  2.70320400e+00 
 3.99464000e-09  1.79663285e+00  1.80336715e+00  2.68609659e+00  2.70273121e+00 
 3.99514000e-09  1.79694685e+00  1.80305315e+00  2.68656564e+00  2.70225834e+00 
 3.99564000e-09  1.79726087e+00  1.80273913e+00  2.68703478e+00  2.70178539e+00 
 3.99614000e-09  1.79757493e+00  1.80242507e+00  2.68750401e+00  2.70131238e+00 
 3.99664000e-09  1.79788901e+00  1.80211099e+00  2.68797333e+00  2.70083931e+00 
 3.99714000e-09  1.79820311e+00  1.80179689e+00  2.68844272e+00  2.70036618e+00 
 3.99764000e-09  1.79851722e+00  1.80148278e+00  2.68891218e+00  2.69989301e+00 
 3.99814000e-09  1.79883135e+00  1.80116865e+00  2.68938172e+00  2.69941978e+00 
 3.99864000e-09  1.79914550e+00  1.80085450e+00  2.68985132e+00  2.69894651e+00 
 3.99914000e-09  1.79945965e+00  1.80054035e+00  2.69032098e+00  2.69847321e+00 
 3.99964000e-09  1.79977381e+00  1.80022619e+00  2.69079070e+00  2.69799988e+00 
 4.00014000e-09  1.80008796e+00  1.79991204e+00  2.69126046e+00  2.69752652e+00 
 4.00064000e-09  1.80040212e+00  1.79959788e+00  2.69173027e+00  2.69705314e+00 
 4.00114000e-09  1.80071628e+00  1.79928372e+00  2.69220013e+00  2.69657975e+00 
 4.00164000e-09  1.80103042e+00  1.79896958e+00  2.69267002e+00  2.69610635e+00 
 4.00214000e-09  1.80134456e+00  1.79865544e+00  2.69313994e+00  2.69563295e+00 
 4.00264000e-09  1.80165868e+00  1.79834132e+00  2.69360988e+00  2.69515954e+00 
 4.00314000e-09  1.80197279e+00  1.79802721e+00  2.69407986e+00  2.69468615e+00 
 4.00364000e-09  1.80228688e+00  1.79771312e+00  2.69454984e+00  2.69421276e+00 
 4.00414000e-09  1.80260095e+00  1.79739905e+00  2.69501984e+00  2.69373939e+00 
 4.00464000e-09  1.80291499e+00  1.79708501e+00  2.69548985e+00  2.69326605e+00 
 4.00514000e-09  1.80322900e+00  1.79677100e+00  2.69595987e+00  2.69279273e+00 
 4.00564000e-09  1.80354297e+00  1.79645703e+00  2.69642988e+00  2.69231944e+00 
 4.00614000e-09  1.80385692e+00  1.79614308e+00  2.69689988e+00  2.69184620e+00 
 4.00664000e-09  1.80417082e+00  1.79582918e+00  2.69736988e+00  2.69137299e+00 
 4.00714000e-09  1.80448469e+00  1.79551531e+00  2.69783986e+00  2.69089984e+00 
 4.00764000e-09  1.80479851e+00  1.79520149e+00  2.69830982e+00  2.69042674e+00 
 4.00814000e-09  1.80511228e+00  1.79488772e+00  2.69877976e+00  2.68995370e+00 
 4.00864000e-09  1.80542601e+00  1.79457399e+00  2.69924967e+00  2.68948072e+00 
 4.00914000e-09  1.80573968e+00  1.79426032e+00  2.69971954e+00  2.68900781e+00 
 4.00964000e-09  1.80605329e+00  1.79394671e+00  2.70018938e+00  2.68853498e+00 
 4.01014000e-09  1.80636684e+00  1.79363316e+00  2.70065917e+00  2.68806223e+00 
 4.01064000e-09  1.80668033e+00  1.79331967e+00  2.70112891e+00  2.68758956e+00 
 4.01114000e-09  1.80699375e+00  1.79300625e+00  2.70159861e+00  2.68711699e+00 
 4.01164000e-09  1.80730711e+00  1.79269289e+00  2.70206824e+00  2.68664451e+00 
 4.01214000e-09  1.80762039e+00  1.79237961e+00  2.70253781e+00  2.68617213e+00 
 4.01264000e-09  1.80793360e+00  1.79206640e+00  2.70300732e+00  2.68569986e+00 
 4.01314000e-09  1.80824673e+00  1.79175327e+00  2.70347676e+00  2.68522771e+00 
 4.01364000e-09  1.80855978e+00  1.79144022e+00  2.70394612e+00  2.68475566e+00 
 4.01414000e-09  1.80887274e+00  1.79112726e+00  2.70441540e+00  2.68428375e+00 
 4.01464000e-09  1.80918562e+00  1.79081438e+00  2.70488459e+00  2.68381196e+00 
 4.01514000e-09  1.80949840e+00  1.79050160e+00  2.70535369e+00  2.68334030e+00 
 4.01564000e-09  1.80981109e+00  1.79018891e+00  2.70582270e+00  2.68286878e+00 
 4.01614000e-09  1.81012369e+00  1.78987631e+00  2.70629161e+00  2.68239740e+00 
 4.01664000e-09  1.81043618e+00  1.78956382e+00  2.70676042e+00  2.68192618e+00 
 4.01714000e-09  1.81074857e+00  1.78925143e+00  2.70722912e+00  2.68145510e+00 
 4.01764000e-09  1.81106086e+00  1.78893914e+00  2.70769770e+00  2.68098419e+00 
 4.01814000e-09  1.81137304e+00  1.78862696e+00  2.70816617e+00  2.68051344e+00 
 4.01864000e-09  1.81168510e+00  1.78831490e+00  2.70863451e+00  2.68004286e+00 
 4.01914000e-09  1.81199705e+00  1.78800295e+00  2.70910272e+00  2.67957246e+00 
 4.01964000e-09  1.81230888e+00  1.78769112e+00  2.70957080e+00  2.67910223e+00 
 4.02014000e-09  1.81262059e+00  1.78737941e+00  2.71003875e+00  2.67863219e+00 
 4.02064000e-09  1.81293217e+00  1.78706783e+00  2.71050655e+00  2.67816234e+00 
 4.02114000e-09  1.81324363e+00  1.78675637e+00  2.71097421e+00  2.67769268e+00 
 4.02164000e-09  1.81355496e+00  1.78644504e+00  2.71144171e+00  2.67722323e+00 
 4.02214000e-09  1.81386615e+00  1.78613385e+00  2.71190906e+00  2.67675397e+00 
 4.02264000e-09  1.81417720e+00  1.78582280e+00  2.71237625e+00  2.67628493e+00 
 4.02314000e-09  1.81448812e+00  1.78551188e+00  2.71284327e+00  2.67581611e+00 
 4.02364000e-09  1.81479889e+00  1.78520111e+00  2.71331012e+00  2.67534751e+00 
 4.02414000e-09  1.81510952e+00  1.78489048e+00  2.71377679e+00  2.67487913e+00 
 4.02464000e-09  1.81542000e+00  1.78458000e+00  2.71424329e+00  2.67441098e+00 
 4.02514000e-09  1.81573032e+00  1.78426968e+00  2.71470959e+00  2.67394306e+00 
 4.02564000e-09  1.81604049e+00  1.78395951e+00  2.71517571e+00  2.67347539e+00 
 4.02614000e-09  1.81635050e+00  1.78364950e+00  2.71564164e+00  2.67300796e+00 
 4.02664000e-09  1.81666035e+00  1.78333965e+00  2.71610736e+00  2.67254079e+00 
 4.02714000e-09  1.81697004e+00  1.78302996e+00  2.71657288e+00  2.67207386e+00 
 4.02764000e-09  1.81727956e+00  1.78272044e+00  2.71703818e+00  2.67160720e+00 
 4.02814000e-09  1.81758891e+00  1.78241109e+00  2.71750328e+00  2.67114081e+00 
 4.02864000e-09  1.81789808e+00  1.78210192e+00  2.71796815e+00  2.67067468e+00 
 4.02914000e-09  1.81820708e+00  1.78179292e+00  2.71843280e+00  2.67020882e+00 
 4.02964000e-09  1.81851590e+00  1.78148410e+00  2.71889722e+00  2.66974325e+00 
 4.03014000e-09  1.81882453e+00  1.78117547e+00  2.71936140e+00  2.66927796e+00 
 4.03064000e-09  1.81913298e+00  1.78086702e+00  2.71982535e+00  2.66881296e+00 
 4.03114000e-09  1.81944124e+00  1.78055876e+00  2.72028905e+00  2.66834825e+00 
 4.03164000e-09  1.81974931e+00  1.78025069e+00  2.72075250e+00  2.66788384e+00 
 4.03214000e-09  1.82005718e+00  1.77994282e+00  2.72121570e+00  2.66741974e+00 
 4.03264000e-09  1.82036486e+00  1.77963514e+00  2.72167863e+00  2.66695594e+00 
 4.03314000e-09  1.82067233e+00  1.77932767e+00  2.72214130e+00  2.66649245e+00 
 4.03364000e-09  1.82097960e+00  1.77902040e+00  2.72260371e+00  2.66602928e+00 
 4.03414000e-09  1.82128667e+00  1.77871333e+00  2.72306583e+00  2.66556644e+00 
 4.03464000e-09  1.82159352e+00  1.77840648e+00  2.72352768e+00  2.66510391e+00 
 4.03514000e-09  1.82190016e+00  1.77809984e+00  2.72398924e+00  2.66464172e+00 
 4.03564000e-09  1.82220659e+00  1.77779341e+00  2.72445051e+00  2.66417987e+00 
 4.03614000e-09  1.82251279e+00  1.77748721e+00  2.72491148e+00  2.66371835e+00 
 4.03664000e-09  1.82281877e+00  1.77718123e+00  2.72537216e+00  2.66325718e+00 
 4.03714000e-09  1.82312453e+00  1.77687547e+00  2.72583253e+00  2.66279635e+00 
 4.03764000e-09  1.82343006e+00  1.77656994e+00  2.72629258e+00  2.66233588e+00 
 4.03814000e-09  1.82373536e+00  1.77626464e+00  2.72675232e+00  2.66187577e+00 
 4.03864000e-09  1.82404042e+00  1.77595958e+00  2.72721174e+00  2.66141602e+00 
 4.03914000e-09  1.82434525e+00  1.77565475e+00  2.72767084e+00  2.66095663e+00 
 4.03964000e-09  1.82464984e+00  1.77535016e+00  2.72812960e+00  2.66049762e+00 
 4.04014000e-09  1.82495418e+00  1.77504582e+00  2.72858802e+00  2.66003898e+00 
 4.04064000e-09  1.82525828e+00  1.77474172e+00  2.72904610e+00  2.65958071e+00 
 4.04114000e-09  1.82556212e+00  1.77443788e+00  2.72950384e+00  2.65912284e+00 
 4.04164000e-09  1.82586572e+00  1.77413428e+00  2.72996122e+00  2.65866535e+00 
 4.04214000e-09  1.82616906e+00  1.77383094e+00  2.73041824e+00  2.65820825e+00 
 4.04264000e-09  1.82647214e+00  1.77352786e+00  2.73087490e+00  2.65775155e+00 
 4.04314000e-09  1.82677496e+00  1.77322504e+00  2.73133119e+00  2.65729525e+00 
 4.04364000e-09  1.82707752e+00  1.77292248e+00  2.73178711e+00  2.65683935e+00 
 4.04414000e-09  1.82737981e+00  1.77262019e+00  2.73224265e+00  2.65638386e+00 
 4.04464000e-09  1.82768183e+00  1.77231817e+00  2.73269781e+00  2.65592879e+00 
 4.04514000e-09  1.82798357e+00  1.77201643e+00  2.73315257e+00  2.65547413e+00 
 4.04564000e-09  1.82828504e+00  1.77171496e+00  2.73360694e+00  2.65501989e+00 
 4.04614000e-09  1.82858623e+00  1.77141377e+00  2.73406091e+00  2.65456608e+00 
 4.04664000e-09  1.82888714e+00  1.77111286e+00  2.73451448e+00  2.65411270e+00 
 4.04714000e-09  1.82918776e+00  1.77081224e+00  2.73496763e+00  2.65365975e+00 
 4.04764000e-09  1.82948810e+00  1.77051190e+00  2.73542037e+00  2.65320724e+00 
 4.04814000e-09  1.82978814e+00  1.77021186e+00  2.73587269e+00  2.65275518e+00 
 4.04864000e-09  1.83008789e+00  1.76991211e+00  2.73632458e+00  2.65230356e+00 
 4.04914000e-09  1.83038734e+00  1.76961266e+00  2.73677604e+00  2.65185239e+00 
 4.04964000e-09  1.83068650e+00  1.76931350e+00  2.73722706e+00  2.65140167e+00 
 4.05014000e-09  1.83098535e+00  1.76901465e+00  2.73767764e+00  2.65095141e+00 
 4.05064000e-09  1.83128389e+00  1.76871611e+00  2.73812778e+00  2.65050162e+00 
 4.05114000e-09  1.83158213e+00  1.76841787e+00  2.73857746e+00  2.65005229e+00 
 4.05164000e-09  1.83188005e+00  1.76811995e+00  2.73902668e+00  2.64960343e+00 
 4.05214000e-09  1.83217766e+00  1.76782234e+00  2.73947545e+00  2.64915505e+00 
 4.05264000e-09  1.83247495e+00  1.76752505e+00  2.73992374e+00  2.64870715e+00 
 4.05314000e-09  1.83277192e+00  1.76722808e+00  2.74037156e+00  2.64825973e+00 
 4.05364000e-09  1.83306857e+00  1.76693143e+00  2.74081891e+00  2.64781280e+00 
 4.05414000e-09  1.83336489e+00  1.76663511e+00  2.74126577e+00  2.64736635e+00 
 4.05464000e-09  1.83366088e+00  1.76633912e+00  2.74171214e+00  2.64692041e+00 
 4.05514000e-09  1.83395654e+00  1.76604346e+00  2.74215802e+00  2.64647496e+00 
 4.05564000e-09  1.83425187e+00  1.76574813e+00  2.74260340e+00  2.64603002e+00 
 4.05614000e-09  1.83454685e+00  1.76545315e+00  2.74304828e+00  2.64558558e+00 
 4.05664000e-09  1.83484150e+00  1.76515850e+00  2.74349265e+00  2.64514166e+00 
 4.05714000e-09  1.83513580e+00  1.76486420e+00  2.74393651e+00  2.64469825e+00 
 4.05764000e-09  1.83542976e+00  1.76457024e+00  2.74437985e+00  2.64425537e+00 
 4.05814000e-09  1.83572336e+00  1.76427664e+00  2.74482267e+00  2.64381300e+00 
 4.05864000e-09  1.83601661e+00  1.76398339e+00  2.74526496e+00  2.64337117e+00 
 4.05914000e-09  1.83630951e+00  1.76369049e+00  2.74570672e+00  2.64292987e+00 
 4.05964000e-09  1.83660205e+00  1.76339795e+00  2.74614794e+00  2.64248910e+00 
 4.06014000e-09  1.83689423e+00  1.76310577e+00  2.74658861e+00  2.64204888e+00 
 4.06064000e-09  1.83718604e+00  1.76281396e+00  2.74702874e+00  2.64160920e+00 
 4.06114000e-09  1.83747749e+00  1.76252251e+00  2.74746832e+00  2.64117007e+00 
 4.06164000e-09  1.83776857e+00  1.76223143e+00  2.74790734e+00  2.64073150e+00 
 4.06214000e-09  1.83805927e+00  1.76194073e+00  2.74834580e+00  2.64029348e+00 
 4.06264000e-09  1.83834960e+00  1.76165040e+00  2.74878369e+00  2.63985602e+00 
 4.06314000e-09  1.83863955e+00  1.76136045e+00  2.74922102e+00  2.63941913e+00 
 4.06364000e-09  1.83892912e+00  1.76107088e+00  2.74965776e+00  2.63898281e+00 
 4.06414000e-09  1.83921830e+00  1.76078170e+00  2.75009393e+00  2.63854707e+00 
 4.06464000e-09  1.83950710e+00  1.76049290e+00  2.75052951e+00  2.63811190e+00 
 4.06514000e-09  1.83979550e+00  1.76020450e+00  2.75096450e+00  2.63767732e+00 
 4.06564000e-09  1.84008352e+00  1.75991648e+00  2.75139890e+00  2.63724333e+00 
 4.06614000e-09  1.84037114e+00  1.75962886e+00  2.75183270e+00  2.63680992e+00 
 4.06664000e-09  1.84065836e+00  1.75934164e+00  2.75226590e+00  2.63637711e+00 
 4.06714000e-09  1.84094518e+00  1.75905482e+00  2.75269849e+00  2.63594491e+00 
 4.06764000e-09  1.84123159e+00  1.75876841e+00  2.75313046e+00  2.63551330e+00 
 4.06814000e-09  1.84151760e+00  1.75848240e+00  2.75356182e+00  2.63508231e+00 
 4.06864000e-09  1.84180320e+00  1.75819680e+00  2.75399256e+00  2.63465193e+00 
 4.06914000e-09  1.84208838e+00  1.75791162e+00  2.75442267e+00  2.63422216e+00 
 4.06964000e-09  1.84237315e+00  1.75762685e+00  2.75485216e+00  2.63379302e+00 
 4.07014000e-09  1.84265751e+00  1.75734249e+00  2.75528101e+00  2.63336450e+00 
 4.07064000e-09  1.84294144e+00  1.75705856e+00  2.75570922e+00  2.63293661e+00 
 4.07114000e-09  1.84322494e+00  1.75677506e+00  2.75613679e+00  2.63250936e+00 
 4.07164000e-09  1.84350802e+00  1.75649198e+00  2.75656371e+00  2.63208275e+00 
 4.07214000e-09  1.84379068e+00  1.75620932e+00  2.75698997e+00  2.63165678e+00 
 4.07264000e-09  1.84407289e+00  1.75592711e+00  2.75741559e+00  2.63123145e+00 
 4.07314000e-09  1.84435468e+00  1.75564532e+00  2.75784054e+00  2.63080678e+00 
 4.07364000e-09  1.84463602e+00  1.75536398e+00  2.75826483e+00  2.63038277e+00 
 4.07414000e-09  1.84491693e+00  1.75508307e+00  2.75868845e+00  2.62995941e+00 
 4.07464000e-09  1.84519739e+00  1.75480261e+00  2.75911139e+00  2.62953672e+00 
 4.07514000e-09  1.84547741e+00  1.75452259e+00  2.75953366e+00  2.62911470e+00 
 4.07564000e-09  1.84575698e+00  1.75424302e+00  2.75995525e+00  2.62869335e+00 
 4.07614000e-09  1.84603609e+00  1.75396391e+00  2.76037615e+00  2.62827268e+00 
 4.07664000e-09  1.84631475e+00  1.75368525e+00  2.76079637e+00  2.62785270e+00 
 4.07714000e-09  1.84659296e+00  1.75340704e+00  2.76121589e+00  2.62743339e+00 
 4.07764000e-09  1.84687070e+00  1.75312930e+00  2.76163471e+00  2.62701478e+00 
 4.07814000e-09  1.84714799e+00  1.75285201e+00  2.76205283e+00  2.62659687e+00 
 4.07864000e-09  1.84742480e+00  1.75257520e+00  2.76247024e+00  2.62617965e+00 
 4.07914000e-09  1.84770115e+00  1.75229885e+00  2.76288695e+00  2.62576314e+00 
 4.07964000e-09  1.84797703e+00  1.75202297e+00  2.76330294e+00  2.62534733e+00 
 4.08014000e-09  1.84825243e+00  1.75174757e+00  2.76371821e+00  2.62493224e+00 
 4.08064000e-09  1.84852736e+00  1.75147264e+00  2.76413276e+00  2.62451786e+00 
 4.08114000e-09  1.84880181e+00  1.75119819e+00  2.76454658e+00  2.62410420e+00 
 4.08164000e-09  1.84907578e+00  1.75092422e+00  2.76495967e+00  2.62369127e+00 
 4.08214000e-09  1.84934926e+00  1.75065074e+00  2.76537203e+00  2.62327906e+00 
 4.08264000e-09  1.84962226e+00  1.75037774e+00  2.76578365e+00  2.62286759e+00 
 4.08314000e-09  1.84989476e+00  1.75010524e+00  2.76619453e+00  2.62245686e+00 
 4.08364000e-09  1.85016678e+00  1.74983322e+00  2.76660466e+00  2.62204687e+00 
 4.08414000e-09  1.85043830e+00  1.74956170e+00  2.76701405e+00  2.62163763e+00 
 4.08464000e-09  1.85070932e+00  1.74929068e+00  2.76742267e+00  2.62122913e+00 
 4.08514000e-09  1.85097984e+00  1.74902016e+00  2.76783054e+00  2.62082139e+00 
 4.08564000e-09  1.85124985e+00  1.74875015e+00  2.76823765e+00  2.62041441e+00 
 4.08614000e-09  1.85151937e+00  1.74848063e+00  2.76864399e+00  2.62000819e+00 
 4.08664000e-09  1.85178837e+00  1.74821163e+00  2.76904957e+00  2.61960274e+00 
 4.08714000e-09  1.85205686e+00  1.74794314e+00  2.76945437e+00  2.61919806e+00 
 4.08764000e-09  1.85232484e+00  1.74767516e+00  2.76985839e+00  2.61879415e+00 
 4.08814000e-09  1.85259230e+00  1.74740770e+00  2.77026163e+00  2.61839103e+00 
 4.08864000e-09  1.85285924e+00  1.74714076e+00  2.77066408e+00  2.61798868e+00 
 4.08914000e-09  1.85312566e+00  1.74687434e+00  2.77106575e+00  2.61758713e+00 
 4.08964000e-09  1.85339156e+00  1.74660844e+00  2.77146662e+00  2.61718637e+00 
 4.09014000e-09  1.85365693e+00  1.74634307e+00  2.77186670e+00  2.61678640e+00 
 4.09064000e-09  1.85392177e+00  1.74607823e+00  2.77226598e+00  2.61638723e+00 
 4.09114000e-09  1.85418608e+00  1.74581392e+00  2.77266445e+00  2.61598887e+00 
 4.09164000e-09  1.85444985e+00  1.74555015e+00  2.77306211e+00  2.61559131e+00 
 4.09214000e-09  1.85471309e+00  1.74528691e+00  2.77345896e+00  2.61519457e+00 
 4.09264000e-09  1.85497578e+00  1.74502422e+00  2.77385500e+00  2.61479864e+00 
 4.09314000e-09  1.85523794e+00  1.74476206e+00  2.77425022e+00  2.61440354e+00 
 4.09364000e-09  1.85549954e+00  1.74450046e+00  2.77464461e+00  2.61400925e+00 
 4.09414000e-09  1.85576060e+00  1.74423940e+00  2.77503818e+00  2.61361580e+00 
 4.09464000e-09  1.85602111e+00  1.74397889e+00  2.77543092e+00  2.61322318e+00 
 4.09514000e-09  1.85628107e+00  1.74371893e+00  2.77582282e+00  2.61283139e+00 
 4.09564000e-09  1.85654047e+00  1.74345953e+00  2.77621388e+00  2.61244045e+00 
 4.09614000e-09  1.85679931e+00  1.74320069e+00  2.77660411e+00  2.61205035e+00 
 4.09664000e-09  1.85705760e+00  1.74294240e+00  2.77699348e+00  2.61166110e+00 
 4.09714000e-09  1.85731532e+00  1.74268468e+00  2.77738201e+00  2.61127270e+00 
 4.09764000e-09  1.85757247e+00  1.74242753e+00  2.77776969e+00  2.61088515e+00 
 4.09814000e-09  1.85782906e+00  1.74217094e+00  2.77815651e+00  2.61049847e+00 
 4.09864000e-09  1.85808507e+00  1.74191493e+00  2.77854247e+00  2.61011265e+00 
 4.09914000e-09  1.85834051e+00  1.74165949e+00  2.77892756e+00  2.60972769e+00 
 4.09964000e-09  1.85859538e+00  1.74140462e+00  2.77931179e+00  2.60934361e+00 
 4.10014000e-09  1.85884967e+00  1.74115033e+00  2.77969515e+00  2.60896041e+00 
 4.10064000e-09  1.85910337e+00  1.74089663e+00  2.78007764e+00  2.60857808e+00 
 4.10114000e-09  1.85935650e+00  1.74064350e+00  2.78045924e+00  2.60819664e+00 
 4.10164000e-09  1.85960904e+00  1.74039096e+00  2.78083997e+00  2.60781608e+00 
 4.10214000e-09  1.85986098e+00  1.74013902e+00  2.78121981e+00  2.60743642e+00 
 4.10264000e-09  1.86011234e+00  1.73988766e+00  2.78159876e+00  2.60705765e+00 
 4.10314000e-09  1.86036311e+00  1.73963689e+00  2.78197681e+00  2.60667978e+00 
 4.10364000e-09  1.86061328e+00  1.73938672e+00  2.78235398e+00  2.60630281e+00 
 4.10414000e-09  1.86086285e+00  1.73913715e+00  2.78273024e+00  2.60592675e+00 
 4.10464000e-09  1.86111182e+00  1.73888818e+00  2.78310560e+00  2.60555160e+00 
 4.10514000e-09  1.86136019e+00  1.73863981e+00  2.78348006e+00  2.60517736e+00 
 4.10564000e-09  1.86160795e+00  1.73839205e+00  2.78385361e+00  2.60480404e+00 
 4.10614000e-09  1.86185510e+00  1.73814490e+00  2.78422624e+00  2.60443164e+00 
 4.10664000e-09  1.86210165e+00  1.73789835e+00  2.78459795e+00  2.60406016e+00 
 4.10714000e-09  1.86234758e+00  1.73765242e+00  2.78496875e+00  2.60368962e+00 
 4.10764000e-09  1.86259289e+00  1.73740711e+00  2.78533863e+00  2.60332000e+00 
 4.10814000e-09  1.86283759e+00  1.73716241e+00  2.78570757e+00  2.60295133e+00 
 4.10864000e-09  1.86308167e+00  1.73691833e+00  2.78607559e+00  2.60258359e+00 
 4.10914000e-09  1.86332512e+00  1.73667488e+00  2.78644267e+00  2.60221680e+00 
 4.10964000e-09  1.86356795e+00  1.73643205e+00  2.78680882e+00  2.60185095e+00 
 4.11014000e-09  1.86381015e+00  1.73618985e+00  2.78717403e+00  2.60148605e+00 
 4.11064000e-09  1.86405172e+00  1.73594828e+00  2.78753829e+00  2.60112211e+00 
 4.11114000e-09  1.86429266e+00  1.73570734e+00  2.78790161e+00  2.60075913e+00 
 4.11164000e-09  1.86453297e+00  1.73546703e+00  2.78826397e+00  2.60039711e+00 
 4.11214000e-09  1.86477264e+00  1.73522736e+00  2.78862539e+00  2.60003606e+00 
 4.11264000e-09  1.86501167e+00  1.73498833e+00  2.78898585e+00  2.59967597e+00 
 4.11314000e-09  1.86525006e+00  1.73474994e+00  2.78934534e+00  2.59931686e+00 
 4.11364000e-09  1.86548780e+00  1.73451220e+00  2.78970388e+00  2.59895872e+00 
 4.11414000e-09  1.86572490e+00  1.73427510e+00  2.79006145e+00  2.59860156e+00 
 4.11464000e-09  1.86596135e+00  1.73403865e+00  2.79041805e+00  2.59824539e+00 
 4.11514000e-09  1.86619714e+00  1.73380286e+00  2.79077367e+00  2.59789020e+00 
 4.11564000e-09  1.86643229e+00  1.73356771e+00  2.79112833e+00  2.59753601e+00 
 4.11614000e-09  1.86666678e+00  1.73333322e+00  2.79148200e+00  2.59718281e+00 
 4.11664000e-09  1.86690061e+00  1.73309939e+00  2.79183469e+00  2.59683060e+00 
 4.11714000e-09  1.86713378e+00  1.73286622e+00  2.79218640e+00  2.59647940e+00 
 4.11764000e-09  1.86736629e+00  1.73263371e+00  2.79253711e+00  2.59612920e+00 
 4.11814000e-09  1.86759813e+00  1.73240187e+00  2.79288684e+00  2.59578001e+00 
 4.11864000e-09  1.86782931e+00  1.73217069e+00  2.79323557e+00  2.59543184e+00 
 4.11914000e-09  1.86805981e+00  1.73194019e+00  2.79358331e+00  2.59508468e+00 
 4.11964000e-09  1.86828965e+00  1.73171035e+00  2.79393004e+00  2.59473853e+00 
 4.12014000e-09  1.86851881e+00  1.73148119e+00  2.79427577e+00  2.59439341e+00 
 4.12064000e-09  1.86874729e+00  1.73125271e+00  2.79462050e+00  2.59404932e+00 
 4.12114000e-09  1.86897510e+00  1.73102490e+00  2.79496421e+00  2.59370625e+00 
 4.12164000e-09  1.86920222e+00  1.73079778e+00  2.79530692e+00  2.59336422e+00 
 4.12214000e-09  1.86942867e+00  1.73057133e+00  2.79564860e+00  2.59302322e+00 
 4.12264000e-09  1.86965442e+00  1.73034558e+00  2.79598927e+00  2.59268327e+00 
 4.12314000e-09  1.86987949e+00  1.73012051e+00  2.79632892e+00  2.59234436e+00 
 4.12364000e-09  1.87010387e+00  1.72989613e+00  2.79666755e+00  2.59200649e+00 
 4.12414000e-09  1.87032756e+00  1.72967244e+00  2.79700515e+00  2.59166967e+00 
 4.12464000e-09  1.87055055e+00  1.72944945e+00  2.79734171e+00  2.59133391e+00 
 4.12514000e-09  1.87077285e+00  1.72922715e+00  2.79767725e+00  2.59099920e+00 
 4.12564000e-09  1.87099445e+00  1.72900555e+00  2.79801175e+00  2.59066556e+00 
 4.12614000e-09  1.87121535e+00  1.72878465e+00  2.79834521e+00  2.59033297e+00 
 4.12664000e-09  1.87143554e+00  1.72856446e+00  2.79867763e+00  2.59000146e+00 
 4.12714000e-09  1.87165503e+00  1.72834497e+00  2.79900901e+00  2.58967101e+00 
 4.12764000e-09  1.87187382e+00  1.72812618e+00  2.79933934e+00  2.58934164e+00 
 4.12814000e-09  1.87209189e+00  1.72790811e+00  2.79966862e+00  2.58901335e+00 
 4.12864000e-09  1.87230925e+00  1.72769075e+00  2.79999685e+00  2.58868613e+00 
 4.12914000e-09  1.87252590e+00  1.72747410e+00  2.80032403e+00  2.58836000e+00 
 4.12964000e-09  1.87274184e+00  1.72725816e+00  2.80065015e+00  2.58803496e+00 
 4.13014000e-09  1.87295705e+00  1.72704295e+00  2.80097521e+00  2.58771100e+00 
 4.13064000e-09  1.87317155e+00  1.72682845e+00  2.80129920e+00  2.58738815e+00 
 4.13114000e-09  1.87338532e+00  1.72661468e+00  2.80162213e+00  2.58706638e+00 
 4.13164000e-09  1.87359837e+00  1.72640163e+00  2.80194399e+00  2.58674572e+00 
 4.13214000e-09  1.87381069e+00  1.72618931e+00  2.80226478e+00  2.58642616e+00 
 4.13264000e-09  1.87402228e+00  1.72597772e+00  2.80258450e+00  2.58610771e+00 
 4.13314000e-09  1.87423315e+00  1.72576685e+00  2.80290314e+00  2.58579037e+00 
 4.13364000e-09  1.87444328e+00  1.72555672e+00  2.80322071e+00  2.58547414e+00 
 4.13414000e-09  1.87465267e+00  1.72534733e+00  2.80353719e+00  2.58515903e+00 
 4.13464000e-09  1.87486133e+00  1.72513867e+00  2.80385259e+00  2.58484504e+00 
 4.13514000e-09  1.87506925e+00  1.72493075e+00  2.80416691e+00  2.58453217e+00 
 4.13564000e-09  1.87527643e+00  1.72472357e+00  2.80448013e+00  2.58422043e+00 
 4.13614000e-09  1.87548287e+00  1.72451713e+00  2.80479227e+00  2.58390981e+00 
 4.13664000e-09  1.87568856e+00  1.72431144e+00  2.80510331e+00  2.58360033e+00 
 4.13714000e-09  1.87589350e+00  1.72410650e+00  2.80541325e+00  2.58329199e+00 
 4.13764000e-09  1.87609770e+00  1.72390230e+00  2.80572210e+00  2.58298478e+00 
 4.13814000e-09  1.87630114e+00  1.72369886e+00  2.80602985e+00  2.58267872e+00 
 4.13864000e-09  1.87650383e+00  1.72349617e+00  2.80633649e+00  2.58237380e+00 
 4.13914000e-09  1.87670577e+00  1.72329423e+00  2.80664203e+00  2.58207003e+00 
 4.13964000e-09  1.87690695e+00  1.72309305e+00  2.80694646e+00  2.58176741e+00 
 4.14014000e-09  1.87710737e+00  1.72289263e+00  2.80724977e+00  2.58146594e+00 
 4.14064000e-09  1.87730702e+00  1.72269298e+00  2.80755198e+00  2.58116563e+00 
 4.14114000e-09  1.87750592e+00  1.72249408e+00  2.80785307e+00  2.58086649e+00 
 4.14164000e-09  1.87770405e+00  1.72229595e+00  2.80815304e+00  2.58056850e+00 
 4.14214000e-09  1.87790141e+00  1.72209859e+00  2.80845189e+00  2.58027168e+00 
 4.14264000e-09  1.87809801e+00  1.72190199e+00  2.80874962e+00  2.57997604e+00 
 4.14314000e-09  1.87829383e+00  1.72170617e+00  2.80904623e+00  2.57968156e+00 
 4.14364000e-09  1.87848889e+00  1.72151111e+00  2.80934170e+00  2.57938826e+00 
 4.14414000e-09  1.87868316e+00  1.72131684e+00  2.80963605e+00  2.57909614e+00 
 4.14464000e-09  1.87887666e+00  1.72112334e+00  2.80992927e+00  2.57880519e+00 
 4.14514000e-09  1.87906938e+00  1.72093062e+00  2.81022135e+00  2.57851544e+00 
 4.14564000e-09  1.87926133e+00  1.72073867e+00  2.81051229e+00  2.57822686e+00 
 4.14614000e-09  1.87945249e+00  1.72054751e+00  2.81080209e+00  2.57793948e+00 
 4.14664000e-09  1.87964286e+00  1.72035714e+00  2.81109076e+00  2.57765329e+00 
 4.14714000e-09  1.87983245e+00  1.72016755e+00  2.81137828e+00  2.57736830e+00 
 4.14764000e-09  1.88002125e+00  1.71997875e+00  2.81166465e+00  2.57708450e+00 
 4.14814000e-09  1.88020926e+00  1.71979074e+00  2.81194987e+00  2.57680190e+00 
 4.14864000e-09  1.88039648e+00  1.71960352e+00  2.81223394e+00  2.57652051e+00 
 4.14914000e-09  1.88058291e+00  1.71941709e+00  2.81251686e+00  2.57624032e+00 
 4.14964000e-09  1.88076854e+00  1.71923146e+00  2.81279862e+00  2.57596134e+00 
 4.15014000e-09  1.88095337e+00  1.71904663e+00  2.81307922e+00  2.57568357e+00 
 4.15064000e-09  1.88113741e+00  1.71886259e+00  2.81335866e+00  2.57540701e+00 
 4.15114000e-09  1.88132064e+00  1.71867936e+00  2.81363694e+00  2.57513167e+00 
 4.15164000e-09  1.88150307e+00  1.71849693e+00  2.81391405e+00  2.57485755e+00 
 4.15214000e-09  1.88168470e+00  1.71831530e+00  2.81418999e+00  2.57458464e+00 
 4.15264000e-09  1.88186552e+00  1.71813448e+00  2.81446476e+00  2.57431296e+00 
 4.15314000e-09  1.88204553e+00  1.71795447e+00  2.81473836e+00  2.57404251e+00 
 4.15364000e-09  1.88222474e+00  1.71777526e+00  2.81501078e+00  2.57377328e+00 
 4.15414000e-09  1.88240313e+00  1.71759687e+00  2.81528202e+00  2.57350528e+00 
 4.15464000e-09  1.88258071e+00  1.71741929e+00  2.81555208e+00  2.57323851e+00 
 4.15514000e-09  1.88275747e+00  1.71724253e+00  2.81582096e+00  2.57297298e+00 
 4.15564000e-09  1.88293342e+00  1.71706658e+00  2.81608865e+00  2.57270868e+00 
 4.15614000e-09  1.88310854e+00  1.71689146e+00  2.81635516e+00  2.57244562e+00 
 4.15664000e-09  1.88328285e+00  1.71671715e+00  2.81662047e+00  2.57218380e+00 
 4.15714000e-09  1.88345634e+00  1.71654366e+00  2.81688458e+00  2.57192322e+00 
 4.15764000e-09  1.88362900e+00  1.71637100e+00  2.81714750e+00  2.57166388e+00 
 4.15814000e-09  1.88380083e+00  1.71619917e+00  2.81740922e+00  2.57140579e+00 
 4.15864000e-09  1.88397184e+00  1.71602816e+00  2.81766974e+00  2.57114895e+00 
 4.15914000e-09  1.88414203e+00  1.71585797e+00  2.81792905e+00  2.57089336e+00 
 4.15964000e-09  1.88431138e+00  1.71568862e+00  2.81818715e+00  2.57063902e+00 
 4.16014000e-09  1.88447989e+00  1.71552011e+00  2.81844405e+00  2.57038593e+00 
 4.16064000e-09  1.88464758e+00  1.71535242e+00  2.81869973e+00  2.57013410e+00 
 4.16114000e-09  1.88481443e+00  1.71518557e+00  2.81895419e+00  2.56988352e+00 
 4.16164000e-09  1.88498044e+00  1.71501956e+00  2.81920744e+00  2.56963420e+00 
 4.16214000e-09  1.88514561e+00  1.71485439e+00  2.81945947e+00  2.56938614e+00 
 4.16264000e-09  1.88530994e+00  1.71469006e+00  2.81971027e+00  2.56913934e+00 
 4.16314000e-09  1.88547344e+00  1.71452656e+00  2.81995984e+00  2.56889380e+00 
 4.16364000e-09  1.88563608e+00  1.71436392e+00  2.82020819e+00  2.56864953e+00 
 4.16414000e-09  1.88579788e+00  1.71420212e+00  2.82045530e+00  2.56840652e+00 
 4.16464000e-09  1.88595884e+00  1.71404116e+00  2.82070118e+00  2.56816478e+00 
 4.16514000e-09  1.88611895e+00  1.71388105e+00  2.82094582e+00  2.56792431e+00 
 4.16564000e-09  1.88627820e+00  1.71372180e+00  2.82118922e+00  2.56768510e+00 
 4.16614000e-09  1.88643661e+00  1.71356339e+00  2.82143138e+00  2.56744717e+00 
 4.16664000e-09  1.88659416e+00  1.71340584e+00  2.82167229e+00  2.56721051e+00 
 4.16714000e-09  1.88675086e+00  1.71324914e+00  2.82191195e+00  2.56697512e+00 
 4.16764000e-09  1.88690670e+00  1.71309330e+00  2.82215036e+00  2.56674101e+00 
 4.16814000e-09  1.88706168e+00  1.71293832e+00  2.82238752e+00  2.56650817e+00 
 4.16864000e-09  1.88721581e+00  1.71278419e+00  2.82262341e+00  2.56627661e+00 
 4.16914000e-09  1.88736907e+00  1.71263093e+00  2.82285805e+00  2.56604633e+00 
 4.16964000e-09  1.88752147e+00  1.71247853e+00  2.82309143e+00  2.56581733e+00 
 4.17014000e-09  1.88767301e+00  1.71232699e+00  2.82332354e+00  2.56558960e+00 
 4.17064000e-09  1.88782368e+00  1.71217632e+00  2.82355438e+00  2.56536316e+00 
 4.17114000e-09  1.88797349e+00  1.71202651e+00  2.82378395e+00  2.56513800e+00 
 4.17164000e-09  1.88812243e+00  1.71187757e+00  2.82401225e+00  2.56491413e+00 
 4.17214000e-09  1.88827049e+00  1.71172951e+00  2.82423927e+00  2.56469154e+00 
 4.17264000e-09  1.88841769e+00  1.71158231e+00  2.82446502e+00  2.56447023e+00 
 4.17314000e-09  1.88856401e+00  1.71143599e+00  2.82468948e+00  2.56425022e+00 
 4.17364000e-09  1.88870946e+00  1.71129054e+00  2.82491266e+00  2.56403149e+00 
 4.17414000e-09  1.88885404e+00  1.71114596e+00  2.82513455e+00  2.56381405e+00 
 4.17464000e-09  1.88899773e+00  1.71100227e+00  2.82535515e+00  2.56359790e+00 
 4.17514000e-09  1.88914055e+00  1.71085945e+00  2.82557447e+00  2.56338304e+00 
 4.17564000e-09  1.88928249e+00  1.71071751e+00  2.82579248e+00  2.56316947e+00 
 4.17614000e-09  1.88942355e+00  1.71057645e+00  2.82600920e+00  2.56295720e+00 
 4.17664000e-09  1.88956372e+00  1.71043628e+00  2.82622463e+00  2.56274622e+00 
 4.17714000e-09  1.88970302e+00  1.71029698e+00  2.82643875e+00  2.56253654e+00 
 4.17764000e-09  1.88984142e+00  1.71015858e+00  2.82665157e+00  2.56232816e+00 
 4.17814000e-09  1.88997894e+00  1.71002106e+00  2.82686308e+00  2.56212107e+00 
 4.17864000e-09  1.89011557e+00  1.70988443e+00  2.82707328e+00  2.56191528e+00 
 4.17914000e-09  1.89025131e+00  1.70974869e+00  2.82728218e+00  2.56171079e+00 
 4.17964000e-09  1.89038616e+00  1.70961384e+00  2.82748976e+00  2.56150760e+00 
 4.18014000e-09  1.89052012e+00  1.70947988e+00  2.82769602e+00  2.56130572e+00 
 4.18064000e-09  1.89065319e+00  1.70934681e+00  2.82790097e+00  2.56110513e+00 
 4.18114000e-09  1.89078536e+00  1.70921464e+00  2.82810460e+00  2.56090586e+00 
 4.18164000e-09  1.89091663e+00  1.70908337e+00  2.82830691e+00  2.56070789e+00 
 4.18214000e-09  1.89104701e+00  1.70895299e+00  2.82850790e+00  2.56051122e+00 
 4.18264000e-09  1.89117649e+00  1.70882351e+00  2.82870756e+00  2.56031586e+00 
 4.18314000e-09  1.89130507e+00  1.70869493e+00  2.82890590e+00  2.56012182e+00 
 4.18364000e-09  1.89143275e+00  1.70856725e+00  2.82910290e+00  2.55992908e+00 
 4.18414000e-09  1.89155952e+00  1.70844048e+00  2.82929858e+00  2.55973765e+00 
 4.18464000e-09  1.89168540e+00  1.70831460e+00  2.82949292e+00  2.55954754e+00 
 4.18514000e-09  1.89181036e+00  1.70818964e+00  2.82968593e+00  2.55935874e+00 
 4.18564000e-09  1.89193442e+00  1.70806558e+00  2.82987760e+00  2.55917126e+00 
 4.18614000e-09  1.89205758e+00  1.70794242e+00  2.83006793e+00  2.55898510e+00 
 4.18664000e-09  1.89217982e+00  1.70782018e+00  2.83025692e+00  2.55880025e+00 
 4.18714000e-09  1.89230116e+00  1.70769884e+00  2.83044458e+00  2.55861672e+00 
 4.18764000e-09  1.89242158e+00  1.70757842e+00  2.83063089e+00  2.55843451e+00 
 4.18814000e-09  1.89254109e+00  1.70745891e+00  2.83081585e+00  2.55825363e+00 
 4.18864000e-09  1.89265969e+00  1.70734031e+00  2.83099947e+00  2.55807406e+00 
 4.18914000e-09  1.89277737e+00  1.70722263e+00  2.83118174e+00  2.55789583e+00 
 4.18964000e-09  1.89289414e+00  1.70710586e+00  2.83136266e+00  2.55771891e+00 
 4.19014000e-09  1.89300999e+00  1.70699001e+00  2.83154223e+00  2.55754333e+00 
 4.19064000e-09  1.89312493e+00  1.70687507e+00  2.83172045e+00  2.55736907e+00 
 4.19114000e-09  1.89323894e+00  1.70676106e+00  2.83189732e+00  2.55719615e+00 
 4.19164000e-09  1.89335204e+00  1.70664796e+00  2.83207283e+00  2.55702455e+00 
 4.19214000e-09  1.89346421e+00  1.70653579e+00  2.83224699e+00  2.55685429e+00 
 4.19264000e-09  1.89357546e+00  1.70642454e+00  2.83241979e+00  2.55668536e+00 
 4.19314000e-09  1.89368579e+00  1.70631421e+00  2.83259123e+00  2.55651777e+00 
 4.19364000e-09  1.89379519e+00  1.70620481e+00  2.83276131e+00  2.55635151e+00 
 4.19414000e-09  1.89390367e+00  1.70609633e+00  2.83293002e+00  2.55618659e+00 
 4.19464000e-09  1.89401122e+00  1.70598878e+00  2.83309738e+00  2.55602302e+00 
 4.19514000e-09  1.89411784e+00  1.70588216e+00  2.83326337e+00  2.55586078e+00 
 4.19564000e-09  1.89422353e+00  1.70577647e+00  2.83342800e+00  2.55569988e+00 
 4.19614000e-09  1.89432829e+00  1.70567171e+00  2.83359126e+00  2.55554033e+00 
 4.19664000e-09  1.89443213e+00  1.70556787e+00  2.83375316e+00  2.55538213e+00 
 4.19714000e-09  1.89453503e+00  1.70546497e+00  2.83391369e+00  2.55522527e+00 
 4.19764000e-09  1.89463699e+00  1.70536301e+00  2.83407284e+00  2.55506976e+00 
 4.19814000e-09  1.89473803e+00  1.70526197e+00  2.83423063e+00  2.55491559e+00 
 4.19864000e-09  1.89483812e+00  1.70516188e+00  2.83438705e+00  2.55476278e+00 
 4.19914000e-09  1.89493729e+00  1.70506271e+00  2.83454209e+00  2.55461132e+00 
 4.19964000e-09  1.89503551e+00  1.70496449e+00  2.83469576e+00  2.55446121e+00 
 4.20014000e-09  1.89513280e+00  1.70486720e+00  2.83484806e+00  2.55431246e+00 
 4.20064000e-09  1.89522915e+00  1.70477085e+00  2.83499898e+00  2.55416506e+00 
 4.20114000e-09  1.89532455e+00  1.70467545e+00  2.83514853e+00  2.55401902e+00 
 4.20164000e-09  1.89541902e+00  1.70458098e+00  2.83529669e+00  2.55387434e+00 
 4.20214000e-09  1.89551255e+00  1.70448745e+00  2.83544348e+00  2.55373102e+00 
 4.20264000e-09  1.89560513e+00  1.70439487e+00  2.83558890e+00  2.55358906e+00 
 4.20314000e-09  1.89569677e+00  1.70430323e+00  2.83573293e+00  2.55344846e+00 
 4.20364000e-09  1.89578746e+00  1.70421254e+00  2.83587558e+00  2.55330922e+00 
 4.20414000e-09  1.89587721e+00  1.70412279e+00  2.83601685e+00  2.55317135e+00 
 4.20464000e-09  1.89596602e+00  1.70403398e+00  2.83615673e+00  2.55303484e+00 
 4.20514000e-09  1.89605387e+00  1.70394613e+00  2.83629523e+00  2.55289971e+00 
 4.20564000e-09  1.89614078e+00  1.70385922e+00  2.83643235e+00  2.55276594e+00 
 4.20614000e-09  1.89622674e+00  1.70377326e+00  2.83656809e+00  2.55263354e+00 
 4.20664000e-09  1.89631175e+00  1.70368825e+00  2.83670243e+00  2.55250251e+00 
 4.20714000e-09  1.89639581e+00  1.70360419e+00  2.83683539e+00  2.55237285e+00 
 4.20764000e-09  1.89647892e+00  1.70352108e+00  2.83696697e+00  2.55224456e+00 
 4.20814000e-09  1.89656107e+00  1.70343893e+00  2.83709715e+00  2.55211765e+00 
 4.20864000e-09  1.89664227e+00  1.70335773e+00  2.83722595e+00  2.55199212e+00 
 4.20914000e-09  1.89672252e+00  1.70327748e+00  2.83735335e+00  2.55186796e+00 
 4.20964000e-09  1.89680182e+00  1.70319818e+00  2.83747936e+00  2.55174518e+00 
 4.21014000e-09  1.89688015e+00  1.70311985e+00  2.83760399e+00  2.55162377e+00 
 4.21064000e-09  1.89695754e+00  1.70304246e+00  2.83772722e+00  2.55150375e+00 
 4.21114000e-09  1.89703396e+00  1.70296604e+00  2.83784905e+00  2.55138511e+00 
 4.21164000e-09  1.89710943e+00  1.70289057e+00  2.83796950e+00  2.55126784e+00 
 4.21214000e-09  1.89718394e+00  1.70281606e+00  2.83808854e+00  2.55115196e+00 
 4.21264000e-09  1.89725749e+00  1.70274251e+00  2.83820620e+00  2.55103747e+00 
 4.21314000e-09  1.89733008e+00  1.70266992e+00  2.83832245e+00  2.55092436e+00 
 4.21364000e-09  1.89740171e+00  1.70259829e+00  2.83843731e+00  2.55081263e+00 
 4.21414000e-09  1.89747238e+00  1.70252762e+00  2.83855078e+00  2.55070229e+00 
 4.21464000e-09  1.89754208e+00  1.70245792e+00  2.83866284e+00  2.55059334e+00 
 4.21514000e-09  1.89761083e+00  1.70238917e+00  2.83877351e+00  2.55048578e+00 
 4.21564000e-09  1.89767861e+00  1.70232139e+00  2.83888277e+00  2.55037960e+00 
 4.21614000e-09  1.89774542e+00  1.70225458e+00  2.83899064e+00  2.55027482e+00 
 4.21664000e-09  1.89781128e+00  1.70218872e+00  2.83909710e+00  2.55017143e+00 
 4.21714000e-09  1.89787616e+00  1.70212384e+00  2.83920217e+00  2.55006942e+00 
 4.21764000e-09  1.89794008e+00  1.70205992e+00  2.83930583e+00  2.54996882e+00 
 4.21814000e-09  1.89800303e+00  1.70199697e+00  2.83940808e+00  2.54986960e+00 
 4.21864000e-09  1.89806502e+00  1.70193498e+00  2.83950894e+00  2.54977178e+00 
 4.21914000e-09  1.89812604e+00  1.70187396e+00  2.83960839e+00  2.54967535e+00 
 4.21964000e-09  1.89818609e+00  1.70181391e+00  2.83970643e+00  2.54958032e+00 
 4.22014000e-09  1.89824517e+00  1.70175483e+00  2.83980307e+00  2.54948669e+00 
 4.22064000e-09  1.89830328e+00  1.70169672e+00  2.83989831e+00  2.54939446e+00 
 4.22114000e-09  1.89836042e+00  1.70163958e+00  2.83999213e+00  2.54930362e+00 
 4.22164000e-09  1.89841659e+00  1.70158341e+00  2.84008455e+00  2.54921418e+00 
 4.22214000e-09  1.89847179e+00  1.70152821e+00  2.84017557e+00  2.54912614e+00 
 4.22264000e-09  1.89852602e+00  1.70147398e+00  2.84026517e+00  2.54903950e+00 
 4.22314000e-09  1.89857927e+00  1.70142073e+00  2.84035337e+00  2.54895427e+00 
 4.22364000e-09  1.89863155e+00  1.70136845e+00  2.84044015e+00  2.54887043e+00 
 4.22414000e-09  1.89868286e+00  1.70131714e+00  2.84052553e+00  2.54878800e+00 
 4.22464000e-09  1.89873320e+00  1.70126680e+00  2.84060949e+00  2.54870697e+00 
 4.22514000e-09  1.89878256e+00  1.70121744e+00  2.84069205e+00  2.54862735e+00 
 4.22564000e-09  1.89883094e+00  1.70116906e+00  2.84077319e+00  2.54854913e+00 
 4.22614000e-09  1.89887835e+00  1.70112165e+00  2.84085292e+00  2.54847231e+00 
 4.22664000e-09  1.89892478e+00  1.70107522e+00  2.84093124e+00  2.54839690e+00 
 4.22714000e-09  1.89897024e+00  1.70102976e+00  2.84100815e+00  2.54832290e+00 
 4.22764000e-09  1.89901472e+00  1.70098528e+00  2.84108364e+00  2.54825030e+00 
 4.22814000e-09  1.89905822e+00  1.70094178e+00  2.84115772e+00  2.54817912e+00 
 4.22864000e-09  1.89910075e+00  1.70089925e+00  2.84123038e+00  2.54810934e+00 
 4.22914000e-09  1.89914230e+00  1.70085770e+00  2.84130163e+00  2.54804096e+00 
 4.22964000e-09  1.89918287e+00  1.70081713e+00  2.84137146e+00  2.54797400e+00 
 4.23014000e-09  1.89922246e+00  1.70077754e+00  2.84143988e+00  2.54790845e+00 
 4.23064000e-09  1.89926107e+00  1.70073893e+00  2.84150688e+00  2.54784431e+00 
 4.23114000e-09  1.89929870e+00  1.70070130e+00  2.84157247e+00  2.54778158e+00 
 4.23164000e-09  1.89933535e+00  1.70066465e+00  2.84163664e+00  2.54772026e+00 
 4.23214000e-09  1.89937102e+00  1.70062898e+00  2.84169939e+00  2.54766035e+00 
 4.23264000e-09  1.89940571e+00  1.70059429e+00  2.84176072e+00  2.54760185e+00 
 4.23314000e-09  1.89943942e+00  1.70056058e+00  2.84182064e+00  2.54754477e+00 
 4.23364000e-09  1.89947215e+00  1.70052785e+00  2.84187913e+00  2.54748910e+00 
 4.23414000e-09  1.89950389e+00  1.70049611e+00  2.84193621e+00  2.54743484e+00 
 4.23464000e-09  1.89953465e+00  1.70046535e+00  2.84199187e+00  2.54738200e+00 
 4.23514000e-09  1.89956444e+00  1.70043556e+00  2.84204611e+00  2.54733057e+00 
 4.23564000e-09  1.89959323e+00  1.70040677e+00  2.84209893e+00  2.54728056e+00 
 4.23614000e-09  1.89962105e+00  1.70037895e+00  2.84215033e+00  2.54723197e+00 
 4.23664000e-09  1.89964788e+00  1.70035212e+00  2.84220031e+00  2.54718478e+00 
 4.23714000e-09  1.89967373e+00  1.70032627e+00  2.84224887e+00  2.54713902e+00 
 4.23764000e-09  1.89969860e+00  1.70030140e+00  2.84229601e+00  2.54709467e+00 
 4.23814000e-09  1.89972248e+00  1.70027752e+00  2.84234173e+00  2.54705174e+00 
 4.23864000e-09  1.89974537e+00  1.70025463e+00  2.84238602e+00  2.54701022e+00 
 4.23914000e-09  1.89976729e+00  1.70023271e+00  2.84242890e+00  2.54697013e+00 
 4.23964000e-09  1.89978821e+00  1.70021179e+00  2.84247035e+00  2.54693145e+00 
 4.24014000e-09  1.89980816e+00  1.70019184e+00  2.84251038e+00  2.54689419e+00 
 4.24064000e-09  1.89982712e+00  1.70017288e+00  2.84254898e+00  2.54685834e+00 
 4.24114000e-09  1.89984509e+00  1.70015491e+00  2.84258617e+00  2.54682392e+00 
 4.24164000e-09  1.89986208e+00  1.70013792e+00  2.84262193e+00  2.54679091e+00 
 4.24214000e-09  1.89987808e+00  1.70012192e+00  2.84265626e+00  2.54675933e+00 
 4.24264000e-09  1.89989309e+00  1.70010691e+00  2.84268918e+00  2.54672916e+00 
 4.24314000e-09  1.89990712e+00  1.70009288e+00  2.84272067e+00  2.54670041e+00 
 4.24364000e-09  1.89992017e+00  1.70007983e+00  2.84275073e+00  2.54667309e+00 
 4.24414000e-09  1.89993222e+00  1.70006778e+00  2.84277938e+00  2.54664718e+00 
 4.24464000e-09  1.89994330e+00  1.70005670e+00  2.84280659e+00  2.54662269e+00 
 4.24514000e-09  1.89995338e+00  1.70004662e+00  2.84283239e+00  2.54659962e+00 
 4.24564000e-09  1.89996248e+00  1.70003752e+00  2.84285676e+00  2.54657798e+00 
 4.24614000e-09  1.89997059e+00  1.70002941e+00  2.84287970e+00  2.54655775e+00 
 4.24664000e-09  1.89997772e+00  1.70002228e+00  2.84290122e+00  2.54653895e+00 
 4.24714000e-09  1.89998385e+00  1.70001615e+00  2.84292131e+00  2.54652156e+00 
 4.24764000e-09  1.89998901e+00  1.70001099e+00  2.84293998e+00  2.54650560e+00 
 4.24814000e-09  1.89999317e+00  1.70000683e+00  2.84295723e+00  2.54649106e+00 
 4.24864000e-09  1.89999635e+00  1.70000365e+00  2.84297304e+00  2.54647794e+00 
 4.24914000e-09  1.89999854e+00  1.70000146e+00  2.84298744e+00  2.54646624e+00 
 4.24964000e-09  1.89999974e+00  1.70000026e+00  2.84300040e+00  2.54645596e+00 
 4.25014000e-09  1.89999996e+00  1.70000004e+00  2.84301194e+00  2.54644711e+00 
 4.25064000e-09  1.89999919e+00  1.70000081e+00  2.84302206e+00  2.54643967e+00 
 4.25114000e-09  1.89999743e+00  1.70000257e+00  2.84303075e+00  2.54643366e+00 
 4.25164000e-09  1.89999469e+00  1.70000531e+00  2.84303801e+00  2.54642907e+00 
 4.25214000e-09  1.89999096e+00  1.70000904e+00  2.84304385e+00  2.54642590e+00 
 4.25264000e-09  1.89998624e+00  1.70001376e+00  2.84304826e+00  2.54642415e+00 
 4.25314000e-09  1.89998054e+00  1.70001946e+00  2.84305124e+00  2.54642383e+00 
 4.25364000e-09  1.89997385e+00  1.70002615e+00  2.84305280e+00  2.54642492e+00 
 4.25414000e-09  1.89996617e+00  1.70003383e+00  2.84305293e+00  2.54642744e+00 
 4.25464000e-09  1.89995751e+00  1.70004249e+00  2.84305164e+00  2.54643138e+00 
 4.25514000e-09  1.89994785e+00  1.70005215e+00  2.84304892e+00  2.54643674e+00 
 4.25564000e-09  1.89993722e+00  1.70006278e+00  2.84304477e+00  2.54644352e+00 
 4.25614000e-09  1.89992559e+00  1.70007441e+00  2.84303920e+00  2.54645172e+00 
 4.25664000e-09  1.89991298e+00  1.70008702e+00  2.84303220e+00  2.54646134e+00 
 4.25714000e-09  1.89989939e+00  1.70010061e+00  2.84302378e+00  2.54647239e+00 
 4.25764000e-09  1.89988481e+00  1.70011519e+00  2.84301392e+00  2.54648485e+00 
 4.25814000e-09  1.89986924e+00  1.70013076e+00  2.84300265e+00  2.54649874e+00 
 4.25864000e-09  1.89985268e+00  1.70014732e+00  2.84298994e+00  2.54651404e+00 
 4.25914000e-09  1.89983514e+00  1.70016486e+00  2.84297581e+00  2.54653077e+00 
 4.25964000e-09  1.89981662e+00  1.70018338e+00  2.84296026e+00  2.54654892e+00 
 4.26014000e-09  1.89979711e+00  1.70020289e+00  2.84294327e+00  2.54656849e+00 
 4.26064000e-09  1.89977662e+00  1.70022338e+00  2.84292487e+00  2.54658948e+00 
 4.26114000e-09  1.89975514e+00  1.70024486e+00  2.84290503e+00  2.54661188e+00 
 4.26164000e-09  1.89973267e+00  1.70026733e+00  2.84288377e+00  2.54663571e+00 
 4.26214000e-09  1.89970923e+00  1.70029077e+00  2.84286109e+00  2.54666096e+00 
 4.26264000e-09  1.89968479e+00  1.70031521e+00  2.84283698e+00  2.54668762e+00 
 4.26314000e-09  1.89965938e+00  1.70034062e+00  2.84281144e+00  2.54671571e+00 
 4.26364000e-09  1.89963298e+00  1.70036702e+00  2.84278448e+00  2.54674521e+00 
 4.26414000e-09  1.89960559e+00  1.70039441e+00  2.84275609e+00  2.54677613e+00 
 4.26464000e-09  1.89957723e+00  1.70042277e+00  2.84272628e+00  2.54680847e+00 
 4.26514000e-09  1.89954788e+00  1.70045212e+00  2.84269505e+00  2.54684223e+00 
 4.26564000e-09  1.89951755e+00  1.70048245e+00  2.84266239e+00  2.54687741e+00 
 4.26614000e-09  1.89948623e+00  1.70051377e+00  2.84262830e+00  2.54691400e+00 
 4.26664000e-09  1.89945394e+00  1.70054606e+00  2.84259279e+00  2.54695201e+00 
 4.26714000e-09  1.89942066e+00  1.70057934e+00  2.84255586e+00  2.54699143e+00 
 4.26764000e-09  1.89938640e+00  1.70061360e+00  2.84251750e+00  2.54703228e+00 
 4.26814000e-09  1.89935117e+00  1.70064883e+00  2.84247772e+00  2.54707454e+00 
 4.26864000e-09  1.89931495e+00  1.70068505e+00  2.84243652e+00  2.54711821e+00 
 4.26914000e-09  1.89927775e+00  1.70072225e+00  2.84239389e+00  2.54716330e+00 
 4.26964000e-09  1.89923957e+00  1.70076043e+00  2.84234984e+00  2.54720980e+00 
 4.27014000e-09  1.89920041e+00  1.70079959e+00  2.84230437e+00  2.54725772e+00 
 4.27064000e-09  1.89916027e+00  1.70083973e+00  2.84225747e+00  2.54730705e+00 
 4.27114000e-09  1.89911915e+00  1.70088085e+00  2.84220915e+00  2.54735780e+00 
 4.27164000e-09  1.89907706e+00  1.70092294e+00  2.84215941e+00  2.54740996e+00 
 4.27214000e-09  1.89903398e+00  1.70096602e+00  2.84210825e+00  2.54746353e+00 
 4.27264000e-09  1.89898993e+00  1.70101007e+00  2.84205567e+00  2.54751852e+00 
 4.27314000e-09  1.89894491e+00  1.70105509e+00  2.84200167e+00  2.54757491e+00 
 4.27364000e-09  1.89889890e+00  1.70110110e+00  2.84194624e+00  2.54763272e+00 
 4.27414000e-09  1.89885192e+00  1.70114808e+00  2.84188940e+00  2.54769194e+00 
 4.27464000e-09  1.89880397e+00  1.70119603e+00  2.84183114e+00  2.54775257e+00 
 4.27514000e-09  1.89875504e+00  1.70124496e+00  2.84177145e+00  2.54781461e+00 
 4.27564000e-09  1.89870513e+00  1.70129487e+00  2.84171035e+00  2.54787806e+00 
 4.27614000e-09  1.89865425e+00  1.70134575e+00  2.84164783e+00  2.54794291e+00 
 4.27664000e-09  1.89860240e+00  1.70139760e+00  2.84158389e+00  2.54800918e+00 
 4.27714000e-09  1.89854957e+00  1.70145043e+00  2.84151853e+00  2.54807685e+00 
 4.27764000e-09  1.89849577e+00  1.70150423e+00  2.84145176e+00  2.54814594e+00 
 4.27814000e-09  1.89844100e+00  1.70155900e+00  2.84138356e+00  2.54821642e+00 
 4.27864000e-09  1.89838526e+00  1.70161474e+00  2.84131396e+00  2.54828832e+00 
 4.27914000e-09  1.89832854e+00  1.70167146e+00  2.84124293e+00  2.54836162e+00 
 4.27964000e-09  1.89827086e+00  1.70172914e+00  2.84117049e+00  2.54843632e+00 
 4.28014000e-09  1.89821220e+00  1.70178780e+00  2.84109663e+00  2.54851243e+00 
 4.28064000e-09  1.89815258e+00  1.70184742e+00  2.84102136e+00  2.54858995e+00 
 4.28114000e-09  1.89809199e+00  1.70190801e+00  2.84094467e+00  2.54866886e+00 
 4.28164000e-09  1.89803043e+00  1.70196957e+00  2.84086657e+00  2.54874918e+00 
 4.28214000e-09  1.89796790e+00  1.70203210e+00  2.84078705e+00  2.54883090e+00 
 4.28264000e-09  1.89790441e+00  1.70209559e+00  2.84070613e+00  2.54891403e+00 
 4.28314000e-09  1.89783994e+00  1.70216006e+00  2.84062379e+00  2.54899855e+00 
 4.28364000e-09  1.89777452e+00  1.70222548e+00  2.84054003e+00  2.54908447e+00 
 4.28414000e-09  1.89770813e+00  1.70229187e+00  2.84045487e+00  2.54917179e+00 
 4.28464000e-09  1.89764077e+00  1.70235923e+00  2.84036830e+00  2.54926051e+00 
 4.28514000e-09  1.89757245e+00  1.70242755e+00  2.84028031e+00  2.54935063e+00 
 4.28564000e-09  1.89750317e+00  1.70249683e+00  2.84019091e+00  2.54944215e+00 
 4.28614000e-09  1.89743292e+00  1.70256708e+00  2.84010011e+00  2.54953506e+00 
 4.28664000e-09  1.89736171e+00  1.70263829e+00  2.84000790e+00  2.54962937e+00 
 4.28714000e-09  1.89728955e+00  1.70271045e+00  2.83991428e+00  2.54972507e+00 
 4.28764000e-09  1.89721642e+00  1.70278358e+00  2.83981925e+00  2.54982217e+00 
 4.28814000e-09  1.89714233e+00  1.70285767e+00  2.83972281e+00  2.54992066e+00 
 4.28864000e-09  1.89706729e+00  1.70293271e+00  2.83962497e+00  2.55002054e+00 
 4.28914000e-09  1.89699128e+00  1.70300872e+00  2.83952572e+00  2.55012182e+00 
 4.28964000e-09  1.89691432e+00  1.70308568e+00  2.83942507e+00  2.55022448e+00 
 4.29014000e-09  1.89683640e+00  1.70316360e+00  2.83932301e+00  2.55032854e+00 
 4.29064000e-09  1.89675753e+00  1.70324247e+00  2.83921955e+00  2.55043399e+00 
 4.29114000e-09  1.89667770e+00  1.70332230e+00  2.83911469e+00  2.55054082e+00 
 4.29164000e-09  1.89659692e+00  1.70340308e+00  2.83900842e+00  2.55064904e+00 
 4.29214000e-09  1.89651518e+00  1.70348482e+00  2.83890076e+00  2.55075865e+00 
 4.29264000e-09  1.89643249e+00  1.70356751e+00  2.83879169e+00  2.55086965e+00 
 4.29314000e-09  1.89634885e+00  1.70365115e+00  2.83868122e+00  2.55098203e+00 
 4.29364000e-09  1.89626426e+00  1.70373574e+00  2.83856935e+00  2.55109579e+00 
 4.29414000e-09  1.89617872e+00  1.70382128e+00  2.83845609e+00  2.55121094e+00 
 4.29464000e-09  1.89609223e+00  1.70390777e+00  2.83834142e+00  2.55132747e+00 
 4.29514000e-09  1.89600479e+00  1.70399521e+00  2.83822536e+00  2.55144538e+00 
 4.29564000e-09  1.89591640e+00  1.70408360e+00  2.83810790e+00  2.55156467e+00 
 4.29614000e-09  1.89582707e+00  1.70417293e+00  2.83798905e+00  2.55168534e+00 
 4.29664000e-09  1.89573679e+00  1.70426321e+00  2.83786880e+00  2.55180739e+00 
 4.29714000e-09  1.89564557e+00  1.70435443e+00  2.83774716e+00  2.55193082e+00 
 4.29764000e-09  1.89555340e+00  1.70444660e+00  2.83762413e+00  2.55205562e+00 
 4.29814000e-09  1.89546029e+00  1.70453971e+00  2.83749970e+00  2.55218180e+00 
 4.29864000e-09  1.89536624e+00  1.70463376e+00  2.83737389e+00  2.55230936e+00 
 4.29914000e-09  1.89527124e+00  1.70472876e+00  2.83724668e+00  2.55243829e+00 
 4.29964000e-09  1.89517531e+00  1.70482469e+00  2.83711808e+00  2.55256859e+00 
 4.30014000e-09  1.89507843e+00  1.70492157e+00  2.83698809e+00  2.55270026e+00 
 4.30064000e-09  1.89498062e+00  1.70501938e+00  2.83685672e+00  2.55283331e+00 
 4.30114000e-09  1.89488187e+00  1.70511813e+00  2.83672396e+00  2.55296772e+00 
 4.30164000e-09  1.89478218e+00  1.70521782e+00  2.83658981e+00  2.55310350e+00 
 4.30214000e-09  1.89468156e+00  1.70531844e+00  2.83645428e+00  2.55324065e+00 
 4.30264000e-09  1.89458001e+00  1.70541999e+00  2.83631736e+00  2.55337917e+00 
 4.30314000e-09  1.89447752e+00  1.70552248e+00  2.83617906e+00  2.55351905e+00 
 4.30364000e-09  1.89437409e+00  1.70562591e+00  2.83603938e+00  2.55366029e+00 
 4.30414000e-09  1.89426974e+00  1.70573026e+00  2.83589832e+00  2.55380290e+00 
 4.30464000e-09  1.89416446e+00  1.70583554e+00  2.83575588e+00  2.55394687e+00 
 4.30514000e-09  1.89405824e+00  1.70594176e+00  2.83561206e+00  2.55409220e+00 
 4.30564000e-09  1.89395110e+00  1.70604890e+00  2.83546686e+00  2.55423889e+00 
 4.30614000e-09  1.89384303e+00  1.70615697e+00  2.83532028e+00  2.55438694e+00 
 4.30664000e-09  1.89373404e+00  1.70626596e+00  2.83517233e+00  2.55453634e+00 
 4.30714000e-09  1.89362412e+00  1.70637588e+00  2.83502300e+00  2.55468710e+00 
 4.30764000e-09  1.89351327e+00  1.70648673e+00  2.83487230e+00  2.55483922e+00 
 4.30814000e-09  1.89340151e+00  1.70659849e+00  2.83472022e+00  2.55499269e+00 
 4.30864000e-09  1.89328882e+00  1.70671118e+00  2.83456677e+00  2.55514751e+00 
 4.30914000e-09  1.89317521e+00  1.70682479e+00  2.83441196e+00  2.55530369e+00 
 4.30964000e-09  1.89306068e+00  1.70693932e+00  2.83425577e+00  2.55546121e+00 
 4.31014000e-09  1.89294523e+00  1.70705477e+00  2.83409822e+00  2.55562008e+00 
 4.31064000e-09  1.89282887e+00  1.70717113e+00  2.83393929e+00  2.55578030e+00 
 4.31114000e-09  1.89271158e+00  1.70728842e+00  2.83377900e+00  2.55594187e+00 
 4.31164000e-09  1.89259339e+00  1.70740661e+00  2.83361735e+00  2.55610478e+00 
 4.31214000e-09  1.89247428e+00  1.70752572e+00  2.83345433e+00  2.55626903e+00 
 4.31264000e-09  1.89235425e+00  1.70764575e+00  2.83328995e+00  2.55643463e+00 
 4.31314000e-09  1.89223332e+00  1.70776668e+00  2.83312421e+00  2.55660156e+00 
 4.31364000e-09  1.89211148e+00  1.70788852e+00  2.83295711e+00  2.55676984e+00 
 4.31414000e-09  1.89198872e+00  1.70801128e+00  2.83278865e+00  2.55693945e+00 
 4.31464000e-09  1.89186506e+00  1.70813494e+00  2.83261883e+00  2.55711040e+00 
 4.31514000e-09  1.89174049e+00  1.70825951e+00  2.83244766e+00  2.55728269e+00 
 4.31564000e-09  1.89161502e+00  1.70838498e+00  2.83227513e+00  2.55745631e+00 
 4.31614000e-09  1.89148864e+00  1.70851136e+00  2.83210125e+00  2.55763127e+00 
 4.31664000e-09  1.89136136e+00  1.70863864e+00  2.83192601e+00  2.55780755e+00 
 4.31714000e-09  1.89123318e+00  1.70876682e+00  2.83174943e+00  2.55798516e+00 
 4.31764000e-09  1.89110409e+00  1.70889591e+00  2.83157149e+00  2.55816411e+00 
 4.31814000e-09  1.89097411e+00  1.70902589e+00  2.83139220e+00  2.55834438e+00 
 4.31864000e-09  1.89084323e+00  1.70915677e+00  2.83121157e+00  2.55852597e+00 
 4.31914000e-09  1.89071145e+00  1.70928855e+00  2.83102959e+00  2.55870889e+00 
 4.31964000e-09  1.89057878e+00  1.70942122e+00  2.83084627e+00  2.55889313e+00 
 4.32014000e-09  1.89044522e+00  1.70955478e+00  2.83066160e+00  2.55907870e+00 
 4.32064000e-09  1.89031076e+00  1.70968924e+00  2.83047560e+00  2.55926558e+00 
 4.32114000e-09  1.89017541e+00  1.70982459e+00  2.83028825e+00  2.55945378e+00 
 4.32164000e-09  1.89003917e+00  1.70996083e+00  2.83009956e+00  2.55964330e+00 
 4.32214000e-09  1.88990204e+00  1.71009796e+00  2.82990954e+00  2.55983413e+00 
 4.32264000e-09  1.88976402e+00  1.71023598e+00  2.82971818e+00  2.56002628e+00 
 4.32314000e-09  1.88962512e+00  1.71037488e+00  2.82952548e+00  2.56021973e+00 
 4.32364000e-09  1.88948534e+00  1.71051466e+00  2.82933146e+00  2.56041450e+00 
 4.32414000e-09  1.88934467e+00  1.71065533e+00  2.82913610e+00  2.56061058e+00 
 4.32464000e-09  1.88920311e+00  1.71079689e+00  2.82893941e+00  2.56080796e+00 
 4.32514000e-09  1.88906068e+00  1.71093932e+00  2.82874139e+00  2.56100665e+00 
 4.32564000e-09  1.88891737e+00  1.71108263e+00  2.82854205e+00  2.56120665e+00 
 4.32614000e-09  1.88877318e+00  1.71122682e+00  2.82834138e+00  2.56140794e+00 
 4.32664000e-09  1.88862812e+00  1.71137188e+00  2.82813939e+00  2.56161054e+00 
 4.32714000e-09  1.88848218e+00  1.71151782e+00  2.82793607e+00  2.56181443e+00 
 4.32764000e-09  1.88833537e+00  1.71166463e+00  2.82773143e+00  2.56201962e+00 
 4.32814000e-09  1.88818768e+00  1.71181232e+00  2.82752548e+00  2.56222611e+00 
 4.32864000e-09  1.88803913e+00  1.71196087e+00  2.82731821e+00  2.56243389e+00 
 4.32914000e-09  1.88788970e+00  1.71211030e+00  2.82710962e+00  2.56264297e+00 
 4.32964000e-09  1.88773941e+00  1.71226059e+00  2.82689972e+00  2.56285333e+00 
 4.33014000e-09  1.88758826e+00  1.71241174e+00  2.82668850e+00  2.56306498e+00 
 4.33064000e-09  1.88743624e+00  1.71256376e+00  2.82647597e+00  2.56327792e+00 
 4.33114000e-09  1.88728335e+00  1.71271665e+00  2.82626214e+00  2.56349215e+00 
 4.33164000e-09  1.88712961e+00  1.71287039e+00  2.82604700e+00  2.56370766e+00 
 4.33214000e-09  1.88697500e+00  1.71302500e+00  2.82583055e+00  2.56392445e+00 
 4.33264000e-09  1.88681954e+00  1.71318046e+00  2.82561280e+00  2.56414252e+00 
 4.33314000e-09  1.88666321e+00  1.71333679e+00  2.82539374e+00  2.56436187e+00 
 4.33364000e-09  1.88650604e+00  1.71349396e+00  2.82517339e+00  2.56458249e+00 
 4.33414000e-09  1.88634801e+00  1.71365199e+00  2.82495174e+00  2.56480439e+00 
 4.33464000e-09  1.88618912e+00  1.71381088e+00  2.82472879e+00  2.56502756e+00 
 4.33514000e-09  1.88602939e+00  1.71397061e+00  2.82450454e+00  2.56525201e+00 
 4.33564000e-09  1.88586881e+00  1.71413119e+00  2.82427900e+00  2.56547772e+00 
 4.33614000e-09  1.88570738e+00  1.71429262e+00  2.82405217e+00  2.56570470e+00 
 4.33664000e-09  1.88554510e+00  1.71445490e+00  2.82382405e+00  2.56593294e+00 
 4.33714000e-09  1.88538198e+00  1.71461802e+00  2.82359464e+00  2.56616245e+00 
 4.33764000e-09  1.88521802e+00  1.71478198e+00  2.82336395e+00  2.56639321e+00 
 4.33814000e-09  1.88505322e+00  1.71494678e+00  2.82313197e+00  2.56662524e+00 
 4.33864000e-09  1.88488758e+00  1.71511242e+00  2.82289871e+00  2.56685852e+00 
 4.33914000e-09  1.88472109e+00  1.71527891e+00  2.82266418e+00  2.56709306e+00 
 4.33964000e-09  1.88455378e+00  1.71544622e+00  2.82242836e+00  2.56732886e+00 
 4.34014000e-09  1.88438563e+00  1.71561437e+00  2.82219126e+00  2.56756590e+00 
 4.34064000e-09  1.88421664e+00  1.71578336e+00  2.82195289e+00  2.56780420e+00 
 4.34114000e-09  1.88404683e+00  1.71595317e+00  2.82171325e+00  2.56804374e+00 
 4.34164000e-09  1.88387618e+00  1.71612382e+00  2.82147234e+00  2.56828453e+00 
 4.34214000e-09  1.88370471e+00  1.71629529e+00  2.82123016e+00  2.56852656e+00 
 4.34264000e-09  1.88353241e+00  1.71646759e+00  2.82098672e+00  2.56876983e+00 
 4.34314000e-09  1.88335929e+00  1.71664071e+00  2.82074200e+00  2.56901434e+00 
 4.34364000e-09  1.88318534e+00  1.71681466e+00  2.82049603e+00  2.56926009e+00 
 4.34414000e-09  1.88301057e+00  1.71698943e+00  2.82024880e+00  2.56950707e+00 
 4.34464000e-09  1.88283499e+00  1.71716501e+00  2.82000031e+00  2.56975529e+00 
 4.34514000e-09  1.88265858e+00  1.71734142e+00  2.81975056e+00  2.57000474e+00 
 4.34564000e-09  1.88248136e+00  1.71751864e+00  2.81949956e+00  2.57025541e+00 
 4.34614000e-09  1.88230333e+00  1.71769667e+00  2.81924730e+00  2.57050732e+00 
 4.34664000e-09  1.88212448e+00  1.71787552e+00  2.81899380e+00  2.57076045e+00 
 4.34714000e-09  1.88194483e+00  1.71805517e+00  2.81873905e+00  2.57101480e+00 
 4.34764000e-09  1.88176436e+00  1.71823564e+00  2.81848305e+00  2.57127037e+00 
 4.34814000e-09  1.88158309e+00  1.71841691e+00  2.81822581e+00  2.57152715e+00 
 4.34864000e-09  1.88140101e+00  1.71859899e+00  2.81796733e+00  2.57178516e+00 
 4.34914000e-09  1.88121813e+00  1.71878187e+00  2.81770761e+00  2.57204438e+00 
 4.34964000e-09  1.88103445e+00  1.71896555e+00  2.81744665e+00  2.57230481e+00 
 4.35014000e-09  1.88084996e+00  1.71915004e+00  2.81718446e+00  2.57256645e+00 
 4.35064000e-09  1.88066468e+00  1.71933532e+00  2.81692104e+00  2.57282929e+00 
 4.35114000e-09  1.88047861e+00  1.71952139e+00  2.81665638e+00  2.57309334e+00 
 4.35164000e-09  1.88029174e+00  1.71970826e+00  2.81639050e+00  2.57335859e+00 
 4.35214000e-09  1.88010407e+00  1.71989593e+00  2.81612340e+00  2.57362505e+00 
 4.35264000e-09  1.87991562e+00  1.72008438e+00  2.81585507e+00  2.57389270e+00 
 4.35314000e-09  1.87972638e+00  1.72027362e+00  2.81558551e+00  2.57416154e+00 
 4.35364000e-09  1.87953635e+00  1.72046365e+00  2.81531474e+00  2.57443158e+00 
 4.35414000e-09  1.87934553e+00  1.72065447e+00  2.81504276e+00  2.57470281e+00 
 4.35464000e-09  1.87915394e+00  1.72084606e+00  2.81476956e+00  2.57497523e+00 
 4.35514000e-09  1.87896156e+00  1.72103844e+00  2.81449515e+00  2.57524883e+00 
 4.35564000e-09  1.87876840e+00  1.72123160e+00  2.81421953e+00  2.57552362e+00 
 4.35614000e-09  1.87857446e+00  1.72142554e+00  2.81394270e+00  2.57579959e+00 
 4.35664000e-09  1.87837975e+00  1.72162025e+00  2.81366467e+00  2.57607674e+00 
 4.35714000e-09  1.87818427e+00  1.72181573e+00  2.81338544e+00  2.57635506e+00 
 4.35764000e-09  1.87798801e+00  1.72201199e+00  2.81310500e+00  2.57663456e+00 
 4.35814000e-09  1.87779099e+00  1.72220901e+00  2.81282337e+00  2.57691523e+00 
 4.35864000e-09  1.87759319e+00  1.72240681e+00  2.81254055e+00  2.57719707e+00 
 4.35914000e-09  1.87739463e+00  1.72260537e+00  2.81225654e+00  2.57748008e+00 
 4.35964000e-09  1.87719531e+00  1.72280469e+00  2.81197133e+00  2.57776425e+00 
 4.36014000e-09  1.87699522e+00  1.72300478e+00  2.81168494e+00  2.57804958e+00 
 4.36064000e-09  1.87679438e+00  1.72320562e+00  2.81139736e+00  2.57833607e+00 
 4.36114000e-09  1.87659278e+00  1.72340722e+00  2.81110860e+00  2.57862372e+00 
 4.36164000e-09  1.87639042e+00  1.72360958e+00  2.81081867e+00  2.57891252e+00 
 4.36214000e-09  1.87618730e+00  1.72381270e+00  2.81052755e+00  2.57920247e+00 
 4.36264000e-09  1.87598344e+00  1.72401656e+00  2.81023526e+00  2.57949357e+00 
 4.36314000e-09  1.87577882e+00  1.72422118e+00  2.80994180e+00  2.57978582e+00 
 4.36364000e-09  1.87557346e+00  1.72442654e+00  2.80964717e+00  2.58007922e+00 
 4.36414000e-09  1.87536735e+00  1.72463265e+00  2.80935138e+00  2.58037375e+00 
 4.36464000e-09  1.87516050e+00  1.72483950e+00  2.80905442e+00  2.58066942e+00 
 4.36514000e-09  1.87495291e+00  1.72504709e+00  2.80875630e+00  2.58096623e+00 
 4.36564000e-09  1.87474457e+00  1.72525543e+00  2.80845702e+00  2.58126417e+00 
 4.36614000e-09  1.87453550e+00  1.72546450e+00  2.80815659e+00  2.58156325e+00 
 4.36664000e-09  1.87432569e+00  1.72567431e+00  2.80785500e+00  2.58186345e+00 
 4.36714000e-09  1.87411515e+00  1.72588485e+00  2.80755226e+00  2.58216477e+00 
 4.36764000e-09  1.87390388e+00  1.72609612e+00  2.80724838e+00  2.58246722e+00 
 4.36814000e-09  1.87369188e+00  1.72630812e+00  2.80694335e+00  2.58277079e+00 
 4.36864000e-09  1.87347915e+00  1.72652085e+00  2.80663718e+00  2.58307548e+00 
 4.36914000e-09  1.87326569e+00  1.72673431e+00  2.80632987e+00  2.58338128e+00 
 4.36964000e-09  1.87305152e+00  1.72694848e+00  2.80602142e+00  2.58368819e+00 
 4.37014000e-09  1.87283662e+00  1.72716338e+00  2.80571184e+00  2.58399621e+00 
 4.37064000e-09  1.87262100e+00  1.72737900e+00  2.80540113e+00  2.58430534e+00 
 4.37114000e-09  1.87240467e+00  1.72759533e+00  2.80508929e+00  2.58461557e+00 
 4.37164000e-09  1.87218762e+00  1.72781238e+00  2.80477632e+00  2.58492690e+00 
 4.37214000e-09  1.87196986e+00  1.72803014e+00  2.80446224e+00  2.58523933e+00 
 4.37264000e-09  1.87175139e+00  1.72824861e+00  2.80414703e+00  2.58555285e+00 
 4.37314000e-09  1.87153221e+00  1.72846779e+00  2.80383071e+00  2.58586747e+00 
 4.37364000e-09  1.87131232e+00  1.72868768e+00  2.80351327e+00  2.58618317e+00 
 4.37414000e-09  1.87109173e+00  1.72890827e+00  2.80319473e+00  2.58649997e+00 
 4.37464000e-09  1.87087044e+00  1.72912956e+00  2.80287507e+00  2.58681784e+00 
 4.37514000e-09  1.87064845e+00  1.72935155e+00  2.80255431e+00  2.58713680e+00 
 4.37564000e-09  1.87042576e+00  1.72957424e+00  2.80223245e+00  2.58745683e+00 
 4.37614000e-09  1.87020238e+00  1.72979762e+00  2.80190949e+00  2.58777794e+00 
 4.37664000e-09  1.86997830e+00  1.73002170e+00  2.80158544e+00  2.58810012e+00 
 4.37714000e-09  1.86975354e+00  1.73024646e+00  2.80126029e+00  2.58842338e+00 
 4.37764000e-09  1.86952808e+00  1.73047192e+00  2.80093405e+00  2.58874769e+00 
 4.37814000e-09  1.86930194e+00  1.73069806e+00  2.80060672e+00  2.58907307e+00 
 4.37864000e-09  1.86907512e+00  1.73092488e+00  2.80027831e+00  2.58939951e+00 
 4.37914000e-09  1.86884761e+00  1.73115239e+00  2.79994883e+00  2.58972701e+00 
 4.37964000e-09  1.86861942e+00  1.73138058e+00  2.79961826e+00  2.59005556e+00 
 4.38014000e-09  1.86839056e+00  1.73160944e+00  2.79928662e+00  2.59038516e+00 
 4.38064000e-09  1.86816102e+00  1.73183898e+00  2.79895390e+00  2.59071581e+00 
 4.38114000e-09  1.86793081e+00  1.73206919e+00  2.79862012e+00  2.59104751e+00 
 4.38164000e-09  1.86769993e+00  1.73230007e+00  2.79828527e+00  2.59138025e+00 
 4.38214000e-09  1.86746838e+00  1.73253162e+00  2.79794937e+00  2.59171402e+00 
 4.38264000e-09  1.86723616e+00  1.73276384e+00  2.79761240e+00  2.59204884e+00 
 4.38314000e-09  1.86700328e+00  1.73299672e+00  2.79727437e+00  2.59238468e+00 
 4.38364000e-09  1.86676974e+00  1.73323026e+00  2.79693530e+00  2.59272156e+00 
 4.38414000e-09  1.86653554e+00  1.73346446e+00  2.79659517e+00  2.59305946e+00 
 4.38464000e-09  1.86630069e+00  1.73369931e+00  2.79625400e+00  2.59339838e+00 
 4.38514000e-09  1.86606518e+00  1.73393482e+00  2.79591179e+00  2.59373833e+00 
 4.38564000e-09  1.86582902e+00  1.73417098e+00  2.79556853e+00  2.59407929e+00 
 4.38614000e-09  1.86559220e+00  1.73440780e+00  2.79522424e+00  2.59442127e+00 
 4.38664000e-09  1.86535474e+00  1.73464526e+00  2.79487892e+00  2.59476425e+00 
 4.38714000e-09  1.86511664e+00  1.73488336e+00  2.79453257e+00  2.59510825e+00 
 4.38764000e-09  1.86487789e+00  1.73512211e+00  2.79418518e+00  2.59545325e+00 
 4.38814000e-09  1.86463850e+00  1.73536150e+00  2.79383678e+00  2.59579925e+00 
 4.38864000e-09  1.86439848e+00  1.73560152e+00  2.79348736e+00  2.59614625e+00 
 4.38914000e-09  1.86415782e+00  1.73584218e+00  2.79313692e+00  2.59649424e+00 
 4.38964000e-09  1.86391652e+00  1.73608348e+00  2.79278546e+00  2.59684323e+00 
 4.39014000e-09  1.86367460e+00  1.73632540e+00  2.79243300e+00  2.59719320e+00 
 4.39064000e-09  1.86343204e+00  1.73656796e+00  2.79207953e+00  2.59754416e+00 
 4.39114000e-09  1.86318886e+00  1.73681114e+00  2.79172506e+00  2.59789610e+00 
 4.39164000e-09  1.86294506e+00  1.73705494e+00  2.79136958e+00  2.59824901e+00 
 4.39214000e-09  1.86270063e+00  1.73729937e+00  2.79101312e+00  2.59860291e+00 
 4.39264000e-09  1.86245559e+00  1.73754441e+00  2.79065565e+00  2.59895777e+00 
 4.39314000e-09  1.86220993e+00  1.73779007e+00  2.79029720e+00  2.59931360e+00 
 4.39364000e-09  1.86196366e+00  1.73803634e+00  2.78993776e+00  2.59967040e+00 
 4.39414000e-09  1.86171677e+00  1.73828323e+00  2.78957734e+00  2.60002816e+00 
 4.39464000e-09  1.86146928e+00  1.73853072e+00  2.78921594e+00  2.60038688e+00 
 4.39514000e-09  1.86122118e+00  1.73877882e+00  2.78885357e+00  2.60074655e+00 
 4.39564000e-09  1.86097247e+00  1.73902753e+00  2.78849022e+00  2.60110718e+00 
 4.39614000e-09  1.86072316e+00  1.73927684e+00  2.78812590e+00  2.60146875e+00 
 4.39664000e-09  1.86047326e+00  1.73952674e+00  2.78776062e+00  2.60183127e+00 
 4.39714000e-09  1.86022275e+00  1.73977725e+00  2.78739438e+00  2.60219472e+00 
 4.39764000e-09  1.85997166e+00  1.74002834e+00  2.78702718e+00  2.60255912e+00 
 4.39814000e-09  1.85971997e+00  1.74028003e+00  2.78665902e+00  2.60292445e+00 
 4.39864000e-09  1.85946769e+00  1.74053231e+00  2.78628992e+00  2.60329071e+00 
 4.39914000e-09  1.85921482e+00  1.74078518e+00  2.78591987e+00  2.60365790e+00 
 4.39964000e-09  1.85896137e+00  1.74103863e+00  2.78554887e+00  2.60402601e+00 
 4.40014000e-09  1.85870734e+00  1.74129266e+00  2.78517693e+00  2.60439504e+00 
 4.40064000e-09  1.85845273e+00  1.74154727e+00  2.78480406e+00  2.60476499e+00 
 4.40114000e-09  1.85819754e+00  1.74180246e+00  2.78443025e+00  2.60513585e+00 
 4.40164000e-09  1.85794177e+00  1.74205823e+00  2.78405552e+00  2.60550763e+00 
 4.40214000e-09  1.85768544e+00  1.74231456e+00  2.78367986e+00  2.60588031e+00 
 4.40264000e-09  1.85742853e+00  1.74257147e+00  2.78330327e+00  2.60625389e+00 
 4.40314000e-09  1.85717106e+00  1.74282894e+00  2.78292577e+00  2.60662837e+00 
 4.40364000e-09  1.85691303e+00  1.74308697e+00  2.78254736e+00  2.60700374e+00 
 4.40414000e-09  1.85665443e+00  1.74334557e+00  2.78216803e+00  2.60738001e+00 
 4.40464000e-09  1.85639528e+00  1.74360472e+00  2.78178780e+00  2.60775716e+00 
 4.40514000e-09  1.85613556e+00  1.74386444e+00  2.78140667e+00  2.60813520e+00 
 4.40564000e-09  1.85587530e+00  1.74412470e+00  2.78102463e+00  2.60851413e+00 
 4.40614000e-09  1.85561448e+00  1.74438552e+00  2.78064170e+00  2.60889392e+00 
 4.40664000e-09  1.85535311e+00  1.74464689e+00  2.78025788e+00  2.60927460e+00 
 4.40714000e-09  1.85509120e+00  1.74490880e+00  2.77987317e+00  2.60965614e+00 
 4.40764000e-09  1.85482874e+00  1.74517126e+00  2.77948757e+00  2.61003855e+00 
 4.40814000e-09  1.85456574e+00  1.74543426e+00  2.77910110e+00  2.61042182e+00 
 4.40864000e-09  1.85430220e+00  1.74569780e+00  2.77871375e+00  2.61080595e+00 
 4.40914000e-09  1.85403813e+00  1.74596187e+00  2.77832552e+00  2.61119093e+00 
 4.40964000e-09  1.85377352e+00  1.74622648e+00  2.77793643e+00  2.61157677e+00 
 4.41014000e-09  1.85350839e+00  1.74649161e+00  2.77754647e+00  2.61196345e+00 
 4.41064000e-09  1.85324272e+00  1.74675728e+00  2.77715565e+00  2.61235098e+00 
 4.41114000e-09  1.85297653e+00  1.74702347e+00  2.77676397e+00  2.61273935e+00 
 4.41164000e-09  1.85270982e+00  1.74729018e+00  2.77637144e+00  2.61312855e+00 
 4.41214000e-09  1.85244259e+00  1.74755741e+00  2.77597806e+00  2.61351859e+00 
 4.41264000e-09  1.85217483e+00  1.74782517e+00  2.77558383e+00  2.61390945e+00 
 4.41314000e-09  1.85190657e+00  1.74809343e+00  2.77518877e+00  2.61430114e+00 
 4.41364000e-09  1.85163779e+00  1.74836221e+00  2.77479286e+00  2.61469366e+00 
 4.41414000e-09  1.85136850e+00  1.74863150e+00  2.77439612e+00  2.61508699e+00 
 4.41464000e-09  1.85109871e+00  1.74890129e+00  2.77399855e+00  2.61548113e+00 
 4.41514000e-09  1.85082841e+00  1.74917159e+00  2.77360016e+00  2.61587608e+00 
 4.41564000e-09  1.85055761e+00  1.74944239e+00  2.77320094e+00  2.61627184e+00 
 4.41614000e-09  1.85028631e+00  1.74971369e+00  2.77280091e+00  2.61666840e+00 
 4.41664000e-09  1.85001451e+00  1.74998549e+00  2.77240006e+00  2.61706576e+00 
 4.41714000e-09  1.84974222e+00  1.75025778e+00  2.77199840e+00  2.61746391e+00 
 4.41764000e-09  1.84946944e+00  1.75053056e+00  2.77159594e+00  2.61786286e+00 
 4.41814000e-09  1.84919617e+00  1.75080383e+00  2.77119267e+00  2.61826259e+00 
 4.41864000e-09  1.84892242e+00  1.75107758e+00  2.77078861e+00  2.61866310e+00 
 4.41914000e-09  1.84864818e+00  1.75135182e+00  2.77038375e+00  2.61906439e+00 
 4.41964000e-09  1.84837346e+00  1.75162654e+00  2.76997810e+00  2.61946645e+00 
 4.42014000e-09  1.84809826e+00  1.75190174e+00  2.76957167e+00  2.61986929e+00 
 4.42064000e-09  1.84782260e+00  1.75217740e+00  2.76916446e+00  2.62027289e+00 
 4.42114000e-09  1.84754645e+00  1.75245355e+00  2.76875647e+00  2.62067726e+00 
 4.42164000e-09  1.84726984e+00  1.75273016e+00  2.76834770e+00  2.62108238e+00 
 4.42214000e-09  1.84699276e+00  1.75300724e+00  2.76793817e+00  2.62148826e+00 
 4.42264000e-09  1.84671522e+00  1.75328478e+00  2.76752787e+00  2.62189489e+00 
 4.42314000e-09  1.84643722e+00  1.75356278e+00  2.76711681e+00  2.62230226e+00 
 4.42364000e-09  1.84615876e+00  1.75384124e+00  2.76670500e+00  2.62271038e+00 
 4.42414000e-09  1.84587984e+00  1.75412016e+00  2.76629243e+00  2.62311924e+00 
 4.42464000e-09  1.84560047e+00  1.75439953e+00  2.76587911e+00  2.62352883e+00 
 4.42514000e-09  1.84532066e+00  1.75467934e+00  2.76546505e+00  2.62393915e+00 
 4.42564000e-09  1.84504039e+00  1.75495961e+00  2.76505025e+00  2.62435020e+00 
 4.42614000e-09  1.84475968e+00  1.75524032e+00  2.76463472e+00  2.62476197e+00 
 4.42664000e-09  1.84447853e+00  1.75552147e+00  2.76421845e+00  2.62517446e+00 
 4.42714000e-09  1.84419693e+00  1.75580307e+00  2.76380145e+00  2.62558767e+00 
 4.42764000e-09  1.84391491e+00  1.75608509e+00  2.76338374e+00  2.62600158e+00 
 4.42814000e-09  1.84363244e+00  1.75636756e+00  2.76296530e+00  2.62641620e+00 
 4.42864000e-09  1.84334955e+00  1.75665045e+00  2.76254615e+00  2.62683152e+00 
 4.42914000e-09  1.84306623e+00  1.75693377e+00  2.76212629e+00  2.62724754e+00 
 4.42964000e-09  1.84278249e+00  1.75721751e+00  2.76170572e+00  2.62766426e+00 
 4.43014000e-09  1.84249832e+00  1.75750168e+00  2.76128445e+00  2.62808166e+00 
 4.43064000e-09  1.84221373e+00  1.75778627e+00  2.76086249e+00  2.62849975e+00 
 4.43114000e-09  1.84192873e+00  1.75807127e+00  2.76043983e+00  2.62891852e+00 
 4.43164000e-09  1.84164331e+00  1.75835669e+00  2.76001648e+00  2.62933796e+00 
 4.43214000e-09  1.84135748e+00  1.75864252e+00  2.75959245e+00  2.62975808e+00 
 4.43264000e-09  1.84107125e+00  1.75892875e+00  2.75916774e+00  2.63017887e+00 
 4.43314000e-09  1.84078461e+00  1.75921539e+00  2.75874235e+00  2.63060032e+00 
 4.43364000e-09  1.84049756e+00  1.75950244e+00  2.75831630e+00  2.63102243e+00 
 4.43414000e-09  1.84021012e+00  1.75978988e+00  2.75788957e+00  2.63144520e+00 
 4.43464000e-09  1.83992228e+00  1.76007772e+00  2.75746218e+00  2.63186862e+00 
 4.43514000e-09  1.83963404e+00  1.76036596e+00  2.75703414e+00  2.63229268e+00 
 4.43564000e-09  1.83934542e+00  1.76065458e+00  2.75660544e+00  2.63271739e+00 
 4.43614000e-09  1.83905640e+00  1.76094360e+00  2.75617609e+00  2.63314274e+00 
 4.43664000e-09  1.83876700e+00  1.76123300e+00  2.75574609e+00  2.63356873e+00 
 4.43714000e-09  1.83847722e+00  1.76152278e+00  2.75531546e+00  2.63399534e+00 
 4.43764000e-09  1.83818706e+00  1.76181294e+00  2.75488419e+00  2.63442258e+00 
 4.43814000e-09  1.83789652e+00  1.76210348e+00  2.75445229e+00  2.63485044e+00 
 4.43864000e-09  1.83760561e+00  1.76239439e+00  2.75401976e+00  2.63527892e+00 
 4.43914000e-09  1.83731432e+00  1.76268568e+00  2.75358660e+00  2.63570802e+00 
 4.43964000e-09  1.83702267e+00  1.76297733e+00  2.75315283e+00  2.63613772e+00 
 4.44014000e-09  1.83673065e+00  1.76326935e+00  2.75271845e+00  2.63656802e+00 
 4.44064000e-09  1.83643827e+00  1.76356173e+00  2.75228345e+00  2.63699893e+00 
 4.44114000e-09  1.83614553e+00  1.76385447e+00  2.75184785e+00  2.63743043e+00 
 4.44164000e-09  1.83585244e+00  1.76414756e+00  2.75141166e+00  2.63786253e+00 
 4.44214000e-09  1.83555899e+00  1.76444101e+00  2.75097486e+00  2.63829521e+00 
 4.44264000e-09  1.83526518e+00  1.76473482e+00  2.75053747e+00  2.63872847e+00 
 4.44314000e-09  1.83497104e+00  1.76502896e+00  2.75009950e+00  2.63916231e+00 
 4.44364000e-09  1.83467654e+00  1.76532346e+00  2.74966095e+00  2.63959673e+00 
 4.44414000e-09  1.83438170e+00  1.76561830e+00  2.74922181e+00  2.64003172e+00 
 4.44464000e-09  1.83408653e+00  1.76591347e+00  2.74878211e+00  2.64046727e+00 
 4.44514000e-09  1.83379101e+00  1.76620899e+00  2.74834183e+00  2.64090338e+00 
 4.44564000e-09  1.83349517e+00  1.76650483e+00  2.74790099e+00  2.64134005e+00 
 4.44614000e-09  1.83319899e+00  1.76680101e+00  2.74745959e+00  2.64177727e+00 
 4.44664000e-09  1.83290249e+00  1.76709751e+00  2.74701764e+00  2.64221504e+00 
 4.44714000e-09  1.83260566e+00  1.76739434e+00  2.74657514e+00  2.64265335e+00 
 4.44764000e-09  1.83230851e+00  1.76769149e+00  2.74613209e+00  2.64309220e+00 
 4.44814000e-09  1.83201104e+00  1.76798896e+00  2.74568850e+00  2.64353159e+00 
 4.44864000e-09  1.83171325e+00  1.76828675e+00  2.74524437e+00  2.64397150e+00 
 4.44914000e-09  1.83141515e+00  1.76858485e+00  2.74479971e+00  2.64441194e+00 
 4.44964000e-09  1.83111674e+00  1.76888326e+00  2.74435453e+00  2.64485290e+00 
 4.45014000e-09  1.83081803e+00  1.76918197e+00  2.74390882e+00  2.64529438e+00 
 4.45064000e-09  1.83051901e+00  1.76948099e+00  2.74346259e+00  2.64573637e+00 
 4.45114000e-09  1.83021969e+00  1.76978031e+00  2.74301585e+00  2.64617887e+00 
 4.45164000e-09  1.82992007e+00  1.77007993e+00  2.74256860e+00  2.64662187e+00 
 4.45214000e-09  1.82962015e+00  1.77037985e+00  2.74212085e+00  2.64706537e+00 
 4.45264000e-09  1.82931995e+00  1.77068005e+00  2.74167260e+00  2.64750936e+00 
 4.45314000e-09  1.82901945e+00  1.77098055e+00  2.74122385e+00  2.64795384e+00 
 4.45364000e-09  1.82871867e+00  1.77128133e+00  2.74077462e+00  2.64839881e+00 
 4.45414000e-09  1.82841760e+00  1.77158240e+00  2.74032490e+00  2.64884426e+00 
 4.45464000e-09  1.82811625e+00  1.77188375e+00  2.73987469e+00  2.64929018e+00 
 4.45514000e-09  1.82781463e+00  1.77218537e+00  2.73942402e+00  2.64973658e+00 
 4.45564000e-09  1.82751273e+00  1.77248727e+00  2.73897287e+00  2.65018344e+00 
 4.45614000e-09  1.82721056e+00  1.77278944e+00  2.73852125e+00  2.65063076e+00 
 4.45664000e-09  1.82690812e+00  1.77309188e+00  2.73806918e+00  2.65107854e+00 
 4.45714000e-09  1.82660542e+00  1.77339458e+00  2.73761664e+00  2.65152678e+00 
 4.45764000e-09  1.82630245e+00  1.77369755e+00  2.73716366e+00  2.65197546e+00 
 4.45814000e-09  1.82599922e+00  1.77400078e+00  2.73671022e+00  2.65242459e+00 
 4.45864000e-09  1.82569574e+00  1.77430426e+00  2.73625635e+00  2.65287416e+00 
 4.45914000e-09  1.82539200e+00  1.77460800e+00  2.73580204e+00  2.65332416e+00 
 4.45964000e-09  1.82508801e+00  1.77491199e+00  2.73534729e+00  2.65377459e+00 
 4.46014000e-09  1.82478378e+00  1.77521622e+00  2.73489212e+00  2.65422545e+00 
 4.46064000e-09  1.82447930e+00  1.77552070e+00  2.73443652e+00  2.65467673e+00 
 4.46114000e-09  1.82417458e+00  1.77582542e+00  2.73398050e+00  2.65512843e+00 
 4.46164000e-09  1.82386962e+00  1.77613038e+00  2.73352407e+00  2.65558054e+00 
 4.46214000e-09  1.82356442e+00  1.77643558e+00  2.73306723e+00  2.65603305e+00 
 4.46264000e-09  1.82325899e+00  1.77674101e+00  2.73260999e+00  2.65648597e+00 
 4.46314000e-09  1.82295334e+00  1.77704666e+00  2.73215235e+00  2.65693929e+00 
 4.46364000e-09  1.82264745e+00  1.77735255e+00  2.73169431e+00  2.65739300e+00 
 4.46414000e-09  1.82234134e+00  1.77765866e+00  2.73123588e+00  2.65784709e+00 
 4.46464000e-09  1.82203502e+00  1.77796498e+00  2.73077707e+00  2.65830158e+00 
 4.46514000e-09  1.82172847e+00  1.77827153e+00  2.73031788e+00  2.65875644e+00 
 4.46564000e-09  1.82142171e+00  1.77857829e+00  2.72985831e+00  2.65921168e+00 
 4.46614000e-09  1.82111474e+00  1.77888526e+00  2.72939837e+00  2.65966728e+00 
 4.46664000e-09  1.82080756e+00  1.77919244e+00  2.72893807e+00  2.66012326e+00 
 4.46714000e-09  1.82050017e+00  1.77949983e+00  2.72847741e+00  2.66057959e+00 
 4.46764000e-09  1.82019258e+00  1.77980742e+00  2.72801639e+00  2.66103628e+00 
 4.46814000e-09  1.81988480e+00  1.78011520e+00  2.72755502e+00  2.66149332e+00 
 4.46864000e-09  1.81957681e+00  1.78042319e+00  2.72709330e+00  2.66195071e+00 
 4.46914000e-09  1.81926864e+00  1.78073136e+00  2.72663125e+00  2.66240844e+00 
 4.46964000e-09  1.81896027e+00  1.78103973e+00  2.72616886e+00  2.66286651e+00 
 4.47014000e-09  1.81865172e+00  1.78134828e+00  2.72570613e+00  2.66332492e+00 
 4.47064000e-09  1.81834298e+00  1.78165702e+00  2.72524308e+00  2.66378365e+00 
 4.47114000e-09  1.81803406e+00  1.78196594e+00  2.72477971e+00  2.66424270e+00 
 4.47164000e-09  1.81772496e+00  1.78227504e+00  2.72431603e+00  2.66470207e+00 
 4.47214000e-09  1.81741569e+00  1.78258431e+00  2.72385203e+00  2.66516176e+00 
 4.47264000e-09  1.81710625e+00  1.78289375e+00  2.72338772e+00  2.66562176e+00 
 4.47314000e-09  1.81679664e+00  1.78320336e+00  2.72292312e+00  2.66608206e+00 
 4.47364000e-09  1.81648686e+00  1.78351314e+00  2.72245821e+00  2.66654266e+00 
 4.47414000e-09  1.81617692e+00  1.78382308e+00  2.72199302e+00  2.66700356e+00 
 4.47464000e-09  1.81586682e+00  1.78413318e+00  2.72152754e+00  2.66746475e+00 
 4.47514000e-09  1.81555656e+00  1.78444344e+00  2.72106178e+00  2.66792622e+00 
 4.47564000e-09  1.81524615e+00  1.78475385e+00  2.72059574e+00  2.66838797e+00 
 4.47614000e-09  1.81493559e+00  1.78506441e+00  2.72012943e+00  2.66885001e+00 
 4.47664000e-09  1.81462488e+00  1.78537512e+00  2.71966285e+00  2.66931231e+00 
 4.47714000e-09  1.81431403e+00  1.78568597e+00  2.71919601e+00  2.66977488e+00 
 4.47764000e-09  1.81400303e+00  1.78599697e+00  2.71872892e+00  2.67023772e+00 
 4.47814000e-09  1.81369190e+00  1.78630810e+00  2.71826157e+00  2.67070081e+00 
 4.47864000e-09  1.81338063e+00  1.78661937e+00  2.71779398e+00  2.67116415e+00 
 4.47914000e-09  1.81306923e+00  1.78693077e+00  2.71732614e+00  2.67162775e+00 
 4.47964000e-09  1.81275770e+00  1.78724230e+00  2.71685807e+00  2.67209158e+00 
 4.48014000e-09  1.81244605e+00  1.78755395e+00  2.71638977e+00  2.67255566e+00 
 4.48064000e-09  1.81213427e+00  1.78786573e+00  2.71592124e+00  2.67301997e+00 
 4.48114000e-09  1.81182237e+00  1.78817763e+00  2.71545249e+00  2.67348451e+00 
 4.48164000e-09  1.81151036e+00  1.78848964e+00  2.71498352e+00  2.67394927e+00 
 4.48214000e-09  1.81119823e+00  1.78880177e+00  2.71451434e+00  2.67441426e+00 
 4.48264000e-09  1.81088599e+00  1.78911401e+00  2.71404496e+00  2.67487946e+00 
 4.48314000e-09  1.81057365e+00  1.78942635e+00  2.71357538e+00  2.67534487e+00 
 4.48364000e-09  1.81026120e+00  1.78973880e+00  2.71310560e+00  2.67581049e+00 
 4.48414000e-09  1.80994865e+00  1.79005135e+00  2.71263562e+00  2.67627630e+00 
 4.48464000e-09  1.80963600e+00  1.79036400e+00  2.71216547e+00  2.67674232e+00 
 4.48514000e-09  1.80932325e+00  1.79067675e+00  2.71169513e+00  2.67720852e+00 
 4.48564000e-09  1.80901042e+00  1.79098958e+00  2.71122462e+00  2.67767492e+00 
 4.48614000e-09  1.80869749e+00  1.79130251e+00  2.71075393e+00  2.67814149e+00 
 4.48664000e-09  1.80838448e+00  1.79161552e+00  2.71028308e+00  2.67860824e+00 
 4.48714000e-09  1.80807139e+00  1.79192861e+00  2.70981207e+00  2.67907517e+00 
 4.48764000e-09  1.80775821e+00  1.79224179e+00  2.70934091e+00  2.67954226e+00 
 4.48814000e-09  1.80744496e+00  1.79255504e+00  2.70886959e+00  2.68000952e+00 
 4.48864000e-09  1.80713164e+00  1.79286836e+00  2.70839814e+00  2.68047694e+00 
 4.48914000e-09  1.80681825e+00  1.79318175e+00  2.70792654e+00  2.68094451e+00 
 4.48964000e-09  1.80650478e+00  1.79349522e+00  2.70745480e+00  2.68141223e+00 
 4.49014000e-09  1.80619126e+00  1.79380874e+00  2.70698294e+00  2.68188009e+00 
 4.49064000e-09  1.80587767e+00  1.79412233e+00  2.70651095e+00  2.68234810e+00 
 4.49114000e-09  1.80556403e+00  1.79443597e+00  2.70603885e+00  2.68281623e+00 
 4.49164000e-09  1.80525033e+00  1.79474967e+00  2.70556663e+00  2.68328450e+00 
 4.49214000e-09  1.80493658e+00  1.79506342e+00  2.70509430e+00  2.68375290e+00 
 4.49264000e-09  1.80462278e+00  1.79537722e+00  2.70462187e+00  2.68422141e+00 
 4.49314000e-09  1.80430893e+00  1.79569107e+00  2.70414934e+00  2.68469005e+00 
 4.49364000e-09  1.80399504e+00  1.79600496e+00  2.70367672e+00  2.68515879e+00 
 4.49414000e-09  1.80368111e+00  1.79631889e+00  2.70320401e+00  2.68562764e+00 
 4.49464000e-09  1.80336715e+00  1.79663285e+00  2.70273121e+00  2.68609659e+00 
 4.49514000e-09  1.80305315e+00  1.79694685e+00  2.70225834e+00  2.68656564e+00 
 4.49564000e-09  1.80273913e+00  1.79726087e+00  2.70178540e+00  2.68703479e+00 
 4.49614000e-09  1.80242507e+00  1.79757493e+00  2.70131239e+00  2.68750402e+00 
 4.49664000e-09  1.80211099e+00  1.79788901e+00  2.70083932e+00  2.68797333e+00 
 4.49714000e-09  1.80179689e+00  1.79820311e+00  2.70036619e+00  2.68844273e+00 
 4.49764000e-09  1.80148278e+00  1.79851722e+00  2.69989301e+00  2.68891219e+00 
 4.49814000e-09  1.80116865e+00  1.79883135e+00  2.69941979e+00  2.68938173e+00 
 4.49864000e-09  1.80085450e+00  1.79914550e+00  2.69894652e+00  2.68985133e+00 
 4.49914000e-09  1.80054035e+00  1.79945965e+00  2.69847322e+00  2.69032099e+00 
 4.49964000e-09  1.80022619e+00  1.79977381e+00  2.69799989e+00  2.69079070e+00 
 4.50014000e-09  1.79991204e+00  1.80008796e+00  2.69752653e+00  2.69126047e+00 
 4.50064000e-09  1.79959788e+00  1.80040212e+00  2.69705315e+00  2.69173028e+00 
 4.50114000e-09  1.79928372e+00  1.80071628e+00  2.69657976e+00  2.69220014e+00 
 4.50164000e-09  1.79896958e+00  1.80103042e+00  2.69610636e+00  2.69267002e+00 
 4.50214000e-09  1.79865544e+00  1.80134456e+00  2.69563296e+00  2.69313995e+00 
 4.50264000e-09  1.79834132e+00  1.80165868e+00  2.69515955e+00  2.69360989e+00 
 4.50314000e-09  1.79802721e+00  1.80197279e+00  2.69468616e+00  2.69407986e+00 
 4.50364000e-09  1.79771312e+00  1.80228688e+00  2.69421277e+00  2.69454985e+00 
 4.50414000e-09  1.79739905e+00  1.80260095e+00  2.69373940e+00  2.69501985e+00 
 4.50464000e-09  1.79708501e+00  1.80291499e+00  2.69326606e+00  2.69548986e+00 
 4.50514000e-09  1.79677100e+00  1.80322900e+00  2.69279274e+00  2.69595988e+00 
 4.50564000e-09  1.79645703e+00  1.80354297e+00  2.69231945e+00  2.69642989e+00 
 4.50614000e-09  1.79614308e+00  1.80385692e+00  2.69184621e+00  2.69689989e+00 
 4.50664000e-09  1.79582918e+00  1.80417082e+00  2.69137300e+00  2.69736989e+00 
 4.50714000e-09  1.79551531e+00  1.80448469e+00  2.69089985e+00  2.69783987e+00 
 4.50764000e-09  1.79520149e+00  1.80479851e+00  2.69042675e+00  2.69830983e+00 
 4.50814000e-09  1.79488772e+00  1.80511228e+00  2.68995371e+00  2.69877977e+00 
 4.50864000e-09  1.79457399e+00  1.80542601e+00  2.68948073e+00  2.69924968e+00 
 4.50914000e-09  1.79426032e+00  1.80573968e+00  2.68900782e+00  2.69971955e+00 
 4.50964000e-09  1.79394671e+00  1.80605329e+00  2.68853499e+00  2.70018939e+00 
 4.51014000e-09  1.79363316e+00  1.80636684e+00  2.68806224e+00  2.70065918e+00 
 4.51064000e-09  1.79331967e+00  1.80668033e+00  2.68758957e+00  2.70112892e+00 
 4.51114000e-09  1.79300625e+00  1.80699375e+00  2.68711700e+00  2.70159862e+00 
 4.51164000e-09  1.79269289e+00  1.80730711e+00  2.68664452e+00  2.70206825e+00 
 4.51214000e-09  1.79237961e+00  1.80762039e+00  2.68617214e+00  2.70253783e+00 
 4.51264000e-09  1.79206640e+00  1.80793360e+00  2.68569987e+00  2.70300733e+00 
 4.51314000e-09  1.79175327e+00  1.80824673e+00  2.68522772e+00  2.70347677e+00 
 4.51364000e-09  1.79144022e+00  1.80855978e+00  2.68475568e+00  2.70394613e+00 
 4.51414000e-09  1.79112726e+00  1.80887274e+00  2.68428376e+00  2.70441541e+00 
 4.51464000e-09  1.79081438e+00  1.80918562e+00  2.68381197e+00  2.70488460e+00 
 4.51514000e-09  1.79050160e+00  1.80949840e+00  2.68334031e+00  2.70535370e+00 
 4.51564000e-09  1.79018891e+00  1.80981109e+00  2.68286879e+00  2.70582271e+00 
 4.51614000e-09  1.78987631e+00  1.81012369e+00  2.68239741e+00  2.70629162e+00 
 4.51664000e-09  1.78956382e+00  1.81043618e+00  2.68192619e+00  2.70676043e+00 
 4.51714000e-09  1.78925143e+00  1.81074857e+00  2.68145512e+00  2.70722913e+00 
 4.51764000e-09  1.78893914e+00  1.81106086e+00  2.68098420e+00  2.70769771e+00 
 4.51814000e-09  1.78862696e+00  1.81137304e+00  2.68051345e+00  2.70816618e+00 
 4.51864000e-09  1.78831490e+00  1.81168510e+00  2.68004287e+00  2.70863452e+00 
 4.51914000e-09  1.78800295e+00  1.81199705e+00  2.67957247e+00  2.70910273e+00 
 4.51964000e-09  1.78769112e+00  1.81230888e+00  2.67910224e+00  2.70957081e+00 
 4.52014000e-09  1.78737941e+00  1.81262059e+00  2.67863220e+00  2.71003876e+00 
 4.52064000e-09  1.78706783e+00  1.81293217e+00  2.67816235e+00  2.71050656e+00 
 4.52114000e-09  1.78675637e+00  1.81324363e+00  2.67769269e+00  2.71097422e+00 
 4.52164000e-09  1.78644504e+00  1.81355496e+00  2.67722324e+00  2.71144172e+00 
 4.52214000e-09  1.78613385e+00  1.81386615e+00  2.67675398e+00  2.71190907e+00 
 4.52264000e-09  1.78582280e+00  1.81417720e+00  2.67628494e+00  2.71237626e+00 
 4.52314000e-09  1.78551188e+00  1.81448812e+00  2.67581612e+00  2.71284328e+00 
 4.52364000e-09  1.78520111e+00  1.81479889e+00  2.67534752e+00  2.71331013e+00 
 4.52414000e-09  1.78489048e+00  1.81510952e+00  2.67487914e+00  2.71377680e+00 
 4.52464000e-09  1.78458000e+00  1.81542000e+00  2.67441099e+00  2.71424330e+00 
 4.52514000e-09  1.78426968e+00  1.81573032e+00  2.67394307e+00  2.71470960e+00 
 4.52564000e-09  1.78395951e+00  1.81604049e+00  2.67347540e+00  2.71517572e+00 
 4.52614000e-09  1.78364950e+00  1.81635050e+00  2.67300797e+00  2.71564164e+00 
 4.52664000e-09  1.78333965e+00  1.81666035e+00  2.67254080e+00  2.71610737e+00 
 4.52714000e-09  1.78302996e+00  1.81697004e+00  2.67207387e+00  2.71657289e+00 
 4.52764000e-09  1.78272044e+00  1.81727956e+00  2.67160721e+00  2.71703819e+00 
 4.52814000e-09  1.78241109e+00  1.81758891e+00  2.67114081e+00  2.71750329e+00 
 4.52864000e-09  1.78210192e+00  1.81789808e+00  2.67067469e+00  2.71796816e+00 
 4.52914000e-09  1.78179292e+00  1.81820708e+00  2.67020883e+00  2.71843281e+00 
 4.52964000e-09  1.78148410e+00  1.81851590e+00  2.66974326e+00  2.71889723e+00 
 4.53014000e-09  1.78117547e+00  1.81882453e+00  2.66927797e+00  2.71936141e+00 
 4.53064000e-09  1.78086702e+00  1.81913298e+00  2.66881297e+00  2.71982536e+00 
 4.53114000e-09  1.78055876e+00  1.81944124e+00  2.66834826e+00  2.72028906e+00 
 4.53164000e-09  1.78025069e+00  1.81974931e+00  2.66788385e+00  2.72075251e+00 
 4.53214000e-09  1.77994282e+00  1.82005718e+00  2.66741975e+00  2.72121571e+00 
 4.53264000e-09  1.77963514e+00  1.82036486e+00  2.66695595e+00  2.72167864e+00 
 4.53314000e-09  1.77932767e+00  1.82067233e+00  2.66649246e+00  2.72214131e+00 
 4.53364000e-09  1.77902040e+00  1.82097960e+00  2.66602929e+00  2.72260371e+00 
 4.53414000e-09  1.77871333e+00  1.82128667e+00  2.66556644e+00  2.72306584e+00 
 4.53464000e-09  1.77840648e+00  1.82159352e+00  2.66510392e+00  2.72352769e+00 
 4.53514000e-09  1.77809984e+00  1.82190016e+00  2.66464173e+00  2.72398925e+00 
 4.53564000e-09  1.77779341e+00  1.82220659e+00  2.66417987e+00  2.72445052e+00 
 4.53614000e-09  1.77748721e+00  1.82251279e+00  2.66371836e+00  2.72491149e+00 
 4.53664000e-09  1.77718123e+00  1.82281877e+00  2.66325719e+00  2.72537217e+00 
 4.53714000e-09  1.77687547e+00  1.82312453e+00  2.66279636e+00  2.72583253e+00 
 4.53764000e-09  1.77656994e+00  1.82343006e+00  2.66233589e+00  2.72629259e+00 
 4.53814000e-09  1.77626464e+00  1.82373536e+00  2.66187578e+00  2.72675233e+00 
 4.53864000e-09  1.77595958e+00  1.82404042e+00  2.66141602e+00  2.72721175e+00 
 4.53914000e-09  1.77565475e+00  1.82434525e+00  2.66095664e+00  2.72767084e+00 
 4.53964000e-09  1.77535016e+00  1.82464984e+00  2.66049762e+00  2.72812961e+00 
 4.54014000e-09  1.77504582e+00  1.82495418e+00  2.66003898e+00  2.72858803e+00 
 4.54064000e-09  1.77474172e+00  1.82525828e+00  2.65958072e+00  2.72904611e+00 
 4.54114000e-09  1.77443788e+00  1.82556212e+00  2.65912284e+00  2.72950385e+00 
 4.54164000e-09  1.77413428e+00  1.82586572e+00  2.65866535e+00  2.72996123e+00 
 4.54214000e-09  1.77383094e+00  1.82616906e+00  2.65820826e+00  2.73041825e+00 
 4.54264000e-09  1.77352786e+00  1.82647214e+00  2.65775155e+00  2.73087491e+00 
 4.54314000e-09  1.77322504e+00  1.82677496e+00  2.65729525e+00  2.73133120e+00 
 4.54364000e-09  1.77292248e+00  1.82707752e+00  2.65683935e+00  2.73178712e+00 
 4.54414000e-09  1.77262019e+00  1.82737981e+00  2.65638387e+00  2.73224266e+00 
 4.54464000e-09  1.77231817e+00  1.82768183e+00  2.65592879e+00  2.73269781e+00 
 4.54514000e-09  1.77201643e+00  1.82798357e+00  2.65547413e+00  2.73315258e+00 
 4.54564000e-09  1.77171496e+00  1.82828504e+00  2.65501990e+00  2.73360695e+00 
 4.54614000e-09  1.77141377e+00  1.82858623e+00  2.65456609e+00  2.73406092e+00 
 4.54664000e-09  1.77111286e+00  1.82888714e+00  2.65411271e+00  2.73451448e+00 
 4.54714000e-09  1.77081224e+00  1.82918776e+00  2.65365976e+00  2.73496764e+00 
 4.54764000e-09  1.77051190e+00  1.82948810e+00  2.65320725e+00  2.73542037e+00 
 4.54814000e-09  1.77021186e+00  1.82978814e+00  2.65275518e+00  2.73587269e+00 
 4.54864000e-09  1.76991211e+00  1.83008789e+00  2.65230356e+00  2.73632458e+00 
 4.54914000e-09  1.76961266e+00  1.83038734e+00  2.65185239e+00  2.73677604e+00 
 4.54964000e-09  1.76931350e+00  1.83068650e+00  2.65140168e+00  2.73722707e+00 
 4.55014000e-09  1.76901465e+00  1.83098535e+00  2.65095142e+00  2.73767765e+00 
 4.55064000e-09  1.76871611e+00  1.83128389e+00  2.65050162e+00  2.73812778e+00 
 4.55114000e-09  1.76841787e+00  1.83158213e+00  2.65005230e+00  2.73857746e+00 
 4.55164000e-09  1.76811995e+00  1.83188005e+00  2.64960344e+00  2.73902669e+00 
 4.55214000e-09  1.76782234e+00  1.83217766e+00  2.64915506e+00  2.73947545e+00 
 4.55264000e-09  1.76752505e+00  1.83247495e+00  2.64870715e+00  2.73992375e+00 
 4.55314000e-09  1.76722808e+00  1.83277192e+00  2.64825973e+00  2.74037157e+00 
 4.55364000e-09  1.76693143e+00  1.83306857e+00  2.64781280e+00  2.74081891e+00 
 4.55414000e-09  1.76663511e+00  1.83336489e+00  2.64736636e+00  2.74126577e+00 
 4.55464000e-09  1.76633912e+00  1.83366088e+00  2.64692041e+00  2.74171215e+00 
 4.55514000e-09  1.76604346e+00  1.83395654e+00  2.64647497e+00  2.74215803e+00 
 4.55564000e-09  1.76574813e+00  1.83425187e+00  2.64603002e+00  2.74260341e+00 
 4.55614000e-09  1.76545315e+00  1.83454685e+00  2.64558559e+00  2.74304829e+00 
 4.55664000e-09  1.76515850e+00  1.83484150e+00  2.64514166e+00  2.74349266e+00 
 4.55714000e-09  1.76486420e+00  1.83513580e+00  2.64469826e+00  2.74393652e+00 
 4.55764000e-09  1.76457024e+00  1.83542976e+00  2.64425537e+00  2.74437986e+00 
 4.55814000e-09  1.76427664e+00  1.83572336e+00  2.64381301e+00  2.74482267e+00 
 4.55864000e-09  1.76398339e+00  1.83601661e+00  2.64337117e+00  2.74526496e+00 
 4.55914000e-09  1.76369049e+00  1.83630951e+00  2.64292987e+00  2.74570672e+00 
 4.55964000e-09  1.76339795e+00  1.83660205e+00  2.64248911e+00  2.74614794e+00 
 4.56014000e-09  1.76310577e+00  1.83689423e+00  2.64204888e+00  2.74658862e+00 
 4.56064000e-09  1.76281396e+00  1.83718604e+00  2.64160921e+00  2.74702875e+00 
 4.56114000e-09  1.76252251e+00  1.83747749e+00  2.64117008e+00  2.74746832e+00 
 4.56164000e-09  1.76223143e+00  1.83776857e+00  2.64073150e+00  2.74790734e+00 
 4.56214000e-09  1.76194073e+00  1.83805927e+00  2.64029348e+00  2.74834580e+00 
 4.56264000e-09  1.76165040e+00  1.83834960e+00  2.63985603e+00  2.74878370e+00 
 4.56314000e-09  1.76136045e+00  1.83863955e+00  2.63941914e+00  2.74922102e+00 
 4.56364000e-09  1.76107088e+00  1.83892912e+00  2.63898282e+00  2.74965777e+00 
 4.56414000e-09  1.76078170e+00  1.83921830e+00  2.63854707e+00  2.75009393e+00 
 4.56464000e-09  1.76049290e+00  1.83950710e+00  2.63811191e+00  2.75052951e+00 
 4.56514000e-09  1.76020450e+00  1.83979550e+00  2.63767732e+00  2.75096451e+00 
 4.56564000e-09  1.75991648e+00  1.84008352e+00  2.63724333e+00  2.75139890e+00 
 4.56614000e-09  1.75962886e+00  1.84037114e+00  2.63680992e+00  2.75183270e+00 
 4.56664000e-09  1.75934164e+00  1.84065836e+00  2.63637711e+00  2.75226590e+00 
 4.56714000e-09  1.75905482e+00  1.84094518e+00  2.63594491e+00  2.75269849e+00 
 4.56764000e-09  1.75876841e+00  1.84123159e+00  2.63551330e+00  2.75313046e+00 
 4.56814000e-09  1.75848240e+00  1.84151760e+00  2.63508231e+00  2.75356182e+00 
 4.56864000e-09  1.75819680e+00  1.84180320e+00  2.63465193e+00  2.75399256e+00 
 4.56914000e-09  1.75791162e+00  1.84208838e+00  2.63422216e+00  2.75442268e+00 
 4.56964000e-09  1.75762685e+00  1.84237315e+00  2.63379302e+00  2.75485216e+00 
 4.57014000e-09  1.75734249e+00  1.84265751e+00  2.63336450e+00  2.75528101e+00 
 4.57064000e-09  1.75705856e+00  1.84294144e+00  2.63293661e+00  2.75570922e+00 
 4.57114000e-09  1.75677506e+00  1.84322494e+00  2.63250936e+00  2.75613679e+00 
 4.57164000e-09  1.75649198e+00  1.84350802e+00  2.63208275e+00  2.75656371e+00 
 4.57214000e-09  1.75620932e+00  1.84379068e+00  2.63165678e+00  2.75698997e+00 
 4.57264000e-09  1.75592711e+00  1.84407289e+00  2.63123145e+00  2.75741559e+00 
 4.57314000e-09  1.75564532e+00  1.84435468e+00  2.63080678e+00  2.75784054e+00 
 4.57364000e-09  1.75536398e+00  1.84463602e+00  2.63038277e+00  2.75826483e+00 
 4.57414000e-09  1.75508307e+00  1.84491693e+00  2.62995941e+00  2.75868845e+00 
 4.57464000e-09  1.75480261e+00  1.84519739e+00  2.62953672e+00  2.75911139e+00 
 4.57514000e-09  1.75452259e+00  1.84547741e+00  2.62911470e+00  2.75953366e+00 
 4.57564000e-09  1.75424302e+00  1.84575698e+00  2.62869335e+00  2.75995525e+00 
 4.57614000e-09  1.75396391e+00  1.84603609e+00  2.62827268e+00  2.76037615e+00 
 4.57664000e-09  1.75368525e+00  1.84631475e+00  2.62785270e+00  2.76079637e+00 
 4.57714000e-09  1.75340704e+00  1.84659296e+00  2.62743339e+00  2.76121589e+00 
 4.57764000e-09  1.75312930e+00  1.84687070e+00  2.62701478e+00  2.76163471e+00 
 4.57814000e-09  1.75285201e+00  1.84714799e+00  2.62659687e+00  2.76205283e+00 
 4.57864000e-09  1.75257520e+00  1.84742480e+00  2.62617965e+00  2.76247024e+00 
 4.57914000e-09  1.75229885e+00  1.84770115e+00  2.62576313e+00  2.76288695e+00 
 4.57964000e-09  1.75202297e+00  1.84797703e+00  2.62534733e+00  2.76330294e+00 
 4.58014000e-09  1.75174757e+00  1.84825243e+00  2.62493223e+00  2.76371821e+00 
 4.58064000e-09  1.75147264e+00  1.84852736e+00  2.62451786e+00  2.76413276e+00 
 4.58114000e-09  1.75119819e+00  1.84880181e+00  2.62410420e+00  2.76454658e+00 
 4.58164000e-09  1.75092422e+00  1.84907578e+00  2.62369127e+00  2.76495967e+00 
 4.58214000e-09  1.75065074e+00  1.84934926e+00  2.62327906e+00  2.76537203e+00 
 4.58264000e-09  1.75037774e+00  1.84962226e+00  2.62286759e+00  2.76578365e+00 
 4.58314000e-09  1.75010524e+00  1.84989476e+00  2.62245686e+00  2.76619453e+00 
 4.58364000e-09  1.74983322e+00  1.85016678e+00  2.62204687e+00  2.76660466e+00 
 4.58414000e-09  1.74956170e+00  1.85043830e+00  2.62163762e+00  2.76701404e+00 
 4.58464000e-09  1.74929068e+00  1.85070932e+00  2.62122913e+00  2.76742267e+00 
 4.58514000e-09  1.74902016e+00  1.85097984e+00  2.62082139e+00  2.76783054e+00 
 4.58564000e-09  1.74875015e+00  1.85124985e+00  2.62041441e+00  2.76823765e+00 
 4.58614000e-09  1.74848063e+00  1.85151937e+00  2.62000819e+00  2.76864399e+00 
 4.58664000e-09  1.74821163e+00  1.85178837e+00  2.61960274e+00  2.76904956e+00 
 4.58714000e-09  1.74794314e+00  1.85205686e+00  2.61919806e+00  2.76945436e+00 
 4.58764000e-09  1.74767516e+00  1.85232484e+00  2.61879415e+00  2.76985838e+00 
 4.58814000e-09  1.74740770e+00  1.85259230e+00  2.61839102e+00  2.77026162e+00 
 4.58864000e-09  1.74714076e+00  1.85285924e+00  2.61798868e+00  2.77066408e+00 
 4.58914000e-09  1.74687434e+00  1.85312566e+00  2.61758713e+00  2.77106575e+00 
 4.58964000e-09  1.74660844e+00  1.85339156e+00  2.61718636e+00  2.77146662e+00 
 4.59014000e-09  1.74634307e+00  1.85365693e+00  2.61678640e+00  2.77186670e+00 
 4.59064000e-09  1.74607823e+00  1.85392177e+00  2.61638723e+00  2.77226597e+00 
 4.59114000e-09  1.74581392e+00  1.85418608e+00  2.61598886e+00  2.77266444e+00 
 4.59164000e-09  1.74555015e+00  1.85444985e+00  2.61559131e+00  2.77306211e+00 
 4.59214000e-09  1.74528691e+00  1.85471309e+00  2.61519457e+00  2.77345896e+00 
 4.59264000e-09  1.74502422e+00  1.85497578e+00  2.61479864e+00  2.77385500e+00 
 4.59314000e-09  1.74476206e+00  1.85523794e+00  2.61440353e+00  2.77425021e+00 
 4.59364000e-09  1.74450046e+00  1.85549954e+00  2.61400925e+00  2.77464461e+00 
 4.59414000e-09  1.74423940e+00  1.85576060e+00  2.61361580e+00  2.77503818e+00 
 4.59464000e-09  1.74397889e+00  1.85602111e+00  2.61322318e+00  2.77543091e+00 
 4.59514000e-09  1.74371893e+00  1.85628107e+00  2.61283139e+00  2.77582281e+00 
 4.59564000e-09  1.74345953e+00  1.85654047e+00  2.61244044e+00  2.77621388e+00 
 4.59614000e-09  1.74320069e+00  1.85679931e+00  2.61205034e+00  2.77660410e+00 
 4.59664000e-09  1.74294240e+00  1.85705760e+00  2.61166109e+00  2.77699348e+00 
 4.59714000e-09  1.74268468e+00  1.85731532e+00  2.61127269e+00  2.77738201e+00 
 4.59764000e-09  1.74242753e+00  1.85757247e+00  2.61088515e+00  2.77776968e+00 
 4.59814000e-09  1.74217094e+00  1.85782906e+00  2.61049846e+00  2.77815650e+00 
 4.59864000e-09  1.74191493e+00  1.85808507e+00  2.61011264e+00  2.77854246e+00 
 4.59914000e-09  1.74165949e+00  1.85834051e+00  2.60972769e+00  2.77892756e+00 
 4.59964000e-09  1.74140462e+00  1.85859538e+00  2.60934361e+00  2.77931179e+00 
 4.60014000e-09  1.74115033e+00  1.85884967e+00  2.60896040e+00  2.77969515e+00 
 4.60064000e-09  1.74089663e+00  1.85910337e+00  2.60857808e+00  2.78007763e+00 
 4.60114000e-09  1.74064350e+00  1.85935650e+00  2.60819663e+00  2.78045924e+00 
 4.60164000e-09  1.74039096e+00  1.85960904e+00  2.60781608e+00  2.78083996e+00 
 4.60214000e-09  1.74013902e+00  1.85986098e+00  2.60743641e+00  2.78121980e+00 
 4.60264000e-09  1.73988766e+00  1.86011234e+00  2.60705764e+00  2.78159875e+00 
 4.60314000e-09  1.73963689e+00  1.86036311e+00  2.60667977e+00  2.78197681e+00 
 4.60364000e-09  1.73938672e+00  1.86061328e+00  2.60630280e+00  2.78235397e+00 
 4.60414000e-09  1.73913715e+00  1.86086285e+00  2.60592674e+00  2.78273024e+00 
 4.60464000e-09  1.73888818e+00  1.86111182e+00  2.60555159e+00  2.78310560e+00 
 4.60514000e-09  1.73863981e+00  1.86136019e+00  2.60517735e+00  2.78348005e+00 
 4.60564000e-09  1.73839205e+00  1.86160795e+00  2.60480403e+00  2.78385360e+00 
 4.60614000e-09  1.73814490e+00  1.86185510e+00  2.60443163e+00  2.78422623e+00 
 4.60664000e-09  1.73789835e+00  1.86210165e+00  2.60406016e+00  2.78459795e+00 
 4.60714000e-09  1.73765242e+00  1.86234758e+00  2.60368961e+00  2.78496875e+00 
 4.60764000e-09  1.73740711e+00  1.86259289e+00  2.60332000e+00  2.78533862e+00 
 4.60814000e-09  1.73716241e+00  1.86283759e+00  2.60295132e+00  2.78570757e+00 
 4.60864000e-09  1.73691833e+00  1.86308167e+00  2.60258358e+00  2.78607558e+00 
 4.60914000e-09  1.73667488e+00  1.86332512e+00  2.60221679e+00  2.78644267e+00 
 4.60964000e-09  1.73643205e+00  1.86356795e+00  2.60185094e+00  2.78680881e+00 
 4.61014000e-09  1.73618985e+00  1.86381015e+00  2.60148605e+00  2.78717402e+00 
 4.61064000e-09  1.73594828e+00  1.86405172e+00  2.60112211e+00  2.78753828e+00 
 4.61114000e-09  1.73570734e+00  1.86429266e+00  2.60075912e+00  2.78790160e+00 
 4.61164000e-09  1.73546703e+00  1.86453297e+00  2.60039710e+00  2.78826397e+00 
 4.61214000e-09  1.73522736e+00  1.86477264e+00  2.60003605e+00  2.78862538e+00 
 4.61264000e-09  1.73498833e+00  1.86501167e+00  2.59967596e+00  2.78898584e+00 
 4.61314000e-09  1.73474994e+00  1.86525006e+00  2.59931685e+00  2.78934534e+00 
 4.61364000e-09  1.73451220e+00  1.86548780e+00  2.59895871e+00  2.78970387e+00 
 4.61414000e-09  1.73427510e+00  1.86572490e+00  2.59860156e+00  2.79006144e+00 
 4.61464000e-09  1.73403865e+00  1.86596135e+00  2.59824538e+00  2.79041804e+00 
 4.61514000e-09  1.73380286e+00  1.86619714e+00  2.59789020e+00  2.79077367e+00 
 4.61564000e-09  1.73356771e+00  1.86643229e+00  2.59753600e+00  2.79112832e+00 
 4.61614000e-09  1.73333322e+00  1.86666678e+00  2.59718280e+00  2.79148199e+00 
 4.61664000e-09  1.73309939e+00  1.86690061e+00  2.59683060e+00  2.79183468e+00 
 4.61714000e-09  1.73286622e+00  1.86713378e+00  2.59647939e+00  2.79218639e+00 
 4.61764000e-09  1.73263371e+00  1.86736629e+00  2.59612920e+00  2.79253711e+00 
 4.61814000e-09  1.73240187e+00  1.86759813e+00  2.59578001e+00  2.79288683e+00 
 4.61864000e-09  1.73217069e+00  1.86782931e+00  2.59543183e+00  2.79323556e+00 
 4.61914000e-09  1.73194019e+00  1.86805981e+00  2.59508467e+00  2.79358330e+00 
 4.61964000e-09  1.73171035e+00  1.86828965e+00  2.59473853e+00  2.79393003e+00 
 4.62014000e-09  1.73148119e+00  1.86851881e+00  2.59439340e+00  2.79427576e+00 
 4.62064000e-09  1.73125271e+00  1.86874729e+00  2.59404931e+00  2.79462049e+00 
 4.62114000e-09  1.73102490e+00  1.86897510e+00  2.59370625e+00  2.79496420e+00 
 4.62164000e-09  1.73079778e+00  1.86920222e+00  2.59336421e+00  2.79530691e+00 
 4.62214000e-09  1.73057133e+00  1.86942867e+00  2.59302322e+00  2.79564860e+00 
 4.62264000e-09  1.73034558e+00  1.86965442e+00  2.59268326e+00  2.79598927e+00 
 4.62314000e-09  1.73012051e+00  1.86987949e+00  2.59234435e+00  2.79632891e+00 
 4.62364000e-09  1.72989613e+00  1.87010387e+00  2.59200648e+00  2.79666754e+00 
 4.62414000e-09  1.72967244e+00  1.87032756e+00  2.59166966e+00  2.79700514e+00 
 4.62464000e-09  1.72944945e+00  1.87055055e+00  2.59133390e+00  2.79734171e+00 
 4.62514000e-09  1.72922715e+00  1.87077285e+00  2.59099919e+00  2.79767724e+00 
 4.62564000e-09  1.72900555e+00  1.87099445e+00  2.59066555e+00  2.79801174e+00 
 4.62614000e-09  1.72878465e+00  1.87121535e+00  2.59033296e+00  2.79834520e+00 
 4.62664000e-09  1.72856446e+00  1.87143554e+00  2.59000145e+00  2.79867763e+00 
 4.62714000e-09  1.72834497e+00  1.87165503e+00  2.58967100e+00  2.79900900e+00 
 4.62764000e-09  1.72812618e+00  1.87187382e+00  2.58934163e+00  2.79933933e+00 
 4.62814000e-09  1.72790811e+00  1.87209189e+00  2.58901334e+00  2.79966862e+00 
 4.62864000e-09  1.72769075e+00  1.87230925e+00  2.58868612e+00  2.79999685e+00 
 4.62914000e-09  1.72747410e+00  1.87252590e+00  2.58835999e+00  2.80032402e+00 
 4.62964000e-09  1.72725816e+00  1.87274184e+00  2.58803495e+00  2.80065014e+00 
 4.63014000e-09  1.72704295e+00  1.87295705e+00  2.58771100e+00  2.80097520e+00 
 4.63064000e-09  1.72682845e+00  1.87317155e+00  2.58738814e+00  2.80129919e+00 
 4.63114000e-09  1.72661468e+00  1.87338532e+00  2.58706637e+00  2.80162212e+00 
 4.63164000e-09  1.72640163e+00  1.87359837e+00  2.58674571e+00  2.80194398e+00 
 4.63214000e-09  1.72618931e+00  1.87381069e+00  2.58642615e+00  2.80226478e+00 
 4.63264000e-09  1.72597772e+00  1.87402228e+00  2.58610770e+00  2.80258449e+00 
 4.63314000e-09  1.72576685e+00  1.87423315e+00  2.58579036e+00  2.80290314e+00 
 4.63364000e-09  1.72555672e+00  1.87444328e+00  2.58547413e+00  2.80322070e+00 
 4.63414000e-09  1.72534733e+00  1.87465267e+00  2.58515902e+00  2.80353718e+00 
 4.63464000e-09  1.72513867e+00  1.87486133e+00  2.58484503e+00  2.80385258e+00 
 4.63514000e-09  1.72493075e+00  1.87506925e+00  2.58453216e+00  2.80416690e+00 
 4.63564000e-09  1.72472357e+00  1.87527643e+00  2.58422042e+00  2.80448012e+00 
 4.63614000e-09  1.72451713e+00  1.87548287e+00  2.58390980e+00  2.80479226e+00 
 4.63664000e-09  1.72431144e+00  1.87568856e+00  2.58360032e+00  2.80510330e+00 
 4.63714000e-09  1.72410650e+00  1.87589350e+00  2.58329198e+00  2.80541324e+00 
 4.63764000e-09  1.72390230e+00  1.87609770e+00  2.58298477e+00  2.80572209e+00 
 4.63814000e-09  1.72369886e+00  1.87630114e+00  2.58267871e+00  2.80602984e+00 
 4.63864000e-09  1.72349617e+00  1.87650383e+00  2.58237379e+00  2.80633648e+00 
 4.63914000e-09  1.72329423e+00  1.87670577e+00  2.58207002e+00  2.80664202e+00 
 4.63964000e-09  1.72309305e+00  1.87690695e+00  2.58176740e+00  2.80694645e+00 
 4.64014000e-09  1.72289263e+00  1.87710737e+00  2.58146593e+00  2.80724976e+00 
 4.64064000e-09  1.72269298e+00  1.87730702e+00  2.58116562e+00  2.80755197e+00 
 4.64114000e-09  1.72249408e+00  1.87750592e+00  2.58086648e+00  2.80785306e+00 
 4.64164000e-09  1.72229595e+00  1.87770405e+00  2.58056849e+00  2.80815303e+00 
 4.64214000e-09  1.72209859e+00  1.87790141e+00  2.58027167e+00  2.80845188e+00 
 4.64264000e-09  1.72190199e+00  1.87809801e+00  2.57997603e+00  2.80874961e+00 
 4.64314000e-09  1.72170617e+00  1.87829383e+00  2.57968155e+00  2.80904622e+00 
 4.64364000e-09  1.72151111e+00  1.87848889e+00  2.57938825e+00  2.80934170e+00 
 4.64414000e-09  1.72131684e+00  1.87868316e+00  2.57909613e+00  2.80963604e+00 
 4.64464000e-09  1.72112334e+00  1.87887666e+00  2.57880518e+00  2.80992926e+00 
 4.64514000e-09  1.72093062e+00  1.87906938e+00  2.57851543e+00  2.81022134e+00 
 4.64564000e-09  1.72073867e+00  1.87926133e+00  2.57822685e+00  2.81051228e+00 
 4.64614000e-09  1.72054751e+00  1.87945249e+00  2.57793947e+00  2.81080209e+00 
 4.64664000e-09  1.72035714e+00  1.87964286e+00  2.57765328e+00  2.81109075e+00 
 4.64714000e-09  1.72016755e+00  1.87983245e+00  2.57736829e+00  2.81137827e+00 
 4.64764000e-09  1.71997875e+00  1.88002125e+00  2.57708449e+00  2.81166464e+00 
 4.64814000e-09  1.71979074e+00  1.88020926e+00  2.57680189e+00  2.81194986e+00 
 4.64864000e-09  1.71960352e+00  1.88039648e+00  2.57652050e+00  2.81223393e+00 
 4.64914000e-09  1.71941709e+00  1.88058291e+00  2.57624031e+00  2.81251685e+00 
 4.64964000e-09  1.71923146e+00  1.88076854e+00  2.57596133e+00  2.81279861e+00 
 4.65014000e-09  1.71904663e+00  1.88095337e+00  2.57568356e+00  2.81307921e+00 
 4.65064000e-09  1.71886259e+00  1.88113741e+00  2.57540700e+00  2.81335865e+00 
 4.65114000e-09  1.71867936e+00  1.88132064e+00  2.57513166e+00  2.81363693e+00 
 4.65164000e-09  1.71849693e+00  1.88150307e+00  2.57485754e+00  2.81391404e+00 
 4.65214000e-09  1.71831530e+00  1.88168470e+00  2.57458463e+00  2.81418998e+00 
 4.65264000e-09  1.71813448e+00  1.88186552e+00  2.57431295e+00  2.81446475e+00 
 4.65314000e-09  1.71795447e+00  1.88204553e+00  2.57404249e+00  2.81473835e+00 
 4.65364000e-09  1.71777526e+00  1.88222474e+00  2.57377327e+00  2.81501077e+00 
 4.65414000e-09  1.71759687e+00  1.88240313e+00  2.57350527e+00  2.81528201e+00 
 4.65464000e-09  1.71741929e+00  1.88258071e+00  2.57323850e+00  2.81555207e+00 
 4.65514000e-09  1.71724253e+00  1.88275747e+00  2.57297296e+00  2.81582095e+00 
 4.65564000e-09  1.71706658e+00  1.88293342e+00  2.57270867e+00  2.81608864e+00 
 4.65614000e-09  1.71689146e+00  1.88310854e+00  2.57244561e+00  2.81635515e+00 
 4.65664000e-09  1.71671715e+00  1.88328285e+00  2.57218379e+00  2.81662046e+00 
 4.65714000e-09  1.71654366e+00  1.88345634e+00  2.57192321e+00  2.81688457e+00 
 4.65764000e-09  1.71637100e+00  1.88362900e+00  2.57166387e+00  2.81714749e+00 
 4.65814000e-09  1.71619917e+00  1.88380083e+00  2.57140578e+00  2.81740921e+00 
 4.65864000e-09  1.71602816e+00  1.88397184e+00  2.57114894e+00  2.81766973e+00 
 4.65914000e-09  1.71585797e+00  1.88414203e+00  2.57089335e+00  2.81792904e+00 
 4.65964000e-09  1.71568862e+00  1.88431138e+00  2.57063901e+00  2.81818714e+00 
 4.66014000e-09  1.71552011e+00  1.88447989e+00  2.57038592e+00  2.81844404e+00 
 4.66064000e-09  1.71535242e+00  1.88464758e+00  2.57013409e+00  2.81869972e+00 
 4.66114000e-09  1.71518557e+00  1.88481443e+00  2.56988351e+00  2.81895418e+00 
 4.66164000e-09  1.71501956e+00  1.88498044e+00  2.56963419e+00  2.81920743e+00 
 4.66214000e-09  1.71485439e+00  1.88514561e+00  2.56938613e+00  2.81945946e+00 
 4.66264000e-09  1.71469006e+00  1.88530994e+00  2.56913933e+00  2.81971026e+00 
 4.66314000e-09  1.71452656e+00  1.88547344e+00  2.56889379e+00  2.81995983e+00 
 4.66364000e-09  1.71436392e+00  1.88563608e+00  2.56864952e+00  2.82020818e+00 
 4.66414000e-09  1.71420212e+00  1.88579788e+00  2.56840651e+00  2.82045529e+00 
 4.66464000e-09  1.71404116e+00  1.88595884e+00  2.56816477e+00  2.82070117e+00 
 4.66514000e-09  1.71388105e+00  1.88611895e+00  2.56792430e+00  2.82094581e+00 
 4.66564000e-09  1.71372180e+00  1.88627820e+00  2.56768509e+00  2.82118921e+00 
 4.66614000e-09  1.71356339e+00  1.88643661e+00  2.56744716e+00  2.82143137e+00 
 4.66664000e-09  1.71340584e+00  1.88659416e+00  2.56721050e+00  2.82167228e+00 
 4.66714000e-09  1.71324914e+00  1.88675086e+00  2.56697511e+00  2.82191194e+00 
 4.66764000e-09  1.71309330e+00  1.88690670e+00  2.56674100e+00  2.82215035e+00 
 4.66814000e-09  1.71293832e+00  1.88706168e+00  2.56650816e+00  2.82238751e+00 
 4.66864000e-09  1.71278419e+00  1.88721581e+00  2.56627660e+00  2.82262340e+00 
 4.66914000e-09  1.71263093e+00  1.88736907e+00  2.56604632e+00  2.82285804e+00 
 4.66964000e-09  1.71247853e+00  1.88752147e+00  2.56581732e+00  2.82309142e+00 
 4.67014000e-09  1.71232699e+00  1.88767301e+00  2.56558959e+00  2.82332353e+00 
 4.67064000e-09  1.71217632e+00  1.88782368e+00  2.56536315e+00  2.82355437e+00 
 4.67114000e-09  1.71202651e+00  1.88797349e+00  2.56513799e+00  2.82378394e+00 
 4.67164000e-09  1.71187757e+00  1.88812243e+00  2.56491412e+00  2.82401224e+00 
 4.67214000e-09  1.71172951e+00  1.88827049e+00  2.56469153e+00  2.82423926e+00 
 4.67264000e-09  1.71158231e+00  1.88841769e+00  2.56447022e+00  2.82446501e+00 
 4.67314000e-09  1.71143599e+00  1.88856401e+00  2.56425021e+00  2.82468947e+00 
 4.67364000e-09  1.71129054e+00  1.88870946e+00  2.56403148e+00  2.82491265e+00 
 4.67414000e-09  1.71114596e+00  1.88885404e+00  2.56381404e+00  2.82513454e+00 
 4.67464000e-09  1.71100227e+00  1.88899773e+00  2.56359789e+00  2.82535514e+00 
 4.67514000e-09  1.71085945e+00  1.88914055e+00  2.56338303e+00  2.82557446e+00 
 4.67564000e-09  1.71071751e+00  1.88928249e+00  2.56316946e+00  2.82579247e+00 
 4.67614000e-09  1.71057645e+00  1.88942355e+00  2.56295719e+00  2.82600919e+00 
 4.67664000e-09  1.71043628e+00  1.88956372e+00  2.56274621e+00  2.82622462e+00 
 4.67714000e-09  1.71029698e+00  1.88970302e+00  2.56253653e+00  2.82643874e+00 
 4.67764000e-09  1.71015858e+00  1.88984142e+00  2.56232815e+00  2.82665156e+00 
 4.67814000e-09  1.71002106e+00  1.88997894e+00  2.56212106e+00  2.82686307e+00 
 4.67864000e-09  1.70988443e+00  1.89011557e+00  2.56191527e+00  2.82707327e+00 
 4.67914000e-09  1.70974869e+00  1.89025131e+00  2.56171078e+00  2.82728217e+00 
 4.67964000e-09  1.70961384e+00  1.89038616e+00  2.56150759e+00  2.82748975e+00 
 4.68014000e-09  1.70947988e+00  1.89052012e+00  2.56130571e+00  2.82769601e+00 
 4.68064000e-09  1.70934681e+00  1.89065319e+00  2.56110513e+00  2.82790096e+00 
 4.68114000e-09  1.70921464e+00  1.89078536e+00  2.56090585e+00  2.82810460e+00 
 4.68164000e-09  1.70908337e+00  1.89091663e+00  2.56070788e+00  2.82830690e+00 
 4.68214000e-09  1.70895299e+00  1.89104701e+00  2.56051121e+00  2.82850789e+00 
 4.68264000e-09  1.70882351e+00  1.89117649e+00  2.56031585e+00  2.82870755e+00 
 4.68314000e-09  1.70869493e+00  1.89130507e+00  2.56012181e+00  2.82890589e+00 
 4.68364000e-09  1.70856725e+00  1.89143275e+00  2.55992907e+00  2.82910289e+00 
 4.68414000e-09  1.70844048e+00  1.89155952e+00  2.55973765e+00  2.82929857e+00 
 4.68464000e-09  1.70831460e+00  1.89168540e+00  2.55954753e+00  2.82949291e+00 
 4.68514000e-09  1.70818964e+00  1.89181036e+00  2.55935874e+00  2.82968592e+00 
 4.68564000e-09  1.70806558e+00  1.89193442e+00  2.55917125e+00  2.82987759e+00 
 4.68614000e-09  1.70794242e+00  1.89205758e+00  2.55898509e+00  2.83006792e+00 
 4.68664000e-09  1.70782018e+00  1.89217982e+00  2.55880024e+00  2.83025692e+00 
 4.68714000e-09  1.70769884e+00  1.89230116e+00  2.55861671e+00  2.83044457e+00 
 4.68764000e-09  1.70757842e+00  1.89242158e+00  2.55843450e+00  2.83063088e+00 
 4.68814000e-09  1.70745891e+00  1.89254109e+00  2.55825362e+00  2.83081584e+00 
 4.68864000e-09  1.70734031e+00  1.89265969e+00  2.55807406e+00  2.83099946e+00 
 4.68914000e-09  1.70722263e+00  1.89277737e+00  2.55789582e+00  2.83118173e+00 
 4.68964000e-09  1.70710586e+00  1.89289414e+00  2.55771890e+00  2.83136265e+00 
 4.69014000e-09  1.70699001e+00  1.89300999e+00  2.55754332e+00  2.83154223e+00 
 4.69064000e-09  1.70687507e+00  1.89312493e+00  2.55736906e+00  2.83172045e+00 
 4.69114000e-09  1.70676106e+00  1.89323894e+00  2.55719614e+00  2.83189731e+00 
 4.69164000e-09  1.70664796e+00  1.89335204e+00  2.55702454e+00  2.83207282e+00 
 4.69214000e-09  1.70653579e+00  1.89346421e+00  2.55685428e+00  2.83224698e+00 
 4.69264000e-09  1.70642454e+00  1.89357546e+00  2.55668535e+00  2.83241978e+00 
 4.69314000e-09  1.70631421e+00  1.89368579e+00  2.55651776e+00  2.83259122e+00 
 4.69364000e-09  1.70620481e+00  1.89379519e+00  2.55635150e+00  2.83276130e+00 
 4.69414000e-09  1.70609633e+00  1.89390367e+00  2.55618659e+00  2.83293002e+00 
 4.69464000e-09  1.70598878e+00  1.89401122e+00  2.55602301e+00  2.83309737e+00 
 4.69514000e-09  1.70588216e+00  1.89411784e+00  2.55586077e+00  2.83326336e+00 
 4.69564000e-09  1.70577647e+00  1.89422353e+00  2.55569988e+00  2.83342799e+00 
 4.69614000e-09  1.70567171e+00  1.89432829e+00  2.55554032e+00  2.83359125e+00 
 4.69664000e-09  1.70556787e+00  1.89443213e+00  2.55538212e+00  2.83375315e+00 
 4.69714000e-09  1.70546497e+00  1.89453503e+00  2.55522526e+00  2.83391368e+00 
 4.69764000e-09  1.70536301e+00  1.89463699e+00  2.55506975e+00  2.83407283e+00 
 4.69814000e-09  1.70526197e+00  1.89473803e+00  2.55491558e+00  2.83423062e+00 
 4.69864000e-09  1.70516188e+00  1.89483812e+00  2.55476277e+00  2.83438704e+00 
 4.69914000e-09  1.70506271e+00  1.89493729e+00  2.55461131e+00  2.83454208e+00 
 4.69964000e-09  1.70496449e+00  1.89503551e+00  2.55446120e+00  2.83469575e+00 
 4.70014000e-09  1.70486720e+00  1.89513280e+00  2.55431245e+00  2.83484805e+00 
 4.70064000e-09  1.70477085e+00  1.89522915e+00  2.55416505e+00  2.83499897e+00 
 4.70114000e-09  1.70467545e+00  1.89532455e+00  2.55401901e+00  2.83514852e+00 
 4.70164000e-09  1.70458098e+00  1.89541902e+00  2.55387433e+00  2.83529669e+00 
 4.70214000e-09  1.70448745e+00  1.89551255e+00  2.55373101e+00  2.83544348e+00 
 4.70264000e-09  1.70439487e+00  1.89560513e+00  2.55358905e+00  2.83558889e+00 
 4.70314000e-09  1.70430323e+00  1.89569677e+00  2.55344845e+00  2.83573292e+00 
 4.70364000e-09  1.70421254e+00  1.89578746e+00  2.55330921e+00  2.83587557e+00 
 4.70414000e-09  1.70412279e+00  1.89587721e+00  2.55317134e+00  2.83601684e+00 
 4.70464000e-09  1.70403398e+00  1.89596602e+00  2.55303484e+00  2.83615672e+00 
 4.70514000e-09  1.70394613e+00  1.89605387e+00  2.55289970e+00  2.83629523e+00 
 4.70564000e-09  1.70385922e+00  1.89614078e+00  2.55276593e+00  2.83643235e+00 
 4.70614000e-09  1.70377326e+00  1.89622674e+00  2.55263353e+00  2.83656808e+00 
 4.70664000e-09  1.70368825e+00  1.89631175e+00  2.55250250e+00  2.83670243e+00 
 4.70714000e-09  1.70360419e+00  1.89639581e+00  2.55237284e+00  2.83683539e+00 
 4.70764000e-09  1.70352108e+00  1.89647892e+00  2.55224456e+00  2.83696696e+00 
 4.70814000e-09  1.70343893e+00  1.89656107e+00  2.55211765e+00  2.83709714e+00 
 4.70864000e-09  1.70335773e+00  1.89664227e+00  2.55199211e+00  2.83722594e+00 
 4.70914000e-09  1.70327748e+00  1.89672252e+00  2.55186795e+00  2.83735334e+00 
 4.70964000e-09  1.70319818e+00  1.89680182e+00  2.55174517e+00  2.83747936e+00 
 4.71014000e-09  1.70311985e+00  1.89688015e+00  2.55162377e+00  2.83760398e+00 
 4.71064000e-09  1.70304246e+00  1.89695754e+00  2.55150374e+00  2.83772721e+00 
 4.71114000e-09  1.70296604e+00  1.89703396e+00  2.55138510e+00  2.83784905e+00 
 4.71164000e-09  1.70289057e+00  1.89710943e+00  2.55126784e+00  2.83796949e+00 
 4.71214000e-09  1.70281606e+00  1.89718394e+00  2.55115196e+00  2.83808854e+00 
 4.71264000e-09  1.70274251e+00  1.89725749e+00  2.55103746e+00  2.83820619e+00 
 4.71314000e-09  1.70266992e+00  1.89733008e+00  2.55092435e+00  2.83832245e+00 
 4.71364000e-09  1.70259829e+00  1.89740171e+00  2.55081262e+00  2.83843731e+00 
 4.71414000e-09  1.70252762e+00  1.89747238e+00  2.55070229e+00  2.83855077e+00 
 4.71464000e-09  1.70245792e+00  1.89754208e+00  2.55059333e+00  2.83866283e+00 
 4.71514000e-09  1.70238917e+00  1.89761083e+00  2.55048577e+00  2.83877350e+00 
 4.71564000e-09  1.70232139e+00  1.89767861e+00  2.55037960e+00  2.83888277e+00 
 4.71614000e-09  1.70225458e+00  1.89774542e+00  2.55027481e+00  2.83899063e+00 
 4.71664000e-09  1.70218872e+00  1.89781128e+00  2.55017142e+00  2.83909710e+00 
 4.71714000e-09  1.70212384e+00  1.89787616e+00  2.55006942e+00  2.83920216e+00 
 4.71764000e-09  1.70205992e+00  1.89794008e+00  2.54996881e+00  2.83930582e+00 
 4.71814000e-09  1.70199697e+00  1.89800303e+00  2.54986959e+00  2.83940808e+00 
 4.71864000e-09  1.70193498e+00  1.89806502e+00  2.54977177e+00  2.83950893e+00 
 4.71914000e-09  1.70187396e+00  1.89812604e+00  2.54967535e+00  2.83960838e+00 
 4.71964000e-09  1.70181391e+00  1.89818609e+00  2.54958032e+00  2.83970643e+00 
 4.72014000e-09  1.70175483e+00  1.89824517e+00  2.54948668e+00  2.83980307e+00 
 4.72064000e-09  1.70169672e+00  1.89830328e+00  2.54939445e+00  2.83989830e+00 
 4.72114000e-09  1.70163958e+00  1.89836042e+00  2.54930361e+00  2.83999213e+00 
 4.72164000e-09  1.70158341e+00  1.89841659e+00  2.54921417e+00  2.84008455e+00 
 4.72214000e-09  1.70152821e+00  1.89847179e+00  2.54912614e+00  2.84017556e+00 
 4.72264000e-09  1.70147398e+00  1.89852602e+00  2.54903950e+00  2.84026517e+00 
 4.72314000e-09  1.70142073e+00  1.89857927e+00  2.54895426e+00  2.84035336e+00 
 4.72364000e-09  1.70136845e+00  1.89863155e+00  2.54887043e+00  2.84044015e+00 
 4.72414000e-09  1.70131714e+00  1.89868286e+00  2.54878800e+00  2.84052552e+00 
 4.72464000e-09  1.70126680e+00  1.89873320e+00  2.54870697e+00  2.84060949e+00 
 4.72514000e-09  1.70121744e+00  1.89878256e+00  2.54862734e+00  2.84069204e+00 
 4.72564000e-09  1.70116906e+00  1.89883094e+00  2.54854912e+00  2.84077318e+00 
 4.72614000e-09  1.70112165e+00  1.89887835e+00  2.54847231e+00  2.84085292e+00 
 4.72664000e-09  1.70107522e+00  1.89892478e+00  2.54839690e+00  2.84093123e+00 
 4.72714000e-09  1.70102976e+00  1.89897024e+00  2.54832289e+00  2.84100814e+00 
 4.72764000e-09  1.70098528e+00  1.89901472e+00  2.54825030e+00  2.84108363e+00 
 4.72814000e-09  1.70094178e+00  1.89905822e+00  2.54817911e+00  2.84115771e+00 
 4.72864000e-09  1.70089925e+00  1.89910075e+00  2.54810933e+00  2.84123037e+00 
 4.72914000e-09  1.70085770e+00  1.89914230e+00  2.54804096e+00  2.84130162e+00 
 4.72964000e-09  1.70081713e+00  1.89918287e+00  2.54797400e+00  2.84137146e+00 
 4.73014000e-09  1.70077754e+00  1.89922246e+00  2.54790844e+00  2.84143988e+00 
 4.73064000e-09  1.70073893e+00  1.89926107e+00  2.54784430e+00  2.84150688e+00 
 4.73114000e-09  1.70070130e+00  1.89929870e+00  2.54778157e+00  2.84157246e+00 
 4.73164000e-09  1.70066465e+00  1.89933535e+00  2.54772025e+00  2.84163663e+00 
 4.73214000e-09  1.70062898e+00  1.89937102e+00  2.54766034e+00  2.84169938e+00 
 4.73264000e-09  1.70059429e+00  1.89940571e+00  2.54760185e+00  2.84176072e+00 
 4.73314000e-09  1.70056058e+00  1.89943942e+00  2.54754476e+00  2.84182063e+00 
 4.73364000e-09  1.70052785e+00  1.89947215e+00  2.54748909e+00  2.84187913e+00 
 4.73414000e-09  1.70049611e+00  1.89950389e+00  2.54743484e+00  2.84193621e+00 
 4.73464000e-09  1.70046535e+00  1.89953465e+00  2.54738200e+00  2.84199187e+00 
 4.73514000e-09  1.70043556e+00  1.89956444e+00  2.54733057e+00  2.84204611e+00 
 4.73564000e-09  1.70040677e+00  1.89959323e+00  2.54728056e+00  2.84209893e+00 
 4.73614000e-09  1.70037895e+00  1.89962105e+00  2.54723196e+00  2.84215033e+00 
 4.73664000e-09  1.70035212e+00  1.89964788e+00  2.54718478e+00  2.84220031e+00 
 4.73714000e-09  1.70032627e+00  1.89967373e+00  2.54713901e+00  2.84224887e+00 
 4.73764000e-09  1.70030140e+00  1.89969860e+00  2.54709467e+00  2.84229601e+00 
 4.73814000e-09  1.70027752e+00  1.89972248e+00  2.54705173e+00  2.84234172e+00 
 4.73864000e-09  1.70025463e+00  1.89974537e+00  2.54701022e+00  2.84238602e+00 
 4.73914000e-09  1.70023271e+00  1.89976729e+00  2.54697012e+00  2.84242889e+00 
 4.73964000e-09  1.70021179e+00  1.89978821e+00  2.54693144e+00  2.84247034e+00 
 4.74014000e-09  1.70019184e+00  1.89980816e+00  2.54689418e+00  2.84251037e+00 
 4.74064000e-09  1.70017288e+00  1.89982712e+00  2.54685834e+00  2.84254898e+00 
 4.74114000e-09  1.70015491e+00  1.89984509e+00  2.54682391e+00  2.84258616e+00 
 4.74164000e-09  1.70013792e+00  1.89986208e+00  2.54679091e+00  2.84262192e+00 
 4.74214000e-09  1.70012192e+00  1.89987808e+00  2.54675932e+00  2.84265626e+00 
 4.74264000e-09  1.70010691e+00  1.89989309e+00  2.54672916e+00  2.84268917e+00 
 4.74314000e-09  1.70009288e+00  1.89990712e+00  2.54670041e+00  2.84272066e+00 
 4.74364000e-09  1.70007983e+00  1.89992017e+00  2.54667308e+00  2.84275073e+00 
 4.74414000e-09  1.70006778e+00  1.89993222e+00  2.54664717e+00  2.84277937e+00 
 4.74464000e-09  1.70005670e+00  1.89994330e+00  2.54662269e+00  2.84280659e+00 
 4.74514000e-09  1.70004662e+00  1.89995338e+00  2.54659962e+00  2.84283238e+00 
 4.74564000e-09  1.70003752e+00  1.89996248e+00  2.54657797e+00  2.84285675e+00 
 4.74614000e-09  1.70002941e+00  1.89997059e+00  2.54655775e+00  2.84287970e+00 
 4.74664000e-09  1.70002228e+00  1.89997772e+00  2.54653894e+00  2.84290122e+00 
 4.74714000e-09  1.70001615e+00  1.89998385e+00  2.54652156e+00  2.84292131e+00 
 4.74764000e-09  1.70001099e+00  1.89998901e+00  2.54650560e+00  2.84293998e+00 
 4.74814000e-09  1.70000683e+00  1.89999317e+00  2.54649106e+00  2.84295722e+00 
 4.74864000e-09  1.70000365e+00  1.89999635e+00  2.54647794e+00  2.84297304e+00 
 4.74914000e-09  1.70000146e+00  1.89999854e+00  2.54646624e+00  2.84298743e+00 
 4.74964000e-09  1.70000026e+00  1.89999974e+00  2.54645596e+00  2.84300040e+00 
 4.75014000e-09  1.70000004e+00  1.89999996e+00  2.54644710e+00  2.84301194e+00 
 4.75064000e-09  1.70000081e+00  1.89999919e+00  2.54643967e+00  2.84302206e+00 
 4.75114000e-09  1.70000257e+00  1.89999743e+00  2.54643366e+00  2.84303074e+00 
 4.75164000e-09  1.70000531e+00  1.89999469e+00  2.54642907e+00  2.84303801e+00 
 4.75214000e-09  1.70000904e+00  1.89999096e+00  2.54642590e+00  2.84304385e+00 
 4.75264000e-09  1.70001376e+00  1.89998624e+00  2.54642415e+00  2.84304826e+00 
 4.75314000e-09  1.70001946e+00  1.89998054e+00  2.54642382e+00  2.84305124e+00 
 4.75364000e-09  1.70002615e+00  1.89997385e+00  2.54642492e+00  2.84305280e+00 
 4.75414000e-09  1.70003383e+00  1.89996617e+00  2.54642743e+00  2.84305293e+00 
 4.75464000e-09  1.70004249e+00  1.89995751e+00  2.54643137e+00  2.84305164e+00 
 4.75514000e-09  1.70005215e+00  1.89994785e+00  2.54643673e+00  2.84304892e+00 
 4.75564000e-09  1.70006278e+00  1.89993722e+00  2.54644351e+00  2.84304477e+00 
 4.75614000e-09  1.70007441e+00  1.89992559e+00  2.54645172e+00  2.84303920e+00 
 4.75664000e-09  1.70008702e+00  1.89991298e+00  2.54646134e+00  2.84303220e+00 
 4.75714000e-09  1.70010061e+00  1.89989939e+00  2.54647238e+00  2.84302377e+00 
 4.75764000e-09  1.70011519e+00  1.89988481e+00  2.54648485e+00  2.84301392e+00 
 4.75814000e-09  1.70013076e+00  1.89986924e+00  2.54649874e+00  2.84300264e+00 
 4.75864000e-09  1.70014732e+00  1.89985268e+00  2.54651404e+00  2.84298994e+00 
 4.75914000e-09  1.70016486e+00  1.89983514e+00  2.54653077e+00  2.84297581e+00 
 4.75964000e-09  1.70018338e+00  1.89981662e+00  2.54654892e+00  2.84296025e+00 
 4.76014000e-09  1.70020289e+00  1.89979711e+00  2.54656849e+00  2.84294327e+00 
 4.76064000e-09  1.70022338e+00  1.89977662e+00  2.54658947e+00  2.84292486e+00 
 4.76114000e-09  1.70024486e+00  1.89975514e+00  2.54661188e+00  2.84290503e+00 
 4.76164000e-09  1.70026733e+00  1.89973267e+00  2.54663571e+00  2.84288377e+00 
 4.76214000e-09  1.70029077e+00  1.89970923e+00  2.54666096e+00  2.84286109e+00 
 4.76264000e-09  1.70031521e+00  1.89968479e+00  2.54668762e+00  2.84283697e+00 
 4.76314000e-09  1.70034062e+00  1.89965938e+00  2.54671571e+00  2.84281144e+00 
 4.76364000e-09  1.70036702e+00  1.89963298e+00  2.54674521e+00  2.84278448e+00 
 4.76414000e-09  1.70039441e+00  1.89960559e+00  2.54677613e+00  2.84275609e+00 
 4.76464000e-09  1.70042277e+00  1.89957723e+00  2.54680847e+00  2.84272628e+00 
 4.76514000e-09  1.70045212e+00  1.89954788e+00  2.54684223e+00  2.84269504e+00 
 4.76564000e-09  1.70048245e+00  1.89951755e+00  2.54687740e+00  2.84266238e+00 
 4.76614000e-09  1.70051377e+00  1.89948623e+00  2.54691400e+00  2.84262830e+00 
 4.76664000e-09  1.70054606e+00  1.89945394e+00  2.54695201e+00  2.84259279e+00 
 4.76714000e-09  1.70057934e+00  1.89942066e+00  2.54699143e+00  2.84255586e+00 
 4.76764000e-09  1.70061360e+00  1.89938640e+00  2.54703228e+00  2.84251750e+00 
 4.76814000e-09  1.70064883e+00  1.89935117e+00  2.54707453e+00  2.84247772e+00 
 4.76864000e-09  1.70068505e+00  1.89931495e+00  2.54711821e+00  2.84243651e+00 
 4.76914000e-09  1.70072225e+00  1.89927775e+00  2.54716330e+00  2.84239389e+00 
 4.76964000e-09  1.70076043e+00  1.89923957e+00  2.54720980e+00  2.84234984e+00 
 4.77014000e-09  1.70079959e+00  1.89920041e+00  2.54725772e+00  2.84230436e+00 
 4.77064000e-09  1.70083973e+00  1.89916027e+00  2.54730705e+00  2.84225747e+00 
 4.77114000e-09  1.70088085e+00  1.89911915e+00  2.54735780e+00  2.84220915e+00 
 4.77164000e-09  1.70092294e+00  1.89907706e+00  2.54740996e+00  2.84215941e+00 
 4.77214000e-09  1.70096602e+00  1.89903398e+00  2.54746353e+00  2.84210825e+00 
 4.77264000e-09  1.70101007e+00  1.89898993e+00  2.54751852e+00  2.84205567e+00 
 4.77314000e-09  1.70105509e+00  1.89894491e+00  2.54757491e+00  2.84200167e+00 
 4.77364000e-09  1.70110110e+00  1.89889890e+00  2.54763272e+00  2.84194624e+00 
 4.77414000e-09  1.70114808e+00  1.89885192e+00  2.54769194e+00  2.84188940e+00 
 4.77464000e-09  1.70119603e+00  1.89880397e+00  2.54775257e+00  2.84183114e+00 
 4.77514000e-09  1.70124496e+00  1.89875504e+00  2.54781461e+00  2.84177145e+00 
 4.77564000e-09  1.70129487e+00  1.89870513e+00  2.54787806e+00  2.84171035e+00 
 4.77614000e-09  1.70134575e+00  1.89865425e+00  2.54794291e+00  2.84164783e+00 
 4.77664000e-09  1.70139760e+00  1.89860240e+00  2.54800918e+00  2.84158389e+00 
 4.77714000e-09  1.70145043e+00  1.89854957e+00  2.54807685e+00  2.84151853e+00 
 4.77764000e-09  1.70150423e+00  1.89849577e+00  2.54814594e+00  2.84145176e+00 
 4.77814000e-09  1.70155900e+00  1.89844100e+00  2.54821642e+00  2.84138356e+00 
 4.77864000e-09  1.70161474e+00  1.89838526e+00  2.54828832e+00  2.84131395e+00 
 4.77914000e-09  1.70167146e+00  1.89832854e+00  2.54836162e+00  2.84124293e+00 
 4.77964000e-09  1.70172914e+00  1.89827086e+00  2.54843632e+00  2.84117049e+00 
 4.78014000e-09  1.70178780e+00  1.89821220e+00  2.54851243e+00  2.84109663e+00 
 4.78064000e-09  1.70184742e+00  1.89815258e+00  2.54858995e+00  2.84102136e+00 
 4.78114000e-09  1.70190801e+00  1.89809199e+00  2.54866886e+00  2.84094467e+00 
 4.78164000e-09  1.70196957e+00  1.89803043e+00  2.54874918e+00  2.84086657e+00 
 4.78214000e-09  1.70203210e+00  1.89796790e+00  2.54883090e+00  2.84078705e+00 
 4.78264000e-09  1.70209559e+00  1.89790441e+00  2.54891403e+00  2.84070613e+00 
 4.78314000e-09  1.70216006e+00  1.89783994e+00  2.54899855e+00  2.84062379e+00 
 4.78364000e-09  1.70222548e+00  1.89777452e+00  2.54908447e+00  2.84054003e+00 
 4.78414000e-09  1.70229187e+00  1.89770813e+00  2.54917179e+00  2.84045487e+00 
 4.78464000e-09  1.70235923e+00  1.89764077e+00  2.54926052e+00  2.84036830e+00 
 4.78514000e-09  1.70242755e+00  1.89757245e+00  2.54935063e+00  2.84028031e+00 
 4.78564000e-09  1.70249683e+00  1.89750317e+00  2.54944215e+00  2.84019091e+00 
 4.78614000e-09  1.70256708e+00  1.89743292e+00  2.54953506e+00  2.84010011e+00 
 4.78664000e-09  1.70263829e+00  1.89736171e+00  2.54962937e+00  2.84000790e+00 
 4.78714000e-09  1.70271045e+00  1.89728955e+00  2.54972507e+00  2.83991428e+00 
 4.78764000e-09  1.70278358e+00  1.89721642e+00  2.54982217e+00  2.83981925e+00 
 4.78814000e-09  1.70285767e+00  1.89714233e+00  2.54992066e+00  2.83972281e+00 
 4.78864000e-09  1.70293271e+00  1.89706729e+00  2.55002054e+00  2.83962497e+00 
 4.78914000e-09  1.70300872e+00  1.89699128e+00  2.55012182e+00  2.83952572e+00 
 4.78964000e-09  1.70308568e+00  1.89691432e+00  2.55022449e+00  2.83942507e+00 
 4.79014000e-09  1.70316360e+00  1.89683640e+00  2.55032854e+00  2.83932301e+00 
 4.79064000e-09  1.70324247e+00  1.89675753e+00  2.55043399e+00  2.83921955e+00 
 4.79114000e-09  1.70332230e+00  1.89667770e+00  2.55054082e+00  2.83911469e+00 
 4.79164000e-09  1.70340308e+00  1.89659692e+00  2.55064904e+00  2.83900842e+00 
 4.79214000e-09  1.70348482e+00  1.89651518e+00  2.55075865e+00  2.83890076e+00 
 4.79264000e-09  1.70356751e+00  1.89643249e+00  2.55086965e+00  2.83879169e+00 
 4.79314000e-09  1.70365115e+00  1.89634885e+00  2.55098203e+00  2.83868122e+00 
 4.79364000e-09  1.70373574e+00  1.89626426e+00  2.55109579e+00  2.83856935e+00 
 4.79414000e-09  1.70382128e+00  1.89617872e+00  2.55121094e+00  2.83845609e+00 
 4.79464000e-09  1.70390777e+00  1.89609223e+00  2.55132747e+00  2.83834142e+00 
 4.79514000e-09  1.70399521e+00  1.89600479e+00  2.55144538e+00  2.83822536e+00 
 4.79564000e-09  1.70408360e+00  1.89591640e+00  2.55156467e+00  2.83810791e+00 
 4.79614000e-09  1.70417293e+00  1.89582707e+00  2.55168534e+00  2.83798905e+00 
 4.79664000e-09  1.70426321e+00  1.89573679e+00  2.55180739e+00  2.83786881e+00 
 4.79714000e-09  1.70435443e+00  1.89564557e+00  2.55193082e+00  2.83774717e+00 
 4.79764000e-09  1.70444660e+00  1.89555340e+00  2.55205563e+00  2.83762413e+00 
 4.79814000e-09  1.70453971e+00  1.89546029e+00  2.55218181e+00  2.83749971e+00 
 4.79864000e-09  1.70463376e+00  1.89536624e+00  2.55230936e+00  2.83737389e+00 
 4.79914000e-09  1.70472876e+00  1.89527124e+00  2.55243829e+00  2.83724668e+00 
 4.79964000e-09  1.70482469e+00  1.89517531e+00  2.55256859e+00  2.83711808e+00 
 4.80014000e-09  1.70492157e+00  1.89507843e+00  2.55270027e+00  2.83698810e+00 
 4.80064000e-09  1.70501938e+00  1.89498062e+00  2.55283331e+00  2.83685672e+00 
 4.80114000e-09  1.70511813e+00  1.89488187e+00  2.55296772e+00  2.83672396e+00 
 4.80164000e-09  1.70521782e+00  1.89478218e+00  2.55310350e+00  2.83658981e+00 
 4.80214000e-09  1.70531844e+00  1.89468156e+00  2.55324065e+00  2.83645428e+00 
 4.80264000e-09  1.70541999e+00  1.89458001e+00  2.55337917e+00  2.83631737e+00 
 4.80314000e-09  1.70552248e+00  1.89447752e+00  2.55351905e+00  2.83617907e+00 
 4.80364000e-09  1.70562591e+00  1.89437409e+00  2.55366029e+00  2.83603939e+00 
 4.80414000e-09  1.70573026e+00  1.89426974e+00  2.55380290e+00  2.83589832e+00 
 4.80464000e-09  1.70583554e+00  1.89416446e+00  2.55394687e+00  2.83575588e+00 
 4.80514000e-09  1.70594176e+00  1.89405824e+00  2.55409220e+00  2.83561206e+00 
 4.80564000e-09  1.70604890e+00  1.89395110e+00  2.55423889e+00  2.83546686e+00 
 4.80614000e-09  1.70615697e+00  1.89384303e+00  2.55438694e+00  2.83532028e+00 
 4.80664000e-09  1.70626596e+00  1.89373404e+00  2.55453635e+00  2.83517233e+00 
 4.80714000e-09  1.70637588e+00  1.89362412e+00  2.55468711e+00  2.83502300e+00 
 4.80764000e-09  1.70648673e+00  1.89351327e+00  2.55483922e+00  2.83487230e+00 
 4.80814000e-09  1.70659849e+00  1.89340151e+00  2.55499269e+00  2.83472022e+00 
 4.80864000e-09  1.70671118e+00  1.89328882e+00  2.55514752e+00  2.83456678e+00 
 4.80914000e-09  1.70682479e+00  1.89317521e+00  2.55530369e+00  2.83441196e+00 
 4.80964000e-09  1.70693932e+00  1.89306068e+00  2.55546121e+00  2.83425577e+00 
 4.81014000e-09  1.70705477e+00  1.89294523e+00  2.55562008e+00  2.83409822e+00 
 4.81064000e-09  1.70717113e+00  1.89282887e+00  2.55578030e+00  2.83393930e+00 
 4.81114000e-09  1.70728842e+00  1.89271158e+00  2.55594187e+00  2.83377901e+00 
 4.81164000e-09  1.70740661e+00  1.89259339e+00  2.55610478e+00  2.83361735e+00 
 4.81214000e-09  1.70752572e+00  1.89247428e+00  2.55626903e+00  2.83345434e+00 
 4.81264000e-09  1.70764575e+00  1.89235425e+00  2.55643463e+00  2.83328996e+00 
 4.81314000e-09  1.70776668e+00  1.89223332e+00  2.55660157e+00  2.83312422e+00 
 4.81364000e-09  1.70788852e+00  1.89211148e+00  2.55676984e+00  2.83295712e+00 
 4.81414000e-09  1.70801128e+00  1.89198872e+00  2.55693946e+00  2.83278866e+00 
 4.81464000e-09  1.70813494e+00  1.89186506e+00  2.55711041e+00  2.83261884e+00 
 4.81514000e-09  1.70825951e+00  1.89174049e+00  2.55728270e+00  2.83244766e+00 
 4.81564000e-09  1.70838498e+00  1.89161502e+00  2.55745632e+00  2.83227513e+00 
 4.81614000e-09  1.70851136e+00  1.89148864e+00  2.55763127e+00  2.83210125e+00 
 4.81664000e-09  1.70863864e+00  1.89136136e+00  2.55780755e+00  2.83192602e+00 
 4.81714000e-09  1.70876682e+00  1.89123318e+00  2.55798517e+00  2.83174943e+00 
 4.81764000e-09  1.70889591e+00  1.89110409e+00  2.55816411e+00  2.83157149e+00 
 4.81814000e-09  1.70902589e+00  1.89097411e+00  2.55834438e+00  2.83139221e+00 
 4.81864000e-09  1.70915677e+00  1.89084323e+00  2.55852598e+00  2.83121158e+00 
 4.81914000e-09  1.70928855e+00  1.89071145e+00  2.55870890e+00  2.83102960e+00 
 4.81964000e-09  1.70942122e+00  1.89057878e+00  2.55889314e+00  2.83084627e+00 
 4.82014000e-09  1.70955478e+00  1.89044522e+00  2.55907870e+00  2.83066161e+00 
 4.82064000e-09  1.70968924e+00  1.89031076e+00  2.55926559e+00  2.83047560e+00 
 4.82114000e-09  1.70982459e+00  1.89017541e+00  2.55945379e+00  2.83028825e+00 
 4.82164000e-09  1.70996083e+00  1.89003917e+00  2.55964330e+00  2.83009957e+00 
 4.82214000e-09  1.71009796e+00  1.88990204e+00  2.55983414e+00  2.82990954e+00 
 4.82264000e-09  1.71023598e+00  1.88976402e+00  2.56002628e+00  2.82971818e+00 
 4.82314000e-09  1.71037488e+00  1.88962512e+00  2.56021974e+00  2.82952549e+00 
 4.82364000e-09  1.71051466e+00  1.88948534e+00  2.56041451e+00  2.82933146e+00 
 4.82414000e-09  1.71065533e+00  1.88934467e+00  2.56061058e+00  2.82913610e+00 
 4.82464000e-09  1.71079689e+00  1.88920311e+00  2.56080797e+00  2.82893941e+00 
 4.82514000e-09  1.71093932e+00  1.88906068e+00  2.56100666e+00  2.82874140e+00 
 4.82564000e-09  1.71108263e+00  1.88891737e+00  2.56120665e+00  2.82854205e+00 
 4.82614000e-09  1.71122682e+00  1.88877318e+00  2.56140795e+00  2.82834138e+00 
 4.82664000e-09  1.71137188e+00  1.88862812e+00  2.56161054e+00  2.82813939e+00 
 4.82714000e-09  1.71151782e+00  1.88848218e+00  2.56181444e+00  2.82793607e+00 
 4.82764000e-09  1.71166463e+00  1.88833537e+00  2.56201963e+00  2.82773144e+00 
 4.82814000e-09  1.71181232e+00  1.88818768e+00  2.56222612e+00  2.82752548e+00 
 4.82864000e-09  1.71196087e+00  1.88803913e+00  2.56243390e+00  2.82731821e+00 
 4.82914000e-09  1.71211030e+00  1.88788970e+00  2.56264297e+00  2.82710962e+00 
 4.82964000e-09  1.71226059e+00  1.88773941e+00  2.56285334e+00  2.82689972e+00 
 4.83014000e-09  1.71241174e+00  1.88758826e+00  2.56306499e+00  2.82668851e+00 
 4.83064000e-09  1.71256376e+00  1.88743624e+00  2.56327793e+00  2.82647598e+00 
 4.83114000e-09  1.71271665e+00  1.88728335e+00  2.56349216e+00  2.82626215e+00 
 4.83164000e-09  1.71287039e+00  1.88712961e+00  2.56370766e+00  2.82604700e+00 
 4.83214000e-09  1.71302500e+00  1.88697500e+00  2.56392446e+00  2.82583056e+00 
 4.83264000e-09  1.71318046e+00  1.88681954e+00  2.56414253e+00  2.82561280e+00 
 4.83314000e-09  1.71333679e+00  1.88666321e+00  2.56436187e+00  2.82539375e+00 
 4.83364000e-09  1.71349396e+00  1.88650604e+00  2.56458250e+00  2.82517339e+00 
 4.83414000e-09  1.71365199e+00  1.88634801e+00  2.56480440e+00  2.82495174e+00 
 4.83464000e-09  1.71381088e+00  1.88618912e+00  2.56502757e+00  2.82472879e+00 
 4.83514000e-09  1.71397061e+00  1.88602939e+00  2.56525201e+00  2.82450455e+00 
 4.83564000e-09  1.71413119e+00  1.88586881e+00  2.56547772e+00  2.82427901e+00 
 4.83614000e-09  1.71429262e+00  1.88570738e+00  2.56570470e+00  2.82405218e+00 
 4.83664000e-09  1.71445490e+00  1.88554510e+00  2.56593295e+00  2.82382406e+00 
 4.83714000e-09  1.71461802e+00  1.88538198e+00  2.56616245e+00  2.82359465e+00 
 4.83764000e-09  1.71478198e+00  1.88521802e+00  2.56639322e+00  2.82336396e+00 
 4.83814000e-09  1.71494678e+00  1.88505322e+00  2.56662525e+00  2.82313198e+00 
 4.83864000e-09  1.71511242e+00  1.88488758e+00  2.56685853e+00  2.82289872e+00 
 4.83914000e-09  1.71527891e+00  1.88472109e+00  2.56709307e+00  2.82266418e+00 
 4.83964000e-09  1.71544622e+00  1.88455378e+00  2.56732886e+00  2.82242836e+00 
 4.84014000e-09  1.71561437e+00  1.88438563e+00  2.56756591e+00  2.82219127e+00 
 4.84064000e-09  1.71578336e+00  1.88421664e+00  2.56780420e+00  2.82195290e+00 
 4.84114000e-09  1.71595317e+00  1.88404683e+00  2.56804375e+00  2.82171326e+00 
 4.84164000e-09  1.71612382e+00  1.88387618e+00  2.56828453e+00  2.82147235e+00 
 4.84214000e-09  1.71629529e+00  1.88370471e+00  2.56852656e+00  2.82123017e+00 
 4.84264000e-09  1.71646759e+00  1.88353241e+00  2.56876984e+00  2.82098672e+00 
 4.84314000e-09  1.71664071e+00  1.88335929e+00  2.56901435e+00  2.82074201e+00 
 4.84364000e-09  1.71681466e+00  1.88318534e+00  2.56926010e+00  2.82049604e+00 
 4.84414000e-09  1.71698943e+00  1.88301057e+00  2.56950708e+00  2.82024881e+00 
 4.84464000e-09  1.71716501e+00  1.88283499e+00  2.56975530e+00  2.82000031e+00 
 4.84514000e-09  1.71734142e+00  1.88265858e+00  2.57000475e+00  2.81975057e+00 
 4.84564000e-09  1.71751864e+00  1.88248136e+00  2.57025542e+00  2.81949956e+00 
 4.84614000e-09  1.71769667e+00  1.88230333e+00  2.57050733e+00  2.81924731e+00 
 4.84664000e-09  1.71787552e+00  1.88212448e+00  2.57076045e+00  2.81899381e+00 
 4.84714000e-09  1.71805517e+00  1.88194483e+00  2.57101480e+00  2.81873906e+00 
 4.84764000e-09  1.71823564e+00  1.88176436e+00  2.57127037e+00  2.81848306e+00 
 4.84814000e-09  1.71841691e+00  1.88158309e+00  2.57152716e+00  2.81822582e+00 
 4.84864000e-09  1.71859899e+00  1.88140101e+00  2.57178517e+00  2.81796734e+00 
 4.84914000e-09  1.71878187e+00  1.88121813e+00  2.57204439e+00  2.81770762e+00 
 4.84964000e-09  1.71896555e+00  1.88103445e+00  2.57230481e+00  2.81744666e+00 
 4.85014000e-09  1.71915004e+00  1.88084996e+00  2.57256645e+00  2.81718447e+00 
 4.85064000e-09  1.71933532e+00  1.88066468e+00  2.57282930e+00  2.81692105e+00 
 4.85114000e-09  1.71952139e+00  1.88047861e+00  2.57309335e+00  2.81665639e+00 
 4.85164000e-09  1.71970826e+00  1.88029174e+00  2.57335860e+00  2.81639051e+00 
 4.85214000e-09  1.71989593e+00  1.88010407e+00  2.57362505e+00  2.81612340e+00 
 4.85264000e-09  1.72008438e+00  1.87991562e+00  2.57389270e+00  2.81585507e+00 
 4.85314000e-09  1.72027362e+00  1.87972638e+00  2.57416155e+00  2.81558552e+00 
 4.85364000e-09  1.72046365e+00  1.87953635e+00  2.57443159e+00  2.81531475e+00 
 4.85414000e-09  1.72065447e+00  1.87934553e+00  2.57470282e+00  2.81504277e+00 
 4.85464000e-09  1.72084606e+00  1.87915394e+00  2.57497524e+00  2.81476957e+00 
 4.85514000e-09  1.72103844e+00  1.87896156e+00  2.57524884e+00  2.81449516e+00 
 4.85564000e-09  1.72123160e+00  1.87876840e+00  2.57552363e+00  2.81421954e+00 
 4.85614000e-09  1.72142554e+00  1.87857446e+00  2.57579960e+00  2.81394271e+00 
 4.85664000e-09  1.72162025e+00  1.87837975e+00  2.57607675e+00  2.81366468e+00 
 4.85714000e-09  1.72181573e+00  1.87818427e+00  2.57635507e+00  2.81338544e+00 
 4.85764000e-09  1.72201199e+00  1.87798801e+00  2.57663457e+00  2.81310501e+00 
 4.85814000e-09  1.72220901e+00  1.87779099e+00  2.57691524e+00  2.81282338e+00 
 4.85864000e-09  1.72240681e+00  1.87759319e+00  2.57719708e+00  2.81254056e+00 
 4.85914000e-09  1.72260537e+00  1.87739463e+00  2.57748009e+00  2.81225654e+00 
 4.85964000e-09  1.72280469e+00  1.87719531e+00  2.57776426e+00  2.81197134e+00 
 4.86014000e-09  1.72300478e+00  1.87699522e+00  2.57804959e+00  2.81168495e+00 
 4.86064000e-09  1.72320562e+00  1.87679438e+00  2.57833608e+00  2.81139737e+00 
 4.86114000e-09  1.72340722e+00  1.87659278e+00  2.57862373e+00  2.81110861e+00 
 4.86164000e-09  1.72360958e+00  1.87639042e+00  2.57891253e+00  2.81081867e+00 
 4.86214000e-09  1.72381270e+00  1.87618730e+00  2.57920248e+00  2.81052756e+00 
 4.86264000e-09  1.72401656e+00  1.87598344e+00  2.57949358e+00  2.81023527e+00 
 4.86314000e-09  1.72422118e+00  1.87577882e+00  2.57978583e+00  2.80994181e+00 
 4.86364000e-09  1.72442654e+00  1.87557346e+00  2.58007923e+00  2.80964718e+00 
 4.86414000e-09  1.72463265e+00  1.87536735e+00  2.58037376e+00  2.80935139e+00 
 4.86464000e-09  1.72483950e+00  1.87516050e+00  2.58066943e+00  2.80905443e+00 
 4.86514000e-09  1.72504709e+00  1.87495291e+00  2.58096624e+00  2.80875631e+00 
 4.86564000e-09  1.72525543e+00  1.87474457e+00  2.58126418e+00  2.80845703e+00 
 4.86614000e-09  1.72546450e+00  1.87453550e+00  2.58156326e+00  2.80815659e+00 
 4.86664000e-09  1.72567431e+00  1.87432569e+00  2.58186346e+00  2.80785501e+00 
 4.86714000e-09  1.72588485e+00  1.87411515e+00  2.58216478e+00  2.80755227e+00 
 4.86764000e-09  1.72609612e+00  1.87390388e+00  2.58246723e+00  2.80724839e+00 
 4.86814000e-09  1.72630812e+00  1.87369188e+00  2.58277080e+00  2.80694336e+00 
 4.86864000e-09  1.72652085e+00  1.87347915e+00  2.58307548e+00  2.80663718e+00 
 4.86914000e-09  1.72673431e+00  1.87326569e+00  2.58338129e+00  2.80632987e+00 
 4.86964000e-09  1.72694848e+00  1.87305152e+00  2.58368820e+00  2.80602143e+00 
 4.87014000e-09  1.72716338e+00  1.87283662e+00  2.58399622e+00  2.80571185e+00 
 4.87064000e-09  1.72737900e+00  1.87262100e+00  2.58430535e+00  2.80540114e+00 
 4.87114000e-09  1.72759533e+00  1.87240467e+00  2.58461558e+00  2.80508930e+00 
 4.87164000e-09  1.72781238e+00  1.87218762e+00  2.58492691e+00  2.80477633e+00 
 4.87214000e-09  1.72803014e+00  1.87196986e+00  2.58523934e+00  2.80446225e+00 
 4.87264000e-09  1.72824861e+00  1.87175139e+00  2.58555286e+00  2.80414704e+00 
 4.87314000e-09  1.72846779e+00  1.87153221e+00  2.58586748e+00  2.80383072e+00 
 4.87364000e-09  1.72868768e+00  1.87131232e+00  2.58618318e+00  2.80351328e+00 
 4.87414000e-09  1.72890827e+00  1.87109173e+00  2.58649998e+00  2.80319473e+00 
 4.87464000e-09  1.72912956e+00  1.87087044e+00  2.58681785e+00  2.80287508e+00 
 4.87514000e-09  1.72935155e+00  1.87064845e+00  2.58713681e+00  2.80255432e+00 
 4.87564000e-09  1.72957424e+00  1.87042576e+00  2.58745684e+00  2.80223246e+00 
 4.87614000e-09  1.72979762e+00  1.87020238e+00  2.58777795e+00  2.80190950e+00 
 4.87664000e-09  1.73002170e+00  1.86997830e+00  2.58810013e+00  2.80158544e+00 
 4.87714000e-09  1.73024646e+00  1.86975354e+00  2.58842339e+00  2.80126030e+00 
 4.87764000e-09  1.73047192e+00  1.86952808e+00  2.58874770e+00  2.80093406e+00 
 4.87814000e-09  1.73069806e+00  1.86930194e+00  2.58907308e+00  2.80060673e+00 
 4.87864000e-09  1.73092488e+00  1.86907512e+00  2.58939952e+00  2.80027832e+00 
 4.87914000e-09  1.73115239e+00  1.86884761e+00  2.58972702e+00  2.79994883e+00 
 4.87964000e-09  1.73138058e+00  1.86861942e+00  2.59005557e+00  2.79961827e+00 
 4.88014000e-09  1.73160944e+00  1.86839056e+00  2.59038517e+00  2.79928663e+00 
 4.88064000e-09  1.73183898e+00  1.86816102e+00  2.59071582e+00  2.79895391e+00 
 4.88114000e-09  1.73206919e+00  1.86793081e+00  2.59104752e+00  2.79862013e+00 
 4.88164000e-09  1.73230007e+00  1.86769993e+00  2.59138026e+00  2.79828528e+00 
 4.88214000e-09  1.73253162e+00  1.86746838e+00  2.59171403e+00  2.79794938e+00 
 4.88264000e-09  1.73276384e+00  1.86723616e+00  2.59204885e+00  2.79761241e+00 
 4.88314000e-09  1.73299672e+00  1.86700328e+00  2.59238469e+00  2.79727438e+00 
 4.88364000e-09  1.73323026e+00  1.86676974e+00  2.59272157e+00  2.79693531e+00 
 4.88414000e-09  1.73346446e+00  1.86653554e+00  2.59305947e+00  2.79659518e+00 
 4.88464000e-09  1.73369931e+00  1.86630069e+00  2.59339839e+00  2.79625401e+00 
 4.88514000e-09  1.73393482e+00  1.86606518e+00  2.59373834e+00  2.79591180e+00 
 4.88564000e-09  1.73417098e+00  1.86582902e+00  2.59407930e+00  2.79556854e+00 
 4.88614000e-09  1.73440780e+00  1.86559220e+00  2.59442128e+00  2.79522425e+00 
 4.88664000e-09  1.73464526e+00  1.86535474e+00  2.59476426e+00  2.79487893e+00 
 4.88714000e-09  1.73488336e+00  1.86511664e+00  2.59510826e+00  2.79453257e+00 
 4.88764000e-09  1.73512211e+00  1.86487789e+00  2.59545326e+00  2.79418519e+00 
 4.88814000e-09  1.73536150e+00  1.86463850e+00  2.59579926e+00  2.79383679e+00 
 4.88864000e-09  1.73560152e+00  1.86439848e+00  2.59614626e+00  2.79348737e+00 
 4.88914000e-09  1.73584218e+00  1.86415782e+00  2.59649425e+00  2.79313693e+00 
 4.88964000e-09  1.73608348e+00  1.86391652e+00  2.59684324e+00  2.79278547e+00 
 4.89014000e-09  1.73632540e+00  1.86367460e+00  2.59719321e+00  2.79243301e+00 
 4.89064000e-09  1.73656796e+00  1.86343204e+00  2.59754417e+00  2.79207954e+00 
 4.89114000e-09  1.73681114e+00  1.86318886e+00  2.59789611e+00  2.79172507e+00 
 4.89164000e-09  1.73705494e+00  1.86294506e+00  2.59824902e+00  2.79136959e+00 
 4.89214000e-09  1.73729937e+00  1.86270063e+00  2.59860292e+00  2.79101312e+00 
 4.89264000e-09  1.73754441e+00  1.86245559e+00  2.59895778e+00  2.79065566e+00 
 4.89314000e-09  1.73779007e+00  1.86220993e+00  2.59931361e+00  2.79029721e+00 
 4.89364000e-09  1.73803634e+00  1.86196366e+00  2.59967041e+00  2.78993777e+00 
 4.89414000e-09  1.73828323e+00  1.86171677e+00  2.60002817e+00  2.78957735e+00 
 4.89464000e-09  1.73853072e+00  1.86146928e+00  2.60038689e+00  2.78921595e+00 
 4.89514000e-09  1.73877882e+00  1.86122118e+00  2.60074656e+00  2.78885358e+00 
 4.89564000e-09  1.73902753e+00  1.86097247e+00  2.60110719e+00  2.78849023e+00 
 4.89614000e-09  1.73927684e+00  1.86072316e+00  2.60146876e+00  2.78812591e+00 
 4.89664000e-09  1.73952674e+00  1.86047326e+00  2.60183128e+00  2.78776063e+00 
 4.89714000e-09  1.73977725e+00  1.86022275e+00  2.60219473e+00  2.78739439e+00 
 4.89764000e-09  1.74002834e+00  1.85997166e+00  2.60255913e+00  2.78702719e+00 
 4.89814000e-09  1.74028003e+00  1.85971997e+00  2.60292446e+00  2.78665903e+00 
 4.89864000e-09  1.74053231e+00  1.85946769e+00  2.60329072e+00  2.78628993e+00 
 4.89914000e-09  1.74078518e+00  1.85921482e+00  2.60365791e+00  2.78591987e+00 
 4.89964000e-09  1.74103863e+00  1.85896137e+00  2.60402602e+00  2.78554888e+00 
 4.90014000e-09  1.74129266e+00  1.85870734e+00  2.60439505e+00  2.78517694e+00 
 4.90064000e-09  1.74154727e+00  1.85845273e+00  2.60476500e+00  2.78480407e+00 
 4.90114000e-09  1.74180246e+00  1.85819754e+00  2.60513586e+00  2.78443026e+00 
 4.90164000e-09  1.74205823e+00  1.85794177e+00  2.60550764e+00  2.78405553e+00 
 4.90214000e-09  1.74231456e+00  1.85768544e+00  2.60588032e+00  2.78367987e+00 
 4.90264000e-09  1.74257147e+00  1.85742853e+00  2.60625390e+00  2.78330328e+00 
 4.90314000e-09  1.74282894e+00  1.85717106e+00  2.60662838e+00  2.78292578e+00 
 4.90364000e-09  1.74308697e+00  1.85691303e+00  2.60700375e+00  2.78254737e+00 
 4.90414000e-09  1.74334557e+00  1.85665443e+00  2.60738002e+00  2.78216804e+00 
 4.90464000e-09  1.74360472e+00  1.85639528e+00  2.60775717e+00  2.78178781e+00 
 4.90514000e-09  1.74386444e+00  1.85613556e+00  2.60813521e+00  2.78140668e+00 
 4.90564000e-09  1.74412470e+00  1.85587530e+00  2.60851414e+00  2.78102464e+00 
 4.90614000e-09  1.74438552e+00  1.85561448e+00  2.60889393e+00  2.78064171e+00 
 4.90664000e-09  1.74464689e+00  1.85535311e+00  2.60927461e+00  2.78025789e+00 
 4.90714000e-09  1.74490880e+00  1.85509120e+00  2.60965615e+00  2.77987318e+00 
 4.90764000e-09  1.74517126e+00  1.85482874e+00  2.61003856e+00  2.77948758e+00 
 4.90814000e-09  1.74543426e+00  1.85456574e+00  2.61042183e+00  2.77910111e+00 
 4.90864000e-09  1.74569780e+00  1.85430220e+00  2.61080596e+00  2.77871376e+00 
 4.90914000e-09  1.74596187e+00  1.85403813e+00  2.61119094e+00  2.77832553e+00 
 4.90964000e-09  1.74622648e+00  1.85377352e+00  2.61157678e+00  2.77793644e+00 
 4.91014000e-09  1.74649161e+00  1.85350839e+00  2.61196346e+00  2.77754648e+00 
 4.91064000e-09  1.74675728e+00  1.85324272e+00  2.61235099e+00  2.77715566e+00 
 4.91114000e-09  1.74702347e+00  1.85297653e+00  2.61273936e+00  2.77676398e+00 
 4.91164000e-09  1.74729018e+00  1.85270982e+00  2.61312856e+00  2.77637145e+00 
 4.91214000e-09  1.74755741e+00  1.85244259e+00  2.61351860e+00  2.77597807e+00 
 4.91264000e-09  1.74782517e+00  1.85217483e+00  2.61390946e+00  2.77558384e+00 
 4.91314000e-09  1.74809343e+00  1.85190657e+00  2.61430115e+00  2.77518878e+00 
 4.91364000e-09  1.74836221e+00  1.85163779e+00  2.61469367e+00  2.77479287e+00 
 4.91414000e-09  1.74863150e+00  1.85136850e+00  2.61508700e+00  2.77439613e+00 
 4.91464000e-09  1.74890129e+00  1.85109871e+00  2.61548114e+00  2.77399856e+00 
 4.91514000e-09  1.74917159e+00  1.85082841e+00  2.61587609e+00  2.77360017e+00 
 4.91564000e-09  1.74944239e+00  1.85055761e+00  2.61627185e+00  2.77320095e+00 
 4.91614000e-09  1.74971369e+00  1.85028631e+00  2.61666841e+00  2.77280092e+00 
 4.91664000e-09  1.74998549e+00  1.85001451e+00  2.61706577e+00  2.77240007e+00 
 4.91714000e-09  1.75025778e+00  1.84974222e+00  2.61746392e+00  2.77199841e+00 
 4.91764000e-09  1.75053056e+00  1.84946944e+00  2.61786287e+00  2.77159595e+00 
 4.91814000e-09  1.75080383e+00  1.84919617e+00  2.61826260e+00  2.77119268e+00 
 4.91864000e-09  1.75107758e+00  1.84892242e+00  2.61866311e+00  2.77078862e+00 
 4.91914000e-09  1.75135182e+00  1.84864818e+00  2.61906440e+00  2.77038376e+00 
 4.91964000e-09  1.75162654e+00  1.84837346e+00  2.61946646e+00  2.76997811e+00 
 4.92014000e-09  1.75190174e+00  1.84809826e+00  2.61986930e+00  2.76957168e+00 
 4.92064000e-09  1.75217740e+00  1.84782260e+00  2.62027290e+00  2.76916447e+00 
 4.92114000e-09  1.75245355e+00  1.84754645e+00  2.62067727e+00  2.76875647e+00 
 4.92164000e-09  1.75273016e+00  1.84726984e+00  2.62108239e+00  2.76834771e+00 
 4.92214000e-09  1.75300724e+00  1.84699276e+00  2.62148827e+00  2.76793818e+00 
 4.92264000e-09  1.75328478e+00  1.84671522e+00  2.62189490e+00  2.76752788e+00 
 4.92314000e-09  1.75356278e+00  1.84643722e+00  2.62230227e+00  2.76711682e+00 
 4.92364000e-09  1.75384124e+00  1.84615876e+00  2.62271039e+00  2.76670500e+00 
 4.92414000e-09  1.75412016e+00  1.84587984e+00  2.62311925e+00  2.76629244e+00 
 4.92464000e-09  1.75439953e+00  1.84560047e+00  2.62352884e+00  2.76587912e+00 
 4.92514000e-09  1.75467934e+00  1.84532066e+00  2.62393916e+00  2.76546506e+00 
 4.92564000e-09  1.75495961e+00  1.84504039e+00  2.62435021e+00  2.76505026e+00 
 4.92614000e-09  1.75524032e+00  1.84475968e+00  2.62476198e+00  2.76463472e+00 
 4.92664000e-09  1.75552147e+00  1.84447853e+00  2.62517447e+00  2.76421846e+00 
 4.92714000e-09  1.75580307e+00  1.84419693e+00  2.62558768e+00  2.76380146e+00 
 4.92764000e-09  1.75608509e+00  1.84391491e+00  2.62600159e+00  2.76338375e+00 
 4.92814000e-09  1.75636756e+00  1.84363244e+00  2.62641621e+00  2.76296531e+00 
 4.92864000e-09  1.75665045e+00  1.84334955e+00  2.62683153e+00  2.76254616e+00 
 4.92914000e-09  1.75693377e+00  1.84306623e+00  2.62724755e+00  2.76212630e+00 
 4.92964000e-09  1.75721751e+00  1.84278249e+00  2.62766427e+00  2.76170573e+00 
 4.93014000e-09  1.75750168e+00  1.84249832e+00  2.62808167e+00  2.76128446e+00 
 4.93064000e-09  1.75778627e+00  1.84221373e+00  2.62849976e+00  2.76086250e+00 
 4.93114000e-09  1.75807127e+00  1.84192873e+00  2.62891853e+00  2.76043984e+00 
 4.93164000e-09  1.75835669e+00  1.84164331e+00  2.62933797e+00  2.76001649e+00 
 4.93214000e-09  1.75864252e+00  1.84135748e+00  2.62975809e+00  2.75959246e+00 
 4.93264000e-09  1.75892875e+00  1.84107125e+00  2.63017888e+00  2.75916775e+00 
 4.93314000e-09  1.75921539e+00  1.84078461e+00  2.63060033e+00  2.75874236e+00 
 4.93364000e-09  1.75950244e+00  1.84049756e+00  2.63102244e+00  2.75831631e+00 
 4.93414000e-09  1.75978988e+00  1.84021012e+00  2.63144521e+00  2.75788958e+00 
 4.93464000e-09  1.76007772e+00  1.83992228e+00  2.63186863e+00  2.75746219e+00 
 4.93514000e-09  1.76036596e+00  1.83963404e+00  2.63229269e+00  2.75703415e+00 
 4.93564000e-09  1.76065458e+00  1.83934542e+00  2.63271740e+00  2.75660545e+00 
 4.93614000e-09  1.76094360e+00  1.83905640e+00  2.63314275e+00  2.75617610e+00 
 4.93664000e-09  1.76123300e+00  1.83876700e+00  2.63356874e+00  2.75574610e+00 
 4.93714000e-09  1.76152278e+00  1.83847722e+00  2.63399535e+00  2.75531547e+00 
 4.93764000e-09  1.76181294e+00  1.83818706e+00  2.63442259e+00  2.75488420e+00 
 4.93814000e-09  1.76210348e+00  1.83789652e+00  2.63485045e+00  2.75445230e+00 
 4.93864000e-09  1.76239439e+00  1.83760561e+00  2.63527893e+00  2.75401977e+00 
 4.93914000e-09  1.76268568e+00  1.83731432e+00  2.63570803e+00  2.75358661e+00 
 4.93964000e-09  1.76297733e+00  1.83702267e+00  2.63613773e+00  2.75315284e+00 
 4.94014000e-09  1.76326935e+00  1.83673065e+00  2.63656803e+00  2.75271846e+00 
 4.94064000e-09  1.76356173e+00  1.83643827e+00  2.63699894e+00  2.75228346e+00 
 4.94114000e-09  1.76385447e+00  1.83614553e+00  2.63743044e+00  2.75184787e+00 
 4.94164000e-09  1.76414756e+00  1.83585244e+00  2.63786254e+00  2.75141167e+00 
 4.94214000e-09  1.76444101e+00  1.83555899e+00  2.63829522e+00  2.75097487e+00 
 4.94264000e-09  1.76473482e+00  1.83526518e+00  2.63872848e+00  2.75053748e+00 
 4.94314000e-09  1.76502896e+00  1.83497104e+00  2.63916232e+00  2.75009951e+00 
 4.94364000e-09  1.76532346e+00  1.83467654e+00  2.63959674e+00  2.74966096e+00 
 4.94414000e-09  1.76561830e+00  1.83438170e+00  2.64003173e+00  2.74922182e+00 
 4.94464000e-09  1.76591347e+00  1.83408653e+00  2.64046728e+00  2.74878212e+00 
 4.94514000e-09  1.76620899e+00  1.83379101e+00  2.64090339e+00  2.74834184e+00 
 4.94564000e-09  1.76650483e+00  1.83349517e+00  2.64134006e+00  2.74790100e+00 
 4.94614000e-09  1.76680101e+00  1.83319899e+00  2.64177728e+00  2.74745960e+00 
 4.94664000e-09  1.76709751e+00  1.83290249e+00  2.64221505e+00  2.74701765e+00 
 4.94714000e-09  1.76739434e+00  1.83260566e+00  2.64265336e+00  2.74657515e+00 
 4.94764000e-09  1.76769149e+00  1.83230851e+00  2.64309221e+00  2.74613210e+00 
 4.94814000e-09  1.76798896e+00  1.83201104e+00  2.64353160e+00  2.74568851e+00 
 4.94864000e-09  1.76828675e+00  1.83171325e+00  2.64397151e+00  2.74524438e+00 
 4.94914000e-09  1.76858485e+00  1.83141515e+00  2.64441195e+00  2.74479972e+00 
 4.94964000e-09  1.76888326e+00  1.83111674e+00  2.64485291e+00  2.74435454e+00 
 4.95014000e-09  1.76918197e+00  1.83081803e+00  2.64529439e+00  2.74390883e+00 
 4.95064000e-09  1.76948099e+00  1.83051901e+00  2.64573638e+00  2.74346260e+00 
 4.95114000e-09  1.76978031e+00  1.83021969e+00  2.64617888e+00  2.74301586e+00 
 4.95164000e-09  1.77007993e+00  1.82992007e+00  2.64662188e+00  2.74256861e+00 
 4.95214000e-09  1.77037985e+00  1.82962015e+00  2.64706538e+00  2.74212086e+00 
 4.95264000e-09  1.77068005e+00  1.82931995e+00  2.64750937e+00  2.74167261e+00 
 4.95314000e-09  1.77098055e+00  1.82901945e+00  2.64795385e+00  2.74122386e+00 
 4.95364000e-09  1.77128133e+00  1.82871867e+00  2.64839882e+00  2.74077463e+00 
 4.95414000e-09  1.77158240e+00  1.82841760e+00  2.64884427e+00  2.74032491e+00 
 4.95464000e-09  1.77188375e+00  1.82811625e+00  2.64929019e+00  2.73987471e+00 
 4.95514000e-09  1.77218537e+00  1.82781463e+00  2.64973659e+00  2.73942403e+00 
 4.95564000e-09  1.77248727e+00  1.82751273e+00  2.65018345e+00  2.73897288e+00 
 4.95614000e-09  1.77278944e+00  1.82721056e+00  2.65063078e+00  2.73852127e+00 
 4.95664000e-09  1.77309188e+00  1.82690812e+00  2.65107856e+00  2.73806919e+00 
 4.95714000e-09  1.77339458e+00  1.82660542e+00  2.65152679e+00  2.73761666e+00 
 4.95764000e-09  1.77369755e+00  1.82630245e+00  2.65197548e+00  2.73716367e+00 
 4.95814000e-09  1.77400078e+00  1.82599922e+00  2.65242460e+00  2.73671024e+00 
 4.95864000e-09  1.77430426e+00  1.82569574e+00  2.65287417e+00  2.73625636e+00 
 4.95914000e-09  1.77460800e+00  1.82539200e+00  2.65332418e+00  2.73580205e+00 
 4.95964000e-09  1.77491199e+00  1.82508801e+00  2.65377461e+00  2.73534730e+00 
 4.96014000e-09  1.77521622e+00  1.82478378e+00  2.65422547e+00  2.73489213e+00 
 4.96064000e-09  1.77552070e+00  1.82447930e+00  2.65467675e+00  2.73443653e+00 
 4.96114000e-09  1.77582542e+00  1.82417458e+00  2.65512844e+00  2.73398052e+00 
 4.96164000e-09  1.77613038e+00  1.82386962e+00  2.65558055e+00  2.73352409e+00 
 4.96214000e-09  1.77643558e+00  1.82356442e+00  2.65603307e+00  2.73306725e+00 
 4.96264000e-09  1.77674101e+00  1.82325899e+00  2.65648598e+00  2.73261000e+00 
 4.96314000e-09  1.77704666e+00  1.82295334e+00  2.65693930e+00  2.73215236e+00 
 4.96364000e-09  1.77735255e+00  1.82264745e+00  2.65739301e+00  2.73169432e+00 
 4.96414000e-09  1.77765866e+00  1.82234134e+00  2.65784711e+00  2.73123590e+00 
 4.96464000e-09  1.77796498e+00  1.82203502e+00  2.65830159e+00  2.73077708e+00 
 4.96514000e-09  1.77827153e+00  1.82172847e+00  2.65875646e+00  2.73031789e+00 
 4.96564000e-09  1.77857829e+00  1.82142171e+00  2.65921169e+00  2.72985833e+00 
 4.96614000e-09  1.77888526e+00  1.82111474e+00  2.65966730e+00  2.72939839e+00 
 4.96664000e-09  1.77919244e+00  1.82080756e+00  2.66012327e+00  2.72893809e+00 
 4.96714000e-09  1.77949983e+00  1.82050017e+00  2.66057961e+00  2.72847742e+00 
 4.96764000e-09  1.77980742e+00  1.82019258e+00  2.66103630e+00  2.72801641e+00 
 4.96814000e-09  1.78011520e+00  1.81988480e+00  2.66149334e+00  2.72755504e+00 
 4.96864000e-09  1.78042319e+00  1.81957681e+00  2.66195073e+00  2.72709332e+00 
 4.96914000e-09  1.78073136e+00  1.81926864e+00  2.66240846e+00  2.72663126e+00 
 4.96964000e-09  1.78103973e+00  1.81896027e+00  2.66286653e+00  2.72616887e+00 
 4.97014000e-09  1.78134828e+00  1.81865172e+00  2.66332493e+00  2.72570615e+00 
 4.97064000e-09  1.78165702e+00  1.81834298e+00  2.66378366e+00  2.72524310e+00 
 4.97114000e-09  1.78196594e+00  1.81803406e+00  2.66424272e+00  2.72477973e+00 
 4.97164000e-09  1.78227504e+00  1.81772496e+00  2.66470209e+00  2.72431604e+00 
 4.97214000e-09  1.78258431e+00  1.81741569e+00  2.66516178e+00  2.72385204e+00 
 4.97264000e-09  1.78289375e+00  1.81710625e+00  2.66562177e+00  2.72338774e+00 
 4.97314000e-09  1.78320336e+00  1.81679664e+00  2.66608208e+00  2.72292313e+00 
 4.97364000e-09  1.78351314e+00  1.81648686e+00  2.66654268e+00  2.72245823e+00 
 4.97414000e-09  1.78382308e+00  1.81617692e+00  2.66700358e+00  2.72199304e+00 
 4.97464000e-09  1.78413318e+00  1.81586682e+00  2.66746476e+00  2.72152756e+00 
 4.97514000e-09  1.78444344e+00  1.81555656e+00  2.66792624e+00  2.72106179e+00 
 4.97564000e-09  1.78475385e+00  1.81524615e+00  2.66838799e+00  2.72059576e+00 
 4.97614000e-09  1.78506441e+00  1.81493559e+00  2.66885003e+00  2.72012945e+00 
 4.97664000e-09  1.78537512e+00  1.81462488e+00  2.66931233e+00  2.71966287e+00 
 4.97714000e-09  1.78568597e+00  1.81431403e+00  2.66977490e+00  2.71919603e+00 
 4.97764000e-09  1.78599697e+00  1.81400303e+00  2.67023774e+00  2.71872894e+00 
 4.97814000e-09  1.78630810e+00  1.81369190e+00  2.67070083e+00  2.71826159e+00 
 4.97864000e-09  1.78661937e+00  1.81338063e+00  2.67116417e+00  2.71779400e+00 
 4.97914000e-09  1.78693077e+00  1.81306923e+00  2.67162777e+00  2.71732616e+00 
 4.97964000e-09  1.78724230e+00  1.81275770e+00  2.67209160e+00  2.71685809e+00 
 4.98014000e-09  1.78755395e+00  1.81244605e+00  2.67255568e+00  2.71638979e+00 
 4.98064000e-09  1.78786573e+00  1.81213427e+00  2.67301999e+00  2.71592126e+00 
 4.98114000e-09  1.78817763e+00  1.81182237e+00  2.67348453e+00  2.71545251e+00 
 4.98164000e-09  1.78848964e+00  1.81151036e+00  2.67394930e+00  2.71498354e+00 
 4.98214000e-09  1.78880177e+00  1.81119823e+00  2.67441428e+00  2.71451437e+00 
 4.98264000e-09  1.78911401e+00  1.81088599e+00  2.67487948e+00  2.71404498e+00 
 4.98314000e-09  1.78942635e+00  1.81057365e+00  2.67534489e+00  2.71357540e+00 
 4.98364000e-09  1.78973880e+00  1.81026120e+00  2.67581051e+00  2.71310562e+00 
 4.98414000e-09  1.79005135e+00  1.80994865e+00  2.67627633e+00  2.71263565e+00 
 4.98464000e-09  1.79036400e+00  1.80963600e+00  2.67674234e+00  2.71216549e+00 
 4.98514000e-09  1.79067675e+00  1.80932325e+00  2.67720855e+00  2.71169515e+00 
 4.98564000e-09  1.79098958e+00  1.80901042e+00  2.67767494e+00  2.71122464e+00 
 4.98614000e-09  1.79130251e+00  1.80869749e+00  2.67814152e+00  2.71075396e+00 
 4.98664000e-09  1.79161552e+00  1.80838448e+00  2.67860827e+00  2.71028311e+00 
 4.98714000e-09  1.79192861e+00  1.80807139e+00  2.67907520e+00  2.70981210e+00 
 4.98764000e-09  1.79224179e+00  1.80775821e+00  2.67954229e+00  2.70934093e+00 
 4.98814000e-09  1.79255504e+00  1.80744496e+00  2.68000955e+00  2.70886962e+00 
 4.98864000e-09  1.79286836e+00  1.80713164e+00  2.68047697e+00  2.70839816e+00 
 4.98914000e-09  1.79318175e+00  1.80681825e+00  2.68094454e+00  2.70792656e+00 
 4.98964000e-09  1.79349522e+00  1.80650478e+00  2.68141226e+00  2.70745483e+00 
 4.99014000e-09  1.79380874e+00  1.80619126e+00  2.68188012e+00  2.70698297e+00 
 4.99064000e-09  1.79412233e+00  1.80587767e+00  2.68234812e+00  2.70651098e+00 
 4.99114000e-09  1.79443597e+00  1.80556403e+00  2.68281626e+00  2.70603888e+00 
 4.99164000e-09  1.79474967e+00  1.80525033e+00  2.68328453e+00  2.70556666e+00 
 4.99214000e-09  1.79506342e+00  1.80493658e+00  2.68375293e+00  2.70509433e+00 
 4.99264000e-09  1.79537722e+00  1.80462278e+00  2.68422144e+00  2.70462190e+00 
 4.99314000e-09  1.79569107e+00  1.80430893e+00  2.68469008e+00  2.70414937e+00 
 4.99364000e-09  1.79600496e+00  1.80399504e+00  2.68515882e+00  2.70367675e+00 
 4.99414000e-09  1.79631889e+00  1.80368111e+00  2.68562767e+00  2.70320404e+00 
 4.99464000e-09  1.79663285e+00  1.80336715e+00  2.68609662e+00  2.70273124e+00 
 4.99514000e-09  1.79694685e+00  1.80305315e+00  2.68656568e+00  2.70225837e+00 
 4.99564000e-09  1.79726087e+00  1.80273913e+00  2.68703482e+00  2.70178543e+00 
 4.99614000e-09  1.79757493e+00  1.80242507e+00  2.68750405e+00  2.70131242e+00 
 4.99664000e-09  1.79788901e+00  1.80211099e+00  2.68797336e+00  2.70083935e+00 
 4.99714000e-09  1.79820311e+00  1.80179689e+00  2.68844276e+00  2.70036622e+00 
 4.99764000e-09  1.79851722e+00  1.80148278e+00  2.68891223e+00  2.69989305e+00 
 4.99814000e-09  1.79883135e+00  1.80116865e+00  2.68938176e+00  2.69941982e+00 
 4.99864000e-09  1.79914550e+00  1.80085450e+00  2.68985136e+00  2.69894655e+00 
 4.99914000e-09  1.79945965e+00  1.80054035e+00  2.69032102e+00  2.69847325e+00 
 4.99957000e-09  1.79972982e+00  1.80027018e+00  2.69072498e+00  2.69806619e+00 
 5.00000000e-09  1.80000000e+00  1.80000000e+00  2.69112897e+00  2.69765911e+00 
