 time            v(detp)         v(detn)        
 0.00000000e+00  2.39423039e+00  2.39423039e+00 
 2.00000000e-15  2.39423039e+00  2.39423039e+00 
 4.00000000e-15  2.39423039e+00  2.39423039e+00 
 8.00000000e-15  2.39423039e+00  2.39423039e+00 
 1.60000000e-14  2.39423041e+00  2.39423039e+00 
 3.20000000e-14  2.39423071e+00  2.39423046e+00 
 6.40000000e-14  2.39423476e+00  2.39423109e+00 
 1.28000000e-13  2.39427944e+00  2.39422435e+00 
 2.56000000e-13  2.39467104e+00  2.39382406e+00 
 4.56000000e-13  2.39659304e+00  2.38922318e+00 
 6.56000000e-13  2.40047849e+00  2.37510711e+00 
 8.56000000e-13  2.40651744e+00  2.34758738e+00 
 1.05600000e-12  2.41452718e+00  2.30601978e+00 
 1.25600000e-12  2.42386931e+00  2.25276692e+00 
 1.45600000e-12  2.43366397e+00  2.19215598e+00 
 1.65600000e-12  2.44293739e+00  2.12934007e+00 
 1.85600000e-12  2.45072723e+00  2.06946753e+00 
 2.05600000e-12  2.45604789e+00  2.01732573e+00 
 2.25600000e-12  2.45802131e+00  1.97694963e+00 
 2.45600000e-12  2.45611362e+00  1.95107156e+00 
 2.65600000e-12  2.45029899e+00  1.94072078e+00 
 2.85600000e-12  2.44089679e+00  1.94518605e+00 
 3.05600000e-12  2.42833000e+00  1.96246633e+00 
 3.25600000e-12  2.41302932e+00  1.98991718e+00 
 3.45600000e-12  2.39540288e+00  2.02481454e+00 
 3.65600000e-12  2.37583877e+00  2.06468592e+00 
 3.85600000e-12  2.35469495e+00  2.10745595e+00 
 4.05600000e-12  2.33230015e+00  2.15147777e+00 
 4.25600000e-12  2.30895192e+00  2.19550119e+00 
 4.45600000e-12  2.28491921e+00  2.23861227e+00 
 4.65600000e-12  2.26044263e+00  2.28017120e+00 
 4.85600000e-12  2.23573569e+00  2.31975337e+00 
 5.05600000e-12  2.21098628e+00  2.35710259e+00 
 5.25600000e-12  2.18635832e+00  2.39209055e+00 
 5.45600000e-12  2.16199486e+00  2.42468757e+00 
 5.65600000e-12  2.13802072e+00  2.45493738e+00 
 5.85600000e-12  2.11454701e+00  2.48294094e+00 
 6.05600000e-12  2.09167577e+00  2.50884241e+00 
 6.25600000e-12  2.06950658e+00  2.53282257e+00 
 6.45600000e-12  2.04814284e+00  2.55509572e+00 
 6.65600000e-12  2.02769952e+00  2.57591269e+00 
 6.85600000e-12  2.00831243e+00  2.59556737e+00 
 7.05600000e-12  1.99014509e+00  2.61440228e+00 
 7.25600000e-12  1.97338429e+00  2.63280047e+00 
 7.45600000e-12  1.95822293e+00  2.65116234e+00 
 7.65600000e-12  1.94482816e+00  2.66986058e+00 
 7.85600000e-12  1.93331029e+00  2.68919091e+00 
 8.05600000e-12  1.92370485e+00  2.70933399e+00 
 8.25600000e-12  1.91597523e+00  2.73034345e+00 
 8.45600000e-12  1.91002941e+00  2.75215656e+00 
 8.65600000e-12  1.90574289e+00  2.77462122e+00 
 8.85600000e-12  1.90297890e+00  2.79752695e+00 
 9.05600000e-12  1.90160320e+00  2.82063443e+00 
 9.25600000e-12  1.90149197e+00  2.84369788e+00 
 9.45600000e-12  1.90253525e+00  2.86648149e+00 
 9.65600000e-12  1.90463678e+00  2.88876917e+00 
 9.85600000e-12  1.90771277e+00  2.91037076e+00 
 1.00560000e-11  1.91168972e+00  2.93112472e+00 
 1.02560000e-11  1.91650272e+00  2.95089957e+00 
 1.04560000e-11  1.92209356e+00  2.96959376e+00 
 1.06560000e-11  1.92840967e+00  2.98713521e+00 
 1.08560000e-11  1.93540297e+00  3.00347968e+00 
 1.10560000e-11  1.94302928e+00  3.01860903e+00 
 1.12560000e-11  1.95124770e+00  3.03252845e+00 
 1.14560000e-11  1.96001983e+00  3.04526376e+00 
 1.16560000e-11  1.96930894e+00  3.05685731e+00 
 1.18560000e-11  1.97907958e+00  3.06736455e+00 
 1.20560000e-11  1.98929754e+00  3.07685026e+00 
 1.22560000e-11  1.99992985e+00  3.08538522e+00 
 1.24560000e-11  2.01094475e+00  3.09304292e+00 
 1.26560000e-11  2.02231192e+00  3.09989694e+00 
 1.28560000e-11  2.03400301e+00  3.10601833e+00 
 1.30560000e-11  2.04599324e+00  3.11147305e+00 
 1.32560000e-11  2.05826456e+00  3.11631817e+00 
 1.34560000e-11  2.07081288e+00  3.12059537e+00 
 1.36560000e-11  2.08366193e+00  3.12431696e+00 
 1.38560000e-11  2.09688767e+00  3.12743583e+00 
 1.40560000e-11  2.11065218e+00  3.12978125e+00 
 1.42560000e-11  2.12523921e+00  3.13092959e+00 
 1.44560000e-11  2.14108372e+00  3.12996879e+00 
 1.46560000e-11  2.15879926e+00  3.12514304e+00 
 1.48560000e-11  2.17919601e+00  3.11348586e+00 
 1.50560000e-11  2.20324418e+00  3.09074140e+00 
 1.52560000e-11  2.23192896e+00  3.05190491e+00 
 1.54560000e-11  2.26600924e+00  2.99242378e+00 
 1.56560000e-11  2.30577063e+00  2.90968424e+00 
 1.58560000e-11  2.35086745e+00  2.80416228e+00 
 1.60560000e-11  2.40028170e+00  2.67974246e+00 
 1.62560000e-11  2.45235996e+00  2.54317725e+00 
 1.64560000e-11  2.50485691e+00  2.40286084e+00 
 1.66560000e-11  2.55513265e+00  2.26724225e+00 
 1.68560000e-11  2.60092671e+00  2.14308633e+00 
 1.70560000e-11  2.64077536e+00  2.03475929e+00 
 1.72560000e-11  2.67379269e+00  1.94481844e+00 
 1.74560000e-11  2.69923986e+00  1.87481066e+00 
 1.76560000e-11  2.71662102e+00  1.82573261e+00 
 1.78560000e-11  2.72594145e+00  1.79778833e+00 
 1.80560000e-11  2.72764443e+00  1.79000313e+00 
 1.82560000e-11  2.72248351e+00  1.80005982e+00 
 1.84560000e-11  2.71131529e+00  1.82470577e+00 
 1.86560000e-11  2.69498042e+00  1.86043396e+00 
 1.88560000e-11  2.67427989e+00  1.90397199e+00 
 1.90560000e-11  2.64996558e+00  1.95251342e+00 
 1.92560000e-11  2.62272744e+00  2.00377892e+00 
 1.94560000e-11  2.59318829e+00  2.05599455e+00 
 1.96560000e-11  2.56190128e+00  2.10782761e+00 
 1.98560000e-11  2.52935234e+00  2.15831219e+00 
 2.00560000e-11  2.49596342e+00  2.20677663e+00 
 2.02560000e-11  2.46209787e+00  2.25278128e+00 
 2.04560000e-11  2.42806566e+00  2.29606612e+00 
 2.06560000e-11  2.39412962e+00  2.33650896e+00 
 2.08560000e-11  2.36051111e+00  2.37409176e+00 
 2.10560000e-11  2.32739639e+00  2.40887470e+00 
 2.12560000e-11  2.29494244e+00  2.44097611e+00 
 2.14560000e-11  2.26328423e+00  2.47055893e+00 
 2.16560000e-11  2.23254207e+00  2.49781949e+00 
 2.18560000e-11  2.20283081e+00  2.52298584e+00 
 2.20560000e-11  2.17427202e+00  2.54632283e+00 
 2.22560000e-11  2.14700910e+00  2.56814333e+00 
 2.24560000e-11  2.12122395e+00  2.58882519e+00 
 2.26560000e-11  2.09714653e+00  2.60882104e+00 
 2.28560000e-11  2.07504072e+00  2.62864140e+00 
 2.30560000e-11  2.05515833e+00  2.64879616e+00 
 2.32560000e-11  2.03768558e+00  2.66971511e+00 
 2.34560000e-11  2.02268583e+00  2.69166322e+00 
 2.36560000e-11  2.01010122e+00  2.71471264e+00 
 2.38560000e-11  1.99978992e+00  2.73876338e+00 
 2.40560000e-11  1.99155682e+00  2.76358305e+00 
 2.42560000e-11  1.98520902e+00  2.78887673e+00 
 2.44560000e-11  1.98056458e+00  2.81432085e+00 
 2.46560000e-11  1.97745629e+00  2.83959193e+00 
 2.48560000e-11  1.97574086e+00  2.86439233e+00 
 2.50560000e-11  1.97529558e+00  2.88846115e+00 
 2.52560000e-11  1.97601616e+00  2.91158084e+00 
 2.54560000e-11  1.97781234e+00  2.93357828e+00 
 2.56560000e-11  1.98060537e+00  2.95432463e+00 
 2.58560000e-11  1.98432495e+00  2.97373257e+00 
 2.60560000e-11  1.98890789e+00  2.99175337e+00 
 2.62560000e-11  1.99429624e+00  3.00837245e+00 
 2.64560000e-11  2.00043617e+00  3.02360507e+00 
 2.66560000e-11  2.00727668e+00  3.03749026e+00 
 2.68560000e-11  2.01476926e+00  3.05008630e+00 
 2.70560000e-11  2.02286762e+00  3.06146498e+00 
 2.72560000e-11  2.03152766e+00  3.07170726e+00 
 2.74560000e-11  2.04070720e+00  3.08089859e+00 
 2.76560000e-11  2.05036651e+00  3.08912552e+00 
 2.78560000e-11  2.06046884e+00  3.09647198e+00 
 2.80560000e-11  2.07098262e+00  3.10301598e+00 
 2.82560000e-11  2.08188566e+00  3.10882436e+00 
 2.84560000e-11  2.09317451e+00  3.11394404e+00 
 2.86560000e-11  2.10488184e+00  3.11838301e+00 
 2.88560000e-11  2.11710486e+00  3.12207037e+00 
 2.90560000e-11  2.13004095e+00  3.12477207e+00 
 2.92560000e-11  2.14402109e+00  3.12592702e+00 
 2.94560000e-11  2.15953789e+00  3.12436435e+00 
 2.96560000e-11  2.17727199e+00  3.11792102e+00 
 2.98560000e-11  2.19809719e+00  3.10313831e+00 
 3.00560000e-11  2.22300757e+00  3.07538378e+00 
 3.02560000e-11  2.25292992e+00  3.02965542e+00 
 3.04560000e-11  2.28846685e+00  2.96195421e+00 
 3.06560000e-11  2.32967254e+00  2.87072813e+00 
 3.08560000e-11  2.37593160e+00  2.75777221e+00 
 3.10560000e-11  2.42593319e+00  2.62824322e+00 
 3.12560000e-11  2.47769791e+00  2.48982731e+00 
 3.14560000e-11  2.52864474e+00  2.35133351e+00 
 3.16560000e-11  2.57622836e+00  2.22052956e+00 
 3.18560000e-11  2.61864582e+00  2.10292583e+00 
 3.20560000e-11  2.65483063e+00  2.00197151e+00 
 3.22560000e-11  2.68395626e+00  1.91973230e+00 
 3.24560000e-11  2.70542357e+00  1.85757813e+00 
 3.26560000e-11  2.71898917e+00  1.81634339e+00 
 3.28560000e-11  2.72476135e+00  1.79589807e+00 
 3.30560000e-11  2.72330789e+00  1.79478699e+00 
 3.32560000e-11  2.71542578e+00  1.81034380e+00 
 3.34560000e-11  2.70195186e+00  1.83918157e+00 
 3.36560000e-11  2.68370055e+00  1.87786497e+00 
 3.38560000e-11  2.66144115e+00  1.92328736e+00 
 3.40560000e-11  2.63589256e+00  1.97283965e+00 
 3.42560000e-11  2.60770849e+00  2.02443355e+00 
 3.44560000e-11  2.57747742e+00  2.07646474e+00 
 3.46560000e-11  2.54571846e+00  2.12774171e+00 
 3.48560000e-11  2.51288719e+00  2.17741266e+00 
 3.50560000e-11  2.47937700e+00  2.22489564e+00 
 3.52560000e-11  2.44552653e+00  2.26982063e+00 
 3.54560000e-11  2.41162322e+00  2.31198072e+00 
 3.56560000e-11  2.37791091e+00  2.35129384e+00 
 3.58560000e-11  2.34459425e+00  2.38777174e+00 
 3.60560000e-11  2.31184590e+00  2.42149655e+00 
 3.62560000e-11  2.27981160e+00  2.45260277e+00 
 3.64560000e-11  2.24861831e+00  2.48126499e+00 
 3.66560000e-11  2.21838178e+00  2.50769039e+00 
 3.68560000e-11  2.18921709e+00  2.53211881e+00 
 3.70560000e-11  2.16125010e+00  2.55482862e+00 
 3.72560000e-11  2.13463514e+00  2.57615278e+00 
 3.74560000e-11  2.10957037e+00  2.59649509e+00 
 3.76560000e-11  2.08630081e+00  2.61633205e+00 
 3.78560000e-11  2.06509269e+00  2.63618252e+00 
 3.80560000e-11  2.04617872e+00  2.65653554e+00 
 3.82560000e-11  2.02970860e+00  2.67777186e+00 
 3.84560000e-11  2.01570157e+00  2.70008891e+00 
 3.86560000e-11  2.00406324e+00  2.72349257e+00 
 3.88560000e-11  1.99462262e+00  2.74782449e+00 
 3.90560000e-11  1.98719023e+00  2.77283058e+00 
 3.92560000e-11  1.98157658e+00  2.79820140e+00 
 3.94560000e-11  1.97759974e+00  2.82360691e+00 
 3.96560000e-11  1.97510175e+00  2.84873104e+00 
 3.98560000e-11  1.97394602e+00  2.87328717e+00 
 4.00560000e-11  1.97401746e+00  2.89702952e+00 
 4.02560000e-11  1.97521688e+00  2.91975571e+00 
 4.04560000e-11  1.97745906e+00  2.94130884e+00 
 4.06560000e-11  1.98066830e+00  2.96157483e+00 
 4.08560000e-11  1.98477751e+00  2.98048089e+00 
 4.10560000e-11  1.98972536e+00  2.99799077e+00 
 4.12560000e-11  1.99545596e+00  3.01410152e+00 
 4.14560000e-11  2.00191640e+00  3.02883738e+00 
 4.16560000e-11  2.00905696e+00  3.04224518e+00 
 4.18560000e-11  2.01682981e+00  3.05438850e+00 
 4.20560000e-11  2.02518977e+00  3.06534319e+00 
 4.22560000e-11  2.03409330e+00  3.07519216e+00 
 4.24560000e-11  2.04349933e+00  3.08402184e+00 
 4.26560000e-11  2.05336901e+00  3.09191807e+00 
 4.28560000e-11  2.06366740e+00  3.09896320e+00 
 4.30560000e-11  2.07436564e+00  3.10523171e+00 
 4.32560000e-11  2.08544728e+00  3.11078459e+00 
 4.34560000e-11  2.09691967e+00  3.11565719e+00 
 4.36560000e-11  2.10883585e+00  3.11983465e+00 
 4.38560000e-11  2.12132610e+00  3.12319833e+00 
 4.40560000e-11  2.13463422e+00  3.12541721e+00 
 4.42560000e-11  2.14914835e+00  3.12574264e+00 
 4.44560000e-11  2.16542853e+00  3.12268039e+00 
 4.46560000e-11  2.18422965e+00  3.11360507e+00 
 4.48560000e-11  2.20648509e+00  3.09457215e+00 
 4.50560000e-11  2.23319139e+00  3.06067998e+00 
 4.52560000e-11  2.26518510e+00  3.00712320e+00 
 4.54560000e-11  2.30288563e+00  2.93066397e+00 
 4.56560000e-11  2.34610547e+00  2.83093913e+00 
 4.58560000e-11  2.39396914e+00  2.71104412e+00 
 4.60560000e-11  2.44490832e+00  2.57721837e+00 
 4.62560000e-11  2.49669486e+00  2.43770436e+00 
 4.64560000e-11  2.54665930e+00  2.30113500e+00 
 4.66560000e-11  2.59248669e+00  2.17461858e+00 
 4.68560000e-11  2.63267674e+00  2.06286121e+00 
 4.70560000e-11  2.66633595e+00  1.96868205e+00 
 4.72560000e-11  2.69272536e+00  1.89379629e+00 
 4.74560000e-11  2.71130701e+00  1.83936823e+00 
 4.76560000e-11  2.72196060e+00  1.80589356e+00 
 4.78560000e-11  2.72497939e+00  1.79280961e+00 
 4.80560000e-11  2.72104309e+00  1.79820949e+00 
 4.82560000e-11  2.71098946e+00  1.81907935e+00 
 4.84560000e-11  2.69565325e+00  1.85195354e+00 
 4.86560000e-11  2.67583091e+00  1.89348172e+00 
 4.88560000e-11  2.65227556e+00  1.94073084e+00 
 4.90560000e-11  2.62568120e+00  1.99128254e+00 
 4.92560000e-11  2.59667831e+00  2.04323341e+00 
 4.94560000e-11  2.56582847e+00  2.09513846e+00 
 4.96560000e-11  2.53362734e+00  2.14593963e+00 
 4.98560000e-11  2.50050622e+00  2.19489119e+00 
 5.00560000e-11  2.46683793e+00  2.24149539e+00 
 5.02560000e-11  2.43294100e+00  2.28544690e+00 
 5.04560000e-11  2.39908632e+00  2.32658883e+00 
 5.06560000e-11  2.36550218e+00  2.36487659e+00 
 5.08560000e-11  2.33238089e+00  2.40035034e+00 
 5.10560000e-11  2.29988413e+00  2.43311311e+00 
 5.12560000e-11  2.26815017e+00  2.46331604e+00 
 5.14560000e-11  2.23730047e+00  2.49114552e+00 
 5.16560000e-11  2.20744891e+00  2.51681993e+00 
 5.18560000e-11  2.17871242e+00  2.54059216e+00 
 5.20560000e-11  2.15122554e+00  2.56275909e+00 
 5.22560000e-11  2.12515708e+00  2.58367799e+00 
 5.24560000e-11  2.10072313e+00  2.60378015e+00 
 5.26560000e-11  2.07818129e+00  2.62356367e+00 
 5.28560000e-11  2.05779318e+00  2.64354690e+00 
 5.30560000e-11  2.03976391e+00  2.66418637e+00 
 5.32560000e-11  2.02420194e+00  2.68580463e+00 
 5.34560000e-11  2.01108254e+00  2.70852861e+00 
 5.36560000e-11  2.00027900e+00  2.73230064e+00 
 5.38560000e-11  1.99160492e+00  2.75691763e+00 
 5.40560000e-11  1.98486679e+00  2.78209888e+00 
 5.42560000e-11  1.97987875e+00  2.80752456e+00 
 5.44560000e-11  1.97646673e+00  2.83286636e+00 
 5.46560000e-11  1.97448125e+00  2.85781760e+00 
 5.48560000e-11  1.97379366e+00  2.88210543e+00 
 5.50560000e-11  1.97429534e+00  2.90549983e+00 
 5.52560000e-11  1.97589230e+00  2.92781483e+00 
 5.54560000e-11  1.97850327e+00  2.94890963e+00 
 5.56560000e-11  1.98205571e+00  2.96868544e+00 
 5.58560000e-11  1.98648497e+00  2.98708355e+00 
 5.60560000e-11  1.99173170e+00  3.00408030e+00 
 5.62560000e-11  1.99774135e+00  3.01968360e+00 
 5.64560000e-11  2.00446213e+00  3.03392645e+00 
 5.66560000e-11  2.01184512e+00  3.04686268e+00 
 5.68560000e-11  2.01984337e+00  3.05856084e+00 
 5.70560000e-11  2.02841240e+00  3.06910006e+00 
 5.72560000e-11  2.03750946e+00  3.07856492e+00 
 5.74560000e-11  2.04709431e+00  3.08704216e+00 
 5.76560000e-11  2.05712925e+00  3.09461668e+00 
 5.78560000e-11  2.06758125e+00  3.10136853e+00 
 5.80560000e-11  2.07842508e+00  3.10736805e+00 
 5.82560000e-11  2.08965138e+00  3.11266862e+00 
 5.84560000e-11  2.10128137e+00  3.11729083e+00 
 5.86560000e-11  2.11339278e+00  3.12118968e+00 
 5.88560000e-11  2.12615412e+00  3.12418415e+00 
 5.90560000e-11  2.13985980e+00  3.12581795e+00 
 5.92560000e-11  2.15495884e+00  3.12510874e+00 
 5.94560000e-11  2.17208219e+00  3.12018247e+00 
 5.96560000e-11  2.19205738e+00  3.10792116e+00 
 5.98560000e-11  2.21586135e+00  3.08394290e+00 
 6.00560000e-11  2.24446117e+00  3.04322620e+00 
 6.02560000e-11  2.27856609e+00  2.98137308e+00 
 6.04560000e-11  2.31838543e+00  2.89609479e+00 
 6.06560000e-11  2.36347902e+00  2.78829974e+00 
 6.08560000e-11  2.41271140e+00  2.66233880e+00 
 6.10560000e-11  2.46425766e+00  2.52536983e+00 
 6.12560000e-11  2.51566979e+00  2.38592880e+00 
 6.14560000e-11  2.56430404e+00  2.25225115e+00 
 6.16560000e-11  2.60814448e+00  2.13069160e+00 
 6.18560000e-11  2.64598696e+00  2.02513452e+00 
 6.20560000e-11  2.67692904e+00  1.93790556e+00 
 6.22560000e-11  2.70033916e+00  1.87050446e+00 
 6.24560000e-11  2.71591294e+00  1.82391368e+00 
 6.26560000e-11  2.72362632e+00  1.79826356e+00 
 6.28560000e-11  2.72393780e+00  1.79244743e+00 
 6.30560000e-11  2.71761186e+00  1.80408648e+00 
 6.32560000e-11  2.70548656e+00  1.82990456e+00 
 6.34560000e-11  2.68838529e+00  1.86643175e+00 
 6.36560000e-11  2.66708723e+00  1.91045127e+00 
 6.38560000e-11  2.64232582e+00  1.95922034e+00 
 6.40560000e-11  2.61476993e+00  2.01051725e+00 
 6.42560000e-11  2.58502534e+00  2.06261957e+00 
 6.44560000e-11  2.55362714e+00  2.11423586e+00 
 6.46560000e-11  2.52104723e+00  2.16443415e+00 
 6.48560000e-11  2.48769327e+00  2.21256847e+00 
 6.50560000e-11  2.45391777e+00  2.25821956e+00 
 6.52560000e-11  2.42001986e+00  2.30114222e+00 
 6.54560000e-11  2.38625433e+00  2.34122579e+00 
 6.56560000e-11  2.35283464e+00  2.37846017e+00 
 6.58560000e-11  2.31994140e+00  2.41291163e+00 
 6.60560000e-11  2.28772608e+00  2.44470244e+00 
 6.62560000e-11  2.25632024e+00  2.47399862e+00 
 6.64560000e-11  2.22584104e+00  2.50099861e+00 
 6.66560000e-11  2.19640224e+00  2.52593289e+00 
 6.68560000e-11  2.16812516e+00  2.54906922e+00 
 6.70560000e-11  2.14115540e+00  2.57072513e+00 
 6.72560000e-11  2.11567813e+00  2.59128446e+00 
 6.74560000e-11  2.09192743e+00  2.61120616e+00 
 6.76560000e-11  2.07016827e+00  2.63100364e+00 
 6.78560000e-11  2.05064883e+00  2.65118286e+00 
 6.80560000e-11  2.03354648e+00  2.67216205e+00 
 6.82560000e-11  2.01891349e+00  2.69418912e+00 
 6.84560000e-11  2.00668187e+00  2.71731849e+00 
 6.86560000e-11  1.99670386e+00  2.74143589e+00 
 6.88560000e-11  1.98878175e+00  2.76629934e+00 
 6.90560000e-11  1.98272275e+00  2.79160878e+00 
 6.92560000e-11  1.97834613e+00  2.81703896e+00 
 6.94560000e-11  1.97548691e+00  2.84226742e+00 
 6.96560000e-11  1.97400375e+00  2.86699905e+00 
 6.98560000e-11  1.97377595e+00  2.89097646e+00 
 7.00560000e-11  1.97470066e+00  2.91398598e+00 
 7.02560000e-11  1.97668902e+00  2.93585862e+00 
 7.04560000e-11  1.97966321e+00  2.95646953e+00 
 7.06560000e-11  1.98355384e+00  2.97573528e+00 
 7.08560000e-11  1.98829836e+00  2.99361070e+00 
 7.10560000e-11  1.99383944e+00  3.01008446e+00 
 7.12560000e-11  2.00012359e+00  3.02517451e+00 
 7.14560000e-11  2.00710022e+00  3.03892214e+00 
 7.16560000e-11  2.01472109e+00  3.05138732e+00 
 7.18560000e-11  2.02294027e+00  3.06264305e+00 
 7.20560000e-11  2.03171387e+00  3.07277101e+00 
 7.22560000e-11  2.04100009e+00  3.08185697e+00 
 7.24560000e-11  2.05075951e+00  3.08998740e+00 
 7.26560000e-11  2.06095594e+00  3.09724579e+00 
 7.28560000e-11  2.07155865e+00  3.10370921e+00 
 7.30560000e-11  2.08254715e+00  3.10944282e+00 
 7.32560000e-11  2.09392122e+00  3.11449024e+00 
 7.34560000e-11  2.10571957e+00  3.11885291e+00 
 7.36560000e-11  2.11804951e+00  3.12244608e+00 
 7.38560000e-11  2.13112277e+00  3.12500748e+00 
 7.40560000e-11  2.14528829e+00  3.12592070e+00 
 7.42560000e-11  2.16105985e+00  3.12391766e+00 
 7.44560000e-11  2.17914190e+00  3.11669193e+00 
 7.46560000e-11  2.20042868e+00  3.10062649e+00 
 7.48560000e-11  2.22591829e+00  3.07098886e+00 
 7.50560000e-11  2.25651274e+00  3.02281799e+00 
 7.52560000e-11  2.29275932e+00  2.95233680e+00 
 7.54560000e-11  2.33463635e+00  2.85836204e+00 
 7.56560000e-11  2.38144522e+00  2.74310726e+00 
 7.58560000e-11  2.43179220e+00  2.61209076e+00 
 7.60560000e-11  2.48361597e+00  2.47320378e+00 
 7.62560000e-11  2.53429561e+00  2.33522458e+00 
 7.64560000e-11  2.58135049e+00  2.20572110e+00 
 7.66560000e-11  2.62307809e+00  2.08994294e+00 
 7.68560000e-11  2.65847415e+00  1.99112521e+00 
 7.70560000e-11  2.68674377e+00  1.91121061e+00 
 7.72560000e-11  2.70730651e+00  1.85150082e+00 
 7.74560000e-11  2.71995214e+00  1.81274601e+00 
 7.76560000e-11  2.72485144e+00  1.79468163e+00 
 7.78560000e-11  2.72261408e+00  1.79569124e+00 
 7.80560000e-11  2.71404674e+00  1.81299175e+00 
 7.82560000e-11  2.69998422e+00  1.84316227e+00 
 7.84560000e-11  2.68123617e+00  1.88279260e+00 
 7.86560000e-11  2.65856643e+00  1.92882995e+00 
 7.88560000e-11  2.63268663e+00  1.97872679e+00 
 7.90560000e-11  2.60424293e+00  2.03045432e+00 
 7.92560000e-11  2.57381566e+00  2.08246022e+00 
 7.94560000e-11  2.54191630e+00  2.13359632e+00 
 7.96560000e-11  2.50899298e+00  2.18304558e+00 
 7.98560000e-11  2.47543242e+00  2.23025348e+00 
 8.00560000e-11  2.44156703e+00  2.27487125e+00 
 8.02560000e-11  2.40767889e+00  2.31670830e+00 
 8.04560000e-11  2.37400700e+00  2.35569491e+00 
 8.06560000e-11  2.34075198e+00  2.39185209e+00 
 8.08560000e-11  2.30808306e+00  2.42526887e+00 
 8.10560000e-11  2.27614338e+00  2.45608495e+00 
 8.12560000e-11  2.24505820e+00  2.48447894e+00 
 8.14560000e-11  2.21494252e+00  2.51066165e+00 
 8.16560000e-11  2.18591201e+00  2.53487685e+00 
 8.18560000e-11  2.15809484e+00  2.55740832e+00 
 8.20560000e-11  2.13164959e+00  2.57859629e+00 
 8.22560000e-11  2.10678008e+00  2.59885323e+00 
 8.24560000e-11  2.08373576e+00  2.61866295e+00 
 8.26560000e-11  2.06278236e+00  2.63854535e+00 
 8.28560000e-11  2.04414488e+00  2.65898069e+00 
 8.30560000e-11  2.02796054e+00  2.68033235e+00 
 8.32560000e-11  2.01423460e+00  2.70277580e+00 
 8.34560000e-11  2.00286194e+00  2.72629645e+00 
 8.36560000e-11  1.99366613e+00  2.75072112e+00 
 8.38560000e-11  1.98645598e+00  2.77578655e+00 
 8.40560000e-11  1.98104289e+00  2.80117940e+00 
 8.42560000e-11  1.97724724e+00  2.82656966e+00 
 8.44560000e-11  1.97491373e+00  2.85164388e+00 
 8.46560000e-11  1.97390827e+00  2.87611958e+00 
 8.48560000e-11  1.97411785e+00  2.89975581e+00 
 8.50560000e-11  1.97544495e+00  2.92235529e+00 
 8.52560000e-11  1.97780561e+00  2.94376618e+00 
 8.54560000e-11  1.98112516e+00  2.96387922e+00 
 8.56560000e-11  1.98533729e+00  2.98262610e+00 
 8.58560000e-11  1.99038132e+00  2.99997461e+00 
 8.60560000e-11  1.99620178e+00  3.01592528e+00 
 8.62560000e-11  2.00274613e+00  3.03050522e+00 
 8.64560000e-11  2.00996489e+00  3.04376354e+00 
 8.66560000e-11  2.01781053e+00  3.05576548e+00 
 8.68560000e-11  2.02623806e+00  3.06658801e+00 
 8.70560000e-11  2.03520420e+00  3.07631462e+00 
 8.72560000e-11  2.04466814e+00  3.08503192e+00 
 8.74560000e-11  2.05459136e+00  3.09282548e+00 
 8.76560000e-11  2.06493949e+00  3.09977702e+00 
 8.78560000e-11  2.07568472e+00  3.10595978e+00 
 8.80560000e-11  2.08681269e+00  3.11143253e+00 
 8.82560000e-11  2.09833482e+00  3.11622631e+00 
 8.84560000e-11  2.11031152e+00  3.12031751e+00 
 8.86560000e-11  2.12288478e+00  3.12356932e+00 
 8.88560000e-11  2.13631413e+00  3.12561402e+00 
 8.90560000e-11  2.15100677e+00  3.12563350e+00 
 8.92560000e-11  2.16754508e+00  3.12201807e+00 
 8.94560000e-11  2.18670756e+00  3.11198702e+00 
 8.96560000e-11  2.20944356e+00  3.09144875e+00 
 8.98560000e-11  2.23674388e+00  3.05544539e+00 
 9.00560000e-11  2.26940829e+00  2.99927857e+00 
 9.02560000e-11  2.30779161e+00  2.91999499e+00 
 9.04560000e-11  2.35162638e+00  2.81763173e+00 
 9.06560000e-11  2.39995379e+00  2.69569303e+00 
 9.08560000e-11  2.45112322e+00  2.56073269e+00 
 9.10560000e-11  2.50283153e+00  2.42111657e+00 
 9.12560000e-11  2.55240450e+00  2.28537232e+00 
 9.14560000e-11  2.59761748e+00  2.16037493e+00 
 9.16560000e-11  2.63706094e+00  2.05057898e+00 
 9.18560000e-11  2.66988599e+00  1.95862371e+00 
 9.20560000e-11  2.69537719e+00  1.88612964e+00 
 9.22560000e-11  2.71301975e+00  1.83419696e+00 
 9.24560000e-11  2.72273919e+00  1.80321837e+00 
 9.26560000e-11  2.72489157e+00  1.79247788e+00 
 9.28560000e-11  2.72018666e+00  1.79990912e+00 
 9.30560000e-11  2.70946465e+00  1.82240524e+00 
 9.32560000e-11  2.69355631e+00  1.85649014e+00 
 9.34560000e-11  2.67325364e+00  1.89885293e+00 
 9.36560000e-11  2.64930330e+00  1.94661955e+00 
 9.38560000e-11  2.62239212e+00  1.99743481e+00 
 9.40560000e-11  2.59314247e+00  2.04945352e+00 
 9.42560000e-11  2.56210804e+00  2.10128090e+00 
 9.44560000e-11  2.52977665e+00  2.15189991e+00 
 9.46560000e-11  2.49657242e+00  2.20059767e+00 
 9.48560000e-11  2.46286147e+00  2.24690207e+00 
 9.50560000e-11  2.42895637e+00  2.29052765e+00 
 9.52560000e-11  2.39512266e+00  2.33133267e+00 
 9.54560000e-11  2.36158404e+00  2.36928398e+00 
 9.56560000e-11  2.32852889e+00  2.40443030e+00 
 9.58560000e-11  2.29611574e+00  2.43688105e+00 
 9.60560000e-11  2.26448048e+00  2.46679220e+00 
 9.62560000e-11  2.23374323e+00  2.49435410e+00 
 9.64560000e-11  2.20401754e+00  2.51978885e+00 
 9.66560000e-11  2.17542165e+00  2.54335397e+00 
 9.68560000e-11  2.14809328e+00  2.56535260e+00 
 9.70560000e-11  2.12220633e+00  2.58615032e+00 
 9.72560000e-11  2.09798271e+00  2.60618736e+00 
 9.74560000e-11  2.07568313e+00  2.62596757e+00 
 9.76560000e-11  2.05556584e+00  2.64600670e+00 
 9.78560000e-11  2.03782537e+00  2.66674813e+00 
 9.80560000e-11  2.02255615e+00  2.68849395e+00 
 9.82560000e-11  2.00971980e+00  2.71134820e+00 
 9.84560000e-11  1.99918027e+00  2.73523367e+00 
 9.86560000e-11  1.99074733e+00  2.75993429e+00 
 9.88560000e-11  1.98422694e+00  2.78516214e+00 
 9.90560000e-11  1.97943486e+00  2.81059515e+00 
 9.92560000e-11  1.97619970e+00  2.83590634e+00 
 9.94560000e-11  1.97437479e+00  2.86079255e+00 
 9.96560000e-11  1.97383393e+00  2.88498567e+00 
 9.98560000e-11  1.97447053e+00  2.90826090e+00 
 1.00056000e-10  1.97619217e+00  2.93043761e+00 
 1.00256000e-10  1.97891883e+00  2.95138019e+00 
 1.00456000e-10  1.98257891e+00  2.97099472e+00 
 1.00656000e-10  1.98710851e+00  2.98922696e+00 
 1.00856000e-10  1.99244889e+00  3.00605716e+00 
 1.01056000e-10  1.99854591e+00  3.02149662e+00 
 1.01256000e-10  2.00534811e+00  3.03558098e+00 
 1.01456000e-10  2.01280683e+00  3.04836619e+00 
 1.01656000e-10  2.02087540e+00  3.05992225e+00 
 1.01856000e-10  2.02950957e+00  3.07032922e+00 
 1.02056000e-10  2.03866685e+00  3.07967207e+00 
 1.02256000e-10  2.04830727e+00  3.08803756e+00 
 1.02456000e-10  2.05839357e+00  3.09551015e+00 
 1.02656000e-10  2.06889342e+00  3.10216907e+00 
 1.02856000e-10  2.07978293e+00  3.10808307e+00 
 1.03056000e-10  2.09105546e+00  3.11330271e+00 
 1.03256000e-10  2.10273738e+00  3.11784296e+00 
 1.03456000e-10  2.11491535e+00  3.12164730e+00 
 1.03656000e-10  2.12777118e+00  3.12451096e+00 
 1.03856000e-10  2.14161631e+00  3.12593055e+00 
 1.04056000e-10  2.15692007e+00  3.12483816e+00 
 1.04256000e-10  2.17433671e+00  3.11922677e+00 
 1.04456000e-10  2.19471600e+00  3.10581799e+00 
 1.04656000e-10  2.21904441e+00  3.08010642e+00 
 1.04856000e-10  2.24827218e+00  3.03706900e+00 
 1.05056000e-10  2.28306034e+00  2.97248343e+00 
 1.05256000e-10  2.32354626e+00  2.88439952e+00 
 1.05456000e-10  2.36920747e+00  2.77414203e+00 
 1.05656000e-10  2.41882567e+00  2.64644706e+00 
 1.05856000e-10  2.47049428e+00  2.50872328e+00 
 1.06056000e-10  2.52170595e+00  2.36954375e+00 
 1.06256000e-10  2.56984993e+00  2.23697777e+00 
 1.06456000e-10  2.61301387e+00  2.11712696e+00 
 1.06656000e-10  2.65006862e+00  2.01364570e+00 
 1.06856000e-10  2.68015019e+00  1.92871500e+00 
 1.07056000e-10  2.70264428e+00  1.86375853e+00 
 1.07256000e-10  2.71727163e+00  1.81968232e+00 
 1.07456000e-10  2.72406909e+00  1.79649373e+00 
 1.07656000e-10  2.72354779e+00  1.79292117e+00 
 1.07856000e-10  2.71648934e+00  1.80644562e+00 
 1.08056000e-10  2.70373080e+00  1.83373221e+00 
 1.08256000e-10  2.68609129e+00  1.87132334e+00 
 1.08456000e-10  2.66434481e+00  1.91605160e+00 
 1.08656000e-10  2.63921792e+00  1.96523606e+00 
 1.08856000e-10  2.61137192e+00  2.01671700e+00 
 1.09056000e-10  2.58140443e+00  2.06882743e+00 
 1.09256000e-10  2.54984267e+00  2.12032266e+00 
 1.09456000e-10  2.51715085e+00  2.17030856e+00 
 1.09656000e-10  2.48372966e+00  2.21816918e+00 
 1.09856000e-10  2.44992511e+00  2.26350860e+00 
 1.10056000e-10  2.41603064e+00  2.30609960e+00 
 1.10256000e-10  2.38229592e+00  2.34584518e+00 
 1.10456000e-10  2.34893010e+00  2.38274553e+00 
 1.10656000e-10  2.31611009e+00  2.41687458e+00 
 1.10856000e-10  2.28398450e+00  2.44836036e+00 
 1.11056000e-10  2.25268289e+00  2.47737330e+00 
 1.11256000e-10  2.22232141e+00  2.50411562e+00 
 1.11456000e-10  2.19301446e+00  2.52882222e+00 
 1.11656000e-10  2.16488495e+00  2.55176548e+00 
 1.11856000e-10  2.13808216e+00  2.57326965e+00 
 1.12056000e-10  2.11279712e+00  2.59372783e+00 
 1.12256000e-10  2.08926910e+00  2.61360722e+00 
 1.12456000e-10  2.06776419e+00  2.63342448e+00 
 1.12656000e-10  2.04852430e+00  2.65367896e+00 
 1.12856000e-10  2.03171472e+00  2.67477273e+00 
 1.13056000e-10  2.01737280e+00  2.69693120e+00 
 1.13256000e-10  2.00541824e+00  2.72018660e+00 
 1.13456000e-10  1.99568754e+00  2.74440006e+00 
 1.13656000e-10  1.98799357e+00  2.76932948e+00 
 1.13856000e-10  1.98214590e+00  2.79467071e+00 
 1.14056000e-10  1.97795952e+00  2.82009364e+00 
 1.14256000e-10  1.97527304e+00  2.84527884e+00 
 1.14456000e-10  1.97394652e+00  2.86993435e+00 
 1.14656000e-10  1.97386219e+00  2.89380818e+00 
 1.14856000e-10  1.97491861e+00  2.91669141e+00 
 1.15056000e-10  1.97702892e+00  2.93842076e+00 
 1.15256000e-10  1.98011607e+00  2.95887604e+00 
 1.15456000e-10  1.98411201e+00  2.97797894e+00 
 1.15656000e-10  1.98895455e+00  2.99568820e+00 
 1.15856000e-10  1.99458723e+00  3.01199657e+00 
 1.16056000e-10  2.00095667e+00  3.02692478e+00 
 1.16256000e-10  2.00801284e+00  3.04051689e+00 
 1.16456000e-10  2.01570754e+00  3.05283445e+00 
 1.16656000e-10  2.02399531e+00  3.06395198e+00 
 1.16856000e-10  2.03283231e+00  3.07395164e+00 
 1.17056000e-10  2.04217719e+00  3.08291968e+00 
 1.17256000e-10  2.05199066e+00  3.09094221e+00 
 1.17456000e-10  2.06223720e+00  3.09810235e+00 
 1.17656000e-10  2.07288683e+00  3.10447592e+00 
 1.17856000e-10  2.08392096e+00  3.11012631e+00 
 1.18056000e-10  2.09534268e+00  3.11509337e+00 
 1.18256000e-10  2.10719727e+00  3.11937133e+00 
 1.18456000e-10  2.11960248e+00  3.12286024e+00 
 1.18656000e-10  2.13278494e+00  3.12526703e+00 
 1.18856000e-10  2.14711176e+00  3.12591557e+00 
 1.19056000e-10  2.16311833e+00  3.12343467e+00 
 1.19256000e-10  2.18153282e+00  3.11536994e+00 
 1.19456000e-10  2.20326871e+00  3.09794821e+00 
 1.19656000e-10  2.22932509e+00  3.06634943e+00 
 1.19856000e-10  2.26057535e+00  3.01567387e+00 
 1.20056000e-10  2.29750822e+00  2.94238683e+00 
 1.20256000e-10  2.34002474e+00  2.84568530e+00 
 1.20456000e-10  2.38734300e+00  2.72819963e+00 
 1.20656000e-10  2.43798694e+00  2.59579621e+00 
 1.20856000e-10  2.48981533e+00  2.45654645e+00 
 1.21056000e-10  2.54017806e+00  2.31917385e+00 
 1.21256000e-10  2.58666792e+00  2.19103613e+00 
 1.21456000e-10  2.62767938e+00  2.07712556e+00 
 1.21656000e-10  2.66226351e+00  1.98047534e+00 
 1.21856000e-10  2.68965316e+00  1.90291616e+00 
 1.22056000e-10  2.70928703e+00  1.84568443e+00 
 1.22256000e-10  2.72099783e+00  1.80938447e+00 
 1.22456000e-10  2.72500588e+00  1.79362114e+00 
 1.22656000e-10  2.72195082e+00  1.79667264e+00 
 1.22856000e-10  2.71266577e+00  1.81564403e+00 
 1.23056000e-10  2.69798948e+00  1.84709215e+00 
 1.23256000e-10  2.67872319e+00  1.88762706e+00 
 1.23456000e-10  2.65562692e+00  1.93425072e+00 
 1.23656000e-10  2.62940258e+00  1.98447322e+00 
 1.23856000e-10  2.60068964e+00  2.03632420e+00 
 1.24056000e-10  2.57005858e+00  2.08830062e+00 
 1.24256000e-10  2.53801384e+00  2.13929663e+00 
 1.24456000e-10  2.50499491e+00  2.18852824e+00 
 1.24656000e-10  2.47138223e+00  2.23546770e+00 
 1.24856000e-10  2.43750114e+00  2.27978643e+00 
 1.25056000e-10  2.40362863e+00  2.32130979e+00 
 1.25256000e-10  2.36999826e+00  2.35997976e+00 
 1.25456000e-10  2.33680685e+00  2.39582646e+00 
 1.25656000e-10  2.30421979e+00  2.42894543e+00 
 1.25856000e-10  2.27237783e+00  2.45948156e+00 
 1.26056000e-10  2.24140423e+00  2.48761734e+00 
 1.26256000e-10  2.21141356e+00  2.51356731e+00 
 1.26456000e-10  2.18252196e+00  2.53757935e+00 
 1.26656000e-10  2.15486031e+00  2.55994299e+00 
 1.26856000e-10  2.12859150e+00  2.58100605e+00 
 1.27056000e-10  2.10392520e+00  2.60118995e+00 
 1.27256000e-10  2.08111478e+00  2.62098539e+00 
 1.27456000e-10  2.06042469e+00  2.64091234e+00 
 1.27656000e-10  2.04207117e+00  2.66144084e+00 
 1.27856000e-10  2.02617840e+00  2.68291595e+00 
 1.28056000e-10  2.01273759e+00  2.70549074e+00 
 1.28256000e-10  2.00163334e+00  2.72913043e+00 
 1.28456000e-10  1.99268422e+00  2.75364757e+00 
 1.28656000e-10  1.98569777e+00  2.77877042e+00 
 1.28856000e-10  1.98048647e+00  2.80418230e+00 
 1.29056000e-10  1.97687322e+00  2.82955374e+00 
 1.29256000e-10  1.97470539e+00  2.85457425e+00 
 1.29456000e-10  1.97385142e+00  2.87896573e+00 
 1.29656000e-10  1.97420034e+00  2.90249223e+00 
 1.29856000e-10  1.97565629e+00  2.92496170e+00 
 1.30056000e-10  1.97813659e+00  2.94622743e+00 
 1.30256000e-10  1.98156755e+00  2.96618503e+00 
 1.30456000e-10  1.98588364e+00  2.98477070e+00 
 1.30656000e-10  1.99102482e+00  3.00195622e+00 
 1.30856000e-10  1.99693605e+00  3.01774562e+00 
 1.31056000e-10  2.00356513e+00  3.03216881e+00 
 1.31256000e-10  2.01086286e+00  3.04527713e+00 
 1.31456000e-10  2.01878196e+00  3.05713743e+00 
 1.31656000e-10  2.02727769e+00  3.06782772e+00 
 1.31856000e-10  2.03630702e+00  3.07743205e+00 
 1.32056000e-10  2.04582938e+00  3.08603713e+00 
 1.32256000e-10  2.05580664e+00  3.09372824e+00 
 1.32456000e-10  2.06620503e+00  3.10058638e+00 
 1.32656000e-10  2.07699790e+00  3.10668347e+00 
 1.32856000e-10  2.08817312e+00  3.11207587e+00 
 1.33056000e-10  2.09974655e+00  3.11678994e+00 
 1.33256000e-10  2.11178646e+00  3.12079251e+00 
 1.33456000e-10  2.12444703e+00  3.12392698e+00 
 1.33656000e-10  2.13800396e+00  3.12578580e+00 
 1.33856000e-10  2.15288395e+00  3.12547649e+00 
 1.34056000e-10  2.16969202e+00  3.12126813e+00 
 1.34256000e-10  2.18923001e+00  3.11022220e+00 
 1.34456000e-10  2.21246143e+00  3.08810626e+00 
 1.34656000e-10  2.24036790e+00  3.04992263e+00 
 1.34856000e-10  2.27370867e+00  2.99110190e+00 
 1.35056000e-10  2.31277140e+00  2.90899375e+00 
 1.35256000e-10  2.35720777e+00  2.80404239e+00 
 1.35456000e-10  2.40597572e+00  2.68015477e+00 
 1.35656000e-10  2.45734245e+00  2.54418045e+00 
 1.35856000e-10  2.50893378e+00  2.40458099e+00 
 1.36056000e-10  2.55808299e+00  2.26975745e+00 
 1.36256000e-10  2.60266135e+00  2.14634351e+00 
 1.36456000e-10  2.64137462e+00  2.03849150e+00 
 1.36656000e-10  2.67329187e+00  1.94864503e+00 
 1.36856000e-10  2.69768884e+00  1.87837730e+00 
 1.37056000e-10  2.71421491e+00  1.82879390e+00 
 1.37256000e-10  2.72286456e+00  1.80020000e+00 
 1.37456000e-10  2.72404953e+00  1.79170628e+00 
 1.37656000e-10  2.71850152e+00  1.80108812e+00 
 1.37856000e-10  2.70705911e+00  1.82514936e+00 
 1.38056000e-10  2.69054560e+00  1.86040614e+00 
 1.38256000e-10  2.66974522e+00  1.90358512e+00 
 1.38456000e-10  2.64539539e+00  1.95186856e+00 
 1.38656000e-10  2.61817294e+00  2.00296067e+00 
 1.38856000e-10  2.58869019e+00  2.05507132e+00 
 1.39056000e-10  2.55749084e+00  2.10685266e+00 
 1.39256000e-10  2.52505361e+00  2.15732629e+00 
 1.39456000e-10  2.49179397e+00  2.20580996e+00 
 1.39656000e-10  2.45807054e+00  2.25185571e+00 
 1.39856000e-10  2.42418891e+00  2.29519659e+00 
 1.40056000e-10  2.39040880e+00  2.33570515e+00 
 1.40256000e-10  2.35694863e+00  2.37335891e+00 
 1.40456000e-10  2.32399261e+00  2.40821471e+00 
 1.40656000e-10  2.29169558e+00  2.44038796e+00 
 1.40856000e-10  2.26019099e+00  2.47003932e+00 
 1.41056000e-10  2.22959723e+00  2.49736288e+00 
 1.41256000e-10  2.20002753e+00  2.52258454e+00 
 1.41456000e-10  2.17160113e+00  2.54596632e+00 
 1.41656000e-10  2.14445888e+00  2.56781769e+00 
 1.41856000e-10  2.11877943e+00  2.58851229e+00 
 1.42056000e-10  2.09479013e+00  2.60849889e+00 
 1.42256000e-10  2.07275396e+00  2.62828624e+00 
 1.42456000e-10  2.05292538e+00  2.64838678e+00 
 1.42656000e-10  2.03549580e+00  2.66923704e+00 
 1.42856000e-10  2.02053524e+00  2.69111154e+00 
 1.43056000e-10  2.00799114e+00  2.71409172e+00 
 1.43256000e-10  1.99772483e+00  2.73808463e+00 
 1.43456000e-10  1.98954192e+00  2.76286187e+00 
 1.43656000e-10  1.98324923e+00  2.78813018e+00 
 1.43856000e-10  1.97866373e+00  2.81356568e+00 
 1.44056000e-10  1.97561694e+00  2.83884335e+00 
 1.44256000e-10  1.97396435e+00  2.86366334e+00 
 1.44456000e-10  1.97358232e+00  2.88776234e+00 
 1.44656000e-10  1.97436580e+00  2.91092036e+00 
 1.44856000e-10  1.97622410e+00  2.93296207e+00 
 1.45056000e-10  1.97907808e+00  2.95375657e+00 
 1.45256000e-10  1.98285724e+00  2.97321478e+00 
 1.45456000e-10  1.98749823e+00  2.99128651e+00 
 1.45656000e-10  1.99294305e+00  3.00795593e+00 
 1.45856000e-10  1.99913779e+00  3.02323736e+00 
 1.46056000e-10  2.00603145e+00  3.03716912e+00 
 1.46256000e-10  2.01357552e+00  3.04980900e+00 
 1.46456000e-10  2.02172373e+00  3.06122849e+00 
 1.46656000e-10  2.03043195e+00  3.07150838e+00 
 1.46856000e-10  2.03965806e+00  3.08073412e+00 
 1.47056000e-10  2.04936230e+00  3.08899233e+00 
 1.47256000e-10  2.05950795e+00  3.09636713e+00 
 1.47456000e-10  2.07006335e+00  3.10293673e+00 
 1.47656000e-10  2.08100620e+00  3.10876835e+00 
 1.47856000e-10  2.09233269e+00  3.11390943e+00 
 1.48056000e-10  2.10407482e+00  3.11836892e+00 
 1.48256000e-10  2.11632864e+00  3.12207767e+00 
 1.48456000e-10  2.12928980e+00  3.12480519e+00 
 1.48656000e-10  2.14328717e+00  3.12599718e+00 
 1.48856000e-10  2.15881079e+00  3.12449473e+00 
 1.49056000e-10  2.17653844e+00  3.11815267e+00 
 1.49256000e-10  2.19734141e+00  3.10353256e+00 
 1.49456000e-10  2.22221316e+00  3.07601574e+00 
 1.49656000e-10  2.25208339e+00  3.03059707e+00 
 1.49856000e-10  2.28756146e+00  2.96325175e+00 
 1.50056000e-10  2.32871085e+00  2.87238308e+00 
 1.50256000e-10  2.37492633e+00  2.75973404e+00 
 1.50456000e-10  2.42490678e+00  2.63041566e+00 
 1.50656000e-10  2.47668202e+00  2.49208639e+00 
 1.50856000e-10  2.52767602e+00  2.35355496e+00 
 1.51056000e-10  2.57533763e+00  2.22260949e+00 
 1.51256000e-10  2.61785376e+00  2.10478885e+00 
 1.51456000e-10  2.65415173e+00  2.00356647e+00 
 1.51656000e-10  2.68340246e+00  1.92102194e+00 
 1.51856000e-10  2.70500542e+00  1.85853293e+00 
 1.52056000e-10  2.71871251e+00  1.81694530e+00 
 1.52256000e-10  2.72462217e+00  1.79615023e+00 
 1.52456000e-10  2.72329480e+00  1.79471992e+00 
 1.52656000e-10  2.71552523e+00  1.81000979e+00 
 1.52856000e-10  2.70215021e+00  1.83864150e+00 
 1.53056000e-10  2.68398454e+00  1.87717795e+00 
 1.53256000e-10  2.66179803e+00  1.92250529e+00 
 1.53456000e-10  2.63631041e+00  1.97200538e+00 
 1.53656000e-10  2.60817633e+00  2.02358078e+00 
 1.53856000e-10  2.57798535e+00  2.07561898e+00 
 1.54056000e-10  2.54625763e+00  2.12692153e+00 
 1.54256000e-10  2.51344981e+00  2.17663105e+00 
 1.54456000e-10  2.47995624e+00  2.22416110e+00 
 1.54656000e-10  2.44611648e+00  2.26913823e+00 
 1.54856000e-10  2.41221878e+00  2.31135283e+00 
 1.55056000e-10  2.37850771e+00  2.35072083e+00 
 1.55256000e-10  2.34518854e+00  2.38725245e+00 
 1.55456000e-10  2.31243445e+00  2.42102869e+00 
 1.55656000e-10  2.28039158e+00  2.45218317e+00 
 1.55856000e-10  2.24918715e+00  2.48088980e+00 
 1.56056000e-10  2.21893696e+00  2.50735514e+00 
 1.56256000e-10  2.18975598e+00  2.53181832e+00 
 1.56456000e-10  2.16176961e+00  2.55455676e+00 
 1.56656000e-10  2.13513143e+00  2.57590211e+00 
 1.56856000e-10  2.11003859e+00  2.59625665e+00 
 1.57056000e-10  2.08673541e+00  2.61609564e+00 
 1.57256000e-10  2.06548826e+00  2.63593781e+00 
 1.57456000e-10  2.04653138e+00  2.65627396e+00 
 1.57656000e-10  2.03001686e+00  2.67748805e+00 
 1.57856000e-10  2.01596648e+00  2.69978153e+00 
 1.58056000e-10  2.00428779e+00  2.72316394e+00 
 1.58256000e-10  1.99481074e+00  2.74747948e+00 
 1.58456000e-10  1.98734605e+00  2.77247553e+00 
 1.58656000e-10  1.98170402e+00  2.79784319e+00 
 1.58856000e-10  1.97770222e+00  2.82325223e+00 
 1.59056000e-10  1.97518214e+00  2.84838594e+00 
 1.59256000e-10  1.97400672e+00  2.87295684e+00 
 1.59456000e-10  1.97406047e+00  2.89671820e+00 
 1.59656000e-10  1.97524388e+00  2.91946669e+00 
 1.59856000e-10  1.97747149e+00  2.94104448e+00 
 1.60056000e-10  1.98066742e+00  2.96133666e+00 
 1.60256000e-10  1.98476443e+00  2.98026968e+00 
 1.60456000e-10  1.98970109e+00  2.99780664e+00 
 1.60656000e-10  1.99542141e+00  3.01394403e+00 
 1.60856000e-10  2.00187242e+00  3.02870565e+00 
 1.61056000e-10  2.00900436e+00  3.04213799e+00 
 1.61256000e-10  2.01676934e+00  3.05430440e+00 
 1.61456000e-10  2.02512212e+00  3.06528058e+00 
 1.61656000e-10  2.03401915e+00  3.07514935e+00 
 1.61856000e-10  2.04341931e+00  3.08399716e+00 
 1.62056000e-10  2.05328367e+00  3.09190989e+00 
 1.62256000e-10  2.06357724e+00  3.09897000e+00 
 1.62456000e-10  2.07427102e+00  3.10525214e+00 
 1.62656000e-10  2.08534829e+00  3.11081762e+00 
 1.62856000e-10  2.09681594e+00  3.11570231e+00 
 1.63056000e-10  2.10872607e+00  3.11989243e+00 
 1.63256000e-10  2.12120757e+00  3.12327153e+00 
 1.63456000e-10  2.13450229e+00  3.12551300e+00 
 1.63656000e-10  2.14899600e+00  3.12587653e+00 
 1.63856000e-10  2.16524600e+00  3.12288194e+00 
 1.64056000e-10  2.18400422e+00  3.11392305e+00 
 1.64256000e-10  2.20620194e+00  3.09507405e+00 
 1.64456000e-10  2.23283618e+00  3.06144141e+00 
 1.64656000e-10  2.26474783e+00  3.00820790e+00 
 1.64856000e-10  2.30236417e+00  2.93210147e+00 
 1.65056000e-10  2.34550757e+00  2.83270956e+00 
 1.65256000e-10  2.39331286e+00  2.71307629e+00 
 1.65456000e-10  2.44422184e+00  2.57940094e+00 
 1.65656000e-10  2.49601558e+00  2.43990881e+00 
 1.65856000e-10  2.54602597e+00  2.30324429e+00 
 1.66056000e-10  2.59192759e+00  2.17654378e+00 
 1.66256000e-10  2.63220893e+00  2.06454466e+00 
 1.66456000e-10  2.66597087e+00  1.97008897e+00 
 1.66656000e-10  2.69247157e+00  1.89490414e+00 
 1.66856000e-10  2.71117039e+00  1.84016248e+00 
 1.67056000e-10  2.72194149e+00  1.80637236e+00 
 1.67256000e-10  2.72506996e+00  1.79299041e+00 
 1.67456000e-10  2.72123129e+00  1.79813049e+00 
 1.67656000e-10  2.71126281e+00  1.81879154e+00 
 1.67856000e-10  2.69599971e+00  1.85150995e+00 
 1.68056000e-10  2.67623896e+00  1.89293063e+00 
 1.68256000e-10  2.65273445e+00  1.94011310e+00 
 1.68456000e-10  2.62618105e+00  1.99063096e+00 
 1.68656000e-10  2.59721025e+00  2.04257324e+00 
 1.68856000e-10  2.56638462e+00  2.09448851e+00 
 1.69056000e-10  2.53420077e+00  2.14531336e+00 
 1.69256000e-10  2.50109093e+00  2.19429782e+00 
 1.69456000e-10  2.46742876e+00  2.24094081e+00 
 1.69656000e-10  2.43353355e+00  2.28493443e+00 
 1.69856000e-10  2.39967685e+00  2.32611985e+00 
 1.70056000e-10  2.36608755e+00  2.36445099e+00 
 1.70256000e-10  2.33295844e+00  2.39996691e+00 
 1.70456000e-10  2.30045164e+00  2.43276984e+00 
 1.70656000e-10  2.26870569e+00  2.46301028e+00 
 1.70856000e-10  2.23784224e+00  2.49087415e+00 
 1.71056000e-10  2.20797521e+00  2.51657934e+00 
 1.71256000e-10  2.17922138e+00  2.54037818e+00 
 1.71456000e-10  2.15171489e+00  2.56256675e+00 
 1.71656000e-10  2.12562389e+00  2.58350129e+00 
 1.71856000e-10  2.10116374e+00  2.60361194e+00 
 1.72056000e-10  2.07859160e+00  2.62339602e+00 
 1.72256000e-10  2.05816948e+00  2.64337215e+00 
 1.72456000e-10  2.04010379e+00  2.66399852e+00 
 1.72656000e-10  2.02450482e+00  2.68560025e+00 
 1.72856000e-10  2.01134961e+00  2.70830725e+00 
 1.73056000e-10  2.00051270e+00  2.73206439e+00 
 1.73256000e-10  1.99180821e+00  2.75667031e+00 
 1.73456000e-10  1.98504270e+00  2.78184525e+00 
 1.73656000e-10  1.98003012e+00  2.80726970e+00 
 1.73856000e-10  1.97659604e+00  2.83261517e+00 
 1.74056000e-10  1.97459061e+00  2.85757452e+00 
 1.74256000e-10  1.97388486e+00  2.88187429e+00 
 1.74456000e-10  1.97436990e+00  2.90528380e+00 
 1.74656000e-10  1.97595153e+00  2.92761636e+00 
 1.74856000e-10  1.97854833e+00  2.94873051e+00 
 1.75056000e-10  1.98208761e+00  2.96852684e+00 
 1.75256000e-10  1.98650463e+00  2.98694606e+00 
 1.75456000e-10  1.99173997e+00  3.00396400e+00 
 1.75656000e-10  1.99773902e+00  3.01958816e+00 
 1.75856000e-10  2.00444994e+00  3.03385117e+00 
 1.76056000e-10  2.01182377e+00  3.04680661e+00 
 1.76256000e-10  2.01981355e+00  3.05852284e+00 
 1.76456000e-10  2.02837473e+00  3.06907887e+00 
 1.76656000e-10  2.03746456e+00  3.07855922e+00 
 1.76856000e-10  2.04704275e+00  3.08705065e+00 
 1.77056000e-10  2.05707156e+00  3.09463809e+00 
 1.77256000e-10  2.06751786e+00  3.10140171e+00 
 1.77456000e-10  2.07835625e+00  3.10741203e+00 
 1.77656000e-10  2.08957707e+00  3.11272279e+00 
 1.77856000e-10  2.10120092e+00  3.11735523e+00 
 1.78056000e-10  2.11330444e+00  3.12126572e+00 
 1.78256000e-10  2.12605452e+00  3.12427609e+00 
 1.78456000e-10  2.13974347e+00  3.12593566e+00 
 1.78656000e-10  2.15481782e+00  3.12527239e+00 
 1.78856000e-10  2.17190562e+00  3.12042847e+00 
 1.79056000e-10  2.19183159e+00  3.10830588e+00 
 1.79256000e-10  2.21557133e+00  3.08453872e+00 
 1.79456000e-10  2.24409375e+00  3.04410699e+00 
 1.79656000e-10  2.27811390e+00  2.98259220e+00 
 1.79856000e-10  2.31784992e+00  2.89766440e+00 
 1.80056000e-10  2.36287187e+00  2.79018018e+00 
 1.80256000e-10  2.41205464e+00  2.66444168e+00 
 1.80456000e-10  2.46358348e+00  2.52757396e+00 
 1.80656000e-10  2.51501821e+00  2.38810656e+00 
 1.80856000e-10  2.56371174e+00  2.25429460e+00 
 1.81056000e-10  2.60763542e+00  2.13252420e+00 
 1.81256000e-10  2.64557539e+00  2.02670908e+00 
 1.81456000e-10  2.67662417e+00  1.93919373e+00 
 1.81656000e-10  2.70014803e+00  1.87148776e+00 
 1.81856000e-10  2.71583973e+00  1.82458298e+00 
 1.82056000e-10  2.72366778e+00  1.79862462e+00 
 1.82256000e-10  2.72408379e+00  1.79252645e+00 
 1.82456000e-10  2.71784986e+00  1.80392766e+00 
 1.82656000e-10  2.70580412e+00  1.82956014e+00 
 1.82856000e-10  2.68877050e+00  1.86595277e+00 
 1.83056000e-10  2.66752881e+00  1.90988268e+00 
 1.83256000e-10  2.64281336e+00  1.95859933e+00 
 1.83456000e-10  2.61529394e+00  2.00987317e+00 
 1.83656000e-10  2.58557737e+00  2.06197470e+00 
 1.83856000e-10  2.55419974e+00  2.11360656e+00 
 1.84056000e-10  2.52163388e+00  2.16383194e+00 
 1.84256000e-10  2.48828836e+00  2.21200107e+00 
 1.84456000e-10  2.45451650e+00  2.25769172e+00 
 1.84656000e-10  2.42061815e+00  2.30065641e+00 
 1.84856000e-10  2.38684874e+00  2.34078275e+00 
 1.85056000e-10  2.35342228e+00  2.37805937e+00 
 1.85256000e-10  2.32051984e+00  2.41255155e+00 
 1.85456000e-10  2.28829327e+00  2.44438085e+00 
 1.85656000e-10  2.25687438e+00  2.47371275e+00 
 1.85856000e-10  2.22638045e+00  2.50074523e+00 
 1.86056000e-10  2.19692525e+00  2.52570828e+00 
 1.86256000e-10  2.16862984e+00  2.54886905e+00 
 1.86456000e-10  2.14163937e+00  2.57054423e+00 
 1.86656000e-10  2.11613830e+00  2.59111655e+00 
 1.86856000e-10  2.09236003e+00  2.61104391e+00 
 1.87056000e-10  2.07056936e+00  2.63083927e+00 
 1.87256000e-10  2.05101517e+00  2.65100934e+00 
 1.87456000e-10  2.03387633e+00  2.67197430e+00 
 1.87656000e-10  2.01920697e+00  2.69398486e+00 
 1.87856000e-10  2.00694069e+00  2.71709825e+00 
 1.88056000e-10  1.99693065e+00  2.74120241e+00 
 1.88256000e-10  1.98897945e+00  2.76605671e+00 
 1.88456000e-10  1.98289427e+00  2.79136180e+00 
 1.88656000e-10  1.97849412e+00  2.81679254e+00 
 1.88856000e-10  1.97561365e+00  2.84202620e+00 
 1.89056000e-10  1.97411120e+00  2.86676715e+00 
 1.89256000e-10  1.97386575e+00  2.89075741e+00 
 1.89456000e-10  1.97477425e+00  2.91378261e+00 
 1.89656000e-10  1.97674761e+00  2.93567310e+00 
 1.89856000e-10  1.97970790e+00  2.95630341e+00 
 1.90056000e-10  1.98358560e+00  2.97558949e+00 
 1.90256000e-10  1.98831806e+00  2.99348565e+00 
 1.90456000e-10  1.99384791e+00  3.00998008e+00 
 1.90656000e-10  2.00012159e+00  3.02509034e+00 
 1.90856000e-10  2.00708848e+00  3.03885742e+00 
 1.91056000e-10  2.01470031e+00  3.05134103e+00 
 1.91256000e-10  2.02291110e+00  3.06261404e+00 
 1.91456000e-10  2.03167694e+00  3.07275801e+00 
 1.91656000e-10  2.04095601e+00  3.08185870e+00 
 1.91856000e-10  2.05070882e+00  3.09000258e+00 
 1.92056000e-10  2.06089915e+00  3.09727323e+00 
 1.92256000e-10  2.07149614e+00  3.10374782e+00 
 1.92456000e-10  2.08247911e+00  3.10949178e+00 
 1.92656000e-10  2.09384740e+00  3.11454913e+00 
 1.92856000e-10  2.10563898e+00  3.11892219e+00 
 1.93056000e-10  2.11795986e+00  3.12252803e+00 
 1.93256000e-10  2.13101997e+00  3.12510803e+00 
 1.93456000e-10  2.14516597e+00  3.12605294e+00 
 1.93656000e-10  2.16090903e+00  3.12410713e+00 
 1.93856000e-10  2.17895060e+00  3.11698235e+00 
 1.94056000e-10  2.20018247e+00  3.10108123e+00 
 1.94256000e-10  2.22560240e+00  3.07168310e+00 
 1.94456000e-10  2.25611572e+00  3.02382066e+00 
 1.94656000e-10  2.29227682e+00  2.95368795e+00 
 1.94856000e-10  2.33407358e+00  2.86005496e+00 
 1.95056000e-10  2.38081776e+00  2.74508306e+00 
 1.95256000e-10  2.43112588e+00  2.61424616e+00 
 1.95456000e-10  2.48294671e+00  2.47541129e+00 
 1.95656000e-10  2.53366367e+00  2.33736192e+00 
 1.95856000e-10  2.58078762e+00  2.20769150e+00 
 1.96056000e-10  2.62260374e+00  2.09168197e+00 
 1.96256000e-10  2.65810051e+00  1.99259442e+00 
 1.96456000e-10  2.68647938e+00  1.91238625e+00 
 1.96656000e-10  2.70715760e+00  1.85236747e+00 
 1.96856000e-10  2.71992050e+00  1.81329916e+00 
 1.97056000e-10  2.72493084e+00  1.79493439e+00 
 1.97256000e-10  2.72279313e+00  1.79567748e+00 
 1.97456000e-10  2.71431295e+00  1.81275993e+00 
 1.97656000e-10  2.70032534e+00  1.84276480e+00 
 1.97856000e-10  2.68164056e+00  1.88227846e+00 
 1.98056000e-10  2.65902313e+00  1.92824116e+00 
 1.98256000e-10  2.63318560e+00  1.97809746e+00 
 1.98456000e-10  2.60477509e+00  2.02981095e+00 
 1.98656000e-10  2.57437295e+00  2.08182269e+00 
 1.98856000e-10  2.54249163e+00  2.13297900e+00 
 1.99056000e-10  2.50958022e+00  2.18245846e+00 
 1.99256000e-10  2.47602626e+00  2.22970305e+00 
 1.99456000e-10  2.44216297e+00  2.27436134e+00 
 1.99656000e-10  2.40827310e+00  2.31624067e+00 
 1.99856000e-10  2.37459627e+00  2.35526978e+00 
 2.00056000e-10  2.34133360e+00  2.39146854e+00 
 2.00256000e-10  2.30865477e+00  2.42492509e+00 
 2.00456000e-10  2.27670323e+00  2.45577851e+00 
 2.00656000e-10  2.24560446e+00  2.48420691e+00 
 2.00856000e-10  2.21547353e+00  2.51042063e+00 
 2.01056000e-10  2.18642604e+00  2.53466295e+00 
 2.01256000e-10  2.15858982e+00  2.55721694e+00 
 2.01456000e-10  2.13212289e+00  2.57842186e+00 
 2.01656000e-10  2.10722834e+00  2.59868908e+00 
 2.01856000e-10  2.08415507e+00  2.61850151e+00 
 2.02056000e-10  2.06316893e+00  2.63837898e+00 
 2.02256000e-10  2.04449600e+00  2.65880299e+00 
 2.02456000e-10  2.02827516e+00  2.68013926e+00 
 2.02656000e-10  2.01451348e+00  2.70256613e+00 
 2.02856000e-10  2.00310718e+00  2.72607164e+00 
 2.03056000e-10  1.99388052e+00  2.75048447e+00 
 2.03256000e-10  1.98664248e+00  2.77554249e+00 
 2.03456000e-10  1.98120432e+00  2.80093282e+00 
 2.03656000e-10  1.97738611e+00  2.82632540e+00 
 2.03856000e-10  1.97503219e+00  2.85140640e+00 
 2.04056000e-10  1.97400815e+00  2.87589277e+00 
 2.04256000e-10  1.97420070e+00  2.89954292e+00 
 2.04456000e-10  1.97551209e+00  2.92215892e+00 
 2.04656000e-10  1.97785823e+00  2.94358825e+00 
 2.04856000e-10  1.98116429e+00  2.96372104e+00 
 2.05056000e-10  1.98536386e+00  2.98248841e+00 
 2.05256000e-10  1.99039618e+00  2.99985762e+00 
 2.05456000e-10  1.99620573e+00  3.01582878e+00 
 2.05656000e-10  2.00273991e+00  3.03042862e+00 
 2.05856000e-10  2.00994923e+00  3.04370598e+00 
 2.06056000e-10  2.01778609e+00  3.05572589e+00 
 2.06256000e-10  2.02620549e+00  3.06656519e+00 
 2.06456000e-10  2.03516412e+00  3.07630730e+00 
 2.06656000e-10  2.04462113e+00  3.08503880e+00 
 2.06856000e-10  2.05453795e+00  3.09284533e+00 
 2.07056000e-10  2.06488015e+00  3.09980867e+00 
 2.07256000e-10  2.07561977e+00  3.10600223e+00 
 2.07456000e-10  2.08674219e+00  3.11148508e+00 
 2.07656000e-10  2.09825830e+00  3.11628881e+00 
 2.07856000e-10  2.11022757e+00  3.12039095e+00 
 2.08056000e-10  2.12279048e+00  3.12365705e+00 
 2.08256000e-10  2.13620459e+00  3.12572413e+00 
 2.08456000e-10  2.15087470e+00  3.12578303e+00 
 2.08656000e-10  2.16738039e+00  3.12223878e+00 
 2.08856000e-10  2.18649722e+00  3.11233020e+00 
 2.09056000e-10  2.20917267e+00  3.09198369e+00 
 2.09256000e-10  2.23639843e+00  3.05624748e+00 
 2.09456000e-10  2.26897910e+00  3.00040857e+00 
 2.09656000e-10  2.30727769e+00  2.92147703e+00 
 2.09856000e-10  2.35103679e+00  2.81943952e+00 
 2.10056000e-10  2.39930796e+00  2.69774954e+00 
 2.10256000e-10  2.45045080e+00  2.56292272e+00 
 2.10456000e-10  2.50217132e+00  2.42331114e+00 
 2.10656000e-10  2.55179518e+00  2.28745692e+00 
 2.10856000e-10  2.59708613e+00  2.16226477e+00 
 2.11056000e-10  2.63662354e+00  2.05222048e+00 
 2.11256000e-10  2.66955323e+00  1.95998522e+00 
 2.11456000e-10  2.69515695e+00  1.88719096e+00 
 2.11656000e-10  2.71291688e+00  1.83494595e+00 
 2.11856000e-10  2.72275261e+00  1.80365617e+00 
 2.12056000e-10  2.72501245e+00  1.79262508e+00 
 2.12256000e-10  2.72040268e+00  1.79980598e+00 
 2.12456000e-10  2.70976325e+00  1.82210296e+00 
 2.12656000e-10  2.69392546e+00  1.85604073e+00 
 2.12856000e-10  2.67368188e+00  1.89830314e+00 
 2.13056000e-10  2.64978000e+00  1.94600861e+00 
 2.13256000e-10  2.62290755e+00  1.99679400e+00 
 2.13456000e-10  2.59368793e+00  2.04880684e+00 
 2.13656000e-10  2.56267582e+00  2.10064609e+00 
 2.13856000e-10  2.53036002e+00  2.15128964e+00 
 2.14056000e-10  2.49716554e+00  2.20002052e+00 
 2.14256000e-10  2.46345934e+00  2.24636349e+00 
 2.14456000e-10  2.42955474e+00  2.29003063e+00 
 2.14656000e-10  2.39571793e+00  2.33087835e+00 
 2.14856000e-10  2.36217321e+00  2.36887211e+00 
 2.15056000e-10  2.32910942e+00  2.40405959e+00 
 2.15256000e-10  2.29668549e+00  2.43654944e+00 
 2.15456000e-10  2.26503760e+00  2.46649704e+00 
 2.15656000e-10  2.23428604e+00  2.49409228e+00 
 2.15856000e-10  2.20454438e+00  2.51955680e+00 
 2.16056000e-10  2.17593068e+00  2.54314753e+00 
 2.16256000e-10  2.14858225e+00  2.56516684e+00 
 2.16456000e-10  2.12267236e+00  2.58597925e+00 
 2.16656000e-10  2.09842218e+00  2.60602391e+00 
 2.16856000e-10  2.07609207e+00  2.62580397e+00 
 2.17056000e-10  2.05594075e+00  2.64583561e+00 
 2.17256000e-10  2.03816412e+00  2.66656393e+00 
 2.17456000e-10  2.02285837e+00  2.68829360e+00 
 2.17656000e-10  2.00998681e+00  2.71113152e+00 
 2.17856000e-10  1.99941453e+00  2.73500290e+00 
 2.18056000e-10  1.99095174e+00  2.75969324e+00 
 2.18256000e-10  1.98440445e+00  2.78491550e+00 
 2.18456000e-10  1.97958819e+00  2.81034782e+00 
 2.18656000e-10  1.97633124e+00  2.83566307e+00 
 2.18856000e-10  1.97448657e+00  2.86055761e+00 
 2.19056000e-10  1.97392767e+00  2.88476271e+00 
 2.19256000e-10  1.97454770e+00  2.90805295e+00 
 2.19456000e-10  1.97625405e+00  2.93024702e+00 
 2.19656000e-10  1.97896654e+00  2.95120864e+00 
 2.19856000e-10  1.98261344e+00  2.97084330e+00 
 2.20056000e-10  1.98713077e+00  2.98909620e+00 
 2.20256000e-10  1.99245971e+00  3.00594712e+00 
 2.20456000e-10  1.99854607e+00  3.02140692e+00 
 2.20656000e-10  2.00533834e+00  3.03551093e+00 
 2.20856000e-10  2.01278783e+00  3.04831484e+00 
 2.21056000e-10  2.02084785e+00  3.05988846e+00 
 2.21256000e-10  2.02947409e+00  3.07031176e+00 
 2.21456000e-10  2.03862406e+00  3.07966965e+00 
 2.21656000e-10  2.04825774e+00  3.08804891e+00 
 2.21856000e-10  2.05833781e+00  3.09553404e+00 
 2.22056000e-10  2.06883185e+00  3.10220438e+00 
 2.22256000e-10  2.07971580e+00  3.10812890e+00 
 2.22456000e-10  2.09098267e+00  3.11335851e+00 
 2.22656000e-10  2.10265817e+00  3.11790892e+00 
 2.22856000e-10  2.11482780e+00  3.12172509e+00 
 2.23056000e-10  2.12767171e+00  3.12460533e+00 
 2.23256000e-10  2.14149917e+00  3.12605234e+00 
 2.23456000e-10  2.15677697e+00  3.12500919e+00 
 2.23656000e-10  2.17415644e+00  3.11948571e+00 
 2.23856000e-10  2.19448463e+00  3.10622355e+00 
 2.24056000e-10  2.21874695e+00  3.08073214e+00 
 2.24256000e-10  2.24789595e+00  3.03798751e+00 
 2.24456000e-10  2.28259890e+00  2.97374416e+00 
 2.24656000e-10  2.32300224e+00  2.88600870e+00 
 2.24856000e-10  2.36859382e+00  2.77605375e+00 
 2.25056000e-10  2.41816563e+00  2.64856790e+00 
 2.25256000e-10  2.46982127e+00  2.51092981e+00 
 2.25456000e-10  2.52106038e+00  2.37170956e+00 
 2.25656000e-10  2.56926745e+00  2.23899827e+00 
 2.25856000e-10  2.61251704e+00  2.11892950e+00 
 2.26056000e-10  2.64967089e+00  2.01518600e+00 
 2.26256000e-10  2.67986045e+00  1.92996635e+00 
 2.26456000e-10  2.70246926e+00  1.86470349e+00 
 2.26656000e-10  2.71721472e+00  1.82031321e+00 
 2.26856000e-10  2.72412598e+00  1.79681863e+00 
 2.27056000e-10  2.72370780e+00  1.79296884e+00 
 2.27256000e-10  2.71673986e+00  1.80626181e+00 
 2.27456000e-10  2.70405940e+00  1.83336933e+00 
 2.27656000e-10  2.68648610e+00  1.87083180e+00 
 2.27856000e-10  2.66479462e+00  1.91547542e+00 
 2.28056000e-10  2.63971241e+00  1.96461141e+00 
 2.28256000e-10  2.61190171e+00  2.01607229e+00 
 2.28456000e-10  2.58196118e+00  2.06818413e+00 
 2.28656000e-10  2.55041903e+00  2.11969648e+00 
 2.28856000e-10  2.51774043e+00  2.16971050e+00 
 2.29056000e-10  2.48432694e+00  2.21760655e+00 
 2.29256000e-10  2.45052539e+00  2.26298583e+00 
 2.29456000e-10  2.41662990e+00  2.30561894e+00 
 2.29656000e-10  2.38289082e+00  2.34540719e+00 
 2.29856000e-10  2.34951780e+00  2.38234955e+00 
 2.30056000e-10  2.31668823e+00  2.41651900e+00 
 2.30256000e-10  2.28455106e+00  2.44804289e+00 
 2.30456000e-10  2.25323609e+00  2.47709112e+00 
 2.30656000e-10  2.22285960e+00  2.50386545e+00 
 2.30856000e-10  2.19353595e+00  2.52860030e+00 
 2.31056000e-10  2.16538780e+00  2.55156739e+00 
 2.31256000e-10  2.13856391e+00  2.57309012e+00 
 2.31456000e-10  2.11325459e+00  2.59356046e+00 
 2.31656000e-10  2.08969850e+00  2.61344460e+00 
 2.31856000e-10  2.06816161e+00  2.63325887e+00 
 2.32056000e-10  2.04888668e+00  2.65350352e+00 
 2.32256000e-10  2.03204053e+00  2.67458269e+00 
 2.32456000e-10  2.01766237e+00  2.69672463e+00 
 2.32656000e-10  2.00567341e+00  2.71996432e+00 
 2.32856000e-10  1.99591097e+00  2.74416497e+00 
 2.33056000e-10  1.98818823e+00  2.76908580e+00 
 2.33256000e-10  1.98231470e+00  2.79442327e+00 
 2.33456000e-10  1.97810504e+00  2.81984732e+00 
 2.33656000e-10  1.97539754e+00  2.84503823e+00 
 2.33856000e-10  1.97405191e+00  2.86970350e+00 
 2.34056000e-10  1.97395009e+00  2.89359051e+00 
 2.34256000e-10  1.97499040e+00  2.91648969e+00 
 2.34456000e-10  1.97708582e+00  2.93823707e+00 
 2.34656000e-10  1.98015915e+00  2.95871185e+00 
 2.34856000e-10  1.98414223e+00  2.97783512e+00 
 2.35056000e-10  1.98897279e+00  2.99556510e+00 
 2.35256000e-10  1.99459430e+00  3.01189407e+00 
 2.35456000e-10  2.00095333e+00  3.02684238e+00 
 2.35656000e-10  2.00799981e+00  3.04045379e+00 
 2.35856000e-10  2.01568551e+00  3.05278963e+00 
 2.36056000e-10  2.02396494e+00  3.06392426e+00 
 2.36256000e-10  2.03279423e+00  3.07393975e+00 
 2.36456000e-10  2.04213198e+00  3.08292235e+00 
 2.36656000e-10  2.05193888e+00  3.09095816e+00 
 2.36856000e-10  2.06217935e+00  3.09813040e+00 
 2.37056000e-10  2.07282327e+00  3.10451502e+00 
 2.37256000e-10  2.08385183e+00  3.11017566e+00 
 2.37456000e-10  2.09526769e+00  3.11515263e+00 
 2.37656000e-10  2.10711528e+00  3.11944113e+00 
 2.37856000e-10  2.11951102e+00  3.12294316e+00 
 2.38056000e-10  2.13267967e+00  3.12536964e+00 
 2.38256000e-10  2.14698603e+00  3.12605213e+00 
 2.38456000e-10  2.16296280e+00  3.12363264e+00 
 2.38656000e-10  2.18133518e+00  3.11567543e+00 
 2.38856000e-10  2.20301433e+00  3.09842665e+00 
 2.39056000e-10  2.22899939e+00  3.06707636e+00 
 2.39256000e-10  2.26016755e+00  3.01671597e+00 
 2.39456000e-10  2.29701502e+00  2.94377929e+00 
 2.39656000e-10  2.33945256e+00  2.84741521e+00 
 2.39856000e-10  2.38670865e+00  2.73020215e+00 
 2.40056000e-10  2.43731750e+00  2.59796386e+00 
 2.40256000e-10  2.48914773e+00  2.45875081e+00 
 2.40456000e-10  2.53955226e+00  2.32129485e+00 
 2.40656000e-10  2.58611418e+00  2.19298078e+00 
 2.40856000e-10  2.62721596e+00  2.07883303e+00 
 2.41056000e-10  2.66190205e+00  1.98190958e+00 
 2.41256000e-10  2.68940199e+00  1.90405463e+00 
 2.41456000e-10  2.70915201e+00  1.84651271e+00 
 2.41656000e-10  2.72097995e+00  1.80989967e+00 
 2.41856000e-10  2.72509804e+00  1.79383841e+00 
 2.42056000e-10  2.72214110e+00  1.79662769e+00 
 2.42256000e-10  2.71294160e+00  1.81538639e+00 
 2.42456000e-10  2.69833875e+00  1.84667443e+00 
 2.42656000e-10  2.67913431e+00  1.88709771e+00 
 2.42856000e-10  2.65608907e+00  1.93365100e+00 
 2.43056000e-10  2.62990584e+00  1.98383643e+00 
 2.43256000e-10  2.60122505e+00  2.03567609e+00 
 2.43456000e-10  2.57061821e+00  2.08766043e+00 
 2.43656000e-10  2.53859073e+00  2.13867821e+00 
 2.43856000e-10  2.50558301e+00  2.18794113e+00 
 2.44056000e-10  2.47197635e+00  2.23491807e+00 
 2.44256000e-10  2.43809686e+00  2.27927782e+00 
 2.44456000e-10  2.40422220e+00  2.32084378e+00 
 2.44656000e-10  2.37058653e+00  2.35955640e+00 
 2.44856000e-10  2.33738717e+00  2.39544470e+00 
 2.45056000e-10  2.30478993e+00  2.42860338e+00 
 2.45256000e-10  2.27293587e+00  2.45917671e+00 
 2.45456000e-10  2.24194847e+00  2.48734669e+00 
 2.45656000e-10  2.21194234e+00  2.51332739e+00 
 2.45856000e-10  2.18303351e+00  2.53736618e+00 
 2.46056000e-10  2.15535251e+00  2.55975186e+00 
 2.46256000e-10  2.12906163e+00  2.58083125e+00 
 2.46456000e-10  2.10436981e+00  2.60102466e+00 
 2.46656000e-10  2.08152993e+00  2.62082194e+00 
 2.46856000e-10  2.06080666e+00  2.64074315e+00 
 2.47056000e-10  2.04241741e+00  2.66125973e+00 
 2.47256000e-10  2.02648807e+00  2.68271916e+00 
 2.47456000e-10  2.01301164e+00  2.70527740e+00 
 2.47656000e-10  2.00187399e+00  2.72890224e+00 
 2.47856000e-10  1.99289432e+00  2.75340802e+00 
 2.48056000e-10  1.98588028e+00  2.77852403e+00 
 2.48256000e-10  1.98064418e+00  2.80393399e+00 
 2.48456000e-10  1.97700862e+00  2.82930831e+00 
 2.48656000e-10  1.97482058e+00  2.85433612e+00 
 2.48856000e-10  1.97394821e+00  2.87873872e+00 
 2.49056000e-10  1.97428025e+00  2.90227953e+00 
 2.49256000e-10  1.97572064e+00  2.92476583e+00 
 2.49456000e-10  1.97818653e+00  2.94605023e+00 
 2.49656000e-10  1.98160410e+00  2.96602775e+00 
 2.49856000e-10  1.98590773e+00  2.98463400e+00 
 2.50056000e-10  1.99103730e+00  3.00184027e+00 
 2.50256000e-10  1.99693770e+00  3.01765015e+00 
 2.50456000e-10  2.00355670e+00  3.03209319e+00 
 2.50656000e-10  2.01084506e+00  3.04522047e+00 
 2.50856000e-10  2.01875546e+00  3.05709864e+00 
 2.51056000e-10  2.02724313e+00  3.06780559e+00 
 2.51256000e-10  2.03626502e+00  3.07742530e+00 
 2.51456000e-10  2.04578052e+00  3.08604446e+00 
 2.51656000e-10  2.05575145e+00  3.09374842e+00 
 2.51856000e-10  2.06614395e+00  3.10061826e+00 
 2.52056000e-10  2.07693124e+00  3.10672607e+00 
 2.52256000e-10  2.08810090e+00  3.11212853e+00 
 2.52456000e-10  2.09966820e+00  3.11685261e+00 
 2.52656000e-10  2.11170041e+00  3.12086638e+00 
 2.52856000e-10  2.12435017e+00  3.12401580e+00 
 2.53056000e-10  2.13789113e+00  3.12589848e+00 
 2.53256000e-10  2.15274754e+00  3.12563150e+00 
 2.53456000e-10  2.16952159e+00  3.12149938e+00 
 2.53656000e-10  2.18901222e+00  3.11058338e+00 
 2.53856000e-10  2.21218129e+00  3.08866824e+00 
 2.54056000e-10  2.24001178e+00  3.05076026e+00 
 2.54256000e-10  2.27326821e+00  2.99227263e+00 
 2.54456000e-10  2.31224675e+00  2.91051619e+00 
 2.54656000e-10  2.35660923e+00  2.80588394e+00 
 2.54856000e-10  2.40532394e+00  2.68223293e+00 
 2.55056000e-10  2.45666830e+00  2.54637696e+00 
 2.55256000e-10  2.50827675e+00  2.40676727e+00 
 2.55456000e-10  2.55748090e+00  2.27182198e+00 
 2.55656000e-10  2.60213979e+00  2.14820540e+00 
 2.55856000e-10  2.64094881e+00  2.04010025e+00 
 2.56056000e-10  2.67297142e+00  1.94997050e+00 
 2.56256000e-10  2.69748040e+00  1.87940002e+00 
 2.56456000e-10  2.71412281e+00  1.82950338e+00 
 2.56656000e-10  2.72288685e+00  1.80059974e+00 
 2.56856000e-10  2.72417692e+00  1.79181958e+00 
 2.57056000e-10  2.71872175e+00  1.80095718e+00 
 2.57256000e-10  2.70735984e+00  1.82482592e+00 
 2.57456000e-10  2.69091500e+00  1.85994175e+00 
 2.57656000e-10  2.67017206e+00  1.90302564e+00 
 2.57856000e-10  2.64586926e+00  1.95125222e+00 
 2.58056000e-10  2.61868433e+00  2.00231779e+00 
 2.58256000e-10  2.58923059e+00  2.05442505e+00 
 2.58456000e-10  2.55805273e+00  2.10622006e+00 
 2.58656000e-10  2.52563042e+00  2.15671946e+00 
 2.58856000e-10  2.49238003e+00  2.20523706e+00 
 2.59056000e-10  2.45866096e+00  2.25132183e+00 
 2.59256000e-10  2.42477956e+00  2.29470449e+00 
 2.59456000e-10  2.39099618e+00  2.33525576e+00 
 2.59656000e-10  2.35752980e+00  2.37295185e+00 
 2.59856000e-10  2.32456510e+00  2.40784858e+00 
 2.60056000e-10  2.29225731e+00  2.44006063e+00 
 2.60256000e-10  2.26074012e+00  2.46974809e+00 
 2.60456000e-10  2.23013210e+00  2.49710458e+00 
 2.60656000e-10  2.20054647e+00  2.52235553e+00 
 2.60856000e-10  2.17210228e+00  2.54576239e+00 
 2.61056000e-10  2.14493992e+00  2.56763380e+00 
 2.61256000e-10  2.11923740e+00  2.58834235e+00 
 2.61456000e-10  2.09522133e+00  2.60833570e+00 
 2.61656000e-10  2.07315443e+00  2.62812205e+00 
 2.61856000e-10  2.05329173e+00  2.64821437e+00 
 2.62056000e-10  2.03582603e+00  2.66905099e+00 
 2.62256000e-10  2.02082920e+00  2.69090916e+00 
 2.62456000e-10  2.00825034e+00  2.71387316e+00 
 2.62656000e-10  1.99795179e+00  2.73785234e+00 
 2.62856000e-10  1.98973956e+00  2.76261980e+00 
 2.63056000e-10  1.98342045e+00  2.78788305e+00 
 2.63256000e-10  1.97881121e+00  2.81331840e+00 
 2.63456000e-10  1.97574301e+00  2.83860059e+00 
 2.63656000e-10  1.97407100e+00  2.86342932e+00 
 2.63856000e-10  1.97367123e+00  2.88754065e+00 
 2.64056000e-10  1.97443842e+00  2.91071395e+00 
 2.64256000e-10  1.97628167e+00  2.93277319e+00 
 2.64456000e-10  1.97912169e+00  2.95358684e+00 
 2.64656000e-10  1.98288789e+00  2.97306524e+00 
 2.64856000e-10  1.98751679e+00  2.99115762e+00 
 2.65056000e-10  1.99295034e+00  3.00784769e+00 
 2.65256000e-10  1.99913458e+00  3.02314936e+00 
 2.65456000e-10  2.00601848e+00  3.03710065e+00 
 2.65656000e-10  2.01355347e+00  3.04975907e+00 
 2.65856000e-10  2.02169327e+00  3.06119596e+00 
 2.66056000e-10  2.03039370e+00  3.07149201e+00 
 2.66256000e-10  2.03961263e+00  3.08073262e+00 
 2.66456000e-10  2.04931024e+00  3.08900444e+00 
 2.66656000e-10  2.05944977e+00  3.09639162e+00 
 2.66856000e-10  2.06999945e+00  3.10297251e+00 
 2.67056000e-10  2.08093679e+00  3.10881455e+00 
 2.67256000e-10  2.09225762e+00  3.11396556e+00 
 2.67456000e-10  2.10399320e+00  3.11843530e+00 
 2.67656000e-10  2.11623840e+00  3.12215624e+00 
 2.67856000e-10  2.12918711e+00  3.12490124e+00 
 2.68056000e-10  2.14316599e+00  3.12612255e+00 
 2.68256000e-10  2.15866251e+00  3.12467295e+00 
 2.68456000e-10  2.17635149e+00  3.11842477e+00 
 2.68656000e-10  2.19710159e+00  3.10395950e+00 
 2.68856000e-10  2.22190555e+00  3.07667197e+00 
 2.69056000e-10  2.25169587e+00  3.03155365e+00 
 2.69256000e-10  2.28708855e+00  2.96455387e+00 
 2.69456000e-10  2.32815639e+00  2.87403094e+00 
 2.69656000e-10  2.37430448e+00  2.76167558e+00 
 2.69856000e-10  2.42424204e+00  2.63255265e+00 
 2.70056000e-10  2.47600906e+00  2.49429294e+00 
 2.70256000e-10  2.52703523e+00  2.35570665e+00 
 2.70456000e-10  2.57476237e+00  2.22460543e+00 
 2.70656000e-10  2.61736495e+00  2.10656039e+00 
 2.70856000e-10  2.65376221e+00  2.00507232e+00 
 2.71056000e-10  2.68312102e+00  1.92223684e+00 
 2.71256000e-10  2.70483865e+00  1.85944035e+00 
 2.71456000e-10  2.71866316e+00  1.81753896e+00 
 2.71656000e-10  2.72468509e+00  1.79644048e+00 
 2.71856000e-10  2.72345900e+00  1.79473793e+00 
 2.72056000e-10  2.71577822e+00  1.80980264e+00 
 2.72256000e-10  2.70247969e+00  1.83826164e+00 
 2.72456000e-10  2.68437880e+00  1.87667513e+00 
 2.72656000e-10  2.66224602e+00  1.92192258e+00 
 2.72856000e-10  2.63680197e+00  1.97137797e+00 
 2.73056000e-10  2.60870226e+00  2.02293615e+00 
 2.73256000e-10  2.57853746e+00  2.07497787e+00 
 2.73456000e-10  2.54682870e+00  2.12629899e+00 
 2.73656000e-10  2.51403359e+00  2.17603760e+00 
 2.73856000e-10  2.48054732e+00  2.22360365e+00 
 2.74056000e-10  2.44671025e+00  2.26862092e+00 
 2.74256000e-10  2.41281133e+00  2.31087769e+00 
 2.74456000e-10  2.37909576e+00  2.35028826e+00 
 2.74656000e-10  2.34576930e+00  2.38686165e+00 
 2.74856000e-10  2.31300562e+00  2.42067797e+00 
 2.75056000e-10  2.28095116e+00  2.45187017e+00 
 2.75256000e-10  2.24973339e+00  2.48061164e+00 
 2.75456000e-10  2.21946820e+00  2.50710850e+00 
 2.75656000e-10  2.19027051e+00  2.53159937e+00 
 2.75856000e-10  2.16226542e+00  2.55436100e+00 
 2.76056000e-10  2.13560598e+00  2.57572413e+00 
 2.76256000e-10  2.11048862e+00  2.59608992e+00 
 2.76456000e-10  2.08715704e+00  2.61593267e+00 
 2.76656000e-10  2.06587764e+00  2.63577090e+00 
 2.76856000e-10  2.04688560e+00  2.65609646e+00 
 2.77056000e-10  2.03033461e+00  2.67729554e+00 
 2.77256000e-10  2.01624830e+00  2.69957243e+00 
 2.77456000e-10  2.00453565e+00  2.72293937e+00 
 2.77656000e-10  1.99502736e+00  2.74724254e+00 
 2.77856000e-10  1.98753439e+00  2.77223054e+00 
 2.78056000e-10  1.98186694e+00  2.79759503e+00 
 2.78256000e-10  1.97784227e+00  2.82300575e+00 
 2.78456000e-10  1.97530153e+00  2.84814566e+00 
 2.78656000e-10  1.97410731e+00  2.87272676e+00 
 2.78856000e-10  1.97414384e+00  2.89650165e+00 
 2.79056000e-10  1.97531139e+00  2.91926635e+00 
 2.79256000e-10  1.97752433e+00  2.94086237e+00 
 2.79456000e-10  1.98070664e+00  2.96117416e+00 
 2.79656000e-10  1.98479098e+00  2.98012761e+00 
 2.79856000e-10  1.98971583e+00  2.99768528e+00 
 2.80056000e-10  1.99542514e+00  3.01384321e+00 
 2.80256000e-10  2.00186589e+00  3.02862483e+00 
 2.80456000e-10  2.00898829e+00  3.04207635e+00 
 2.80656000e-10  2.01674441e+00  3.05426089e+00 
 2.80856000e-10  2.02508899e+00  3.06525400e+00 
 2.81056000e-10  2.03397842e+00  3.07513845e+00 
 2.81256000e-10  2.04337158e+00  3.08400065e+00 
 2.81456000e-10  2.05322948e+00  3.09192650e+00 
 2.81656000e-10  2.06351707e+00  3.09899857e+00 
 2.81856000e-10  2.07420521e+00  3.10529165e+00 
 2.82056000e-10  2.08527696e+00  3.11086729e+00 
 2.82256000e-10  2.09673869e+00  3.11576190e+00 
 2.82456000e-10  2.10864165e+00  3.11996274e+00 
 2.82656000e-10  2.12111330e+00  3.12335547e+00 
 2.82856000e-10  2.13439458e+00  3.12561819e+00 
 2.83056000e-10  2.14887015e+00  3.12601977e+00 
 2.83256000e-10  2.16509218e+00  3.12309313e+00 
 2.83456000e-10  2.18380832e+00  3.11425191e+00 
 2.83656000e-10  2.20594797e+00  3.09558945e+00 
 2.83856000e-10  2.23250905e+00  3.06222007e+00 
 2.84056000e-10  2.26433730e+00  3.00931470e+00 
 2.84256000e-10  2.30186785e+00  2.93356631e+00 
 2.84456000e-10  2.34493322e+00  2.83451238e+00 
 2.84656000e-10  2.39270765e+00  2.71516400e+00 
 2.84856000e-10  2.44363158e+00  2.58196099e+00 
 2.85056000e-10  2.49544802e+00  2.44323394e+00 
 2.85256000e-10  2.54551116e+00  2.30721061e+00 
 2.85456000e-10  2.59149683e+00  2.18078446e+00 
 2.85656000e-10  2.63188199e+00  2.06879502e+00 
 2.85856000e-10  2.66573682e+00  1.97421697e+00 
 2.86056000e-10  2.69239639e+00  1.89885779e+00 
 2.86256000e-10  2.71133936e+00  1.84389527e+00 
 2.86456000e-10  2.72234018e+00  1.80982969e+00 
 2.86656000e-10  2.72566069e+00  1.79612436e+00 
 2.86856000e-10  2.72198031e+00  1.80093703e+00 
 2.87056000e-10  2.71213708e+00  1.82128583e+00 
 2.87256000e-10  2.69697126e+00  1.85372015e+00 
 2.87456000e-10  2.67728205e+00  1.89488638e+00 
 2.87656000e-10  2.65382879e+00  1.94184702e+00 
 2.87856000e-10  2.62731154e+00  1.99217230e+00 
 2.88056000e-10  2.59836670e+00  2.04394652e+00 
 2.88256000e-10  2.56755638e+00  2.09571641e+00 
 2.88456000e-10  2.53537772e+00  2.14641240e+00 
 2.88656000e-10  2.50226390e+00  2.19528109e+00 
 2.88856000e-10  2.46859158e+00  2.24182253e+00 
 2.89056000e-10  2.43468043e+00  2.28572541e+00 
 2.89256000e-10  2.40080270e+00  2.32682863e+00 
 2.89456000e-10  2.36718751e+00  2.36508458e+00 
 2.89656000e-10  2.33402912e+00  2.40053229e+00 
 2.89856000e-10  2.30149039e+00  2.43327351e+00 
 2.90056000e-10  2.26971099e+00  2.46345863e+00 
 2.90256000e-10  2.23881308e+00  2.49127316e+00 
 2.90456000e-10  2.20891181e+00  2.51693537e+00 
 2.90656000e-10  2.18012445e+00  2.54069721e+00 
 2.90856000e-10  2.15258565e+00  2.56285425e+00 
 2.91056000e-10  2.12646369e+00  2.58376250e+00 
 2.91256000e-10  2.10197435e+00  2.60385201e+00 
 2.91456000e-10  2.07937533e+00  2.62362041e+00 
 2.91656000e-10  2.05893017e+00  2.64358772e+00 
 2.91856000e-10  2.04084639e+00  2.66421359e+00 
 2.92056000e-10  2.02522369e+00  2.68581404e+00 
 2.92256000e-10  2.01203932e+00  2.70851670e+00 
 2.92456000e-10  2.00117251e+00  2.73226741e+00 
 2.92656000e-10  1.99243718e+00  2.75686448e+00 
 2.92856000e-10  1.98564106e+00  2.78202927e+00 
 2.93056000e-10  1.98059809e+00  2.80744276e+00 
 2.93256000e-10  1.97713429e+00  2.83277729e+00 
 2.93456000e-10  1.97510151e+00  2.85772715e+00 
 2.93656000e-10  1.97436968e+00  2.88201830e+00 
 2.93856000e-10  1.97482840e+00  2.90541959e+00 
 2.94056000e-10  1.97638410e+00  2.92774504e+00 
 2.94256000e-10  1.97895526e+00  2.94885323e+00 
 2.94456000e-10  1.98246969e+00  2.96864500e+00 
 2.94656000e-10  1.98686249e+00  2.98706083e+00 
 2.94856000e-10  1.99207454e+00  3.00407660e+00 
 2.95056000e-10  1.99805105e+00  3.01969947e+00 
 2.95256000e-10  2.00474036e+00  3.03396203e+00 
 2.95456000e-10  2.01209335e+00  3.04691754e+00 
 2.95656000e-10  2.02006308e+00  3.05863425e+00 
 2.95856000e-10  2.02860490e+00  3.06919091e+00 
 2.96056000e-10  2.03767622e+00  3.07867215e+00 
 2.96256000e-10  2.04723663e+00  3.08716455e+00 
 2.96456000e-10  2.05724853e+00  3.09475312e+00 
 2.96656000e-10  2.06767861e+00  3.10151796e+00 
 2.96856000e-10  2.07850139e+00  3.10752967e+00 
 2.97056000e-10  2.08970680e+00  3.11284215e+00 
 2.97256000e-10  2.10131490e+00  3.11747730e+00 
 2.97456000e-10  2.11340132e+00  3.12139272e+00 
 2.97656000e-10  2.12613209e+00  3.12441318e+00 
 2.97856000e-10  2.13979914e+00  3.12609413e+00 
 2.98056000e-10  2.15484901e+00  3.12547550e+00 
 2.98256000e-10  2.17190820e+00  3.12071813e+00 
 2.98456000e-10  2.19179903e+00  3.10874784e+00 
 2.98656000e-10  2.21548525e+00  3.08524863e+00 
 2.98856000e-10  2.24392772e+00  3.04520048e+00 
 2.99056000e-10  2.27784808e+00  2.98413772e+00 
 2.99256000e-10  2.31748106e+00  2.89967702e+00 
 2.99456000e-10  2.36244348e+00  2.79262812e+00 
 2.99656000e-10  2.41161336e+00  2.66752331e+00 
 2.99856000e-10  2.46315351e+00  2.53158233e+00 
 3.00056000e-10  2.51463565e+00  2.39312246e+00 
 3.00256000e-10  2.56343605e+00  2.26004162e+00 
 3.00456000e-10  2.60751073e+00  2.13853173e+00 
 3.00656000e-10  2.64558911e+00  2.03270514e+00 
 3.00856000e-10  2.67686676e+00  1.94504115e+00 
 3.01056000e-10  2.70072688e+00  1.87709176e+00 
 3.01256000e-10  2.71672784e+00  1.82984438e+00 
 3.01456000e-10  2.72481361e+00  1.80352237e+00 
 3.01656000e-10  2.72544916e+00  1.79706882e+00 
 3.01856000e-10  2.71939971e+00  1.80809290e+00 
 3.02056000e-10  2.70749485e+00  1.83336178e+00 
 3.02256000e-10  2.69056174e+00  1.86942290e+00 
 3.02456000e-10  2.66939181e+00  1.91305052e+00 
 3.02656000e-10  2.64472501e+00  1.96147722e+00 
 3.02856000e-10  2.61723467e+00  2.01248163e+00 
 3.03056000e-10  2.58752911e+00  2.06433571e+00 
 3.03256000e-10  2.55614776e+00  2.11574199e+00 
 3.03456000e-10  2.52356494e+00  2.16576114e+00 
 3.03656000e-10  2.49019208e+00  2.21374174e+00 
 3.03856000e-10  2.45638376e+00  2.25925931e+00 
 3.04056000e-10  2.42244223e+00  2.30206533e+00 
 3.04256000e-10  2.38862396e+00  2.34204604e+00 
 3.04456000e-10  2.35514489e+00  2.37918960e+00 
 3.04656000e-10  2.32218665e+00  2.41355988e+00 
 3.04856000e-10  2.28990238e+00  2.44527824e+00 
 3.05056000e-10  2.25842447e+00  2.47451012e+00 
 3.05256000e-10  2.22787211e+00  2.50145415e+00 
 3.05456000e-10  2.19835999e+00  2.52634006e+00 
 3.05656000e-10  2.17001051e+00  2.54943497e+00 
 3.05856000e-10  2.14296964e+00  2.57105587e+00 
 3.06056000e-10  2.11742316e+00  2.59158623e+00 
 3.06256000e-10  2.09360527e+00  2.61148444e+00 
 3.06456000e-10  2.07178196e+00  2.63126432e+00 
 3.06656000e-10  2.05220259e+00  2.65143293e+00 
 3.06856000e-10  2.03503739e+00  2.67240253e+00 
 3.07056000e-10  2.02033799e+00  2.69441854e+00 
 3.07256000e-10  2.00803965e+00  2.71753530e+00 
 3.07456000e-10  1.99799453e+00  2.74163835e+00 
 3.07656000e-10  1.99000616e+00  2.76648686e+00 
 3.07856000e-10  1.98388190e+00  2.79178146e+00 
 3.08056000e-10  1.97944167e+00  2.81719788e+00 
 3.08256000e-10  1.97652276e+00  2.84241567e+00 
 3.08456000e-10  1.97498240e+00  2.86713883e+00 
 3.08656000e-10  1.97469803e+00  2.89110931e+00 
 3.08856000e-10  1.97556756e+00  2.91411419e+00 
 3.09056000e-10  1.97750206e+00  2.93598450e+00 
 3.09256000e-10  1.98042425e+00  2.95659558e+00 
 3.09456000e-10  1.98426462e+00  2.97586361e+00 
 3.09656000e-10  1.98896089e+00  2.99374329e+00 
 3.09856000e-10  1.99445551e+00  3.01022273e+00 
 3.10056000e-10  2.00069517e+00  3.02531962e+00 
 3.10256000e-10  2.00762908e+00  3.03907475e+00 
 3.10456000e-10  2.01520902e+00  3.05154777e+00 
 3.10656000e-10  2.02338889e+00  3.06281129e+00 
 3.10856000e-10  2.03212500e+00  3.07294697e+00 
 3.11056000e-10  2.04137538e+00  3.08204033e+00 
 3.11256000e-10  2.05110073e+00  3.09017789e+00 
 3.11456000e-10  2.06126465e+00  3.09744303e+00 
 3.11656000e-10  2.07183629e+00  3.10391293e+00 
 3.11856000e-10  2.08279465e+00  3.10965297e+00 
 3.12056000e-10  2.09413874e+00  3.11470758e+00 
 3.12256000e-10  2.10590574e+00  3.11907968e+00 
 3.12456000e-10  2.11820070e+00  3.12268813e+00 
 3.12656000e-10  2.13123272e+00  3.12527804e+00 
 3.12856000e-10  2.14534848e+00  3.12624821e+00 
 3.13056000e-10  2.16105866e+00  3.12435734e+00 
 3.13256000e-10  2.17906259e+00  3.11733808e+00 
 3.13456000e-10  2.20024173e+00  3.10163005e+00 
 3.13656000e-10  2.22558451e+00  3.07252617e+00 
 3.13856000e-10  2.25599970e+00  3.02504238e+00 
 3.14056000e-10  2.29208300e+00  2.95533398e+00 
 3.14256000e-10  2.33383802e+00  2.86238271e+00 
 3.14456000e-10  2.38055035e+00  2.74849302e+00 
 3.14656000e-10  2.43082629e+00  2.61896200e+00 
 3.14856000e-10  2.48262874e+00  2.48145983e+00 
 3.15056000e-10  2.53338466e+00  2.34437296e+00 
 3.15256000e-10  2.58061069e+00  2.21508866e+00 
 3.15456000e-10  2.62256475e+00  2.09904738e+00 
 3.15656000e-10  2.65819150e+00  1.99969841e+00 
 3.15856000e-10  2.68677380e+00  1.91912629e+00 
 3.16056000e-10  2.70774590e+00  1.85867878e+00 
 3.16256000e-10  2.72077785e+00  1.81912328e+00 
 3.16456000e-10  2.72600979e+00  1.80023409e+00 
 3.16656000e-10  2.72404950e+00  1.80046468e+00 
 3.16856000e-10  2.71570455e+00  1.81706629e+00 
 3.17056000e-10  2.70181623e+00  1.84665205e+00 
 3.17256000e-10  2.68320410e+00  1.88579589e+00 
 3.17456000e-10  2.66064019e+00  1.93141091e+00 
 3.17656000e-10  2.63483783e+00  1.98094789e+00 
 3.17856000e-10  2.60644683e+00  2.03237299e+00 
 3.18056000e-10  2.57604985e+00  2.08412550e+00 
 3.18256000e-10  2.54416190e+00  2.13504900e+00 
 3.18456000e-10  2.51123333e+00  2.18431841e+00 
 3.18656000e-10  2.47765388e+00  2.23137298e+00 
 3.18856000e-10  2.44375791e+00  2.27585867e+00 
 3.19056000e-10  2.40983000e+00  2.31758120e+00 
 3.19256000e-10  2.37611075e+00  2.35646777e+00 
 3.19456000e-10  2.34280256e+00  2.39253680e+00 
 3.19656000e-10  2.31007555e+00  2.42587545e+00 
 3.19856000e-10  2.27807433e+00  2.45662280e+00 
 3.20056000e-10  2.24692554e+00  2.48495709e+00 
 3.20256000e-10  2.21674577e+00  2.51108852e+00 
 3.20456000e-10  2.18765095e+00  2.53525931e+00 
 3.20656000e-10  2.15977051e+00  2.55775343e+00 
 3.20856000e-10  2.13326361e+00  2.57891081e+00 
 3.21056000e-10  2.10833435e+00  2.59914313e+00 
 3.21256000e-10  2.08523252e+00  2.61893391e+00 
 3.21456000e-10  2.06422496e+00  2.63880367e+00 
 3.21656000e-10  2.04553782e+00  2.65923382e+00 
 3.21856000e-10  2.02929894e+00  2.68057968e+00 
 3.22056000e-10  2.01551353e+00  2.70301432e+00 
 3.22256000e-10  2.00408073e+00  2.72652384e+00 
 3.22456000e-10  1.99482419e+00  2.75093507e+00 
 3.22656000e-10  1.98755398e+00  2.77598611e+00 
 3.22856000e-10  1.98208170e+00  2.80136443e+00 
 3.23056000e-10  1.97823129e+00  2.82674317e+00 
 3.23256000e-10  1.97584506e+00  2.85180744e+00 
 3.23456000e-10  1.97478700e+00  2.87627413e+00 
 3.23656000e-10  1.97494472e+00  2.89990313e+00 
 3.23856000e-10  1.97622102e+00  2.92249763e+00 
 3.24056000e-10  1.97853235e+00  2.94390593e+00 
 3.24256000e-10  1.98180421e+00  2.96401873e+00 
 3.24456000e-10  1.98597039e+00  2.98276752e+00 
 3.24656000e-10  1.99097021e+00  3.00011972e+00 
 3.24856000e-10  1.99674818e+00  3.01607551e+00 
 3.25056000e-10  2.00325175e+00  3.03066158e+00 
 3.25256000e-10  2.01043141e+00  3.04392668e+00 
 3.25456000e-10  2.01823949e+00  3.05593566e+00 
 3.25656000e-10  2.02663101e+00  3.06676521e+00 
 3.25856000e-10  2.03556273e+00  3.07649873e+00 
 3.26056000e-10  2.04499385e+00  3.08522274e+00 
 3.26256000e-10  2.05488582e+00  3.09302276e+00 
 3.26456000e-10  2.06520409e+00  3.09998041e+00 
 3.26656000e-10  2.07592061e+00  3.10616912e+00 
 3.26856000e-10  2.08702046e+00  3.11164807e+00 
 3.27056000e-10  2.09851405e+00  3.11644925e+00 
 3.27256000e-10  2.11045998e+00  3.12055118e+00 
 3.27456000e-10  2.12299775e+00  3.12382173e+00 
 3.27656000e-10  2.13638439e+00  3.12590299e+00 
 3.27856000e-10  2.15102476e+00  3.12599595e+00 
 3.28056000e-10  2.16749741e+00  3.12252264e+00 
 3.28256000e-10  2.18656985e+00  3.11274987e+00 
 3.28456000e-10  2.20917919e+00  3.09262368e+00 
 3.28656000e-10  2.23631742e+00  3.05719587e+00 
 3.28856000e-10  2.26879756e+00  3.00173479e+00 
 3.29056000e-10  2.30702383e+00  2.92321244e+00 
 3.29256000e-10  2.35074986e+00  2.82184623e+00 
 3.29456000e-10  2.39899627e+00  2.70121679e+00 
 3.29656000e-10  2.45012146e+00  2.56764239e+00 
 3.29856000e-10  2.50185009e+00  2.42928595e+00 
 3.30056000e-10  2.55154128e+00  2.29432351e+00 
 3.30256000e-10  2.59694979e+00  2.16947157e+00 
 3.30456000e-10  2.63662952e+00  2.05937561e+00 
 3.30656000e-10  2.66969022e+00  1.96687930e+00 
 3.30856000e-10  2.69547998e+00  1.89373190e+00 
 3.31056000e-10  2.71349776e+00  1.84107433e+00 
 3.31256000e-10  2.72356816e+00  1.80932535e+00 
 3.31456000e-10  2.72601701e+00  1.79780274e+00 
 3.31656000e-10  2.72155654e+00  1.80450453e+00 
 3.31856000e-10  2.71102911e+00  1.82637653e+00 
 3.32056000e-10  2.69527837e+00  1.85993757e+00 
 3.32256000e-10  2.67510218e+00  1.90183517e+00 
 3.32456000e-10  2.65125013e+00  1.94919856e+00 
 3.32656000e-10  2.62441061e+00  1.99966991e+00 
 3.32856000e-10  2.59520967e+00  2.05139836e+00 
 3.33056000e-10  2.56420307e+00  2.10298071e+00 
 3.33256000e-10  2.53188201e+00  2.15339219e+00 
 3.33456000e-10  2.49867259e+00  2.20191252e+00 
 3.33656000e-10  2.46494381e+00  2.24806414e+00 
 3.33856000e-10  2.43101002e+00  2.29155687e+00 
 3.34056000e-10  2.39713913e+00  2.33224578e+00 
 3.34256000e-10  2.36355612e+00  2.37009446e+00 
 3.34456000e-10  2.33045090e+00  2.40514967e+00 
 3.34656000e-10  2.29798297e+00  2.43751971e+00 
 3.34856000e-10  2.26628991e+00  2.46735980e+00 
 3.35056000e-10  2.23549325e+00  2.49485999e+00 
 3.35256000e-10  2.20570799e+00  2.52024180e+00 
 3.35456000e-10  2.17705297e+00  2.54376171e+00 
 3.35656000e-10  2.14966678e+00  2.56572255e+00 
 3.35856000e-10  2.12372359e+00  2.58648934e+00 
 3.36056000e-10  2.09944581e+00  2.60650194e+00 
 3.36256000e-10  2.07709461e+00  2.62626408e+00 
 3.36456000e-10  2.05692957e+00  2.64629242e+00 
 3.36656000e-10  2.03914589e+00  2.66703115e+00 
 3.36856000e-10  2.02382666e+00  2.68877215e+00 
 3.37056000e-10  2.01093409e+00  2.71161733e+00 
 3.37256000e-10  2.00033747e+00  2.73549095e+00 
 3.37456000e-10  1.99184669e+00  2.76017707e+00 
 3.37656000e-10  1.98526914e+00  2.78538937e+00 
 3.37856000e-10  1.98042453e+00  2.81080947e+00 
 3.38056000e-10  1.97713900e+00  2.83610890e+00 
 3.38256000e-10  1.97526288e+00  2.86098325e+00 
 3.38456000e-10  1.97467125e+00  2.88516589e+00 
 3.38656000e-10  1.97525759e+00  2.90843243e+00 
 3.38856000e-10  1.97693038e+00  2.93060292e+00 
 3.39056000e-10  1.97960954e+00  2.95154161e+00 
 3.39256000e-10  1.98322393e+00  2.97115476e+00 
 3.39456000e-10  1.98770939e+00  2.98938762e+00 
 3.39656000e-10  1.99300743e+00  3.00622034e+00 
 3.39856000e-10  1.99906363e+00  3.02166361e+00 
 3.40056000e-10  2.00582674e+00  3.03575290e+00 
 3.40256000e-10  2.01324775e+00  3.04854352e+00 
 3.40456000e-10  2.02128019e+00  3.06010535e+00 
 3.40656000e-10  2.02987967e+00  3.07051813e+00 
 3.40856000e-10  2.03900393e+00  3.07986688e+00 
 3.41056000e-10  2.04861282e+00  3.08823808e+00 
 3.41256000e-10  2.05866907e+00  3.09571618e+00 
 3.41456000e-10  2.06914008e+00  3.10238034e+00 
 3.41656000e-10  2.08000174e+00  3.10829967e+00 
 3.41856000e-10  2.09124662e+00  3.11352518e+00 
 3.42056000e-10  2.10289990e+00  3.11807323e+00 
 3.42256000e-10  2.11504604e+00  3.12189005e+00 
 3.42456000e-10  2.12786435e+00  3.12477715e+00 
 3.42656000e-10  2.14166386e+00  3.12624382e+00 
 3.42856000e-10  2.15691126e+00  3.12524581e+00 
 3.43056000e-10  2.17425612e+00  3.11981231e+00 
 3.43256000e-10  2.19453604e+00  3.10671805e+00 
 3.43456000e-10  2.21872655e+00  3.08148921e+00 
 3.43656000e-10  2.24778239e+00  3.03909449e+00 
 3.43856000e-10  2.28240917e+00  2.97525121e+00 
 3.44056000e-10  2.32277049e+00  2.88816700e+00 
 3.44256000e-10  2.36833102e+00  2.77926947e+00 
 3.44456000e-10  2.41786694e+00  2.65309792e+00 
 3.44656000e-10  2.46950703e+00  2.51685095e+00 
 3.44856000e-10  2.52078097e+00  2.37891508e+00 
 3.45056000e-10  2.56909976e+00  2.24705766e+00 
 3.45256000e-10  2.61251193e+00  2.12725621e+00 
 3.45456000e-10  2.64981990e+00  2.02342463e+00 
 3.45656000e-10  2.68024877e+00  1.93792548e+00 
 3.45856000e-10  2.70319675e+00  1.87225713e+00 
 3.46056000e-10  2.71825269e+00  1.82735415e+00 
 3.46256000e-10  2.72542155e+00  1.80327842e+00 
 3.46456000e-10  2.72521008e+00  1.79884134e+00 
 3.46656000e-10  2.71839973e+00  1.81157107e+00 
 3.46856000e-10  2.70583440e+00  1.83817939e+00 
 3.47056000e-10  2.68834411e+00  1.87519607e+00 
 3.47256000e-10  2.66671202e+00  1.91941756e+00 
 3.47456000e-10  2.64166681e+00  1.96816230e+00 
 3.47656000e-10  2.61387428e+00  2.01926677e+00 
 3.47856000e-10  2.58393482e+00  2.07105574e+00 
 3.48056000e-10  2.55237994e+00  2.12227642e+00 
 3.48256000e-10  2.51967638e+00  2.17202612e+00 
 3.48456000e-10  2.48622845e+00  2.21968242e+00 
 3.48656000e-10  2.45238430e+00  2.26484356e+00 
 3.48856000e-10  2.41844034e+00  2.30727842e+00 
 3.49056000e-10  2.38464778e+00  2.34688592e+00 
 3.49256000e-10  2.35121769e+00  2.38366375e+00 
 3.49456000e-10  2.31832810e+00  2.41768406e+00 
 3.49656000e-10  2.28612995e+00  2.44907453e+00 
 3.49856000e-10  2.25475388e+00  2.47800381e+00 
 3.50056000e-10  2.22431784e+00  2.50467359e+00 
 3.50256000e-10  2.19493675e+00  2.52931784e+00 
 3.50456000e-10  2.16673499e+00  2.55220868e+00 
 3.50656000e-10  2.13986267e+00  2.57367025e+00 
 3.50856000e-10  2.11451141e+00  2.59409495e+00 
 3.51056000e-10  2.09092087e+00  2.61394970e+00 
 3.51256000e-10  2.06935806e+00  2.63375139e+00 
 3.51456000e-10  2.05006572e+00  2.65399998e+00 
 3.51656000e-10  2.03320057e+00  2.67508993e+00 
 3.51856000e-10  2.01879886e+00  2.69724305e+00 
 3.52056000e-10  2.00678340e+00  2.72049081e+00 
 3.52256000e-10  1.99699046e+00  2.74469359e+00 
 3.52456000e-10  1.98923413e+00  2.76961015e+00 
 3.52656000e-10  1.98332903e+00  2.79494072e+00 
 3.52856000e-10  1.97908703e+00  2.82035293e+00 
 3.53056000e-10  1.97634316e+00  2.84552560e+00 
 3.53256000e-10  1.97495917e+00  2.87016860e+00 
 3.53456000e-10  1.97481756e+00  2.89403062e+00 
 3.53656000e-10  1.97581805e+00  2.91690383e+00 
 3.53856000e-10  1.97787388e+00  2.93862511e+00 
 3.54056000e-10  1.98090855e+00  2.95907472e+00 
 3.54256000e-10  1.98485377e+00  2.97817402e+00 
 3.54456000e-10  1.98964762e+00  2.99588182e+00 
 3.54656000e-10  1.99523335e+00  3.01219031e+00 
 3.54856000e-10  2.00155778e+00  3.02712012e+00 
 3.55056000e-10  2.00857050e+00  3.04071468e+00 
 3.55256000e-10  2.01622352e+00  3.05303541e+00 
 3.55456000e-10  2.02447124e+00  3.06415649e+00 
 3.55656000e-10  2.03327004e+00  3.07416008e+00 
 3.55856000e-10  2.04257842e+00  3.08313211e+00 
 3.56056000e-10  2.05235709e+00  3.09115863e+00 
 3.56256000e-10  2.06257031e+00  3.09832261e+00 
 3.56456000e-10  2.07318798e+00  3.10470010e+00 
 3.56656000e-10  2.08419099e+00  3.11035468e+00 
 3.56856000e-10  2.09558164e+00  3.11532705e+00 
 3.57056000e-10  2.10740353e+00  3.11961310e+00 
 3.57256000e-10  2.11977212e+00  3.12311675e+00 
 3.57456000e-10  2.13291143e+00  3.12555302e+00 
 3.57656000e-10  2.14718633e+00  3.12626215e+00 
 3.57856000e-10  2.16312886e+00  3.12390128e+00 
 3.58056000e-10  2.18145726e+00  3.11605964e+00 
 3.58256000e-10  2.20307224e+00  3.09900377e+00 
 3.58456000e-10  2.22897202e+00  3.06793304e+00 
 3.58656000e-10  2.26006441e+00  3.01790788e+00 
 3.58856000e-10  2.29686484e+00  2.94552591e+00 
 3.59056000e-10  2.33926974e+00  2.85010867e+00 
 3.59256000e-10  2.38648488e+00  2.73416943e+00 
 3.59456000e-10  2.43705132e+00  2.60336727e+00 
 3.59656000e-10  2.48886225e+00  2.46555416e+00 
 3.59856000e-10  2.53930924e+00  2.32908031e+00 
 3.60056000e-10  2.58597752e+00  2.20113906e+00 
 3.60256000e-10  2.62721949e+00  2.08692498e+00 
 3.60456000e-10  2.66203884e+00  1.98969303e+00 
 3.60656000e-10  2.68973947e+00  1.91141881e+00 
 3.60856000e-10  2.70977484e+00  1.85339014e+00 
 3.61056000e-10  2.72186285e+00  1.81623603e+00 
 3.61256000e-10  2.72619336e+00  1.79960190e+00 
 3.61456000e-10  2.72340435e+00  1.80183504e+00 
 3.61656000e-10  2.71433211e+00  1.82010384e+00 
 3.61856000e-10  2.69982777e+00  1.85096175e+00 
 3.62056000e-10  2.68069983e+00  1.89097348e+00 
 3.62256000e-10  2.65771053e+00  1.93714243e+00 
 3.62456000e-10  2.63156435e+00  1.98697635e+00 
 3.62656000e-10  2.60290411e+00  2.03849839e+00 
 3.62856000e-10  2.57230324e+00  2.09019694e+00 
 3.63056000e-10  2.54026938e+00  2.14095729e+00 
 3.63256000e-10  2.50724466e+00  2.18998765e+00 
 3.63456000e-10  2.47361229e+00  2.23675379e+00 
 3.63656000e-10  2.43969990e+00  2.28092212e+00 
 3.63856000e-10  2.40578659e+00  2.32231365e+00 
 3.64056000e-10  2.37210730e+00  2.36086705e+00 
 3.64256000e-10  2.33886047e+00  2.39661044e+00 
 3.64456000e-10  2.30621320e+00  2.42963824e+00 
 3.64656000e-10  2.27430819e+00  2.46009477e+00 
 3.64856000e-10  2.24327020e+00  2.48816164e+00 
 3.65056000e-10  2.21321495e+00  2.51405211e+00 
 3.65256000e-10  2.18425906e+00  2.53801312e+00 
 3.65456000e-10  2.15653456e+00  2.56033419e+00 
 3.65656000e-10  2.13020520e+00  2.58136309e+00 
 3.65856000e-10  2.10548094e+00  2.60152039e+00 
 3.66056000e-10  2.08261569e+00  2.62129676e+00 
 3.66256000e-10  2.06187490e+00  2.64121260e+00 
 3.66456000e-10  2.04347567e+00  2.66173880e+00 
 3.66656000e-10  2.02753174e+00  2.68321101e+00 
 3.66856000e-10  2.01403423e+00  2.70577956e+00 
 3.67056000e-10  2.00287210e+00  2.72941008e+00 
 3.67256000e-10  1.99386400e+00  2.75391499e+00 
 3.67456000e-10  1.98681877e+00  2.77902381e+00 
 3.67656000e-10  1.98155335e+00  2.80442391e+00 
 3.67856000e-10  1.97788791e+00  2.82978402e+00 
 3.68056000e-10  1.97566665e+00  2.85479231e+00 
 3.68256000e-10  1.97475943e+00  2.87917229e+00 
 3.68456000e-10  1.97505548e+00  2.90268860e+00 
 3.68656000e-10  1.97645990e+00  2.92515004e+00 
 3.68856000e-10  1.97889005e+00  2.94640989e+00 
 3.69056000e-10  1.98227271e+00  2.96636407e+00 
 3.69256000e-10  1.98654212e+00  2.98494836e+00 
 3.69456000e-10  1.99163849e+00  3.00213449e+00 
 3.69656000e-10  1.99750649e+00  3.01792594e+00 
 3.69856000e-10  2.00409402e+00  3.03235235e+00 
 3.70056000e-10  2.01135164e+00  3.04546457e+00 
 3.70256000e-10  2.01923235e+00  3.05732937e+00 
 3.70456000e-10  2.02769130e+00  3.06802446e+00 
 3.70656000e-10  2.03668560e+00  3.07763378e+00 
 3.70856000e-10  2.04617445e+00  3.08624369e+00 
 3.71056000e-10  2.05611976e+00  3.09393952e+00 
 3.71256000e-10  2.06648751e+00  3.10080219e+00 
 3.71456000e-10  2.07725087e+00  3.10690387e+00 
 3.71656000e-10  2.08839707e+00  3.11230130e+00 
 3.71856000e-10  2.09994094e+00  3.11702195e+00 
 3.72056000e-10  2.11194877e+00  3.12103491e+00 
 3.72256000e-10  2.12457228e+00  3.12418874e+00 
 3.72456000e-10  2.13808467e+00  3.12608651e+00 
 3.72656000e-10  2.15291025e+00  3.12585628e+00 
 3.72856000e-10  2.16964668e+00  3.12180080e+00 
 3.73056000e-10  2.18908333e+00  3.11102124e+00 
 3.73256000e-10  2.21217880e+00  3.08932036e+00 
 3.73456000e-10  2.23993861e+00  3.05168376e+00 
 3.73656000e-10  2.27314652e+00  2.99364289e+00 
 3.73856000e-10  2.31209286e+00  2.91267685e+00 
 3.74056000e-10  2.35641798e+00  2.80919773e+00 
 3.74256000e-10  2.40508340e+00  2.68696204e+00 
 3.74456000e-10  2.45639078e+00  2.55259603e+00 
 3.74656000e-10  2.50800364e+00  2.41436298e+00 
 3.74856000e-10  2.55728472e+00  2.28033714e+00 
 3.75056000e-10  2.60207712e+00  2.15701990e+00 
 3.75256000e-10  2.64101683e+00  2.04883295e+00 
 3.75456000e-10  2.67325334e+00  1.95846917e+00 
 3.75656000e-10  2.69815027e+00  1.88760311e+00 
 3.75856000e-10  2.71523083e+00  1.83732115e+00 
 3.76056000e-10  2.72437342e+00  1.80794297e+00 
 3.76256000e-10  2.72596442e+00  1.79863246e+00 
 3.76456000e-10  2.72074378e+00  1.80726968e+00 
 3.76656000e-10  2.70956200e+00  1.83067360e+00 
 3.76856000e-10  2.69325586e+00  1.86532117e+00 
 3.77056000e-10  2.67261199e+00  1.90794380e+00 
 3.77256000e-10  2.64837464e+00  1.95572976e+00 
 3.77456000e-10  2.62122505e+00  2.00638203e+00 
 3.77656000e-10  2.59178192e+00  2.05810632e+00 
 3.77856000e-10  2.56059323e+00  2.10954781e+00 
 3.78056000e-10  2.52814288e+00  2.15972160e+00 
 3.78256000e-10  2.49484994e+00  2.20793924e+00 
 3.78456000e-10  2.46107710e+00  2.25374806e+00 
 3.78656000e-10  2.42713290e+00  2.29687713e+00 
 3.78856000e-10  2.39328004e+00  2.33719563e+00 
 3.79056000e-10  2.35973879e+00  2.37467836e+00 
 3.79256000e-10  2.32669552e+00  2.40938074e+00 
 3.79456000e-10  2.29430737e+00  2.44141767e+00 
 3.79656000e-10  2.26270973e+00  2.47094832e+00 
 3.79856000e-10  2.23202275e+00  2.49816604e+00 
 3.80056000e-10  2.20236136e+00  2.52329656e+00 
 3.80256000e-10  2.17384598e+00  2.54660108e+00 
 3.80456000e-10  2.14661889e+00  2.56838913e+00 
 3.80656000e-10  2.12085985e+00  2.58903443e+00 
 3.80856000e-10  2.09679723e+00  2.60898588e+00 
 3.81056000e-10  2.07469478e+00  2.62875231e+00 
 3.81256000e-10  2.05480752e+00  2.64884614e+00 
 3.81456000e-10  2.03731856e+00  2.66969615e+00 
 3.81656000e-10  2.02229553e+00  2.69157149e+00 
 3.81856000e-10  2.00968711e+00  2.71455040e+00 
 3.82056000e-10  1.99935395e+00  2.73853782e+00 
 3.82256000e-10  1.99110258e+00  2.76330521e+00 
 3.82456000e-10  1.98474542e+00  2.78856366e+00 
 3.82656000e-10  1.98009634e+00  2.81398688e+00 
 3.82856000e-10  1.97698335e+00  2.83924807e+00 
 3.83056000e-10  1.97526369e+00  2.86404945e+00 
 3.83256000e-10  1.97481442e+00  2.88812897e+00 
 3.83456000e-10  1.97553178e+00  2.91126814e+00 
 3.83656000e-10  1.97732542e+00  2.93329228e+00 
 3.83856000e-10  1.98011678e+00  2.95407126e+00 
 3.84056000e-10  1.98383528e+00  2.97351606e+00 
 3.84256000e-10  1.98841780e+00  2.99157670e+00 
 3.84456000e-10  1.99380612e+00  3.00823707e+00 
 3.84656000e-10  1.99994635e+00  3.02351133e+00 
 3.84856000e-10  2.00678734e+00  3.03743742e+00 
 3.85056000e-10  2.01428080e+00  3.05007306e+00 
 3.85256000e-10  2.02238033e+00  3.06148936e+00 
 3.85456000e-10  2.03104198e+00  3.07176706e+00 
 3.85656000e-10  2.04022349e+00  3.08099128e+00 
 3.85856000e-10  2.04988509e+00  3.08924851e+00 
 3.86056000e-10  2.05998987e+00  3.09662268e+00 
 3.86256000e-10  2.07050608e+00  3.10319215e+00 
 3.86456000e-10  2.08141096e+00  3.10902424e+00 
 3.86656000e-10  2.09270007e+00  3.11416703e+00 
 3.86856000e-10  2.10440393e+00  3.11863078e+00 
 3.87056000e-10  2.11661647e+00  3.12234951e+00 
 3.87256000e-10  2.12953069e+00  3.12509934e+00 
 3.87456000e-10  2.14347316e+00  3.12633980e+00 
 3.87656000e-10  2.15892861e+00  3.12493647e+00 
 3.87856000e-10  2.17656419e+00  3.11877840e+00 
 3.88056000e-10  2.19724425e+00  3.10446788e+00 
 3.88256000e-10  2.22197631e+00  3.07739164e+00 
 3.88456000e-10  2.25171020e+00  3.03261652e+00 
 3.88656000e-10  2.28706253e+00  2.96623363e+00 
 3.88856000e-10  2.32809069e+00  2.87668298e+00 
 3.89056000e-10  2.37418759e+00  2.76563503e+00 
 3.89256000e-10  2.42406786e+00  2.63800430e+00 
 3.89456000e-10  2.47578968e+00  2.50121816e+00 
 3.89656000e-10  2.52683030e+00  2.36368111e+00 
 3.89856000e-10  2.57464501e+00  2.23299836e+00 
 3.90056000e-10  2.61737855e+00  2.11490798e+00 
 3.90256000e-10  2.65390271e+00  2.01311270e+00 
 3.90456000e-10  2.68346998e+00  1.92984901e+00 
 3.90656000e-10  2.70549478e+00  1.86655117e+00 
 3.90856000e-10  2.71960081e+00  1.82408417e+00 
 3.91056000e-10  2.72585567e+00  1.80238378e+00 
 3.91256000e-10  2.72481664e+00  1.80013892e+00 
 3.91456000e-10  2.71728789e+00  1.81473384e+00 
 3.91656000e-10  2.70411470e+00  1.84274556e+00 
 3.91856000e-10  2.68611217e+00  1.88073058e+00 
 3.92056000e-10  2.66405280e+00  1.92557719e+00 
 3.92256000e-10  2.63865908e+00  1.97466483e+00 
 3.92456000e-10  2.61058973e+00  2.02589044e+00 
 3.92656000e-10  2.58043751e+00  2.07763269e+00 
 3.92856000e-10  2.54872638e+00  2.12868427e+00 
 3.93056000e-10  2.51591588e+00  2.17817939e+00 
 3.93256000e-10  2.48240364e+00  2.22552489e+00 
 3.93456000e-10  2.44853170e+00  2.27034180e+00 
 3.93656000e-10  2.41459090e+00  2.31241605e+00 
 3.93856000e-10  2.38082730e+00  2.35165982e+00 
 3.94056000e-10  2.34744810e+00  2.38808127e+00 
 3.94256000e-10  2.31462860e+00  2.42176064e+00 
 3.94456000e-10  2.28251715e+00  2.45283051e+00 
 3.94656000e-10  2.25124237e+00  2.48146332e+00 
 3.94856000e-10  2.22092137e+00  2.50786484e+00 
 3.95056000e-10  2.19166961e+00  2.53227308e+00 
 3.95256000e-10  2.16361389e+00  2.55496564e+00 
 3.95456000e-10  2.13690875e+00  2.57627415e+00 
 3.95656000e-10  2.11175189e+00  2.59660019e+00 
 3.95856000e-10  2.08838813e+00  2.61641892e+00 
 3.96056000e-10  2.06708478e+00  2.63624937e+00 
 3.96256000e-10  2.04807697e+00  2.65658304e+00 
 3.96456000e-10  2.03150752e+00  2.67779564e+00 
 3.96656000e-10  2.01739748e+00  2.70008527e+00 
 3.96856000e-10  2.00565781e+00  2.72346100e+00 
 3.97056000e-10  1.99611843e+00  2.74776652e+00 
 3.97256000e-10  1.98859756e+00  2.77275538e+00 
 3.97456000e-10  1.98290102e+00  2.79811533e+00 
 3.97656000e-10  1.97884191e+00  2.82351347e+00 
 3.97856000e-10  1.97626324e+00  2.84863476e+00 
 3.98056000e-10  1.97502885e+00  2.87319293e+00 
 3.98256000e-10  1.97502444e+00  2.89694248e+00 
 3.98456000e-10  1.97615109e+00  2.91968079e+00 
 3.98656000e-10  1.97832382e+00  2.94125056e+00 
 3.98856000e-10  1.98146678e+00  2.96153695e+00 
 3.99056000e-10  1.98551285e+00  2.98046644e+00 
 3.99256000e-10  1.99040047e+00  2.99800183e+00 
 3.99456000e-10  1.99607364e+00  3.01413937e+00 
 3.99656000e-10  2.00247918e+00  3.02890238e+00 
 3.99856000e-10  2.00956736e+00  3.04233707e+00 
 4.00056000e-10  2.01729031e+00  3.05450653e+00 
 4.00256000e-10  2.02560291e+00  3.06548630e+00 
 4.00456000e-10  2.03446154e+00  3.07535893e+00 
 4.00656000e-10  2.04382502e+00  3.08421065e+00 
 4.00856000e-10  2.05365433e+00  3.09212720e+00 
 4.01056000e-10  2.06391436e+00  3.09919110e+00 
 4.01256000e-10  2.07457588e+00  3.10547706e+00 
 4.01456000e-10  2.08562173e+00  3.11104675e+00 
 4.01656000e-10  2.09705781e+00  3.11593688e+00 
 4.01856000e-10  2.10893457e+00  3.12013559e+00 
 4.02056000e-10  2.12137844e+00  3.12353057e+00 
 4.02256000e-10  2.13462876e+00  3.12580414e+00 
 4.02456000e-10  2.14906710e+00  3.12623286e+00 
 4.02656000e-10  2.16524248e+00  3.12336352e+00 
 4.02856000e-10  2.18389966e+00  3.11462865e+00 
 4.03056000e-10  2.20596603e+00  3.09614011e+00 
 4.03256000e-10  2.23245748e+00  3.06299672e+00 
 4.03456000e-10  2.26423700e+00  3.01047162e+00 
 4.03656000e-10  2.30173560e+00  2.93542006e+00 
 4.03856000e-10  2.34476606e+00  2.83743097e+00 
 4.04056000e-10  2.39246297e+00  2.71943019e+00 
 4.04256000e-10  2.44329390e+00  2.58739938e+00 
 4.04456000e-10  2.49507488e+00  2.44935141e+00 
 4.04656000e-10  2.54517608e+00  2.31357231e+00 
 4.04856000e-10  2.59125785e+00  2.18704517e+00 
 4.05056000e-10  2.63176875e+00  2.07471493e+00 
 4.05256000e-10  2.66576458e+00  1.97964624e+00 
 4.05456000e-10  2.69257068e+00  1.90371188e+00 
 4.05656000e-10  2.71165994e+00  1.84813677e+00 
 4.05856000e-10  2.72279778e+00  1.81346046e+00 
 4.06056000e-10  2.72623873e+00  1.79922892e+00 
 4.06256000e-10  2.72266844e+00  1.80362883e+00 
 4.06456000e-10  2.71293120e+00  1.82362442e+00 
 4.06656000e-10  2.69786182e+00  1.85574076e+00 
 4.06856000e-10  2.67825663e+00  1.89662300e+00 
 4.07056000e-10  2.65487329e+00  1.94333398e+00 
 4.07256000e-10  2.62840900e+00  1.99344466e+00 
 4.07456000e-10  2.59949964e+00  2.04503833e+00 
 4.07656000e-10  2.56871053e+00  2.09665497e+00 
 4.07856000e-10  2.53654222e+00  2.14722313e+00 
 4.08056000e-10  2.50342950e+00  2.19598523e+00 
 4.08256000e-10  2.46974936e+00  2.24243438e+00 
 4.08456000e-10  2.43582320e+00  2.28625745e+00 
 4.08656000e-10  2.40192471e+00  2.32729140e+00 
 4.08856000e-10  2.36828433e+00  2.36548736e+00 
 4.09056000e-10  2.33509761e+00  2.40088367e+00 
 4.09256000e-10  2.30252870e+00  2.43358129e+00 
 4.09456000e-10  2.27071781e+00  2.46372865e+00 
 4.09656000e-10  2.23978782e+00  2.49151118e+00 
 4.09856000e-10  2.20985410e+00  2.51714643e+00 
 4.10056000e-10  2.18103433e+00  2.54088568e+00 
 4.10256000e-10  2.15346380e+00  2.56302474e+00 
 4.10456000e-10  2.12731126e+00  2.58391951e+00 
 4.10656000e-10  2.10279285e+00  2.60399988e+00 
 4.10856000e-10  2.08016627e+00  2.62376306e+00 
 4.11056000e-10  2.05969462e+00  2.64372816e+00 
 4.11256000e-10  2.04158469e+00  2.66435355e+00 
 4.11456000e-10  2.02593543e+00  2.68595388e+00 
 4.11656000e-10  2.01272369e+00  2.70865576e+00 
 4.11856000e-10  2.00182863e+00  2.73240443e+00 
 4.12056000e-10  1.99307192e+00  2.75700446e+00 
 4.12256000e-10  1.98625584e+00  2.78217265e+00 
 4.12456000e-10  1.98118864e+00  2.80758580e+00 
 4.12656000e-10  1.97769793e+00  2.83291732e+00 
 4.12856000e-10  1.97563443e+00  2.85786101e+00 
 4.13056000e-10  1.97487105e+00  2.88214535e+00 
 4.13256000e-10  1.97529936e+00  2.90554039e+00 
 4.13456000e-10  1.97682610e+00  2.92786057e+00 
 4.13656000e-10  1.97936972e+00  2.94896448e+00 
 4.13856000e-10  1.98285792e+00  2.96875313e+00 
 4.14056000e-10  1.98722559e+00  2.98716685e+00 
 4.14256000e-10  1.99241357e+00  3.00418149e+00 
 4.14456000e-10  1.99836675e+00  3.01980389e+00 
 4.14656000e-10  2.00503354e+00  3.03406660e+00 
 4.14856000e-10  2.01236486e+00  3.04702272e+00 
 4.15056000e-10  2.02031399e+00  3.05874060e+00 
 4.15256000e-10  2.02883623e+00  3.06929877e+00 
 4.15456000e-10  2.03788886e+00  3.07878164e+00 
 4.15656000e-10  2.04743140e+00  3.08727563e+00 
 4.15856000e-10  2.05742618e+00  3.09486577e+00 
 4.16056000e-10  2.06783978e+00  3.10163211e+00 
 4.16256000e-10  2.07864666e+00  3.10764546e+00 
 4.16456000e-10  2.08983641e+00  3.11295991e+00 
 4.16656000e-10  2.10142855e+00  3.11759796e+00 
 4.16856000e-10  2.11349762e+00  3.12151843e+00 
 4.17056000e-10  2.12620806e+00  3.12454878e+00 
 4.17256000e-10  2.13984967e+00  3.12624986e+00 
 4.17456000e-10  2.15486434e+00  3.12567093e+00 
 4.17656000e-10  2.17187034e+00  3.12098550e+00 
 4.17856000e-10  2.19168531e+00  3.10913631e+00 
 4.18056000e-10  2.21529533e+00  3.08577073e+00 
 4.18256000e-10  2.24368735e+00  3.04593184e+00 
 4.18456000e-10  2.27758453e+00  2.98530772e+00 
 4.18656000e-10  2.31720145e+00  2.90162517e+00 
 4.18856000e-10  2.36210585e+00  2.79570006e+00 
 4.19056000e-10  2.41118252e+00  2.67166280e+00 
 4.19256000e-10  2.46265585e+00  2.53641513e+00 
 4.19456000e-10  2.51412477e+00  2.39829394e+00 
 4.19656000e-10  2.56296790e+00  2.26524363e+00 
 4.19856000e-10  2.60712201e+00  2.14352966e+00 
 4.20056000e-10  2.64530292e+00  2.03733860e+00 
 4.20256000e-10  2.67669711e+00  1.94920882e+00 
 4.20456000e-10  2.70068392e+00  1.88073397e+00 
 4.20656000e-10  2.71681508e+00  1.83293478e+00 
 4.20856000e-10  2.72502670e+00  1.80601652e+00 
 4.21056000e-10  2.72576477e+00  1.79902546e+00 
 4.21256000e-10  2.71979960e+00  1.80964755e+00 
 4.21456000e-10  2.70797861e+00  1.83457833e+00 
 4.21656000e-10  2.69112589e+00  1.87033877e+00 
 4.21856000e-10  2.67002425e+00  1.91370925e+00 
 4.22056000e-10  2.64541116e+00  1.96193830e+00 
 4.22256000e-10  2.61796126e+00  2.01279223e+00 
 4.22456000e-10  2.58828495e+00  2.06453310e+00 
 4.22656000e-10  2.55692288e+00  2.11585494e+00 
 4.22856000e-10  2.52435109e+00  2.16581211e+00 
 4.23056000e-10  2.49098204e+00  2.21374793e+00 
 4.23256000e-10  2.45717153e+00  2.25923389e+00 
 4.23456000e-10  2.42322197e+00  2.30201727e+00 
 4.23656000e-10  2.38939063e+00  2.34198187e+00 
 4.23856000e-10  2.35589448e+00  2.37911477e+00 
 4.24056000e-10  2.32291680e+00  2.41348010e+00 
 4.24256000e-10  2.29061194e+00  2.44519826e+00 
 4.24456000e-10  2.25911282e+00  2.47443235e+00 
 4.24656000e-10  2.22853844e+00  2.50138005e+00 
 4.24856000e-10  2.19900368e+00  2.52627082e+00 
 4.25056000e-10  2.17063089e+00  2.54937097e+00 
 4.25256000e-10  2.14356606e+00  2.57099685e+00 
 4.25456000e-10  2.11799466e+00  2.59153106e+00 
 4.25656000e-10  2.09415064e+00  2.61143125e+00 
 4.25856000e-10  2.07229971e+00  2.63121054e+00 
 4.26056000e-10  2.05269138e+00  2.65137585e+00 
 4.26256000e-10  2.03549629e+00  2.67233986e+00 
 4.26456000e-10  2.02076682e+00  2.69434889e+00 
 4.26656000e-10  2.00843891e+00  2.71745836e+00 
 4.26856000e-10  1.99836525e+00  2.74155487e+00 
 4.27056000e-10  1.99035638e+00  2.76640390e+00 
 4.27256000e-10  1.98421459e+00  2.79170223e+00 
 4.27456000e-10  1.97975444e+00  2.81712188e+00 
 4.27656000e-10  1.97681215e+00  2.84234173e+00 
 4.27856000e-10  1.97524704e+00  2.86706743e+00 
 4.28056000e-10  1.97493949e+00  2.89104253e+00 
 4.28256000e-10  1.97578717e+00  2.91405362e+00 
 4.28456000e-10  1.97770157e+00  2.93593183e+00 
 4.28656000e-10  1.98060486e+00  2.95655195e+00 
 4.28856000e-10  1.98442766e+00  2.97583012e+00 
 4.29056000e-10  1.98910721e+00  2.99372046e+00 
 4.29256000e-10  1.99458596e+00  3.01021095e+00 
 4.29456000e-10  2.00081032e+00  3.02531878e+00 
 4.29656000e-10  2.00772980e+00  3.03908479e+00 
 4.29856000e-10  2.01529617e+00  3.05156842e+00 
 4.30056000e-10  2.02346347e+00  3.06284228e+00 
 4.30256000e-10  2.03218764e+00  3.07298756e+00 
 4.30456000e-10  2.04142685e+00  3.08208988e+00 
 4.30656000e-10  2.05114151e+00  3.09023555e+00 
 4.30856000e-10  2.06129534e+00  3.09750813e+00 
 4.31056000e-10  2.07185727e+00  3.10398485e+00 
 4.31256000e-10  2.08280626e+00  3.10973139e+00 
 4.31456000e-10  2.09414082e+00  3.11479242e+00 
 4.31656000e-10  2.10589747e+00  3.11917182e+00 
 4.31856000e-10  2.11817990e+00  3.12279004e+00 
 4.32056000e-10  2.13119550e+00  3.12539584e+00 
 4.32256000e-10  2.14528695e+00  3.12639428e+00 
 4.32456000e-10  2.16095802e+00  3.12455367e+00 
 4.32656000e-10  2.17890321e+00  3.11762218e+00 
 4.32856000e-10  2.20001811e+00  3.10203012e+00 
 4.33056000e-10  2.22531251e+00  3.07310586e+00 
 4.33256000e-10  2.25569991e+00  3.02596249e+00 
 4.33456000e-10  2.29173662e+00  2.95687586e+00 
 4.33656000e-10  2.33341036e+00  2.86464360e+00 
 4.33856000e-10  2.38003449e+00  2.75133183e+00 
 4.34056000e-10  2.43024558e+00  2.62220543e+00 
 4.34256000e-10  2.48202577e+00  2.48490136e+00 
 4.34456000e-10  2.53280831e+00  2.34781382e+00 
 4.34656000e-10  2.58010262e+00  2.21836637e+00 
 4.34856000e-10  2.62214981e+00  2.10204826e+00 
 4.35056000e-10  2.65788517e+00  2.00235238e+00 
 4.35256000e-10  2.68658588e+00  1.92139182e+00 
 4.35456000e-10  2.70768348e+00  1.86053388e+00 
 4.35656000e-10  2.72084109e+00  1.82056377e+00 
 4.35856000e-10  2.72619087e+00  1.80132897e+00 
 4.36056000e-10  2.72434557e+00  1.80131575e+00 
 4.36256000e-10  2.71611875e+00  1.81772441e+00 
 4.36456000e-10  2.70234298e+00  1.84711934e+00 
 4.36656000e-10  2.68382838e+00  1.88608469e+00 
 4.36856000e-10  2.66134307e+00  1.93156449e+00 
 4.37056000e-10  2.63560263e+00  1.98100204e+00 
 4.37256000e-10  2.60725866e+00  2.03235603e+00 
 4.37456000e-10  2.57689591e+00  2.08405956e+00 
 4.37656000e-10  2.54503091e+00  2.13495081e+00 
 4.37856000e-10  2.51211581e+00  2.18420076e+00 
 4.38056000e-10  2.47854144e+00  2.23124513e+00 
 4.38256000e-10  2.44464287e+00  2.27572625e+00 
 4.38456000e-10  2.41070534e+00  2.31744730e+00 
 4.38656000e-10  2.37697110e+00  2.35633532e+00 
 4.38856000e-10  2.34364413e+00  2.39240920e+00 
 4.39056000e-10  2.31089635e+00  2.42575588e+00 
 4.39256000e-10  2.27887322e+00  2.45651276e+00 
 4.39456000e-10  2.24770140e+00  2.48485686e+00 
 4.39656000e-10  2.21749727e+00  2.51099763e+00 
 4.39856000e-10  2.18837699e+00  2.53517730e+00 
 4.40056000e-10  2.16046991e+00  2.55767911e+00 
 4.40256000e-10  2.13393513e+00  2.57884242e+00 
 4.40456000e-10  2.10897636e+00  2.59907800e+00 
 4.40656000e-10  2.08584316e+00  2.61886874e+00 
 4.40856000e-10  2.06480225e+00  2.63873471e+00 
 4.41056000e-10  2.04607467e+00  2.65915316e+00 
 4.41256000e-10  2.02979737e+00  2.68048583e+00 
 4.41456000e-10  2.01597786e+00  2.70290819e+00 
 4.41656000e-10  2.00451185e+00  2.72640660e+00 
 4.41856000e-10  1.99523225e+00  2.75081643e+00 
 4.42056000e-10  1.98794243e+00  2.77587080e+00 
 4.42256000e-10  1.98244791e+00  2.80125271e+00 
 4.42456000e-10  1.97857059e+00  2.82663341e+00 
 4.42656000e-10  1.97615574e+00  2.85170017e+00 
 4.42856000e-10  1.97507086e+00  2.87617176e+00 
 4.43056000e-10  1.97520347e+00  2.89980765e+00 
 4.43256000e-10  1.97645669e+00  2.92241098e+00 
 4.43456000e-10  1.97874650e+00  2.94382960e+00 
 4.43656000e-10  1.98199837e+00  2.96395401e+00 
 4.43856000e-10  1.98614567e+00  2.98271517e+00 
 4.44056000e-10  1.99112756e+00  3.00008022e+00 
 4.44256000e-10  1.99688834e+00  3.01604889e+00 
 4.44456000e-10  2.00337570e+00  3.03064778e+00 
 4.44656000e-10  2.01054006e+00  3.04392537e+00 
 4.44856000e-10  2.01833394e+00  3.05594650e+00 
 4.45056000e-10  2.02671210e+00  3.06678753e+00 
 4.45256000e-10  2.03563129e+00  3.07653175e+00 
 4.45456000e-10  2.04505050e+00  3.08526552e+00 
 4.45656000e-10  2.05493121e+00  3.09307445e+00 
 4.45856000e-10  2.06523878e+00  3.10004024e+00 
 4.46056000e-10  2.07594509e+00  3.10623651e+00 
 4.46256000e-10  2.08703494e+00  3.11172261e+00 
 4.46456000e-10  2.09851826e+00  3.11653112e+00 
 4.46656000e-10  2.11045267e+00  3.12064159e+00 
 4.46856000e-10  2.12297624e+00  3.12392420e+00 
 4.47056000e-10  2.13634287e+00  3.12602520e+00 
 4.47256000e-10  2.15095177e+00  3.12615265e+00 
 4.47456000e-10  2.16737633e+00  3.12274072e+00 
 4.47656000e-10  2.18639192e+00  3.11306179e+00 
 4.47856000e-10  2.20895257e+00  3.09308706e+00 
 4.48056000e-10  2.23605536e+00  3.05792364e+00 
 4.48256000e-10  2.26850982e+00  3.00293778e+00 
 4.48456000e-10  2.30668284e+00  2.92520931e+00 
 4.48656000e-10  2.35031726e+00  2.82470790e+00 
 4.48856000e-10  2.39847144e+00  2.70474178e+00 
 4.49056000e-10  2.44953752e+00  2.57159622e+00 
 4.49256000e-10  2.50126287e+00  2.43341287e+00 
 4.49456000e-10  2.55100789e+00  2.29839319e+00 
 4.49656000e-10  2.59651234e+00  2.17330715e+00 
 4.49856000e-10  2.63631046e+00  2.06286128e+00 
 4.50056000e-10  2.66952376e+00  1.96989302e+00 
 4.50256000e-10  2.69541630e+00  1.89616088e+00 
 4.50456000e-10  2.71345955e+00  1.84286734e+00 
 4.50656000e-10  2.72355618e+00  1.81055730e+00 
 4.50856000e-10  2.72605404e+00  1.79863539e+00 
 4.51056000e-10  2.72166815e+00  1.80504913e+00 
 4.51256000e-10  2.71122817e+00  1.82666896e+00 
 4.51456000e-10  2.69555804e+00  1.86000015e+00 
 4.51656000e-10  2.67545228e+00  1.90172956e+00 
 4.51856000e-10  2.65165835e+00  1.94897371e+00 
 4.52056000e-10  2.62486758e+00  1.99936637e+00 
 4.52256000e-10  2.59570504e+00  2.05104640e+00 
 4.52456000e-10  2.56472897e+00  2.10260408e+00 
 4.52656000e-10  2.53243016e+00  2.15300783e+00 
 4.52856000e-10  2.49923680e+00  2.20153326e+00 
 4.53056000e-10  2.46551762e+00  2.24769840e+00 
 4.53256000e-10  2.43158793e+00  2.29120958e+00 
 4.53456000e-10  2.39771533e+00  2.33191902e+00 
 4.53656000e-10  2.36412694e+00  2.36979108e+00 
 4.53856000e-10  2.33101380e+00  2.40487189e+00 
 4.54056000e-10  2.29853690e+00  2.43726840e+00 
 4.54256000e-10  2.26683320e+00  2.46713394e+00 
 4.54456000e-10  2.23602437e+00  2.49465798e+00 
 4.54656000e-10  2.20622508e+00  2.52006167e+00 
 4.54856000e-10  2.17755439e+00  2.54360097e+00 
 4.55056000e-10  2.15015038e+00  2.56557779e+00 
 4.55256000e-10  2.12418700e+00  2.58635631e+00 
 4.55456000e-10  2.09988587e+00  2.60637523e+00 
 4.55656000e-10  2.07750804e+00  2.62613771e+00 
 4.55856000e-10  2.05731324e+00  2.64616046e+00 
 4.56056000e-10  2.03949092e+00  2.66688309e+00 
 4.56256000e-10  2.02413585e+00  2.68860673e+00 
 4.56456000e-10  2.01121323e+00  2.71143671e+00 
 4.56656000e-10  2.00058798e+00  2.73529736e+00 
 4.56856000e-10  1.99207860e+00  2.75998091e+00 
 4.57056000e-10  1.98548593e+00  2.78519621e+00 
 4.57256000e-10  1.98062045e+00  2.81061809e+00 
 4.57456000e-10  1.97731205e+00  2.83592083e+00 
 4.57656000e-10  1.97541457e+00  2.86080188e+00 
 4.57856000e-10  1.97480307e+00  2.88499401e+00 
 4.58056000e-10  1.97537140e+00  2.90827262e+00 
 4.58256000e-10  1.97702762e+00  2.93045715e+00 
 4.58456000e-10  1.97969162e+00  2.95141149e+00 
 4.58656000e-10  1.98329186e+00  2.97104128e+00 
 4.58856000e-10  1.98776396e+00  2.98929135e+00 
 4.59056000e-10  1.99304925e+00  3.00614135e+00 
 4.59256000e-10  1.99909357e+00  3.02160176e+00 
 4.59456000e-10  2.00584546e+00  3.03570766e+00 
 4.59656000e-10  2.01325626e+00  3.04851437e+00 
 4.59856000e-10  2.02127928e+00  3.06009148e+00 
 4.60056000e-10  2.02987007e+00  3.07051854e+00 
 4.60256000e-10  2.03898612e+00  3.07988034e+00 
 4.60456000e-10  2.04858734e+00  3.08826345e+00 
 4.60656000e-10  2.05863637e+00  3.09575240e+00 
 4.60856000e-10  2.06910061e+00  3.10242650e+00 
 4.61056000e-10  2.07995573e+00  3.10835498e+00 
 4.61256000e-10  2.09119403e+00  3.11358926e+00 
 4.61456000e-10  2.10283997e+00  3.11814633e+00 
 4.61656000e-10  2.11497696e+00  3.12197394e+00 
 4.61856000e-10  2.12778198e+00  3.12487633e+00 
 4.62056000e-10  2.14155976e+00  3.12636785e+00 
 4.62256000e-10  2.15677179e+00  3.12541320e+00 
 4.62456000e-10  2.17406737e+00  3.12005417e+00 
 4.62656000e-10  2.19429620e+00  3.10707623e+00 
 4.62856000e-10  2.21844492e+00  3.08203658e+00 
 4.63056000e-10  2.24747066e+00  3.03997569e+00 
 4.63256000e-10  2.28204780e+00  2.97672971e+00 
 4.63456000e-10  2.32232572e+00  2.89034863e+00 
 4.63656000e-10  2.36779390e+00  2.78204019e+00 
 4.63856000e-10  2.41725867e+00  2.65630149e+00 
 4.64056000e-10  2.46886953e+00  2.52028641e+00 
 4.64256000e-10  2.52016733e+00  2.38237762e+00 
 4.64456000e-10  2.56855923e+00  2.25037350e+00 
 4.64656000e-10  2.61207493e+00  2.13030122e+00 
 4.64856000e-10  2.64953027e+00  2.02606874e+00 
 4.65056000e-10  2.68003200e+00  1.94004544e+00 
 4.65256000e-10  2.70294899e+00  1.87378916e+00 
 4.65456000e-10  2.71799026e+00  1.82831711e+00 
 4.65656000e-10  2.72516718e+00  1.80378830e+00 
 4.65856000e-10  2.72498509e+00  1.79903922e+00 
 4.66056000e-10  2.71823041e+00  1.81154827e+00 
 4.66256000e-10  2.70573425e+00  1.83796021e+00 
 4.66456000e-10  2.68831278e+00  1.87480537e+00 
 4.66656000e-10  2.66674265e+00  1.91891112e+00 
 4.66856000e-10  2.64175255e+00  1.96758506e+00 
 4.67056000e-10  2.61400814e+00  2.01865357e+00 
 4.67256000e-10  2.58411032e+00  2.07043289e+00 
 4.67456000e-10  2.55259066e+00  2.12166303e+00 
 4.67656000e-10  2.51991665e+00  2.17143585e+00 
 4.67856000e-10  2.48649263e+00  2.21912441e+00 
 4.68056000e-10  2.45266672e+00  2.26432229e+00 
 4.68256000e-10  2.41873525e+00  2.30679509e+00 
 4.68456000e-10  2.38495102e+00  2.34644225e+00 
 4.68656000e-10  2.35152666e+00  2.38326117e+00 
 4.68856000e-10  2.31864138e+00  2.41732264e+00 
 4.69056000e-10  2.28644570e+00  2.44875234e+00 
 4.69256000e-10  2.25507009e+00  2.47771814e+00 
 4.69456000e-10  2.22463225e+00  2.50442141e+00 
 4.69656000e-10  2.19524720e+00  2.52909559e+00 
 4.69856000e-10  2.16703895e+00  2.55201206e+00 
 4.70056000e-10  2.14015728e+00  2.57349410e+00 
 4.70256000e-10  2.11479301e+00  2.59393296e+00 
 4.70456000e-10  2.09118530e+00  2.61379458e+00 
 4.70656000e-10  2.06960095e+00  2.63359541e+00 
 4.70856000e-10  2.05027883e+00  2.65383251e+00 
 4.71056000e-10  2.03338402e+00  2.67490655e+00 
 4.71256000e-10  2.01895575e+00  2.69704283e+00 
 4.71456000e-10  2.00691473e+00  2.72027478e+00 
 4.71656000e-10  1.99710733e+00  2.74447269e+00 
 4.71856000e-10  1.98934084e+00  2.76939081e+00 
 4.72056000e-10  1.98341846e+00  2.79472096e+00 
 4.72256000e-10  1.97915669e+00  2.82013424e+00 
 4.72456000e-10  1.97639472e+00  2.84531184e+00 
 4.72656000e-10  1.97499431e+00  2.86996315e+00 
 4.72856000e-10  1.97483826e+00  2.89383662e+00 
 4.73056000e-10  1.97582590e+00  2.91672386e+00 
 4.73256000e-10  1.97787026e+00  2.93846125e+00 
 4.73456000e-10  1.98089450e+00  2.95892844e+00 
 4.73656000e-10  1.98483022e+00  2.97804631e+00 
 4.73856000e-10  1.98961505e+00  2.99577302e+00 
 4.74056000e-10  1.99519232e+00  3.01210040e+00 
 4.74256000e-10  2.00150886e+00  3.02704871e+00 
 4.74456000e-10  2.00851455e+00  3.04066130e+00 
 4.74656000e-10  2.01616126e+00  3.05299930e+00 
 4.74856000e-10  2.02440324e+00  3.06413657e+00 
 4.75056000e-10  2.03319672e+00  3.07415507e+00 
 4.75256000e-10  2.04250014e+00  3.08314075e+00 
 4.75456000e-10  2.05227424e+00  3.09117973e+00 
 4.75656000e-10  2.06248325e+00  3.09835510e+00 
 4.75856000e-10  2.07309697e+00  3.10474297e+00 
 4.76056000e-10  2.08409606e+00  3.11040723e+00 
 4.76256000e-10  2.09548242e+00  3.11538898e+00 
 4.76456000e-10  2.10729883e+00  3.11968505e+00 
 4.76656000e-10  2.11965917e+00  3.12320117e+00 
 4.76856000e-10  2.13278439e+00  3.12565588e+00 
 4.77056000e-10  2.14703471e+00  3.12639579e+00 
 4.77256000e-10  2.16293739e+00  3.12408876e+00 
 4.77456000e-10  2.18121646e+00  3.11633266e+00 
 4.77656000e-10  2.20278772e+00  3.09941799e+00 
 4.77856000e-10  2.22865397e+00  3.06858798e+00 
 4.78056000e-10  2.25969758e+00  3.01900795e+00 
 4.78256000e-10  2.29642016e+00  2.94718981e+00 
 4.78456000e-10  2.33873348e+00  2.85229303e+00 
 4.78656000e-10  2.38586985e+00  2.73678288e+00 
 4.78856000e-10  2.43638782e+00  2.60626194e+00 
 4.79056000e-10  2.48819410e+00  2.46855428e+00 
 4.79256000e-10  2.53868749e+00  2.33201782e+00 
 4.79456000e-10  2.58544128e+00  2.20388087e+00 
 4.79656000e-10  2.62679205e+00  2.08938299e+00 
 4.79856000e-10  2.66175598e+00  1.99176163e+00 
 4.80056000e-10  2.68954246e+00  1.91299217e+00 
 4.80256000e-10  2.70957747e+00  1.85441451e+00 
 4.80456000e-10  2.72167112e+00  1.81678352e+00 
 4.80656000e-10  2.72603523e+00  1.79983098e+00 
 4.80856000e-10  2.72331539e+00  1.80185987e+00 
 4.81056000e-10  2.71433112e+00  1.81995277e+00 
 4.81256000e-10  2.69991063e+00  1.85064112e+00 
 4.81456000e-10  2.68085800e+00  1.89053411e+00 
 4.81656000e-10  2.65793302e+00  1.93662534e+00 
 4.81856000e-10  2.63184266e+00  1.98641621e+00 
 4.82056000e-10  2.60322856e+00  2.03792108e+00 
 4.82256000e-10  2.57266629e+00  2.08962253e+00 
 4.82456000e-10  2.54066299e+00  2.14039980e+00 
 4.82656000e-10  2.50766237e+00  2.18945736e+00 
 4.82856000e-10  2.47404658e+00  2.23625540e+00 
 4.83056000e-10  2.44014434e+00  2.28045710e+00 
 4.83256000e-10  2.40623574e+00  2.32188371e+00 
 4.83456000e-10  2.37255838e+00  2.36047434e+00 
 4.83656000e-10  2.33931149e+00  2.39625584e+00 
 4.83856000e-10  2.30666270e+00  2.42932112e+00 
 4.84056000e-10  2.27475401e+00  2.45981283e+00 
 4.84256000e-10  2.24371032e+00  2.48791192e+00 
 4.84456000e-10  2.21364701e+00  2.51383149e+00 
 4.84656000e-10  2.18468087e+00  2.53781788e+00 
 4.84856000e-10  2.15694345e+00  2.56015987e+00 
 4.85056000e-10  2.13059815e+00  2.58120425e+00 
 4.85256000e-10  2.10585405e+00  2.60137045e+00 
 4.85456000e-10  2.08296480e+00  2.62114826e+00 
 4.85656000e-10  2.06219317e+00  2.64105627e+00 
 4.85856000e-10  2.04375529e+00  2.66156338e+00 
 4.86056000e-10  2.02777629e+00  2.68301410e+00 
 4.86256000e-10  2.01424860e+00  2.70556279e+00 
 4.86456000e-10  2.00305815e+00  2.72917646e+00 
 4.86656000e-10  1.99403240e+00  2.75367610e+00 
 4.86856000e-10  1.98697362e+00  2.77878652e+00 
 4.87056000e-10  1.98168849e+00  2.80418743e+00 
 4.87256000e-10  1.97800134e+00  2.82955056e+00 
 4.87456000e-10  1.97576004e+00  2.85456590e+00 
 4.87656000e-10  1.97483447e+00  2.87895637e+00 
 4.87856000e-10  1.97511412e+00  2.90248620e+00 
 4.88056000e-10  1.97650373e+00  2.92496356e+00 
 4.88256000e-10  1.97892049e+00  2.94624119e+00 
 4.88456000e-10  1.98229085e+00  2.96621438e+00 
 4.88656000e-10  1.98654870e+00  2.98481834e+00 
 4.88856000e-10  1.99163414e+00  3.00202428e+00 
 4.89056000e-10  1.99749204e+00  3.01783537e+00 
 4.89256000e-10  2.00407039e+00  3.03228102e+00 
 4.89456000e-10  2.01131979e+00  3.04541181e+00 
 4.89656000e-10  2.01919289e+00  3.05729410e+00 
 4.89856000e-10  2.02764478e+00  3.06800541e+00 
 4.90056000e-10  2.03663243e+00  3.07762962e+00 
 4.90256000e-10  2.04611516e+00  3.08625320e+00 
 4.90456000e-10  2.05605478e+00  3.09396150e+00 
 4.90656000e-10  2.06641726e+00  3.10083552e+00 
 4.90856000e-10  2.07717560e+00  3.10694762e+00 
 4.91056000e-10  2.08831678e+00  3.11235484e+00 
 4.91256000e-10  2.09985504e+00  3.11708522e+00 
 4.91456000e-10  2.11185570e+00  3.12110908e+00 
 4.91656000e-10  2.12446850e+00  3.12427732e+00 
 4.91856000e-10  2.13796286e+00  3.12619741e+00 
 4.92056000e-10  2.15275802e+00  3.12600522e+00 
 4.92256000e-10  2.16945380e+00  3.12201520e+00 
 4.92456000e-10  2.18885076e+00  3.11135156e+00 
 4.92656000e-10  2.21191035e+00  3.08984479e+00 
 4.92856000e-10  2.23961910e+00  3.05255972e+00 
 4.93056000e-10  2.27274924e+00  2.99498924e+00 
 4.93256000e-10  2.31160145e+00  2.91450380e+00 
 4.93456000e-10  2.35583890e+00  2.81146325e+00 
 4.93656000e-10  2.40443904e+00  2.68956101e+00 
 4.93856000e-10  2.45571721e+00  2.55537736e+00 
 4.94056000e-10  2.50735105e+00  2.41715931e+00 
 4.94256000e-10  2.55670253e+00  2.28300090e+00 
 4.94456000e-10  2.60159886e+00  2.15944387e+00 
 4.94656000e-10  2.64068939e+00  2.05089691e+00 
 4.94856000e-10  2.67301035e+00  1.95999835e+00 
 4.95056000e-10  2.69781571e+00  1.88845782e+00 
 4.95256000e-10  2.71474525e+00  1.83749022e+00 
 4.95456000e-10  2.72377128e+00  1.80755368e+00 
 4.95656000e-10  2.72529792e+00  1.79787495e+00 
 4.95856000e-10  2.72006168e+00  1.80623678e+00 
 4.96056000e-10  2.70889248e+00  1.82941995e+00 
 4.96256000e-10  2.69260836e+00  1.86392383e+00 
 4.96456000e-10  2.67199623e+00  1.90647168e+00 
 4.96656000e-10  2.64779476e+00  1.95423549e+00 
 4.96856000e-10  2.62068525e+00  2.00490741e+00 
 4.97056000e-10  2.59128287e+00  2.05668097e+00 
 4.97256000e-10  2.56013580e+00  2.10819327e+00 
 4.97456000e-10  2.52772550e+00  2.15845184e+00 
 4.97656000e-10  2.49447035e+00  2.20676095e+00 
 4.97856000e-10  2.46073132e+00  2.25266182e+00 
 4.98056000e-10  2.42681808e+00  2.29588251e+00 
 4.98256000e-10  2.39299349e+00  2.33629148e+00 
 4.98456000e-10  2.35947951e+00  2.37386339e+00 
 4.98656000e-10  2.32646262e+00  2.40865171e+00 
 4.98856000e-10  2.29409963e+00  2.44076936e+00 
 4.99056000e-10  2.26252487e+00  2.47037421e+00 
 4.99256000e-10  2.23185830e+00  2.49765947e+00 
 4.99456000e-10  2.20221416e+00  2.52284997e+00 
 4.99656000e-10  2.17371252e+00  2.54620618e+00 
 4.99856000e-10  2.14649450e+00  2.56803629e+00 
 5.00056000e-10  2.12073884e+00  2.58871253e+00 
 5.00256000e-10  2.09667256e+00  2.60868218e+00 
 5.00456000e-10  2.07455781e+00  2.62845281e+00 
 5.00656000e-10  2.05464836e+00  2.64853523e+00 
 5.00856000e-10  2.03713587e+00  2.66936472e+00 
 5.01056000e-10  2.02209097e+00  2.69121616e+00 
 5.01256000e-10  2.00946232e+00  2.71417218e+00 
 5.01456000e-10  1.99911221e+00  2.73814138e+00 
 5.01656000e-10  1.99085432e+00  2.76290281e+00 
 5.01856000e-10  1.98449054e+00  2.78815991e+00 
 5.02056000e-10  1.97983266e+00  2.81358561e+00 
 5.02256000e-10  1.97671360e+00  2.83885615e+00 
 5.02456000e-10  1.97498935e+00  2.86367217e+00 
 5.02656000e-10  1.97453755e+00  2.88777129e+00 
 5.02856000e-10  1.97525356e+00  2.91093359e+00 
 5.03056000e-10  1.97704718e+00  2.93298385e+00 
 5.03256000e-10  1.97983917e+00  2.95379065e+00 
 5.03456000e-10  1.98355883e+00  2.97326442e+00 
 5.03656000e-10  1.98814266e+00  2.99135415e+00 
 5.03856000e-10  1.99353291e+00  3.00804346e+00 
 5.04056000e-10  1.99967558e+00  3.02334589e+00 
 5.04256000e-10  2.00651972e+00  3.03729921e+00 
 5.04456000e-10  2.01401650e+00  3.04996043e+00 
 5.04656000e-10  2.02211967e+00  3.06140068e+00 
 5.04856000e-10  2.03078495e+00  3.07170033e+00 
 5.05056000e-10  2.03997025e+00  3.08094469e+00 
 5.05256000e-10  2.04963565e+00  3.08922019e+00 
 5.05456000e-10  2.05974438e+00  3.09661105e+00 
 5.05656000e-10  2.07026447e+00  3.10319558e+00 
 5.05856000e-10  2.08117312e+00  3.10904153e+00 
 5.06056000e-10  2.09246538e+00  3.11419725e+00 
 5.06256000e-10  2.10417122e+00  3.11867395e+00 
 5.06456000e-10  2.11638311e+00  3.12240707e+00 
 5.06656000e-10  2.12929150e+00  3.12517590e+00 
 5.06856000e-10  2.14321862e+00  3.12644546e+00 
 5.07056000e-10  2.15864929e+00  3.12509202e+00 
 5.07256000e-10  2.17625836e+00  3.11902596e+00 
 5.07456000e-10  2.19691119e+00  3.10487230e+00 
 5.07656000e-10  2.22160029e+00  3.07807449e+00 
 5.07856000e-10  2.25126521e+00  3.03369070e+00 
 5.08056000e-10  2.28652969e+00  2.96774856e+00 
 5.08256000e-10  2.32747003e+00  2.87863880e+00 
 5.08456000e-10  2.37349354e+00  2.76796860e+00 
 5.08656000e-10  2.42332773e+00  2.64059774e+00 
 5.08856000e-10  2.47504510e+00  2.50391616e+00 
 5.09056000e-10  2.52613322e+00  2.36632682e+00 
 5.09256000e-10  2.57403972e+00  2.23546322e+00 
 5.09456000e-10  2.61689115e+00  2.11710564e+00 
 5.09656000e-10  2.65357213e+00  2.01494071e+00 
 5.09856000e-10  2.68322485e+00  1.93120303e+00 
 5.10056000e-10  2.70523559e+00  1.86737803e+00 
 5.10256000e-10  2.71934122e+00  1.82440426e+00 
 5.10456000e-10  2.72561620e+00  1.80231158e+00 
 5.10656000e-10  2.72461555e+00  1.79976579e+00 
 5.10856000e-10  2.71713947e+00  1.81410828e+00 
 5.11056000e-10  2.70401871e+00  1.84193642e+00 
 5.11256000e-10  2.68606610e+00  1.87980026e+00 
 5.11456000e-10  2.66405312e+00  1.92457782e+00 
 5.11656000e-10  2.63870190e+00  1.97363830e+00 
 5.11856000e-10  2.61067052e+00  2.02486863e+00 
 5.12056000e-10  2.58055197e+00  2.07663929e+00 
 5.12256000e-10  2.54886965e+00  2.12773635e+00 
 5.12456000e-10  2.51608234e+00  2.17728609e+00 
 5.12656000e-10  2.48258721e+00  2.22468920e+00 
 5.12856000e-10  2.44872768e+00  2.26956571e+00 
 5.13056000e-10  2.41479566e+00  2.31170104e+00 
 5.13256000e-10  2.38103925e+00  2.35100752e+00 
 5.13456000e-10  2.34766644e+00  2.38749171e+00 
 5.13656000e-10  2.31485230e+00  2.42123147e+00 
 5.13856000e-10  2.28274442e+00  2.45235794e+00 
 5.14056000e-10  2.25147137e+00  2.48104320e+00 
 5.14256000e-10  2.22114994e+00  2.50749230e+00 
 5.14456000e-10  2.19189552e+00  2.53194266e+00 
 5.14656000e-10  2.16383427e+00  2.55467092e+00 
 5.14856000e-10  2.13712010e+00  2.57600764e+00 
 5.15056000e-10  2.11194959e+00  2.59635297e+00 
 5.15256000e-10  2.08856632e+00  2.61618091e+00 
 5.15456000e-10  2.06723605e+00  2.63600858e+00 
 5.15656000e-10  2.04819322e+00  2.65632583e+00 
 5.15856000e-10  2.03159064e+00  2.67751707e+00 
 5.16056000e-10  2.01745157e+00  2.69978538e+00 
 5.16256000e-10  2.00568499e+00  2.72314238e+00 
 5.16456000e-10  1.99613042e+00  2.74744153e+00 
 5.16656000e-10  1.98859309e+00  2.77242682e+00 
 5.16856000e-10  1.98287704e+00  2.79778545e+00 
 5.17056000e-10  1.97880122e+00  2.82318827e+00 
 5.17256000e-10  1.97620757e+00  2.84831899e+00 
 5.17456000e-10  1.97496054e+00  2.87289120e+00 
 5.17656000e-10  1.97494512e+00  2.89665833e+00 
 5.17856000e-10  1.97606241e+00  2.91941727e+00 
 5.18056000e-10  1.97822684e+00  2.94100969e+00 
 5.18256000e-10  1.98136227e+00  2.96132017e+00 
 5.18456000e-10  1.98540133e+00  2.98027435e+00 
 5.18656000e-10  1.99028285e+00  2.99783472e+00 
 5.18856000e-10  1.99595068e+00  3.01399685e+00 
 5.19056000e-10  2.00235188e+00  3.02878393e+00 
 5.19256000e-10  2.00943630e+00  3.04224157e+00 
 5.19456000e-10  2.01715609e+00  3.05443269e+00 
 5.19656000e-10  2.02546581e+00  3.06543247e+00 
 5.19856000e-10  2.03432196e+00  3.07532355e+00 
 5.20056000e-10  2.04368326e+00  3.08419211e+00 
 5.20256000e-10  2.05351079e+00  3.09212407e+00 
 5.20456000e-10  2.06376928e+00  3.09920190e+00 
 5.20656000e-10  2.07442948e+00  3.10550062e+00 
 5.20856000e-10  2.08547391e+00  3.11108206e+00 
 5.21056000e-10  2.09690807e+00  3.11598355e+00 
 5.21256000e-10  2.10878144e+00  3.12019412e+00 
 5.21456000e-10  2.12121873e+00  3.12360358e+00 
 5.21656000e-10  2.13445601e+00  3.12589799e+00 
 5.21856000e-10  2.14887401e+00  3.12636219e+00 
 5.22056000e-10  2.16502656e+00  3.12356030e+00 
 5.22256000e-10  2.18365845e+00  3.11494562e+00 
 5.22456000e-10  2.20569497e+00  3.09665641e+00 
 5.22656000e-10  2.23213713e+00  3.06386105e+00 
 5.22856000e-10  2.26383877e+00  3.01180427e+00 
 5.23056000e-10  2.30124198e+00  2.93725001e+00 
 5.23256000e-10  2.34418084e+00  2.83973025e+00 
 5.23456000e-10  2.39180652e+00  2.72210398e+00 
 5.23656000e-10  2.44260091e+00  2.59029805e+00 
 5.23856000e-10  2.49439764e+00  2.45229769e+00 
 5.24056000e-10  2.54457208e+00  2.31640202e+00 
 5.24256000e-10  2.59076892e+00  2.18963492e+00 
 5.24456000e-10  2.63141589e+00  2.07699027e+00 
 5.24656000e-10  2.66557941e+00  1.98151667e+00 
 5.24856000e-10  2.69249415e+00  1.90508582e+00 
 5.25056000e-10  2.71160585e+00  1.84897419e+00 
 5.25256000e-10  2.72276612e+00  1.81384147e+00 
 5.25456000e-10  2.72625205e+00  1.79926739e+00 
 5.25656000e-10  2.72274505e+00  1.80338366e+00 
 5.25856000e-10  2.71307071e+00  1.82316485e+00 
 5.26056000e-10  2.69805574e+00  1.85512408e+00 
 5.26256000e-10  2.67850015e+00  1.89590430e+00 
 5.26456000e-10  2.65515832e+00  1.94255591e+00 
 5.26656000e-10  2.62873018e+00  1.99264268e+00 
 5.26856000e-10  2.59984979e+00  2.04423810e+00 
 5.27056000e-10  2.56908476e+00  2.09587625e+00 
 5.27256000e-10  2.53693431e+00  2.14647951e+00 
 5.27456000e-10  2.50383394e+00  2.19528413e+00 
 5.27656000e-10  2.47015963e+00  2.24177769e+00 
 5.27856000e-10  2.43623531e+00  2.28564753e+00 
 5.28056000e-10  2.40233614e+00  2.32673081e+00 
 5.28256000e-10  2.36869464e+00  2.36497809e+00 
 5.28456000e-10  2.33550544e+00  2.40042466e+00 
 5.28656000e-10  2.30293271e+00  2.43317019e+00 
 5.28856000e-10  2.27111604e+00  2.46336238e+00 
 5.29056000e-10  2.24017877e+00  2.49118627e+00 
 5.29256000e-10  2.21023590e+00  2.51685873e+00 
 5.29456000e-10  2.18140523e+00  2.54063058e+00 
 5.29656000e-10  2.15382130e+00  2.56279673e+00 
 5.29856000e-10  2.12765248e+00  2.58371215e+00 
 5.30056000e-10  2.10311384e+00  2.60380549e+00 
 5.30256000e-10  2.08046189e+00  2.62357292e+00 
 5.30456000e-10  2.05995790e+00  2.64353141e+00 
 5.30656000e-10  2.04180839e+00  2.66413778e+00 
 5.30856000e-10  2.02612398e+00  2.68571713e+00 
 5.31056000e-10  2.01288280e+00  2.70840034e+00 
 5.31256000e-10  2.00196041e+00  2.73213370e+00 
 5.31456000e-10  1.99317953e+00  2.75672378e+00 
 5.31656000e-10  1.98634157e+00  2.78188735e+00 
 5.31856000e-10  1.98125492e+00  2.80730142e+00 
 5.32056000e-10  1.97774661e+00  2.83263875e+00 
 5.32256000e-10  1.97566736e+00  2.85759277e+00 
 5.32456000e-10  1.97488960e+00  2.88189106e+00 
 5.32656000e-10  1.97530491e+00  2.90530315e+00 
 5.32856000e-10  1.97681967e+00  2.92764261e+00 
 5.33056000e-10  1.97935193e+00  2.94876739e+00 
 5.33256000e-10  1.98282937e+00  2.96857787e+00 
 5.33456000e-10  1.98718725e+00  2.98701396e+00 
 5.33656000e-10  1.99236615e+00  3.00405088e+00 
 5.33856000e-10  1.99831139e+00  3.01969531e+00 
 5.34056000e-10  2.00497108e+00  3.03397935e+00 
 5.34256000e-10  2.01229599e+00  3.04695576e+00 
 5.34456000e-10  2.02023912e+00  3.05869252e+00 
 5.34656000e-10  2.02875582e+00  3.06926820e+00 
 5.34856000e-10  2.03780335e+00  3.07876714e+00 
 5.35056000e-10  2.04734127e+00  3.08727588e+00 
 5.35256000e-10  2.05733181e+00  3.09487940e+00 
 5.35456000e-10  2.06774157e+00  3.10165796e+00 
 5.35656000e-10  2.07854475e+00  3.10768247e+00 
 5.35856000e-10  2.08973073e+00  3.11300744e+00 
 5.36056000e-10  2.10131834e+00  3.11765593e+00 
 5.36256000e-10  2.11338100e+00  3.12158811e+00 
 5.36456000e-10  2.12608089e+00  3.12463399e+00 
 5.36656000e-10  2.13970533e+00  3.12635971e+00 
 5.36856000e-10  2.15469720e+00  3.12582561e+00 
 5.37056000e-10  2.17167799e+00  3.12122412e+00 
 5.37256000e-10  2.19146409e+00  3.10952044e+00 
 5.37456000e-10  2.21502861e+00  3.08641194e+00 
 5.37656000e-10  2.24334877e+00  3.04694030e+00 
 5.37856000e-10  2.27715450e+00  2.98674503e+00 
 5.38056000e-10  2.31667759e+00  2.90350519e+00 
 5.38256000e-10  2.36150009e+00  2.79797414e+00 
 5.38456000e-10  2.41051959e+00  2.67422458e+00 
 5.38656000e-10  2.46197500e+00  2.53911387e+00 
 5.38856000e-10  2.51347887e+00  2.40096799e+00 
 5.39056000e-10  2.56240689e+00  2.26775496e+00 
 5.39256000e-10  2.60667713e+00  2.14578254e+00 
 5.39456000e-10  2.64501765e+00  2.03922496e+00 
 5.39656000e-10  2.67648793e+00  1.95062105e+00 
 5.39856000e-10  2.70043580e+00  1.88161878e+00 
 5.40056000e-10  2.71654364e+00  1.83332095e+00 
 5.40256000e-10  2.72475465e+00  1.80602232e+00 
 5.40456000e-10  2.72551413e+00  1.79874701e+00 
 5.40656000e-10  2.71958943e+00  1.80913487e+00 
 5.40856000e-10  2.70781171e+00  1.83389460e+00 
 5.41056000e-10  2.69100090e+00  1.86953985e+00 
 5.41256000e-10  2.66993972e+00  1.91284329e+00 
 5.41456000e-10  2.64536435e+00  1.96104361e+00 
 5.41656000e-10  2.61794922e+00  2.01189849e+00 
 5.41856000e-10  2.58830434e+00  2.06366224e+00 
 5.42056000e-10  2.55696997e+00  2.11502309e+00 
 5.42256000e-10  2.52442089e+00  2.16502759e+00 
 5.42456000e-10  2.49106916e+00  2.21301326e+00 
 5.42656000e-10  2.45727208e+00  2.25855126e+00 
 5.42856000e-10  2.42333429e+00  2.30138985e+00 
 5.43056000e-10  2.38951442e+00  2.34141234e+00 
 5.43256000e-10  2.35602905e+00  2.37860307e+00 
 5.43456000e-10  2.32306094e+00  2.41302391e+00 
 5.43656000e-10  2.29076386e+00  2.44479392e+00 
 5.43856000e-10  2.25927059e+00  2.47407598e+00 
 5.44056000e-10  2.22869998e+00  2.50106717e+00 
 5.44256000e-10  2.19916688e+00  2.52599657e+00 
 5.44456000e-10  2.17079321e+00  2.54912981e+00 
 5.44656000e-10  2.14372444e+00  2.57078239e+00 
 5.44856000e-10  2.11814519e+00  2.59133578e+00 
 5.45056000e-10  2.09428825e+00  2.61124658e+00 
 5.45256000e-10  2.07241785e+00  2.63102615e+00 
 5.45456000e-10  2.05278235e+00  2.65117940e+00 
 5.45656000e-10  2.03556055e+00  2.67212560e+00 
 5.45856000e-10  2.02080697e+00  2.69411548e+00 
 5.46056000e-10  2.00845617e+00  2.71720711e+00 
 5.46256000e-10  1.99836219e+00  2.74128964e+00 
 5.46456000e-10  1.99033532e+00  2.76612948e+00 
 5.46656000e-10  1.98417802e+00  2.79142402e+00 
 5.46856000e-10  1.97970440e+00  2.81684512e+00 
 5.47056000e-10  1.97675052e+00  2.84207138e+00 
 5.47256000e-10  1.97517526e+00  2.86680774e+00 
 5.47456000e-10  1.97485888e+00  2.89079717e+00 
 5.47656000e-10  1.97569869e+00  2.91382544e+00 
 5.47856000e-10  1.97760614e+00  2.93572307e+00 
 5.48056000e-10  1.98050278e+00  2.95636399e+00 
 5.48256000e-10  1.98431942e+00  2.97566389e+00 
 5.48456000e-10  1.98899344e+00  2.99357631e+00 
 5.48656000e-10  1.99446761e+00  3.01008892e+00 
 5.48856000e-10  2.00068816e+00  3.02521845e+00 
 5.49056000e-10  2.00760433e+00  3.03900529e+00 
 5.49256000e-10  2.01516768e+00  3.05150850e+00 
 5.49456000e-10  2.02333224e+00  3.06280063e+00 
 5.49656000e-10  2.03205399e+00  3.07296281e+00 
 5.49856000e-10  2.04129110e+00  3.08208068e+00 
 5.50056000e-10  2.05100398e+00  3.09024054e+00 
 5.50256000e-10  2.06115630e+00  3.09752605e+00 
 5.50456000e-10  2.07171690e+00  3.10401454e+00 
 5.50656000e-10  2.08266452e+00  3.10977195e+00 
 5.50856000e-10  2.09399729e+00  3.11484334e+00 
 5.51056000e-10  2.10575095e+00  3.11923344e+00 
 5.51256000e-10  2.11802772e+00  3.12286440e+00 
 5.51456000e-10  2.13103220e+00  3.12548825e+00 
 5.51656000e-10  2.14510600e+00  3.12651717e+00 
 5.51856000e-10  2.16075676e+00  3.12473495e+00 
 5.52056000e-10  2.17867886e+00  3.11790953e+00 
 5.52256000e-10  2.19975682e+00  3.10250786e+00 
 5.52456000e-10  2.22498966e+00  3.07387137e+00 
 5.52656000e-10  2.25529415e+00  3.02709502e+00 
 5.52856000e-10  2.29123984e+00  2.95842061e+00 
 5.53056000e-10  2.33282700e+00  2.86659152e+00 
 5.53256000e-10  2.37938119e+00  2.75361645e+00 
 5.53456000e-10  2.42955116e+00  2.62470790e+00 
 5.53656000e-10  2.48133313e+00  2.48747125e+00 
 5.53856000e-10  2.53216888e+00  2.35030384e+00 
 5.54056000e-10  2.57955769e+00  2.22065989e+00 
 5.54256000e-10  2.62172274e+00  2.10407058e+00 
 5.54456000e-10  2.65758712e+00  2.00406410e+00 
 5.54656000e-10  2.68642268e+00  1.92277464e+00 
 5.54856000e-10  2.70765747e+00  1.86158067e+00 
 5.55056000e-10  2.72094930e+00  1.82127840e+00 
 5.55256000e-10  2.72642277e+00  1.80173157e+00 
 5.55456000e-10  2.72468604e+00  1.80144523e+00 
 5.55656000e-10  2.71655210e+00  1.81763195e+00 
 5.55856000e-10  2.70285418e+00  1.84685794e+00 
 5.56056000e-10  2.68440337e+00  1.88570260e+00 
 5.56256000e-10  2.66196899e+00  1.93110264e+00 
 5.56456000e-10  2.63626788e+00  1.98049342e+00 
 5.56656000e-10  2.60795299e+00  2.03182627e+00 
 5.56856000e-10  2.57760991e+00  2.08352845e+00 
 5.57056000e-10  2.54575492e+00  2.13442996e+00 
 5.57256000e-10  2.51284072e+00  2.18369548e+00 
 5.57456000e-10  2.47926061e+00  2.23076008e+00 
 5.57656000e-10  2.44535294e+00  2.27526768e+00 
 5.57856000e-10  2.41140502e+00  2.31702154e+00 
 5.58056000e-10  2.37765916e+00  2.35594542e+00 
 5.58256000e-10  2.34431910e+00  2.39205559e+00 
 5.58456000e-10  2.31155650e+00  2.42543731e+00 
 5.58656000e-10  2.27951680e+00  2.45622753e+00 
 5.58856000e-10  2.24832690e+00  2.48460266e+00 
 5.59056000e-10  2.21810336e+00  2.51077175e+00 
 5.59256000e-10  2.18896233e+00  2.53497655e+00 
 5.59456000e-10  2.16103297e+00  2.55749971e+00 
 5.59656000e-10  2.13447395e+00  2.57867977e+00 
 5.59856000e-10  2.10948809e+00  2.59892661e+00 
 5.60056000e-10  2.08632397e+00  2.61872188e+00 
 5.60256000e-10  2.06524696e+00  2.63858364e+00 
 5.60456000e-10  2.04648812e+00  2.65899640e+00 
 5.60656000e-10  2.03017781e+00  2.68031937e+00 
 5.60856000e-10  2.01632209e+00  2.70272981e+00 
 5.61056000e-10  2.00482212e+00  2.72621737e+00 
 5.61256000e-10  1.99551036e+00  2.75061815e+00 
 5.61456000e-10  1.98819131e+00  2.77566689e+00 
 5.61656000e-10  1.98266996e+00  2.80104684e+00 
 5.61856000e-10  1.97876834e+00  2.82642960e+00 
 5.62056000e-10  1.97633110e+00  2.85150200e+00 
 5.62256000e-10  1.97522570e+00  2.87598262e+00 
 5.62456000e-10  1.97533920e+00  2.89963028e+00 
 5.62656000e-10  1.97657475e+00  2.92224777e+00 
 5.62856000e-10  1.97884750e+00  2.94368209e+00 
 5.63056000e-10  1.98208323e+00  2.96382352e+00 
 5.63256000e-10  1.98621542e+00  2.98260241e+00 
 5.63456000e-10  1.99118365e+00  2.99998571e+00 
 5.63656000e-10  1.99693192e+00  3.01597255e+00 
 5.63856000e-10  2.00340761e+00  3.03058921e+00 
 5.64056000e-10  2.01056091e+00  3.04388370e+00 
 5.64256000e-10  2.01834433e+00  3.05592078e+00 
 5.64456000e-10  2.02671264e+00  3.06677668e+00 
 5.64656000e-10  2.03562265e+00  3.07653472e+00 
 5.64856000e-10  2.04503329e+00  3.08528116e+00 
 5.65056000e-10  2.05490603e+00  3.09310169e+00 
 5.65256000e-10  2.06520613e+00  3.10007804e+00 
 5.65456000e-10  2.07590539e+00  3.10628401e+00 
 5.65656000e-10  2.08698827e+00  3.11177920e+00 
 5.65856000e-10  2.09846425e+00  3.11659672e+00 
 5.66056000e-10  2.11038992e+00  3.12071717e+00 
 5.66256000e-10  2.12290146e+00  3.12401292e+00 
 5.66456000e-10  2.13625153e+00  3.12613507e+00 
 5.66656000e-10  2.15084116e+00  3.12630241e+00 
 5.66856000e-10  2.16724381e+00  3.12296556e+00 
 5.67056000e-10  2.18622657e+00  3.11342460e+00 
 5.67256000e-10  2.20873224e+00  3.09366997e+00 
 5.67456000e-10  2.23575825e+00  3.05881131e+00 
 5.67656000e-10  2.26812319e+00  3.00419660e+00 
 5.67856000e-10  2.30620456e+00  2.92686375e+00 
 5.68056000e-10  2.34975676e+00  2.82672870e+00 
 5.68256000e-10  2.39784945e+00  2.70704416e+00 
 5.68456000e-10  2.44888710e+00  2.57405118e+00 
 5.68656000e-10  2.50062996e+00  2.43587299e+00 
 5.68856000e-10  2.55044021e+00  2.30072631e+00 
 5.69056000e-10  2.59604306e+00  2.17541671e+00 
 5.69256000e-10  2.63595678e+00  2.06469027e+00 
 5.69456000e-10  2.66927276e+00  1.97146813e+00 
 5.69656000e-10  2.69532917e+00  1.89754653e+00 
 5.69856000e-10  2.71361701e+00  1.84409865e+00 
 5.70056000e-10  2.72394315e+00  1.81163126e+00 
 5.70256000e-10  2.72663308e+00  1.79953323e+00 
 5.70456000e-10  2.72240733e+00  1.80578077e+00 
 5.70656000e-10  2.71209604e+00  1.82725237e+00 
 5.70856000e-10  2.69652777e+00  1.86045923e+00 
 5.71056000e-10  2.67649899e+00  1.90208694e+00 
 5.71256000e-10  2.65276151e+00  1.94925028e+00 
 5.71456000e-10  2.62600871e+00  1.99957928e+00 
 5.71656000e-10  2.59686874e+00  2.05121037e+00 
 5.71856000e-10  2.56589987e+00  2.10272750e+00 
 5.72056000e-10  2.53359512e+00  2.15309487e+00 
 5.72256000e-10  2.50038526e+00  2.20158829e+00 
 5.72456000e-10  2.46664247e+00  2.24772648e+00 
 5.72656000e-10  2.43268513e+00  2.29121794e+00 
 5.72856000e-10  2.39878352e+00  2.33191530e+00 
 5.73056000e-10  2.36516462e+00  2.36977987e+00 
 5.73256000e-10  2.33201958e+00  2.40485606e+00 
 5.73456000e-10  2.29950933e+00  2.43725007e+00 
 5.73656000e-10  2.26777148e+00  2.46711473e+00 
 5.73856000e-10  2.23692799e+00  2.49463903e+00 
 5.74056000e-10  2.20709398e+00  2.52004385e+00 
 5.74256000e-10  2.17838861e+00  2.54358475e+00 
 5.74456000e-10  2.15095017e+00  2.56556335e+00 
 5.74656000e-10  2.12495213e+00  2.58634327e+00 
 5.74856000e-10  2.10061595e+00  2.60636280e+00 
 5.75056000e-10  2.07820170e+00  2.62612373e+00 
 5.75256000e-10  2.05797063e+00  2.64614257e+00 
 5.75456000e-10  2.04011954e+00  2.66686545e+00 
 5.75656000e-10  2.02473251e+00  2.68858728e+00 
 5.75856000e-10  2.01177366e+00  2.71141288e+00 
 5.76056000e-10  2.00111338e+00  2.73526892e+00 
 5.76256000e-10  1.99256963e+00  2.75994751e+00 
 5.76456000e-10  1.98594440e+00  2.78515879e+00 
 5.76656000e-10  1.98104784e+00  2.81057782e+00 
 5.76856000e-10  1.97771013e+00  2.83587945e+00 
 5.77056000e-10  1.97578471e+00  2.86076103e+00 
 5.77256000e-10  1.97514679e+00  2.88495555e+00 
 5.77456000e-10  1.97568988e+00  2.90823812e+00 
 5.77656000e-10  1.97732158e+00  2.93042800e+00 
 5.77856000e-10  1.97996186e+00  2.95138892e+00 
 5.78056000e-10  1.98353971e+00  2.97102647e+00 
 5.78256000e-10  1.98799094e+00  2.98928515e+00 
 5.78456000e-10  1.99325682e+00  3.00614440e+00 
 5.78656000e-10  1.99928257e+00  3.02161417e+00 
 5.78856000e-10  2.00601686e+00  3.03572946e+00 
 5.79056000e-10  2.01341068e+00  3.04854519e+00 
 5.79256000e-10  2.02141751e+00  3.06013095e+00 
 5.79456000e-10  2.02999283e+00  3.07056614e+00 
 5.79656000e-10  2.03909426e+00  3.07993560e+00 
 5.79856000e-10  2.04868158e+00  3.08832578e+00 
 5.80056000e-10  2.05871751e+00  3.09582128e+00 
 5.80256000e-10  2.06916923e+00  3.10250141e+00 
 5.80456000e-10  2.08001236e+00  3.10843561e+00 
 5.80656000e-10  2.09123876e+00  3.11367550e+00 
 5.80856000e-10  2.10287231e+00  3.11823880e+00 
 5.81056000e-10  2.11499509e+00  3.12207458e+00 
 5.81256000e-10  2.12778291e+00  3.12499026e+00 
 5.81456000e-10  2.14154077e+00  3.12650698e+00 
 5.81656000e-10  2.15673053e+00  3.12560186e+00 
 5.81856000e-10  2.17399591e+00  3.12033726e+00 
 5.82056000e-10  2.19417609e+00  3.10751883e+00 
 5.82256000e-10  2.21825538e+00  3.08271857e+00 
 5.82456000e-10  2.24719603e+00  3.04097440e+00 
 5.82656000e-10  2.28168033e+00  2.97809578e+00 
 5.82856000e-10  2.32186811e+00  2.89208769e+00 
 5.83056000e-10  2.36725958e+00  2.78410318e+00 
 5.83256000e-10  2.41667241e+00  2.65858910e+00 
 5.83456000e-10  2.46826820e+00  2.52266400e+00 
 5.83656000e-10  2.51959791e+00  2.38470619e+00 
 5.83856000e-10  2.56806344e+00  2.25253791e+00 
 5.84056000e-10  2.61167837e+00  2.13222405e+00 
 5.84256000e-10  2.64921894e+00  2.02776214e+00 
 5.84456000e-10  2.67989659e+00  1.94157030e+00 
 5.84656000e-10  2.70310305e+00  1.87517965e+00 
 5.84856000e-10  2.71841696e+00  1.82955054e+00 
 5.85056000e-10  2.72582770e+00  1.80483092e+00 
 5.85256000e-10  2.72584177e+00  1.79988922e+00 
 5.85456000e-10  2.71924713e+00  1.81221979e+00 
 5.85656000e-10  2.70687798e+00  1.83847820e+00 
 5.85856000e-10  2.68955392e+00  1.87519640e+00 
 5.86056000e-10  2.66805555e+00  1.91920065e+00 
 5.86256000e-10  2.64311475e+00  1.96779492e+00 
 5.86456000e-10  2.61540025e+00  2.01880196e+00 
 5.86656000e-10  2.58551361e+00  2.07053136e+00 
 5.86856000e-10  2.55398876e+00  2.12171845e+00 
 5.87056000e-10  2.52129663e+00  2.17145440e+00 
 5.87256000e-10  2.48784542e+00  2.21911212e+00 
 5.87456000e-10  2.45398715e+00  2.26428778e+00 
 5.87656000e-10  2.42002114e+00  2.30674782e+00 
 5.87856000e-10  2.38620034e+00  2.34638803e+00 
 5.88056000e-10  2.35273746e+00  2.38320355e+00 
 5.88256000e-10  2.31981179e+00  2.41726402e+00 
 5.88456000e-10  2.28757463e+00  2.44869451e+00 
 5.88656000e-10  2.25615684e+00  2.47766233e+00 
 5.88856000e-10  2.22567668e+00  2.50436849e+00 
 5.89056000e-10  2.19624936e+00  2.52904604e+00 
 5.89256000e-10  2.16799918e+00  2.55196603e+00 
 5.89456000e-10  2.14107549e+00  2.57345108e+00 
 5.89656000e-10  2.11566913e+00  2.59389219e+00 
 5.89856000e-10  2.09201889e+00  2.61375469e+00 
 5.90056000e-10  2.07039023e+00  2.63355310e+00 
 5.90256000e-10  2.05102931e+00  2.65378900e+00 
 5.90456000e-10  2.03409499e+00  2.67485996e+00 
 5.90656000e-10  2.01962457e+00  2.69699166e+00 
 5.90856000e-10  2.00754287e+00  2.72021892e+00 
 5.91056000e-10  1.99769568e+00  2.74441203e+00 
 5.91256000e-10  1.98989136e+00  2.76932639e+00 
 5.91456000e-10  1.98393281e+00  2.79465410e+00 
 5.91656000e-10  1.97963685e+00  2.82006674e+00 
 5.91856000e-10  1.97684230e+00  2.84524546e+00 
 5.92056000e-10  1.97541108e+00  2.86989982e+00 
 5.92256000e-10  1.97522564e+00  2.89377802e+00 
 5.92456000e-10  1.97618470e+00  2.91667139e+00 
 5.92656000e-10  1.97820149e+00  2.93841627e+00 
 5.92856000e-10  1.98119976e+00  2.95889224e+00 
 5.93056000e-10  1.98511108e+00  2.97801978e+00 
 5.93256000e-10  1.98987326e+00  2.99575686e+00 
 5.93456000e-10  1.99542905e+00  3.01209486e+00 
 5.93656000e-10  2.00172523e+00  3.02705383e+00 
 5.93856000e-10  2.00871133e+00  3.04067674e+00 
 5.94056000e-10  2.01633935e+00  3.05302465e+00 
 5.94256000e-10  2.02456350e+00  3.06417130e+00 
 5.94456000e-10  2.03334010e+00  3.07419864e+00 
 5.94656000e-10  2.04262750e+00  3.08319250e+00 
 5.94856000e-10  2.05238648e+00  3.09123906e+00 
 5.95056000e-10  2.06258114e+00  3.09842136e+00 
 5.95256000e-10  2.07318123e+00  3.10481569e+00 
 5.95456000e-10  2.08416710e+00  3.11048601e+00 
 5.95656000e-10  2.09554026e+00  3.11547394e+00 
 5.95856000e-10  2.10734263e+00  3.11977712e+00 
 5.96056000e-10  2.11968701e+00  3.12330330e+00 
 5.96256000e-10  2.13279370e+00  3.12577520e+00 
 5.96456000e-10  2.14702306e+00  3.12654800e+00 
 5.96656000e-10  2.16290178e+00  3.12430463e+00 
 5.96856000e-10  2.18114684e+00  3.11666783e+00 
 5.97056000e-10  2.20266316e+00  3.09994813e+00 
 5.97256000e-10  2.22845293e+00  3.06939728e+00 
 5.97456000e-10  2.25940592e+00  3.02016849e+00 
 5.97656000e-10  2.29603342e+00  2.94873753e+00 
 5.97856000e-10  2.33825836e+00  2.85421274e+00 
 5.98056000e-10  2.38532426e+00  2.73900352e+00 
 5.98256000e-10  2.43580163e+00  2.60866481e+00 
 5.98456000e-10  2.48761034e+00  2.47099449e+00 
 5.98656000e-10  2.53815533e+00  2.33435854e+00 
 5.98856000e-10  2.58499815e+00  2.20601742e+00 
 5.99056000e-10  2.62645828e+00  2.09125116e+00 
 5.99256000e-10  2.66151789e+00  1.99338383e+00 
 5.99456000e-10  2.68947195e+00  1.91443280e+00 
 5.99656000e-10  2.70976667e+00  1.85571001e+00 
 5.99856000e-10  2.72210355e+00  1.81792564e+00 
 6.00056000e-10  2.72667258e+00  1.80079691e+00 
 6.00256000e-10  2.72412329e+00  1.80265555e+00 
 6.00456000e-10  2.71527642e+00  1.82059441e+00 
 6.00656000e-10  2.70096421e+00  1.85115197e+00 
 6.00856000e-10  2.68199341e+00  1.89093704e+00 
 6.01056000e-10  2.65912796e+00  1.93694167e+00 
 6.01256000e-10  2.63307739e+00  1.98666373e+00 
 6.01456000e-10  2.60448640e+00  2.03811490e+00 
 6.01656000e-10  2.57393085e+00  2.08977151e+00 
 6.01856000e-10  2.54192012e+00  2.14050852e+00 
 6.02056000e-10  2.50890133e+00  2.18953014e+00 
 6.02256000e-10  2.47526169e+00  2.23630045e+00 
 6.02456000e-10  2.44133265e+00  2.28048443e+00 
 6.02656000e-10  2.40739493e+00  2.32189963e+00 
 6.02856000e-10  2.37368573e+00  2.36048252e+00 
 6.03056000e-10  2.34040473e+00  2.39625870e+00 
 6.03256000e-10  2.30772003e+00  2.42932051e+00 
 6.03456000e-10  2.27577447e+00  2.45981017e+00 
 6.03656000e-10  2.24469325e+00  2.48790830e+00 
 6.03856000e-10  2.21459232e+00  2.51382773e+00 
 6.04056000e-10  2.18558861e+00  2.53781456e+00 
 6.04256000e-10  2.15781397e+00  2.56015733e+00 
 6.04456000e-10  2.13143141e+00  2.58120233e+00 
 6.04656000e-10  2.10664999e+00  2.60136875e+00 
 6.04856000e-10  2.08372267e+00  2.62114547e+00 
 6.05056000e-10  2.06291593e+00  2.64105230e+00 
 6.05256000e-10  2.04444838e+00  2.66156179e+00 
 6.05456000e-10  2.02843518e+00  2.68301287e+00 
 6.05656000e-10  2.01486958e+00  2.70555906e+00 
 6.05856000e-10  2.00364198e+00  2.72916893e+00 
 6.06056000e-10  1.99457983e+00  2.75366381e+00 
 6.06256000e-10  1.98748633e+00  2.77876979e+00 
 6.06456000e-10  1.98216803e+00  2.80416705e+00 
 6.06656000e-10  1.97844946e+00  2.82952791e+00 
 6.06856000e-10  1.97617817e+00  2.85454246e+00 
 6.07056000e-10  1.97522415e+00  2.87893384e+00 
 6.07256000e-10  1.97547572e+00  2.90246577e+00 
 6.07456000e-10  1.97683829e+00  2.92494685e+00 
 6.07656000e-10  1.97922949e+00  2.94622970e+00 
 6.07856000e-10  1.98257566e+00  2.96620930e+00 
 6.08056000e-10  1.98681106e+00  2.98482066e+00 
 6.08256000e-10  1.99187547e+00  3.00203470e+00 
 6.08456000e-10  1.99771328e+00  3.01785417e+00 
 6.08656000e-10  2.00427234e+00  3.03230821e+00 
 6.08856000e-10  2.01150315e+00  3.04544720e+00 
 6.09056000e-10  2.01935853e+00  3.05733747e+00 
 6.09256000e-10  2.02779353e+00  3.06805639e+00 
 6.09456000e-10  2.03676518e+00  3.07768777e+00 
 6.09656000e-10  2.04623271e+00  3.08631801e+00 
 6.09856000e-10  2.05615796e+00  3.09403248e+00 
 6.10056000e-10  2.06650676e+00  3.10091222e+00 
 6.10256000e-10  2.07725199e+00  3.10702965e+00 
 6.10456000e-10  2.08838031e+00  3.11244207e+00 
 6.10656000e-10  2.09990547e+00  3.11717811e+00 
 6.10856000e-10  2.11189177e+00  3.12120924e+00 
 6.11056000e-10  2.12448787e+00  3.12438895e+00 
 6.11256000e-10  2.13796288e+00  3.12633023e+00 
 6.11456000e-10  2.15273625e+00  3.12617978e+00 
 6.11656000e-10  2.16940325e+00  3.12227018e+00 
 6.11856000e-10  2.18875452e+00  3.11174514e+00 
 6.12056000e-10  2.21174847e+00  3.09045295e+00 
 6.12256000e-10  2.23937520e+00  3.05346138e+00 
 6.12456000e-10  2.27241372e+00  2.99624314e+00 
 6.12656000e-10  2.31117438e+00  2.91612837e+00 
 6.12856000e-10  2.35533084e+00  2.81342388e+00 
 6.13056000e-10  2.40387167e+00  2.69177160e+00 
 6.13256000e-10  2.45510418e+00  2.55770330e+00 
 6.13456000e-10  2.50673795e+00  2.41922172e+00 
 6.13656000e-10  2.55613972e+00  2.28453641e+00 
 6.13856000e-10  2.60111275e+00  2.16050598e+00 
 6.14056000e-10  2.64026841e+00  2.05159230e+00 
 6.14256000e-10  2.67273851e+00  1.96051847e+00 
 6.14456000e-10  2.69788276e+00  1.88896639e+00 
 6.14656000e-10  2.71521510e+00  1.83802614e+00 
 6.14856000e-10  2.72459895e+00  1.80808493e+00 
 6.15056000e-10  2.72641962e+00  1.79835972e+00 
 6.15256000e-10  2.72142423e+00  1.80666038e+00 
 6.15456000e-10  2.71044436e+00  1.82977803e+00 
 6.15656000e-10  2.69430636e+00  1.86422134e+00 
 6.15856000e-10  2.67380097e+00  1.90671580e+00 
 6.16056000e-10  2.64967394e+00  1.95443509e+00 
 6.16256000e-10  2.62260972e+00  2.00506973e+00 
 6.16456000e-10  2.59322697e+00  2.05681010e+00 
 6.16656000e-10  2.56207631e+00  2.10829010e+00 
 6.16856000e-10  2.52964552e+00  2.15851760e+00 
 6.17056000e-10  2.49635870e+00  2.20680158e+00 
 6.17256000e-10  2.46258161e+00  2.25268689e+00 
 6.17456000e-10  2.42862479e+00  2.29589789e+00 
 6.17656000e-10  2.39475230e+00  2.33630072e+00 
 6.17856000e-10  2.36118628e+00  2.37386785e+00 
 6.18056000e-10  2.32811422e+00  2.40865245e+00 
 6.18256000e-10  2.29569369e+00  2.44076698e+00 
 6.18456000e-10  2.26406019e+00  2.47036940e+00 
 6.18656000e-10  2.23333418e+00  2.49765262e+00 
 6.18856000e-10  2.20363068e+00  2.52284160e+00 
 6.19056000e-10  2.17507000e+00  2.54619655e+00 
 6.19256000e-10  2.14779334e+00  2.56802535e+00 
 6.19456000e-10  2.12197946e+00  2.58870016e+00 
 6.19656000e-10  2.09785559e+00  2.60866819e+00 
 6.19856000e-10  2.07568536e+00  2.62843667e+00 
 6.20056000e-10  2.05572493e+00  2.64851915e+00 
 6.20256000e-10  2.03815973e+00  2.66934814e+00 
 6.20456000e-10  2.02306056e+00  2.69119748e+00 
 6.20656000e-10  2.01037882e+00  2.71415029e+00 
 6.20856000e-10  1.99997698e+00  2.73811553e+00 
 6.21056000e-10  1.99166933e+00  2.76287321e+00 
 6.21256000e-10  1.98525784e+00  2.78812731e+00 
 6.21456000e-10  1.98055437e+00  2.81355121e+00 
 6.21656000e-10  1.97739177e+00  2.83882135e+00 
 6.21856000e-10  1.97562596e+00  2.86363854e+00 
 6.22056000e-10  1.97513447e+00  2.88774035e+00 
 6.22256000e-10  1.97581182e+00  2.91090654e+00 
 6.22456000e-10  1.97756822e+00  2.93296206e+00 
 6.22656000e-10  1.98032493e+00  2.95377542e+00 
 6.22856000e-10  1.98401165e+00  2.97325686e+00 
 6.23056000e-10  1.98856454e+00  2.99135500e+00 
 6.23256000e-10  1.99392523e+00  3.00805309e+00 
 6.23456000e-10  2.00003955e+00  3.02336437e+00 
 6.23656000e-10  2.00685645e+00  3.03732642e+00 
 6.23856000e-10  2.01432726e+00  3.04999617e+00 
 6.24056000e-10  2.02240567e+00  3.06144461e+00 
 6.24256000e-10  2.03104744e+00  3.07175202e+00 
 6.24456000e-10  2.04021041e+00  3.08100363e+00 
 6.24656000e-10  2.04985464e+00  3.08928586e+00 
 6.24856000e-10  2.05994327e+00  3.09668290e+00 
 6.25056000e-10  2.07044421e+00  3.10327315e+00 
 6.25256000e-10  2.08133445e+00  3.10912446e+00 
 6.25456000e-10  2.09260872e+00  3.11428562e+00 
 6.25656000e-10  2.10429624e+00  3.11876850e+00 
 6.25856000e-10  2.11648845e+00  3.12251017e+00 
 6.26056000e-10  2.12937496e+00  3.12529337e+00 
 6.26256000e-10  2.14327792e+00  3.12659027e+00 
 6.26456000e-10  2.15867938e+00  3.12528991e+00 
 6.26656000e-10  2.17624636e+00  3.11931919e+00 
 6.26856000e-10  2.19684005e+00  3.10532393e+00 
 6.27056000e-10  2.22145341e+00  3.07876113e+00 
 6.27256000e-10  2.25102963e+00  3.03468417e+00 
 6.27456000e-10  2.28619988e+00  2.96909403e+00 
 6.27656000e-10  2.32704991e+00  2.88033576e+00 
 6.27856000e-10  2.37299781e+00  2.76996455e+00 
 6.28056000e-10  2.42275811e+00  2.64278226e+00 
 6.28256000e-10  2.47444033e+00  2.50590359e+00 
 6.28456000e-10  2.52555679e+00  2.36784362e+00 
 6.28656000e-10  2.57352776e+00  2.23654648e+00 
 6.28856000e-10  2.61646819e+00  2.11779108e+00 
 6.29056000e-10  2.65322219e+00  2.01532541e+00 
 6.29256000e-10  2.68303598e+00  1.93140544e+00 
 6.29456000e-10  2.70531584e+00  1.86746975e+00 
 6.29656000e-10  2.71967762e+00  1.82438976e+00 
 6.29856000e-10  2.72617238e+00  1.80217247e+00 
 6.30056000e-10  2.72535784e+00  1.79950866e+00 
 6.30256000e-10  2.71803462e+00  1.81374998e+00 
 6.30456000e-10  2.70503718e+00  1.84150196e+00 
 6.30656000e-10  2.68718066e+00  1.87931418e+00 
 6.30856000e-10  2.66524058e+00  1.92406317e+00 
 6.31056000e-10  2.63994062e+00  1.97311208e+00 
 6.31256000e-10  2.61194002e+00  2.02434268e+00 
 6.31456000e-10  2.58183291e+00  2.07612096e+00 
 6.31656000e-10  2.55014813e+00  2.12722986e+00 
 6.31856000e-10  2.51734978e+00  2.17679908e+00 
 6.32056000e-10  2.48383930e+00  2.22423240e+00 
 6.32256000e-10  2.44996023e+00  2.26914466e+00 
 6.32456000e-10  2.41600511e+00  2.31131807e+00 
 6.32656000e-10  2.38222164e+00  2.35066178e+00 
 6.32856000e-10  2.34881845e+00  2.38718141e+00 
 6.33056000e-10  2.31597105e+00  2.42095415e+00 
 6.33256000e-10  2.28382806e+00  2.45211111e+00 
 6.33456000e-10  2.25251828e+00  2.48082398e+00 
 6.33656000e-10  2.22215913e+00  2.50729787e+00 
 6.33856000e-10  2.19286597e+00  2.53176982e+00 
 6.34056000e-10  2.16476478e+00  2.55451595e+00 
 6.34256000e-10  2.13800908e+00  2.57586638e+00 
 6.34456000e-10  2.11279554e+00  2.59622118e+00 
 6.34656000e-10  2.08936801e+00  2.61605323e+00 
 6.34856000e-10  2.06799400e+00  2.63588132e+00 
 6.35056000e-10  2.04891024e+00  2.65619928e+00 
 6.35256000e-10  2.03226280e+00  2.67738726e+00 
 6.35456000e-10  2.01807610e+00  2.69964882e+00 
 6.35656000e-10  2.00626385e+00  2.72299820e+00 
 6.35856000e-10  1.99666570e+00  2.74729008e+00 
 6.36056000e-10  1.98908789e+00  2.77227019e+00 
 6.36256000e-10  1.98333409e+00  2.79762631e+00 
 6.36456000e-10  1.97922331e+00  2.82302979e+00 
 6.36656000e-10  1.97659696e+00  2.84816416e+00 
 6.36856000e-10  1.97531943e+00  2.87274297e+00 
 6.37056000e-10  1.97527432e+00  2.89651875e+00 
 6.37256000e-10  1.97636338e+00  2.91928863e+00 
 6.37456000e-10  1.97850143e+00  2.94089386e+00 
 6.37656000e-10  1.98161292e+00  2.96121876e+00 
 6.37856000e-10  1.98562986e+00  2.98018818e+00 
 6.38056000e-10  1.99049044e+00  2.99776419e+00 
 6.38256000e-10  1.99613821e+00  3.01394187e+00 
 6.38456000e-10  2.00252021e+00  3.02874421e+00 
 6.38656000e-10  2.00958640e+00  3.04221656e+00 
 6.38856000e-10  2.01728894e+00  3.05442174e+00 
 6.39056000e-10  2.02558238e+00  3.06543470e+00 
 6.39256000e-10  2.03442320e+00  3.07533807e+00 
 6.39456000e-10  2.04377006e+00  3.08421793e+00 
 6.39656000e-10  2.05358401e+00  3.09216026e+00 
 6.39856000e-10  2.06382970e+00  3.09924756e+00 
 6.40056000e-10  2.07447772e+00  3.10555494e+00 
 6.40256000e-10  2.08551033e+00  3.11114449e+00 
 6.40456000e-10  2.09693262e+00  3.11605405e+00 
 6.40656000e-10  2.10879320e+00  3.12027367e+00 
 6.40856000e-10  2.12121580e+00  3.12369531e+00 
 6.41056000e-10  2.13443583e+00  3.12600956e+00 
 6.41256000e-10  2.14883210e+00  3.12650990e+00 
 6.41456000e-10  2.16495290e+00  3.12377336e+00 
 6.41656000e-10  2.18353887e+00  3.11527288e+00 
 6.41856000e-10  2.20551371e+00  3.09716577e+00 
 6.42056000e-10  2.23187925e+00  3.06462835e+00 
 6.42256000e-10  2.26349399e+00  3.01289342e+00 
 6.42456000e-10  2.30080787e+00  2.93869079e+00 
 6.42656000e-10  2.34366510e+00  2.84150415e+00 
 6.42856000e-10  2.39119990e+00  2.72412213e+00 
 6.43056000e-10  2.44191533e+00  2.59217199e+00 
 6.43256000e-10  2.49370000e+00  2.45350053e+00 
 6.43456000e-10  2.54391428e+00  2.31681366e+00 
 6.43656000e-10  2.59018038e+00  2.18942226e+00 
 6.43856000e-10  2.63091215e+00  2.07628905e+00 
 6.44056000e-10  2.66514841e+00  1.98049341e+00 
 6.44256000e-10  2.69220743e+00  1.90390007e+00 
 6.44456000e-10  2.71155612e+00  1.84772129e+00 
 6.44656000e-10  2.72294382e+00  1.81254867e+00 
 6.44856000e-10  2.72662492e+00  1.79792978e+00 
 6.45056000e-10  2.72328471e+00  1.80201532e+00 
 6.45256000e-10  2.71374907e+00  1.82178459e+00 
 6.45456000e-10  2.69884822e+00  1.85375478e+00 
 6.45656000e-10  2.67938379e+00  1.89456695e+00 
 6.45856000e-10  2.65611276e+00  1.94126532e+00 
 6.46056000e-10  2.62973381e+00  1.99140921e+00 
 6.46256000e-10  2.60088302e+00  2.04307050e+00 
 6.46456000e-10  2.57013147e+00  2.09477819e+00 
 6.46656000e-10  2.53798291e+00  2.14545153e+00 
 6.46856000e-10  2.50487747e+00  2.19433013e+00 
 6.47056000e-10  2.47119472e+00  2.24090378e+00 
 6.47256000e-10  2.43725837e+00  2.28485481e+00 
 6.47456000e-10  2.40334342e+00  2.32601676e+00 
 6.47656000e-10  2.36968219e+00  2.36433807e+00 
 6.47856000e-10  2.33647018e+00  2.39985352e+00 
 6.48056000e-10  2.30387204e+00  2.43266235e+00 
 6.48256000e-10  2.27202799e+00  2.46291211e+00 
 6.48456000e-10  2.24106151e+00  2.49078764e+00 
 6.48656000e-10  2.21108789e+00  2.51650572e+00 
 6.48856000e-10  2.18222431e+00  2.54031639e+00 
 6.49056000e-10  2.15460506e+00  2.56251423e+00 
 6.49256000e-10  2.12839808e+00  2.58345386e+00 
 6.49456000e-10  2.10381816e+00  2.60356284e+00 
 6.49656000e-10  2.08112233e+00  2.62333705e+00 
 6.49856000e-10  2.06057417e+00  2.64329627e+00 
 6.50056000e-10  2.04238328e+00  2.66390244e+00 
 6.50256000e-10  2.02665230e+00  2.68547572e+00 
 6.50456000e-10  2.01336173e+00  2.70814890e+00 
 6.50656000e-10  2.00239308e+00  2.73187241e+00 
 6.50856000e-10  1.99356920e+00  2.75645452e+00 
 6.51056000e-10  1.98669244e+00  2.78161394e+00 
 6.51256000e-10  1.98157059e+00  2.80702819e+00 
 6.51456000e-10  1.97803050e+00  2.83237029e+00 
 6.51656000e-10  1.97592217e+00  2.85733323e+00 
 6.51856000e-10  1.97511658e+00  2.88164363e+00 
 6.52056000e-10  1.97550568e+00  2.90507095e+00 
 6.52256000e-10  1.97699665e+00  2.92742850e+00 
 6.52456000e-10  1.97950780e+00  2.94857348e+00 
 6.52656000e-10  1.98296629e+00  2.96840540e+00 
 6.52856000e-10  1.98730630e+00  2.98686337e+00 
 6.53056000e-10  1.99246850e+00  3.00392227e+00 
 6.53256000e-10  1.99839772e+00  3.01958817e+00 
 6.53456000e-10  2.00504232e+00  3.03389294e+00 
 6.53656000e-10  2.01235295e+00  3.04688905e+00 
 6.53856000e-10  2.02028282e+00  3.05864441e+00 
 6.54056000e-10  2.02878707e+00  3.06923734e+00 
 6.54256000e-10  2.03782306e+00  3.07875224e+00 
 6.54456000e-10  2.04735020e+00  3.08727554e+00 
 6.54656000e-10  2.05733076e+00  3.09489238e+00 
 6.54856000e-10  2.06773110e+00  3.10168297e+00 
 6.55056000e-10  2.07852536e+00  3.10771852e+00 
 6.55256000e-10  2.08970254e+00  3.11305383e+00 
 6.55456000e-10  2.10128097e+00  3.11771274e+00 
 6.55656000e-10  2.11333309e+00  3.12165667e+00 
 6.55856000e-10  2.12602010e+00  3.12471852e+00 
 6.56056000e-10  2.13962760e+00  3.12646999e+00 
 6.56256000e-10  2.15459472e+00  3.12598101e+00 
 6.56456000e-10  2.17153936e+00  3.12146018e+00 
 6.56656000e-10  2.19127532e+00  3.10989281e+00 
 6.56856000e-10  2.21477443e+00  3.08699239e+00 
 6.57056000e-10  2.24301578e+00  3.04780231e+00 
 6.57256000e-10  2.27673495e+00  2.98794181e+00 
 6.57456000e-10  2.31617267e+00  2.90504998e+00 
 6.57656000e-10  2.36092117e+00  2.79982997e+00 
 6.57856000e-10  2.40986309e+00  2.67629242e+00 
 6.58056000e-10  2.46125663e+00  2.54100213e+00 
 6.58256000e-10  2.51276182e+00  2.40216323e+00 
 6.58456000e-10  2.56172876e+00  2.26814741e+00 
 6.58656000e-10  2.60606014e+00  2.14554644e+00 
 6.58856000e-10  2.64444772e+00  2.03855531e+00 
 6.59056000e-10  2.67606799e+00  1.94970984e+00 
 6.59256000e-10  2.70029557e+00  1.88058647e+00 
 6.59456000e-10  2.71667444e+00  1.83219242e+00 
 6.59656000e-10  2.72512472e+00  1.80478912e+00 
 6.59856000e-10  2.72609087e+00  1.79742054e+00 
 6.60056000e-10  2.72034058e+00  1.80773737e+00 
 6.60256000e-10  2.70870709e+00  1.83245732e+00 
 6.60456000e-10  2.69201303e+00  1.86809400e+00 
 6.60656000e-10  2.67104336e+00  1.91141119e+00 
 6.60856000e-10  2.64653338e+00  1.95964460e+00 
 6.61056000e-10  2.61915940e+00  2.01055280e+00 
 6.61256000e-10  2.58953589e+00  2.06238102e+00 
 6.61456000e-10  2.55820816e+00  2.11381159e+00 
 6.61656000e-10  2.52565673e+00  2.16389343e+00 
 6.61856000e-10  2.49229770e+00  2.21196606e+00 
 6.62056000e-10  2.45848840e+00  2.25759448e+00 
 6.62256000e-10  2.42453334e+00  2.30052227e+00 
 6.62456000e-10  2.39069113e+00  2.34062959e+00 
 6.62656000e-10  2.35717942e+00  2.37790008e+00 
 6.62856000e-10  2.32418165e+00  2.41239482e+00 
 6.63056000e-10  2.29185238e+00  2.44423263e+00 
 6.63256000e-10  2.26032472e+00  2.47357603e+00 
 6.63456000e-10  2.22971794e+00  2.50062205e+00 
 6.63656000e-10  2.20014641e+00  2.52559890e+00 
 6.63856000e-10  2.17173189e+00  2.54877197e+00 
 6.64056000e-10  2.14461949e+00  2.57045644e+00 
 6.64256000e-10  2.11899325e+00  2.59103278e+00 
 6.64456000e-10  2.09508586e+00  2.61095628e+00 
 6.64656000e-10  2.07316275e+00  2.63073928e+00 
 6.64856000e-10  2.05347505e+00  2.65089094e+00 
 6.65056000e-10  2.03619705e+00  2.67182889e+00 
 6.65256000e-10  2.02138542e+00  2.69380612e+00 
 6.65456000e-10  2.00897961e+00  2.71688458e+00 
 6.65656000e-10  1.99883441e+00  2.74095595e+00 
 6.65856000e-10  1.99076107e+00  2.76578897e+00 
 6.66056000e-10  1.98456168e+00  2.79108189e+00 
 6.66256000e-10  1.98005007e+00  2.81650691e+00 
 6.66456000e-10  1.97706160e+00  2.84174224e+00 
 6.66656000e-10  1.97545325e+00  2.86649146e+00 
 6.66856000e-10  1.97510586e+00  2.89049765e+00 
 6.67056000e-10  1.97591769e+00  2.91354634e+00 
 6.67256000e-10  1.97780002e+00  2.93546700e+00 
 6.67456000e-10  1.98067431e+00  2.95613271e+00 
 6.67656000e-10  1.98447025e+00  2.97545815e+00 
 6.67856000e-10  1.98912493e+00  2.99339633e+00 
 6.68056000e-10  1.99458067e+00  3.00993425e+00 
 6.68256000e-10  2.00078383e+00  3.02508834e+00 
 6.68456000e-10  2.00768362e+00  3.03889863e+00 
 6.68656000e-10  2.01523172e+00  3.05142405e+00 
 6.68856000e-10  2.02338202e+00  3.06273686e+00 
 6.69056000e-10  2.03209055e+00  3.07291822e+00 
 6.69256000e-10  2.04131535e+00  3.08205365e+00 
 6.69456000e-10  2.05101684e+00  3.09022954e+00 
 6.69656000e-10  2.06115849e+00  3.09752955e+00 
 6.69856000e-10  2.07170909e+00  3.10403121e+00 
 6.70056000e-10  2.08264715e+00  3.10980071e+00 
 6.70256000e-10  2.09397047e+00  3.11488366e+00 
 6.70456000e-10  2.10571401e+00  3.11928556e+00 
 6.70656000e-10  2.11797897e+00  3.12293038e+00 
 6.70856000e-10  2.13096908e+00  3.12557391e+00 
 6.71056000e-10  2.14502420e+00  3.12663570e+00 
 6.71256000e-10  2.16064721e+00  3.12491102e+00 
 6.71456000e-10  2.17852856e+00  3.11818629e+00 
 6.71656000e-10  2.19955061e+00  3.10294841e+00 
 6.71856000e-10  2.22471229e+00  3.07455069e+00 
 6.72056000e-10  2.25493385e+00  3.02808200e+00 
 6.72256000e-10  2.29079187e+00  2.95975547e+00 
 6.72456000e-10  2.33229631e+00  2.86826906e+00 
 6.72656000e-10  2.37875453e+00  2.75555839e+00 
 6.72856000e-10  2.42883649e+00  2.62652964e+00 
 6.73056000e-10  2.48059739e+00  2.48864167e+00 
 6.73256000e-10  2.53146761e+00  2.35069898e+00 
 6.73456000e-10  2.57892204e+00  2.22044305e+00 
 6.73656000e-10  2.62116954e+00  2.10337456e+00 
 6.73856000e-10  2.65712729e+00  2.00299985e+00 
 6.74056000e-10  2.68606626e+00  1.92142431e+00 
 6.74256000e-10  2.70741258e+00  1.85999973e+00 
 6.74456000e-10  2.72081971e+00  1.81950432e+00 
 6.74656000e-10  2.72640473e+00  1.79979894e+00 
 6.74856000e-10  2.72477051e+00  1.79939573e+00 
 6.75056000e-10  2.71672886e+00  1.81551456e+00 
 6.75256000e-10  2.70311272e+00  1.84472124e+00 
 6.75456000e-10  2.68473346e+00  1.88359001e+00 
 6.75656000e-10  2.66235973e+00  1.92904535e+00 
 6.75856000e-10  2.63670590e+00  1.97851541e+00 
 6.76056000e-10  2.60842435e+00  2.02994725e+00 
 6.76256000e-10  2.57810446e+00  2.08175830e+00 
 6.76456000e-10  2.54626775e+00  2.13277901e+00 
 6.76656000e-10  2.51337002e+00  2.18217493e+00 
 6.76856000e-10  2.47980375e+00  2.22937388e+00 
 6.77056000e-10  2.44590609e+00  2.27401368e+00 
 6.77256000e-10  2.41196377e+00  2.31589339e+00 
 6.77456000e-10  2.37821963e+00  2.35493564e+00 
 6.77656000e-10  2.34487787e+00  2.39115572e+00 
 6.77856000e-10  2.31211058e+00  2.42463849e+00 
 6.78056000e-10  2.28006344e+00  2.45552050e+00 
 6.78256000e-10  2.24886351e+00  2.48397806e+00 
 6.78456000e-10  2.21862689e+00  2.51021950e+00 
 6.78656000e-10  2.18946975e+00  2.53448680e+00 
 6.78856000e-10  2.16152042e+00  2.55706183e+00 
 6.79056000e-10  2.13493648e+00  2.57828178e+00 
 6.79256000e-10  2.10992044e+00  2.59855547e+00 
 6.79456000e-10  2.08672058e+00  2.61836377e+00 
 6.79656000e-10  2.06560391e+00  2.63822706e+00 
 6.79856000e-10  2.04679985e+00  2.65863062e+00 
 6.80056000e-10  2.03044135e+00  2.67993697e+00 
 6.80256000e-10  2.01653903e+00  2.70232789e+00 
 6.80456000e-10  2.00499594e+00  2.72579727e+00 
 6.80656000e-10  1.99564590e+00  2.75018463e+00 
 6.80856000e-10  1.98829343e+00  2.77522646e+00 
 6.81056000e-10  1.98274324e+00  2.80060671e+00 
 6.81256000e-10  1.97881660e+00  2.82599679e+00 
 6.81456000e-10  1.97635564e+00  2.85108168e+00 
 6.81656000e-10  1.97522869e+00  2.87558024e+00 
 6.81856000e-10  1.97532387e+00  2.89925098e+00 
 6.82056000e-10  1.97654348e+00  2.92189519e+00 
 6.82256000e-10  1.97880333e+00  2.94335904e+00 
 6.82456000e-10  1.98202804e+00  2.96353139e+00 
 6.82656000e-10  1.98615026e+00  2.98234174e+00 
 6.82856000e-10  1.99110911e+00  2.99975621e+00 
 6.83056000e-10  1.99684866e+00  3.01577352e+00 
 6.83256000e-10  2.00331635e+00  3.03041945e+00 
 6.83456000e-10  2.01046243e+00  3.04374175e+00 
 6.83656000e-10  2.01823936e+00  3.05580488e+00 
 6.83856000e-10  2.02660191e+00  3.06668498e+00 
 6.84056000e-10  2.03550680e+00  3.07646527e+00 
 6.84256000e-10  2.04491295e+00  3.08523204e+00 
 6.84456000e-10  2.05478170e+00  3.09307099e+00 
 6.84656000e-10  2.06507824e+00  3.10006401e+00 
 6.84856000e-10  2.07577424e+00  3.10628514e+00 
 6.85056000e-10  2.08685397e+00  3.11179435e+00 
 6.85256000e-10  2.09832638e+00  3.11662532e+00 
 6.85456000e-10  2.11024718e+00  3.12075979e+00 
 6.85656000e-10  2.12275149e+00  3.12407249e+00 
 6.85856000e-10  2.13609034e+00  3.12621926e+00 
 6.86056000e-10  2.15066146e+00  3.12642722e+00 
 6.86256000e-10  2.16703505e+00  3.12316167e+00 
 6.86456000e-10  2.18597539e+00  3.11374223e+00 
 6.86656000e-10  2.20842346e+00  3.09417754e+00 
 6.86856000e-10  2.23537750e+00  3.05958366e+00 
 6.87056000e-10  2.26766080e+00  3.00529428e+00 
 6.87256000e-10  2.30565908e+00  2.92831182e+00 
 6.87456000e-10  2.34910660e+00  2.82848095e+00 
 6.87656000e-10  2.39709242e+00  2.70873154e+00 
 6.87856000e-10  2.44806890e+00  2.57513088e+00 
 6.88056000e-10  2.49981447e+00  2.43594575e+00 
 6.88256000e-10  2.54967192e+00  2.29978886e+00 
 6.88456000e-10  2.59534000e+00  2.17374823e+00 
 6.88656000e-10  2.63533249e+00  2.06250859e+00 
 6.88856000e-10  2.66873589e+00  1.96893972e+00 
 6.89056000e-10  2.69489144e+00  1.89478682e+00 
 6.89256000e-10  2.71328672e+00  1.84118118e+00 
 6.89456000e-10  2.72372447e+00  1.80860490e+00 
 6.89656000e-10  2.72652180e+00  1.79643967e+00 
 6.89856000e-10  2.72239628e+00  1.80266597e+00 
 6.90056000e-10  2.71217651e+00  1.82416415e+00 
 6.90256000e-10  2.69669123e+00  1.85744241e+00 
 6.90456000e-10  2.67673544e+00  1.89917138e+00 
 6.90656000e-10  2.65305776e+00  1.94646184e+00 
 6.90856000e-10  2.62635013e+00  1.99694336e+00 
 6.91056000e-10  2.59724484e+00  2.04873966e+00 
 6.91256000e-10  2.56630559e+00  2.10043283e+00 
 6.91456000e-10  2.53402882e+00  2.15098676e+00 
 6.91656000e-10  2.50084416e+00  2.19966925e+00 
 6.91856000e-10  2.46712313e+00  2.24599348e+00 
 6.92056000e-10  2.43318289e+00  2.28966229e+00 
 6.92256000e-10  2.39929343e+00  2.33052550e+00 
 6.92456000e-10  2.36568206e+00  2.36854338e+00 
 6.92656000e-10  2.33254059e+00  2.40376011e+00 
 6.92856000e-10  2.30003014e+00  2.43628156e+00 
 6.93056000e-10  2.26828873e+00  2.46626075e+00 
 6.93256000e-10  2.23743816e+00  2.49388656e+00 
 6.93456000e-10  2.20759313e+00  2.51937945e+00 
 6.93656000e-10  2.17887200e+00  2.54299451e+00 
 6.93856000e-10  2.15141243e+00  2.56503307e+00 
 6.94056000e-10  2.12538720e+00  2.58585739e+00 
 6.94256000e-10  2.10101666e+00  2.60590415e+00 
 6.94456000e-10  2.07856074e+00  2.62567507e+00 
 6.94656000e-10  2.05828051e+00  2.64568829e+00 
 6.94856000e-10  2.04037543e+00  2.66639345e+00 
 6.95056000e-10  2.02493427e+00  2.68809088e+00 
 6.95256000e-10  2.01192437e+00  2.71089135e+00 
 6.95456000e-10  2.00121838e+00  2.73472657e+00 
 6.95656000e-10  1.99263491e+00  2.75939170e+00 
 6.95856000e-10  1.98597584e+00  2.78459841e+00 
 6.96056000e-10  1.98105055e+00  2.81002192e+00 
 6.96256000e-10  1.97768598e+00  2.83533481e+00 
 6.96456000e-10  1.97573665e+00  2.86023497e+00 
 6.96656000e-10  1.97507909e+00  2.88445514e+00 
 6.96856000e-10  1.97560564e+00  2.90776852e+00 
 6.97056000e-10  1.97722462e+00  2.92999334e+00 
 6.97256000e-10  1.97985447e+00  2.95099135e+00 
 6.97456000e-10  1.98342310e+00  2.97066703e+00 
 6.97656000e-10  1.98786579e+00  2.98896383e+00 
 6.97856000e-10  1.99312384e+00  3.00586059e+00 
 6.98056000e-10  1.99914259e+00  3.02136664e+00 
 6.98256000e-10  2.00587074e+00  3.03551656e+00 
 6.98456000e-10  2.01325922e+00  3.04836488e+00 
 6.98656000e-10  2.02126149e+00  3.05998103e+00 
 6.98856000e-10  2.02983295e+00  3.07044423e+00 
 6.99056000e-10  2.03893119e+00  3.07983937e+00 
 6.99256000e-10  2.04851585e+00  3.08825283e+00 
 6.99456000e-10  2.05854960e+00  3.09576941e+00 
 6.99656000e-10  2.06899955e+00  3.10246862e+00 
 6.99856000e-10  2.07984114e+00  3.10842020e+00 
 7.00056000e-10  2.09106592e+00  3.11367620e+00 
 7.00256000e-10  2.10269714e+00  3.11825516e+00 
 7.00456000e-10  2.11481584e+00  3.12210756e+00 
 7.00656000e-10  2.12759632e+00  3.12504389e+00 
 7.00856000e-10  2.14134111e+00  3.12659107e+00 
 7.01056000e-10  2.15650937e+00  3.12573701e+00 
 7.01256000e-10  2.17374194e+00  3.12056075e+00 
 7.01456000e-10  2.19387532e+00  3.10788801e+00 
 7.01656000e-10  2.21789261e+00  3.08330596e+00 
 7.01856000e-10  2.24675816e+00  3.04185196e+00 
 7.02056000e-10  2.28116042e+00  2.97931304e+00 
 7.02256000e-10  2.32123850e+00  2.89363768e+00 
 7.02456000e-10  2.36650705e+00  2.78565423e+00 
 7.02656000e-10  2.41583427e+00  2.65960353e+00 
 7.02856000e-10  2.46741626e+00  2.52271677e+00 
 7.03056000e-10  2.51878781e+00  2.38377463e+00 
 7.03256000e-10  2.56731578e+00  2.25089108e+00 
 7.03456000e-10  2.61100700e+00  2.13007659e+00 
 7.03656000e-10  2.64863050e+00  2.02528390e+00 
 7.03856000e-10  2.67940120e+00  1.93888332e+00 
 7.04056000e-10  2.70270854e+00  1.87236178e+00 
 7.04256000e-10  2.71813072e+00  1.82664747e+00 
 7.04456000e-10  2.72564962e+00  1.80187267e+00 
 7.04656000e-10  2.72576665e+00  1.79690694e+00 
 7.04856000e-10  2.71926676e+00  1.80925055e+00 
 7.05056000e-10  2.70698421e+00  1.83556174e+00 
 7.05256000e-10  2.68973696e+00  1.87235655e+00 
 7.05456000e-10  2.66830179e+00  1.91646315e+00 
 7.05656000e-10  2.64340876e+00  1.96519257e+00 
 7.05856000e-10  2.61573111e+00  2.01635335e+00 
 7.06056000e-10  2.58587649e+00  2.06825076e+00 
 7.06256000e-10  2.55438258e+00  2.11961802e+00 
 7.06456000e-10  2.52171888e+00  2.16953852e+00 
 7.06656000e-10  2.48829277e+00  2.21737961e+00 
 7.06856000e-10  2.45445479e+00  2.26273112e+00 
 7.07056000e-10  2.42050389e+00  2.30535603e+00 
 7.07256000e-10  2.38669333e+00  2.34514904e+00 
 7.07456000e-10  2.35323655e+00  2.38210504e+00 
 7.07656000e-10  2.32031312e+00  2.41629329e+00 
 7.07856000e-10  2.28807478e+00  2.44783909e+00 
 7.08056000e-10  2.25665242e+00  2.47690968e+00 
 7.08256000e-10  2.22616402e+00  2.50370577e+00 
 7.08456000e-10  2.19672462e+00  2.52846073e+00 
 7.08656000e-10  2.16845779e+00  2.55144509e+00 
 7.08856000e-10  2.14151225e+00  2.57298047e+00 
 7.09056000e-10  2.11607785e+00  2.59345654e+00 
 7.09256000e-10  2.09239191e+00  2.61333685e+00 
 7.09456000e-10  2.07072134e+00  2.63313767e+00 
 7.09656000e-10  2.05131150e+00  2.65336203e+00 
 7.09856000e-10  2.03432451e+00  2.67441168e+00 
 7.10056000e-10  2.01980247e+00  2.69651766e+00 
 7.10256000e-10  2.00767296e+00  2.71972036e+00 
 7.10456000e-10  1.99778349e+00  2.74389433e+00 
 7.10656000e-10  1.98994273e+00  2.76879744e+00 
 7.10856000e-10  1.98395320e+00  2.79412273e+00 
 7.11056000e-10  1.97963097e+00  2.81954170e+00 
 7.11256000e-10  1.97681187e+00  2.84473328e+00 
 7.11456000e-10  1.97535878e+00  2.86940732e+00 
 7.11656000e-10  1.97515519e+00  2.89331152e+00 
 7.11856000e-10  1.97610032e+00  2.91623599e+00 
 7.12056000e-10  1.97810602e+00  2.93801505e+00 
 7.12256000e-10  1.98109434e+00  2.95852679e+00 
 7.12456000e-10  1.98499655e+00  2.97769081e+00 
 7.12656000e-10  1.98975023e+00  2.99546424e+00 
 7.12856000e-10  1.99529848e+00  3.01183791e+00 
 7.13056000e-10  2.00158790e+00  3.02683122e+00 
 7.13256000e-10  2.00856817e+00  3.04048679e+00 
 7.13456000e-10  2.01619106e+00  3.05286532e+00 
 7.13656000e-10  2.02441089e+00  3.06404043e+00 
 7.13856000e-10  2.03318378e+00  3.07409395e+00 
 7.14056000e-10  2.04246814e+00  3.08311176e+00 
 7.14256000e-10  2.05222455e+00  3.09118001e+00 
 7.14456000e-10  2.06241710e+00  3.09838193e+00 
 7.14656000e-10  2.07301538e+00  3.10479403e+00 
 7.14856000e-10  2.08399965e+00  3.11048069e+00 
 7.15056000e-10  2.09537090e+00  3.11548397e+00 
 7.15256000e-10  2.10717030e+00  3.11980249e+00 
 7.15456000e-10  2.11950930e+00  3.12334585e+00 
 7.15656000e-10  2.13260629e+00  3.12584070e+00 
 7.15856000e-10  2.14681925e+00  3.12664967e+00 
 7.16056000e-10  2.16267224e+00  3.12446865e+00 
 7.16256000e-10  2.18087929e+00  3.11693881e+00 
 7.16456000e-10  2.20234293e+00  3.10039021e+00 
 7.16656000e-10  2.22806514e+00  3.07008503e+00 
 7.16856000e-10  2.25893937e+00  3.02116810e+00 
 7.17056000e-10  2.29545642e+00  2.95008282e+00 
 7.17256000e-10  2.33754739e+00  2.85563481e+00 
 7.17456000e-10  2.38450265e+00  2.73998998e+00 
 7.17656000e-10  2.43492370e+00  2.60876182e+00 
 7.17856000e-10  2.48674352e+00  2.46988079e+00 
 7.18056000e-10  2.53733858e+00  2.33212391e+00 
 7.18256000e-10  2.58424504e+00  2.20301798e+00 
 7.18456000e-10  2.62577700e+00  2.08776377e+00 
 7.18656000e-10  2.66091566e+00  1.98961766e+00 
 7.18856000e-10  2.68895825e+00  1.91053023e+00 
 7.19056000e-10  2.70935040e+00  1.85175854e+00 
 7.19256000e-10  2.72179088e+00  1.81397484e+00 
 7.19456000e-10  2.72646301e+00  1.79687995e+00 
 7.19656000e-10  2.72401177e+00  1.79880452e+00 
 7.19856000e-10  2.71525645e+00  1.81684461e+00 
 7.20056000e-10  2.70102778e+00  1.84751946e+00 
 7.20256000e-10  2.68212730e+00  1.88744490e+00 
 7.20456000e-10  2.65931682e+00  1.93362972e+00 
 7.20656000e-10  2.63330948e+00  1.98355544e+00 
 7.20856000e-10  2.60475506e+00  2.03522305e+00 
 7.21056000e-10  2.57423425e+00  2.08710489e+00 
 7.21256000e-10  2.54225692e+00  2.13807212e+00 
 7.21456000e-10  2.50926889e+00  2.18732247e+00 
 7.21656000e-10  2.47565552e+00  2.23431292e+00 
 7.21856000e-10  2.44174743e+00  2.27870369e+00 
 7.22056000e-10  2.40782573e+00  2.32031127e+00 
 7.22256000e-10  2.37412815e+00  2.35907148e+00 
 7.22456000e-10  2.34085469e+00  2.39500967e+00 
 7.22656000e-10  2.30817382e+00  2.42821820e+00 
 7.22856000e-10  2.27622852e+00  2.45883947e+00 
 7.23056000e-10  2.24514367e+00  2.48705378e+00 
 7.23256000e-10  2.21503482e+00  2.51307413e+00 
 7.23456000e-10  2.18601887e+00  2.53714734e+00 
 7.23656000e-10  2.15822680e+00  2.55956095e+00 
 7.23856000e-10  2.13182038e+00  2.58065961e+00 
 7.24056000e-10  2.10700705e+00  2.60086059e+00 
 7.24256000e-10  2.08403919e+00  2.62065214e+00 
 7.24456000e-10  2.06318309e+00  2.64055545e+00 
 7.24656000e-10  2.04466013e+00  2.66104670e+00 
 7.24856000e-10  2.02859025e+00  2.68247056e+00 
 7.25056000e-10  2.01497067e+00  2.70498746e+00 
 7.25256000e-10  2.00369456e+00  2.72857188e+00 
 7.25456000e-10  1.99459045e+00  2.75304904e+00 
 7.25656000e-10  1.98746156e+00  2.77814705e+00 
 7.25856000e-10  1.98211373e+00  2.80354656e+00 
 7.26056000e-10  1.97836779e+00  2.82891739e+00 
 7.26256000e-10  1.97607257e+00  2.85395036e+00 
 7.26456000e-10  1.97509939e+00  2.87836833e+00 
 7.26656000e-10  1.97533710e+00  2.90193370e+00 
 7.26856000e-10  1.97668928e+00  2.92445252e+00 
 7.27056000e-10  1.97907137e+00  2.94577543e+00 
 7.27256000e-10  1.98240970e+00  2.96579651e+00 
 7.27456000e-10  1.98663782e+00  2.98444956e+00 
 7.27656000e-10  1.99169582e+00  3.00170482e+00 
 7.27856000e-10  1.99752802e+00  3.01756423e+00 
 7.28056000e-10  2.00408245e+00  3.03205654e+00 
 7.28256000e-10  2.01130940e+00  3.04523157e+00 
 7.28456000e-10  2.01916177e+00  3.05715553e+00 
 7.28656000e-10  2.02759441e+00  3.06790553e+00 
 7.28856000e-10  2.03656440e+00  3.07756545e+00 
 7.29056000e-10  2.04603074e+00  3.08622159e+00 
 7.29256000e-10  2.05595529e+00  3.09395953e+00 
 7.29456000e-10  2.06630376e+00  3.10086046e+00 
 7.29656000e-10  2.07704900e+00  3.10699724e+00 
 7.29856000e-10  2.08817732e+00  3.11242743e+00 
 7.30056000e-10  2.09970190e+00  3.11718032e+00 
 7.30256000e-10  2.11168598e+00  3.12122858e+00 
 7.30456000e-10  2.12427672e+00  3.12442830e+00 
 7.30656000e-10  2.13774114e+00  3.12639748e+00 
 7.30856000e-10  2.15249629e+00  3.12629217e+00 
 7.31056000e-10  2.16913460e+00  3.12246009e+00 
 7.31256000e-10  2.18844385e+00  3.11206476e+00 
 7.31456000e-10  2.21138061e+00  3.09097190e+00 
 7.31656000e-10  2.23893613e+00  3.05425368e+00 
 7.31856000e-10  2.27189455e+00  2.99736610e+00 
 7.32056000e-10  2.31054558e+00  2.91759184e+00 
 7.32256000e-10  2.35457480e+00  2.81491880e+00 
 7.32456000e-10  2.40302051e+00  2.69276707e+00 
 7.32656000e-10  2.45425210e+00  2.55777352e+00 
 7.32856000e-10  2.50594303e+00  2.41857453e+00 
 7.33056000e-10  2.55541589e+00  2.28357653e+00 
 7.33256000e-10  2.60047725e+00  2.15930532e+00 
 7.33456000e-10  2.63972546e+00  2.05021904e+00 
 7.33656000e-10  2.67229786e+00  1.95902022e+00 
 7.33856000e-10  2.69754800e+00  1.88736955e+00 
 7.34056000e-10  2.71499244e+00  1.83634072e+00 
 7.34256000e-10  2.72448690e+00  1.80631479e+00 
 7.34456000e-10  2.72641245e+00  1.79651669e+00 
 7.34656000e-10  2.72151177e+00  1.80476811e+00 
 7.34856000e-10  2.71061639e+00  1.82784401e+00 
 7.35056000e-10  2.69454594e+00  1.86226797e+00 
 7.35256000e-10  2.67409024e+00  1.90479647e+00 
 7.35456000e-10  2.64999794e+00  1.95258466e+00 
 7.35656000e-10  2.62295830e+00  2.00330985e+00 
 7.35856000e-10  2.59359639e+00  2.05515745e+00 
 7.36056000e-10  2.56246691e+00  2.10675916e+00 
 7.36256000e-10  2.53005562e+00  2.15711605e+00 
 7.36456000e-10  2.49678507e+00  2.20553010e+00 
 7.36656000e-10  2.46301962e+00  2.25153995e+00 
 7.36856000e-10  2.42907065e+00  2.29486915e+00 
 7.37056000e-10  2.39520237e+00  2.33538238e+00 
 7.37256000e-10  2.36163768e+00  2.37305195e+00 
 7.37456000e-10  2.32856407e+00  2.40793025e+00 
 7.37656000e-10  2.29613968e+00  2.44012998e+00 
 7.37856000e-10  2.26449987e+00  2.46980869e+00 
 7.38056000e-10  2.23376496e+00  2.49715904e+00 
 7.38256000e-10  2.20404942e+00  2.52240561e+00 
 7.38456000e-10  2.17547384e+00  2.54580937e+00 
 7.38656000e-10  2.14817892e+00  2.56767721e+00 
 7.38856000e-10  2.12234229e+00  2.58837960e+00 
 7.39056000e-10  2.09818979e+00  2.60836211e+00 
 7.39256000e-10  2.07598446e+00  2.62813214e+00 
 7.39456000e-10  2.05598318e+00  2.64820419e+00 
 7.39656000e-10  2.03837421e+00  2.66901381e+00 
 7.39856000e-10  2.02323124e+00  2.69083938e+00 
 7.40056000e-10  2.01050840e+00  2.71376883e+00 
 7.40256000e-10  2.00006954e+00  2.73771465e+00 
 7.40456000e-10  1.99172958e+00  2.76245929e+00 
 7.40656000e-10  1.98529022e+00  2.78770766e+00 
 7.40856000e-10  1.98055937e+00  2.81313073e+00 
 7.41056000e-10  1.97737195e+00  2.83840677e+00 
 7.41256000e-10  1.97558607e+00  2.86323746e+00 
 7.41456000e-10  1.97507905e+00  2.88735913e+00 
 7.41656000e-10  1.97574482e+00  2.91055000e+00 
 7.41856000e-10  1.97749124e+00  2.93263291e+00 
 7.42056000e-10  1.98023891e+00  2.95347552e+00 
 7.42256000e-10  1.98391686e+00  2.97298703e+00 
 7.42456000e-10  1.98846157e+00  2.99111560e+00 
 7.42656000e-10  1.99381472e+00  3.00784371e+00 
 7.42856000e-10  1.99992233e+00  3.02318424e+00 
 7.43056000e-10  2.00673318e+00  3.03717419e+00 
 7.43256000e-10  2.01419872e+00  3.04987035e+00 
 7.43456000e-10  2.02227246e+00  3.06134338e+00 
 7.43656000e-10  2.03091022e+00  3.07167357e+00 
 7.43856000e-10  2.04006963e+00  3.08094594e+00 
 7.44056000e-10  2.04971082e+00  3.08924710e+00 
 7.44256000e-10  2.05979680e+00  3.09666129e+00 
 7.44456000e-10  2.07029554e+00  3.10326723e+00 
 7.44656000e-10  2.08118378e+00  3.10913293e+00 
 7.44856000e-10  2.09245588e+00  3.11430756e+00 
 7.45056000e-10  2.10414031e+00  3.11880373e+00 
 7.45256000e-10  2.11632738e+00  3.12256017e+00 
 7.45456000e-10  2.12920490e+00  3.12536279e+00 
 7.45656000e-10  2.14309282e+00  3.12669021e+00 
 7.45856000e-10  2.15847062e+00  3.12544277e+00 
 7.46056000e-10  2.17600242e+00  3.11956466e+00 
 7.46256000e-10  2.19654673e+00  3.10572163e+00 
 7.46456000e-10  2.22109560e+00  3.07938451e+00 
 7.46656000e-10  2.25059479e+00  3.03560366e+00 
 7.46856000e-10  2.28565529e+00  2.97035871e+00 
 7.47056000e-10  2.32636835e+00  2.88170819e+00 
 7.47256000e-10  2.37219606e+00  2.77095225e+00 
 7.47456000e-10  2.42193783e+00  2.64294500e+00 
 7.47656000e-10  2.47366889e+00  2.50543580e+00 
 7.47856000e-10  2.52483745e+00  2.36712129e+00 
 7.48056000e-10  2.57287728e+00  2.23562017e+00 
 7.48256000e-10  2.61589114e+00  2.11671496e+00 
 7.48456000e-10  2.65272952e+00  2.01413985e+00 
 7.48656000e-10  2.68263122e+00  1.93013417e+00 
 7.48856000e-10  2.70500731e+00  1.86612071e+00 
 7.49056000e-10  2.71946817e+00  1.82296034e+00 
 7.49256000e-10  2.72606155e+00  1.80066297e+00 
 7.49456000e-10  2.72533817e+00  1.79793007e+00 
 7.49656000e-10  2.71809850e+00  1.81212705e+00 
 7.49856000e-10  2.70517457e+00  1.83984357e+00 
 7.50056000e-10  2.68737744e+00  1.87764271e+00 
 7.50256000e-10  2.66547994e+00  1.92242353e+00 
 7.50456000e-10  2.64021143e+00  1.97153650e+00 
 7.50656000e-10  2.61223810e+00  2.02285362e+00 
 7.50856000e-10  2.58215890e+00  2.07473415e+00 
 7.51056000e-10  2.55050008e+00  2.12595531e+00 
 7.51256000e-10  2.51772407e+00  2.17563968e+00 
 7.51456000e-10  2.48423063e+00  2.22318417e+00 
 7.51656000e-10  2.45036428e+00  2.26820287e+00 
 7.51856000e-10  2.41641773e+00  2.31047628e+00 
 7.52056000e-10  2.38263953e+00  2.34991337e+00 
 7.52256000e-10  2.34923838e+00  2.38651888e+00 
 7.52456000e-10  2.31639046e+00  2.42037015e+00 
 7.52656000e-10  2.28424405e+00  2.45159727e+00 
 7.52856000e-10  2.25292813e+00  2.48037229e+00 
 7.53056000e-10  2.22255987e+00  2.50690046e+00 
 7.53256000e-10  2.19325515e+00  2.53141936e+00 
 7.53456000e-10  2.16513985e+00  2.55420463e+00 
 7.53656000e-10  2.13836667e+00  2.57558499e+00 
 7.53856000e-10  2.11313076e+00  2.59595863e+00 
 7.54056000e-10  2.08967500e+00  2.61579789e+00 
 7.54256000e-10  2.06826667e+00  2.63562134e+00 
 7.54456000e-10  2.04914427e+00  2.65592457e+00 
 7.54656000e-10  2.03245632e+00  2.67709122e+00 
 7.54856000e-10  2.01823007e+00  2.69932931e+00 
 7.55056000e-10  2.00638111e+00  2.72265694e+00 
 7.55256000e-10  1.99675024e+00  2.74693178e+00 
 7.55456000e-10  1.98914383e+00  2.77190111e+00 
 7.55656000e-10  1.98336089e+00  2.79724998e+00 
 7.55856000e-10  1.97922337e+00  2.82265256e+00 
 7.56056000e-10  1.97657567e+00  2.84779419e+00 
 7.56256000e-10  1.97528062e+00  2.87238672e+00 
 7.56456000e-10  1.97522315e+00  2.89618240e+00 
 7.56656000e-10  1.97630245e+00  2.91897575e+00 
 7.56856000e-10  1.97843151e+00  2.94060672e+00 
 7.57056000e-10  1.98153416e+00  2.96095863e+00 
 7.57256000e-10  1.98554259e+00  2.97995590e+00 
 7.57456000e-10  1.99039527e+00  2.99755985e+00 
 7.57656000e-10  1.99603583e+00  3.01376509e+00 
 7.57856000e-10  2.00241131e+00  3.02859404e+00 
 7.58056000e-10  2.00947167e+00  3.04209181e+00 
 7.58256000e-10  2.01716902e+00  3.05432086e+00 
 7.58456000e-10  2.02545788e+00  3.06535609e+00 
 7.58656000e-10  2.03429460e+00  3.07527988e+00 
 7.58856000e-10  2.04363783e+00  3.08417841e+00 
 7.59056000e-10  2.05344860e+00  3.09213772e+00 
 7.59256000e-10  2.06369157e+00  3.09924052e+00 
 7.59456000e-10  2.07433722e+00  3.10556208e+00 
 7.59656000e-10  2.08536754e+00  3.11116473e+00 
 7.59856000e-10  2.09678711e+00  3.11608675e+00 
 7.60056000e-10  2.10864368e+00  3.12031925e+00 
 7.60256000e-10  2.12105956e+00  3.12375623e+00 
 7.60456000e-10  2.13426824e+00  3.12609252e+00 
 7.60656000e-10  2.14864622e+00  3.12662957e+00 
 7.60856000e-10  2.16473908e+00  3.12395802e+00 
 7.61056000e-10  2.18328452e+00  3.11556969e+00 
 7.61256000e-10  2.20520397e+00  3.09764090e+00 
 7.61456000e-10  2.23149951e+00  3.06535653e+00 
 7.61656000e-10  2.26301029e+00  3.01395412e+00 
 7.61856000e-10  2.30018562e+00  2.93993319e+00 
 7.62056000e-10  2.34290438e+00  2.84251111e+00 
 7.62256000e-10  2.39040029e+00  2.72446637e+00 
 7.62456000e-10  2.44116968e+00  2.59203973e+00 
 7.62656000e-10  2.49300661e+00  2.45347790e+00 
 7.62856000e-10  2.54327968e+00  2.31705676e+00 
 7.63056000e-10  2.58961342e+00  2.18980675e+00 
 7.63256000e-10  2.63042381e+00  2.07672833e+00 
 7.63456000e-10  2.66474437e+00  1.98091876e+00 
 7.63656000e-10  2.69189459e+00  1.90425612e+00 
 7.63856000e-10  2.71133948e+00  1.84796086e+00 
 7.64056000e-10  2.72282553e+00  1.81263828e+00 
 7.64256000e-10  2.72659975e+00  1.79785508e+00 
 7.64456000e-10  2.72334444e+00  1.80178537e+00 
 7.64656000e-10  2.71388309e+00  1.82139593e+00 
 7.64856000e-10  2.69904057e+00  1.85322677e+00 
 7.65056000e-10  2.67961600e+00  1.89395619e+00 
 7.65256000e-10  2.65637247e+00  1.94062023e+00 
 7.65456000e-10  2.63001701e+00  1.99076294e+00 
 7.65656000e-10  2.60119099e+00  2.04244228e+00 
 7.65856000e-10  2.57046325e+00  2.09418326e+00 
 7.66056000e-10  2.53833657e+00  2.14490151e+00 
 7.66256000e-10  2.50524880e+00  2.19382933e+00 
 7.66456000e-10  2.47157902e+00  2.24045174e+00 
 7.66656000e-10  2.43765120e+00  2.28444984e+00 
 7.66856000e-10  2.40374133e+00  2.32565671e+00 
 7.67056000e-10  2.37008196e+00  2.36402001e+00 
 7.67256000e-10  2.33686929e+00  2.39957442e+00 
 7.67456000e-10  2.30426810e+00  2.43241870e+00 
 7.67656000e-10  2.27241907e+00  2.46270044e+00 
 7.67856000e-10  2.24144530e+00  2.49060363e+00 
 7.68056000e-10  2.21146211e+00  2.51634510e+00 
 7.68256000e-10  2.18258730e+00  2.54017578e+00 
 7.68456000e-10  2.15495507e+00  2.56238945e+00 
 7.68656000e-10  2.12873215e+00  2.58333876e+00 
 7.68856000e-10  2.10413234e+00  2.60345050e+00 
 7.69056000e-10  2.08141196e+00  2.62321962e+00 
 7.69256000e-10  2.06083515e+00  2.64316623e+00 
 7.69456000e-10  2.04261278e+00  2.66375378e+00 
 7.69656000e-10  2.02684954e+00  2.68530530e+00 
 7.69856000e-10  2.01352767e+00  2.70795653e+00 
 7.70056000e-10  2.00252999e+00  2.73166055e+00 
 7.70256000e-10  1.99367988e+00  2.75622736e+00 
 7.70456000e-10  1.98677424e+00  2.78137222e+00 
 7.70656000e-10  1.98162497e+00  2.80677660e+00 
 7.70856000e-10  1.97806297e+00  2.83211651e+00 
 7.71056000e-10  1.97593667e+00  2.85708359e+00 
 7.71256000e-10  1.97511891e+00  2.88140486e+00 
 7.71456000e-10  1.97549847e+00  2.90484689e+00 
 7.71656000e-10  1.97698025e+00  2.92722157e+00 
 7.71856000e-10  1.97948195e+00  2.94838529e+00 
 7.72056000e-10  1.98293101e+00  2.96823729e+00 
 7.72256000e-10  1.98726204e+00  2.98671604e+00 
 7.72456000e-10  1.99241581e+00  3.00379596e+00 
 7.72656000e-10  1.99833720e+00  3.01948258e+00 
 7.72856000e-10  2.00497458e+00  3.03380749e+00 
 7.73056000e-10  2.01227858e+00  3.04682279e+00 
 7.73256000e-10  2.02020237e+00  3.05859626e+00 
 7.73456000e-10  2.02870100e+00  3.06920597e+00 
 7.73656000e-10  2.03773181e+00  3.07873630e+00 
 7.73856000e-10  2.04725422e+00  3.08727375e+00 
 7.74056000e-10  2.05723049e+00  3.09490352e+00 
 7.74256000e-10  2.06762697e+00  3.10170598e+00 
 7.74456000e-10  2.07841765e+00  3.10775251e+00 
 7.74656000e-10  2.08959115e+00  3.11309811e+00 
 7.74856000e-10  2.10116522e+00  3.11776724e+00 
 7.75056000e-10  2.11321120e+00  3.12172265e+00 
 7.75256000e-10  2.12588874e+00  3.12479994e+00 
 7.75456000e-10  2.13948134e+00  3.12657615e+00 
 7.75656000e-10  2.15442569e+00  3.12613110e+00 
 7.75856000e-10  2.17133683e+00  3.12168917e+00 
 7.76056000e-10  2.19102574e+00  3.11025556e+00 
 7.76256000e-10  2.21446266e+00  3.08756009e+00 
 7.76456000e-10  2.24260891e+00  3.04867028e+00 
 7.76656000e-10  2.27619406e+00  2.98904583e+00 
 7.76856000e-10  2.31548303e+00  2.90607878e+00 
 7.77056000e-10  2.36014133e+00  2.80036968e+00 
 7.77256000e-10  2.40909443e+00  2.67624032e+00 
 7.77456000e-10  2.46054800e+00  2.54077034e+00 
 7.77656000e-10  2.51210966e+00  2.40224411e+00 
 7.77856000e-10  2.56114370e+00  2.26863599e+00 
 7.78056000e-10  2.60555536e+00  2.14626966e+00 
 7.78256000e-10  2.64402968e+00  2.03938551e+00 
 7.78456000e-10  2.67574263e+00  1.95054833e+00 
 7.78656000e-10  2.70006732e+00  1.88135525e+00 
 7.78856000e-10  2.71654732e+00  1.83283122e+00 
 7.79056000e-10  2.72509666e+00  1.80525872e+00 
 7.79256000e-10  2.72615445e+00  1.79770828e+00 
 7.79456000e-10  2.72048464e+00  1.80781886e+00 
 7.79656000e-10  2.70891364e+00  1.83233917e+00 
 7.79856000e-10  2.69226138e+00  1.86783700e+00 
 7.80056000e-10  2.67131957e+00  1.91107930e+00 
 7.80256000e-10  2.64683323e+00  1.95928043e+00 
 7.80456000e-10  2.61948461e+00  2.01017471e+00 
 7.80656000e-10  2.58988573e+00  2.06200620e+00 
 7.80856000e-10  2.55858071e+00  2.11345480e+00 
 7.81056000e-10  2.52604753e+00  2.16356214e+00 
 7.81256000e-10  2.49270166e+00  2.21166223e+00 
 7.81456000e-10  2.45890083e+00  2.25731885e+00 
 7.81656000e-10  2.42495055e+00  2.30027478e+00 
 7.81856000e-10  2.39110975e+00  2.34040936e+00 
 7.82056000e-10  2.35759683e+00  2.37770584e+00 
 7.82256000e-10  2.32459545e+00  2.41222477e+00 
 7.82456000e-10  2.29226041e+00  2.44408427e+00 
 7.82656000e-10  2.26072494e+00  2.47344709e+00 
 7.82856000e-10  2.23010844e+00  2.50051005e+00 
 7.83056000e-10  2.20052580e+00  2.52550157e+00 
 7.83256000e-10  2.17209906e+00  2.54868692e+00 
 7.83456000e-10  2.14497232e+00  2.57037940e+00 
 7.83656000e-10  2.11932897e+00  2.59095864e+00 
 7.83856000e-10  2.09540058e+00  2.61087891e+00 
 7.84056000e-10  2.07345235e+00  2.63065216e+00 
 7.84256000e-10  2.05373607e+00  2.65078785e+00 
 7.84456000e-10  2.03642758e+00  2.67170554e+00 
 7.84656000e-10  2.02158527e+00  2.69366078e+00 
 7.84856000e-10  2.00915015e+00  2.71671819e+00 
 7.85056000e-10  1.99897786e+00  2.74077151e+00 
 7.85256000e-10  1.99088009e+00  2.76559087e+00 
 7.85456000e-10  1.98465392e+00  2.79087125e+00 
 7.85656000e-10  1.98011686e+00  2.81628835e+00 
 7.85856000e-10  1.97710771e+00  2.84152264e+00 
 7.86056000e-10  1.97548525e+00  2.86627824e+00 
 7.86256000e-10  1.97512737e+00  2.89029539e+00 
 7.86456000e-10  1.97592889e+00  2.91335747e+00 
 7.86656000e-10  1.97780080e+00  2.93529362e+00 
 7.86856000e-10  1.98066445e+00  2.95597637e+00 
 7.87056000e-10  1.98445043e+00  2.97532013e+00 
 7.87256000e-10  1.98909558e+00  2.99327714e+00 
 7.87456000e-10  1.99454257e+00  3.00983412e+00 
 7.87656000e-10  2.00073748e+00  3.02500688e+00 
 7.87856000e-10  2.00762974e+00  3.03883532e+00 
 7.88056000e-10  2.01517078e+00  3.05137795e+00 
 7.88256000e-10  2.02331458e+00  3.06270694e+00 
 7.88456000e-10  2.03201698e+00  3.07290319e+00 
 7.88656000e-10  2.04123620e+00  3.08205243e+00 
 7.88856000e-10  2.05093251e+00  3.09024094e+00 
 7.89056000e-10  2.06106955e+00  3.09755261e+00 
 7.89256000e-10  2.07161589e+00  3.10406497e+00 
 7.89456000e-10  2.08254989e+00  3.10984440e+00 
 7.89656000e-10  2.09386880e+00  3.11493679e+00 
 7.89856000e-10  2.10560695e+00  3.11934857e+00 
 7.90056000e-10  2.11786420e+00  3.12300536e+00 
 7.90256000e-10  2.13084260e+00  3.12566651e+00 
 7.90456000e-10  2.14487970e+00  3.12675830e+00 
 7.90656000e-10  2.16047583e+00  3.12508808e+00 
 7.90856000e-10  2.17831847e+00  3.11845997e+00 
 7.91056000e-10  2.19928745e+00  3.10338070e+00 
 7.91256000e-10  2.22436622e+00  3.07523694e+00 
 7.91456000e-10  2.25446511e+00  3.02902868e+00 
 7.91656000e-10  2.29017451e+00  2.96077055e+00 
 7.91856000e-10  2.33153897e+00  2.86898669e+00 
 7.92056000e-10  2.37795884e+00  2.75557773e+00 
 7.92256000e-10  2.42809569e+00  2.62606320e+00 
 7.92456000e-10  2.47990484e+00  2.48829622e+00 
 7.92656000e-10  2.53081927e+00  2.35064442e+00 
 7.92856000e-10  2.57832332e+00  2.22056341e+00 
 7.93056000e-10  2.62062947e+00  2.10358611e+00 
 7.93256000e-10  2.65665240e+00  2.00323390e+00 
 7.93456000e-10  2.68566454e+00  1.92162281e+00 
 7.93656000e-10  2.70709240e+00  1.86011102e+00 
 7.93856000e-10  2.72058734e+00  1.81948739e+00 
 7.94056000e-10  2.72625947e+00  1.79963046e+00 
 7.94256000e-10  2.72470592e+00  1.79903386e+00 
 7.94456000e-10  2.71672835e+00  1.81494794e+00 
 7.94656000e-10  2.70315666e+00  1.84400883e+00 
 7.94856000e-10  2.68480768e+00  1.88280338e+00 
 7.95056000e-10  2.66245844e+00  1.92823949e+00 
 7.95256000e-10  2.63683057e+00  1.97771703e+00 
 7.95456000e-10  2.60857733e+00  2.02917485e+00 
 7.95656000e-10  2.57828558e+00  2.08102833e+00 
 7.95856000e-10  2.54647395e+00  2.13210077e+00 
 7.96056000e-10  2.51359668e+00  2.18155087e+00 
 7.96256000e-10  2.48004678e+00  2.22880496e+00 
 7.96456000e-10  2.44616184e+00  2.27349915e+00 
 7.96656000e-10  2.41222914e+00  2.31543158e+00 
 7.96856000e-10  2.37849177e+00  2.35452390e+00 
 7.97056000e-10  2.34515438e+00  2.39079094e+00 
 7.97256000e-10  2.31238896e+00  2.42431643e+00 
 7.97456000e-10  2.28034121e+00  2.45523676e+00 
 7.97656000e-10  2.24913816e+00  2.48372840e+00 
 7.97856000e-10  2.21889680e+00  2.51000056e+00 
 7.98056000e-10  2.18973299e+00  2.53429411e+00 
 7.98256000e-10  2.16177472e+00  2.55688988e+00 
 7.98456000e-10  2.13517886e+00  2.57812419e+00 
 7.98656000e-10  2.11014637e+00  2.59840415e+00 
 7.98856000e-10  2.08692474e+00  2.61820969e+00 
 7.99056000e-10  2.06578126e+00  2.63806113e+00 
 7.99256000e-10  2.04694666e+00  2.65844532e+00 
 7.99456000e-10  2.03055614e+00  2.67972781e+00 
 7.99656000e-10  2.01662251e+00  2.70209392e+00 
 7.99856000e-10  2.00505045e+00  2.72554078e+00 
 8.00056000e-10  1.99567461e+00  2.74991015e+00 
 8.00256000e-10  1.98829361e+00  2.77493488e+00 
 8.00456000e-10  1.98271665e+00  2.80030339e+00 
 8.00656000e-10  1.97876939e+00  2.82569039e+00 
 8.00856000e-10  1.97629627e+00  2.85078200e+00 
 8.01056000e-10  1.97516179e+00  2.87529353e+00 
 8.01256000e-10  1.97524952e+00  2.89898043e+00 
 8.01456000e-10  1.97646213e+00  2.92164381e+00 
 8.01656000e-10  1.97871434e+00  2.94312867e+00 
 8.01856000e-10  1.98193171e+00  2.96332369e+00 
 8.02056000e-10  1.98604697e+00  2.98215745e+00 
 8.02256000e-10  1.99099966e+00  2.99959575e+00 
 8.02456000e-10  1.99673353e+00  3.01563646e+00 
 8.02656000e-10  2.00319628e+00  3.03030525e+00 
 8.02856000e-10  2.01033786e+00  3.04364927e+00 
 8.03056000e-10  2.01811092e+00  3.05573298e+00 
 8.03256000e-10  2.02646990e+00  3.06663210e+00 
 8.03456000e-10  2.03537168e+00  3.07642997e+00 
 8.03656000e-10  2.04477504e+00  3.08521279e+00 
 8.03856000e-10  2.05464156e+00  3.09306656e+00 
 8.04056000e-10  2.06493619e+00  3.10007310e+00 
 8.04256000e-10  2.07563056e+00  3.10630660e+00 
 8.04456000e-10  2.08670850e+00  3.11182719e+00 
 8.04656000e-10  2.09817854e+00  3.11666922e+00 
 8.04856000e-10  2.11009543e+00  3.12081544e+00 
 8.05056000e-10  2.12259292e+00  3.12414296e+00 
 8.05256000e-10  2.13591999e+00  3.12631202e+00 
 8.05456000e-10  2.15047209e+00  3.12655840e+00 
 8.05656000e-10  2.16681658e+00  3.12336160e+00 
 8.05856000e-10  2.18571490e+00  3.11406065e+00 
 8.06056000e-10  2.20809546e+00  3.09469767e+00 
 8.06256000e-10  2.23494448e+00  3.06035572e+00 
 8.06456000e-10  2.26709019e+00  3.00623605e+00 
 8.06656000e-10  2.30494264e+00  2.92915989e+00 
 8.06856000e-10  2.34833048e+00  2.82886986e+00 
 8.07056000e-10  2.39635103e+00  2.70885029e+00 
 8.07256000e-10  2.44737761e+00  2.57555092e+00 
 8.07456000e-10  2.49916127e+00  2.43704844e+00 
 8.07656000e-10  2.54905643e+00  2.30156049e+00 
 8.07856000e-10  2.59477882e+00  2.17590347e+00 
 8.08056000e-10  2.63483471e+00  2.06483285e+00 
 8.08256000e-10  2.66831368e+00  1.97126756e+00 
 8.08456000e-10  2.69455336e+00  1.89699200e+00 
 8.08656000e-10  2.71304298e+00  1.84317014e+00 
 8.08856000e-10  2.72357752e+00  1.81031645e+00 
 8.09056000e-10  2.72646687e+00  1.79780255e+00 
 8.09256000e-10  2.72241354e+00  1.80364170e+00 
 8.09456000e-10  2.71224181e+00  1.82480381e+00 
 8.09656000e-10  2.69678600e+00  1.85782413e+00 
 8.09856000e-10  2.67684821e+00  1.89938127e+00 
 8.10056000e-10  2.65318691e+00  1.94656010e+00 
 8.10256000e-10  2.62650003e+00  1.99695859e+00 
 8.10456000e-10  2.59741627e+00  2.04869900e+00 
 8.10656000e-10  2.56649653e+00  2.10035657e+00 
 8.10856000e-10  2.53423498e+00  2.15088733e+00 
 8.11056000e-10  2.50106221e+00  2.19955676e+00 
 8.11256000e-10  2.46734988e+00  2.24587513e+00 
 8.11456000e-10  2.43341592e+00  2.28954376e+00 
 8.11656000e-10  2.39953040e+00  2.33041053e+00 
 8.11856000e-10  2.36592122e+00  2.36843481e+00 
 8.12056000e-10  2.33277997e+00  2.40365893e+00 
 8.12256000e-10  2.30026792e+00  2.43618819e+00 
 8.12456000e-10  2.26852319e+00  2.46617574e+00 
 8.12656000e-10  2.23766820e+00  2.49381019e+00 
 8.12856000e-10  2.20781786e+00  2.51931123e+00 
 8.13056000e-10  2.17909057e+00  2.54293340e+00 
 8.13256000e-10  2.15162308e+00  2.56497634e+00 
 8.13456000e-10  2.12558716e+00  2.58580120e+00 
 8.13656000e-10  2.10120215e+00  2.60584330e+00 
 8.13856000e-10  2.07872786e+00  2.62560379e+00 
 8.14056000e-10  2.05842552e+00  2.64560075e+00 
 8.14256000e-10  2.04049598e+00  2.66628535e+00 
 8.14456000e-10  2.02502957e+00  2.68796012e+00 
 8.14656000e-10  2.01199527e+00  2.71073849e+00 
 8.14856000e-10  2.00126671e+00  2.73455422e+00 
 8.15056000e-10  1.99265566e+00  2.75919783e+00 
 8.15256000e-10  1.98596964e+00  2.78438638e+00 
 8.15456000e-10  1.98102376e+00  2.80979976e+00 
 8.15656000e-10  1.97764841e+00  2.83511310e+00 
 8.15856000e-10  1.97569342e+00  2.86002028e+00 
 8.16056000e-10  1.97502964e+00  2.88425035e+00 
 8.16256000e-10  1.97554999e+00  2.90757665e+00 
 8.16456000e-10  1.97716156e+00  2.92981627e+00 
 8.16656000e-10  1.97978403e+00  2.95083109e+00 
 8.16856000e-10  1.98334548e+00  2.97052468e+00 
 8.17056000e-10  1.98778172e+00  2.98884032e+00 
 8.17256000e-10  1.99303370e+00  3.00575597e+00 
 8.17456000e-10  1.99904707e+00  3.02128085e+00 
 8.17656000e-10  2.00577019e+00  3.03544891e+00 
 8.17856000e-10  2.01315425e+00  3.04831470e+00 
 8.18056000e-10  2.02115231e+00  3.05994711e+00 
 8.18256000e-10  2.02972001e+00  3.07042551e+00 
 8.18456000e-10  2.03881476e+00  3.07983460e+00 
 8.18656000e-10  2.04839649e+00  3.08826109e+00 
 8.18856000e-10  2.05842764e+00  3.09578957e+00 
 8.19056000e-10  2.06887534e+00  3.10249970e+00 
 8.19256000e-10  2.07971469e+00  3.10846124e+00 
 8.19456000e-10  2.09093701e+00  3.11372672e+00 
 8.19656000e-10  2.10256480e+00  3.11831522e+00 
 8.19856000e-10  2.11467814e+00  3.12217882e+00 
 8.20056000e-10  2.12744957e+00  3.12513077e+00 
 8.20256000e-10  2.14117961e+00  3.12670391e+00 
 8.20456000e-10  2.15632480e+00  3.12589657e+00 
 8.20656000e-10  2.17352322e+00  3.12080435e+00 
 8.20856000e-10  2.19360849e+00  3.10827282e+00 
 8.21056000e-10  2.21754952e+00  3.08392367e+00 
 8.21256000e-10  2.24629952e+00  3.04273027e+00 
 8.21456000e-10  2.28055704e+00  2.98030687e+00 
 8.21656000e-10  2.32055284e+00  2.89444768e+00 
 8.21856000e-10  2.36582739e+00  2.78644305e+00 
 8.22056000e-10  2.41518407e+00  2.66089547e+00 
 8.22256000e-10  2.46677807e+00  2.52485227e+00 
 8.22456000e-10  2.51816057e+00  2.38668098e+00 
 8.22656000e-10  2.56672870e+00  2.25421947e+00 
 8.22856000e-10  2.61047905e+00  2.13355950e+00 
 8.23056000e-10  2.64817948e+00  2.02871978e+00 
 8.23256000e-10  2.67903765e+00  1.94212443e+00 
 8.23456000e-10  2.70244549e+00  1.87530246e+00 
 8.23656000e-10  2.71797463e+00  1.82921685e+00 
 8.23856000e-10  2.72560027e+00  1.80403854e+00 
 8.24056000e-10  2.72581355e+00  1.79863019e+00 
 8.24256000e-10  2.71938953e+00  1.81053088e+00 
 8.24456000e-10  2.70715773e+00  1.83647626e+00 
 8.24656000e-10  2.68994454e+00  1.87301761e+00 
 8.24856000e-10  2.66853846e+00  1.91695127e+00 
 8.25056000e-10  2.64367694e+00  1.96554088e+00 
 8.25256000e-10  2.61602934e+00  2.01659450e+00 
 8.25456000e-10  2.58620061e+00  2.06841189e+00 
 8.25656000e-10  2.55472597e+00  2.11971837e+00 
 8.25856000e-10  2.52207648e+00  2.16959403e+00 
 8.26056000e-10  2.48865976e+00  2.21740223e+00 
 8.26256000e-10  2.45482757e+00  2.26273068e+00 
 8.26456000e-10  2.42087902e+00  2.30533966e+00 
 8.26656000e-10  2.38706833e+00  2.34512260e+00 
 8.26856000e-10  2.35360882e+00  2.38207202e+00 
 8.27056000e-10  2.32068039e+00  2.41625631e+00 
 8.27256000e-10  2.28843469e+00  2.44779999e+00 
 8.27456000e-10  2.25700358e+00  2.47687058e+00 
 8.27656000e-10  2.22650561e+00  2.50366835e+00 
 8.27856000e-10  2.19705579e+00  2.52842521e+00 
 8.28056000e-10  2.16877745e+00  2.55141072e+00 
 8.28256000e-10  2.14181879e+00  2.57294572e+00 
 8.28456000e-10  2.11636853e+00  2.59341819e+00 
 8.28656000e-10  2.09266383e+00  2.61329109e+00 
 8.28856000e-10  2.07097119e+00  2.63307981e+00 
 8.29056000e-10  2.05153665e+00  2.65328791e+00 
 8.29256000e-10  2.03452338e+00  2.67431837e+00 
 8.29456000e-10  2.01997503e+00  2.69640440e+00 
 8.29656000e-10  2.00782026e+00  2.71958828e+00 
 8.29856000e-10  1.99790739e+00  2.74374631e+00 
 8.30056000e-10  1.99003872e+00  2.76863183e+00 
 8.30256000e-10  1.98402193e+00  2.79394280e+00 
 8.30456000e-10  1.97968139e+00  2.81935692e+00 
 8.30656000e-10  1.97685095e+00  2.84455130e+00 
 8.30856000e-10  1.97538854e+00  2.86923210e+00 
 8.31056000e-10  1.97517544e+00  2.89314564e+00 
 8.31256000e-10  1.97611019e+00  2.91608157e+00 
 8.31456000e-10  1.97810516e+00  2.93787401e+00 
 8.31656000e-10  1.98108334e+00  2.95840081e+00 
 8.31856000e-10  1.98497592e+00  2.97758089e+00 
 8.32056000e-10  1.98972071e+00  2.99537100e+00 
 8.32256000e-10  1.99526064e+00  3.01176143e+00 
 8.32456000e-10  2.00154238e+00  3.02677132e+00 
 8.32656000e-10  2.00851546e+00  3.04044290e+00 
 8.32856000e-10  2.01613165e+00  3.05283664e+00 
 8.33056000e-10  2.02434512e+00  3.06402597e+00 
 8.33256000e-10  2.03311217e+00  3.07409275e+00 
 8.33456000e-10  2.04239115e+00  3.08312286e+00 
 8.33656000e-10  2.05214276e+00  3.09120252e+00 
 8.33856000e-10  2.06233091e+00  3.09841489e+00 
 8.34056000e-10  2.07292510e+00  3.10483654e+00 
 8.34256000e-10  2.08390527e+00  3.11053205e+00 
 8.34456000e-10  2.09527206e+00  3.11554393e+00 
 8.34656000e-10  2.10706580e+00  3.11987169e+00 
 8.34856000e-10  2.11939669e+00  3.12342684e+00 
 8.35056000e-10  2.13248126e+00  3.12593973e+00 
 8.35256000e-10  2.14667524e+00  3.12678036e+00 
 8.35456000e-10  2.16249999e+00  3.12465730e+00 
 8.35656000e-10  2.18066666e+00  3.11723009e+00 
 8.35856000e-10  2.20206643e+00  3.10086053e+00 
 8.36056000e-10  2.22768895e+00  3.07079401e+00 
 8.36256000e-10  2.25842974e+00  3.02207048e+00 
 8.36456000e-10  2.29485645e+00  2.95096201e+00 
 8.36656000e-10  2.33693392e+00  2.85664045e+00 
 8.36856000e-10  2.38390549e+00  2.74161604e+00 
 8.37056000e-10  2.43433780e+00  2.61135748e+00 
 8.37256000e-10  2.48615513e+00  2.47363074e+00 
 8.37456000e-10  2.53676632e+00  2.33680544e+00 
 8.37656000e-10  2.58371976e+00  2.20817085e+00 
 8.37856000e-10  2.62532173e+00  2.09304105e+00 
 8.38056000e-10  2.66054641e+00  1.99476286e+00 
 8.38256000e-10  2.68868822e+00  1.91536224e+00 
 8.38456000e-10  2.70919049e+00  1.85615352e+00 
 8.38656000e-10  2.72174510e+00  1.81786110e+00 
 8.38856000e-10  2.72652465e+00  1.80018651e+00 
 8.39056000e-10  2.72415783e+00  1.80149835e+00 
 8.39256000e-10  2.71545652e+00  1.81898805e+00 
 8.39456000e-10  2.70126126e+00  1.84925150e+00 
 8.39656000e-10  2.68238908e+00  1.88887603e+00 
 8.39856000e-10  2.65960939e+00  1.93480324e+00 
 8.40056000e-10  2.63363182e+00  1.98451493e+00 
 8.40256000e-10  2.60510244e+00  2.03600730e+00 
 8.40456000e-10  2.57459974e+00  2.08774588e+00 
 8.40656000e-10  2.54263492e+00  2.13859624e+00 
 8.40856000e-10  2.50965450e+00  2.18775101e+00 
 8.41056000e-10  2.47604487e+00  2.23466348e+00 
 8.41256000e-10  2.44213718e+00  2.27899047e+00 
 8.41456000e-10  2.40821329e+00  2.32054613e+00 
 8.41656000e-10  2.37451132e+00  2.35926399e+00 
 8.41856000e-10  2.34123162e+00  2.39516729e+00 
 8.42056000e-10  2.30854258e+00  2.42834676e+00 
 8.42256000e-10  2.27658747e+00  2.45894424e+00 
 8.42456000e-10  2.24549212e+00  2.48714009e+00 
 8.42656000e-10  2.21537280e+00  2.51314647e+00 
 8.42856000e-10  2.18634578e+00  2.53720778e+00 
 8.43056000e-10  2.15854188e+00  2.55961100e+00 
 8.43256000e-10  2.13212254e+00  2.58070000e+00 
 8.43456000e-10  2.10729485e+00  2.60089109e+00 
 8.43656000e-10  2.08431077e+00  2.62067149e+00 
 8.43856000e-10  2.06343651e+00  2.64056185e+00 
 8.44056000e-10  2.04489372e+00  2.66103836e+00 
 8.44256000e-10  2.02880311e+00  2.68244648e+00 
 8.44456000e-10  2.01516268e+00  2.70494767e+00 
 8.44656000e-10  2.00386632e+00  2.72851758e+00 
 8.44856000e-10  1.99473506e+00  2.75297561e+00 
 8.45056000e-10  1.98757831e+00  2.77805541e+00 
 8.45256000e-10  1.98220823e+00  2.80344270e+00 
 8.45456000e-10  1.97844996e+00  2.82881082e+00 
 8.45656000e-10  1.97614728e+00  2.85384645e+00 
 8.45856000e-10  1.97516555e+00  2.87826882e+00 
 8.46056000e-10  1.97539341e+00  2.90184039e+00 
 8.46256000e-10  1.97673452e+00  2.92436703e+00 
 8.46456000e-10  1.97910597e+00  2.94569970e+00 
 8.46656000e-10  1.98243376e+00  2.96573161e+00 
 8.46856000e-10  1.98665209e+00  2.98439653e+00 
 8.47056000e-10  1.99170059e+00  3.00166398e+00 
 8.47256000e-10  1.99752401e+00  3.01753591e+00 
 8.47456000e-10  2.00406996e+00  3.03204046e+00 
 8.47656000e-10  2.01128897e+00  3.04522744e+00 
 8.47856000e-10  2.01913362e+00  3.05716262e+00 
 8.48056000e-10  2.02755911e+00  3.06792333e+00 
 8.48256000e-10  2.03652234e+00  3.07759323e+00 
 8.48456000e-10  2.04598259e+00  3.08625881e+00 
 8.48656000e-10  2.05590141e+00  3.09400537e+00 
 8.48856000e-10  2.06624460e+00  3.10091428e+00 
 8.49056000e-10  2.07698463e+00  3.10705832e+00 
 8.49256000e-10  2.08810772e+00  3.11249547e+00 
 8.49456000e-10  2.09962638e+00  3.11725550e+00 
 8.49656000e-10  2.11160305e+00  3.12131233e+00 
 8.49856000e-10  2.12418324e+00  3.12452433e+00 
 8.50056000e-10  2.13763208e+00  3.12651447e+00 
 8.50256000e-10  2.15236410e+00  3.12644782e+00 
 8.50456000e-10  2.16896904e+00  3.12268714e+00 
 8.50656000e-10  2.18822594e+00  3.11242132e+00 
 8.50856000e-10  2.21107945e+00  3.09152417e+00 
 8.51056000e-10  2.23851793e+00  3.05502259e+00 
 8.51256000e-10  2.27136101e+00  2.99822923e+00 
 8.51456000e-10  2.30995698e+00  2.91848614e+00 
 8.51656000e-10  2.35398924e+00  2.81614882e+00 
 8.51856000e-10  2.40244711e+00  2.69476442e+00 
 8.52056000e-10  2.45366513e+00  2.56082023e+00 
 8.52256000e-10  2.50534203e+00  2.42253151e+00 
 8.52456000e-10  2.55483519e+00  2.28802942e+00 
 8.52656000e-10  2.59994367e+00  2.16392836e+00 
 8.52856000e-10  2.63926012e+00  2.05476587e+00 
 8.53056000e-10  2.67191518e+00  1.96331367e+00 
 8.53256000e-10  2.69726333e+00  1.89128521e+00 
 8.53456000e-10  2.71481596e+00  1.83979705e+00 
 8.53656000e-10  2.72442333e+00  1.80921994e+00 
 8.53856000e-10  2.72644259e+00  1.79879622e+00 
 8.54056000e-10  2.72159954e+00  1.80644509e+00 
 8.54256000e-10  2.71073811e+00  1.82906749e+00 
 8.54456000e-10  2.69469978e+00  1.86317744e+00 
 8.54656000e-10  2.67428082e+00  1.90544323e+00 
 8.54856000e-10  2.65022753e+00  1.95302229e+00 
 8.55056000e-10  2.62322531e+00  2.00358758e+00 
 8.55256000e-10  2.59389605e+00  2.05531608e+00 
 8.55456000e-10  2.56279204e+00  2.10682924e+00 
 8.55656000e-10  2.53040047e+00  2.15712202e+00 
 8.55856000e-10  2.49714421e+00  2.20549053e+00 
 8.56056000e-10  2.46338881e+00  2.25146949e+00 
 8.56256000e-10  2.42944591e+00  2.29477877e+00 
 8.56456000e-10  2.39558065e+00  2.33528063e+00 
 8.56656000e-10  2.36201593e+00  2.37294446e+00 
 8.56856000e-10  2.32893957e+00  2.40782100e+00 
 8.57056000e-10  2.29650971e+00  2.44002189e+00 
 8.57256000e-10  2.26486265e+00  2.46970450e+00 
 8.57456000e-10  2.23411946e+00  2.49706097e+00 
 8.57656000e-10  2.20439496e+00  2.52231460e+00 
 8.57856000e-10  2.17580891e+00  2.54572442e+00 
 8.58056000e-10  2.14850159e+00  2.56759650e+00 
 8.58256000e-10  2.12265007e+00  2.58830037e+00 
 8.58456000e-10  2.09847967e+00  2.60828039e+00 
 8.58656000e-10  2.07625301e+00  2.62804307e+00 
 8.58856000e-10  2.05622742e+00  2.64810302e+00 
 8.59056000e-10  2.03859213e+00  2.66889689e+00 
 8.59256000e-10  2.02342237e+00  2.69070507e+00 
 8.59456000e-10  2.01067349e+00  2.71361754e+00 
 8.59656000e-10  2.00021028e+00  2.73754867e+00 
 8.59856000e-10  1.99184090e+00  2.76227609e+00 
 8.60056000e-10  1.98537263e+00  2.78750998e+00 
 8.60256000e-10  1.98062604e+00  2.81293103e+00 
 8.60456000e-10  1.97742878e+00  2.83821166e+00 
 8.60656000e-10  1.97563271e+00  2.86304954e+00 
 8.60856000e-10  1.97511416e+00  2.88718053e+00 
 8.61056000e-10  1.97576765e+00  2.91038304e+00 
 8.61256000e-10  1.97750242e+00  2.93247988e+00 
 8.61456000e-10  1.98023903e+00  2.95333802e+00 
 8.61656000e-10  1.98390680e+00  2.97286621e+00 
 8.61856000e-10  1.98844197e+00  2.99101200e+00 
 8.62056000e-10  1.99378632e+00  3.00775754e+00 
 8.62256000e-10  1.99988568e+00  3.02311524e+00 
 8.62456000e-10  2.00668879e+00  3.03712182e+00 
 8.62656000e-10  2.01414696e+00  3.04983374e+00 
 8.62856000e-10  2.02221390e+00  3.06132167e+00 
 8.63056000e-10  2.03084529e+00  3.07166573e+00 
 8.63256000e-10  2.03999900e+00  3.08095110e+00 
 8.63456000e-10  2.04963500e+00  3.08926426e+00 
 8.63656000e-10  2.05971626e+00  3.09668942e+00 
 8.63856000e-10  2.07021054e+00  3.10330528e+00 
 8.64056000e-10  2.08109442e+00  3.10918014e+00 
 8.64256000e-10  2.09236191e+00  3.11436352e+00 
 8.64456000e-10  2.10404085e+00  3.11886883e+00 
 8.64656000e-10  2.11622034e+00  3.12263629e+00 
 8.64856000e-10  2.12908653e+00  3.12545499e+00 
 8.65056000e-10  2.14295714e+00  3.12680975e+00 
 8.65256000e-10  2.15830914e+00  3.12561216e+00 
 8.65456000e-10  2.17579988e+00  3.11982520e+00 
 8.65656000e-10  2.19627719e+00  3.10613072e+00 
 8.65856000e-10  2.22072827e+00  3.07999375e+00 
 8.66056000e-10  2.25012274e+00  3.03636902e+00 
 8.66256000e-10  2.28512213e+00  2.97124687e+00 
 8.66456000e-10  2.32582636e+00  2.88298137e+00 
 8.66656000e-10  2.37165897e+00  2.77303244e+00 
 8.66856000e-10  2.42136956e+00  2.64614192e+00 
 8.67056000e-10  2.47305457e+00  2.50962439e+00 
 8.67256000e-10  2.52421495e+00  2.37188082e+00 
 8.67456000e-10  2.57228375e+00  2.24060072e+00 
 8.67656000e-10  2.61535654e+00  2.12164362e+00 
 8.67856000e-10  2.65227233e+00  2.01881881e+00 
 8.68056000e-10  2.68226951e+00  1.93442539e+00 
 8.68256000e-10  2.70475517e+00  1.86993103e+00 
 8.68456000e-10  2.71933439e+00  1.82623658e+00 
 8.68656000e-10  2.72604376e+00  1.80334318e+00 
 8.68856000e-10  2.72541475e+00  1.79997956e+00 
 8.69056000e-10  2.71823770e+00  1.81363925e+00 
 8.69256000e-10  2.70536170e+00  1.84096809e+00 
 8.69456000e-10  2.68761216e+00  1.87847092e+00 
 8.69656000e-10  2.66576306e+00  1.92300773e+00 
 8.69856000e-10  2.64054079e+00  1.97192767e+00 
 8.70056000e-10  2.61260700e+00  2.02309626e+00 
 8.70256000e-10  2.58255881e+00  2.07486540e+00 
 8.70456000e-10  2.55092352e+00  2.12600446e+00 
 8.70656000e-10  2.51816463e+00  2.17562946e+00 
 8.70856000e-10  2.48468277e+00  2.22313229e+00 
 8.71056000e-10  2.45082332e+00  2.26812286e+00 
 8.71256000e-10  2.41687968e+00  2.31037859e+00 
 8.71456000e-10  2.38310091e+00  2.34980530e+00 
 8.71656000e-10  2.34969581e+00  2.38640552e+00 
 8.71856000e-10  2.31684086e+00  2.42025533e+00 
 8.72056000e-10  2.28468551e+00  2.45148504e+00 
 8.72256000e-10  2.25335964e+00  2.48026563e+00 
 8.72456000e-10  2.22298070e+00  2.50680054e+00 
 8.72656000e-10  2.19366398e+00  2.53132591e+00 
 8.72856000e-10  2.16553494e+00  2.55411651e+00 
 8.73056000e-10  2.13874597e+00  2.57550030e+00 
 8.73256000e-10  2.11349162e+00  2.59587423e+00 
 8.73456000e-10  2.09001427e+00  2.61570950e+00 
 8.73656000e-10  2.06858113e+00  2.63552414e+00 
 8.73856000e-10  2.04943130e+00  2.65581418e+00 
 8.74056000e-10  2.03271456e+00  2.67696475e+00 
 8.74256000e-10  2.01845959e+00  2.69918591e+00 
 8.74456000e-10  2.00658314e+00  2.72249779e+00 
 8.74656000e-10  1.99691824e+00  2.74675236e+00 
 8.74856000e-10  1.98927779e+00  2.77170300e+00 
 8.75056000e-10  1.98347670e+00  2.79704748e+00 
 8.75256000e-10  1.97932814e+00  2.82245335e+00 
 8.75456000e-10  1.97666870e+00  2.84760085e+00 
 8.75656000e-10  1.97536147e+00  2.87220201e+00 
 8.75856000e-10  1.97529013e+00  2.89600818e+00 
 8.76056000e-10  1.97635531e+00  2.91881426e+00 
 8.76256000e-10  1.97847097e+00  2.94045988e+00 
 8.76456000e-10  1.98156115e+00  2.96082789e+00 
 8.76656000e-10  1.98555800e+00  2.97984208e+00 
 8.76856000e-10  1.99039995e+00  2.99746340e+00 
 8.77056000e-10  1.99603050e+00  3.01368597e+00 
 8.77256000e-10  2.00239667e+00  3.02853194e+00 
 8.77456000e-10  2.00944820e+00  3.04204600e+00 
 8.77656000e-10  2.01713722e+00  3.05429046e+00 
 8.77856000e-10  2.02541829e+00  3.06534014e+00 
 8.78056000e-10  2.03424789e+00  3.07527753e+00 
 8.78256000e-10  2.04358465e+00  3.08418869e+00 
 8.78456000e-10  2.05338946e+00  3.09215956e+00 
 8.78656000e-10  2.06362684e+00  3.09927281e+00 
 8.78856000e-10  2.07426715e+00  3.10560391e+00 
 8.79056000e-10  2.08529218e+00  3.11121545e+00 
 8.79256000e-10  2.09670606e+00  3.11614622e+00 
 8.79456000e-10  2.10855571e+00  3.12038827e+00 
 8.79656000e-10  2.12096207e+00  3.12383763e+00 
 8.79856000e-10  2.13415674e+00  3.12619321e+00 
 8.80056000e-10  2.14851387e+00  3.12676435e+00 
 8.80256000e-10  2.16457355e+00  3.12415492e+00 
 8.80456000e-10  2.18306421e+00  3.11587235e+00 
 8.80656000e-10  2.20490228e+00  3.09810554e+00 
 8.80856000e-10  2.23108809e+00  3.06601387e+00 
 8.81056000e-10  2.26251281e+00  3.01469492e+00 
 8.81256000e-10  2.29966028e+00  2.94088222e+00 
 8.81456000e-10  2.34238546e+00  2.84409291e+00 
 8.81656000e-10  2.38985218e+00  2.72704365e+00 
 8.81856000e-10  2.44056054e+00  2.59556227e+00 
 8.82056000e-10  2.49236377e+00  2.45758699e+00 
 8.82256000e-10  2.54263939e+00  2.32143814e+00 
 8.82456000e-10  2.58901090e+00  2.19420160e+00 
 8.82656000e-10  2.62988065e+00  2.08094143e+00 
 8.82856000e-10  2.66428087e+00  1.98481147e+00 
 8.83056000e-10  2.69152695e+00  1.90773115e+00 
 8.83256000e-10  2.71108259e+00  1.85095466e+00 
 8.83456000e-10  2.72268899e+00  1.81506557e+00 
 8.83656000e-10  2.72656833e+00  1.79963598e+00 
 8.83856000e-10  2.72337775e+00  1.80293086e+00 
 8.84056000e-10  2.71395564e+00  1.82206259e+00 
 8.84256000e-10  2.69915126e+00  1.85357287e+00 
 8.84456000e-10  2.67977067e+00  1.89404401e+00 
 8.84656000e-10  2.65657307e+00  1.94050796e+00 
 8.84856000e-10  2.63025918e+00  1.99050378e+00 
 8.85056000e-10  2.60146779e+00  2.04208414e+00 
 8.85256000e-10  2.57076816e+00  2.09376311e+00 
 8.85456000e-10  2.53866400e+00  2.14444733e+00 
 8.85656000e-10  2.50559361e+00  2.19336211e+00 
 8.85856000e-10  2.47193678e+00  2.23998672e+00 
 8.86056000e-10  2.43801800e+00  2.28399807e+00 
 8.86256000e-10  2.40411362e+00  2.32522521e+00 
 8.86456000e-10  2.37045616e+00  2.36361291e+00 
 8.86656000e-10  2.33724200e+00  2.39919392e+00 
 8.86856000e-10  2.30463678e+00  2.43206661e+00 
 8.87056000e-10  2.27278189e+00  2.46237736e+00 
 8.87256000e-10  2.24180110e+00  2.49030938e+00 
 8.87456000e-10  2.21180977e+00  2.51607832e+00 
 8.87656000e-10  2.18292490e+00  2.53993326e+00 
 8.87856000e-10  2.15528000e+00  2.56216680e+00 
 8.88056000e-10  2.12904115e+00  2.58313066e+00 
 8.88256000e-10  2.10442124e+00  2.60324997e+00 
 8.88456000e-10  2.08167611e+00  2.62301873e+00 
 8.88656000e-10  2.06107021e+00  2.64295701e+00 
 8.88856000e-10  2.04281586e+00  2.66352998e+00 
 8.89056000e-10  2.02701976e+00  2.68506338e+00 
 8.89256000e-10  2.01366611e+00  2.70769616e+00 
 8.89456000e-10  2.00263904e+00  2.73138407e+00 
 8.89656000e-10  1.99375491e+00  2.75593254e+00 
 8.89856000e-10  1.98682775e+00  2.78107168e+00 
 8.90056000e-10  1.98166657e+00  2.80648041e+00 
 8.90256000e-10  1.97809157e+00  2.83182747e+00 
 8.90456000e-10  1.97595275e+00  2.85680557e+00 
 8.90656000e-10  1.97512062e+00  2.88113991e+00 
 8.90856000e-10  1.97548621e+00  2.90459815e+00 
 8.91056000e-10  1.97695500e+00  2.92699140e+00 
 8.91256000e-10  1.97944528e+00  2.94817587e+00 
 8.91456000e-10  1.98288390e+00  2.96804961e+00 
 8.91656000e-10  1.98720576e+00  2.98655094e+00 
 8.91856000e-10  1.99235105e+00  3.00365331e+00 
 8.92056000e-10  1.99826490e+00  3.01936220e+00 
 8.92256000e-10  2.00489512e+00  3.03370838e+00 
 8.92456000e-10  2.01219264e+00  3.04674402e+00 
 8.92656000e-10  2.02011036e+00  3.05853648e+00 
 8.92856000e-10  2.02860375e+00  3.06916416e+00 
 8.93056000e-10  2.03762986e+00  3.07871108e+00 
 8.93256000e-10  2.04714819e+00  3.08726380e+00 
 8.93456000e-10  2.05712070e+00  3.09490735e+00 
 8.93656000e-10  2.06751379e+00  3.10172237e+00 
 8.93856000e-10  2.07830116e+00  3.10778026e+00 
 8.94056000e-10  2.08947128e+00  3.11313659e+00 
 8.94256000e-10  2.10104120e+00  3.11781630e+00 
 8.94456000e-10  2.11308138e+00  3.12178355e+00 
 8.94656000e-10  2.12574973e+00  3.12487649e+00 
 8.94856000e-10  2.13932783e+00  3.12667756e+00 
 8.95056000e-10  2.15424977e+00  3.12627630e+00 
 8.95256000e-10  2.17112454e+00  3.12191359e+00 
 8.95456000e-10  2.19075289e+00  3.11061105e+00 
 8.95656000e-10  2.21410014e+00  3.08810253e+00 
 8.95856000e-10  2.24216688e+00  3.04935768e+00 
 8.96056000e-10  2.27571559e+00  2.98998352e+00 
 8.96256000e-10  2.31500147e+00  2.90761746e+00 
 8.96456000e-10  2.35962377e+00  2.80286985e+00 
 8.96656000e-10  2.40850321e+00  2.67968925e+00 
 8.96856000e-10  2.45990229e+00  2.54484335e+00 
 8.97056000e-10  2.51145045e+00  2.40663695e+00 
 8.97256000e-10  2.56051696e+00  2.27308123e+00 
 8.97456000e-10  2.60499153e+00  2.15055869e+00 
 8.97656000e-10  2.64355166e+00  2.04337087e+00 
 8.97856000e-10  2.67536603e+00  1.95413004e+00 
 8.98056000e-10  2.69980674e+00  1.88446852e+00 
 8.98256000e-10  2.71641081e+00  1.83543908e+00 
 8.98456000e-10  2.72508544e+00  1.80730482e+00 
 8.98656000e-10  2.72624650e+00  1.79914814e+00 
 8.98856000e-10  2.72064580e+00  1.80877163e+00 
 8.99056000e-10  2.70913394e+00  1.83295498e+00 
 8.99256000e-10  2.69254570e+00  1.86817651e+00 
 8.99456000e-10  2.67166538e+00  1.91119035e+00 
 8.99656000e-10  2.64723400e+00  1.95921481e+00 
 8.99856000e-10  2.61992908e+00  2.00998383e+00 
 9.00056000e-10  2.59036530e+00  2.06173133e+00 
 9.00256000e-10  2.55908666e+00  2.11312662e+00 
 9.00456000e-10  2.52657318e+00  2.16320452e+00 
 9.00656000e-10  2.49324038e+00  2.21129234e+00 
 9.00856000e-10  2.45944764e+00  2.25694976e+00 
 9.01056000e-10  2.42550040e+00  2.29991501e+00 
 9.01256000e-10  2.39165834e+00  2.34006444e+00 
 9.01456000e-10  2.35813970e+00  2.37737887e+00 
 9.01656000e-10  2.32512944e+00  2.41191813e+00 
 9.01856000e-10  2.29278324e+00  2.44380014e+00 
 9.02056000e-10  2.26123530e+00  2.47318642e+00 
 9.02256000e-10  2.23060517e+00  2.50027226e+00 
 9.02456000e-10  2.20100774e+00  2.52528537e+00 
 9.02656000e-10  2.17256426e+00  2.54848942e+00 
 9.02856000e-10  2.14541878e+00  2.57019736e+00 
 9.03056000e-10  2.11975380e+00  2.59078724e+00 
 9.03256000e-10  2.09580045e+00  2.61071239e+00 
 9.03456000e-10  2.07382353e+00  2.63048389e+00 
 9.03656000e-10  2.05407552e+00  2.65061175e+00 
 9.03856000e-10  2.03673350e+00  2.67151702e+00 
 9.04056000e-10  2.02185764e+00  2.69345778e+00 
 9.04256000e-10  2.00939027e+00  2.71650103e+00 
 9.04456000e-10  1.99918804e+00  2.74054259e+00 
 9.04656000e-10  1.99106289e+00  2.76535384e+00 
 9.04856000e-10  1.98481690e+00  2.79063433e+00 
 9.05056000e-10  1.98026338e+00  2.81605649e+00 
 9.05256000e-10  1.97723712e+00  2.84129803e+00 
 9.05456000e-10  1.97559598e+00  2.86606247e+00 
 9.05656000e-10  1.97521916e+00  2.89009080e+00 
 9.05856000e-10  1.97600331e+00  2.91316683e+00 
 9.06056000e-10  1.97785919e+00  2.93511894e+00 
 9.06256000e-10  1.98070835e+00  2.95581925e+00 
 9.06456000e-10  1.98448095e+00  2.97518148e+00 
 9.06656000e-10  1.98911385e+00  2.99315753e+00 
 9.06856000e-10  1.99454940e+00  3.00973350e+00 
 9.07056000e-10  2.00073360e+00  3.02492490e+00 
 9.07256000e-10  2.00761570e+00  3.03877121e+00 
 9.07456000e-10  2.01514732e+00  3.05133090e+00 
 9.07656000e-10  2.02328247e+00  3.06267603e+00 
 9.07856000e-10  2.03197704e+00  3.07288750e+00 
 9.08056000e-10  2.04118902e+00  3.08205068e+00 
 9.08256000e-10  2.05087868e+00  3.09025195e+00 
 9.08456000e-10  2.06100946e+00  3.09757516e+00 
 9.08656000e-10  2.07154990e+00  3.10409801e+00 
 9.08856000e-10  2.08247815e+00  3.10988713e+00 
 9.09056000e-10  2.09379114e+00  3.11498886e+00 
 9.09256000e-10  2.10552241e+00  3.11941038e+00 
 9.09456000e-10  2.11777066e+00  3.12307903e+00 
 9.09656000e-10  2.13073608e+00  3.12575758e+00 
 9.09856000e-10  2.14475406e+00  3.12687905e+00 
 9.10056000e-10  2.16031976e+00  3.12526219e+00 
 9.10256000e-10  2.17811193e+00  3.11872557e+00 
 9.10456000e-10  2.19900551e+00  3.10379153e+00 
 9.10656000e-10  2.22401139e+00  3.07579205e+00 
 9.10856000e-10  2.25406824e+00  3.02981256e+00 
 9.11056000e-10  2.28976528e+00  2.96205265e+00 
 9.11256000e-10  2.33112169e+00  2.87112896e+00 
 9.11456000e-10  2.37748895e+00  2.75891367e+00 
 9.11656000e-10  2.42754194e+00  2.63049957e+00 
 9.11856000e-10  2.47929971e+00  2.49342397e+00 
 9.12056000e-10  2.53021577e+00  2.35609000e+00 
 9.12256000e-10  2.57777125e+00  2.22601302e+00 
 9.12456000e-10  2.62016021e+00  2.10880536e+00 
 9.12656000e-10  2.65628741e+00  2.00806180e+00 
 9.12856000e-10  2.68541868e+00  1.92595484e+00 
 9.13056000e-10  2.70697697e+00  1.86388395e+00 
 9.13256000e-10  2.72060549e+00  1.82267463e+00 
 9.13456000e-10  2.72640381e+00  1.80219429e+00 
 9.13656000e-10  2.72495265e+00  1.80104676e+00 
 9.13856000e-10  2.71706189e+00  1.81655063e+00 
 9.14056000e-10  2.70357616e+00  1.84526171e+00 
 9.14256000e-10  2.68530826e+00  1.88374807e+00 
 9.14456000e-10  2.66302825e+00  1.92892450e+00 
 9.14656000e-10  2.63745497e+00  1.97820121e+00 
 9.14856000e-10  2.60924343e+00  2.02950534e+00 
 9.15056000e-10  2.57898219e+00  2.08124222e+00 
 9.15256000e-10  2.54719139e+00  2.13222700e+00 
 9.15456000e-10  2.51432667e+00  2.18161203e+00 
 9.15656000e-10  2.48078229e+00  2.22881855e+00 
 9.15856000e-10  2.44689703e+00  2.27347878e+00 
 9.16056000e-10  2.41295896e+00  2.31538729e+00 
 9.16256000e-10  2.37921162e+00  2.35446284e+00 
 9.16456000e-10  2.34586012e+00  2.39071856e+00 
 9.16656000e-10  2.31307795e+00  2.42423835e+00 
 9.16856000e-10  2.28101209e+00  2.45515761e+00 
 9.17056000e-10  2.24979023e+00  2.48365092e+00 
 9.17256000e-10  2.21952913e+00  2.50992603e+00 
 9.17456000e-10  2.19034446e+00  2.53422305e+00 
 9.17656000e-10  2.16236425e+00  2.55682241e+00 
 9.17856000e-10  2.13574520e+00  2.57805954e+00 
 9.18056000e-10  2.11068793e+00  2.59834062e+00 
 9.18256000e-10  2.08743964e+00  2.61814468e+00 
 9.18456000e-10  2.06626751e+00  2.63799154e+00 
 9.18656000e-10  2.04740266e+00  2.65836822e+00 
 9.18856000e-10  2.03098106e+00  2.67964112e+00 
 9.19056000e-10  2.01701644e+00  2.70199685e+00 
 9.19256000e-10  2.00541428e+00  2.72543383e+00 
 9.19456000e-10  1.99600153e+00  2.74978794e+00 
 9.19656000e-10  1.98859543e+00  2.77480779e+00 
 9.19856000e-10  1.98300228e+00  2.80017912e+00 
 9.20056000e-10  1.97903654e+00  2.82556917e+00 
 9.20256000e-10  1.97654256e+00  2.85066429e+00 
 9.20456000e-10  1.97538551e+00  2.87518037e+00 
 9.20656000e-10  1.97545215e+00  2.89887445e+00 
 9.20856000e-10  1.97664443e+00  2.92154657e+00 
 9.21056000e-10  1.97887801e+00  2.94304206e+00 
 9.21256000e-10  1.98207760e+00  2.96324860e+00 
 9.21456000e-10  1.98617645e+00  2.98209497e+00 
 9.21656000e-10  1.99111336e+00  2.99954609e+00 
 9.21856000e-10  1.99683239e+00  3.01559994e+00 
 9.22056000e-10  2.00328072e+00  3.03028141e+00 
 9.22256000e-10  2.01040885e+00  3.04363798e+00 
 9.22456000e-10  2.01816907e+00  3.05573358e+00 
 9.22656000e-10  2.02651629e+00  3.06664426e+00 
 9.22856000e-10  2.03540691e+00  3.07645279e+00 
 9.23056000e-10  2.04479993e+00  3.08524558e+00 
 9.23256000e-10  2.05465651e+00  3.09310828e+00 
 9.23456000e-10  2.06494184e+00  3.10012306e+00 
 9.23656000e-10  2.07562716e+00  3.10636406e+00 
 9.23856000e-10  2.08669634e+00  3.11189187e+00 
 9.24056000e-10  2.09815720e+00  3.11674113e+00 
 9.24256000e-10  2.11006378e+00  3.12089583e+00 
 9.24456000e-10  2.12254821e+00  3.12423504e+00 
 9.24656000e-10  2.13585768e+00  3.12642362e+00 
 9.24856000e-10  2.15038317e+00  3.12670493e+00 
 9.25056000e-10  2.16668461e+00  3.12356970e+00 
 9.25256000e-10  2.18551861e+00  3.11437362e+00 
 9.25456000e-10  2.20783167e+00  3.09513760e+00 
 9.25656000e-10  2.23463361e+00  3.06099133e+00 
 9.25856000e-10  2.26675622e+00  3.00726041e+00 
 9.26056000e-10  2.30459435e+00  2.93088454e+00 
 9.26256000e-10  2.34792892e+00  2.83164587e+00 
 9.26456000e-10  2.39585770e+00  2.71265912e+00 
 9.26656000e-10  2.44681056e+00  2.58005973e+00 
 9.26856000e-10  2.49856944e+00  2.44192778e+00 
 9.27056000e-10  2.54849804e+00  2.30651061e+00 
 9.27256000e-10  2.59429564e+00  2.18068739e+00 
 9.27456000e-10  2.63445338e+00  2.06928478e+00 
 9.27656000e-10  2.66804982e+00  1.97528157e+00 
 9.27856000e-10  2.69441846e+00  1.90050431e+00 
 9.28056000e-10  2.71304289e+00  1.84614825e+00 
 9.28256000e-10  2.72371326e+00  1.81270479e+00 
 9.28456000e-10  2.72671674e+00  1.79964275e+00 
 9.28656000e-10  2.72275578e+00  1.80506393e+00 
 9.28856000e-10  2.71267636e+00  1.82588071e+00 
 9.29056000e-10  2.69731188e+00  1.85861088e+00 
 9.29256000e-10  2.67745704e+00  1.89991831e+00 
 9.29456000e-10  2.65386649e+00  1.94689406e+00 
 9.29656000e-10  2.62723422e+00  1.99714031e+00 
 9.29856000e-10  2.59819213e+00  2.04876924e+00 
 9.30056000e-10  2.56730183e+00  2.10034627e+00 
 9.30256000e-10  2.53505993e+00  2.15082070e+00 
 9.30456000e-10  2.50189777e+00  2.19945192e+00 
 9.30656000e-10  2.46818896e+00  2.24574610e+00 
 9.30856000e-10  2.43425198e+00  2.28940051e+00 
 9.31056000e-10  2.40035779e+00  2.33025987e+00 
 9.31256000e-10  2.36673461e+00  2.36828138e+00 
 9.31456000e-10  2.33357593e+00  2.40350774e+00 
 9.31656000e-10  2.30104434e+00  2.43604331e+00 
 9.31856000e-10  2.26927880e+00  2.46603899e+00 
 9.32056000e-10  2.23840155e+00  2.49368234e+00 
 9.32256000e-10  2.20852778e+00  2.51919282e+00 
 9.32456000e-10  2.17977586e+00  2.54282412e+00 
 9.32656000e-10  2.15228265e+00  2.56487528e+00 
 9.32856000e-10  2.12621958e+00  2.58570651e+00 
 9.33056000e-10  2.10180578e+00  2.60575235e+00 
 9.33256000e-10  2.07930068e+00  2.62551314e+00 
 9.33456000e-10  2.05896571e+00  2.64550681e+00 
 9.33656000e-10  2.04100220e+00  2.66618501e+00 
 9.33856000e-10  2.02550148e+00  2.68785147e+00 
 9.34056000e-10  2.01243339e+00  2.71062099e+00 
 9.34256000e-10  2.00167231e+00  2.73442868e+00 
 9.34456000e-10  1.99303775e+00  2.75907225e+00 
 9.34656000e-10  1.98633177e+00  2.78426472e+00 
 9.34856000e-10  1.98136355e+00  2.80968185e+00 
 9.35056000e-10  1.97796210e+00  2.83499770e+00 
 9.35256000e-10  1.97597956e+00  2.85990795e+00 
 9.35456000e-10  1.97529009e+00  2.88414347e+00 
 9.35656000e-10  1.97578630e+00  2.90747705e+00 
 9.35856000e-10  1.97737574e+00  2.92972586e+00 
 9.36056000e-10  1.97997746e+00  2.95075117e+00 
 9.36256000e-10  1.98351967e+00  2.97045649e+00 
 9.36456000e-10  1.98793766e+00  2.98878444e+00 
 9.36656000e-10  1.99317235e+00  3.00571284e+00 
 9.36856000e-10  1.99916908e+00  3.02125037e+00 
 9.37056000e-10  2.00587655e+00  3.03543100e+00 
 9.37256000e-10  2.01324568e+00  3.04830885e+00 
 9.37456000e-10  2.02122992e+00  3.05995300e+00 
 9.37656000e-10  2.02978463e+00  3.07044251e+00 
 9.37856000e-10  2.03886726e+00  3.07986197e+00 
 9.38056000e-10  2.04843744e+00  3.08829785e+00 
 9.38256000e-10  2.05845770e+00  3.09583495e+00 
 9.38456000e-10  2.06889500e+00  3.10255291e+00 
 9.38656000e-10  2.07972440e+00  3.10852180e+00 
 9.38856000e-10  2.09093681e+00  3.11379434e+00 
 9.39056000e-10  2.10255420e+00  3.11839037e+00 
 9.39256000e-10  2.11465546e+00  3.12226321e+00 
 9.39456000e-10  2.12741156e+00  3.12522909e+00 
 9.39656000e-10  2.14111945e+00  3.12682591e+00 
 9.39856000e-10  2.15622938e+00  3.12606029e+00 
 9.40056000e-10  2.17337441e+00  3.12104173e+00 
 9.40256000e-10  2.19338518e+00  3.10863186e+00 
 9.40456000e-10  2.21725339e+00  3.08441215e+00 
 9.40656000e-10  2.24595816e+00  3.04342393e+00 
 9.40856000e-10  2.28019823e+00  2.98144178e+00 
 9.41056000e-10  2.32015191e+00  2.89635620e+00 
 9.41256000e-10  2.36534551e+00  2.78918414e+00 
 9.41456000e-10  2.41462335e+00  2.66424590e+00 
 9.41656000e-10  2.46616981e+00  2.52857697e+00 
 9.41856000e-10  2.51755172e+00  2.39054221e+00 
 9.42056000e-10  2.56616064e+00  2.25801269e+00 
 9.42256000e-10  2.60998252e+00  2.13713038e+00 
 9.42456000e-10  2.64777294e+00  2.03196345e+00 
 9.42656000e-10  2.67873596e+00  1.94497393e+00 
 9.42856000e-10  2.70225942e+00  1.87771559e+00 
 9.43056000e-10  2.71791063e+00  1.83117395e+00 
 9.43256000e-10  2.72565464e+00  1.80554557e+00 
 9.43456000e-10  2.72597652e+00  1.79976782e+00 
 9.43656000e-10  2.71965708e+00  1.81139484e+00 
 9.43856000e-10  2.70752976e+00  1.83710735e+00 
 9.44056000e-10  2.69041463e+00  1.87343354e+00 
 9.44256000e-10  2.66909360e+00  1.91718207e+00 
 9.44456000e-10  2.64430040e+00  1.96563359e+00 
 9.44656000e-10  2.61670679e+00  2.01658744e+00 
 9.44856000e-10  2.58691897e+00  2.06833455e+00 
 9.45056000e-10  2.55547423e+00  2.11959379e+00 
 9.45256000e-10  2.52284473e+00  2.16943939e+00 
 9.45456000e-10  2.48943984e+00  2.21723069e+00 
 9.45656000e-10  2.45561210e+00  2.26255149e+00 
 9.45856000e-10  2.42166135e+00  2.30515876e+00 
 9.46056000e-10  2.38784228e+00  2.34494355e+00 
 9.46256000e-10  2.35437011e+00  2.38189904e+00 
 9.46456000e-10  2.32142635e+00  2.41609296e+00 
 9.46656000e-10  2.28916390e+00  2.44764833e+00 
 9.46856000e-10  2.25771438e+00  2.47673092e+00 
 9.47056000e-10  2.22719641e+00  2.50354041e+00 
 9.47256000e-10  2.19772499e+00  2.52830834e+00 
 9.47456000e-10  2.16942356e+00  2.55130371e+00 
 9.47656000e-10  2.14244010e+00  2.57284647e+00 
 9.47856000e-10  2.11696307e+00  2.59332379e+00 
 9.48056000e-10  2.09322914e+00  2.61319764e+00 
 9.48256000e-10  2.07150476e+00  2.63298297e+00 
 9.48456000e-10  2.05203635e+00  2.65318351e+00 
 9.48656000e-10  2.03498807e+00  2.67420340e+00 
 9.48856000e-10  2.02040470e+00  2.69627745e+00 
 9.49056000e-10  2.00821597e+00  2.71944972e+00 
 9.49256000e-10  1.99827083e+00  2.74359785e+00 
 9.49456000e-10  1.99037850e+00  2.76848169e+00 
 9.49656000e-10  1.98434156e+00  2.79379531e+00 
 9.49856000e-10  1.97997573e+00  2.81921038e+00 
 9.50056000e-10  1.97711863e+00  2.84440693e+00 
 9.50256000e-10  1.97563098e+00  2.86909266e+00 
 9.50456000e-10  1.97539430e+00  2.89301364e+00 
 9.50656000e-10  1.97630720e+00  2.91595916e+00 
 9.50856000e-10  1.97828191e+00  2.93776302e+00 
 9.51056000e-10  1.98124116e+00  2.95830261e+00 
 9.51256000e-10  1.98511600e+00  2.97749648e+00 
 9.51456000e-10  1.98984405e+00  2.99530093e+00 
 9.51656000e-10  1.99536801e+00  3.01170584e+00 
 9.51856000e-10  2.00163450e+00  3.02672999e+00 
 9.52056000e-10  2.00859317e+00  3.04041548e+00 
 9.52256000e-10  2.01619593e+00  3.05282271e+00 
 9.52456000e-10  2.02439694e+00  3.06402494e+00 
 9.52656000e-10  2.03315228e+00  3.07410373e+00 
 9.52856000e-10  2.04242024e+00  3.08314484e+00 
 9.53056000e-10  2.05216138e+00  3.09123451e+00 
 9.53256000e-10  2.06233967e+00  3.09845604e+00 
 9.53456000e-10  2.07292447e+00  3.10488612e+00 
 9.53656000e-10  2.08389556e+00  3.11058950e+00 
 9.53856000e-10  2.09525311e+00  3.11560914e+00 
 9.54056000e-10  2.10703673e+00  3.11994540e+00 
 9.54256000e-10  2.11935526e+00  3.12351159e+00 
 9.54456000e-10  2.13242261e+00  3.12604151e+00 
 9.54656000e-10  2.14658945e+00  3.12691108e+00 
 9.54856000e-10  2.16237196e+00  3.12483941e+00 
 9.55056000e-10  2.18047764e+00  3.11750137e+00 
 9.55256000e-10  2.20181230e+00  3.10124705e+00 
 9.55456000e-10  2.22738701e+00  3.07135941e+00 
 9.55656000e-10  2.25810138e+00  3.02298055e+00 
 9.55856000e-10  2.29448258e+00  2.95250322e+00 
 9.56056000e-10  2.33647937e+00  2.85890790e+00 
 9.56256000e-10  2.38336390e+00  2.74446270e+00 
 9.56456000e-10  2.43373282e+00  2.61460595e+00 
 9.56656000e-10  2.48552913e+00  2.47707338e+00 
 9.56856000e-10  2.53616664e+00  2.34024464e+00 
 9.57056000e-10  2.58318623e+00  2.21144591e+00 
 9.57256000e-10  2.62487833e+00  2.09603923e+00 
 9.57456000e-10  2.66023264e+00  1.99735947e+00 
 9.57656000e-10  2.68844510e+00  1.91743617e+00 
 9.57856000e-10  2.70893276e+00  1.85764112e+00 
 9.58056000e-10  2.72148667e+00  1.81877371e+00 
 9.58256000e-10  2.72628632e+00  1.80063855e+00 
 9.58456000e-10  2.72395768e+00  1.80162376e+00 
 9.58656000e-10  2.71531666e+00  1.81886912e+00 
 9.58856000e-10  2.70119197e+00  1.84891790e+00 
 9.59056000e-10  2.68238977e+00  1.88836378e+00 
 9.59256000e-10  2.65967238e+00  1.93417239e+00 
 9.59456000e-10  2.63375031e+00  1.98381403e+00 
 9.59656000e-10  2.60526886e+00  2.03527325e+00 
 9.59856000e-10  2.57480761e+00  2.08700669e+00 
 9.60056000e-10  2.54287742e+00  2.13787191e+00 
 9.60256000e-10  2.50992595e+00  2.18705591e+00 
 9.60456000e-10  2.47633934e+00  2.23400688e+00 
 9.60656000e-10  2.44244909e+00  2.27837711e+00 
 9.60856000e-10  2.40853677e+00  2.31997730e+00 
 9.61056000e-10  2.37484209e+00  2.35874086e+00 
 9.61256000e-10  2.34156652e+00  2.39469067e+00 
 9.61456000e-10  2.30887987e+00  2.42791651e+00 
 9.61656000e-10  2.27692548e+00  2.45855846e+00 
 9.61856000e-10  2.24582901e+00  2.48679558e+00 
 9.62056000e-10  2.21570611e+00  2.51283913e+00 
 9.62256000e-10  2.18667314e+00  2.53693341e+00 
 9.62456000e-10  2.15886024e+00  2.55936425e+00 
 9.62656000e-10  2.13242847e+00  2.58047458e+00 
 9.62856000e-10  2.10758391e+00  2.60067924e+00 
 9.63056000e-10  2.08457813e+00  2.62046459e+00 
 9.63256000e-10  2.06367741e+00  2.64035117e+00 
 9.63456000e-10  2.04509900e+00  2.66081195e+00 
 9.63656000e-10  2.02897406e+00  2.68220074e+00 
 9.63856000e-10  2.01530401e+00  2.70468321e+00 
 9.64056000e-10  2.00397975e+00  2.72823660e+00 
 9.64256000e-10  1.99483178e+00  2.75268967e+00 
 9.64456000e-10  1.98766274e+00  2.77777152e+00 
 9.64656000e-10  1.98227868e+00  2.80316353e+00 
 9.64856000e-10  1.97850249e+00  2.82853706e+00 
 9.65056000e-10  1.97618069e+00  2.85358059e+00 
 9.65256000e-10  1.97518179e+00  2.87801470e+00 
 9.65456000e-10  1.97539427e+00  2.90160111e+00 
 9.65656000e-10  1.97672196e+00  2.92414525e+00 
 9.65856000e-10  1.97908146e+00  2.94549730e+00 
 9.66056000e-10  1.98239864e+00  2.96554997e+00 
 9.66256000e-10  1.98660730e+00  2.98423633e+00 
 9.66456000e-10  1.99164685e+00  3.00152541e+00 
 9.66656000e-10  1.99746185e+00  3.01741859e+00 
 9.66856000e-10  2.00400012e+00  3.03194383e+00 
 9.67056000e-10  2.01121224e+00  3.04515073e+00 
 9.67256000e-10  2.01905083e+00  3.05710489e+00 
 9.67456000e-10  2.02747079e+00  3.06788324e+00 
 9.67656000e-10  2.03642899e+00  3.07756936e+00 
 9.67856000e-10  2.04588455e+00  3.08624970e+00 
 9.68056000e-10  2.05579913e+00  3.09400975e+00 
 9.68256000e-10  2.06613838e+00  3.10093091e+00 
 9.68456000e-10  2.07687474e+00  3.10708617e+00 
 9.68656000e-10  2.08799407e+00  3.11253379e+00 
 9.68856000e-10  2.09950842e+00  3.11730415e+00 
 9.69056000e-10  2.11147922e+00  3.12137228e+00 
 9.69256000e-10  2.12405051e+00  3.12459902e+00 
 9.69456000e-10  2.13748422e+00  3.12661171e+00 
 9.69656000e-10  2.15218909e+00  3.12658272e+00 
 9.69856000e-10  2.16874975e+00  3.12288738e+00 
 9.70056000e-10  2.18795362e+00  3.11271925e+00 
 9.70256000e-10  2.21076267e+00  3.09197784e+00 
 9.70456000e-10  2.23817047e+00  3.05574863e+00 
 9.70656000e-10  2.27096685e+00  2.99945918e+00 
 9.70856000e-10  2.30948516e+00  2.92033471e+00 
 9.71056000e-10  2.35342779e+00  2.81854041e+00 
 9.71256000e-10  2.40181222e+00  2.69758013e+00 
 9.71456000e-10  2.45299116e+00  2.56389066e+00 
 9.71656000e-10  2.50467556e+00  2.42567105e+00 
 9.71856000e-10  2.55422474e+00  2.29107106e+00 
 9.72056000e-10  2.59942273e+00  2.16674583e+00 
 9.72256000e-10  2.63884840e+00  2.05727807e+00 
 9.72456000e-10  2.67164516e+00  1.96541772e+00 
 9.72656000e-10  2.69708905e+00  1.89287719e+00 
 9.72856000e-10  2.71466378e+00  1.84082657e+00 
 9.73056000e-10  2.72429613e+00  1.80975758e+00 
 9.73256000e-10  2.72636453e+00  1.79899550e+00 
 9.73456000e-10  2.72159701e+00  1.80640794e+00 
 9.73656000e-10  2.71082464e+00  1.82882344e+00 
 9.73856000e-10  2.69487003e+00  1.86274630e+00 
 9.74056000e-10  2.67452538e+00  1.90488370e+00 
 9.74256000e-10  2.65053507e+00  1.95238138e+00 
 9.74456000e-10  2.62358674e+00  2.00290365e+00 
 9.74656000e-10  2.59430149e+00  2.05461771e+00 
 9.74856000e-10  2.56323357e+00  2.10613811e+00 
 9.75056000e-10  2.53086992e+00  2.15645329e+00 
 9.75256000e-10  2.49763493e+00  2.20485495e+00 
 9.75456000e-10  2.46389332e+00  2.25087225e+00 
 9.75656000e-10  2.42995776e+00  2.29422161e+00 
 9.75856000e-10  2.39609412e+00  2.33476443e+00 
 9.76056000e-10  2.36252727e+00  2.37247047e+00 
 9.76256000e-10  2.32944621e+00  2.40738998e+00 
 9.76456000e-10  2.29701034e+00  2.43963298e+00 
 9.76656000e-10  2.26535540e+00  2.46935515e+00 
 9.76856000e-10  2.23460242e+00  2.49674788e+00 
 9.77056000e-10  2.20486591e+00  2.52203423e+00 
 9.77256000e-10  2.17626561e+00  2.54547243e+00 
 9.77456000e-10  2.14894119e+00  2.56736764e+00 
 9.77656000e-10  2.12306919e+00  2.58808817e+00 
 9.77856000e-10  2.09887404e+00  2.60807715e+00 
 9.78056000e-10  2.07661820e+00  2.62784043e+00 
 9.78256000e-10  2.05655578e+00  2.64789037e+00 
 9.78456000e-10  2.03887575e+00  2.66866232e+00 
 9.78656000e-10  2.02366688e+00  2.69044773e+00 
 9.78856000e-10  2.01088534e+00  2.71334068e+00 
 9.79056000e-10  2.00039199e+00  2.73725632e+00 
 9.79256000e-10  1.99200295e+00  2.76198008e+00 
 9.79456000e-10  1.98551911e+00  2.78721746e+00 
 9.79656000e-10  1.98075174e+00  2.81264214e+00 
 9.79856000e-10  1.97753221e+00  2.83792919e+00 
 9.80056000e-10  1.97571562e+00  2.86277768e+00 
 9.80256000e-10  1.97517829e+00  2.88692275e+00 
 9.80456000e-10  1.97581497e+00  2.91014226e+00 
 9.80656000e-10  1.97753453e+00  2.93225833e+00 
 9.80856000e-10  1.98025739e+00  2.95313732e+00 
 9.81056000e-10  1.98391252e+00  2.97268732e+00 
 9.81256000e-10  1.98843586e+00  2.99085530e+00 
 9.81456000e-10  1.99376907e+00  3.00762290e+00 
 9.81656000e-10  1.99985814e+00  3.02300219e+00 
 9.81856000e-10  2.00665194e+00  3.03702971e+00 
 9.82056000e-10  2.01410176e+00  3.04976169e+00 
 9.82256000e-10  2.02216100e+00  3.06126839e+00 
 9.82456000e-10  2.03078537e+00  3.07162984e+00 
 9.82656000e-10  2.03993250e+00  3.08093112e+00 
 9.82856000e-10  2.04956243e+00  3.08925874e+00 
 9.83056000e-10  2.05963806e+00  3.09669706e+00 
 9.83256000e-10  2.07012710e+00  3.10332492e+00 
 9.83456000e-10  2.08100595e+00  3.10921079e+00 
 9.83656000e-10  2.09226828e+00  3.11440462e+00 
 9.83856000e-10  2.10394124e+00  3.11892053e+00 
 9.84056000e-10  2.11611278e+00  3.12270028e+00 
 9.84256000e-10  2.12896669e+00  3.12553589e+00 
 9.84456000e-10  2.14281626e+00  3.12691740e+00 
 9.84656000e-10  2.15813322e+00  3.12576566e+00 
 9.84856000e-10  2.17557871e+00  3.12005461e+00 
 9.85056000e-10  2.19601369e+00  3.10648946e+00 
 9.85256000e-10  2.22042922e+00  3.08056915e+00 
 9.85456000e-10  2.24977307e+00  3.03734066e+00 
 9.85656000e-10  2.28469418e+00  2.97273462e+00 
 9.85856000e-10  2.32530497e+00  2.88497038e+00 
 9.86056000e-10  2.37105374e+00  2.77545699e+00 
 9.86256000e-10  2.42070675e+00  2.64887553e+00 
 9.86456000e-10  2.47237432e+00  2.51250241e+00 
 9.86656000e-10  2.52356887e+00  2.37473449e+00 
 9.86856000e-10  2.57171649e+00  2.24328934e+00 
 9.87056000e-10  2.61489607e+00  2.12406999e+00 
 9.87256000e-10  2.65195922e+00  2.02087150e+00 
 9.87456000e-10  2.68203139e+00  1.93599385e+00 
 9.87656000e-10  2.70449033e+00  1.87095775e+00 
 9.87856000e-10  2.71905858e+00  1.82674146e+00 
 9.88056000e-10  2.72577885e+00  1.80344027e+00 
 9.88256000e-10  2.72518184e+00  1.79980542e+00 
 9.88456000e-10  2.71806126e+00  1.81324556e+00 
 9.88656000e-10  2.70524808e+00  1.84038028e+00 
 9.88856000e-10  2.68755679e+00  1.87774883e+00 
 9.89056000e-10  2.66576146e+00  1.92220341e+00 
 9.89256000e-10  2.64058747e+00  1.97108215e+00 
 9.89456000e-10  2.61269667e+00  2.02224162e+00 
 9.89656000e-10  2.58268598e+00  2.07402522e+00 
 9.89856000e-10  2.55108302e+00  2.12519580e+00 
 9.90056000e-10  2.51835151e+00  2.17486383e+00 
 9.90256000e-10  2.48489231e+00  2.22241714e+00 
 9.90456000e-10  2.45105037e+00  2.26746088e+00 
 9.90656000e-10  2.41711916e+00  2.30976957e+00 
 9.90856000e-10  2.38334897e+00  2.34924941e+00 
 9.91056000e-10  2.34995025e+00  2.38590288e+00 
 9.91256000e-10  2.31710040e+00  2.41980458e+00 
 9.91456000e-10  2.28494854e+00  2.45108308e+00 
 9.91656000e-10  2.25362412e+00  2.47990848e+00 
 9.91856000e-10  2.22324443e+00  2.50648409e+00 
 9.92056000e-10  2.19392461e+00  2.53104542e+00 
 9.92256000e-10  2.16578975e+00  2.55386651e+00 
 9.92456000e-10  2.13899165e+00  2.57527431e+00 
 9.92656000e-10  2.11372400e+00  2.59566455e+00 
 9.92856000e-10  2.09022850e+00  2.61550730e+00 
 9.93056000e-10  2.06877035e+00  2.63531922e+00 
 9.93256000e-10  2.04958737e+00  2.65559430e+00 
 9.93456000e-10  2.03283905e+00  2.67672505e+00 
 9.93656000e-10  2.01855601e+00  2.69892601e+00 
 9.93856000e-10  2.00665320e+00  2.72221979e+00 
 9.94056000e-10  1.99697331e+00  2.74646805e+00 
 9.94256000e-10  1.98932261e+00  2.77141980e+00 
 9.94456000e-10  1.98350460e+00  2.79676440e+00 
 9.94656000e-10  1.97933704e+00  2.82217277e+00 
 9.94856000e-10  1.97666043e+00  2.84732723e+00 
 9.95056000e-10  1.97533791e+00  2.87193926e+00 
 9.95256000e-10  1.97525334e+00  2.89575974e+00 
 9.95456000e-10  1.97630697e+00  2.91858293e+00 
 9.95656000e-10  1.97841249e+00  2.94024780e+00 
 9.95856000e-10  1.98149363e+00  2.96063655e+00 
 9.96056000e-10  1.98548209e+00  2.97967231e+00 
 9.96256000e-10  1.99031623e+00  2.99731547e+00 
 9.96456000e-10  1.99593970e+00  3.01355975e+00 
 9.96656000e-10  2.00229954e+00  3.02842695e+00 
 9.96856000e-10  2.00934560e+00  3.04196154e+00 
 9.97056000e-10  2.01702978e+00  3.05422548e+00 
 9.97256000e-10  2.02530654e+00  3.06529335e+00 
 9.97456000e-10  2.03413220e+00  3.07524747e+00 
 9.97656000e-10  2.04346537e+00  3.08417392e+00 
 9.97856000e-10  2.05326694e+00  3.09215872e+00 
 9.98056000e-10  2.06350141e+00  3.09928467e+00 
 9.98256000e-10  2.07413903e+00  3.10562735e+00 
 9.98456000e-10  2.08516137e+00  3.11124964e+00 
 9.98656000e-10  2.09657210e+00  3.11619078e+00 
 9.98856000e-10  2.10841732e+00  3.12044383e+00 
 9.99056000e-10  2.12081632e+00  3.12390668e+00 
 9.99256000e-10  2.13399751e+00  3.12628193e+00 
 9.99456000e-10  2.14833033e+00  3.12688551e+00 
 9.99656000e-10  2.16435577e+00  3.12433275e+00 
 9.99856000e-10  2.18281165e+00  3.11615356e+00 
 1.00005600e-09  2.20461625e+00  3.09856121e+00 
 1.00025600e-09  2.23077011e+00  3.06675869e+00 
 1.00045600e-09  2.26214268e+00  3.01594836e+00 
 1.00065600e-09  2.29920630e+00  2.94276419e+00 
 1.00085600e-09  2.34183458e+00  2.84655098e+00 
 1.00105600e-09  2.38921903e+00  2.72997032e+00 
 1.00125600e-09  2.43988011e+00  2.59878866e+00 
 1.00145600e-09  2.49168781e+00  2.46091359e+00 
 1.00165600e-09  2.54202808e+00  2.32467725e+00 
 1.00185600e-09  2.58850856e+00  2.19720806e+00 
 1.00205600e-09  2.62951132e+00  2.08362359e+00 
 1.00225600e-09  2.66407806e+00  1.98706650e+00 
 1.00245600e-09  2.69143090e+00  1.90945978e+00 
 1.00265600e-09  2.71100547e+00  1.85211185e+00 
 1.00285600e-09  2.72263210e+00  1.81573086e+00 
 1.00305600e-09  2.72655545e+00  1.79997320e+00 
 1.00325600e-09  2.72343966e+00  1.80305546e+00 
 1.00345600e-09  2.71410763e+00  1.82200432e+00 
 1.00365600e-09  2.69938692e+00  1.85334039e+00 
 1.00385600e-09  2.68007970e+00  1.89368881e+00 
 1.00405600e-09  2.65694312e+00  1.94007097e+00 
 1.00425600e-09  2.63068072e+00  1.99001924e+00 
 1.00445600e-09  2.60193039e+00  2.04157741e+00 
 1.00465600e-09  2.57126378e+00  2.09325388e+00 
 1.00485600e-09  2.53918423e+00  2.14394932e+00 
 1.00505600e-09  2.50613184e+00  2.19288548e+00 
 1.00525600e-09  2.47248544e+00  2.23953622e+00 
 1.00545600e-09  2.43857071e+00  2.28357536e+00 
 1.00565600e-09  2.40466503e+00  2.32483226e+00 
 1.00585600e-09  2.37100365e+00  2.36325218e+00 
 1.00605600e-09  2.33778376e+00  2.39886657e+00 
 1.00625600e-09  2.30517133e+00  2.43177186e+00 
 1.00645600e-09  2.27330712e+00  2.46211329e+00 
 1.00665600e-09  2.24231525e+00  2.49007398e+00 
 1.00685600e-09  2.21231088e+00  2.51586894e+00 
 1.00705600e-09  2.18341129e+00  2.53974683e+00 
 1.00725600e-09  2.15574951e+00  2.56199950e+00 
 1.00745600e-09  2.12949141e+00  2.58297786e+00 
 1.00765600e-09  2.10484907e+00  2.60310600e+00 
 1.00785600e-09  2.08207813e+00  2.62287721e+00 
 1.00805600e-09  2.06144017e+00  2.64280950e+00 
 1.00825600e-09  2.04314638e+00  2.66336589e+00 
 1.00845600e-09  2.02731492e+00  2.68488087e+00 
 1.00865600e-09  2.01393096e+00  2.70749702e+00 
 1.00885600e-09  2.00287521e+00  2.73117093e+00 
 1.00905600e-09  1.99397266e+00  2.75571628e+00 
 1.00925600e-09  1.98702510e+00  2.78085377e+00 
 1.00945600e-09  1.98184002e+00  2.80626167e+00 
 1.00965600e-09  1.97824310e+00  2.83161219e+00 
 1.00985600e-09  1.97608361e+00  2.85659700e+00 
 1.01005600e-09  1.97523271e+00  2.88094137e+00 
 1.01025600e-09  1.97558095e+00  2.90441214e+00 
 1.01045600e-09  1.97703387e+00  2.92682022e+00 
 1.01065600e-09  1.97950932e+00  2.94802101e+00 
 1.01085600e-09  1.98293390e+00  2.96791221e+00 
 1.01105600e-09  1.98724233e+00  2.98643150e+00 
 1.01125600e-09  1.99237516e+00  3.00355214e+00 
 1.01145600e-09  1.99827726e+00  3.01927900e+00 
 1.01165600e-09  2.00489684e+00  3.03364290e+00 
 1.01185600e-09  2.01218455e+00  3.04669556e+00 
 1.01205600e-09  2.02009324e+00  3.05850415e+00 
 1.01225600e-09  2.02857807e+00  3.06914669e+00 
 1.01245600e-09  2.03759617e+00  3.07870734e+00 
 1.01265600e-09  2.04710697e+00  3.08727258e+00 
 1.01285600e-09  2.05707250e+00  3.09492762e+00 
 1.01305600e-09  2.06745902e+00  3.10175307e+00 
 1.01325600e-09  2.07824014e+00  3.10782061e+00 
 1.01345600e-09  2.08940399e+00  3.11318601e+00 
 1.01365600e-09  2.10096710e+00  3.11787490e+00 
 1.01385600e-09  2.11299874e+00  3.12185258e+00 
 1.01405600e-09  2.12565474e+00  3.12495972e+00 
 1.01425600e-09  2.13921285e+00  3.12678331e+00 
 1.01445600e-09  2.15410231e+00  3.12642096e+00 
 1.01465600e-09  2.17093443e+00  3.12212508e+00 
 1.01485600e-09  2.19052155e+00  3.11094047e+00 
 1.01505600e-09  2.21383192e+00  3.08862953e+00 
 1.01525600e-09  2.24184672e+00  3.05024367e+00 
 1.01545600e-09  2.27531666e+00  2.99134757e+00 
 1.01565600e-09  2.31450769e+00  2.90946525e+00 
 1.01585600e-09  2.35904224e+00  2.80515479e+00 
 1.01605600e-09  2.40785718e+00  2.68230205e+00 
 1.01625600e-09  2.45922873e+00  2.54763026e+00 
 1.01645600e-09  2.51080018e+00  2.40943027e+00 
 1.01665600e-09  2.55993874e+00  2.27573479e+00 
 1.01685600e-09  2.60451786e+00  2.15296755e+00 
 1.01705600e-09  2.64322806e+00  2.04541715e+00 
 1.01725600e-09  2.67512836e+00  1.95564114e+00 
 1.01745600e-09  2.69948496e+00  1.88530633e+00 
 1.01765600e-09  2.71594715e+00  1.83559169e+00 
 1.01785600e-09  2.72451288e+00  1.80689865e+00 
 1.01805600e-09  2.72561569e+00  1.79837204e+00 
 1.01825600e-09  2.72000327e+00  1.80771668e+00 
 1.01845600e-09  2.70850647e+00  1.83167642e+00 
 1.01865600e-09  2.69194195e+00  1.86675300e+00 
 1.01885600e-09  2.67109429e+00  1.90969158e+00 
 1.01905600e-09  2.64669913e+00  1.95769403e+00 
 1.01925600e-09  2.61943410e+00  2.00848315e+00 
 1.01945600e-09  2.58991047e+00  2.06028059e+00 
 1.01965600e-09  2.55867250e+00  2.11174744e+00 
 1.01985600e-09  2.52619787e+00  2.16191092e+00 
 1.02005600e-09  2.49290147e+00  2.21009104e+00 
 1.02025600e-09  2.45914102e+00  2.25584138e+00 
 1.02045600e-09  2.42522345e+00  2.29889989e+00 
 1.02065600e-09  2.39140940e+00  2.33914241e+00 
 1.02085600e-09  2.35791841e+00  2.37654856e+00 
 1.02105600e-09  2.32493454e+00  2.41117568e+00 
 1.02125600e-09  2.29261305e+00  2.44313983e+00 
 1.02145600e-09  2.26108723e+00  2.47260132e+00 
 1.02165600e-09  2.23047649e+00  2.49975534e+00 
 1.02185600e-09  2.20089509e+00  2.52482876e+00 
 1.02205600e-09  2.17246389e+00  2.54808452e+00 
 1.02225600e-09  2.14532583e+00  2.56983424e+00 
 1.02245600e-09  2.11966237e+00  2.59045449e+00 
 1.02265600e-09  2.09570335e+00  2.61039700e+00 
 1.02285600e-09  2.07371195e+00  2.63017162e+00 
 1.02305600e-09  2.05393948e+00  2.65028683e+00 
 1.02325600e-09  2.03657200e+00  2.67117063e+00 
 1.02345600e-09  2.02167269e+00  2.69308692e+00 
 1.02365600e-09  2.00918367e+00  2.71610703e+00 
 1.02385600e-09  1.99896324e+00  2.74013043e+00 
 1.02405600e-09  1.99082339e+00  2.76493012e+00 
 1.02425600e-09  1.98456611e+00  2.79020653e+00 
 1.02445600e-09  1.98000422e+00  2.81563191e+00 
 1.02465600e-09  1.97697200e+00  2.84088345e+00 
 1.02485600e-09  1.97532679e+00  2.86566369e+00 
 1.02505600e-09  1.97494739e+00  2.88971264e+00 
 1.02525600e-09  1.97573011e+00  2.91281302e+00 
 1.02545600e-09  1.97758547e+00  2.93479224e+00 
 1.02565600e-09  1.98043481e+00  2.95552144e+00 
 1.02585600e-09  1.98420789e+00  2.97491346e+00 
 1.02605600e-09  1.98884156e+00  2.99291947e+00 
 1.02625600e-09  1.99427833e+00  3.00952503e+00 
 1.02645600e-09  2.00046442e+00  3.02474528e+00 
 1.02665600e-09  2.00734901e+00  3.03861929e+00 
 1.02685600e-09  2.01488342e+00  3.05120507e+00 
 1.02705600e-09  2.02302153e+00  3.06257443e+00 
 1.02725600e-09  2.03171917e+00  3.07280817e+00 
 1.02745600e-09  2.04093438e+00  3.08199178e+00 
 1.02765600e-09  2.05062738e+00  3.09021164e+00 
 1.02785600e-09  2.06076164e+00  3.09755173e+00 
 1.02805600e-09  2.07130555e+00  3.10408991e+00 
 1.02825600e-09  2.08223711e+00  3.10989306e+00 
 1.02845600e-09  2.09355285e+00  3.11500796e+00 
 1.02865600e-09  2.10528558e+00  3.11944263e+00 
 1.02885600e-09  2.11753255e+00  3.12312604e+00 
 1.02905600e-09  2.13049128e+00  3.12582415e+00 
 1.02925600e-09  2.14449283e+00  3.12697575e+00 
 1.02945600e-09  2.16003253e+00  3.12541039e+00 
 1.02965600e-09  2.17779716e+00  3.11896831e+00 
 1.02985600e-09  2.19866278e+00  3.10419475e+00 
 1.03005600e-09  2.22362500e+00  3.07648036e+00 
 1.03025600e-09  2.25361211e+00  3.03089961e+00 
 1.03045600e-09  2.28922075e+00  2.96358487e+00 
 1.03065600e-09  2.33048936e+00  2.87310265e+00 
 1.03085600e-09  2.37678403e+00  2.76126172e+00 
 1.03105600e-09  2.42679249e+00  2.63310089e+00 
 1.03125600e-09  2.47854822e+00  2.49612170e+00 
 1.03145600e-09  2.52951425e+00  2.35872787e+00 
 1.03165600e-09  2.57716301e+00  2.22846437e+00 
 1.03185600e-09  2.61967037e+00  2.11098592e+00 
 1.03205600e-09  2.65595390e+00  2.00987063e+00 
 1.03225600e-09  2.68517270e+00  1.92728874e+00 
 1.03245600e-09  2.70672204e+00  1.86469061e+00 
 1.03265600e-09  2.72035435e+00  1.82297372e+00 
 1.03285600e-09  2.72617621e+00  1.80210051e+00 
 1.03305600e-09  2.72476589e+00  1.80065092e+00 
 1.03325600e-09  2.71692929e+00  1.81590091e+00 
 1.03345600e-09  2.70349681e+00  1.84442784e+00 
 1.03365600e-09  2.68527943e+00  1.88279327e+00 
 1.03385600e-09  2.66304599e+00  1.92790118e+00 
 1.03405600e-09  2.63751521e+00  1.97715151e+00 
 1.03425600e-09  2.60934136e+00  2.02846118e+00 
 1.03445600e-09  2.57911340e+00  2.08022733e+00 
 1.03465600e-09  2.54735083e+00  2.13125841e+00 
 1.03485600e-09  2.51450870e+00  2.18069888e+00 
 1.03505600e-09  2.48098072e+00  2.22796383e+00 
 1.03525600e-09  2.44710731e+00  2.27268475e+00 
 1.03545600e-09  2.41317807e+00  2.31465609e+00 
 1.03565600e-09  2.37943834e+00  2.35379624e+00 
 1.03585600e-09  2.34609341e+00  2.39011612e+00 
 1.03605600e-09  2.31331652e+00  2.42369737e+00 
 1.03625600e-09  2.28125396e+00  2.45467398e+00 
 1.03645600e-09  2.25003339e+00  2.48322027e+00 
 1.03665600e-09  2.21977126e+00  2.50954324e+00 
 1.03685600e-09  2.19058323e+00  2.53388246e+00 
 1.03705600e-09  2.16259663e+00  2.55651740e+00 
 1.03725600e-09  2.13596755e+00  2.57778240e+00 
 1.03745600e-09  2.11089549e+00  2.59808219e+00 
 1.03765600e-09  2.08762640e+00  2.61789467e+00 
 1.03785600e-09  2.06642589e+00  2.63773774e+00 
 1.03805600e-09  2.04752453e+00  2.65809688e+00 
 1.03825600e-09  2.03106866e+00  2.67934762e+00 
 1.03845600e-09  2.01707420e+00  2.70168160e+00 
 1.03865600e-09  2.00544442e+00  2.72509971e+00 
 1.03885600e-09  1.99601577e+00  2.74944741e+00 
 1.03905600e-09  1.98859259e+00  2.77446385e+00 
 1.03925600e-09  1.98297942e+00  2.79983421e+00 
 1.03945600e-09  1.97899645e+00  2.82522936e+00 
 1.03965600e-09  1.97648701e+00  2.85033437e+00 
 1.03985600e-09  1.97531683e+00  2.87486496e+00 
 1.04005600e-09  1.97537198e+00  2.89857707e+00 
 1.04025600e-09  1.97655443e+00  2.92127026e+00 
 1.04045600e-09  1.97877926e+00  2.94278880e+00 
 1.04065600e-09  1.98197088e+00  2.96301978e+00 
 1.04085600e-09  1.98606231e+00  2.98189118e+00 
 1.04105600e-09  1.99099272e+00  2.99936755e+00 
 1.04125600e-09  1.99670619e+00  3.01544631e+00 
 1.04145600e-09  2.00314997e+00  3.03015211e+00 
 1.04165600e-09  2.01027404e+00  3.04353177e+00 
 1.04185600e-09  2.01803070e+00  3.05564907e+00 
 1.04205600e-09  2.02637462e+00  3.06657978e+00 
 1.04225600e-09  2.03526244e+00  3.07640686e+00 
 1.04245600e-09  2.04465298e+00  3.08521658e+00 
 1.04265600e-09  2.05450751e+00  3.09309476e+00 
 1.04285600e-09  2.06479103e+00  3.10012354e+00 
 1.04305600e-09  2.07547479e+00  3.10637736e+00 
 1.04325600e-09  2.08654228e+00  3.11191699e+00 
 1.04345600e-09  2.09800095e+00  3.11677771e+00 
 1.04365600e-09  2.10990378e+00  3.12094445e+00 
 1.04385600e-09  2.12238116e+00  3.12429847e+00 
 1.04405600e-09  2.13567687e+00  3.12650854e+00 
 1.04425600e-09  2.15018112e+00  3.12682651e+00 
 1.04445600e-09  2.16645889e+00  3.12376090e+00 
 1.04465600e-09  2.18526687e+00  3.11468836e+00 
 1.04485600e-09  2.20753908e+00  3.09567223e+00 
 1.04505600e-09  2.23427495e+00  3.06184956e+00 
 1.04525600e-09  2.26631094e+00  3.00851397e+00 
 1.04545600e-09  2.30405718e+00  2.93256452e+00 
 1.04565600e-09  2.34730784e+00  2.83372464e+00 
 1.04585600e-09  2.39517315e+00  2.71505146e+00 
 1.04605600e-09  2.44609581e+00  2.58263161e+00 
 1.04625600e-09  2.49787196e+00  2.44452329e+00 
 1.04645600e-09  2.54786865e+00  2.30898724e+00 
 1.04665600e-09  2.59377039e+00  2.18293894e+00 
 1.04685600e-09  2.63405127e+00  2.07124727e+00 
 1.04705600e-09  2.66780210e+00  1.97686773e+00 
 1.04725600e-09  2.69427031e+00  1.90162186e+00 
 1.04745600e-09  2.71291258e+00  1.84675391e+00 
 1.04765600e-09  2.72360273e+00  1.81287366e+00 
 1.04785600e-09  2.72664977e+00  1.79948328e+00 
 1.04805600e-09  2.72275097e+00  1.80463098e+00 
 1.04825600e-09  2.71273415e+00  1.82524225e+00 
 1.04845600e-09  2.69742503e+00  1.85782457e+00 
 1.04865600e-09  2.67762138e+00  1.89903919e+00 
 1.04885600e-09  2.65407467e+00  1.94596522e+00 
 1.04905600e-09  2.62748120e+00  1.99619728e+00 
 1.04925600e-09  2.59847112e+00  2.04783788e+00 
 1.04945600e-09  2.56760759e+00  2.09944674e+00 
 1.04965600e-09  2.53538491e+00  2.14996375e+00 
 1.04985600e-09  2.50223549e+00  2.19864223e+00 
 1.05005600e-09  2.46853342e+00  2.24498670e+00 
 1.05025600e-09  2.43459957e+00  2.28869418e+00 
 1.05045600e-09  2.40070632e+00  2.32960948e+00 
 1.05065600e-09  2.36708377e+00  2.36768878e+00 
 1.05085600e-09  2.33392449e+00  2.40297174e+00 
 1.05105600e-09  2.30139098e+00  2.43556121e+00 
 1.05125600e-09  2.26962158e+00  2.46560738e+00 
 1.05145600e-09  2.23873887e+00  2.49329723e+00 
 1.05165600e-09  2.20885764e+00  2.51884954e+00 
 1.05185600e-09  2.18009625e+00  2.54251738e+00 
 1.05205600e-09  2.15259075e+00  2.56459879e+00 
 1.05225600e-09  2.12651200e+00  2.58545284e+00 
 1.05245600e-09  2.10207768e+00  2.60551279e+00 
 1.05265600e-09  2.07954612e+00  2.62527745e+00 
 1.05285600e-09  2.05917735e+00  2.64526270e+00 
 1.05305600e-09  2.04117938e+00  2.66592518e+00 
 1.05325600e-09  2.02564578e+00  2.68757291e+00 
 1.05345600e-09  2.01254624e+00  2.71032412e+00 
 1.05365600e-09  2.00175654e+00  2.73411686e+00 
 1.05385600e-09  1.99309641e+00  2.75875024e+00 
 1.05405600e-09  1.98636795e+00  2.78393815e+00 
 1.05425600e-09  1.98138003e+00  2.80935640e+00 
 1.05445600e-09  1.97796131e+00  2.83467876e+00 
 1.05465600e-09  1.97596352e+00  2.85960026e+00 
 1.05485600e-09  1.97526051e+00  2.88385110e+00 
 1.05505600e-09  1.97574459e+00  2.90720321e+00 
 1.05525600e-09  1.97732311e+00  2.92947305e+00 
 1.05545600e-09  1.97991451e+00  2.95052099e+00 
 1.05565600e-09  1.98344711e+00  2.97025001e+00 
 1.05585600e-09  1.98785640e+00  2.98860213e+00 
 1.05605600e-09  1.99308358e+00  3.00555478e+00 
 1.05625600e-09  1.99907383e+00  3.02111611e+00 
 1.05645600e-09  2.00577544e+00  3.03531964e+00 
 1.05665600e-09  2.01313931e+00  3.04821918e+00 
 1.05685600e-09  2.02111868e+00  3.05988358e+00 
 1.05705600e-09  2.02966894e+00  3.07039177e+00 
 1.05725600e-09  2.03874755e+00  3.07982842e+00 
 1.05745600e-09  2.04831416e+00  3.08828002e+00 
 1.05765600e-09  2.05833125e+00  3.09583142e+00 
 1.05785600e-09  2.06876569e+00  3.10256239e+00 
 1.05805600e-09  2.07959239e+00  3.10854319e+00 
 1.05825600e-09  2.09080193e+00  3.11382691e+00 
 1.05845600e-09  2.10241564e+00  3.11843404e+00 
 1.05865600e-09  2.11451119e+00  3.12231929e+00 
 1.05885600e-09  2.12725725e+00  3.12530156e+00 
 1.05905600e-09  2.14094956e+00  3.12692473e+00 
 1.05925600e-09  2.15604117e+00  3.12620844e+00 
 1.05945600e-09  2.17316506e+00  3.12128052e+00 
 1.05965600e-09  2.19314905e+00  3.10902620e+00 
 1.05985600e-09  2.21697204e+00  3.08507886e+00 
 1.06005600e-09  2.24560412e+00  3.04447575e+00 
 1.06025600e-09  2.27975189e+00  2.98293874e+00 
 1.06045600e-09  2.31961133e+00  2.89830812e+00 
 1.06065600e-09  2.36472353e+00  2.79153709e+00 
 1.06085600e-09  2.41394581e+00  2.66688698e+00 
 1.06105600e-09  2.46547807e+00  2.53134884e+00 
 1.06125600e-09  2.51690097e+00  2.39327865e+00 
 1.06145600e-09  2.56560173e+00  2.26057379e+00 
 1.06165600e-09  2.60954630e+00  2.13942092e+00 
 1.06185600e-09  2.64750142e+00  2.03387737e+00 
 1.06205600e-09  2.67854746e+00  1.94640673e+00 
 1.06225600e-09  2.70204131e+00  1.87861699e+00 
 1.06245600e-09  2.71767673e+00  1.83157364e+00 
 1.06265600e-09  2.72542712e+00  1.80551179e+00 
 1.06285600e-09  2.72576535e+00  1.79937135e+00 
 1.06305600e-09  2.71946808e+00  1.81071778e+00 
 1.06325600e-09  2.70736671e+00  1.83622847e+00 
 1.06345600e-09  2.69027971e+00  1.87242273e+00 
 1.06365600e-09  2.66898729e+00  1.91609662e+00 
 1.06385600e-09  2.64422246e+00  1.96451910e+00 
 1.06405600e-09  2.61665587e+00  2.01547831e+00 
 1.06425600e-09  2.58689307e+00  2.06725674e+00 
 1.06445600e-09  2.55546912e+00  2.11856247e+00 
 1.06465600e-09  2.52285576e+00  2.16846186e+00 
 1.06485600e-09  2.48946312e+00  2.21631190e+00 
 1.06505600e-09  2.45564528e+00  2.26169512e+00 
 1.06525600e-09  2.42170381e+00  2.30436880e+00 
 1.06545600e-09  2.38789477e+00  2.34422299e+00 
 1.06565600e-09  2.35443243e+00  2.38124723e+00 
 1.06585600e-09  2.32149766e+00  2.41550722e+00 
 1.06605600e-09  2.28924269e+00  2.44712494e+00 
 1.06625600e-09  2.25779924e+00  2.47626548e+00 
 1.06645600e-09  2.22728560e+00  2.50312784e+00 
 1.06665600e-09  2.19781666e+00  2.52794303e+00 
 1.06685600e-09  2.16951524e+00  2.55097924e+00 
 1.06705600e-09  2.14252872e+00  2.57255547e+00 
 1.06725600e-09  2.11704417e+00  2.59305755e+00 
 1.06745600e-09  2.09329727e+00  2.61294621e+00 
 1.06765600e-09  2.07155311e+00  2.63273460e+00 
 1.06785600e-09  2.05205702e+00  2.65292481e+00 
 1.06805600e-09  2.03498181e+00  2.67392825e+00 
 1.06825600e-09  2.02037448e+00  2.69598439e+00 
 1.06845600e-09  2.00816332e+00  2.71914015e+00 
 1.06865600e-09  1.99819865e+00  2.74327588e+00 
 1.06885600e-09  1.99028939e+00  2.76815236e+00 
 1.06905600e-09  1.98423823e+00  2.79346430e+00 
 1.06925600e-09  1.97986037e+00  2.81888316e+00 
 1.06945600e-09  1.97699326e+00  2.84408862e+00 
 1.06965600e-09  1.97549711e+00  2.86878762e+00 
 1.06985600e-09  1.97525330e+00  2.89272558e+00 
 1.07005600e-09  1.97616006e+00  2.91569092e+00 
 1.07025600e-09  1.97812905e+00  2.93751663e+00 
 1.07045600e-09  1.98108303e+00  2.95807949e+00 
 1.07065600e-09  1.98495345e+00  2.97729751e+00 
 1.07085600e-09  1.98967790e+00  2.99512636e+00 
 1.07105600e-09  1.99519922e+00  3.01155554e+00 
 1.07125600e-09  2.00146362e+00  3.02660327e+00 
 1.07145600e-09  2.00842066e+00  3.04031132e+00 
 1.07165600e-09  2.01602199e+00  3.05273971e+00 
 1.07185600e-09  2.02422184e+00  3.06396162e+00 
 1.07205600e-09  2.03297627e+00  3.07405859e+00 
 1.07225600e-09  2.04224363e+00  3.08311641e+00 
 1.07245600e-09  2.05198442e+00  3.09122129e+00 
 1.07265600e-09  2.06216260e+00  3.09845668e+00 
 1.07285600e-09  2.07274740e+00  3.10489935e+00 
 1.07305600e-09  2.08371842e+00  3.11061436e+00 
 1.07325600e-09  2.09507538e+00  3.11564505e+00 
 1.07345600e-09  2.10685711e+00  3.11999271e+00 
 1.07365600e-09  2.11917091e+00  3.12357241e+00 
 1.07385600e-09  2.13222942e+00  3.12612194e+00 
 1.07405600e-09  2.14638434e+00  3.12702588e+00 
 1.07425600e-09  2.16215211e+00  3.12501787e+00 
 1.07445600e-09  2.18023786e+00  3.11779383e+00 
 1.07465600e-09  2.20153663e+00  3.10174219e+00 
 1.07485600e-09  2.22704954e+00  3.07215751e+00 
 1.07505600e-09  2.25768061e+00  3.02416115e+00 
 1.07525600e-09  2.29397058e+00  2.95410903e+00 
 1.07545600e-09  2.33588126e+00  2.86092564e+00 
 1.07565600e-09  2.38269704e+00  2.74682018e+00 
 1.07585600e-09  2.43302742e+00  2.61717811e+00 
 1.07605600e-09  2.48483019e+00  2.47970435e+00 
 1.07625600e-09  2.53552738e+00  2.34278411e+00 
 1.07645600e-09  2.58264819e+00  2.21377669e+00 
 1.07665600e-09  2.62446420e+00  2.09808800e+00 
 1.07685600e-09  2.65992885e+00  1.99914309e+00 
 1.07705600e-09  2.68832596e+00  1.91901670e+00 
 1.07725600e-09  2.70909252e+00  1.85905390e+00 
 1.07745600e-09  2.72190766e+00  1.82000886e+00 
 1.07765600e-09  2.72692858e+00  1.80167322e+00 
 1.07785600e-09  2.72478467e+00  1.80246544e+00 
 1.07805600e-09  2.71629307e+00  1.81953693e+00 
 1.07825600e-09  2.70228661e+00  1.84943863e+00 
 1.07845600e-09  2.68357428e+00  1.88876372e+00 
 1.07865600e-09  2.66092274e+00  1.93447595e+00 
 1.07885600e-09  2.63504525e+00  1.98404157e+00 
 1.07905600e-09  2.60659095e+00  2.03544176e+00 
 1.07925600e-09  2.57614131e+00  2.08713005e+00 
 1.07945600e-09  2.54420875e+00  2.13795840e+00 
 1.07965600e-09  2.51124217e+00  2.18710926e+00 
 1.07985600e-09  2.47763146e+00  2.23403174e+00 
 1.08005600e-09  2.44371176e+00  2.27838063e+00 
 1.08025600e-09  2.40976763e+00  2.31996753e+00 
 1.08045600e-09  2.37603887e+00  2.35872260e+00 
 1.08065600e-09  2.34272717e+00  2.39466690e+00 
 1.08085600e-09  2.31000243e+00  2.42788930e+00 
 1.08105600e-09  2.27800876e+00  2.45852948e+00 
 1.08125600e-09  2.24687222e+00  2.48676599e+00 
 1.08145600e-09  2.21670905e+00  2.51280984e+00 
 1.08165600e-09  2.18763574e+00  2.53690495e+00 
 1.08185600e-09  2.15978278e+00  2.55933690e+00 
 1.08205600e-09  2.13331111e+00  2.58044820e+00 
 1.08225600e-09  2.10842654e+00  2.60065333e+00 
 1.08245600e-09  2.08537977e+00  2.62043759e+00 
 1.08265600e-09  2.06443557e+00  2.64031918e+00 
 1.08285600e-09  2.04582080e+00  2.66077770e+00 
 1.08305600e-09  2.02965874e+00  2.68216262e+00 
 1.08325600e-09  2.01594810e+00  2.70463955e+00 
 1.08345600e-09  2.00458476e+00  2.72818770e+00 
 1.08365600e-09  1.99539839e+00  2.75263551e+00 
 1.08385600e-09  1.98819285e+00  2.77771326e+00 
 1.08405600e-09  1.98277378e+00  2.80310248e+00 
 1.08425600e-09  1.97896449e+00  2.82847505e+00 
 1.08445600e-09  1.97661105e+00  2.85351931e+00 
 1.08465600e-09  1.97558218e+00  2.87795608e+00 
 1.08485600e-09  1.97576600e+00  2.90154673e+00 
 1.08505600e-09  1.97706586e+00  2.92409654e+00 
 1.08525600e-09  1.97939845e+00  2.94545551e+00 
 1.08545600e-09  1.98269024e+00  2.96551636e+00 
 1.08565600e-09  1.98687470e+00  2.98421163e+00 
 1.08585600e-09  1.99189177e+00  3.00151036e+00 
 1.08605600e-09  1.99768559e+00  3.01741346e+00 
 1.08625600e-09  2.00420378e+00  3.03194868e+00 
 1.08645600e-09  2.01139662e+00  3.04516517e+00 
 1.08665600e-09  2.01921681e+00  3.05712855e+00 
 1.08685600e-09  2.02761919e+00  3.06791558e+00 
 1.08705600e-09  2.03656075e+00  3.07760989e+00 
 1.08725600e-09  2.04600051e+00  3.08629778e+00 
 1.08745600e-09  2.05590016e+00  3.09406484e+00 
 1.08765600e-09  2.06622521e+00  3.10099242e+00 
 1.08785600e-09  2.07694803e+00  3.10715371e+00 
 1.08805600e-09  2.08805412e+00  3.11260711e+00 
 1.08825600e-09  2.09955506e+00  3.11738358e+00 
 1.08845600e-09  2.11151120e+00  3.12145922e+00 
 1.08865600e-09  2.12406505e+00  3.12469724e+00 
 1.08885600e-09  2.13747774e+00  3.12673015e+00 
 1.08905600e-09  2.15215919e+00  3.12674108e+00 
 1.08925600e-09  2.16869345e+00  3.12312233e+00 
 1.08945600e-09  2.18785951e+00  3.11309604e+00 
 1.08965600e-09  2.21060831e+00  3.09258048e+00 
 1.08985600e-09  2.23793418e+00  3.05666203e+00 
 1.09005600e-09  2.27063638e+00  3.00074805e+00 
 1.09025600e-09  2.30905917e+00  2.92202027e+00 
 1.09045600e-09  2.35291658e+00  2.82058928e+00 
 1.09065600e-09  2.40123764e+00  2.69990331e+00 
 1.09085600e-09  2.45238783e+00  2.56635537e+00 
 1.09105600e-09  2.50409131e+00  2.42812817e+00 
 1.09125600e-09  2.55370809e+00  2.29338912e+00 
 1.09145600e-09  2.59900636e+00  2.16883094e+00 
 1.09165600e-09  2.63854860e+00  2.05907686e+00 
 1.09185600e-09  2.67144837e+00  1.96696082e+00 
 1.09205600e-09  2.69705290e+00  1.89423260e+00 
 1.09225600e-09  2.71486526e+00  1.84203278e+00 
 1.09245600e-09  2.72471960e+00  1.81081555e+00 
 1.09265600e-09  2.72697239e+00  1.79988864e+00 
 1.09285600e-09  2.72235783e+00  1.80714660e+00 
 1.09305600e-09  2.71170741e+00  1.82942423e+00 
 1.09325600e-09  2.69584859e+00  1.86323105e+00 
 1.09345600e-09  2.67557543e+00  1.90527269e+00 
 1.09365600e-09  2.65163676e+00  1.95269336e+00 
 1.09385600e-09  2.62472214e+00  2.00315391e+00 
 1.09405600e-09  2.59545584e+00  2.05481950e+00 
 1.09425600e-09  2.56439204e+00  2.10629870e+00 
 1.09445600e-09  2.53201993e+00  2.15657604e+00 
 1.09465600e-09  2.49876681e+00  2.20494352e+00 
 1.09485600e-09  2.46500221e+00  2.25093405e+00 
 1.09505600e-09  2.43104116e+00  2.29426563e+00 
 1.09525600e-09  2.39715037e+00  2.33479677e+00 
 1.09545600e-09  2.36355444e+00  2.37249474e+00 
 1.09565600e-09  2.33044267e+00  2.40740830e+00 
 1.09585600e-09  2.29797438e+00  2.43964698e+00 
 1.09605600e-09  2.26628612e+00  2.46936616e+00 
 1.09625600e-09  2.23549917e+00  2.49675690e+00 
 1.09645600e-09  2.20572860e+00  2.52204209e+00 
 1.09665600e-09  2.17709425e+00  2.54547974e+00 
 1.09685600e-09  2.14973613e+00  2.56737481e+00 
 1.09705600e-09  2.12383034e+00  2.58809520e+00 
 1.09725600e-09  2.09960120e+00  2.60808373e+00 
 1.09745600e-09  2.07731014e+00  2.62784483e+00 
 1.09765600e-09  2.05721659e+00  2.64789349e+00 
 1.09785600e-09  2.03951170e+00  2.66866882e+00 
 1.09805600e-09  2.02427208e+00  2.69045493e+00 
 1.09825600e-09  2.01145523e+00  2.71334524e+00 
 1.09845600e-09  2.00092721e+00  2.73725692e+00 
 1.09865600e-09  1.99250406e+00  2.76197567e+00 
 1.09885600e-09  1.98598773e+00  2.78720827e+00 
 1.09905600e-09  1.98118931e+00  2.81262890e+00 
 1.09925600e-09  1.97794036e+00  2.83791321e+00 
 1.09945600e-09  1.97609569e+00  2.86276039e+00 
 1.09965600e-09  1.97553168e+00  2.88690580e+00 
 1.09985600e-09  1.97614281e+00  2.91012715e+00 
 1.10005600e-09  1.97783749e+00  2.93224639e+00 
 1.10025600e-09  1.98053625e+00  2.95312983e+00 
 1.10045600e-09  1.98416854e+00  2.97268547e+00 
 1.10065600e-09  1.98867055e+00  2.99086004e+00 
 1.10085600e-09  1.99398383e+00  3.00763494e+00 
 1.10105600e-09  2.00005381e+00  3.02302180e+00 
 1.10125600e-09  2.00682933e+00  3.03705692e+00 
 1.10145600e-09  2.01426152e+00  3.04979630e+00 
 1.10165600e-09  2.02230398e+00  3.06131022e+00 
 1.10185600e-09  2.03091232e+00  3.07167854e+00 
 1.10205600e-09  2.04004428e+00  3.08098630e+00 
 1.10225600e-09  2.04965977e+00  3.08931994e+00 
 1.10245600e-09  2.05972173e+00  3.09676385e+00 
 1.10265600e-09  2.07019773e+00  3.10339690e+00 
 1.10285600e-09  2.08106402e+00  3.10928772e+00 
 1.10305600e-09  2.09231386e+00  3.11448649e+00 
 1.10325600e-09  2.10397381e+00  3.11900812e+00 
 1.10345600e-09  2.11613045e+00  3.12279573e+00 
 1.10365600e-09  2.12896638e+00  3.12564461e+00 
 1.10385600e-09  2.14279526e+00  3.12705193e+00 
 1.10405600e-09  2.15808921e+00  3.12595132e+00 
 1.10425600e-09  2.17550353e+00  3.12033789e+00 
 1.10445600e-09  2.19588853e+00  3.10693714e+00 
 1.10465600e-09  2.22023317e+00  3.08126194e+00 
 1.10485600e-09  2.24949067e+00  3.03835526e+00 
 1.10505600e-09  2.28431821e+00  2.97411953e+00 
 1.10525600e-09  2.32483877e+00  2.88672805e+00 
 1.10545600e-09  2.37051146e+00  2.77753492e+00 
 1.10565600e-09  2.42011399e+00  2.65117130e+00 
 1.10585600e-09  2.47175151e+00  2.51486313e+00 
 1.10605600e-09  2.52296368e+00  2.37678859e+00 
 1.10625600e-09  2.57116261e+00  2.24478289e+00 
 1.10645600e-09  2.61441122e+00  2.12506959e+00 
 1.10665600e-09  2.65153296e+00  2.02149495e+00 
 1.10685600e-09  2.68175360e+00  1.93637694e+00 
 1.10705600e-09  2.70447654e+00  1.87118560e+00 
 1.10725600e-09  2.71929620e+00  1.82682723e+00 
 1.10745600e-09  2.72623420e+00  1.80337339e+00 
 1.10765600e-09  2.72582165e+00  1.79959823e+00 
 1.10785600e-09  2.71885398e+00  1.81292043e+00 
 1.10805600e-09  2.70616446e+00  1.83996601e+00 
 1.10825600e-09  2.68857079e+00  1.87727360e+00 
 1.10845600e-09  2.66685004e+00  1.92169243e+00 
 1.10865600e-09  2.64173055e+00  1.97055626e+00 
 1.10885600e-09  2.61387640e+00  2.02171711e+00 
 1.10905600e-09  2.58388503e+00  2.07351131e+00 
 1.10925600e-09  2.55228577e+00  2.12469634e+00 
 1.10945600e-09  2.51954597e+00  2.17438165e+00 
 1.10965600e-09  2.48607064e+00  2.22195643e+00 
 1.10985600e-09  2.45220821e+00  2.26702811e+00 
 1.11005600e-09  2.41825372e+00  2.30936948e+00 
 1.11025600e-09  2.38445764e+00  2.34888356e+00 
 1.11045600e-09  2.35103034e+00  2.38557057e+00 
 1.11065600e-09  2.31814942e+00  2.41950436e+00 
 1.11085600e-09  2.28596457e+00  2.45081294e+00 
 1.11105600e-09  2.25460578e+00  2.47966619e+00 
 1.11125600e-09  2.22419064e+00  2.50626705e+00 
 1.11145600e-09  2.19483452e+00  2.53085085e+00 
 1.11165600e-09  2.16666248e+00  2.55369118e+00 
 1.11185600e-09  2.13982575e+00  2.57511427e+00 
 1.11205600e-09  2.11451766e+00  2.59551530e+00 
 1.11225600e-09  2.09097943e+00  2.61536363e+00 
 1.11245600e-09  2.06947870e+00  2.63517628e+00 
 1.11265600e-09  2.05025641e+00  2.65545131e+00 
 1.11285600e-09  2.03346492e+00  2.67657840e+00 
 1.11305600e-09  2.01913618e+00  2.69877263e+00 
 1.11325600e-09  2.00718941e+00  2.72205891e+00 
 1.11345600e-09  1.99746764e+00  2.74630017e+00 
 1.11365600e-09  1.98977796e+00  2.77124701e+00 
 1.11385600e-09  1.98392369e+00  2.79658945e+00 
 1.11405600e-09  1.97972251e+00  2.82199877e+00 
 1.11425600e-09  1.97701455e+00  2.84715724e+00 
 1.11445600e-09  1.97566277e+00  2.87177618e+00 
 1.11465600e-09  1.97555072e+00  2.89560607e+00 
 1.11485600e-09  1.97657782e+00  2.91844058e+00 
 1.11505600e-09  1.97865801e+00  2.94011852e+00 
 1.11525600e-09  1.98171545e+00  2.96052173e+00 
 1.11545600e-09  1.98568215e+00  2.97957294e+00 
 1.11565600e-09  1.99049620e+00  2.99723206e+00 
 1.11585600e-09  1.99610064e+00  3.01349229e+00 
 1.11605600e-09  2.00244236e+00  3.02837509e+00 
 1.11625600e-09  2.00947108e+00  3.04192464e+00 
 1.11645600e-09  2.01713888e+00  3.05420286e+00 
 1.11665600e-09  2.02540012e+00  3.06528414e+00 
 1.11685600e-09  2.03421119e+00  3.07525075e+00 
 1.11705600e-09  2.04353062e+00  3.08418869e+00 
 1.11725600e-09  2.05331929e+00  3.09218404e+00 
 1.11745600e-09  2.06354159e+00  3.09931961e+00 
 1.11765600e-09  2.07416768e+00  3.10567114e+00 
 1.11785600e-09  2.08517885e+00  3.11130167e+00 
 1.11805600e-09  2.09657834e+00  3.11625094e+00 
 1.11825600e-09  2.10841136e+00  3.12051292e+00 
 1.11845600e-09  2.12079606e+00  3.12398764e+00 
 1.11865600e-09  2.13396032e+00  3.12638210e+00 
 1.11885600e-09  2.14827374e+00  3.12702113e+00 
 1.11905600e-09  2.16427377e+00  3.12453540e+00 
 1.11925600e-09  2.18268928e+00  3.11647305e+00 
 1.11945600e-09  2.20443476e+00  3.09906738e+00 
 1.11965600e-09  2.23051266e+00  3.06753034e+00 
 1.11985600e-09  2.26179763e+00  3.01705211e+00 
 1.12005600e-09  2.29877064e+00  2.94423299e+00 
 1.12025600e-09  2.34131535e+00  2.84836790e+00 
 1.12045600e-09  2.38863412e+00  2.73206635e+00 
 1.12065600e-09  2.43923665e+00  2.60104319e+00 
 1.12085600e-09  2.49102722e+00  2.46294356e+00 
 1.12105600e-09  2.54140887e+00  2.32621304e+00 
 1.12125600e-09  2.58796281e+00  2.19829321e+00 
 1.12145600e-09  2.62906033e+00  2.08429917e+00 
 1.12165600e-09  2.66370801e+00  1.98743161e+00 
 1.12185600e-09  2.69121602e+00  1.90962968e+00 
 1.12205600e-09  2.71103836e+00  1.85215460e+00 
 1.12225600e-09  2.72290134e+00  1.81565825e+00 
 1.12245600e-09  2.72702579e+00  1.79977344e+00 
 1.12265600e-09  2.72408040e+00  1.80274157e+00 
 1.12285600e-09  2.71488797e+00  1.82159662e+00 
 1.12305600e-09  2.70028041e+00  1.85286510e+00 
 1.12325600e-09  2.68106142e+00  1.89317020e+00 
 1.12345600e-09  2.65799233e+00  1.93953124e+00 
 1.12365600e-09  2.63177768e+00  1.98947486e+00 
 1.12385600e-09  2.60305664e+00  2.04103919e+00 
 1.12405600e-09  2.57240162e+00  2.09272746e+00 
 1.12425600e-09  2.54032047e+00  2.14343897e+00 
 1.12445600e-09  2.50725616e+00  2.19239379e+00 
 1.12465600e-09  2.47359254e+00  2.23906925e+00 
 1.12485600e-09  2.43965757e+00  2.28314006e+00 
 1.12505600e-09  2.40572934e+00  2.32443185e+00 
 1.12525600e-09  2.37204237e+00  2.36288682e+00 
 1.12545600e-09  2.33879440e+00  2.39853530e+00 
 1.12565600e-09  2.30615162e+00  2.43147290e+00 
 1.12585600e-09  2.27425567e+00  2.46184465e+00 
 1.12605600e-09  2.24323073e+00  2.48983313e+00 
 1.12625600e-09  2.21319253e+00  2.51565326e+00 
 1.12645600e-09  2.18425814e+00  2.53955321e+00 
 1.12665600e-09  2.15656031e+00  2.56182416e+00 
 1.12685600e-09  2.13026440e+00  2.58281647e+00 
 1.12705600e-09  2.10558246e+00  2.60295392e+00 
 1.12725600e-09  2.08276986e+00  2.62272859e+00 
 1.12745600e-09  2.06209151e+00  2.64266074e+00 
 1.12765600e-09  2.04376133e+00  2.66321794e+00 
 1.12785600e-09  2.02788864e+00  2.68472968e+00 
 1.12805600e-09  2.01446023e+00  2.70733914e+00 
 1.12825600e-09  2.00336214e+00  2.73100595e+00 
 1.12845600e-09  1.99441940e+00  2.75554484e+00 
 1.12865600e-09  1.98743479e+00  2.78067822e+00 
 1.12885600e-09  1.98221536e+00  2.80608479e+00 
 1.12905600e-09  1.97858681e+00  2.83143721e+00 
 1.12925600e-09  1.97639783e+00  2.85642692e+00 
 1.12945600e-09  1.97551955e+00  2.88077908e+00 
 1.12965600e-09  1.97584117e+00  2.90425968e+00 
 1.12985600e-09  1.97726885e+00  2.92667976e+00 
 1.13005600e-09  1.97972073e+00  2.94789427e+00 
 1.13025600e-09  1.98312397e+00  2.96780061e+00 
 1.13045600e-09  1.98741273e+00  2.98633573e+00 
 1.13065600e-09  1.99252698e+00  3.00347250e+00 
 1.13085600e-09  1.99841147e+00  3.01921535e+00 
 1.13105600e-09  2.00501422e+00  3.03359481e+00 
 1.13125600e-09  2.01228589e+00  3.04666233e+00 
 1.13145600e-09  2.02017941e+00  3.05848502e+00 
 1.13165600e-09  2.02864992e+00  3.06914075e+00 
 1.13185600e-09  2.03765458e+00  3.07871365e+00 
 1.13205600e-09  2.04715274e+00  3.08729014e+00 
 1.13225600e-09  2.05710641e+00  3.09495547e+00 
 1.13245600e-09  2.06748174e+00  3.10179033e+00 
 1.13265600e-09  2.07825218e+00  3.10786652e+00 
 1.13285600e-09  2.08940553e+00  3.11324010e+00 
 1.13305600e-09  2.10095779e+00  3.11793735e+00 
 1.13325600e-09  2.11297728e+00  3.12192487e+00 
 1.13345600e-09  2.12561886e+00  3.12504604e+00 
 1.13365600e-09  2.13915990e+00  3.12689361e+00 
 1.13385600e-09  2.15402963e+00  3.12657647e+00 
 1.13405600e-09  2.17083465e+00  3.12236582e+00 
 1.13425600e-09  2.19037725e+00  3.11132622e+00 
 1.13445600e-09  2.21362285e+00  3.08923734e+00 
 1.13465600e-09  2.24155655e+00  3.05115227e+00 
 1.13485600e-09  2.27493610e+00  2.99261413e+00 
 1.13505600e-09  2.31403731e+00  2.91110543e+00 
 1.13525600e-09  2.35849315e+00  2.80713068e+00 
 1.13545600e-09  2.40725157e+00  2.68452457e+00 
 1.13565600e-09  2.45858111e+00  2.54996206e+00 
 1.13585600e-09  2.51015609e+00  2.41149391e+00 
 1.13605600e-09  2.55934548e+00  2.27726837e+00 
 1.13625600e-09  2.60400014e+00  2.15402619e+00 
 1.13645600e-09  2.64277463e+00  2.04610809e+00 
 1.13665600e-09  2.67482114e+00  1.95615434e+00 
 1.13685600e-09  2.69950809e+00  1.88580349e+00 
 1.13705600e-09  2.71636303e+00  1.83611227e+00 
 1.13725600e-09  2.72527801e+00  1.80741208e+00 
 1.13745600e-09  2.72666772e+00  1.79883751e+00 
 1.13765600e-09  2.72129058e+00  1.80812050e+00 
 1.13785600e-09  2.70997890e+00  1.83201481e+00 
 1.13805600e-09  2.69355763e+00  1.86703126e+00 
 1.13825600e-09  2.67281495e+00  1.90991708e+00 
 1.13845600e-09  2.64849269e+00  1.95787328e+00 
 1.13865600e-09  2.62126938e+00  2.00862036e+00 
 1.13885600e-09  2.59176093e+00  2.06038035e+00 
 1.13905600e-09  2.56051641e+00  2.11181243e+00 
 1.13925600e-09  2.52801963e+00  2.16194361e+00 
 1.13945600e-09  2.49469088e+00  2.21009832e+00 
 1.13965600e-09  2.46089253e+00  2.25583338e+00 
 1.13985600e-09  2.42693202e+00  2.29888254e+00 
 1.14005600e-09  2.39307072e+00  2.33911907e+00 
 1.14025600e-09  2.35952842e+00  2.37652086e+00 
 1.14045600e-09  2.32649062e+00  2.41114508e+00 
 1.14065600e-09  2.29411330e+00  2.44310724e+00 
 1.14085600e-09  2.26253079e+00  2.47256762e+00 
 1.14105600e-09  2.23186291e+00  2.49972106e+00 
 1.14125600e-09  2.20222461e+00  2.52479444e+00 
 1.14145600e-09  2.17373654e+00  2.54805000e+00 
 1.14165600e-09  2.14654203e+00  2.56979946e+00 
 1.14185600e-09  2.12082275e+00  2.59041951e+00 
 1.14205600e-09  2.09680849e+00  2.61036141e+00 
 1.14225600e-09  2.07476403e+00  2.63013481e+00 
 1.14245600e-09  2.05494311e+00  2.65025099e+00 
 1.14265600e-09  2.03752521e+00  2.67113497e+00 
 1.14285600e-09  2.02257376e+00  2.69304965e+00 
 1.14305600e-09  2.01003377e+00  2.71606697e+00 
 1.14325600e-09  1.99976372e+00  2.74008678e+00 
 1.14345600e-09  1.99157623e+00  2.76488311e+00 
 1.14365600e-09  1.98527336e+00  2.79015692e+00 
 1.14385600e-09  1.98066797e+00  2.81558093e+00 
 1.14405600e-09  1.97759427e+00  2.84083253e+00 
 1.14425600e-09  1.97590952e+00  2.86561440e+00 
 1.14445600e-09  1.97549132e+00  2.88966601e+00 
 1.14465600e-09  1.97623666e+00  2.91277061e+00 
 1.14485600e-09  1.97805678e+00  2.93475566e+00 
 1.14505600e-09  1.98087312e+00  2.95549204e+00 
 1.14525600e-09  1.98461544e+00  2.97489223e+00 
 1.14545600e-09  1.98921992e+00  2.99290703e+00 
 1.14565600e-09  1.99462884e+00  3.00952172e+00 
 1.14585600e-09  2.00078812e+00  3.02475114e+00 
 1.14605600e-09  2.00764700e+00  3.03863418e+00 
 1.14625600e-09  2.01515686e+00  3.05122876e+00 
 1.14645600e-09  2.02327161e+00  3.06260656e+00 
 1.14665600e-09  2.03194705e+00  3.07284826e+00 
 1.14685600e-09  2.04114122e+00  3.08203931e+00 
 1.14705600e-09  2.05081426e+00  3.09026606e+00 
 1.14725600e-09  2.06092960e+00  3.09761251e+00 
 1.14745600e-09  2.07145547e+00  3.10415653e+00 
 1.14765600e-09  2.08236968e+00  3.10996520e+00 
 1.14785600e-09  2.09366839e+00  3.11508567e+00 
 1.14805600e-09  2.10538373e+00  3.11952679e+00 
 1.14825600e-09  2.11761193e+00  3.12321913e+00 
 1.14845600e-09  2.13054965e+00  3.12593224e+00 
 1.14865600e-09  2.14452780e+00  3.12711240e+00 
 1.14885600e-09  2.16003887e+00  3.12560244e+00 
 1.14905600e-09  2.17776158e+00  3.11925943e+00 
 1.14925600e-09  2.19856790e+00  3.10464939e+00 
 1.14945600e-09  2.22345412e+00  3.07717568e+00 
 1.14965600e-09  2.25335249e+00  3.03190668e+00 
 1.14985600e-09  2.28886732e+00  2.96494667e+00 
 1.15005600e-09  2.33004662e+00  2.87481562e+00 
 1.15025600e-09  2.37626728e+00  2.76327017e+00 
 1.15045600e-09  2.42620452e+00  2.63529246e+00 
 1.15065600e-09  2.47792833e+00  2.49811089e+00 
 1.15085600e-09  2.52892534e+00  2.36024162e+00 
 1.15105600e-09  2.57664066e+00  2.22954086e+00 
 1.15125600e-09  2.61923849e+00  2.11166194e+00 
 1.15145600e-09  2.65559690e+00  2.01024381e+00 
 1.15165600e-09  2.68497592e+00  1.92747709e+00 
 1.15185600e-09  2.70679041e+00  1.86476523e+00 
 1.15205600e-09  2.72067506e+00  1.82294078e+00 
 1.15225600e-09  2.72671300e+00  1.80194307e+00 
 1.15245600e-09  2.72548556e+00  1.80037685e+00 
 1.15265600e-09  2.71779903e+00  1.81552773e+00 
 1.15285600e-09  2.70448765e+00  1.84398066e+00 
 1.15305600e-09  2.68636456e+00  1.88229643e+00 
 1.15325600e-09  2.66420271e+00  1.92737742e+00 
 1.15345600e-09  2.63872225e+00  1.97661761e+00 
 1.15365600e-09  2.61057863e+00  2.02792867e+00 
 1.15385600e-09  2.58036190e+00  2.07970314e+00 
 1.15405600e-09  2.54859692e+00  2.13074652e+00 
 1.15425600e-09  2.51574397e+00  2.18020672e+00 
 1.15445600e-09  2.48220100e+00  2.22750192e+00 
 1.15465600e-09  2.44830831e+00  2.27225821e+00 
 1.15485600e-09  2.41435567e+00  2.31426643e+00 
 1.15505600e-09  2.38058825e+00  2.35344236e+00 
 1.15525600e-09  2.34721255e+00  2.38979657e+00 
 1.15545600e-09  2.31440229e+00  2.42340995e+00 
 1.15565600e-09  2.28230471e+00  2.45441644e+00 
 1.15585600e-09  2.25104767e+00  2.48298991e+00 
 1.15605600e-09  2.22074821e+00  2.50933739e+00 
 1.15625600e-09  2.19152191e+00  2.53369802e+00 
 1.15645600e-09  2.16349590e+00  2.55635074e+00 
 1.15665600e-09  2.13682586e+00  2.57762940e+00 
 1.15685600e-09  2.11171136e+00  2.59793862e+00 
 1.15705600e-09  2.08839866e+00  2.61775522e+00 
 1.15725600e-09  2.06715521e+00  2.63759887e+00 
 1.15745600e-09  2.04821391e+00  2.65795914e+00 
 1.15765600e-09  2.03171400e+00  2.67920700e+00 
 1.15785600e-09  2.01767263e+00  2.70153455e+00 
 1.15805600e-09  2.00599792e+00  2.72494539e+00 
 1.15825600e-09  1.99652642e+00  2.74928615e+00 
 1.15845600e-09  1.98906347e+00  2.77429773e+00 
 1.15865600e-09  1.98341325e+00  2.79966584e+00 
 1.15885600e-09  1.97939599e+00  2.82506187e+00 
 1.15905600e-09  1.97685450e+00  2.85017072e+00 
 1.15925600e-09  1.97565306e+00  2.87470734e+00 
 1.15945600e-09  1.97567833e+00  2.89842800e+00 
 1.15965600e-09  1.97683328e+00  2.92113235e+00 
 1.15985600e-09  1.97903241e+00  2.94266383e+00 
 1.16005600e-09  1.98220082e+00  2.96290932e+00 
 1.16025600e-09  1.98627071e+00  2.98179598e+00 
 1.16045600e-09  1.99118076e+00  2.99928803e+00 
 1.16065600e-09  1.99687465e+00  3.01538231e+00 
 1.16085600e-09  2.00329971e+00  3.03010335e+00 
 1.16105600e-09  2.01040597e+00  3.04349767e+00 
 1.16125600e-09  2.01814581e+00  3.05562899e+00 
 1.16145600e-09  2.02647384e+00  3.06657282e+00 
 1.16165600e-09  2.03534671e+00  3.07641214e+00 
 1.16185600e-09  2.04472316e+00  3.08523310e+00 
 1.16205600e-09  2.05456447e+00  3.09312161e+00 
 1.16225600e-09  2.06483546e+00  3.10015976e+00 
 1.16245600e-09  2.07550732e+00  3.10642218e+00 
 1.16265600e-09  2.08656324e+00  3.11196990e+00 
 1.16285600e-09  2.09801026e+00  3.11683876e+00 
 1.16305600e-09  2.10990048e+00  3.12101468e+00 
 1.16325600e-09  2.12236328e+00  3.12438119e+00 
 1.16345600e-09  2.13564180e+00  3.12661180e+00 
 1.16365600e-09  2.15012433e+00  3.12696737e+00 
 1.16385600e-09  2.16637007e+00  3.12396967e+00 
 1.16405600e-09  2.18513156e+00  3.11501523e+00 
 1.16425600e-09  2.20734134e+00  3.09618614e+00 
 1.16445600e-09  2.23399994e+00  3.06262638e+00 
 1.16465600e-09  2.26594873e+00  3.00961626e+00 
 1.16485600e-09  2.30360589e+00  2.93401950e+00 
 1.16505600e-09  2.34677578e+00  2.83551066e+00 
 1.16525600e-09  2.39455202e+00  2.71707747e+00 
 1.16545600e-09  2.44539831e+00  2.58450831e+00 
 1.16565600e-09  2.49716481e+00  2.44572510e+00 
 1.16585600e-09  2.54720234e+00  2.30939513e+00 
 1.16605600e-09  2.59317357e+00  2.18272066e+00 
 1.16625600e-09  2.63353918e+00  2.07053911e+00 
 1.16645600e-09  2.66736324e+00  1.97583619e+00 
 1.16665600e-09  2.69397390e+00  1.90042581e+00 
 1.16685600e-09  2.71284876e+00  1.84548804e+00 
 1.16705600e-09  2.72376227e+00  1.81156639e+00 
 1.16725600e-09  2.72700067e+00  1.79813082e+00 
 1.16745600e-09  2.72326551e+00  1.80324860e+00 
 1.16765600e-09  2.71338472e+00  1.82384929e+00 
 1.16785600e-09  2.69818766e+00  1.85644412e+00 
 1.16805600e-09  2.67847354e+00  1.89769212e+00 
 1.16825600e-09  2.65499649e+00  1.94466639e+00 
 1.16845600e-09  2.62845146e+00  1.99495682e+00 
 1.16865600e-09  2.59947066e+00  2.04666404e+00 
 1.16885600e-09  2.56862141e+00  2.09834178e+00 
 1.16905600e-09  2.53640472e+00  2.14893350e+00 
 1.16925600e-09  2.50325635e+00  2.19769509e+00 
 1.16945600e-09  2.46955107e+00  2.24412578e+00 
 1.16965600e-09  2.43560944e+00  2.28791856e+00 
 1.16985600e-09  2.40170394e+00  2.32891493e+00 
 1.17005600e-09  2.36806451e+00  2.36706950e+00 
 1.17025600e-09  2.33488477e+00  2.40242159e+00 
 1.17045600e-09  2.30232772e+00  2.43507393e+00 
 1.17065600e-09  2.27053242e+00  2.46517668e+00 
 1.17085600e-09  2.23962164e+00  2.49291680e+00 
 1.17105600e-09  2.20971051e+00  2.51851305e+00 
 1.17125600e-09  2.18091676e+00  2.54221782e+00 
 1.17145600e-09  2.15337624e+00  2.56432887e+00 
 1.17165600e-09  2.12725940e+00  2.58520494e+00 
 1.17185600e-09  2.10278395e+00  2.60527817e+00 
 1.17205600e-09  2.08020870e+00  2.62504759e+00 
 1.17225600e-09  2.05979585e+00  2.64503216e+00 
 1.17245600e-09  2.04174984e+00  2.66568755e+00 
 1.17265600e-09  2.02616605e+00  2.68732354e+00 
 1.17285600e-09  2.01301812e+00  2.71006149e+00 
 1.17305600e-09  2.00218289e+00  2.73384196e+00 
 1.17325600e-09  1.99348100e+00  2.75846639e+00 
 1.17345600e-09  1.98671451e+00  2.78364974e+00 
 1.17365600e-09  1.98169205e+00  2.80906831e+00 
 1.17385600e-09  1.97824181e+00  2.83439574e+00 
 1.17405600e-09  1.97621340e+00  2.85932567e+00 
 1.17425600e-09  1.97548158e+00  2.88358874e+00 
 1.17445600e-09  1.97593971e+00  2.90695684e+00 
 1.17465600e-09  1.97749447e+00  2.92924532e+00 
 1.17485600e-09  1.98006497e+00  2.95031405e+00 
 1.17505600e-09  1.98357857e+00  2.97006493e+00 
 1.17525600e-09  1.98797000e+00  2.98843940e+00 
 1.17545600e-09  1.99318012e+00  3.00541425e+00 
 1.17565600e-09  1.99915410e+00  3.02099733e+00 
 1.17585600e-09  2.00584037e+00  3.03522183e+00 
 1.17605600e-09  2.01318984e+00  3.04814135e+00 
 1.17625600e-09  2.02115574e+00  3.05982449e+00 
 1.17645600e-09  2.02969344e+00  3.07035013e+00 
 1.17665600e-09  2.03876034e+00  3.07980285e+00 
 1.17685600e-09  2.04831606e+00  3.08826915e+00 
 1.17705600e-09  2.05832294e+00  3.09583388e+00 
 1.17725600e-09  2.06874780e+00  3.10257696e+00 
 1.17745600e-09  2.07956538e+00  3.10856887e+00 
 1.17765600e-09  2.09076596e+00  3.11386307e+00 
 1.17785600e-09  2.10237027e+00  3.11848075e+00 
 1.17805600e-09  2.11445503e+00  3.12237802e+00 
 1.17825600e-09  2.12718789e+00  3.12537675e+00 
 1.17845600e-09  2.14086293e+00  3.12702666e+00 
 1.17865600e-09  2.15592923e+00  3.12635726e+00 
 1.17885600e-09  2.17301620e+00  3.12151294e+00 
 1.17905600e-09  2.19294906e+00  3.10939911e+00 
 1.17925600e-09  2.21670563e+00  3.08566471e+00 
 1.17945600e-09  2.24525811e+00  3.04534750e+00 
 1.17965600e-09  2.27931899e+00  2.98414775e+00 
 1.17985600e-09  2.31909330e+00  2.89986477e+00 
 1.18005600e-09  2.36410281e+00  2.79337785e+00 
 1.18025600e-09  2.41322568e+00  2.66863272e+00 
 1.18045600e-09  2.46470676e+00  2.53245269e+00 
 1.18065600e-09  2.51613905e+00  2.39335437e+00 
 1.18085600e-09  2.56488256e+00  2.25962619e+00 
 1.18105600e-09  2.60888351e+00  2.13773402e+00 
 1.18125600e-09  2.64688086e+00  2.03172764e+00 
 1.18145600e-09  2.67806675e+00  1.94404182e+00 
 1.18165600e-09  2.70182744e+00  1.87619395e+00 
 1.18185600e-09  2.71772105e+00  1.82914079e+00 
 1.18205600e-09  2.72570009e+00  1.80307282e+00 
 1.18225600e-09  2.72623640e+00  1.79694045e+00 
 1.18245600e-09  2.72010789e+00  1.80831476e+00 
 1.18265600e-09  2.70814726e+00  1.83387850e+00 
 1.18285600e-09  2.69117597e+00  1.87015058e+00 
 1.18305600e-09  2.66997559e+00  1.91391799e+00 
 1.18325600e-09  2.64527845e+00  1.96244736e+00 
 1.18345600e-09  2.61775632e+00  2.01352730e+00 
 1.18365600e-09  2.58802031e+00  2.06543132e+00 
 1.18385600e-09  2.55661237e+00  2.11686889e+00 
 1.18405600e-09  2.52400863e+00  2.16690820e+00 
 1.18425600e-09  2.49061947e+00  2.21489973e+00 
 1.18445600e-09  2.45679916e+00  2.26042156e+00 
 1.18465600e-09  2.42284904e+00  2.30322650e+00 
 1.18485600e-09  2.38902539e+00  2.34320256e+00 
 1.18505600e-09  2.35554344e+00  2.38033872e+00 
 1.18525600e-09  2.32258499e+00  2.41470068e+00 
 1.18545600e-09  2.29030291e+00  2.44641032e+00 
 1.18565600e-09  2.25882943e+00  2.47563297e+00 
 1.18585600e-09  2.22828307e+00  2.50256760e+00 
 1.18605600e-09  2.19877838e+00  2.52744481e+00 
 1.18625600e-09  2.17043773e+00  2.55053243e+00 
 1.18645600e-09  2.14340812e+00  2.57214927e+00 
 1.18665600e-09  2.11787631e+00  2.59267999e+00 
 1.18685600e-09  2.09407749e+00  2.61258439e+00 
 1.18705600e-09  2.07227756e+00  2.63237670e+00 
 1.18725600e-09  2.05272535e+00  2.65256364e+00 
 1.18745600e-09  2.03558937e+00  2.67355547e+00 
 1.18765600e-09  2.02091956e+00  2.69559510e+00 
 1.18785600e-09  2.00864954e+00  2.71873413e+00 
 1.18805600e-09  1.99863065e+00  2.74285612e+00 
 1.18825600e-09  1.99067269e+00  2.76772441e+00 
 1.18845600e-09  1.98457795e+00  2.79303472e+00 
 1.18865600e-09  1.98016118e+00  2.81845867e+00 
 1.18885600e-09  1.97725903e+00  2.84367546e+00 
 1.18905600e-09  1.97572967e+00  2.86839044e+00 
 1.18925600e-09  1.97545503e+00  2.89234894e+00 
 1.18945600e-09  1.97633413e+00  2.91533886e+00 
 1.18965600e-09  1.97827897e+00  2.93719221e+00 
 1.18985600e-09  1.98121150e+00  2.95778441e+00 
 1.19005600e-09  1.98506187e+00  2.97703246e+00 
 1.19025600e-09  1.98976748e+00  2.99489138e+00 
 1.19045600e-09  1.99527090e+00  3.01135003e+00 
 1.19065600e-09  2.00151867e+00  3.02642634e+00 
 1.19085600e-09  2.00846015e+00  3.04016159e+00 
 1.19105600e-09  2.01604713e+00  3.05261563e+00 
 1.19125600e-09  2.02423364e+00  3.06386139e+00 
 1.19145600e-09  2.03297579e+00  3.07398040e+00 
 1.19165600e-09  2.04223177e+00  3.08305837e+00 
 1.19185600e-09  2.05196208e+00  3.09118158e+00 
 1.19205600e-09  2.06213048e+00  3.09843350e+00 
 1.19225600e-09  2.07270620e+00  3.10489124e+00 
 1.19245600e-09  2.08366855e+00  3.11062005e+00 
 1.19265600e-09  2.09501694e+00  3.11566384e+00 
 1.19285600e-09  2.10678935e+00  3.12002477e+00 
 1.19305600e-09  2.11909206e+00  3.12361977e+00 
 1.19325600e-09  2.13213607e+00  3.12619036e+00 
 1.19345600e-09  2.14627029e+00  3.12712813e+00 
 1.19365600e-09  2.16200814e+00  3.12517932e+00 
 1.19385600e-09  2.18005192e+00  3.11805816e+00 
 1.19405600e-09  2.20129423e+00  3.10217265e+00 
 1.19425600e-09  2.22673594e+00  3.07282865e+00 
 1.19445600e-09  2.25728439e+00  3.02514020e+00 
 1.19465600e-09  2.29348765e+00  2.95543394e+00 
 1.19485600e-09  2.33528693e+00  2.86256893e+00 
 1.19505600e-09  2.38198385e+00  2.74842795e+00 
 1.19525600e-09  2.43223797e+00  2.61820878e+00 
 1.19545600e-09  2.48403264e+00  2.47974532e+00 
 1.19565600e-09  2.53477318e+00  2.34182328e+00 
 1.19585600e-09  2.58195771e+00  2.21208972e+00 
 1.19605600e-09  2.62385113e+00  2.09589249e+00 
 1.19625600e-09  2.65940038e+00  1.99660928e+00 
 1.19645600e-09  2.68789247e+00  1.91626536e+00 
 1.19665600e-09  2.70876162e+00  1.85616241e+00 
 1.19685600e-09  2.72168481e+00  1.81702549e+00 
 1.19705600e-09  2.72681121e+00  1.79863428e+00 
 1.19725600e-09  2.72476630e+00  1.79940953e+00 
 1.19745600e-09  2.71636519e+00  1.81650625e+00 
 1.19765600e-09  2.70244089e+00  1.84647464e+00 
 1.19785600e-09  2.68380090e+00  1.88589240e+00 
 1.19805600e-09  2.66120842e+00  1.93172217e+00 
 1.19825600e-09  2.63537512e+00  1.98143329e+00 
 1.19845600e-09  2.60695386e+00  2.03299378e+00 
 1.19865600e-09  2.57653044e+00  2.08485078e+00 
 1.19885600e-09  2.54462173e+00  2.13585643e+00 
 1.19905600e-09  2.51167716e+00  2.18518957e+00 
 1.19925600e-09  2.47808591e+00  2.23229322e+00 
 1.19945600e-09  2.44418161e+00  2.27681604e+00 
 1.19965600e-09  2.41024842e+00  2.31856629e+00 
 1.19985600e-09  2.37652637e+00  2.35747297e+00 
 1.20005600e-09  2.34321778e+00  2.39355679e+00 
 1.20025600e-09  2.31049273e+00  2.42690620e+00 
 1.20045600e-09  2.27849571e+00  2.45766100e+00 
 1.20065600e-09  2.24735268e+00  2.48599964e+00 
 1.20085600e-09  2.21717949e+00  2.51213272e+00 
 1.20105600e-09  2.18809238e+00  2.53630432e+00 
 1.20125600e-09  2.16022094e+00  2.55879939e+00 
 1.20145600e-09  2.13372501e+00  2.57995894e+00 
 1.20165600e-09  2.10880967e+00  2.60019627e+00 
 1.20185600e-09  2.08572496e+00  2.61999567e+00 
 1.20205600e-09  2.06473784e+00  2.63987830e+00 
 1.20225600e-09  2.04607372e+00  2.66032497e+00 
 1.20245600e-09  2.02985925e+00  2.68168958e+00 
 1.20265600e-09  2.01609829e+00  2.70414327e+00 
 1.20285600e-09  2.00468897e+00  2.72767029e+00 
 1.20305600e-09  1.99546236e+00  2.75210291e+00 
 1.20325600e-09  1.98822232e+00  2.77717342e+00 
 1.20345600e-09  1.98277401e+00  2.80256397e+00 
 1.20365600e-09  1.97893990e+00  2.82794613e+00 
 1.20385600e-09  1.97656338e+00  2.85300618e+00 
 1.20405600e-09  1.97551393e+00  2.87746501e+00 
 1.20425600e-09  1.97568059e+00  2.90108338e+00 
 1.20445600e-09  1.97696714e+00  2.92366534e+00 
 1.20465600e-09  1.97928906e+00  2.94505908e+00 
 1.20485600e-09  1.98257131e+00  2.96515594e+00 
 1.20505600e-09  1.98674732e+00  2.98388769e+00 
 1.20525600e-09  1.99175650e+00  3.00122248e+00 
 1.20545600e-09  1.99754320e+00  3.01716068e+00 
 1.20565600e-09  2.00405501e+00  3.03172952e+00 
 1.20585600e-09  2.01124232e+00  3.04497788e+00 
 1.20605600e-09  2.01905769e+00  3.05697101e+00 
 1.20625600e-09  2.02745603e+00  3.06778564e+00 
 1.20645600e-09  2.03639414e+00  3.07750526e+00 
 1.20665600e-09  2.04583109e+00  3.08621627e+00 
 1.20685600e-09  2.05572838e+00  3.09400423e+00 
 1.20705600e-09  2.06605149e+00  3.10095071e+00 
 1.20725600e-09  2.07677263e+00  3.10712916e+00 
 1.20745600e-09  2.08787710e+00  3.11259842e+00 
 1.20765600e-09  2.09937592e+00  3.11739001e+00 
 1.20785600e-09  2.11132855e+00  3.12148124e+00 
 1.20805600e-09  2.12387602e+00  3.12473768e+00 
 1.20825600e-09  2.13727735e+00  3.12679663e+00 
 1.20845600e-09  2.15193989e+00  3.12685023e+00 
 1.20865600e-09  2.16844496e+00  3.12330564e+00 
 1.20885600e-09  2.18756864e+00  3.11340456e+00 
 1.20905600e-09  2.21025998e+00  3.09308318e+00 
 1.20925600e-09  2.23751419e+00  3.05743325e+00 
 1.20945600e-09  2.27013549e+00  3.00184672e+00 
 1.20965600e-09  2.30844746e+00  2.92346011e+00 
 1.20985600e-09  2.35217554e+00  2.82206699e+00 
 1.21005600e-09  2.40039815e+00  2.70088990e+00 
 1.21025600e-09  2.45150417e+00  2.56640651e+00 
 1.21045600e-09  2.50322547e+00  2.42694545e+00 
 1.21065600e-09  2.55289132e+00  2.29107700e+00 
 1.21085600e-09  2.59825065e+00  2.16575221e+00 
 1.21105600e-09  2.63786274e+00  2.05551018e+00 
 1.21125600e-09  2.67084134e+00  1.96311253e+00 
 1.21145600e-09  2.69653555e+00  1.89024073e+00 
 1.21165600e-09  2.71444720e+00  1.83798206e+00 
 1.21185600e-09  2.72440577e+00  1.80675690e+00 
 1.21205600e-09  2.72676089e+00  1.79586084e+00 
 1.21225600e-09  2.72224321e+00  1.80318863e+00 
 1.21245600e-09  2.71168325e+00  1.82557617e+00 
 1.21265600e-09  2.69590690e+00  1.85951435e+00 
 1.21285600e-09  2.67570338e+00  1.90171229e+00 
 1.21305600e-09  2.65181949e+00  1.94932528e+00 
 1.21325600e-09  2.62494758e+00  1.99999760e+00 
 1.21345600e-09  2.59571498e+00  2.05188203e+00 
 1.21365600e-09  2.56468145e+00  2.10358635e+00 
 1.21385600e-09  2.53233879e+00  2.15409486e+00 
 1.21405600e-09  2.49911308e+00  2.20269224e+00 
 1.21425600e-09  2.46537200e+00  2.24890439e+00 
 1.21445600e-09  2.43142977e+00  2.29244454e+00 
 1.21465600e-09  2.39755333e+00  2.33317001e+00 
 1.21485600e-09  2.36396774e+00  2.37104726e+00 
 1.21505600e-09  2.33086256e+00  2.40612474e+00 
 1.21525600e-09  2.29839738e+00  2.43851190e+00 
 1.21545600e-09  2.26670878e+00  2.46836422e+00 
 1.21565600e-09  2.23591761e+00  2.49587237e+00 
 1.21585600e-09  2.20613842e+00  2.52125926e+00 
 1.21605600e-09  2.17749047e+00  2.54478294e+00 
 1.21625600e-09  2.15011304e+00  2.56674760e+00 
 1.21645600e-09  2.12418107e+00  2.58751949e+00 
 1.21665600e-09  2.09991722e+00  2.60753934e+00 
 1.21685600e-09  2.07758313e+00  2.62731201e+00 
 1.21705600e-09  2.05743811e+00  2.64735432e+00 
 1.21725600e-09  2.03967664e+00  2.66810982e+00 
 1.21745600e-09  2.02438055e+00  2.68986889e+00 
 1.21765600e-09  2.01151098e+00  2.71273176e+00 
 1.21785600e-09  2.00093634e+00  2.73662114e+00 
 1.21805600e-09  1.99247339e+00  2.76132609e+00 
 1.21825600e-09  1.98592380e+00  2.78655497e+00 
 1.21845600e-09  1.98109781e+00  2.81198205e+00 
 1.21865600e-09  1.97782359e+00  2.83728056e+00 
 1.21885600e-09  1.97595691e+00  2.86215004e+00 
 1.21905600e-09  1.97537533e+00  2.88632532e+00 
 1.21925600e-09  1.97597296e+00  2.90958240e+00 
 1.21945600e-09  1.97765768e+00  2.93174139e+00 
 1.21965600e-09  1.98034829e+00  2.95266667e+00 
 1.21985600e-09  1.98397368e+00  2.97226514e+00 
 1.22005600e-09  1.98846943e+00  2.99048242e+00 
 1.22025600e-09  1.99377724e+00  3.00729922e+00 
 1.22045600e-09  1.99984257e+00  3.02272647e+00 
 1.22065600e-09  2.00661432e+00  3.03680008e+00 
 1.22085600e-09  2.01404350e+00  3.04957558e+00 
 1.22105600e-09  2.02208373e+00  3.06112311e+00 
 1.22125600e-09  2.03069048e+00  3.07152237e+00 
 1.22145600e-09  2.03982150e+00  3.08085846e+00 
 1.22165600e-09  2.04943652e+00  3.08921777e+00 
 1.22185600e-09  2.05949845e+00  3.09668491e+00 
 1.22205600e-09  2.06997474e+00  3.10333896e+00 
 1.22225600e-09  2.08084155e+00  3.10924894e+00 
 1.22245600e-09  2.09209176e+00  3.11446545e+00 
 1.22265600e-09  2.10375122e+00  3.11900417e+00 
 1.22285600e-09  2.11590548e+00  3.12280981e+00 
 1.22305600e-09  2.12873561e+00  3.12568088e+00 
 1.22325600e-09  2.14255276e+00  3.12712056e+00 
 1.22345600e-09  2.15782627e+00  3.12607367e+00 
 1.22365600e-09  2.17520860e+00  3.12055234e+00 
 1.22385600e-09  2.19554741e+00  3.10730216e+00 
 1.22405600e-09  2.21983058e+00  3.08185059e+00 
 1.22425600e-09  2.24901372e+00  3.03923887e+00 
 1.22445600e-09  2.28376036e+00  2.97534568e+00 
 1.22465600e-09  2.32417278e+00  2.88828601e+00 
 1.22485600e-09  2.36972506e+00  2.77908846e+00 
 1.22505600e-09  2.41924538e+00  2.65218196e+00 
 1.22525600e-09  2.47088888e+00  2.51492486e+00 
 1.22545600e-09  2.52216131e+00  2.37611374e+00 
 1.22565600e-09  2.57044839e+00  2.24378276e+00 
 1.22585600e-09  2.61380653e+00  2.12381729e+00 
 1.22605600e-09  2.65104208e+00  2.02005559e+00 
 1.22625600e-09  2.68138484e+00  1.93479632e+00 
 1.22645600e-09  2.70423229e+00  1.86948898e+00 
 1.22665600e-09  2.71917946e+00  1.82502587e+00 
 1.22685600e-09  2.72623934e+00  1.80147625e+00 
 1.22705600e-09  2.72593915e+00  1.79762488e+00 
 1.22725600e-09  2.71907126e+00  1.81090164e+00 
 1.22745600e-09  2.70646915e+00  1.83791705e+00 
 1.22765600e-09  2.68894465e+00  1.87522088e+00 
 1.22785600e-09  2.66727423e+00  1.91968642e+00 
 1.22805600e-09  2.64218924e+00  1.96862874e+00 
 1.22825600e-09  2.61435861e+00  2.01988688e+00 
 1.22845600e-09  2.58438598e+00  2.07179372e+00 
 1.22865600e-09  2.55280476e+00  2.12310575e+00 
 1.22885600e-09  2.52008060e+00  2.17292510e+00 
 1.22905600e-09  2.48661723e+00  2.22063403e+00 
 1.22925600e-09  2.45276189e+00  2.26583402e+00 
 1.22945600e-09  2.41881054e+00  2.30829701e+00 
 1.22965600e-09  2.38501384e+00  2.34792455e+00 
 1.22985600e-09  2.35158298e+00  2.38471668e+00 
 1.23005600e-09  2.31869562e+00  2.41874652e+00 
 1.23025600e-09  2.28650200e+00  2.45014227e+00 
 1.23045600e-09  2.25513195e+00  2.47907341e+00 
 1.23065600e-09  2.22470293e+00  2.50574260e+00 
 1.23085600e-09  2.19533005e+00  2.53038520e+00 
 1.23105600e-09  2.16713785e+00  2.55327440e+00 
 1.23125600e-09  2.14027699e+00  2.57473537e+00 
 1.23145600e-09  2.11494010e+00  2.59516221e+00 
 1.23165600e-09  2.09136704e+00  2.61502261e+00 
 1.23185600e-09  2.06982517e+00  2.63483435e+00 
 1.23205600e-09  2.05055658e+00  2.65509700e+00 
 1.23225600e-09  2.03371694e+00  2.67620385e+00 
 1.23245600e-09  2.01934109e+00  2.69837478e+00 
 1.23265600e-09  2.00735074e+00  2.72163939e+00 
 1.23285600e-09  1.99758998e+00  2.74586383e+00 
 1.23305600e-09  1.98986630e+00  2.77080075e+00 
 1.23325600e-09  1.98398256e+00  2.79614078e+00 
 1.23345600e-09  1.97975282e+00  2.82155294e+00 
 1.23365600e-09  1.97701893e+00  2.84672087e+00 
 1.23385600e-09  1.97564574e+00  2.87135642e+00 
 1.23405600e-09  1.97551653e+00  2.89520875e+00 
 1.23425600e-09  1.97653026e+00  2.91807004e+00 
 1.23445600e-09  1.97859873e+00  2.93977713e+00 
 1.23465600e-09  1.98164552e+00  2.96021106e+00 
 1.23485600e-09  1.98560199e+00  2.97929353e+00 
 1.23505600e-09  1.99040651e+00  2.99698401e+00 
 1.23525600e-09  1.99600214e+00  3.01327494e+00 
 1.23545600e-09  2.00233595e+00  3.02818746e+00 
 1.23565600e-09  2.00935752e+00  3.04176523e+00 
 1.23585600e-09  2.01701898e+00  3.05407004e+00 
 1.23605600e-09  2.02527455e+00  3.06517596e+00 
 1.23625600e-09  2.03408068e+00  3.07516535e+00 
 1.23645600e-09  2.04339567e+00  3.08412400e+00 
 1.23665600e-09  2.05318045e+00  3.09213820e+00 
 1.23685600e-09  2.06339929e+00  3.09929082e+00 
 1.23705600e-09  2.07402235e+00  3.10565794e+00 
 1.23725600e-09  2.08503064e+00  3.11130280e+00 
 1.23745600e-09  2.09642697e+00  3.11626570e+00 
 1.23765600e-09  2.10825567e+00  3.12054149e+00 
 1.23785600e-09  2.12063364e+00  3.12403226e+00 
 1.23805600e-09  2.13378670e+00  3.12644897e+00 
 1.23825600e-09  2.14808214e+00  3.12712425e+00 
 1.23845600e-09  2.16405469e+00  3.12470196e+00 
 1.23865600e-09  2.18243032e+00  3.11674903e+00 
 1.23885600e-09  2.20412115e+00  3.09951792e+00 
 1.23905600e-09  2.23012969e+00  3.06823018e+00 
 1.23925600e-09  2.26133444e+00  3.01806620e+00 
 1.23945600e-09  2.29819592e+00  2.94559141e+00 
 1.23965600e-09  2.34060652e+00  2.84979466e+00 
 1.23985600e-09  2.38781613e+00  2.73304509e+00 
 1.24005600e-09  2.43840869e+00  2.60113664e+00 
 1.24025600e-09  2.49025274e+00  2.46235297e+00 
 1.24045600e-09  2.54069516e+00  2.32533099e+00 
 1.24065600e-09  2.58732603e+00  2.19718423e+00 
 1.24085600e-09  2.62850450e+00  2.08302828e+00 
 1.24105600e-09  2.66324324e+00  1.98604574e+00 
 1.24125600e-09  2.69084564e+00  1.90815615e+00 
 1.24145600e-09  2.71076959e+00  1.85060379e+00 
 1.24165600e-09  2.72273498e+00  1.81403134e+00 
 1.24185600e-09  2.72695874e+00  1.79807643e+00 
 1.24205600e-09  2.72410395e+00  1.80099145e+00 
 1.24225600e-09  2.71499389e+00  1.81982149e+00 
 1.24245600e-09  2.70045826e+00  1.85107774e+00 
 1.24265600e-09  2.68129713e+00  1.89139333e+00 
 1.24285600e-09  2.65826941e+00  1.93780442e+00 
 1.24305600e-09  2.63208513e+00  1.98782448e+00 
 1.24325600e-09  2.60339002e+00  2.03948447e+00 
 1.24345600e-09  2.57276107e+00  2.09128347e+00 
 1.24365600e-09  2.54070418e+00  2.14211409e+00 
 1.24385600e-09  2.50766169e+00  2.19119182e+00 
 1.24405600e-09  2.47401547e+00  2.23798718e+00 
 1.24425600e-09  2.44009324e+00  2.28217127e+00 
 1.24445600e-09  2.40617323e+00  2.32356853e+00 
 1.24465600e-09  2.37249091e+00  2.36212108e+00 
 1.24485600e-09  2.33924414e+00  2.39785864e+00 
 1.24505600e-09  2.30659979e+00  2.43087708e+00 
 1.24525600e-09  2.27469919e+00  2.46132061e+00 
 1.24545600e-09  2.24366670e+00  2.48937220e+00 
 1.24565600e-09  2.21361777e+00  2.51524701e+00 
 1.24585600e-09  2.18466996e+00  2.53919363e+00 
 1.24605600e-09  2.15695579e+00  2.56150266e+00 
 1.24625600e-09  2.13063969e+00  2.58252297e+00 
 1.24645600e-09  2.10593224e+00  2.60267658e+00 
 1.24665600e-09  2.08308804e+00  2.62245538e+00 
 1.24685600e-09  2.06237222e+00  2.64237997e+00 
 1.24705600e-09  2.04400093e+00  2.66292020e+00 
 1.24725600e-09  2.02808613e+00  2.68440951e+00 
 1.24745600e-09  2.01461735e+00  2.70699567e+00 
 1.24765600e-09  2.00348226e+00  2.73064192e+00 
 1.24785600e-09  1.99450675e+00  2.75516564e+00 
 1.24805600e-09  1.98749355e+00  2.78029048e+00 
 1.24825600e-09  1.98224542e+00  2.80569261e+00 
 1.24845600e-09  1.97859058e+00  2.83104699e+00 
 1.24865600e-09  1.97638032e+00  2.85604641e+00 
 1.24885600e-09  1.97548431e+00  2.88041433e+00 
 1.24905600e-09  1.97579295e+00  2.90391631e+00 
 1.24925600e-09  1.97721011e+00  2.92636099e+00 
 1.24945600e-09  1.97965230e+00  2.94760212e+00 
 1.24965600e-09  1.98304612e+00  2.96753616e+00 
 1.24985600e-09  1.98732587e+00  2.98609957e+00 
 1.25005600e-09  1.99243176e+00  3.00326452e+00 
 1.25025600e-09  1.99830861e+00  3.01903500e+00 
 1.25045600e-09  2.00490443e+00  3.03344103e+00 
 1.25065600e-09  2.01216988e+00  3.04653379e+00 
 1.25085600e-09  2.02005783e+00  3.05838011e+00 
 1.25105600e-09  2.02852341e+00  3.06905781e+00 
 1.25125600e-09  2.03752364e+00  3.07865080e+00 
 1.25145600e-09  2.04701786e+00  3.08724563e+00 
 1.25165600e-09  2.05696805e+00  3.09492763e+00 
 1.25185600e-09  2.06734034e+00  3.10177769e+00 
 1.25205600e-09  2.07810804e+00  3.10786781e+00 
 1.25225600e-09  2.08925866e+00  3.11325436e+00 
 1.25245600e-09  2.10080756e+00  3.11796419e+00 
 1.25265600e-09  2.11282204e+00  3.12196517e+00 
 1.25285600e-09  2.12545539e+00  3.12510329e+00 
 1.25305600e-09  2.13898290e+00  3.12697649e+00 
 1.25325600e-09  2.15383136e+00  3.12670325e+00 
 1.25345600e-09  2.17060455e+00  3.12257025e+00 
 1.25365600e-09  2.19010188e+00  3.11166184e+00 
 1.25385600e-09  2.21328709e+00  3.08977465e+00 
 1.25405600e-09  2.24114662e+00  3.05196496e+00 
 1.25425600e-09  2.27441842e+00  2.99376800e+00 
 1.25445600e-09  2.31338065e+00  2.91240536e+00 
 1.25465600e-09  2.35770587e+00  2.80811730e+00 
 1.25485600e-09  2.40641013e+00  2.68474563e+00 
 1.25505600e-09  2.45777844e+00  2.54934996e+00 
 1.25525600e-09  2.50941567e+00  2.41049901e+00 
 1.25545600e-09  2.55867919e+00  2.27620907e+00 
 1.25565600e-09  2.60341812e+00  2.15291133e+00 
 1.25585600e-09  2.64228237e+00  2.04495303e+00 
 1.25605600e-09  2.67442359e+00  1.95496491e+00 
 1.25625600e-09  2.69920950e+00  1.88457532e+00 
 1.25645600e-09  2.71616722e+00  1.83483222e+00 
 1.25665600e-09  2.72518409e+00  1.80606846e+00 
 1.25685600e-09  2.72666922e+00  1.79742975e+00 
 1.25705600e-09  2.72137859e+00  1.80666345e+00 
 1.25725600e-09  2.71014318e+00  1.83050852e+00 
 1.25745600e-09  2.69378251e+00  1.86549305e+00 
 1.25765600e-09  2.67308286e+00  1.90839463e+00 
 1.25785600e-09  2.64879139e+00  1.95640302e+00 
 1.25805600e-09  2.62159475e+00  2.00722719e+00 
 1.25825600e-09  2.59211344e+00  2.05907899e+00 
 1.25845600e-09  2.56089474e+00  2.11061306e+00 
 1.25865600e-09  2.52842126e+00  2.16085208e+00 
 1.25885600e-09  2.49511141e+00  2.20911371e+00 
 1.25905600e-09  2.46132687e+00  2.25495017e+00 
 1.25925600e-09  2.42737557e+00  2.29809436e+00 
 1.25945600e-09  2.39351961e+00  2.33841907e+00 
 1.25965600e-09  2.35997922e+00  2.37590184e+00 
 1.25985600e-09  2.32694037e+00  2.41059977e+00 
 1.26005600e-09  2.29455935e+00  2.44262830e+00 
 1.26025600e-09  2.26297073e+00  2.47214782e+00 
 1.26045600e-09  2.23229400e+00  2.49935260e+00 
 1.26065600e-09  2.20264389e+00  2.52446956e+00 
 1.26085600e-09  2.17414164e+00  2.54776185e+00 
 1.26105600e-09  2.14693005e+00  2.56954010e+00 
 1.26125600e-09  2.12118935e+00  2.59017898e+00 
 1.26145600e-09  2.09714857e+00  2.61012884e+00 
 1.26165600e-09  2.07507172e+00  2.62989929e+00 
 1.26185600e-09  2.05521338e+00  2.65000266e+00 
 1.26205600e-09  2.03775544e+00  2.67086634e+00 
 1.26225600e-09  2.02276394e+00  2.69275735e+00 
 1.26245600e-09  2.01018617e+00  2.71575161e+00 
 1.26265600e-09  1.99988185e+00  2.73975214e+00 
 1.26285600e-09  1.99166409e+00  2.76453492e+00 
 1.26305600e-09  1.98532979e+00  2.78979786e+00 
 1.26325600e-09  1.98069536e+00  2.81521715e+00 
 1.26345600e-09  1.97759832e+00  2.84047241e+00 
 1.26365600e-09  1.97589440e+00  2.86526480e+00 
 1.26385600e-09  1.97546267e+00  2.88933366e+00 
 1.26405600e-09  1.97619727e+00  2.91245946e+00 
 1.26425600e-09  1.97800732e+00  2.93446818e+00 
 1.26445600e-09  1.98081370e+00  2.95522978e+00 
 1.26465600e-09  1.98454631e+00  2.97465627e+00 
 1.26485600e-09  1.98914174e+00  2.99269774e+00 
 1.26505600e-09  1.99454229e+00  3.00933894e+00 
 1.26525600e-09  2.00069392e+00  3.02459415e+00 
 1.26545600e-09  2.00754586e+00  3.03850195e+00 
 1.26565600e-09  2.01504944e+00  3.05111990e+00 
 1.26585600e-09  2.02315857e+00  3.06251958e+00 
 1.26605600e-09  2.03182889e+00  3.07278144e+00 
 1.26625600e-09  2.04101844e+00  3.08199094e+00 
 1.26645600e-09  2.05068737e+00  3.09023452e+00 
 1.26665600e-09  2.06079903e+00  3.09759630e+00 
 1.26685600e-09  2.07132167e+00  3.10415434e+00 
 1.26705600e-09  2.08223286e+00  3.10997595e+00 
 1.26725600e-09  2.09352835e+00  3.11510859e+00 
 1.26745600e-09  2.10523952e+00  3.11956191e+00 
 1.26765600e-09  2.11746136e+00  3.12326816e+00 
 1.26785600e-09  2.13038877e+00  3.12600028e+00 
 1.26805600e-09  2.14435046e+00  3.12721112e+00 
 1.26825600e-09  2.15983634e+00  3.12575520e+00 
 1.26845600e-09  2.17752219e+00  3.11950715e+00 
 1.26865600e-09  2.19827736e+00  3.10505286e+00 
 1.26885600e-09  2.22309738e+00  3.07780875e+00 
 1.26905600e-09  2.25289584e+00  3.03285873e+00 
 1.26925600e-09  2.28827358e+00  2.96611126e+00 
 1.26945600e-09  2.32930809e+00  2.87582558e+00 
 1.26965600e-09  2.37545018e+00  2.76369100e+00 
 1.26985600e-09  2.42540930e+00  2.63502837e+00 
 1.27005600e-09  2.47718277e+00  2.49758088e+00 
 1.27025600e-09  2.52822924e+00  2.35972133e+00 
 1.27045600e-09  2.57600416e+00  2.22900417e+00 
 1.27065600e-09  2.61866883e+00  2.11109896e+00 
 1.27085600e-09  2.65510188e+00  2.00964321e+00 
 1.27105600e-09  2.68456173e+00  1.92682383e+00 
 1.27125600e-09  2.70646492e+00  1.86403808e+00 
 1.27145600e-09  2.72044317e+00  1.82211824e+00 
 1.27165600e-09  2.72657392e+00  1.80101295e+00 
 1.27185600e-09  2.72543316e+00  1.79934451e+00 
 1.27205600e-09  2.71782479e+00  1.81438265e+00 
 1.27225600e-09  2.70457612e+00  1.84273670e+00 
 1.27245600e-09  2.68649792e+00  1.88101207e+00 
 1.27265600e-09  2.66436793e+00  1.92610164e+00 
 1.27285600e-09  2.63891293e+00  1.97538350e+00 
 1.27305600e-09  2.61079478e+00  2.02675574e+00 
 1.27325600e-09  2.58060411e+00  2.07860635e+00 
 1.27345600e-09  2.54886413e+00  2.12973661e+00 
 1.27365600e-09  2.51603266e+00  2.17928696e+00 
 1.27385600e-09  2.48250664e+00  2.22666978e+00 
 1.27405600e-09  2.44862676e+00  2.27150998e+00 
 1.27425600e-09  2.41468338e+00  2.31359746e+00 
 1.27445600e-09  2.38092204e+00  2.35284733e+00 
 1.27465600e-09  2.34754968e+00  2.38926977e+00 
 1.27485600e-09  2.31474028e+00  2.42294541e+00 
 1.27505600e-09  2.28264103e+00  2.45400751e+00 
 1.27525600e-09  2.25137965e+00  2.48262990e+00 
 1.27545600e-09  2.22107318e+00  2.50902001e+00 
 1.27565600e-09  2.19183747e+00  2.53341715e+00 
 1.27585600e-09  2.16379980e+00  2.55609997e+00 
 1.27605600e-09  2.13711481e+00  2.57740069e+00 
 1.27625600e-09  2.11198083e+00  2.59772227e+00 
 1.27645600e-09  2.08864300e+00  2.61754082e+00 
 1.27665600e-09  2.06736879e+00  2.63737600e+00 
 1.27685600e-09  2.04839262e+00  2.65771881e+00 
 1.27705600e-09  2.03185619e+00  2.67894363e+00 
 1.27725600e-09  2.01777914e+00  2.70124658e+00 
 1.27745600e-09  2.00607143e+00  2.72463489e+00 
 1.27765600e-09  1.99657054e+00  2.74895781e+00 
 1.27785600e-09  1.98908200e+00  2.77395772e+00 
 1.27805600e-09  1.98340537e+00  2.79931751e+00 
 1.27825600e-09  1.97936385e+00  2.82471140e+00 
 1.27845600e-09  1.97680311e+00  2.84982593e+00 
 1.27865600e-09  1.97558881e+00  2.87437597e+00 
 1.27885600e-09  1.97560491e+00  2.89811499e+00 
 1.27905600e-09  1.97675120e+00  2.92084046e+00 
 1.27925600e-09  1.97894236e+00  2.94239537e+00 
 1.27945600e-09  1.98210266e+00  2.96266561e+00 
 1.27965600e-09  1.98616491e+00  2.98157795e+00 
 1.27985600e-09  1.99106782e+00  2.99909580e+00 
 1.28005600e-09  1.99675535e+00  3.01521566e+00 
 1.28025600e-09  2.00317462e+00  3.02996141e+00 
 1.28045600e-09  2.01027581e+00  3.04337940e+00 
 1.28065600e-09  2.01801109e+00  3.05553294e+00 
 1.28085600e-09  2.02633510e+00  3.06649746e+00 
 1.28105600e-09  2.03520431e+00  3.07635575e+00 
 1.28125600e-09  2.04457764e+00  3.08519416e+00 
 1.28145600e-09  2.05441618e+00  3.09309853e+00 
 1.28165600e-09  2.06468491e+00  3.10015125e+00 
 1.28185600e-09  2.07535476e+00  3.10642699e+00 
 1.28205600e-09  2.08640873e+00  3.11198704e+00 
 1.28225600e-09  2.09785323e+00  3.11686766e+00 
 1.28245600e-09  2.10973956e+00  3.12105595e+00 
 1.28265600e-09  2.12219559e+00  3.12443753e+00 
 1.28285600e-09  2.13546262e+00  3.12669034e+00 
 1.28305600e-09  2.14992651e+00  3.12708346e+00 
 1.28325600e-09  2.16614379e+00  3.12415263e+00 
 1.28345600e-09  2.18486401e+00  3.11531351e+00 
 1.28365600e-09  2.20701761e+00  3.09666685e+00 
 1.28385600e-09  2.23358835e+00  3.06338670e+00 
 1.28405600e-09  2.26540945e+00  3.01063027e+00 
 1.28425600e-09  2.30291797e+00  2.93503535e+00 
 1.28445600e-09  2.34595698e+00  2.83612233e+00 
 1.28465600e-09  2.39370831e+00  2.71687827e+00 
 1.28485600e-09  2.44461937e+00  2.58372732e+00 
 1.28505600e-09  2.49644375e+00  2.44499156e+00 
 1.28525600e-09  2.54653849e+00  2.30890704e+00 
 1.28545600e-09  2.59257048e+00  2.18238755e+00 
 1.28565600e-09  2.63300394e+00  2.07029669e+00 
 1.28585600e-09  2.66690108e+00  1.97562896e+00 
 1.28605600e-09  2.69359216e+00  1.90020374e+00 
 1.28625600e-09  2.71255415e+00  1.84520455e+00 
 1.28645600e-09  2.72355833e+00  1.81118505e+00 
 1.28665600e-09  2.72688418e+00  1.79763316e+00 
 1.28685600e-09  2.72322898e+00  1.80259927e+00 
 1.28705600e-09  2.71341181e+00  1.82304341e+00 
 1.28725600e-09  2.69825938e+00  1.85553935e+00 
 1.28745600e-09  2.67857609e+00  1.89674944e+00 
 1.28765600e-09  2.65512382e+00  1.94373030e+00 
 1.28785600e-09  2.62860446e+00  1.99404952e+00 
 1.28805600e-09  2.59965103e+00  2.04580163e+00 
 1.28825600e-09  2.56882861e+00  2.09753778e+00 
 1.28845600e-09  2.53663556e+00  2.14819439e+00 
 1.28865600e-09  2.50350621e+00  2.19702094e+00 
 1.28885600e-09  2.46981585e+00  2.24351555e+00 
 1.28905600e-09  2.43588553e+00  2.28736984e+00 
 1.28925600e-09  2.40198823e+00  2.32842466e+00 
 1.28945600e-09  2.36835420e+00  2.36663385e+00 
 1.28965600e-09  2.33517746e+00  2.40203650e+00 
 1.28985600e-09  2.30262093e+00  2.43473434e+00 
 1.29005600e-09  2.27082394e+00  2.46487804e+00 
 1.29025600e-09  2.23990909e+00  2.49265422e+00 
 1.29045600e-09  2.20999178e+00  2.51828162e+00 
 1.29065600e-09  2.18119005e+00  2.54201297e+00 
 1.29085600e-09  2.15363913e+00  2.56414463e+00 
 1.29105600e-09  2.12750826e+00  2.58503374e+00 
 1.29125600e-09  2.10301391e+00  2.60511132e+00 
 1.29145600e-09  2.08041422e+00  2.62487557e+00 
 1.29165600e-09  2.05997209e+00  2.64484589e+00 
 1.29185600e-09  2.04189366e+00  2.66548007e+00 
 1.29205600e-09  2.02627669e+00  2.68709136e+00 
 1.29225600e-09  2.01309695e+00  2.70980467e+00 
 1.29245600e-09  2.00223269e+00  2.73356365e+00 
 1.29265600e-09  1.99350513e+00  2.75817171e+00 
 1.29285600e-09  1.98671089e+00  2.78334046e+00 
 1.29305600e-09  1.98166259e+00  2.80875012e+00 
 1.29325600e-09  1.97819222e+00  2.83407704e+00 
 1.29345600e-09  1.97615135e+00  2.85901550e+00 
 1.29365600e-09  1.97541132e+00  2.88329289e+00 
 1.29385600e-09  1.97586147e+00  2.90667835e+00 
 1.29405600e-09  1.97740877e+00  2.92898700e+00 
 1.29425600e-09  1.97997136e+00  2.95007758e+00 
 1.29445600e-09  1.98347739e+00  2.96985175e+00 
 1.29465600e-09  1.98786169e+00  2.98825007e+00 
 1.29485600e-09  1.99306543e+00  3.00524899e+00 
 1.29505600e-09  1.99903356e+00  3.02085560e+00 
 1.29525600e-09  2.00571471e+00  3.03510293e+00 
 1.29545600e-09  2.01305952e+00  3.04804406e+00 
 1.29565600e-09  2.02102138e+00  3.05974760e+00 
 1.29585600e-09  2.02955537e+00  3.07029204e+00 
 1.29605600e-09  2.03861903e+00  3.07976208e+00 
 1.29625600e-09  2.04817183e+00  3.08824417e+00 
 1.29645600e-09  2.05817635e+00  3.09582346e+00 
 1.29665600e-09  2.06859915e+00  3.10257981e+00 
 1.29685600e-09  2.07941489e+00  3.10858391e+00 
 1.29705600e-09  2.09061339e+00  3.11388946e+00 
 1.29725600e-09  2.10221484e+00  3.11851841e+00 
 1.29745600e-09  2.11429479e+00  3.12242816e+00 
 1.29765600e-09  2.12701938e+00  3.12544350e+00 
 1.29785600e-09  2.14068049e+00  3.12711966e+00 
 1.29805600e-09  2.15572480e+00  3.12649644e+00 
 1.29825600e-09  2.17277880e+00  3.12173432e+00 
 1.29845600e-09  2.19266494e+00  3.10975872e+00 
 1.29865600e-09  2.21634699e+00  3.08625299e+00 
 1.29885600e-09  2.24478592e+00  3.04619651e+00 
 1.29905600e-09  2.27870334e+00  2.98512303e+00 
 1.29925600e-09  2.31833397e+00  2.90064893e+00 
 1.29945600e-09  2.36329453e+00  2.79358397e+00 
 1.29965600e-09  2.41246308e+00  2.66846078e+00 
 1.29985600e-09  2.46400261e+00  2.53249971e+00 
 1.30005600e-09  2.51548520e+00  2.39401968e+00 
 1.30025600e-09  2.56428667e+00  2.26092050e+00 
 1.30045600e-09  2.60836233e+00  2.13939614e+00 
 1.30065600e-09  2.64644057e+00  2.03356039e+00 
 1.30085600e-09  2.67771635e+00  1.94589371e+00 
 1.30105600e-09  2.70157262e+00  1.87794878e+00 
 1.30125600e-09  2.71756788e+00  1.83071299e+00 
 1.30145600e-09  2.72564659e+00  1.80440863e+00 
 1.30165600e-09  2.72627435e+00  1.79797669e+00 
 1.30185600e-09  2.72021668e+00  1.80902389e+00 
 1.30205600e-09  2.70830341e+00  1.83431549e+00 
 1.30225600e-09  2.69136104e+00  1.87038455e+00 
 1.30245600e-09  2.67017765e+00  1.91401857e+00 
 1.30265600e-09  2.64549512e+00  1.96246302e+00 
 1.30285600e-09  2.61799088e+00  2.01348252e+00 
 1.30305600e-09  2.58827294e+00  2.06534899e+00 
 1.30325600e-09  2.55688070e+00  2.11676520e+00 
 1.30345600e-09  2.52428833e+00  2.16679204e+00 
 1.30365600e-09  2.49090717e+00  2.21477837e+00 
 1.30385600e-09  2.45709171e+00  2.26030000e+00 
 1.30405600e-09  2.42314408e+00  2.30310867e+00 
 1.30425600e-09  2.38932068e+00  2.34309085e+00 
 1.30445600e-09  2.35583734e+00  2.38023493e+00 
 1.30465600e-09  2.32287562e+00  2.41460498e+00 
 1.30485600e-09  2.29058859e+00  2.44632254e+00 
 1.30505600e-09  2.25910859e+00  2.47555324e+00 
 1.30525600e-09  2.22855474e+00  2.50249584e+00 
 1.30545600e-09  2.19904174e+00  2.52738021e+00 
 1.30565600e-09  2.17069197e+00  2.55047365e+00 
 1.30585600e-09  2.14365141e+00  2.57209329e+00 
 1.30605600e-09  2.11810590e+00  2.59262280e+00 
 1.30625600e-09  2.09428966e+00  2.61252072e+00 
 1.30645600e-09  2.07246867e+00  2.63230094e+00 
 1.30665600e-09  2.05289217e+00  2.65247048e+00 
 1.30685600e-09  2.03573019e+00  2.67344140e+00 
 1.30705600e-09  2.02103417e+00  2.69545885e+00 
 1.30725600e-09  2.00873920e+00  2.71857694e+00 
 1.30745600e-09  1.99869734e+00  2.74268100e+00 
 1.30765600e-09  1.99071210e+00  2.76753010e+00 
 1.30785600e-09  1.98459082e+00  2.79282479e+00 
 1.30805600e-09  1.98015344e+00  2.81824081e+00 
 1.30825600e-09  1.97723725e+00  2.84345775e+00 
 1.30845600e-09  1.97569951e+00  2.86817965e+00 
 1.30865600e-09  1.97541767e+00  2.89214851e+00 
 1.30885600e-09  1.97628965e+00  2.91515149e+00 
 1.30905600e-09  1.97822652e+00  2.93701968e+00 
 1.30925600e-09  1.98115100e+00  2.95762846e+00 
 1.30945600e-09  1.98499358e+00  2.97689407e+00 
 1.30965600e-09  1.98969196e+00  2.99477127e+00 
 1.30985600e-09  1.99518861e+00  3.01124820e+00 
 1.31005600e-09  2.00143022e+00  3.02634260e+00 
 1.31025600e-09  2.00836598e+00  3.04009525e+00 
 1.31045600e-09  2.01594778e+00  3.05256595e+00 
 1.31065600e-09  2.02412942e+00  3.06382722e+00 
 1.31085600e-09  2.03286712e+00  3.07396064e+00 
 1.31105600e-09  2.04211900e+00  3.08305185e+00 
 1.31125600e-09  2.05184573e+00  3.09118736e+00 
 1.31145600e-09  2.06201095e+00  3.09845057e+00 
 1.31165600e-09  2.07258379e+00  3.10491866e+00 
 1.31185600e-09  2.08354325e+00  3.11065700e+00 
 1.31205600e-09  2.09488838e+00  3.11571001e+00 
 1.31225600e-09  2.10665633e+00  3.12008060e+00 
 1.31245600e-09  2.11895220e+00  3.12368761e+00 
 1.31265600e-09  2.13198510e+00  3.12627611e+00 
 1.31285600e-09  2.14610176e+00  3.12724482e+00 
 1.31305600e-09  2.16181293e+00  3.12535227e+00 
 1.31325600e-09  2.17981801e+00  3.11833085e+00 
 1.31345600e-09  2.20100704e+00  3.10260809e+00 
 1.31365600e-09  2.22636526e+00  3.07352288e+00 
 1.31385600e-09  2.25679032e+00  3.02609404e+00 
 1.31405600e-09  2.29284509e+00  2.95644413e+00 
 1.31425600e-09  2.33456823e+00  2.86329913e+00 
 1.31445600e-09  2.38128127e+00  2.74904615e+00 
 1.31465600e-09  2.43157200e+00  2.61925175e+00 
 1.31485600e-09  2.48339210e+00  2.48155949e+00 
 1.31505600e-09  2.53416063e+00  2.34435239e+00 
 1.31525600e-09  2.58139787e+00  2.21500778e+00 
 1.31545600e-09  2.62335823e+00  2.09895484e+00 
 1.31565600e-09  2.65898901e+00  1.99963214e+00 
 1.31585600e-09  2.68757119e+00  1.91911315e+00 
 1.31605600e-09  2.70854114e+00  1.85873793e+00 
 1.31625600e-09  2.72156838e+00  1.81926534e+00 
 1.31645600e-09  2.72679534e+00  1.80046382e+00 
 1.31665600e-09  2.72482943e+00  1.80078041e+00 
 1.31685600e-09  2.71647937e+00  1.81746361e+00 
 1.31705600e-09  2.70258493e+00  1.84710491e+00 
 1.31725600e-09  2.68396228e+00  1.88630043e+00 
 1.31745600e-09  2.66138491e+00  1.93198155e+00 
 1.31765600e-09  2.63557137e+00  1.98157763e+00 
 1.31785600e-09  2.60717045e+00  2.03305480e+00 
 1.31805600e-09  2.57676530e+00  2.08485354e+00 
 1.31825600e-09  2.54487017e+00  2.13581750e+00 
 1.31845600e-09  2.51193579e+00  2.18512260e+00 
 1.31865600e-09  2.47835131e+00  2.23220814e+00 
 1.31885600e-09  2.44445137e+00  2.27672092e+00 
 1.31905600e-09  2.41052009e+00  2.31846670e+00 
 1.31925600e-09  2.37679829e+00  2.35737339e+00 
 1.31945600e-09  2.34348798e+00  2.39345947e+00 
 1.31965600e-09  2.31075949e+00  2.42681270e+00 
 1.31985600e-09  2.27875707e+00  2.45757221e+00 
 1.32005600e-09  2.24760722e+00  2.48591621e+00 
 1.32025600e-09  2.21742644e+00  2.51205549e+00 
 1.32045600e-09  2.18833100e+00  2.53623306e+00 
 1.32065600e-09  2.16045001e+00  2.55873237e+00 
 1.32085600e-09  2.13394275e+00  2.57989371e+00 
 1.32105600e-09  2.10901300e+00  2.60012860e+00 
 1.32125600e-09  2.08591067e+00  2.61992084e+00 
 1.32145600e-09  2.06490248e+00  2.63979095e+00 
 1.32165600e-09  2.04621484e+00  2.66022077e+00 
 1.32185600e-09  2.02997564e+00  2.68156583e+00 
 1.32205600e-09  2.01619035e+00  2.70399966e+00 
 1.32225600e-09  2.00475808e+00  2.72750852e+00 
 1.32245600e-09  1.99550257e+00  2.75191945e+00 
 1.32265600e-09  1.98823379e+00  2.77697053e+00 
 1.32285600e-09  1.98276334e+00  2.80234930e+00 
 1.32305600e-09  1.97891499e+00  2.82772874e+00 
 1.32325600e-09  1.97653107e+00  2.85279395e+00 
 1.32345600e-09  1.97547546e+00  2.87726168e+00 
 1.32365600e-09  1.97563574e+00  2.90089179e+00 
 1.32385600e-09  1.97691466e+00  2.92348736e+00 
 1.32405600e-09  1.97922865e+00  2.94489668e+00 
 1.32425600e-09  1.98250317e+00  2.96501038e+00 
 1.32445600e-09  1.98667201e+00  2.98375995e+00 
 1.32465600e-09  1.99167446e+00  3.00111276e+00 
 1.32485600e-09  1.99745503e+00  3.01706902e+00 
 1.32505600e-09  2.00396114e+00  3.03165539e+00 
 1.32525600e-09  2.01114329e+00  3.04492066e+00 
 1.32545600e-09  2.01895379e+00  3.05692966e+00 
 1.32565600e-09  2.02734765e+00  3.06775912e+00 
 1.32585600e-09  2.03628162e+00  3.07749244e+00 
 1.32605600e-09  2.04571492e+00  3.08621618e+00 
 1.32625600e-09  2.05560898e+00  3.09401583e+00 
 1.32645600e-09  2.06592924e+00  3.10097308e+00 
 1.32665600e-09  2.07664766e+00  3.10716133e+00 
 1.32685600e-09  2.08774932e+00  3.11263980e+00 
 1.32705600e-09  2.09924464e+00  3.11744045e+00 
 1.32725600e-09  2.11119222e+00  3.12154185e+00 
 1.32745600e-09  2.12373158e+00  3.12481181e+00 
 1.32765600e-09  2.13711979e+00  3.12689239e+00 
 1.32785600e-09  2.15176176e+00  3.12698450e+00 
 1.32805600e-09  2.16823609e+00  3.12350998e+00 
 1.32825600e-09  2.18731591e+00  3.11372995e+00 
 1.32845600e-09  2.20993752e+00  3.09361448e+00 
 1.32865600e-09  2.23708413e+00  3.05821776e+00 
 1.32885600e-09  2.26956573e+00  3.00279283e+00 
 1.32905600e-09  2.30779055e+00  2.92430890e+00 
 1.32925600e-09  2.35151455e+00  2.82297502e+00 
 1.32945600e-09  2.39975981e+00  2.70236791e+00 
 1.32965600e-09  2.45088640e+00  2.56880095e+00 
 1.32985600e-09  2.50262112e+00  2.43043591e+00 
 1.33005600e-09  2.55232369e+00  2.29545142e+00 
 1.33025600e-09  2.59774626e+00  2.17056936e+00 
 1.33045600e-09  2.63744022e+00  2.06044160e+00 
 1.33065600e-09  2.67051339e+00  1.96791643e+00 
 1.33085600e-09  2.69631320e+00  1.89474628e+00 
 1.33105600e-09  2.71433807e+00  1.84207339e+00 
 1.33125600e-09  2.72440993e+00  1.81037033e+00 
 1.33145600e-09  2.72686805e+00  1.79893458e+00 
 1.33165600e-09  2.72243010e+00  1.80570328e+00 
 1.33185600e-09  2.71192147e+00  1.82760156e+00 
 1.33205600e-09  2.69617696e+00  1.86117555e+00 
 1.33225600e-09  2.67599955e+00  1.90310374e+00 
 1.33245600e-09  2.65214359e+00  1.95048489e+00 
 1.33265600e-09  2.62529871e+00  2.00096447e+00 
 1.33285600e-09  2.59609081e+00  2.05269337e+00 
 1.33305600e-09  2.56507652e+00  2.10427053e+00 
 1.33325600e-09  2.53274697e+00  2.15467245e+00 
 1.33345600e-09  2.49952888e+00  2.20318024e+00 
 1.33365600e-09  2.46579121e+00  2.24931714e+00 
 1.33385600e-09  2.43184869e+00  2.29279388e+00 
 1.33405600e-09  2.39796920e+00  2.33346607e+00 
 1.33425600e-09  2.36437797e+00  2.37129784e+00 
 1.33445600e-09  2.33126484e+00  2.40633633e+00 
 1.33465600e-09  2.29878952e+00  2.43869018e+00 
 1.33485600e-09  2.26708954e+00  2.46851483e+00 
 1.33505600e-09  2.23628658e+00  2.49600057e+00 
 1.33525600e-09  2.20649566e+00  2.52136910e+00 
 1.33545600e-09  2.17783580e+00  2.54487711e+00 
 1.33565600e-09  2.15044567e+00  2.56682769e+00 
 1.33585600e-09  2.12449969e+00  2.58758614e+00 
 1.33605600e-09  2.10022040e+00  2.60759257e+00 
 1.33625600e-09  2.07786905e+00  2.62735085e+00 
 1.33645600e-09  2.05770502e+00  2.64737747e+00 
 1.33665600e-09  2.03992315e+00  2.66811610e+00 
 1.33685600e-09  2.02460601e+00  2.68985793e+00 
 1.33705600e-09  2.01171544e+00  2.71270414e+00 
 1.33725600e-09  2.00112048e+00  2.73657845e+00 
 1.33745600e-09  1.99263093e+00  2.76126456e+00 
 1.33765600e-09  1.98605420e+00  2.78647597e+00 
 1.33785600e-09  1.98120628e+00  2.81189144e+00 
 1.33805600e-09  1.97791896e+00  2.83718692e+00 
 1.33825600e-09  1.97604358e+00  2.86205824e+00 
 1.33845600e-09  1.97545239e+00  2.88623707e+00 
 1.33865600e-09  1.97603931e+00  2.90949949e+00 
 1.33885600e-09  1.97771228e+00  2.93166544e+00 
 1.33905600e-09  1.98039156e+00  2.95259949e+00 
 1.33925600e-09  1.98400577e+00  2.97220779e+00 
 1.33945600e-09  1.98849107e+00  2.99043588e+00 
 1.33965600e-09  1.99378875e+00  3.00726381e+00 
 1.33985600e-09  1.99984465e+00  3.02270249e+00 
 1.34005600e-09  2.00660731e+00  3.03678728e+00 
 1.34025600e-09  2.01402793e+00  3.04957368e+00 
 1.34045600e-09  2.02205986e+00  3.06113144e+00 
 1.34065600e-09  2.03065888e+00  3.07154046e+00 
 1.34085600e-09  2.03978259e+00  3.08088564e+00 
 1.34105600e-09  2.04939096e+00  3.08925355e+00 
 1.34125600e-09  2.05944663e+00  3.09672856e+00 
 1.34145600e-09  2.06991707e+00  3.10338991e+00 
 1.34165600e-09  2.08077810e+00  3.10930659e+00 
 1.34185600e-09  2.09202237e+00  3.11452970e+00 
 1.34205600e-09  2.10367500e+00  3.11907549e+00 
 1.34225600e-09  2.11582054e+00  3.12289025e+00 
 1.34245600e-09  2.12863825e+00  3.12577536e+00 
 1.34265600e-09  2.14243725e+00  3.12724010e+00 
 1.34285600e-09  2.15768426e+00  3.12624002e+00 
 1.34305600e-09  2.17502893e+00  3.12080410e+00 
 1.34325600e-09  2.19530893e+00  3.10770665e+00 
 1.34345600e-09  2.21949989e+00  3.08247339e+00 
 1.34365600e-09  2.24855657e+00  3.04007245e+00 
 1.34385600e-09  2.28318463e+00  2.97622074e+00 
 1.34405600e-09  2.32354755e+00  2.88912575e+00 
 1.34425600e-09  2.36910992e+00  2.78021533e+00 
 1.34445600e-09  2.41864775e+00  2.65402906e+00 
 1.34465600e-09  2.47028974e+00  2.51776643e+00 
 1.34485600e-09  2.52156538e+00  2.37981530e+00 
 1.34505600e-09  2.56988546e+00  2.24794423e+00 
 1.34525600e-09  2.61329819e+00  2.12813180e+00 
 1.34545600e-09  2.65060585e+00  2.02429271e+00 
 1.34565600e-09  2.68103349e+00  1.93879001e+00 
 1.34585600e-09  2.70397932e+00  1.87312236e+00 
 1.34605600e-09  2.71903231e+00  1.82822435e+00 
 1.34625600e-09  2.72619761e+00  1.80415754e+00 
 1.34645600e-09  2.72598213e+00  1.79973247e+00 
 1.34665600e-09  2.71916746e+00  1.81247627e+00 
 1.34685600e-09  2.70659761e+00  1.83909965e+00 
 1.34705600e-09  2.68910271e+00  1.87613150e+00 
 1.34725600e-09  2.66746601e+00  1.92036763e+00 
 1.34745600e-09  2.64241626e+00  1.96912597e+00 
 1.34765600e-09  2.61461932e+00  2.02024269e+00 
 1.34785600e-09  2.58467563e+00  2.07204240e+00 
 1.34805600e-09  2.55311671e+00  2.12327224e+00 
 1.34825600e-09  2.52040936e+00  2.17302954e+00 
 1.34845600e-09  2.48695787e+00  2.22069198e+00 
 1.34865600e-09  2.45311043e+00  2.26585793e+00 
 1.34885600e-09  2.41916344e+00  2.30829638e+00 
 1.34905600e-09  2.38536830e+00  2.34790692e+00 
 1.34925600e-09  2.35193629e+00  2.38468715e+00 
 1.34945600e-09  2.31904528e+00  2.41870882e+00 
 1.34965600e-09  2.28684560e+00  2.45009935e+00 
 1.34985600e-09  2.25546791e+00  2.47902811e+00 
 1.35005600e-09  2.22503043e+00  2.50569737e+00 
 1.35025600e-09  2.19564812e+00  2.53034074e+00 
 1.35045600e-09  2.16744543e+00  2.55323054e+00 
 1.35065600e-09  2.14057245e+00  2.57469099e+00 
 1.35085600e-09  2.11522085e+00  2.59511462e+00 
 1.35105600e-09  2.09163028e+00  2.61496844e+00 
 1.35125600e-09  2.07006778e+00  2.63476942e+00 
 1.35145600e-09  2.05077605e+00  2.65501754e+00 
 1.35165600e-09  2.03391178e+00  2.67610723e+00 
 1.35185600e-09  2.01951116e+00  2.69826027e+00 
 1.35205600e-09  2.00749692e+00  2.72150802e+00 
 1.35225600e-09  1.99770533e+00  2.74571081e+00 
 1.35245600e-09  1.98995040e+00  2.77062732e+00 
 1.35265600e-09  1.98404196e+00  2.79595397e+00 
 1.35285600e-09  1.97979900e+00  2.82136409e+00 
 1.35305600e-09  1.97705767e+00  2.84653672e+00 
 1.35325600e-09  1.97567601e+00  2.87117933e+00 
 1.35345600e-09  1.97553701e+00  2.89504102e+00 
 1.35365600e-09  1.97653970e+00  2.91791364e+00 
 1.35385600e-09  1.97859769e+00  2.93963431e+00 
 1.35405600e-09  1.98163419e+00  2.96008303e+00 
 1.35425600e-09  1.98558124e+00  2.97918145e+00 
 1.35445600e-09  1.99037670e+00  2.99688812e+00 
 1.35465600e-09  1.99596408e+00  3.01319551e+00 
 1.35485600e-09  2.00228997e+00  3.02812404e+00 
 1.35505600e-09  2.00930419e+00  3.04171737e+00 
 1.35525600e-09  2.01695855e+00  3.05403675e+00 
 1.35545600e-09  2.02520764e+00  3.06515655e+00 
 1.35565600e-09  2.03400760e+00  3.07515872e+00 
 1.35585600e-09  2.04331713e+00  3.08412942e+00 
 1.35605600e-09  2.05309687e+00  3.09215465e+00 
 1.35625600e-09  2.06331116e+00  3.09931745e+00 
 1.35645600e-09  2.07392979e+00  3.10569372e+00 
 1.35665600e-09  2.08493374e+00  3.11134719e+00 
 1.35685600e-09  2.09632522e+00  3.11631844e+00 
 1.35705600e-09  2.10814794e+00  3.12060345e+00 
 1.35725600e-09  2.12051729e+00  3.12410604e+00 
 1.35745600e-09  2.13365738e+00  3.12654127e+00 
 1.35765600e-09  2.14793307e+00  3.12724921e+00 
 1.35785600e-09  2.16387653e+00  3.12488692e+00 
 1.35805600e-09  2.18220600e+00  3.11704329e+00 
 1.35825600e-09  2.20382233e+00  3.09998449e+00 
 1.35845600e-09  2.22972376e+00  3.06890937e+00 
 1.35865600e-09  2.26081820e+00  3.01887790e+00 
 1.35885600e-09  2.29762103e+00  2.94648737e+00 
 1.35905600e-09  2.34002856e+00  2.85105941e+00 
 1.35925600e-09  2.38724642e+00  2.73510736e+00 
 1.35945600e-09  2.43781550e+00  2.60429110e+00 
 1.35965600e-09  2.48962870e+00  2.46646376e+00 
 1.35985600e-09  2.54007739e+00  2.32997661e+00 
 1.36005600e-09  2.58674662e+00  2.20202389e+00 
 1.36025600e-09  2.62798879e+00  2.08780089e+00 
 1.36045600e-09  2.66280759e+00  1.99056300e+00 
 1.36065600e-09  2.69050700e+00  1.91228613e+00 
 1.36085600e-09  2.71054054e+00  1.85425828e+00 
 1.36105600e-09  2.72262622e+00  1.81710849e+00 
 1.36125600e-09  2.72695395e+00  1.80048197e+00 
 1.36145600e-09  2.72416183e+00  1.80272541e+00 
 1.36165600e-09  2.71508620e+00  1.82100643e+00 
 1.36185600e-09  2.70057830e+00  1.85187768e+00 
 1.36205600e-09  2.68144671e+00  1.89190312e+00 
 1.36225600e-09  2.65845374e+00  1.93808550e+00 
 1.36245600e-09  2.63230392e+00  1.98793209e+00 
 1.36265600e-09  2.60364013e+00  2.03946570e+00 
 1.36285600e-09  2.57303581e+00  2.09117452e+00 
 1.36305600e-09  2.54099866e+00  2.14194375e+00 
 1.36325600e-09  2.50797082e+00  2.19098161e+00 
 1.36345600e-09  2.47433551e+00  2.23775391e+00 
 1.36365600e-09  2.44042039e+00  2.28192716e+00 
 1.36385600e-09  2.40650473e+00  2.32332294e+00 
 1.36405600e-09  2.37282379e+00  2.36187996e+00 
 1.36425600e-09  2.33957581e+00  2.39762596e+00 
 1.36445600e-09  2.30692746e+00  2.43065545e+00 
 1.36465600e-09  2.27502142e+00  2.46111289e+00 
 1.36485600e-09  2.24398249e+00  2.48918006e+00 
 1.36505600e-09  2.21392641e+00  2.51507033e+00 
 1.36525600e-09  2.18496979e+00  2.53903075e+00 
 1.36545600e-09  2.15724472e+00  2.56135097e+00 
 1.36565600e-09  2.13091493e+00  2.58237884e+00 
 1.36585600e-09  2.10619041e+00  2.60253504e+00 
 1.36605600e-09  2.08332510e+00  2.62231030e+00 
 1.36625600e-09  2.06258444e+00  2.64222511e+00 
 1.36645600e-09  2.04418556e+00  2.66275041e+00 
 1.36665600e-09  2.02824221e+00  2.68422190e+00 
 1.36685600e-09  2.01474546e+00  2.70678988e+00 
 1.36705600e-09  2.00358427e+00  2.73041998e+00 
 1.36725600e-09  1.99457726e+00  2.75492456e+00 
 1.36745600e-09  1.98753324e+00  2.78003309e+00 
 1.36765600e-09  1.98226913e+00  2.80543292e+00 
 1.36785600e-09  1.97860507e+00  2.83079272e+00 
 1.36805600e-09  1.97638525e+00  2.85580063e+00 
 1.36825600e-09  1.97547950e+00  2.88018013e+00 
 1.36845600e-09  1.97577705e+00  2.90369587e+00 
 1.36865600e-09  1.97718298e+00  2.92615661e+00 
 1.36885600e-09  1.97961463e+00  2.94741567e+00 
 1.36905600e-09  1.98299878e+00  2.96736894e+00 
 1.36925600e-09  1.98726967e+00  2.98595224e+00 
 1.36945600e-09  1.99236747e+00  3.00313728e+00 
 1.36965600e-09  1.99823689e+00  3.01892759e+00 
 1.36985600e-09  2.00482578e+00  3.03335280e+00 
 1.37005600e-09  2.01208472e+00  3.04646378e+00 
 1.37025600e-09  2.01996669e+00  3.05832732e+00 
 1.37045600e-09  2.02842678e+00  3.06902107e+00 
 1.37065600e-09  2.03742215e+00  3.07862907e+00 
 1.37085600e-09  2.04691205e+00  3.08723775e+00 
 1.37105600e-09  2.05685837e+00  3.09493240e+00 
 1.37125600e-09  2.06722707e+00  3.10179389e+00 
 1.37145600e-09  2.07799132e+00  3.10789445e+00 
 1.37165600e-09  2.08913836e+00  3.11329079e+00 
 1.37185600e-09  2.10068301e+00  3.11801040e+00 
 1.37205600e-09  2.11269157e+00  3.12202233e+00 
 1.37225600e-09  2.12531580e+00  3.12517514e+00 
 1.37245600e-09  2.13882892e+00  3.12707184e+00 
 1.37265600e-09  2.15365530e+00  3.12684038e+00 
 1.37285600e-09  2.17039266e+00  3.12278333e+00 
 1.37305600e-09  2.18983044e+00  3.11200149e+00 
 1.37325600e-09  2.21292733e+00  3.09029721e+00 
 1.37345600e-09  2.24066956e+00  3.05267948e+00 
 1.37365600e-09  2.27385466e+00  2.99452737e+00 
 1.37385600e-09  2.31279549e+00  2.91334442e+00 
 1.37405600e-09  2.35713256e+00  2.80969172e+00 
 1.37425600e-09  2.40581347e+00  2.68731441e+00 
 1.37445600e-09  2.45713152e+00  2.55284866e+00 
 1.37465600e-09  2.50874851e+00  2.41455945e+00 
 1.37485600e-09  2.55802483e+00  2.28051761e+00 
 1.37505600e-09  2.60280748e+00  2.15721592e+00 
 1.37525600e-09  2.64173434e+00  2.04906534e+00 
 1.37545600e-09  2.67395783e+00  1.95875045e+00 
 1.37565600e-09  2.69884197e+00  1.88793886e+00 
 1.37585600e-09  2.71591147e+00  1.83771307e+00 
 1.37605600e-09  2.72504452e+00  1.80838941e+00 
 1.37625600e-09  2.72662806e+00  1.79913076e+00 
 1.37645600e-09  2.72140143e+00  1.80781628e+00 
 1.37665600e-09  2.71021536e+00  1.83126551e+00 
 1.37685600e-09  2.69390603e+00  1.86595531e+00 
 1.37705600e-09  2.67326023e+00  1.90861767e+00 
 1.37725600e-09  2.64902169e+00  1.95644058e+00 
 1.37745600e-09  2.62187177e+00  2.00712731e+00 
 1.37765600e-09  2.59242875e+00  2.05888324e+00 
 1.37785600e-09  2.56124073e+00  2.11035375e+00 
 1.37805600e-09  2.52879126e+00  2.16055370e+00 
 1.37825600e-09  2.49549956e+00  2.20879492e+00 
 1.37845600e-09  2.46172804e+00  2.25462461e+00 
 1.37865600e-09  2.42778537e+00  2.29777217e+00 
 1.37885600e-09  2.39393405e+00  2.33810674e+00 
 1.37905600e-09  2.36039446e+00  2.37560346e+00 
 1.37925600e-09  2.32735280e+00  2.41031777e+00 
 1.37945600e-09  2.29496632e+00  2.44236488e+00 
 1.37965600e-09  2.26337026e+00  2.47190399e+00 
 1.37985600e-09  2.23268484e+00  2.49912872e+00 
 1.38005600e-09  2.20302483e+00  2.52426479e+00 
 1.38025600e-09  2.17451068e+00  2.54757357e+00 
 1.38045600e-09  2.14728447e+00  2.56936449e+00 
 1.38065600e-09  2.12152594e+00  2.59001133e+00 
 1.38085600e-09  2.09746328e+00  2.60996289e+00 
 1.38105600e-09  2.07536031e+00  2.62972814e+00 
 1.38125600e-09  2.05547217e+00  2.64981969e+00 
 1.38145600e-09  2.03798229e+00  2.67066684e+00 
 1.38165600e-09  2.02295858e+00  2.69253916e+00 
 1.38185600e-09  2.01034997e+00  2.71551544e+00 
 1.38205600e-09  2.00001718e+00  2.73950083e+00 
 1.38225600e-09  1.99176676e+00  2.76426699e+00 
 1.38245600e-09  1.98541105e+00  2.78952498e+00 
 1.38265600e-09  1.98076385e+00  2.81494846e+00 
 1.38285600e-09  1.97765304e+00  2.84021047e+00 
 1.38305600e-09  1.97593581e+00  2.86501312e+00 
 1.38325600e-09  1.97548912e+00  2.88909420e+00 
 1.38345600e-09  1.97620917e+00  2.91223512e+00 
 1.38365600e-09  1.97800556e+00  2.93426105e+00 
 1.38385600e-09  1.98079971e+00  2.95504182e+00 
 1.38405600e-09  1.98452101e+00  2.97448830e+00 
 1.38425600e-09  1.98910632e+00  2.99255049e+00 
 1.38445600e-09  1.99449740e+00  3.00921223e+00 
 1.38465600e-09  2.00064049e+00  3.02448778e+00 
 1.38485600e-09  2.00748429e+00  3.03841494e+00 
 1.38505600e-09  2.01498040e+00  3.05105138e+00 
 1.38525600e-09  2.02308248e+00  3.06246828e+00 
 1.38545600e-09  2.03174659e+00  3.07274643e+00 
 1.38565600e-09  2.04093047e+00  3.08197095e+00 
 1.38585600e-09  2.05059435e+00  3.09022836e+00 
 1.38605600e-09  2.06070132e+00  3.09760260e+00 
 1.38625600e-09  2.07121963e+00  3.10417204e+00 
 1.38645600e-09  2.08212652e+00  3.11000402e+00 
 1.38665600e-09  2.09341754e+00  3.11514664e+00 
 1.38685600e-09  2.10512322e+00  3.11961015e+00 
 1.38705600e-09  2.11733751e+00  3.12332857e+00 
 1.38725600e-09  2.13025344e+00  3.12607801e+00 
 1.38745600e-09  2.14419762e+00  3.12731794e+00 
 1.38765600e-09  2.15965481e+00  3.12591379e+00 
 1.38785600e-09  2.17729226e+00  3.11975441e+00 
 1.38805600e-09  2.19797438e+00  3.10544171e+00 
 1.38825600e-09  2.22269420e+00  3.07838353e+00 
 1.38845600e-09  2.25241011e+00  3.03354398e+00 
 1.38865600e-09  2.28775646e+00  2.96702126e+00 
 1.38885600e-09  2.32879383e+00  2.87734973e+00 
 1.38905600e-09  2.37490392e+00  2.76619422e+00 
 1.38925600e-09  2.42479506e+00  2.63848009e+00 
 1.38945600e-09  2.47652320e+00  2.50163995e+00 
 1.38965600e-09  2.52756181e+00  2.36407960e+00 
 1.38985600e-09  2.57536794e+00  2.23339983e+00 
 1.39005600e-09  2.61808875e+00  2.11533080e+00 
 1.39025600e-09  2.65459944e+00  2.01356779e+00 
 1.39045600e-09  2.68415352e+00  1.93034093e+00 
 1.39065600e-09  2.70616696e+00  1.86708103e+00 
 1.39085600e-09  2.72026343e+00  1.82465042e+00 
 1.39105600e-09  2.72651094e+00  1.80298437e+00 
 1.39125600e-09  2.72546514e+00  1.80072852e+00 
 1.39145600e-09  2.71792278e+00  1.81531000e+00 
 1.39165600e-09  2.70473212e+00  1.84335110e+00 
 1.39185600e-09  2.68671601e+00  1.88136705e+00 
 1.39205600e-09  2.66464580e+00  1.92624419e+00 
 1.39225600e-09  2.63924413e+00  1.97536242e+00 
 1.39245600e-09  2.61116881e+00  2.02661760e+00 
 1.39265600e-09  2.58101270e+00  2.07838839e+00 
 1.39285600e-09  2.54929912e+00  2.12946679e+00 
 1.39305600e-09  2.51648766e+00  2.17898705e+00 
 1.39325600e-09  2.48297546e+00  2.22635559e+00 
 1.39345600e-09  2.44910460e+00  2.27119358e+00 
 1.39365600e-09  2.41516551e+00  2.31328675e+00 
 1.39385600e-09  2.38140431e+00  2.35254750e+00 
 1.39405600e-09  2.34802789e+00  2.38898391e+00 
 1.39425600e-09  2.31521158e+00  2.42267643e+00 
 1.39445600e-09  2.28310349e+00  2.45375765e+00 
 1.39465600e-09  2.25183225e+00  2.48240018e+00 
 1.39485600e-09  2.22151477e+00  2.50880981e+00 
 1.39505600e-09  2.19226643e+00  2.53322464e+00 
 1.39525600e-09  2.16421383e+00  2.55592217e+00 
 1.39545600e-09  2.13751138e+00  2.57723400e+00 
 1.39565600e-09  2.11235649e+00  2.59756155e+00 
 1.39585600e-09  2.08899394e+00  2.61737992e+00 
 1.39605600e-09  2.06769106e+00  2.63720825e+00 
 1.39625600e-09  2.04868328e+00  2.65753851e+00 
 1.39645600e-09  2.03211384e+00  2.67874703e+00 
 1.39665600e-09  2.01800421e+00  2.70103266e+00 
 1.39685600e-09  2.00626560e+00  2.72440498e+00 
 1.39705600e-09  1.99672800e+00  2.74870808e+00 
 1.39725600e-09  1.98920963e+00  2.77369563e+00 
 1.39745600e-09  1.98351618e+00  2.79905537e+00 
 1.39765600e-09  1.97946063e+00  2.82445426e+00 
 1.39785600e-09  1.97688587e+00  2.84957709e+00 
 1.39805600e-09  1.97565561e+00  2.87413739e+00 
 1.39825600e-09  1.97565548e+00  2.89788947e+00 
 1.39845600e-09  1.97678650e+00  2.92063055e+00 
 1.39865600e-09  1.97896363e+00  2.94220318e+00 
 1.39885600e-09  1.98211100e+00  2.96249241e+00 
 1.39905600e-09  1.98616144e+00  2.98142464e+00 
 1.39925600e-09  1.99105337e+00  2.99896259e+00 
 1.39945600e-09  1.99673079e+00  3.01510247e+00 
 1.39965600e-09  2.00314049e+00  3.02986758e+00 
 1.39985600e-09  2.01023273e+00  3.04330412e+00 
 1.40005600e-09  2.01795963e+00  3.05547516e+00 
 1.40025600e-09  2.02627607e+00  3.06645628e+00 
 1.40045600e-09  2.03513842e+00  3.07633002e+00 
 1.40065600e-09  2.04450548e+00  3.08518265e+00 
 1.40085600e-09  2.05433825e+00  3.09309993e+00 
 1.40105600e-09  2.06460160e+00  3.10016437e+00 
 1.40125600e-09  2.07526630e+00  3.10645074e+00 
 1.40145600e-09  2.08631520e+00  3.11202073e+00 
 1.40165600e-09  2.09775418e+00  3.11691103e+00 
 1.40185600e-09  2.10963374e+00  3.12110982e+00 
 1.40205600e-09  2.12208029e+00  3.12450477e+00 
 1.40225600e-09  2.13533322e+00  3.12677817e+00 
 1.40245600e-09  2.14977602e+00  3.12720719e+00 
 1.40265600e-09  2.16595966e+00  3.12434141e+00 
 1.40285600e-09  2.18462424e+00  3.11561219e+00 
 1.40305600e-09  2.20669521e+00  3.09713201e+00 
 1.40325600e-09  2.23318937e+00  3.06399937e+00 
 1.40345600e-09  2.26497065e+00  3.01148505e+00 
 1.40365600e-09  2.30247116e+00  2.93644263e+00 
 1.40385600e-09  2.34550368e+00  2.83845866e+00 
 1.40405600e-09  2.39320324e+00  2.72045775e+00 
 1.40425600e-09  2.44403772e+00  2.58841995e+00 
 1.40445600e-09  2.49582424e+00  2.45035806e+00 
 1.40465600e-09  2.54593317e+00  2.31455973e+00 
 1.40485600e-09  2.59202372e+00  2.18801113e+00 
 1.40505600e-09  2.63254300e+00  2.07566051e+00 
 1.40525600e-09  2.66654586e+00  1.98057506e+00 
 1.40545600e-09  2.69335725e+00  1.90462912e+00 
 1.40565600e-09  2.71244987e+00  1.84904829e+00 
 1.40585600e-09  2.72358929e+00  1.81437217e+00 
 1.40605600e-09  2.72702954e+00  1.80009815e+00 
 1.40625600e-09  2.72344748e+00  1.80444807e+00 
 1.40645600e-09  2.71369040e+00  1.82443727e+00 
 1.40665600e-09  2.69860315e+00  1.85655628e+00 
 1.40685600e-09  2.67898218e+00  1.89744646e+00 
 1.40705600e-09  2.65558508e+00  1.94416912e+00 
 1.40725600e-09  2.62910879e+00  1.99429332e+00 
 1.40745600e-09  2.60018914e+00  2.04590141e+00 
 1.40765600e-09  2.56939125e+00  2.09753246e+00 
 1.40785600e-09  2.53721559e+00  2.14811457e+00 
 1.40805600e-09  2.50409674e+00  2.19688975e+00 
 1.40825600e-09  2.47041163e+00  2.24335095e+00 
 1.40845600e-09  2.43648146e+00  2.28718492e+00 
 1.40865600e-09  2.40257986e+00  2.32822861e+00 
 1.40885600e-09  2.36893712e+00  2.36643315e+00 
 1.40905600e-09  2.33574850e+00  2.40183639e+00 
 1.40925600e-09  2.30317798e+00  2.43453985e+00 
 1.40945600e-09  2.27136589e+00  2.46469255e+00 
 1.40965600e-09  2.24043520e+00  2.49247959e+00 
 1.40985600e-09  2.21050128e+00  2.51811866e+00 
 1.41005600e-09  2.18168167e+00  2.54186104e+00 
 1.41025600e-09  2.15411160e+00  2.56400265e+00 
 1.41045600e-09  2.12795976e+00  2.58489938e+00 
 1.41065600e-09  2.10344222e+00  2.60498118e+00 
 1.41085600e-09  2.08081664e+00  2.62474530e+00 
 1.41105600e-09  2.06034613e+00  2.64471096e+00 
 1.41125600e-09  2.04223751e+00  2.66533665e+00 
 1.41145600e-09  2.02658981e+00  2.68693715e+00 
 1.41165600e-09  2.01337989e+00  2.70963922e+00 
 1.41185600e-09  2.00248693e+00  2.73338815e+00 
 1.41205600e-09  1.99373256e+00  2.75798856e+00 
 1.41225600e-09  1.98691905e+00  2.78315722e+00 
 1.41245600e-09  1.98185456e+00  2.80857093e+00 
 1.41265600e-09  1.97836670e+00  2.83390302e+00 
 1.41285600e-09  1.97630612e+00  2.85884727e+00 
 1.41305600e-09  1.97554571e+00  2.88313211e+00 
 1.41325600e-09  1.97597701e+00  2.90652756e+00 
 1.41345600e-09  1.97750674e+00  2.92884804e+00 
 1.41365600e-09  1.98005331e+00  2.94995212e+00 
 1.41385600e-09  1.98354443e+00  2.96974081e+00 
 1.41405600e-09  1.98791498e+00  2.98815442e+00 
 1.41425600e-09  1.99310576e+00  3.00516883e+00 
 1.41445600e-09  1.99906167e+00  3.02079088e+00 
 1.41465600e-09  2.00573112e+00  3.03505314e+00 
 1.41485600e-09  2.01306500e+00  3.04800870e+00 
 1.41505600e-09  2.02101661e+00  3.05972595e+00 
 1.41525600e-09  2.02954123e+00  3.07028344e+00 
 1.41545600e-09  2.03859615e+00  3.07976557e+00 
 1.41565600e-09  2.04814087e+00  3.08825879e+00 
 1.41585600e-09  2.05813771e+00  3.09584814e+00 
 1.41605600e-09  2.06855330e+00  3.10261368e+00 
 1.41625600e-09  2.07936204e+00  3.10862623e+00 
 1.41645600e-09  2.09055356e+00  3.11393989e+00 
 1.41665600e-09  2.10214738e+00  3.11857716e+00 
 1.41685600e-09  2.11421806e+00  3.12249684e+00 
 1.41705600e-09  2.12693004e+00  3.12552638e+00 
 1.41725600e-09  2.14057319e+00  3.12722657e+00 
 1.41745600e-09  2.15558942e+00  3.12664657e+00 
 1.41765600e-09  2.17259708e+00  3.12195966e+00 
 1.41785600e-09  2.19241389e+00  3.11010827e+00 
 1.41805600e-09  2.21602603e+00  3.08673930e+00 
 1.41825600e-09  2.24442048e+00  3.04689536e+00 
 1.41845600e-09  2.27832043e+00  2.98626415e+00 
 1.41865600e-09  2.31794041e+00  2.90257231e+00 
 1.41885600e-09  2.36284801e+00  2.79663589e+00 
 1.41905600e-09  2.41192784e+00  2.67258584e+00 
 1.41925600e-09  2.46340404e+00  2.53732469e+00 
 1.41945600e-09  2.51487530e+00  2.39919031e+00 
 1.41965600e-09  2.56372005e+00  2.26612807e+00 
 1.41985600e-09  2.60787503e+00  2.14440415e+00 
 1.42005600e-09  2.64605609e+00  2.03820567e+00 
 1.42025600e-09  2.67744978e+00  1.95007128e+00 
 1.42045600e-09  2.70143553e+00  1.88159489e+00 
 1.42065600e-09  2.71756517e+00  1.83379734e+00 
 1.42085600e-09  2.72577484e+00  1.80688393e+00 
 1.42105600e-09  2.72651057e+00  1.79990064e+00 
 1.42125600e-09  2.72054273e+00  1.81053290e+00 
 1.42145600e-09  2.70871882e+00  1.83547557e+00 
 1.42165600e-09  2.69186302e+00  1.87124883e+00 
 1.42185600e-09  2.67075820e+00  1.91463239e+00 
 1.42205600e-09  2.64614190e+00  1.96287417e+00 
 1.42225600e-09  2.61868879e+00  2.01374004e+00 
 1.42245600e-09  2.58900934e+00  2.06549177e+00 
 1.42265600e-09  2.55764422e+00  2.11682323e+00 
 1.42285600e-09  2.52506950e+00  2.16678870e+00 
 1.42305600e-09  2.49169765e+00  2.21473151e+00 
 1.42325600e-09  2.45788452e+00  2.26022320e+00 
 1.42345600e-09  2.42393253e+00  2.30301116e+00 
 1.42365600e-09  2.39009893e+00  2.34297929e+00 
 1.42385600e-09  2.35660071e+00  2.38011480e+00 
 1.42405600e-09  2.32362117e+00  2.41448193e+00 
 1.42425600e-09  2.29131464e+00  2.44620122e+00 
 1.42445600e-09  2.25981405e+00  2.47543587e+00 
 1.42465600e-09  2.22923841e+00  2.50238368e+00 
 1.42485600e-09  2.19970257e+00  2.52727418e+00 
 1.42505600e-09  2.17132890e+00  2.55037379e+00 
 1.42525600e-09  2.14426337e+00  2.57199892e+00 
 1.42545600e-09  2.11869147e+00  2.59253225e+00 
 1.42565600e-09  2.09484714e+00  2.61243151e+00 
 1.42585600e-09  2.07299611e+00  2.63220986e+00 
 1.42605600e-09  2.05338790e+00  2.65237433e+00 
 1.42625600e-09  2.03619316e+00  2.67333761e+00 
 1.42645600e-09  2.02146428e+00  2.69534608e+00 
 1.42665600e-09  2.00913716e+00  2.71845515e+00 
 1.42685600e-09  1.99906450e+00  2.74255138e+00 
 1.42705600e-09  1.99105678e+00  2.76740024e+00 
 1.42725600e-09  1.98491629e+00  2.79269844e+00 
 1.42745600e-09  1.98045754e+00  2.81811796e+00 
 1.42765600e-09  1.97751673e+00  2.84333765e+00 
 1.42785600e-09  1.97595315e+00  2.86806312e+00 
 1.42805600e-09  1.97564718e+00  2.89203790e+00 
 1.42825600e-09  1.97649646e+00  2.91504857e+00 
 1.42845600e-09  1.97841248e+00  2.93692624e+00 
 1.42865600e-09  1.98131738e+00  2.95754570e+00 
 1.42885600e-09  1.98514177e+00  2.97682311e+00 
 1.42905600e-09  1.98982289e+00  2.99471260e+00 
 1.42925600e-09  1.99530318e+00  3.01120214e+00 
 1.42945600e-09  2.00152904e+00  3.02630896e+00 
 1.42965600e-09  2.00844998e+00  3.04007390e+00 
 1.42985600e-09  2.01601775e+00  3.05255642e+00 
 1.43005600e-09  2.02418640e+00  3.06382915e+00 
 1.43025600e-09  2.03291186e+00  3.07397329e+00 
 1.43045600e-09  2.04215229e+00  3.08307446e+00 
 1.43065600e-09  2.05186812e+00  3.09121900e+00 
 1.43085600e-09  2.06202304e+00  3.09849048e+00 
 1.43105600e-09  2.07258601e+00  3.10496612e+00 
 1.43125600e-09  2.08353596e+00  3.11071161e+00 
 1.43145600e-09  2.09487143e+00  3.11577163e+00 
 1.43165600e-09  2.10662892e+00  3.12015004e+00 
 1.43185600e-09  2.11891218e+00  3.12376730e+00 
 1.43205600e-09  2.13192858e+00  3.12637211e+00 
 1.43225600e-09  2.14602087e+00  3.12736946e+00 
 1.43245600e-09  2.16169287e+00  3.12552752e+00 
 1.43265600e-09  2.17963915e+00  3.11859421e+00 
 1.43285600e-09  2.20075538e+00  3.10299943e+00 
 1.43305600e-09  2.22605142e+00  3.07407108e+00 
 1.43325600e-09  2.25644082e+00  3.02692182e+00 
 1.43345600e-09  2.29247989e+00  2.95782703e+00 
 1.43365600e-09  2.33415626e+00  2.86558433e+00 
 1.43385600e-09  2.38078313e+00  2.75226026e+00 
 1.43405600e-09  2.43099688e+00  2.62312034e+00 
 1.43425600e-09  2.48277939e+00  2.48580244e+00 
 1.43445600e-09  2.53356367e+00  2.34870179e+00 
 1.43465600e-09  2.58085900e+00  2.21924288e+00 
 1.43485600e-09  2.62290646e+00  2.10291568e+00 
 1.43505600e-09  2.65864136e+00  2.00321354e+00 
 1.43525600e-09  2.68734096e+00  1.92224986e+00 
 1.43545600e-09  2.70843686e+00  1.86139214e+00 
 1.43565600e-09  2.72159227e+00  1.82142566e+00 
 1.43585600e-09  2.72693944e+00  1.80219774e+00 
 1.43605600e-09  2.72509116e+00  1.80219414e+00 
 1.43625600e-09  2.71686111e+00  1.81861447e+00 
 1.43645600e-09  2.70308191e+00  1.84802233e+00 
 1.43665600e-09  2.68456379e+00  1.88700110e+00 
 1.43685600e-09  2.66207492e+00  1.93249415e+00 
 1.43705600e-09  2.63633095e+00  1.98194428e+00 
 1.43725600e-09  2.60798350e+00  2.03330982e+00 
 1.43745600e-09  2.57761739e+00  2.08502366e+00 
 1.43765600e-09  2.54574917e+00  2.13592388e+00 
 1.43785600e-09  2.51283100e+00  2.18518143e+00 
 1.43805600e-09  2.47925395e+00  2.23223215e+00 
 1.43825600e-09  2.44535369e+00  2.27671945e+00 
 1.43845600e-09  2.41141520e+00  2.31844622e+00 
 1.43865600e-09  2.37767996e+00  2.35733843e+00 
 1.43885600e-09  2.34435192e+00  2.39341524e+00 
 1.43905600e-09  2.31160308e+00  2.42676378e+00 
 1.43925600e-09  2.27957889e+00  2.45752166e+00 
 1.43945600e-09  2.24840609e+00  2.48586605e+00 
 1.43965600e-09  2.21820106e+00  2.51200655e+00 
 1.43985600e-09  2.18907999e+00  2.53618554e+00 
 1.44005600e-09  2.16117223e+00  2.55868635e+00 
 1.44025600e-09  2.13463690e+00  2.57984846e+00 
 1.44045600e-09  2.10967774e+00  2.60008273e+00 
 1.44065600e-09  2.08654431e+00  2.61987214e+00 
 1.44085600e-09  2.06550337e+00  2.63973685e+00 
 1.44105600e-09  2.04678162e+00  2.66015878e+00 
 1.44125600e-09  2.03050771e+00  2.68149427e+00 
 1.44145600e-09  2.01668784e+00  2.70391789e+00 
 1.44165600e-09  2.00522188e+00  2.72741707e+00 
 1.44185600e-09  1.99594203e+00  2.75182663e+00 
 1.44205600e-09  1.98865248e+00  2.77688036e+00 
 1.44225600e-09  1.98315840e+00  2.80226122e+00 
 1.44245600e-09  1.97928191e+00  2.82764079e+00 
 1.44265600e-09  1.97686798e+00  2.85270622e+00 
 1.44285600e-09  1.97578425e+00  2.87717647e+00 
 1.44305600e-09  1.97591800e+00  2.90081089e+00 
 1.44325600e-09  1.97717250e+00  2.92341278e+00 
 1.44345600e-09  1.97946355e+00  2.94482984e+00 
 1.44365600e-09  1.98271672e+00  2.96495272e+00 
 1.44385600e-09  1.98686526e+00  2.98371226e+00 
 1.44405600e-09  1.99184842e+00  3.00107573e+00 
 1.44425600e-09  1.99761040e+00  3.01704276e+00 
 1.44445600e-09  2.00409896e+00  3.03164005e+00 
 1.44465600e-09  2.01126434e+00  3.04491594e+00 
 1.44485600e-09  2.01905922e+00  3.05693542e+00 
 1.44505600e-09  2.02743838e+00  3.06777490e+00 
 1.44525600e-09  2.03635855e+00  3.07751764e+00 
 1.44545600e-09  2.04577869e+00  3.08624994e+00 
 1.44565600e-09  2.05566030e+00  3.09405748e+00 
 1.44585600e-09  2.06596868e+00  3.10102191e+00 
 1.44605600e-09  2.07667578e+00  3.10721689e+00 
 1.44625600e-09  2.08776633e+00  3.11270175e+00 
 1.44645600e-09  2.09925034e+00  3.11750909e+00 
 1.44665600e-09  2.11118538e+00  3.12161842e+00 
 1.44685600e-09  2.12370956e+00  3.12489993e+00 
 1.44705600e-09  2.13707682e+00  3.12699978e+00 
 1.44725600e-09  2.15168642e+00  3.12712596e+00 
 1.44745600e-09  2.16811179e+00  3.12371245e+00 
 1.44765600e-09  2.18712840e+00  3.11403132e+00 
 1.44785600e-09  2.20969034e+00  3.09405333e+00 
 1.44805600e-09  2.23679478e+00  3.05888512e+00 
 1.44825600e-09  2.26925125e+00  3.00389247e+00 
 1.44845600e-09  2.30742663e+00  2.92615501e+00 
 1.44865600e-09  2.35106362e+00  2.82564248e+00 
 1.44885600e-09  2.39922042e+00  2.70566354e+00 
 1.44905600e-09  2.45028894e+00  2.57250423e+00 
 1.44925600e-09  2.50201631e+00  2.43430719e+00 
 1.44945600e-09  2.55176272e+00  2.29927489e+00 
 1.44965600e-09  2.59726783e+00  2.17417818e+00 
 1.44985600e-09  2.63706585e+00  2.06372421e+00 
 1.45005600e-09  2.67027836e+00  1.97075085e+00 
 1.45025600e-09  2.69616946e+00  1.89701684e+00 
 1.45045600e-09  2.71421070e+00  1.84372484e+00 
 1.45065600e-09  2.72430485e+00  1.81141975e+00 
 1.45085600e-09  2.72679985e+00  1.79950591e+00 
 1.45105600e-09  2.72241078e+00  1.80593022e+00 
 1.45125600e-09  2.71196740e+00  1.82756236e+00 
 1.45145600e-09  2.69629372e+00  1.86090680e+00 
 1.45165600e-09  2.67618435e+00  1.90264966e+00 
 1.45185600e-09  2.65238680e+00  1.94990686e+00 
 1.45205600e-09  2.62559247e+00  2.00031173e+00 
 1.45225600e-09  2.59642644e+00  2.05200283e+00 
 1.45245600e-09  2.56544703e+00  2.10357029e+00 
 1.45265600e-09  2.53314502e+00  2.15398243e+00 
 1.45285600e-09  2.49994865e+00  2.20251491e+00 
 1.45305600e-09  2.46622663e+00  2.24868580e+00 
 1.45325600e-09  2.43229431e+00  2.29220153e+00 
 1.45345600e-09  2.39841929e+00  2.33291444e+00 
 1.45365600e-09  2.36482871e+00  2.37078904e+00 
 1.45385600e-09  2.33171358e+00  2.40587156e+00 
 1.45405600e-09  2.29923491e+00  2.43826910e+00 
 1.45425600e-09  2.26752966e+00  2.46813510e+00 
 1.45445600e-09  2.23671950e+00  2.49565913e+00 
 1.45465600e-09  2.20691908e+00  2.52106247e+00 
 1.45485600e-09  2.17824749e+00  2.54460113e+00 
 1.45505600e-09  2.15084278e+00  2.56657715e+00 
 1.45525600e-09  2.12487893e+00  2.58735476e+00 
 1.45545600e-09  2.10057755e+00  2.60737276e+00 
 1.45565600e-09  2.07819972e+00  2.62713437e+00 
 1.45585600e-09  2.05800515e+00  2.64715635e+00 
 1.45605600e-09  2.04018332e+00  2.66787838e+00 
 1.45625600e-09  2.02482895e+00  2.68960157e+00 
 1.45645600e-09  2.01190725e+00  2.71243125e+00 
 1.45665600e-09  2.00128307e+00  2.73629171e+00 
 1.45685600e-09  1.99277493e+00  2.76097513e+00 
 1.45705600e-09  1.98618360e+00  2.78619031e+00 
 1.45725600e-09  1.98131955e+00  2.81161205e+00 
 1.45745600e-09  1.97801265e+00  2.83691458e+00 
 1.45765600e-09  1.97611672e+00  2.86179533e+00 
 1.45785600e-09  1.97550680e+00  2.88598706e+00 
 1.45805600e-09  1.97607674e+00  2.90926514e+00 
 1.45825600e-09  1.97773457e+00  2.93144901e+00 
 1.45845600e-09  1.98040017e+00  2.95240258e+00 
 1.45865600e-09  1.98400200e+00  2.97203150e+00 
 1.45885600e-09  1.98847591e+00  2.99028067e+00 
 1.45905600e-09  1.99376293e+00  3.00712966e+00 
 1.45925600e-09  1.99980878e+00  3.02258892e+00 
 1.45945600e-09  2.00656214e+00  3.03669361e+00 
 1.45965600e-09  2.01397433e+00  3.04949910e+00 
 1.45985600e-09  2.02199868e+00  3.06107497e+00 
 1.46005600e-09  2.03059074e+00  3.07150079e+00 
 1.46025600e-09  2.03970801e+00  3.08086135e+00 
 1.46045600e-09  2.04931038e+00  3.08924325e+00 
 1.46065600e-09  2.05936049e+00  3.09673101e+00 
 1.46085600e-09  2.06982575e+00  3.10340396e+00 
 1.46105600e-09  2.08068182e+00  3.10933133e+00 
 1.46125600e-09  2.09192100e+00  3.11456454e+00 
 1.46145600e-09  2.10356777e+00  3.11912058e+00 
 1.46165600e-09  2.11570554e+00  3.12294718e+00 
 1.46185600e-09  2.12851133e+00  3.12584855e+00 
 1.46205600e-09  2.14228990e+00  3.12733899e+00 
 1.46225600e-09  2.15750280e+00  3.12638307e+00 
 1.46245600e-09  2.17479561e+00  3.12102371e+00 
 1.46265600e-09  2.19501723e+00  3.10803310e+00 
 1.46285600e-09  2.21916257e+00  3.08296682e+00 
 1.46305600e-09  2.24819125e+00  3.04087111e+00 
 1.46325600e-09  2.28277410e+00  2.97758401e+00 
 1.46345600e-09  2.32305876e+00  2.89116069e+00 
 1.46365600e-09  2.36853331e+00  2.78281193e+00 
 1.46385600e-09  2.41800303e+00  2.65704009e+00 
 1.46405600e-09  2.46961520e+00  2.52100314e+00 
 1.46425600e-09  2.52090849e+00  2.38308567e+00 
 1.46445600e-09  2.56929046e+00  2.25108431e+00 
 1.46465600e-09  2.61279331e+00  2.13102234e+00 
 1.46485600e-09  2.65023528e+00  2.02680372e+00 
 1.46505600e-09  2.68072456e+00  1.94079489e+00 
 1.46525600e-09  2.70363096e+00  1.87455229e+00 
 1.46545600e-09  2.71866347e+00  1.82909252e+00 
 1.46565600e-09  2.72583338e+00  1.80457505e+00 
 1.46585600e-09  2.72564558e+00  1.79983719e+00 
 1.46605600e-09  2.71888641e+00  1.81235831e+00 
 1.46625600e-09  2.70638673e+00  1.83878348e+00 
 1.46645600e-09  2.68896264e+00  1.87564297e+00 
 1.46665600e-09  2.66739060e+00  1.91976371e+00 
 1.46685600e-09  2.64239922e+00  1.96845287e+00 
 1.46705600e-09  2.61465399e+00  2.01953627e+00 
 1.46725600e-09  2.58475578e+00  2.07132984e+00 
 1.46745600e-09  2.55323602e+00  2.12257324e+00 
 1.46765600e-09  2.52056219e+00  2.17235817e+00 
 1.46785600e-09  2.48713853e+00  2.22005756e+00 
 1.46805600e-09  2.45331318e+00  2.26526500e+00 
 1.46825600e-09  2.41938239e+00  2.30774607e+00 
 1.46845600e-09  2.38559897e+00  2.34740029e+00 
 1.46865600e-09  2.35217549e+00  2.38422513e+00 
 1.46885600e-09  2.31929120e+00  2.41829150e+00 
 1.46905600e-09  2.28709655e+00  2.44972513e+00 
 1.46925600e-09  2.25572202e+00  2.47869402e+00 
 1.46945600e-09  2.22528526e+00  2.50539959e+00 
 1.46965600e-09  2.19590127e+00  2.53007537e+00 
 1.46985600e-09  2.16769400e+00  2.55299273e+00 
 1.47005600e-09  2.14081317e+00  2.57447499e+00 
 1.47025600e-09  2.11544954e+00  2.59491334e+00 
 1.47045600e-09  2.09184221e+00  2.61477375e+00 
 1.47065600e-09  2.07025802e+00  2.63457272e+00 
 1.47085600e-09  2.05093596e+00  2.65480753e+00 
 1.47105600e-09  2.03404128e+00  2.67587911e+00 
 1.47125600e-09  2.01961340e+00  2.69801306e+00 
 1.47145600e-09  2.00757314e+00  2.72124306e+00 
 1.47165600e-09  1.99776689e+00  2.74543951e+00 
 1.47185600e-09  1.99000193e+00  2.77035672e+00 
 1.47205600e-09  1.98408139e+00  2.79568647e+00 
 1.47225600e-09  1.97982172e+00  2.82109977e+00 
 1.47245600e-09  1.97706203e+00  2.84627773e+00 
 1.47265600e-09  1.97566403e+00  2.87092962e+00 
 1.47285600e-09  1.97551049e+00  2.89480381e+00 
 1.47305600e-09  1.97650067e+00  2.91769183e+00 
 1.47325600e-09  1.97854762e+00  2.93942999e+00 
 1.47345600e-09  1.98157442e+00  2.95989789e+00 
 1.47365600e-09  1.98551270e+00  2.97901638e+00 
 1.47385600e-09  1.99030005e+00  2.99674358e+00 
 1.47405600e-09  1.99587980e+00  3.01307134e+00 
 1.47425600e-09  2.00219876e+00  3.02801989e+00 
 1.47445600e-09  2.00920682e+00  3.04163259e+00 
 1.47465600e-09  2.01685582e+00  3.05397057e+00 
 1.47485600e-09  2.02510002e+00  3.06510772e+00 
 1.47505600e-09  2.03389563e+00  3.07512599e+00 
 1.47525600e-09  2.04320110e+00  3.08411137e+00 
 1.47545600e-09  2.05297717e+00  3.09214999e+00 
 1.47565600e-09  2.06318805e+00  3.09932493e+00 
 1.47585600e-09  2.07380356e+00  3.10571234e+00 
 1.47605600e-09  2.08480435e+00  3.11137609e+00 
 1.47625600e-09  2.09619232e+00  3.11635733e+00 
 1.47645600e-09  2.10801026e+00  3.12065285e+00 
 1.47665600e-09  2.12037232e+00  3.12416849e+00 
 1.47685600e-09  2.13349981e+00  3.12662283e+00 
 1.47705600e-09  2.14775248e+00  3.12736218e+00 
 1.47725600e-09  2.16365726e+00  3.12505441e+00 
 1.47745600e-09  2.18193829e+00  3.11729720e+00 
 1.47765600e-09  2.20351156e+00  3.10038070e+00 
 1.47785600e-09  2.22938007e+00  3.06954767e+00 
 1.47805600e-09  2.26042623e+00  3.01996287e+00 
 1.47825600e-09  2.29715164e+00  2.94813785e+00 
 1.47845600e-09  2.33946797e+00  2.85323191e+00 
 1.47865600e-09  2.38660742e+00  2.73771058e+00 
 1.47885600e-09  2.43712832e+00  2.60717700e+00 
 1.47905600e-09  2.48893719e+00  2.46945612e+00 
 1.47925600e-09  2.53943262e+00  2.33290688e+00 
 1.47945600e-09  2.58618776e+00  2.20475857e+00 
 1.47965600e-09  2.62753913e+00  2.09025152e+00 
 1.47985600e-09  2.66250294e+00  1.99262371e+00 
 1.48005600e-09  2.69028862e+00  1.91385086e+00 
 1.48025600e-09  2.71032222e+00  1.85527311e+00 
 1.48045600e-09  2.72241396e+00  1.81764544e+00 
 1.48065600e-09  2.72677570e+00  1.80069943e+00 
 1.48085600e-09  2.72405313e+00  1.80273759e+00 
 1.48105600e-09  2.71506582e+00  1.82084177e+00 
 1.48125600e-09  2.70064210e+00  1.85154263e+00 
 1.48145600e-09  2.68158611e+00  1.89144857e+00 
 1.48165600e-09  2.65865773e+00  1.93755258e+00 
 1.48185600e-09  2.63256397e+00  1.98735556e+00 
 1.48205600e-09  2.60394652e+00  2.03887150e+00 
 1.48225600e-09  2.57338099e+00  2.09058281e+00 
 1.48245600e-09  2.54137457e+00  2.14136862e+00 
 1.48265600e-09  2.50837097e+00  2.19043339e+00 
 1.48285600e-09  2.47475237e+00  2.23723735e+00 
 1.48305600e-09  2.44084751e+00  2.28144376e+00 
 1.48325600e-09  2.40693631e+00  2.32287356e+00 
 1.48345600e-09  2.37325608e+00  2.36146605e+00 
 1.48365600e-09  2.34000623e+00  2.39724873e+00 
 1.48385600e-09  2.30735485e+00  2.43031467e+00 
 1.48405600e-09  2.27544396e+00  2.46080660e+00 
 1.48425600e-09  2.24439840e+00  2.48890557e+00 
 1.48445600e-09  2.21433356e+00  2.51482475e+00 
 1.48465600e-09  2.18536618e+00  2.53881056e+00 
 1.48485600e-09  2.15762780e+00  2.56115183e+00 
 1.48505600e-09  2.13128184e+00  2.58219543e+00 
 1.48525600e-09  2.10653736e+00  2.60236084e+00 
 1.48545600e-09  2.08364800e+00  2.62213795e+00 
 1.48565600e-09  2.06287655e+00  2.64204536e+00 
 1.48585600e-09  2.04443913e+00  2.66255203e+00 
 1.48605600e-09  2.02846084e+00  2.68400248e+00 
 1.48625600e-09  2.01493408e+00  2.70655104e+00 
 1.48645600e-09  2.00374475e+00  2.73016469e+00 
 1.48665600e-09  1.99472028e+00  2.75466436e+00 
 1.48685600e-09  1.98766292e+00  2.77977483e+00 
 1.48705600e-09  1.98237929e+00  2.80517574e+00 
 1.48725600e-09  1.97869374e+00  2.83053881e+00 
 1.48745600e-09  1.97645407e+00  2.85555398e+00 
 1.48765600e-09  1.97553019e+00  2.87994417e+00 
 1.48785600e-09  1.97581155e+00  2.90347359e+00 
 1.48805600e-09  1.97720288e+00  2.92595040e+00 
 1.48825600e-09  1.97962135e+00  2.94722737e+00 
 1.48845600e-09  1.98299340e+00  2.96719976e+00 
 1.48865600e-09  1.98725293e+00  2.98580282e+00 
 1.48885600e-09  1.99234001e+00  3.00300777e+00 
 1.48905600e-09  1.99819951e+00  3.01881779e+00 
 1.48925600e-09  2.00477942e+00  3.03326230e+00 
 1.48945600e-09  2.01203032e+00  3.04639192e+00 
 1.48965600e-09  2.01990487e+00  3.05827302e+00 
 1.48985600e-09  2.02835814e+00  3.06898313e+00 
 1.49005600e-09  2.03734712e+00  3.07860613e+00 
 1.49025600e-09  2.04683110e+00  3.08722852e+00 
 1.49045600e-09  2.05677190e+00  3.09493564e+00 
 1.49065600e-09  2.06713550e+00  3.10180853e+00 
 1.49085600e-09  2.07789489e+00  3.10791953e+00 
 1.49105600e-09  2.08903705e+00  3.11332568e+00 
 1.49125600e-09  2.10057623e+00  3.11805503e+00 
 1.49145600e-09  2.11257777e+00  3.12207790e+00 
 1.49165600e-09  2.12519142e+00  3.12524515e+00 
 1.49185600e-09  2.13868663e+00  3.12716419e+00 
 1.49205600e-09  2.15348270e+00  3.12697081e+00 
 1.49225600e-09  2.17017951e+00  3.12297925e+00 
 1.49245600e-09  2.18957769e+00  3.11231340e+00 
 1.49265600e-09  2.21263877e+00  3.09080332e+00 
 1.49285600e-09  2.24034936e+00  3.05351335e+00 
 1.49305600e-09  2.27348171e+00  2.99593597e+00 
 1.49325600e-09  2.31233643e+00  2.91544143e+00 
 1.49345600e-09  2.35657659e+00  2.81238970e+00 
 1.49365600e-09  2.40517944e+00  2.69047467e+00 
 1.49385600e-09  2.45646013e+00  2.55627740e+00 
 1.49405600e-09  2.50809605e+00  2.41804587e+00 
 1.49425600e-09  2.55744898e+00  2.28387514e+00 
 1.49445600e-09  2.60234604e+00  2.16030777e+00 
 1.49465600e-09  2.64143656e+00  2.05175307e+00 
 1.49485600e-09  2.67375680e+00  1.96084972e+00 
 1.49505600e-09  2.69856081e+00  1.88930761e+00 
 1.49525600e-09  2.71548845e+00  1.83834180e+00 
 1.49545600e-09  2.72451213e+00  1.80841041e+00 
 1.49565600e-09  2.72603604e+00  1.79873986e+00 
 1.49585600e-09  2.72079674e+00  1.80711231e+00 
 1.49605600e-09  2.70962427e+00  1.83030775e+00 
 1.49625600e-09  2.69333674e+00  1.86482477e+00 
 1.49645600e-09  2.67272112e+00  1.90738592e+00 
 1.49665600e-09  2.64851615e+00  1.95516261e+00 
 1.49685600e-09  2.62140318e+00  2.00584654e+00 
 1.49705600e-09  2.59199742e+00  2.05763098e+00 
 1.49725600e-09  2.56084711e+00  2.10915287e+00 
 1.49745600e-09  2.52843369e+00  2.15941967e+00 
 1.49765600e-09  2.49517561e+00  2.20773567e+00 
 1.49785600e-09  2.46143382e+00  2.25364216e+00 
 1.49805600e-09  2.42751802e+00  2.29686730e+00 
 1.49825600e-09  2.39369108e+00  2.33727966e+00 
 1.49845600e-09  2.36017495e+00  2.37485403e+00 
 1.49865600e-09  2.32715612e+00  2.40964402e+00 
 1.49885600e-09  2.29479141e+00  2.44176266e+00 
 1.49905600e-09  2.26321513e+00  2.47136795e+00 
 1.49925600e-09  2.23254725e+00  2.49865318e+00 
 1.49945600e-09  2.20290202e+00  2.52384333e+00 
 1.49965600e-09  2.17439949e+00  2.54719891e+00 
 1.49985600e-09  2.14718080e+00  2.56902822e+00 
 1.50005600e-09  2.12142467e+00  2.58970356e+00 
 1.50025600e-09  2.09735814e+00  2.60967228e+00 
 1.50045600e-09  2.07524338e+00  2.62944205e+00 
 1.50065600e-09  2.05533417e+00  2.64952370e+00 
 1.50085600e-09  2.03782214e+00  2.67035259e+00 
 1.50105600e-09  2.02277793e+00  2.69220357e+00 
 1.50125600e-09  2.01015016e+00  2.71515929e+00 
 1.50145600e-09  1.99980112e+00  2.73912828e+00 
 1.50165600e-09  1.99154444e+00  2.76388958e+00 
 1.50185600e-09  1.98518198e+00  2.78914657e+00 
 1.50205600e-09  1.98052551e+00  2.81457212e+00 
 1.50225600e-09  1.97740793e+00  2.83984245e+00 
 1.50245600e-09  1.97568521e+00  2.86465819e+00 
 1.50265600e-09  1.97523497e+00  2.88875690e+00 
 1.50285600e-09  1.97595257e+00  2.91191869e+00 
 1.50305600e-09  1.97774778e+00  2.93396831e+00 
 1.50325600e-09  1.98054135e+00  2.95477436e+00 
 1.50345600e-09  1.98426258e+00  2.97424726e+00 
 1.50365600e-09  1.98884795e+00  2.99233604e+00 
 1.50385600e-09  1.99423971e+00  3.00902432e+00 
 1.50405600e-09  2.00038385e+00  3.02432564e+00 
 1.50425600e-09  2.00722942e+00  3.03827781e+00 
 1.50445600e-09  2.01472756e+00  3.05093785e+00 
 1.50465600e-09  2.02283206e+00  3.06237689e+00 
 1.50485600e-09  2.03149859e+00  3.07267532e+00 
 1.50505600e-09  2.04068509e+00  3.08191848e+00 
 1.50525600e-09  2.05035162e+00  3.09019280e+00 
 1.50545600e-09  2.06046142e+00  3.09758250e+00 
 1.50565600e-09  2.07098251e+00  3.10416591e+00 
 1.50585600e-09  2.08189210e+00  3.11001077e+00 
 1.50605600e-09  2.09318524e+00  3.11516544e+00 
 1.50625600e-09  2.10489190e+00  3.11964113e+00 
 1.50645600e-09  2.11710457e+00  3.12337325e+00 
 1.50665600e-09  2.13001374e+00  3.12614109e+00 
 1.50685600e-09  2.14394166e+00  3.12740957e+00 
 1.50705600e-09  2.15937321e+00  3.12605483e+00 
 1.50725600e-09  2.17698330e+00  3.11998702e+00 
 1.50745600e-09  2.19763738e+00  3.10583080e+00 
 1.50765600e-09  2.22232804e+00  3.07902915e+00 
 1.50785600e-09  2.25199487e+00  3.03463974e+00 
 1.50805600e-09  2.28726163e+00  2.96868988e+00 
 1.50825600e-09  2.32820451e+00  2.87957021e+00 
 1.50845600e-09  2.37423070e+00  2.76888815e+00 
 1.50865600e-09  2.42406751e+00  2.64150409e+00 
 1.50885600e-09  2.47578721e+00  2.50480884e+00 
 1.50905600e-09  2.52687714e+00  2.36720637e+00 
 1.50925600e-09  2.57478476e+00  2.23633114e+00 
 1.50945600e-09  2.61763658e+00  2.11796418e+00 
 1.50965600e-09  2.65431721e+00  2.01579263e+00 
 1.50985600e-09  2.68396892e+00  1.93205140e+00 
 1.51005600e-09  2.70597804e+00  1.86822613e+00 
 1.51025600e-09  2.72008155e+00  1.82525549e+00 
 1.51045600e-09  2.72635399e+00  1.80316920e+00 
 1.51065600e-09  2.72535044e+00  1.80063263e+00 
 1.51085600e-09  2.71787118e+00  1.81498646e+00 
 1.51105600e-09  2.70474705e+00  1.84282729e+00 
 1.51125600e-09  2.68679096e+00  1.88070439e+00 
 1.51145600e-09  2.66477446e+00  1.92549512e+00 
 1.51165600e-09  2.63941973e+00  1.97456816e+00 
 1.51185600e-09  2.61138491e+00  2.02581006e+00 
 1.51205600e-09  2.58126302e+00  2.07759109e+00 
 1.51225600e-09  2.54957784e+00  2.12869669e+00 
 1.51245600e-09  2.51678917e+00  2.17825594e+00 
 1.51265600e-09  2.48329366e+00  2.22566927e+00 
 1.51285600e-09  2.44943352e+00  2.27055356e+00 
 1.51305600e-09  2.41550063e+00  2.31269473e+00 
 1.51325600e-09  2.38174319e+00  2.35200536e+00 
 1.51345600e-09  2.34836927e+00  2.38849232e+00 
 1.51365600e-09  2.31555398e+00  2.42223368e+00 
 1.51385600e-09  2.28344495e+00  2.45336083e+00 
 1.51405600e-09  2.25217078e+00  2.48204602e+00 
 1.51425600e-09  2.22184830e+00  2.50849447e+00 
 1.51445600e-09  2.19259291e+00  2.53294375e+00 
 1.51465600e-09  2.16453079e+00  2.55567061e+00 
 1.51485600e-09  2.13781587e+00  2.57700574e+00 
 1.51505600e-09  2.11264476e+00  2.59734938e+00 
 1.51525600e-09  2.08926105e+00  2.61717562e+00 
 1.51545600e-09  2.06793053e+00  2.63700167e+00 
 1.51565600e-09  2.04888765e+00  2.65731746e+00 
 1.51585600e-09  2.03228525e+00  2.67850743e+00 
 1.51605600e-09  2.01814656e+00  2.70077468e+00 
 1.51625600e-09  2.00638055e+00  2.72413082e+00 
 1.51645600e-09  1.99682672e+00  2.74842927e+00 
 1.51665600e-09  1.98929028e+00  2.77341398e+00 
 1.51685600e-09  1.98357522e+00  2.79877209e+00 
 1.51705600e-09  1.97950049e+00  2.82417441e+00 
 1.51725600e-09  1.97690799e+00  2.84930461e+00 
 1.51745600e-09  1.97566217e+00  2.87387624e+00 
 1.51765600e-09  1.97564799e+00  2.89764272e+00 
 1.51785600e-09  1.97676655e+00  2.92040093e+00 
 1.51805600e-09  1.97893226e+00  2.94199251e+00 
 1.51825600e-09  1.98206897e+00  2.96230207e+00 
 1.51845600e-09  1.98610930e+00  2.98125525e+00 
 1.51865600e-09  1.99099206e+00  2.99881455e+00 
 1.51885600e-09  1.99666095e+00  3.01497546e+00 
 1.51905600e-09  2.00306318e+00  3.02976129e+00 
 1.51925600e-09  2.01014870e+00  3.04321773e+00 
 1.51945600e-09  2.01786958e+00  3.05540764e+00 
 1.51965600e-09  2.02618037e+00  3.06640618e+00 
 1.51985600e-09  2.03503752e+00  3.07629603e+00 
 1.52005600e-09  2.04439978e+00  3.08516337e+00 
 1.52025600e-09  2.05422821e+00  3.09309414e+00 
 1.52045600e-09  2.06448755e+00  3.10017081e+00 
 1.52065600e-09  2.07514854e+00  3.10646840e+00 
 1.52085600e-09  2.08619371e+00  3.11204876e+00 
 1.52105600e-09  2.09762856e+00  3.11694920e+00 
 1.52125600e-09  2.10950257e+00  3.12115876e+00 
 1.52145600e-09  2.12194048e+00  3.12456722e+00 
 1.52165600e-09  2.13517841e+00  3.12686061e+00 
 1.52185600e-09  2.14959709e+00  3.12732366e+00 
 1.52205600e-09  2.16575045e+00  3.12452033e+00 
 1.52225600e-09  2.18438331e+00  3.11590365e+00 
 1.52245600e-09  2.20642108e+00  3.09761145e+00 
 1.52265600e-09  2.23286482e+00  3.06481165e+00 
 1.52285600e-09  2.26456842e+00  3.01274851e+00 
 1.52305600e-09  2.30197391e+00  2.93818571e+00 
 1.52325600e-09  2.34491529e+00  2.84065529e+00 
 1.52345600e-09  2.39254355e+00  2.72301660e+00 
 1.52365600e-09  2.44334040e+00  2.59119720e+00 
 1.52385600e-09  2.49513919e+00  2.45318329e+00 
 1.52405600e-09  2.54531508e+00  2.31727500e+00 
 1.52425600e-09  2.59151264e+00  2.19049709e+00 
 1.52445600e-09  2.63215961e+00  2.07784411e+00 
 1.52465600e-09  2.66632242e+00  1.98236505e+00 
 1.52485600e-09  2.69323582e+00  1.90593192e+00 
 1.52505600e-09  2.71234561e+00  1.84982132e+00 
 1.52525600e-09  2.72350352e+00  1.81469302e+00 
 1.52545600e-09  2.72698668e+00  1.80012648e+00 
 1.52565600e-09  2.72347660e+00  1.80425286e+00 
 1.52585600e-09  2.71379893e+00  1.82404598e+00 
 1.52605600e-09  2.69878050e+00  1.85601819e+00 
 1.52625600e-09  2.67922137e+00  1.89681168e+00 
 1.52645600e-09  2.65587598e+00  1.94347625e+00 
 1.52665600e-09  2.62944433e+00  1.99357521e+00 
 1.52685600e-09  2.60056052e+00  2.04518174e+00 
 1.52705600e-09  2.56979218e+00  2.09682972e+00 
 1.52725600e-09  2.53763857e+00  2.14744147e+00 
 1.52745600e-09  2.50453521e+00  2.19625323e+00 
 1.52765600e-09  2.47085809e+00  2.24275265e+00 
 1.52785600e-09  2.43693115e+00  2.28662715e+00 
 1.52805600e-09  2.40302958e+00  2.32771401e+00 
 1.52825600e-09  2.36938589e+00  2.36596392e+00 
 1.52845600e-09  2.33619471e+00  2.40141230e+00 
 1.52865600e-09  2.30362021e+00  2.43415894e+00 
 1.52885600e-09  2.27180199e+00  2.46435166e+00 
 1.52905600e-09  2.24086338e+00  2.49217561e+00 
 1.52925600e-09  2.21091938e+00  2.51784776e+00 
 1.52945600e-09  2.18208779e+00  2.54161903e+00 
 1.52965600e-09  2.15450315e+00  2.56378441e+00 
 1.52985600e-09  2.12833382e+00  2.58469894e+00 
 1.53005600e-09  2.10379491e+00  2.60479136e+00 
 1.53025600e-09  2.08114292e+00  2.62455792e+00 
 1.53045600e-09  2.06063913e+00  2.64451563e+00 
 1.53065600e-09  2.04249006e+00  2.66512137e+00 
 1.53085600e-09  2.02680631e+00  2.68670026e+00 
 1.53105600e-09  2.01356600e+00  2.70938315e+00 
 1.53125600e-09  2.00264465e+00  2.73311630e+00 
 1.53145600e-09  1.99386496e+00  2.75770624e+00 
 1.53165600e-09  1.98702831e+00  2.78286970e+00 
 1.53185600e-09  1.98194306e+00  2.80828363e+00 
 1.53205600e-09  1.97843621e+00  2.83362078e+00 
 1.53225600e-09  1.97635849e+00  2.85857451e+00 
 1.53245600e-09  1.97558228e+00  2.88287242e+00 
 1.53265600e-09  1.97599917e+00  2.90628401e+00 
 1.53285600e-09  1.97751552e+00  2.92862285e+00 
 1.53305600e-09  1.98004936e+00  2.94974689e+00 
 1.53325600e-09  1.98352836e+00  2.96955652e+00 
 1.53345600e-09  1.98788779e+00  2.98799167e+00 
 1.53365600e-09  1.99306821e+00  3.00502756e+00 
 1.53385600e-09  1.99901492e+00  3.02067089e+00 
 1.53405600e-09  2.00567604e+00  3.03495378e+00 
 1.53425600e-09  2.01300233e+00  3.04792900e+00 
 1.53445600e-09  2.02094679e+00  3.05966455e+00 
 1.53465600e-09  2.02946476e+00  3.07023902e+00 
 1.53485600e-09  2.03851349e+00  3.07973674e+00 
 1.53505600e-09  2.04805255e+00  3.08824429e+00 
 1.53525600e-09  2.05804417e+00  3.09584665e+00 
 1.53545600e-09  2.06845494e+00  3.10262407e+00 
 1.53565600e-09  2.07925908e+00  3.10864748e+00 
 1.53585600e-09  2.09044594e+00  3.11397139e+00 
 1.53605600e-09  2.10203438e+00  3.11861886e+00 
 1.53625600e-09  2.11409784e+00  3.12255004e+00 
 1.53645600e-09  2.12679849e+00  3.12559493e+00 
 1.53665600e-09  2.14042240e+00  3.12731912e+00 
 1.53685600e-09  2.15541096e+00  3.12678137e+00 
 1.53705600e-09  2.17238907e+00  3.12217499e+00 
 1.53725600e-09  2.19217481e+00  3.11046412e+00 
 1.53745600e-09  2.21574063e+00  3.08734533e+00 
 1.53765600e-09  2.24406320e+00  3.04786058e+00 
 1.53785600e-09  2.27787180e+00  2.98764932e+00 
 1.53805600e-09  2.31739821e+00  2.90439180e+00 
 1.53825600e-09  2.36222405e+00  2.79884234e+00 
 1.53845600e-09  2.41124659e+00  2.67507541e+00 
 1.53865600e-09  2.46270387e+00  2.53995008e+00 
 1.53885600e-09  2.51420759e+00  2.40179358e+00 
 1.53905600e-09  2.56313330e+00  2.26857400e+00 
 1.53925600e-09  2.60739984e+00  2.14659839e+00 
 1.53945600e-09  2.64573611e+00  2.04004000e+00 
 1.53965600e-09  2.67720216e+00  1.95143687e+00 
 1.53985600e-09  2.70114620e+00  1.88243665e+00 
 1.54005600e-09  2.71725066e+00  1.83414208e+00 
 1.54025600e-09  2.72545868e+00  1.80684819e+00 
 1.54045600e-09  2.72621537e+00  1.79957946e+00 
 1.54065600e-09  2.72028803e+00  1.80997596e+00 
 1.54085600e-09  2.70850779e+00  1.83474621e+00 
 1.54105600e-09  2.69169459e+00  1.87040339e+00 
 1.54125600e-09  2.67063115e+00  1.91371955e+00 
 1.54145600e-09  2.64605364e+00  1.96193278e+00 
 1.54165600e-09  2.61863648e+00  2.01280026e+00 
 1.54185600e-09  2.58898969e+00  2.06457591e+00 
 1.54205600e-09  2.55765351e+00  2.11594769e+00 
 1.54225600e-09  2.52510275e+00  2.16596201e+00 
 1.54245600e-09  2.49174946e+00  2.21395629e+00 
 1.54265600e-09  2.45795095e+00  2.25950170e+00 
 1.54285600e-09  2.42401185e+00  2.30234653e+00 
 1.54305600e-09  2.39019080e+00  2.34237420e+00 
 1.54325600e-09  2.35670439e+00  2.37956911e+00 
 1.54345600e-09  2.32373536e+00  2.41399324e+00 
 1.54365600e-09  2.29143750e+00  2.44576575e+00 
 1.54385600e-09  2.25994357e+00  2.47504963e+00 
 1.54405600e-09  2.22937241e+00  2.50204204e+00 
 1.54425600e-09  2.19983885e+00  2.52697213e+00 
 1.54445600e-09  2.17146480e+00  2.55010558e+00 
 1.54465600e-09  2.14439571e+00  2.57175797e+00 
 1.54485600e-09  2.11881613e+00  2.59231075e+00 
 1.54505600e-09  2.09495887e+00  2.61222058e+00 
 1.54525600e-09  2.07308815e+00  2.63199889e+00 
 1.54545600e-09  2.05345241e+00  2.65215068e+00 
 1.54565600e-09  2.03623052e+00  2.67309540e+00 
 1.54585600e-09  2.02147711e+00  2.69508392e+00 
 1.54605600e-09  2.00912675e+00  2.71817445e+00 
 1.54625600e-09  1.99903352e+00  2.74225618e+00 
 1.54645600e-09  1.99100768e+00  2.76709552e+00 
 1.54665600e-09  1.98485165e+00  2.79238983e+00 
 1.54685600e-09  1.98037948e+00  2.81781091e+00 
 1.54705600e-09  1.97742720e+00  2.84303728e+00 
 1.54725600e-09  1.97585364e+00  2.86777384e+00 
 1.54745600e-09  1.97553903e+00  2.89176348e+00 
 1.54765600e-09  1.97638066e+00  2.91479194e+00 
 1.54785600e-09  1.97828997e+00  2.93668970e+00 
 1.54805600e-09  1.98118847e+00  2.95733066e+00 
 1.54825600e-09  1.98500696e+00  2.97663050e+00 
 1.54845600e-09  1.98968281e+00  2.99454276e+00 
 1.54865600e-09  1.99515879e+00  3.01105510e+00 
 1.54885600e-09  2.00138111e+00  3.02618425e+00 
 1.54905600e-09  2.00829901e+00  3.03997062e+00 
 1.54925600e-09  2.01586403e+00  3.05247329e+00 
 1.54945600e-09  2.02403021e+00  3.06376480e+00 
 1.54965600e-09  2.03275351e+00  3.07392631e+00 
 1.54985600e-09  2.04199211e+00  3.08304348e+00 
 1.55005600e-09  2.05170641e+00  3.09120259e+00 
 1.55025600e-09  2.06186009e+00  3.09848736e+00 
 1.55045600e-09  2.07242196e+00  3.10497508e+00 
 1.55065600e-09  2.08337080e+00  3.11073173e+00 
 1.55085600e-09  2.09470471e+00  3.11580237e+00 
 1.55105600e-09  2.10645945e+00  3.12019171e+00 
 1.55125600e-09  2.11873726e+00  3.12382191e+00 
 1.55145600e-09  2.13174276e+00  3.12644496e+00 
 1.55165600e-09  2.14581760e+00  3.12747297e+00 
 1.55185600e-09  2.16146949e+00  3.12568959e+00 
 1.55205600e-09  2.17939287e+00  3.11886251e+00 
 1.55225600e-09  2.20047232e+00  3.10345832e+00 
 1.55245600e-09  2.22570695e+00  3.07481796e+00 
 1.55265600e-09  2.25601359e+00  3.02803597e+00 
 1.55285600e-09  2.29196176e+00  2.95935380e+00 
 1.55305600e-09  2.33355165e+00  2.86751481e+00 
 1.55325600e-09  2.38010867e+00  2.75452800e+00 
 1.55345600e-09  2.43028135e+00  2.62560649e+00 
 1.55365600e-09  2.48206565e+00  2.48835659e+00 
 1.55385600e-09  2.53290312e+00  2.35117661e+00 
 1.55405600e-09  2.58029290e+00  2.22152165e+00 
 1.55425600e-09  2.62245818e+00  2.10492355e+00 
 1.55445600e-09  2.65834671e+00  2.00485673e+00 
 1.55465600e-09  2.68713266e+00  1.92343120e+00 
 1.55485600e-09  2.70822003e+00  1.86206377e+00 
 1.55505600e-09  2.72137812e+00  1.82160943e+00 
 1.55525600e-09  2.72674650e+00  1.80195993e+00 
 1.55545600e-09  2.72492610e+00  1.80160704e+00 
 1.55565600e-09  2.71672810e+00  1.81776166e+00 
 1.55585600e-09  2.70298261e+00  1.84698245e+00 
 1.55605600e-09  2.68449884e+00  1.88584331e+00 
 1.55625600e-09  2.66204311e+00  1.93127477e+00 
 1.55645600e-09  2.63633076e+00  1.98070787e+00 
 1.55665600e-09  2.60801234e+00  2.03208980e+00 
 1.55685600e-09  2.57767235e+00  2.08384507e+00 
 1.55705600e-09  2.54582529e+00  2.13480116e+00 
 1.55725600e-09  2.51292315e+00  2.18412121e+00 
 1.55745600e-09  2.47935794e+00  2.23123887e+00 
 1.55765600e-09  2.44546754e+00  2.27579731e+00 
 1.55785600e-09  2.41153835e+00  2.31759905e+00 
 1.55805600e-09  2.37781242e+00  2.35656757e+00 
 1.55825600e-09  2.34449281e+00  2.39271880e+00 
 1.55845600e-09  2.31175103e+00  2.42613797e+00 
 1.55865600e-09  2.27973202e+00  2.45696192e+00 
 1.55885600e-09  2.24856257e+00  2.48536710e+00 
 1.55905600e-09  2.21835878e+00  2.51156252e+00 
 1.55925600e-09  2.18923662e+00  2.53578989e+00 
 1.55945600e-09  2.16132475e+00  2.55833164e+00 
 1.55965600e-09  2.13478150e+00  2.57952606e+00 
 1.55985600e-09  2.10980915e+00  2.59978261e+00 
 1.56005600e-09  2.08665610e+00  2.61958279e+00 
 1.56025600e-09  2.06558781e+00  2.63944492e+00 
 1.56045600e-09  2.04683608e+00  2.65985449e+00 
 1.56065600e-09  2.03053214e+00  2.68117217e+00 
 1.56085600e-09  2.01668307e+00  2.70357681e+00 
 1.56105600e-09  2.00519052e+00  2.72705937e+00 
 1.56125600e-09  1.99588728e+00  2.75145681e+00 
 1.56145600e-09  1.98857773e+00  2.77650424e+00 
 1.56165600e-09  1.98306675e+00  2.80188497e+00 
 1.56185600e-09  1.97917606e+00  2.82727041e+00 
 1.56205600e-09  1.97675015e+00  2.85234708e+00 
 1.56225600e-09  1.97565625e+00  2.87683321e+00 
 1.56245600e-09  1.97578131e+00  2.90048725e+00 
 1.56265600e-09  1.97702831e+00  2.92311167e+00 
 1.56285600e-09  1.97931240e+00  2.94455319e+00 
 1.56305600e-09  1.98255926e+00  2.96470185e+00 
 1.56325600e-09  1.98670236e+00  2.98348781e+00 
 1.56345600e-09  1.99168120e+00  3.00087788e+00 
 1.56365600e-09  1.99743983e+00  3.01687109e+00 
 1.56385600e-09  2.00392557e+00  3.03149364e+00 
 1.56405600e-09  2.01108862e+00  3.04479351e+00 
 1.56425600e-09  2.01888146e+00  3.05683544e+00 
 1.56445600e-09  2.02725888e+00  3.06769568e+00 
 1.56465600e-09  2.03617767e+00  3.07745757e+00 
 1.56485600e-09  2.04559677e+00  3.08620738e+00 
 1.56505600e-09  2.05547764e+00  3.09403086e+00 
 1.56525600e-09  2.06578554e+00  3.10100977e+00 
 1.56545600e-09  2.07649227e+00  3.10721795e+00 
 1.56565600e-09  2.08758233e+00  3.11271504e+00 
 1.56585600e-09  2.09906516e+00  3.11753417e+00 
 1.56605600e-09  2.11099738e+00  3.12165597e+00 
 1.56625600e-09  2.12351519e+00  3.12495284e+00 
 1.56645600e-09  2.13687131e+00  3.12707586e+00 
 1.56665600e-09  2.15146679e+00  3.12724374e+00 
 1.56685600e-09  2.16787518e+00  3.12390700e+00 
 1.56705600e-09  2.18686363e+00  3.11436546e+00 
 1.56725600e-09  2.20937506e+00  3.09460924e+00 
 1.56745600e-09  2.23640694e+00  3.05974756e+00 
 1.56765600e-09  2.26877792e+00  3.00512808e+00 
 1.56785600e-09  2.30686545e+00  2.92778854e+00 
 1.56805600e-09  2.35042380e+00  2.82764504e+00 
 1.56825600e-09  2.39852239e+00  2.70795077e+00 
 1.56845600e-09  2.44956531e+00  2.57494764e+00 
 1.56865600e-09  2.50131231e+00  2.43675968e+00 
 1.56885600e-09  2.55112539e+00  2.30160416e+00 
 1.56905600e-09  2.59673004e+00  2.17628678e+00 
 1.56925600e-09  2.63664496e+00  2.06555358e+00 
 1.56945600e-09  2.66996194e+00  1.97232557e+00 
 1.56965600e-09  2.69601938e+00  1.89839898e+00 
 1.56985600e-09  2.71430843e+00  1.84494715e+00 
 1.57005600e-09  2.72463582e+00  1.81247731e+00 
 1.57025600e-09  2.72732679e+00  1.80037902e+00 
 1.57045600e-09  2.72310170e+00  1.80662910e+00 
 1.57065600e-09  2.71279073e+00  1.82810611e+00 
 1.57085600e-09  2.69722245e+00  1.86132083e+00 
 1.57105600e-09  2.67719339e+00  1.90295818e+00 
 1.57125600e-09  2.65345536e+00  1.95013218e+00 
 1.57145600e-09  2.62670180e+00  2.00047225e+00 
 1.57165600e-09  2.59756090e+00  2.05211423e+00 
 1.57185600e-09  2.56659097e+00  2.10364172e+00 
 1.57205600e-09  2.53428506e+00  2.15401862e+00 
 1.57225600e-09  2.50107398e+00  2.20252062e+00 
 1.57245600e-09  2.46732992e+00  2.24866633e+00 
 1.57265600e-09  2.43337133e+00  2.29216426e+00 
 1.57285600e-09  2.39946849e+00  2.33286707e+00 
 1.57305600e-09  2.36584840e+00  2.37073615e+00 
 1.57325600e-09  2.33270223e+00  2.40581597e+00 
 1.57345600e-09  2.30019091e+00  2.43821282e+00 
 1.57365600e-09  2.26845207e+00  2.46807962e+00 
 1.57385600e-09  2.23760766e+00  2.49560544e+00 
 1.57405600e-09  2.20777280e+00  2.52101122e+00 
 1.57425600e-09  2.17906661e+00  2.54455257e+00 
 1.57445600e-09  2.15162736e+00  2.56653114e+00 
 1.57465600e-09  2.12562850e+00  2.58731057e+00 
 1.57485600e-09  2.10129143e+00  2.60732915e+00 
 1.57505600e-09  2.07887624e+00  2.62708873e+00 
 1.57525600e-09  2.05864425e+00  2.64710594e+00 
 1.57545600e-09  2.04079237e+00  2.66782707e+00 
 1.57565600e-09  2.02540478e+00  2.68954725e+00 
 1.57585600e-09  2.01244571e+00  2.71237144e+00 
 1.57605600e-09  2.00178556e+00  2.73622644e+00 
 1.57625600e-09  1.99324229e+00  2.76090438e+00 
 1.57645600e-09  1.98661783e+00  2.78611536e+00 
 1.57665600e-09  1.98172229e+00  2.81153439e+00 
 1.57685600e-09  1.97838580e+00  2.83683624e+00 
 1.57705600e-09  1.97646174e+00  2.86171818e+00 
 1.57725600e-09  1.97582530e+00  2.88591313e+00 
 1.57745600e-09  1.97636993e+00  2.90919614e+00 
 1.57765600e-09  1.97800323e+00  2.93138643e+00 
 1.57785600e-09  1.98064515e+00  2.95234769e+00 
 1.57805600e-09  1.98422465e+00  2.97198547e+00 
 1.57825600e-09  1.98867753e+00  2.99024428e+00 
 1.57845600e-09  1.99394505e+00  3.00710353e+00 
 1.57865600e-09  1.99997242e+00  3.02257320e+00 
 1.57885600e-09  2.00670829e+00  3.03668827e+00 
 1.57905600e-09  2.01410366e+00  3.04950369e+00 
 1.57925600e-09  2.02211199e+00  3.06108904e+00 
 1.57945600e-09  2.03068876e+00  3.07152375e+00 
 1.57965600e-09  2.03979159e+00  3.08089268e+00 
 1.57985600e-09  2.04938025e+00  3.08928226e+00 
 1.58005600e-09  2.05941745e+00  3.09677715e+00 
 1.58025600e-09  2.06987039e+00  3.10345664e+00 
 1.58045600e-09  2.08071466e+00  3.10939018e+00 
 1.58065600e-09  2.09194215e+00  3.11462941e+00 
 1.58085600e-09  2.10357673e+00  3.11919204e+00 
 1.58105600e-09  2.11570050e+00  3.12302714e+00 
 1.58125600e-09  2.12848928e+00  3.12594210e+00 
 1.58145600e-09  2.14224812e+00  3.12745801e+00 
 1.58165600e-09  2.15743894e+00  3.12655187e+00 
 1.58185600e-09  2.17470549e+00  3.12128582e+00 
 1.58205600e-09  2.19488706e+00  3.10846518e+00 
 1.58225600e-09  2.21896802e+00  3.08366150e+00 
 1.58245600e-09  2.24791068e+00  3.04191223e+00 
 1.58265600e-09  2.28239734e+00  2.97902648e+00 
 1.58285600e-09  2.32258776e+00  2.89300909e+00 
 1.58305600e-09  2.36798200e+00  2.78501334e+00 
 1.58325600e-09  2.41739755e+00  2.65948664e+00 
 1.58345600e-09  2.46899573e+00  2.52354840e+00 
 1.58365600e-09  2.52032726e+00  2.38557789e+00 
 1.58385600e-09  2.56879386e+00  2.25339828e+00 
 1.58405600e-09  2.61240911e+00  2.13307514e+00 
 1.58425600e-09  2.64994931e+00  2.02860646e+00 
 1.58445600e-09  2.68062599e+00  1.94241066e+00 
 1.58465600e-09  2.70383097e+00  1.87601905e+00 
 1.58485600e-09  2.71914297e+00  1.83039214e+00 
 1.58505600e-09  2.72655142e+00  1.80567783e+00 
 1.58525600e-09  2.72656286e+00  1.80074424e+00 
 1.58545600e-09  2.71996532e+00  1.81308517e+00 
 1.58565600e-09  2.70759308e+00  1.83935546e+00 
 1.58585600e-09  2.69026581e+00  1.87608633e+00 
 1.58605600e-09  2.66876417e+00  1.92010336e+00 
 1.58625600e-09  2.64382011e+00  1.96870996e+00 
 1.58645600e-09  2.61610239e+00  2.01972849e+00 
 1.58665600e-09  2.58621262e+00  2.07146829e+00 
 1.58685600e-09  2.55468474e+00  2.12266452e+00 
 1.58705600e-09  2.52198973e+00  2.17240832e+00 
 1.58725600e-09  2.48853580e+00  2.22007259e+00 
 1.58745600e-09  2.45467498e+00  2.26525360e+00 
 1.58765600e-09  2.42070660e+00  2.30771787e+00 
 1.58785600e-09  2.38688363e+00  2.34736131e+00 
 1.58805600e-09  2.35341877e+00  2.38417917e+00 
 1.58825600e-09  2.32049132e+00  2.41824122e+00 
 1.58845600e-09  2.28825258e+00  2.44967266e+00 
 1.58865600e-09  2.25683341e+00  2.47864090e+00 
 1.58885600e-09  2.22635208e+00  2.50534704e+00 
 1.58905600e-09  2.19692376e+00  2.53002425e+00 
 1.58925600e-09  2.16867279e+00  2.55294364e+00 
 1.58945600e-09  2.14174849e+00  2.57442791e+00 
 1.58965600e-09  2.11634171e+00  2.59486813e+00 
 1.58985600e-09  2.09269127e+00  2.61472973e+00 
 1.59005600e-09  2.07106260e+00  2.63452725e+00 
 1.59025600e-09  2.05170190e+00  2.65476238e+00 
 1.59045600e-09  2.03476803e+00  2.67583269e+00 
 1.59065600e-09  2.02029828e+00  2.69796390e+00 
 1.59085600e-09  2.00821744e+00  2.72119082e+00 
 1.59105600e-09  1.99837129e+00  2.74538370e+00 
 1.59125600e-09  1.99056816e+00  2.77029791e+00 
 1.59145600e-09  1.98461091e+00  2.79562549e+00 
 1.59165600e-09  1.98031635e+00  2.82103799e+00 
 1.59185600e-09  1.97752328e+00  2.84621653e+00 
 1.59205600e-09  1.97609357e+00  2.87087063e+00 
 1.59225600e-09  1.97590968e+00  2.89474846e+00 
 1.59245600e-09  1.97687031e+00  2.91764136e+00 
 1.59265600e-09  1.97888868e+00  2.93938566e+00 
 1.59285600e-09  1.98188852e+00  2.95986093e+00 
 1.59305600e-09  1.98580139e+00  2.97898767e+00 
 1.59325600e-09  1.99056510e+00  2.99672386e+00 
 1.59345600e-09  1.99612239e+00  3.01306090e+00 
 1.59365600e-09  2.00242002e+00  3.02801884e+00 
 1.59385600e-09  2.00940753e+00  3.04164067e+00 
 1.59405600e-09  2.01703691e+00  3.05398746e+00 
 1.59425600e-09  2.02526236e+00  3.06513297e+00 
 1.59445600e-09  2.03404020e+00  3.07515917e+00 
 1.59465600e-09  2.04332879e+00  3.08415189e+00 
 1.59485600e-09  2.05308889e+00  3.09219733e+00 
 1.59505600e-09  2.06328461e+00  3.09937853e+00 
 1.59525600e-09  2.07388568e+00  3.10577179e+00 
 1.59545600e-09  2.08487248e+00  3.11144108e+00 
 1.59565600e-09  2.09624651e+00  3.11642801e+00 
 1.59585600e-09  2.10804970e+00  3.12073022e+00 
 1.59605600e-09  2.12039487e+00  3.12425545e+00 
 1.59625600e-09  2.13350234e+00  3.12672637e+00 
 1.59645600e-09  2.14773252e+00  3.12749808e+00 
 1.59665600e-09  2.16361215e+00  3.12525338e+00 
 1.59685600e-09  2.18185828e+00  3.11761471e+00 
 1.59705600e-09  2.20337592e+00  3.10089225e+00 
 1.59725600e-09  2.22916732e+00  3.07033725e+00 
 1.59745600e-09  2.26012229e+00  3.02110249e+00 
 1.59765600e-09  2.29675210e+00  2.94966343e+00 
 1.59785600e-09  2.33897960e+00  2.85512841e+00 
 1.59805600e-09  2.38604815e+00  2.73990716e+00 
 1.59825600e-09  2.43652805e+00  2.60955528e+00 
 1.59845600e-09  2.48833896e+00  2.47187156e+00 
 1.59865600e-09  2.53888556e+00  2.33522296e+00 
 1.59885600e-09  2.58572932e+00  2.20687087e+00 
 1.59905600e-09  2.62718964e+00  2.09209598e+00 
 1.59925600e-09  2.66224876e+00  1.99422282e+00 
 1.59945600e-09  2.69020170e+00  1.91526904e+00 
 1.59965600e-09  2.71049474e+00  1.85654678e+00 
 1.59985600e-09  2.72282946e+00  1.81876625e+00 
 1.60005600e-09  2.72739592e+00  1.80164449e+00 
 1.60025600e-09  2.72484374e+00  1.80351272e+00 
 1.60045600e-09  2.71599372e+00  1.82146310e+00 
 1.60065600e-09  2.70167819e+00  1.85203332e+00 
 1.60085600e-09  2.68270397e+00  1.89183145e+00 
 1.60105600e-09  2.65983508e+00  1.93784892e+00 
 1.60125600e-09  2.63378110e+00  1.98758314e+00 
 1.60145600e-09  2.60518676e+00  2.03904543e+00 
 1.60165600e-09  2.57462797e+00  2.09071194e+00 
 1.60185600e-09  2.54261413e+00  2.14145753e+00 
 1.60205600e-09  2.50959239e+00  2.19048640e+00 
 1.60225600e-09  2.47594998e+00  2.23726269e+00 
 1.60245600e-09  2.44201835e+00  2.28145145e+00 
 1.60265600e-09  2.40807824e+00  2.32287036e+00 
 1.60285600e-09  2.37436686e+00  2.36145599e+00 
 1.60305600e-09  2.34108388e+00  2.39723409e+00 
 1.60325600e-09  2.30839741e+00  2.43029711e+00 
 1.60345600e-09  2.27645030e+00  2.46078740e+00 
 1.60365600e-09  2.24536772e+00  2.48888566e+00 
 1.60385600e-09  2.21526565e+00  2.51480486e+00 
 1.60405600e-09  2.18626099e+00  2.53879116e+00 
 1.60425600e-09  2.15848561e+00  2.56113321e+00 
 1.60445600e-09  2.13210251e+00  2.58217735e+00 
 1.60465600e-09  2.10732077e+00  2.60234287e+00 
 1.60485600e-09  2.08439336e+00  2.62211871e+00 
 1.60505600e-09  2.06358676e+00  2.64202476e+00 
 1.60525600e-09  2.04511957e+00  2.66253359e+00 
 1.60545600e-09  2.02910696e+00  2.68398418e+00 
 1.60565600e-09  2.01554217e+00  2.70653002e+00 
 1.60585600e-09  2.00431555e+00  2.73013966e+00 
 1.60605600e-09  1.99525453e+00  2.75463439e+00 
 1.60625600e-09  1.98816229e+00  2.77974026e+00 
 1.60645600e-09  1.98284535e+00  2.80513740e+00 
 1.60665600e-09  1.97912820e+00  2.83049808e+00 
 1.60685600e-09  1.97685840e+00  2.85551238e+00 
 1.60705600e-09  1.97590589e+00  2.87990340e+00 
 1.60725600e-09  1.97615902e+00  2.90343487e+00 
 1.60745600e-09  1.97752314e+00  2.92591537e+00 
 1.60765600e-09  1.97991590e+00  2.94719752e+00 
 1.60785600e-09  1.98326361e+00  2.96717632e+00 
 1.60805600e-09  1.98750053e+00  2.98578678e+00 
 1.60825600e-09  1.99256644e+00  3.00299983e+00 
 1.60845600e-09  1.99840570e+00  3.01881823e+00 
 1.60865600e-09  2.00496617e+00  3.03327116e+00 
 1.60885600e-09  2.01219834e+00  3.04640899e+00 
 1.60905600e-09  2.02005504e+00  3.05829808e+00 
 1.60925600e-09  2.02849129e+00  3.06901581e+00 
 1.60945600e-09  2.03746414e+00  3.07864600e+00 
 1.60965600e-09  2.04693281e+00  3.08727507e+00 
 1.60985600e-09  2.05685912e+00  3.09498840e+00 
 1.61005600e-09  2.06720893e+00  3.10186701e+00 
 1.61025600e-09  2.07795511e+00  3.10798337e+00 
 1.61045600e-09  2.08908431e+00  3.11339474e+00 
 1.61065600e-09  2.10061029e+00  3.11812977e+00 
 1.61085600e-09  2.11259737e+00  3.12215992e+00 
 1.61105600e-09  2.12519423e+00  3.12533865e+00 
 1.61125600e-09  2.13867002e+00  3.12727891e+00 
 1.61145600e-09  2.15344421e+00  3.12712730e+00 
 1.61165600e-09  2.17011215e+00  3.12321619e+00 
 1.61185600e-09  2.18946455e+00  3.11268900e+00 
 1.61205600e-09  2.21245991e+00  3.09139358e+00 
 1.61225600e-09  2.24008838e+00  3.05439722e+00 
 1.61245600e-09  2.27312899e+00  2.99717224e+00 
 1.61265600e-09  2.31189205e+00  2.91704857e+00 
 1.61285600e-09  2.35605110e+00  2.81433313e+00 
 1.61305600e-09  2.40459454e+00  2.69266831e+00 
 1.61325600e-09  2.45582946e+00  2.55858665e+00 
 1.61345600e-09  2.50746523e+00  2.42009180e+00 
 1.61365600e-09  2.55686837e+00  2.28539432e+00 
 1.61385600e-09  2.60184207e+00  2.16135369e+00 
 1.61405600e-09  2.64099767e+00  2.05243236e+00 
 1.61425600e-09  2.67346704e+00  1.96135382e+00 
 1.61445600e-09  2.69860994e+00  1.88980022e+00 
 1.61465600e-09  2.71594041e+00  1.83886177e+00 
 1.61485600e-09  2.72532194e+00  1.80892566e+00 
 1.61505600e-09  2.72713991e+00  1.79920852e+00 
 1.61525600e-09  2.72214151e+00  1.80751963e+00 
 1.61545600e-09  2.71115842e+00  1.83064935e+00 
 1.61565600e-09  2.69501705e+00  1.86510556e+00 
 1.61585600e-09  2.67450822e+00  1.90761308e+00 
 1.61605600e-09  2.65037775e+00  1.95534500e+00 
 1.61625600e-09  2.62331013e+00  2.00599144e+00 
 1.61645600e-09  2.59392407e+00  2.05774248e+00 
 1.61665600e-09  2.56277021e+00  2.10923188e+00 
 1.61685600e-09  2.53033637e+00  2.15946744e+00 
 1.61705600e-09  2.49704666e+00  2.20775817e+00 
 1.61725600e-09  2.46326687e+00  2.25364899e+00 
 1.61745600e-09  2.42930753e+00  2.29686433e+00 
 1.61765600e-09  2.39543273e+00  2.33727048e+00 
 1.61785600e-09  2.36186461e+00  2.37484003e+00 
 1.61805600e-09  2.32879064e+00  2.40962625e+00 
 1.61825600e-09  2.29636843e+00  2.44174174e+00 
 1.61845600e-09  2.26473344e+00  2.47134458e+00 
 1.61865600e-09  2.23400615e+00  2.49862778e+00 
 1.61885600e-09  2.20430158e+00  2.52381639e+00 
 1.61905600e-09  2.17574003e+00  2.54717072e+00 
 1.61925600e-09  2.14846271e+00  2.56899874e+00 
 1.61945600e-09  2.12264837e+00  2.58967266e+00 
 1.61965600e-09  2.09852427e+00  2.60963979e+00 
 1.61985600e-09  2.07635403e+00  2.62940743e+00 
 1.62005600e-09  2.05639383e+00  2.64948917e+00 
 1.62025600e-09  2.03882909e+00  2.67031757e+00 
 1.62045600e-09  2.02373059e+00  2.69216647e+00 
 1.62065600e-09  2.01104973e+00  2.71511898e+00 
 1.62085600e-09  2.00064893e+00  2.73908403e+00 
 1.62105600e-09  1.99234246e+00  2.76384159e+00 
 1.62125600e-09  1.98593226e+00  2.78909558e+00 
 1.62145600e-09  1.98123018e+00  2.81451934e+00 
 1.62165600e-09  1.97806902e+00  2.83978928e+00 
 1.62185600e-09  1.97630470e+00  2.86460618e+00 
 1.62205600e-09  1.97581475e+00  2.88870759e+00 
 1.62225600e-09  1.97649364e+00  2.91187326e+00 
 1.62245600e-09  1.97825159e+00  2.93392815e+00 
 1.62265600e-09  1.98100985e+00  2.95474078e+00 
 1.62285600e-09  1.98469809e+00  2.97422137e+00 
 1.62305600e-09  1.98925249e+00  2.99231857e+00 
 1.62325600e-09  1.99461465e+00  3.00901563e+00 
 1.62345600e-09  2.00073042e+00  3.02432582e+00 
 1.62365600e-09  2.00754870e+00  3.03828673e+00 
 1.62385600e-09  2.01502085e+00  3.05095532e+00 
 1.62405600e-09  2.02310055e+00  3.06240257e+00 
 1.62425600e-09  2.03174355e+00  3.07270879e+00 
 1.62445600e-09  2.04090768e+00  3.08195921e+00 
 1.62465600e-09  2.05055303e+00  3.09024028e+00 
 1.62485600e-09  2.06064270e+00  3.09763618e+00 
 1.62505600e-09  2.07114461e+00  3.10422532e+00 
 1.62525600e-09  2.08203577e+00  3.11007557e+00 
 1.62545600e-09  2.09331089e+00  3.11523569e+00 
 1.62565600e-09  2.10499922e+00  3.11971758e+00 
 1.62585600e-09  2.11719219e+00  3.12345828e+00 
 1.62605600e-09  2.13007946e+00  3.12624049e+00 
 1.62625600e-09  2.14398320e+00  3.12753633e+00 
 1.62645600e-09  2.15938552e+00  3.12623470e+00 
 1.62665600e-09  2.17695350e+00  3.12026228e+00 
 1.62685600e-09  2.19754840e+00  3.10626453e+00 
 1.62705600e-09  2.22216328e+00  3.07969798e+00 
 1.62725600e-09  2.25174136e+00  3.03561556e+00 
 1.62745600e-09  2.28691383e+00  2.97001789e+00 
 1.62765600e-09  2.32776634e+00  2.88124994e+00 
 1.62785600e-09  2.37371685e+00  2.77086716e+00 
 1.62805600e-09  2.42347970e+00  2.64367195e+00 
 1.62825600e-09  2.47516420e+00  2.50677984e+00 
 1.62845600e-09  2.52628244e+00  2.36870691e+00 
 1.62865600e-09  2.57425452e+00  2.23739828e+00 
 1.62885600e-09  2.61719535e+00  2.11863361e+00 
 1.62905600e-09  2.65394903e+00  2.01616138e+00 
 1.62925600e-09  2.68376185e+00  1.93223787e+00 
 1.62945600e-09  2.70604017e+00  1.86830190e+00 
 1.62965600e-09  2.72039991e+00  1.82522496e+00 
 1.62985600e-09  2.72689220e+00  1.80301393e+00 
 1.63005600e-09  2.72607484e+00  1.80035913e+00 
 1.63025600e-09  2.71874853e+00  1.81461157e+00 
 1.63045600e-09  2.70574782e+00  1.84237599e+00 
 1.63065600e-09  2.68788790e+00  1.88020122e+00 
 1.63085600e-09  2.66594439e+00  1.92496314e+00 
 1.63105600e-09  2.64064101e+00  1.97402438e+00 
 1.63125600e-09  2.61263705e+00  2.02526635e+00 
 1.63145600e-09  2.58252667e+00  2.07705482e+00 
 1.63165600e-09  2.55083875e+00  2.12817260e+00 
 1.63185600e-09  2.51803741e+00  2.17774937e+00 
 1.63205600e-09  2.48452413e+00  2.22518895e+00 
 1.63225600e-09  2.45064242e+00  2.27010627e+00 
 1.63245600e-09  2.41668487e+00  2.31228361e+00 
 1.63265600e-09  2.38289918e+00  2.35163027e+00 
 1.63285600e-09  2.34949396e+00  2.38815201e+00 
 1.63305600e-09  2.31664474e+00  2.42192611e+00 
 1.63325600e-09  2.28450015e+00  2.45308381e+00 
 1.63345600e-09  2.25318896e+00  2.48179692e+00 
 1.63365600e-09  2.22282861e+00  2.50827065e+00 
 1.63385600e-09  2.19353446e+00  2.53274213e+00 
 1.63405600e-09  2.16543248e+00  2.55548757e+00 
 1.63425600e-09  2.13867618e+00  2.57683717e+00 
 1.63445600e-09  2.11346227e+00  2.59719107e+00 
 1.63465600e-09  2.09003459e+00  2.61702223e+00 
 1.63485600e-09  2.06866066e+00  2.63684951e+00 
 1.63505600e-09  2.04957722e+00  2.65716679e+00 
 1.63525600e-09  2.03293032e+00  2.67835424e+00 
 1.63545600e-09  2.01874438e+00  2.70061542e+00 
 1.63565600e-09  2.00693307e+00  2.72396455e+00 
 1.63585600e-09  1.99733601e+00  2.74825627e+00 
 1.63605600e-09  1.98975942e+00  2.77323626e+00 
 1.63625600e-09  1.98400695e+00  2.79859226e+00 
 1.63645600e-09  1.97989756e+00  2.82399558e+00 
 1.63665600e-09  1.97727268e+00  2.84912973e+00 
 1.63685600e-09  1.97599666e+00  2.87370821e+00 
 1.63705600e-09  1.97595307e+00  2.89748354e+00 
 1.63725600e-09  1.97704367e+00  2.92025287e+00 
 1.63745600e-09  1.97918327e+00  2.94185743e+00 
 1.63765600e-09  1.98229630e+00  2.96218155e+00 
 1.63785600e-09  1.98631476e+00  2.98115008e+00 
 1.63805600e-09  1.99117682e+00  2.99872513e+00 
 1.63825600e-09  1.99682605e+00  3.01490176e+00 
 1.63845600e-09  2.00320946e+00  3.02970299e+00 
 1.63865600e-09  2.01027702e+00  3.04317420e+00 
 1.63885600e-09  2.01798088e+00  3.05537820e+00 
 1.63905600e-09  2.02627558e+00  3.06638998e+00 
 1.63925600e-09  2.03511760e+00  3.07629216e+00 
 1.63945600e-09  2.04446560e+00  3.08517084e+00 
 1.63965600e-09  2.05428063e+00  3.09311202e+00 
 1.63985600e-09  2.06452734e+00  3.10019819e+00 
 1.64005600e-09  2.07517631e+00  3.10650448e+00 
 1.64025600e-09  2.08620982e+00  3.11209298e+00 
 1.64045600e-09  2.09763293e+00  3.11700152e+00 
 1.64065600e-09  2.10949430e+00  3.12122016e+00 
 1.64085600e-09  2.12191766e+00  3.12464083e+00 
 1.64105600e-09  2.13513844e+00  3.12695408e+00 
 1.64125600e-09  2.14953552e+00  3.12745331e+00 
 1.64145600e-09  2.16565721e+00  3.12471538e+00 
 1.64165600e-09  2.18424425e+00  3.11621295e+00 
 1.64185600e-09  2.20622041e+00  3.09810294e+00 
 1.64205600e-09  2.23258759e+00  3.06556119e+00 
 1.64225600e-09  2.26420431e+00  3.01382008e+00 
 1.64245600e-09  2.30152051e+00  2.93960914e+00 
 1.64265600e-09  2.34438027e+00  2.84241208e+00 
 1.64285600e-09  2.39191769e+00  2.72501793e+00 
 1.64305600e-09  2.44263559e+00  2.59305459e+00 
 1.64325600e-09  2.49442236e+00  2.45436973e+00 
 1.64345600e-09  2.54463819e+00  2.31767033e+00 
 1.64365600e-09  2.59090513e+00  2.19026818e+00 
 1.64385600e-09  2.63163702e+00  2.07712667e+00 
 1.64405600e-09  2.66587271e+00  1.98132557e+00 
 1.64425600e-09  2.69293055e+00  1.90472991e+00 
 1.64445600e-09  2.71227750e+00  1.84855210e+00 
 1.64465600e-09  2.72366300e+00  1.81338376e+00 
 1.64485600e-09  2.72734150e+00  1.79877222e+00 
 1.64505600e-09  2.72399838e+00  1.80286765e+00 
 1.64525600e-09  2.71445958e+00  1.82264862e+00 
 1.64545600e-09  2.69955542e+00  1.85463154e+00 
 1.64565600e-09  2.68008758e+00  1.89545674e+00 
 1.64585600e-09  2.65681312e+00  1.94216786e+00 
 1.64605600e-09  2.63043079e+00  1.99232375e+00 
 1.64625600e-09  2.60157668e+00  2.04399598e+00 
 1.64645600e-09  2.57082234e+00  2.09571280e+00 
 1.64665600e-09  2.53867269e+00  2.14639669e+00 
 1.64685600e-09  2.50556728e+00  2.19528685e+00 
 1.64705600e-09  2.47188423e+00  2.24186939e+00 
 1.64725600e-09  2.43794721e+00  2.28582720e+00 
 1.64745600e-09  2.40403139e+00  2.32699403e+00 
 1.64765600e-09  2.37036912e+00  2.36531870e+00 
 1.64785600e-09  2.33715599e+00  2.40083621e+00 
 1.64805600e-09  2.30455668e+00  2.43364607e+00 
 1.64825600e-09  2.27271147e+00  2.46389599e+00 
 1.64845600e-09  2.24174386e+00  2.49177104e+00 
 1.64865600e-09  2.21176917e+00  2.51748811e+00 
 1.64885600e-09  2.18290460e+00  2.54129742e+00 
 1.64905600e-09  2.15528446e+00  2.56349364e+00 
 1.64925600e-09  2.12907672e+00  2.58443150e+00 
 1.64945600e-09  2.10449617e+00  2.60453867e+00 
 1.64965600e-09  2.08179988e+00  2.62431109e+00 
 1.64985600e-09  2.06125145e+00  2.64426865e+00 
 1.65005600e-09  2.04306050e+00  2.66487333e+00 
 1.65025600e-09  2.02732966e+00  2.68644534e+00 
 1.65045600e-09  2.01403945e+00  2.70911748e+00 
 1.65065600e-09  2.00307133e+00  2.73284013e+00 
 1.65085600e-09  1.99424815e+00  2.75742154e+00 
 1.65105600e-09  1.98737221e+00  2.78258037e+00 
 1.65125600e-09  1.98225129e+00  2.80799407e+00 
 1.65145600e-09  1.97871222e+00  2.83333564e+00 
 1.65165600e-09  1.97660496e+00  2.85829803e+00 
 1.65185600e-09  1.97580050e+00  2.88260782e+00 
 1.65205600e-09  1.97619075e+00  2.90603445e+00 
 1.65225600e-09  1.97768290e+00  2.92839124e+00 
 1.65245600e-09  1.98019524e+00  2.94953536e+00 
 1.65265600e-09  1.98365492e+00  2.96936635e+00 
 1.65285600e-09  1.98799611e+00  2.98782331e+00 
 1.65305600e-09  1.99315946e+00  3.00488112e+00 
 1.65325600e-09  1.99908982e+00  3.02054588e+00 
 1.65345600e-09  2.00573551e+00  3.03484948e+00 
 1.65365600e-09  2.01304721e+00  3.04784438e+00 
 1.65385600e-09  2.02097810e+00  3.05959852e+00 
 1.65405600e-09  2.02948333e+00  3.07019023e+00 
 1.65425600e-09  2.03852025e+00  3.07970391e+00 
 1.65445600e-09  2.04804827e+00  3.08822602e+00 
 1.65465600e-09  2.05802965e+00  3.09584169e+00 
 1.65485600e-09  2.06843076e+00  3.10263115e+00 
 1.65505600e-09  2.07922574e+00  3.10866561e+00 
 1.65525600e-09  2.09040359e+00  3.11399987e+00 
 1.65545600e-09  2.10198264e+00  3.11865776e+00 
 1.65565600e-09  2.11403535e+00  3.12260070e+00 
 1.65585600e-09  2.12672294e+00  3.12566157e+00 
 1.65605600e-09  2.14033104e+00  3.12741199e+00 
 1.65625600e-09  2.15529884e+00  3.12692181e+00 
 1.65645600e-09  2.17224428e+00  3.12239942e+00 
 1.65665600e-09  2.19198125e+00  3.11082980e+00 
 1.65685600e-09  2.21548165e+00  3.08792599e+00 
 1.65705600e-09  2.24372464e+00  3.04873094e+00 
 1.65725600e-09  2.27744580e+00  2.98886346e+00 
 1.65745600e-09  2.31688581e+00  2.90596250e+00 
 1.65765600e-09  2.36163678e+00  2.80073136e+00 
 1.65785600e-09  2.41058118e+00  2.67718119e+00 
 1.65805600e-09  2.46197697e+00  2.54187753e+00 
 1.65825600e-09  2.51348395e+00  2.40302546e+00 
 1.65845600e-09  2.56245206e+00  2.26899770e+00 
 1.65865600e-09  2.60678388e+00  2.14638687e+00 
 1.65885600e-09  2.64517120e+00  2.03938851e+00 
 1.65905600e-09  2.67679054e+00  1.95053879e+00 
 1.65925600e-09  2.70101659e+00  1.88141440e+00 
 1.65945600e-09  2.71739343e+00  1.83302267e+00 
 1.65965600e-09  2.72584123e+00  1.80562495e+00 
 1.65985600e-09  2.72680455e+00  1.79826485e+00 
 1.66005600e-09  2.72105115e+00  1.80859242e+00 
 1.66025600e-09  2.70941435e+00  1.83332461e+00 
 1.66045600e-09  2.69271686e+00  1.86897424e+00 
 1.66065600e-09  2.67174371e+00  1.91230444e+00 
 1.66085600e-09  2.64723026e+00  1.96055035e+00 
 1.66105600e-09  2.61985287e+00  2.01147016e+00 
 1.66125600e-09  2.59022604e+00  2.06330881e+00 
 1.66145600e-09  2.55889512e+00  2.11474854e+00 
 1.66165600e-09  2.52634065e+00  2.16483821e+00 
 1.66185600e-09  2.49297876e+00  2.21291735e+00 
 1.66205600e-09  2.45916678e+00  2.25855105e+00 
 1.66225600e-09  2.42520924e+00  2.30148299e+00 
 1.66245600e-09  2.39136475e+00  2.34159345e+00 
 1.66265600e-09  2.35785097e+00  2.37886619e+00 
 1.66285600e-09  2.32485134e+00  2.41336241e+00 
 1.66305600e-09  2.29252042e+00  2.44520107e+00 
 1.66325600e-09  2.26099131e+00  2.47454480e+00 
 1.66345600e-09  2.23038329e+00  2.50159071e+00 
 1.66365600e-09  2.20081073e+00  2.52656714e+00 
 1.66385600e-09  2.17239538e+00  2.54973955e+00 
 1.66405600e-09  2.14528236e+00  2.57142319e+00 
 1.66425600e-09  2.11965600e+00  2.59199868e+00 
 1.66445600e-09  2.09574882e+00  2.61192151e+00 
 1.66465600e-09  2.07382598e+00  2.63170402e+00 
 1.66485600e-09  2.05413873e+00  2.65185522e+00 
 1.66505600e-09  2.03686136e+00  2.67279278e+00 
 1.66525600e-09  2.02205055e+00  2.69476971e+00 
 1.66545600e-09  2.00964572e+00  2.71784796e+00 
 1.66565600e-09  1.99950165e+00  2.74191918e+00 
 1.66585600e-09  1.99142955e+00  2.76675206e+00 
 1.66605600e-09  1.98523149e+00  2.79204483e+00 
 1.66625600e-09  1.98072128e+00  2.81746965e+00 
 1.66645600e-09  1.97773426e+00  2.84270469e+00 
 1.66665600e-09  1.97612740e+00  2.86745354e+00 
 1.66685600e-09  1.97578152e+00  2.89145924e+00 
 1.66705600e-09  1.97659487e+00  2.91450731e+00 
 1.66725600e-09  1.97847872e+00  2.93642725e+00 
 1.66745600e-09  1.98135451e+00  2.95709212e+00 
 1.66765600e-09  1.98515194e+00  2.97641662e+00 
 1.66785600e-09  1.98980808e+00  2.99435378e+00 
 1.66805600e-09  1.99526524e+00  3.01089060e+00 
 1.66825600e-09  2.00146978e+00  3.02604353e+00 
 1.66845600e-09  2.00837091e+00  3.03985263e+00 
 1.66865600e-09  2.01592028e+00  3.05237683e+00 
 1.66885600e-09  2.02407181e+00  3.06368841e+00 
 1.66905600e-09  2.03278151e+00  3.07386854e+00 
 1.66925600e-09  2.04200742e+00  3.08300274e+00 
 1.66945600e-09  2.05170995e+00  3.09117745e+00 
 1.66965600e-09  2.06185259e+00  3.09847629e+00 
 1.66985600e-09  2.07240411e+00  3.10497683e+00 
 1.67005600e-09  2.08334303e+00  3.11074525e+00 
 1.67025600e-09  2.09466715e+00  3.11582715e+00 
 1.67045600e-09  2.10641145e+00  3.12022805e+00 
 1.67065600e-09  2.11867713e+00  3.12387187e+00 
 1.67085600e-09  2.13166795e+00  3.12651441e+00 
 1.67105600e-09  2.14572381e+00  3.12757511e+00 
 1.67125600e-09  2.16134764e+00  3.12584913e+00 
 1.67145600e-09  2.17922997e+00  3.11912262e+00 
 1.67165600e-09  2.20025323e+00  3.10388212e+00 
 1.67185600e-09  2.22541642e+00  3.07548049e+00 
 1.67205600e-09  2.25563983e+00  3.02900613e+00 
 1.67225600e-09  2.29150005e+00  2.96067186e+00 
 1.67245600e-09  2.33300694e+00  2.86917558e+00 
 1.67265600e-09  2.37946772e+00  2.75645320e+00 
 1.67285600e-09  2.42955217e+00  2.62741147e+00 
 1.67305600e-09  2.48131526e+00  2.48951008e+00 
 1.67325600e-09  2.53218716e+00  2.35155456e+00 
 1.67345600e-09  2.57964259e+00  2.22128741e+00 
 1.67365600e-09  2.62189038e+00  2.10420999e+00 
 1.67385600e-09  2.65784772e+00  2.00382911e+00 
 1.67405600e-09  2.68678564e+00  1.92225047e+00 
 1.67425600e-09  2.70813034e+00  1.86082606e+00 
 1.67445600e-09  2.72153536e+00  1.82033414e+00 
 1.67465600e-09  2.72711786e+00  1.80063540e+00 
 1.67485600e-09  2.72548079e+00  1.80024153e+00 
 1.67505600e-09  2.71743601e+00  1.81637167e+00 
 1.67525600e-09  2.70381658e+00  1.84559087e+00 
 1.67545600e-09  2.68543393e+00  1.88447263e+00 
 1.67565600e-09  2.66305677e+00  1.92994080e+00 
 1.67585600e-09  2.63739953e+00  1.97942304e+00 
 1.67605600e-09  2.60911464e+00  2.03086605e+00 
 1.67625600e-09  2.57879151e+00  2.08268706e+00 
 1.67645600e-09  2.54695169e+00  2.13371643e+00 
 1.67665600e-09  2.51405101e+00  2.18311969e+00 
 1.67685600e-09  2.48048196e+00  2.23032470e+00 
 1.67705600e-09  2.44658171e+00  2.27496936e+00 
 1.67725600e-09  2.41263700e+00  2.31685284e+00 
 1.67745600e-09  2.37889066e+00  2.35589790e+00 
 1.67765600e-09  2.34554691e+00  2.39211994e+00 
 1.67785600e-09  2.31277784e+00  2.42560396e+00 
 1.67805600e-09  2.28072912e+00  2.45648663e+00 
 1.67825600e-09  2.24952782e+00  2.48494437e+00 
 1.67845600e-09  2.21929004e+00  2.51118559e+00 
 1.67865600e-09  2.19013193e+00  2.53545238e+00 
 1.67885600e-09  2.16218184e+00  2.55802669e+00 
 1.67905600e-09  2.13559735e+00  2.57924579e+00 
 1.67925600e-09  2.11058097e+00  2.59951859e+00 
 1.67945600e-09  2.08738099e+00  2.61932601e+00 
 1.67965600e-09  2.06626444e+00  2.63918851e+00 
 1.67985600e-09  2.04746073e+00  2.65959142e+00 
 1.68005600e-09  2.03110280e+00  2.68089726e+00 
 1.68025600e-09  2.01720126e+00  2.70328783e+00 
 1.68045600e-09  2.00565912e+00  2.72675698e+00 
 1.68065600e-09  1.99631020e+00  2.75114419e+00 
 1.68085600e-09  1.98895896e+00  2.77618590e+00 
 1.68105600e-09  1.98341008e+00  2.80156604e+00 
 1.68125600e-09  1.97948484e+00  2.82695594e+00 
 1.68145600e-09  1.97702535e+00  2.85204059e+00 
 1.68165600e-09  1.97589989e+00  2.87653881e+00 
 1.68185600e-09  1.97599659e+00  2.90020909e+00 
 1.68205600e-09  1.97721773e+00  2.92285273e+00 
 1.68225600e-09  1.97947911e+00  2.94431589e+00 
 1.68245600e-09  1.98270534e+00  2.96448744e+00 
 1.68265600e-09  1.98682906e+00  2.98329689e+00 
 1.68285600e-09  1.99178939e+00  3.00071038e+00 
 1.68305600e-09  1.99753037e+00  3.01672663e+00 
 1.68325600e-09  2.00399946e+00  3.03137145e+00 
 1.68345600e-09  2.01114689e+00  3.04469260e+00 
 1.68365600e-09  2.01892511e+00  3.05675455e+00 
 1.68385600e-09  2.02728890e+00  3.06763347e+00 
 1.68405600e-09  2.03619497e+00  3.07741258e+00 
 1.68425600e-09  2.04560224e+00  3.08617818e+00 
 1.68445600e-09  2.05547205e+00  3.09401598e+00 
 1.68465600e-09  2.06576959e+00  3.10100788e+00 
 1.68485600e-09  2.07646653e+00  3.10722792e+00 
 1.68505600e-09  2.08754714e+00  3.11273609e+00 
 1.68525600e-09  2.09902036e+00  3.11756606e+00 
 1.68545600e-09  2.11094193e+00  3.12169955e+00 
 1.68565600e-09  2.12344699e+00  3.12501129e+00 
 1.68585600e-09  2.13678659e+00  3.12715705e+00 
 1.68605600e-09  2.15135851e+00  3.12736388e+00 
 1.68625600e-09  2.16773300e+00  3.12409690e+00 
 1.68645600e-09  2.18667442e+00  3.11467544e+00 
 1.68665600e-09  2.20912383e+00  3.09510772e+00 
 1.68685600e-09  2.23607954e+00  3.06050935e+00 
 1.68705600e-09  2.26836485e+00  3.00621357e+00 
 1.68725600e-09  2.30636545e+00  2.92922260e+00 
 1.68745600e-09  2.34981551e+00  2.82938117e+00 
 1.68765600e-09  2.39780390e+00  2.70961953e+00 
 1.68785600e-09  2.44878280e+00  2.57600562e+00 
 1.68805600e-09  2.50053040e+00  2.43680719e+00 
 1.68825600e-09  2.55038930e+00  2.30063798e+00 
 1.68845600e-09  2.59605813e+00  2.17458693e+00 
 1.68865600e-09  2.63605066e+00  2.06333936e+00 
 1.68885600e-09  2.66945342e+00  1.96976544e+00 
 1.68905600e-09  2.69560773e+00  1.89561063e+00 
 1.68925600e-09  2.71400123e+00  1.84200638e+00 
 1.68945600e-09  2.72443674e+00  1.80943475e+00 
 1.68965600e-09  2.72723146e+00  1.79727718e+00 
 1.68985600e-09  2.72310302e+00  1.80351358e+00 
 1.69005600e-09  2.71288010e+00  1.82502357e+00 
 1.69025600e-09  2.69739152e+00  1.85831456e+00 
 1.69045600e-09  2.67743236e+00  1.90005649e+00 
 1.69065600e-09  2.65375128e+00  1.94735956e+00 
 1.69085600e-09  2.62704029e+00  1.99785290e+00 
 1.69105600e-09  2.59793172e+00  2.04965992e+00 
 1.69125600e-09  2.56698931e+00  2.10136257e+00 
 1.69145600e-09  2.53470951e+00  2.15192466e+00 
 1.69165600e-09  2.50152198e+00  2.20061400e+00 
 1.69185600e-09  2.46779826e+00  2.24694384e+00 
 1.69205600e-09  2.43385551e+00  2.29061710e+00 
 1.69225600e-09  2.39996375e+00  2.33148371e+00 
 1.69245600e-09  2.36635028e+00  2.36950408e+00 
 1.69265600e-09  2.33320691e+00  2.40472251e+00 
 1.69285600e-09  2.30069476e+00  2.43724498e+00 
 1.69305600e-09  2.26895186e+00  2.46722465e+00 
 1.69325600e-09  2.23810000e+00  2.49485049e+00 
 1.69345600e-09  2.20825389e+00  2.52034304e+00 
 1.69365600e-09  2.17953186e+00  2.54395752e+00 
 1.69385600e-09  2.15207162e+00  2.56599530e+00 
 1.69405600e-09  2.12604590e+00  2.58681875e+00 
 1.69425600e-09  2.10167510e+00  2.60686461e+00 
 1.69445600e-09  2.07921914e+00  2.62663467e+00 
 1.69465600e-09  2.05893910e+00  2.64664714e+00 
 1.69485600e-09  2.04103444e+00  2.66735169e+00 
 1.69505600e-09  2.02559393e+00  2.68904867e+00 
 1.69525600e-09  2.01258486e+00  2.71184882e+00 
 1.69545600e-09  2.00187988e+00  2.73568384e+00 
 1.69565600e-09  1.99329755e+00  2.76034883e+00 
 1.69585600e-09  1.98663974e+00  2.78555543e+00 
 1.69605600e-09  1.98171580e+00  2.81097881e+00 
 1.69625600e-09  1.97835265e+00  2.83629150e+00 
 1.69645600e-09  1.97640479e+00  2.86119138e+00 
 1.69665600e-09  1.97574872e+00  2.88541118e+00 
 1.69685600e-09  1.97627679e+00  2.90872407e+00 
 1.69705600e-09  1.97789730e+00  2.93094828e+00 
 1.69725600e-09  1.98052868e+00  2.95194557e+00 
 1.69745600e-09  1.98409881e+00  2.97162042e+00 
 1.69765600e-09  1.98854299e+00  2.98991630e+00 
 1.69785600e-09  1.99380250e+00  3.00681207e+00 
 1.69805600e-09  1.99982267e+00  3.02231704e+00 
 1.69825600e-09  2.00655219e+00  3.03646585e+00 
 1.69845600e-09  2.01394199e+00  3.04931302e+00 
 1.69865600e-09  2.02194554e+00  3.06092799e+00 
 1.69885600e-09  2.03051821e+00  3.07139001e+00 
 1.69905600e-09  2.03961762e+00  3.08078398e+00 
 1.69925600e-09  2.04920338e+00  3.08919629e+00 
 1.69945600e-09  2.05923816e+00  3.09671174e+00 
 1.69965600e-09  2.06968908e+00  3.10340984e+00 
 1.69985600e-09  2.08053158e+00  3.10936036e+00 
 1.70005600e-09  2.09175721e+00  3.11461534e+00 
 1.70025600e-09  2.10338923e+00  3.11919331e+00 
 1.70045600e-09  2.11550869e+00  3.12304475e+00 
 1.70065600e-09  2.12828991e+00  3.12598011e+00 
 1.70085600e-09  2.14203546e+00  3.12752625e+00 
 1.70105600e-09  2.15720455e+00  3.12667098e+00 
 1.70125600e-09  2.17443809e+00  3.12149312e+00 
 1.70145600e-09  2.19457263e+00  3.10881804e+00 
 1.70165600e-09  2.21859137e+00  3.08423248e+00 
 1.70185600e-09  2.24745871e+00  3.04277333e+00 
 1.70205600e-09  2.28186310e+00  2.98022726e+00 
 1.70225600e-09  2.32194360e+00  2.89454263e+00 
 1.70245600e-09  2.36721471e+00  2.78654794e+00 
 1.70265600e-09  2.41654447e+00  2.66048453e+00 
 1.70285600e-09  2.46812875e+00  2.52358439e+00 
 1.70305600e-09  2.51950213e+00  2.38462924e+00 
 1.70325600e-09  2.56803129e+00  2.25173405e+00 
 1.70345600e-09  2.61172299e+00  2.13091006e+00 
 1.70365600e-09  2.64934627e+00  2.02611052e+00 
 1.70385600e-09  2.68011610e+00  1.93970606e+00 
 1.70405600e-09  2.70342199e+00  1.87318383e+00 
 1.70425600e-09  2.71884222e+00  1.82747214e+00 
 1.70445600e-09  2.72635875e+00  1.80270315e+00 
 1.70465600e-09  2.72647305e+00  1.79774604e+00 
 1.70485600e-09  2.71997015e+00  1.81010046e+00 
 1.70505600e-09  2.70768440e+00  1.83642385e+00 
 1.70525600e-09  2.69043382e+00  1.87323151e+00 
 1.70545600e-09  2.66899527e+00  1.91735097e+00 
 1.70565600e-09  2.64409887e+00  1.96609271e+00 
 1.70585600e-09  2.61641790e+00  2.01726489e+00 
 1.70605600e-09  2.58656005e+00  2.06917254e+00 
 1.70625600e-09  2.55506303e+00  2.12054878e+00 
 1.70645600e-09  2.52239637e+00  2.17047692e+00 
 1.70665600e-09  2.48896747e+00  2.21832437e+00 
 1.70685600e-09  2.45512688e+00  2.26368103e+00 
 1.70705600e-09  2.42117355e+00  2.30630997e+00 
 1.70725600e-09  2.38736077e+00  2.34610602e+00 
 1.70745600e-09  2.35390197e+00  2.38306419e+00 
 1.70765600e-09  2.32097672e+00  2.41725388e+00 
 1.70785600e-09  2.28873677e+00  2.44880048e+00 
 1.70805600e-09  2.25731299e+00  2.47787136e+00 
 1.70825600e-09  2.22682339e+00  2.50466734e+00 
 1.70845600e-09  2.19738298e+00  2.52942186e+00 
 1.70865600e-09  2.16911533e+00  2.55240556e+00 
 1.70885600e-09  2.14216919e+00  2.57394012e+00 
 1.70905600e-09  2.11673439e+00  2.59441530e+00 
 1.70925600e-09  2.09304827e+00  2.61429472e+00 
 1.70945600e-09  2.07137775e+00  2.63409472e+00 
 1.70965600e-09  2.05196819e+00  2.65431838e+00 
 1.70985600e-09  2.03498169e+00  2.67536747e+00 
 1.71005600e-09  2.02046037e+00  2.69747306e+00 
 1.71025600e-09  2.00833176e+00  2.72067549e+00 
 1.71045600e-09  1.99844335e+00  2.74484928e+00 
 1.71065600e-09  1.99060377e+00  2.76975227e+00 
 1.71085600e-09  1.98461554e+00  2.79507745e+00 
 1.71105600e-09  1.98029467e+00  2.82049626e+00 
 1.71125600e-09  1.97747702e+00  2.84568762e+00 
 1.71145600e-09  1.97602539e+00  2.87036136e+00 
 1.71165600e-09  1.97582332e+00  2.89426514e+00 
 1.71185600e-09  1.97676996e+00  2.91718908e+00 
 1.71205600e-09  1.97877719e+00  2.93896749e+00 
 1.71225600e-09  1.98176702e+00  2.95947847e+00 
 1.71245600e-09  1.98567073e+00  2.97864163e+00 
 1.71265600e-09  1.99042587e+00  2.99641411e+00 
 1.71285600e-09  1.99597557e+00  3.01278675e+00 
 1.71305600e-09  2.00226639e+00  3.02777898e+00 
 1.71325600e-09  2.00924800e+00  3.04143342e+00 
 1.71345600e-09  2.01687221e+00  3.05381079e+00 
 1.71365600e-09  2.02509328e+00  3.06498473e+00 
 1.71385600e-09  2.03386736e+00  3.07503708e+00 
 1.71405600e-09  2.04315280e+00  3.08405366e+00 
 1.71425600e-09  2.05291021e+00  3.09212071e+00 
 1.71445600e-09  2.06310375e+00  3.09932153e+00 
 1.71465600e-09  2.07370295e+00  3.10573256e+00 
 1.71485600e-09  2.08468810e+00  3.11141819e+00 
 1.71505600e-09  2.09606018e+00  3.11642048e+00 
 1.71525600e-09  2.10786036e+00  3.12073802e+00 
 1.71545600e-09  2.12020010e+00  3.12428044e+00 
 1.71565600e-09  2.13329783e+00  3.12677431e+00 
 1.71585600e-09  2.14751157e+00  3.12758221e+00 
 1.71605600e-09  2.16336543e+00  3.12539986e+00 
 1.71625600e-09  2.18157351e+00  3.11786819e+00 
 1.71645600e-09  2.20303841e+00  3.10131689e+00 
 1.71665600e-09  2.22876219e+00  3.07100764e+00 
 1.71685600e-09  2.25963833e+00  3.02208487e+00 
 1.71705600e-09  2.29615763e+00  2.95099167e+00 
 1.71725600e-09  2.33825109e+00  2.85653363e+00 
 1.71745600e-09  2.38520893e+00  2.74087693e+00 
 1.71765600e-09  2.43563245e+00  2.60963572e+00 
 1.71785600e-09  2.48745441e+00  2.47074135e+00 
 1.71805600e-09  2.53805106e+00  2.33297188e+00 
 1.71825600e-09  2.58495845e+00  2.20385505e+00 
 1.71845600e-09  2.62649060e+00  2.08859215e+00 
 1.71865600e-09  2.66162846e+00  1.99044006e+00 
 1.71885600e-09  2.68966931e+00  1.91134968e+00 
 1.71905600e-09  2.71005919e+00  1.85257837e+00 
 1.71925600e-09  2.72249704e+00  1.81479846e+00 
 1.71945600e-09  2.72716624e+00  1.79771052e+00 
 1.71965600e-09  2.72471182e+00  1.79964467e+00 
 1.71985600e-09  2.71595316e+00  1.81769624e+00 
 1.72005600e-09  2.70172105e+00  1.84838370e+00 
 1.72025600e-09  2.68281711e+00  1.88832215e+00 
 1.72045600e-09  2.66000318e+00  1.93451973e+00 
 1.72065600e-09  2.63399247e+00  1.98445752e+00 
 1.72085600e-09  2.60543477e+00  2.03613617e+00 
 1.72105600e-09  2.57491083e+00  2.08802783e+00 
 1.72125600e-09  2.54293052e+00  2.13900357e+00 
 1.72145600e-09  2.50993968e+00  2.18826111e+00 
 1.72165600e-09  2.47632368e+00  2.23525749e+00 
 1.72185600e-09  2.44241317e+00  2.27965301e+00 
 1.72205600e-09  2.40848924e+00  2.32126426e+00 
 1.72225600e-09  2.37478963e+00  2.36002720e+00 
 1.72245600e-09  2.34151436e+00  2.39596728e+00 
 1.72265600e-09  2.30883187e+00  2.42917702e+00 
 1.72285600e-09  2.27688517e+00  2.45979890e+00 
 1.72305600e-09  2.24579911e+00  2.48801335e+00 
 1.72325600e-09  2.21568925e+00  2.51403348e+00 
 1.72345600e-09  2.18667248e+00  2.53810616e+00 
 1.72365600e-09  2.15887980e+00  2.56051905e+00 
 1.72385600e-09  2.13247296e+00  2.58161686e+00 
 1.72405600e-09  2.10765942e+00  2.60181694e+00 
 1.72425600e-09  2.08469156e+00  2.62160763e+00 
 1.72445600e-09  2.06383569e+00  2.64151015e+00 
 1.72465600e-09  2.04531318e+00  2.66200074e+00 
 1.72485600e-09  2.02924398e+00  2.68342411e+00 
 1.72505600e-09  2.01562527e+00  2.70594065e+00 
 1.72525600e-09  2.00435019e+00  2.72952483e+00 
 1.72545600e-09  1.99524726e+00  2.75400183e+00 
 1.72565600e-09  1.98811967e+00  2.77909972e+00 
 1.72585600e-09  1.98277323e+00  2.80449908e+00 
 1.72605600e-09  1.97902875e+00  2.82986973e+00 
 1.72625600e-09  1.97673504e+00  2.85490244e+00 
 1.72645600e-09  1.97576340e+00  2.87932006e+00 
 1.72665600e-09  1.97600268e+00  2.90288496e+00 
 1.72685600e-09  1.97735643e+00  2.92540320e+00 
 1.72705600e-09  1.97974009e+00  2.94672542e+00 
 1.72725600e-09  1.98307998e+00  2.96674570e+00 
 1.72745600e-09  1.98730963e+00  2.98539785e+00 
 1.72765600e-09  1.99236913e+00  3.00265213e+00 
 1.72785600e-09  1.99820279e+00  3.01851049e+00 
 1.72805600e-09  2.00475864e+00  3.03300169e+00 
 1.72825600e-09  2.01198696e+00  3.04617558e+00 
 1.72845600e-09  2.01984065e+00  3.05809838e+00 
 1.72865600e-09  2.02827454e+00  3.06884720e+00 
 1.72885600e-09  2.03724573e+00  3.07850596e+00 
 1.72905600e-09  2.04671321e+00  3.08716093e+00 
 1.72925600e-09  2.05663884e+00  3.09489774e+00 
 1.72945600e-09  2.06698832e+00  3.10179757e+00 
 1.72965600e-09  2.07773451e+00  3.10793328e+00 
 1.72985600e-09  2.08886371e+00  3.11336244e+00 
 1.73005600e-09  2.10038912e+00  3.11811434e+00 
 1.73025600e-09  2.11237399e+00  3.12216163e+00 
 1.73045600e-09  2.12496550e+00  3.12536039e+00 
 1.73065600e-09  2.13843068e+00  3.12732857e+00 
 1.73085600e-09  2.15318665e+00  3.12722212e+00 
 1.73105600e-09  2.16982589e+00  3.12338856e+00 
 1.73125600e-09  2.18913627e+00  3.11299112e+00 
 1.73145600e-09  2.21207440e+00  3.09189511e+00 
 1.73165600e-09  2.23963163e+00  3.05517223e+00 
 1.73185600e-09  2.27256719e+00  2.99828947e+00 
 1.73205600e-09  2.31119320e+00  2.91832139e+00 
 1.73225600e-09  2.35522181e+00  2.81530978e+00 
 1.73245600e-09  2.40368264e+00  2.69288092e+00 
 1.73265600e-09  2.45493271e+00  2.55767502e+00 
 1.73285600e-09  2.50663305e+00  2.41834659e+00 
 1.73305600e-09  2.55610724e+00  2.28328952e+00 
 1.73325600e-09  2.60116189e+00  2.15901654e+00 
 1.73345600e-09  2.64040037e+00  2.04996991e+00 
 1.73365600e-09  2.67296044e+00  1.95883739e+00 
 1.73385600e-09  2.69819828e+00  1.88726920e+00 
 1.73405600e-09  2.71563040e+00  1.83633001e+00 
 1.73425600e-09  2.72511429e+00  1.80639520e+00 
 1.73445600e-09  2.72703072e+00  1.79668456e+00 
 1.73465600e-09  2.72212306e+00  1.80501782e+00 
 1.73485600e-09  2.71122212e+00  1.82816863e+00 
 1.73505600e-09  2.69514790e+00  1.86266125e+00 
 1.73525600e-09  2.67468952e+00  1.90525213e+00 
 1.73545600e-09  2.65059586e+00  1.95309737e+00 
 1.73565600e-09  2.62355556e+00  2.00387429e+00 
 1.73585600e-09  2.59419387e+00  2.05576901e+00 
 1.73605600e-09  2.56306498e+00  2.10741313e+00 
 1.73625600e-09  2.53065484e+00  2.15780831e+00 
 1.73645600e-09  2.49738559e+00  2.20625644e+00 
 1.73665600e-09  2.46362179e+00  2.25229671e+00 
 1.73685600e-09  2.42967448e+00  2.29565264e+00 
 1.73705600e-09  2.39580805e+00  2.33618943e+00 
 1.73725600e-09  2.36224515e+00  2.37387941e+00 
 1.73745600e-09  2.32917342e+00  2.40877547e+00 
 1.73765600e-09  2.29675080e+00  2.44099033e+00 
 1.73785600e-09  2.26511275e+00  2.47068197e+00 
 1.73805600e-09  2.23437943e+00  2.49804307e+00 
 1.73825600e-09  2.20466536e+00  2.52329854e+00 
 1.73845600e-09  2.17609093e+00  2.54670930e+00 
 1.73865600e-09  2.14879683e+00  2.56858240e+00 
 1.73885600e-09  2.12296045e+00  2.58928818e+00 
 1.73905600e-09  2.09880762e+00  2.60927230e+00 
 1.73925600e-09  2.07660127e+00  2.62904213e+00 
 1.73945600e-09  2.05659857e+00  2.64911260e+00 
 1.73965600e-09  2.03898801e+00  2.66991966e+00 
 1.73985600e-09  2.02384373e+00  2.69174242e+00 
 1.74005600e-09  2.01112005e+00  2.71466926e+00 
 1.74025600e-09  2.00068103e+00  2.73861314e+00 
 1.74045600e-09  1.99234153e+00  2.76335664e+00 
 1.74065600e-09  1.98590325e+00  2.78860474e+00 
 1.74085600e-09  1.98117392e+00  2.81402832e+00 
 1.74105600e-09  1.97798840e+00  2.83930554e+00 
 1.74125600e-09  1.97620470e+00  2.86413790e+00 
 1.74145600e-09  1.97570006e+00  2.88826162e+00 
 1.74165600e-09  1.97636834e+00  2.91145473e+00 
 1.74185600e-09  1.97811736e+00  2.93353997e+00 
 1.74205600e-09  1.98086769e+00  2.95438490e+00 
 1.74225600e-09  1.98454833e+00  2.97389866e+00 
 1.74245600e-09  1.98909572e+00  2.99202932e+00 
 1.74265600e-09  1.99445154e+00  3.00875934e+00 
 1.74285600e-09  2.00056179e+00  3.02410156e+00 
 1.74305600e-09  2.00737525e+00  3.03809299e+00 
 1.74325600e-09  2.01484333e+00  3.05079041e+00 
 1.74345600e-09  2.02291956e+00  3.06226449e+00 
 1.74365600e-09  2.03155974e+00  3.07259552e+00 
 1.74385600e-09  2.04072150e+00  3.08186858e+00 
 1.74405600e-09  2.05036495e+00  3.09017024e+00 
 1.74425600e-09  2.06045311e+00  3.09758480e+00 
 1.74445600e-09  2.07095394e+00  3.10419099e+00 
 1.74465600e-09  2.08184418e+00  3.11005683e+00 
 1.74485600e-09  2.09311820e+00  3.11523151e+00 
 1.74505600e-09  2.10480448e+00  3.11972765e+00 
 1.74525600e-09  2.11699331e+00  3.12348398e+00 
 1.74545600e-09  2.12987255e+00  3.12628639e+00 
 1.74565600e-09  2.14376219e+00  3.12761345e+00 
 1.74585600e-09  2.15914174e+00  3.12636538e+00 
 1.74605600e-09  2.17667540e+00  3.12048616e+00 
 1.74625600e-09  2.19722174e+00  3.10664123e+00 
 1.74645600e-09  2.22177291e+00  3.08030099e+00 
 1.74665600e-09  2.25127469e+00  3.03651534e+00 
 1.74685600e-09  2.28633809e+00  2.97126362e+00 
 1.74705600e-09  2.32705428e+00  2.88260428e+00 
 1.74725600e-09  2.37288519e+00  2.77183766e+00 
 1.74745600e-09  2.42263002e+00  2.64381850e+00 
 1.74765600e-09  2.47436366e+00  2.50629711e+00 
 1.74785600e-09  2.52553402e+00  2.36797108e+00 
 1.74805600e-09  2.57357477e+00  2.23645985e+00 
 1.74825600e-09  2.61658881e+00  2.11754640e+00 
 1.74845600e-09  2.65342679e+00  2.01496517e+00 
 1.74865600e-09  2.68332765e+00  1.93095570e+00 
 1.74885600e-09  2.70570258e+00  1.86694094e+00 
 1.74905600e-09  2.72016201e+00  1.82378192e+00 
 1.74925600e-09  2.72675370e+00  1.80148860e+00 
 1.74945600e-09  2.72602834e+00  1.79876238e+00 
 1.74965600e-09  2.71878644e+00  1.81296829e+00 
 1.74985600e-09  2.70586010e+00  1.84069541e+00 
 1.75005600e-09  2.68806043e+00  1.87850614e+00 
 1.75025600e-09  2.66616032e+00  1.92329886e+00 
 1.75045600e-09  2.64088917e+00  1.97242349e+00 
 1.75065600e-09  2.61291321e+00  2.02375162e+00 
 1.75085600e-09  2.58283141e+00  2.07564221e+00 
 1.75105600e-09  2.55117008e+00  2.12687233e+00 
 1.75125600e-09  2.51839166e+00  2.17656447e+00 
 1.75145600e-09  2.48489591e+00  2.22411554e+00 
 1.75165600e-09  2.45102740e+00  2.26913967e+00 
 1.75185600e-09  2.41707882e+00  2.31141745e+00 
 1.75205600e-09  2.38329876e+00  2.35085795e+00 
 1.75225600e-09  2.34989590e+00  2.38746601e+00 
 1.75245600e-09  2.31704645e+00  2.42131908e+00 
 1.75265600e-09  2.28489867e+00  2.45254737e+00 
 1.75285600e-09  2.25358154e+00  2.48132303e+00 
 1.75305600e-09  2.22321224e+00  2.50785139e+00 
 1.75325600e-09  2.19390664e+00  2.53237014e+00 
 1.75345600e-09  2.16579061e+00  2.55515494e+00 
 1.75365600e-09  2.13901684e+00  2.57653463e+00 
 1.75385600e-09  2.11378048e+00  2.59690743e+00 
 1.75405600e-09  2.09032440e+00  2.61674573e+00 
 1.75425600e-09  2.06891592e+00  2.63656819e+00 
 1.75445600e-09  2.04979356e+00  2.65687047e+00 
 1.75465600e-09  2.03310584e+00  2.67803626e+00 
 1.75485600e-09  2.01888005e+00  2.70027366e+00 
 1.75505600e-09  2.00703177e+00  2.72360077e+00 
 1.75525600e-09  1.99740178e+00  2.74787526e+00 
 1.75545600e-09  1.98979643e+00  2.77284437e+00 
 1.75565600e-09  1.98401470e+00  2.79819310e+00 
 1.75585600e-09  1.97987850e+00  2.82359560e+00 
 1.75605600e-09  1.97723220e+00  2.84873713e+00 
 1.75625600e-09  1.97594005e+00  2.87333030e+00 
 1.75645600e-09  1.97588491e+00  2.89712602e+00 
 1.75665600e-09  1.97696556e+00  2.91991893e+00 
 1.75685600e-09  1.97909602e+00  2.94154943e+00 
 1.75705600e-09  1.98219996e+00  2.96190077e+00 
 1.75725600e-09  1.98620980e+00  2.98089741e+00 
 1.75745600e-09  1.99106384e+00  2.99850060e+00 
 1.75765600e-09  1.99670583e+00  3.01470505e+00 
 1.75785600e-09  2.00308268e+00  3.02953310e+00 
 1.75805600e-09  2.01014442e+00  3.04302996e+00 
 1.75825600e-09  2.01784307e+00  3.05525801e+00 
 1.75845600e-09  2.02613321e+00  3.06629224e+00 
 1.75865600e-09  2.03497113e+00  3.07621501e+00 
 1.75885600e-09  2.04431553e+00  3.08511252e+00 
 1.75905600e-09  2.05412738e+00  3.09307081e+00 
 1.75925600e-09  2.06437138e+00  3.10017262e+00 
 1.75945600e-09  2.07501798e+00  3.10649320e+00 
 1.75965600e-09  2.08604922e+00  3.11209491e+00 
 1.75985600e-09  2.09746962e+00  3.11701600e+00 
 1.76005600e-09  2.10932700e+00  3.12124761e+00 
 1.76025600e-09  2.12174363e+00  3.12468368e+00 
 1.76045600e-09  2.13495309e+00  3.12701906e+00 
 1.76065600e-09  2.14933187e+00  3.12755506e+00 
 1.76085600e-09  2.16542563e+00  3.12488219e+00 
 1.76105600e-09  2.18397213e+00  3.11649200e+00 
 1.76125600e-09  2.20589289e+00  3.09856042e+00 
 1.76145600e-09  2.23219004e+00  3.06627185e+00 
 1.76165600e-09  2.26370278e+00  3.01486344e+00 
 1.76185600e-09  2.30088039e+00  2.94083441e+00 
 1.76205600e-09  2.34360164e+00  2.84340212e+00 
 1.76225600e-09  2.39110011e+00  2.72534541e+00 
 1.76245600e-09  2.44187195e+00  2.59290576e+00 
 1.76265600e-09  2.49371098e+00  2.45433090e+00 
 1.76285600e-09  2.54398560e+00  2.31789778e+00 
 1.76305600e-09  2.59032029e+00  2.19063760e+00 
 1.76325600e-09  2.63113098e+00  2.07755123e+00 
 1.76345600e-09  2.66545115e+00  1.98173636e+00 
 1.76365600e-09  2.69260037e+00  1.90507142e+00 
 1.76385600e-09  2.71204372e+00  1.84877700e+00 
 1.76405600e-09  2.72352775e+00  1.81345849e+00 
 1.76425600e-09  2.72729955e+00  1.79868234e+00 
 1.76445600e-09  2.72404148e+00  1.80262218e+00 
 1.76465600e-09  2.71457713e+00  1.82224409e+00 
 1.76485600e-09  2.69973142e+00  1.85408732e+00 
 1.76505600e-09  2.68030357e+00  1.89482946e+00 
 1.76525600e-09  2.65705672e+00  1.94150595e+00 
 1.76545600e-09  2.63069796e+00  1.99166038e+00 
 1.76565600e-09  2.60186869e+00  2.04335042e+00 
 1.76585600e-09  2.57113781e+00  2.09510089e+00 
 1.76605600e-09  2.53900812e+00  2.14582735e+00 
 1.76625600e-09  2.50591748e+00  2.19476209e+00 
 1.76645600e-09  2.47224500e+00  2.24139018e+00 
 1.76665600e-09  2.43831467e+00  2.28539281e+00 
 1.76685600e-09  2.40440248e+00  2.32660317e+00 
 1.76705600e-09  2.37074097e+00  2.36496903e+00 
 1.76725600e-09  2.33752637e+00  2.40052521e+00 
 1.76745600e-09  2.30492345e+00  2.43337059e+00 
 1.76765600e-09  2.27307289e+00  2.46365287e+00 
 1.76785600e-09  2.24209779e+00  2.49155614e+00 
 1.76805600e-09  2.21211348e+00  2.51729733e+00 
 1.76825600e-09  2.18323773e+00  2.54112746e+00 
 1.76845600e-09  2.15560477e+00  2.56334039e+00 
 1.76865600e-09  2.12938131e+00  2.58428885e+00 
 1.76885600e-09  2.10478118e+00  2.60439970e+00 
 1.76905600e-09  2.08206070e+00  2.62416797e+00 
 1.76925600e-09  2.06148402e+00  2.64411381e+00 
 1.76945600e-09  2.04326201e+00  2.66470074e+00 
 1.76965600e-09  2.02749934e+00  2.68625178e+00 
 1.76985600e-09  2.01417824e+00  2.70890268e+00 
 1.77005600e-09  2.00318150e+00  2.73260649e+00 
 1.77025600e-09  1.99433248e+00  2.75717316e+00 
 1.77045600e-09  1.98742805e+00  2.78231791e+00 
 1.77065600e-09  1.98228007e+00  2.80772217e+00 
 1.77085600e-09  1.97871944e+00  2.83306190e+00 
 1.77105600e-09  1.97659456e+00  2.85802873e+00 
 1.77125600e-09  1.97577826e+00  2.88234965e+00 
 1.77145600e-09  1.97615930e+00  2.90579121e+00 
 1.77165600e-09  1.97764256e+00  2.92816532e+00 
 1.77185600e-09  1.98014575e+00  2.94932835e+00 
 1.77205600e-09  1.98359629e+00  2.96917956e+00 
 1.77225600e-09  1.98792877e+00  2.98765741e+00 
 1.77245600e-09  1.99308397e+00  3.00473637e+00 
 1.77265600e-09  1.99900675e+00  3.02042194e+00 
 1.77285600e-09  2.00564548e+00  3.03474576e+00 
 1.77305600e-09  2.01295078e+00  3.04775993e+00 
 1.77325600e-09  2.02087582e+00  3.05953226e+00 
 1.77345600e-09  2.02937565e+00  3.07014080e+00 
 1.77365600e-09  2.03840760e+00  3.07966998e+00 
 1.77385600e-09  2.04793110e+00  3.08820629e+00 
 1.77405600e-09  2.05790843e+00  3.09583499e+00 
 1.77425600e-09  2.06830592e+00  3.10263640e+00 
 1.77445600e-09  2.07909752e+00  3.10868187e+00 
 1.77465600e-09  2.09027188e+00  3.11402644e+00 
 1.77485600e-09  2.10184674e+00  3.11869459e+00 
 1.77505600e-09  2.11389347e+00  3.12264903e+00 
 1.77525600e-09  2.12657173e+00  3.12572537e+00 
 1.77545600e-09  2.14016508e+00  3.12750057e+00 
 1.77565600e-09  2.15511023e+00  3.12705436e+00 
 1.77585600e-09  2.17202229e+00  3.12261091e+00 
 1.77605600e-09  2.19171231e+00  3.11117511e+00 
 1.77625600e-09  2.21515062e+00  3.08847635e+00 
 1.77645600e-09  2.24329857e+00  3.04958170e+00 
 1.77665600e-09  2.27688578e+00  2.98995047e+00 
 1.77685600e-09  2.31617708e+00  2.90697450e+00 
 1.77705600e-09  2.36083789e+00  2.80125445e+00 
 1.77725600e-09  2.40979350e+00  2.67711264e+00 
 1.77745600e-09  2.46124937e+00  2.54162953e+00 
 1.77765600e-09  2.51281290e+00  2.40309043e+00 
 1.77785600e-09  2.56184819e+00  2.26947065e+00 
 1.77805600e-09  2.60626041e+00  2.14709466e+00 
 1.77825600e-09  2.64473460e+00  2.04020340e+00 
 1.77845600e-09  2.67644676e+00  1.95136199e+00 
 1.77865600e-09  2.70077009e+00  1.88216782e+00 
 1.77885600e-09  2.71724823e+00  1.83364595e+00 
 1.77905600e-09  2.72579527e+00  1.80607878e+00 
 1.77925600e-09  2.72685041e+00  1.79853653e+00 
 1.77945600e-09  2.72117766e+00  1.80865754e+00 
 1.77965600e-09  2.70960351e+00  1.83318977e+00 
 1.77985600e-09  2.69294798e+00  1.86870026e+00 
 1.78005600e-09  2.67200284e+00  1.91195528e+00 
 1.78025600e-09  2.64751316e+00  1.96016865e+00 
 1.78045600e-09  2.62016126e+00  2.01107431e+00 
 1.78065600e-09  2.59055918e+00  2.06291607e+00 
 1.78085600e-09  2.55925108e+00  2.11437368e+00 
 1.78105600e-09  2.52671495e+00  2.16448874e+00 
 1.78125600e-09  2.49336630e+00  2.21259527e+00 
 1.78145600e-09  2.45956288e+00  2.25825711e+00 
 1.78165600e-09  2.42561018e+00  2.30121715e+00 
 1.78185600e-09  2.39176717e+00  2.34135485e+00 
 1.78205600e-09  2.35825223e+00  2.37865358e+00 
 1.78225600e-09  2.32524902e+00  2.41317400e+00 
 1.78245600e-09  2.29291237e+00  2.44503437e+00 
 1.78265600e-09  2.26137548e+00  2.47439753e+00 
 1.78285600e-09  2.23075776e+00  2.50146042e+00 
 1.78305600e-09  2.20117410e+00  2.52645154e+00 
 1.78325600e-09  2.17274654e+00  2.54963626e+00 
 1.78345600e-09  2.14561917e+00  2.57132795e+00 
 1.78365600e-09  2.11997540e+00  2.59190631e+00 
 1.78385600e-09  2.09604680e+00  2.61182570e+00 
 1.78405600e-09  2.07409860e+00  2.63159813e+00 
 1.78425600e-09  2.05438256e+00  2.65173312e+00 
 1.78445600e-09  2.03707454e+00  2.67265025e+00 
 1.78465600e-09  2.02223292e+00  2.69460507e+00 
 1.78485600e-09  2.00979866e+00  2.71766221e+00 
 1.78505600e-09  1.99962740e+00  2.74171536e+00 
 1.78525600e-09  1.99153078e+00  2.76653459e+00 
 1.78545600e-09  1.98530587e+00  2.79181487e+00 
 1.78565600e-09  1.98077016e+00  2.81723182e+00 
 1.78585600e-09  1.97776242e+00  2.84246590e+00 
 1.78605600e-09  1.97614140e+00  2.86722121e+00 
 1.78625600e-09  1.97578500e+00  2.89123796e+00 
 1.78645600e-09  1.97658801e+00  2.91429952e+00 
 1.78665600e-09  1.97846142e+00  2.93623505e+00 
 1.78685600e-09  1.98132656e+00  2.95691706e+00 
 1.78705600e-09  1.98511402e+00  2.97625998e+00 
 1.78725600e-09  1.98976062e+00  2.99421607e+00 
 1.78745600e-09  1.99520903e+00  3.01077203e+00 
 1.78765600e-09  2.00140532e+00  3.02594373e+00 
 1.78785600e-09  2.00829892e+00  3.03977106e+00 
 1.78805600e-09  2.01584125e+00  3.05231254e+00 
 1.78825600e-09  2.02398629e+00  3.06364037e+00 
 1.78845600e-09  2.03268987e+00  3.07383546e+00 
 1.78865600e-09  2.04191022e+00  3.08298355e+00 
 1.78885600e-09  2.05160758e+00  3.09117092e+00 
 1.78905600e-09  2.06174563e+00  3.09848148e+00 
 1.78925600e-09  2.07229290e+00  3.10499276e+00 
 1.78945600e-09  2.08322778e+00  3.11077115e+00 
 1.78965600e-09  2.09454752e+00  3.11586254e+00 
 1.78985600e-09  2.10628643e+00  3.12027336e+00 
 1.79005600e-09  2.11854443e+00  3.12392920e+00 
 1.79025600e-09  2.13152355e+00  3.12658939e+00 
 1.79045600e-09  2.14556141e+00  3.12768013e+00 
 1.79065600e-09  2.16115838e+00  3.12600864e+00 
 1.79085600e-09  2.17900200e+00  3.11937882e+00 
 1.79105600e-09  2.19997219e+00  3.10429701e+00 
 1.79125600e-09  2.22505246e+00  3.07614945e+00 
 1.79145600e-09  2.25515318e+00  3.02993567e+00 
 1.79165600e-09  2.29086475e+00  2.96166997e+00 
 1.79185600e-09  2.33223163e+00  2.86987642e+00 
 1.79205600e-09  2.37865403e+00  2.75645588e+00 
 1.79225600e-09  2.42879333e+00  2.62692856e+00 
 1.79245600e-09  2.48060465e+00  2.48914844e+00 
 1.79265600e-09  2.53152073e+00  2.35148414e+00 
 1.79285600e-09  2.57902579e+00  2.22139217e+00 
 1.79305600e-09  2.62133224e+00  2.10440613e+00 
 1.79325600e-09  2.65735479e+00  2.00404787e+00 
 1.79345600e-09  2.68636593e+00  1.92243372e+00 
 1.79365600e-09  2.70779224e+00  1.86092204e+00 
 1.79385600e-09  2.72128517e+00  1.82030175e+00 
 1.79405600e-09  2.72695488e+00  1.80045126e+00 
 1.79425600e-09  2.72539858e+00  1.79986373e+00 
 1.79445600e-09  2.71741801e+00  1.81578886e+00 
 1.79465600e-09  2.70384314e+00  1.84486199e+00 
 1.79485600e-09  2.68549088e+00  1.88366926e+00 
 1.79505600e-09  2.66313832e+00  1.92911794e+00 
 1.79525600e-09  2.63750715e+00  1.97860741e+00 
 1.79545600e-09  2.60925067e+00  2.03007620e+00 
 1.79565600e-09  2.57895577e+00  2.08193948e+00 
 1.79585600e-09  2.54714113e+00  2.13302044e+00 
 1.79605600e-09  2.51426099e+00  2.18247776e+00 
 1.79625600e-09  2.48070839e+00  2.22973782e+00 
 1.79645600e-09  2.44682093e+00  2.27443680e+00 
 1.79665600e-09  2.41288590e+00  2.31637297e+00 
 1.79685600e-09  2.37914640e+00  2.35546806e+00 
 1.79705600e-09  2.34580706e+00  2.39173705e+00 
 1.79725600e-09  2.31303991e+00  2.42526379e+00 
 1.79745600e-09  2.28099062e+00  2.45618478e+00 
 1.79765600e-09  2.24978623e+00  2.48467660e+00 
 1.79785600e-09  2.21954373e+00  2.51094857e+00 
 1.79805600e-09  2.19037897e+00  2.53524163e+00 
 1.79825600e-09  2.16241996e+00  2.55783670e+00 
 1.79845600e-09  2.13582355e+00  2.57907018e+00 
 1.79865600e-09  2.11079071e+00  2.59934926e+00 
 1.79885600e-09  2.08756896e+00  2.61915393e+00 
 1.79905600e-09  2.06642558e+00  2.63900458e+00 
 1.79925600e-09  2.04759130e+00  2.65938811e+00 
 1.79945600e-09  2.03120133e+00  2.68067009e+00 
 1.79965600e-09  2.01726844e+00  2.70303585e+00 
 1.79985600e-09  2.00569731e+00  2.72648247e+00 
 1.80005600e-09  1.99632254e+00  2.75085168e+00 
 1.80025600e-09  1.98894273e+00  2.77587630e+00 
 1.80045600e-09  1.98336706e+00  2.80124469e+00 
 1.80065600e-09  1.97942116e+00  2.82663153e+00 
 1.80085600e-09  1.97694946e+00  2.85172291e+00 
 1.80105600e-09  1.97581643e+00  2.87623411e+00 
 1.80125600e-09  1.97590565e+00  2.89992057e+00 
 1.80145600e-09  1.97711975e+00  2.92258339e+00 
 1.80165600e-09  1.97937345e+00  2.94406759e+00 
 1.80185600e-09  1.98259230e+00  2.96426184e+00 
 1.80205600e-09  1.98670903e+00  2.98309473e+00 
 1.80225600e-09  1.99166315e+00  3.00053208e+00 
 1.80245600e-09  1.99739843e+00  3.01657177e+00 
 1.80265600e-09  2.00386254e+00  3.03123947e+00 
 1.80285600e-09  2.01100544e+00  3.04458237e+00 
 1.80305600e-09  2.01877976e+00  3.05666494e+00 
 1.80325600e-09  2.02713996e+00  3.06756290e+00 
 1.80345600e-09  2.03604290e+00  3.07735962e+00 
 1.80365600e-09  2.04544736e+00  3.08614129e+00 
 1.80385600e-09  2.05531490e+00  3.09399395e+00 
 1.80405600e-09  2.06561052e+00  3.10099938e+00 
 1.80425600e-09  2.07630580e+00  3.10723183e+00 
 1.80445600e-09  2.08738459e+00  3.11275139e+00 
 1.80465600e-09  2.09885544e+00  3.11759244e+00 
 1.80485600e-09  2.11077308e+00  3.12173771e+00 
 1.80505600e-09  2.12327130e+00  3.12506428e+00 
 1.80525600e-09  2.13659910e+00  3.12723236e+00 
 1.80545600e-09  2.15115198e+00  3.12747764e+00 
 1.80565600e-09  2.16749735e+00  3.12427944e+00 
 1.80585600e-09  2.18639672e+00  3.11497652e+00 
 1.80605600e-09  2.20877859e+00  3.09561060e+00 
 1.80625600e-09  2.23562923e+00  3.06126426e+00 
 1.80645600e-09  2.26777689e+00  3.00713835e+00 
 1.80665600e-09  2.30563161e+00  2.93005383e+00 
 1.80685600e-09  2.34902192e+00  2.82975337e+00 
 1.80705600e-09  2.39704499e+00  2.70972173e+00 
 1.80725600e-09  2.44807393e+00  2.57640939e+00 
 1.80745600e-09  2.49985959e+00  2.43789396e+00 
 1.80765600e-09  2.54975617e+00  2.30239403e+00 
 1.80785600e-09  2.59547929e+00  2.17672685e+00 
 1.80805600e-09  2.63553523e+00  2.06564847e+00 
 1.80825600e-09  2.66901358e+00  1.97207823e+00 
 1.80845600e-09  2.69525205e+00  1.89780076e+00 
 1.80865600e-09  2.71373995e+00  1.84398020e+00 
 1.80885600e-09  2.72427232e+00  1.81113102e+00 
 1.80905600e-09  2.72715913e+00  1.79862458e+00 
 1.80925600e-09  2.72310295e+00  1.80447360e+00 
 1.80945600e-09  2.71292815e+00  1.82564726e+00 
 1.80965600e-09  2.69746913e+00  1.85868003e+00 
 1.80985600e-09  2.67752805e+00  1.90024986e+00 
 1.81005600e-09  2.65386344e+00  1.94744102e+00 
 1.81025600e-09  2.62717329e+00  1.99785110e+00 
 1.81045600e-09  2.59808633e+00  2.04960202e+00 
 1.81065600e-09  2.56716351e+00  2.10126889e+00 
 1.81085600e-09  2.53489901e+00  2.15180767e+00 
 1.81105600e-09  2.50172344e+00  2.20048382e+00 
 1.81125600e-09  2.46800847e+00  2.24680770e+00 
 1.81145600e-09  2.43407208e+00  2.29048071e+00 
 1.81165600e-09  2.40018430e+00  2.33135083e+00 
 1.81185600e-09  2.36657307e+00  2.36937757e+00 
 1.81205600e-09  2.33342996e+00  2.40460336e+00 
 1.81225600e-09  2.30091625e+00  2.43713363e+00 
 1.81245600e-09  2.26917006e+00  2.46712165e+00 
 1.81265600e-09  2.23831382e+00  2.49475613e+00 
 1.81285600e-09  2.20846241e+00  2.52025686e+00 
 1.81305600e-09  2.17973425e+00  2.54387845e+00 
 1.81325600e-09  2.15226609e+00  2.56592064e+00 
 1.81345600e-09  2.12622970e+00  2.58674464e+00 
 1.81365600e-09  2.10184443e+00  2.60678586e+00 
 1.81385600e-09  2.07937009e+00  2.62654551e+00 
 1.81405600e-09  2.05906794e+00  2.64654173e+00 
 1.81425600e-09  2.04113880e+00  2.66722573e+00 
 1.81445600e-09  2.02567301e+00  2.68890005e+00 
 1.81465600e-09  2.01263952e+00  2.71167810e+00 
 1.81485600e-09  2.00191194e+00  2.73549364e+00 
 1.81505600e-09  1.99330201e+00  2.76013711e+00 
 1.81525600e-09  1.98661721e+00  2.78532556e+00 
 1.81545600e-09  1.98167266e+00  2.81073881e+00 
 1.81565600e-09  1.97829869e+00  2.83605196e+00 
 1.81585600e-09  1.97634512e+00  2.86095887e+00 
 1.81605600e-09  1.97568280e+00  2.88518857e+00 
 1.81625600e-09  1.97620464e+00  2.90851440e+00 
 1.81645600e-09  1.97781770e+00  2.93075342e+00 
 1.81665600e-09  1.98044166e+00  2.95176754e+00 
 1.81685600e-09  1.98400458e+00  2.97146033e+00 
 1.81705600e-09  1.98844226e+00  2.98977507e+00 
 1.81725600e-09  1.99369567e+00  3.00668973e+00 
 1.81745600e-09  1.99971043e+00  3.02221357e+00 
 1.81765600e-09  2.00643489e+00  3.03638054e+00 
 1.81785600e-09  2.01382024e+00  3.04924520e+00 
 1.81805600e-09  2.02181955e+00  3.06087646e+00 
 1.81825600e-09  2.03038843e+00  3.07135371e+00 
 1.81845600e-09  2.03948431e+00  3.08076165e+00 
 1.81865600e-09  2.04906711e+00  3.08918700e+00 
 1.81885600e-09  2.05909927e+00  3.09671438e+00 
 1.81905600e-09  2.06954792e+00  3.10342343e+00 
 1.81925600e-09  2.08038816e+00  3.10938392e+00 
 1.81945600e-09  2.09161131e+00  3.11464840e+00 
 1.81965600e-09  2.10323988e+00  3.11923593e+00 
 1.81985600e-09  2.11535396e+00  3.12309858e+00 
 1.82005600e-09  2.12812612e+00  3.12604959e+00 
 1.82025600e-09  2.14185689e+00  3.12762171e+00 
 1.82045600e-09  2.15700290e+00  3.12681319e+00 
 1.82065600e-09  2.17420225e+00  3.12171940e+00 
 1.82085600e-09  2.19428865e+00  3.10918559e+00 
 1.82105600e-09  2.21823109e+00  3.08483302e+00 
 1.82125600e-09  2.24698284e+00  3.04363460e+00 
 1.82145600e-09  2.28124243e+00  2.98120421e+00 
 1.82165600e-09  2.32124057e+00  2.89533588e+00 
 1.82185600e-09  2.36651763e+00  2.78732019e+00 
 1.82205600e-09  2.41587679e+00  2.66176017e+00 
 1.82225600e-09  2.46747303e+00  2.52570395e+00 
 1.82245600e-09  2.51885732e+00  2.38752001e+00 
 1.82265600e-09  2.56742662e+00  2.25504714e+00 
 1.82285600e-09  2.61117745e+00  2.13437787e+00 
 1.82305600e-09  2.64887768e+00  2.02953142e+00 
 1.82325600e-09  2.67973500e+00  1.94293221e+00 
 1.82345600e-09  2.70314143e+00  1.87610952e+00 
 1.82365600e-09  2.71866869e+00  1.83002639e+00 
 1.82385600e-09  2.72629201e+00  1.80485370e+00 
 1.82405600e-09  2.72650264e+00  1.79945375e+00 
 1.82425600e-09  2.72007570e+00  1.81136499e+00 
 1.82445600e-09  2.70784078e+00  1.83732230e+00 
 1.82465600e-09  2.69062434e+00  1.87387622e+00 
 1.82485600e-09  2.66921497e+00  1.91782246e+00 
 1.82505600e-09  2.64435016e+00  1.96642413e+00 
 1.82525600e-09  2.61669932e+00  2.01748893e+00 
 1.82545600e-09  2.58686744e+00  2.06931637e+00 
 1.82565600e-09  2.55538977e+00  2.12063164e+00 
 1.82585600e-09  2.52273739e+00  2.17051482e+00 
 1.82605600e-09  2.48931794e+00  2.21832927e+00 
 1.82625600e-09  2.45548320e+00  2.26366278e+00 
 1.82645600e-09  2.42153228e+00  2.30627573e+00 
 1.82665600e-09  2.38771942e+00  2.34606167e+00 
 1.82685600e-09  2.35425793e+00  2.38301323e+00 
 1.82705600e-09  2.32132773e+00  2.41719894e+00 
 1.82725600e-09  2.28908045e+00  2.44874342e+00 
 1.82745600e-09  2.25764796e+00  2.47781430e+00 
 1.82765600e-09  2.22714881e+00  2.50461197e+00 
 1.82785600e-09  2.19769800e+00  2.52936840e+00 
 1.82805600e-09  2.16941886e+00  2.55235327e+00 
 1.82825600e-09  2.14245961e+00  2.57388747e+00 
 1.82845600e-09  2.11700896e+00  2.59435907e+00 
 1.82865600e-09  2.09330408e+00  2.61423111e+00 
 1.82885600e-09  2.07161147e+00  2.63401901e+00 
 1.82905600e-09  2.05217720e+00  2.65422643e+00 
 1.82925600e-09  2.03516442e+00  2.67525635e+00 
 1.82945600e-09  2.02061676e+00  2.69734198e+00 
 1.82965600e-09  2.00846286e+00  2.72052561e+00 
 1.82985600e-09  1.99855103e+00  2.74468346e+00 
 1.83005600e-09  1.99068351e+00  2.76956887e+00 
 1.83025600e-09  1.98466798e+00  2.79487973e+00 
 1.83045600e-09  1.98032877e+00  2.82029371e+00 
 1.83065600e-09  1.97749973e+00  2.84548786e+00 
 1.83085600e-09  1.97603876e+00  2.87016836e+00 
 1.83105600e-09  1.97582713e+00  2.89408150e+00 
 1.83125600e-09  1.97676336e+00  2.91701691e+00 
 1.83145600e-09  1.97875982e+00  2.93880872e+00 
 1.83165600e-09  1.98173947e+00  2.95933478e+00 
 1.83185600e-09  1.98563352e+00  2.97851402e+00 
 1.83205600e-09  1.99037974e+00  2.99630320e+00 
 1.83225600e-09  1.99592107e+00  3.01269263e+00 
 1.83245600e-09  2.00220417e+00  3.02770145e+00 
 1.83265600e-09  2.00917857e+00  3.04137193e+00 
 1.83285600e-09  2.01679603e+00  3.05376454e+00 
 1.83305600e-09  2.02501073e+00  3.06495271e+00 
 1.83325600e-09  2.03377894e+00  3.07501835e+00 
 1.83345600e-09  2.04305903e+00  3.08404732e+00 
 1.83365600e-09  2.05281168e+00  3.09212585e+00 
 1.83385600e-09  2.06300082e+00  3.09933712e+00 
 1.83405600e-09  2.07359593e+00  3.10575772e+00 
 1.83425600e-09  2.08457697e+00  3.11145220e+00 
 1.83445600e-09  2.09594456e+00  3.11646309e+00 
 1.83465600e-09  2.10773906e+00  3.12078989e+00 
 1.83485600e-09  2.12007069e+00  3.12434410e+00 
 1.83505600e-09  2.13315598e+00  3.12685604e+00 
 1.83525600e-09  2.14735071e+00  3.12769561e+00 
 1.83545600e-09  2.16317631e+00  3.12557125e+00 
 1.83565600e-09  2.18134398e+00  3.11814225e+00 
 1.83585600e-09  2.20274497e+00  3.10177005e+00 
 1.83605600e-09  2.22836902e+00  3.07169959e+00 
 1.83625600e-09  2.25911167e+00  3.02297034e+00 
 1.83645600e-09  2.29554055e+00  2.95185408e+00 
 1.83665600e-09  2.33762045e+00  2.85752266e+00 
 1.83685600e-09  2.38459452e+00  2.74248666e+00 
 1.83705600e-09  2.43502925e+00  2.61221538e+00 
 1.83725600e-09  2.48684866e+00  2.47447570e+00 
 1.83745600e-09  2.53746143e+00  2.33763815e+00 
 1.83765600e-09  2.58441577e+00  2.20899293e+00 
 1.83785600e-09  2.62601796e+00  2.09385476e+00 
 1.83805600e-09  2.66124219e+00  1.99557087e+00 
 1.83825600e-09  2.68938294e+00  1.91616755e+00 
 1.83845600e-09  2.70988362e+00  1.85695929e+00 
 1.83865600e-09  2.72243618e+00  1.81867053e+00 
 1.83885600e-09  2.72721330e+00  1.80100264e+00 
 1.83905600e-09  2.72484373e+00  1.80232373e+00 
 1.83925600e-09  2.71613942e+00  1.81982455e+00 
 1.83945600e-09  2.70194098e+00  1.85010022e+00 
 1.83965600e-09  2.68306555e+00  1.88973735e+00 
 1.83985600e-09  2.66028258e+00  1.93567695e+00 
 1.84005600e-09  2.63430174e+00  1.98540038e+00 
 1.84025600e-09  2.60576916e+00  2.03690350e+00 
 1.84045600e-09  2.57526336e+00  2.08865165e+00 
 1.84065600e-09  2.54329557e+00  2.13951032e+00 
 1.84085600e-09  2.51031233e+00  2.18867211e+00 
 1.84105600e-09  2.47670004e+00  2.23559036e+00 
 1.84125600e-09  2.44278987e+00  2.27992198e+00 
 1.84145600e-09  2.40886370e+00  2.32148122e+00 
 1.84165600e-09  2.37515963e+00  2.36020174e+00 
 1.84185600e-09  2.34187804e+00  2.39610690e+00 
 1.84205600e-09  2.30918730e+00  2.42928754e+00 
 1.84225600e-09  2.27723069e+00  2.45988562e+00 
 1.84245600e-09  2.24613404e+00  2.48808160e+00 
 1.84265600e-09  2.21601361e+00  2.51408775e+00 
 1.84285600e-09  2.18698568e+00  2.53814855e+00 
 1.84305600e-09  2.15918106e+00  2.56055105e+00 
 1.84325600e-09  2.13276120e+00  2.58163923e+00 
 1.84345600e-09  2.10793320e+00  2.60182945e+00 
 1.84365600e-09  2.08494901e+00  2.62160899e+00 
 1.84385600e-09  2.06407488e+00  2.64149859e+00 
 1.84405600e-09  2.04553244e+00  2.66197447e+00 
 1.84425600e-09  2.02944240e+00  2.68338210e+00 
 1.84445600e-09  2.01580273e+00  2.70588295e+00 
 1.84465600e-09  2.00450729e+00  2.72945264e+00 
 1.84485600e-09  1.99537711e+00  2.75391053e+00 
 1.84505600e-09  1.98822156e+00  2.77899022e+00 
 1.84525600e-09  1.98285276e+00  2.80437739e+00 
 1.84545600e-09  1.97909585e+00  2.82974534e+00 
 1.84565600e-09  1.97679459e+00  2.85478073e+00 
 1.84585600e-09  1.97581430e+00  2.87920276e+00 
 1.84605600e-09  1.97604363e+00  2.90277388e+00 
 1.84625600e-09  1.97738622e+00  2.92529997e+00 
 1.84645600e-09  1.97975914e+00  2.94663196e+00 
 1.84665600e-09  1.98308841e+00  2.96666309e+00 
 1.84685600e-09  1.98730818e+00  2.98532714e+00 
 1.84705600e-09  1.99235810e+00  3.00259364e+00 
 1.84725600e-09  1.99818291e+00  3.01846454e+00 
 1.84745600e-09  2.00473021e+00  3.03296801e+00 
 1.84765600e-09  2.01195051e+00  3.04615388e+00 
 1.84785600e-09  2.01979641e+00  3.05808793e+00 
 1.84805600e-09  2.02822310e+00  3.06884749e+00 
 1.84825600e-09  2.03718746e+00  3.07851624e+00 
 1.84845600e-09  2.04664879e+00  3.08718068e+00 
 1.84865600e-09  2.05656863e+00  3.09492614e+00 
 1.84885600e-09  2.06691278e+00  3.10183397e+00 
 1.84905600e-09  2.07765371e+00  3.10797696e+00 
 1.84925600e-09  2.08877764e+00  3.11341310e+00 
 1.84945600e-09  2.10029708e+00  3.11817216e+00 
 1.84965600e-09  2.11227450e+00  3.12222804e+00 
 1.84985600e-09  2.12485541e+00  3.12543910e+00 
 1.85005600e-09  2.13830498e+00  3.12742826e+00 
 1.85025600e-09  2.15303778e+00  3.12736049e+00 
 1.85045600e-09  2.16964362e+00  3.12359837e+00 
 1.85065600e-09  2.18890158e+00  3.11333050e+00 
 1.85085600e-09  2.21175642e+00  3.09243028e+00 
 1.85105600e-09  2.23919654e+00  3.05592415e+00 
 1.85125600e-09  2.27204160e+00  2.99912433e+00 
 1.85145600e-09  2.31063984e+00  2.91937270e+00 
 1.85165600e-09  2.35467457e+00  2.81702486e+00 
 1.85185600e-09  2.40313493e+00  2.69562840e+00 
 1.85205600e-09  2.45435526e+00  2.56167134e+00 
 1.85225600e-09  2.50603407e+00  2.42336986e+00 
 1.85245600e-09  2.55552856e+00  2.28885607e+00 
 1.85265600e-09  2.60063769e+00  2.16474516e+00 
 1.85285600e-09  2.63995410e+00  2.05557528e+00 
 1.85305600e-09  2.67260848e+00  1.96411848e+00 
 1.85325600e-09  2.69795536e+00  1.89208848e+00 
 1.85345600e-09  2.71550623e+00  1.84060197e+00 
 1.85365600e-09  2.72511141e+00  1.81002968e+00 
 1.85385600e-09  2.72712811e+00  1.79961366e+00 
 1.85405600e-09  2.72228221e+00  1.80727253e+00 
 1.85425600e-09  2.71141772e+00  1.82990649e+00 
 1.85445600e-09  2.69537619e+00  1.86402885e+00 
 1.85465600e-09  2.67495396e+00  1.90630719e+00 
 1.85485600e-09  2.65089741e+00  1.95389842e+00 
 1.85505600e-09  2.62389195e+00  2.00447509e+00 
 1.85525600e-09  2.59455953e+00  2.05621389e+00 
 1.85545600e-09  2.56345248e+00  2.10773612e+00 
 1.85565600e-09  2.53105800e+00  2.15803671e+00 
 1.85585600e-09  2.49779899e+00  2.20641175e+00 
 1.85605600e-09  2.46404101e+00  2.25239605e+00 
 1.85625600e-09  2.43009571e+00  2.29570955e+00 
 1.85645600e-09  2.39622824e+00  2.33621463e+00 
 1.85665600e-09  2.36266150e+00  2.37388080e+00 
 1.85685600e-09  2.32958333e+00  2.40875893e+00 
 1.85705600e-09  2.29715185e+00  2.44096076e+00 
 1.85725600e-09  2.26550337e+00  2.47064378e+00 
 1.85745600e-09  2.23475895e+00  2.49800024e+00 
 1.85765600e-09  2.20503342e+00  2.52325352e+00 
 1.85785600e-09  2.17644653e+00  2.54666275e+00 
 1.85805600e-09  2.14913857e+00  2.56853407e+00 
 1.85825600e-09  2.12328660e+00  2.58923709e+00 
 1.85845600e-09  2.09911597e+00  2.60921623e+00 
 1.85865600e-09  2.07688930e+00  2.62897809e+00 
 1.85885600e-09  2.05686392e+00  2.64903732e+00 
 1.85905600e-09  2.03922906e+00  2.66983061e+00 
 1.85925600e-09  2.02405993e+00  2.69163837e+00 
 1.85945600e-09  2.01131188e+00  2.71455055e+00 
 1.85965600e-09  2.00084966e+00  2.73848149e+00 
 1.85985600e-09  1.99248140e+00  2.76320879e+00 
 1.86005600e-09  1.98601435e+00  2.78844257e+00 
 1.86025600e-09  1.98126908e+00  2.81386348e+00 
 1.86045600e-09  1.97807319e+00  2.83914392e+00 
 1.86065600e-09  1.97627854e+00  2.86398153e+00 
 1.86085600e-09  1.97576144e+00  2.88811214e+00 
 1.86105600e-09  1.97641640e+00  2.91131417e+00 
 1.86125600e-09  1.97815264e+00  2.93341041e+00 
 1.86145600e-09  1.98089073e+00  2.95426784e+00 
 1.86165600e-09  1.98455996e+00  2.97379521e+00 
 1.86185600e-09  1.98909656e+00  2.99194010e+00 
 1.86205600e-09  1.99444232e+00  3.00868466e+00 
 1.86225600e-09  2.00054304e+00  3.02404132e+00 
 1.86245600e-09  2.00734748e+00  3.03804680e+00 
 1.86265600e-09  2.01480692e+00  3.05075760e+00 
 1.86285600e-09  2.02287508e+00  3.06224439e+00 
 1.86305600e-09  2.03150765e+00  3.07258731e+00 
 1.86325600e-09  2.04066246e+00  3.08187154e+00 
 1.86345600e-09  2.05029953e+00  3.09018357e+00 
 1.86365600e-09  2.06038178e+00  3.09760763e+00 
 1.86385600e-09  2.07087699e+00  3.10422243e+00 
 1.86405600e-09  2.08176175e+00  3.11009626e+00 
 1.86425600e-09  2.09303005e+00  3.11527865e+00 
 1.86445600e-09  2.10470976e+00  3.11978300e+00 
 1.86465600e-09  2.11688998e+00  3.12354951e+00 
 1.86485600e-09  2.12975688e+00  3.12636727e+00 
 1.86505600e-09  2.14362824e+00  3.12772101e+00 
 1.86525600e-09  2.15898105e+00  3.12652221e+00 
 1.86545600e-09  2.17647274e+00  3.12073363e+00 
 1.86565600e-09  2.19695120e+00  3.10703679e+00 
 1.86585600e-09  2.22140371e+00  3.08089625e+00 
 1.86605600e-09  2.25077829e+00  3.03728877e+00 
 1.86625600e-09  2.28575322e+00  2.97202721e+00 
 1.86645600e-09  2.32645339e+00  2.88350220e+00 
 1.86665600e-09  2.37229968e+00  2.77335182e+00 
 1.86685600e-09  2.42202679e+00  2.64630372e+00 
 1.86705600e-09  2.47372194e+00  2.50968091e+00 
 1.86725600e-09  2.52488515e+00  2.37188317e+00 
 1.86745600e-09  2.57294808e+00  2.24059359e+00 
 1.86765600e-09  2.61601084e+00  2.12166080e+00 
 1.86785600e-09  2.65291389e+00  2.01888206e+00 
 1.86805600e-09  2.68289841e+00  1.93454768e+00 
 1.86825600e-09  2.70537167e+00  1.87011791e+00 
 1.86845600e-09  2.71994029e+00  1.82648937e+00 
 1.86865600e-09  2.72664058e+00  1.80365942e+00 
 1.86885600e-09  2.72600461e+00  1.80035565e+00 
 1.86905600e-09  2.71882207e+00  1.81407053e+00 
 1.86925600e-09  2.70594232e+00  1.84145056e+00 
 1.86945600e-09  2.68819012e+00  1.87900054e+00 
 1.86965600e-09  2.66633963e+00  1.92358118e+00 
 1.86985600e-09  2.64111668e+00  1.97254146e+00 
 1.87005600e-09  2.61318306e+00  2.02374734e+00 
 1.87025600e-09  2.58313545e+00  2.07555047e+00 
 1.87045600e-09  2.55150126e+00  2.12672056e+00 
 1.87065600e-09  2.51874366e+00  2.17637342e+00 
 1.87085600e-09  2.48526342e+00  2.22390130e+00 
 1.87105600e-09  2.45140562e+00  2.26891401e+00 
 1.87125600e-09  2.41746383e+00  2.31118936e+00 
 1.87145600e-09  2.38368686e+00  2.35063312e+00 
 1.87165600e-09  2.35028366e+00  2.38724821e+00 
 1.87185600e-09  2.31743052e+00  2.42111072e+00 
 1.87205600e-09  2.28527701e+00  2.45235130e+00 
 1.87225600e-09  2.25395285e+00  2.48114096e+00 
 1.87245600e-09  2.22357554e+00  2.50768340e+00 
 1.87265600e-09  2.19426022e+00  2.53221474e+00 
 1.87285600e-09  2.16613236e+00  2.55500990e+00 
 1.87305600e-09  2.13934413e+00  2.57639675e+00 
 1.87325600e-09  2.11409007e+00  2.59677227e+00 
 1.87345600e-09  2.09061238e+00  2.61660756e+00 
 1.87365600e-09  2.06917839e+00  2.63642088e+00 
 1.87385600e-09  2.05002739e+00  2.65670851e+00 
 1.87405600e-09  2.03330952e+00  2.67785617e+00 
 1.87425600e-09  2.01905372e+00  2.70007440e+00 
 1.87445600e-09  2.00717699e+00  2.72338380e+00 
 1.87465600e-09  1.99751239e+00  2.74763658e+00 
 1.87485600e-09  1.98987282e+00  2.77258627e+00 
 1.87505600e-09  1.98407310e+00  2.79793059e+00 
 1.87525600e-09  1.97992632e+00  2.82333701e+00 
 1.87545600e-09  1.97726895e+00  2.84848562e+00 
 1.87565600e-09  1.97596402e+00  2.87308834e+00 
 1.87585600e-09  1.97589512e+00  2.89689632e+00 
 1.87605600e-09  1.97696285e+00  2.91970439e+00 
 1.87625600e-09  1.97908111e+00  2.94135202e+00 
 1.87645600e-09  1.98217393e+00  2.96172203e+00 
 1.87665600e-09  1.98617342e+00  2.98073810e+00 
 1.87685600e-09  1.99101801e+00  2.99836117e+00 
 1.87705600e-09  1.99665117e+00  3.01458530e+00 
 1.87725600e-09  2.00301991e+00  3.02943264e+00 
 1.87745600e-09  2.01007396e+00  3.04294786e+00 
 1.87765600e-09  2.01776546e+00  3.05519331e+00 
 1.87785600e-09  2.02604892e+00  3.06624377e+00 
 1.87805600e-09  2.03488086e+00  3.07618178e+00 
 1.87825600e-09  2.04421986e+00  3.08509340e+00 
 1.87845600e-09  2.05402684e+00  3.09306459e+00 
 1.87865600e-09  2.06426630e+00  3.10017805e+00 
 1.87885600e-09  2.07490860e+00  3.10650925e+00 
 1.87905600e-09  2.08593555e+00  3.11212081e+00 
 1.87925600e-09  2.09735125e+00  3.11705153e+00 
 1.87945600e-09  2.10920265e+00  3.12129345e+00 
 1.87965600e-09  2.12161070e+00  3.12474260e+00 
 1.87985600e-09  2.13480702e+00  3.12709787e+00 
 1.88005600e-09  2.14916581e+00  3.12766853e+00 
 1.88025600e-09  2.16523000e+00  3.12505848e+00 
 1.88045600e-09  2.18372959e+00  3.11678204e+00 
 1.88065600e-09  2.20557455e+00  3.09902797e+00 
 1.88085600e-09  2.23176307e+00  3.06695424e+00 
 1.88105600e-09  2.26318821e+00  3.01565708e+00 
 1.88125600e-09  2.30033509e+00  2.94186536e+00 
 1.88145600e-09  2.34306001e+00  2.84509334e+00 
 1.88165600e-09  2.39052712e+00  2.72805398e+00 
 1.88185600e-09  2.44123771e+00  2.59657276e+00 
 1.88205600e-09  2.49304651e+00  2.45858632e+00 
 1.88225600e-09  2.54333188e+00  2.32241687e+00 
 1.88245600e-09  2.58971564e+00  2.19515439e+00 
 1.88265600e-09  2.63059773e+00  2.08186775e+00 
 1.88285600e-09  2.66500891e+00  1.98571479e+00 
 1.88305600e-09  2.69226370e+00  1.90861724e+00 
 1.88325600e-09  2.71182555e+00  1.85183049e+00 
 1.88345600e-09  2.72343566e+00  1.81593813e+00 
 1.88365600e-09  2.72731658e+00  1.80051141e+00 
 1.88385600e-09  2.72412577e+00  1.80381358e+00 
 1.88405600e-09  2.71470194e+00  1.82295524e+00 
 1.88425600e-09  2.69989464e+00  1.85447652e+00 
 1.88445600e-09  2.68051022e+00  1.89495867e+00 
 1.88465600e-09  2.65730808e+00  1.94143284e+00 
 1.88485600e-09  2.63098920e+00  1.99143771e+00 
 1.88505600e-09  2.60219250e+00  2.04302567e+00 
 1.88525600e-09  2.57148743e+00  2.09471078e+00 
 1.88545600e-09  2.53937775e+00  2.14539965e+00 
 1.88565600e-09  2.50630192e+00  2.19431775e+00 
 1.88585600e-09  2.47263978e+00  2.24094446e+00 
 1.88605600e-09  2.43871587e+00  2.28495686e+00 
 1.88625600e-09  2.40480658e+00  2.32618416e+00 
 1.88645600e-09  2.37114447e+00  2.36457130e+00 
 1.88665600e-09  2.33792594e+00  2.40015117e+00 
 1.88685600e-09  2.30531666e+00  2.43302230e+00 
 1.88705600e-09  2.27345804e+00  2.46333119e+00 
 1.88725600e-09  2.24247384e+00  2.49126119e+00 
 1.88745600e-09  2.21247948e+00  2.51702803e+00 
 1.88765600e-09  2.18359197e+00  2.54088096e+00 
 1.88785600e-09  2.15594487e+00  2.56311267e+00 
 1.88805600e-09  2.12970433e+00  2.58407508e+00 
 1.88825600e-09  2.10508330e+00  2.60419342e+00 
 1.88845600e-09  2.08233766e+00  2.62396185e+00 
 1.88865600e-09  2.06173182e+00  2.64390040e+00 
 1.88885600e-09  2.04347796e+00  2.66447417e+00 
 1.88905600e-09  2.02768262e+00  2.68600865e+00 
 1.88925600e-09  2.01432985e+00  2.70864260e+00 
 1.88945600e-09  2.00330367e+00  2.73233152e+00 
 1.88965600e-09  1.99442038e+00  2.75688072e+00 
 1.88985600e-09  1.98749400e+00  2.78202022e+00 
 1.89005600e-09  1.98233353e+00  2.80742889e+00 
 1.89025600e-09  1.97875920e+00  2.83277550e+00 
 1.89045600e-09  1.97662103e+00  2.85775278e+00 
 1.89065600e-09  1.97578953e+00  2.88208597e+00 
 1.89085600e-09  1.97615574e+00  2.90554278e+00 
 1.89105600e-09  1.97762514e+00  2.92793437e+00 
 1.89125600e-09  1.98011601e+00  2.94911700e+00 
 1.89145600e-09  1.98355522e+00  2.96898876e+00 
 1.89165600e-09  1.98787765e+00  2.98748802e+00 
 1.89185600e-09  1.99302349e+00  3.00458828e+00 
 1.89205600e-09  1.99893788e+00  3.02029504e+00 
 1.89225600e-09  2.00556860e+00  3.03463909e+00 
 1.89245600e-09  2.01286659e+00  3.04767264e+00 
 1.89265600e-09  2.02078475e+00  3.05946306e+00 
 1.89285600e-09  2.02927855e+00  3.07008877e+00 
 1.89305600e-09  2.03830503e+00  3.07963380e+00 
 1.89325600e-09  2.04782368e+00  3.08818472e+00 
 1.89345600e-09  2.05779649e+00  3.09582655e+00 
 1.89365600e-09  2.06818984e+00  3.10263995e+00 
 1.89385600e-09  2.07897741e+00  3.10869631e+00 
 1.89405600e-09  2.09014772e+00  3.11405120e+00 
 1.89425600e-09  2.10171779e+00  3.11872955e+00 
 1.89445600e-09  2.11375809e+00  3.12269552e+00 
 1.89465600e-09  2.12642659e+00  3.12578721e+00 
 1.89485600e-09  2.14000486e+00  3.12758702e+00 
 1.89505600e-09  2.15492705e+00  3.12718436e+00 
 1.89525600e-09  2.17180221e+00  3.12281993e+00 
 1.89545600e-09  2.19143116e+00  3.11151504e+00 
 1.89565600e-09  2.21477928e+00  3.08900310e+00 
 1.89585600e-09  2.24284725e+00  3.05025328e+00 
 1.89605600e-09  2.27639753e+00  2.99087222e+00 
 1.89625600e-09  2.31568529e+00  2.90849717e+00 
 1.89645600e-09  2.36030967e+00  2.80373860e+00 
 1.89665600e-09  2.40919123e+00  2.68054552e+00 
 1.89685600e-09  2.46059230e+00  2.54568635e+00 
 1.89705600e-09  2.51214215e+00  2.40746682e+00 
 1.89725600e-09  2.56120987e+00  2.27389914e+00 
 1.89745600e-09  2.60568501e+00  2.15136669e+00 
 1.89765600e-09  2.64424500e+00  2.04417164e+00 
 1.89785600e-09  2.67605852e+00  1.95492670e+00 
 1.89805600e-09  2.70049771e+00  1.88526444e+00 
 1.89825600e-09  2.71709967e+00  1.83623774e+00 
 1.89845600e-09  2.72577169e+00  1.80810958e+00 
 1.89865600e-09  2.72692977e+00  1.79996189e+00 
 1.89885600e-09  2.72132581e+00  1.80959651e+00 
 1.89905600e-09  2.70981048e+00  1.83379229e+00 
 1.89925600e-09  2.69321867e+00  1.86902681e+00 
 1.89945600e-09  2.67233473e+00  1.91205353e+00 
 1.89965600e-09  2.64789975e+00  1.96009025e+00 
 1.89985600e-09  2.62059131e+00  2.01087056e+00 
 1.90005600e-09  2.59102412e+00  2.06262814e+00 
 1.90025600e-09  2.55974220e+00  2.11403220e+00 
 1.90045600e-09  2.52722562e+00  2.16411754e+00 
 1.90065600e-09  2.49388989e+00  2.21221151e+00 
 1.90085600e-09  2.46009442e+00  2.25787385e+00 
 1.90105600e-09  2.42614465e+00  2.30084293e+00 
 1.90125600e-09  2.39230027e+00  2.34099520e+00 
 1.90145600e-09  2.35877953e+00  2.37831161e+00 
 1.90165600e-09  2.32576739e+00  2.41285212e+00 
 1.90185600e-09  2.29341950e+00  2.44473478e+00 
 1.90205600e-09  2.26187010e+00  2.47412121e+00 
 1.90225600e-09  2.23123872e+00  2.50120682e+00 
 1.90245600e-09  2.20164025e+00  2.52621940e+00 
 1.90265600e-09  2.17319594e+00  2.54942272e+00 
 1.90285600e-09  2.14604985e+00  2.57112980e+00 
 1.90305600e-09  2.12038449e+00  2.59171880e+00 
 1.90325600e-09  2.09643101e+00  2.61164310e+00 
 1.90345600e-09  2.07445421e+00  2.63141387e+00 
 1.90365600e-09  2.05470657e+00  2.65154115e+00 
 1.90385600e-09  2.03736515e+00  2.67244602e+00 
 1.90405600e-09  2.02249008e+00  2.69438653e+00 
 1.90425600e-09  2.01002367e+00  2.71742965e+00 
 1.90445600e-09  1.99982254e+00  2.74147113e+00 
 1.90465600e-09  1.99169172e+00  2.76627660e+00 
 1.90485600e-09  1.98544354e+00  2.79155395e+00 
 1.90505600e-09  1.98089288e+00  2.81697624e+00 
 1.90525600e-09  1.97786918e+00  2.84221767e+00 
 1.90545600e-09  1.97623102e+00  2.86698238e+00 
 1.90565600e-09  1.97585661e+00  2.89101075e+00 
 1.90585600e-09  1.97664311e+00  2.91408690e+00 
 1.90605600e-09  1.97850089e+00  2.93603882e+00 
 1.90625600e-09  1.98135197e+00  2.95673896e+00 
 1.90645600e-09  1.98512619e+00  2.97610072e+00 
 1.90665600e-09  1.98976079e+00  2.99407630e+00 
 1.90685600e-09  1.99519781e+00  3.01065155e+00 
 1.90705600e-09  2.00138356e+00  3.02584225e+00 
 1.90725600e-09  2.00826703e+00  3.03968766e+00 
 1.90745600e-09  2.01580007e+00  3.05224650e+00 
 1.90765600e-09  2.02393648e+00  3.06359065e+00 
 1.90785600e-09  2.03263235e+00  3.07380119e+00 
 1.90805600e-09  2.04184547e+00  3.08296335e+00 
 1.90825600e-09  2.05153629e+00  3.09116368e+00 
 1.90845600e-09  2.06166809e+00  3.09848588e+00 
 1.90865600e-09  2.07220956e+00  3.10500781e+00 
 1.90885600e-09  2.08313871e+00  3.11079597e+00 
 1.90905600e-09  2.09445260e+00  3.11589683e+00 
 1.90925600e-09  2.10618465e+00  3.12031745e+00 
 1.90945600e-09  2.11843370e+00  3.12398526e+00 
 1.90965600e-09  2.13139986e+00  3.12666290e+00 
 1.90985600e-09  2.14541865e+00  3.12778342e+00 
 1.91005600e-09  2.16098519e+00  3.12616535e+00 
 1.91025600e-09  2.17877837e+00  3.11962712e+00 
 1.91045600e-09  2.19967313e+00  3.10469063e+00 
 1.91065600e-09  2.22468051e+00  3.07668750e+00 
 1.91085600e-09  2.25473916e+00  3.03070264e+00 
 1.91105600e-09  2.29043833e+00  2.96293543e+00 
 1.91125600e-09  2.33179708e+00  2.87200219e+00 
 1.91145600e-09  2.37816684e+00  2.75977544e+00 
 1.91165600e-09  2.42822225e+00  2.63134874e+00 
 1.91185600e-09  2.47998217e+00  2.49426025e+00 
 1.91205600e-09  2.53089986e+00  2.35691398e+00 
 1.91225600e-09  2.57845635e+00  2.22682624e+00 
 1.91245600e-09  2.62084562e+00  2.10960998e+00 
 1.91265600e-09  2.65697248e+00  2.00886047e+00 
 1.91285600e-09  2.68610278e+00  1.92675046e+00 
 1.91305600e-09  2.70765958e+00  1.86467965e+00 
 1.91325600e-09  2.72128612e+00  1.82347359e+00 
 1.91345600e-09  2.72708210e+00  1.80299954e+00 
 1.91365600e-09  2.72562826e+00  1.80186088e+00 
 1.91385600e-09  2.71773459e+00  1.81737554e+00 
 1.91405600e-09  2.70424575e+00  1.84609861e+00 
 1.91425600e-09  2.68597466e+00  1.88459745e+00 
 1.91445600e-09  2.66369142e+00  1.92978621e+00 
 1.91465600e-09  2.63811492e+00  1.97907465e+00 
 1.91485600e-09  2.60990023e+00  2.03038957e+00 
 1.91505600e-09  2.57963592e+00  2.08213609e+00 
 1.91525600e-09  2.54784218e+00  2.13312927e+00 
 1.91545600e-09  2.51497466e+00  2.18252142e+00 
 1.91565600e-09  2.48142765e+00  2.22973382e+00 
 1.91585600e-09  2.44753993e+00  2.27439879e+00 
 1.91605600e-09  2.41359958e+00  2.31631099e+00 
 1.91625600e-09  2.37985016e+00  2.35538930e+00 
 1.91645600e-09  2.34649677e+00  2.39164695e+00 
 1.91665600e-09  2.31371290e+00  2.42516799e+00 
 1.91685600e-09  2.28164553e+00  2.45608792e+00 
 1.91705600e-09  2.25042237e+00  2.48458143e+00 
 1.91725600e-09  2.22016015e+00  2.51085636e+00 
 1.91745600e-09  2.19097456e+00  2.53515291e+00 
 1.91765600e-09  2.16299361e+00  2.55775160e+00 
 1.91785600e-09  2.13637402e+00  2.57898793e+00 
 1.91805600e-09  2.11131642e+00  2.59926814e+00 
 1.91825600e-09  2.08806801e+00  2.61907136e+00 
 1.91845600e-09  2.06689597e+00  2.63891745e+00 
 1.91865600e-09  2.04803143e+00  2.65929349e+00 
 1.91885600e-09  2.03161035e+00  2.68056589e+00 
 1.91905600e-09  2.01764646e+00  2.70292127e+00 
 1.91925600e-09  2.00604519e+00  2.72635802e+00 
 1.91945600e-09  1.99663349e+00  2.75071198e+00 
 1.91965600e-09  1.98922855e+00  2.77573172e+00 
 1.91985600e-09  1.98363665e+00  2.80110294e+00 
 1.92005600e-09  1.97967224e+00  2.82649283e+00 
 1.92025600e-09  1.97717965e+00  2.85158772e+00 
 1.92045600e-09  1.97602402e+00  2.87610349e+00 
 1.92065600e-09  1.97609210e+00  2.89979714e+00 
 1.92085600e-09  1.97728584e+00  2.92246873e+00 
 1.92105600e-09  1.97952088e+00  2.94396357e+00 
 1.92125600e-09  1.98272191e+00  2.96416935e+00 
 1.92145600e-09  1.98682219e+00  2.98301488e+00 
 1.92165600e-09  1.99176050e+00  3.00046506e+00 
 1.92185600e-09  1.99748090e+00  3.01651791e+00 
 1.92205600e-09  2.00393056e+00  3.03119832e+00 
 1.92225600e-09  2.01105998e+00  3.04455379e+00 
 1.92245600e-09  2.01882134e+00  3.05664819e+00 
 1.92265600e-09  2.02716965e+00  3.06755766e+00 
 1.92285600e-09  2.03606136e+00  3.07736508e+00 
 1.92305600e-09  2.04545544e+00  3.08615677e+00 
 1.92325600e-09  2.05531302e+00  3.09401839e+00 
 1.92345600e-09  2.06559930e+00  3.10103211e+00 
 1.92365600e-09  2.07628551e+00  3.10727209e+00 
 1.92385600e-09  2.08735552e+00  3.11279890e+00 
 1.92405600e-09  2.09881717e+00  3.11764720e+00 
 1.92425600e-09  2.11072448e+00  3.12180097e+00 
 1.92445600e-09  2.12320963e+00  3.12513926e+00 
 1.92465600e-09  2.13651981e+00  3.12732688e+00 
 1.92485600e-09  2.15104606e+00  3.12760712e+00 
 1.92505600e-09  2.16734836e+00  3.12447053e+00 
 1.92525600e-09  2.18618340e+00  3.11527252e+00 
 1.92545600e-09  2.20849773e+00  3.09603363e+00 
 1.92565600e-09  2.23530124e+00  3.06188308e+00 
 1.92585600e-09  2.26742578e+00  3.00814606e+00 
 1.92605600e-09  2.30526612e+00  2.93176206e+00 
 1.92625600e-09  2.34860311e+00  2.83251326e+00 
 1.92645600e-09  2.39653435e+00  2.71351479e+00 
 1.92665600e-09  2.44748954e+00  2.58090277e+00 
 1.92685600e-09  2.49925036e+00  2.44275816e+00 
 1.92705600e-09  2.54918035e+00  2.30732925e+00 
 1.92725600e-09  2.59497867e+00  2.18149603e+00 
 1.92745600e-09  2.63513647e+00  2.07008577e+00 
 1.92765600e-09  2.66873232e+00  1.97607761e+00 
 1.92785600e-09  2.69509980e+00  1.90129839e+00 
 1.92805600e-09  2.71372256e+00  1.84694349e+00 
 1.92825600e-09  2.72439084e+00  1.81350433e+00 
 1.92845600e-09  2.72739187e+00  1.80044948e+00 
 1.92865600e-09  2.72342815e+00  1.80588020e+00 
 1.92885600e-09  2.71334576e+00  1.82670819e+00 
 1.92905600e-09  2.69797816e+00  1.85945051e+00 
 1.92925600e-09  2.67812013e+00  1.90077034e+00 
 1.92945600e-09  2.65452637e+00  1.94775818e+00 
 1.92965600e-09  2.62789092e+00  1.99801579e+00 
 1.92985600e-09  2.59884573e+00  2.04965505e+00 
 1.93005600e-09  2.56795242e+00  2.10124123e+00 
 1.93025600e-09  2.53570765e+00  2.15172356e+00 
 1.93045600e-09  2.50254277e+00  2.20036141e+00 
 1.93065600e-09  2.46883140e+00  2.24666103e+00 
 1.93085600e-09  2.43489204e+00  2.29031976e+00 
 1.93105600e-09  2.40099565e+00  2.33118244e+00 
 1.93125600e-09  2.36737047e+00  2.36920639e+00 
 1.93145600e-09  2.33420997e+00  2.40443443e+00 
 1.93165600e-09  2.30167677e+00  2.43697102e+00 
 1.93185600e-09  2.26990980e+00  2.46696718e+00 
 1.93205600e-09  2.23903132e+00  2.49461058e+00 
 1.93225600e-09  2.20915651e+00  2.52012076e+00 
 1.93245600e-09  2.18040373e+00  2.54375152e+00 
 1.93265600e-09  2.15290986e+00  2.56580196e+00 
 1.93285600e-09  2.12684633e+00  2.58663236e+00 
 1.93305600e-09  2.10243227e+00  2.60667733e+00 
 1.93325600e-09  2.07992711e+00  2.62643730e+00 
 1.93345600e-09  2.05959231e+00  2.64643024e+00 
 1.93365600e-09  2.04162919e+00  2.66710785e+00 
 1.93385600e-09  2.02612906e+00  2.68877386e+00 
 1.93405600e-09  2.01306175e+00  2.71154307e+00 
 1.93425600e-09  2.00230162e+00  2.73535056e+00 
 1.93445600e-09  1.99366814e+00  2.75999400e+00 
 1.93465600e-09  1.98696335e+00  2.78518637e+00 
 1.93485600e-09  1.98199641e+00  2.81060336e+00 
 1.93505600e-09  1.97859631e+00  2.83591904e+00 
 1.93525600e-09  1.97661516e+00  2.86082903e+00 
 1.93545600e-09  1.97592712e+00  2.88506421e+00 
 1.93565600e-09  1.97642477e+00  2.90839733e+00 
 1.93585600e-09  1.97801566e+00  2.93064556e+00 
 1.93605600e-09  1.98061883e+00  2.95167019e+00 
 1.93625600e-09  1.98416248e+00  2.97137472e+00 
 1.93645600e-09  1.98858188e+00  2.98970181e+00 
 1.93665600e-09  1.99381815e+00  3.00662933e+00 
 1.93685600e-09  1.99981641e+00  3.02216590e+00 
 1.93705600e-09  2.00652523e+00  3.03634544e+00 
 1.93725600e-09  2.01389565e+00  3.04922216e+00 
 1.93745600e-09  2.02188110e+00  3.06086518e+00 
 1.93765600e-09  2.03043698e+00  3.07135355e+00 
 1.93785600e-09  2.03952071e+00  3.08077188e+00 
 1.93805600e-09  2.04909194e+00  3.08920664e+00 
 1.93825600e-09  2.05911319e+00  3.09674264e+00 
 1.93845600e-09  2.06955141e+00  3.10345955e+00 
 1.93865600e-09  2.08038168e+00  3.10942741e+00 
 1.93885600e-09  2.09159490e+00  3.11469897e+00 
 1.93905600e-09  2.10321305e+00  3.11929404e+00 
 1.93925600e-09  2.11531502e+00  3.12316596e+00 
 1.93945600e-09  2.12807183e+00  3.12613090e+00 
 1.93965600e-09  2.14178042e+00  3.12772674e+00 
 1.93985600e-09  2.15689113e+00  3.12695995e+00 
 1.94005600e-09  2.17403706e+00  3.12193986e+00 
 1.94025600e-09  2.19404892e+00  3.10952777e+00 
 1.94045600e-09  2.21791850e+00  3.08530471e+00 
 1.94065600e-09  2.24662495e+00  3.04431157e+00 
 1.94085600e-09  2.28086702e+00  2.98232259e+00 
 1.94105600e-09  2.32082301e+00  2.89722809e+00 
 1.94125600e-09  2.36601905e+00  2.79004544e+00 
 1.94145600e-09  2.41529930e+00  2.66509540e+00 
 1.94165600e-09  2.46684793e+00  2.52941393e+00 
 1.94185600e-09  2.51823158e+00  2.39136686e+00 
 1.94205600e-09  2.56684165e+00  2.25882623e+00 
 1.94225600e-09  2.61066402e+00  2.13793474e+00 
 1.94245600e-09  2.64845427e+00  2.03276111e+00 
 1.94265600e-09  2.67941648e+00  1.94576770e+00 
 1.94285600e-09  2.70293859e+00  1.87850852e+00 
 1.94305600e-09  2.71858795e+00  1.83196920e+00 
 1.94325600e-09  2.72633080e+00  1.80629482e+00 
 1.94345600e-09  2.72664086e+00  1.80044827e+00 
 1.94365600e-09  2.72029793e+00  1.81204091e+00 
 1.94385600e-09  2.70814915e+00  1.83773524e+00 
 1.94405600e-09  2.69101665e+00  1.87405725e+00 
 1.94425600e-09  2.66968089e+00  1.91781080e+00 
 1.94445600e-09  2.64487593e+00  1.96627419e+00 
 1.94465600e-09  2.61727267e+00  2.01724402e+00 
 1.94485600e-09  2.58747741e+00  2.06900971e+00 
 1.94505600e-09  2.55602686e+00  2.12028864e+00 
 1.94525600e-09  2.52339316e+00  2.17015426e+00 
 1.94545600e-09  2.48998525e+00  2.21796512e+00 
 1.94565600e-09  2.45615566e+00  2.26330469e+00 
 1.94585600e-09  2.42220390e+00  2.30592957e+00 
 1.94605600e-09  2.38838463e+00  2.34573070e+00 
 1.94625600e-09  2.35491282e+00  2.38270110e+00 
 1.94645600e-09  2.32197000e+00  2.41690854e+00 
 1.94665600e-09  2.28970883e+00  2.44847600e+00 
 1.94685600e-09  2.25826094e+00  2.47756931e+00 
 1.94705600e-09  2.22774478e+00  2.50438816e+00 
 1.94725600e-09  2.19827530e+00  2.52916417e+00 
 1.94745600e-09  2.16997580e+00  2.55216630e+00 
 1.94765600e-09  2.14299416e+00  2.57371451e+00 
 1.94785600e-09  2.11751868e+00  2.59419589e+00 
 1.94805600e-09  2.09378596e+00  2.61407242e+00 
 1.94825600e-09  2.07206243e+00  2.63385910e+00 
 1.94845600e-09  2.05259465e+00  2.65405993e+00 
 1.94865600e-09  2.03554699e+00  2.67507942e+00 
 1.94885600e-09  2.02096451e+00  2.69715281e+00 
 1.94905600e-09  2.00877705e+00  2.72032453e+00 
 1.94925600e-09  1.99883366e+00  2.74447248e+00 
 1.94945600e-09  1.99094352e+00  2.76935660e+00 
 1.94965600e-09  1.98490915e+00  2.79467099e+00 
 1.94985600e-09  1.98054619e+00  2.82008724e+00 
 1.95005600e-09  1.97769218e+00  2.84528531e+00 
 1.95025600e-09  1.97620776e+00  2.86997279e+00 
 1.95045600e-09  1.97597442e+00  2.89389565e+00 
 1.95065600e-09  1.97689071e+00  2.91684308e+00 
 1.95085600e-09  1.97886882e+00  2.93864882e+00 
 1.95105600e-09  1.98183145e+00  2.95919019e+00 
 1.95125600e-09  1.98570964e+00  2.97838570e+00 
 1.95145600e-09  1.99044099e+00  2.99619162e+00 
 1.95165600e-09  1.99596820e+00  3.01259782e+00 
 1.95185600e-09  2.00223785e+00  3.02762307e+00 
 1.95205600e-09  2.00919961e+00  3.04130947e+00 
 1.95225600e-09  2.01680537e+00  3.05371742e+00 
 1.95245600e-09  2.02500929e+00  3.06492020e+00 
 1.95265600e-09  2.03376743e+00  3.07499939e+00 
 1.95285600e-09  2.04303809e+00  3.08404076e+00 
 1.95305600e-09  2.05278182e+00  3.09213058e+00 
 1.95325600e-09  2.06296259e+00  3.09935215e+00 
 1.95345600e-09  2.07354976e+00  3.10578219e+00 
 1.95365600e-09  2.08452312e+00  3.11148546e+00 
 1.95385600e-09  2.09588283e+00  3.11650492e+00 
 1.95405600e-09  2.10766851e+00  3.12084095e+00 
 1.95425600e-09  2.11998902e+00  3.12440685e+00 
 1.95445600e-09  2.13305910e+00  3.12693669e+00 
 1.95465600e-09  2.14723052e+00  3.12780698e+00 
 1.95485600e-09  2.16301761e+00  3.12573600e+00 
 1.95505600e-09  2.18112680e+00  3.11839897e+00 
 1.95525600e-09  2.20246415e+00  3.10214594e+00 
 1.95545600e-09  2.22804121e+00  3.07225919e+00 
 1.95565600e-09  2.25875806e+00  3.02388027e+00 
 1.95585600e-09  2.29514186e+00  2.95340093e+00 
 1.95605600e-09  2.33714147e+00  2.85980121e+00 
 1.95625600e-09  2.38402887e+00  2.74534879e+00 
 1.95645600e-09  2.43440081e+00  2.61548210e+00 
 1.95665600e-09  2.48620034e+00  2.47793725e+00 
 1.95685600e-09  2.53684132e+00  2.34109499e+00 
 1.95705600e-09  2.58386426e+00  2.21228295e+00 
 1.95725600e-09  2.62555916e+00  2.09686456e+00 
 1.95745600e-09  2.66089160e+00  1.99822991e+00 
 1.95765600e-09  2.68915079e+00  1.91843313e+00 
 1.95785600e-09  2.70977742e+00  1.85880831e+00 
 1.95805600e-09  2.72245615e+00  1.82009842e+00 
 1.95825600e-09  2.72735169e+00  1.80207867e+00 
 1.95845600e-09  2.72509762e+00  1.80314894e+00 
 1.95865600e-09  2.71651154e+00  1.82044885e+00 
 1.95885600e-09  2.70242562e+00  1.85052759e+00 
 1.95905600e-09  2.68364786e+00  1.88998273e+00 
 1.95925600e-09  2.66094376e+00  1.93578484e+00 
 1.95945600e-09  2.63502530e+00  1.98540760e+00 
 1.95965600e-09  2.60654028e+00  2.03683907e+00 
 1.95985600e-09  2.57606934e+00  2.08853827e+00 
 1.96005600e-09  2.54412516e+00  2.13936512e+00 
 1.96025600e-09  2.51115609e+00  2.18850818e+00 
 1.96045600e-09  2.47754959e+00  2.23541714e+00 
 1.96065600e-09  2.44363756e+00  2.27974526e+00 
 1.96085600e-09  2.40970249e+00  2.32130419e+00 
 1.96105600e-09  2.37598416e+00  2.36002738e+00 
 1.96125600e-09  2.34268450e+00  2.39593861e+00 
 1.96145600e-09  2.30997364e+00  2.42912845e+00 
 1.96165600e-09  2.27799573e+00  2.45973714e+00 
 1.96185600e-09  2.24687657e+00  2.48794391e+00 
 1.96205600e-09  2.21673223e+00  2.51396025e+00 
 1.96225600e-09  2.18767921e+00  2.53803066e+00 
 1.96245600e-09  2.15984819e+00  2.56044138e+00 
 1.96265600e-09  2.13340054e+00  2.58153576e+00 
 1.96285600e-09  2.10854292e+00  2.60172924e+00 
 1.96305600e-09  2.08552706e+00  2.62150844e+00 
 1.96325600e-09  2.06461914e+00  2.64139371e+00 
 1.96345600e-09  2.04603554e+00  2.66185699e+00 
 1.96365600e-09  2.02990650e+00  2.68325061e+00 
 1.96385600e-09  2.01623239e+00  2.70573858e+00 
 1.96405600e-09  2.00490353e+00  2.72929677e+00 
 1.96425600e-09  1.99575007e+00  2.75375297e+00 
 1.96445600e-09  1.98857471e+00  2.77883585e+00 
 1.96465600e-09  1.98318360e+00  2.80422668e+00 
 1.96485600e-09  1.97939989e+00  2.82959694e+00 
 1.96505600e-09  1.97707022e+00  2.85463539e+00 
 1.96525600e-09  1.97606334e+00  2.87906297e+00 
 1.96545600e-09  1.97626779e+00  2.90264171e+00 
 1.96565600e-09  1.97758753e+00  2.92517739e+00 
 1.96585600e-09  1.97993917e+00  2.94652048e+00 
 1.96605600e-09  1.98324866e+00  2.96656396e+00 
 1.96625600e-09  1.98744979e+00  2.98524112e+00 
 1.96645600e-09  1.99248200e+00  3.00252114e+00 
 1.96665600e-09  1.99828984e+00  3.01840556e+00 
 1.96685600e-09  2.00482115e+00  3.03292243e+00 
 1.96705600e-09  2.01202650e+00  3.04612141e+00 
 1.96725600e-09  2.01985853e+00  3.05806815e+00 
 1.96745600e-09  2.02827211e+00  3.06883961e+00 
 1.96765600e-09  2.03722412e+00  3.07851936e+00 
 1.96785600e-09  2.04667368e+00  3.08719383e+00 
 1.96805600e-09  2.05658246e+00  3.09494851e+00 
 1.96825600e-09  2.06691609e+00  3.10186477e+00 
 1.96845600e-09  2.07764701e+00  3.10801557e+00 
 1.96865600e-09  2.08876109e+00  3.11345913e+00 
 1.96885600e-09  2.10027039e+00  3.11822579e+00 
 1.96905600e-09  2.11223632e+00  3.12229056e+00 
 1.96925600e-09  2.12480297e+00  3.12551420e+00 
 1.96945600e-09  2.13823227e+00  3.12752397e+00 
 1.96965600e-09  2.15293301e+00  3.12749212e+00 
 1.96985600e-09  2.16948986e+00  3.12379374e+00 
 1.97005600e-09  2.18869032e+00  3.11362205e+00 
 1.97025600e-09  2.21149641e+00  3.09287608e+00 
 1.97045600e-09  2.23890174e+00  3.05664079e+00 
 1.97065600e-09  2.27169617e+00  3.00034319e+00 
 1.97085600e-09  2.31021303e+00  2.92120822e+00 
 1.97105600e-09  2.35415462e+00  2.81940117e+00 
 1.97125600e-09  2.40253834e+00  2.69842623e+00 
 1.97145600e-09  2.45371690e+00  2.56472075e+00 
 1.97165600e-09  2.50540129e+00  2.42648484e+00 
 1.97185600e-09  2.55495064e+00  2.29186971e+00 
 1.97205600e-09  2.60014841e+00  2.16753201e+00 
 1.97225600e-09  2.63957303e+00  2.05805574e+00 
 1.97245600e-09  2.67236760e+00  1.96619170e+00 
 1.97265600e-09  2.69780803e+00  1.89365277e+00 
 1.97285600e-09  2.71537801e+00  1.84160918e+00 
 1.97305600e-09  2.72500471e+00  1.81055213e+00 
 1.97325600e-09  2.72706695e+00  1.79980562e+00 
 1.97345600e-09  2.72229302e+00  1.80723553e+00 
 1.97365600e-09  2.71151415e+00  1.82966888e+00 
 1.97385600e-09  2.69555309e+00  1.86360892e+00 
 1.97405600e-09  2.67520211e+00  1.90576212e+00 
 1.97425600e-09  2.65120570e+00  1.95327382e+00 
 1.97445600e-09  2.62425155e+00  2.00380818e+00 
 1.97465600e-09  2.59496081e+00  2.05553233e+00 
 1.97485600e-09  2.56388775e+00  2.10706092e+00 
 1.97505600e-09  2.53151934e+00  2.15738253e+00 
 1.97525600e-09  2.49828018e+00  2.20578894e+00 
 1.97545600e-09  2.46453570e+00  2.25181092e+00 
 1.97565600e-09  2.43059823e+00  2.29516476e+00 
 1.97585600e-09  2.39673276e+00  2.33571035e+00 
 1.97605600e-09  2.36316410e+00  2.37341785e+00 
 1.97625600e-09  2.33008133e+00  2.40833772e+00 
 1.97645600e-09  2.29764387e+00  2.44058026e+00 
 1.97665600e-09  2.26598751e+00  2.47030134e+00 
 1.97685600e-09  2.23523327e+00  2.49769255e+00 
 1.97705600e-09  2.20549572e+00  2.52297709e+00 
 1.97725600e-09  2.17689463e+00  2.54641339e+00 
 1.97745600e-09  2.14956972e+00  2.56830674e+00 
 1.97765600e-09  2.12369758e+00  2.58902562e+00 
 1.97785600e-09  2.09950272e+00  2.60901333e+00 
 1.97805600e-09  2.07724759e+00  2.62877580e+00 
 1.97825600e-09  2.05718996e+00  2.64882816e+00 
 1.97845600e-09  2.03951345e+00  2.66960281e+00 
 1.97865600e-09  2.02430574e+00  2.69139044e+00 
 1.97885600e-09  2.01152546e+00  2.71428504e+00 
 1.97905600e-09  2.00103301e+00  2.73820132e+00 
 1.97925600e-09  1.99264501e+00  2.76292512e+00 
 1.97945600e-09  1.98616217e+00  2.78816190e+00 
 1.97965600e-09  1.98139592e+00  2.81358556e+00 
 1.97985600e-09  1.97817747e+00  2.83887116e+00 
 1.98005600e-09  1.97636202e+00  2.86371794e+00 
 1.98025600e-09  1.97582578e+00  2.88786102e+00 
 1.98045600e-09  1.97646357e+00  2.91107839e+00 
 1.98065600e-09  1.97818418e+00  2.93319215e+00 
 1.98085600e-09  1.98090810e+00  2.95406876e+00 
 1.98105600e-09  1.98456422e+00  2.97361631e+00 
 1.98125600e-09  1.98908854e+00  2.99178185e+00 
 1.98145600e-09  1.99442267e+00  3.00854698e+00 
 1.98165600e-09  2.00051263e+00  3.02392387e+00 
 1.98185600e-09  2.00730713e+00  3.03794895e+00 
 1.98205600e-09  2.01475763e+00  3.05067857e+00 
 1.98225600e-09  2.02281756e+00  3.06218309e+00 
 1.98245600e-09  2.03144259e+00  3.07254247e+00 
 1.98265600e-09  2.04059035e+00  3.08184175e+00 
 1.98285600e-09  2.05022086e+00  3.09016750e+00 
 1.98305600e-09  2.06029700e+00  3.09760403e+00 
 1.98325600e-09  2.07078652e+00  3.10423023e+00 
 1.98345600e-09  2.08166579e+00  3.11011452e+00 
 1.98365600e-09  2.09292851e+00  3.11530688e+00 
 1.98385600e-09  2.10460180e+00  3.11982139e+00 
 1.98405600e-09  2.11677367e+00  3.12359983e+00 
 1.98425600e-09  2.12962790e+00  3.12643415e+00 
 1.98445600e-09  2.14347783e+00  3.12781435e+00 
 1.98465600e-09  2.15879522e+00  3.12666115e+00 
 1.98485600e-09  2.17624130e+00  3.12094824e+00 
 1.98505600e-09  2.19667708e+00  3.10738053e+00 
 1.98525600e-09  2.22109370e+00  3.08145651e+00 
 1.98545600e-09  2.25043896e+00  3.03822268e+00 
 1.98565600e-09  2.28536183e+00  2.97360932e+00 
 1.98585600e-09  2.32597465e+00  2.88583571e+00 
 1.98605600e-09  2.37172560e+00  2.77631111e+00 
 1.98625600e-09  2.42138079e+00  2.64971711e+00 
 1.98645600e-09  2.47305035e+00  2.51333090e+00 
 1.98665600e-09  2.52424653e+00  2.37555029e+00 
 1.98685600e-09  2.57239525e+00  2.24409383e+00 
 1.98705600e-09  2.61557527e+00  2.12486533e+00 
 1.98725600e-09  2.65263818e+00  2.02166042e+00 
 1.98745600e-09  2.68270941e+00  1.93677941e+00 
 1.98765600e-09  2.70516678e+00  1.87174323e+00 
 1.98785600e-09  2.71973292e+00  1.82753024e+00 
 1.98805600e-09  2.72645065e+00  1.80423553e+00 
 1.98825600e-09  2.72585075e+00  1.80060985e+00 
 1.98845600e-09  2.71872702e+00  1.81406112e+00 
 1.98865600e-09  2.70591052e+00  1.84120813e+00 
 1.98885600e-09  2.68821581e+00  1.87858940e+00 
 1.98905600e-09  2.66641703e+00  1.92305649e+00 
 1.98925600e-09  2.64123962e+00  1.97194709e+00 
 1.98945600e-09  2.61334547e+00  2.02311743e+00 
 1.98965600e-09  2.58333153e+00  2.07491069e+00 
 1.98985600e-09  2.55172546e+00  2.12608965e+00 
 1.99005600e-09  2.51899101e+00  2.17576477e+00 
 1.99025600e-09  2.48552903e+00  2.22332390e+00 
 1.99045600e-09  2.45168450e+00  2.26837230e+00 
 1.99065600e-09  2.41775090e+00  2.31068459e+00 
 1.99085600e-09  2.38397852e+00  2.35016708e+00 
 1.99105600e-09  2.35057781e+00  2.38682240e+00 
 1.99125600e-09  2.31772619e+00  2.42072524e+00 
 1.99145600e-09  2.28557275e+00  2.45200431e+00 
 1.99165600e-09  2.25424696e+00  2.48082981e+00 
 1.99185600e-09  2.22386609e+00  2.50740516e+00 
 1.99205600e-09  2.19454531e+00  2.53196595e+00 
 1.99225600e-09  2.16640969e+00  2.55478632e+00 
 1.99245600e-09  2.13961104e+00  2.57619328e+00 
 1.99265600e-09  2.11434306e+00  2.59658265e+00 
 1.99285600e-09  2.09084747e+00  2.61642459e+00 
 1.99305600e-09  2.06939140e+00  2.63623695e+00 
 1.99325600e-09  2.05021009e+00  2.65651298e+00 
 1.99345600e-09  2.03346235e+00  2.67764489e+00 
 1.99365600e-09  2.01918006e+00  2.69984669e+00 
 1.99385600e-09  2.00727795e+00  2.72314083e+00 
 1.99405600e-09  1.99759897e+00  2.74738919e+00 
 1.99425600e-09  1.98994927e+00  2.77234080e+00 
 1.99445600e-09  1.98413243e+00  2.79768510e+00 
 1.99465600e-09  1.97996608e+00  2.82309298e+00 
 1.99485600e-09  1.97729078e+00  2.84824683e+00 
 1.99505600e-09  1.97596959e+00  2.87285811e+00 
 1.99525600e-09  1.97588640e+00  2.89667772e+00 
 1.99545600e-09  1.97694139e+00  2.91949992e+00 
 1.99565600e-09  1.97904829e+00  2.94116372e+00 
 1.99585600e-09  1.98213077e+00  2.96155129e+00 
 1.99605600e-09  1.98612086e+00  2.98058589e+00 
 1.99625600e-09  1.99095652e+00  2.99822777e+00 
 1.99645600e-09  1.99658131e+00  3.01447068e+00 
 1.99665600e-09  2.00294225e+00  3.02933639e+00 
 1.99685600e-09  2.00998935e+00  3.04286951e+00 
 1.99705600e-09  2.01767462e+00  3.05513208e+00 
 1.99725600e-09  2.02595243e+00  3.06619859e+00 
 1.99745600e-09  2.03477912e+00  3.07615137e+00 
 1.99765600e-09  2.04411325e+00  3.08507651e+00 
 1.99785600e-09  2.05391574e+00  3.09306005e+00 
 1.99805600e-09  2.06415106e+00  3.10018478e+00 
 1.99825600e-09  2.07478947e+00  3.10652628e+00 
 1.99845600e-09  2.08581255e+00  3.11214745e+00 
 1.99865600e-09  2.09722397e+00  3.11708752e+00 
 1.99885600e-09  2.10906983e+00  3.12133953e+00 
 1.99905600e-09  2.12146945e+00  3.12480138e+00 
 1.99925600e-09  2.13465125e+00  3.12717561e+00 
 1.99945600e-09  2.14898474e+00  3.12777808e+00 
 1.99965600e-09  2.16500809e+00  3.12522372e+00 
 1.99982800e-09  2.18068140e+00  3.11871560e+00 
 2.00000000e-09  2.19872866e+00  3.10572565e+00 
