 frequency       v(finalp,finaln) v(finalp,finaln) v(v1p,v1n)      v(v1p,v1n)      v(vga1p,vga1n)  v(vga1p,vga1n)  v(v2p,v2n)      v(v2p,v2n)      v(vga2p,vga2n)  v(vga2p,vga2n)  v(bufinp,bufinn) v(bufinp,bufinn) v(outp,outn)    v(outp,outn)   
 1.00000000e+06  3.48106513e+03  8.83359285e+02 -3.18783575e+02 -2.06509205e+01  6.71956437e+02  4.34807688e+01  6.61494087e+02  9.73967826e+01 -2.65608142e+03 -3.90872754e+02 -2.57770552e+03 -6.54259153e+02  3.48557680e+03  8.84561126e+02 
 1.02329299e+06  3.48762053e+03  8.64141220e+02 -3.18840526e+02 -2.01841058e+01  6.72076204e+02  4.24975716e+01  6.61968239e+02  9.52240912e+01 -2.65798290e+03 -3.82153691e+02 -2.58255978e+03 -6.40031382e+02  3.49214071e+03  8.65319429e+02 
 1.04712855e+06  3.49389065e+03  8.45301303e+02 -3.18894931e+02 -1.97276864e+01  6.72190619e+02  4.15362633e+01  6.62421403e+02  9.30978641e+01 -2.65980021e+03 -3.73621125e+02 -2.58720279e+03 -6.26083699e+02  3.49841897e+03  8.46456398e+02 
 1.07151931e+06  3.49988747e+03  8.26834738e+02 -3.18946905e+02 -1.92814404e+01  6.72299920e+02  4.05963769e+01  6.62854493e+02  9.10172388e+01 -2.66153701e+03 -3.65271593e+02 -2.59164342e+03 -6.12412558e+02  3.50442357e+03  8.27967237e+02 
 1.09647820e+06  3.50562253e+03  8.08736600e+02 -3.18996554e+02 -1.88451504e+01  6.72404332e+02  3.96774540e+01  6.63268384e+02  8.89813595e+01 -2.66319681e+03 -3.57101659e+02 -2.59589022e+03 -5.99014312e+02  3.51016608e+03  8.09847012e+02 
 1.12201845e+06  3.51110691e+03  7.91001848e+02 -3.19043983e+02 -1.84186026e+01  6.72504075e+02  3.87790445e+01  6.63663915e+02  8.69893782e+01 -2.66478299e+03 -3.49107919e+02 -2.59995139e+03 -5.85885230e+02  3.51565758e+03  7.92090675e+02 
 1.14815362e+06  3.51635125e+03  7.73625339e+02 -3.19089289e+02 -1.80015876e+01  6.72599354e+02  3.79007069e+01  6.64041889e+02  8.50404549e+01 -2.66629875e+03 -3.41287000e+02 -2.60383481e+03 -5.73021506e+02  3.52090872e+03  7.74693081e+02 
 1.17489755e+06  3.52136575e+03  7.56601850e+02 -3.19132568e+02 -1.75938996e+01  6.72690369e+02  3.70420079e+01  6.64403074e+02  8.31337583e+01 -2.66774719e+03 -3.33635566e+02 -2.60754804e+03 -5.60419274e+02  3.52592973e+03  7.57648998e+02 
 1.20226443e+06  3.52616024e+03  7.39926088e+02 -3.19173910e+02 -1.71953370e+01  6.72777311e+02  3.62025225e+01  6.64748207e+02  8.12684663e+01 -2.66913125e+03 -3.26150316e+02 -2.61109834e+03 -5.48074616e+02  3.53073044e+03  7.40953128e+02 
 1.23026877e+06  3.53074410e+03  7.23592703e+02 -3.19213401e+02 -1.68057018e+01  6.72860359e+02  3.53818340e+01  6.65077992e+02  7.94437665e+01 -2.67045376e+03 -3.18827988e+02 -2.61449269e+03 -5.35983573e+02  3.53532025e+03  7.24600114e+02 
 1.25892541e+06  3.53512639e+03  7.07596302e+02 -3.19251123e+02 -1.64248002e+01  6.72939687e+02  3.45795337e+01  6.65393104e+02  7.76588563e+01 -2.67171743e+03 -3.11665362e+02 -2.61773776e+03 -5.24142153e+02  3.53970823e+03  7.08584559e+02 
 1.28824955e+06  3.53931575e+03  6.91931460e+02 -3.19287155e+02 -1.60524419e+01  6.73015462e+02  3.37952208e+01  6.65694189e+02  7.59129435e+01 -2.67292485e+03 -3.04659257e+02 -2.62083997e+03 -5.12546342e+02  3.54390303e+03  6.92901030e+02 
 1.31825674e+06  3.54332051e+03  6.76592731e+02 -3.19321572e+02 -1.56884405e+01  6.73087842e+02  3.30285027e+01  6.65981864e+02  7.42052463e+01 -2.67407849e+03 -2.97806535e+02 -2.62380548e+03 -5.01192108e+02  3.54791298e+03  6.77544075e+02 
 1.34896288e+06  3.54714861e+03  6.61574655e+02 -3.19354448e+02 -1.53326132e+01  6.73156978e+02  3.22789941e+01  6.66256721e+02  7.25349938e+01 -2.67518072e+03 -2.91104102e+02 -2.62664019e+03 -4.90075410e+02  3.55174605e+03  6.62508227e+02 
 1.38038426e+06  3.55080771e+03  6.46871768e+02 -3.19385849e+02 -1.49847810e+01  6.73223016e+02  3.15463180e+01  6.66519325e+02  7.09014262e+01 -2.67623381e+03 -2.84548908e+02 -2.62934974e+03 -4.79192205e+02  3.55540990e+03  6.47788019e+02 
 1.41253754e+06  3.55430512e+03  6.32478615e+02 -3.19415843e+02 -1.46447683e+01  6.73286092e+02  3.08301046e+01  6.66770217e+02  6.93037947e+01 -2.67723994e+03 -2.78137947e+02 -2.63193956e+03 -4.68538455e+02  3.55891184e+03  6.33377985e+02 
 1.44543977e+06  3.55764785e+03  6.18389747e+02 -3.19444492e+02 -1.43124033e+01  6.73346340e+02  3.01299916e+01  6.67009915e+02  6.77413619e+01 -2.67820118e+03 -2.71868261e+02 -2.63441485e+03 -4.58110129e+02  3.56225892e+03  6.19272675e+02 
 1.47910839e+06  3.56084264e+03  6.04599740e+02 -3.19471857e+02 -1.39875174e+01  6.73403887e+02  2.94456242e+01  6.67238914e+02  6.62134019e+01 -2.67911951e+03 -2.65736934e+02 -2.63678058e+03 -4.47903211e+02  3.56545785e+03  6.05466655e+02 
 1.51356125e+06  3.56389591e+03  5.91103192e+02 -3.19497994e+02 -1.36699458e+01  6.73458852e+02  2.87766548e+01  6.67457688e+02  6.47192003e+01 -2.67999684e+03 -2.59741101e+02 -2.63904153e+03 -4.37913703e+02  3.56851509e+03  5.91954518e+02 
 1.54881662e+06  3.56681385e+03  5.77894731e+02 -3.19522958e+02 -1.33595268e+01  6.73511351e+02  2.81227431e+01  6.67666691e+02  6.32580542e+01 -2.68083498e+03 -2.53877940e+02 -2.64120225e+03 -4.28137632e+02  3.57143682e+03  5.78730888e+02 
 1.58489319e+06  3.56960236e+03  5.64969025e+02 -3.19546802e+02 -1.30561021e+01  6.73561495e+02  2.74835555e+01  6.67866354e+02  6.18292724e+01 -2.68163566e+03 -2.48144676e+02 -2.64326714e+03 -4.18571050e+02  3.57422895e+03  5.65790424e+02 
 1.62181010e+06  3.57226710e+03  5.52320779e+02 -3.19569576e+02 -1.27595170e+01  6.73609388e+02  2.68587657e+01  6.68057093e+02  6.04321753e+01 -2.68240056e+03 -2.42538583e+02 -2.64524038e+03 -4.09210039e+02  3.57689715e+03  5.53127828e+02 
 1.65958691e+06  3.57481349e+03  5.39944745e+02 -3.19591328e+02 -1.24696195e+01  6.73655132e+02  2.62480539e+01  6.68239305e+02  5.90660950e+01 -2.68313126e+03 -2.37056980e+02 -2.64712597e+03 -4.00050717e+02  3.57944684e+03  5.40737845e+02 
 1.69824365e+06  3.57724672e+03  5.27835723e+02 -3.19612104e+02 -1.21862612e+01  6.73698823e+02  2.56511072e+01  6.68413366e+02  5.77303753e+01 -2.68382928e+03 -2.31697233e+02 -2.64892777e+03 -3.91089234e+02  3.58188323e+03  5.28615270e+02 
 1.73780083e+06  3.57957176e+03  5.15988566e+02 -3.19631947e+02 -1.19092966e+01  6.73740552e+02  2.50676193e+01  6.68579641e+02  5.64243713e+01 -2.68449607e+03 -2.26456754e+02 -2.65064946e+03 -3.82321783e+02  3.58421128e+03  5.16754949e+02 
 1.77827941e+06  3.58179335e+03  5.04398183e+02 -3.19650900e+02 -1.16385834e+01  6.73780408e+02  2.44972901e+01  6.68738476e+02  5.51474501e+01 -2.68513303e+03 -2.21333004e+02 -2.65229454e+03 -3.73744595e+02  3.58643576e+03  5.05151787e+02 
 1.81970086e+06  3.58391605e+03  4.93059538e+02 -3.19669001e+02 -1.13739823e+01  6.73818474e+02  2.39398261e+01  6.68890200e+02  5.38989900e+01 -2.68574147e+03 -2.16323486e+02 -2.65386640e+03 -3.65353947e+02  3.58856121e+03  4.93800742e+02 
 1.86208714e+06  3.58594422e+03  4.81967659e+02 -3.19686289e+02 -1.11153568e+01  6.73854831e+02  2.33949399e+01  6.69035132e+02  5.26783806e+01 -2.68632267e+03 -2.11425753e+02 -2.65536825e+03 -3.57146157e+02  3.59059201e+03  4.82696837e+02 
 1.90546072e+06  3.58788201e+03  4.71117635e+02 -3.19702801e+02 -1.08625736e+01  6.73889555e+02  2.28623504e+01  6.69173573e+02  5.14850233e+01 -2.68687784e+03 -2.06637401e+02 -2.65680319e+03 -3.49117592e+02  3.59253233e+03  4.71835156e+02 
 1.94984460e+06  3.58973343e+03  4.60504618e+02 -3.19718572e+02 -1.06155019e+01  6.73922720e+02  2.23417823e+01  6.69305813e+02  5.03183303e+01 -2.68740815e+03 -2.01956072e+02 -2.65817416e+03 -3.41264667e+02  3.59438615e+03  4.61210846e+02 
 1.99526231e+06  3.59150228e+03  4.50123829e+02 -3.19733634e+02 -1.03740141e+01  6.73954395e+02  2.18329662e+01  6.69432129e+02  4.91777251e+01 -2.68791469e+03 -1.97379453e+02 -2.65948399e+03 -3.33583845e+02  3.59615730e+03  4.50819122e+02 
 2.04173794e+06  3.59319222e+03  4.39970554e+02 -3.19748019e+02 -1.01379849e+01  6.73984646e+02  2.13356388e+01  6.69552784e+02  4.80626424e+01 -2.68839854e+03 -1.92905274e+02 -2.66073539e+03 -3.26071639e+02  3.59784942e+03  4.40655267e+02 
 2.08929613e+06  3.59480672e+03  4.30040148e+02 -3.19761758e+02 -9.90729217e+00  6.74013539e+02  2.08495420e+01  6.69668032e+02  4.69725276e+01 -2.68886070e+03 -1.88531311e+02 -2.66193093e+03 -3.18724613e+02  3.59946603e+03  4.30714631e+02 
 2.13796209e+06  3.59634914e+03  4.20328037e+02 -3.19774880e+02 -9.68181604e+00  6.74041133e+02  2.03744237e+01  6.69778113e+02  4.59068370e+01 -2.68930214e+03 -1.84255381e+02 -2.66307309e+03 -3.11539382e+02  3.60101045e+03  4.20992634e+02 
 2.18776162e+06  3.59782267e+03  4.10829715e+02 -3.19787412e+02 -9.46143941e+00  6.74067488e+02  1.99100369e+01  6.69883258e+02  4.48650375e+01 -2.68972379e+03 -1.80075346e+02 -2.66416423e+03 -3.04512614e+02  3.60248589e+03  4.11484767e+02 
 2.23872114e+06  3.59923036e+03  4.01540748e+02 -3.19799381e+02 -9.24604771e+00  6.74092658e+02  1.94561403e+01  6.69983688e+02  4.38466068e+01 -2.69012653e+03 -1.75989109e+02 -2.66520663e+03 -2.97641028e+02  3.60389541e+03  4.02186591e+02 
 2.29086765e+06  3.60057513e+03  3.92456772e+02 -3.19810812e+02 -9.03552883e+00  6.74116697e+02  1.90124975e+01  6.70079614e+02  4.28510326e+01 -2.69051121e+03 -1.71994616e+02 -2.66620243e+03 -2.90921398e+02  3.60524193e+03  3.93093739e+02 
 2.34422882e+06  3.60185978e+03  3.83573497e+02 -3.19821729e+02 -8.82977313e+00  6.74139656e+02  1.85788775e+01  6.70171236e+02  4.18778132e+01 -2.69087863e+03 -1.68089852e+02 -2.66715371e+03 -2.84350550e+02  3.60652824e+03  3.84201915e+02 
 2.39883292e+06  3.60308697e+03  3.74886702e+02 -3.19832156e+02 -8.62867336e+00  6.74161582e+02  1.81550542e+01  6.70258748e+02  4.09264569e+01 -2.69122957e+03 -1.64272845e+02 -2.66806245e+03 -2.77925362e+02  3.60775703e+03  3.75506897e+02 
 2.45470892e+06  3.60425927e+03  3.66392240e+02 -3.19842114e+02 -8.43212459e+00  6.74182524e+02  1.77408066e+01  6.70342333e+02  3.99964820e+01 -2.69156476e+03 -1.60541662e+02 -2.66893053e+03 -2.71642767e+02  3.60893085e+03  3.67004531e+02 
 2.51188643e+06  3.60537911e+03  3.58086034e+02 -3.19851624e+02 -8.24002422e+00  6.74202523e+02  1.73359183e+01  6.70422167e+02  3.90874165e+01 -2.69188490e+03 -1.56894410e+02 -2.66975977e+03 -2.65499750e+02  3.61005214e+03  3.58690738e+02 
 2.57039578e+06  3.60644882e+03  3.49964080e+02 -3.19860707e+02 -8.05227190e+00  6.74221624e+02  1.69401778e+01  6.70498418e+02  3.81987983e+01 -2.69219068e+03 -1.53329234e+02 -2.67055189e+03 -2.59493350e+02  3.61112324e+03  3.50561510e+02 
 2.63026799e+06  3.60747064e+03  3.42022443e+02 -3.19869381e+02 -7.86876946e+00  6.74239866e+02  1.65533782e+01  6.70571246e+02  3.73301746e+01 -2.69248273e+03 -1.49844318e+02 -2.67130855e+03 -2.53620659e+02  3.61214639e+03  3.42612910e+02 
 2.69153480e+06  3.60844670e+03  3.34257261e+02 -3.19877666e+02 -7.68942091e+00  6.74257288e+02  1.61753171e+01  6.70640804e+02  3.64811023e+01 -2.69276167e+03 -1.46437882e+02 -2.67203132e+03 -2.47878819e+02  3.61312372e+03  3.34841071e+02 
 2.75422870e+06  3.60937904e+03  3.26664742e+02 -3.19885578e+02 -7.51413238e+00  6.74273926e+02  1.58057967e+01  6.70707240e+02  3.56511471e+01 -2.69302809e+03 -1.43108186e+02 -2.67272173e+03 -2.42265028e+02  3.61405727e+03  3.27242199e+02 
 2.81838293e+06  3.61026962e+03  3.19241164e+02 -3.19893134e+02 -7.34281206e+00  6.74289817e+02  1.54446234e+01  6.70770691e+02  3.48398840e+01 -2.69328254e+03 -1.39853525e+02 -2.67338120e+03 -2.36776533e+02  3.61494900e+03  3.19812569e+02 
 2.88403150e+06  3.61112028e+03  3.11982873e+02 -3.19900351e+02 -7.17537018e+00  6.74304993e+02  1.50916079e+01  6.70831294e+02  3.40468969e+01 -2.69352556e+03 -1.36672228e+02 -2.67401111e+03 -2.31410635e+02  3.61580077e+03  3.12548524e+02 
 2.95120923e+06  3.61193282e+03  3.04886287e+02 -3.19907243e+02 -7.01171894e+00  6.74319486e+02  1.47465652e+01  6.70889174e+02  3.32717786e+01 -2.69375767e+03 -1.33562661e+02 -2.67461280e+03 -2.26164685e+02  3.61661437e+03  3.05446478e+02 
 3.01995172e+06  3.61270893e+03  2.97947889e+02 -3.19913825e+02 -6.85177249e+00  6.74333328e+02  1.44093141e+01  6.70944455e+02  3.25141301e+01 -2.69397936e+03 -1.30523226e+02 -2.67518751e+03 -2.21036083e+02  3.61739149e+03  2.98502913e+02 
 3.09029543e+06  3.61345025e+03  2.91164232e+02 -3.19920111e+02 -6.69544689e+00  6.74346547e+02  1.40796778e+01  6.70997252e+02  3.17735612e+01 -2.69419108e+03 -1.27552355e+02 -2.67573646e+03 -2.16022281e+02  3.61813377e+03  2.91714378e+02 
 3.16227766e+06  3.61415832e+03  2.84531933e+02 -3.19926114e+02 -6.54266006e+00  6.74359172e+02  1.37574831e+01  6.71047678e+02  3.10496899e+01 -2.69439330e+03 -1.24648516e+02 -2.67626079e+03 -2.11120780e+02  3.61884276e+03  2.85077490e+02 
 3.23593657e+06  3.61483463e+03  2.78047677e+02 -3.19931847e+02 -6.39333174e+00  6.74371229e+02  1.34425608e+01  6.71095837e+02  3.03421424e+01 -2.69458642e+03 -1.21810210e+02 -2.67676160e+03 -2.06329130e+02  3.61951995e+03  2.78588930e+02 
 3.31131121e+06  3.61548060e+03  2.71708214e+02 -3.19937323e+02 -6.24738345e+00  6.74382743e+02  1.31347454e+01  6.71141833e+02  2.96505527e+01 -2.69477087e+03 -1.19035968e+02 -2.67723995e+03 -2.01644930e+02  3.62016677e+03  2.72245447e+02 
 3.38844156e+06  3.61609760e+03  2.65510357e+02 -3.19942552e+02 -6.10473847e+00  6.74393740e+02  1.28338749e+01  6.71185762e+02  2.89745628e+01 -2.69494704e+03 -1.16324355e+02 -2.67769684e+03 -1.97065826e+02  3.62078456e+03  2.66043852e+02 
 3.46736850e+06  3.61668690e+03  2.59450984e+02 -3.19947546e+02 -5.96532176e+00  6.74404242e+02  1.25397912e+01  6.71227717e+02  2.83138224e+01 -2.69511528e+03 -1.13673965e+02 -2.67813322e+03 -1.92589510e+02  3.62137463e+03  2.59981021e+02 
 3.54813389e+06  3.61724976e+03  2.53527036e+02 -3.19952316e+02 -5.82905998e+00  6.74414272e+02  1.22523396e+01  6.71267786e+02  2.76679887e+01 -2.69527596e+03 -1.11083423e+02 -2.67855002e+03 -1.88213723e+02  3.62193823e+03  2.54053892e+02 
 3.63078055e+06  3.61778736e+03  2.47735512e+02 -3.19956871e+02 -5.69588141e+00  6.74423851e+02  1.19713688e+01  6.71306054e+02  2.70367264e+01 -2.69542943e+03 -1.08551384e+02 -2.67894812e+03 -1.83936250e+02  3.62247652e+03  2.48259465e+02 
 3.71535229e+06  3.61830082e+03  2.42073477e+02 -3.19961220e+02 -5.56571594e+00  6.74432998e+02  1.16967307e+01  6.71342602e+02  2.64197072e+01 -2.69557599e+03 -1.06076532e+02 -2.67932834e+03 -1.79754922e+02  3.62299066e+03  2.42594802e+02 
 3.80189396e+06  3.61879123e+03  2.36538051e+02 -3.19965375e+02 -5.43849501e+00  6.74441734e+02  1.14282808e+01  6.71377508e+02  2.58166102e+01 -2.69571597e+03 -1.03657579e+02 -2.67969150e+03 -1.75667613e+02  3.62348171e+03  2.37057022e+02 
 3.89045145e+06  3.61925962e+03  2.31126417e+02 -3.19969342e+02 -5.31415160e+00  6.74450078e+02  1.11658777e+01  6.71410844e+02  2.52271213e+01 -2.69584965e+03 -1.01293265e+02 -2.68003835e+03 -1.71672242e+02  3.62395071e+03  2.31643307e+02 
 3.98107171e+06  3.61970698e+03  2.25835812e+02 -3.19973131e+02 -5.19262018e+00  6.74458046e+02  1.09093830e+01  6.71442681e+02  2.46509333e+01 -2.69597732e+03 -9.89823580e+01 -2.68036962e+03 -1.67766771e+02  3.62439865e+03  2.26350893e+02 
 4.07380278e+06  3.62013425e+03  2.20663533e+02 -3.19976750e+02 -5.07383670e+00  6.74465655e+02  1.06586616e+01  6.71473088e+02  2.40877458e+01 -2.69609926e+03 -9.67236532e+01 -2.68068602e+03 -1.63949204e+02  3.62482647e+03  2.21177076e+02 
 4.16869383e+06  3.62054232e+03  2.15606931e+02 -3.19980205e+02 -4.95773852e+00  6.74472922e+02  1.04135812e+01  6.71502127e+02  2.35372647e+01 -2.69621571e+03 -9.45159713e+01 -2.68098820e+03 -1.60217587e+02  3.62523508e+03  2.16119208e+02 
 4.26579519e+06  3.62093207e+03  2.10663414e+02 -3.19983506e+02 -4.84426441e+00  6.74479862e+02  1.01740126e+01  6.71529860e+02  2.29992026e+01 -2.69632692e+03 -9.23581594e+01 -2.68127682e+03 -1.56570006e+02  3.62562534e+03  2.11174694e+02 
 4.36515832e+06  3.62130430e+03  2.05830442e+02 -3.19986657e+02 -4.73335452e+00  6.74486490e+02  9.93982944e+00  6.71556346e+02  2.24732781e+01 -2.69643314e+03 -9.02490894e+01 -2.68155247e+03 -1.53004589e+02  3.62599806e+03  2.06340995e+02 
 4.46683592e+06  3.62165982e+03  2.01105530e+02 -3.19989667e+02 -4.62495033e+00  6.74492820e+02  9.71090812e+00  6.71581642e+02  2.19592163e+01 -2.69653458e+03 -8.81876584e+01 -2.68181573e+03 -1.49519501e+02  3.62635404e+03  2.01615625e+02 
 4.57088190e+06  3.62199936e+03  1.96486245e+02 -3.19992542e+02 -4.51899461e+00  6.74498865e+02  9.48712782e+00  6.71605800e+02  2.14567480e+01 -2.69663145e+03 -8.61727875e+01 -2.68206717e+03 -1.46112947e+02  3.62669402e+03  1.96996150e+02 
 4.67735141e+06  3.62232364e+03  1.91970203e+02 -3.19995287e+02 -4.41543145e+00  6.74504638e+02  9.26837043e+00  6.71628871e+02  2.09656103e+01 -2.69672398e+03 -8.42034216e+01 -2.68230731e+03 -1.42783172e+02  3.62701873e+03  1.92480188e+02 
 4.78630092e+06  3.62263335e+03  1.87555073e+02 -3.19997909e+02 -4.31420617e+00  6.74510151e+02  9.05452044e+00  6.71650905e+02  2.04855457e+01 -2.69681234e+03 -8.22785289e+01 -2.68253666e+03 -1.39528455e+02  3.62732884e+03  1.88065408e+02 
 4.89778819e+06  3.62292913e+03  1.83238571e+02 -3.20000412e+02 -4.21526530e+00  6.74515416e+02  8.84546491e+00  6.71671948e+02  2.00163027e+01 -2.69689672e+03 -8.03971002e+01 -2.68275570e+03 -1.36347115e+02  3.62762502e+03  1.83749525e+02 
 5.01187234e+06  3.62321163e+03  1.79018465e+02 -3.20002804e+02 -4.11855659e+00  6.74520444e+02  8.64109344e+00  6.71692044e+02  1.95576350e+01 -2.69697731e+03 -7.85581488e+01 -2.68296489e+03 -1.33237504e+02  3.62790788e+03  1.79530308e+02 
 5.12861384e+06  3.62348142e+03  1.74892566e+02 -3.20005087e+02 -4.02402897e+00  6.74525246e+02  8.44129804e+00  6.71711237e+02  1.91093020e+01 -2.69705428e+03 -7.67607096e+01 -2.68316469e+03 -1.30198012e+02  3.62817804e+03  1.75405568e+02 
 5.24807460e+06  3.62373909e+03  1.70858734e+02 -3.20007268e+02 -3.93163247e+00  6.74529832e+02  8.24597317e+00  6.71729566e+02  1.86710683e+01 -2.69712778e+03 -7.50038390e+01 -2.68335550e+03 -1.27227061e+02  3.62843604e+03  1.71373168e+02 
 5.37031796e+06  3.62398518e+03  1.66914876e+02 -3.20009350e+02 -3.84131827e+00  6.74534212e+02  8.05501559e+00  6.71747071e+02  1.82427038e+01 -2.69719798e+03 -7.32866142e+01 -2.68353774e+03 -1.24323110e+02  3.62868245e+03  1.67431012e+02 
 5.49540874e+06  3.62422020e+03  1.63058940e+02 -3.20011339e+02 -3.75303865e+00  6.74538394e+02  7.86832439e+00  6.71763789e+02  1.78239833e+01 -2.69726502e+03 -7.16081329e+01 -2.68371179e+03 -1.21484649e+02  3.62891778e+03  1.63577052e+02 
 5.62341325e+06  3.62444465e+03  1.59288922e+02 -3.20013239e+02 -3.66674694e+00  6.74542388e+02  7.68580088e+00  6.71779754e+02  1.74146867e+01 -2.69732905e+03 -6.99675127e+01 -2.68387801e+03 -1.18710202e+02  3.62914254e+03  1.59809283e+02 
 5.75439937e+06  3.62465901e+03  1.55602858e+02 -3.20015053e+02 -3.58239752e+00  6.74546203e+02  7.50734856e+00  6.71795002e+02  1.70145989e+01 -2.69739019e+03 -6.83638908e+01 -2.68403676e+03 -1.15998324e+02  3.62935718e+03  1.56125744e+02 
 5.88843655e+06  3.62486373e+03  1.51998827e+02 -3.20016785e+02 -3.49994579e+00  6.74549846e+02  7.33287307e+00  6.71809563e+02  1.66235093e+01 -2.69744859e+03 -6.67964236e+01 -2.68418837e+03 -1.13347602e+02  3.62956217e+03  1.52524514e+02 
 6.02559586e+06  3.62505925e+03  1.48474950e+02 -3.20018439e+02 -3.41934815e+00  6.74553324e+02  7.16228216e+00  6.71823469e+02  1.62412120e+01 -2.69750436e+03 -6.52642862e+01 -2.68433316e+03 -1.10756654e+02  3.62975795e+03  1.49003716e+02 
 6.16595002e+06  3.62524597e+03  1.45029388e+02 -3.20020019e+02 -3.34056197e+00  6.74556647e+02  6.99548559e+00  6.71836750e+02  1.58675059e+01 -2.69755762e+03 -6.37666721e+01 -2.68447145e+03 -1.08224129e+02  3.62994492e+03  1.45561513e+02 
 6.30957344e+06  3.62542429e+03  1.41660340e+02 -3.20021528e+02 -3.26354559e+00  6.74559820e+02  6.83239515e+00  6.71849433e+02  1.55021942e+01 -2.69760848e+03 -6.23027925e+01 -2.68460351e+03 -1.05748702e+02  3.63012348e+03  1.42196106e+02 
 6.45654229e+06  3.62559459e+03  1.38366046e+02 -3.20022969e+02 -3.18825826e+00  6.74562850e+02  6.67292456e+00  6.71861546e+02  1.51450844e+01 -2.69765706e+03 -6.08718763e+01 -2.68472964e+03 -1.03329081e+02  3.63029401e+03  1.38905737e+02 
 6.60693448e+06  3.62575724e+03  1.35144784e+02 -3.20024345e+02 -3.11466016e+00  6.74565743e+02  6.51698945e+00  6.71873114e+02  1.47959883e+01 -2.69770345e+03 -5.94731695e+01 -2.68485009e+03 -1.00964000e+02  3.63045688e+03  1.35688685e+02 
 6.76082975e+06  3.62591256e+03  1.31994866e+02 -3.20025659e+02 -3.04271233e+00  6.74568507e+02  6.36450731e+00  6.71884161e+02  1.44547219e+01 -2.69774775e+03 -5.81059349e+01 -2.68496513e+03 -9.86522225e+01  3.63061241e+03  1.32543266e+02 
 6.91830971e+06  3.62606090e+03  1.28914645e+02 -3.20026914e+02 -2.97237672e+00  6.74571146e+02  6.21539747e+00  6.71894711e+02  1.41211054e+01 -2.69779006e+03 -5.67694517e+01 -2.68507500e+03 -9.63925368e+01  3.63076095e+03  1.29467833e+02 
 7.07945784e+06  3.62620256e+03  1.25902505e+02 -3.20028113e+02 -2.90361609e+00  6.74573666e+02  6.06958100e+00  6.71904786e+02  1.37949627e+01 -2.69783047e+03 -5.54630149e+01 -2.68517992e+03 -9.41837597e+01  3.63090281e+03  1.26460775e+02 
 7.24435960e+06  3.62633785e+03  1.22956869e+02 -3.20029257e+02 -2.83639407e+00  6.74576073e+02  5.92698074e+00  6.71914409e+02  1.34761219e+01 -2.69786905e+03 -5.41859356e+01 -2.68528013e+03 -9.20247333e+01  3.63103828e+03  1.23520516e+02 
 7.41310241e+06  3.62646705e+03  1.20076191e+02 -3.20030350e+02 -2.77067507e+00  6.74578371e+02  5.78752121e+00  6.71923598e+02  1.31644147e+01 -2.69790591e+03 -5.29375400e+01 -2.68537582e+03 -8.99143253e+01  3.63116766e+03  1.20645514e+02 
 7.58577575e+06  3.62659044e+03  1.17258958e+02 -3.20031394e+02 -2.70642429e+00  6.74580566e+02  5.65112859e+00  6.71932373e+02  1.28596765e+01 -2.69794110e+03 -5.17171691e+01 -2.68546722e+03 -8.78514284e+01  3.63129122e+03  1.17834259e+02 
 7.76247117e+06  3.62670827e+03  1.14503693e+02 -3.20032391e+02 -2.64360774e+00  6.74582662e+02  5.51773068e+00  6.71940754e+02  1.25617467e+01 -2.69797471e+03 -5.05241788e+01 -2.68555450e+03 -8.58349596e+01  3.63140922e+03  1.15085276e+02 
 7.94328235e+06  3.62682080e+03  1.11808949e+02 -3.20033343e+02 -2.58219216e+00  6.74584664e+02  5.38725684e+00  6.71948758e+02  1.22704678e+01 -2.69800681e+03 -4.93579394e+01 -2.68563786e+03 -8.38638601e+01  3.63152191e+03  1.12397121e+02 
 8.12830516e+06  3.62692827e+03  1.09173308e+02 -3.20034252e+02 -2.52214502e+00  6.74586576e+02  5.25963801e+00  6.71956401e+02  1.19856861e+01 -2.69803747e+03 -4.82178349e+01 -2.68571746e+03 -8.19370940e+01  3.63162952e+03  1.09768382e+02 
 8.31763771e+06  3.62703090e+03  1.06595385e+02 -3.20035121e+02 -2.46343454e+00  6.74588401e+02  5.13480662e+00  6.71963701e+02  1.17072512e+01 -2.69806674e+03 -4.71032632e+01 -2.68579349e+03 -8.00536486e+01  3.63173230e+03  1.07197677e+02 
 8.51138038e+06  3.62712890e+03  1.04073826e+02 -3.20035950e+02 -2.40602963e+00  6.74590145e+02  5.01269655e+00  6.71970672e+02  1.14350159e+01 -2.69809470e+03 -4.60136356e+01 -2.68586610e+03 -7.82125335e+01  3.63183045e+03  1.04683654e+02 
 8.70963590e+06  3.62722250e+03  1.01607302e+02 -3.20036742e+02 -2.34989989e+00  6.74591810e+02  4.89324315e+00  6.71977329e+02  1.11688365e+01 -2.69812140e+03 -4.49483763e+01 -2.68593544e+03 -7.64127802e+01  3.63192418e+03  1.02224990e+02 
 8.91250938e+06  3.62731188e+03  9.91945165e+01 -3.20037498e+02 -2.29501559e+00  6.74593399e+02  4.77638315e+00  6.71983687e+02  1.09085722e+01 -2.69814690e+03 -4.39069225e+01 -2.68600166e+03 -7.46534417e+01  3.63201369e+03  9.98203913e+01 
 9.12010839e+06  3.62739723e+03  9.68341988e+01 -3.20038220e+02 -2.24134767e+00  6.74594918e+02  4.66205467e+00  6.71989758e+02  1.06540856e+01 -2.69817125e+03 -4.28887238e+01 -2.68606490e+03 -7.29335918e+01  3.63209917e+03  9.74685921e+01 
 9.33254301e+06  3.62747874e+03  9.45251059e+01 -3.20038910e+02 -2.18886771e+00  6.74596368e+02  4.55019716e+00  6.71995557e+02  1.04052421e+01 -2.69819451e+03 -4.18932420e+01 -2.68612530e+03 -7.12523249e+01  3.63218080e+03  9.51683540e+01 
 9.54992586e+06  3.62755658e+03  9.22660213e+01 -3.20039568e+02 -2.13754790e+00  6.74597752e+02  4.44075136e+00  6.72001094e+02  1.01619102e+01 -2.69821672e+03 -4.09199507e+01 -2.68618297e+03 -6.96087554e+01  3.63225876e+03  9.29184650e+01 
 9.77237221e+06  3.62763091e+03  9.00557546e+01 -3.20040197e+02 -2.08736107e+00  6.74599075e+02  4.33365931e+00  6.72006382e+02  9.92396119e+00 -2.69823793e+03 -3.99683355e+01 -2.68623806e+03 -6.80020172e+01  3.63233321e+03  9.07177398e+01 
 1.00000000e+07  3.62770189e+03  8.78931408e+01 -3.20040798e+02 -2.03828063e+00  6.74600337e+02  4.22886427e+00  6.72011432e+02  9.69126927e+00 -2.69825819e+03 -3.90378930e+01 -2.68629067e+03 -6.64312635e+01  3.63240430e+03  8.85650182e+01 
 1.02329299e+07  3.62776968e+03  8.57770395e+01 -3.20041372e+02 -1.99028058e+00  6.74601543e+02  4.12631073e+00  6.72016255e+02  9.46371137e+00 -2.69827753e+03 -3.81281313e+01 -2.68634091e+03 -6.48956663e+01  3.63247219e+03  8.64591654e+01 
 1.04712855e+07  3.62783440e+03  8.37063347e+01 -3.20041919e+02 -1.94333549e+00  6.74602695e+02  4.02594437e+00  6.72020860e+02  9.24116714e+00 -2.69829601e+03 -3.72385691e+01 -2.68638889e+03 -6.33944158e+01  3.63253702e+03  8.43990706e+01 
 1.07151931e+07  3.62789621e+03  8.16799343e+01 -3.20042442e+02 -1.89742050e+00  6.74603794e+02  3.92771201e+00  6.72025259e+02  9.02351886e+00 -2.69831365e+03 -3.63687359e+01 -2.68643471e+03 -6.19267201e+01  3.63259894e+03  8.23836474e+01 
 1.09647820e+07  3.62795524e+03  7.96967688e+01 -3.20042942e+02 -1.85251127e+00  6.74604844e+02  3.83156161e+00  6.72029459e+02  8.81065138e+00 -2.69833050e+03 -3.55181715e+01 -2.68647847e+03 -6.04918048e+01  3.63265806e+03  8.04118321e+01 
 1.12201845e+07  3.62801160e+03  7.77557917e+01 -3.20043419e+02 -1.80858402e+00  6.74605847e+02  3.73744222e+00  6.72033470e+02  8.60245208e+00 -2.69834660e+03 -3.46864259e+01 -2.68652026e+03 -5.90889128e+01  3.63271452e+03  7.84825843e+01 
 1.14815362e+07  3.62806542e+03  7.58559784e+01 -3.20043875e+02 -1.76561547e+00  6.74606805e+02  3.64530398e+00  6.72037301e+02  8.39881078e+00 -2.69836196e+03 -3.38730590e+01 -2.68656017e+03 -5.77173036e+01  3.63276843e+03  7.65948855e+01 
 1.17489755e+07  3.62811680e+03  7.39963257e+01 -3.20044310e+02 -1.72358285e+00  6.74607719e+02  3.55509807e+00  6.72040959e+02  8.19961973e+00 -2.69837664e+03 -3.30776404e+01 -2.68659828e+03 -5.63762531e+01  3.63281991e+03  7.47477390e+01 
 1.20226443e+07  3.62816587e+03  7.21758517e+01 -3.20044725e+02 -1.68246389e+00  6.74608592e+02  3.46677669e+00  6.72044452e+02  8.00477351e+00 -2.69839066e+03 -3.22997491e+01 -2.68663468e+03 -5.50650532e+01  3.63286907e+03  7.29401696e+01 
 1.23026877e+07  3.62821273e+03  7.03935948e+01 -3.20045122e+02 -1.64223680e+00  6.74609426e+02  3.38029303e+00  6.72047788e+02  7.81416899e+00 -2.69840405e+03 -3.15389733e+01 -2.68666945e+03 -5.37830112e+01  3.63291602e+03  7.11712224e+01 
 1.25892541e+07  3.62825747e+03  6.86486134e+01 -3.20045501e+02 -1.60288027e+00  6.74610222e+02  3.29560128e+00  6.72050974e+02  7.62770527e+00 -2.69841683e+03 -3.07949104e+01 -2.68670265e+03 -5.25294502e+01  3.63296084e+03  6.94399630e+01 
 1.28824955e+07  3.62830018e+03  6.69399855e+01 -3.20045863e+02 -1.56437345e+00  6.74610982e+02  3.21265655e+00  6.72054017e+02  7.44528365e+00 -2.69842904e+03 -3.00671666e+01 -2.68673435e+03 -5.13037077e+01  3.63300365e+03  6.77454767e+01 
 1.31825674e+07  3.62834097e+03  6.52668082e+01 -3.20046208e+02 -1.52669592e+00  6.74611708e+02  3.13141489e+00  6.72056922e+02  7.26680755e+00 -2.69844070e+03 -2.93553564e+01 -2.68676463e+03 -5.01051361e+01  3.63304452e+03  6.60868679e+01 
 1.34896288e+07  3.62837991e+03  6.36281972e+01 -3.20046538e+02 -1.48982772e+00  6.74612401e+02  3.05183324e+00  6.72059697e+02  7.09218249e+00 -2.69845184e+03 -2.86591032e+01 -2.68679355e+03 -4.89331020e+01  3.63308355e+03  6.44632602e+01 
 1.38038426e+07  3.62841709e+03  6.20232862e+01 -3.20046853e+02 -1.45374931e+00  6.74613063e+02  2.97386943e+00  6.72062346e+02  6.92131599e+00 -2.69846247e+03 -2.79780382e+01 -2.68682116e+03 -4.77869859e+01  3.63312081e+03  6.28737952e+01 
 1.41253754e+07  3.62845258e+03  6.04512267e+01 -3.20047154e+02 -1.41844157e+00  6.74613695e+02  2.89748214e+00  6.72064876e+02  6.75411760e+00 -2.69847263e+03 -2.73118008e+01 -2.68684753e+03 -4.66661818e+01  3.63315639e+03  6.13176327e+01 
 1.44543977e+07  3.62848647e+03  5.89111876e+01 -3.20047441e+02 -1.38388579e+00  6.74614298e+02  2.82263088e+00  6.72067292e+02  6.59049875e+00 -2.69848233e+03 -2.66600382e+01 -2.68687272e+03 -4.55700972e+01  3.63319036e+03  5.97939497e+01 
 1.47910839e+07  3.62851882e+03  5.74023542e+01 -3.20047716e+02 -1.35006365e+00  6.74614874e+02  2.74927599e+00  6.72069600e+02  6.43037282e+00 -2.69849159e+03 -2.60224052e+01 -2.68689678e+03 -4.44981526e+01  3.63322280e+03  5.83019407e+01 
 1.51356125e+07  3.62854970e+03  5.59239287e+01 -3.20047978e+02 -1.31695724e+00  6.74615424e+02  2.67737859e+00  6.72071803e+02  6.27365499e+00 -2.69850044e+03 -2.53985642e+01 -2.68691975e+03 -4.34497809e+01  3.63325376e+03  5.68408164e+01 
 1.54881662e+07  3.62857919e+03  5.44751290e+01 -3.20048228e+02 -1.28454899e+00  6.74615949e+02  2.60690057e+00  6.72073907e+02  6.12026227e+00 -2.69850889e+03 -2.47881848e+01 -2.68694168e+03 -4.24244278e+01  3.63328333e+03  5.54098039e+01 
 1.58489319e+07  3.62860733e+03  5.30551887e+01 -3.20048467e+02 -1.25282174e+00  6.74616451e+02  2.53780457e+00  6.72075916e+02  5.97011340e+00 -2.69851696e+03 -2.41909436e+01 -2.68696264e+03 -4.14215508e+01  3.63331156e+03  5.40081464e+01 
 1.62181010e+07  3.62863419e+03  5.16633564e+01 -3.20048695e+02 -1.22175867e+00  6.74616929e+02  2.47005397e+00  6.72077834e+02  5.82312885e+00 -2.69852467e+03 -2.36065244e+01 -2.68698265e+03 -4.04406195e+01  3.63333851e+03  5.26351022e+01 
 1.65958691e+07  3.62865983e+03  5.02988957e+01 -3.20048913e+02 -1.19134332e+00  6.74617386e+02  2.40361287e+00  6.72079666e+02  5.67923077e+00 -2.69853203e+03 -2.30346175e+01 -2.68700175e+03 -3.94811147e+01  3.63336423e+03  5.12899448e+01 
 1.69824365e+07  3.62868430e+03  4.89610847e+01 -3.20049121e+02 -1.16155956e+00  6.74617823e+02  2.33844604e+00  6.72081416e+02  5.53834293e+00 -2.69853906e+03 -2.24749199e+01 -2.68702000e+03 -3.85425288e+01  3.63338879e+03  4.99719624e+01 
 1.73780083e+07  3.62870766e+03  4.76492151e+01 -3.20049319e+02 -1.13239160e+00  6.74618239e+02  2.27451895e+00  6.72083086e+02  5.40039069e+00 -2.69854578e+03 -2.19271353e+01 -2.68703743e+03 -3.76243652e+01  3.63341223e+03  4.86804576e+01 
 1.77827941e+07  3.62872994e+03  4.63625928e+01 -3.20049509e+02 -1.10382399e+00  6.74618636e+02  2.21179770e+00  6.72084681e+02  5.26530097e+00 -2.69855219e+03 -2.13909734e+01 -2.68705408e+03 -3.67261378e+01  3.63343461e+03  4.74147466e+01 
 1.81970086e+07  3.62875121e+03  4.51005366e+01 -3.20049690e+02 -1.07584158e+00  6.74619016e+02  2.15024905e+00  6.72086204e+02  5.13300220e+00 -2.69855832e+03 -2.08661501e+01 -2.68706997e+03 -3.58473713e+01  3.63345597e+03  4.61741597e+01 
 1.86208714e+07  3.62877150e+03  4.38623785e+01 -3.20049863e+02 -1.04842955e+00  6.74619378e+02  2.08984038e+00  6.72087658e+02  5.00342427e+00 -2.69856417e+03 -2.03523873e+01 -2.68708515e+03 -3.49876006e+01  3.63347636e+03  4.49580400e+01 
 1.90546072e+07  3.62879086e+03  4.26474629e+01 -3.20050028e+02 -1.02157335e+00  6.74619724e+02  2.03053966e+00  6.72089047e+02  4.87649855e+00 -2.69856975e+03 -1.98494129e+01 -2.68709965e+03 -3.41463705e+01  3.63349581e+03  4.37657439e+01 
 1.94984460e+07  3.62880934e+03  4.14551467e+01 -3.20050186e+02 -9.95258759e-01  6.74620053e+02  1.97231546e+00  6.72090373e+02  4.75215777e+00 -2.69857509e+03 -1.93569604e+01 -2.68711350e+03 -3.33232357e+01  3.63351438e+03  4.25966399e+01 
 1.99526231e+07  3.62882695e+03  4.02847985e+01 -3.20050336e+02 -9.69471820e-01  6.74620368e+02  1.91513691e+00  6.72091639e+02  4.63033606e+00 -2.69858019e+03 -1.88747689e+01 -2.68712672e+03 -3.25177603e+01  3.63353210e+03  4.14501092e+01 
 2.04173794e+07  3.62884376e+03  3.91357985e+01 -3.20050480e+02 -9.44198867e-01  6.74620669e+02  1.85897370e+00  6.72092847e+02  4.51096885e+00 -2.69858506e+03 -1.84025827e+01 -2.68713935e+03 -3.17295180e+01  3.63354901e+03  4.03255446e+01 
 2.08929613e+07  3.62885979e+03  3.80075384e+01 -3.20050617e+02 -9.19426501e-01  6.74620955e+02  1.80379607e+00  6.72094001e+02  4.39399291e+00 -2.69858971e+03 -1.79401518e+01 -2.68715142e+03 -3.09580912e+01  3.63356514e+03  3.92223506e+01 
 2.13796209e+07  3.62887507e+03  3.68994207e+01 -3.20050748e+02 -8.95141591e-01  6.74621229e+02  1.74957475e+00  6.72095103e+02  4.27934623e+00 -2.69859415e+03 -1.74872310e+01 -2.68716294e+03 -3.02030716e+01  3.63358053e+03  3.81399430e+01 
 2.18776162e+07  3.62888964e+03  3.58108583e+01 -3.20050873e+02 -8.71331263e-01  6.74621490e+02  1.69628101e+00  6.72096155e+02  4.16696806e+00 -2.69859840e+03 -1.70435804e+01 -2.68717394e+03 -2.94640593e+01  3.63359521e+03  3.70777486e+01 
 2.23872114e+07  3.62890353e+03  3.47412748e+01 -3.20050992e+02 -8.47982894e-01  6.74621738e+02  1.64388660e+00  6.72097159e+02  4.05679886e+00 -2.69860245e+03 -1.66089648e+01 -2.68718445e+03 -2.87406628e+01  3.63360921e+03  3.60352048e+01 
 2.29086765e+07  3.62891676e+03  3.36901037e+01 -3.20051106e+02 -8.25084108e-01  6.74621976e+02  1.59236373e+00  6.72098118e+02  3.94878023e+00 -2.69860632e+03 -1.61831539e+01 -2.68719448e+03 -2.80324991e+01  3.63362257e+03  3.50117593e+01 
 2.34422882e+07  3.62892937e+03  3.26567881e+01 -3.20051215e+02 -8.02622765e-01  6.74622202e+02  1.54168510e+00  6.72099033e+02  3.84285493e+00 -2.69861002e+03 -1.57659221e+01 -2.68720407e+03 -2.73391932e+01  3.63363530e+03  3.40068701e+01 
 2.39883292e+07  3.62894139e+03  3.16407807e+01 -3.20051319e+02 -7.80586957e-01  6.74622418e+02  1.49182384e+00  6.72099906e+02  3.73896682e+00 -2.69861356e+03 -1.53570482e+01 -2.68721322e+03 -2.66603776e+01  3.63364745e+03  3.30200048e+01 
 2.45470892e+07  3.62895284e+03  3.06415432e+01 -3.20051418e+02 -7.58965002e-01  6.74622624e+02  1.44275351e+00  6.72100740e+02  3.63706084e+00 -2.69861694e+03 -1.49563156e+01 -2.68722196e+03 -2.59956930e+01  3.63365902e+03  3.20506408e+01 
 2.51188643e+07  3.62896373e+03  2.96585462e+01 -3.20051512e+02 -7.37745438e-01  6.74622820e+02  1.39444810e+00  6.72101536e+02  3.53708298e+00 -2.69862016e+03 -1.45635117e+01 -2.68723031e+03 -2.53447871e+01  3.63367006e+03  3.10982644e+01 
 2.57039578e+07  3.62897411e+03  2.86912690e+01 -3.20051602e+02 -7.16917016e-01  6.74623007e+02  1.34688200e+00  6.72102296e+02  3.43898024e+00 -2.69862324e+03 -1.41784286e+01 -2.68723829e+03 -2.47073151e+01  3.63368057e+03  3.01623710e+01 
 2.63026799e+07  3.62898398e+03  2.77391991e+01 -3.20051689e+02 -6.96468693e-01  6.74623185e+02  1.30003000e+00  6.72103020e+02  3.34270065e+00 -2.69862619e+03 -1.38008619e+01 -2.68724591e+03 -2.40829394e+01  3.63369059e+03  2.92424650e+01 
 2.69153480e+07  3.62899337e+03  2.68018320e+01 -3.20051771e+02 -6.76389629e-01  6.74623355e+02  1.25386725e+00  6.72103712e+02  3.24819315e+00 -2.69862900e+03 -1.34306117e+01 -2.68725318e+03 -2.34713292e+01  3.63370013e+03  2.83380588e+01 
 2.75422870e+07  3.62900230e+03  2.58786711e+01 -3.20051849e+02 -6.56669178e-01  6.74623516e+02  1.20836928e+00  6.72104373e+02  3.15540766e+00 -2.69863169e+03 -1.30674817e+01 -2.68726013e+03 -2.28721603e+01  3.63370922e+03  2.74486732e+01 
 2.81838293e+07  3.62901078e+03  2.49692272e+01 -3.20051924e+02 -6.37296887e-01  6.74623670e+02  1.16351197e+00  6.72105003e+02  3.06429500e+00 -2.69863426e+03 -1.27112794e+01 -2.68726677e+03 -2.22851154e+01  3.63371787e+03  2.65738371e+01 
 2.88403150e+07  3.62901884e+03  2.40730184e+01 -3.20051995e+02 -6.18262483e-01  6.74623817e+02  1.11927154e+00  6.72105604e+02  2.97480687e+00 -2.69863672e+03 -1.23618160e+01 -2.68727311e+03 -2.17098834e+01  3.63372610e+03  2.57130868e+01 
 2.95120923e+07  3.62902650e+03  2.31895698e+01 -3.20052063e+02 -5.99555877e-01  6.74623956e+02  1.07562453e+00  6.72106177e+02  2.88689585e+00 -2.69863906e+03 -1.20189062e+01 -2.68727917e+03 -2.11461595e+01  3.63373394e+03  2.48659662e+01 
 3.01995172e+07  3.62903376e+03  2.23184132e+01 -3.20052128e+02 -5.81167150e-01  6.74624089e+02  1.03254781e+00  6.72106724e+02  2.80051532e+00 -2.69864131e+03 -1.16823683e+01 -2.68728496e+03 -2.05936450e+01  3.63374139e+03  2.40320265e+01 
 3.09029543e+07  3.62904065e+03  2.14590870e+01 -3.20052190e+02 -5.63086554e-01  6.74624215e+02  9.90018532e-01  6.72107246e+02  2.71561949e+00 -2.69864345e+03 -1.13520240e+01 -2.68729048e+03 -2.00520471e+01  3.63374847e+03  2.32108257e+01 
 3.16227766e+07  3.62904718e+03  2.06111357e+01 -3.20052249e+02 -5.45304503e-01  6.74624335e+02  9.48014152e-01  6.72107744e+02  2.63216338e+00 -2.69864550e+03 -1.10276980e+01 -2.68729576e+03 -1.95210788e+01  3.63375520e+03  2.24019286e+01 
 3.23593657e+07  3.62905336e+03  1.97741101e+01 -3.20052305e+02 -5.27811568e-01  6.74624449e+02  9.06512399e-01  6.72108218e+02  2.55010274e+00 -2.69864746e+03 -1.07092185e+01 -2.68730081e+03 -1.90004588e+01  3.63376159e+03  2.16049066e+01 
 3.31131121e+07  3.62905921e+03  1.89475664e+01 -3.20052359e+02 -5.10598477e-01  6.74624557e+02  8.65491271e-01  6.72108671e+02  2.46939406e+00 -2.69864934e+03 -1.03964166e+01 -2.68730562e+03 -1.84899111e+01  3.63376766e+03  2.08193372e+01 
 3.38844156e+07  3.62906473e+03  1.81310666e+01 -3.20052410e+02 -4.93656102e-01  6.74624659e+02  8.24929019e-01  6.72109102e+02  2.38999457e+00 -2.69865113e+03 -1.00891265e+01 -2.68731023e+03 -1.79891651e+01  3.63377341e+03  2.00448041e+01 
 3.46736850e+07  3.62906995e+03  1.73241780e+01 -3.20052458e+02 -4.76975462e-01  6.74624757e+02  7.84804138e-01  6.72109513e+02  2.31186217e+00 -2.69865284e+03 -9.78718542e+00 -2.68731463e+03 -1.74979555e+01  3.63377886e+03  1.92808969e+01 
 3.54813389e+07  3.62907486e+03  1.65264729e+01 -3.20052505e+02 -4.60547713e-01  6.74624849e+02  7.45095353e-01  6.72109905e+02  2.23495545e+00 -2.69865448e+03 -9.49043317e+00 -2.68731883e+03 -1.70160220e+01  3.63378403e+03  1.85272105e+01 
 3.63078055e+07  3.62907949e+03  1.57375286e+01 -3.20052549e+02 -4.44364145e-01  6.74624936e+02  7.05781613e-01  6.72110278e+02  2.15923363e+00 -2.69865605e+03 -9.19871246e+00 -2.68732284e+03 -1.65431091e+01  3.63378892e+03  1.77833457e+01 
 3.71535229e+07  3.62908384e+03  1.49569268e+01 -3.20052591e+02 -4.28416178e-01  6.74625019e+02  6.66842073e-01  6.72110634e+02  2.08465657e+00 -2.69865755e+03 -8.91186866e+00 -2.68732668e+03 -1.60789662e+01  3.63379354e+03  1.70489080e+01 
 3.80189396e+07  3.62908792e+03  1.41842538e+01 -3.20052631e+02 -4.12695356e-01  6.74625097e+02  6.28256088e-01  6.72110973e+02  2.01118474e+00 -2.69865899e+03 -8.62974970e+00 -2.68733034e+03 -1.56233472e+01  3.63379790e+03  1.63235083e+01 
 3.89045145e+07  3.62909174e+03  1.34191001e+01 -3.20052669e+02 -3.97193345e-01  6.74625170e+02  5.90003200e-01  6.72111295e+02  1.93877919e+00 -2.69866037e+03 -8.35220602e+00 -2.68733385e+03 -1.51760108e+01  3.63380202e+03  1.56067620e+01 
 3.98107171e+07  3.62909531e+03  1.26610600e+01 -3.20052705e+02 -3.81901925e-01  6.74625240e+02  5.52063129e-01  6.72111602e+02  1.86740153e+00 -2.69866168e+03 -8.07909047e+00 -2.68733719e+03 -1.47367197e+01  3.63380590e+03  1.48982893e+01 
 4.07380278e+07  3.62909863e+03  1.19097318e+01 -3.20052739e+02 -3.66812990e-01  6.74625305e+02  5.14415758e-01  6.72111894e+02  1.79701392e+00 -2.69866295e+03 -7.81025828e+00 -2.68734039e+03 -1.43052412e+01  3.63380955e+03  1.41977146e+01 
 4.16869383e+07  3.62910171e+03  1.11647173e+01 -3.20052772e+02 -3.51918538e-01  6.74625367e+02  4.77041127e-01  6.72112171e+02  1.72757904e+00 -2.69866415e+03 -7.54556692e+00 -2.68734345e+03 -1.38813466e+01  3.63381297e+03  1.35046665e+01 
 4.26579519e+07  3.62910456e+03  1.04256215e+01 -3.20052803e+02 -3.37210674e-01  6.74625424e+02  4.39919420e-01  6.72112435e+02  1.65906009e+00 -2.69866531e+03 -7.28487607e+00 -2.68734637e+03 -1.34648110e+01  3.63381618e+03  1.28187777e+01 
 4.36515832e+07  3.62910719e+03  9.69205257e+00 -3.20052832e+02 -3.22681600e-01  6.74625478e+02  4.03030956e-01  6.72112686e+02  1.59142074e+00 -2.69866642e+03 -7.02804751e+00 -2.68734917e+03 -1.30554139e+01  3.63381918e+03  1.21396846e+01 
 4.46683592e+07  3.62910960e+03  8.96362177e+00 -3.20052860e+02 -3.08323612e-01  6.74625529e+02  3.66356177e-01  6.72112924e+02  1.52462513e+00 -2.69866749e+03 -6.77494509e+00 -2.68735184e+03 -1.26529380e+01  3.63382197e+03  1.14670273e+01 
 4.57088190e+07  3.62911179e+03  8.23994293e+00 -3.20052887e+02 -2.94129097e-01  6.74625576e+02  3.29875637e-01  6.72113150e+02  1.45863784e+00 -2.69866851e+03 -6.52543463e+00 -2.68735440e+03 -1.22571702e+01  3.63382457e+03  1.08004492e+01 
 4.67735141e+07  3.62911377e+03  7.52063244e+00 -3.20052912e+02 -2.80090530e-01  6.74625619e+02  2.93569995e-01  6.72113365e+02  1.39342390e+00 -2.69866949e+03 -6.27938384e+00 -2.68735684e+03 -1.18679006e+01  3.63382698e+03  1.01395969e+01 
 4.78630092e+07  3.62911555e+03  6.80530900e+00 -3.20052935e+02 -2.66200467e-01  6.74625659e+02  2.57420001e-01  6.72113568e+02  1.32894873e+00 -2.69867043e+03 -6.03666227e+00 -2.68735918e+03 -1.14849228e+01  3.63382920e+03  9.48412015e+00 
 4.89778819e+07  3.62911712e+03  6.09359342e+00 -3.20052958e+02 -2.52451545e-01  6.74625697e+02  2.21406489e-01  6.72113761e+02  1.26517815e+00 -2.69867133e+03 -5.79714125e+00 -2.68736141e+03 -1.11080339e+01  3.63383124e+03  8.83367144e+00 
 5.01187234e+07  3.62911850e+03  5.38510843e+00 -3.20052979e+02 -2.38836473e-01  6.74625731e+02  1.85510364e-01  6.72113943e+02  1.20207834e+00 -2.69867220e+03 -5.56069378e+00 -2.68736355e+03 -1.07370340e+01  3.63383310e+03  8.18790600e+00 
 5.12861384e+07  3.62911968e+03  4.67947845e+00 -3.20052999e+02 -2.25348032e-01  6.74625762e+02  1.49712594e-01  6.72114115e+02  1.13961585e+00 -2.69867303e+03 -5.32719450e+00 -2.68736559e+03 -1.03717265e+01  3.63383479e+03  7.54648148e+00 
 5.24807460e+07  3.62912066e+03  3.97632944e+00 -3.20053018e+02 -2.11979072e-01  6.74625790e+02  1.13994200e-01  6.72114278e+02  1.07775758e+00 -2.69867384e+03 -5.09651963e+00 -2.68736755e+03 -1.00119177e+01  3.63383631e+03  6.90905788e+00 
 5.37031796e+07  3.62912146e+03  3.27528865e+00 -3.20053035e+02 -1.98722504e-01  6.74625815e+02  7.83362429e-02  6.72114432e+02  1.01647071e+00 -2.69867461e+03 -4.86854685e+00 -2.68736943e+03 -9.65741687e+00  3.63383767e+03  6.27529729e+00 
 5.49540874e+07  3.62912206e+03  2.57598447e+00 -3.20053052e+02 -1.85571299e-01  6.74625837e+02  4.27198171e-02  6.72114576e+02  9.55722764e-01 -2.69867535e+03 -4.64315530e+00 -2.68737122e+03 -9.30803609e+00  3.63383886e+03  5.64486375e+00 
 5.62341325e+07  3.62912248e+03  1.87804619e+00 -3.20053067e+02 -1.72518485e-01  6.74625857e+02  7.12603868e-03  6.72114712e+02  8.95481528e-01 -2.69867607e+03 -4.42022549e+00 -2.68737294e+03 -8.96359013e+00  3.63383989e+03  5.01742306e+00 
 5.75439937e+07  3.62912271e+03  1.18110385e+00 -3.20053082e+02 -1.59557140e-01  6.74625873e+02 -2.84639643e-02  6.72114840e+02  8.35715063e-01 -2.69867676e+03 -4.19963921e+00 -2.68737459e+03 -8.62389639e+00  3.63384076e+03  4.39264261e+00 
 5.88843655e+07  3.62912275e+03  4.84787989e-01 -3.20053095e+02 -1.46680393e-01  6.74625887e+02 -6.40690619e-02  6.72114960e+02  7.76391684e-01 -2.69867743e+03 -3.98127952e+00 -2.68737616e+03 -8.28877477e+00  3.63384147e+03  3.77019120e+00 
 6.02559586e+07  3.62912261e+03 -2.11270502e-01 -3.20053108e+02 -1.33881417e-01  6.74625898e+02 -9.97081320e-02  6.72115071e+02  7.17479938e-01 -2.69867808e+03 -3.76503064e+00 -2.68737768e+03 -7.95804762e+00  3.63384203e+03  3.14973885e+00 
 6.16595002e+07  3.62912228e+03 -9.07440597e-01 -3.20053120e+02 -1.21153424e-01  6.74625907e+02 -1.35400071e-01  6.72115176e+02  6.58948589e-01 -2.69867871e+03 -3.55077792e+00 -2.68737913e+03 -7.63153960e+00  3.63384243e+03  2.53095667e+00 
 6.30957344e+07  3.62912176e+03 -1.60409133e+00 -3.20053130e+02 -1.08489668e-01  6.74625913e+02 -1.71163802e-01  6.72115273e+02  6.00766607e-01 -2.69867931e+03 -3.33840775e+00 -2.68738052e+03 -7.30907760e+00  3.63384268e+03  1.91351664e+00 
 6.45654229e+07  3.62912105e+03 -2.30159198e+00 -3.20053140e+02 -9.58834335e-02  6.74625916e+02 -2.07018287e-01  6.72115363e+02  5.42903142e-01 -2.69867990e+03 -3.12780755e+00 -2.68738185e+03 -6.99049068e+00  3.63384278e+03  1.29709144e+00 
 6.60693448e+07  3.62912015e+03 -3.00031229e+00 -3.20053149e+02 -8.33280365e-02  6.74625917e+02 -2.42982538e-01  6.72115446e+02  4.85327516e-01 -2.69868047e+03 -2.91886565e+00 -2.68738313e+03 -6.67560992e+00  3.63384272e+03  6.81354304e-01 
 6.76082975e+07  3.62911906e+03 -3.70062263e+00 -3.20053157e+02 -7.08168202e-02  6.74625915e+02 -2.79075622e-01  6.72115522e+02  4.28009204e-01 -2.69868103e+03 -2.71147127e+00 -2.68738436e+03 -6.36426839e+00  3.63384251e+03  6.59788350e-02 
 6.91830971e+07  3.62911778e+03 -4.40289422e+00 -3.20053164e+02 -5.83431510e-02  6.74625910e+02 -3.15316676e-01  6.72115591e+02  3.70917815e-01 -2.69868157e+03 -2.50551444e+00 -2.68738554e+03 -6.05630102e+00  3.63384215e+03 -5.49361178e-01 
 7.07945784e+07  3.62911629e+03 -5.10749930e+00 -3.20053171e+02 -4.59004155e-02  6.74625903e+02 -3.51724916e-01  6.72115655e+02  3.14023080e-01 -2.69868210e+03 -2.30088597e+00 -2.68738668e+03 -5.75154453e+00  3.63384164e+03 -1.16499192e+00 
 7.24435960e+07  3.62911461e+03 -5.81481137e+00 -3.20053177e+02 -3.34820163e-02  6.74625893e+02 -3.88319644e-01  6.72115711e+02  2.57294834e-01 -2.69868261e+03 -2.09747736e+00 -2.68738777e+03 -5.44983735e+00  3.63384097e+03 -1.78123974e+00 
 7.41310241e+07  3.62911272e+03 -6.52520533e+00 -3.20053181e+02 -2.10813691e-02  6.74625880e+02 -4.25120265e-01  6.72115762e+02  2.00702998e-01 -2.69868311e+03 -1.89518076e+00 -2.68738883e+03 -5.15101952e+00  3.63384014e+03 -2.39843128e+00 
 7.58577575e+07  3.62911063e+03 -7.23905773e+00 -3.20053185e+02 -8.69189903e-03  6.74625865e+02 -4.62146289e-01  6.72115807e+02  1.44217569e-01 -2.69868361e+03 -1.69388891e+00 -2.68738984e+03 -4.85493261e+00  3.63383915e+03 -3.01689373e+00 
 7.76247117e+07  3.62910832e+03 -7.95674694e+00 -3.20053189e+02  3.69296288e-03  6.74625847e+02 -4.99417348e-01  6.72115845e+02  8.78085986e-02 -2.69868409e+03 -1.49349507e+00 -2.68739082e+03 -4.56141964e+00  3.63383801e+03 -3.63695489e+00 
 7.94328235e+07  3.62910579e+03 -8.67865335e+00 -3.20053191e+02  1.60797832e-02  6.74625826e+02 -5.36953204e-01  6.72115878e+02  3.14461780e-02 -2.69868457e+03 -1.29389301e+00 -2.68739176e+03 -4.27032498e+00  3.63383670e+03 -4.25894345e+00 
 8.12830516e+07  3.62910305e+03 -9.40515959e+00 -3.20053193e+02  2.84751295e-02  6.74625803e+02 -5.74773758e-01  6.72115905e+02 -2.48995759e-02 -2.69868503e+03 -1.09497687e+00 -2.68739267e+03 -3.98149431e+00  3.63383523e+03 -4.88318911e+00 
 8.31763771e+07  3.62910007e+03 -1.01366507e+01 -3.20053194e+02  4.08855738e-02  6.74625776e+02 -6.12899063e-01  6.72115926e+02 -8.12585375e-02 -2.69868550e+03 -8.96641196e-01 -2.68739355e+03 -3.69477447e+00  3.63383358e+03 -5.51002273e+00 
 8.51138038e+07  3.62909686e+03 -1.08735144e+01 -3.20053194e+02  5.33176964e-02  6.74625746e+02 -6.51349333e-01  6.72115941e+02 -1.37660588e-01 -2.69868595e+03 -6.98780820e-01 -2.68739440e+03 -3.41001346e+00  3.63383177e+03 -6.13977658e+00 
 8.70963590e+07  3.62909340e+03 -1.16161412e+01 -3.20053194e+02  6.57780887e-02  6.74625714e+02 -6.90144955e-01  6.72115951e+02 -1.94135633e-01 -2.69868641e+03 -5.01290830e-01 -2.68739523e+03 -3.12706029e+00  3.63382978e+03 -6.77278444e+00 
 8.91250938e+07  3.62908970e+03 -1.23649247e+01 -3.20053193e+02  7.82733575e-02  6.74625678e+02 -7.29306498e-01  6.72115955e+02 -2.50713614e-01 -2.69868686e+03 -3.04066510e-01 -2.68739603e+03 -2.84576493e+00  3.63382761e+03 -7.40938182e+00 
 9.12010839e+07  3.62908574e+03 -1.31202617e+01 -3.20053191e+02  9.08101277e-02  6.74625640e+02 -7.68854726e-01  6.72115953e+02 -3.07424530e-01 -2.69868730e+03 -1.07003284e-01 -2.68739680e+03 -2.56597825e+00  3.63382525e+03 -8.04990613e+00 
 9.33254301e+07  3.62908152e+03 -1.38825526e+01 -3.20053188e+02  1.03395046e-01  6.74625598e+02 -8.08810607e-01  6.72115946e+02 -3.64298449e-01 -2.69868775e+03  9.00033404e-02 -2.68739756e+03 -2.28755188e+00  3.63382271e+03 -8.69469686e+00 
 9.54992586e+07  3.62907702e+03 -1.46522011e+01 -3.20053185e+02  1.16034786e-01  6.74625552e+02 -8.49195327e-01  6.72115933e+02 -4.21365524e-01 -2.69868820e+03  2.87057823e-01 -2.68739829e+03 -2.01033821e+00  3.63381996e+03 -9.34409573e+00 
 9.77237221e+07  3.62907224e+03 -1.54296153e+01 -3.20053180e+02  1.28736049e-01  6.74625504e+02 -8.90030297e-01  6.72115914e+02 -4.78656015e-01 -2.69868864e+03  4.84264653e-01 -2.68739901e+03 -1.73419025e+00  3.63381702e+03 -9.99844691e+00 
 1.00000000e+08  3.62906716e+03 -1.62152071e+01 -3.20053175e+02  1.41505569e-01  6.74625452e+02 -9.31337169e-01  6.72115889e+02 -5.36200295e-01 -2.69868909e+03  6.81728399e-01 -2.68739970e+03 -1.45896158e+00  3.63381387e+03 -1.06580972e+01 
 1.02329299e+08  3.62906178e+03 -1.70093927e+01 -3.20053170e+02  1.54350117e-01  6.74625396e+02 -9.73137843e-01  6.72115859e+02 -5.94028876e-01 -2.69868954e+03  8.79553767e-01 -2.68740039e+03 -1.18450626e+00  3.63381051e+03 -1.13233962e+01 
 1.04712855e+08  3.62905608e+03 -1.78125930e+01 -3.20053163e+02  1.67276503e-01  6.74625336e+02 -1.01545448e+00  6.72115823e+02 -6.52172417e-01 -2.69868999e+03  1.07784566e+00 -2.68740106e+03 -9.10678772e-01  3.63380692e+03 -1.19946964e+01 
 1.07151931e+08  3.62905006e+03 -1.86252335e+01 -3.20053155e+02  1.80291580e-01  6.74625273e+02 -1.05830952e+00  6.72115780e+02 -7.10661747e-01 -2.69869045e+03  1.27670921e+00 -2.68740171e+03 -6.37333918e-01  3.63380311e+03 -1.26723536e+01 
 1.09647820e+08  3.62904369e+03 -1.94477448e+01 -3.20053147e+02  1.93402249e-01  6.74625205e+02 -1.10172569e+00  6.72115732e+02 -7.69527878e-01 -2.69869091e+03  1.47624989e+00 -2.68740236e+03 -3.64326761e-01  3.63379906e+03 -1.33567269e+01 
 1.12201845e+08  3.62903697e+03 -2.02805626e+01 -3.20053138e+02  2.06615462e-01  6.74625134e+02 -1.14572599e+00  6.72115678e+02 -8.28802019e-01 -2.69869138e+03  1.67657349e+00 -2.68740299e+03 -9.15125393e-02  3.63379477e+03 -1.40481789e+01 
 1.14815362e+08  3.62902988e+03 -2.11241283e+01 -3.20053128e+02  2.19938225e-01  6.74625058e+02 -1.19033377e+00  6.72115617e+02 -8.88515598e-01 -2.69869186e+03  1.87778625e+00 -2.68740362e+03  1.81253406e-01  3.63379022e+03 -1.47470760e+01 
 1.17489755e+08  3.62902241e+03 -2.19788886e+01 -3.20053117e+02  2.33377601e-01  6.74624978e+02 -1.23557267e+00  6.72115550e+02 -9.48700275e-01 -2.69869234e+03  2.07999487e+00 -2.68740424e+03  4.54115711e-01  3.63378540e+03 -1.54537886e+01 
 1.20226443e+08  3.62901454e+03 -2.28452963e+01 -3.20053105e+02  2.46940715e-01  6.74624893e+02 -1.28146668e+00  6.72115477e+02 -1.00938796e+00 -2.69869284e+03  2.28330657e+00 -2.68740485e+03  7.27219062e-01  3.63378032e+03 -1.61686910e+01 
 1.23026877e+08  3.62900625e+03 -2.37238105e+01 -3.20053093e+02  2.60634760e-01  6.74624803e+02 -1.32804013e+00  6.72115396e+02 -1.07061083e+00 -2.69869334e+03  2.48782917e+00 -2.68740546e+03  1.00070828e+00  3.63377494e+03 -1.68921620e+01 
 1.25892541e+08  3.62899753e+03 -2.46148963e+01 -3.20053079e+02  2.74466995e-01  6.74624708e+02 -1.37531771e+00  6.72115309e+02 -1.13240135e+00 -2.69869386e+03  2.69367112e+00 -2.68740607e+03  1.27472838e+00  3.63376927e+03 -1.76245849e+01 
 1.28824955e+08  3.62898835e+03 -2.55190259e+01 -3.20053064e+02  2.88444755e-01  6.74624608e+02 -1.42332449e+00  6.72115215e+02 -1.19479227e+00 -2.69869439e+03  2.90094159e+00 -2.68740667e+03  1.54942467e+00  3.63376329e+03 -1.83663477e+01 
 1.31825674e+08  3.62897871e+03 -2.64366780e+01 -3.20053049e+02  3.02575450e-01  6.74624503e+02 -1.47208593e+00  6.72115114e+02 -1.25781668e+00 -2.69869493e+03  3.10975049e+00 -2.68740727e+03  1.82494281e+00  3.63375700e+03 -1.91178434e+01 
 1.34896288e+08  3.62896857e+03 -2.73683386e+01 -3.20053032e+02  3.16866573e-01  6.74624392e+02 -1.52162788e+00  6.72115005e+02 -1.32150799e+00 -2.69869549e+03  3.32020856e+00 -2.68740788e+03  2.10142892e+00  3.63375036e+03 -1.98794700e+01 
 1.38038426e+08  3.62895792e+03 -2.83145011e+01 -3.20053014e+02  3.31325702e-01  6.74624275e+02 -1.57197659e+00  6.72114888e+02 -1.38589998e+00 -2.69869606e+03  3.53242741e+00 -2.68740848e+03  2.37902960e+00  3.63374338e+03 -2.06516309e+01 
 1.41253754e+08  3.62894673e+03 -2.92756664e+01 -3.20052995e+02  3.45960502e-01  6.74624152e+02 -1.62315878e+00  6.72114764e+02 -1.45102677e+00 -2.69869665e+03  3.74651957e+00 -2.68740909e+03  2.65789207e+00  3.63373603e+03 -2.14347351e+01 
 1.44543977e+08  3.62893498e+03 -3.02523435e+01 -3.20052975e+02  3.60778732e-01  6.74624023e+02 -1.67520157e+00  6.72114631e+02 -1.51692291e+00 -2.69869726e+03  3.96259861e+00 -2.68740970e+03  2.93816421e+00  3.63372831e+03 -2.22291974e+01 
 1.47910839e+08  3.62892265e+03 -3.12450495e+01 -3.20052953e+02  3.75788250e-01  6.74623887e+02 -1.72813256e+00  6.72114490e+02 -1.58362332e+00 -2.69869789e+03  4.18077910e+00 -2.68741032e+03  3.21999464e+00  3.63372019e+03 -2.30354385e+01 
 1.51356125e+08  3.62890970e+03 -3.22543099e+01 -3.20052931e+02  3.90997013e-01  6.74623744e+02 -1.78197981e+00  6.72114340e+02 -1.65116338e+00 -2.69869854e+03  4.40117676e+00 -2.68741094e+03  3.50353284e+00  3.63371166e+03 -2.38538853e+01 
 1.54881662e+08  3.62889612e+03 -3.32806590e+01 -3.20052907e+02  4.06413085e-01  6.74623594e+02 -1.83677186e+00  6.72114181e+02 -1.71957889e+00 -2.69869921e+03  4.62390849e+00 -2.68741158e+03  3.78892916e+00  3.63370269e+03 -2.46849712e+01 
 1.58489319e+08  3.62888187e+03 -3.43246400e+01 -3.20052881e+02  4.22044640e-01  6.74623436e+02 -1.89253778e+00  6.72114012e+02 -1.78890613e+00 -2.69869991e+03  4.84909241e+00 -2.68741222e+03  4.07633496e+00  3.63369328e+03 -2.55291363e+01 
 1.62181010e+08  3.62886692e+03 -3.53868054e+01 -3.20052854e+02  4.37899966e-01  6.74623270e+02 -1.94930712e+00  6.72113834e+02 -1.85918186e+00 -2.69870063e+03  5.07684796e+00 -2.68741287e+03  4.36590266e+00  3.63368340e+03 -2.63868275e+01 
 1.65958691e+08  3.62885125e+03 -3.64677173e+01 -3.20052826e+02  4.53987469e-01  6.74623096e+02 -2.00710999e+00  6.72113646e+02 -1.93044332e+00 -2.69870138e+03  5.30729594e+00 -2.68741354e+03  4.65778583e+00  3.63367303e+03 -2.72584988e+01 
 1.69824365e+08  3.62883481e+03 -3.75679478e+01 -3.20052796e+02  4.70315678e-01  6.74622914e+02 -2.06597703e+00  6.72113447e+02 -2.00272831e+00 -2.69870216e+03  5.54055857e+00 -2.68741422e+03  4.95213928e+00  3.63366214e+03 -2.81446116e+01 
 1.73780083e+08  3.62881757e+03 -3.86880789e+01 -3.20052765e+02  4.86893251e-01  6.74622722e+02 -2.12593945e+00  6.72113237e+02 -2.07607516e+00 -2.69870296e+03  5.77675959e+00 -2.68741491e+03  5.24911912e+00  3.63365072e+03 -2.90456351e+01 
 1.77827941e+08  3.62879950e+03 -3.98287033e+01 -3.20052732e+02  5.03728977e-01  6.74622521e+02 -2.18702904e+00  6.72113015e+02 -2.15052274e+00 -2.69870380e+03  6.01602427e+00 -2.68741563e+03  5.54888286e+00  3.63363874e+03 -2.99620460e+01 
 1.81970086e+08  3.62878056e+03 -4.09904243e+01 -3.20052697e+02  5.20831783e-01  6.74622311e+02 -2.24927819e+00  6.72112782e+02 -2.22611053e+00 -2.69870467e+03  6.25847954e+00 -2.68741636e+03  5.85158949e+00  3.63362618e+03 -3.08943293e+01 
 1.86208714e+08  3.62876071e+03 -4.21738563e+01 -3.20052661e+02  5.38210736e-01  6.74622090e+02 -2.31271990e+00  6.72112536e+02 -2.30287860e+00 -2.69870558e+03  6.50425401e+00 -2.68741711e+03  6.15739957e+00  3.63361300e+03 -3.18429784e+01 
 1.90546072e+08  3.62873991e+03 -4.33796252e+01 -3.20052622e+02  5.55875050e-01  6.74621858e+02 -2.37738781e+00  6.72112277e+02 -2.38086766e+00 -2.69870653e+03  6.75347804e+00 -2.68741788e+03  6.46647529e+00  3.63359918e+03 -3.28084951e+01 
 1.94984460e+08  3.62871810e+03 -4.46083686e+01 -3.20052582e+02  5.73834091e-01  6.74621615e+02 -2.44331620e+00  6.72112005e+02 -2.46011906e+00 -2.69870751e+03  7.00628384e+00 -2.68741867e+03  6.77898061e+00  3.63358470e+03 -3.37913903e+01 
 1.99526231e+08  3.62869525e+03 -4.58607362e+01 -3.20052540e+02  5.92097380e-01  6.74621360e+02 -2.51054003e+00  6.72111719e+02 -2.54067481e+00 -2.69870854e+03  7.26280554e+00 -2.68741949e+03  7.09508129e+00  3.63356951e+03 -3.47921838e+01 
 2.04173794e+08  3.62867131e+03 -4.71373899e+01 -3.20052495e+02  6.10674602e-01  6.74621093e+02 -2.57909494e+00  6.72111418e+02 -2.62257762e+00 -2.69870961e+03  7.52317921e+00 -2.68742034e+03  7.41494499e+00  3.63355360e+03 -3.58114051e+01 
 2.08929613e+08  3.62864623e+03 -4.84390045e+01 -3.20052448e+02  6.29575604e-01  6.74620813e+02 -2.64901727e+00  6.72111102e+02 -2.70587092e+00 -2.69871072e+03  7.78754299e+00 -2.68742121e+03  7.73874139e+00  3.63353692e+03 -3.68495931e+01 
 2.13796209e+08  3.62861995e+03 -4.97662680e+01 -3.20052399e+02  6.48810408e-01  6.74620519e+02 -2.72034409e+00  6.72110770e+02 -2.79059886e+00 -2.69871189e+03  8.05603713e+00 -2.68742211e+03  8.06664226e+00  3.63351943e+03 -3.79072967e+01 
 2.18776162e+08  3.62859241e+03 -5.11198815e+01 -3.20052347e+02  6.68389213e-01  6.74620212e+02 -2.79311321e+00  6.72110421e+02 -2.87680636e+00 -2.69871310e+03  8.32880410e+00 -2.68742305e+03  8.39882155e+00  3.63350111e+03 -3.89850752e+01 
 2.23872114e+08  3.62856357e+03 -5.25005601e+01 -3.20052293e+02  6.88322398e-01  6.74619890e+02 -2.86736323e+00  6.72110055e+02 -2.96453914e+00 -2.69871437e+03  8.60598860e+00 -2.68742402e+03  8.73545548e+00  3.63348192e+03 -4.00834984e+01 
 2.29086765e+08  3.62853336e+03 -5.39090332e+01 -3.20052236e+02  7.08620531e-01  6.74619552e+02 -2.94313349e+00  6.72109670e+02 -3.05384370e+00 -2.69871570e+03  8.88773773e+00 -2.68742502e+03  9.07672265e+00  3.63346181e+03 -4.12031467e+01 
 2.34422882e+08  3.62850171e+03 -5.53460445e+01 -3.20052177e+02  7.29294376e-01  6.74619198e+02 -3.02046417e+00  6.72109267e+02 -3.14476740e+00 -2.69871708e+03  9.17420097e+00 -2.68742607e+03  9.42280410e+00  3.63344073e+03 -4.23446118e+01 
 2.39883292e+08  3.62846856e+03 -5.68123527e+01 -3.20052114e+02  7.50354891e-01  6.74618827e+02 -3.09939627e+00  6.72108844e+02 -3.23735843e+00 -2.69871853e+03  9.46553034e+00 -2.68742715e+03  9.77388346e+00  3.63341866e+03 -4.35084969e+01 
 2.45470892e+08  3.62843383e+03 -5.83087318e+01 -3.20052049e+02  7.71813244e-01  6.74618439e+02 -3.17997163e+00  6.72108400e+02 -3.33166588e+00 -2.69872004e+03  9.76188043e+00 -2.68742828e+03  1.01301470e+01  3.63339553e+03 -4.46954168e+01 
 2.51188643e+08  3.62839747e+03 -5.98359715e+01 -3.20051980e+02  7.93680810e-01  6.74618032e+02 -3.26223297e+00  6.72107934e+02 -3.42773976e+00 -2.69872161e+03  1.00634085e+01 -2.68742945e+03  1.04917838e+01  3.63337130e+03 -4.59059984e+01 
 2.57039578e+08  3.62835937e+03 -6.13948776e+01 -3.20051908e+02  8.15969185e-01  6.74617606e+02 -3.34622390e+00  6.72107445e+02 -3.52563099e+00 -2.69872326e+03  1.03702746e+01 -2.68743067e+03  1.08589856e+01  3.63334592e+03 -4.71408810e+01 
 2.63026799e+08  3.62831948e+03 -6.29862724e+01 -3.20051833e+02  8.38690183e-01  6.74617159e+02 -3.43198894e+00  6.72106933e+02 -3.62539148e+00 -2.69872499e+03  1.06826416e+01 -2.68743194e+03  1.12319475e+01  3.63331934e+03 -4.84007165e+01 
 2.69153480e+08  3.62827770e+03 -6.46109953e+01 -3.20051753e+02  8.61855851e-01  6.74616692e+02 -3.51957357e+00  6.72106396e+02 -3.72707411e+00 -2.69872679e+03  1.10006753e+01 -2.68743326e+03  1.16108672e+01  3.63329150e+03 -4.96861699e+01 
 2.75422870e+08  3.62823394e+03 -6.62699027e+01 -3.20051671e+02  8.85478472e-01  6.74616202e+02 -3.60902420e+00  6.72105833e+02 -3.83073279e+00 -2.69872868e+03  1.13245445e+01 -2.68743464e+03  1.19959459e+01  3.63326234e+03 -5.09979196e+01 
 2.81838293e+08  3.62818811e+03 -6.79638690e+01 -3.20051584e+02  9.09570568e-01  6.74615688e+02 -3.70038828e+00  6.72105243e+02 -3.93642248e+00 -2.69873065e+03  1.16544211e+01 -2.68743607e+03  1.23873879e+01  3.63323179e+03 -5.23366577e+01 
 2.88403150e+08  3.62814012e+03 -6.96937869e+01 -3.20051492e+02  9.34144913e-01  6.74615151e+02 -3.79371421e+00  6.72104625e+02 -4.04419920e+00 -2.69873271e+03  1.19904802e+01 -2.68743757e+03  1.27854010e+01  3.63319980e+03 -5.37030904e+01 
 2.95120923e+08  3.62808987e+03 -7.14605675e+01 -3.20051397e+02  9.59214534e-01  6.74614588e+02 -3.88905149e+00  6.72103977e+02 -4.15412009e+00 -2.69873487e+03  1.23329003e+01 -2.68743913e+03  1.31901965e+01  3.63316630e+03 -5.50979382e+01 
 3.01995172e+08  3.62803724e+03 -7.32651413e+01 -3.20051297e+02  9.84792724e-01  6.74613998e+02 -3.98645065e+00  6.72103298e+02 -4.26624344e+00 -2.69873712e+03  1.26818631e+01 -2.68744076e+03  1.36019892e+01  3.63313121e+03 -5.65219364e+01 
 3.09029543e+08  3.62798212e+03 -7.51084581e+01 -3.20051192e+02  1.01089304e+00  6.74613381e+02 -4.08596332e+00  6.72102586e+02 -4.38062866e+00 -2.69873948e+03  1.30375540e+01 -2.68744246e+03  1.40209978e+01  3.63309446e+03 -5.79758357e+01 
 3.16227766e+08  3.62792441e+03 -7.69914881e+01 -3.20051082e+02  1.03752932e+00  6.74612734e+02 -4.18764226e+00  6.72101840e+02 -4.49733642e+00 -2.69874195e+03  1.34001618e+01 -2.68744424e+03  1.44474445e+01  3.63305598e+03 -5.94604020e+01 
 3.23593657e+08  3.62786397e+03 -7.89152217e+01 -3.20050967e+02  1.06471569e+00  6.74612057e+02 -4.29154135e+00  6.72101059e+02 -4.61642857e+00 -2.69874454e+03  1.37698790e+01 -2.68744610e+03  1.48815560e+01  3.63301568e+03 -6.09764174e+01 
 3.31131121e+08  3.62780069e+03 -8.08806705e+01 -3.20050847e+02  1.09246656e+00  6.74611347e+02 -4.39771569e+00  6.72100240e+02 -4.73796824e+00 -2.69874724e+03  1.41469021e+01 -2.68744803e+03  1.53235626e+01  3.63297348e+03 -6.25246801e+01 
 3.38844156e+08  3.62773442e+03 -8.28888676e+01 -3.20050721e+02  1.12079665e+00  6.74610604e+02 -4.50622154e+00  6.72099383e+02 -4.86201988e+00 -2.69875007e+03  1.45314312e+01 -2.68745006e+03  1.57736990e+01  3.63292929e+03 -6.41060050e+01 
 3.46736850e+08  3.62766503e+03 -8.49408681e+01 -3.20050588e+02  1.14972096e+00  6.74609826e+02 -4.61711643e+00  6.72098484e+02 -4.98864924e+00 -2.69875304e+03  1.49236706e+01 -2.68745218e+03  1.62322044e+01  3.63288302e+03 -6.57212244e+01 
 3.54813389e+08  3.62759237e+03 -8.70377497e+01 -3.20050450e+02  1.17925483e+00  6.74609011e+02 -4.73045914e+00  6.72097543e+02 -5.11792344e+00 -2.69875614e+03  1.53238288e+01 -2.68745439e+03  1.66993221e+01  3.63283456e+03 -6.73711878e+01 
 3.63078055e+08  3.62751629e+03 -8.91806131e+01 -3.20050305e+02  1.20941393e+00  6.74608158e+02 -4.84630975e+00  6.72096557e+02 -5.24991103e+00 -2.69875938e+03  1.57321182e+01 -2.68745670e+03  1.71753002e+01  3.63278382e+03 -6.90567628e+01 
 3.71535229e+08  3.62743663e+03 -9.13705825e+01 -3.20050153e+02  1.24021423e+00  6.74607264e+02 -4.96472966e+00  6.72095524e+02 -5.38468195e+00 -2.69876278e+03  1.61487559e+01 -2.68745912e+03  1.76603917e+01  3.63273068e+03 -7.07788353e+01 
 3.80189396e+08  3.62735321e+03 -9.36088065e+01 -3.20049994e+02  1.27167208e+00  6.74606328e+02 -5.08578164e+00  6.72094442e+02 -5.52230766e+00 -2.69876633e+03  1.65739632e+01 -2.68746165e+03  1.81548541e+01  3.63267505e+03 -7.25383100e+01 
 3.89045145e+08  3.62726587e+03 -9.58964582e+01 -3.20049827e+02  1.30380413e+00  6.74605348e+02 -5.20952986e+00  6.72093309e+02 -5.66286110e+00 -2.69877005e+03  1.70079661e+01 -2.68746429e+03  1.86589502e+01  3.63261679e+03 -7.43361109e+01 
 3.98107171e+08  3.62717442e+03 -9.82347359e+01 -3.20049652e+02  1.33662744e+00  6.74604322e+02 -5.33603990e+00  6.72092123e+02 -5.80641679e+00 -2.69877395e+03  1.74509952e+01 -2.68746706e+03  1.91729477e+01  3.63255579e+03 -7.61731816e+01 
 4.07380278e+08  3.62707867e+03 -1.00624864e+02 -3.20049469e+02  1.37015939e+00  6.74603247e+02 -5.46537883e+00  6.72090880e+02 -5.95305081e+00 -2.69877803e+03  1.79032862e+01 -2.68746995e+03  1.96971199e+01  3.63249192e+03 -7.80504860e+01 
 4.16869383e+08  3.62697841e+03 -1.03068093e+02 -3.20049278e+02  1.40441776e+00  6.74602122e+02 -5.59761518e+00  6.72089578e+02 -6.10284089e+00 -2.69878229e+03  1.83650794e+01 -2.68747297e+03  2.02317452e+01  3.63242504e+03 -7.99690084e+01 
 4.26579519e+08  3.62687344e+03 -1.05565700e+02 -3.20049077e+02  1.43942072e+00  6.74600943e+02 -5.73281905e+00  6.72088214e+02 -6.25586643e+00 -2.69878676e+03  1.88366203e+01 -2.68747614e+03  2.07771078e+01  3.63235502e+03 -8.19297544e+01 
 4.36515832e+08  3.62676353e+03 -1.08118990e+02 -3.20048867e+02  1.47518682e+00  6.74599709e+02 -5.87106209e+00  6.72086786e+02 -6.41220854e+00 -2.69879144e+03  1.93181598e+01 -2.68747945e+03  2.13334976e+01  3.63228171e+03 -8.39337509e+01 
 4.46683592e+08  3.62664845e+03 -1.10729297e+02 -3.20048647e+02  1.51173501e+00  6.74598417e+02 -6.01241757e+00  6.72085291e+02 -6.57195009e+00 -2.69879634e+03  1.98099540e+01 -2.68748292e+03  2.19012103e+01  3.63220494e+03 -8.59820471e+01 
 4.57088190e+08  3.62652797e+03 -1.13397984e+02 -3.20048417e+02  1.54908467e+00  6.74597064e+02 -6.15696040e+00  6.72083724e+02 -6.73517575e+00 -2.69880146e+03  2.03122644e+01 -2.68748654e+03  2.24805479e+01  3.63212457e+03 -8.80757146e+01 
 4.67735141e+08  3.62640183e+03 -1.16126440e+02 -3.20048176e+02  1.58725561e+00  6.74595646e+02 -6.30476719e+00  6.72082084e+02 -6.90197202e+00 -2.69880683e+03  2.08253583e+01 -2.68749034e+03  2.30718183e+01  3.63204042e+03 -9.02158481e+01 
 4.78630092e+08  3.62626976e+03 -1.18916088e+02 -3.20047923e+02  1.62626804e+00  6.74594162e+02 -6.45591627e+00  6.72080366e+02 -7.07242732e+00 -2.69881245e+03  2.13495087e+01 -2.68749431e+03  2.36753361e+01  3.63195232e+03 -9.24035657e+01 
 4.89778819e+08  3.62613148e+03 -1.21768381e+02 -3.20047658e+02  1.66614266e+00  6.74592608e+02 -6.61048774e+00  6.72078567e+02 -7.24663199e+00 -2.69881833e+03  2.18849946e+01 -2.68749846e+03  2.42914222e+01  3.63186008e+03 -9.46400098e+01 
 5.01187234e+08  3.62598672e+03 -1.24684800e+02 -3.20047381e+02  1.70690060e+00  6.74590981e+02 -6.76856350e+00  6.72076683e+02 -7.42467836e+00 -2.69882449e+03  2.24321010e+01 -2.68750281e+03  2.49204044e+01  3.63176350e+03 -9.69263473e+01 
 5.12861384e+08  3.62583516e+03 -1.27666863e+02 -3.20047091e+02  1.74856346e+00  6.74589277e+02 -6.93022732e+00  6.72074711e+02 -7.60666078e+00 -2.69883094e+03  2.29911192e+01 -2.68750737e+03  2.55626174e+01  3.63166239e+03 -9.92637701e+01 
 5.24807460e+08  3.62567648e+03 -1.30716117e+02 -3.20046787e+02  1.79115332e+00  6.74587493e+02 -7.09556488e+00  6.72072645e+02 -7.79267571e+00 -2.69883769e+03  2.35623470e+01 -2.68751213e+03  2.62184029e+01  3.63155653e+03 -1.01653496e+02 
 5.37031796e+08  3.62551036e+03 -1.33834144e+02 -3.20046469e+02  1.83469276e+00  6.74585624e+02 -7.26466377e+00  6.72070481e+02 -7.98282172e+00 -2.69884476e+03  2.41460885e+01 -2.68751712e+03  2.68881101e+01  3.63144571e+03 -1.04096769e+02 
 5.49540874e+08  3.62533644e+03 -1.37022558e+02 -3.20046136e+02  1.87920485e+00  6.74583668e+02 -7.43761359e+00  6.72068215e+02 -8.17719958e+00 -2.69885216e+03  2.47426547e+01 -2.68752234e+03  2.75720954e+01  3.63132969e+03 -1.06594859e+02 
 5.62341325e+08  3.62515437e+03 -1.40283011e+02 -3.20045787e+02  1.92471320e+00  6.74581619e+02 -7.61450599e+00  6.72065842e+02 -8.37591231e+00 -2.69885991e+03  2.53523635e+01 -2.68752780e+03  2.82707230e+01  3.63120822e+03 -1.09149065e+02 
 5.75439937e+08  3.62496375e+03 -1.43617187e+02 -3.20045422e+02  1.97124191e+00  6.74579474e+02 -7.79543469e+00  6.72063358e+02 -8.57906520e+00 -2.69886803e+03  2.59755400e+01 -2.68753352e+03  2.89843651e+01  3.63108105e+03 -1.11760712e+02 
 5.88843655e+08  3.62476421e+03 -1.47026808e+02 -3.20045039e+02  2.01881564e+00  6.74577227e+02 -7.98049554e+00  6.72060756e+02 -8.78676591e+00 -2.69887652e+03  2.66125163e+01 -2.68753951e+03  2.97134018e+01  3.63094793e+03 -1.14431155e+02 
 6.02559586e+08  3.62455531e+03 -1.50513632e+02 -3.20044638e+02  2.06745962e+00  6.74574875e+02 -8.16978658e+00  6.72058031e+02 -8.99912450e+00 -2.69888541e+03  2.72636321e+01 -2.68754578e+03  3.04582216e+01  3.63080857e+03 -1.17161777e+02 
 6.16595002e+08  3.62433662e+03 -1.54079455e+02 -3.20044219e+02  2.11719962e+00  6.74572411e+02 -8.36340811e+00  6.72055178e+02 -9.21625349e+00 -2.69889473e+03  2.79292348e+01 -2.68755234e+03  3.12192214e+01  3.63066267e+03 -1.19953991e+02 
 6.30957344e+08  3.62410769e+03 -1.57726111e+02 -3.20043779e+02  2.16806200e+00  6.74569832e+02 -8.56146269e+00  6.72052190e+02 -9.43826794e+00 -2.69890448e+03  2.86096794e+01 -2.68755921e+03  3.19968069e+01  3.63050994e+03 -1.22809240e+02 
 6.45654229e+08  3.62386804e+03 -1.61455473e+02 -3.20043319e+02  2.22007371e+00  6.74567131e+02 -8.76405524e+00  6.72049062e+02 -9.66528547e+00 -2.69891469e+03  2.93053293e+01 -2.68756640e+03  3.27913927e+01  3.63035006e+03 -1.25728999e+02 
 6.60693448e+08  3.62361718e+03 -1.65269453e+02 -3.20042837e+02  2.27326233e+00  6.74564302e+02 -8.97129306e+00  6.72045785e+02 -9.89742637e+00 -2.69892537e+03  3.00165557e+01 -2.68757393e+03  3.36034027e+01  3.63018270e+03 -1.28714773e+02 
 6.76082975e+08  3.62335457e+03 -1.69170005e+02 -3.20042333e+02  2.32765602e+00  6.74561341e+02 -9.18328594e+00  6.72042355e+02 -1.01348136e+01 -2.69893657e+03  3.07437385e+01 -2.68758181e+03  3.44332701e+01  3.63000750e+03 -1.31768099e+02 
 6.91830971e+08  3.62307968e+03 -1.73159121e+02 -3.20041805e+02  2.38328363e+00  6.74558239e+02 -9.40014615e+00  6.72038762e+02 -1.03775730e+01 -2.69894828e+03  3.14872663e+01 -2.68759006e+03  3.52814377e+01  3.62982411e+03 -1.34890548e+02 
 7.07945784e+08  3.62279194e+03 -1.77238838e+02 -3.20041251e+02  2.44017462e+00  6.74554992e+02 -9.62198856e+00  6.72035000e+02 -1.06258331e+01 -2.69896055e+03  3.22475364e+01 -2.68759870e+03  3.61483585e+01  3.62963214e+03 -1.38083723e+02 
 7.24435960e+08  3.62249074e+03 -1.81411234e+02 -3.20040672e+02  2.49835915e+00  6.74551591e+02 -9.84893064e+00  6.72031061e+02 -1.08797255e+01 -2.69897340e+03  3.30249553e+01 -2.68760774e+03  3.70344953e+01  3.62943120e+03 -1.41349262e+02 
 7.41310241e+08  3.62217548e+03 -1.85678430e+02 -3.20040066e+02  2.55786803e+00  6.74548031e+02 -1.00810926e+01  6.72026936e+02 -1.11393846e+01 -2.69898685e+03  3.38199389e+01 -2.68761721e+03  3.79403216e+01  3.62922087e+03 -1.44688837e+02 
 7.58577575e+08  3.62184548e+03 -1.90042592e+02 -3.20039430e+02  2.61873281e+00  6.74544302e+02 -1.03185973e+01  6.72022616e+02 -1.14049481e+01 -2.69900093e+03  3.46329126e+01 -2.68762712e+03  3.88663215e+01  3.62900071e+03 -1.48104154e+02 
 7.76247117e+08  3.62150008e+03 -1.94505931e+02 -3.20038765e+02  2.68098572e+00  6.74540398e+02 -1.05615706e+01  6.72018093e+02 -1.16765564e+01 -2.69901568e+03  3.54643115e+01 -2.68763749e+03  3.98129900e+01  3.62877028e+03 -1.51596957e+02 
 7.94328235e+08  3.62113856e+03 -1.99070702e+02 -3.20038069e+02  2.74465976e+00  6.74536310e+02 -1.08101412e+01  6.72013357e+02 -1.19543536e+01 -2.69903111e+03  3.63145809e+01 -2.68764836e+03  4.07808334e+01  3.62852909e+03 -1.55169025e+02 
 8.12830516e+08  3.62076018e+03 -2.03739207e+02 -3.20037340e+02  2.80978866e+00  6.74532029e+02 -1.10644405e+01  6.72008397e+02 -1.22384867e+01 -2.69904728e+03  3.71841766e+01 -2.68765973e+03  4.17703696e+01  3.62827665e+03 -1.58822174e+02 
 8.31763771e+08  3.62036416e+03 -2.08513794e+02 -3.20036576e+02  2.87640691e+00  6.74527546e+02 -1.13246033e+01  6.72003203e+02 -1.25291063e+01 -2.69906420e+03  3.80735645e+01 -2.68767164e+03  4.27821282e+01  3.62801244e+03 -1.62558258e+02 
 8.51138038e+08  3.61994968e+03 -2.13396861e+02 -3.20035776e+02  2.94454982e+00  6.74522852e+02 -1.15907673e+01  6.71997765e+02 -1.28263662e+01 -2.69908192e+03  3.89832219e+01 -2.68768410e+03  4.38166511e+01  3.62773592e+03 -1.66379169e+02 
 8.70963590e+08  3.61951589e+03 -2.18390851e+02 -3.20034939e+02  3.01425348e+00  6.74517937e+02 -1.18630733e+01  6.71992070e+02 -1.31304238e+01 -2.69910047e+03  3.99136369e+01 -2.68769715e+03  4.48744926e+01  3.62744652e+03 -1.70286839e+02 
 8.91250938e+08  3.61906191e+03 -2.23498259e+02 -3.20034062e+02  3.08555481e+00  6.74512790e+02 -1.21416655e+01  6.71986107e+02 -1.34414402e+01 -2.69911990e+03  4.08653090e+01 -2.68771082e+03  4.59562198e+01  3.62714365e+03 -1.74283239e+02 
 9.12010839e+08  3.61858681e+03 -2.28721628e+02 -3.20033144e+02  3.15849158e+00  6.74507401e+02 -1.24266913e+01  6.71979862e+02 -1.37595800e+01 -2.69914023e+03  4.18387498e+01 -2.68772512e+03  4.70624127e+01  3.62682668e+03 -1.78370379e+02 
 9.33254301e+08  3.61808961e+03 -2.34063551e+02 -3.20032182e+02  3.23310242e+00  6.74501757e+02 -1.27183016e+01  6.71973324e+02 -1.40850117e+01 -2.69916153e+03  4.28344824e+01 -2.68774010e+03  4.81936650e+01  3.62649498e+03 -1.82550311e+02 
 9.54992586e+08  3.61756931e+03 -2.39526673e+02 -3.20031176e+02  3.30942685e+00  6.74495848e+02 -1.30166507e+01  6.71966477e+02 -1.44179075e+01 -2.69918382e+03  4.38530427e+01 -2.68775578e+03  4.93505842e+01  3.62614786e+03 -1.86825129e+02 
 9.77237221e+08  3.61702485e+03 -2.45113691e+02 -3.20030122e+02  3.38750529e+00  6.74489661e+02 -1.33218964e+01  6.71959307e+02 -1.47584437e+01 -2.69920716e+03  4.48949790e+01 -2.68777219e+03  5.05337917e+01  3.62578462e+03 -1.91196967e+02 
 1.00000000e+09  3.61645511e+03 -2.50827352e+02 -3.20029018e+02  3.46737909e+00  6.74483181e+02 -1.36342002e+01  6.71951800e+02 -1.51068006e+01 -2.69923160e+03  4.59608526e+01 -2.68778937e+03  5.17439236e+01  3.62540453e+03 -1.95668004e+02 
 1.02329299e+09  3.61585895e+03 -2.56670457e+02 -3.20027862e+02  3.54909054e+00  6.74476397e+02 -1.39537273e+01  6.71943938e+02 -1.54631624e+01 -2.69925719e+03  4.70512383e+01 -2.68780736e+03  5.29816309e+01  3.62500680e+03 -2.00240460e+02 
 1.04712855e+09  3.61523515e+03 -2.62645862e+02 -3.20026651e+02  3.63268292e+00  6.74469293e+02 -1.42806468e+01  6.71935707e+02 -1.58277179e+01 -2.69928398e+03  4.81667243e+01 -2.68782619e+03  5.42475799e+01  3.62459064e+03 -2.04916601e+02 
 1.07151931e+09  3.61458247e+03 -2.68756475e+02 -3.20025384e+02  3.71820048e+00  6.74461854e+02 -1.46151315e+01  6.71927087e+02 -1.62006599e+01 -2.69931202e+03  4.93079130e+01 -2.68784591e+03  5.55424525e+01  3.62415520e+03 -2.09698735e+02 
 1.09647820e+09  3.61389957e+03 -2.75005258e+02 -3.20024057e+02  3.80568851e+00  6.74454064e+02 -1.49573583e+01  6.71918060e+02 -1.65821859e+01 -2.69934139e+03  5.04754213e+01 -2.68786655e+03  5.68669467e+01  3.62369962e+03 -2.14589216e+02 
 1.12201845e+09  3.61318510e+03 -2.81395229e+02 -3.20022667e+02  3.89519331e+00  6.74445908e+02 -1.53075082e+01  6.71908609e+02 -1.69724975e+01 -2.69937213e+03  5.16698807e+01 -2.68788815e+03  5.82217773e+01  3.62322297e+03 -2.19590445e+02 
 1.14815362e+09  3.61243762e+03 -2.87929461e+02 -3.20021212e+02  3.98676228e+00  6.74437367e+02 -1.56657662e+01  6.71898712e+02 -1.73718014e+01 -2.69940432e+03  5.28919380e+01 -2.68791077e+03  5.96076755e+01  3.62272429e+03 -2.24704866e+02 
 1.17489755e+09  3.61165562e+03 -2.94611082e+02 -3.20019688e+02  4.08044387e+00  6.74428424e+02 -1.60323218e+01  6.71888348e+02 -1.77803088e+01 -2.69943801e+03  5.41422556e+01 -2.68793445e+03  6.10253906e+01  3.62220259e+03 -2.29934971e+02 
 1.20226443e+09  3.61083755e+03 -3.01443278e+02 -3.20018093e+02  4.17628769e+00  6.74419059e+02 -1.64073687e+01  6.71877496e+02 -1.81982358e+01 -2.69947329e+03  5.54215119e+01 -2.68795924e+03  6.24756892e+01  3.62165683e+03 -2.35283299e+02 
 1.23026877e+09  3.60998179e+03 -3.08429290e+02 -3.20016422e+02  4.27434445e+00  6.74409253e+02 -1.67911051e+01  6.71866133e+02 -1.86258034e+01 -2.69951022e+03  5.67304017e+01 -2.68798519e+03  6.39593566e+01  3.62108592e+03 -2.40752437e+02 
 1.25892541e+09  3.60908663e+03 -3.15572415e+02 -3.20014673e+02  4.37466604e+00  6.74398985e+02 -1.71837337e+01  6.71854234e+02 -1.90632376e+01 -2.69954889e+03  5.80696367e+01 -2.68801235e+03  6.54771968e+01  3.62048873e+03 -2.46345018e+02 
 1.28824955e+09  3.60815029e+03 -3.22876008e+02 -3.20012841e+02  4.47730555e+00  6.74388234e+02 -1.75854620e+01  6.71841774e+02 -1.95107698e+01 -2.69958937e+03  5.94399460e+01 -2.68804078e+03  6.70300332e+01  3.61986407e+03 -2.52063724e+02 
 1.31825674e+09  3.60717093e+03 -3.30343482e+02 -3.20010923e+02  4.58231729e+00  6.74376976e+02 -1.79965021e+01  6.71828727e+02 -1.99686366e+01 -2.69963175e+03  6.08420765e+01 -2.68807054e+03  6.86187092e+01  3.61921071e+03 -2.57911286e+02 
 1.34896288e+09  3.60614662e+03 -3.37978304e+02 -3.20008914e+02  4.68975682e+00  6.74365187e+02 -1.84170711e+01  6.71815065e+02 -2.04370801e+01 -2.69967611e+03  6.22767935e+01 -2.68810170e+03  7.02440883e+01  3.61852737e+03 -2.63890485e+02 
 1.38038426e+09  3.60507534e+03 -3.45784002e+02 -3.20006811e+02  4.79968097e+00  6.74352843e+02 -1.88473911e+01  6.71800759e+02 -2.09163477e+01 -2.69972255e+03  6.37448809e+01 -2.68813431e+03  7.19070554e+01  3.61781270e+03 -2.70004149e+02 
 1.41253754e+09  3.60395501e+03 -3.53764159e+02 -3.20004608e+02  4.91214789e+00  6.74339918e+02 -1.92876892e+01  6.71785779e+02 -2.14066928e+01 -2.69977117e+03  6.52471423e+01 -2.68816844e+03  7.36085167e+01  3.61706530e+03 -2.76255157e+02 
 1.44543977e+09  3.60278343e+03 -3.61922416e+02 -3.20002302e+02  5.02721705e+00  6.74326384e+02 -1.97381978e+01  6.71770093e+02 -2.19083745e+01 -2.69982207e+03  6.67844010e+01 -2.68820417e+03  7.53494006e+01  3.61628371e+03 -2.82646437e+02 
 1.47910839e+09  3.60155833e+03 -3.70262471e+02 -3.19999888e+02  5.14494931e+00  6.74312212e+02 -2.01991546e+01  6.71753668e+02 -2.24216577e+01 -2.69987535e+03  6.83575007e+01 -2.68824157e+03  7.71306584e+01  3.61546642e+03 -2.89180968e+02 
 1.51356125e+09  3.60027732e+03 -3.78788079e+02 -3.19997359e+02  5.26540692e+00  6.74297372e+02 -2.06708028e+01  6.71736468e+02 -2.29468136e+01 -2.69993113e+03  6.99673064e+01 -2.68828071e+03  7.89532646e+01  3.61461184e+03 -2.95861779e+02 
 1.54881662e+09  3.59893794e+03 -3.87503050e+02 -3.19994711e+02  5.38865357e+00  6.74281834e+02 -2.11533911e+01  6.71718458e+02 -2.34841196e+01 -2.69998951e+03  7.16147044e+01 -2.68832168e+03  8.08182179e+01  3.61371833e+03 -3.02691949e+02 
 1.58489319e+09  3.59753761e+03 -3.96411252e+02 -3.19991939e+02  5.51475440e+00  6.74265563e+02 -2.16471740e+01  6.71699600e+02 -2.40338593e+01 -2.70005063e+03  7.33006037e+01 -2.68836456e+03  8.27265418e+01  3.61278415e+03 -3.09674607e+02 
 1.62181010e+09  3.59607364e+03 -4.05516608e+02 -3.19989036e+02  5.64377607e+00  6.74248526e+02 -2.21524119e+01  6.71679852e+02 -2.45963228e+01 -2.70011460e+03  7.50259359e+01 -2.68840943e+03  8.46792853e+01  3.61180752e+03 -3.16812934e+02 
 1.65958691e+09  3.59454323e+03 -4.14823097e+02 -3.19985996e+02  5.77578676e+00  6.74230687e+02 -2.26693709e+01  6.71659174e+02 -2.51718072e+01 -2.70018157e+03  7.67916563e+01 -2.68845640e+03  8.66775233e+01  3.61078658e+03 -3.24110160e+02 
 1.69824365e+09  3.59294348e+03 -4.24334752e+02 -3.19982813e+02  5.91085621e+00  6.74212007e+02 -2.31983234e+01  6.71637521e+02 -2.57606160e+01 -2.70025167e+03  7.85987446e+01 -2.68850555e+03  8.87223581e+01  3.60971938e+03 -3.31569565e+02 
 1.73780083e+09  3.59127134e+03 -4.34055659e+02 -3.19979480e+02  6.04905579e+00  6.74192447e+02 -2.37395480e+01  6.71614848e+02 -2.63630598e+01 -2.70032504e+03  8.04482054e+01 -2.68855699e+03  9.08149194e+01  3.60860389e+03 -3.39194481e+02 
 1.77827941e+09  3.58952367e+03 -4.43989957e+02 -3.19975990e+02  6.19045849e+00  6.74171967e+02 -2.42933297e+01  6.71591107e+02 -2.69794564e+01 -2.70040184e+03  8.23410691e+01 -2.68861082e+03  9.29563655e+01  3.60743803e+03 -3.46988290e+02 
 1.81970086e+09  3.58769718e+03 -4.54141838e+02 -3.19972336e+02  6.33513899e+00  6.74150521e+02 -2.48599599e+01  6.71566246e+02 -2.76101309e+01 -2.70048222e+03  8.42783928e+01 -2.68866715e+03  9.51478843e+01  3.60621958e+03 -3.54954421e+02 
 1.86208714e+09  3.58578845e+03 -4.64515544e+02 -3.19968509e+02  6.48317368e+00  6.74128066e+02 -2.54397368e+01  6.71540214e+02 -2.82554155e+01 -2.70056635e+03  8.62612607e+01 -2.68872610e+03  9.73906937e+01  3.60494627e+03 -3.63096357e+02 
 1.90546072e+09  3.58379392e+03 -4.75115366e+02 -3.19964503e+02  6.63464071e+00  6.74104553e+02 -2.60329654e+01  6.71512955e+02 -2.89156505e+01 -2.70065441e+03  8.82907854e+01 -2.68878779e+03  9.96860430e+01  3.60361574e+03 -3.71417627e+02 
 1.94984460e+09  3.58170989e+03 -4.85945646e+02 -3.19960307e+02  6.78962002e+00  6.74079933e+02 -2.66399575e+01  6.71484412e+02 -2.95911837e+01 -2.70074657e+03  9.03681086e+01 -2.68885233e+03  1.02035214e+02  3.60222551e+03 -3.79921809e+02 
 1.99526231e+09  3.57953251e+03 -4.97010769e+02 -3.19955914e+02  6.94819339e+00  6.74054153e+02 -2.72610322e+01  6.71454523e+02 -3.02823707e+01 -2.70084303e+03  9.24944020e+01 -2.68891986e+03  1.04439520e+02  3.60077300e+03 -3.88612530e+02 
 2.04173794e+09  3.57725779e+03 -5.08315168e+02 -3.19951314e+02  7.11044448e+00  6.74027159e+02 -2.78965158e+01  6.71423226e+02 -3.09895757e+01 -2.70094397e+03  9.46708681e+01 -2.68899052e+03  1.06900311e+02  3.59925557e+03 -3.97493465e+02 
 2.08929613e+09  3.57488155e+03 -5.19863318e+02 -3.19946497e+02  7.27645887e+00  6.73998895e+02 -2.85467418e+01  6.71390454e+02 -3.17131707e+01 -2.70104962e+03  9.68987417e+01 -2.68906445e+03  1.09418969e+02  3.59767042e+03 -4.06568336e+02 
 2.13796209e+09  3.57239946e+03 -5.31659736e+02 -3.19941453e+02  7.44632409e+00  6.73969299e+02 -2.92120517e+01  6.71356138e+02 -3.24535366e+01 -2.70116018e+03  9.91792901e+01 -2.68914180e+03  1.11996916e+02  3.59601467e+03 -4.15840909e+02 
 2.18776162e+09  3.56980704e+03 -5.43708978e+02 -3.19936172e+02  7.62012969e+00  6.73938310e+02 -2.98927945e+01  6.71320204e+02 -3.32110627e+01 -2.70127587e+03  1.01513815e+02 -2.68922271e+03  1.14635609e+02  3.59428532e+03 -4.25314998e+02 
 2.23872114e+09  3.56709961e+03 -5.56015636e+02 -3.19930642e+02  7.79796728e+00  6.73905862e+02 -3.05893271e+01  6.71282577e+02 -3.39861473e+01 -2.70139694e+03  1.03903654e+02 -2.68930736e+03  1.17336544e+02  3.59247925e+03 -4.34994460e+02 
 2.29086765e+09  3.56427231e+03 -5.68584339e+02 -3.19924852e+02  7.97993054e+00  6.73871886e+02 -3.13020145e+01  6.71243177e+02 -3.47791977e+01 -2.70152363e+03  1.06350178e+02 -2.68939590e+03  1.20101257e+02  3.59059322e+03 -4.44883195e+02 
 2.34422882e+09  3.56132008e+03 -5.81419746e+02 -3.19918789e+02  8.16611533e+00  6.73836311e+02 -3.20312302e+01  6.71201920e+02 -3.55906306e+01 -2.70165620e+03  1.08854801e+02 -2.68948852e+03  1.22931325e+02  3.58862386e+03 -4.54985146e+02 
 2.39883292e+09  3.55823769e+03 -5.94526545e+02 -3.19912440e+02  8.35661968e+00  6.73799061e+02 -3.27773557e+01  6.71158719e+02 -3.64208721e+01 -2.70179491e+03  1.11418970e+02 -2.68958540e+03  1.25828369e+02  3.58656767e+03 -4.65304297e+02 
 2.45470892e+09  3.55501969e+03 -6.07909450e+02 -3.19905792e+02  8.55154386e+00  6.73760057e+02 -3.35407815e+01  6.71113482e+02 -3.72703579e+01 -2.70194004e+03  1.14044175e+02 -2.68968673e+03  1.28794052e+02  3.58442103e+03 -4.75844670e+02 
 2.51188643e+09  3.55166041e+03 -6.21573196e+02 -3.19898832e+02  8.75099045e+00  6.73719218e+02 -3.43219068e+01  6.71066113e+02 -3.81395335e+01 -2.70209189e+03  1.16731949e+02 -2.68979270e+03  1.31830083e+02  3.58218015e+03 -4.86610325e+02 
 2.57039578e+09  3.54815399e+03 -6.35522539e+02 -3.19891543e+02  8.95506435e+00  6.73676456e+02 -3.51211395e+01  6.71016512e+02 -3.90288549e+01 -2.70225076e+03  1.19483866e+02 -2.68990353e+03  1.34938220e+02  3.57984110e+03 -4.97605358e+02 
 2.63026799e+09  3.54449432e+03 -6.49762248e+02 -3.19883911e+02  9.16387287e+00  6.73631682e+02 -3.59388972e+01  6.70964574e+02 -3.99387880e+01 -2.70241696e+03  1.22301544e+02 -2.69001942e+03  1.38120266e+02  3.57739983e+03 -5.08833901e+02 
 2.69153480e+09  3.54067507e+03 -6.64297102e+02 -3.19875920e+02  9.37752576e+00  6.73584801e+02 -3.67756064e+01  6.70910188e+02 -4.08698095e+01 -2.70259083e+03  1.25186649e+02 -2.69014060e+03  1.41378077e+02  3.57485210e+03 -5.20300114e+02 
 2.75422870e+09  3.53668965e+03 -6.79131886e+02 -3.19867553e+02  9.59613526e+00  6.73535713e+02 -3.76317034e+01  6.70853240e+02 -4.18224066e+01 -2.70277272e+03  1.28140893e+02 -2.69026730e+03  1.44713560e+02  3.57219352e+03 -5.32008191e+02 
 2.81838293e+09  3.53253124e+03 -6.94271386e+02 -3.19858792e+02  9.81981619e+00  6.73484316e+02 -3.85076340e+01  6.70793608e+02 -4.27970777e+01 -2.70296299e+03  1.31166041e+02 -2.69039978e+03  1.48128676e+02  3.56941954e+03 -5.43962350e+02 
 2.88403150e+09  3.52819276e+03 -7.09720381e+02 -3.19849618e+02  1.00486860e+01  6.73430500e+02 -3.94038544e+01  6.70731165e+02 -4.37943323e+01 -2.70316200e+03  1.34263905e+02 -2.69053827e+03  1.51625444e+02  3.56652541e+03 -5.56166834e+02 
 2.95120923e+09  3.52366684e+03 -7.25483641e+02 -3.19840013e+02  1.02828646e+01  6.73374153e+02 -4.03208305e+01  6.70665781e+02 -4.48146916e+01 -2.70337015e+03  1.37436354e+02 -2.69068304e+03  1.55205936e+02  3.56350624e+03 -5.68625907e+02 
 3.01995172e+09  3.51894585e+03 -7.41565917e+02 -3.19829955e+02  1.05224751e+01  6.73315154e+02 -4.12590387e+01  6.70597315e+02 -4.58586881e+01 -2.70358786e+03  1.40685311e+02 -2.69083436e+03  1.58872289e+02  3.56035692e+03 -5.81343852e+02 
 3.09029543e+09  3.51402187e+03 -7.57971938e+02 -3.19819424e+02  1.07676428e+01  6.73253380e+02 -4.22189662e+01  6.70525623e+02 -4.69268665e+01 -2.70381554e+03  1.44012755e+02 -2.69099251e+03  1.62626699e+02  3.55707217e+03 -5.94324966e+02 
 3.16227766e+09  3.50888668e+03 -7.74706399e+02 -3.19808397e+02  1.10184962e+01  6.73188701e+02 -4.32011105e+01  6.70450553e+02 -4.80197837e+01 -2.70405364e+03  1.47420728e+02 -2.69115780e+03  1.66471428e+02  3.55364649e+03 -6.07573555e+02 
 3.23593657e+09  3.50353176e+03 -7.91773956e+02 -3.19796851e+02  1.12751668e+01  6.73120980e+02 -4.42059805e+01  6.70371946e+02 -4.91380089e+01 -2.70430262e+03  1.50911333e+02 -2.69133051e+03  1.70408805e+02  3.55007418e+03 -6.21093933e+02 
 3.31131121e+09  3.49794825e+03 -8.09179214e+02 -3.19784762e+02  1.15377887e+01  6.73050074e+02 -4.52340961e+01  6.70289634e+02 -5.02821240e+01 -2.70456296e+03  1.54486736e+02 -2.69151098e+03  1.74441227e+02  3.54634934e+03 -6.34890414e+02 
 3.38844156e+09  3.49212697e+03 -8.26926722e+02 -3.19772104e+02  1.18064993e+01  6.72975834e+02 -4.62859886e+01  6.70203444e+02 -5.14527239e+01 -2.70483516e+03  1.58149171e+02 -2.69169952e+03  1.78571166e+02  3.54246583e+03 -6.48967307e+02 
 3.46736850e+09  3.48605842e+03 -8.45020960e+02 -3.19758850e+02  1.20814390e+01  6.72898103e+02 -4.73622011e+01  6.70113193e+02 -5.26504166e+01 -2.70511973e+03  1.61900945e+02 -2.69189647e+03  1.82801166e+02  3.53841729e+03 -6.63328914e+02 
 3.54813389e+09  3.47973270e+03 -8.63466325e+02 -3.19744972e+02  1.23627515e+01  6.72816718e+02 -4.84632882e+01  6.70018690e+02 -5.38758238e+01 -2.70541723e+03  1.65744432e+02 -2.69210219e+03  1.87133851e+02  3.53419712e+03 -6.77979520e+02 
 3.63078055e+09  3.47313959e+03 -8.82267124e+02 -3.19730442e+02  1.26505834e+01  6.72731507e+02 -4.95898170e+01  6.69919733e+02 -5.51295807e+01 -2.70572820e+03  1.69682088e+02 -2.69231704e+03  1.91571925e+02  3.52979847e+03 -6.92923385e+02 
 3.71535229e+09  3.46626847e+03 -9.01427559e+02 -3.19715228e+02  1.29450849e+01  6.72642291e+02 -5.07423665e+01  6.69816114e+02 -5.64123364e+01 -2.70605324e+03  1.73716443e+02 -2.69254139e+03  1.96118179e+02  3.52521423e+03 -7.08164743e+02 
 3.80189396e+09  3.45910833e+03 -9.20951710e+02 -3.19699298e+02  1.32464094e+01  6.72548883e+02 -5.19215285e+01  6.69707613e+02 -5.77247545e+01 -2.70639294e+03  1.77850112e+02 -2.69277564e+03  2.00775487e+02  3.52043706e+03 -7.23707788e+02 
 3.89045145e+09  3.45164776e+03 -9.40843523e+02 -3.19682619e+02  1.35547138e+01  6.72451086e+02 -5.31279072e+01  6.69593999e+02 -5.90675131e+01 -2.70674795e+03  1.82085797e+02 -2.69302018e+03  2.05546819e+02  3.51545930e+03 -7.39556667e+02 
 3.98107171e+09  3.44387493e+03 -9.61106792e+02 -3.19665155e+02  1.38701584e+01  6.72348693e+02 -5.43621201e+01  6.69475033e+02 -6.04413049e+01 -2.70711890e+03  1.86426287e+02 -2.69327543e+03  2.10435239e+02  3.51027304e+03 -7.55715471e+02 
 4.07380278e+09  3.43577760e+03 -9.81745142e+02 -3.19646870e+02  1.41929072e+01  6.72241491e+02 -5.56247977e+01  6.69350461e+02 -6.18468378e+01 -2.70750649e+03  1.90874465e+02 -2.69354181e+03  2.15443909e+02  3.50487008e+03 -7.72188227e+02 
 4.16869383e+09  3.42734307e+03 -1.00276201e+03 -3.19627725e+02  1.45231277e+01  6.72129254e+02 -5.69165837e+01  6.69220020e+02 -6.32848352e+01 -2.70791140e+03  1.95433314e+02 -2.69381976e+03  2.20576095e+02  3.49924192e+03 -7.88978881e+02 
 4.26579519e+09  3.41855820e+03 -1.02416061e+03 -3.19607680e+02  1.48609912e+01  6.72011747e+02 -5.82381359e+01  6.69083434e+02 -6.47560359e+01 -2.70833437e+03  2.00105917e+02 -2.69410973e+03  2.25835173e+02  3.49337973e+03 -8.06091294e+02 
 4.36515832e+09  3.40940936e+03 -1.04594395e+03 -3.19586693e+02  1.52066728e+01  6.71888722e+02 -5.95901254e+01  6.68940413e+02 -6.62611946e+01 -2.70877616e+03  2.04895465e+02 -2.69441219e+03  2.31224628e+02  3.48727440e+03 -8.23529220e+02 
 4.46683592e+09  3.39988247e+03 -1.06811477e+03 -3.19564719e+02  1.55603512e+01  6.71759921e+02 -6.09732377e+01  6.68790654e+02 -6.78010823e+01 -2.70923753e+03  2.09805258e+02 -2.69472761e+03  2.36748067e+02  3.48091647e+03 -8.41296302e+02 
 4.57088190e+09  3.38996294e+03 -1.09067551e+03 -3.19541712e+02  1.59222094e+01  6.71625076e+02 -6.23881725e+01  6.68633839e+02 -6.93764866e+01 -2.70971930e+03  2.14838717e+02 -2.69505647e+03  2.42409215e+02  3.47429615e+03 -8.59396049e+02 
 4.67735141e+09  3.37963570e+03 -1.11362832e+03 -3.19517623e+02  1.62924343e+01  6.71483903e+02 -6.38356439e+01  6.68469638e+02 -7.09882114e+01 -2.71022230e+03  2.19999381e+02 -2.69539928e+03  2.48211930e+02  3.46740331e+03 -8.77831825e+02 
 4.78630092e+09  3.36888514e+03 -1.13697502e+03 -3.19492403e+02  1.66712166e+01  6.71336106e+02 -6.53163807e+01  6.68297700e+02 -7.26370780e+01 -2.71074738e+03  2.25290918e+02 -2.69575654e+03  2.54160199e+02  3.46022749e+03 -8.96606830e+02 
 4.89778819e+09  3.35769515e+03 -1.16071704e+03 -3.19465998e+02  1.70587514e+01  6.71181377e+02 -6.68311266e+01  6.68117664e+02 -7.43239248e+01 -2.71129544e+03  2.30717132e+02 -2.69612878e+03  2.60258154e+02  3.45275783e+03 -9.15724083e+02 
 5.01187234e+09  3.34604909e+03 -1.18485543e+03 -3.19438352e+02  1.74552381e+01  6.71019392e+02 -6.83806404e+01  6.67929146e+02 -7.60496078e+01 -2.71186739e+03  2.36281964e+02 -2.69651651e+03  2.66510069e+02  3.44498314e+03 -9.35186402e+02 
 5.12861384e+09  3.33392975e+03 -1.20939079e+03 -3.19409407e+02  1.78608803e+01  6.70849813e+02 -6.99656964e+01  6.67731749e+02 -7.78150007e+01 -2.71246417e+03  2.41989503e+02 -2.69692027e+03  2.72920375e+02  3.43689185e+03 -9.54996384e+02 
 5.24807460e+09  3.32131940e+03 -1.23432324e+03 -3.19379103e+02  1.82758859e+01  6.70672284e+02 -7.15870839e+01  6.67525053e+02 -7.96209955e+01 -2.71308674e+03  2.47843993e+02 -2.69734061e+03  2.79493660e+02  3.42847201e+03 -9.75156384e+02 
 5.37031796e+09  3.30819977e+03 -1.25965242e+03 -3.19347376e+02  1.87004673e+01  6.70486437e+02 -7.32456083e+01  6.67308622e+02 -8.14685022e+01 -2.71373610e+03  2.53849839e+02 -2.69777806e+03  2.86234683e+02  3.41971128e+03 -9.95668491e+02 
 5.49540874e+09  3.29455199e+03 -1.28537738e+03 -3.19314160e+02  1.91348416e+01  6.70291882e+02 -7.49420906e+01  6.67081996e+02 -8.33584497e+01 -2.71441328e+03  2.60011613e+02 -2.69823319e+03  2.93148375e+02  3.41059697e+03 -1.01653451e+03 
 5.62341325e+09  3.28035668e+03 -1.31149660e+03 -3.19279384e+02  1.95792303e+01  6.70088216e+02 -7.66773678e+01  6.66844697e+02 -8.52917855e+01 -2.71511931e+03  2.66334068e+02 -2.69870654e+03  3.00239853e+02  3.40111595e+03 -1.03775592e+03 
 5.75439937e+09  3.26559387e+03 -1.33800791e+03 -3.19242976e+02  2.00338598e+01  6.69875015e+02 -7.84522933e+01  6.66596222e+02 -8.72694763e+01 -2.71585527e+03  2.72822140e+02 -2.69919866e+03  3.07514427e+02  3.39125473e+03 -1.05933388e+03 
 5.88843655e+09  3.25024305e+03 -1.36490847e+03 -3.19204860e+02  2.04989610e+01  6.69651833e+02 -8.02677364e+01  6.66336046e+02 -8.92925079e+01 -2.71662225e+03  2.79480965e+02 -2.69971010e+03  3.14977608e+02  3.38099943e+03 -1.08126916e+03 
 6.02559586e+09  3.23428315e+03 -1.39219469e+03 -3.19164955e+02  2.09747698e+01  6.69418209e+02 -8.21245831e+01  6.66063616e+02 -9.13618856e+01 -2.71742136e+03  2.86315879e+02 -2.70024141e+03  3.22635119e+02  3.37033576e+03 -1.10356215e+03 
 6.16595002e+09  3.21769255e+03 -1.41986219e+03 -3.19123179e+02  2.14615271e+01  6.69173658e+02 -8.40237357e+01  6.65778359e+02 -9.34786345e+01 -2.71825374e+03  2.93332438e+02 -2.70079311e+03  3.30492904e+02  3.35924907e+03 -1.12621282e+03 
 6.30957344e+09  3.20044910e+03 -1.44790579e+03 -3.19079444e+02  2.19594786e+01  6.68917671e+02 -8.59661135e+01  6.65479669e+02 -9.56437995e+01 -2.71912054e+03  3.00536423e+02 -2.70136573e+03  3.38557140e+02  3.34772431e+03 -1.14922066e+03 
 6.45654229e+09  3.18253015e+03 -1.47631938e+03 -3.19033658e+02  2.24688753e+01  6.68649720e+02 -8.79526521e+01  6.65166915e+02 -9.78584456e+01 -2.72002292e+03  3.07933852e+02 -2.70195978e+03  3.46834248e+02  3.33574603e+03 -1.17258471e+03 
 6.60693448e+09  3.16391250e+03 -1.50509593e+03 -3.18985726e+02  2.29899730e+01  6.68369249e+02 -8.99843041e+01  6.64839436e+02 -1.00123658e+02 -2.72096208e+03  3.15530995e+02 -2.70257572e+03  3.55330903e+02  3.32329846e+03 -1.19630346e+03 
 6.76082975e+09  3.14457249e+03 -1.53422741e+03 -3.18935548e+02  2.35230331e+01  6.68075680e+02 -9.20620388e+01  6.64496540e+02 -1.02440541e+02 -2.72193918e+03  3.23334384e+02 -2.70321403e+03  3.64054050e+02  3.31036542e+03 -1.22037489e+03 
 6.91830971e+09  3.12448600e+03 -1.56370473e+03 -3.18883020e+02  2.40683219e+01  6.67768406e+02 -9.41868424e+01  6.64137501e+02 -1.04810222e+02 -2.72295544e+03  3.31350826e+02 -2.70387512e+03  3.73010915e+02  3.29693041e+03 -1.24479635e+03 
 7.07945784e+09  3.10362845e+03 -1.59351769e+03 -3.18828031e+02  2.46261113e+01  6.67446794e+02 -9.63597179e+01  6.63761562e+02 -1.07233847e+02 -2.72401205e+03  3.39587419e+02 -2.70455938e+03  3.82209017e+02  3.28297658e+03 -1.26956462e+03 
 7.24435960e+09  3.08197488e+03 -1.62365490e+03 -3.18770468e+02  2.51966785e+01  6.67110183e+02 -9.85816852e+01  6.63367928e+02 -1.09712582e+02 -2.72511019e+03  3.48051568e+02 -2.70526715e+03  3.91656187e+02  3.26848678e+03 -1.29467581e+03 
 7.41310241e+09  3.05949996e+03 -1.65410377e+03 -3.18710211e+02  2.57803061e+01  6.66757880e+02 -1.00853781e+02  6.62955768e+02 -1.12247615e+02 -2.72625105e+03  3.56750994e+02 -2.70599871e+03  4.01360578e+02  3.25344354e+03 -1.32012535e+03 
 7.58577575e+09  3.03617799e+03 -1.68485039e+03 -3.18647135e+02  2.63772825e+01  6.66389163e+02 -1.03177057e+02  6.62524211e+02 -1.14840154e+02 -2.72743580e+03  3.65693761e+02 -2.70675428e+03  4.11330685e+02  3.23782913e+03 -1.34590797e+03 
 7.76247117e+09  3.01198305e+03 -1.71587952e+03 -3.18581108e+02  2.69879013e+01  6.66003277e+02 -1.05552585e+02  6.62072347e+02 -1.17491428e+02 -2.72866557e+03  3.74888281e+02 -2.70753402e+03  4.21575359e+02  3.22162555e+03 -1.37201763e+03 
 7.94328235e+09  2.98688892e+03 -1.74717450e+03 -3.18511994e+02  2.76124619e+01  6.65599432e+02 -1.07981450e+02  6.61599222e+02 -1.20202685e+02 -2.72994148e+03  3.84343344e+02 -2.70833799e+03  4.32103827e+02  3.20481458e+03 -1.39844753e+03 
 8.12830516e+09  2.96086924e+03 -1.77871720e+03 -3.18439649e+02  2.82512695e+01  6.65176804e+02 -1.10464754e+02  6.61103840e+02 -1.22975194e+02 -2.73126460e+03  3.94068127e+02 -2.70916616e+03  4.42925706e+02  3.18737781e+03 -1.42519006e+03 
 8.31763771e+09  2.93389752e+03 -1.81048799e+03 -3.18363925e+02  2.89046348e+01  6.64734532e+02 -1.13003614e+02  6.60585155e+02 -1.25810245e+02 -2.73263595e+03  4.04072220e+02 -2.71001839e+03  4.54051026e+02  3.16929665e+03 -1.45223676e+03 
 8.51138038e+09  2.90594721e+03 -1.84246564e+03 -3.18284664e+02  2.95728743e+01  6.64271716e+02 -1.15599165e+02  6.60042074e+02 -1.28709147e+02 -2.73405648e+03  4.14365645e+02 -2.71089443e+03  4.65490248e+02  3.15055241e+03 -1.47957832e+03 
 8.70963590e+09  2.87699176e+03 -1.87462730e+03 -3.18201704e+02  3.02563104e+01  6.63787418e+02 -1.18252555e+02  6.59473454e+02 -1.31673228e+02 -2.73552707e+03  4.24958875e+02 -2.71179387e+03  4.77254284e+02  3.13112627e+03 -1.50720452e+03 
 8.91250938e+09  2.84700475e+03 -1.90694843e+03 -3.18114872e+02  3.09552712e+01  6.63280656e+02 -1.20964948e+02  6.58878098e+02 -1.34703837e+02 -2.73704852e+03  4.35862862e+02 -2.71271614e+03  4.89354521e+02  3.11099938e+03 -1.53510423e+03 
 9.12010839e+09  2.81595988e+03 -1.93940278e+03 -3.18023991e+02  3.16700906e+01  6.62750407e+02 -1.23737521e+02  6.58254754e+02 -1.37802341e+02 -2.73862152e+03  4.47089058e+02 -2.71366053e+03  5.01802840e+02  3.09015288e+03 -1.56326536e+03 
 9.33254301e+09  2.78383113e+03 -1.97196232e+03 -3.17928873e+02  3.24011085e+01  6.62195601e+02 -1.26571466e+02  6.57602111e+02 -1.40970123e+02 -2.74024663e+03  4.58649437e+02 -2.71462608e+03  5.14611641e+02  3.06856794e+03 -1.59167488e+03 
 9.54992586e+09  2.75059282e+03 -2.00459720e+03 -3.17829323e+02  3.31486704e+01  6.61615125e+02 -1.29467987e+02  6.56918797e+02 -1.44208587e+02 -2.74192427e+03  4.70556525e+02 -2.71561165e+03  5.27793866e+02  3.04622583e+03 -1.62031877e+03 
 9.77237221e+09  2.71621972e+03 -2.03727572e+03 -3.17725139e+02  3.39131277e+01  6.61007812e+02 -1.32428303e+02  6.56203378e+02 -1.47519153e+02 -2.74365471e+03  4.82823425e+02 -2.71661583e+03  5.41363024e+02  3.02310794e+03 -1.64918201e+03 
 1.00000000e+10  2.68068712e+03 -2.06996432e+03 -3.17616105e+02  3.46948377e+01  6.60372450e+02 -1.35453641e+02  6.55454354e+02 -1.50903256e+02 -2.74543802e+03  4.95463844e+02 -2.71763694e+03  5.55333216e+02  2.99919584e+03 -1.67824859e+03 
 1.02329299e+10  2.64397098e+03 -2.10262753e+03 -3.17502000e+02  3.54941634e+01  6.59707771e+02 -1.38545242e+02  6.54670154e+02 -1.54362347e+02 -2.74727406e+03  5.08492122e+02 -2.71867299e+03  5.69719163e+02  2.97447136e+03 -1.70750147e+03 
 1.04712855e+10  2.60604799e+03 -2.13522793e+03 -3.17382592e+02  3.63114737e+01  6.59012454e+02 -1.41704357e+02  6.53849136e+02 -1.57897892e+02 -2.74916246e+03  5.21923263e+02 -2.71972165e+03  5.84536229e+02  2.94891662e+03 -1.73692261e+03 
 1.07151931e+10  2.56689571e+03 -2.16772619e+03 -3.17257637e+02  3.71471428e+01  6.58285122e+02 -1.44932243e+02  6.52989582e+02 -1.61511369e+02 -2.75110256e+03  5.35772963e+02 -2.72078021e+03  5.99800452e+02  2.92251407e+03 -1.76649295e+03 
 1.09647820e+10  2.52649270e+03 -2.20008102e+03 -3.17126881e+02  3.80015510e+01  6.57524338e+02 -1.48230169e+02  6.52089696e+02 -1.65204269e+02 -2.75309342e+03  5.50057643e+02 -2.72184556e+03  6.15528570e+02  2.89524660e+03 -1.79619242e+03 
 1.12201845e+10  2.48481860e+03 -2.23224919e+03 -3.16990060e+02  3.88750838e+01  6.56728605e+02 -1.51599406e+02  6.51147600e+02 -1.68978093e+02 -2.75513374e+03  5.64794483e+02 -2.72291410e+03  6.31738048e+02  2.86709753e+03 -1.82599995e+03 
 1.14815362e+10  2.44185429e+03 -2.26418554e+03 -3.16846898e+02  3.97681322e+01  6.55896364e+02 -1.55041235e+02  6.50161328e+02 -1.72834350e+02 -2.75722183e+03  5.80001452e+02 -2.72398174e+03  6.48447110e+02  2.83805071e+03 -1.85589349e+03 
 1.17489755e+10  2.39758196e+03 -2.29584295e+03 -3.16697105e+02  4.06810927e+01  6.55025989e+02 -1.58556938e+02  6.49128828e+02 -1.76774558e+02 -2.75935559e+03  5.95697341e+02 -2.72504383e+03  6.65674764e+02  2.80809059e+03 -1.88585004e+03 
 1.20226443e+10  2.35198530e+03 -2.32717244e+03 -3.16540380e+02  4.16143668e+01  6.54115789e+02 -1.62147799e+02  6.48047953e+02 -1.80800239e+02 -2.76153244e+03  6.11901800e+02 -2.72609509e+03  6.83440832e+02  2.77720219e+03 -1.91584564e+03 
 1.23026877e+10  2.30504958e+03 -2.35812314e+03 -3.16376408e+02  4.25683612e+01  6.53164001e+02 -1.65815104e+02  6.46916459e+02 -1.84912919e+02 -2.76374925e+03  6.28635374e+02 -2.72712957e+03  7.01765979e+02  2.74537128e+03 -1.94585544e+03 
 1.25892541e+10  2.25676179e+03 -2.38864234e+03 -3.16204863e+02  4.35434873e+01  6.52168791e+02 -1.69560138e+02  6.45732001e+02 -1.89114123e+02 -2.76600234e+03  6.45919531e+02 -2.72814059e+03  7.20671740e+02  2.71258430e+03 -1.97585370e+03 
 1.28824955e+10  2.20711075e+03 -2.41867556e+03 -3.16025400e+02  4.45401614e+01  6.51128251e+02 -1.73384181e+02  6.44492129e+02 -1.93405376e+02 -2.76828734e+03  6.63776703e+02 -2.72912064e+03  7.40180546e+02  2.67882849e+03 -2.00581385e+03 
 1.31825674e+10  2.15608725e+03 -2.44816659e+03 -3.15837664e+02  4.55588041e+01  6.50040396e+02 -1.77288509e+02  6.43194284e+02 -1.97788197e+02 -2.77059920e+03  6.82230320e+02 -2.73006132e+03  7.60315754e+02  2.64409191e+03 -2.03570855e+03 
 1.34896288e+10  2.10368415e+03 -2.47705755e+03 -3.15641282e+02  4.65998402e+01  6.48903162e+02 -1.81274388e+02  6.41835792e+02 -2.02264098e+02 -2.77293207e+03  7.01304842e+02 -2.73095327e+03  7.81101665e+02  2.60836347e+03 -2.06550970e+03 
 1.38038426e+10  2.04989652e+03 -2.50528894e+03 -3.15435865e+02  4.76636986e+01  6.47714402e+02 -1.85343077e+02  6.40413862e+02 -2.06834579e+02 -2.77527920e+03  7.21025793e+02 -2.73178606e+03  8.02563555e+02  2.57163296e+03 -2.09518850e+03 
 1.41253754e+10  1.99472174e+03 -2.53279979e+03 -3.15221008e+02  4.87508117e+01  6.46471888e+02 -1.89495819e+02  6.38925578e+02 -2.11501126e+02 -2.77763294e+03  7.41419794e+02 -2.73254812e+03  8.24727691e+02  2.53389111e+03 -2.12471555e+03 
 1.44543977e+10  1.93815959e+03 -2.55952766e+03 -3.14996291e+02  4.98616152e+01  6.45173303e+02 -1.93733843e+02  6.37367898e+02 -2.16265207e+02 -2.77998456e+03  7.62514597e+02 -2.73322660e+03  8.47621348e+02  2.49512956e+03 -2.15406085e+03 
 1.47910839e+10  1.88021240e+03 -2.58540878e+03 -3.14761273e+02  5.09965479e+01  6.43816244e+02 -1.98058358e+02  6.35737646e+02 -2.21128263e+02 -2.78232418e+03  7.84339109e+02 -2.73380729e+03  8.71272830e+02  2.45534091e+03 -2.18319389e+03 
 1.51356125e+10  1.82088511e+03 -2.61037814e+03 -3.14515497e+02  5.21560510e+01  6.42398216e+02 -2.02470552e+02  6.34031511e+02 -2.26091710e+02 -2.78464070e+03  8.06923423e+02 -2.73427450e+03  8.95711474e+02  2.41451872e+03 -2.21208371e+03 
 1.54881662e+10  1.76018536e+03 -2.63436960e+03 -3.14258485e+02  5.33405679e+01  6.40916631e+02 -2.06971587e+02  6.32246037e+02 -2.31156931e+02 -2.78692163e+03  8.30298843e+02 -2.73461093e+03  9.20967664e+02  2.37265751e+03 -2.24069896e+03 
 1.58489319e+10  1.69812363e+03 -2.65731598e+03 -3.13989741e+02  5.45505433e+01  6.39368808e+02 -2.11562596e+02  6.30377622e+02 -2.36325268e+02 -2.78915300e+03  8.54497900e+02 -2.73479754e+03  9.47072829e+02  2.32975273e+03 -2.26900796e+03 
 1.62181010e+10  1.63471324e+03 -2.67914916e+03 -3.13708749e+02  5.57864235e+01  6.37751966e+02 -2.16244678e+02  6.28422513e+02 -2.41598020e+02 -2.79131922e+03  8.79554376e+02 -2.73481340e+03  9.74059440e+02  2.28580080e+03 -2.29697878e+03 
 1.65958691e+10  1.56997051e+03 -2.69980025e+03 -3.13414970e+02  5.70486550e+01  6.36063229e+02 -2.21018896e+02  6.26376799e+02 -2.46976433e+02 -2.79340295e+03  9.05503311e+02 -2.73463555e+03  1.00196100e+03  2.24079902e+03 -2.32457926e+03 
 1.69824365e+10  1.50391475e+03 -2.71919965e+03 -3.13107846e+02  5.83376842e+01  6.34299617e+02 -2.25886272e+02  6.24236405e+02 -2.52461696e+02 -2.79538496e+03  9.32381015e+02 -2.73423885e+03  1.03081202e+03  2.19474558e+03 -2.35177710e+03 
 1.73780083e+10  1.43656839e+03 -2.73727719e+03 -3.12786794e+02  5.96539569e+01  6.32458051e+02 -2.30847782e+02  6.21997092e+02 -2.58054932e+02 -2.79724392e+03  9.60225064e+02 -2.73359576e+03  1.06064801e+03  2.14763950e+03 -2.37853992e+03 
 1.77827941e+10  1.36795699e+03 -2.75396225e+03 -3.12451210e+02  6.09979174e+01  6.30535348e+02 -2.35904350e+02  6.19654449e+02 -2.63757188e+02 -2.79895631e+03  9.89074297e+02 -2.73267625e+03  1.09150543e+03  2.09948059e+03 -2.40483526e+03 
 1.81970086e+10  1.29810931e+03 -2.76918390e+03 -3.12100466e+02  6.23700076e+01  6.28528219e+02 -2.41056848e+02  6.17203886e+02 -2.69569432e+02 -2.80049620e+03  1.01896880e+03 -2.73144754e+03  1.12342163e+03  2.05026940e+03 -2.43063068e+03 
 1.86208714e+10  1.22705738e+03 -2.78287096e+03 -3.11733909e+02  6.37706665e+01  6.26433272e+02 -2.46306086e+02  6.14640636e+02 -2.75492537e+02 -2.80183505e+03  1.04994990e+03 -2.72987394e+03  1.15643482e+03  2.00000715e+03 -2.45589374e+03 
 1.90546072e+10  1.15483649e+03 -2.79495218e+03 -3.11350861e+02  6.52003291e+01  6.24247008e+02 -2.51652808e+02  6.11959744e+02 -2.81527275e+02 -2.80294156e+03  1.08206009e+03 -2.72791664e+03  1.19058397e+03  1.94869565e+03 -2.48059206e+03 
 1.94984460e+10  1.08148528e+03 -2.80535634e+03 -3.10950620e+02  6.66594255e+01  6.21965825e+02 -2.57097688e+02  6.09156069e+02 -2.87674308e+02 -2.80378142e+03  1.11534304e+03 -2.72553349e+03  1.22590877e+03  1.89633727e+03 -2.50469334e+03 
 1.99526231e+10  1.00704576e+03 -2.81401232e+03 -3.10532455e+02  6.81483798e+01  6.19586011e+02 -2.62641326e+02  6.06224274e+02 -2.93934172e+02 -2.80431714e+03  1.14984349e+03 -2.72267878e+03  1.26244946e+03  1.84293481e+03 -2.52816532e+03 
 2.04173794e+10  9.31563353e+02 -2.82084931e+03 -3.10095609e+02  6.96676092e+01  6.17103753e+02 -2.68284237e+02  6.03158830e+02 -3.00307269e+02 -2.80450779e+03  1.18560722e+03 -2.71930306e+03  1.30024676e+03  1.78849145e+03 -2.55097583e+03 
 2.08929613e+10  8.55086916e+02 -2.82579682e+03 -3.09639300e+02  7.12175225e+01  6.14515132e+02 -2.74026851e+02  5.99954008e+02 -3.06793854e+02 -2.80430878e+03  1.22268095e+03 -2.71535281e+03  1.33934174e+03  1.73301065e+03 -2.57309275e+03 
 2.13796209e+10  7.77668806e+02 -2.82878486e+03 -3.09162715e+02  7.27985193e+01  6.11816127e+02 -2.79869506e+02  5.96603879e+02 -3.13394022e+02 -2.80367163e+03  1.26111224e+03 -2.71077029e+03  1.37977562e+03  1.67649610e+03 -2.59448397e+03 
 2.18776162e+10  6.99364901e+02 -2.82974404e+03 -3.08665014e+02  7.44109884e+01  6.09002616e+02 -2.85812439e+02  5.93102313e+02 -3.20107694e+02 -2.80254368e+03  1.30094937e+03 -2.70549326e+03  1.42158963e+03  1.61895159e+03 -2.61511740e+03 
 2.23872114e+10  6.20234652e+02 -2.82860567e+03 -3.08145326e+02  7.60553066e+01  6.06070381e+02 -2.91855788e+02  5.89442976e+02 -3.26934602e+02 -2.80086792e+03  1.34224122e+03 -2.69945473e+03  1.46482478e+03  1.56038098e+03 -2.63496084e+03 
 2.29086765e+10  5.40341125e+02 -2.82530191e+03 -3.07602753e+02  7.77318369e+01  6.03015110e+02 -2.97999579e+02  5.85619332e+02 -3.33874275e+02 -2.79858262e+03  1.38503708e+03 -2.69258270e+03  1.50952168e+03  1.50078806e+03 -2.65398201e+03 
 2.34422882e+10  4.59751053e+02 -2.81976585e+03 -3.07036366e+02  7.94409275e+01  5.99832397e+02 -3.04243725e+02  5.81624646e+02 -3.40926025e+02 -2.79562116e+03  1.42938654e+03 -2.68479994e+03  1.55572024e+03  1.44017653e+03 -2.67214840e+03 
 2.39883292e+10  3.78534889e+02 -2.81193167e+03 -3.06445205e+02  8.11829097e+01  5.96517755e+02 -3.10588022e+02  5.77451982e+02 -3.48088929e+02 -2.79191170e+03  1.47533923e+03 -2.67602370e+03  1.60345941e+03  1.37854992e+03 -2.68942722e+03 
 2.45470892e+10  2.96766867e+02 -2.80173477e+03 -3.05828281e+02  8.29580964e+01  5.93066613e+02 -3.17032142e+02  5.73094209e+02 -3.55361814e+02 -2.78737692e+03  1.52294462e+03 -2.66616552e+03  1.65277691e+03  1.31591150e+03 -2.70578532e+03 
 2.51188643e+10  2.14525054e+02 -2.78911189e+03 -3.05184574e+02  8.47667803e+01  5.89474329e+02 -3.23575634e+02  5.68544005e+02 -3.62743241e+02 -2.78193378e+03  1.57225182e+03 -2.65513092e+03  1.70370884e+03  1.25226427e+03 -2.72118905e+03 
 2.57039578e+10  1.31891422e+02 -2.77400133e+03 -3.04513032e+02  8.66092320e+01  5.85736192e+02 -3.30217917e+02  5.63793862e+02 -3.70231487e+02 -2.77549318e+03  1.62330926e+03 -2.64281921e+03  1.75628939e+03  1.18761087e+03 -2.73560417e+03 
 2.63026799e+10  4.89519053e+01 -2.75634303e+03 -3.03812576e+02  8.84856983e+01  5.81847433e+02 -3.36958281e+02  5.58836095e+02 -3.77824530e+02 -2.76795978e+03  1.67616443e+03 -2.62912326e+03  1.81055041e+03  1.12195358e+03 -2.74899575e+03 
 2.69153480e+10 -3.42035339e+01 -2.73607884e+03 -3.03082094e+02  9.03963996e+01  5.77803230e+02 -3.43795885e+02  5.53662851e+02 -3.85520034e+02 -2.75923164e+03  1.73086357e+03 -2.61392930e+03  1.86652100e+03  1.05529427e+03 -2.76132802e+03 
 2.75422870e+10 -1.17480849e+02 -2.71315267e+03 -3.02320444e+02  9.23415285e+01  5.73598724e+02 -3.50729758e+02  5.48266119e+02 -3.93315329e+02 -2.74920003e+03  1.78745134e+03 -2.59711668e+03  1.92422708e+03  9.87634402e+02 -2.77256424e+03 
 2.81838293e+10 -2.00781854e+02 -2.68751073e+03 -3.01526454e+02  9.43212473e+01  5.69229022e+02 -3.57758801e+02  5.42637742e+02 -4.01207399e+02 -2.73774916e+03  1.84597046e+03 -2.57855775e+03  1.98369095e+03  9.18974987e+02 -2.78266660e+03 
 2.88403150e+10 -2.84004184e+02 -2.65910175e+03 -3.00698927e+02  9.63356858e+01  5.64689212e+02 -3.64881793e+02  5.36769433e+02 -4.09192866e+02 -2.72475590e+03  1.90646133e+03 -2.55811765e+03  2.04493074e+03  8.49316622e+02 -2.79159607e+03 
 2.95120923e+10 -3.67041261e+02 -2.62787728e+03 -2.99836632e+02  9.83849391e+01  5.59974375e+02 -3.72097394e+02  5.30652790e+02 -4.17267981e+02 -2.71008963e+03  1.96896168e+03 -2.53565421e+03  2.10795999e+03  7.78659471e+02 -2.79931229e+03 
 3.01995172e+10 -4.49782290e+02 -2.59379193e+03 -2.98938317e+02  1.00469065e+02  5.55079596e+02 -3.79404156e+02  5.24279314e+02 -4.25428606e+02 -2.69361191e+03  2.03350613e+03 -2.51101782e+03  2.17278702e+03  7.07003287e+02 -2.80577341e+03 
 3.09029543e+10 -5.32112260e+02 -2.55680368e+03 -2.98002700e+02  1.02588083e+02  5.49999976e+02 -3.86800532e+02  5.17640432e+02 -4.33670210e+02 -2.67517638e+03  2.10012576e+03 -2.48405136e+03  2.23941448e+03  6.34347417e+02 -2.81093602e+03 
 3.16227766e+10 -6.13911993e+02 -2.51687421e+03 -2.97028476e+02  1.04741970e+02  5.44730650e+02 -3.94284893e+02  5.10727515e+02 -4.41987858e+02 -2.65462849e+03  2.16884776e+03 -2.45459009e+03  2.30783878e+03  5.60690817e+02 -2.81475501e+03 
 3.23593657e+10 -6.95058210e+02 -2.47396919e+03 -2.96014319e+02  1.06930659e+02  5.39266793e+02 -4.01855543e+02  5.03531902e+02 -4.50376213e+02 -2.63180533e+03  2.23969493e+03 -2.42246168e+03  2.37804950e+03  4.86032060e+02 -2.81718344e+03 
 3.31131121e+10 -7.75423644e+02 -2.42805869e+03 -2.94958879e+02  1.09154036e+02  5.33603640e+02 -4.09510745e+02  4.96044929e+02 -4.58829527e+02 -2.60653549e+03  2.31268534e+03 -2.38748612e+03  2.45002890e+03  4.10369339e+02 -2.81817249e+03 
 3.38844156e+10 -8.54877193e+02 -2.37911745e+03 -2.93860793e+02  1.11411941e+02  5.27736494e+02 -4.17248741e+02  4.88257951e+02 -4.67341653e+02 -2.57863881e+03  2.38783184e+03 -2.34947579e+03  2.52375133e+03  3.33700448e+02 -2.81767130e+03 
 3.46736850e+10 -9.33284124e+02 -2.32712527e+03 -2.92718677e+02  1.13704161e+02  5.21660742e+02 -4.25067790e+02  4.80162371e+02 -4.75906049e+02 -2.54792628e+03  2.46514178e+03 -2.30823542e+03  2.59918276e+03  2.56022755e+02 -2.81562692e+03 
 3.54813389e+10 -1.01050633e+03 -2.27206733e+03 -2.91531137e+02  1.16030431e+02  5.15371862e+02 -4.32966199e+02  4.71749669e+02 -4.84515790e+02 -2.51419979e+03  2.54461656e+03 -2.26356214e+03  2.67628026e+03  1.77333144e+02 -2.81198421e+03 
 3.63078055e+10 -1.08640264e+03 -2.21393453e+03 -2.90296771e+02  1.18390431e+02  5.08865435e+02 -4.40942369e+02  4.63011426e+02 -4.93163593e+02 -2.47725198e+03  2.62625136e+03 -2.21524550e+03  2.75499154e+03  9.76279247e+01 -2.80668575e+03 
 3.71535229e+10 -1.16082920e+03 -2.15272373e+03 -2.89014169e+02  1.20783785e+02  5.02137151e+02 -4.48994843e+02  4.53939357e+02 -5.01841840e+02 -2.43686592e+03  2.71003488e+03 -2.16306745e+03  2.83525456e+03  1.69027026e+01 -2.79967171e+03 
 3.80189396e+10 -1.23363990e+03 -2.08843805e+03 -2.87681921e+02  1.23210060e+02  4.95182812e+02 -4.57122363e+02  4.44525326e+02 -5.10542613e+02 -2.39281488e+03  2.79594908e+03 -2.10680229e+03  2.91699713e+03 -6.48477982e+01 -2.79087982e+03 
 3.89045145e+10 -1.30468689e+03 -2.02108701e+03 -2.86298619e+02  1.25668763e+02  4.87998332e+02 -4.65323935e+02  4.34761381e+02 -5.19257740e+02 -2.34486194e+03  2.88396903e+03 -2.04621663e+03  3.00013661e+03 -1.47629973e+02 -2.78024513e+03 
 3.98107171e+10 -1.37382112e+03 -1.95068667e+03 -2.84862864e+02  1.28159342e+02  4.80579733e+02 -4.73598901e+02  4.24639762e+02 -5.27978841e+02 -2.29275948e+03  2.97406289e+03 -1.98106913e+03  3.08457971e+03 -2.31451645e+02 -2.76769997e+03 
 4.07380278e+10 -1.44089296e+03 -1.87725966e+03 -2.83373269e+02  1.30681182e+02  4.72923132e+02 -4.81947027e+02  4.14152920e+02 -5.36697395e+02 -2.23624861e+03  3.06619185e+03 -1.91111026e+03  3.17022226e+03 -3.16322451e+02 -2.75317366e+03 
 4.16869383e+10 -1.50575289e+03 -1.80083505e+03 -2.81828468e+02  1.33233611e+02  4.65024725e+02 -4.90368591e+02  4.03293518e+02 -5.45404812e+02 -2.17505836e+03  3.16031021e+03 -1.83608182e+03  3.25694912e+03 -4.02254322e+02 -2.73659230e+03 
 4.26579519e+10 -1.56825216e+03 -1.72144819e+03 -2.80227119e+02  1.35815897e+02  4.56880759e+02 -4.98864490e+02  3.92054436e+02 -5.54092519e+02 -2.10890463e+03  3.25636563e+03 -1.75571627e+03  3.34463419e+03 -4.89262071e+02 -2.71787839e+03 
 4.36515832e+10 -1.62824356e+03 -1.63914026e+03 -2.78567912e+02  1.38427248e+02  4.48487495e+02 -5.07436363e+02  3.80428748e+02 -5.62752054e+02 -2.03748895e+03  3.35429934e+03 -1.66973584e+03  3.43314037e+03 -5.77364098e+02 -2.69695044e+03 
 4.46683592e+10 -1.68558214e+03 -1.55395778e+03 -2.76849576e+02  1.41066816e+02  4.39841158e+02 -5.16086715e+02  3.68409701e+02 -5.71375179e+02 -1.96049674e+03  3.45404651e+03 -1.57785127e+03  3.52231964e+03 -6.66583229e+02 -2.67372237e+03 
 4.57088190e+10 -1.74012596e+03 -1.46595180e+03 -2.75070889e+02  1.43733702e+02  4.30937875e+02 -5.24819071e+02  3.55990665e+02 -5.79954005e+02 -1.87759529e+03  3.55553669e+03 -1.47976013e+03  3.61201319e+03 -7.56947709e+02 -2.64810275e+03 
 4.67735141e+10 -1.79173675e+03 -1.37517692e+03 -2.73230682e+02  1.46426954e+02  4.21773589e+02 -5.33638133e+02  3.43165073e+02 -5.88481130e+02 -1.78843101e+03  3.65869429e+03 -1.37514476e+03  3.70205146e+03 -8.48492355e+02 -2.61999390e+03 
 4.78630092e+10 -1.84028053e+03 -1.28169005e+03 -2.71327849e+02  1.49145578e+02  4.12343963e+02 -5.42549970e+02  3.29926329e+02 -5.96949791e+02 -1.69262620e+03  3.76343907e+03 -1.26366945e+03  3.79225419e+03 -9.41259897e+02 -2.58929062e+03 
 4.89778819e+10 -1.88562808e+03 -1.18554883e+03 -2.69361356e+02  1.51888539e+02  4.02644256e+02 -5.51562211e+02  3.16267694e+02 -6.05354040e+02 -1.58977493e+03  3.86968667e+03 -1.14497705e+03  3.88243027e+03 -1.03530251e+03 -2.55587871e+03 
 5.01187234e+10 -1.92765532e+03 -1.08680980e+03 -2.67330251e+02  1.54654775e+02  3.92669162e+02 -5.60684278e+02  3.02182131e+02 -6.13688921e+02 -1.47943792e+03  3.97734899e+03 -1.01868463e+03  3.97237750e+03 -1.13068357e+03 -2.51963297e+03 
 5.12861384e+10 -1.96624334e+03 -9.85526121e+02 -2.65233671e+02  1.57443197e+02  3.82412634e+02 -5.69927632e+02  2.87662120e+02 -6.21950678e+02 -1.36113634e+03  4.08633441e+03 -8.84378147e+02  4.06188185e+03 -1.22747964e+03 -2.48041480e+03 
 5.24807460e+10 -2.00127827e+03 -8.81745015e+02 -2.63070853e+02  1.60252711e+02  3.71867657e+02 -5.79306051e+02  2.72699419e+02 -6.30136973e+02 -1.23434414e+03  4.19654772e+03 -7.41605851e+02  4.15071646e+03 -1.32578270e+03 -2.43806913e+03 
 5.37031796e+10 -2.03265064e+03 -7.75504685e+02 -2.60841142e+02  1.63082219e+02  3.61025974e+02 -5.88835943e+02  2.57284775e+02 -6.38247120e+02 -1.09847871e+03  4.30788966e+03 -5.89870297e+02  4.23863973e+03 -1.42570266e+03 -2.39242063e+03 
 5.49540874e+10 -2.06025436e+03 -6.66830804e+02 -2.58544000e+02  1.65930645e+02  3.49877770e+02 -5.98536694e+02  2.41407569e+02 -6.46282335e+02 -9.52889480e+02  4.42025563e+03 -4.28618575e+02  4.32539263e+03 -1.52737007e+03 -2.34326890e+03 
 5.62341325e+10 -2.08398499e+03 -5.55732478e+02 -2.56179019e+02  1.68796941e+02  3.38411275e+02 -6.08431057e+02  2.25055385e+02 -6.54246010e+02 -7.96844116e+02  4.53353364e+03 -2.57230514e+02  4.41069470e+03 -1.63093922e+03 -2.29038265e+03 
 5.75439937e+10 -2.10373730e+03 -4.42197645e+02 -2.53745923e+02  1.71680118e+02  3.26612301e+02 -6.18545592e+02  2.08213497e+02 -6.62143995e+02 -6.29511683e+02  4.64760071e+03 -7.50044564e+01  4.49423825e+03 -1.73659140e+03 -2.23349232e+03 
 5.88843655e+10 -2.11940185e+03 -3.26187841e+02 -2.51244579e+02  1.74579258e+02  3.14463679e+02 -6.28911162e+02  1.90864238e+02 -6.69984900e+02 -4.49942283e+02  4.76231749e+03  1.18859857e+02  4.57568035e+03 -1.84453841e+03 -2.17228090e+03 
 6.02559586e+10 -2.13086027e+03 -2.07632281e+02 -2.48675007e+02  1.77493548e+02  3.01944578e+02 -6.39563498e+02  1.72986254e+02 -6.77780417e+02 -2.57042338e+02  4.87752028e+03  3.25281814e+02  4.65463161e+03 -1.95502626e+03 -2.10637263e+03 
 6.16595002e+10 -2.13797906e+03 -8.64211942e+01 -2.46037380e+02  1.80422300e+02  2.89029684e+02 -6.50543839e+02  1.54553598e+02 -6.85545648e+02 -4.95446217e+01  4.99300943e+03  5.45324521e+02  4.73064090e+03 -2.06833895e+03 -2.03531874e+03 
 6.30957344e+10 -2.14060139e+03  3.76016711e+01 -2.43332032e+02  1.83364993e+02  2.75688204e+02 -6.61899670e+02  1.35534643e+02 -6.93299454e+02  1.74028091e+02  5.10853278e+03  7.80224192e+02  4.80317450e+03 -2.18480206e+03 -1.95857973e+03 
 6.45654229e+10 -2.13853634e+03  1.64647412e+02 -2.40559459e+02  1.86321300e+02  2.61882641e+02 -6.73685559e+02  1.15890770e+02 -7.01064809e+02  4.15407129e+02  5.22376250e+03  1.03142522e+03  4.87158783e+03 -2.30478597e+03 -1.87550301e+03 
 6.60693448e+10 -2.13154488e+03  2.94991259e+02 -2.37720323e+02  1.89291134e+02  2.47567300e+02 -6.85964140e+02  9.55747719e+01 -7.08869161e+02  6.76631436e+02  5.33826244e+03  1.30062189e+03  4.93508715e+03 -2.42870823e+03 -1.78529489e+03 
 6.76082975e+10 -2.11932156e+03  4.28982759e+02 -2.34815441e+02  1.92274690e+02  2.32686430e+02 -6.98807229e+02  7.45289133e+01 -7.16744791e+02  9.60112493e+02  5.45144270e+03  1.58980792e+03  4.99267775e+03 -2.55703416e+03 -1.68698506e+03 
 6.91830971e+10 -2.10147062e+03  5.67056770e+02 -2.31845789e+02  1.95272498e+02  2.17171911e+02 -7.12297139e+02  5.26825551e+01 -7.24729149e+02  1.26871296e+03  5.56249634e+03  1.90133474e+03  5.04309380e+03 -2.69027482e+03 -1.57938160e+03 
 7.07945784e+10 -2.07747470e+03  7.09744957e+02 -2.28812487e+02  1.98285475e+02  2.00940361e+02 -7.26528186e+02  2.99492230e+01 -7.32865153e+02  1.60584165e+03  5.67031100e+03  2.23797977e+03  5.08470295e+03 -2.82898018e+03 -1.46101367e+03 
 7.24435960e+10 -2.04665368e+03  8.57687216e+02 -2.25716785e+02  2.01314985e+02  1.83889456e+02 -7.41608458e+02  6.22296893e+00 -7.41201418e+02  1.97556768e+03  5.77334552e+03  2.60302506e+03  5.11537646e+03 -2.97372489e+03 -1.33005828e+03 
 7.41310241e+10 -2.00811030e+03  1.01164186e+03 -2.22560047e+02  2.04362914e+02  1.65893249e+02 -7.57661841e+02 -1.86261819e+01 -7.49792337e+02  2.38275627e+03  5.86945706e+03  3.00034590e+03  5.13231154e+03 -3.12508210e+03 -1.18424659e+03 
 7.58577575e+10 -1.96065810e+03  1.17249248e+03 -2.19343721e+02  2.07431735e+02  1.46796126e+02 -7.74830362e+02 -4.47579771e+01 -7.58697949e+02  2.83322778e+03  5.95565783e+03  3.43450696e+03  5.13178730e+03 -3.28357839e+03 -1.02074368e+03 
 7.76247117e+10 -1.90272543e+03  1.34124777e+03 -2.16069308e+02  2.10524599e+02  1.26404950e+02 -7.93276848e+02 -7.23692493e+01 -7.67983430e+02  3.33393889e+03  6.02777177e+03  3.91085936e+03  5.10882833e+03 -3.44961898e+03 -8.35994589e+02 
 7.94328235e+10 -1.83222736e+03  1.51902790e+03 -2.12738322e+02  2.13645423e+02  1.04478737e+02 -8.13187874e+02 -1.01703309e+02 -7.77717970e+02  3.89317910e+03  6.07994790e+03  4.43562457e+03  5.05673916e+03 -3.62336629e+03 -6.25527880e+02 
 8.12830516e+10 -1.74639476e+03  1.70702637e+03 -2.09352234e+02  2.16798990e+02  8.07149484e+01 -8.34776931e+02 -1.33062119e+02 -7.87972664e+02  4.52076410e+03  6.10396864e+03  5.01593760e+03  4.96645871e+03 -3.80454516e+03 -3.83707324e+02 
 8.31763771e+10 -1.64154697e+03  1.90642868e+03 -2.05912412e+02  2.19991066e+02  5.47310921e+01 -8.58287577e+02 -1.66822216e+02 -7.98816796e+02  5.22818511e+03  6.08826516e+03  5.65979690e+03  4.82566514e+03 -3.99213342e+03 -1.03423560e+02 
 8.51138038e+10 -1.51279231e+03  2.11825624e+03 -2.02420038e+02  2.23228522e+02  2.60397606e+01 -8.83996112e+02 -2.03455735e+02 -8.10311501e+02  6.02863113e+03  6.01651702e+03  6.37582512e+03  4.61753888e+03 -4.18387301e+03  2.24276374e+02 
 8.70963590e+10 -1.35364122e+03  2.34308318e+03 -1.98876016e+02  2.26519474e+02 -5.98562662e+00 -9.12212835e+02 -2.43558380e+02 -8.22499139e+02  6.93672273e+03  5.86567194e+03  7.17266850e+03  4.31906965e+03 -4.37550274e+03  6.10606965e+02 
 8.91250938e+10 -1.15552503e+03  2.58054013e+03 -1.95280854e+02  2.29873442e+02 -4.21583559e+01 -9.43280070e+02 -2.87886932e+02 -8.35385579e+02  7.96765652e+03  5.60318050e+03  8.05773216e+03  3.89878406e+03 -4.55956338e+03  1.06945580e+03 
 9.12010839e+10 -9.07240068e+02  2.82846805e+03 -1.91634524e+02  2.33301523e+02 -8.35450774e+01 -9.77563505e+02 -3.37409798e+02 -8.48910655e+02  9.13521358e+03  5.18323120e+03  9.03473191e+03  3.31380802e+03 -4.72356055e+03  1.61765124e+03 
 9.33254301e+10 -5.94404617e+02  3.08151305e+03 -1.87936283e+02  2.36816588e+02 -1.31560159e+02 -1.01543026e+03 -3.93375234e+02 -8.62898619e+02  1.04476764e+04  4.54186624e+03  1.00992023e+04  2.50633856e+03 -4.84720016e+03  2.27478024e+03 
 9.54992586e+10 -1.99166304e+02  3.32886925e+03 -1.84184473e+02  2.40433510e+02 -1.88100136e+02 -1.05720115e+03 -4.57402918e+02 -8.76974378e+02  1.19000650e+04  3.59122984e+03  1.12306166e+04  1.40004514e+03 -4.89838257e+03  3.06193380e+03 
 9.77237221e+10  2.99301461e+02  3.55082731e+03 -1.80376255e+02  2.44169412e+02 -2.55735597e+02 -1.10305305e+03 -5.31604623e+02 -8.90420389e+02  1.34602677e+04  2.21420112e+03  1.23792314e+04 -1.02045938e+02 -4.82778234e+03  3.99821068e+03 
 1.00000000e+11  9.22442342e+02  3.71391099e+03 -1.76507294e+02  2.48043960e+02 -3.37982675e+02 -1.15282491e+03 -6.18736015e+02 -9.01929529e+02  1.50459263e+04  2.62898235e+02  1.34455704e+04 -2.11453947e+03 -4.56244900e+03  5.09299840e+03 
